{"resourceType":"ImplementationGuide","id":"ch.fhir.ig.ch-emed","text":{"status":"extensions","div":"<div xmlns=\"http://www.w3.org/1999/xhtml\"><h2>CH_EMED</h2><p>The official URL for this implementation guide is: </p><pre>http://fhir.ch/ig/ch-emed/ImplementationGuide/ch.fhir.ig.ch-emed</pre><div><p>Implementation Guide for the eMedication in Switzerland.</p>\n</div></div>"},"url":"http://fhir.ch/ig/ch-emed/ImplementationGuide/ch.fhir.ig.ch-emed","version":"4.0.0-ballot","name":"CH_EMED","title":"CH EMED (R4)","status":"active","experimental":false,"date":"2023-06-29","publisher":"HL7 Switzerland","contact":[{"name":"HL7 Switzerland","telecom":[{"system":"url","value":"https://www.hl7.ch/"}]},{"name":"HL7 Switzerland","telecom":[{"system":"url","value":"https://www.hl7.ch/","use":"work"}]}],"description":"Implementation Guide for the eMedication in Switzerland.","jurisdiction":[{"coding":[{"system":"urn:iso:std:iso:3166","code":"CH"}]}],"copyright":"CC0-1.0","packageId":"ch.fhir.ig.ch-emed","license":"CC0-1.0","fhirVersion":["4.0.1"],"dependsOn":[{"id":"hl7ext","extension":[{"url":"http://hl7.org/fhir/tools/StructureDefinition/implementationguide-dependency-comment","valueMarkdown":"Automatically added as a dependency - all IGs depend on the HL7 Extension Pack"}],"uri":"http://hl7.org/fhir/extensions/ImplementationGuide/hl7.fhir.uv.extensions","packageId":"hl7.fhir.uv.extensions.r4","version":"1.0.0"},{"id":"ch_fhir_ig_ch_core","uri":"http://fhir.ch/ig/ch-core/ImplementationGuide/ch.fhir.ig.ch-core","packageId":"ch.fhir.ig.ch-core","version":"4.0.0-ballot"},{"id":"ch_fhir_ig_ch_epr_term","uri":"http://fhir.ch/ig/ch-epr-term/ImplementationGuide/ch.fhir.ig.ch-epr-term","packageId":"ch.fhir.ig.ch-epr-term","version":"2.0.9"},{"id":"hl7_terminology","uri":"http://terminology.hl7.org/ImplementationGuide/hl7.terminology","packageId":"hl7.terminology","version":"5.1.0"}],"definition":{"extension":[{"extension":[{"url":"code","valueString":"copyrightyear"},{"url":"value","valueString":"2020+"}],"url":"http://hl7.org/fhir/tools/StructureDefinition/ig-parameter"},{"extension":[{"url":"code","valueString":"releaselabel"},{"url":"value","valueString":"ballot"}],"url":"http://hl7.org/fhir/tools/StructureDefinition/ig-parameter"},{"extension":[{"url":"code","valueString":"excludettl"},{"url":"value","valueString":"true"}],"url":"http://hl7.org/fhir/tools/StructureDefinition/ig-parameter"},{"extension":[{"url":"code","valueString":"special-url"},{"url":"value","valueString":"urn:oid:0.4.0.127.0.16.1.1.2.1"}],"url":"http://hl7.org/fhir/tools/StructureDefinition/ig-parameter"},{"extension":[{"url":"code","valueString":"special-url"},{"url":"value","valueString":"urn:oid:1.3.6.1.4.1.19376.1.9.2.1"}],"url":"http://hl7.org/fhir/tools/StructureDefinition/ig-parameter"},{"extension":[{"url":"code","valueString":"allow-extensible-warnings"},{"url":"value","valueString":"true"}],"url":"http://hl7.org/fhir/tools/StructureDefinition/ig-parameter"},{"extension":[{"url":"code","valueString":"display-warnings"},{"url":"value","valueString":"true"}],"url":"http://hl7.org/fhir/tools/StructureDefinition/ig-parameter"},{"extension":[{"url":"code","valueString":"autoload-resources"},{"url":"value","valueString":"true"}],"url":"http://hl7.org/fhir/tools/StructureDefinition/ig-parameter"},{"extension":[{"url":"code","valueString":"path-liquid"},{"url":"value","valueString":"template/liquid"}],"url":"http://hl7.org/fhir/tools/StructureDefinition/ig-parameter"},{"extension":[{"url":"code","valueString":"path-liquid"},{"url":"value","valueString":"input/liquid"}],"url":"http://hl7.org/fhir/tools/StructureDefinition/ig-parameter"},{"extension":[{"url":"code","valueString":"path-qa"},{"url":"value","valueString":"temp/qa"}],"url":"http://hl7.org/fhir/tools/StructureDefinition/ig-parameter"},{"extension":[{"url":"code","valueString":"path-temp"},{"url":"value","valueString":"temp/pages"}],"url":"http://hl7.org/fhir/tools/StructureDefinition/ig-parameter"},{"extension":[{"url":"code","valueString":"path-output"},{"url":"value","valueString":"output"}],"url":"http://hl7.org/fhir/tools/StructureDefinition/ig-parameter"},{"extension":[{"url":"code","valueString":"path-suppressed-warnings"},{"url":"value","valueString":"input/ignoreWarnings.txt"}],"url":"http://hl7.org/fhir/tools/StructureDefinition/ig-parameter"},{"extension":[{"url":"code","valueString":"path-history"},{"url":"value","valueString":"http://fhir.ch/ig/ch-emed/history.html"}],"url":"http://hl7.org/fhir/tools/StructureDefinition/ig-parameter"},{"extension":[{"url":"code","valueString":"template-html"},{"url":"value","valueString":"template-page.html"}],"url":"http://hl7.org/fhir/tools/StructureDefinition/ig-parameter"},{"extension":[{"url":"code","valueString":"template-md"},{"url":"value","valueString":"template-page-md.html"}],"url":"http://hl7.org/fhir/tools/StructureDefinition/ig-parameter"},{"extension":[{"url":"code","valueString":"apply-contact"},{"url":"value","valueString":"true"}],"url":"http://hl7.org/fhir/tools/StructureDefinition/ig-parameter"},{"extension":[{"url":"code","valueString":"apply-context"},{"url":"value","valueString":"true"}],"url":"http://hl7.org/fhir/tools/StructureDefinition/ig-parameter"},{"extension":[{"url":"code","valueString":"apply-copyright"},{"url":"value","valueString":"true"}],"url":"http://hl7.org/fhir/tools/StructureDefinition/ig-parameter"},{"extension":[{"url":"code","valueString":"apply-jurisdiction"},{"url":"value","valueString":"true"}],"url":"http://hl7.org/fhir/tools/StructureDefinition/ig-parameter"},{"extension":[{"url":"code","valueString":"apply-license"},{"url":"value","valueString":"true"}],"url":"http://hl7.org/fhir/tools/StructureDefinition/ig-parameter"},{"extension":[{"url":"code","valueString":"apply-publisher"},{"url":"value","valueString":"true"}],"url":"http://hl7.org/fhir/tools/StructureDefinition/ig-parameter"},{"extension":[{"url":"code","valueString":"apply-version"},{"url":"value","valueString":"true"}],"url":"http://hl7.org/fhir/tools/StructureDefinition/ig-parameter"},{"extension":[{"url":"code","valueString":"active-tables"},{"url":"value","valueString":"true"}],"url":"http://hl7.org/fhir/tools/StructureDefinition/ig-parameter"},{"extension":[{"url":"code","valueString":"fmm-definition"},{"url":"value","valueString":"http://hl7.org/fhir/versions.html#maturity"}],"url":"http://hl7.org/fhir/tools/StructureDefinition/ig-parameter"},{"extension":[{"url":"code","valueString":"propagate-status"},{"url":"value","valueString":"true"}],"url":"http://hl7.org/fhir/tools/StructureDefinition/ig-parameter"},{"extension":[{"url":"code","valueString":"excludelogbinaryformat"},{"url":"value","valueString":"true"}],"url":"http://hl7.org/fhir/tools/StructureDefinition/ig-parameter"},{"extension":[{"url":"code","valueString":"tabbed-snapshots"},{"url":"value","valueString":"true"}],"url":"http://hl7.org/fhir/tools/StructureDefinition/ig-parameter"},{"url":"http://hl7.org/fhir/tools/StructureDefinition/ig-internal-dependency","valueCode":"hl7.fhir.uv.tools#current"},{"extension":[{"url":"code","valueCode":"copyrightyear"},{"url":"value","valueString":"2020+"}],"url":"http://hl7.org/fhir/tools/StructureDefinition/ig-parameter"},{"extension":[{"url":"code","valueCode":"releaselabel"},{"url":"value","valueString":"ballot"}],"url":"http://hl7.org/fhir/tools/StructureDefinition/ig-parameter"},{"extension":[{"url":"code","valueCode":"excludettl"},{"url":"value","valueString":"true"}],"url":"http://hl7.org/fhir/tools/StructureDefinition/ig-parameter"},{"extension":[{"url":"code","valueCode":"special-url"},{"url":"value","valueString":"urn:oid:0.4.0.127.0.16.1.1.2.1"}],"url":"http://hl7.org/fhir/tools/StructureDefinition/ig-parameter"},{"extension":[{"url":"code","valueCode":"special-url"},{"url":"value","valueString":"urn:oid:1.3.6.1.4.1.19376.1.9.2.1"}],"url":"http://hl7.org/fhir/tools/StructureDefinition/ig-parameter"},{"extension":[{"url":"code","valueCode":"allow-extensible-warnings"},{"url":"value","valueString":"true"}],"url":"http://hl7.org/fhir/tools/StructureDefinition/ig-parameter"},{"extension":[{"url":"code","valueCode":"display-warnings"},{"url":"value","valueString":"true"}],"url":"http://hl7.org/fhir/tools/StructureDefinition/ig-parameter"},{"extension":[{"url":"code","valueCode":"autoload-resources"},{"url":"value","valueString":"true"}],"url":"http://hl7.org/fhir/tools/StructureDefinition/ig-parameter"},{"extension":[{"url":"code","valueCode":"path-liquid"},{"url":"value","valueString":"template/liquid"}],"url":"http://hl7.org/fhir/tools/StructureDefinition/ig-parameter"},{"extension":[{"url":"code","valueCode":"path-liquid"},{"url":"value","valueString":"input/liquid"}],"url":"http://hl7.org/fhir/tools/StructureDefinition/ig-parameter"},{"extension":[{"url":"code","valueCode":"path-qa"},{"url":"value","valueString":"temp/qa"}],"url":"http://hl7.org/fhir/tools/StructureDefinition/ig-parameter"},{"extension":[{"url":"code","valueCode":"path-temp"},{"url":"value","valueString":"temp/pages"}],"url":"http://hl7.org/fhir/tools/StructureDefinition/ig-parameter"},{"extension":[{"url":"code","valueCode":"path-output"},{"url":"value","valueString":"output"}],"url":"http://hl7.org/fhir/tools/StructureDefinition/ig-parameter"},{"extension":[{"url":"code","valueCode":"path-suppressed-warnings"},{"url":"value","valueString":"input/ignoreWarnings.txt"}],"url":"http://hl7.org/fhir/tools/StructureDefinition/ig-parameter"},{"extension":[{"url":"code","valueCode":"path-history"},{"url":"value","valueString":"http://fhir.ch/ig/ch-emed/history.html"}],"url":"http://hl7.org/fhir/tools/StructureDefinition/ig-parameter"},{"extension":[{"url":"code","valueCode":"template-html"},{"url":"value","valueString":"template-page.html"}],"url":"http://hl7.org/fhir/tools/StructureDefinition/ig-parameter"},{"extension":[{"url":"code","valueCode":"template-md"},{"url":"value","valueString":"template-page-md.html"}],"url":"http://hl7.org/fhir/tools/StructureDefinition/ig-parameter"},{"extension":[{"url":"code","valueCode":"apply-contact"},{"url":"value","valueString":"true"}],"url":"http://hl7.org/fhir/tools/StructureDefinition/ig-parameter"},{"extension":[{"url":"code","valueCode":"apply-context"},{"url":"value","valueString":"true"}],"url":"http://hl7.org/fhir/tools/StructureDefinition/ig-parameter"},{"extension":[{"url":"code","valueCode":"apply-copyright"},{"url":"value","valueString":"true"}],"url":"http://hl7.org/fhir/tools/StructureDefinition/ig-parameter"},{"extension":[{"url":"code","valueCode":"apply-jurisdiction"},{"url":"value","valueString":"true"}],"url":"http://hl7.org/fhir/tools/StructureDefinition/ig-parameter"},{"extension":[{"url":"code","valueCode":"apply-license"},{"url":"value","valueString":"true"}],"url":"http://hl7.org/fhir/tools/StructureDefinition/ig-parameter"},{"extension":[{"url":"code","valueCode":"apply-publisher"},{"url":"value","valueString":"true"}],"url":"http://hl7.org/fhir/tools/StructureDefinition/ig-parameter"},{"extension":[{"url":"code","valueCode":"apply-version"},{"url":"value","valueString":"true"}],"url":"http://hl7.org/fhir/tools/StructureDefinition/ig-parameter"},{"extension":[{"url":"code","valueCode":"active-tables"},{"url":"value","valueString":"true"}],"url":"http://hl7.org/fhir/tools/StructureDefinition/ig-parameter"},{"extension":[{"url":"code","valueCode":"fmm-definition"},{"url":"value","valueString":"http://hl7.org/fhir/versions.html#maturity"}],"url":"http://hl7.org/fhir/tools/StructureDefinition/ig-parameter"},{"extension":[{"url":"code","valueCode":"propagate-status"},{"url":"value","valueString":"true"}],"url":"http://hl7.org/fhir/tools/StructureDefinition/ig-parameter"},{"extension":[{"url":"code","valueCode":"excludelogbinaryformat"},{"url":"value","valueString":"true"}],"url":"http://hl7.org/fhir/tools/StructureDefinition/ig-parameter"},{"extension":[{"url":"code","valueCode":"tabbed-snapshots"},{"url":"value","valueString":"true"}],"url":"http://hl7.org/fhir/tools/StructureDefinition/ig-parameter"},{"extension":[{"url":"code","valueCode":"copyrightyear"},{"url":"value","valueString":"2020+"}],"url":"http://hl7.org/fhir/tools/StructureDefinition/ig-parameter"},{"extension":[{"url":"code","valueCode":"releaselabel"},{"url":"value","valueString":"ballot"}],"url":"http://hl7.org/fhir/tools/StructureDefinition/ig-parameter"},{"extension":[{"url":"code","valueCode":"excludettl"},{"url":"value","valueString":"true"}],"url":"http://hl7.org/fhir/tools/StructureDefinition/ig-parameter"},{"extension":[{"url":"code","valueCode":"special-url"},{"url":"value","valueString":"urn:oid:0.4.0.127.0.16.1.1.2.1"}],"url":"http://hl7.org/fhir/tools/StructureDefinition/ig-parameter"},{"extension":[{"url":"code","valueCode":"special-url"},{"url":"value","valueString":"urn:oid:1.3.6.1.4.1.19376.1.9.2.1"}],"url":"http://hl7.org/fhir/tools/StructureDefinition/ig-parameter"},{"extension":[{"url":"code","valueCode":"allow-extensible-warnings"},{"url":"value","valueString":"true"}],"url":"http://hl7.org/fhir/tools/StructureDefinition/ig-parameter"},{"extension":[{"url":"code","valueCode":"display-warnings"},{"url":"value","valueString":"true"}],"url":"http://hl7.org/fhir/tools/StructureDefinition/ig-parameter"},{"extension":[{"url":"code","valueCode":"autoload-resources"},{"url":"value","valueString":"true"}],"url":"http://hl7.org/fhir/tools/StructureDefinition/ig-parameter"},{"extension":[{"url":"code","valueCode":"path-liquid"},{"url":"value","valueString":"template/liquid"}],"url":"http://hl7.org/fhir/tools/StructureDefinition/ig-parameter"},{"extension":[{"url":"code","valueCode":"path-liquid"},{"url":"value","valueString":"input/liquid"}],"url":"http://hl7.org/fhir/tools/StructureDefinition/ig-parameter"},{"extension":[{"url":"code","valueCode":"path-qa"},{"url":"value","valueString":"temp/qa"}],"url":"http://hl7.org/fhir/tools/StructureDefinition/ig-parameter"},{"extension":[{"url":"code","valueCode":"path-temp"},{"url":"value","valueString":"temp/pages"}],"url":"http://hl7.org/fhir/tools/StructureDefinition/ig-parameter"},{"extension":[{"url":"code","valueCode":"path-output"},{"url":"value","valueString":"output"}],"url":"http://hl7.org/fhir/tools/StructureDefinition/ig-parameter"},{"extension":[{"url":"code","valueCode":"path-suppressed-warnings"},{"url":"value","valueString":"input/ignoreWarnings.txt"}],"url":"http://hl7.org/fhir/tools/StructureDefinition/ig-parameter"},{"extension":[{"url":"code","valueCode":"path-history"},{"url":"value","valueString":"http://fhir.ch/ig/ch-emed/history.html"}],"url":"http://hl7.org/fhir/tools/StructureDefinition/ig-parameter"},{"extension":[{"url":"code","valueCode":"template-html"},{"url":"value","valueString":"template-page.html"}],"url":"http://hl7.org/fhir/tools/StructureDefinition/ig-parameter"},{"extension":[{"url":"code","valueCode":"template-md"},{"url":"value","valueString":"template-page-md.html"}],"url":"http://hl7.org/fhir/tools/StructureDefinition/ig-parameter"},{"extension":[{"url":"code","valueCode":"apply-contact"},{"url":"value","valueString":"true"}],"url":"http://hl7.org/fhir/tools/StructureDefinition/ig-parameter"},{"extension":[{"url":"code","valueCode":"apply-context"},{"url":"value","valueString":"true"}],"url":"http://hl7.org/fhir/tools/StructureDefinition/ig-parameter"},{"extension":[{"url":"code","valueCode":"apply-copyright"},{"url":"value","valueString":"true"}],"url":"http://hl7.org/fhir/tools/StructureDefinition/ig-parameter"},{"extension":[{"url":"code","valueCode":"apply-jurisdiction"},{"url":"value","valueString":"true"}],"url":"http://hl7.org/fhir/tools/StructureDefinition/ig-parameter"},{"extension":[{"url":"code","valueCode":"apply-license"},{"url":"value","valueString":"true"}],"url":"http://hl7.org/fhir/tools/StructureDefinition/ig-parameter"},{"extension":[{"url":"code","valueCode":"apply-publisher"},{"url":"value","valueString":"true"}],"url":"http://hl7.org/fhir/tools/StructureDefinition/ig-parameter"},{"extension":[{"url":"code","valueCode":"apply-version"},{"url":"value","valueString":"true"}],"url":"http://hl7.org/fhir/tools/StructureDefinition/ig-parameter"},{"extension":[{"url":"code","valueCode":"active-tables"},{"url":"value","valueString":"true"}],"url":"http://hl7.org/fhir/tools/StructureDefinition/ig-parameter"},{"extension":[{"url":"code","valueCode":"fmm-definition"},{"url":"value","valueString":"http://hl7.org/fhir/versions.html#maturity"}],"url":"http://hl7.org/fhir/tools/StructureDefinition/ig-parameter"},{"extension":[{"url":"code","valueCode":"propagate-status"},{"url":"value","valueString":"true"}],"url":"http://hl7.org/fhir/tools/StructureDefinition/ig-parameter"},{"extension":[{"url":"code","valueCode":"excludelogbinaryformat"},{"url":"value","valueString":"true"}],"url":"http://hl7.org/fhir/tools/StructureDefinition/ig-parameter"},{"extension":[{"url":"code","valueCode":"tabbed-snapshots"},{"url":"value","valueString":"true"}],"url":"http://hl7.org/fhir/tools/StructureDefinition/ig-parameter"}],"grouping":[{"id":"-str-profile","name":"Structures: Resource Profiles","description":"These define constraints on FHIR resources for systems conforming to this implementation guide."},{"id":"-str-datatype","name":"Structures: Data Type Profiles","description":"These define constraints on FHIR data types for systems conforming to this implementation guide."},{"id":"-str-extension","name":"Structures: Extension Definitions","description":"These define constraints on FHIR data types for systems conforming to this implementation guide."},{"id":"-term-valueset","name":"Terminology: Value Sets","description":"These define sets of codes used by systems conforming to this implementation guide."},{"id":"-term-codesystem","name":"Terminology: Code Systems","description":"These define new code systems used by systems conforming to this implementation guide."},{"id":"-ex-example","name":"Example: Example Instances","description":"These are example instances that show what data produced and consumed by systems conforming with this implementation guide might look like."}],"resource":[{"extension":[{"url":"http://hl7.org/fhir/StructureDefinition/implementationguide-page","valueUri":"Composition-1-1-Composition.html"}],"reference":{"reference":"Composition/1-1-Composition"},"name":"1-1 Composition for Medication Treatment Plan document","description":"Example for Composition","exampleCanonical":"http://fhir.ch/ig/ch-emed/StructureDefinition/ch-emed-composition-medicationtreatmentplan","groupingId":"-ex-example"},{"extension":[{"url":"http://hl7.org/fhir/StructureDefinition/implementationguide-page","valueUri":"MedicationStatement-1-1-MedStatTriatec.html"}],"reference":{"reference":"MedicationStatement/1-1-MedStatTriatec"},"name":"1-1 Medication Statement with Medication Triatec","description":"Example for MedicationStatement (MTP)","exampleCanonical":"http://fhir.ch/ig/ch-emed/StructureDefinition/ch-emed-medicationstatement","groupingId":"-ex-example"},{"extension":[{"url":"http://hl7.org/fhir/StructureDefinition/implementationguide-page","valueUri":"Bundle-1-1-MedicationTreatmentPlan.html"}],"reference":{"reference":"Bundle/1-1-MedicationTreatmentPlan"},"name":"1-1 Medication Treatment Plan document","description":"Example for Bundle","exampleCanonical":"http://fhir.ch/ig/ch-emed/StructureDefinition/ch-emed-document-medicationtreatmentplan","groupingId":"-ex-example"},{"extension":[{"url":"http://hl7.org/fhir/StructureDefinition/implementationguide-page","valueUri":"Composition-1-2-Composition.html"}],"reference":{"reference":"Composition/1-2-Composition"},"name":"1-2 Composition for Medication Dispense document","description":"Example for Composition","exampleCanonical":"http://fhir.ch/ig/ch-emed/StructureDefinition/ch-emed-composition-medicationdispense","groupingId":"-ex-example"},{"extension":[{"url":"http://hl7.org/fhir/StructureDefinition/implementationguide-page","valueUri":"Bundle-1-2-MedicationDispense.html"}],"reference":{"reference":"Bundle/1-2-MedicationDispense"},"name":"1-2 Medication Dispense document","description":"Example for Bundle","exampleCanonical":"http://fhir.ch/ig/ch-emed/StructureDefinition/ch-emed-document-medicationdispense","groupingId":"-ex-example"},{"extension":[{"url":"http://hl7.org/fhir/StructureDefinition/implementationguide-page","valueUri":"MedicationDispense-2-4-MedDispBeloczok.html"}],"reference":{"reference":"MedicationDispense/2-4-MedDispBeloczok"},"name":"1-2 Medication Dispense with Medication Beloc Zok","description":"Example for MedicationDispense (DIS)","exampleCanonical":"http://fhir.ch/ig/ch-emed/StructureDefinition/ch-emed-medicationdispense","groupingId":"-ex-example"},{"extension":[{"url":"http://hl7.org/fhir/StructureDefinition/implementationguide-page","valueUri":"MedicationDispense-1-2-MedDispTriatec.html"}],"reference":{"reference":"MedicationDispense/1-2-MedDispTriatec"},"name":"1-2 Medication Dispense with Medication Triatec","description":"Example for MedicationDispense (DIS)","exampleCanonical":"http://fhir.ch/ig/ch-emed/StructureDefinition/ch-emed-medicationdispense","groupingId":"-ex-example"},{"extension":[{"url":"http://hl7.org/fhir/StructureDefinition/implementationguide-page","valueUri":"Composition-2-1-Composition.html"}],"reference":{"reference":"Composition/2-1-Composition"},"name":"2-1 Composition for Medication List document","description":"Example for Composition","exampleCanonical":"http://fhir.ch/ig/ch-emed/StructureDefinition/ch-emed-composition-medicationlist","groupingId":"-ex-example"},{"extension":[{"url":"http://hl7.org/fhir/StructureDefinition/implementationguide-page","valueUri":"MedicationDispense-2-1-MedDispTriatec.html"}],"reference":{"reference":"MedicationDispense/2-1-MedDispTriatec"},"name":"2-1 Medication Dispense with Medication Triatec","description":"Example for MedicationDispense (LIST)","exampleCanonical":"http://fhir.ch/ig/ch-emed/StructureDefinition/ch-emed-medicationdispense-list","groupingId":"-ex-example"},{"extension":[{"url":"http://hl7.org/fhir/StructureDefinition/implementationguide-page","valueUri":"Bundle-2-1-MedicationList.html"}],"reference":{"reference":"Bundle/2-1-MedicationList"},"name":"2-1 Medication List document","description":"Example for Bundle","exampleCanonical":"http://fhir.ch/ig/ch-emed/StructureDefinition/ch-emed-document-medicationlist","groupingId":"-ex-example"},{"extension":[{"url":"http://hl7.org/fhir/StructureDefinition/implementationguide-page","valueUri":"MedicationStatement-2-1-MedStatTriatec.html"}],"reference":{"reference":"MedicationStatement/2-1-MedStatTriatec"},"name":"2-1 Medication Statement with Medication Triatec","description":"Example for MedicationStatement (LIST)","exampleCanonical":"http://fhir.ch/ig/ch-emed/StructureDefinition/ch-emed-medicationstatement-list","groupingId":"-ex-example"},{"extension":[{"url":"http://hl7.org/fhir/StructureDefinition/implementationguide-page","valueUri":"Composition-2-2-Composition.html"}],"reference":{"reference":"Composition/2-2-Composition"},"name":"2-2 Composition for Pharmaceutical Advice document","description":"Example for Composition","exampleCanonical":"http://fhir.ch/ig/ch-emed/StructureDefinition/ch-emed-composition-pharmaceuticaladvice","groupingId":"-ex-example"},{"extension":[{"url":"http://hl7.org/fhir/StructureDefinition/implementationguide-page","valueUri":"Observation-2-2-ObsPharmaceuticalAdvice.html"}],"reference":{"reference":"Observation/2-2-ObsPharmaceuticalAdvice"},"name":"2-2 Observation for Pharmaceutical Advice document","description":"Example for Observation (PADV)","exampleCanonical":"http://fhir.ch/ig/ch-emed/StructureDefinition/ch-emed-observation","groupingId":"-ex-example"},{"extension":[{"url":"http://hl7.org/fhir/StructureDefinition/implementationguide-page","valueUri":"Bundle-2-2-PharmaceuticalAdvice.html"}],"reference":{"reference":"Bundle/2-2-PharmaceuticalAdvice"},"name":"2-2 Pharmaceutical Advice document","description":"Example for Bundle","exampleCanonical":"http://fhir.ch/ig/ch-emed/StructureDefinition/ch-emed-document-pharmaceuticaladvice","groupingId":"-ex-example"},{"extension":[{"url":"http://hl7.org/fhir/StructureDefinition/implementationguide-page","valueUri":"Composition-2-3-Composition.html"}],"reference":{"reference":"Composition/2-3-Composition"},"name":"2-3 Composition for Medication Treatment Plan document","description":"Example for Composition","exampleCanonical":"http://fhir.ch/ig/ch-emed/StructureDefinition/ch-emed-composition-medicationtreatmentplan","groupingId":"-ex-example"},{"extension":[{"url":"http://hl7.org/fhir/StructureDefinition/implementationguide-page","valueUri":"MedicationStatement-2-3-MedStatBeloczok.html"}],"reference":{"reference":"MedicationStatement/2-3-MedStatBeloczok"},"name":"2-3 Medication Statement with Medication Beloc Zok","description":"Example for MedicationStatement (MTP)","exampleCanonical":"http://fhir.ch/ig/ch-emed/StructureDefinition/ch-emed-medicationstatement","groupingId":"-ex-example"},{"extension":[{"url":"http://hl7.org/fhir/StructureDefinition/implementationguide-page","valueUri":"Bundle-2-3-MedicationTreatmentPlan.html"}],"reference":{"reference":"Bundle/2-3-MedicationTreatmentPlan"},"name":"2-3 Medication Treatment Plan document","description":"Example for Bundle","exampleCanonical":"http://fhir.ch/ig/ch-emed/StructureDefinition/ch-emed-document-medicationtreatmentplan","groupingId":"-ex-example"},{"extension":[{"url":"http://hl7.org/fhir/StructureDefinition/implementationguide-page","valueUri":"Composition-2-4-Composition.html"}],"reference":{"reference":"Composition/2-4-Composition"},"name":"2-4 Composition for Medication Dispense document","description":"Example for Composition","exampleCanonical":"http://fhir.ch/ig/ch-emed/StructureDefinition/ch-emed-composition-medicationdispense","groupingId":"-ex-example"},{"extension":[{"url":"http://hl7.org/fhir/StructureDefinition/implementationguide-page","valueUri":"Bundle-2-4-MedicationDispense.html"}],"reference":{"reference":"Bundle/2-4-MedicationDispense"},"name":"2-4 Medication Dispense document","description":"Example for Bundle","exampleCanonical":"http://fhir.ch/ig/ch-emed/StructureDefinition/ch-emed-document-medicationdispense","groupingId":"-ex-example"},{"extension":[{"url":"http://hl7.org/fhir/StructureDefinition/implementationguide-page","valueUri":"Composition-2-5-Composition.html"}],"reference":{"reference":"Composition/2-5-Composition"},"name":"2-5 Composition for Medication Treatment Plan document","description":"Example for Composition with a person and a device as authors","exampleCanonical":"http://fhir.ch/ig/ch-emed/StructureDefinition/ch-emed-composition-medicationtreatmentplan","groupingId":"-ex-example"},{"extension":[{"url":"http://hl7.org/fhir/StructureDefinition/implementationguide-page","valueUri":"MedicationStatement-2-5-MedStatNorvasc.html"}],"reference":{"reference":"MedicationStatement/2-5-MedStatNorvasc"},"name":"2-5 Medication Statement with Medication Norvasc","description":"Example for MedicationStatement (MTP)","exampleCanonical":"http://fhir.ch/ig/ch-emed/StructureDefinition/ch-emed-medicationstatement","groupingId":"-ex-example"},{"extension":[{"url":"http://hl7.org/fhir/StructureDefinition/implementationguide-page","valueUri":"Bundle-2-5-MedicationTreatmentPlan.html"}],"reference":{"reference":"Bundle/2-5-MedicationTreatmentPlan"},"name":"2-5 Medication Treatment Plan document","description":"Example for Bundle","exampleCanonical":"http://fhir.ch/ig/ch-emed/StructureDefinition/ch-emed-document-medicationtreatmentplan","groupingId":"-ex-example"},{"extension":[{"url":"http://hl7.org/fhir/StructureDefinition/implementationguide-page","valueUri":"Composition-2-6-Composition.html"}],"reference":{"reference":"Composition/2-6-Composition"},"name":"2-6 Composition for Medication Prescription document","description":"Example for Composition","exampleCanonical":"http://fhir.ch/ig/ch-emed/StructureDefinition/ch-emed-composition-medicationprescription","groupingId":"-ex-example"},{"extension":[{"url":"http://hl7.org/fhir/StructureDefinition/implementationguide-page","valueUri":"Bundle-2-6-MedicationPrescription.html"}],"reference":{"reference":"Bundle/2-6-MedicationPrescription"},"name":"2-6 Medication Prescription document","description":"Example for Bundle","exampleCanonical":"http://fhir.ch/ig/ch-emed/StructureDefinition/ch-emed-document-medicationprescription","groupingId":"-ex-example"},{"extension":[{"url":"http://hl7.org/fhir/StructureDefinition/implementationguide-page","valueUri":"MedicationRequest-2-6-MedReqNorvasc.html"}],"reference":{"reference":"MedicationRequest/2-6-MedReqNorvasc"},"name":"2-6 Medication Request with Medication Norvasc","description":"Example for MedicationRequest (PRE)","exampleCanonical":"http://fhir.ch/ig/ch-emed/StructureDefinition/ch-emed-medicationrequest","groupingId":"-ex-example"},{"extension":[{"url":"http://hl7.org/fhir/StructureDefinition/implementationguide-page","valueUri":"Binary-2-6-pdf.html"}],"reference":{"reference":"Binary/2-6-pdf"},"name":"2-6 PDF as original representation of the Medication Prescription document","description":"Example for Binary","exampleBoolean":true,"groupingId":"-ex-example"},{"extension":[{"url":"http://hl7.org/fhir/StructureDefinition/implementationguide-page","valueUri":"Composition-2-7-Composition.html"}],"reference":{"reference":"Composition/2-7-Composition"},"name":"2-7 Composition for Medication Card document","description":"Example for Composition","exampleCanonical":"http://fhir.ch/ig/ch-emed/StructureDefinition/ch-emed-composition-medicationcard","groupingId":"-ex-example"},{"extension":[{"url":"http://hl7.org/fhir/StructureDefinition/implementationguide-page","valueUri":"Bundle-2-7-MedicationCard.html"}],"reference":{"reference":"Bundle/2-7-MedicationCard"},"name":"2-7 Medication Card document","description":"Example for Bundle","exampleCanonical":"http://fhir.ch/ig/ch-emed/StructureDefinition/ch-emed-document-medicationcard","groupingId":"-ex-example"},{"extension":[{"url":"http://hl7.org/fhir/StructureDefinition/implementationguide-page","valueUri":"Bundle-2-7-MedicationCard-UUIDfullUrl.html"}],"reference":{"reference":"Bundle/2-7-MedicationCard-UUIDfullUrl"},"name":"2-7 Medication Card document (with references/fullUrls as UUIDs)","description":"Example for Bundle (with references/fullUrls as UUIDs)","exampleBoolean":true,"groupingId":"-ex-example"},{"extension":[{"url":"http://hl7.org/fhir/StructureDefinition/implementationguide-page","valueUri":"MedicationStatement-2-7-MedStatBeloczok.html"}],"reference":{"reference":"MedicationStatement/2-7-MedStatBeloczok"},"name":"2-7 Medication Statement with Medication Beloc Zok","description":"Example for MedicationStatement (CARD)","exampleCanonical":"http://fhir.ch/ig/ch-emed/StructureDefinition/ch-emed-medicationstatement-card","groupingId":"-ex-example"},{"extension":[{"url":"http://hl7.org/fhir/StructureDefinition/implementationguide-page","valueUri":"MedicationStatement-2-7-MedStatNorvasc.html"}],"reference":{"reference":"MedicationStatement/2-7-MedStatNorvasc"},"name":"2-7 Medication Statement with Medication Norvasc","description":"Example for MedicationStatment (CARD)","exampleCanonical":"http://fhir.ch/ig/ch-emed/StructureDefinition/ch-emed-medicationstatement-card","groupingId":"-ex-example"},{"extension":[{"url":"http://hl7.org/fhir/StructureDefinition/implementationguide-page","valueUri":"Binary-2-7-pdf.html"}],"reference":{"reference":"Binary/2-7-pdf"},"name":"2-7 PDF as original representation of the Medication Card document","description":"Example for Binary","exampleBoolean":true,"groupingId":"-ex-example"},{"extension":[{"url":"http://hl7.org/fhir/StructureDefinition/implementationguide-page","valueUri":"StructureDefinition-ch-emed-dosage-medicationrequest.html"}],"reference":{"reference":"StructureDefinition/ch-emed-dosage-medicationrequest"},"name":"CH EMED Dosage (MedicationRequest)","description":"Definition of the dosage (used in MedicationRequest)","exampleBoolean":false,"groupingId":"-str-datatype"},{"extension":[{"url":"http://hl7.org/fhir/StructureDefinition/implementationguide-page","valueUri":"StructureDefinition-ch-emed-dosage.html"}],"reference":{"reference":"StructureDefinition/ch-emed-dosage"},"name":"CH EMED Dosage (MedicationStatement / MedicationDispense)","description":"Definition of the dosage (used in MedicationStatement / MedicationDispense)","exampleBoolean":false,"groupingId":"-str-datatype"},{"extension":[{"url":"http://hl7.org/fhir/StructureDefinition/implementationguide-page","valueUri":"StructureDefinition-ch-emed-dosage-split.html"}],"reference":{"reference":"StructureDefinition/ch-emed-dosage-split"},"name":"CH EMED Dosage Split","description":"Definition of the split dosage (used in MedicationStatement / MedicationDispense / MedicationRequest)","exampleBoolean":false,"groupingId":"-str-datatype"},{"extension":[{"url":"http://hl7.org/fhir/StructureDefinition/implementationguide-page","valueUri":"StructureDefinition-ch-emed-ext-dispense.html"}],"reference":{"reference":"StructureDefinition/ch-emed-ext-dispense"},"name":"CH EMED Extension Dispense","description":"Extension to reference an external MedicationDispense and the Medication Dispense document that contains it","exampleBoolean":false,"groupingId":"-str-extension"},{"extension":[{"url":"http://hl7.org/fhir/StructureDefinition/implementationguide-page","valueUri":"StructureDefinition-ch-emed-ext-medicationrequest-changed.html"}],"reference":{"reference":"StructureDefinition/ch-emed-ext-medicationrequest-changed"},"name":"CH EMED Extension MedicationRequest Changed","description":"Extension to represent the changed MedicationRequest","exampleBoolean":false,"groupingId":"-str-extension"},{"extension":[{"url":"http://hl7.org/fhir/StructureDefinition/implementationguide-page","valueUri":"StructureDefinition-ch-emed-ext-medicationstatement-changed.html"}],"reference":{"reference":"StructureDefinition/ch-emed-ext-medicationstatement-changed"},"name":"CH EMED Extension MedicationStatement Changed","description":"Extension to represent the changed MedicationStatement","exampleBoolean":false,"groupingId":"-str-extension"},{"extension":[{"url":"http://hl7.org/fhir/StructureDefinition/implementationguide-page","valueUri":"StructureDefinition-ch-emed-ext-pharmaceuticaladvice.html"}],"reference":{"reference":"StructureDefinition/ch-emed-ext-pharmaceuticaladvice"},"name":"CH EMED Extension Pharmaceutical Advice","description":"Extension to reference an external Observation and the Pharmaceutical Advice document that contains it","exampleBoolean":false,"groupingId":"-str-extension"},{"extension":[{"url":"http://hl7.org/fhir/StructureDefinition/implementationguide-page","valueUri":"StructureDefinition-ch-emed-ext-prescription.html"}],"reference":{"reference":"StructureDefinition/ch-emed-ext-prescription"},"name":"CH EMED Extension Prescription","description":"Extension to reference an external MedicationRequest and the Medication Prescritpion document that contains it","exampleBoolean":false,"groupingId":"-str-extension"},{"extension":[{"url":"http://hl7.org/fhir/StructureDefinition/implementationguide-page","valueUri":"StructureDefinition-ch-emed-ext-substitution.html"}],"reference":{"reference":"StructureDefinition/ch-emed-ext-substitution"},"name":"CH EMED Extension Substitution","description":"This extension is used to indicate whether the medication can be substituted for this patient, i.e. whether it is allowed. \n                        (For a prescription, MedicationRequest.substitution is used to record whether a substitution is allowed or not. \n                        When dispensing, a performed substitution is recorded in MedicationDispense.substitution.)","exampleBoolean":false,"groupingId":"-str-extension"},{"extension":[{"url":"http://hl7.org/fhir/StructureDefinition/implementationguide-page","valueUri":"StructureDefinition-ch-emed-ext-treatmentplan.html"}],"reference":{"reference":"StructureDefinition/ch-emed-ext-treatmentplan"},"name":"CH EMED Extension Treatment Plan","description":"Extension to reference an external MedicationStatement and the Medication Treatment Plan document that contains it","exampleBoolean":false,"groupingId":"-str-extension"},{"extension":[{"url":"http://hl7.org/fhir/StructureDefinition/implementationguide-page","valueUri":"StructureDefinition-ch-emed-ext-treatmentreason.html"}],"reference":{"reference":"StructureDefinition/ch-emed-ext-treatmentreason"},"name":"CH EMED Extension Treatment Reason","description":"Extension to represent the treatment reason","exampleBoolean":false,"groupingId":"-str-extension"},{"extension":[{"url":"http://hl7.org/fhir/StructureDefinition/implementationguide-page","valueUri":"StructureDefinition-ch-emed-medication.html"}],"reference":{"reference":"StructureDefinition/ch-emed-medication"},"name":"CH EMED Medication","description":"Definition of the medication","exampleBoolean":false,"groupingId":"-str-profile"},{"extension":[{"url":"http://hl7.org/fhir/StructureDefinition/implementationguide-page","valueUri":"StructureDefinition-ch-emed-medication-medicationdispense.html"}],"reference":{"reference":"StructureDefinition/ch-emed-medication-medicationdispense"},"name":"CH EMED Medication (MedicationDispense)","description":"Definition of the medication for the medication dispense","exampleBoolean":false,"groupingId":"-str-profile"},{"extension":[{"url":"http://hl7.org/fhir/StructureDefinition/implementationguide-page","valueUri":"StructureDefinition-ch-emed-composition-medicationcard.html"}],"reference":{"reference":"StructureDefinition/ch-emed-composition-medicationcard"},"name":"CH EMED Medication Card Composition","description":"Definition of the composition for the medication card document","exampleBoolean":false,"groupingId":"-str-profile"},{"extension":[{"url":"http://hl7.org/fhir/StructureDefinition/implementationguide-page","valueUri":"StructureDefinition-ch-emed-document-medicationcard.html"}],"reference":{"reference":"StructureDefinition/ch-emed-document-medicationcard"},"name":"CH EMED Medication Card Document","description":"Definition of the bundle for the medication card document","exampleBoolean":false,"groupingId":"-str-profile"},{"extension":[{"url":"http://hl7.org/fhir/StructureDefinition/implementationguide-page","valueUri":"StructureDefinition-ch-emed-composition-medicationdispense.html"}],"reference":{"reference":"StructureDefinition/ch-emed-composition-medicationdispense"},"name":"CH EMED Medication Dispense Composition","description":"Definition of the composition for the medication dispense document","exampleBoolean":false,"groupingId":"-str-profile"},{"extension":[{"url":"http://hl7.org/fhir/StructureDefinition/implementationguide-page","valueUri":"StructureDefinition-ch-emed-document-medicationdispense.html"}],"reference":{"reference":"StructureDefinition/ch-emed-document-medicationdispense"},"name":"CH EMED Medication Dispense Document","description":"Definition of the bundle for the medication dispense document","exampleBoolean":false,"groupingId":"-str-profile"},{"extension":[{"url":"http://hl7.org/fhir/StructureDefinition/implementationguide-page","valueUri":"StructureDefinition-ch-emed-composition-medicationlist.html"}],"reference":{"reference":"StructureDefinition/ch-emed-composition-medicationlist"},"name":"CH EMED Medication List Composition","description":"Definition of the composition for the medication list document","exampleBoolean":false,"groupingId":"-str-profile"},{"extension":[{"url":"http://hl7.org/fhir/StructureDefinition/implementationguide-page","valueUri":"StructureDefinition-ch-emed-document-medicationlist.html"}],"reference":{"reference":"StructureDefinition/ch-emed-document-medicationlist"},"name":"CH EMED Medication List Document","description":"Definition of the bundle for the medication list document","exampleBoolean":false,"groupingId":"-str-profile"},{"extension":[{"url":"http://hl7.org/fhir/StructureDefinition/implementationguide-page","valueUri":"StructureDefinition-ch-emed-composition-medicationprescription.html"}],"reference":{"reference":"StructureDefinition/ch-emed-composition-medicationprescription"},"name":"CH EMED Medication Prescription Composition","description":"Definition of the composition for the medication prescription document","exampleBoolean":false,"groupingId":"-str-profile"},{"extension":[{"url":"http://hl7.org/fhir/StructureDefinition/implementationguide-page","valueUri":"StructureDefinition-ch-emed-document-medicationprescription.html"}],"reference":{"reference":"StructureDefinition/ch-emed-document-medicationprescription"},"name":"CH EMED Medication Prescription Document","description":"Definition of the bundle for the medication prescription document","exampleBoolean":false,"groupingId":"-str-profile"},{"extension":[{"url":"http://hl7.org/fhir/StructureDefinition/implementationguide-page","valueUri":"StructureDefinition-ch-emed-composition-medicationtreatmentplan.html"}],"reference":{"reference":"StructureDefinition/ch-emed-composition-medicationtreatmentplan"},"name":"CH EMED Medication Treatment Plan Composition","description":"Definition of the composition for the medication treatment plan document","exampleBoolean":false,"groupingId":"-str-profile"},{"extension":[{"url":"http://hl7.org/fhir/StructureDefinition/implementationguide-page","valueUri":"StructureDefinition-ch-emed-document-medicationtreatmentplan.html"}],"reference":{"reference":"StructureDefinition/ch-emed-document-medicationtreatmentplan"},"name":"CH EMED Medication Treatment Plan Document","description":"Definition of the bundle for the medication treatment plan document","exampleBoolean":false,"groupingId":"-str-profile"},{"extension":[{"url":"http://hl7.org/fhir/StructureDefinition/implementationguide-page","valueUri":"StructureDefinition-ch-emed-medicationdispense.html"}],"reference":{"reference":"StructureDefinition/ch-emed-medicationdispense"},"name":"CH EMED MedicationDispense (DIS)","description":"Definition of the medication dispense for the medication dispense document","exampleBoolean":false,"groupingId":"-str-profile"},{"extension":[{"url":"http://hl7.org/fhir/StructureDefinition/implementationguide-page","valueUri":"StructureDefinition-ch-emed-medicationdispense-list.html"}],"reference":{"reference":"StructureDefinition/ch-emed-medicationdispense-list"},"name":"CH EMED MedicationDispense (LIST)","description":"Definition of the medication dispense for the medication list document","exampleBoolean":false,"groupingId":"-str-profile"},{"extension":[{"url":"http://hl7.org/fhir/StructureDefinition/implementationguide-page","valueUri":"StructureDefinition-ch-emed-medicationrequest-list.html"}],"reference":{"reference":"StructureDefinition/ch-emed-medicationrequest-list"},"name":"CH EMED MedicationRequest (LIST)","description":"Definition of the medication request for the medication list document","exampleBoolean":false,"groupingId":"-str-profile"},{"extension":[{"url":"http://hl7.org/fhir/StructureDefinition/implementationguide-page","valueUri":"StructureDefinition-ch-emed-medicationrequest.html"}],"reference":{"reference":"StructureDefinition/ch-emed-medicationrequest"},"name":"CH EMED MedicationRequest (PRE)","description":"Definition of the medication request for the medication prescription document","exampleBoolean":false,"groupingId":"-str-profile"},{"extension":[{"url":"http://hl7.org/fhir/StructureDefinition/implementationguide-page","valueUri":"StructureDefinition-ch-emed-medicationrequest-changed.html"}],"reference":{"reference":"StructureDefinition/ch-emed-medicationrequest-changed"},"name":"CH EMED MedicationRequest Changed","description":"Definition of the changed medication request for the pharmaceutical advice document","exampleBoolean":false,"groupingId":"-str-profile"},{"extension":[{"url":"http://hl7.org/fhir/StructureDefinition/implementationguide-page","valueUri":"StructureDefinition-ch-emed-medicationstatement.html"}],"reference":{"reference":"StructureDefinition/ch-emed-medicationstatement"},"name":"CH EMED MedicationStatement","description":"Definition of the medication statement for the medication treatment plan document (and as basis medication statement)","exampleBoolean":false,"groupingId":"-str-profile"},{"extension":[{"url":"http://hl7.org/fhir/StructureDefinition/implementationguide-page","valueUri":"StructureDefinition-ch-emed-medicationstatement-card.html"}],"reference":{"reference":"StructureDefinition/ch-emed-medicationstatement-card"},"name":"CH EMED MedicationStatement (CARD)","description":"Definition of the medication statement for the medication card document","exampleBoolean":false,"groupingId":"-str-profile"},{"extension":[{"url":"http://hl7.org/fhir/StructureDefinition/implementationguide-page","valueUri":"StructureDefinition-ch-emed-medicationstatement-list.html"}],"reference":{"reference":"StructureDefinition/ch-emed-medicationstatement-list"},"name":"CH EMED MedicationStatement (LIST)","description":"Definition of the medication statement for the medication list document","exampleBoolean":false,"groupingId":"-str-profile"},{"extension":[{"url":"http://hl7.org/fhir/StructureDefinition/implementationguide-page","valueUri":"StructureDefinition-ch-emed-medicationstatement-changed.html"}],"reference":{"reference":"StructureDefinition/ch-emed-medicationstatement-changed"},"name":"CH EMED MedicationStatement Changed","description":"Definition of the changed medication statement for the pharmaceutical advice document","exampleBoolean":false,"groupingId":"-str-profile"},{"extension":[{"url":"http://hl7.org/fhir/StructureDefinition/implementationguide-page","valueUri":"StructureDefinition-ch-emed-observation-list.html"}],"reference":{"reference":"StructureDefinition/ch-emed-observation-list"},"name":"CH EMED Observation (LIST)","description":"Definition of the observation for the medication list document","exampleBoolean":false,"groupingId":"-str-profile"},{"extension":[{"url":"http://hl7.org/fhir/StructureDefinition/implementationguide-page","valueUri":"StructureDefinition-ch-emed-observation.html"}],"reference":{"reference":"StructureDefinition/ch-emed-observation"},"name":"CH EMED Observation (PADV)","description":"Definition of the observation for the pharmaceutical advice document","exampleBoolean":false,"groupingId":"-str-profile"},{"extension":[{"url":"http://hl7.org/fhir/StructureDefinition/implementationguide-page","valueUri":"StructureDefinition-ch-emed-organization.html"}],"reference":{"reference":"StructureDefinition/ch-emed-organization"},"name":"CH EMED Organization","description":"Definition of the organization for the eMedication context","exampleBoolean":false,"groupingId":"-str-profile"},{"extension":[{"url":"http://hl7.org/fhir/StructureDefinition/implementationguide-page","valueUri":"StructureDefinition-ch-emed-composition-pharmaceuticaladvice.html"}],"reference":{"reference":"StructureDefinition/ch-emed-composition-pharmaceuticaladvice"},"name":"CH EMED Pharmaceutical Advice Composition","description":"Definition of the composition for the pharmaceutical advice document","exampleBoolean":false,"groupingId":"-str-profile"},{"extension":[{"url":"http://hl7.org/fhir/StructureDefinition/implementationguide-page","valueUri":"StructureDefinition-ch-emed-document-pharmaceuticaladvice.html"}],"reference":{"reference":"StructureDefinition/ch-emed-document-pharmaceuticaladvice"},"name":"CH EMED Pharmaceutical Advice Document","description":"Definition of the bundle for the pharmaceutical advice document","exampleBoolean":false,"groupingId":"-str-profile"},{"extension":[{"url":"http://hl7.org/fhir/StructureDefinition/implementationguide-page","valueUri":"StructureDefinition-ch-emed-practitioner.html"}],"reference":{"reference":"StructureDefinition/ch-emed-practitioner"},"name":"CH EMED Practitioner","description":"Definition of the practitioner for the eMedication context","exampleBoolean":false,"groupingId":"-str-profile"},{"extension":[{"url":"http://hl7.org/fhir/StructureDefinition/implementationguide-page","valueUri":"StructureDefinition-ch-emed-practitionerrole.html"}],"reference":{"reference":"StructureDefinition/ch-emed-practitionerrole"},"name":"CH EMED PractitionerRole","description":"Definition of the practitioner role for the eMedication context","exampleBoolean":false,"groupingId":"-str-profile"},{"extension":[{"url":"http://hl7.org/fhir/StructureDefinition/implementationguide-page","valueUri":"StructureDefinition-ch-emed-quantity.html"}],"reference":{"reference":"StructureDefinition/ch-emed-quantity"},"name":"CH EMED Quantity with Units","description":"A quantity with defined units","exampleBoolean":false,"groupingId":"-str-datatype"},{"extension":[{"url":"http://hl7.org/fhir/StructureDefinition/implementationguide-page","valueUri":"StructureDefinition-ch-emed-range.html"}],"reference":{"reference":"StructureDefinition/ch-emed-range"},"name":"CH EMED Range with Units","description":"A range with defined quantity/units","exampleBoolean":false,"groupingId":"-str-datatype"},{"extension":[{"url":"http://hl7.org/fhir/StructureDefinition/implementationguide-page","valueUri":"StructureDefinition-ch-emed-ratio.html"}],"reference":{"reference":"StructureDefinition/ch-emed-ratio"},"name":"CH EMED Ratio with Units","description":"A ratio with defined units","exampleBoolean":false,"groupingId":"-str-datatype"},{"extension":[{"url":"http://hl7.org/fhir/StructureDefinition/implementationguide-page","valueUri":"CodeSystem-edqm-standardterms.html"}],"reference":{"reference":"CodeSystem/edqm-standardterms"},"name":"EDQM - Standard Terms","description":"EDQM - Standard Terms used in Switzerland (aggregations of codes of ValueSets RouteOfAdministration, Dose Form, see original codes system defined in https://standardterms.edqm.eu/#)","exampleBoolean":false,"groupingId":"-term-codesystem"},{"extension":[{"url":"http://hl7.org/fhir/StructureDefinition/implementationguide-page","valueUri":"CodeSystem-ihe-pharmaceuticaladvicestatuslist.html"}],"reference":{"reference":"CodeSystem/ihe-pharmaceuticaladvicestatuslist"},"name":"IHE Pharmaceutical Advice Status List","description":"IHE Pharmaceutical Advice Status List","exampleBoolean":false,"groupingId":"-term-codesystem"},{"extension":[{"url":"http://hl7.org/fhir/StructureDefinition/implementationguide-page","valueUri":"Composition-Comp-ChangeDosage.html"}],"reference":{"reference":"Composition/Comp-ChangeDosage"},"name":"Composition - Change Dosage","description":"Example for Composition","exampleCanonical":"http://fhir.ch/ig/ch-emed/StructureDefinition/ch-emed-composition-pharmaceuticaladvice","groupingId":"-ex-example"},{"extension":[{"url":"http://hl7.org/fhir/StructureDefinition/implementationguide-page","valueUri":"CodeSystem-event-timing.html"}],"reference":{"reference":"CodeSystem/event-timing"},"name":"event-timing Supplement","description":"Translations of concepts for event-timing","exampleBoolean":false,"groupingId":"-term-codesystem"},{"extension":[{"url":"http://hl7.org/fhir/StructureDefinition/implementationguide-page","valueUri":"Device-ExampleDevice.html"}],"reference":{"reference":"Device/ExampleDevice"},"name":"Example Device","description":"Example for Device","exampleBoolean":true,"groupingId":"-ex-example"},{"extension":[{"url":"http://hl7.org/fhir/StructureDefinition/implementationguide-page","valueUri":"Practitioner-FamilienHausarzt.html"}],"reference":{"reference":"Practitioner/FamilienHausarzt"},"name":"Familien Hausarzt","description":"Example for Practitioner","exampleCanonical":"http://fhir.ch/ig/ch-emed/StructureDefinition/ch-emed-practitioner","groupingId":"-ex-example"},{"extension":[{"url":"http://hl7.org/fhir/StructureDefinition/implementationguide-page","valueUri":"PractitionerRole-FamilienHausarztAtHausarzt.html"}],"reference":{"reference":"PractitionerRole/FamilienHausarztAtHausarzt"},"name":"Familien Hausarzt @ Hausarzt","description":"Example for PractitionerRole","exampleCanonical":"http://fhir.ch/ig/ch-emed/StructureDefinition/ch-emed-practitionerrole","groupingId":"-ex-example"},{"extension":[{"url":"http://hl7.org/fhir/StructureDefinition/implementationguide-page","valueUri":"Organization-Hausarzt.html"}],"reference":{"reference":"Organization/Hausarzt"},"name":"Hausarzt","description":"Example for Organization","exampleCanonical":"http://fhir.ch/ig/ch-emed/StructureDefinition/ch-emed-organization","groupingId":"-ex-example"},{"extension":[{"url":"http://hl7.org/fhir/StructureDefinition/implementationguide-page","valueUri":"MedicationDispense-MedDispTriatec-WasNotSubstituted.html"}],"reference":{"reference":"MedicationDispense/MedDispTriatec-WasNotSubstituted"},"name":"Medication Dispense was not substituted","description":"Example for MedicationDispense (DIS): was not substituted","exampleCanonical":"http://fhir.ch/ig/ch-emed/StructureDefinition/ch-emed-medicationdispense","groupingId":"-ex-example"},{"extension":[{"url":"http://hl7.org/fhir/StructureDefinition/implementationguide-page","valueUri":"MedicationDispense-MedDispTriatec-WasSubstituted.html"}],"reference":{"reference":"MedicationDispense/MedDispTriatec-WasSubstituted"},"name":"Medication Dispense was substituted","description":"Example for MedicationDispense (DIS): was substituted","exampleCanonical":"http://fhir.ch/ig/ch-emed/StructureDefinition/ch-emed-medicationdispense","groupingId":"-ex-example"},{"extension":[{"url":"http://hl7.org/fhir/StructureDefinition/implementationguide-page","valueUri":"MedicationRequest-MedReq-ChangeMedication.html"}],"reference":{"reference":"MedicationRequest/MedReq-ChangeMedication"},"name":"Medication Request - Changed Medication","description":"Example for MedicationRequest - Referenced from Observation: PADV 'CHANGE'","exampleCanonical":"http://fhir.ch/ig/ch-emed/StructureDefinition/ch-emed-medicationrequest-changed","groupingId":"-ex-example"},{"extension":[{"url":"http://hl7.org/fhir/StructureDefinition/implementationguide-page","valueUri":"MedicationRequest-MedReq-ComplexDosage.html"}],"reference":{"reference":"MedicationRequest/MedReq-ComplexDosage"},"name":"Medication Request - Complex Dosage","description":"Example for MedicationRequest - Complex Dosage (free text), in reserve, without timing","exampleCanonical":"http://fhir.ch/ig/ch-emed/StructureDefinition/ch-emed-medicationrequest","groupingId":"-ex-example"},{"extension":[{"url":"http://hl7.org/fhir/StructureDefinition/implementationguide-page","valueUri":"MedicationStatement-AsNeededWithMaxDose.html"}],"reference":{"reference":"MedicationStatement/AsNeededWithMaxDose"},"name":"Medication Statement with a medication in reserve and a maximum dosage","description":"Example for MedicationStatment - Take Nitrostat 1 tablet as needed for chest pain, maximum 3 tablets in 15 minutes","exampleCanonical":"http://fhir.ch/ig/ch-emed/StructureDefinition/ch-emed-medicationstatement","groupingId":"-ex-example"},{"extension":[{"url":"http://hl7.org/fhir/StructureDefinition/implementationguide-page","valueUri":"MedicationStatement-MedStatTriatec-ChangeDosage.html"}],"reference":{"reference":"MedicationStatement/MedStatTriatec-ChangeDosage"},"name":"Medication Statement with changed dosage","description":"Example for MedicationStatment - Referenced from Observation: PADV 'CHANGE'","exampleCanonical":"http://fhir.ch/ig/ch-emed/StructureDefinition/ch-emed-medicationstatement-changed","groupingId":"-ex-example"},{"extension":[{"url":"http://hl7.org/fhir/StructureDefinition/implementationguide-page","valueUri":"MedicationStatement-NotRecommendedTimingCodes.html"}],"reference":{"reference":"MedicationStatement/NotRecommendedTimingCodes"},"name":"Medication Statement with NOT recommended timing codes","description":"Example for MedicationStatment with NOT recommended timing codes","exampleCanonical":"http://fhir.ch/ig/ch-emed/StructureDefinition/ch-emed-medicationstatement-card","groupingId":"-ex-example"},{"extension":[{"url":"http://hl7.org/fhir/StructureDefinition/implementationguide-page","valueUri":"Medication-MedicationWithTwoIngredients.html"}],"reference":{"reference":"Medication/MedicationWithTwoIngredients"},"name":"Medication with 2 ingredients","description":"Example for Medication with 2 ingredients","exampleCanonical":"http://fhir.ch/ig/ch-emed/StructureDefinition/ch-emed-medication-medicationdispense","groupingId":"-ex-example"},{"extension":[{"url":"http://hl7.org/fhir/StructureDefinition/implementationguide-page","valueUri":"Medication-MedicationWithATC.html"}],"reference":{"reference":"Medication/MedicationWithATC"},"name":"Medication with ATC","description":"Example for Non-Swiss Medication with ATC code","exampleCanonical":"http://fhir.ch/ig/ch-emed/StructureDefinition/ch-emed-medication","groupingId":"-ex-example"},{"extension":[{"url":"http://hl7.org/fhir/StructureDefinition/implementationguide-page","valueUri":"Patient-MonikaWegmueller.html"}],"reference":{"reference":"Patient/MonikaWegmueller"},"name":"Monika Wegmueller","description":"Example for Patient","exampleBoolean":true,"groupingId":"-ex-example"},{"extension":[{"url":"http://hl7.org/fhir/StructureDefinition/implementationguide-page","valueUri":"Observation-Obs-ChangeDosage.html"}],"reference":{"reference":"Observation/Obs-ChangeDosage"},"name":"Observation for Pharmaceutical Advice document","description":"Example for Observation (PADV): CHANGE","exampleCanonical":"http://fhir.ch/ig/ch-emed/StructureDefinition/ch-emed-observation","groupingId":"-ex-example"},{"extension":[{"url":"http://hl7.org/fhir/StructureDefinition/implementationguide-page","valueUri":"Observation-PharmaceuticalAdvice-ChangeDosage.html"}],"reference":{"reference":"Observation/PharmaceuticalAdvice-ChangeDosage"},"name":"Observation for Pharmaceutical Advice document","description":"Example for Observation (PADV): CHANGE with new MedicationStatement","exampleCanonical":"http://fhir.ch/ig/ch-emed/StructureDefinition/ch-emed-observation","groupingId":"-ex-example"},{"extension":[{"url":"http://hl7.org/fhir/StructureDefinition/implementationguide-page","valueUri":"Observation-PharmaceuticalAdvice-ChangeMedicament.html"}],"reference":{"reference":"Observation/PharmaceuticalAdvice-ChangeMedicament"},"name":"Observation for Pharmaceutical Advice document","description":"Example for Observation (PADV): CHANGE with new MedicationRequest","exampleCanonical":"http://fhir.ch/ig/ch-emed/StructureDefinition/ch-emed-observation","groupingId":"-ex-example"},{"extension":[{"url":"http://hl7.org/fhir/StructureDefinition/implementationguide-page","valueUri":"Bundle-PharmaceuticalAdvice-ChangeDosage.html"}],"reference":{"reference":"Bundle/PharmaceuticalAdvice-ChangeDosage"},"name":"Pharmaceutical Advice document to change the dosage","description":"Example for Bundle","exampleCanonical":"http://fhir.ch/ig/ch-emed/StructureDefinition/ch-emed-document-pharmaceuticaladvice","groupingId":"-ex-example"},{"extension":[{"url":"http://hl7.org/fhir/StructureDefinition/implementationguide-page","valueUri":"Medication-TriatecWithCodeNotFromVS.html"}],"reference":{"reference":"Medication/TriatecWithCodeNotFromVS"},"name":"Triatec with code not from VS","description":"Example for Medication with ingredient code, which is NOT included in the SCT-VS with extensible binding (to show the warning)","exampleCanonical":"http://fhir.ch/ig/ch-emed/StructureDefinition/ch-emed-medication","groupingId":"-ex-example"},{"extension":[{"url":"http://hl7.org/fhir/StructureDefinition/implementationguide-page","valueUri":"Medication-TriatecWithLocalCodes.html"}],"reference":{"reference":"Medication/TriatecWithLocalCodes"},"name":"Triatec with local codes","description":"Example for Medication with local medication codes","exampleCanonical":"http://fhir.ch/ig/ch-emed/StructureDefinition/ch-emed-medication-medicationdispense","groupingId":"-ex-example"},{"extension":[{"url":"http://hl7.org/fhir/StructureDefinition/implementationguide-page","valueUri":"CodeSystem-v3-TimingEvent.html"}],"reference":{"reference":"CodeSystem/v3-TimingEvent"},"name":"v3-TimingEvent Supplement","description":"Translations of concepts for v3-TimingEvent","exampleBoolean":false,"groupingId":"-term-codesystem"},{"extension":[{"url":"http://hl7.org/fhir/StructureDefinition/implementationguide-page","valueUri":"ValueSet-ActivePharmaceuticalIngredient.html"}],"reference":{"reference":"ValueSet/ActivePharmaceuticalIngredient"},"name":"ActivePharmaceuticalIngredient","description":"ActivePharmaceuticalIngredient","exampleBoolean":false,"groupingId":"-term-valueset"},{"extension":[{"url":"http://hl7.org/fhir/StructureDefinition/implementationguide-page","valueUri":"ValueSet-ActSubstanceAdminSubstitutionCode.html"}],"reference":{"reference":"ValueSet/ActSubstanceAdminSubstitutionCode"},"name":"ActSubstanceAdminSubstitutionCode","description":"ActSubstanceAdminSubstitutionCode","exampleBoolean":false,"groupingId":"-term-valueset"},{"extension":[{"url":"http://hl7.org/fhir/StructureDefinition/implementationguide-page","valueUri":"ValueSet-edqm-pharmaceuticaldoseform.html"}],"reference":{"reference":"ValueSet/edqm-pharmaceuticaldoseform"},"name":"EDQM - Pharmaceutical Dose Form","description":"Valueset Pharmaceutical Dose Form from EDQM, PDF, export20.5.2021, see https://standardterms.edqm.eu/#","exampleBoolean":false,"groupingId":"-term-valueset"},{"extension":[{"url":"http://hl7.org/fhir/StructureDefinition/implementationguide-page","valueUri":"ValueSet-edqm-routeofadministration.html"}],"reference":{"reference":"ValueSet/edqm-routeofadministration"},"name":"EDQM - RouteOfAdministration","description":"Valueset RouteOfAdministration from EDQM, ROA, export 1.6.2021, see https://standardterms.edqm.eu/#","exampleBoolean":false,"groupingId":"-term-valueset"},{"extension":[{"url":"http://hl7.org/fhir/StructureDefinition/implementationguide-page","valueUri":"ValueSet-ihe-pharmaceuticaladvicestatuslist.html"}],"reference":{"reference":"ValueSet/ihe-pharmaceuticaladvicestatuslist"},"name":"IHE Pharmaceutical Advice Status List","description":"IHE Pharmaceutical Advice Status List","exampleBoolean":false,"groupingId":"-term-valueset"},{"extension":[{"url":"http://hl7.org/fhir/StructureDefinition/implementationguide-page","valueUri":"ValueSet-UnitCode.html"}],"reference":{"reference":"ValueSet/UnitCode"},"name":"UnitCode","description":"UnitCode","exampleBoolean":false,"groupingId":"-term-valueset"}],"page":{"extension":[{"url":"http://hl7.org/fhir/tools/StructureDefinition/ig-page-name","valueUrl":"toc.html"}],"nameUrl":"toc.html","title":"Table of Contents","generation":"html","page":[{"extension":[{"url":"http://hl7.org/fhir/tools/StructureDefinition/ig-page-name","valueUrl":"index.html"}],"nameUrl":"index.html","title":"Home","generation":"markdown"},{"extension":[{"url":"http://hl7.org/fhir/tools/StructureDefinition/ig-page-name","valueUrl":"medication-treatment-plan-document.html"}],"nameUrl":"medication-treatment-plan-document.html","title":"Medication Treatment Plan document","generation":"markdown"},{"extension":[{"url":"http://hl7.org/fhir/tools/StructureDefinition/ig-page-name","valueUrl":"medication-prescription-document.html"}],"nameUrl":"medication-prescription-document.html","title":"Medication Prescription document","generation":"markdown"},{"extension":[{"url":"http://hl7.org/fhir/tools/StructureDefinition/ig-page-name","valueUrl":"medication-dispense-document.html"}],"nameUrl":"medication-dispense-document.html","title":"Medication Dispense document","generation":"markdown"},{"extension":[{"url":"http://hl7.org/fhir/tools/StructureDefinition/ig-page-name","valueUrl":"pharmaceutical-advice-document.html"}],"nameUrl":"pharmaceutical-advice-document.html","title":"Pharmaceutical Advice document","generation":"markdown"},{"extension":[{"url":"http://hl7.org/fhir/tools/StructureDefinition/ig-page-name","valueUrl":"medication-list-document.html"}],"nameUrl":"medication-list-document.html","title":"Medication List document","generation":"markdown"},{"extension":[{"url":"http://hl7.org/fhir/tools/StructureDefinition/ig-page-name","valueUrl":"medication-card-document.html"}],"nameUrl":"medication-card-document.html","title":"Medication Card document","generation":"markdown"},{"extension":[{"url":"http://hl7.org/fhir/tools/StructureDefinition/ig-page-name","valueUrl":"usecase-german.html"}],"nameUrl":"usecase-german.html","title":"Anwendungsfälle","generation":"markdown"},{"extension":[{"url":"http://hl7.org/fhir/tools/StructureDefinition/ig-page-name","valueUrl":"usecase-french.html"}],"nameUrl":"usecase-french.html","title":"Cas d’application","generation":"markdown"},{"extension":[{"url":"http://hl7.org/fhir/tools/StructureDefinition/ig-page-name","valueUrl":"dosage.html"}],"nameUrl":"dosage.html","title":"Dosage","generation":"markdown"},{"extension":[{"url":"http://hl7.org/fhir/tools/StructureDefinition/ig-page-name","valueUrl":"repeated-dispense.html"}],"nameUrl":"repeated-dispense.html","title":"Repeated Dispense","generation":"markdown"},{"extension":[{"url":"http://hl7.org/fhir/tools/StructureDefinition/ig-page-name","valueUrl":"different-authors.html"}],"nameUrl":"different-authors.html","title":"Different Authors","generation":"markdown"},{"extension":[{"url":"http://hl7.org/fhir/tools/StructureDefinition/ig-page-name","valueUrl":"profiles.html"}],"nameUrl":"profiles.html","title":"Profiles","generation":"markdown"},{"extension":[{"url":"http://hl7.org/fhir/tools/StructureDefinition/ig-page-name","valueUrl":"extensions.html"}],"nameUrl":"extensions.html","title":"Extensions","generation":"markdown"},{"extension":[{"url":"http://hl7.org/fhir/tools/StructureDefinition/ig-page-name","valueUrl":"terminology.html"}],"nameUrl":"terminology.html","title":"Terminology","generation":"markdown"},{"extension":[{"url":"http://hl7.org/fhir/tools/StructureDefinition/ig-page-name","valueUrl":"changelog.html"}],"nameUrl":"changelog.html","title":"Change Log","generation":"markdown"},{"extension":[{"url":"http://hl7.org/fhir/tools/StructureDefinition/ig-page-name","valueUrl":"artifacts.html"}],"nameUrl":"artifacts.html","title":"Artifacts Summary","generation":"html","page":[{"extension":[{"url":"http://hl7.org/fhir/tools/StructureDefinition/ig-page-name","valueUrl":"StructureDefinition-ch-emed-medication.html"}],"nameUrl":"StructureDefinition-ch-emed-medication.html","title":"CH EMED Medication","generation":"generated"},{"extension":[{"url":"http://hl7.org/fhir/tools/StructureDefinition/ig-page-name","valueUrl":"StructureDefinition-ch-emed-medication-medicationdispense.html"}],"nameUrl":"StructureDefinition-ch-emed-medication-medicationdispense.html","title":"CH EMED Medication (MedicationDispense)","generation":"generated"},{"extension":[{"url":"http://hl7.org/fhir/tools/StructureDefinition/ig-page-name","valueUrl":"StructureDefinition-ch-emed-composition-medicationcard.html"}],"nameUrl":"StructureDefinition-ch-emed-composition-medicationcard.html","title":"CH EMED Medication Card Composition","generation":"generated"},{"extension":[{"url":"http://hl7.org/fhir/tools/StructureDefinition/ig-page-name","valueUrl":"StructureDefinition-ch-emed-document-medicationcard.html"}],"nameUrl":"StructureDefinition-ch-emed-document-medicationcard.html","title":"CH EMED Medication Card Document","generation":"generated"},{"extension":[{"url":"http://hl7.org/fhir/tools/StructureDefinition/ig-page-name","valueUrl":"StructureDefinition-ch-emed-composition-medicationdispense.html"}],"nameUrl":"StructureDefinition-ch-emed-composition-medicationdispense.html","title":"CH EMED Medication Dispense Composition","generation":"generated"},{"extension":[{"url":"http://hl7.org/fhir/tools/StructureDefinition/ig-page-name","valueUrl":"StructureDefinition-ch-emed-document-medicationdispense.html"}],"nameUrl":"StructureDefinition-ch-emed-document-medicationdispense.html","title":"CH EMED Medication Dispense Document","generation":"generated"},{"extension":[{"url":"http://hl7.org/fhir/tools/StructureDefinition/ig-page-name","valueUrl":"StructureDefinition-ch-emed-composition-medicationlist.html"}],"nameUrl":"StructureDefinition-ch-emed-composition-medicationlist.html","title":"CH EMED Medication List Composition","generation":"generated"},{"extension":[{"url":"http://hl7.org/fhir/tools/StructureDefinition/ig-page-name","valueUrl":"StructureDefinition-ch-emed-document-medicationlist.html"}],"nameUrl":"StructureDefinition-ch-emed-document-medicationlist.html","title":"CH EMED Medication List Document","generation":"generated"},{"extension":[{"url":"http://hl7.org/fhir/tools/StructureDefinition/ig-page-name","valueUrl":"StructureDefinition-ch-emed-composition-medicationprescription.html"}],"nameUrl":"StructureDefinition-ch-emed-composition-medicationprescription.html","title":"CH EMED Medication Prescription Composition","generation":"generated"},{"extension":[{"url":"http://hl7.org/fhir/tools/StructureDefinition/ig-page-name","valueUrl":"StructureDefinition-ch-emed-document-medicationprescription.html"}],"nameUrl":"StructureDefinition-ch-emed-document-medicationprescription.html","title":"CH EMED Medication Prescription Document","generation":"generated"},{"extension":[{"url":"http://hl7.org/fhir/tools/StructureDefinition/ig-page-name","valueUrl":"StructureDefinition-ch-emed-composition-medicationtreatmentplan.html"}],"nameUrl":"StructureDefinition-ch-emed-composition-medicationtreatmentplan.html","title":"CH EMED Medication Treatment Plan Composition","generation":"generated"},{"extension":[{"url":"http://hl7.org/fhir/tools/StructureDefinition/ig-page-name","valueUrl":"StructureDefinition-ch-emed-document-medicationtreatmentplan.html"}],"nameUrl":"StructureDefinition-ch-emed-document-medicationtreatmentplan.html","title":"CH EMED Medication Treatment Plan Document","generation":"generated"},{"extension":[{"url":"http://hl7.org/fhir/tools/StructureDefinition/ig-page-name","valueUrl":"StructureDefinition-ch-emed-medicationdispense.html"}],"nameUrl":"StructureDefinition-ch-emed-medicationdispense.html","title":"CH EMED MedicationDispense (DIS)","generation":"generated"},{"extension":[{"url":"http://hl7.org/fhir/tools/StructureDefinition/ig-page-name","valueUrl":"StructureDefinition-ch-emed-medicationdispense-list.html"}],"nameUrl":"StructureDefinition-ch-emed-medicationdispense-list.html","title":"CH EMED MedicationDispense (LIST)","generation":"generated"},{"extension":[{"url":"http://hl7.org/fhir/tools/StructureDefinition/ig-page-name","valueUrl":"StructureDefinition-ch-emed-medicationrequest-list.html"}],"nameUrl":"StructureDefinition-ch-emed-medicationrequest-list.html","title":"CH EMED MedicationRequest (LIST)","generation":"generated"},{"extension":[{"url":"http://hl7.org/fhir/tools/StructureDefinition/ig-page-name","valueUrl":"StructureDefinition-ch-emed-medicationrequest.html"}],"nameUrl":"StructureDefinition-ch-emed-medicationrequest.html","title":"CH EMED MedicationRequest (PRE)","generation":"generated"},{"extension":[{"url":"http://hl7.org/fhir/tools/StructureDefinition/ig-page-name","valueUrl":"StructureDefinition-ch-emed-medicationrequest-changed.html"}],"nameUrl":"StructureDefinition-ch-emed-medicationrequest-changed.html","title":"CH EMED MedicationRequest Changed","generation":"generated"},{"extension":[{"url":"http://hl7.org/fhir/tools/StructureDefinition/ig-page-name","valueUrl":"StructureDefinition-ch-emed-medicationstatement.html"}],"nameUrl":"StructureDefinition-ch-emed-medicationstatement.html","title":"CH EMED MedicationStatement","generation":"generated"},{"extension":[{"url":"http://hl7.org/fhir/tools/StructureDefinition/ig-page-name","valueUrl":"StructureDefinition-ch-emed-medicationstatement-card.html"}],"nameUrl":"StructureDefinition-ch-emed-medicationstatement-card.html","title":"CH EMED MedicationStatement (CARD)","generation":"generated"},{"extension":[{"url":"http://hl7.org/fhir/tools/StructureDefinition/ig-page-name","valueUrl":"StructureDefinition-ch-emed-medicationstatement-list.html"}],"nameUrl":"StructureDefinition-ch-emed-medicationstatement-list.html","title":"CH EMED MedicationStatement (LIST)","generation":"generated"},{"extension":[{"url":"http://hl7.org/fhir/tools/StructureDefinition/ig-page-name","valueUrl":"StructureDefinition-ch-emed-medicationstatement-changed.html"}],"nameUrl":"StructureDefinition-ch-emed-medicationstatement-changed.html","title":"CH EMED MedicationStatement Changed","generation":"generated"},{"extension":[{"url":"http://hl7.org/fhir/tools/StructureDefinition/ig-page-name","valueUrl":"StructureDefinition-ch-emed-observation-list.html"}],"nameUrl":"StructureDefinition-ch-emed-observation-list.html","title":"CH EMED Observation (LIST)","generation":"generated"},{"extension":[{"url":"http://hl7.org/fhir/tools/StructureDefinition/ig-page-name","valueUrl":"StructureDefinition-ch-emed-observation.html"}],"nameUrl":"StructureDefinition-ch-emed-observation.html","title":"CH EMED Observation (PADV)","generation":"generated"},{"extension":[{"url":"http://hl7.org/fhir/tools/StructureDefinition/ig-page-name","valueUrl":"StructureDefinition-ch-emed-organization.html"}],"nameUrl":"StructureDefinition-ch-emed-organization.html","title":"CH EMED Organization","generation":"generated"},{"extension":[{"url":"http://hl7.org/fhir/tools/StructureDefinition/ig-page-name","valueUrl":"StructureDefinition-ch-emed-composition-pharmaceuticaladvice.html"}],"nameUrl":"StructureDefinition-ch-emed-composition-pharmaceuticaladvice.html","title":"CH EMED Pharmaceutical Advice Composition","generation":"generated"},{"extension":[{"url":"http://hl7.org/fhir/tools/StructureDefinition/ig-page-name","valueUrl":"StructureDefinition-ch-emed-document-pharmaceuticaladvice.html"}],"nameUrl":"StructureDefinition-ch-emed-document-pharmaceuticaladvice.html","title":"CH EMED Pharmaceutical Advice Document","generation":"generated"},{"extension":[{"url":"http://hl7.org/fhir/tools/StructureDefinition/ig-page-name","valueUrl":"StructureDefinition-ch-emed-practitioner.html"}],"nameUrl":"StructureDefinition-ch-emed-practitioner.html","title":"CH EMED Practitioner","generation":"generated"},{"extension":[{"url":"http://hl7.org/fhir/tools/StructureDefinition/ig-page-name","valueUrl":"StructureDefinition-ch-emed-practitionerrole.html"}],"nameUrl":"StructureDefinition-ch-emed-practitionerrole.html","title":"CH EMED PractitionerRole","generation":"generated"},{"extension":[{"url":"http://hl7.org/fhir/tools/StructureDefinition/ig-page-name","valueUrl":"StructureDefinition-ch-emed-dosage-medicationrequest.html"}],"nameUrl":"StructureDefinition-ch-emed-dosage-medicationrequest.html","title":"CH EMED Dosage (MedicationRequest)","generation":"generated"},{"extension":[{"url":"http://hl7.org/fhir/tools/StructureDefinition/ig-page-name","valueUrl":"StructureDefinition-ch-emed-dosage.html"}],"nameUrl":"StructureDefinition-ch-emed-dosage.html","title":"CH EMED Dosage (MedicationStatement / MedicationDispense)","generation":"generated"},{"extension":[{"url":"http://hl7.org/fhir/tools/StructureDefinition/ig-page-name","valueUrl":"StructureDefinition-ch-emed-dosage-split.html"}],"nameUrl":"StructureDefinition-ch-emed-dosage-split.html","title":"CH EMED Dosage Split","generation":"generated"},{"extension":[{"url":"http://hl7.org/fhir/tools/StructureDefinition/ig-page-name","valueUrl":"StructureDefinition-ch-emed-quantity.html"}],"nameUrl":"StructureDefinition-ch-emed-quantity.html","title":"CH EMED Quantity with Units","generation":"generated"},{"extension":[{"url":"http://hl7.org/fhir/tools/StructureDefinition/ig-page-name","valueUrl":"StructureDefinition-ch-emed-range.html"}],"nameUrl":"StructureDefinition-ch-emed-range.html","title":"CH EMED Range with Units","generation":"generated"},{"extension":[{"url":"http://hl7.org/fhir/tools/StructureDefinition/ig-page-name","valueUrl":"StructureDefinition-ch-emed-ratio.html"}],"nameUrl":"StructureDefinition-ch-emed-ratio.html","title":"CH EMED Ratio with Units","generation":"generated"},{"extension":[{"url":"http://hl7.org/fhir/tools/StructureDefinition/ig-page-name","valueUrl":"StructureDefinition-ch-emed-ext-dispense.html"}],"nameUrl":"StructureDefinition-ch-emed-ext-dispense.html","title":"CH EMED Extension Dispense","generation":"generated"},{"extension":[{"url":"http://hl7.org/fhir/tools/StructureDefinition/ig-page-name","valueUrl":"StructureDefinition-ch-emed-ext-medicationrequest-changed.html"}],"nameUrl":"StructureDefinition-ch-emed-ext-medicationrequest-changed.html","title":"CH EMED Extension MedicationRequest Changed","generation":"generated"},{"extension":[{"url":"http://hl7.org/fhir/tools/StructureDefinition/ig-page-name","valueUrl":"StructureDefinition-ch-emed-ext-medicationstatement-changed.html"}],"nameUrl":"StructureDefinition-ch-emed-ext-medicationstatement-changed.html","title":"CH EMED Extension MedicationStatement Changed","generation":"generated"},{"extension":[{"url":"http://hl7.org/fhir/tools/StructureDefinition/ig-page-name","valueUrl":"StructureDefinition-ch-emed-ext-pharmaceuticaladvice.html"}],"nameUrl":"StructureDefinition-ch-emed-ext-pharmaceuticaladvice.html","title":"CH EMED Extension Pharmaceutical Advice","generation":"generated"},{"extension":[{"url":"http://hl7.org/fhir/tools/StructureDefinition/ig-page-name","valueUrl":"StructureDefinition-ch-emed-ext-prescription.html"}],"nameUrl":"StructureDefinition-ch-emed-ext-prescription.html","title":"CH EMED Extension Prescription","generation":"generated"},{"extension":[{"url":"http://hl7.org/fhir/tools/StructureDefinition/ig-page-name","valueUrl":"StructureDefinition-ch-emed-ext-substitution.html"}],"nameUrl":"StructureDefinition-ch-emed-ext-substitution.html","title":"CH EMED Extension Substitution","generation":"generated"},{"extension":[{"url":"http://hl7.org/fhir/tools/StructureDefinition/ig-page-name","valueUrl":"StructureDefinition-ch-emed-ext-treatmentplan.html"}],"nameUrl":"StructureDefinition-ch-emed-ext-treatmentplan.html","title":"CH EMED Extension Treatment Plan","generation":"generated"},{"extension":[{"url":"http://hl7.org/fhir/tools/StructureDefinition/ig-page-name","valueUrl":"StructureDefinition-ch-emed-ext-treatmentreason.html"}],"nameUrl":"StructureDefinition-ch-emed-ext-treatmentreason.html","title":"CH EMED Extension Treatment Reason","generation":"generated"},{"extension":[{"url":"http://hl7.org/fhir/tools/StructureDefinition/ig-page-name","valueUrl":"ValueSet-ActivePharmaceuticalIngredient.html"}],"nameUrl":"ValueSet-ActivePharmaceuticalIngredient.html","title":"ActivePharmaceuticalIngredient","generation":"generated"},{"extension":[{"url":"http://hl7.org/fhir/tools/StructureDefinition/ig-page-name","valueUrl":"ValueSet-ActSubstanceAdminSubstitutionCode.html"}],"nameUrl":"ValueSet-ActSubstanceAdminSubstitutionCode.html","title":"ActSubstanceAdminSubstitutionCode","generation":"generated"},{"extension":[{"url":"http://hl7.org/fhir/tools/StructureDefinition/ig-page-name","valueUrl":"ValueSet-edqm-pharmaceuticaldoseform.html"}],"nameUrl":"ValueSet-edqm-pharmaceuticaldoseform.html","title":"EDQM - Pharmaceutical Dose Form","generation":"generated"},{"extension":[{"url":"http://hl7.org/fhir/tools/StructureDefinition/ig-page-name","valueUrl":"ValueSet-edqm-routeofadministration.html"}],"nameUrl":"ValueSet-edqm-routeofadministration.html","title":"EDQM - RouteOfAdministration","generation":"generated"},{"extension":[{"url":"http://hl7.org/fhir/tools/StructureDefinition/ig-page-name","valueUrl":"ValueSet-ihe-pharmaceuticaladvicestatuslist.html"}],"nameUrl":"ValueSet-ihe-pharmaceuticaladvicestatuslist.html","title":"IHE Pharmaceutical Advice Status List","generation":"generated"},{"extension":[{"url":"http://hl7.org/fhir/tools/StructureDefinition/ig-page-name","valueUrl":"ValueSet-UnitCode.html"}],"nameUrl":"ValueSet-UnitCode.html","title":"UnitCode","generation":"generated"},{"extension":[{"url":"http://hl7.org/fhir/tools/StructureDefinition/ig-page-name","valueUrl":"CodeSystem-edqm-standardterms.html"}],"nameUrl":"CodeSystem-edqm-standardterms.html","title":"EDQM - Standard Terms","generation":"generated"},{"extension":[{"url":"http://hl7.org/fhir/tools/StructureDefinition/ig-page-name","valueUrl":"CodeSystem-ihe-pharmaceuticaladvicestatuslist.html"}],"nameUrl":"CodeSystem-ihe-pharmaceuticaladvicestatuslist.html","title":"IHE Pharmaceutical Advice Status List","generation":"generated"},{"extension":[{"url":"http://hl7.org/fhir/tools/StructureDefinition/ig-page-name","valueUrl":"CodeSystem-event-timing.html"}],"nameUrl":"CodeSystem-event-timing.html","title":"event-timing Supplement","generation":"generated"},{"extension":[{"url":"http://hl7.org/fhir/tools/StructureDefinition/ig-page-name","valueUrl":"CodeSystem-v3-TimingEvent.html"}],"nameUrl":"CodeSystem-v3-TimingEvent.html","title":"v3-TimingEvent Supplement","generation":"generated"},{"extension":[{"url":"http://hl7.org/fhir/tools/StructureDefinition/ig-page-name","valueUrl":"Composition-1-1-Composition.html"}],"nameUrl":"Composition-1-1-Composition.html","title":"1-1 Composition for Medication Treatment Plan document","generation":"generated"},{"extension":[{"url":"http://hl7.org/fhir/tools/StructureDefinition/ig-page-name","valueUrl":"MedicationStatement-1-1-MedStatTriatec.html"}],"nameUrl":"MedicationStatement-1-1-MedStatTriatec.html","title":"1-1 Medication Statement with Medication Triatec","generation":"generated"},{"extension":[{"url":"http://hl7.org/fhir/tools/StructureDefinition/ig-page-name","valueUrl":"Bundle-1-1-MedicationTreatmentPlan.html"}],"nameUrl":"Bundle-1-1-MedicationTreatmentPlan.html","title":"1-1 Medication Treatment Plan document","generation":"generated"},{"extension":[{"url":"http://hl7.org/fhir/tools/StructureDefinition/ig-page-name","valueUrl":"Composition-1-2-Composition.html"}],"nameUrl":"Composition-1-2-Composition.html","title":"1-2 Composition for Medication Dispense document","generation":"generated"},{"extension":[{"url":"http://hl7.org/fhir/tools/StructureDefinition/ig-page-name","valueUrl":"Bundle-1-2-MedicationDispense.html"}],"nameUrl":"Bundle-1-2-MedicationDispense.html","title":"1-2 Medication Dispense document","generation":"generated"},{"extension":[{"url":"http://hl7.org/fhir/tools/StructureDefinition/ig-page-name","valueUrl":"MedicationDispense-2-4-MedDispBeloczok.html"}],"nameUrl":"MedicationDispense-2-4-MedDispBeloczok.html","title":"1-2 Medication Dispense with Medication Beloc Zok","generation":"generated"},{"extension":[{"url":"http://hl7.org/fhir/tools/StructureDefinition/ig-page-name","valueUrl":"MedicationDispense-1-2-MedDispTriatec.html"}],"nameUrl":"MedicationDispense-1-2-MedDispTriatec.html","title":"1-2 Medication Dispense with Medication Triatec","generation":"generated"},{"extension":[{"url":"http://hl7.org/fhir/tools/StructureDefinition/ig-page-name","valueUrl":"Composition-2-1-Composition.html"}],"nameUrl":"Composition-2-1-Composition.html","title":"2-1 Composition for Medication List document","generation":"generated"},{"extension":[{"url":"http://hl7.org/fhir/tools/StructureDefinition/ig-page-name","valueUrl":"MedicationDispense-2-1-MedDispTriatec.html"}],"nameUrl":"MedicationDispense-2-1-MedDispTriatec.html","title":"2-1 Medication Dispense with Medication Triatec","generation":"generated"},{"extension":[{"url":"http://hl7.org/fhir/tools/StructureDefinition/ig-page-name","valueUrl":"Bundle-2-1-MedicationList.html"}],"nameUrl":"Bundle-2-1-MedicationList.html","title":"2-1 Medication List document","generation":"generated"},{"extension":[{"url":"http://hl7.org/fhir/tools/StructureDefinition/ig-page-name","valueUrl":"MedicationStatement-2-1-MedStatTriatec.html"}],"nameUrl":"MedicationStatement-2-1-MedStatTriatec.html","title":"2-1 Medication Statement with Medication Triatec","generation":"generated"},{"extension":[{"url":"http://hl7.org/fhir/tools/StructureDefinition/ig-page-name","valueUrl":"Composition-2-2-Composition.html"}],"nameUrl":"Composition-2-2-Composition.html","title":"2-2 Composition for Pharmaceutical Advice document","generation":"generated"},{"extension":[{"url":"http://hl7.org/fhir/tools/StructureDefinition/ig-page-name","valueUrl":"Observation-2-2-ObsPharmaceuticalAdvice.html"}],"nameUrl":"Observation-2-2-ObsPharmaceuticalAdvice.html","title":"2-2 Observation for Pharmaceutical Advice document","generation":"generated"},{"extension":[{"url":"http://hl7.org/fhir/tools/StructureDefinition/ig-page-name","valueUrl":"Bundle-2-2-PharmaceuticalAdvice.html"}],"nameUrl":"Bundle-2-2-PharmaceuticalAdvice.html","title":"2-2 Pharmaceutical Advice document","generation":"generated"},{"extension":[{"url":"http://hl7.org/fhir/tools/StructureDefinition/ig-page-name","valueUrl":"Composition-2-3-Composition.html"}],"nameUrl":"Composition-2-3-Composition.html","title":"2-3 Composition for Medication Treatment Plan document","generation":"generated"},{"extension":[{"url":"http://hl7.org/fhir/tools/StructureDefinition/ig-page-name","valueUrl":"MedicationStatement-2-3-MedStatBeloczok.html"}],"nameUrl":"MedicationStatement-2-3-MedStatBeloczok.html","title":"2-3 Medication Statement with Medication Beloc Zok","generation":"generated"},{"extension":[{"url":"http://hl7.org/fhir/tools/StructureDefinition/ig-page-name","valueUrl":"Bundle-2-3-MedicationTreatmentPlan.html"}],"nameUrl":"Bundle-2-3-MedicationTreatmentPlan.html","title":"2-3 Medication Treatment Plan document","generation":"generated"},{"extension":[{"url":"http://hl7.org/fhir/tools/StructureDefinition/ig-page-name","valueUrl":"Composition-2-4-Composition.html"}],"nameUrl":"Composition-2-4-Composition.html","title":"2-4 Composition for Medication Dispense document","generation":"generated"},{"extension":[{"url":"http://hl7.org/fhir/tools/StructureDefinition/ig-page-name","valueUrl":"Bundle-2-4-MedicationDispense.html"}],"nameUrl":"Bundle-2-4-MedicationDispense.html","title":"2-4 Medication Dispense document","generation":"generated"},{"extension":[{"url":"http://hl7.org/fhir/tools/StructureDefinition/ig-page-name","valueUrl":"Composition-2-5-Composition.html"}],"nameUrl":"Composition-2-5-Composition.html","title":"2-5 Composition for Medication Treatment Plan document","generation":"generated"},{"extension":[{"url":"http://hl7.org/fhir/tools/StructureDefinition/ig-page-name","valueUrl":"MedicationStatement-2-5-MedStatNorvasc.html"}],"nameUrl":"MedicationStatement-2-5-MedStatNorvasc.html","title":"2-5 Medication Statement with Medication Norvasc","generation":"generated"},{"extension":[{"url":"http://hl7.org/fhir/tools/StructureDefinition/ig-page-name","valueUrl":"Bundle-2-5-MedicationTreatmentPlan.html"}],"nameUrl":"Bundle-2-5-MedicationTreatmentPlan.html","title":"2-5 Medication Treatment Plan document","generation":"generated"},{"extension":[{"url":"http://hl7.org/fhir/tools/StructureDefinition/ig-page-name","valueUrl":"Composition-2-6-Composition.html"}],"nameUrl":"Composition-2-6-Composition.html","title":"2-6 Composition for Medication Prescription document","generation":"generated"},{"extension":[{"url":"http://hl7.org/fhir/tools/StructureDefinition/ig-page-name","valueUrl":"Bundle-2-6-MedicationPrescription.html"}],"nameUrl":"Bundle-2-6-MedicationPrescription.html","title":"2-6 Medication Prescription document","generation":"generated"},{"extension":[{"url":"http://hl7.org/fhir/tools/StructureDefinition/ig-page-name","valueUrl":"MedicationRequest-2-6-MedReqNorvasc.html"}],"nameUrl":"MedicationRequest-2-6-MedReqNorvasc.html","title":"2-6 Medication Request with Medication Norvasc","generation":"generated"},{"extension":[{"url":"http://hl7.org/fhir/tools/StructureDefinition/ig-page-name","valueUrl":"Binary-2-6-pdf.html"}],"nameUrl":"Binary-2-6-pdf.html","title":"2-6 PDF as original representation of the Medication Prescription document","generation":"generated"},{"extension":[{"url":"http://hl7.org/fhir/tools/StructureDefinition/ig-page-name","valueUrl":"Composition-2-7-Composition.html"}],"nameUrl":"Composition-2-7-Composition.html","title":"2-7 Composition for Medication Card document","generation":"generated"},{"extension":[{"url":"http://hl7.org/fhir/tools/StructureDefinition/ig-page-name","valueUrl":"Bundle-2-7-MedicationCard.html"}],"nameUrl":"Bundle-2-7-MedicationCard.html","title":"2-7 Medication Card document","generation":"generated"},{"extension":[{"url":"http://hl7.org/fhir/tools/StructureDefinition/ig-page-name","valueUrl":"Bundle-2-7-MedicationCard-UUIDfullUrl.html"}],"nameUrl":"Bundle-2-7-MedicationCard-UUIDfullUrl.html","title":"2-7 Medication Card document (with references/fullUrls as UUIDs)","generation":"generated"},{"extension":[{"url":"http://hl7.org/fhir/tools/StructureDefinition/ig-page-name","valueUrl":"MedicationStatement-2-7-MedStatBeloczok.html"}],"nameUrl":"MedicationStatement-2-7-MedStatBeloczok.html","title":"2-7 Medication Statement with Medication Beloc Zok","generation":"generated"},{"extension":[{"url":"http://hl7.org/fhir/tools/StructureDefinition/ig-page-name","valueUrl":"MedicationStatement-2-7-MedStatNorvasc.html"}],"nameUrl":"MedicationStatement-2-7-MedStatNorvasc.html","title":"2-7 Medication Statement with Medication Norvasc","generation":"generated"},{"extension":[{"url":"http://hl7.org/fhir/tools/StructureDefinition/ig-page-name","valueUrl":"Binary-2-7-pdf.html"}],"nameUrl":"Binary-2-7-pdf.html","title":"2-7 PDF as original representation of the Medication Card document","generation":"generated"},{"extension":[{"url":"http://hl7.org/fhir/tools/StructureDefinition/ig-page-name","valueUrl":"Composition-Comp-ChangeDosage.html"}],"nameUrl":"Composition-Comp-ChangeDosage.html","title":"Composition - Change Dosage","generation":"generated"},{"extension":[{"url":"http://hl7.org/fhir/tools/StructureDefinition/ig-page-name","valueUrl":"Device-ExampleDevice.html"}],"nameUrl":"Device-ExampleDevice.html","title":"Example Device","generation":"generated"},{"extension":[{"url":"http://hl7.org/fhir/tools/StructureDefinition/ig-page-name","valueUrl":"Practitioner-FamilienHausarzt.html"}],"nameUrl":"Practitioner-FamilienHausarzt.html","title":"Familien Hausarzt","generation":"generated"},{"extension":[{"url":"http://hl7.org/fhir/tools/StructureDefinition/ig-page-name","valueUrl":"PractitionerRole-FamilienHausarztAtHausarzt.html"}],"nameUrl":"PractitionerRole-FamilienHausarztAtHausarzt.html","title":"Familien Hausarzt @ Hausarzt","generation":"generated"},{"extension":[{"url":"http://hl7.org/fhir/tools/StructureDefinition/ig-page-name","valueUrl":"Organization-Hausarzt.html"}],"nameUrl":"Organization-Hausarzt.html","title":"Hausarzt","generation":"generated"},{"extension":[{"url":"http://hl7.org/fhir/tools/StructureDefinition/ig-page-name","valueUrl":"MedicationDispense-MedDispTriatec-WasNotSubstituted.html"}],"nameUrl":"MedicationDispense-MedDispTriatec-WasNotSubstituted.html","title":"Medication Dispense was not substituted","generation":"generated"},{"extension":[{"url":"http://hl7.org/fhir/tools/StructureDefinition/ig-page-name","valueUrl":"MedicationDispense-MedDispTriatec-WasSubstituted.html"}],"nameUrl":"MedicationDispense-MedDispTriatec-WasSubstituted.html","title":"Medication Dispense was substituted","generation":"generated"},{"extension":[{"url":"http://hl7.org/fhir/tools/StructureDefinition/ig-page-name","valueUrl":"MedicationRequest-MedReq-ChangeMedication.html"}],"nameUrl":"MedicationRequest-MedReq-ChangeMedication.html","title":"Medication Request - Changed Medication","generation":"generated"},{"extension":[{"url":"http://hl7.org/fhir/tools/StructureDefinition/ig-page-name","valueUrl":"MedicationRequest-MedReq-ComplexDosage.html"}],"nameUrl":"MedicationRequest-MedReq-ComplexDosage.html","title":"Medication Request - Complex Dosage","generation":"generated"},{"extension":[{"url":"http://hl7.org/fhir/tools/StructureDefinition/ig-page-name","valueUrl":"MedicationStatement-AsNeededWithMaxDose.html"}],"nameUrl":"MedicationStatement-AsNeededWithMaxDose.html","title":"Medication Statement with a medication in reserve and a maximum dosage","generation":"generated"},{"extension":[{"url":"http://hl7.org/fhir/tools/StructureDefinition/ig-page-name","valueUrl":"MedicationStatement-MedStatTriatec-ChangeDosage.html"}],"nameUrl":"MedicationStatement-MedStatTriatec-ChangeDosage.html","title":"Medication Statement with changed dosage","generation":"generated"},{"extension":[{"url":"http://hl7.org/fhir/tools/StructureDefinition/ig-page-name","valueUrl":"MedicationStatement-NotRecommendedTimingCodes.html"}],"nameUrl":"MedicationStatement-NotRecommendedTimingCodes.html","title":"Medication Statement with NOT recommended timing codes","generation":"generated"},{"extension":[{"url":"http://hl7.org/fhir/tools/StructureDefinition/ig-page-name","valueUrl":"Medication-MedicationWithTwoIngredients.html"}],"nameUrl":"Medication-MedicationWithTwoIngredients.html","title":"Medication with 2 ingredients","generation":"generated"},{"extension":[{"url":"http://hl7.org/fhir/tools/StructureDefinition/ig-page-name","valueUrl":"Medication-MedicationWithATC.html"}],"nameUrl":"Medication-MedicationWithATC.html","title":"Medication with ATC","generation":"generated"},{"extension":[{"url":"http://hl7.org/fhir/tools/StructureDefinition/ig-page-name","valueUrl":"Patient-MonikaWegmueller.html"}],"nameUrl":"Patient-MonikaWegmueller.html","title":"Monika Wegmueller","generation":"generated"},{"extension":[{"url":"http://hl7.org/fhir/tools/StructureDefinition/ig-page-name","valueUrl":"Observation-Obs-ChangeDosage.html"}],"nameUrl":"Observation-Obs-ChangeDosage.html","title":"Observation for Pharmaceutical Advice document","generation":"generated"},{"extension":[{"url":"http://hl7.org/fhir/tools/StructureDefinition/ig-page-name","valueUrl":"Observation-PharmaceuticalAdvice-ChangeDosage.html"}],"nameUrl":"Observation-PharmaceuticalAdvice-ChangeDosage.html","title":"Observation for Pharmaceutical Advice document","generation":"generated"},{"extension":[{"url":"http://hl7.org/fhir/tools/StructureDefinition/ig-page-name","valueUrl":"Observation-PharmaceuticalAdvice-ChangeMedicament.html"}],"nameUrl":"Observation-PharmaceuticalAdvice-ChangeMedicament.html","title":"Observation for Pharmaceutical Advice document","generation":"generated"},{"extension":[{"url":"http://hl7.org/fhir/tools/StructureDefinition/ig-page-name","valueUrl":"Bundle-PharmaceuticalAdvice-ChangeDosage.html"}],"nameUrl":"Bundle-PharmaceuticalAdvice-ChangeDosage.html","title":"Pharmaceutical Advice document to change the dosage","generation":"generated"},{"extension":[{"url":"http://hl7.org/fhir/tools/StructureDefinition/ig-page-name","valueUrl":"Medication-TriatecWithCodeNotFromVS.html"}],"nameUrl":"Medication-TriatecWithCodeNotFromVS.html","title":"Triatec with code not from VS","generation":"generated"},{"extension":[{"url":"http://hl7.org/fhir/tools/StructureDefinition/ig-page-name","valueUrl":"Medication-TriatecWithLocalCodes.html"}],"nameUrl":"Medication-TriatecWithLocalCodes.html","title":"Triatec with local codes","generation":"generated"}]}]},"parameter":[{"code":"path-resource","value":"input/capabilities"},{"code":"path-resource","value":"input/examples"},{"code":"path-resource","value":"input/extensions"},{"code":"path-resource","value":"input/models"},{"code":"path-resource","value":"input/operations"},{"code":"path-resource","value":"input/profiles"},{"code":"path-resource","value":"input/resources"},{"code":"path-resource","value":"input/vocabulary"},{"code":"path-resource","value":"input/maps"},{"code":"path-resource","value":"input/testing"},{"code":"path-resource","value":"input/history"},{"code":"path-resource","value":"fsh-generated/resources"},{"code":"path-pages","value":"template/config"},{"code":"path-pages","value":"input/images"},{"code":"path-tx-cache","value":"input-cache/txcache"}]}}