{"resourceType":"ValueSet","id":"ihe-pharmaceuticaladvicestatuslist","meta":{"source":"https://art-decor.org/fhir/ValueSet/2.16.756.5.30.1.1.11.4--20200106135719","profile":["http://hl7.org/fhir/StructureDefinition/shareablevalueset"]},"text":{"status":"extensions","div":"<div xmlns=\"http://www.w3.org/1999/xhtml\"><ul><li>Include these codes as defined in <a href=\"CodeSystem-ihe-pharmaceuticaladvicestatuslist.html\"><code>urn:oid:1.3.6.1.4.1.19376.1.9.2.1</code></a><table class=\"none\"><tr><td style=\"white-space:nowrap\"><b>Code</b></td><td><b>Display</b></td><td><b>Comments</b></td></tr><tr><td><a href=\"CodeSystem-ihe-pharmaceuticaladvicestatuslist.html#ihe-pharmaceuticaladvicestatuslist-OK\">OK</a></td><td>OK</td><td>Note: Usage in case when this Pharmaceutical Advice references a Medication Treatment Plan \n\n    Item:\n    Medication Treatment Plan Item is active (allow to document complementary information).Usage in case when this Pharmaceutical Advice references a Prescription Item:\n    Prescription Item is active (e.g., can be dispensed, no change expected but allowed if recommended medication given).Usage in case when this Pharmaceutical Advice references a Dispense Item:\n    Dispense Item is active (e.g., resumed from being suspended).</td></tr><tr><td><a href=\"CodeSystem-ihe-pharmaceuticaladvicestatuslist.html#ihe-pharmaceuticaladvicestatuslist-CHANGE\">CHANGE</a></td><td>CHANGE</td><td>Note: Usage in case when this Pharmaceutical Advice references a Medication Treatment Plan \n\n    Item:\n    Change of planning.Usage in case when this Pharmaceutical Advice references a Prescription Item:\n    Dispense with change expectedUsage in case when this Pharmaceutical Advice references a Dispense Item:\n    Change in any information element of the Dispense Item except the medication (e.g., dosageinstructions, patient instructions, etc.). The original Medicine Entry Item referenced by the Dispense Item shall be unchanged.</td></tr><tr><td><a href=\"CodeSystem-ihe-pharmaceuticaladvicestatuslist.html#ihe-pharmaceuticaladvicestatuslist-REFUSE\">REFUSE</a></td><td>REFUSE</td><td>Note: Usage in case when this Pharmaceutical Advice references a Medication Treatment Plan \n\n    Item:\n    Refusal to integrate this medication in the treatment plan until further discussion with the medication treatment plannerUsage in case when this Pharmaceutical Advice references a Prescription Item:\n    Refusal to dispense until further discussion with prescriber</td></tr><tr><td><a href=\"CodeSystem-ihe-pharmaceuticaladvicestatuslist.html#ihe-pharmaceuticaladvicestatuslist-CANCEL\">CANCEL</a></td><td>CANCEL</td><td>Note: Usage in case when this Pharmaceutical Advice references a Medication Treatment Plan \n\n    Item:\n    Definite cancelation of the Medication Treatment Plan Item (item will not be part of the treatment plan any more).Usage in case when this Pharmaceutical Advice references a Prescription Item:\n    Definite cancelation of the Prescription Item (item will not be dispensed)Usage in case when this Pharmaceutical Advice references a Dispense item:\n    Definite stopping of the dispensed medication (patient stops intake of the medication)</td></tr><tr><td><a href=\"CodeSystem-ihe-pharmaceuticaladvicestatuslist.html#ihe-pharmaceuticaladvicestatuslist-SUSPEND\">SUSPEND</a></td><td>SUSPEND</td><td>Note: Usage in case when this Pharmaceutical Advice references a Medication Treatment Plan \n\n    Item:\n    Medication Treatment Plan Item is temporarily set to suspended with the decision on how to continue postponed to a later point of time (e.g., release it again by setting it to OK, finally cancel it by setting to CANCEL, etc.). The item shall not be part of the active treatment plan during set to suspended.Usage in case when this Pharmaceutical Advice references a Prescription Item:\n    Prescription Item is temporarily set to suspended with the decision on how to continue postponed to a later point of time (e.g., release it again by setting it to OK, finally cancel it by setting to CANCEL, etc.). The item shall not be dispensed during set to suspended.Usage in case when this Pharmaceutical Advice references a Dispense item:\n    Dispense item is temporarily set to suspended with the decision on how to continue postponed to a later point of time (e.g., release it again by setting it to OK, finally cancel it by setting to CANCEL, etc.). The medication shall not be taken by the patient during set to suspended.</td></tr><tr><td><a href=\"CodeSystem-ihe-pharmaceuticaladvicestatuslist.html#ihe-pharmaceuticaladvicestatuslist-COMMENT\">COMMENT</a></td><td>COMMENT</td><td>Note: General usage: Comment on the referenced item</td></tr></table></li></ul></div>"},"extension":[{"url":"http://hl7.org/fhir/StructureDefinition/resource-effectivePeriod","valuePeriod":{"start":"2020-01-06T13:57:19+01:00"}}],"url":"http://fhir.ch/ig/ch-emed/ValueSet/ihe-pharmaceuticaladvicestatuslist","identifier":[{"use":"official","system":"urn:ietf:rfc:3986","value":"urn:oid:2.16.756.5.30.1.1.11.4"}],"version":"4.0.0-ballot","name":"IHEPharmaceuticalAdviceStatusList","title":"IHE Pharmaceutical Advice Status List","status":"active","experimental":false,"date":"2023-06-29T14:57:50+02:00","publisher":"HL7 Switzerland","contact":[{"name":"HL7 Switzerland","telecom":[{"system":"url","value":"https://www.hl7.ch/"}]},{"name":"HL7 Switzerland","telecom":[{"system":"url","value":"https://www.hl7.ch/","use":"work"}]}],"description":"IHE Pharmaceutical Advice Status List","jurisdiction":[{"coding":[{"system":"urn:iso:std:iso:3166","code":"CH"}]}],"immutable":false,"copyright":"CC0-1.0","compose":{"include":[{"system":"urn:oid:1.3.6.1.4.1.19376.1.9.2.1","concept":[{"extension":[{"url":"http://hl7.org/fhir/StructureDefinition/valueset-concept-comments","valueString":"Usage in case when this Pharmaceutical Advice references a Medication Treatment Plan \n\n    Item:\n    Medication Treatment Plan Item is active (allow to document complementary information).Usage in case when this Pharmaceutical Advice references a Prescription Item:\n    Prescription Item is active (e.g., can be dispensed, no change expected but allowed if recommended medication given).Usage in case when this Pharmaceutical Advice references a Dispense Item:\n    Dispense Item is active (e.g., resumed from being suspended)."}],"code":"OK","display":"OK"},{"extension":[{"url":"http://hl7.org/fhir/StructureDefinition/valueset-concept-comments","valueString":"Usage in case when this Pharmaceutical Advice references a Medication Treatment Plan \n\n    Item:\n    Change of planning.Usage in case when this Pharmaceutical Advice references a Prescription Item:\n    Dispense with change expectedUsage in case when this Pharmaceutical Advice references a Dispense Item:\n    Change in any information element of the Dispense Item except the medication (e.g., dosageinstructions, patient instructions, etc.). The original Medicine Entry Item referenced by the Dispense Item shall be unchanged."}],"code":"CHANGE","display":"CHANGE"},{"extension":[{"url":"http://hl7.org/fhir/StructureDefinition/valueset-concept-comments","valueString":"Usage in case when this Pharmaceutical Advice references a Medication Treatment Plan \n\n    Item:\n    Refusal to integrate this medication in the treatment plan until further discussion with the medication treatment plannerUsage in case when this Pharmaceutical Advice references a Prescription Item:\n    Refusal to dispense until further discussion with prescriber"}],"code":"REFUSE","display":"REFUSE"},{"extension":[{"url":"http://hl7.org/fhir/StructureDefinition/valueset-concept-comments","valueString":"Usage in case when this Pharmaceutical Advice references a Medication Treatment Plan \n\n    Item:\n    Definite cancelation of the Medication Treatment Plan Item (item will not be part of the treatment plan any more).Usage in case when this Pharmaceutical Advice references a Prescription Item:\n    Definite cancelation of the Prescription Item (item will not be dispensed)Usage in case when this Pharmaceutical Advice references a Dispense item:\n    Definite stopping of the dispensed medication (patient stops intake of the medication)"}],"code":"CANCEL","display":"CANCEL"},{"extension":[{"url":"http://hl7.org/fhir/StructureDefinition/valueset-concept-comments","valueString":"Usage in case when this Pharmaceutical Advice references a Medication Treatment Plan \n\n    Item:\n    Medication Treatment Plan Item is temporarily set to suspended with the decision on how to continue postponed to a later point of time (e.g., release it again by setting it to OK, finally cancel it by setting to CANCEL, etc.). The item shall not be part of the active treatment plan during set to suspended.Usage in case when this Pharmaceutical Advice references a Prescription Item:\n    Prescription Item is temporarily set to suspended with the decision on how to continue postponed to a later point of time (e.g., release it again by setting it to OK, finally cancel it by setting to CANCEL, etc.). The item shall not be dispensed during set to suspended.Usage in case when this Pharmaceutical Advice references a Dispense item:\n    Dispense item is temporarily set to suspended with the decision on how to continue postponed to a later point of time (e.g., release it again by setting it to OK, finally cancel it by setting to CANCEL, etc.). The medication shall not be taken by the patient during set to suspended."}],"code":"SUSPEND","display":"SUSPEND"},{"extension":[{"url":"http://hl7.org/fhir/StructureDefinition/valueset-concept-comments","valueString":"General usage: Comment on the referenced item"}],"code":"COMMENT","display":"COMMENT"}]}]}}