<?xml version="1.0" encoding="UTF-8"?>

<Condition xmlns="http://hl7.org/fhir">
  <id value="CaveatDrugPrescriptionMetformin"/>
  <meta>
    <profile value="http://fhir.ch/ig/ch-rad-order/StructureDefinition/ch-rad-order-caveat-condition"/>
  </meta>
  <text>
    <status value="extensions"/><div xmlns="http://www.w3.org/1999/xhtml"><p class="res-header-id"><b>Generated Narrative: Condition CaveatDrugPrescriptionMetformin</b></p><a name="CaveatDrugPrescriptionMetformin"> </a><a name="hcCaveatDrugPrescriptionMetformin"> </a><a name="CaveatDrugPrescriptionMetformin-en-US"> </a><p><b>CH RAD-Order Caveat Type</b>: <a href="http://snomed.info/id/1290126002">SNOMED CT 1290126002</a>: Drug therapy with explicit context (situation)</p><p><b>CH RAD-Order Qualifier Value</b>: <a href="http://snomed.info/id/52101004">SNOMED CT 52101004</a>: Present (qualifier value)</p><p><b>clinicalStatus</b>: <span title="Codes:{http://terminology.hl7.org/CodeSystem/condition-clinical active}">Active</span></p><p><b>category</b>: <span title="Codes:{http://terminology.hl7.org/CodeSystem/condition-category problem-list-item}">Problem List Item</span></p><p><b>code</b>: <span title="Codes:{http://snomed.info/sct 372567009}">Metformin (substance)</span></p><p><b>subject</b>: <a href="Patient-PatSUfferer.html">Susanna Ufferer (official) Female, DoB: 1945-03-14</a></p></div>
  </text>
  <extension url="http://fhir.ch/ig/ch-rad-order/StructureDefinition/ch-rad-order-caveat-type">
    <valueCoding>
      <system value="http://snomed.info/sct"/>
      <code value="1290126002"/>
      <display value="Drug therapy with explicit context (situation)"/>
    </valueCoding>
  </extension>
  <extension url="http://fhir.ch/ig/ch-rad-order/StructureDefinition/ch-rad-order-qualifier-value">
    <valueCoding>
      <system value="http://snomed.info/sct"/>
      <code value="52101004"/>
      <display value="Present (qualifier value)"/>
    </valueCoding>
  </extension>
  <clinicalStatus>
    <coding>
      <system value="http://terminology.hl7.org/CodeSystem/condition-clinical"/>
      <code value="active"/>
    </coding>
  </clinicalStatus>
  <category>
    <coding>
      <system value="http://terminology.hl7.org/CodeSystem/condition-category"/>
      <code value="problem-list-item"/>
      <display value="Problem List Item"/>
    </coding>
  </category>
  <code>
    <coding>
      <system value="http://snomed.info/sct"/>
      <code value="372567009"/>
      <display value="Metformin (substance)"/>
    </coding>
  </code>
  <subject>
    <reference value="Patient/PatSUfferer"/>
  </subject>
</Condition>