<?xml version="1.0" encoding="UTF-8"?>

<ValueSet xmlns="http://hl7.org/fhir">
  <id value="ch-rad-order-requested-service"/>
  <text>
    <status value="generated"/><div xmlns="http://www.w3.org/1999/xhtml"><p class="res-header-id"><b>Generated Narrative: ValueSet ch-rad-order-requested-service</b></p><a name="ch-rad-order-requested-service"> </a><a name="hcch-rad-order-requested-service"> </a><a name="ch-rad-order-requested-service-en-US"> </a><ul><li>Include all codes defined in <a href="CodeSystem-ch-rad-order-requested-service.html"><code>http://fhir.ch/ig/ch-rad-order/CodeSystem/ch-rad-order-requested-service</code></a></li></ul></div>
  </text>
  <url value="http://fhir.ch/ig/ch-rad-order/ValueSet/ch-rad-order-requested-service"/>
  <version value="2.0.0"/>
  <name value="ChRadOrderRequestedService"/>
  <title value="Requested Service"/>
  <status value="active"/>
  <date value="2024-12-18T10:01:56+00:00"/>
  <publisher value="HL7 Switzerland"/>
  <contact>
    <name value="Juerg P. Bleuer"/>
    <telecom>
      <system value="url"/>
      <value value="https://www.hl7.ch"/>
    </telecom>
  </contact>
  <description value="Definition for Requested Service Value Set in the context of CH RAD-Order."/>
  <jurisdiction>
    <coding>
      <system value="urn:iso:std:iso:3166"/>
      <code value="CH"/>
    </coding>
  </jurisdiction>
  <copyright value="CC0-1.0"/>
  <compose>
    <include>
      <system value="http://fhir.ch/ig/ch-rad-order/CodeSystem/ch-rad-order-requested-service"/>
    </include>
  </compose>
</ValueSet>