<?xml version="1.0" encoding="UTF-8"?>

<DiagnosticReport xmlns="http://hl7.org/fhir">
  <id value="skin-dermatoscopy"/>
  <meta>
    <profile value="http://fhir.ch/ig/ch-lab-order/StructureDefinition/ch-lab-order-diagnostic-report"/>
    <profile value="http://hl7.org/fhir/StructureDefinition/DiagnosticReport"/>
  </meta>
  <text>
    <status value="generated"/><div xmlns="http://www.w3.org/1999/xhtml"><h2><span title="Codes:{http://snomed.info/sct 1237125003}">Dermatoscopy of skin, Diagnostic Report</span> (<span title="Codes:{http://terminology.hl7.org/CodeSystem/v2-0074 PAT}">Pathology</span>) </h2><table class="grid"><tr><td>Subject</td><td><b>Simone Studer (Official)</b> female, DoB: 1992-01-08 ( Medical record number/012/08.111113)</td></tr><tr><td>When For</td><td>2017-03-02</td></tr><tr><td>Reported</td><td>2017-03-15 08:13:08+0000</td></tr><tr><td>Identifier:</td><td> <code>https://www.acmeonline.com</code>/P44444444</td></tr></table><p><b>Report Details</b></p></div>
  </text>
  <identifier>
    <system value="https://www.acmeonline.com"/>
    <value value="P44444444"/>
  </identifier>
  <status value="final"/>
  <category>
    <coding>
      <system value="http://terminology.hl7.org/CodeSystem/v2-0074"/>
      <code value="PAT"/>
      <display value="Pathology (gross &amp; histopath, not surgical)"/>
    </coding>
    <text value="Pathology"/>
  </category>
  <code>
    <coding>
      <system value="http://snomed.info/sct"/>
      <code value="1237125003"/>
      <display value="Optical dermatoscopy of skin (procedure)"/>
    </coding>
    <text value="Dermatoscopy of skin, Diagnostic Report"/>
  </code>
  <subject>
    <reference value="Patient/SimoneStuder"/>
    <display value="Simone Studer"/>
  </subject>
  <effectiveDateTime value="2017-03-02"/>
  <issued value="2017-03-15T08:13:08Z"/>
  <performer>
    <display value="Marc Mustermann, Arztpraxis"/>
  </performer>
  <resultsInterpreter>
    <display value="Marc Mustermann, Dr. med."/>
  </resultsInterpreter>
  <specimen>
    <reference value="Specimen/Skin"/>
  </specimen>
  <media>
    <comment value="Dermatoskopy"/>
    <link>
      <reference value="Media/skin-dermatoskopy-image"/>
    </link>
  </media>
</DiagnosticReport>