<?xml version="1.0" encoding="UTF-8"?>

<Patient xmlns="http://hl7.org/fhir">
  <id value="FranzMuster"/>
  <meta>
    <profile value="http://fhir.ch/ig/ch-core/StructureDefinition/ch-core-patient"/>
  </meta>
  <text>
    <status value="additional"/><div xmlns="http://www.w3.org/1999/xhtml"><p><b>id</b>: FranzMuster</p><p><b>meta</b>:</p><p><b>identifier</b>: 012/08.111111</p><p><b>name</b>: Franz Muster</p><p><b>gender</b>: MALE</p><p><b>birthDate</b>: Jan 27, 1995</p><p><b>maritalStatus</b>: in eingetragener Partnerschaft <span style="background: LightGoldenRodYellow">(Details : {$ech-11-maritalstatus code '6' = '6', given as 'in eingetragener Partnerschaft'})</span></p><h3>Communications</h3><table class="grid"><tr><td>-</td><td><b>Language</b></td><td><b>Preferred</b></td></tr><tr><td>*</td><td>Deutsch (Schweiz) <span style="background: LightGoldenRodYellow">(Details : {urn:ietf:bcp:47 code 'de-CH' = 'German (Region=Schweiz))</span></td><td>true</td></tr></table></div>
  </text>
  <extension url="http://hl7.org/fhir/StructureDefinition/patient-birthPlace">
    <valueAddress>
      <city value="Paris"/>
      <country value="Frankreich"/>
    </valueAddress>
  </extension>
  <extension url="http://fhir.ch/ig/ch-core/StructureDefinition/ch-core-patient-ech-11-placeoforigin">
    <valueAddress>
      <city value="Köniz"/>
      <state value="BE"/>
    </valueAddress>
  </extension>
  <extension url="http://hl7.org/fhir/StructureDefinition/patient-religion">
    <valueCodeableConcept>
      <coding>
        <system value="http://terminology.hl7.org/CodeSystem/v3-ReligiousAffiliation"/>
        <code value="1077"/>
        <display value="Protestant"/>
      </coding>
    </valueCodeableConcept>
  </extension>
  <identifier>
    <type>
      <coding>
        <system value="http://terminology.hl7.org/CodeSystem/v2-0203"/>
        <code value="MR"/>
      </coding>
    </type>
    <system value="urn:oid:2.16.756.5.30.999999.1"/>
    <value value="012/08.111111"/>
  </identifier>
  <name>
    <family value="Muster"/>
    <given value="Franz"/>
  </name>
  <telecom>
    <system value="phone"/>
    <value value="+41 32 321 61 11"/>
    <use value="home"/>
  </telecom>
  <telecom>
    <system value="email"/>
    <value value="franz.muster@example.ch"/>
  </telecom>
  <gender value="male"/>
  <birthDate value="1995-01-27"/>
  <maritalStatus>
    <coding>
      <system value="http://fhir.ch/ig/ch-core/CodeSystem/ech-11-maritalstatus"/>
      <code value="6"/>
      <display value="in eingetragener Partnerschaft"/>
    </coding>
  </maritalStatus>
  <communication>
    <language>
      <coding>
        <system value="urn:ietf:bcp:47"/>
        <code value="de-CH"/>
      </coding>
      <text value="Deutsch (Schweiz)"/>
    </language>
    <preferred value="true"/>
  </communication>
</Patient>