<?xml version="1.0" encoding="UTF-8"?>

<Patient xmlns="http://hl7.org/fhir">
  <id value="EmilKummer"/>
  <meta>
    <profile value="http://fhir.ch/ig/ch-core/StructureDefinition/ch-core-patient"/>
  </meta>
  <text>
    <status value="additional"/><div xmlns="http://www.w3.org/1999/xhtml"><p><b>id</b>: EmilKummer</p><p><b>meta</b>:</p><p><b>identifier</b>: 012/08.111112</p><p><b>name</b>: Emil Kummer</p><p><b>gender</b>: MALE</p><p><b>birthDate</b>: May 05, 2014</p><p><b>maritalStatus</b>: ledig <span style="background: LightGoldenRodYellow">(Details : {$ech-11-maritalstatus code '1' = '1', given as 'ledig'})</span></p><h3>Communications</h3><table class="grid"><tr><td>-</td><td><b>Language</b></td><td><b>Preferred</b></td></tr><tr><td>*</td><td>Deutsch (Schweiz) <span style="background: LightGoldenRodYellow">(Details : {urn:ietf:bcp:47 code 'de-CH' = 'German (Region=Schweiz))</span></td><td>true</td></tr></table></div>
  </text>
  <extension url="http://hl7.org/fhir/StructureDefinition/patient-birthPlace">
    <valueAddress>
      <city value="Paris"/>
      <country value="Frankreich"/>
    </valueAddress>
  </extension>
  <extension url="http://fhir.ch/ig/ch-core/StructureDefinition/ch-core-patient-ech-11-placeoforigin">
    <valueAddress>
      <city value="Köniz"/>
      <state value="BE"/>
    </valueAddress>
  </extension>
  <extension url="http://hl7.org/fhir/StructureDefinition/patient-religion">
    <valueCodeableConcept>
      <coding>
        <system value="http://terminology.hl7.org/CodeSystem/v3-ReligiousAffiliation"/>
        <code value="1041"/>
        <display value="Roman Catholic Church"/>
      </coding>
    </valueCodeableConcept>
  </extension>
  <identifier>
    <type>
      <coding>
        <system value="http://terminology.hl7.org/CodeSystem/v2-0203"/>
        <code value="MR"/>
      </coding>
    </type>
    <system value="urn:oid:2.16.756.5.30.999999.1"/>
    <value value="012/08.111112"/>
  </identifier>
  <identifier>
    <type>
      <coding>
        <system value="http://terminology.hl7.org/CodeSystem/v2-0203"/>
        <code value="MR"/>
      </coding>
    </type>
    <system value="urn:oid:2.16.756.5.30.999999.1"/>
    <value value="012/08.111112"/>
  </identifier>
  <name>
    <family value="Kummer"/>
    <given value="Emil"/>
  </name>
  <gender value="male"/>
  <birthDate value="2017-05-05"/>
  <maritalStatus>
    <coding>
      <system value="http://fhir.ch/ig/ch-core/CodeSystem/ech-11-maritalstatus"/>
      <code value="1"/>
      <display value="ledig"/>
    </coding>
  </maritalStatus>
  <communication>
    <language>
      <coding>
        <system value="urn:ietf:bcp:47"/>
        <code value="de-CH"/>
      </coding>
      <text value="Deutsch (Schweiz)"/>
    </language>
    <preferred value="true"/>
  </communication>
</Patient>