<?xml version="1.0" encoding="UTF-8"?>

<PractitionerRole xmlns="http://hl7.org/fhir">
  <id value="HansHauserKantonsspital"/>
  <meta>
    <profile value="http://fhir.ch/ig/ch-core/StructureDefinition/ch-core-practitionerrole"/>
  </meta>
  <text>
    <status value="generated"/><div xmlns="http://www.w3.org/1999/xhtml"><p><b>Generated Narrative: PractitionerRole </b><a name="HansHauserKantonsspital"> </a><a name="hcHansHauserKantonsspital"> </a></p><div style="display: inline-block; background-color: #d9e0e7; padding: 6px; margin: 4px; border: 1px solid #8da1b4; border-radius: 5px; line-height: 60%"><p style="margin-bottom: 0px">ResourcePractitionerRole &quot;HansHauserKantonsspital&quot; </p><p style="margin-bottom: 0px">Profile: <a href="http://fhir.ch/ig/ch-core/4.0.1/StructureDefinition-ch-core-practitionerrole.html">CH Core PractitionerRole</a></p></div><p><b>practitioner</b>: <a href="Practitioner-HansHauser.html">Practitioner/HansHauser</a> &quot; HAUSER&quot;</p><p><b>organization</b>: <a href="Organization-Kantonsspital.html">Organization/Kantonsspital</a> &quot;Kantonsspital Zug&quot;</p></div>
  </text>
  <practitioner>
    <reference value="Practitioner/HansHauser"/>
  </practitioner>
  <organization>
    <reference value="Organization/Kantonsspital"/>
  </organization>
</PractitionerRole>