<?xml version="1.0" encoding="UTF-8"?>

<ValueSet xmlns="http://hl7.org/fhir">
  <id value="ServiceRequest.categories"/>
  <text>
    <status value="generated"/><div xmlns="http://www.w3.org/1999/xhtml"><ul><li>Include all codes defined in <a href="CodeSystem-ServiceRequest.categories.html"><code>http://fhir.ch/ig/ch-lab-order/CodeSystem/ServiceRequest.categories</code></a></li></ul></div>
  </text>
  <url value="http://fhir.ch/ig/ch-lab-order/ValueSet/ServiceRequest.categories"/>
  <version value="2.0.0"/>
  <name value="ServiceRequestCategories"/>
  <title value="Service Request Categories for Questionnaires"/>
  <status value="active"/>
  <experimental value="true"/>
  <date value="2021-06-01T10:21:46+00:00"/>
  <publisher value="HL7 Switzerland"/>
  <contact>
    <name value="HL7 Switzerland"/>
    <telecom>
      <system value="url"/>
      <value value="https://www.hl7.ch"/>
    </telecom>
  </contact>
  <contact>
    <name value="Marcel Hanselmann"/>
    <telecom>
      <system value="email"/>
      <value value="laborprojektgruppe@gmail.com"/>
      <use value="work"/>
    </telecom>
  </contact>
  <description value="ch-lab-order Service Request Categories"/>
  <jurisdiction>
    <coding>
      <system value="urn:iso:std:iso:3166"/>
      <code value="CH"/>
    </coding>
  </jurisdiction>
  <copyright value="CC0-1.0"/>
  <compose>
    <include>
      <system value="http://fhir.ch/ig/ch-lab-order/CodeSystem/ServiceRequest.categories"/>
    </include>
  </compose>
</ValueSet>