{
  "resourceType" : "ValueSet",
  "id" : "ch-elm-results-completion-vs",
  "text" : {
    "status" : "generated",
    "div" : "<div xmlns=\"http://www.w3.org/1999/xhtml\"><p class=\"res-header-id\"><b>Generated Narrative: ValueSet ch-elm-results-completion-vs</b></p><a name=\"ch-elm-results-completion-vs\"> </a><a name=\"hcch-elm-results-completion-vs\"> </a><a name=\"ch-elm-results-completion-vs-en-US\"> </a><ul><li>Include these codes as defined in <a href=\"CodeSystem-ch-elm-results-completion-vs.html\"><code>http://fhir.ch/ig/ch-elm/CodeSystem/ch-elm-results-completion-vs</code></a><table class=\"none\"><tr><td style=\"white-space:nowrap\"><b>Code</b></td><td><b>Display</b></td></tr><tr><td><a href=\"CodeSystem-ch-elm-results-completion-vs.html#ch-elm-results-completion-vs-http.58.47.47fhir.46ch.47ig.47ch-elm.47ValueSet.47ch-elm-results-bot-spec\">http://fhir.ch/ig/ch-elm/ValueSet/ch-elm-results-bot-spec</a></td><td/></tr><tr><td><a href=\"CodeSystem-ch-elm-results-completion-vs.html#ch-elm-results-completion-vs-http.58.47.47fhir.46ch.47ig.47ch-elm.47ValueSet.47ch-elm-results-complete-spec\">http://fhir.ch/ig/ch-elm/ValueSet/ch-elm-results-complete-spec</a></td><td/></tr><tr><td><a href=\"CodeSystem-ch-elm-results-completion-vs.html#ch-elm-results-completion-vs-http.58.47.47fhir.46ch.47ig.47ch-elm.47ValueSet.47ch-elm-results-diph-spec\">http://fhir.ch/ig/ch-elm/ValueSet/ch-elm-results-diph-spec</a></td><td/></tr><tr><td><a href=\"CodeSystem-ch-elm-results-completion-vs.html#ch-elm-results-completion-vs-http.58.47.47fhir.46ch.47ig.47ch-elm.47ValueSet.47ch-elm-results-geni-spec\">http://fhir.ch/ig/ch-elm/ValueSet/ch-elm-results-geni-spec</a></td><td/></tr><tr><td><a href=\"CodeSystem-ch-elm-results-completion-vs.html#ch-elm-results-completion-vs-http.58.47.47fhir.46ch.47ig.47ch-elm.47ValueSet.47ch-elm-results-sterile-spec\">http://fhir.ch/ig/ch-elm/ValueSet/ch-elm-results-sterile-spec</a></td><td/></tr><tr><td><a href=\"CodeSystem-ch-elm-results-completion-vs.html#ch-elm-results-completion-vs-http.58.47.47fhir.46ch.47ig.47ch-elm.47ValueSet.47ch-elm-results-tub-spec\">http://fhir.ch/ig/ch-elm/ValueSet/ch-elm-results-tub-spec</a></td><td/></tr><tr><td><a href=\"CodeSystem-ch-elm-results-completion-vs.html#ch-elm-results-completion-vs-http.58.47.47fhir.46ch.47ig.47ch-elm.47ValueSet.47ch-elm-results-bot-org\">http://fhir.ch/ig/ch-elm/ValueSet/ch-elm-results-bot-org</a></td><td/></tr><tr><td><a href=\"CodeSystem-ch-elm-results-completion-vs.html#ch-elm-results-completion-vs-http.58.47.47fhir.46ch.47ig.47ch-elm.47ValueSet.47ch-elm-results-bru-org\">http://fhir.ch/ig/ch-elm/ValueSet/ch-elm-results-bru-org</a></td><td/></tr><tr><td><a href=\"CodeSystem-ch-elm-results-completion-vs.html#ch-elm-results-completion-vs-http.58.47.47fhir.46ch.47ig.47ch-elm.47ValueSet.47ch-elm-results-camp-diar-org\">http://fhir.ch/ig/ch-elm/ValueSet/ch-elm-results-camp-diar-org</a></td><td/></tr><tr><td><a href=\"CodeSystem-ch-elm-results-completion-vs.html#ch-elm-results-completion-vs-http.58.47.47fhir.46ch.47ig.47ch-elm.47ValueSet.47ch-elm-results-camp-org\">http://fhir.ch/ig/ch-elm/ValueSet/ch-elm-results-camp-org</a></td><td/></tr><tr><td><a href=\"CodeSystem-ch-elm-results-completion-vs.html#ch-elm-results-completion-vs-http.58.47.47fhir.46ch.47ig.47ch-elm.47ValueSet.47ch-elm-results-chol-org\">http://fhir.ch/ig/ch-elm/ValueSet/ch-elm-results-chol-org</a></td><td/></tr><tr><td><a href=\"CodeSystem-ch-elm-results-completion-vs.html#ch-elm-results-completion-vs-http.58.47.47fhir.46ch.47ig.47ch-elm.47ValueSet.47ch-elm-results-cjd-org\">http://fhir.ch/ig/ch-elm/ValueSet/ch-elm-results-cjd-org</a></td><td/></tr><tr><td><a href=\"CodeSystem-ch-elm-results-completion-vs.html#ch-elm-results-completion-vs-http.58.47.47fhir.46ch.47ig.47ch-elm.47ValueSet.47ch-elm-results-diph-org\">http://fhir.ch/ig/ch-elm/ValueSet/ch-elm-results-diph-org</a></td><td/></tr><tr><td><a href=\"CodeSystem-ch-elm-results-completion-vs.html#ch-elm-results-completion-vs-http.58.47.47fhir.46ch.47ig.47ch-elm.47ValueSet.47ch-elm-results-ebol-org\">http://fhir.ch/ig/ch-elm/ValueSet/ch-elm-results-ebol-org</a></td><td/></tr><tr><td><a href=\"CodeSystem-ch-elm-results-completion-vs.html#ch-elm-results-completion-vs-http.58.47.47fhir.46ch.47ig.47ch-elm.47ValueSet.47ch-elm-results-ehec-org\">http://fhir.ch/ig/ch-elm/ValueSet/ch-elm-results-ehec-org</a></td><td/></tr><tr><td><a href=\"CodeSystem-ch-elm-results-completion-vs.html#ch-elm-results-completion-vs-http.58.47.47fhir.46ch.47ig.47ch-elm.47ValueSet.47ch-elm-results-ehec-tox-org\">http://fhir.ch/ig/ch-elm/ValueSet/ch-elm-results-ehec-tox-org</a></td><td/></tr><tr><td><a href=\"CodeSystem-ch-elm-results-completion-vs.html#ch-elm-results-completion-vs-http.58.47.47fhir.46ch.47ig.47ch-elm.47ValueSet.47ch-elm-results-haem-org\">http://fhir.ch/ig/ch-elm/ValueSet/ch-elm-results-haem-org</a></td><td/></tr><tr><td><a href=\"CodeSystem-ch-elm-results-completion-vs.html#ch-elm-results-completion-vs-http.58.47.47fhir.46ch.47ig.47ch-elm.47ValueSet.47ch-elm-results-hanta-org\">http://fhir.ch/ig/ch-elm/ValueSet/ch-elm-results-hanta-org</a></td><td/></tr><tr><td><a href=\"CodeSystem-ch-elm-results-completion-vs.html#ch-elm-results-completion-vs-http.58.47.47fhir.46ch.47ig.47ch-elm.47ValueSet.47ch-elm-results-hiv-org\">http://fhir.ch/ig/ch-elm/ValueSet/ch-elm-results-hiv-org</a></td><td/></tr><tr><td><a href=\"CodeSystem-ch-elm-results-completion-vs.html#ch-elm-results-completion-vs-http.58.47.47fhir.46ch.47ig.47ch-elm.47ValueSet.47ch-elm-results-inf-org\">http://fhir.ch/ig/ch-elm/ValueSet/ch-elm-results-inf-org</a></td><td/></tr><tr><td><a href=\"CodeSystem-ch-elm-results-completion-vs.html#ch-elm-results-completion-vs-http.58.47.47fhir.46ch.47ig.47ch-elm.47ValueSet.47ch-elm-results-influenza-hxny-org\">http://fhir.ch/ig/ch-elm/ValueSet/ch-elm-results-influenza-hxny-org</a></td><td/></tr><tr><td><a href=\"CodeSystem-ch-elm-results-completion-vs.html#ch-elm-results-completion-vs-http.58.47.47fhir.46ch.47ig.47ch-elm.47ValueSet.47ch-elm-results-leg-org\">http://fhir.ch/ig/ch-elm/ValueSet/ch-elm-results-leg-org</a></td><td/></tr><tr><td><a href=\"CodeSystem-ch-elm-results-completion-vs.html#ch-elm-results-completion-vs-http.58.47.47fhir.46ch.47ig.47ch-elm.47ValueSet.47ch-elm-results-lis-org\">http://fhir.ch/ig/ch-elm/ValueSet/ch-elm-results-lis-org</a></td><td/></tr><tr><td><a href=\"CodeSystem-ch-elm-results-completion-vs.html#ch-elm-results-completion-vs-http.58.47.47fhir.46ch.47ig.47ch-elm.47ValueSet.47ch-elm-results-mal-org\">http://fhir.ch/ig/ch-elm/ValueSet/ch-elm-results-mal-org</a></td><td/></tr><tr><td><a href=\"CodeSystem-ch-elm-results-completion-vs.html#ch-elm-results-completion-vs-http.58.47.47fhir.46ch.47ig.47ch-elm.47ValueSet.47ch-elm-results-maldi-tof-org\">http://fhir.ch/ig/ch-elm/ValueSet/ch-elm-results-maldi-tof-org</a></td><td/></tr><tr><td><a href=\"CodeSystem-ch-elm-results-completion-vs.html#ch-elm-results-completion-vs-http.58.47.47fhir.46ch.47ig.47ch-elm.47ValueSet.47ch-elm-results-mea-org\">http://fhir.ch/ig/ch-elm/ValueSet/ch-elm-results-mea-org</a></td><td/></tr><tr><td><a href=\"CodeSystem-ch-elm-results-completion-vs.html#ch-elm-results-completion-vs-http.58.47.47fhir.46ch.47ig.47ch-elm.47ValueSet.47ch-elm-results-men-org\">http://fhir.ch/ig/ch-elm/ValueSet/ch-elm-results-men-org</a></td><td/></tr><tr><td><a href=\"CodeSystem-ch-elm-results-completion-vs.html#ch-elm-results-completion-vs-http.58.47.47fhir.46ch.47ig.47ch-elm.47ValueSet.47ch-elm-results-mpox-org\">http://fhir.ch/ig/ch-elm/ValueSet/ch-elm-results-mpox-org</a></td><td/></tr><tr><td><a href=\"CodeSystem-ch-elm-results-completion-vs.html#ch-elm-results-completion-vs-http.58.47.47fhir.46ch.47ig.47ch-elm.47ValueSet.47ch-elm-results-mpx-ctng\">http://fhir.ch/ig/ch-elm/ValueSet/ch-elm-results-mpx-ctng</a></td><td/></tr><tr><td><a href=\"CodeSystem-ch-elm-results-completion-vs.html#ch-elm-results-completion-vs-http.58.47.47fhir.46ch.47ig.47ch-elm.47ValueSet.47ch-elm-results-mpx-sash\">http://fhir.ch/ig/ch-elm/ValueSet/ch-elm-results-mpx-sash</a></td><td/></tr><tr><td><a href=\"CodeSystem-ch-elm-results-completion-vs.html#ch-elm-results-completion-vs-http.58.47.47fhir.46ch.47ig.47ch-elm.47ValueSet.47ch-elm-results-mpx-sashec\">http://fhir.ch/ig/ch-elm/ValueSet/ch-elm-results-mpx-sashec</a></td><td/></tr><tr><td><a href=\"CodeSystem-ch-elm-results-completion-vs.html#ch-elm-results-completion-vs-http.58.47.47fhir.46ch.47ig.47ch-elm.47ValueSet.47ch-elm-results-pneu-org\">http://fhir.ch/ig/ch-elm/ValueSet/ch-elm-results-pneu-org</a></td><td/></tr><tr><td><a href=\"CodeSystem-ch-elm-results-completion-vs.html#ch-elm-results-completion-vs-http.58.47.47fhir.46ch.47ig.47ch-elm.47ValueSet.47ch-elm-results-sal-org\">http://fhir.ch/ig/ch-elm/ValueSet/ch-elm-results-sal-org</a></td><td/></tr><tr><td><a href=\"CodeSystem-ch-elm-results-completion-vs.html#ch-elm-results-completion-vs-http.58.47.47fhir.46ch.47ig.47ch-elm.47ValueSet.47ch-elm-results-sal-org-complete\">http://fhir.ch/ig/ch-elm/ValueSet/ch-elm-results-sal-org-complete</a></td><td/></tr><tr><td><a href=\"CodeSystem-ch-elm-results-completion-vs.html#ch-elm-results-completion-vs-http.58.47.47fhir.46ch.47ig.47ch-elm.47ValueSet.47ch-elm-results-shi-org\">http://fhir.ch/ig/ch-elm/ValueSet/ch-elm-results-shi-org</a></td><td/></tr><tr><td><a href=\"CodeSystem-ch-elm-results-completion-vs.html#ch-elm-results-completion-vs-http.58.47.47fhir.46ch.47ig.47ch-elm.47ValueSet.47ch-elm-results-tub-gen-org\">http://fhir.ch/ig/ch-elm/ValueSet/ch-elm-results-tub-gen-org</a></td><td/></tr><tr><td><a href=\"CodeSystem-ch-elm-results-completion-vs.html#ch-elm-results-completion-vs-http.58.47.47fhir.46ch.47ig.47ch-elm.47ValueSet.47ch-elm-results-tub-org\">http://fhir.ch/ig/ch-elm/ValueSet/ch-elm-results-tub-org</a></td><td/></tr><tr><td><a href=\"CodeSystem-ch-elm-results-completion-vs.html#ch-elm-results-completion-vs-http.58.47.47fhir.46ch.47ig.47ch-elm.47ValueSet.47ch-elm-results-tul-org\">http://fhir.ch/ig/ch-elm/ValueSet/ch-elm-results-tul-org</a></td><td/></tr><tr><td><a href=\"CodeSystem-ch-elm-results-completion-vs.html#ch-elm-results-completion-vs-http.58.47.47fhir.46ch.47ig.47ch-elm.47ValueSet.47ch-elm-results-virus-cult-org\">http://fhir.ch/ig/ch-elm/ValueSet/ch-elm-results-virus-cult-org</a></td><td/></tr></table></li></ul></div>"
  },
  "url" : "http://fhir.ch/ig/ch-elm/ValueSet/ch-elm-results-completion-vs",
  "version" : "1.9.0",
  "name" : "ChElmResultsCompletionVs",
  "title" : "CH ELM Results Completion Vs",
  "status" : "active",
  "experimental" : false,
  "date" : "2025-03-18T17:04:45+00:00",
  "publisher" : "Federal Office of Public Health FOPH",
  "contact" : [{
    "name" : "Federal Office of Public Health FOPH",
    "telecom" : [{
      "system" : "url",
      "value" : "https://www.bag.admin.ch/bag/en/home/das-bag/kontakt-standort.html"
    }]
  }],
  "description" : "This CH ELM value set includes the value set URLs as codes to map in the concept maps the leading codes, which must be completed with additional codes.",
  "jurisdiction" : [{
    "coding" : [{
      "system" : "urn:iso:std:iso:3166",
      "code" : "CH"
    }]
  }],
  "copyright" : "CC0-1.0",
  "compose" : {
    "include" : [{
      "system" : "http://fhir.ch/ig/ch-elm/CodeSystem/ch-elm-results-completion-vs",
      "concept" : [{
        "code" : "http://fhir.ch/ig/ch-elm/ValueSet/ch-elm-results-bot-spec"
      },
      {
        "code" : "http://fhir.ch/ig/ch-elm/ValueSet/ch-elm-results-complete-spec"
      },
      {
        "code" : "http://fhir.ch/ig/ch-elm/ValueSet/ch-elm-results-diph-spec"
      },
      {
        "code" : "http://fhir.ch/ig/ch-elm/ValueSet/ch-elm-results-geni-spec"
      },
      {
        "code" : "http://fhir.ch/ig/ch-elm/ValueSet/ch-elm-results-sterile-spec"
      },
      {
        "code" : "http://fhir.ch/ig/ch-elm/ValueSet/ch-elm-results-tub-spec"
      },
      {
        "code" : "http://fhir.ch/ig/ch-elm/ValueSet/ch-elm-results-bot-org"
      },
      {
        "code" : "http://fhir.ch/ig/ch-elm/ValueSet/ch-elm-results-bru-org"
      },
      {
        "code" : "http://fhir.ch/ig/ch-elm/ValueSet/ch-elm-results-camp-diar-org"
      },
      {
        "code" : "http://fhir.ch/ig/ch-elm/ValueSet/ch-elm-results-camp-org"
      },
      {
        "code" : "http://fhir.ch/ig/ch-elm/ValueSet/ch-elm-results-chol-org"
      },
      {
        "code" : "http://fhir.ch/ig/ch-elm/ValueSet/ch-elm-results-cjd-org"
      },
      {
        "code" : "http://fhir.ch/ig/ch-elm/ValueSet/ch-elm-results-diph-org"
      },
      {
        "code" : "http://fhir.ch/ig/ch-elm/ValueSet/ch-elm-results-ebol-org"
      },
      {
        "code" : "http://fhir.ch/ig/ch-elm/ValueSet/ch-elm-results-ehec-org"
      },
      {
        "code" : "http://fhir.ch/ig/ch-elm/ValueSet/ch-elm-results-ehec-tox-org"
      },
      {
        "code" : "http://fhir.ch/ig/ch-elm/ValueSet/ch-elm-results-haem-org"
      },
      {
        "code" : "http://fhir.ch/ig/ch-elm/ValueSet/ch-elm-results-hanta-org"
      },
      {
        "code" : "http://fhir.ch/ig/ch-elm/ValueSet/ch-elm-results-hiv-org"
      },
      {
        "code" : "http://fhir.ch/ig/ch-elm/ValueSet/ch-elm-results-inf-org"
      },
      {
        "code" : "http://fhir.ch/ig/ch-elm/ValueSet/ch-elm-results-influenza-hxny-org"
      },
      {
        "code" : "http://fhir.ch/ig/ch-elm/ValueSet/ch-elm-results-leg-org"
      },
      {
        "code" : "http://fhir.ch/ig/ch-elm/ValueSet/ch-elm-results-lis-org"
      },
      {
        "code" : "http://fhir.ch/ig/ch-elm/ValueSet/ch-elm-results-mal-org"
      },
      {
        "code" : "http://fhir.ch/ig/ch-elm/ValueSet/ch-elm-results-maldi-tof-org"
      },
      {
        "code" : "http://fhir.ch/ig/ch-elm/ValueSet/ch-elm-results-mea-org"
      },
      {
        "code" : "http://fhir.ch/ig/ch-elm/ValueSet/ch-elm-results-men-org"
      },
      {
        "code" : "http://fhir.ch/ig/ch-elm/ValueSet/ch-elm-results-mpox-org"
      },
      {
        "code" : "http://fhir.ch/ig/ch-elm/ValueSet/ch-elm-results-mpx-ctng"
      },
      {
        "code" : "http://fhir.ch/ig/ch-elm/ValueSet/ch-elm-results-mpx-sash"
      },
      {
        "code" : "http://fhir.ch/ig/ch-elm/ValueSet/ch-elm-results-mpx-sashec"
      },
      {
        "code" : "http://fhir.ch/ig/ch-elm/ValueSet/ch-elm-results-pneu-org"
      },
      {
        "code" : "http://fhir.ch/ig/ch-elm/ValueSet/ch-elm-results-sal-org"
      },
      {
        "code" : "http://fhir.ch/ig/ch-elm/ValueSet/ch-elm-results-sal-org-complete"
      },
      {
        "code" : "http://fhir.ch/ig/ch-elm/ValueSet/ch-elm-results-shi-org"
      },
      {
        "code" : "http://fhir.ch/ig/ch-elm/ValueSet/ch-elm-results-tub-gen-org"
      },
      {
        "code" : "http://fhir.ch/ig/ch-elm/ValueSet/ch-elm-results-tub-org"
      },
      {
        "code" : "http://fhir.ch/ig/ch-elm/ValueSet/ch-elm-results-tul-org"
      },
      {
        "code" : "http://fhir.ch/ig/ch-elm/ValueSet/ch-elm-results-virus-cult-org"
      }]
    }]
  }
}