{
  "resourceType" : "ValueSet",
  "id" : "ch-elm-interpretation-codes-avidity",
  "text" : {
    "status" : "generated",
    "div" : "<div xmlns=\"http://www.w3.org/1999/xhtml\"><p class=\"res-header-id\"><b>Generated Narrative: ValueSet ch-elm-interpretation-codes-avidity</b></p><a name=\"ch-elm-interpretation-codes-avidity\"> </a><a name=\"hcch-elm-interpretation-codes-avidity\"> </a><a name=\"ch-elm-interpretation-codes-avidity-en-US\"> </a><ul><li>Include these codes as defined in <a href=\"http://www.snomed.org/\"><code>http://snomed.info/sct</code></a><table class=\"none\"><tr><td style=\"white-space:nowrap\"><b>Code</b></td><td><b>Display</b></td></tr><tr><td><a href=\"http://snomed.info/id/255508009\">255508009</a></td><td>Medium (qualifier value)</td></tr><tr><td><a href=\"http://snomed.info/id/62482003\">62482003</a></td><td>Low (qualifier value)</td></tr><tr><td><a href=\"http://snomed.info/id/75540009\">75540009</a></td><td>High (qualifier value)</td></tr></table></li></ul></div>"
  },
  "url" : "http://fhir.ch/ig/ch-elm/ValueSet/ch-elm-interpretation-codes-avidity",
  "version" : "1.9.0",
  "name" : "ChElmInterpretationCodesAvidity",
  "title" : "CH ELM Interpretation Codes AVIDITY",
  "status" : "active",
  "experimental" : false,
  "date" : "2025-03-18T17:04:45+00:00",
  "publisher" : "Federal Office of Public Health FOPH",
  "contact" : [{
    "name" : "Federal Office of Public Health FOPH",
    "telecom" : [{
      "system" : "url",
      "value" : "https://www.bag.admin.ch/bag/en/home/das-bag/kontakt-standort.html"
    }]
  }],
  "description" : "This CH ELM value set includes the code for avidity interpretation code(s).",
  "jurisdiction" : [{
    "coding" : [{
      "system" : "urn:iso:std:iso:3166",
      "code" : "CH"
    }]
  }],
  "copyright" : "CC0-1.0",
  "compose" : {
    "include" : [{
      "system" : "http://snomed.info/sct",
      "concept" : [{
        "code" : "255508009",
        "display" : "Medium (qualifier value)"
      },
      {
        "code" : "62482003",
        "display" : "Low (qualifier value)"
      },
      {
        "code" : "75540009",
        "display" : "High (qualifier value)"
      }]
    }]
  }
}