<?xml version="1.0" encoding="UTF-8"?>

<Appointment xmlns="http://hl7.org/fhir">
  <id value="AppointmentRadiography"/>
  <meta>
    <profile value="http://fhir.ch/ig/ch-orf/StructureDefinition/ch-orf-appointment"/>
  </meta>
  <text>
    <status value="generated"/><div xmlns="http://www.w3.org/1999/xhtml"><p class="res-header-id"><b>Generated Narrative: Appointment AppointmentRadiography</b></p><a name="AppointmentRadiography"> </a><a name="hcAppointmentRadiography"> </a><div style="display: inline-block; background-color: #d9e0e7; padding: 6px; margin: 4px; border: 1px solid #8da1b4; border-radius: 5px; line-height: 60%"><p style="margin-bottom: 0px"/><p style="margin-bottom: 0px">Profile: <a href="http://fhir.ch/ig/ch-orf/3.0.2/StructureDefinition-ch-orf-appointment.html">CH ORF Appointment</a></p></div><p><b>status</b>: Proposed</p><p><b>patientInstruction</b>: Wunschtermin der Patientin</p><h3>Participants</h3><table class="grid"><tr><td style="display: none">-</td><td><b>Actor</b></td><td><b>Status</b></td></tr><tr><td style="display: none">*</td><td><a href="Location-LocationRadiography.html">Location Radiologie Klinik Happy Hospital</a></td><td>Tentative</td></tr></table><p><b>requestedPeriod</b>: 2019-04-01 15:00:00+0000 --&gt; 2019-04-01 15:30:00+0000</p></div>
  </text>
  <status value="proposed"/>
  <patientInstruction value="Wunschtermin der Patientin"/>
  <participant>
    <actor>
      <reference value="Location/LocationRadiography"/>
    </actor>
    <status value="tentative"/>
  </participant>
  <requestedPeriod>
    <start value="2019-04-01T15:00:00.000+00:00"/>
    <end value="2019-04-01T15:30:00.000+00:00"/>
  </requestedPeriod>
</Appointment>