<?xml version="1.0" encoding="UTF-8"?>

<PractitionerRole xmlns="http://hl7.org/fhir">
  <id value="RoleORderplacerJunior"/>
  <meta>
    <profile value="http://fhir.ch/ig/ch-core/StructureDefinition/ch-core-practitionerrole"/>
  </meta>
  <text>
    <status value="generated"/><div xmlns="http://www.w3.org/1999/xhtml"><p class="res-header-id"><b>Generated Narrative: PractitionerRole RoleORderplacerJunior</b></p><a name="RoleORderplacerJunior"> </a><a name="hcRoleORderplacerJunior"> </a><div style="display: inline-block; background-color: #d9e0e7; padding: 6px; margin: 4px; border: 1px solid #8da1b4; border-radius: 5px; line-height: 60%"><p style="margin-bottom: 0px"/><p style="margin-bottom: 0px">Profile: <a href="http://fhir.ch/ig/ch-core/6.0.0/StructureDefinition-ch-core-practitionerrole.html">CH Core PractitionerRole</a></p></div><p><b>practitioner</b>: <a href="Practitioner-PractORderplacerJunior.html">Practitioner Olga Rderplacer-Junior (official)</a></p><p><b>organization</b>: <a href="Organization-OrgSmallHospital.html">Organization Spital Small Hospital</a></p></div>
  </text>
  <practitioner>
    <reference value="Practitioner/PractORderplacerJunior"/>
  </practitioner>
  <organization>
    <reference value="Organization/OrgSmallHospital"/>
  </organization>
</PractitionerRole>