<?xml version="1.0" encoding="UTF-8"?>

<Observation xmlns="http://hl7.org/fhir">
  <id value="Biopsy"/>
  <meta>
    <profile value="http://fhir.ch/ig/ch-etoc/StructureDefinition/ch-etoc-pahtology-observation"/>
  </meta>
  <text>
    <status value="generated"/><div xmlns="http://www.w3.org/1999/xhtml"><p><b>Generated Narrative: Observation</b><a name="Biopsy"> </a></p><div style="display: inline-block; background-color: #d9e0e7; padding: 6px; margin: 4px; border: 1px solid #8da1b4; border-radius: 5px; line-height: 60%"><p style="margin-bottom: 0px">Resource Observation &quot;Biopsy&quot; </p><p style="margin-bottom: 0px">Profile: <a href="StructureDefinition-ch-etoc-pahtology-observation.html">CH eTOC Pathology Observation</a></p></div><p><b>status</b>: final</p><p><b>code</b>: Biopsien Duodenum, Magen, unruhige Z-Linie vom 19.09.2018:
Die Veränderungen der Duodenalschleimhaut passen gut zu einem geringen petpischen Schleimhautschaden. Die Magenschleimhaut zeigt das Bild einer reaktiven Gastropathie. Erosive Veränderungen gelangen hier nicht zur Darstellung. Kein Helicobacter, keine Metaplasie, keine pathogenen Erreger nachgewiesen. <span style="background: LightGoldenRodYellow; margin: 4px; border: 1px solid khaki"> (<a href="https://loinc.org/">LOINC</a>#60570-9 &quot;Pathology Consult note&quot;)</span></p><p><b>subject</b>: <a href="Patient-SUfferer.html">Patient/SUfferer</a> &quot; UFFERER&quot;</p></div>
  </text>
  <status value="final"/>
  <code>
    <coding>
      <system value="http://loinc.org"/>
      <code value="60570-9"/>
      <display value="Pathology Consult note"/>
    </coding>
    <text value="Biopsien Duodenum, Magen, unruhige Z-Linie vom 19.09.2018:&#xA;Die Veränderungen der Duodenalschleimhaut passen gut zu einem geringen petpischen Schleimhautschaden. Die Magenschleimhaut zeigt das Bild einer reaktiven Gastropathie. Erosive Veränderungen gelangen hier nicht zur Darstellung. Kein Helicobacter, keine Metaplasie, keine pathogenen Erreger nachgewiesen."/>
  </code>
  <subject>
    <reference value="Patient/SUfferer"/>
  </subject>
</Observation>