{
  "resourceType": "Composition",
  "id": "2-2-PharmaceuticalAdvice",
  "meta": {
    "profile": [
      "http://fhir.ch/ig/ch-emed/StructureDefinition/ch-emed-composition-pharmaceuticaladvice"
    ]
  },
  "language": "de-CH",
  "text": {
    "status": "generated",
    "div": "<div xmlns=\"http://www.w3.org/1999/xhtml\" xml:lang=\"de-CH\" lang=\"de-CH\"><p><b>Generated Narrative</b></p><p><b>id</b>: 2-2-PharmaceuticalAdvice</p><p><b>meta</b>: </p><p><b>language</b>: de-CH</p><p><b>identifier</b>: id: urn:uuid:8ed02d0a-2971-11e6-b67b-9e71128cae77</p><p><b>status</b>: final</p><p><b>type</b>: <span title=\"Codes: {http://snomed.info/sct 419891008}, {http://loinc.org 61356-2}\">Record artifact (record artifact)</span></p><p><b>date</b>: Feb 4, 2012, 2:00:00 PM</p><p><b>author</b>: </p><ul><li><a href=\"Practitioner-FamilienHausarzt.html\">Generated Summary: id: FamilienHausarzt; id: 7601000234438; Familien Hausarzt </a></li><li><a href=\"Organization-Hausarzt.html\">Generated Summary: id: Hausarzt; id: 7601000234438; name: Hausarzt; -unknown-</a></li></ul><p><b>title</b>: Kommentar zur Medikation</p><p><b>confidentiality</b>: N</p><p><b>custodian</b>: <a href=\"Organization-Custodian.html\">Generated Summary: id: Custodian; id: 7601000234438; name: Hausarzt</a></p></div>"
  },
  "extension": [
    {
      "url": "http://fhir.ch/ig/ch-core/StructureDefinition/ch-ext-epr-setid",
      "valueIdentifier": {
        "system": "urn:ietf:rfc:3986",
        "value": "urn:uuid:8ed02d0a-2971-11e6-b67b-9e71128cae77"
      }
    },
    {
      "url": "http://fhir.ch/ig/ch-core/StructureDefinition/ch-ext-epr-versionnumber",
      "valueUnsignedInt": 1
    },
    {
      "url": "http://fhir.ch/ig/ch-core/StructureDefinition/ch-ext-epr-informationrecipient",
      "valueReference": {
        "reference": "Patient/MonikaWegmuellerRecipient"
      }
    }
  ],
  "identifier": {
    "system": "urn:ietf:rfc:3986",
    "value": "urn:uuid:8ed02d0a-2971-11e6-b67b-9e71128cae77"
  },
  "status": "final",
  "type": {
    "coding": [
      {
        "system": "http://snomed.info/sct",
        "code": "419891008",
        "display": "Record artifact (record artifact)"
      },
      {
        "system": "http://loinc.org",
        "code": "61356-2",
        "display": "Medication pharmaceutical advice.extended"
      }
    ]
  },
  "subject": {
    "reference": "Patient/MonikaWegmueller"
  },
  "date": "2012-02-04T14:00:00+01:00",
  "author": [
    {
      "extension": [
        {
          "url": "http://fhir.ch/ig/ch-core/StructureDefinition/ch-ext-epr-time",
          "valueDateTime": "2012-02-04T14:00:00+01:00"
        }
      ],
      "reference": "Practitioner/FamilienHausarzt"
    },
    {
      "reference": "Organization/Hausarzt"
    }
  ],
  "title": "Kommentar zur Medikation",
  "confidentiality": "N",
  "_confidentiality": {
    "extension": [
      {
        "url": "http://fhir.ch/ig/ch-core/StructureDefinition/ch-ext-epr-confidentialitycode",
        "valueCodeableConcept": {
          "coding": [
            {
              "system": "http://snomed.info/sct",
              "code": "17621005",
              "display": "Normally accessible"
            }
          ]
        }
      }
    ]
  },
  "custodian": {
    "reference": "Organization/Custodian"
  },
  "section": [
    {
      "extension": [
        {
          "url": "http://fhir.ch/ig/ch-core/StructureDefinition/ch-ext-epr-sectionid",
          "valueIdentifier": {
            "system": "urn:ietf:rfc:3986",
            "value": "urn:uuid:8ed02d0a-2971-11e6-b67b-9e71128cae77"
          }
        }
      ],
      "title": "Hinweise zur Medikation",
      "code": {
        "coding": [
          {
            "system": "http://loinc.org",
            "code": "61357-0",
            "display": "Medication pharmaceutical advice.brief"
          }
        ]
      },
      "text": {
        "status": "generated",
        "div": "<div xmlns=\"http://www.w3.org/1999/xhtml\">\n        <table>\n          <thead>\n            <tr>\n              <th>Präpartename</th>\n              <th>Wirkstoffname</th>\n              <th>Galenische Form</th>\n              <th>Dosis pro Einheit</th>\n              <th>Dosierung</th>\n              <th>Dos.Morgen</th>\n              <th>Dos.Mittag</th>\n              <th>Dos.Abend</th>\n              <th>Dos.Nacht</th>\n              <th>Verabreichungsweg</th>\n              <th>Anwendungsdauer</th>\n              <th>Behandlungsgrund</th>\n              <th>Kommentar</th>\n            </tr>\n          </thead>\n          <tbody>\n            <tr id=\"padv.1\">\n              <td id=\"padv.1.brandedmedication\">Triatec</td>\n              <td id=\"padv.1.ingredient\">Ramipril</td>\n              <td id=\"padv.1.packageform\">Tbl</td>\n              <td id=\"padv.1.dosequantity\">2.5 mg</td>\n              <td id=\"padv.1.dosageintakemode\">Morgens 1/2 Tablette nehmen</td>\n              <td id=\"padv.1.dosagemorning\">0.5</td>\n              <td id=\"padv.1.dosagelunch\">0</td>\n              <td id=\"padv.1.dosageevening\">0</td>\n              <td id=\"padv.1.dosagenight\">0</td>\n              <td id=\"padv.1.routecode\">oral</td>\n              <td id=\"padv.1.datefromto\"/>\n              <td id=\"padv.1.reason\">Bluthochdruck</td>\n              <td id=\"padv.1.note\">Abgesetzt aufgrund UAW trockener Husten</td>\n            </tr>\n          </tbody>\n        </table>\n      </div>"
      },
      "entry": [
        {
          "reference": "Observation/2-2-PharmaceuticalAdvice"
        }
      ]
    }
  ]
}