{"resourceType":"ValueSet","id":"ch-epl-foph-other-characteristics-packaged-item","text":{"status":"generated","div":"<div xmlns=\"http://www.w3.org/1999/xhtml\"><p class=\"res-header-id\"><b>Generated Narrative: ValueSet ch-epl-foph-other-characteristics-packaged-item</b></p><a name=\"ch-epl-foph-other-characteristics-packaged-item\"> </a><a name=\"hcch-epl-foph-other-characteristics-packaged-item\"> </a><a name=\"ch-epl-foph-other-characteristics-packaged-item-en-US\"> </a><ul><li>Include all codes defined in <a href=\"CodeSystem-ch-epl-foph-other-characteristics-packaged-item.html\"><code>http://fhir.ch/ig/ch-epl/CodeSystem/ch-epl-foph-other-characteristics-packaged-item</code></a></li></ul></div>"},"url":"http://fhir.ch/ig/ch-epl/ValueSet/ch-epl-foph-other-characteristics-packaged-item","version":"1.0.0-ballot","name":"ChEplOtherCharacteristicsPackagedItemVS","title":"CH EPL - Other Characteristics Packaged Item","status":"active","experimental":false,"date":"2025-05-22T14:31:04+00:00","publisher":"Federal Office of Public Health FOPH","contact":[{"name":"Federal Office of Public Health FOPH","telecom":[{"system":"url","value":"https://www.bag.admin.ch/bag/en/home/das-bag/kontakt-standort.html"}]}],"description":"Value Set for Other Characteristics of a Packaged Item from ePL used by FOPH","jurisdiction":[{"coding":[{"system":"urn:iso:std:iso:3166","code":"CH"}]}],"copyright":"CC0-1.0","compose":{"include":[{"system":"http://fhir.ch/ig/ch-epl/CodeSystem/ch-epl-foph-other-characteristics-packaged-item"}]}}