URL,Version,Status,OIDs,Name,Title,Descriptino,Used
http://fhir.ch/ig/ch-core/CodeSystem/bfs-medstats-17-admitsource,3.0.0,active,,BfsMedstats17Admitsource,BFS Medizinische Statistik - 17 1.2.V02 - Aufenthaltsort vor dem Eintritt / Séjour avant l’admission / Luogo di soggiorno prima dell’ammissione,"BFS defines variables for medical statistic (german, french, italian) see [BFS](https://www.bfs.admin.ch/bfs/de/home/statistiken/kataloge-datenbanken/publikationen.assetdetail.7066232.html). Unmittelbarer Aufenthaltsort vor dem Eintritt. Wo befand sich der Patient / die Patientin?","ValueSet/bfs-medstats-17-admitsource"
http://fhir.ch/ig/ch-core/CodeSystem/bfs-medstats-18-admittype,3.0.0,active,,BfsMedstats17Admittype,BFS Medizinische Statistik - 18 1.2.V03 - Eintrittsart / Mode d’admission / Genere di ricovero,"BFS defines variables for medical statistic (german, french, italian) see [BFS](https://www.bfs.admin.ch/bfs/de/home/statistiken/kataloge-datenbanken/publikationen.assetdetail.7066232.html). Beschreibung der Umstände des Eintritts. Wie wurde der Patient / die Patientin aufgenommen?","ValueSet/bfs-medstats-18-admittype"
http://fhir.ch/ig/ch-core/CodeSystem/bfs-medstats-19-admitrole,3.0.0,active,,BfsMedstats19Admitrole,BFS Medizinische Statistik - 19 1.2.V04 - Einweisende Instanz / Décision d’envoi / Istanza ricoverante,"BFS defines variables for medical statistic (german, french, italian) see [BFS](https://www.bfs.admin.ch/bfs/de/home/statistiken/kataloge-datenbanken/publikationen.assetdetail.7066232.html). Wer hat die Initiative für die Klinikeinweisung ergriffen?","ValueSet/bfs-medstats-19-admitrole"
http://fhir.ch/ig/ch-core/CodeSystem/bfs-medstats-21-encountertype,3.0.0,active,,BfsMedstats17Admitsource,BFS Medizinische Statistik - 21 1.3.V02 - Klasse / Classe / Classe,"BFS defines variables for medical statistic (german, french, italian) see [BFS](https://www.bfs.admin.ch/bfs/de/home/statistiken/kataloge-datenbanken/publikationen.assetdetail.7066232.html). Im Rahmen des Spitalaufenthaltes belegte Liegeklasse, nicht die Versicherungskategorie. Bei Wechsel der Klasse ist die im Wesentlichen beanspruchte Klasse anzugeben.","ValueSet/bfs-medstats-21-encountertype"
http://fhir.ch/ig/ch-core/CodeSystem/bfs-medstats-25-mainguarantor,3.0.0,active,,BfsMedstats25Mainguarantor,BFS Medizinische Statistik - 25 1.4.V02 - Hauptkostenträger für Grundversicherungsleistungen / Prise en charge des soins de base / Unità d’imputazione principale per le prestazioni dell’assicurazione di base,"BFS defines variables for medical statistic (german, french, italian) see [BFS](https://www.bfs.admin.ch/bfs/de/home/statistiken/kataloge-datenbanken/publikationen.assetdetail.7066232.html). Angabe des Hauptgaranten, der für die Kosten der Grundversicherungsleistungen des Spitalaufenthalts im Wesentlichen aufkommt. Keine Mehrfachnennungen möglich.","ValueSet/mainguarantor"
http://fhir.ch/ig/ch-core/CodeSystem/bfs-medstats-27-dischargedecision,3.0.0,active,,BfsMedstats27Dischargedecision,BFS Medizinische Statistik - 27 1.5.V02 - Entscheid für Austritt / Décision de sortie / Décisione dell’uscita,"BFS defines variables for medical statistic (german, french, italian) see [BFS](https://www.bfs.admin.ch/bfs/de/home/statistiken/kataloge-datenbanken/publikationen.assetdetail.7066232.html). Wer hat den Klinikaustritt veranlasst?","ValueSet/bfs-medstats-27-dischargedecision"
http://fhir.ch/ig/ch-core/CodeSystem/bfs-medstats-28-dischargedestination,3.0.0,active,,BfsMedstats28Dischargedestination,BFS Medizinische Statistik - 28 1.5.V03 - Aufenthalt nach Austritt / Séjour après la sortie / Destinazione dopo l’uscita,"BFS defines variables for medical statistic (german, french, italian) see [BFS](https://www.bfs.admin.ch/bfs/de/home/statistiken/kataloge-datenbanken/publikationen.assetdetail.7066232.html). Wohin wurde der Patient entlassen?","ValueSet/bfs-medstats-28-dischargedestination"
http://fhir.ch/ig/ch-core/CodeSystem/bfs-medstats-29-dischargeencounter,3.0.0,active,,BfsMedstats29Dischargeencounter,BFS Medizinische Statistik - 29 1.5.V04 - Behandlung nach Austritt / Prise en charge après la sortie / Trattamento dopo l’uscita,"BFS defines variables for medical statistic (german, french, italian) see [BFS](https://www.bfs.admin.ch/bfs/de/home/statistiken/kataloge-datenbanken/publikationen.assetdetail.7066232.html). Behandlung, Pflege, Rehabilitation nach dem Spitalaufenthalt. Es geht darum, den Behandlungserfolg resp. den Abhängigkeitsgrad bei Austritt anzugeben. Nur die am besten zutreffende Kategorie auswählen.","ValueSet/bfs-medstats-29-dischargeencounter"
http://fhir.ch/ig/ch-core/CodeSystem/ech-10,3.0.0,active,,ECH11CodeSystem,eCH-010 Types,"eCH-010 defines different Types for a postal address","ValueSet/ech-10-linetype"
http://fhir.ch/ig/ch-core/CodeSystem/ech-11,3.0.0,active,,ECH11CodeSystem,eCH-011 Types,"eCH-011 defines different Types like Names, contactAdress etc. They are further described from the [BFS](https://www.bfs.admin.ch/bfs/de/home/register/personenregister/registerharmonisierung/nomenklaturen.assetdetail.349276.html) in 'Amtlicher Katalog der Merkmale' (Official catalogue of characteristics), Copyright BFS, Neuchâtel 2014, ISBN 978-3-303-00504-0","ValueSet/ech-11-firstnamedatatype,ValueSet/ech-11-namedatatype"
http://fhir.ch/ig/ch-core/CodeSystem/ech-11-maritaldata-separation,3.0.0,active,,ECH11MaritaldataSeparation,eCH-011 MaritalData Separation,"eCH-011 defines different maritalData separation zypes. See [maritalData - Zivilstandsangaben eCH-11](https://www.bfs.admin.ch/bfs/de/home/statistiken/kataloge-datenbanken/publikationen.assetdetail.349276.html) and/or [BFS Amtlicher Katalog der Merkmale](https://www.bfs.admin.ch/bfs/de/home/statistiken/kataloge-datenbanken/publikationen.assetdetail.349276.html).","ValueSet/ech-11-maritaldata-separation"
http://fhir.ch/ig/ch-core/CodeSystem/ech-11-maritalstatus,3.0.0,active,,ECH11maritalstatus,eCH-011 MaritalStatus,"eCH-011 defines different maritalStatus Types. See [maritalData - Zivilstandsangaben eCH-11](https://www.bfs.admin.ch/bfs/de/home/statistiken/kataloge-datenbanken/publikationen.assetdetail.349276.html) and/or [BFS Amtlicher Katalog der Merkmale](https://www.bfs.admin.ch/bfs/de/home/statistiken/kataloge-datenbanken/publikationen.assetdetail.349276.html).","ValueSet/ch-core-maritalstatus"
http://fhir.ch/ig/ch-core/CodeSystem/ech-46-emailcategory,3.0.0,active,,ECH46EmailCategory,eCH-0046 Email Category,"eCH-0046 defines different types for e-mail categories. See https://www.ech.ch/de/ech/ech-0046/5.0 4.3.1 emailCategory","ValueSet/ech-46-emailcategory"
http://fhir.ch/ig/ch-core/CodeSystem/ech-46-internetcategory,3.0.0,active,,ECH46InternetCategory,eCH-0046 Internet Category,"eCH-0046 defines different types for internet categories. See https://www.ech.ch/de/ech/ech-0046/5.0 4.5.1 internetCategory","ValueSet/ech-46-internetcategory"
http://fhir.ch/ig/ch-core/CodeSystem/ech-46-phonecategory,3.0.0,active,,ECH46PhoneCategory,eCH-0046 Phone Category,"eCH-0046 defines different types for phone categories. See https://www.ech.ch/de/ech/ech-0046/5.0 4.4.1 phoneNumberCategory","ValueSet/ech-46-phonecategory"
http://fhir.ch/ig/ch-core/CodeSystem/ech-7-cantonflabbreviation,3.0.0,active,,ECH007CantonFLAbbreviation,eCH-0007 Canton Abbreviation incl. FL (Fürstentum Liechtenstein),"eCH-0007 defines cantonAbbreviation/cantonFLAbbreviation (Kantonskürzel inkl. Fürstentum Liechtenstein), see [here](https://www.ech.ch/de/ech/ech-0007/6.0).","ValueSet/ech-7-cantonflabbreviation"
http://fhir.ch/ig/ch-core/CodeSystem/mainguarantor,3.0.0,active,,Mainguarantor,Main guarantor,"BFS defines variables for the main guarantor, see [CodeSystem BfsMedstats25Mainguarantor](CodeSystem-bfs-medstats-25-mainguarantor.html). In the Swiss healthcare system, an additional value is used that is not covered by the BFS variables, so the code for supplementary insurance is defined here.","ValueSet/mainguarantor"
http://fhir.ch/ig/ch-term/CodeSystem/servicerequest-category,3.0.0,active,,ServiceRequestCategory,ServiceRequest Category,"Codes for the category of service request used to define the requested service.","ValueSet/servicerequest-category"
http://fhir.ch/ig/ch-vacd/CodeSystem/ch-vacd-myvaccines-cs,3.0.0,active,,OldSwissVaccinesCodesystem,CH VACD Old Swiss Vaccines,"Old vaccines codes earlier available in Switzerland.","ValueSet/ch-vacd-vaccines-vs"
http://fhir.ch/ig/ch-vacd/CodeSystem/ch-vacd-recommendation-categories-cs,3.0.0,active,"2.16.756.5.30.1.127.3.3.4",SwissImmunizationRecommendationCategoriesCodesystem,CH VACD Swiss Immunization Recommendation Categories,"Immunization recommendation categories available in Switzerland.","ValueSet/ch-vacd-recommendation-categories-vs"
http://fhir.ch/ig/ch-vacd/CodeSystem/ch-vacd-recommendation-forecast-status-cs,3.0.0,active,,SwissRecommendationForecastStatusCodesystem,CH VACD Swiss Recommendation Forecast Status,"Immunization recommendation forecast status values.","ValueSet/ch-vacd-recommendation-forecast-status-vs"
http://fhir.ch/ig/ch-vacd/CodeSystem/ch-vacd-swissmedic-cs,3.0.0,active,,SwissMedicAuthorizedVaccinesCodesystem,CH VACD Swissmedic Authorized Vaccines,"The vaccines swissmedic has given an autorization number.","ValueSet/ch-vacd-vaccines-vs"
http://hl7.org/fhir/document-relationship-type,4.0.1,draft,"2.16.840.1.113883.4.642.4.245",DocumentRelationshipType,DocumentRelationshipType,"The type of relationship between documents.","ValueSet/document-relationship-type"
http://ihe.net/fhir/ihe.formatcode.fhir/CodeSystem/formatcode,1.2.0,active,"1.3.6.1.4.1.19376.1.2.3",IHE_FormatCode_codesystem,IHE Format Code set for use with Document Sharing,"The [IHE](http://www.ihe.net) FormatCode code system with canonical URI of http://ihe.net/fhir/ihe.formatcode.fhir/CodeSystem/formatcode is defined to be the set of FormatCodes define by IHE, for use with [Document Sharing](https://profiles.ihe.net/ITI/HIE-Whitepaper/index.html). This code set additionally includes, as deprecated, format codes defined by [HL7 for some Implementation Guides](http://wiki.hl7.org/index.php?title=CDA_Format_Codes_for_IHE_XDS). The HL7 codes are now managed by HL7. The set of IHE FormatCode codes was listed in HITSP C80 Table 2-153 Format Code Value Set Definition, but since has been updated. The use of the FormatCode specifies the technical format of the document. The FormatCode tends to reference the IHE Content Profile (Implementation Guide) that defines the use-case and constraints. The FormatCode is a further specialization more detailed than the mime-type. The FormatCode provides sufficient metadata information to allow any potential document content consumer to know if it can process and/or display by identifying a document encoding, structure and template. The set of codes is intended to be preferred.","ValueSet/DocumentEntry.formatCode"
http://snomed.info/sct,null,active,"2.16.840.1.113883.6.96",SNOMED_CT,SNOMED CT (all versions),"SNOMED CT is the most comprehensive and precise clinical health terminology product in the world, owned and distributed around the world by The International Health Terminology Standards Development Organisation (IHTSDO).","ValueSet/CHAllergyIntoleranceReactionManifestationValueSet,ValueSet/DocumentEntry.healthcareFacilityTypeCode,ValueSet/CHAllergyIntoleranceValueSet,ValueSet/UnitCode,ValueSet/DocumentEntry.classCode,ValueSet/condition-code,ValueSet/DocumentEntry.confidentialityCode,ValueSet/ch-vacd-recommendation-categories-vs,ValueSet/ch-vacd-vaccines-snomedct-vs,ValueSet/DocumentEntry.typeCode,ValueSet/ch-vacd-ch-vaccination-plan-immunizations-vs,ValueSet/ActivePharmaceuticalIngredient,ValueSet/HCProfessional.hcProfession,ValueSet/ch-vacd-vaccines-vs,ValueSet/ch-vacd-targetdiseasesandillnessesundergoneforimmunization-vs,ValueSet/DocumentEntry.practiceSettingCode,ValueSet/CHAllergyIntoleranceReactionSubstanceValueSet"
http://terminology.hl7.org/CodeSystem/condition-category,1.0.0,draft,"2.16.840.1.113883.4.642.1.1073",ConditionCategoryCodes,Condition Category Codes,"Preferred value set for Condition Categories.","ValueSet/condition-category"
http://terminology.hl7.org/CodeSystem/v3-ParticipationFunction,3.0.0,active,"2.16.840.1.113883.5.88",ParticipationFunction,ParticipationFunction,"This code is used to specify the exact function an actor had in a service in all necessary detail. This domain may include local extensions (CWE).","ValueSet/ch-core-encounter-participation-type"
http://terminology.hl7.org/CodeSystem/v3-substanceAdminSubstitution,3.0.0,active,"2.16.840.1.113883.5.1070",SubstanceAdminSubstitution,Substance Admin Substitution,"Identifies what sort of change is permitted or has occurred between the therapy that was ordered and the therapy that was/will be provided.","ValueSet/ActSubstanceAdminSubstitutionCode,ValueSet/v3-ActSubstanceAdminSubstitutionCode"
http://unitsofmeasure.org,3.0.1,active,"2.16.840.1.113883.6.8",UCUM,Unified Code for Units of Measure (UCUM),"The Unified Code for Units of Measure (UCUM) is a code system intended to include all units of measures being contemporarily used in international science, engineering, and business. The purpose is to facilitate unambiguous electronic communication of quantities together with their units. The focus is on electronic communication, as opposed to communication between humans. A typical application of The Unified Code for Units of Measure are electronic data interchange (EDI) protocols, but there is nothing that prevents it from being used in other types of machine communication.","ValueSet/UnitCode"
urn:ietf:bcp:47,2.0.1,active,"2.16.840.1.113883.6.121",Ietf3066,Tags for the Identification of Languages,"Older value from OID registry.  Superceded; see recommendations in BCP-47.","ValueSet/DocumentEntry.languageCode"
urn:oid:0.4.0.127.0.16.1.1.2.1,3.0.0,active,"0.4.0.127.0.16.1.1.2.1",EdqmStandardTerms,EDQM - Standard Terms,"EDQM - Standard Terms used in Switzerland (aggregations of codes of ValueSets Route of Administration, Dose Form and Administration Method, see original codes system defined in https://standardterms.edqm.eu/#)","ValueSet/edqm-administrationmethod,ValueSet/edqm-routeofadministration,ValueSet/edqm-pharmaceuticaldoseform"
urn:oid:2.16.756.5.30.1.127.3.10.10,3.0.0,active,"2.16.756.5.30.1.127.3.10.10",ChEhealthCodesystemFormat,ch-ehealth-codesystem-format,"Document format as per Annex; EPRO-FDHA.         This unambiguous code defines the format of the XDS document. Together with the mimetype, this should provide the potential consumer with sufficient information as to whether they are in a position to process the document.      ","ValueSet/DocumentEntry.formatCode"
urn:oid:2.16.756.5.30.1.127.3.10.12,3.0.0,active,"2.16.756.5.30.1.127.3.10.12",ChEhealthCodesystemLanguage,ch-ehealth-codesystem-language,"Document language as per Annex 3 EPRO-FDHA. Defines the language in which the document was written.","ValueSet/DocumentEntry.languageCode"
urn:oid:2.16.756.5.30.1.127.3.10.9,3.0.0,active,"2.16.756.5.30.1.127.3.10.9",ChEhealthCodesystemHpd,ch-ehealth-codesystem-hpd,"HCProfessional.hcProfession","ValueSet/HCProfessional.hcProfession"
urn:oid:2.16.756.5.30.1.127.3.5,3.0.0,active,"2.16.756.5.30.1.127.3.5",ChEhealthCodesystemMedreg,ch-ehealth-codesystem-medreg,"HCProfessional.hcSpecialisation","ValueSet/HCProfessional.hcSpecialisation"
