{
  "resourceType" : "CodeSystem",
  "id" : "b4f54825-fb76-4d6f-b99b-14dff5b7fbb3-3",
  "url" : "http://hl7.org/fhir/comparison/CodeSystem/b4f54825-fb76-4d6f-b99b-14dff5b7fbb3-3",
  "name" : "IntersectionChEhealthCodesystemFormatAndChEhealthCodesystemFormat",
  "title" : "Intersection of ch-ehealth-codesystem-format And ch-ehealth-codesystem-format",
  "status" : "active",
  "date" : "2022-12-21T08:04:27+01:00",
  "jurisdiction" : [{
    "coding" : [{
      "system" : "urn:iso:std:iso:3166",
      "code" : "CH"
    }]
  }],
  "concept" : [{
    "code" : "urn:che:epr:EPR_Unstructured_Document",
    "display" : "Unstructured EPR document",
    "designation" : [{
      "language" : "de-CH",
      "value" : "Unstrukturiertes EPD Dokument"
    },
    {
      "language" : "fr-CH",
      "value" : "Document DEP non structuré"
    },
    {
      "language" : "it-CH",
      "value" : "Documento CIP non strutturato"
    },
    {
      "language" : "en-US",
      "value" : "Unstructured EPR document"
    },
    {
      "language" : "rm-CH",
      "value" : "Document DEP betg structurà"
    }]
  }]
}