{
  "resourceType" : "Bundle",
  "id" : "76e44396-f459-43df-9419-c7843d3be8ae",
  "meta" : {
    "lastUpdated" : "2025-01-21T11:06:41.865+00:00"
  },
  "type" : "collection",
  "entry" : [{
    "fullUrl" : "http://fhir.ch/ig/ch-emed-epr/ValueSet/ch-emed-epr-amount-quantity-unit-code",
    "resource" : {
      "resourceType" : "ValueSet",
      "meta" : {
        "profile" : ["http://hl7.org/fhir/StructureDefinition/shareablevalueset"]
      },
      "text" : {
        "status" : "generated",
        "div" : "<div xmlns=\"http://www.w3.org/1999/xhtml\"><p class=\"res-header-id\"><b>Generated Narrative: ValueSet </b></p><div style=\"border: black 1px dotted; background-color: #EEEEEE; padding: 8px; margin-bottom: 8px\"><p>Expansion from tx.fhir.org based on:</p><ul><li>SNOMED CT 900000000000207008 edition 01-Aug 2024</li><li>codesystem UCUM version2.2</li></ul></div><p>This value set contains 87 concepts</p><table class=\"codes\"><tr><td style=\"white-space:nowrap\"><b>Code</b></td><td><b>System</b></td><td><b>Display</b></td><td><b><a href=\"ConceptMap-CHEMEDEPRAmountQuantityUnitCodeToCdTyp9.html\">CHEMEDEPRAmountQuantityUnitCode -&gt; CdTyp9</a></b></td></tr><tr><td style=\"white-space:nowrap\"><a name=\"x-http://snomed.info/sct-732981002\"> </a>\u00a0\u00a0<a href=\"http://snomed.info/id/732981002\">732981002</a></td><td>http://snomed.info/sct</td><td>Actuation (unit of presentation)</td><td><span title=\"EQUIVALENT\">~</span>ConceptMap-CHEMEDEPRAmountQuantityUnitCodeToCdTyp9.html<i>(In the context of drug administration, &quot;Hub&quot; in German often refers to the actuation or dose delivered by a medical device, such as a pump or a spray. In the case of an inhaler or nasal spray, a Hub refers to the quantity of medication released in one spray or actuation. For an insulin pump or other infusion devices, Hub can denote a specific unit of the medication delivered per pump cycle or actuation.)</i></td></tr><tr><td style=\"white-space:nowrap\"><a name=\"x-http://snomed.info/sct-732978007\"> </a>\u00a0\u00a0<a href=\"http://snomed.info/id/732978007\">732978007</a></td><td>http://snomed.info/sct</td><td>Ampule (unit of presentation)</td><td/></tr><tr><td style=\"white-space:nowrap\"><a name=\"x-http://snomed.info/sct-413568008\"> </a>\u00a0\u00a0<a href=\"http://snomed.info/id/413568008\">413568008</a></td><td>http://snomed.info/sct</td><td>Application - unit of product usage (qualifier value)</td><td><span title=\"EQUIVALENT\">~</span>ConceptMap-CHEMEDEPRAmountQuantityUnitCodeToCdTyp9.html</td></tr><tr><td style=\"white-space:nowrap\"><a name=\"x-http://snomed.info/sct-732980001\"> </a>\u00a0\u00a0<a href=\"http://snomed.info/id/732980001\">732980001</a></td><td>http://snomed.info/sct</td><td>Applicator</td><td/></tr><tr><td style=\"white-space:nowrap\"><a name=\"x-http://snomed.info/sct-732982009\"> </a>\u00a0\u00a0<a href=\"http://snomed.info/id/732982009\">732982009</a></td><td>http://snomed.info/sct</td><td>Bag (unit of presentation)</td><td><span title=\"RELATEDTO\">?</span>ConceptMap-CHEMEDEPRAmountQuantityUnitCodeToCdTyp9.html<i>(In HCI's code system, there is no equivalent for a bag (or French poche), e.g. an infusion bag. The broader German term Beutel is instead used for single dose sachets.)</i></td></tr><tr><td style=\"white-space:nowrap\"><a name=\"x-http://snomed.info/sct-732983004\"> </a>\u00a0\u00a0<a href=\"http://snomed.info/id/732983004\">732983004</a></td><td>http://snomed.info/sct</td><td>Barrel</td><td/></tr><tr><td style=\"white-space:nowrap\"><a name=\"x-http://snomed.info/sct-732984005\"> </a>\u00a0\u00a0<a href=\"http://snomed.info/id/732984005\">732984005</a></td><td>http://snomed.info/sct</td><td>Blister (unit of presentation)</td><td><span title=\"EQUIVALENT\">~</span>ConceptMap-CHEMEDEPRAmountQuantityUnitCodeToCdTyp9.html</td></tr><tr><td style=\"white-space:nowrap\"><a name=\"x-http://snomed.info/sct-732985006\"> </a>\u00a0\u00a0<a href=\"http://snomed.info/id/732985006\">732985006</a></td><td>http://snomed.info/sct</td><td>Block</td><td/></tr><tr><td style=\"white-space:nowrap\"><a name=\"x-http://snomed.info/sct-732986007\"> </a>\u00a0\u00a0<a href=\"http://snomed.info/id/732986007\">732986007</a></td><td>http://snomed.info/sct</td><td>Bottle (unit of presentation)</td><td><span title=\"EQUIVALENT\">~</span>ConceptMap-CHEMEDEPRAmountQuantityUnitCodeToCdTyp9.html</td></tr><tr><td style=\"white-space:nowrap\"><a name=\"x-http://snomed.info/sct-732987003\"> </a>\u00a0\u00a0<a href=\"http://snomed.info/id/732987003\">732987003</a></td><td>http://snomed.info/sct</td><td>Cachet</td><td/></tr><tr><td style=\"white-space:nowrap\"><a name=\"x-http://snomed.info/sct-732937005\"> </a>\u00a0\u00a0<a href=\"http://snomed.info/id/732937005\">732937005</a></td><td>http://snomed.info/sct</td><td>Capsule (unit of presentation)</td><td/></tr><tr><td style=\"white-space:nowrap\"><a name=\"x-http://snomed.info/sct-732988008\"> </a>\u00a0\u00a0<a href=\"http://snomed.info/id/732988008\">732988008</a></td><td>http://snomed.info/sct</td><td>Cartridge (unit of presentation)</td><td><span title=\"EQUIVALENT\">~</span>ConceptMap-CHEMEDEPRAmountQuantityUnitCodeToCdTyp9.html</td></tr><tr><td style=\"white-space:nowrap\"><a name=\"x-http://snomed.info/sct-732989000\"> </a>\u00a0\u00a0<a href=\"http://snomed.info/id/732989000\">732989000</a></td><td>http://snomed.info/sct</td><td>Chewing gum</td><td/></tr><tr><td style=\"white-space:nowrap\"><a name=\"x-http://snomed.info/sct-732990009\"> </a>\u00a0\u00a0<a href=\"http://snomed.info/id/732990009\">732990009</a></td><td>http://snomed.info/sct</td><td>Container</td><td/></tr><tr><td style=\"white-space:nowrap\"><a name=\"x-http://snomed.info/sct-732991008\"> </a>\u00a0\u00a0<a href=\"http://snomed.info/id/732991008\">732991008</a></td><td>http://snomed.info/sct</td><td>Cup</td><td><span title=\"SOURCEISBROADERTHANTARGET\">&gt;</span>ConceptMap-CHEMEDEPRAmountQuantityUnitCodeToCdTyp9.html<i>(Messbecher is more specifically a measuring cup.)</i></td></tr><tr><td style=\"white-space:nowrap\"><a name=\"x-http://snomed.info/sct-732992001\"> </a>\u00a0\u00a0<a href=\"http://snomed.info/id/732992001\">732992001</a></td><td>http://snomed.info/sct</td><td>Cylinder</td><td/></tr><tr><td style=\"white-space:nowrap\"><a name=\"x-http://snomed.info/sct-732993006\"> </a>\u00a0\u00a0<a href=\"http://snomed.info/id/732993006\">732993006</a></td><td>http://snomed.info/sct</td><td>Dressing</td><td/></tr><tr><td style=\"white-space:nowrap\"><a name=\"x-http://snomed.info/sct-732994000\"> </a>\u00a0\u00a0<a href=\"http://snomed.info/id/732994000\">732994000</a></td><td>http://snomed.info/sct</td><td>Drop</td><td><span title=\"EQUIVALENT\">~</span>ConceptMap-CHEMEDEPRAmountQuantityUnitCodeToCdTyp9.html</td></tr><tr><td style=\"white-space:nowrap\"><a name=\"x-http://snomed.info/sct-732995004\"> </a>\u00a0\u00a0<a href=\"http://snomed.info/id/732995004\">732995004</a></td><td>http://snomed.info/sct</td><td>Film</td><td/></tr><tr><td style=\"white-space:nowrap\"><a name=\"x-http://snomed.info/sct-732996003\"> </a>\u00a0\u00a0<a href=\"http://snomed.info/id/732996003\">732996003</a></td><td>http://snomed.info/sct</td><td>Implant (unit of presentation)</td><td/></tr><tr><td style=\"white-space:nowrap\"><a name=\"x-http://snomed.info/sct-732997007\"> </a>\u00a0\u00a0<a href=\"http://snomed.info/id/732997007\">732997007</a></td><td>http://snomed.info/sct</td><td>Inhaler</td><td/></tr><tr><td style=\"white-space:nowrap\"><a name=\"x-http://snomed.info/sct-732998002\"> </a>\u00a0\u00a0<a href=\"http://snomed.info/id/732998002\">732998002</a></td><td>http://snomed.info/sct</td><td>Insert</td><td/></tr><tr><td style=\"white-space:nowrap\"><a name=\"x-http://snomed.info/sct-732999005\"> </a>\u00a0\u00a0<a href=\"http://snomed.info/id/732999005\">732999005</a></td><td>http://snomed.info/sct</td><td>Jar</td><td/></tr><tr><td style=\"white-space:nowrap\"><a name=\"x-http://snomed.info/sct-733001005\"> </a>\u00a0\u00a0<a href=\"http://snomed.info/id/733001005\">733001005</a></td><td>http://snomed.info/sct</td><td>Lyophilisate</td><td/></tr><tr><td style=\"white-space:nowrap\"><a name=\"x-http://snomed.info/sct-733002003\"> </a>\u00a0\u00a0<a href=\"http://snomed.info/id/733002003\">733002003</a></td><td>http://snomed.info/sct</td><td>Matrix</td><td/></tr><tr><td style=\"white-space:nowrap\"><a name=\"x-http://snomed.info/sct-733003008\"> </a>\u00a0\u00a0<a href=\"http://snomed.info/id/733003008\">733003008</a></td><td>http://snomed.info/sct</td><td>Pad</td><td/></tr><tr><td style=\"white-space:nowrap\"><a name=\"x-http://snomed.info/sct-733004002\"> </a>\u00a0\u00a0<a href=\"http://snomed.info/id/733004002\">733004002</a></td><td>http://snomed.info/sct</td><td>Pastille</td><td/></tr><tr><td style=\"white-space:nowrap\"><a name=\"x-http://snomed.info/sct-733005001\"> </a>\u00a0\u00a0<a href=\"http://snomed.info/id/733005001\">733005001</a></td><td>http://snomed.info/sct</td><td>Patch (unit of presentation)</td><td><span title=\"SOURCEISNARROWERTHANTARGET\">&lt;</span>ConceptMap-CHEMEDEPRAmountQuantityUnitCodeToCdTyp9.html<i>(HCI's CDTyp9 contains only a general code for Plaster (translated within the code system as the more specialized patch in French, oddly enough).)</i></td></tr><tr><td style=\"white-space:nowrap\"><a name=\"x-http://snomed.info/sct-733006000\"> </a>\u00a0\u00a0<a href=\"http://snomed.info/id/733006000\">733006000</a></td><td>http://snomed.info/sct</td><td>Pen (unit of presentation)</td><td/></tr><tr><td style=\"white-space:nowrap\"><a name=\"x-http://snomed.info/sct-733007009\"> </a>\u00a0\u00a0<a href=\"http://snomed.info/id/733007009\">733007009</a></td><td>http://snomed.info/sct</td><td>Pessary (unit of presentation)</td><td/></tr><tr><td style=\"white-space:nowrap\"><a name=\"x-http://snomed.info/sct-733008004\"> </a>\u00a0\u00a0<a href=\"http://snomed.info/id/733008004\">733008004</a></td><td>http://snomed.info/sct</td><td>Pillule</td><td/></tr><tr><td style=\"white-space:nowrap\"><a name=\"x-http://snomed.info/sct-733009007\"> </a>\u00a0\u00a0<a href=\"http://snomed.info/id/733009007\">733009007</a></td><td>http://snomed.info/sct</td><td>Pipette (unit of presentation)</td><td><span title=\"SOURCEISBROADERTHANTARGET\">&gt;</span>ConceptMap-CHEMEDEPRAmountQuantityUnitCodeToCdTyp9.html<i>(A Dosierpipette (German) is more specifically a dosing pipette designed to measure and deliver precise amounts of medication.)</i></td></tr><tr><td style=\"white-space:nowrap\"><a name=\"x-http://snomed.info/sct-733010002\"> </a>\u00a0\u00a0<a href=\"http://snomed.info/id/733010002\">733010002</a></td><td>http://snomed.info/sct</td><td>Plaster (unit of presentation)</td><td><span title=\"EQUIVALENT\">~</span>ConceptMap-CHEMEDEPRAmountQuantityUnitCodeToCdTyp9.html</td></tr><tr><td style=\"white-space:nowrap\"><a name=\"x-http://snomed.info/sct-733011003\"> </a>\u00a0\u00a0<a href=\"http://snomed.info/id/733011003\">733011003</a></td><td>http://snomed.info/sct</td><td>Plug (unit of presentation)</td><td/></tr><tr><td style=\"white-space:nowrap\"><a name=\"x-http://snomed.info/sct-733012005\"> </a>\u00a0\u00a0<a href=\"http://snomed.info/id/733012005\">733012005</a></td><td>http://snomed.info/sct</td><td>Pouch (unit of presentation)</td><td><span title=\"RELATEDTO\">?</span>ConceptMap-CHEMEDEPRAmountQuantityUnitCodeToCdTyp9.html<i>(In HCI's code system, there is no equivalent for a pouch. The broader German term Beutel is instead used for single dose sachets.)</i></td></tr><tr><td style=\"white-space:nowrap\"><a name=\"x-http://snomed.info/sct-733013000\"> </a>\u00a0\u00a0<a href=\"http://snomed.info/id/733013000\">733013000</a></td><td>http://snomed.info/sct</td><td>Sachet (unit of presentation)</td><td><span title=\"RELATEDTO\">?</span>ConceptMap-CHEMEDEPRAmountQuantityUnitCodeToCdTyp9.html<i>(In HCI's code system, The broader German term Beutel is instead used for single dose sachets and translated as such on its French display translation.)</i></td></tr><tr><td style=\"white-space:nowrap\"><a name=\"x-http://snomed.info/sct-733014006\"> </a>\u00a0\u00a0<a href=\"http://snomed.info/id/733014006\">733014006</a></td><td>http://snomed.info/sct</td><td>Sponge (unit of presentation)</td><td/></tr><tr><td style=\"white-space:nowrap\"><a name=\"x-http://snomed.info/sct-733015007\"> </a>\u00a0\u00a0<a href=\"http://snomed.info/id/733015007\">733015007</a></td><td>http://snomed.info/sct</td><td>Spoonful (unit of presentation)</td><td><span title=\"EQUIVALENT\">~</span>ConceptMap-CHEMEDEPRAmountQuantityUnitCodeToCdTyp9.html<i>(The target code is more specifically a measuring spoon (Messlöffel).)</i></td></tr><tr><td style=\"white-space:nowrap\"><a name=\"x-http://snomed.info/sct-733016008\"> </a>\u00a0\u00a0<a href=\"http://snomed.info/id/733016008\">733016008</a></td><td>http://snomed.info/sct</td><td>Stick</td><td/></tr><tr><td style=\"white-space:nowrap\"><a name=\"x-http://snomed.info/sct-733017004\"> </a>\u00a0\u00a0<a href=\"http://snomed.info/id/733017004\">733017004</a></td><td>http://snomed.info/sct</td><td>Straw (unit of presentation)</td><td/></tr><tr><td style=\"white-space:nowrap\"><a name=\"x-http://snomed.info/sct-733018009\"> </a>\u00a0\u00a0<a href=\"http://snomed.info/id/733018009\">733018009</a></td><td>http://snomed.info/sct</td><td>Strip (unit of presentation)</td><td/></tr><tr><td style=\"white-space:nowrap\"><a name=\"x-http://snomed.info/sct-733019001\"> </a>\u00a0\u00a0<a href=\"http://snomed.info/id/733019001\">733019001</a></td><td>http://snomed.info/sct</td><td>Suppository (unit of presentation)</td><td/></tr><tr><td style=\"white-space:nowrap\"><a name=\"x-http://snomed.info/sct-733020007\"> </a>\u00a0\u00a0<a href=\"http://snomed.info/id/733020007\">733020007</a></td><td>http://snomed.info/sct</td><td>Syringe</td><td><span title=\"EQUIVALENT\">~</span>ConceptMap-CHEMEDEPRAmountQuantityUnitCodeToCdTyp9.html<i>(The target code is more specifically a measuring or dosing syringe (Dosierspritze).)</i></td></tr><tr><td style=\"white-space:nowrap\"><a name=\"x-http://snomed.info/sct-733021006\"> </a>\u00a0\u00a0<a href=\"http://snomed.info/id/733021006\">733021006</a></td><td>http://snomed.info/sct</td><td>System</td><td/></tr><tr><td style=\"white-space:nowrap\"><a name=\"x-http://snomed.info/sct-732936001\"> </a>\u00a0\u00a0<a href=\"http://snomed.info/id/732936001\">732936001</a></td><td>http://snomed.info/sct</td><td>Tablet (unit of presentation)</td><td><span title=\"EQUIVALENT\">~</span>ConceptMap-CHEMEDEPRAmountQuantityUnitCodeToCdTyp9.html</td></tr><tr><td style=\"white-space:nowrap\"><a name=\"x-http://snomed.info/sct-733022004\"> </a>\u00a0\u00a0<a href=\"http://snomed.info/id/733022004\">733022004</a></td><td>http://snomed.info/sct</td><td>Tampon (unit of presentation)</td><td/></tr><tr><td style=\"white-space:nowrap\"><a name=\"x-http://snomed.info/sct-733023009\"> </a>\u00a0\u00a0<a href=\"http://snomed.info/id/733023009\">733023009</a></td><td>http://snomed.info/sct</td><td>Thread</td><td/></tr><tr><td style=\"white-space:nowrap\"><a name=\"x-http://snomed.info/sct-733024003\"> </a>\u00a0\u00a0<a href=\"http://snomed.info/id/733024003\">733024003</a></td><td>http://snomed.info/sct</td><td>Tube</td><td><span title=\"EQUIVALENT\">~</span>ConceptMap-CHEMEDEPRAmountQuantityUnitCodeToCdTyp9.html</td></tr><tr><td style=\"white-space:nowrap\"><a name=\"x-http://snomed.info/sct-733025002\"> </a>\u00a0\u00a0<a href=\"http://snomed.info/id/733025002\">733025002</a></td><td>http://snomed.info/sct</td><td>Vessel</td><td/></tr><tr><td style=\"white-space:nowrap\"><a name=\"x-http://snomed.info/sct-733026001\"> </a>\u00a0\u00a0<a href=\"http://snomed.info/id/733026001\">733026001</a></td><td>http://snomed.info/sct</td><td>Vial (unit of presentation)</td><td/></tr><tr><td style=\"white-space:nowrap\"><a name=\"x-http://snomed.info/sct-408102007\"> </a>\u00a0\u00a0<a href=\"http://snomed.info/id/408102007\">408102007</a></td><td>http://snomed.info/sct</td><td>Unit dose (qualifier value)</td><td><span title=\"EQUIVALENT\">~</span>ConceptMap-CHEMEDEPRAmountQuantityUnitCodeToCdTyp9.html</td></tr><tr><td style=\"white-space:nowrap\"><a name=\"x-http://snomed.info/sct-396186001\"> </a>\u00a0\u00a0<a href=\"http://snomed.info/id/396186001\">396186001</a></td><td>http://snomed.info/sct</td><td>(the number ten for arbitrary powers ^ 6) * Unit</td><td><span title=\"EQUIVALENT\">~</span>ConceptMap-CHEMEDEPRAmountQuantityUnitCodeToCdTyp9.html<i>(CdTyp9 has two codes for a million units: &quot;Mio U&quot; and &quot;MU&quot; (labeled as Millionen Einheiten).\nSince MU could bring some confusion, as it is also stands for Measurement Unit in English, with a different meaning, CdTyp9's &quot;Mio U&quot; is preferred by this concept map.)</i><br/><span title=\"EQUIVALENT\">~</span>ConceptMap-CHEMEDEPRAmountQuantityUnitCodeToCdTyp9.html<i>(CdTyp9 has two codes for a million units: &quot;Mio U&quot; and &quot;MU&quot; (labeled as Millionen Einheiten).\nSince MU could bring some confusion, as it is also stands for Measurement Unit in English, with a different meaning, CdTyp9's &quot;Mio U&quot; is preferred by this concept map.)</i></td></tr><tr><td style=\"white-space:nowrap\"><a name=\"x-http://snomed.info/sct-1681000175101\"> </a>\u00a0\u00a0<a href=\"http://snomed.info/id/1681000175101\">1681000175101</a></td><td>http://snomed.info/sct</td><td>Package - unit of product usage</td><td><span title=\"EQUIVALENT\">~</span>ConceptMap-CHEMEDEPRAmountQuantityUnitCodeToCdTyp9.html</td></tr><tr><td style=\"white-space:nowrap\"><a name=\"x-http://snomed.info/sct-2011000175108\"> </a>\u00a0\u00a0<a href=\"http://snomed.info/id/2011000175108\">2011000175108</a></td><td>http://snomed.info/sct</td><td>Thousand unit</td><td><span title=\"EQUIVALENT\">~</span>ConceptMap-CHEMEDEPRAmountQuantityUnitCodeToCdTyp9.html</td></tr><tr><td style=\"white-space:nowrap\"><a name=\"x-http://snomed.info/sct-767525000\"> </a>\u00a0\u00a0<a href=\"http://snomed.info/id/767525000\">767525000</a></td><td>http://snomed.info/sct</td><td>Unit</td><td><span title=\"EQUIVALENT\">~</span>ConceptMap-CHEMEDEPRAmountQuantityUnitCodeToCdTyp9.html<i>(CdTyp9 has two codes for unit, E for German Einheit and U for French unité (or English unit). This concept map suggests using U for coherence also with English.)</i><br/><span title=\"EQUIVALENT\">~</span>ConceptMap-CHEMEDEPRAmountQuantityUnitCodeToCdTyp9.html<i>(CdTyp9 has two codes for unit, E for German Einheit and U for French unité (or English unit). This concept map suggests using U for coherence also with English.)</i></td></tr><tr><td style=\"white-space:nowrap\"><a name=\"x-http://snomed.info/sct-246205007\"> </a>\u00a0\u00a0<a href=\"http://snomed.info/id/246205007\">246205007</a></td><td>http://snomed.info/sct</td><td>Quantity</td><td><span title=\"RELATEDTO\">?</span>ConceptMap-CHEMEDEPRAmountQuantityUnitCodeToCdTyp9.html<i>(Stk stands for Stück which could be translated as piece. CH EMED 5.0.0 removed the unit piece and replaced it with the SNOMED code for quantity. See https://github.com/hl7ch/ch-emed/issues/252 for reasoning.)</i></td></tr><tr><td style=\"white-space:nowrap\"><a name=\"x-http://unitsofmeasure.org-Bq\"> </a>\u00a0\u00a0Bq</td><td>http://unitsofmeasure.org</td><td>Bq</td><td><span title=\"EQUIVALENT\">~</span>ConceptMap-CHEMEDEPRAmountQuantityUnitCodeToCdTyp9.html</td></tr><tr><td style=\"white-space:nowrap\"><a name=\"x-http://unitsofmeasure.org-kBq\"> </a>\u00a0\u00a0kBq</td><td>http://unitsofmeasure.org</td><td>kBq</td><td><span title=\"EQUIVALENT\">~</span>ConceptMap-CHEMEDEPRAmountQuantityUnitCodeToCdTyp9.html</td></tr><tr><td style=\"white-space:nowrap\"><a name=\"x-http://unitsofmeasure.org-MBq\"> </a>\u00a0\u00a0MBq</td><td>http://unitsofmeasure.org</td><td>MBq</td><td><span title=\"EQUIVALENT\">~</span>ConceptMap-CHEMEDEPRAmountQuantityUnitCodeToCdTyp9.html</td></tr><tr><td style=\"white-space:nowrap\"><a name=\"x-http://unitsofmeasure.org-GBq\"> </a>\u00a0\u00a0GBq</td><td>http://unitsofmeasure.org</td><td>GBq</td><td><span title=\"EQUIVALENT\">~</span>ConceptMap-CHEMEDEPRAmountQuantityUnitCodeToCdTyp9.html</td></tr><tr><td style=\"white-space:nowrap\"><a name=\"x-http://unitsofmeasure.org-|25\"> </a>\u00a0\u00a0%</td><td>http://unitsofmeasure.org</td><td>%</td><td><span title=\"EQUIVALENT\">~</span>ConceptMap-CHEMEDEPRAmountQuantityUnitCodeToCdTyp9.html</td></tr><tr><td style=\"white-space:nowrap\"><a name=\"x-http://unitsofmeasure.org-ng\"> </a>\u00a0\u00a0ng</td><td>http://unitsofmeasure.org</td><td>ng</td><td><span title=\"EQUIVALENT\">~</span>ConceptMap-CHEMEDEPRAmountQuantityUnitCodeToCdTyp9.html</td></tr><tr><td style=\"white-space:nowrap\"><a name=\"x-http://unitsofmeasure.org-ug\"> </a>\u00a0\u00a0ug</td><td>http://unitsofmeasure.org</td><td>ug</td><td><span title=\"EQUIVALENT\">~</span>ConceptMap-CHEMEDEPRAmountQuantityUnitCodeToCdTyp9.html</td></tr><tr><td style=\"white-space:nowrap\"><a name=\"x-http://unitsofmeasure.org-mg\"> </a>\u00a0\u00a0mg</td><td>http://unitsofmeasure.org</td><td>mg</td><td><span title=\"EQUIVALENT\">~</span>ConceptMap-CHEMEDEPRAmountQuantityUnitCodeToCdTyp9.html</td></tr><tr><td style=\"white-space:nowrap\"><a name=\"x-http://unitsofmeasure.org-g\"> </a>\u00a0\u00a0g</td><td>http://unitsofmeasure.org</td><td>g</td><td><span title=\"EQUIVALENT\">~</span>ConceptMap-CHEMEDEPRAmountQuantityUnitCodeToCdTyp9.html</td></tr><tr><td style=\"white-space:nowrap\"><a name=\"x-http://unitsofmeasure.org-kg\"> </a>\u00a0\u00a0kg</td><td>http://unitsofmeasure.org</td><td>kg</td><td><span title=\"EQUIVALENT\">~</span>ConceptMap-CHEMEDEPRAmountQuantityUnitCodeToCdTyp9.html</td></tr><tr><td style=\"white-space:nowrap\"><a name=\"x-http://unitsofmeasure.org-kcal\"> </a>\u00a0\u00a0kcal</td><td>http://unitsofmeasure.org</td><td>kcal</td><td><span title=\"EQUIVALENT\">~</span>ConceptMap-CHEMEDEPRAmountQuantityUnitCodeToCdTyp9.html</td></tr><tr><td style=\"white-space:nowrap\"><a name=\"x-http://unitsofmeasure.org-kJ\"> </a>\u00a0\u00a0kJ</td><td>http://unitsofmeasure.org</td><td>kJ</td><td><span title=\"EQUIVALENT\">~</span>ConceptMap-CHEMEDEPRAmountQuantityUnitCodeToCdTyp9.html</td></tr><tr><td style=\"white-space:nowrap\"><a name=\"x-http://unitsofmeasure.org-meq\"> </a>\u00a0\u00a0meq</td><td>http://unitsofmeasure.org</td><td>meq</td><td/></tr><tr><td style=\"white-space:nowrap\"><a name=\"x-http://unitsofmeasure.org-nmol\"> </a>\u00a0\u00a0nmol</td><td>http://unitsofmeasure.org</td><td>nmol</td><td><span title=\"EQUIVALENT\">~</span>ConceptMap-CHEMEDEPRAmountQuantityUnitCodeToCdTyp9.html</td></tr><tr><td style=\"white-space:nowrap\"><a name=\"x-http://unitsofmeasure.org-umol\"> </a>\u00a0\u00a0umol</td><td>http://unitsofmeasure.org</td><td>umol</td><td><span title=\"EQUIVALENT\">~</span>ConceptMap-CHEMEDEPRAmountQuantityUnitCodeToCdTyp9.html</td></tr><tr><td style=\"white-space:nowrap\"><a name=\"x-http://unitsofmeasure.org-mmol\"> </a>\u00a0\u00a0mmol</td><td>http://unitsofmeasure.org</td><td>mmol</td><td><span title=\"EQUIVALENT\">~</span>ConceptMap-CHEMEDEPRAmountQuantityUnitCodeToCdTyp9.html</td></tr><tr><td style=\"white-space:nowrap\"><a name=\"x-http://unitsofmeasure.org-mol\"> </a>\u00a0\u00a0mol</td><td>http://unitsofmeasure.org</td><td>mol</td><td><span title=\"EQUIVALENT\">~</span>ConceptMap-CHEMEDEPRAmountQuantityUnitCodeToCdTyp9.html</td></tr><tr><td style=\"white-space:nowrap\"><a name=\"x-http://unitsofmeasure.org-nL\"> </a>\u00a0\u00a0nL</td><td>http://unitsofmeasure.org</td><td>nL</td><td/></tr><tr><td style=\"white-space:nowrap\"><a name=\"x-http://unitsofmeasure.org-uL\"> </a>\u00a0\u00a0uL</td><td>http://unitsofmeasure.org</td><td>uL</td><td><span title=\"EQUIVALENT\">~</span>ConceptMap-CHEMEDEPRAmountQuantityUnitCodeToCdTyp9.html</td></tr><tr><td style=\"white-space:nowrap\"><a name=\"x-http://unitsofmeasure.org-mL\"> </a>\u00a0\u00a0mL</td><td>http://unitsofmeasure.org</td><td>mL</td><td><span title=\"EQUIVALENT\">~</span>ConceptMap-CHEMEDEPRAmountQuantityUnitCodeToCdTyp9.html</td></tr><tr><td style=\"white-space:nowrap\"><a name=\"x-http://unitsofmeasure.org-L\"> </a>\u00a0\u00a0L</td><td>http://unitsofmeasure.org</td><td>L</td><td><span title=\"EQUIVALENT\">~</span>ConceptMap-CHEMEDEPRAmountQuantityUnitCodeToCdTyp9.html</td></tr><tr><td style=\"white-space:nowrap\"><a name=\"x-http://unitsofmeasure.org-mm2\"> </a>\u00a0\u00a0mm2</td><td>http://unitsofmeasure.org</td><td>mm2</td><td/></tr><tr><td style=\"white-space:nowrap\"><a name=\"x-http://unitsofmeasure.org-cm\"> </a>\u00a0\u00a0cm</td><td>http://unitsofmeasure.org</td><td>cm</td><td/></tr><tr><td style=\"white-space:nowrap\"><a name=\"x-http://unitsofmeasure.org-cm2\"> </a>\u00a0\u00a0cm2</td><td>http://unitsofmeasure.org</td><td>cm2</td><td/></tr><tr><td style=\"white-space:nowrap\"><a name=\"x-http://unitsofmeasure.org-cm3\"> </a>\u00a0\u00a0cm3</td><td>http://unitsofmeasure.org</td><td>cm3</td><td><span title=\"EQUIVALENT\">~</span>ConceptMap-CHEMEDEPRAmountQuantityUnitCodeToCdTyp9.html<i>(Although CdTyp9 has no code for cubic centimeter, 1 cubic centimeter is equivalent to 1 milliliter, which is present.)</i></td></tr><tr><td style=\"white-space:nowrap\"><a name=\"x-http://unitsofmeasure.org-|5btbs_m|5d\"> </a>\u00a0\u00a0[tbs_m]</td><td>http://unitsofmeasure.org</td><td>[tbs_m]</td><td><span title=\"EQUIVALENT\">~</span>ConceptMap-CHEMEDEPRAmountQuantityUnitCodeToCdTyp9.html<i>(Esslöffel (EL) is the German translation of the metric tablespoon.)</i></td></tr><tr><td style=\"white-space:nowrap\"><a name=\"x-http://unitsofmeasure.org-10*6.|5biU|5d\"> </a>\u00a0\u00a010*6.[iU]</td><td>http://unitsofmeasure.org</td><td>10*6.[iU]</td><td><span title=\"EQUIVALENT\">~</span>ConceptMap-CHEMEDEPRAmountQuantityUnitCodeToCdTyp9.html</td></tr><tr><td style=\"white-space:nowrap\"><a name=\"x-http://unitsofmeasure.org-|5bppm|5d\"> </a>\u00a0\u00a0[ppm]</td><td>http://unitsofmeasure.org</td><td>[ppm]</td><td/></tr><tr><td style=\"white-space:nowrap\"><a name=\"x-http://unitsofmeasure.org-|5btsp_m|5d\"> </a>\u00a0\u00a0[tsp_m]</td><td>http://unitsofmeasure.org</td><td>[tsp_m]</td><td><span title=\"EQUIVALENT\">~</span>ConceptMap-CHEMEDEPRAmountQuantityUnitCodeToCdTyp9.html<i>(Teelöffel (TL) is the German translation of the metric teaspoon.)</i></td></tr><tr><td style=\"white-space:nowrap\"><a name=\"x-http://unitsofmeasure.org-|5biU|5d\"> </a>\u00a0\u00a0[iU]</td><td>http://unitsofmeasure.org</td><td>[iU]</td><td><span title=\"EQUIVALENT\">~</span>ConceptMap-CHEMEDEPRAmountQuantityUnitCodeToCdTyp9.html</td></tr><tr><td style=\"white-space:nowrap\"><a name=\"x-http://unitsofmeasure.org-|5bCFU|5d\"> </a>\u00a0\u00a0[CFU]</td><td>http://unitsofmeasure.org</td><td>[CFU]</td><td/></tr></table></div>"
      },
      "url" : "http://fhir.ch/ig/ch-emed-epr/ValueSet/ch-emed-epr-amount-quantity-unit-code",
      "version" : "2.0.0",
      "name" : "CHEMEDEPRAmountQuantityUnitCode",
      "title" : "Amount Quantity Unit Codes",
      "status" : "draft",
      "experimental" : true,
      "date" : "2025-01-21T11:06:41+00:00",
      "jurisdiction" : [{
        "coding" : [{
          "system" : "urn:iso:std:iso:3166",
          "code" : "CH",
          "display" : "Switzerland"
        }]
      }],
      "expansion" : {
        "identifier" : "urn:uuid:533a108f-0f1a-4283-9e90-f4447746c409",
        "timestamp" : "2025-01-21T11:08:31+00:00",
        "total" : 87,
        "offset" : 0,
        "parameter" : [{
          "name" : "count",
          "valueInteger" : 1000
        },
        {
          "name" : "offset",
          "valueInteger" : 0
        },
        {
          "name" : "excludeNested",
          "valueBoolean" : false
        },
        {
          "name" : "used-valueset",
          "valueUri" : "null"
        },
        {
          "name" : "used-codesystem",
          "valueUri" : "http://snomed.info/sct|http://snomed.info/sct/900000000000207008/version/20240801"
        },
        {
          "name" : "version",
          "valueUri" : "http://snomed.info/sct|http://snomed.info/sct/900000000000207008/version/20240801"
        },
        {
          "name" : "excludeNested",
          "valueBoolean" : true
        },
        {
          "name" : "used-codesystem",
          "valueUri" : "http://unitsofmeasure.org|2.2"
        },
        {
          "name" : "version",
          "valueUri" : "http://unitsofmeasure.org|2.2"
        }],
        "contains" : [{
          "system" : "http://snomed.info/sct",
          "code" : "732981002",
          "display" : "Actuation (unit of presentation)"
        },
        {
          "system" : "http://snomed.info/sct",
          "code" : "732978007",
          "display" : "Ampule (unit of presentation)"
        },
        {
          "system" : "http://snomed.info/sct",
          "code" : "413568008",
          "display" : "Application - unit of product usage (qualifier value)"
        },
        {
          "system" : "http://snomed.info/sct",
          "code" : "732980001",
          "display" : "Applicator"
        },
        {
          "system" : "http://snomed.info/sct",
          "code" : "732982009",
          "display" : "Bag (unit of presentation)"
        },
        {
          "system" : "http://snomed.info/sct",
          "code" : "732983004",
          "display" : "Barrel"
        },
        {
          "system" : "http://snomed.info/sct",
          "code" : "732984005",
          "display" : "Blister (unit of presentation)"
        },
        {
          "system" : "http://snomed.info/sct",
          "code" : "732985006",
          "display" : "Block"
        },
        {
          "system" : "http://snomed.info/sct",
          "code" : "732986007",
          "display" : "Bottle (unit of presentation)"
        },
        {
          "system" : "http://snomed.info/sct",
          "code" : "732987003",
          "display" : "Cachet"
        },
        {
          "system" : "http://snomed.info/sct",
          "code" : "732937005",
          "display" : "Capsule (unit of presentation)"
        },
        {
          "system" : "http://snomed.info/sct",
          "code" : "732988008",
          "display" : "Cartridge (unit of presentation)"
        },
        {
          "system" : "http://snomed.info/sct",
          "code" : "732989000",
          "display" : "Chewing gum"
        },
        {
          "system" : "http://snomed.info/sct",
          "code" : "732990009",
          "display" : "Container"
        },
        {
          "system" : "http://snomed.info/sct",
          "code" : "732991008",
          "display" : "Cup"
        },
        {
          "system" : "http://snomed.info/sct",
          "code" : "732992001",
          "display" : "Cylinder"
        },
        {
          "system" : "http://snomed.info/sct",
          "code" : "732993006",
          "display" : "Dressing"
        },
        {
          "system" : "http://snomed.info/sct",
          "code" : "732994000",
          "display" : "Drop"
        },
        {
          "system" : "http://snomed.info/sct",
          "code" : "732995004",
          "display" : "Film"
        },
        {
          "system" : "http://snomed.info/sct",
          "code" : "732996003",
          "display" : "Implant (unit of presentation)"
        },
        {
          "system" : "http://snomed.info/sct",
          "code" : "732997007",
          "display" : "Inhaler"
        },
        {
          "system" : "http://snomed.info/sct",
          "code" : "732998002",
          "display" : "Insert"
        },
        {
          "system" : "http://snomed.info/sct",
          "code" : "732999005",
          "display" : "Jar"
        },
        {
          "system" : "http://snomed.info/sct",
          "code" : "733001005",
          "display" : "Lyophilisate"
        },
        {
          "system" : "http://snomed.info/sct",
          "code" : "733002003",
          "display" : "Matrix"
        },
        {
          "system" : "http://snomed.info/sct",
          "code" : "733003008",
          "display" : "Pad"
        },
        {
          "system" : "http://snomed.info/sct",
          "code" : "733004002",
          "display" : "Pastille"
        },
        {
          "system" : "http://snomed.info/sct",
          "code" : "733005001",
          "display" : "Patch (unit of presentation)"
        },
        {
          "system" : "http://snomed.info/sct",
          "code" : "733006000",
          "display" : "Pen (unit of presentation)"
        },
        {
          "system" : "http://snomed.info/sct",
          "code" : "733007009",
          "display" : "Pessary (unit of presentation)"
        },
        {
          "system" : "http://snomed.info/sct",
          "code" : "733008004",
          "display" : "Pillule"
        },
        {
          "system" : "http://snomed.info/sct",
          "code" : "733009007",
          "display" : "Pipette (unit of presentation)"
        },
        {
          "system" : "http://snomed.info/sct",
          "code" : "733010002",
          "display" : "Plaster (unit of presentation)"
        },
        {
          "system" : "http://snomed.info/sct",
          "code" : "733011003",
          "display" : "Plug (unit of presentation)"
        },
        {
          "system" : "http://snomed.info/sct",
          "code" : "733012005",
          "display" : "Pouch (unit of presentation)"
        },
        {
          "system" : "http://snomed.info/sct",
          "code" : "733013000",
          "display" : "Sachet (unit of presentation)"
        },
        {
          "system" : "http://snomed.info/sct",
          "code" : "733014006",
          "display" : "Sponge (unit of presentation)"
        },
        {
          "system" : "http://snomed.info/sct",
          "code" : "733015007",
          "display" : "Spoonful (unit of presentation)"
        },
        {
          "system" : "http://snomed.info/sct",
          "code" : "733016008",
          "display" : "Stick"
        },
        {
          "system" : "http://snomed.info/sct",
          "code" : "733017004",
          "display" : "Straw (unit of presentation)"
        },
        {
          "system" : "http://snomed.info/sct",
          "code" : "733018009",
          "display" : "Strip (unit of presentation)"
        },
        {
          "system" : "http://snomed.info/sct",
          "code" : "733019001",
          "display" : "Suppository (unit of presentation)"
        },
        {
          "system" : "http://snomed.info/sct",
          "code" : "733020007",
          "display" : "Syringe"
        },
        {
          "system" : "http://snomed.info/sct",
          "code" : "733021006",
          "display" : "System"
        },
        {
          "system" : "http://snomed.info/sct",
          "code" : "732936001",
          "display" : "Tablet (unit of presentation)"
        },
        {
          "system" : "http://snomed.info/sct",
          "code" : "733022004",
          "display" : "Tampon (unit of presentation)"
        },
        {
          "system" : "http://snomed.info/sct",
          "code" : "733023009",
          "display" : "Thread"
        },
        {
          "system" : "http://snomed.info/sct",
          "code" : "733024003",
          "display" : "Tube"
        },
        {
          "system" : "http://snomed.info/sct",
          "code" : "733025002",
          "display" : "Vessel"
        },
        {
          "system" : "http://snomed.info/sct",
          "code" : "733026001",
          "display" : "Vial (unit of presentation)"
        },
        {
          "system" : "http://snomed.info/sct",
          "code" : "408102007",
          "display" : "Unit dose (qualifier value)"
        },
        {
          "system" : "http://snomed.info/sct",
          "code" : "396186001",
          "display" : "(the number ten for arbitrary powers ^ 6) * Unit"
        },
        {
          "system" : "http://snomed.info/sct",
          "code" : "1681000175101",
          "display" : "Package - unit of product usage"
        },
        {
          "system" : "http://snomed.info/sct",
          "code" : "2011000175108",
          "display" : "Thousand unit"
        },
        {
          "system" : "http://snomed.info/sct",
          "code" : "767525000",
          "display" : "Unit"
        },
        {
          "system" : "http://snomed.info/sct",
          "code" : "246205007",
          "display" : "Quantity"
        },
        {
          "system" : "http://unitsofmeasure.org",
          "code" : "Bq",
          "display" : "Bq"
        },
        {
          "system" : "http://unitsofmeasure.org",
          "code" : "kBq",
          "display" : "kBq"
        },
        {
          "system" : "http://unitsofmeasure.org",
          "code" : "MBq",
          "display" : "MBq"
        },
        {
          "system" : "http://unitsofmeasure.org",
          "code" : "GBq",
          "display" : "GBq"
        },
        {
          "system" : "http://unitsofmeasure.org",
          "code" : "%",
          "display" : "%"
        },
        {
          "system" : "http://unitsofmeasure.org",
          "code" : "ng",
          "display" : "ng"
        },
        {
          "system" : "http://unitsofmeasure.org",
          "code" : "ug",
          "display" : "ug"
        },
        {
          "system" : "http://unitsofmeasure.org",
          "code" : "mg",
          "display" : "mg"
        },
        {
          "system" : "http://unitsofmeasure.org",
          "code" : "g",
          "display" : "g"
        },
        {
          "system" : "http://unitsofmeasure.org",
          "code" : "kg",
          "display" : "kg"
        },
        {
          "system" : "http://unitsofmeasure.org",
          "code" : "kcal",
          "display" : "kcal"
        },
        {
          "system" : "http://unitsofmeasure.org",
          "code" : "kJ",
          "display" : "kJ"
        },
        {
          "system" : "http://unitsofmeasure.org",
          "code" : "meq",
          "display" : "meq"
        },
        {
          "system" : "http://unitsofmeasure.org",
          "code" : "nmol",
          "display" : "nmol"
        },
        {
          "system" : "http://unitsofmeasure.org",
          "code" : "umol",
          "display" : "umol"
        },
        {
          "system" : "http://unitsofmeasure.org",
          "code" : "mmol",
          "display" : "mmol"
        },
        {
          "system" : "http://unitsofmeasure.org",
          "code" : "mol",
          "display" : "mol"
        },
        {
          "system" : "http://unitsofmeasure.org",
          "code" : "nL",
          "display" : "nL"
        },
        {
          "system" : "http://unitsofmeasure.org",
          "code" : "uL",
          "display" : "uL"
        },
        {
          "system" : "http://unitsofmeasure.org",
          "code" : "mL",
          "display" : "mL"
        },
        {
          "system" : "http://unitsofmeasure.org",
          "code" : "L",
          "display" : "L"
        },
        {
          "system" : "http://unitsofmeasure.org",
          "code" : "mm2",
          "display" : "mm2"
        },
        {
          "system" : "http://unitsofmeasure.org",
          "code" : "cm",
          "display" : "cm"
        },
        {
          "system" : "http://unitsofmeasure.org",
          "code" : "cm2",
          "display" : "cm2"
        },
        {
          "system" : "http://unitsofmeasure.org",
          "code" : "cm3",
          "display" : "cm3"
        },
        {
          "system" : "http://unitsofmeasure.org",
          "code" : "[tbs_m]",
          "display" : "[tbs_m]"
        },
        {
          "system" : "http://unitsofmeasure.org",
          "code" : "10*6.[iU]",
          "display" : "10*6.[iU]"
        },
        {
          "system" : "http://unitsofmeasure.org",
          "code" : "[ppm]",
          "display" : "[ppm]"
        },
        {
          "system" : "http://unitsofmeasure.org",
          "code" : "[tsp_m]",
          "display" : "[tsp_m]"
        },
        {
          "system" : "http://unitsofmeasure.org",
          "code" : "[iU]",
          "display" : "[iU]"
        },
        {
          "system" : "http://unitsofmeasure.org",
          "code" : "[CFU]",
          "display" : "[CFU]"
        }]
      }
    }
  },
  {
    "fullUrl" : "http://fhir.ch/ig/ch-emed-epr/ValueSet/ch-emed-epr-event-timing",
    "resource" : {
      "resourceType" : "ValueSet",
      "meta" : {
        "profile" : ["http://hl7.org/fhir/StructureDefinition/shareablevalueset"]
      },
      "text" : {
        "status" : "generated",
        "div" : "<div xmlns=\"http://www.w3.org/1999/xhtml\"><p class=\"res-header-id\"><b>Generated Narrative: ValueSet </b></p><div style=\"border: black 1px dotted; background-color: #EEEEEE; padding: 8px; margin-bottom: 8px\"><p>Expansion done internally based on:</p><ul><li><a href=\"http://hl7.org/fhir/R4/codesystem-event-timing.html\">codesystem EventTiming v4.0.1 (CodeSystem)</a></li><li><a href=\"http://fhir.ch/ig/ch-term/3.1.0/CodeSystem-event-timing.html\">supplement EventTiming v3.1.0 (CodeSystem)</a></li></ul></div><p>This value set contains 4 concepts</p><table class=\"codes\"><tr><td style=\"white-space:nowrap\"><b>Code</b></td><td><b>System</b></td><td><b>Display</b></td><td><b>Definition</b></td></tr><tr><td style=\"white-space:nowrap\"><a name=\"x-http://hl7.org/fhir/event-timing-MORN\"> </a>\u00a0\u00a0<a href=\"http://hl7.org/fhir/R4/codesystem-event-timing.html#event-timing-MORN\">MORN</a></td><td>http://hl7.org/fhir/event-timing</td><td>Morning</td><td><div><p>Event occurs during the morning. The exact time is unspecified and established by institution convention or patient interpretation.</p>\n</div></td></tr><tr><td style=\"white-space:nowrap\"><a name=\"x-http://hl7.org/fhir/event-timing-NOON\"> </a>\u00a0\u00a0<a href=\"http://hl7.org/fhir/R4/codesystem-event-timing.html#event-timing-NOON\">NOON</a></td><td>http://hl7.org/fhir/event-timing</td><td>Noon</td><td><div><p>Event occurs around 12:00pm. The exact time is unspecified and established by institution convention or patient interpretation.</p>\n</div></td></tr><tr><td style=\"white-space:nowrap\"><a name=\"x-http://hl7.org/fhir/event-timing-EVE\"> </a>\u00a0\u00a0<a href=\"http://hl7.org/fhir/R4/codesystem-event-timing.html#event-timing-EVE\">EVE</a></td><td>http://hl7.org/fhir/event-timing</td><td>Evening</td><td><div><p>Event occurs during the evening. The exact time is unspecified and established by institution convention or patient interpretation.</p>\n</div></td></tr><tr><td style=\"white-space:nowrap\"><a name=\"x-http://hl7.org/fhir/event-timing-NIGHT\"> </a>\u00a0\u00a0<a href=\"http://hl7.org/fhir/R4/codesystem-event-timing.html#event-timing-NIGHT\">NIGHT</a></td><td>http://hl7.org/fhir/event-timing</td><td>Night</td><td><div><p>Event occurs during the night. The exact time is unspecified and established by institution convention or patient interpretation.</p>\n</div></td></tr></table></div>"
      },
      "url" : "http://fhir.ch/ig/ch-emed-epr/ValueSet/ch-emed-epr-event-timing",
      "version" : "2.0.0",
      "name" : "CHEMEDEPREventTiming",
      "title" : "Event Timings",
      "status" : "draft",
      "experimental" : true,
      "date" : "2025-01-21T11:06:41+00:00",
      "jurisdiction" : [{
        "coding" : [{
          "system" : "urn:iso:std:iso:3166",
          "code" : "CH",
          "display" : "Switzerland"
        }]
      }],
      "expansion" : {
        "identifier" : "urn:uuid:e4f90fa4-c09d-48b6-a7b8-c707f59dda4f",
        "timestamp" : "2025-01-21T11:08:31+00:00",
        "total" : 4,
        "offset" : 0,
        "parameter" : [{
          "name" : "count",
          "valueInteger" : 1000
        },
        {
          "name" : "offset",
          "valueInteger" : 0
        },
        {
          "name" : "excludeNested",
          "valueBoolean" : false
        },
        {
          "name" : "used-codesystem",
          "valueUri" : "http://hl7.org/fhir/event-timing|4.0.1"
        },
        {
          "name" : "used-supplement",
          "valueUri" : "http://fhir.ch/ig/ch-term/CodeSystem/event-timing|3.1.0"
        }],
        "contains" : [{
          "system" : "http://hl7.org/fhir/event-timing",
          "code" : "MORN",
          "display" : "Morning"
        },
        {
          "system" : "http://hl7.org/fhir/event-timing",
          "code" : "NOON",
          "display" : "Noon"
        },
        {
          "system" : "http://hl7.org/fhir/event-timing",
          "code" : "EVE",
          "display" : "Evening"
        },
        {
          "system" : "http://hl7.org/fhir/event-timing",
          "code" : "NIGHT",
          "display" : "Night"
        }]
      }
    }
  },
  {
    "fullUrl" : "http://fhir.ch/ig/ch-emed-epr/ValueSet/ch-emed-epr-paper-format",
    "resource" : {
      "resourceType" : "ValueSet",
      "meta" : {
        "profile" : ["http://hl7.org/fhir/StructureDefinition/shareablevalueset"]
      },
      "text" : {
        "status" : "generated",
        "div" : "<div xmlns=\"http://www.w3.org/1999/xhtml\"><p class=\"res-header-id\"><b>Generated Narrative: ValueSet </b></p><p style=\"border: black 1px dotted; background-color: #EEEEEE; padding: 8px; margin-bottom: 8px\">Expansion done internally based on <a href=\"CodeSystem-ch-emed-epr-paper-format-code-system.html\">codesystem CH EMED EPR Paper Format Code System v2.0.0 (CodeSystem)</a></p><p>This value set contains 2 concepts</p><table class=\"codes\"><tr><td style=\"white-space:nowrap\"><b>Code</b></td><td><b>System</b></td><td><b>Display</b></td><td><b>Definition</b></td></tr><tr><td style=\"white-space:nowrap\"><a name=\"x-http://fhir.ch/ig/ch-emed-epr/CodeSystem/ch-emed-epr-paper-format-code-system-cara-pmp\"> </a>\u00a0\u00a0<a href=\"CodeSystem-ch-emed-epr-paper-format-code-system.html#ch-emed-epr-paper-format-code-system-cara-pmp\">cara-pmp</a></td><td>http://fhir.ch/ig/ch-emed-epr/CodeSystem/ch-emed-epr-paper-format-code-system</td><td>CARA PMP</td><td><div><p>CARA platform own format for PMP (eMedication service) project.</p>\n</div></td></tr><tr><td style=\"white-space:nowrap\"><a name=\"x-http://fhir.ch/ig/ch-emed-epr/CodeSystem/ch-emed-epr-paper-format-code-system-emediplan\"> </a>\u00a0\u00a0<a href=\"CodeSystem-ch-emed-epr-paper-format-code-system.html#ch-emed-epr-paper-format-code-system-emediplan\">emediplan</a></td><td>http://fhir.ch/ig/ch-emed-epr/CodeSystem/ch-emed-epr-paper-format-code-system</td><td>eMediplan</td><td><div><p>Paper format defined by eMediplan.</p>\n</div></td></tr></table></div>"
      },
      "url" : "http://fhir.ch/ig/ch-emed-epr/ValueSet/ch-emed-epr-paper-format",
      "version" : "2.0.0",
      "name" : "CHEMEDEPRPaperFormat",
      "title" : "Paper Formats",
      "status" : "draft",
      "experimental" : true,
      "date" : "2025-01-21T11:06:41+00:00",
      "jurisdiction" : [{
        "coding" : [{
          "system" : "urn:iso:std:iso:3166",
          "code" : "CH",
          "display" : "Switzerland"
        }]
      }],
      "expansion" : {
        "identifier" : "urn:uuid:79d1f84c-c31a-4b92-8f72-a05811a4c359",
        "timestamp" : "2025-01-21T11:08:31+00:00",
        "total" : 2,
        "offset" : 0,
        "parameter" : [{
          "name" : "count",
          "valueInteger" : 1000
        },
        {
          "name" : "offset",
          "valueInteger" : 0
        },
        {
          "name" : "excludeNested",
          "valueBoolean" : false
        },
        {
          "name" : "used-codesystem",
          "valueUri" : "http://fhir.ch/ig/ch-emed-epr/CodeSystem/ch-emed-epr-paper-format-code-system|2.0.0"
        }],
        "contains" : [{
          "system" : "http://fhir.ch/ig/ch-emed-epr/CodeSystem/ch-emed-epr-paper-format-code-system",
          "code" : "cara-pmp",
          "display" : "CARA PMP"
        },
        {
          "system" : "http://fhir.ch/ig/ch-emed-epr/CodeSystem/ch-emed-epr-paper-format-code-system",
          "code" : "emediplan",
          "display" : "eMediplan"
        }]
      }
    }
  },
  {
    "fullUrl" : "http://fhir.ch/ig/ch-emed-epr/ValueSet/ch-emed-epr-route-of-administration",
    "resource" : {
      "resourceType" : "ValueSet",
      "meta" : {
        "profile" : ["http://hl7.org/fhir/StructureDefinition/shareablevalueset"]
      },
      "text" : {
        "status" : "generated",
        "div" : "<div xmlns=\"http://www.w3.org/1999/xhtml\"><p class=\"res-header-id\"><b>Generated Narrative: ValueSet </b></p><p style=\"border: black 1px dotted; background-color: #EEEEEE; padding: 8px; margin-bottom: 8px\">Expansion done internally based on <a href=\"http://fhir.ch/ig/ch-term/3.1.0/CodeSystem-edqm-standardterms.html\">codesystem EDQM - Standard Terms v3.1.0 (CodeSystem)</a></p><p>This value set contains 30 concepts</p><table class=\"codes\"><tr><td style=\"white-space:nowrap\"><b>Code</b></td><td><b>System</b></td><td><b>Display</b></td></tr><tr><td style=\"white-space:nowrap\"><a name=\"x-urn:oid:0.4.0.127.0.16.1.1.2.1-20001000\"> </a>\u00a0\u00a0<a href=\"http://fhir.ch/ig/ch-term/3.1.0/CodeSystem-edqm-standardterms.html#edqm-standardterms-20001000\">20001000</a></td><td>urn:oid:0.4.0.127.0.16.1.1.2.1</td><td>Auricular use</td></tr><tr><td style=\"white-space:nowrap\"><a name=\"x-urn:oid:0.4.0.127.0.16.1.1.2.1-20002500\"> </a>\u00a0\u00a0<a href=\"http://fhir.ch/ig/ch-term/3.1.0/CodeSystem-edqm-standardterms.html#edqm-standardterms-20002500\">20002500</a></td><td>urn:oid:0.4.0.127.0.16.1.1.2.1</td><td>Buccal use</td></tr><tr><td style=\"white-space:nowrap\"><a name=\"x-urn:oid:0.4.0.127.0.16.1.1.2.1-20003000\"> </a>\u00a0\u00a0<a href=\"http://fhir.ch/ig/ch-term/3.1.0/CodeSystem-edqm-standardterms.html#edqm-standardterms-20003000\">20003000</a></td><td>urn:oid:0.4.0.127.0.16.1.1.2.1</td><td>Cutaneous use</td></tr><tr><td style=\"white-space:nowrap\"><a name=\"x-urn:oid:0.4.0.127.0.16.1.1.2.1-20004000\"> </a>\u00a0\u00a0<a href=\"http://fhir.ch/ig/ch-term/3.1.0/CodeSystem-edqm-standardterms.html#edqm-standardterms-20004000\">20004000</a></td><td>urn:oid:0.4.0.127.0.16.1.1.2.1</td><td>Dental use</td></tr><tr><td style=\"white-space:nowrap\"><a name=\"x-urn:oid:0.4.0.127.0.16.1.1.2.1-20008000\"> </a>\u00a0\u00a0<a href=\"http://fhir.ch/ig/ch-term/3.1.0/CodeSystem-edqm-standardterms.html#edqm-standardterms-20008000\">20008000</a></td><td>urn:oid:0.4.0.127.0.16.1.1.2.1</td><td>Endotracheopulmonary use</td></tr><tr><td style=\"white-space:nowrap\"><a name=\"x-urn:oid:0.4.0.127.0.16.1.1.2.1-20010000\"> </a>\u00a0\u00a0<a href=\"http://fhir.ch/ig/ch-term/3.1.0/CodeSystem-edqm-standardterms.html#edqm-standardterms-20010000\">20010000</a></td><td>urn:oid:0.4.0.127.0.16.1.1.2.1</td><td>Epilesional use</td></tr><tr><td style=\"white-space:nowrap\"><a name=\"x-urn:oid:0.4.0.127.0.16.1.1.2.1-20013500\"> </a>\u00a0\u00a0<a href=\"http://fhir.ch/ig/ch-term/3.1.0/CodeSystem-edqm-standardterms.html#edqm-standardterms-20013500\">20013500</a></td><td>urn:oid:0.4.0.127.0.16.1.1.2.1</td><td>Gastric use</td></tr><tr><td style=\"white-space:nowrap\"><a name=\"x-urn:oid:0.4.0.127.0.16.1.1.2.1-20013000\"> </a>\u00a0\u00a0<a href=\"http://fhir.ch/ig/ch-term/3.1.0/CodeSystem-edqm-standardterms.html#edqm-standardterms-20013000\">20013000</a></td><td>urn:oid:0.4.0.127.0.16.1.1.2.1</td><td>Gastroenteral use</td></tr><tr><td style=\"white-space:nowrap\"><a name=\"x-urn:oid:0.4.0.127.0.16.1.1.2.1-20014000\"> </a>\u00a0\u00a0<a href=\"http://fhir.ch/ig/ch-term/3.1.0/CodeSystem-edqm-standardterms.html#edqm-standardterms-20014000\">20014000</a></td><td>urn:oid:0.4.0.127.0.16.1.1.2.1</td><td>Gingival use</td></tr><tr><td style=\"white-space:nowrap\"><a name=\"x-urn:oid:0.4.0.127.0.16.1.1.2.1-20015000\"> </a>\u00a0\u00a0<a href=\"http://fhir.ch/ig/ch-term/3.1.0/CodeSystem-edqm-standardterms.html#edqm-standardterms-20015000\">20015000</a></td><td>urn:oid:0.4.0.127.0.16.1.1.2.1</td><td>Haemodialysis</td></tr><tr><td style=\"white-space:nowrap\"><a name=\"x-urn:oid:0.4.0.127.0.16.1.1.2.1-20020000\"> </a>\u00a0\u00a0<a href=\"http://fhir.ch/ig/ch-term/3.1.0/CodeSystem-edqm-standardterms.html#edqm-standardterms-20020000\">20020000</a></td><td>urn:oid:0.4.0.127.0.16.1.1.2.1</td><td>Inhalation use</td></tr><tr><td style=\"white-space:nowrap\"><a name=\"x-urn:oid:0.4.0.127.0.16.1.1.2.1-20021000\"> </a>\u00a0\u00a0<a href=\"http://fhir.ch/ig/ch-term/3.1.0/CodeSystem-edqm-standardterms.html#edqm-standardterms-20021000\">20021000</a></td><td>urn:oid:0.4.0.127.0.16.1.1.2.1</td><td>Intestinal use</td></tr><tr><td style=\"white-space:nowrap\"><a name=\"x-urn:oid:0.4.0.127.0.16.1.1.2.1-20031500\"> </a>\u00a0\u00a0<a href=\"http://fhir.ch/ig/ch-term/3.1.0/CodeSystem-edqm-standardterms.html#edqm-standardterms-20031500\">20031500</a></td><td>urn:oid:0.4.0.127.0.16.1.1.2.1</td><td>Intraepidermal use</td></tr><tr><td style=\"white-space:nowrap\"><a name=\"x-urn:oid:0.4.0.127.0.16.1.1.2.1-20032000\"> </a>\u00a0\u00a0<a href=\"http://fhir.ch/ig/ch-term/3.1.0/CodeSystem-edqm-standardterms.html#edqm-standardterms-20032000\">20032000</a></td><td>urn:oid:0.4.0.127.0.16.1.1.2.1</td><td>Intralesional use</td></tr><tr><td style=\"white-space:nowrap\"><a name=\"x-urn:oid:0.4.0.127.0.16.1.1.2.1-20035000\"> </a>\u00a0\u00a0<a href=\"http://fhir.ch/ig/ch-term/3.1.0/CodeSystem-edqm-standardterms.html#edqm-standardterms-20035000\">20035000</a></td><td>urn:oid:0.4.0.127.0.16.1.1.2.1</td><td>Intramuscular use</td></tr><tr><td style=\"white-space:nowrap\"><a name=\"x-urn:oid:0.4.0.127.0.16.1.1.2.1-20039000\"> </a>\u00a0\u00a0<a href=\"http://fhir.ch/ig/ch-term/3.1.0/CodeSystem-edqm-standardterms.html#edqm-standardterms-20039000\">20039000</a></td><td>urn:oid:0.4.0.127.0.16.1.1.2.1</td><td>Intrapleural use</td></tr><tr><td style=\"white-space:nowrap\"><a name=\"x-urn:oid:0.4.0.127.0.16.1.1.2.1-20044000\"> </a>\u00a0\u00a0<a href=\"http://fhir.ch/ig/ch-term/3.1.0/CodeSystem-edqm-standardterms.html#edqm-standardterms-20044000\">20044000</a></td><td>urn:oid:0.4.0.127.0.16.1.1.2.1</td><td>Intrauterine use</td></tr><tr><td style=\"white-space:nowrap\"><a name=\"x-urn:oid:0.4.0.127.0.16.1.1.2.1-20045000\"> </a>\u00a0\u00a0<a href=\"http://fhir.ch/ig/ch-term/3.1.0/CodeSystem-edqm-standardterms.html#edqm-standardterms-20045000\">20045000</a></td><td>urn:oid:0.4.0.127.0.16.1.1.2.1</td><td>Intravenous use</td></tr><tr><td style=\"white-space:nowrap\"><a name=\"x-urn:oid:0.4.0.127.0.16.1.1.2.1-20046000\"> </a>\u00a0\u00a0<a href=\"http://fhir.ch/ig/ch-term/3.1.0/CodeSystem-edqm-standardterms.html#edqm-standardterms-20046000\">20046000</a></td><td>urn:oid:0.4.0.127.0.16.1.1.2.1</td><td>Intravesical use</td></tr><tr><td style=\"white-space:nowrap\"><a name=\"x-urn:oid:0.4.0.127.0.16.1.1.2.1-20049000\"> </a>\u00a0\u00a0<a href=\"http://fhir.ch/ig/ch-term/3.1.0/CodeSystem-edqm-standardterms.html#edqm-standardterms-20049000\">20049000</a></td><td>urn:oid:0.4.0.127.0.16.1.1.2.1</td><td>Nasal use</td></tr><tr><td style=\"white-space:nowrap\"><a name=\"x-urn:oid:0.4.0.127.0.16.1.1.2.1-20051000\"> </a>\u00a0\u00a0<a href=\"http://fhir.ch/ig/ch-term/3.1.0/CodeSystem-edqm-standardterms.html#edqm-standardterms-20051000\">20051000</a></td><td>urn:oid:0.4.0.127.0.16.1.1.2.1</td><td>Ocular use</td></tr><tr><td style=\"white-space:nowrap\"><a name=\"x-urn:oid:0.4.0.127.0.16.1.1.2.1-20053000\"> </a>\u00a0\u00a0<a href=\"http://fhir.ch/ig/ch-term/3.1.0/CodeSystem-edqm-standardterms.html#edqm-standardterms-20053000\">20053000</a></td><td>urn:oid:0.4.0.127.0.16.1.1.2.1</td><td>Oral use</td></tr><tr><td style=\"white-space:nowrap\"><a name=\"x-urn:oid:0.4.0.127.0.16.1.1.2.1-20054000\"> </a>\u00a0\u00a0<a href=\"http://fhir.ch/ig/ch-term/3.1.0/CodeSystem-edqm-standardterms.html#edqm-standardterms-20054000\">20054000</a></td><td>urn:oid:0.4.0.127.0.16.1.1.2.1</td><td>Oromucosal use</td></tr><tr><td style=\"white-space:nowrap\"><a name=\"x-urn:oid:0.4.0.127.0.16.1.1.2.1-20055000\"> </a>\u00a0\u00a0<a href=\"http://fhir.ch/ig/ch-term/3.1.0/CodeSystem-edqm-standardterms.html#edqm-standardterms-20055000\">20055000</a></td><td>urn:oid:0.4.0.127.0.16.1.1.2.1</td><td>Oropharyngeal use</td></tr><tr><td style=\"white-space:nowrap\"><a name=\"x-urn:oid:0.4.0.127.0.16.1.1.2.1-20061000\"> </a>\u00a0\u00a0<a href=\"http://fhir.ch/ig/ch-term/3.1.0/CodeSystem-edqm-standardterms.html#edqm-standardterms-20061000\">20061000</a></td><td>urn:oid:0.4.0.127.0.16.1.1.2.1</td><td>Rectal use</td></tr><tr><td style=\"white-space:nowrap\"><a name=\"x-urn:oid:0.4.0.127.0.16.1.1.2.1-20066000\"> </a>\u00a0\u00a0<a href=\"http://fhir.ch/ig/ch-term/3.1.0/CodeSystem-edqm-standardterms.html#edqm-standardterms-20066000\">20066000</a></td><td>urn:oid:0.4.0.127.0.16.1.1.2.1</td><td>Subcutaneous use</td></tr><tr><td style=\"white-space:nowrap\"><a name=\"x-urn:oid:0.4.0.127.0.16.1.1.2.1-20067000\"> </a>\u00a0\u00a0<a href=\"http://fhir.ch/ig/ch-term/3.1.0/CodeSystem-edqm-standardterms.html#edqm-standardterms-20067000\">20067000</a></td><td>urn:oid:0.4.0.127.0.16.1.1.2.1</td><td>Sublingual use</td></tr><tr><td style=\"white-space:nowrap\"><a name=\"x-urn:oid:0.4.0.127.0.16.1.1.2.1-20070000\"> </a>\u00a0\u00a0<a href=\"http://fhir.ch/ig/ch-term/3.1.0/CodeSystem-edqm-standardterms.html#edqm-standardterms-20070000\">20070000</a></td><td>urn:oid:0.4.0.127.0.16.1.1.2.1</td><td>Transdermal use</td></tr><tr><td style=\"white-space:nowrap\"><a name=\"x-urn:oid:0.4.0.127.0.16.1.1.2.1-20071000\"> </a>\u00a0\u00a0<a href=\"http://fhir.ch/ig/ch-term/3.1.0/CodeSystem-edqm-standardterms.html#edqm-standardterms-20071000\">20071000</a></td><td>urn:oid:0.4.0.127.0.16.1.1.2.1</td><td>Urethral use</td></tr><tr><td style=\"white-space:nowrap\"><a name=\"x-urn:oid:0.4.0.127.0.16.1.1.2.1-20072000\"> </a>\u00a0\u00a0<a href=\"http://fhir.ch/ig/ch-term/3.1.0/CodeSystem-edqm-standardterms.html#edqm-standardterms-20072000\">20072000</a></td><td>urn:oid:0.4.0.127.0.16.1.1.2.1</td><td>Vaginal use</td></tr></table></div>"
      },
      "url" : "http://fhir.ch/ig/ch-emed-epr/ValueSet/ch-emed-epr-route-of-administration",
      "version" : "2.0.0",
      "name" : "CHEMEDEPRRouteOfAdministration",
      "title" : "Route of Administration",
      "status" : "draft",
      "experimental" : true,
      "date" : "2025-01-21T11:06:41+00:00",
      "jurisdiction" : [{
        "coding" : [{
          "system" : "urn:iso:std:iso:3166",
          "code" : "CH",
          "display" : "Switzerland"
        }]
      }],
      "expansion" : {
        "identifier" : "urn:uuid:12a7b7f9-8855-4c75-be8f-4ca4e859f115",
        "timestamp" : "2025-01-21T11:08:31+00:00",
        "total" : 30,
        "offset" : 0,
        "parameter" : [{
          "name" : "count",
          "valueInteger" : 1000
        },
        {
          "name" : "offset",
          "valueInteger" : 0
        },
        {
          "name" : "excludeNested",
          "valueBoolean" : false
        },
        {
          "name" : "used-codesystem",
          "valueUri" : "urn:oid:0.4.0.127.0.16.1.1.2.1|3.1.0"
        }],
        "contains" : [{
          "system" : "urn:oid:0.4.0.127.0.16.1.1.2.1",
          "code" : "20001000",
          "display" : "Auricular use"
        },
        {
          "system" : "urn:oid:0.4.0.127.0.16.1.1.2.1",
          "code" : "20002500",
          "display" : "Buccal use"
        },
        {
          "system" : "urn:oid:0.4.0.127.0.16.1.1.2.1",
          "code" : "20003000",
          "display" : "Cutaneous use"
        },
        {
          "system" : "urn:oid:0.4.0.127.0.16.1.1.2.1",
          "code" : "20004000",
          "display" : "Dental use"
        },
        {
          "system" : "urn:oid:0.4.0.127.0.16.1.1.2.1",
          "code" : "20008000",
          "display" : "Endotracheopulmonary use"
        },
        {
          "system" : "urn:oid:0.4.0.127.0.16.1.1.2.1",
          "code" : "20010000",
          "display" : "Epilesional use"
        },
        {
          "system" : "urn:oid:0.4.0.127.0.16.1.1.2.1",
          "code" : "20013500",
          "display" : "Gastric use"
        },
        {
          "system" : "urn:oid:0.4.0.127.0.16.1.1.2.1",
          "code" : "20013000",
          "display" : "Gastroenteral use"
        },
        {
          "system" : "urn:oid:0.4.0.127.0.16.1.1.2.1",
          "code" : "20014000",
          "display" : "Gingival use"
        },
        {
          "system" : "urn:oid:0.4.0.127.0.16.1.1.2.1",
          "code" : "20015000",
          "display" : "Haemodialysis"
        },
        {
          "system" : "urn:oid:0.4.0.127.0.16.1.1.2.1",
          "code" : "20020000",
          "display" : "Inhalation use"
        },
        {
          "system" : "urn:oid:0.4.0.127.0.16.1.1.2.1",
          "code" : "20021000",
          "display" : "Intestinal use"
        },
        {
          "system" : "urn:oid:0.4.0.127.0.16.1.1.2.1",
          "code" : "20031500",
          "display" : "Intraepidermal use"
        },
        {
          "system" : "urn:oid:0.4.0.127.0.16.1.1.2.1",
          "code" : "20032000",
          "display" : "Intralesional use"
        },
        {
          "system" : "urn:oid:0.4.0.127.0.16.1.1.2.1",
          "code" : "20035000",
          "display" : "Intramuscular use"
        },
        {
          "system" : "urn:oid:0.4.0.127.0.16.1.1.2.1",
          "code" : "20039000",
          "display" : "Intrapleural use"
        },
        {
          "system" : "urn:oid:0.4.0.127.0.16.1.1.2.1",
          "code" : "20044000",
          "display" : "Intrauterine use"
        },
        {
          "system" : "urn:oid:0.4.0.127.0.16.1.1.2.1",
          "code" : "20045000",
          "display" : "Intravenous use"
        },
        {
          "system" : "urn:oid:0.4.0.127.0.16.1.1.2.1",
          "code" : "20046000",
          "display" : "Intravesical use"
        },
        {
          "system" : "urn:oid:0.4.0.127.0.16.1.1.2.1",
          "code" : "20049000",
          "display" : "Nasal use"
        },
        {
          "system" : "urn:oid:0.4.0.127.0.16.1.1.2.1",
          "code" : "20051000",
          "display" : "Ocular use"
        },
        {
          "system" : "urn:oid:0.4.0.127.0.16.1.1.2.1",
          "code" : "20053000",
          "display" : "Oral use"
        },
        {
          "system" : "urn:oid:0.4.0.127.0.16.1.1.2.1",
          "code" : "20054000",
          "display" : "Oromucosal use"
        },
        {
          "system" : "urn:oid:0.4.0.127.0.16.1.1.2.1",
          "code" : "20055000",
          "display" : "Oropharyngeal use"
        },
        {
          "system" : "urn:oid:0.4.0.127.0.16.1.1.2.1",
          "code" : "20061000",
          "display" : "Rectal use"
        },
        {
          "system" : "urn:oid:0.4.0.127.0.16.1.1.2.1",
          "code" : "20066000",
          "display" : "Subcutaneous use"
        },
        {
          "system" : "urn:oid:0.4.0.127.0.16.1.1.2.1",
          "code" : "20067000",
          "display" : "Sublingual use"
        },
        {
          "system" : "urn:oid:0.4.0.127.0.16.1.1.2.1",
          "code" : "20070000",
          "display" : "Transdermal use"
        },
        {
          "system" : "urn:oid:0.4.0.127.0.16.1.1.2.1",
          "code" : "20071000",
          "display" : "Urethral use"
        },
        {
          "system" : "urn:oid:0.4.0.127.0.16.1.1.2.1",
          "code" : "20072000",
          "display" : "Vaginal use"
        }]
      }
    }
  },
  {
    "fullUrl" : "http://fhir.ch/ig/ch-emed-epr/ValueSet/ch-emed-epr-substance-admin-substitution-code",
    "resource" : {
      "resourceType" : "ValueSet",
      "meta" : {
        "profile" : ["http://hl7.org/fhir/StructureDefinition/shareablevalueset"]
      },
      "text" : {
        "status" : "generated",
        "div" : "<div xmlns=\"http://www.w3.org/1999/xhtml\"><p class=\"res-header-id\"><b>Generated Narrative: ValueSet </b></p><p style=\"border: black 1px dotted; background-color: #EEEEEE; padding: 8px; margin-bottom: 8px\">Expansion done internally based on <a href=\"http://terminology.hl7.org/6.1.0/CodeSystem-v3-substanceAdminSubstitution.html\">codesystem Substance Admin Substitution v3.0.0 (CodeSystem)</a></p><p>This value set contains 2 concepts</p><table class=\"codes\"><tr><td style=\"white-space:nowrap\"><b>Code</b></td><td><b>System</b></td><td><b>Display</b></td><td><b>Definition</b></td></tr><tr><td style=\"white-space:nowrap\"><a name=\"x-http://terminology.hl7.org/CodeSystem/v3-substanceAdminSubstitution-E\"> </a>\u00a0\u00a0<a href=\"http://terminology.hl7.org/6.1.0/CodeSystem-v3-substanceAdminSubstitution.html#v3-substanceAdminSubstitution-E\">E</a></td><td>http://terminology.hl7.org/CodeSystem/v3-substanceAdminSubstitution</td><td>equivalent</td><td><div><p>Substitution occurred or is permitted with another bioequivalent and therapeutically equivalent product.</p>\n</div></td></tr><tr><td style=\"white-space:nowrap\"><a name=\"x-http://terminology.hl7.org/CodeSystem/v3-substanceAdminSubstitution-N\"> </a>\u00a0\u00a0<a href=\"http://terminology.hl7.org/6.1.0/CodeSystem-v3-substanceAdminSubstitution.html#v3-substanceAdminSubstitution-N\">N</a></td><td>http://terminology.hl7.org/CodeSystem/v3-substanceAdminSubstitution</td><td>none</td><td><div><p>No substitution occurred or is permitted.</p>\n</div></td></tr></table></div>"
      },
      "url" : "http://fhir.ch/ig/ch-emed-epr/ValueSet/ch-emed-epr-substance-admin-substitution-code",
      "version" : "2.0.0",
      "name" : "CHEMEDEprActSubstanceAdminSubstitutionCode",
      "title" : "Substance Administration Substitution Codes",
      "status" : "draft",
      "experimental" : true,
      "date" : "2025-01-21T11:06:41+00:00",
      "jurisdiction" : [{
        "coding" : [{
          "system" : "urn:iso:std:iso:3166",
          "code" : "CH",
          "display" : "Switzerland"
        }]
      }],
      "expansion" : {
        "identifier" : "urn:uuid:016687a1-7088-4579-9159-64109ac29f0e",
        "timestamp" : "2025-01-21T11:08:32+00:00",
        "total" : 2,
        "offset" : 0,
        "parameter" : [{
          "name" : "count",
          "valueInteger" : 1000
        },
        {
          "name" : "offset",
          "valueInteger" : 0
        },
        {
          "name" : "excludeNested",
          "valueBoolean" : false
        },
        {
          "name" : "used-codesystem",
          "valueUri" : "http://terminology.hl7.org/CodeSystem/v3-substanceAdminSubstitution|3.0.0"
        }],
        "contains" : [{
          "system" : "http://terminology.hl7.org/CodeSystem/v3-substanceAdminSubstitution",
          "code" : "E",
          "display" : "equivalent"
        },
        {
          "system" : "http://terminology.hl7.org/CodeSystem/v3-substanceAdminSubstitution",
          "code" : "N",
          "display" : "none"
        }]
      }
    }
  },
  {
    "fullUrl" : "http://fhir.ch/ig/ch-emed-epr/ValueSet/ch-emed-epr-time-quantity-unit-code",
    "resource" : {
      "resourceType" : "ValueSet",
      "meta" : {
        "profile" : ["http://hl7.org/fhir/StructureDefinition/shareablevalueset"]
      },
      "text" : {
        "status" : "generated",
        "div" : "<div xmlns=\"http://www.w3.org/1999/xhtml\"><p class=\"res-header-id\"><b>Generated Narrative: ValueSet </b></p><p style=\"border: black 1px dotted; background-color: #EEEEEE; padding: 8px; margin-bottom: 8px\">Expansion from tx.fhir.org based on codesystem UCUM version2.2</p><p>This value set contains 6 concepts</p><table class=\"codes\"><tr><td style=\"white-space:nowrap\"><b>Code</b></td><td><b>System</b></td><td><b>Display</b></td><td><b><a href=\"ConceptMap-CHEMEDEPRTimeQuantityUnitCodeToCdTyp9.html\">CHEMEDEPRTimeQuantityUnitCode -&gt; CdTyp9</a></b></td></tr><tr><td style=\"white-space:nowrap\"><a name=\"x-http://unitsofmeasure.org-s\"> </a>\u00a0\u00a0s</td><td>http://unitsofmeasure.org</td><td>s</td><td/></tr><tr><td style=\"white-space:nowrap\"><a name=\"x-http://unitsofmeasure.org-min\"> </a>\u00a0\u00a0min</td><td>http://unitsofmeasure.org</td><td>min</td><td/></tr><tr><td style=\"white-space:nowrap\"><a name=\"x-http://unitsofmeasure.org-h\"> </a>\u00a0\u00a0h</td><td>http://unitsofmeasure.org</td><td>h</td><td><span title=\"EQUIVALENT\">~</span>ConceptMap-CHEMEDEPRTimeQuantityUnitCodeToCdTyp9.html</td></tr><tr><td style=\"white-space:nowrap\"><a name=\"x-http://unitsofmeasure.org-d\"> </a>\u00a0\u00a0d</td><td>http://unitsofmeasure.org</td><td>d</td><td><span title=\"EQUIVALENT\">~</span>ConceptMap-CHEMEDEPRTimeQuantityUnitCodeToCdTyp9.html</td></tr><tr><td style=\"white-space:nowrap\"><a name=\"x-http://unitsofmeasure.org-mo\"> </a>\u00a0\u00a0mo</td><td>http://unitsofmeasure.org</td><td>mo</td><td><span title=\"EQUIVALENT\">~</span>ConceptMap-CHEMEDEPRTimeQuantityUnitCodeToCdTyp9.html</td></tr><tr><td style=\"white-space:nowrap\"><a name=\"x-http://unitsofmeasure.org-a\"> </a>\u00a0\u00a0a</td><td>http://unitsofmeasure.org</td><td>a</td><td><span title=\"EQUIVALENT\">~</span>ConceptMap-CHEMEDEPRTimeQuantityUnitCodeToCdTyp9.html</td></tr></table></div>"
      },
      "url" : "http://fhir.ch/ig/ch-emed-epr/ValueSet/ch-emed-epr-time-quantity-unit-code",
      "version" : "2.0.0",
      "name" : "CHEMEDEPRTimeQuantityUnitCode",
      "title" : "Time Quantity Unit Codes",
      "status" : "draft",
      "experimental" : true,
      "date" : "2025-01-21T11:06:41+00:00",
      "jurisdiction" : [{
        "coding" : [{
          "system" : "urn:iso:std:iso:3166",
          "code" : "CH",
          "display" : "Switzerland"
        }]
      }],
      "expansion" : {
        "identifier" : "urn:uuid:8592737c-c872-4fb5-9c5b-81c077a7d327",
        "timestamp" : "2025-01-21T11:08:32+00:00",
        "total" : 6,
        "offset" : 0,
        "parameter" : [{
          "name" : "count",
          "valueInteger" : 1000
        },
        {
          "name" : "offset",
          "valueInteger" : 0
        },
        {
          "name" : "excludeNested",
          "valueBoolean" : false
        },
        {
          "name" : "used-valueset",
          "valueUri" : "null"
        },
        {
          "name" : "used-codesystem",
          "valueUri" : "http://unitsofmeasure.org|2.2"
        },
        {
          "name" : "version",
          "valueUri" : "http://unitsofmeasure.org|2.2"
        }],
        "contains" : [{
          "system" : "http://unitsofmeasure.org",
          "code" : "s",
          "display" : "s"
        },
        {
          "system" : "http://unitsofmeasure.org",
          "code" : "min",
          "display" : "min"
        },
        {
          "system" : "http://unitsofmeasure.org",
          "code" : "h",
          "display" : "h"
        },
        {
          "system" : "http://unitsofmeasure.org",
          "code" : "d",
          "display" : "d"
        },
        {
          "system" : "http://unitsofmeasure.org",
          "code" : "mo",
          "display" : "mo"
        },
        {
          "system" : "http://unitsofmeasure.org",
          "code" : "a",
          "display" : "a"
        }]
      }
    }
  }]
}