<?xml version="1.0" encoding="UTF-8"?>

<Observation xmlns="http://hl7.org/fhir">
  <id value="e949f912-fc27-4849-8632-09caad9fe897"/>
  <language value="de-CH"/>
  <text>
    <status value="generated"/><div xmlns="http://www.w3.org/1999/xhtml" xml:lang="de-CH" lang="de-CH"><p class="res-header-id"><b>Generated Narrative: Observation e949f912-fc27-4849-8632-09caad9fe897</b></p><a name="e949f912-fc27-4849-8632-09caad9fe897"> </a><a name="hce949f912-fc27-4849-8632-09caad9fe897"> </a><a name="e949f912-fc27-4849-8632-09caad9fe897-en-US"> </a><div style="display: inline-block; background-color: #d9e0e7; padding: 6px; margin: 4px; border: 1px solid #8da1b4; border-radius: 5px; line-height: 60%"><p style="margin-bottom: 0px">Language: de-CH</p></div><p><b>status</b>: Final</p><p><b>category</b>: <span title="Codes:{http://terminology.hl7.org/CodeSystem/observation-category vital-signs}">Vital Signs</span></p><p><b>code</b>: <span title="Codes:{http://loinc.org 85354-9}">Blood pressure panel with all children optional</span></p><p><b>subject</b>: <a href="Bundle-UC2-Document.html#urn-uuid-76c2c5aa-3d7f-438d-b23d-56ce827695fd">Fabienne Babyglück</a></p><p><b>encounter</b>: <a href="Bundle-UC2-Document.html#urn-uuid-8e89c502-964f-4234-9728-540d881b0380">Untersuchung Mutter, 26.03.2025</a></p><p><b>effective</b>: 2025-03-26</p><p><b>performer</b>: <a href="Bundle-UC2-Document.html#urn-uuid-89029102-999c-4b69-a836-e4dbfbd55527">Tanja Allesgut @ Geburtsklinik</a></p><blockquote><p><b>component</b></p><p><b>code</b>: <span title="Codes:{http://loinc.org 8480-6}">Systolic blood pressure</span></p><p><b>value</b>: 122 millimeter of mercury<span style="background: LightGoldenRodYellow"> (Details: UCUM  codemm[Hg] = 'mm[Hg]')</span></p></blockquote><blockquote><p><b>component</b></p><p><b>code</b>: <span title="Codes:{http://loinc.org 8462-4}">Diastolic blood pressure</span></p><p><b>value</b>: 83 millimeter of mercury<span style="background: LightGoldenRodYellow"> (Details: UCUM  codemm[Hg] = 'mm[Hg]')</span></p></blockquote></div>
  </text>
  <status value="final"/>
  <category>
    <coding>
      <system value="http://terminology.hl7.org/CodeSystem/observation-category"/>
      <code value="vital-signs"/>
      <display value="Vital Signs"/>
    </coding>
  </category>
  <code>
    <coding>
      <system value="http://loinc.org"/>
      <code value="85354-9"/>
      <display value="Blood pressure panel with all children optional"/>
    </coding>
  </code>
  <subject>
    <reference value="urn:uuid:76c2c5aa-3d7f-438d-b23d-56ce827695fd"/>
    <display value="Fabienne Babyglück"/>
  </subject>
  <encounter>
    <reference value="urn:uuid:8e89c502-964f-4234-9728-540d881b0380"/>
    <display value="Untersuchung Mutter, 26.03.2025"/>
  </encounter>
  <effectiveDateTime value="2025-03-26"/>
  <performer>
    <reference value="urn:uuid:89029102-999c-4b69-a836-e4dbfbd55527"/>
    <display value="Tanja Allesgut @ Geburtsklinik"/>
  </performer>
  <component>
    <code>
      <coding>
        <system value="http://loinc.org"/>
        <code value="8480-6"/>
        <display value="Systolic blood pressure"/>
      </coding>
    </code>
    <valueQuantity>
      <value value="122"/>
      <unit value="millimeter of mercury"/>
      <system value="http://unitsofmeasure.org"/>
      <code value="mm[Hg]"/>
    </valueQuantity>
  </component>
  <component>
    <code>
      <coding>
        <system value="http://loinc.org"/>
        <code value="8462-4"/>
        <display value="Diastolic blood pressure"/>
      </coding>
    </code>
    <valueQuantity>
      <value value="83"/>
      <unit value="millimeter of mercury"/>
      <system value="http://unitsofmeasure.org"/>
      <code value="mm[Hg]"/>
    </valueQuantity>
  </component>
</Observation>