{
  "resourceType": "ImplementationGuide",
  "id": "CH-ATC",
  "text": {
    "status": "additional",
    "div": "<div xmlns=\"http://www.w3.org/1999/xhtml\">\n\tImplementationGuide for CH:ATC                         \n                              <br/>\n      This profile CH:ATC defines the audit trail consumption requirements which a community has to provide for a patients audit trail.                  \n                              <br/>\n\n    </div>"
  },
  "url": "http://fhir.ch/ig/ch-atc/ImplementationGuide/CH-ATC",
  "version": "1.2.0",
  "name": "CH:ATC",
  "status": "active",
  "experimental": false,
  "date": "2018-05-14T00:00:00+02:00",
  "publisher": "Federal Office of Public Health (FOPH)",
  "contact": [
    {
      "name": "FOPH",
      "telecom": [
        {
          "system": "url",
          "value": "https://www.bag.admin.ch/bag/en/home.html"
        }
      ]
    },
    {
      "name": "Oliver Egger",
      "telecom": [
        {
          "system": "email",
          "value": "oliver.egger@ahdis.ch"
        }
      ]
    }
  ],
  "description": "ImplementationGuide for CH:ATC see Audit Trail Consumption",
  "jurisdiction": [
    {
      "coding": [
        {
          "system": "urn:iso:std:iso:3166",
          "code": "CH"
        }
      ]
    }
  ],
  "copyright": "CC-BY-SA-4.0",
  "fhirVersion": "3.0.1",
  "package": [
    {
      "id": "p1",
      "name": "CH:ATC",
      "description": "This profile CH:ATC defines the audit trail consumption requirements which a community has to provide for a patients audit trail.",
      "resource": [
        {
          "extension": [
            {
              "url": "http://hl7.org/fhir/StructureDefinition/implementationguide-page",
              "valueUri": "StructureDefinition-DocumentAuditEvent.html"
            }
          ],
          "example": false,
          "name": "Profile on DocumentAuditEvent for CH:ATC",
          "description": "Profile on DocumentAuditEvent for CH:ATC",
          "sourceReference": {
            "reference": "StructureDefinition/DocumentAuditEvent"
          }
        },
        {
          "extension": [
            {
              "url": "http://hl7.org/fhir/StructureDefinition/implementationguide-page",
              "valueUri": "StructureDefinition-PolicyAuditEvent.html"
            }
          ],
          "example": false,
          "name": "Profile on PolicyAuditEvent for CH:ATC",
          "description": "Profile on PolicyAuditEvent for CH:ATC",
          "sourceReference": {
            "reference": "StructureDefinition/PolicyAuditEvent"
          }
        },
        {
          "extension": [
            {
              "url": "http://hl7.org/fhir/StructureDefinition/implementationguide-page",
              "valueUri": "StructureDefinition-AccessAuditTrailEvent.html"
            }
          ],
          "example": false,
          "name": "Profile on AccessAuditTrailEvent for CH:ATC",
          "description": "Profile on AccessAuditTrailEvent for CH:ATC",
          "sourceReference": {
            "reference": "StructureDefinition/AccessAuditTrailEvent"
          }
        },
        {
          "extension": [
            {
              "url": "http://hl7.org/fhir/StructureDefinition/implementationguide-page",
              "valueUri": "StructureDefinition-CH-ATC.ITI-81.Response.html"
            }
          ],
          "example": false,
          "name": "Retrieve CH:ATC ATNA Audit Event [ITI-81] Response",
          "description": "Retrieve CH:ATC ATNA Audit Event [ITI-81] Response",
          "sourceReference": {
            "reference": "StructureDefinition/CH-ATC.ITI-81.Response"
          }
        },
        {
          "extension": [
            {
              "url": "http://hl7.org/fhir/StructureDefinition/implementationguide-page",
              "valueUri": "ValueSet-EprPurposeOfUse.html"
            }
          ],
          "example": false,
          "name": "EPR Purpose of Use",
          "description": "EPR Purpose of Use",
          "sourceReference": {
            "reference": "ValueSet/EprPurposeOfUse"
          }
        },
        {
          "extension": [
            {
              "url": "http://hl7.org/fhir/StructureDefinition/implementationguide-page",
              "valueUri": "ValueSet-EprParticipant.html"
            }
          ],
          "example": false,
          "name": "EPR Participant",
          "description": "EPR Participant",
          "sourceReference": {
            "reference": "ValueSet/EprParticipant"
          }
        },
        {
          "extension": [
            {
              "url": "http://hl7.org/fhir/StructureDefinition/implementationguide-page",
              "valueUri": "ValueSet-DocumentAuditEventType.html"
            }
          ],
          "example": false,
          "name": "DocumentAuditEventType",
          "description": "DocumentAuditEventType",
          "sourceReference": {
            "reference": "ValueSet/DocumentAuditEventType"
          }
        },
        {
          "extension": [
            {
              "url": "http://hl7.org/fhir/StructureDefinition/implementationguide-page",
              "valueUri": "ValueSet-PolicyAuditEventType.html"
            }
          ],
          "example": false,
          "name": "PolicyAuditEventType",
          "description": "PolicyAuditEventType",
          "sourceReference": {
            "reference": "ValueSet/PolicyAuditEventType"
          }
        },
        {
          "extension": [
            {
              "url": "http://hl7.org/fhir/StructureDefinition/implementationguide-page",
              "valueUri": "ValueSet-AccessAuditTrailEventType.html"
            }
          ],
          "example": false,
          "name": "AccessAuditTrailEventType",
          "description": "AccessAuditTrailEventType",
          "sourceReference": {
            "reference": "ValueSet/AccessAuditTrailEventType"
          }
        },
        {
          "extension": [
            {
              "url": "http://hl7.org/fhir/StructureDefinition/implementationguide-page",
              "valueUri": "CodeSystem-EprRole.html"
            }
          ],
          "example": false,
          "name": "EPR Role",
          "description": "EPR Role",
          "sourceReference": {
            "reference": "CodeSystem/EprRole"
          }
        },
        {
          "extension": [
            {
              "url": "http://hl7.org/fhir/StructureDefinition/implementationguide-page",
              "valueUri": "CodeSystem-EprAgentRole.html"
            }
          ],
          "example": false,
          "name": "EPR Agent Role",
          "description": "EPR Agent Role",
          "sourceReference": {
            "reference": "CodeSystem/EprAgentRole"
          }
        },
        {
          "extension": [
            {
              "url": "http://hl7.org/fhir/StructureDefinition/implementationguide-page",
              "valueUri": "CodeSystem-EprPurposeOfUse.html"
            }
          ],
          "example": false,
          "name": "EPR Purpose of Use",
          "description": "EPR Purpose of Use",
          "sourceReference": {
            "reference": "CodeSystem/EprPurposeOfUse"
          }
        },
        {
          "extension": [
            {
              "url": "http://hl7.org/fhir/StructureDefinition/implementationguide-page",
              "valueUri": "CodeSystem-EprAuditTrailConsumptionEventType.html"
            }
          ],
          "example": false,
          "name": "EPR Audit Trail Consumption EventType",
          "description": "EPR Audit Trail Consumption EventType",
          "sourceReference": {
            "reference": "CodeSystem/EprAuditTrailConsumptionEventType"
          }
        },
        {
          "extension": [
            {
              "url": "http://hl7.org/fhir/StructureDefinition/implementationguide-page",
              "valueUri": "AuditEvent-atc-doc-create-rep-pat.html"
            }
          ],
          "example": true,
          "name": "CH:ATC - Creation of a Document",
          "description": "CH:ATC - Creation of a Document for a patient by a representative of this patient",
          "sourceReference": {
            "reference": "AuditEvent/atc-doc-create-rep-pat"
          }
        },
        {
          "extension": [
            {
              "url": "http://hl7.org/fhir/StructureDefinition/implementationguide-page",
              "valueUri": "AuditEvent-atc-doc-read-ass-hpc.html"
            }
          ],
          "example": true,
          "name": "CH:ATC - Retrieveal of a Document",
          "description": "CH:ATC - Retrieveal of a Document from a patient by an assitant for a healthcrare professional",
          "sourceReference": {
            "reference": "AuditEvent/atc-doc-read-ass-hpc"
          }
        },
        {
          "extension": [
            {
              "url": "http://hl7.org/fhir/StructureDefinition/implementationguide-page",
              "valueUri": "AuditEvent-atc-pol-create-acc-right.html"
            }
          ],
          "example": true,
          "name": "CH:ATC - Create Access Right for Healthcare professional",
          "description": "CH:ATC - Create Access Right for Healthcare professional",
          "sourceReference": {
            "reference": "AuditEvent/atc-pol-create-acc-right"
          }
        },
        {
          "extension": [
            {
              "url": "http://hl7.org/fhir/StructureDefinition/implementationguide-page",
              "valueUri": "AuditEvent-atc-pol-create-rep.html"
            }
          ],
          "example": true,
          "name": "CH:ATC - Create Access Right for a representative",
          "description": "CH:ATC - Create Access Right a representative",
          "sourceReference": {
            "reference": "AuditEvent/atc-pol-create-rep"
          }
        },
        {
          "extension": [
            {
              "url": "http://hl7.org/fhir/StructureDefinition/implementationguide-page",
              "valueUri": "AuditEvent-atc-log-read.html"
            }
          ],
          "example": true,
          "name": "CH:ATC - Access of Audit Trail Repository",
          "description": "CH:ATC - Access of Audit Trail Repository",
          "sourceReference": {
            "reference": "AuditEvent/atc-log-read"
          }
        },
        {
          "extension": [
            {
              "url": "http://hl7.org/fhir/StructureDefinition/implementationguide-page",
              "valueUri": "Bundle-ch-atc-iti-81-response-sample.html"
            }
          ],
          "example": true,
          "name": "CH:ATC -Reponse Audit Trail",
          "description": "CH:ATC -Reponse Audit Trail",
          "sourceReference": {
            "reference": "Bundle/ch-atc-iti-81-response-sample"
          }
        }
      ]
    }
  ],
  "page": {
    "source": "index.html",
    "title": "IG Templage Homepage",
    "kind": "page"
  }
}