{
  "resourceType" : "Organization",
  "id" : "Hausarzt",
  "meta" : {
    "profile" : ["http://fhir.ch/ig/ch-emed/StructureDefinition/ch-emed-organization"]
  },
  "text" : {
    "status" : "generated",
    "div" : "<div xmlns=\"http://www.w3.org/1999/xhtml\"><p class=\"res-header-id\"><b>Generated Narrative: Organization Hausarzt</b></p><a name=\"Hausarzt\"> </a><a name=\"hcHausarzt\"> </a><div style=\"display: inline-block; background-color: #d9e0e7; padding: 6px; margin: 4px; border: 1px solid #8da1b4; border-radius: 5px; line-height: 60%\"><p style=\"margin-bottom: 0px\"/><p style=\"margin-bottom: 0px\">Profile: <a href=\"StructureDefinition-ch-emed-organization.html\">CH EMED Organization</a></p></div><p><b>identifier</b>: <a href=\"https://www.gs1.org/standards/id-keys/gln\" title=\"Global Location Number\">GLN</a>/7601000618627</p><p><b>name</b>: Hausarzt</p><p><b>address</b>: Krankenstrasse 2 Zürich 8005 CH </p></div>"
  },
  "identifier" : [{
    "system" : "urn:oid:2.51.1.3",
    "value" : "7601000618627"
  }],
  "name" : "Hausarzt",
  "address" : [{
    "line" : ["Krankenstrasse 2"],
    "city" : "Zürich",
    "postalCode" : "8005",
    "country" : "CH"
  }]
}