{
  "resourceType" : "Practitioner",
  "id" : "FamilienHausarzt",
  "meta" : {
    "profile" : ["http://fhir.ch/ig/ch-emed/StructureDefinition/ch-emed-practitioner"]
  },
  "text" : {
    "status" : "generated",
    "div" : "<div xmlns=\"http://www.w3.org/1999/xhtml\"><p><b>Generated Narrative: Practitioner</b><a name=\"FamilienHausarzt\"> </a></p><div style=\"display: inline-block; background-color: #d9e0e7; padding: 6px; margin: 4px; border: 1px solid #8da1b4; border-radius: 5px; line-height: 60%\"><p style=\"margin-bottom: 0px\">Resource Practitioner &quot;FamilienHausarzt&quot; </p><p style=\"margin-bottom: 0px\">Profile: <a href=\"StructureDefinition-ch-emed-practitioner.html\">CH EMED Practitioner</a></p></div><p><b>identifier</b>: id:\u00a07601000234438</p><p><b>name</b>: Familien Hausarzt </p></div>"
  },
  "identifier" : [{
    "system" : "urn:oid:2.51.1.3",
    "value" : "7601000234438"
  }],
  "name" : [{
    "family" : "Hausarzt",
    "given" : ["Familien"]
  }]
}