{
  "resourceType" : "NamingSystem",
  "id" : "uidb",
  "text" : {
    "status" : "generated",
    "div" : "<div xmlns=\"http://www.w3.org/1999/xhtml\"><p class=\"res-header-id\"><b>Generated Narrative: NamingSystem uidb</b></p><a name=\"uidb\"> </a><a name=\"hcuidb\"> </a><a name=\"uidb-en-US\"> </a><h3>Summary</h3><table class=\"grid\"><tr><td>Defining URL</td><td>http://fhir.ch/ig/ch-term/NamingSystem/uidb</td></tr><tr><td>Version</td><td>3.1.0</td></tr><tr><td>Name</td><td>UIDB</td></tr><tr><td>Status</td><td>active</td></tr><tr><td>Definition</td><td><div><p>Unique IDentification Business (UIDB) number (in French, numéro d'IDentification suisse des Enterprises (IDE)) (in German, Schweizer Unternehmens-IDentifikationsnummer (UID)) (in Italian, numero d'IDentificazione svizzero delle Imprese (IDI))   Organizations Covered By System: All Companies/organizations registered in the public Swiss Registers such as the Swiss Register of Commerce, the Value Added Tax (VAT) register, the Social security agencies Registers, Cantons registers, etc., and publish in the UID Register.</p>\n</div></td></tr><tr><td>Publisher</td><td>HL7 Switzerland</td></tr><tr><td>Copyright</td><td><div><p>CC0-1.0</p>\n</div></td></tr></table><h3>Identifiers</h3><table class=\"grid\"><tr><td><b>Type</b></td><td><b>Value</b></td><td><b>Comment</b></td></tr><tr><td>OID</td><td>2.16.756.5.35</td><td>This is the official identifier</td></tr></table></div>"
  },
  "extension" : [{
    "url" : "http://hl7.org/fhir/5.0/StructureDefinition/extension-NamingSystem.url",
    "valueUri" : "http://fhir.ch/ig/ch-term/NamingSystem/uidb"
  },
  {
    "url" : "http://hl7.org/fhir/5.0/StructureDefinition/extension-NamingSystem.version",
    "valueString" : "3.1.0"
  }],
  "name" : "UIDB",
  "status" : "active",
  "kind" : "identifier",
  "date" : "2019-10-24",
  "publisher" : "HL7 Switzerland",
  "contact" : [{
    "name" : "HL7 Switzerland",
    "telecom" : [{
      "system" : "url",
      "value" : "https://www.hl7.ch/"
    }]
  },
  {
    "name" : "HL7 Switzerland",
    "telecom" : [{
      "system" : "url",
      "value" : "https://www.hl7.ch/",
      "use" : "work"
    }]
  }],
  "responsible" : "Swiss Federal Statistical Office (FSO)",
  "description" : "Unique IDentification Business (UIDB) number (in French, numéro d'IDentification suisse des Enterprises (IDE)) (in German, Schweizer Unternehmens-IDentifikationsnummer (UID)) (in Italian, numero d'IDentificazione svizzero delle Imprese (IDI))   Organizations Covered By System: All Companies/organizations registered in the public Swiss Registers such as the Swiss Register of Commerce, the Value Added Tax (VAT) register, the Social security agencies Registers, Cantons registers, etc., and publish in the UID Register.",
  "jurisdiction" : [{
    "coding" : [{
      "system" : "urn:iso:std:iso:3166",
      "code" : "CH"
    }]
  }],
  "uniqueId" : [{
    "type" : "oid",
    "value" : "2.16.756.5.35",
    "comment" : "This is the official identifier"
  }]
}