{
  "resourceType" : "ValueSet",
  "id" : "DocumentEntry.practiceSettingCode",
  "meta" : {
    "source" : "https://art-decor.org/fhir/ValueSet/2.16.756.5.30.1.127.3.10.1.18--20220626144519",
    "profile" : ["http://hl7.org/fhir/StructureDefinition/shareablevalueset"]
  },
  "text" : {
    "status" : "generated",
    "div" : "<div xmlns=\"http://www.w3.org/1999/xhtml\"><ul><li>Include these codes as defined in <a href=\"http://www.snomed.org/\"><code>http://snomed.info/sct</code></a><table class=\"none\"><tr><td style=\"white-space:nowrap\"><b>Code</b></td><td><b>Display</b></td></tr><tr><td><a href=\"http://snomed.info/id/408470005\">408470005</a></td><td>Obstetrics (qualifier value)</td></tr><tr><td><a href=\"http://snomed.info/id/722163006\">722163006</a></td><td>Dentistry (qualifier value)</td></tr><tr><td><a href=\"http://snomed.info/id/773568002\">773568002</a></td><td>Emergency medicine (qualifier value)</td></tr><tr><td><a href=\"http://snomed.info/id/408463005\">408463005</a></td><td>Vascular surgery (qualifier value)</td></tr><tr><td><a href=\"http://snomed.info/id/394805004\">394805004</a></td><td>Clinical immunology/allergy (qualifier value)</td></tr><tr><td><a href=\"http://snomed.info/id/394802001\">394802001</a></td><td>General medicine (qualifier value)</td></tr><tr><td><a href=\"http://snomed.info/id/394577000\">394577000</a></td><td>Anesthetics (qualifier value)</td></tr><tr><td><a href=\"http://snomed.info/id/722414000\">722414000</a></td><td>Vascular medicine (qualifier value)</td></tr><tr><td><a href=\"http://snomed.info/id/722170006\">722170006</a></td><td>Chiropractic service (qualifier value)</td></tr><tr><td><a href=\"http://snomed.info/id/394609007\">394609007</a></td><td>General surgery (qualifier value)</td></tr><tr><td><a href=\"http://snomed.info/id/394582007\">394582007</a></td><td>Dermatology (qualifier value)</td></tr><tr><td><a href=\"http://snomed.info/id/394583002\">394583002</a></td><td>Endocrinology (qualifier value)</td></tr><tr><td><a href=\"http://snomed.info/id/310093001\">310093001</a></td><td>Occupational therapy service (qualifier value)</td></tr><tr><td><a href=\"http://snomed.info/id/722164000\">722164000</a></td><td>Dietetics and nutrition (qualifier value)</td></tr><tr><td><a href=\"http://snomed.info/id/394584008\">394584008</a></td><td>Gastroenterology (qualifier value)</td></tr><tr><td><a href=\"http://snomed.info/id/394811001\">394811001</a></td><td>Geriatric medicine (qualifier value)</td></tr><tr><td><a href=\"http://snomed.info/id/394586005\">394586005</a></td><td>Gynecology (qualifier value)</td></tr><tr><td><a href=\"http://snomed.info/id/394803006\">394803006</a></td><td>Clinical hematology (qualifier value)</td></tr><tr><td><a href=\"http://snomed.info/id/408466002\">408466002</a></td><td>Cardiac surgery (qualifier value)</td></tr><tr><td><a href=\"http://snomed.info/id/408480009\">408480009</a></td><td>Clinical immunology (qualifier value)</td></tr><tr><td><a href=\"http://snomed.info/id/394807007\">394807007</a></td><td>Infectious diseases (specialty) (qualifier value)</td></tr><tr><td><a href=\"http://snomed.info/id/419192003\">419192003</a></td><td>Internal medicine (qualifier value)</td></tr><tr><td><a href=\"http://snomed.info/id/408478003\">408478003</a></td><td>Critical care medicine (qualifier value)</td></tr><tr><td><a href=\"http://snomed.info/id/394579002\">394579002</a></td><td>Cardiology (qualifier value)</td></tr><tr><td><a href=\"http://snomed.info/id/310025004\">310025004</a></td><td>Complementary therapy service (qualifier value)</td></tr><tr><td><a href=\"http://snomed.info/id/708184003\">708184003</a></td><td>Clinical pathology service (qualifier value)</td></tr><tr><td><a href=\"http://snomed.info/id/310101009\">310101009</a></td><td>Speech and language therapy service (qualifier value)</td></tr><tr><td><a href=\"http://snomed.info/id/394580004\">394580004</a></td><td>Clinical genetics (qualifier value)</td></tr><tr><td><a href=\"http://snomed.info/id/408465003\">408465003</a></td><td>Oral and maxillofacial surgery (qualifier value)</td></tr><tr><td><a href=\"http://snomed.info/id/394589003\">394589003</a></td><td>Nephrology (qualifier value)</td></tr><tr><td><a href=\"http://snomed.info/id/394610002\">394610002</a></td><td>Neurosurgery (qualifier value)</td></tr><tr><td><a href=\"http://snomed.info/id/394591006\">394591006</a></td><td>Neurology (qualifier value)</td></tr><tr><td><a href=\"http://snomed.info/id/394576009\">394576009</a></td><td>Accident &amp; emergency (qualifier value)</td></tr><tr><td><a href=\"http://snomed.info/id/394649004\">394649004</a></td><td>Nuclear medicine - specialty (qualifier value)</td></tr><tr><td><a href=\"http://snomed.info/id/394594003\">394594003</a></td><td>Ophthalmology (qualifier value)</td></tr><tr><td><a href=\"http://snomed.info/id/394801008\">394801008</a></td><td>Trauma and orthopedics (qualifier value)</td></tr><tr><td><a href=\"http://snomed.info/id/416304004\">416304004</a></td><td>Osteopathic manipulative medicine (qualifier value)</td></tr><tr><td><a href=\"http://snomed.info/id/418960008\">418960008</a></td><td>Otolaryngology (qualifier value)</td></tr><tr><td><a href=\"http://snomed.info/id/394537008\">394537008</a></td><td>Pediatric specialty (qualifier value)</td></tr><tr><td><a href=\"http://snomed.info/id/394806003\">394806003</a></td><td>Palliative medicine (qualifier value)</td></tr><tr><td><a href=\"http://snomed.info/id/394595002\">394595002</a></td><td>Pathology (qualifier value)</td></tr><tr><td><a href=\"http://snomed.info/id/722165004\">722165004</a></td><td>Nursing (qualifier value)</td></tr><tr><td><a href=\"http://snomed.info/id/394600006\">394600006</a></td><td>Clinical pharmacology (qualifier value)</td></tr><tr><td><a href=\"http://snomed.info/id/310080006\">310080006</a></td><td>Pharmacy service (qualifier value)</td></tr><tr><td><a href=\"http://snomed.info/id/722138006\">722138006</a></td><td>Physiotherapy (qualifier value)</td></tr><tr><td><a href=\"http://snomed.info/id/394611003\">394611003</a></td><td>Plastic surgery - specialty (qualifier value)</td></tr><tr><td><a href=\"http://snomed.info/id/418112009\">418112009</a></td><td>Pulmonary medicine (qualifier value)</td></tr><tr><td><a href=\"http://snomed.info/id/310087009\">310087009</a></td><td>Podiatry service (qualifier value)</td></tr><tr><td><a href=\"http://snomed.info/id/409968004\">409968004</a></td><td>Preventive medicine (qualifier value)</td></tr><tr><td><a href=\"http://snomed.info/id/394587001\">394587001</a></td><td>Psychiatry (qualifier value)</td></tr><tr><td><a href=\"http://snomed.info/id/722162001\">722162001</a></td><td>Psychology (qualifier value)</td></tr><tr><td><a href=\"http://snomed.info/id/721961006\">721961006</a></td><td>Psychosomatic medicine (qualifier value)</td></tr><tr><td><a href=\"http://snomed.info/id/394914008\">394914008</a></td><td>Radiology - specialty (qualifier value)</td></tr><tr><td><a href=\"http://snomed.info/id/419815003\">419815003</a></td><td>Radiation oncology (qualifier value)</td></tr><tr><td><a href=\"http://snomed.info/id/722204007\">722204007</a></td><td>Legal medicine (qualifier value)</td></tr><tr><td><a href=\"http://snomed.info/id/394602003\">394602003</a></td><td>Rehabilitation - specialty (qualifier value)</td></tr><tr><td><a href=\"http://snomed.info/id/394810000\">394810000</a></td><td>Rheumatology (qualifier value)</td></tr><tr><td><a href=\"http://snomed.info/id/408456005\">408456005</a></td><td>Thoracic surgery (qualifier value)</td></tr><tr><td><a href=\"http://snomed.info/id/394819004\">394819004</a></td><td>Blood transfusion (specialty) (qualifier value)</td></tr><tr><td><a href=\"http://snomed.info/id/408448007\">408448007</a></td><td>Tropical medicine (qualifier value)</td></tr><tr><td><a href=\"http://snomed.info/id/394612005\">394612005</a></td><td>Urology (qualifier value)</td></tr><tr><td><a href=\"http://snomed.info/id/394812008\">394812008</a></td><td>Dental medicine specialties (qualifier value)</td></tr><tr><td><a href=\"http://snomed.info/id/394592004\">394592004</a></td><td>Clinical oncology (qualifier value)</td></tr><tr><td><a href=\"http://snomed.info/id/408477008\">408477008</a></td><td>Transplantation surgery (qualifier value)</td></tr><tr><td><a href=\"http://snomed.info/id/394658006\">394658006</a></td><td>Clinical specialty (qualifier value)</td></tr></table></li></ul><p><b>Additional Language Displays</b></p><table class=\"codes\"><tr><td><b>Code</b></td><td><b>Deutsch (Schweiz) (German (Switzerland), de)</b></td><td><b>English (United States) (English (United States), en)</b></td><td><b>French (Switzerland) (fr)</b></td><td><b>Italian (Switzerland) (it)</b></td><td><b>rm</b></td></tr><tr><td>408470005</td><td>Geburtshilfe</td><td>Obstetrics</td><td>obstétrique</td><td>ostetricia</td><td>assistenza al part</td></tr><tr><td>722163006</td><td>Zahnmedizin</td><td>Dentistry</td><td>dentisterie</td><td>odontoiatria</td><td>medischina da dents</td></tr><tr><td>773568002</td><td>Notfallmedizin</td><td>Emergency medicine</td><td>médecine d'urgence</td><td>medicina d'urgenza</td><td>medischina d'urgenza</td></tr><tr><td>408463005</td><td>Gefässchirurgie</td><td>Vascular surgery</td><td>chirurgie vasculaire</td><td>chirurgia vascolare</td><td>chirurgia vasculara</td></tr><tr><td>394805004</td><td>Immunologie/Allergologie</td><td>Clinical immunology/allergy</td><td>immunologie/allergologie</td><td>allergologia e immunologia clinica</td><td>immunologia/allergologia</td></tr><tr><td>394802001</td><td>Allgemeinmedizin</td><td>General medicine</td><td>médecine générale</td><td>medicina generale</td><td>medischina generala</td></tr><tr><td>394577000</td><td>Anästhesiologie</td><td>Anaesthesiology</td><td>anesthésiologie</td><td>anestesiologia</td><td>anestesiologia</td></tr><tr><td>722414000</td><td>Angiologie</td><td>Vascular medicine</td><td>angiologie</td><td>angiologia</td><td>angiologia</td></tr><tr><td>722170006</td><td>Chiropraktik</td><td>Chiropractic service</td><td>chiropractie</td><td>chiropratica</td><td>chiropratica</td></tr><tr><td>394609007</td><td>Chirurgie</td><td>General surgery</td><td>chirurgie</td><td>chirurgia</td><td>chirurgia</td></tr><tr><td>394582007</td><td>Dermatologie und Venerologie</td><td>Dermatology</td><td>dermatologie et vénérologie</td><td>dermatologia e venereologia</td><td>dermatologia e venerologia</td></tr><tr><td>394583002</td><td>Endokrinologie/Diabetologie</td><td>Endocrinology</td><td>endocrinologie/diabétologie</td><td>endocrinologia/diabetologia</td><td>endocrinologia/diabetologia</td></tr><tr><td>310093001</td><td>Ergotherapie</td><td>Occupational therapy service</td><td>ergothérapie</td><td>ergoterapia</td><td>ergoterapia</td></tr><tr><td>722164000</td><td>Ernährungsberatung</td><td>Dietetics and nutrition</td><td>conseil en nutrition et diététique</td><td>dietetica</td><td>cussegliaziun da nutriment</td></tr><tr><td>394584008</td><td>Gastroenterologie</td><td>Gastroenterology</td><td>gastroentérologie</td><td>gastroenterologia</td><td>gastroenterologia</td></tr><tr><td>394811001</td><td>Geriatrie</td><td>Geriatric medicine</td><td>gériatrie</td><td>geriatria</td><td>geriatria</td></tr><tr><td>394586005</td><td>Gynäkologie</td><td>Gynecology and obstetrics</td><td>gynécologie</td><td>ginecologia</td><td>ginecologia</td></tr><tr><td>394803006</td><td>Hämatologie</td><td>Clinical haematology</td><td>hématologie</td><td>ematologia</td><td>hematologia</td></tr><tr><td>408466002</td><td>Herzchirurgie</td><td>Cardiac surgery</td><td>chirurgie cardiovasculaire</td><td>chirurgia cardiovascolare</td><td>chirurgia dal cor</td></tr><tr><td>408480009</td><td>Immunologie</td><td>Clinical immunology</td><td>immunologie</td><td>immunologia</td><td>immunologia</td></tr><tr><td>394807007</td><td>Infektionskrankheiten</td><td>Infectious diseases</td><td>maladies infectieuses</td><td>malattia infettiva</td><td>malsognas infectusas</td></tr><tr><td>419192003</td><td>Innere Medizin</td><td>Internal medicine</td><td>médecine interne</td><td>medicina interna</td><td>medischina interna</td></tr><tr><td>408478003</td><td>Intensivmedizin</td><td>Critical care medicine</td><td>médecine intensive</td><td>medicina intensiva</td><td>medischina intensiva</td></tr><tr><td>394579002</td><td>Kardiologie</td><td>Cardiology</td><td>cardiologie</td><td>cardiologia</td><td>cardiologia</td></tr><tr><td>310025004</td><td>Komplementärmedizin</td><td>Complementary therapy</td><td>médecine alternative et complémentaire</td><td>medicina complementare</td><td>medischina alternativa e cumplementara</td></tr><tr><td>708184003</td><td>Labormedizin</td><td>Laboratory service</td><td>médecin de laboratoire</td><td>medicina di laboratorio</td><td>medischina da labor</td></tr><tr><td>310101009</td><td>Logopädie</td><td>Speech and language therapy service</td><td>logopédie</td><td>logopedia</td><td>logopedia</td></tr><tr><td>394580004</td><td>Medizinische Genetik</td><td>Clinical genetics</td><td>génétique médicale</td><td>genetica medica</td><td>genetica medicinala</td></tr><tr><td>408465003</td><td>Mund-, Kiefer- und Gesichtschirurgie</td><td>Oral and maxillofacial surgery</td><td>chirurgie dento-maxillo-faciale</td><td>chirurgia oro-maxillo-facciale</td><td>chirurgia da la bucca, da la missella e da la fatscha</td></tr><tr><td>394589003</td><td>Nephrologie</td><td>Nephrology</td><td>néphrologie</td><td>nefrologia</td><td>nefrologia</td></tr><tr><td>394610002</td><td>Neurochirurgie</td><td>Neurosurgery</td><td>neurochirurgie</td><td>neurochirurgia</td><td>neurochirurgia</td></tr><tr><td>394591006</td><td>Neurologie</td><td>Neurology</td><td>neurologie</td><td>neurologia</td><td>neurologia</td></tr><tr><td>394576009</td><td>Notfall- und Rettungsmedizin</td><td>Accident &amp; emergency</td><td>médecine d'urgence et de sauvetage</td><td>medicina d'urgenza e di salvataggio</td><td>medischina d'urgenza e da salvament</td></tr><tr><td>394649004</td><td>Nuklearmedizin</td><td>Nuclear medicine</td><td>médecine nucléaire</td><td>medicina nucleare</td><td>medischina nucleara</td></tr><tr><td>394594003</td><td>Ophthalmologie</td><td>Ophthalmology</td><td>ophtalmologie</td><td>oftalmologia</td><td>oftalmologia</td></tr><tr><td>394801008</td><td>Orthopädie und Traumatologie</td><td>Trauma and orthopedics</td><td>chirurgie orthopédique et traumatologie de l'appareil locomoteur</td><td>chirurgia ortopedica e traumatologia dell'apparato locomotore</td><td>ortopedia e traumatologia</td></tr><tr><td>416304004</td><td>Osteopathie</td><td>Osteopathic manipulative medicine</td><td>ostéopathie</td><td>osteopatia</td><td>osteopatia</td></tr><tr><td>418960008</td><td>Oto-Rhino-Laryngologie</td><td>Otolaryngology</td><td>oto-rhino-laryngologie</td><td>otorinolaringoiatria</td><td>oto-rino-laringologia</td></tr><tr><td>394537008</td><td>Pädiatrie</td><td>Pediatrics</td><td>pédiatrie</td><td>pediatria</td><td>pediatria</td></tr><tr><td>394806003</td><td>Palliativmedizin</td><td>Palliative medicine</td><td>médecine palliative</td><td>medicina palliativa</td><td>medischina palliativa</td></tr><tr><td>394595002</td><td>Pathologie</td><td>Pathology</td><td>pathologie</td><td>patologia</td><td>patologia</td></tr><tr><td>722165004</td><td>Pflege</td><td>Nursing</td><td>soins</td><td>cure infermieristiche</td><td>tgira</td></tr><tr><td>394600006</td><td>Klinische Pharmakologie</td><td>Clinical pharmacology</td><td>pharmacologie clinique</td><td>farmacologia clinica</td><td>farmacologia clinica</td></tr><tr><td>310080006</td><td>Pharmazeutische Dienstleistungen</td><td>Pharmacy service</td><td>service pharmaceutique</td><td>servizio farmaceutico</td><td>servetsch farmaceutic</td></tr><tr><td>722138006</td><td>Physiotherapie</td><td>Physiotherapy</td><td>physiothérapie</td><td>fisioterapia</td><td>fisioterapia</td></tr><tr><td>394611003</td><td>Plastische, Rekonstruktive und Ästhetische Chirurgie</td><td>Plastic surgery</td><td>chirurgie plastique, reconstructrice et esthétique</td><td>chirurgia plastica, ricostruttiva ed estetica</td><td>chirurgia plastica, reconstructiva ed estetica</td></tr><tr><td>418112009</td><td>Pneumologie</td><td>Pulmonary medicine</td><td>pneumologie</td><td>pneumologia</td><td>pneumologia</td></tr><tr><td>310087009</td><td>Podologie</td><td>Podiatry service</td><td>podologie</td><td>podologia</td><td>podologia</td></tr><tr><td>409968004</td><td>Präventionsmedizin</td><td>Preventive medicine</td><td>médecine préventive</td><td>prevenzione</td><td>medischina preventiva</td></tr><tr><td>394587001</td><td>Psychiatrie und Psychotherapie</td><td>Psychiatry</td><td>psychiatrie et psychothérapie</td><td>psichiatria e psicoterapia</td><td>psicoterapia</td></tr><tr><td>722162001</td><td>Psychologie</td><td>Psychology</td><td>psychologie</td><td>psicologia</td><td>psicologia</td></tr><tr><td>721961006</td><td>Psychosomatik</td><td>Psychosomatic medicine</td><td>psychosomatique</td><td>medicina psicosomatica</td><td>medischina psicosomatica</td></tr><tr><td>394914008</td><td>Radiologie</td><td>Radiology</td><td>radiologie</td><td>radiologia</td><td>radiologia</td></tr><tr><td>419815003</td><td>Radio-Onkologie</td><td>Radiation oncology</td><td>radio-oncologie</td><td>radio-oncologia</td><td>radio-oncologia</td></tr><tr><td>722204007</td><td>Rechtsmedizin</td><td>Legal medicine</td><td>médecine légale</td><td>medicina legale</td><td>medischina legala</td></tr><tr><td>394602003</td><td>Rehabilitation</td><td>Rehabilitation</td><td>réadaptation</td><td>riabilitazione</td><td>reabilitaziun</td></tr><tr><td>394810000</td><td>Rheumatologie</td><td>Rheumatology</td><td>rhumatologie</td><td>reumatologia</td><td>reumatologia</td></tr><tr><td>408456005</td><td>Thoraxchirurgie</td><td>Thoracic surgery</td><td>chirurgie thoracique</td><td>chirurgia toracica</td><td>chirurgia toraxala</td></tr><tr><td>394819004</td><td>Transfusionsmedizin</td><td>Transfusion medicine</td><td>médecine transfusionnelle</td><td>medicina trasfusionale</td><td>transfusiun da sang</td></tr><tr><td>408448007</td><td>Tropen- und Reisemedizin</td><td>Tropical medicine</td><td>médecine tropicale et des voyages</td><td>medicina tropicale e di viaggio</td><td>medischina da las tropas e da viadis</td></tr><tr><td>394612005</td><td>Urologie</td><td>Urology</td><td>urologie</td><td>urologia</td><td>urologia</td></tr><tr><td>394812008</td><td>Zahnheilkunde</td><td>Dental medicine</td><td>odontologie</td><td>odontoiatria</td><td>medischina dentala</td></tr><tr><td>394592004</td><td>Onkologie</td><td>Clinical oncology</td><td>oncologie</td><td>oncologia medica</td><td>oncologia</td></tr><tr><td>408477008</td><td>Transplatationschirurgie</td><td>Transplant surgery</td><td>chirurgie de transplantation</td><td>chirurgia dei trapianti</td><td>chirurgia da transplantaziun</td></tr><tr><td>394658006</td><td>Andere nicht näher spezifizierte medizinische Fachrichtung</td><td>Other clinical specialty</td><td>autres spécialisations non spécifiées</td><td>altre specialità mediche non meglio precisate</td><td>auters secturs medicinals betg precisads</td></tr></table></div>"
  },
  "extension" : [{
    "url" : "http://hl7.org/fhir/StructureDefinition/resource-effectivePeriod",
    "valuePeriod" : {
      "start" : "2022-06-26T14:45:19+02:00"
    }
  }],
  "url" : "http://fhir.ch/ig/ch-term/ValueSet/DocumentEntry.practiceSettingCode",
  "identifier" : [{
    "use" : "official",
    "system" : "urn:ietf:rfc:3986",
    "value" : "urn:oid:2.16.756.5.30.1.127.3.10.1.18"
  }],
  "version" : "3.0.0",
  "name" : "DocumentEntryPracticeSettingCode",
  "title" : "DocumentEntry.practiceSettingCode",
  "status" : "active",
  "experimental" : false,
  "date" : "2024-05-16T11:36:46+00:00",
  "publisher" : "HL7 Switzerland",
  "contact" : [{
    "name" : "HL7 Switzerland",
    "telecom" : [{
      "system" : "url",
      "value" : "https://www.hl7.ch/"
    }]
  },
  {
    "name" : "HL7 Switzerland",
    "telecom" : [{
      "system" : "url",
      "value" : "https://www.hl7.ch/",
      "use" : "work"
    }]
  }],
  "description" : "Medical specialisation of the data captured in the document as per Annex 3; EPRO-FDHA.\n      This attribute assigns the contents of a document to a medical specialisation. It is conceivable that this information will assist the patient with setting or changing the confidentiality level of documents, which is relevant for controlling access.",
  "jurisdiction" : [{
    "coding" : [{
      "system" : "urn:iso:std:iso:3166",
      "code" : "CH"
    }]
  }],
  "immutable" : false,
  "copyright" : "This artefact includes content from SNOMED Clinical Terms® (SNOMED CT®) which is copyright of the International Health Terminology Standards Development Organisation (IHTSDO). Implementers of these artefacts must have the appropriate SNOMED CT Affiliate license - for more information contact http://www.snomed.org/snomed-ct/getsnomed-ct or info@snomed.org.",
  "compose" : {
    "include" : [{
      "system" : "http://snomed.info/sct",
      "concept" : [{
        "code" : "408470005",
        "display" : "Obstetrics (qualifier value)",
        "designation" : [{
          "language" : "en-US",
          "value" : "Obstetrics"
        },
        {
          "language" : "de-CH",
          "value" : "Geburtshilfe"
        },
        {
          "language" : "fr-CH",
          "value" : "obstétrique"
        },
        {
          "language" : "it-CH",
          "value" : "ostetricia"
        },
        {
          "language" : "rm-CH",
          "value" : "assistenza al part"
        }]
      },
      {
        "code" : "722163006",
        "display" : "Dentistry (qualifier value)",
        "designation" : [{
          "language" : "de-CH",
          "value" : "Zahnmedizin"
        },
        {
          "language" : "fr-CH",
          "value" : "dentisterie"
        },
        {
          "language" : "it-CH",
          "value" : "odontoiatria"
        },
        {
          "language" : "en-US",
          "value" : "Dentistry"
        },
        {
          "language" : "rm-CH",
          "value" : "medischina da dents"
        }]
      },
      {
        "code" : "773568002",
        "display" : "Emergency medicine (qualifier value)",
        "designation" : [{
          "language" : "de-CH",
          "value" : "Notfallmedizin"
        },
        {
          "language" : "fr-CH",
          "value" : "médecine d'urgence"
        },
        {
          "language" : "it-CH",
          "value" : "medicina d'urgenza"
        },
        {
          "language" : "en-US",
          "value" : "Emergency medicine"
        },
        {
          "language" : "rm-CH",
          "value" : "medischina d'urgenza"
        }]
      },
      {
        "code" : "408463005",
        "display" : "Vascular surgery (qualifier value)",
        "designation" : [{
          "language" : "de-CH",
          "value" : "Gefässchirurgie"
        },
        {
          "language" : "fr-CH",
          "value" : "chirurgie vasculaire"
        },
        {
          "language" : "it-CH",
          "value" : "chirurgia vascolare"
        },
        {
          "language" : "en-US",
          "value" : "Vascular surgery"
        },
        {
          "language" : "rm-CH",
          "value" : "chirurgia vasculara"
        }]
      },
      {
        "code" : "394805004",
        "display" : "Clinical immunology/allergy (qualifier value)",
        "designation" : [{
          "language" : "de-CH",
          "value" : "Immunologie/Allergologie"
        },
        {
          "language" : "fr-CH",
          "value" : "immunologie/allergologie"
        },
        {
          "language" : "it-CH",
          "value" : "allergologia e immunologia clinica"
        },
        {
          "language" : "en-US",
          "value" : "Clinical immunology/allergy"
        },
        {
          "language" : "rm-CH",
          "value" : "immunologia/allergologia"
        }]
      },
      {
        "code" : "394802001",
        "display" : "General medicine (qualifier value)",
        "designation" : [{
          "language" : "de-CH",
          "value" : "Allgemeinmedizin"
        },
        {
          "language" : "fr-CH",
          "value" : "médecine générale"
        },
        {
          "language" : "it-CH",
          "value" : "medicina generale"
        },
        {
          "language" : "en-US",
          "value" : "General medicine"
        },
        {
          "language" : "rm-CH",
          "value" : "medischina generala"
        }]
      },
      {
        "code" : "394577000",
        "display" : "Anesthetics (qualifier value)",
        "designation" : [{
          "language" : "de-CH",
          "value" : "Anästhesiologie"
        },
        {
          "language" : "fr-CH",
          "value" : "anesthésiologie"
        },
        {
          "language" : "it-CH",
          "value" : "anestesiologia"
        },
        {
          "language" : "en-US",
          "value" : "Anaesthesiology"
        },
        {
          "language" : "rm-CH",
          "value" : "anestesiologia"
        }]
      },
      {
        "code" : "722414000",
        "display" : "Vascular medicine (qualifier value)",
        "designation" : [{
          "language" : "de-CH",
          "value" : "Angiologie"
        },
        {
          "language" : "fr-CH",
          "value" : "angiologie"
        },
        {
          "language" : "it-CH",
          "value" : "angiologia"
        },
        {
          "language" : "en-US",
          "value" : "Vascular medicine"
        },
        {
          "language" : "rm-CH",
          "value" : "angiologia"
        }]
      },
      {
        "code" : "722170006",
        "display" : "Chiropractic service (qualifier value)",
        "designation" : [{
          "language" : "de-CH",
          "value" : "Chiropraktik"
        },
        {
          "language" : "fr-CH",
          "value" : "chiropractie"
        },
        {
          "language" : "it-CH",
          "value" : "chiropratica"
        },
        {
          "language" : "en-US",
          "value" : "Chiropractic service"
        },
        {
          "language" : "rm-CH",
          "value" : "chiropratica"
        }]
      },
      {
        "code" : "394609007",
        "display" : "General surgery (qualifier value)",
        "designation" : [{
          "language" : "de-CH",
          "value" : "Chirurgie"
        },
        {
          "language" : "fr-CH",
          "value" : "chirurgie"
        },
        {
          "language" : "it-CH",
          "value" : "chirurgia"
        },
        {
          "language" : "en-US",
          "value" : "General surgery"
        },
        {
          "language" : "rm-CH",
          "value" : "chirurgia"
        }]
      },
      {
        "code" : "394582007",
        "display" : "Dermatology (qualifier value)",
        "designation" : [{
          "language" : "de-CH",
          "value" : "Dermatologie und Venerologie"
        },
        {
          "language" : "fr-CH",
          "value" : "dermatologie et vénérologie"
        },
        {
          "language" : "it-CH",
          "value" : "dermatologia e venereologia"
        },
        {
          "language" : "en-US",
          "value" : "Dermatology"
        },
        {
          "language" : "rm-CH",
          "value" : "dermatologia e venerologia"
        }]
      },
      {
        "code" : "394583002",
        "display" : "Endocrinology (qualifier value)",
        "designation" : [{
          "language" : "de-CH",
          "value" : "Endokrinologie/Diabetologie"
        },
        {
          "language" : "fr-CH",
          "value" : "endocrinologie/diabétologie"
        },
        {
          "language" : "it-CH",
          "value" : "endocrinologia/diabetologia"
        },
        {
          "language" : "en-US",
          "value" : "Endocrinology"
        },
        {
          "language" : "rm-CH",
          "value" : "endocrinologia/diabetologia"
        }]
      },
      {
        "code" : "310093001",
        "display" : "Occupational therapy service (qualifier value)",
        "designation" : [{
          "language" : "de-CH",
          "value" : "Ergotherapie"
        },
        {
          "language" : "fr-CH",
          "value" : "ergothérapie"
        },
        {
          "language" : "it-CH",
          "value" : "ergoterapia"
        },
        {
          "language" : "en-US",
          "value" : "Occupational therapy service"
        },
        {
          "language" : "rm-CH",
          "value" : "ergoterapia"
        }]
      },
      {
        "code" : "722164000",
        "display" : "Dietetics and nutrition (qualifier value)",
        "designation" : [{
          "language" : "de-CH",
          "value" : "Ernährungsberatung"
        },
        {
          "language" : "fr-CH",
          "value" : "conseil en nutrition et diététique"
        },
        {
          "language" : "it-CH",
          "value" : "dietetica"
        },
        {
          "language" : "en-US",
          "value" : "Dietetics and nutrition"
        },
        {
          "language" : "rm-CH",
          "value" : "cussegliaziun da nutriment"
        }]
      },
      {
        "code" : "394584008",
        "display" : "Gastroenterology (qualifier value)",
        "designation" : [{
          "language" : "de-CH",
          "value" : "Gastroenterologie"
        },
        {
          "language" : "fr-CH",
          "value" : "gastroentérologie"
        },
        {
          "language" : "it-CH",
          "value" : "gastroenterologia"
        },
        {
          "language" : "en-US",
          "value" : "Gastroenterology"
        },
        {
          "language" : "rm-CH",
          "value" : "gastroenterologia"
        }]
      },
      {
        "code" : "394811001",
        "display" : "Geriatric medicine (qualifier value)",
        "designation" : [{
          "language" : "de-CH",
          "value" : "Geriatrie"
        },
        {
          "language" : "fr-CH",
          "value" : "gériatrie"
        },
        {
          "language" : "it-CH",
          "value" : "geriatria"
        },
        {
          "language" : "en-US",
          "value" : "Geriatric medicine"
        },
        {
          "language" : "rm-CH",
          "value" : "geriatria"
        }]
      },
      {
        "code" : "394586005",
        "display" : "Gynecology (qualifier value)",
        "designation" : [{
          "language" : "de-CH",
          "value" : "Gynäkologie"
        },
        {
          "language" : "fr-CH",
          "value" : "gynécologie"
        },
        {
          "language" : "it-CH",
          "value" : "ginecologia"
        },
        {
          "language" : "en-US",
          "value" : "Gynecology and obstetrics"
        },
        {
          "language" : "rm-CH",
          "value" : "ginecologia"
        }]
      },
      {
        "code" : "394803006",
        "display" : "Clinical hematology (qualifier value)",
        "designation" : [{
          "language" : "de-CH",
          "value" : "Hämatologie"
        },
        {
          "language" : "fr-CH",
          "value" : "hématologie"
        },
        {
          "language" : "it-CH",
          "value" : "ematologia"
        },
        {
          "language" : "en-US",
          "value" : "Clinical haematology"
        },
        {
          "language" : "rm-CH",
          "value" : "hematologia"
        }]
      },
      {
        "code" : "408466002",
        "display" : "Cardiac surgery (qualifier value)",
        "designation" : [{
          "language" : "de-CH",
          "value" : "Herzchirurgie"
        },
        {
          "language" : "fr-CH",
          "value" : "chirurgie cardiovasculaire"
        },
        {
          "language" : "it-CH",
          "value" : "chirurgia cardiovascolare"
        },
        {
          "language" : "en-US",
          "value" : "Cardiac surgery"
        },
        {
          "language" : "rm-CH",
          "value" : "chirurgia dal cor"
        }]
      },
      {
        "code" : "408480009",
        "display" : "Clinical immunology (qualifier value)",
        "designation" : [{
          "language" : "de-CH",
          "value" : "Immunologie"
        },
        {
          "language" : "fr-CH",
          "value" : "immunologie"
        },
        {
          "language" : "it-CH",
          "value" : "immunologia"
        },
        {
          "language" : "en-US",
          "value" : "Clinical immunology"
        },
        {
          "language" : "rm-CH",
          "value" : "immunologia"
        }]
      },
      {
        "code" : "394807007",
        "display" : "Infectious diseases (specialty) (qualifier value)",
        "designation" : [{
          "language" : "de-CH",
          "value" : "Infektionskrankheiten"
        },
        {
          "language" : "fr-CH",
          "value" : "maladies infectieuses"
        },
        {
          "language" : "it-CH",
          "value" : "malattia infettiva"
        },
        {
          "language" : "en-US",
          "value" : "Infectious diseases"
        },
        {
          "language" : "rm-CH",
          "value" : "malsognas infectusas"
        }]
      },
      {
        "code" : "419192003",
        "display" : "Internal medicine (qualifier value)",
        "designation" : [{
          "language" : "de-CH",
          "value" : "Innere Medizin"
        },
        {
          "language" : "fr-CH",
          "value" : "médecine interne"
        },
        {
          "language" : "it-CH",
          "value" : "medicina interna"
        },
        {
          "language" : "en-US",
          "value" : "Internal medicine"
        },
        {
          "language" : "rm-CH",
          "value" : "medischina interna"
        }]
      },
      {
        "code" : "408478003",
        "display" : "Critical care medicine (qualifier value)",
        "designation" : [{
          "language" : "de-CH",
          "value" : "Intensivmedizin"
        },
        {
          "language" : "fr-CH",
          "value" : "médecine intensive"
        },
        {
          "language" : "it-CH",
          "value" : "medicina intensiva"
        },
        {
          "language" : "en-US",
          "value" : "Critical care medicine"
        },
        {
          "language" : "rm-CH",
          "value" : "medischina intensiva"
        }]
      },
      {
        "code" : "394579002",
        "display" : "Cardiology (qualifier value)",
        "designation" : [{
          "language" : "de-CH",
          "value" : "Kardiologie"
        },
        {
          "language" : "fr-CH",
          "value" : "cardiologie"
        },
        {
          "language" : "it-CH",
          "value" : "cardiologia"
        },
        {
          "language" : "en-US",
          "value" : "Cardiology"
        },
        {
          "language" : "rm-CH",
          "value" : "cardiologia"
        }]
      },
      {
        "code" : "310025004",
        "display" : "Complementary therapy service (qualifier value)",
        "designation" : [{
          "language" : "en-US",
          "value" : "Complementary therapy"
        },
        {
          "language" : "de-CH",
          "value" : "Komplementärmedizin"
        },
        {
          "language" : "fr-CH",
          "value" : "médecine alternative et complémentaire"
        },
        {
          "language" : "it-CH",
          "value" : "medicina complementare"
        },
        {
          "language" : "rm-CH",
          "value" : "medischina alternativa e cumplementara"
        }]
      },
      {
        "code" : "708184003",
        "display" : "Clinical pathology service (qualifier value)",
        "designation" : [{
          "language" : "de-CH",
          "value" : "Labormedizin"
        },
        {
          "language" : "fr-CH",
          "value" : "médecin de laboratoire"
        },
        {
          "language" : "it-CH",
          "value" : "medicina di laboratorio"
        },
        {
          "language" : "en-US",
          "value" : "Laboratory service"
        },
        {
          "language" : "rm-CH",
          "value" : "medischina da labor"
        }]
      },
      {
        "code" : "310101009",
        "display" : "Speech and language therapy service (qualifier value)",
        "designation" : [{
          "language" : "de-CH",
          "value" : "Logopädie"
        },
        {
          "language" : "fr-CH",
          "value" : "logopédie"
        },
        {
          "language" : "it-CH",
          "value" : "logopedia"
        },
        {
          "language" : "en-US",
          "value" : "Speech and language therapy service"
        },
        {
          "language" : "rm-CH",
          "value" : "logopedia"
        }]
      },
      {
        "code" : "394580004",
        "display" : "Clinical genetics (qualifier value)",
        "designation" : [{
          "language" : "de-CH",
          "value" : "Medizinische Genetik"
        },
        {
          "language" : "fr-CH",
          "value" : "génétique médicale"
        },
        {
          "language" : "it-CH",
          "value" : "genetica medica"
        },
        {
          "language" : "en-US",
          "value" : "Clinical genetics"
        },
        {
          "language" : "rm-CH",
          "value" : "genetica medicinala"
        }]
      },
      {
        "code" : "408465003",
        "display" : "Oral and maxillofacial surgery (qualifier value)",
        "designation" : [{
          "language" : "de-CH",
          "value" : "Mund-, Kiefer- und Gesichtschirurgie"
        },
        {
          "language" : "fr-CH",
          "value" : "chirurgie dento-maxillo-faciale"
        },
        {
          "language" : "it-CH",
          "value" : "chirurgia oro-maxillo-facciale"
        },
        {
          "language" : "en-US",
          "value" : "Oral and maxillofacial surgery"
        },
        {
          "language" : "rm-CH",
          "value" : "chirurgia da la bucca, da la missella e da la fatscha"
        }]
      },
      {
        "code" : "394589003",
        "display" : "Nephrology (qualifier value)",
        "designation" : [{
          "language" : "fr-CH",
          "value" : "néphrologie"
        },
        {
          "language" : "it-CH",
          "value" : "nefrologia"
        },
        {
          "language" : "en-US",
          "value" : "Nephrology"
        },
        {
          "language" : "de-CH",
          "value" : "Nephrologie"
        },
        {
          "language" : "rm-CH",
          "value" : "nefrologia"
        }]
      },
      {
        "code" : "394610002",
        "display" : "Neurosurgery (qualifier value)",
        "designation" : [{
          "language" : "en-US",
          "value" : "Neurosurgery"
        },
        {
          "language" : "de-CH",
          "value" : "Neurochirurgie"
        },
        {
          "language" : "fr-CH",
          "value" : "neurochirurgie"
        },
        {
          "language" : "it-CH",
          "value" : "neurochirurgia"
        },
        {
          "language" : "rm-CH",
          "value" : "neurochirurgia"
        }]
      },
      {
        "code" : "394591006",
        "display" : "Neurology (qualifier value)",
        "designation" : [{
          "language" : "de-CH",
          "value" : "Neurologie"
        },
        {
          "language" : "fr-CH",
          "value" : "neurologie"
        },
        {
          "language" : "it-CH",
          "value" : "neurologia"
        },
        {
          "language" : "en-US",
          "value" : "Neurology"
        },
        {
          "language" : "rm-CH",
          "value" : "neurologia"
        }]
      },
      {
        "code" : "394576009",
        "display" : "Accident & emergency (qualifier value)",
        "designation" : [{
          "language" : "de-CH",
          "value" : "Notfall- und Rettungsmedizin"
        },
        {
          "language" : "fr-CH",
          "value" : "médecine d'urgence et de sauvetage"
        },
        {
          "language" : "it-CH",
          "value" : "medicina d'urgenza e di salvataggio"
        },
        {
          "language" : "en-US",
          "value" : "Accident & emergency"
        },
        {
          "language" : "rm-CH",
          "value" : "medischina d'urgenza e da salvament"
        }]
      },
      {
        "code" : "394649004",
        "display" : "Nuclear medicine - specialty (qualifier value)",
        "designation" : [{
          "language" : "de-CH",
          "value" : "Nuklearmedizin"
        },
        {
          "language" : "fr-CH",
          "value" : "médecine nucléaire"
        },
        {
          "language" : "it-CH",
          "value" : "medicina nucleare"
        },
        {
          "language" : "en-US",
          "value" : "Nuclear medicine"
        },
        {
          "language" : "rm-CH",
          "value" : "medischina nucleara"
        }]
      },
      {
        "code" : "394594003",
        "display" : "Ophthalmology (qualifier value)",
        "designation" : [{
          "language" : "de-CH",
          "value" : "Ophthalmologie"
        },
        {
          "language" : "fr-CH",
          "value" : "ophtalmologie"
        },
        {
          "language" : "it-CH",
          "value" : "oftalmologia"
        },
        {
          "language" : "en-US",
          "value" : "Ophthalmology"
        },
        {
          "language" : "rm-CH",
          "value" : "oftalmologia"
        }]
      },
      {
        "code" : "394801008",
        "display" : "Trauma and orthopedics (qualifier value)",
        "designation" : [{
          "language" : "de-CH",
          "value" : "Orthopädie und Traumatologie"
        },
        {
          "language" : "fr-CH",
          "value" : "chirurgie orthopédique et traumatologie de l'appareil locomoteur"
        },
        {
          "language" : "it-CH",
          "value" : "chirurgia ortopedica e traumatologia dell'apparato locomotore"
        },
        {
          "language" : "en-US",
          "value" : "Trauma and orthopedics"
        },
        {
          "language" : "rm-CH",
          "value" : "ortopedia e traumatologia"
        }]
      },
      {
        "code" : "416304004",
        "display" : "Osteopathic manipulative medicine (qualifier value)",
        "designation" : [{
          "language" : "de-CH",
          "value" : "Osteopathie"
        },
        {
          "language" : "fr-CH",
          "value" : "ostéopathie"
        },
        {
          "language" : "it-CH",
          "value" : "osteopatia"
        },
        {
          "language" : "en-US",
          "value" : "Osteopathic manipulative medicine"
        },
        {
          "language" : "rm-CH",
          "value" : "osteopatia"
        }]
      },
      {
        "code" : "418960008",
        "display" : "Otolaryngology (qualifier value)",
        "designation" : [{
          "language" : "de-CH",
          "value" : "Oto-Rhino-Laryngologie"
        },
        {
          "language" : "fr-CH",
          "value" : "oto-rhino-laryngologie"
        },
        {
          "language" : "it-CH",
          "value" : "otorinolaringoiatria"
        },
        {
          "language" : "en-US",
          "value" : "Otolaryngology"
        },
        {
          "language" : "rm-CH",
          "value" : "oto-rino-laringologia"
        }]
      },
      {
        "code" : "394537008",
        "display" : "Pediatric specialty (qualifier value)",
        "designation" : [{
          "language" : "de-CH",
          "value" : "Pädiatrie"
        },
        {
          "language" : "fr-CH",
          "value" : "pédiatrie"
        },
        {
          "language" : "it-CH",
          "value" : "pediatria"
        },
        {
          "language" : "en-US",
          "value" : "Pediatrics"
        },
        {
          "language" : "rm-CH",
          "value" : "pediatria"
        }]
      },
      {
        "code" : "394806003",
        "display" : "Palliative medicine (qualifier value)",
        "designation" : [{
          "language" : "de-CH",
          "value" : "Palliativmedizin"
        },
        {
          "language" : "fr-CH",
          "value" : "médecine palliative"
        },
        {
          "language" : "it-CH",
          "value" : "medicina palliativa"
        },
        {
          "language" : "en-US",
          "value" : "Palliative medicine"
        },
        {
          "language" : "rm-CH",
          "value" : "medischina palliativa"
        }]
      },
      {
        "code" : "394595002",
        "display" : "Pathology (qualifier value)",
        "designation" : [{
          "language" : "de-CH",
          "value" : "Pathologie"
        },
        {
          "language" : "fr-CH",
          "value" : "pathologie"
        },
        {
          "language" : "it-CH",
          "value" : "patologia"
        },
        {
          "language" : "en-US",
          "value" : "Pathology"
        },
        {
          "language" : "rm-CH",
          "value" : "patologia"
        }]
      },
      {
        "code" : "722165004",
        "display" : "Nursing (qualifier value)",
        "designation" : [{
          "language" : "fr-CH",
          "value" : "soins"
        },
        {
          "language" : "it-CH",
          "value" : "cure infermieristiche"
        },
        {
          "language" : "en-US",
          "value" : "Nursing"
        },
        {
          "language" : "de-CH",
          "value" : "Pflege"
        },
        {
          "language" : "rm-CH",
          "value" : "tgira"
        }]
      },
      {
        "code" : "394600006",
        "display" : "Clinical pharmacology (qualifier value)",
        "designation" : [{
          "language" : "de-CH",
          "value" : "Klinische Pharmakologie"
        },
        {
          "language" : "fr-CH",
          "value" : "pharmacologie clinique"
        },
        {
          "language" : "it-CH",
          "value" : "farmacologia clinica"
        },
        {
          "language" : "en-US",
          "value" : "Clinical pharmacology"
        },
        {
          "language" : "rm-CH",
          "value" : "farmacologia clinica"
        }]
      },
      {
        "code" : "310080006",
        "display" : "Pharmacy service (qualifier value)",
        "designation" : [{
          "language" : "de-CH",
          "value" : "Pharmazeutische Dienstleistungen"
        },
        {
          "language" : "fr-CH",
          "value" : "service pharmaceutique"
        },
        {
          "language" : "it-CH",
          "value" : "servizio farmaceutico"
        },
        {
          "language" : "en-US",
          "value" : "Pharmacy service"
        },
        {
          "language" : "rm-CH",
          "value" : "servetsch farmaceutic"
        }]
      },
      {
        "code" : "722138006",
        "display" : "Physiotherapy (qualifier value)",
        "designation" : [{
          "language" : "de-CH",
          "value" : "Physiotherapie"
        },
        {
          "language" : "fr-CH",
          "value" : "physiothérapie"
        },
        {
          "language" : "it-CH",
          "value" : "fisioterapia"
        },
        {
          "language" : "en-US",
          "value" : "Physiotherapy"
        },
        {
          "language" : "rm-CH",
          "value" : "fisioterapia"
        }]
      },
      {
        "code" : "394611003",
        "display" : "Plastic surgery - specialty (qualifier value)",
        "designation" : [{
          "language" : "de-CH",
          "value" : "Plastische, Rekonstruktive und Ästhetische Chirurgie"
        },
        {
          "language" : "fr-CH",
          "value" : "chirurgie plastique, reconstructrice et esthétique"
        },
        {
          "language" : "it-CH",
          "value" : "chirurgia plastica, ricostruttiva ed estetica"
        },
        {
          "language" : "en-US",
          "value" : "Plastic surgery"
        },
        {
          "language" : "rm-CH",
          "value" : "chirurgia plastica, reconstructiva ed estetica"
        }]
      },
      {
        "code" : "418112009",
        "display" : "Pulmonary medicine (qualifier value)",
        "designation" : [{
          "language" : "de-CH",
          "value" : "Pneumologie"
        },
        {
          "language" : "fr-CH",
          "value" : "pneumologie"
        },
        {
          "language" : "it-CH",
          "value" : "pneumologia"
        },
        {
          "language" : "en-US",
          "value" : "Pulmonary medicine"
        },
        {
          "language" : "rm-CH",
          "value" : "pneumologia"
        }]
      },
      {
        "code" : "310087009",
        "display" : "Podiatry service (qualifier value)",
        "designation" : [{
          "language" : "de-CH",
          "value" : "Podologie"
        },
        {
          "language" : "fr-CH",
          "value" : "podologie"
        },
        {
          "language" : "it-CH",
          "value" : "podologia"
        },
        {
          "language" : "en-US",
          "value" : "Podiatry service"
        },
        {
          "language" : "rm-CH",
          "value" : "podologia"
        }]
      },
      {
        "code" : "409968004",
        "display" : "Preventive medicine (qualifier value)",
        "designation" : [{
          "language" : "de-CH",
          "value" : "Präventionsmedizin"
        },
        {
          "language" : "fr-CH",
          "value" : "médecine préventive"
        },
        {
          "language" : "it-CH",
          "value" : "prevenzione"
        },
        {
          "language" : "en-US",
          "value" : "Preventive medicine"
        },
        {
          "language" : "rm-CH",
          "value" : "medischina preventiva"
        }]
      },
      {
        "code" : "394587001",
        "display" : "Psychiatry (qualifier value)",
        "designation" : [{
          "language" : "de-CH",
          "value" : "Psychiatrie und Psychotherapie"
        },
        {
          "language" : "fr-CH",
          "value" : "psychiatrie et psychothérapie"
        },
        {
          "language" : "it-CH",
          "value" : "psichiatria e psicoterapia"
        },
        {
          "language" : "en-US",
          "value" : "Psychiatry"
        },
        {
          "language" : "rm-CH",
          "value" : "psicoterapia"
        }]
      },
      {
        "code" : "722162001",
        "display" : "Psychology (qualifier value)",
        "designation" : [{
          "language" : "de-CH",
          "value" : "Psychologie"
        },
        {
          "language" : "fr-CH",
          "value" : "psychologie"
        },
        {
          "language" : "it-CH",
          "value" : "psicologia"
        },
        {
          "language" : "en-US",
          "value" : "Psychology"
        },
        {
          "language" : "rm-CH",
          "value" : "psicologia"
        }]
      },
      {
        "code" : "721961006",
        "display" : "Psychosomatic medicine (qualifier value)",
        "designation" : [{
          "language" : "de-CH",
          "value" : "Psychosomatik"
        },
        {
          "language" : "fr-CH",
          "value" : "psychosomatique"
        },
        {
          "language" : "it-CH",
          "value" : "medicina psicosomatica"
        },
        {
          "language" : "en-US",
          "value" : "Psychosomatic medicine"
        },
        {
          "language" : "rm-CH",
          "value" : "medischina psicosomatica"
        }]
      },
      {
        "code" : "394914008",
        "display" : "Radiology - specialty (qualifier value)",
        "designation" : [{
          "language" : "de-CH",
          "value" : "Radiologie"
        },
        {
          "language" : "fr-CH",
          "value" : "radiologie"
        },
        {
          "language" : "it-CH",
          "value" : "radiologia"
        },
        {
          "language" : "en-US",
          "value" : "Radiology"
        },
        {
          "language" : "rm-CH",
          "value" : "radiologia"
        }]
      },
      {
        "code" : "419815003",
        "display" : "Radiation oncology (qualifier value)",
        "designation" : [{
          "language" : "de-CH",
          "value" : "Radio-Onkologie"
        },
        {
          "language" : "fr-CH",
          "value" : "radio-oncologie"
        },
        {
          "language" : "it-CH",
          "value" : "radio-oncologia"
        },
        {
          "language" : "en-US",
          "value" : "Radiation oncology"
        },
        {
          "language" : "rm-CH",
          "value" : "radio-oncologia"
        }]
      },
      {
        "code" : "722204007",
        "display" : "Legal medicine (qualifier value)",
        "designation" : [{
          "language" : "de-CH",
          "value" : "Rechtsmedizin"
        },
        {
          "language" : "fr-CH",
          "value" : "médecine légale"
        },
        {
          "language" : "it-CH",
          "value" : "medicina legale"
        },
        {
          "language" : "en-US",
          "value" : "Legal medicine"
        },
        {
          "language" : "rm-CH",
          "value" : "medischina legala"
        }]
      },
      {
        "code" : "394602003",
        "display" : "Rehabilitation - specialty (qualifier value)",
        "designation" : [{
          "language" : "de-CH",
          "value" : "Rehabilitation"
        },
        {
          "language" : "fr-CH",
          "value" : "réadaptation"
        },
        {
          "language" : "it-CH",
          "value" : "riabilitazione"
        },
        {
          "language" : "en-US",
          "value" : "Rehabilitation"
        },
        {
          "language" : "rm-CH",
          "value" : "reabilitaziun"
        }]
      },
      {
        "code" : "394810000",
        "display" : "Rheumatology (qualifier value)",
        "designation" : [{
          "language" : "de-CH",
          "value" : "Rheumatologie"
        },
        {
          "language" : "fr-CH",
          "value" : "rhumatologie"
        },
        {
          "language" : "it-CH",
          "value" : "reumatologia"
        },
        {
          "language" : "en-US",
          "value" : "Rheumatology"
        },
        {
          "language" : "rm-CH",
          "value" : "reumatologia"
        }]
      },
      {
        "code" : "408456005",
        "display" : "Thoracic surgery (qualifier value)",
        "designation" : [{
          "language" : "de-CH",
          "value" : "Thoraxchirurgie"
        },
        {
          "language" : "fr-CH",
          "value" : "chirurgie thoracique"
        },
        {
          "language" : "it-CH",
          "value" : "chirurgia toracica"
        },
        {
          "language" : "en-US",
          "value" : "Thoracic surgery"
        },
        {
          "language" : "rm-CH",
          "value" : "chirurgia toraxala"
        }]
      },
      {
        "code" : "394819004",
        "display" : "Blood transfusion (specialty) (qualifier value)",
        "designation" : [{
          "language" : "de-CH",
          "value" : "Transfusionsmedizin"
        },
        {
          "language" : "fr-CH",
          "value" : "médecine transfusionnelle"
        },
        {
          "language" : "it-CH",
          "value" : "medicina trasfusionale"
        },
        {
          "language" : "en-US",
          "value" : "Transfusion medicine"
        },
        {
          "language" : "rm-CH",
          "value" : "transfusiun da sang"
        }]
      },
      {
        "code" : "408448007",
        "display" : "Tropical medicine (qualifier value)",
        "designation" : [{
          "language" : "de-CH",
          "value" : "Tropen- und Reisemedizin"
        },
        {
          "language" : "fr-CH",
          "value" : "médecine tropicale et des voyages"
        },
        {
          "language" : "it-CH",
          "value" : "medicina tropicale e di viaggio"
        },
        {
          "language" : "en-US",
          "value" : "Tropical medicine"
        },
        {
          "language" : "rm-CH",
          "value" : "medischina da las tropas e da viadis"
        }]
      },
      {
        "code" : "394612005",
        "display" : "Urology (qualifier value)",
        "designation" : [{
          "language" : "de-CH",
          "value" : "Urologie"
        },
        {
          "language" : "fr-CH",
          "value" : "urologie"
        },
        {
          "language" : "it-CH",
          "value" : "urologia"
        },
        {
          "language" : "en-US",
          "value" : "Urology"
        },
        {
          "language" : "rm-CH",
          "value" : "urologia"
        }]
      },
      {
        "code" : "394812008",
        "display" : "Dental medicine specialties (qualifier value)",
        "designation" : [{
          "language" : "de-CH",
          "value" : "Zahnheilkunde"
        },
        {
          "language" : "fr-CH",
          "value" : "odontologie"
        },
        {
          "language" : "it-CH",
          "value" : "odontoiatria"
        },
        {
          "language" : "en-US",
          "value" : "Dental medicine"
        },
        {
          "language" : "rm-CH",
          "value" : "medischina dentala"
        }]
      },
      {
        "code" : "394592004",
        "display" : "Clinical oncology (qualifier value)",
        "designation" : [{
          "language" : "de-CH",
          "value" : "Onkologie"
        },
        {
          "language" : "fr-CH",
          "value" : "oncologie"
        },
        {
          "language" : "it-CH",
          "value" : "oncologia medica"
        },
        {
          "language" : "en-US",
          "value" : "Clinical oncology"
        },
        {
          "language" : "rm-CH",
          "value" : "oncologia"
        }]
      },
      {
        "code" : "408477008",
        "display" : "Transplantation surgery (qualifier value)",
        "designation" : [{
          "language" : "de-CH",
          "value" : "Transplatationschirurgie"
        },
        {
          "language" : "fr-CH",
          "value" : "chirurgie de transplantation"
        },
        {
          "language" : "it-CH",
          "value" : "chirurgia dei trapianti"
        },
        {
          "language" : "en-US",
          "value" : "Transplant surgery"
        },
        {
          "language" : "rm-CH",
          "value" : "chirurgia da transplantaziun"
        }]
      },
      {
        "code" : "394658006",
        "display" : "Clinical specialty (qualifier value)",
        "designation" : [{
          "language" : "de-CH",
          "value" : "Andere nicht näher spezifizierte medizinische Fachrichtung"
        },
        {
          "language" : "fr-CH",
          "value" : "autres spécialisations non spécifiées"
        },
        {
          "language" : "it-CH",
          "value" : "altre specialità mediche non meglio precisate"
        },
        {
          "language" : "en-US",
          "value" : "Other clinical specialty"
        },
        {
          "language" : "rm-CH",
          "value" : "auters secturs medicinals betg precisads"
        }]
      }]
    }]
  }
}