{
  "resourceType" : "ValueSet",
  "id" : "DocumentEntry.mimeType",
  "meta" : {
    "source" : "https://art-decor.org/fhir/ValueSet/2.16.756.5.30.1.127.3.10.1.16--20230522175111",
    "profile" : ["http://hl7.org/fhir/StructureDefinition/shareablevalueset"]
  },
  "text" : {
    "status" : "generated",
    "div" : "<div xmlns=\"http://www.w3.org/1999/xhtml\"><p class=\"res-header-id\"><b>Generated Narrative: ValueSet DocumentEntry.mimeType</b></p><a name=\"DocumentEntry.mimeType\"> </a><a name=\"hcDocumentEntry.mimeType\"> </a><a name=\"DocumentEntry.mimeType-en-US\"> </a><div style=\"display: inline-block; background-color: #d9e0e7; padding: 6px; margin: 4px; border: 1px solid #8da1b4; border-radius: 5px; line-height: 60%\"><p style=\"margin-bottom: 0px\"/><p style=\"margin-bottom: 0px\">Information Source: <a href=\"https://art-decor.org/fhir/ValueSet/2.16.756.5.30.1.127.3.10.1.16--20230522175111\">https://art-decor.org/fhir/ValueSet/2.16.756.5.30.1.127.3.10.1.16--20230522175111</a></p><p style=\"margin-bottom: 0px\">Profile: <a href=\"http://hl7.org/fhir/R4/shareablevalueset.html\">Shareable ValueSet</a></p></div><ul><li>Include these codes as defined in <code>urn:ietf:bcp:13</code><table class=\"none\"><tr><td style=\"white-space:nowrap\"><b>Code</b></td><td><b>Display</b></td></tr><tr><td>application/dicom</td><td>DICOM</td></tr><tr><td>application/fhir+json</td><td>FHIR (JSON)</td></tr><tr><td>application/fhir+xml</td><td>FHIR (XML)</td></tr><tr><td>application/pdf</td><td>PDF</td></tr><tr><td>audio/mp4</td><td>MP4 Audio</td></tr><tr><td>audio/mpeg</td><td>MPEG audio layer 3</td></tr><tr><td>image/gif</td><td>GIF Graphics Interchange Format</td></tr><tr><td>image/jp2</td><td>JPEG 2000 Core Image File</td></tr><tr><td>image/jpeg</td><td>JPEG Image</td></tr><tr><td>image/jpm</td><td>JPEG 2000 Compound Image File</td></tr><tr><td>image/jpx</td><td>JPEG 2000 Image File</td></tr><tr><td>image/png</td><td>PNG Portable Network Graphics</td></tr><tr><td>image/tiff</td><td>TIFF Image</td></tr><tr><td>model/vrml</td><td>Virtual Reality Modeling Language</td></tr><tr><td>model/x3d+xml</td><td>Extensible 3D Graphics (XML)</td></tr><tr><td>model/x3d-vrml</td><td>Extensible 3D Graphics (VRML)</td></tr><tr><td>multipart/multilingual</td><td>Multilingual Multipart</td></tr><tr><td>multipart/signed</td><td>Signed Multipart</td></tr><tr><td>multipart/x-hl7-cda-level1</td><td>CDA Level 1 Multipart</td></tr><tr><td>text/csv</td><td>CSV Comma-separated Values</td></tr><tr><td>text/plain</td><td>Plain Text</td></tr><tr><td>text/xml</td><td>XML-Text</td></tr><tr><td>video/mj2</td><td>Motion JPEG 2000</td></tr><tr><td>video/mp4</td><td>MPEG-4 Part 14</td></tr><tr><td>video/mpeg</td><td>MPEG Video</td></tr></table></li></ul><p><b>Additional Language Displays</b></p><table class=\"codes\"><tr><td><b>Code</b></td><td><b>Deutsch (Schweiz) (German (Switzerland), de)</b></td><td><b>English (United States) (English (United States), en)</b></td><td><b>French (Switzerland) (fr)</b></td><td><b>Italian (Switzerland) (it)</b></td><td><b>rm</b></td></tr><tr><td>application/dicom</td><td>DICOM</td><td>DICOM</td><td>DICOM</td><td>DICOM</td><td>DICOM</td></tr><tr><td>application/fhir+json</td><td>FHIR (JSON)</td><td>FHIR (JSON)</td><td>FHIR (JSON)</td><td>FHIR (JSON)</td><td>FHIR (JSON)</td></tr><tr><td>application/fhir+xml</td><td>FHIR (XML)</td><td>FHIR (XML)</td><td>FHIR (XML)</td><td>FHIR (XML)</td><td>FHIR (XML)</td></tr><tr><td>application/pdf</td><td>PDF</td><td>PDF</td><td>PDF</td><td>PDF</td><td>PDF</td></tr><tr><td>audio/mp4</td><td>MP4 Audio</td><td>MP4 Audio</td><td>MP4 Audio</td><td>MP4 Audio</td><td>MP4 Audio</td></tr><tr><td>audio/mpeg</td><td>MPEG audio layer 3</td><td>MPEG audio layer 3</td><td>MPEG audio layer 3</td><td>MPEG audio layer 3</td><td>MPEG audio layer 3</td></tr><tr><td>image/gif</td><td>GIF Graphics Interchange Format</td><td>GIF Graphics Interchange Format</td><td>GIF Graphics Interchange Format</td><td>GIF Graphics Interchange Format</td><td>GIF Graphics Interchange Format</td></tr><tr><td>image/jp2</td><td>JPEG 2000 Core Image File</td><td>JPEG 2000 Core Image File</td><td>JPEG 2000 Core Image File</td><td>JPEG 2000 Core Image File</td><td>JPEG 2000 Core Image File</td></tr><tr><td>image/jpeg</td><td>JPEG Image</td><td>JPEG Image</td><td>JPEG Image</td><td>JPEG Image</td><td>JPEG Image</td></tr><tr><td>image/jpm</td><td>JPEG 2000 Compound Image File</td><td>JPEG 2000 Compound Image File</td><td>JPEG 2000 Compound Image File</td><td>JPEG 2000 Compound Image File</td><td>JPEG 2000 Compound Image File</td></tr><tr><td>image/jpx</td><td>JPEG 2000 Image File</td><td>JPEG 2000 Image File</td><td>JPEG 2000 Image File</td><td>JPEG 2000 Image File</td><td>JPEG 2000 Image File</td></tr><tr><td>image/png</td><td>PNG Portable Network Graphics</td><td>PNG Portable Network Graphics</td><td>PNG Portable Network Graphics</td><td>PNG Portable Network Graphics</td><td>PNG Portable Network Graphics</td></tr><tr><td>image/tiff</td><td>TIFF Image</td><td>TIFF Image</td><td>TIFF Image</td><td>TIFF Image</td><td>TIFF Image</td></tr><tr><td>model/vrml</td><td>Virtual Reality Modeling Language</td><td>Virtual Reality Modeling Language</td><td>Virtual Reality Modeling Language</td><td>Virtual Reality Modeling Language</td><td>Virtual Reality Modeling Language</td></tr><tr><td>model/x3d+xml</td><td>Extensible 3D Graphics (XML)</td><td>Extensible 3D Graphics (XML)</td><td>Extensible 3D Graphics (XML)</td><td>Extensible 3D Graphics (XML)</td><td>Extensible 3D Graphics (XML)</td></tr><tr><td>model/x3d-vrml</td><td>Extensible 3D Graphics (VRML)</td><td>Extensible 3D Graphics (VRML)</td><td>Extensible 3D Graphics (VRML)</td><td>Extensible 3D Graphics (VRML)</td><td>Extensible 3D Graphics (VRML)</td></tr><tr><td>multipart/multilingual</td><td>Multilingual Multipart</td><td>Multilingual Multipart</td><td>Multilingual Multipart</td><td>Multilingual Multipart</td><td>Multilingual Multipart</td></tr><tr><td>multipart/signed</td><td>Signed Multipart</td><td>Signed Multipart</td><td>Signed Multipart</td><td>Signed Multipart</td><td>Signed Multipart</td></tr><tr><td>multipart/x-hl7-cda-level1</td><td>CDA Level 1 Multipart</td><td>CDA Level 1 Multipart</td><td>CDA Level 1 Multipart</td><td>CDA Level 1 Multipart</td><td>CDA Level 1 Multipart</td></tr><tr><td>text/csv</td><td>CSV Comma-separated Values</td><td>CSV Comma-separated Values</td><td>CSV Comma-separated Values</td><td>CSV Comma-separated Values</td><td>CSV Comma-separated Values</td></tr><tr><td>text/plain</td><td>Plain Text</td><td>Plain Text</td><td>Plain Text</td><td>Plain Text</td><td>Plain Text</td></tr><tr><td>text/xml</td><td>XML-Text</td><td>XML-Text</td><td>XML-Text</td><td>XML-Text</td><td>XML-Text</td></tr><tr><td>video/mj2</td><td>Motion JPEG 2000</td><td>Motion JPEG 2000</td><td>Motion JPEG 2000</td><td>Motion JPEG 2000</td><td>Motion JPEG 2000</td></tr><tr><td>video/mp4</td><td>MPEG-4 Part 14</td><td>MPEG-4 Part 14</td><td>MPEG-4 Part 14</td><td>MPEG-4 Part 14</td><td>MPEG-4 Part 14</td></tr><tr><td>video/mpeg</td><td>MPEG Video</td><td>MPEG Video</td><td>MPEG Video</td><td>MPEG Video</td><td>MPEG Video</td></tr></table></div>"
  },
  "extension" : [{
    "url" : "http://hl7.org/fhir/StructureDefinition/resource-effectivePeriod",
    "valuePeriod" : {
      "start" : "2023-05-22T17:51:11+02:00"
    }
  }],
  "url" : "http://fhir.ch/ig/ch-term/ValueSet/DocumentEntry.mimeType",
  "identifier" : [{
    "use" : "official",
    "system" : "urn:ietf:rfc:3986",
    "value" : "urn:oid:2.16.756.5.30.1.127.3.10.1.16"
  }],
  "version" : "3.1.0",
  "name" : "DocumentEntryMimeType",
  "title" : "DocumentEntry.mimeType",
  "status" : "active",
  "experimental" : false,
  "date" : "2024-12-17T13:29:11+00:00",
  "publisher" : "HL7 Switzerland",
  "contact" : [{
    "name" : "HL7 Switzerland",
    "telecom" : [{
      "system" : "url",
      "value" : "https://www.hl7.ch/"
    }]
  },
  {
    "name" : "HL7 Switzerland",
    "telecom" : [{
      "system" : "url",
      "value" : "https://www.hl7.ch/",
      "use" : "work"
    }]
  }],
  "description" : "MIME type of the document as per Annex; EPRO-FDHA.",
  "jurisdiction" : [{
    "coding" : [{
      "system" : "urn:iso:std:iso:3166",
      "code" : "CH"
    }]
  }],
  "immutable" : false,
  "copyright" : "CC0-1.0",
  "compose" : {
    "include" : [{
      "system" : "urn:ietf:bcp:13",
      "concept" : [{
        "code" : "application/dicom",
        "display" : "DICOM",
        "designation" : [{
          "language" : "de-CH",
          "value" : "DICOM"
        },
        {
          "language" : "fr-CH",
          "value" : "DICOM"
        },
        {
          "language" : "it-CH",
          "value" : "DICOM"
        },
        {
          "language" : "rm-CH",
          "value" : "DICOM"
        },
        {
          "language" : "en-US",
          "value" : "DICOM"
        }]
      },
      {
        "code" : "application/fhir+json",
        "display" : "FHIR (JSON)",
        "designation" : [{
          "language" : "de-CH",
          "value" : "FHIR (JSON)"
        },
        {
          "language" : "fr-CH",
          "value" : "FHIR (JSON)"
        },
        {
          "language" : "it-CH",
          "value" : "FHIR (JSON)"
        },
        {
          "language" : "rm-CH",
          "value" : "FHIR (JSON)"
        },
        {
          "language" : "en-US",
          "value" : "FHIR (JSON)"
        }]
      },
      {
        "code" : "application/fhir+xml",
        "display" : "FHIR (XML)",
        "designation" : [{
          "language" : "de-CH",
          "value" : "FHIR (XML)"
        },
        {
          "language" : "fr-CH",
          "value" : "FHIR (XML)"
        },
        {
          "language" : "it-CH",
          "value" : "FHIR (XML)"
        },
        {
          "language" : "rm-CH",
          "value" : "FHIR (XML)"
        },
        {
          "language" : "en-US",
          "value" : "FHIR (XML)"
        }]
      },
      {
        "code" : "application/pdf",
        "display" : "PDF",
        "designation" : [{
          "language" : "de-CH",
          "value" : "PDF"
        },
        {
          "language" : "fr-CH",
          "value" : "PDF"
        },
        {
          "language" : "it-CH",
          "value" : "PDF"
        },
        {
          "language" : "rm-CH",
          "value" : "PDF"
        },
        {
          "language" : "en-US",
          "value" : "PDF"
        }]
      },
      {
        "code" : "audio/mp4",
        "display" : "MP4 Audio",
        "designation" : [{
          "language" : "de-CH",
          "value" : "MP4 Audio"
        },
        {
          "language" : "fr-CH",
          "value" : "MP4 Audio"
        },
        {
          "language" : "it-CH",
          "value" : "MP4 Audio"
        },
        {
          "language" : "rm-CH",
          "value" : "MP4 Audio"
        },
        {
          "language" : "en-US",
          "value" : "MP4 Audio"
        }]
      },
      {
        "code" : "audio/mpeg",
        "display" : "MPEG audio layer 3",
        "designation" : [{
          "language" : "de-CH",
          "value" : "MPEG audio layer 3"
        },
        {
          "language" : "fr-CH",
          "value" : "MPEG audio layer 3"
        },
        {
          "language" : "it-CH",
          "value" : "MPEG audio layer 3"
        },
        {
          "language" : "rm-CH",
          "value" : "MPEG audio layer 3"
        },
        {
          "language" : "en-US",
          "value" : "MPEG audio layer 3"
        }]
      },
      {
        "code" : "image/gif",
        "display" : "GIF Graphics Interchange Format",
        "designation" : [{
          "language" : "de-CH",
          "value" : "GIF Graphics Interchange Format"
        },
        {
          "language" : "fr-CH",
          "value" : "GIF Graphics Interchange Format"
        },
        {
          "language" : "it-CH",
          "value" : "GIF Graphics Interchange Format"
        },
        {
          "language" : "rm-CH",
          "value" : "GIF Graphics Interchange Format"
        },
        {
          "language" : "en-US",
          "value" : "GIF Graphics Interchange Format"
        }]
      },
      {
        "code" : "image/jp2",
        "display" : "JPEG 2000 Core Image File",
        "designation" : [{
          "language" : "de-CH",
          "value" : "JPEG 2000 Core Image File"
        },
        {
          "language" : "fr-CH",
          "value" : "JPEG 2000 Core Image File"
        },
        {
          "language" : "it-CH",
          "value" : "JPEG 2000 Core Image File"
        },
        {
          "language" : "rm-CH",
          "value" : "JPEG 2000 Core Image File"
        },
        {
          "language" : "en-US",
          "value" : "JPEG 2000 Core Image File"
        }]
      },
      {
        "code" : "image/jpeg",
        "display" : "JPEG Image",
        "designation" : [{
          "language" : "de-CH",
          "value" : "JPEG Image"
        },
        {
          "language" : "fr-CH",
          "value" : "JPEG Image"
        },
        {
          "language" : "it-CH",
          "value" : "JPEG Image"
        },
        {
          "language" : "rm-CH",
          "value" : "JPEG Image"
        },
        {
          "language" : "en-US",
          "value" : "JPEG Image"
        }]
      },
      {
        "code" : "image/jpm",
        "display" : "JPEG 2000 Compound Image File",
        "designation" : [{
          "language" : "de-CH",
          "value" : "JPEG 2000 Compound Image File"
        },
        {
          "language" : "fr-CH",
          "value" : "JPEG 2000 Compound Image File"
        },
        {
          "language" : "it-CH",
          "value" : "JPEG 2000 Compound Image File"
        },
        {
          "language" : "rm-CH",
          "value" : "JPEG 2000 Compound Image File"
        },
        {
          "language" : "en-US",
          "value" : "JPEG 2000 Compound Image File"
        }]
      },
      {
        "code" : "image/jpx",
        "display" : "JPEG 2000 Image File",
        "designation" : [{
          "language" : "de-CH",
          "value" : "JPEG 2000 Image File"
        },
        {
          "language" : "fr-CH",
          "value" : "JPEG 2000 Image File"
        },
        {
          "language" : "it-CH",
          "value" : "JPEG 2000 Image File"
        },
        {
          "language" : "rm-CH",
          "value" : "JPEG 2000 Image File"
        },
        {
          "language" : "en-US",
          "value" : "JPEG 2000 Image File"
        }]
      },
      {
        "code" : "image/png",
        "display" : "PNG Portable Network Graphics",
        "designation" : [{
          "language" : "de-CH",
          "value" : "PNG Portable Network Graphics"
        },
        {
          "language" : "fr-CH",
          "value" : "PNG Portable Network Graphics"
        },
        {
          "language" : "it-CH",
          "value" : "PNG Portable Network Graphics"
        },
        {
          "language" : "rm-CH",
          "value" : "PNG Portable Network Graphics"
        },
        {
          "language" : "en-US",
          "value" : "PNG Portable Network Graphics"
        }]
      },
      {
        "code" : "image/tiff",
        "display" : "TIFF Image",
        "designation" : [{
          "language" : "de-CH",
          "value" : "TIFF Image"
        },
        {
          "language" : "fr-CH",
          "value" : "TIFF Image"
        },
        {
          "language" : "it-CH",
          "value" : "TIFF Image"
        },
        {
          "language" : "rm-CH",
          "value" : "TIFF Image"
        },
        {
          "language" : "en-US",
          "value" : "TIFF Image"
        }]
      },
      {
        "code" : "model/vrml",
        "display" : "Virtual Reality Modeling Language",
        "designation" : [{
          "language" : "de-CH",
          "value" : "Virtual Reality Modeling Language"
        },
        {
          "language" : "fr-CH",
          "value" : "Virtual Reality Modeling Language"
        },
        {
          "language" : "it-CH",
          "value" : "Virtual Reality Modeling Language"
        },
        {
          "language" : "rm-CH",
          "value" : "Virtual Reality Modeling Language"
        },
        {
          "language" : "en-US",
          "value" : "Virtual Reality Modeling Language"
        }]
      },
      {
        "code" : "model/x3d+xml",
        "display" : "Extensible 3D Graphics (XML)",
        "designation" : [{
          "language" : "de-CH",
          "value" : "Extensible 3D Graphics (XML)"
        },
        {
          "language" : "fr-CH",
          "value" : "Extensible 3D Graphics (XML)"
        },
        {
          "language" : "it-CH",
          "value" : "Extensible 3D Graphics (XML)"
        },
        {
          "language" : "rm-CH",
          "value" : "Extensible 3D Graphics (XML)"
        },
        {
          "language" : "en-US",
          "value" : "Extensible 3D Graphics (XML)"
        }]
      },
      {
        "code" : "model/x3d-vrml",
        "display" : "Extensible 3D Graphics (VRML)",
        "designation" : [{
          "language" : "de-CH",
          "value" : "Extensible 3D Graphics (VRML)"
        },
        {
          "language" : "fr-CH",
          "value" : "Extensible 3D Graphics (VRML)"
        },
        {
          "language" : "it-CH",
          "value" : "Extensible 3D Graphics (VRML)"
        },
        {
          "language" : "rm-CH",
          "value" : "Extensible 3D Graphics (VRML)"
        },
        {
          "language" : "en-US",
          "value" : "Extensible 3D Graphics (VRML)"
        }]
      },
      {
        "code" : "multipart/multilingual",
        "display" : "Multilingual Multipart",
        "designation" : [{
          "language" : "de-CH",
          "value" : "Multilingual Multipart"
        },
        {
          "language" : "fr-CH",
          "value" : "Multilingual Multipart"
        },
        {
          "language" : "it-CH",
          "value" : "Multilingual Multipart"
        },
        {
          "language" : "rm-CH",
          "value" : "Multilingual Multipart"
        },
        {
          "language" : "en-US",
          "value" : "Multilingual Multipart"
        }]
      },
      {
        "code" : "multipart/signed",
        "display" : "Signed Multipart",
        "designation" : [{
          "language" : "de-CH",
          "value" : "Signed Multipart"
        },
        {
          "language" : "fr-CH",
          "value" : "Signed Multipart"
        },
        {
          "language" : "it-CH",
          "value" : "Signed Multipart"
        },
        {
          "language" : "rm-CH",
          "value" : "Signed Multipart"
        },
        {
          "language" : "en-US",
          "value" : "Signed Multipart"
        }]
      },
      {
        "code" : "multipart/x-hl7-cda-level1",
        "display" : "CDA Level 1 Multipart",
        "designation" : [{
          "language" : "de-CH",
          "value" : "CDA Level 1 Multipart"
        },
        {
          "language" : "fr-CH",
          "value" : "CDA Level 1 Multipart"
        },
        {
          "language" : "it-CH",
          "value" : "CDA Level 1 Multipart"
        },
        {
          "language" : "rm-CH",
          "value" : "CDA Level 1 Multipart"
        },
        {
          "language" : "en-US",
          "value" : "CDA Level 1 Multipart"
        }]
      },
      {
        "code" : "text/csv",
        "display" : "CSV Comma-separated Values",
        "designation" : [{
          "language" : "de-CH",
          "value" : "CSV Comma-separated Values"
        },
        {
          "language" : "fr-CH",
          "value" : "CSV Comma-separated Values"
        },
        {
          "language" : "it-CH",
          "value" : "CSV Comma-separated Values"
        },
        {
          "language" : "rm-CH",
          "value" : "CSV Comma-separated Values"
        },
        {
          "language" : "en-US",
          "value" : "CSV Comma-separated Values"
        }]
      },
      {
        "code" : "text/plain",
        "display" : "Plain Text",
        "designation" : [{
          "language" : "de-CH",
          "value" : "Plain Text"
        },
        {
          "language" : "fr-CH",
          "value" : "Plain Text"
        },
        {
          "language" : "it-CH",
          "value" : "Plain Text"
        },
        {
          "language" : "rm-CH",
          "value" : "Plain Text"
        },
        {
          "language" : "en-US",
          "value" : "Plain Text"
        }]
      },
      {
        "code" : "text/xml",
        "display" : "XML-Text",
        "designation" : [{
          "language" : "de-CH",
          "value" : "XML-Text"
        },
        {
          "language" : "fr-CH",
          "value" : "XML-Text"
        },
        {
          "language" : "it-CH",
          "value" : "XML-Text"
        },
        {
          "language" : "rm-CH",
          "value" : "XML-Text"
        },
        {
          "language" : "en-US",
          "value" : "XML-Text"
        }]
      },
      {
        "code" : "video/mj2",
        "display" : "Motion JPEG 2000",
        "designation" : [{
          "language" : "de-CH",
          "value" : "Motion JPEG 2000"
        },
        {
          "language" : "fr-CH",
          "value" : "Motion JPEG 2000"
        },
        {
          "language" : "it-CH",
          "value" : "Motion JPEG 2000"
        },
        {
          "language" : "rm-CH",
          "value" : "Motion JPEG 2000"
        },
        {
          "language" : "en-US",
          "value" : "Motion JPEG 2000"
        }]
      },
      {
        "code" : "video/mp4",
        "display" : "MPEG-4 Part 14",
        "designation" : [{
          "language" : "de-CH",
          "value" : "MPEG-4 Part 14"
        },
        {
          "language" : "fr-CH",
          "value" : "MPEG-4 Part 14"
        },
        {
          "language" : "it-CH",
          "value" : "MPEG-4 Part 14"
        },
        {
          "language" : "rm-CH",
          "value" : "MPEG-4 Part 14"
        },
        {
          "language" : "en-US",
          "value" : "MPEG-4 Part 14"
        }]
      },
      {
        "code" : "video/mpeg",
        "display" : "MPEG Video",
        "designation" : [{
          "language" : "de-CH",
          "value" : "MPEG Video"
        },
        {
          "language" : "fr-CH",
          "value" : "MPEG Video"
        },
        {
          "language" : "it-CH",
          "value" : "MPEG Video"
        },
        {
          "language" : "rm-CH",
          "value" : "MPEG Video"
        },
        {
          "language" : "en-US",
          "value" : "MPEG Video"
        }]
      }]
    }]
  }
}