{
  "resourceType" : "ValueSet",
  "id" : "ech-10-linetype",
  "text" : {
    "status" : "generated",
    "div" : "<div xmlns=\"http://www.w3.org/1999/xhtml\"><ul><li>Include these codes as defined in <a href=\"CodeSystem-ech-10.html\"><code>http://fhir.ch/ig/ch-core/CodeSystem/ech-10</code></a><table class=\"none\"><tr><td style=\"white-space:nowrap\"><b>Code</b></td><td><b>Display</b></td><td><b>Deutsch (Schweiz) (German (Switzerland), de)</b></td><td><b>French (Switzerland) (fr)</b></td></tr><tr><td><a href=\"CodeSystem-ech-10.html#ech-10-addressLine1\">addressLine1</a></td><td>addressLine1</td><td>Adresszeile 1 (optional)</td><td>Ligne d’adresse 1 (facultatif)</td></tr><tr><td><a href=\"CodeSystem-ech-10.html#ech-10-addressLine2\">addressLine2</a></td><td>addressLine2</td><td>Adresszeile 2 (optional)</td><td>Ligne d’adresse 2 (facultatif)</td></tr><tr><td><a href=\"CodeSystem-ech-10.html#ech-10-street\">street</a></td><td>street</td><td>Adressierung Strasse / Wohnung (optional)</td><td>Adressage rue / appartement (facultatif)</td></tr><tr><td><a href=\"CodeSystem-ech-10.html#ech-10-postOfficeBoxText\">postOfficeBoxText</a></td><td>postOfficeBoxText</td><td>Adressierung Postfach (optional)</td><td>Adressage case postale (facultatif)</td></tr></table></li></ul></div>"
  },
  "url" : "http://fhir.ch/ig/ch-core/ValueSet/ech-10-linetype",
  "version" : "3.0.0",
  "name" : "ECH10AddressLine",
  "title" : "eCH-010 Address Line Type",
  "status" : "active",
  "experimental" : false,
  "date" : "2018-11-27",
  "publisher" : "HL7 Switzerland",
  "contact" : [{
    "name" : "HL7 Switzerland",
    "telecom" : [{
      "system" : "url",
      "value" : "https://www.hl7.ch/"
    }]
  },
  {
    "name" : "HL7 Switzerland",
    "telecom" : [{
      "system" : "url",
      "value" : "https://www.hl7.ch/",
      "use" : "work"
    }]
  }],
  "description" : "eCH-010 defines different address lines (addressLine1,2 and street)",
  "jurisdiction" : [{
    "coding" : [{
      "system" : "urn:iso:std:iso:3166",
      "code" : "CH"
    }]
  }],
  "copyright" : "CC0-1.0",
  "compose" : {
    "include" : [{
      "system" : "http://fhir.ch/ig/ch-core/CodeSystem/ech-10",
      "concept" : [{
        "code" : "addressLine1",
        "display" : "addressLine1",
        "designation" : [{
          "language" : "de-CH",
          "value" : "Adresszeile 1 (optional)"
        },
        {
          "language" : "fr-CH",
          "value" : "Ligne d’adresse 1 (facultatif)"
        }]
      },
      {
        "code" : "addressLine2",
        "display" : "addressLine2",
        "designation" : [{
          "language" : "de-CH",
          "value" : "Adresszeile 2 (optional)"
        },
        {
          "language" : "fr-CH",
          "value" : "Ligne d’adresse 2 (facultatif)"
        }]
      },
      {
        "code" : "street",
        "display" : "street",
        "designation" : [{
          "language" : "de-CH",
          "value" : "Adressierung Strasse / Wohnung (optional)"
        },
        {
          "language" : "fr-CH",
          "value" : "Adressage rue / appartement (facultatif)"
        }]
      },
      {
        "code" : "postOfficeBoxText",
        "display" : "postOfficeBoxText",
        "designation" : [{
          "language" : "de-CH",
          "value" : "Adressierung Postfach (optional)"
        },
        {
          "language" : "fr-CH",
          "value" : "Adressage case postale (facultatif)"
        }]
      }]
    }]
  }
}