{"resourceType":"ValueSet","id":"normal-contexts-vitamin-d","meta":{"lastUpdated":"2020-03-10T07:30:00.000+00:00","profile":["http://hl7.org/fhir/uv/order-catalog/StructureDefinition/ObservationValueSet"]},"language":"de-CH","text":{"status":"generated","div":"<div xmlns=\"http://www.w3.org/1999/xhtml\" xml:lang=\"de-CH\" lang=\"de-CH\"><p>This value set includes codes based on the following rules:</p><ul><li>Include codes from<a href=\"http://www.snomed.org/\"><code>http://snomed.info/sct</code></a> where concept  is-a 41345002 (Rickets)</li><li>Include codes from<a href=\"http://www.snomed.org/\"><code>http://snomed.info/sct</code></a> where concept  is-a 4598005 (Osteomalacia)</li><li>Include codes from<a href=\"http://www.snomed.org/\"><code>http://snomed.info/sct</code></a> where concept  is-a 312894000 (Osteopenia)</li><li>Include codes from<a href=\"http://www.snomed.org/\"><code>http://snomed.info/sct</code></a> where concept  is-a 64859006 (Osteoporosis)</li><li>Include codes from<a href=\"http://www.snomed.org/\"><code>http://snomed.info/sct</code></a> where concept  is-a 268029009 (Pathological fracture)</li><li>Include codes from<a href=\"http://www.snomed.org/\"><code>http://snomed.info/sct</code></a> where concept  is-a 443731004 (Assessment using Falls Risk Assessment Scale for the Elderly (procedure))</li><li>Include codes from<a href=\"http://www.snomed.org/\"><code>http://snomed.info/sct</code></a> where concept  is-a 391040000 (At risk of osteoporotic fracture)</li><li>Include codes from<a href=\"http://www.snomed.org/\"><code>http://snomed.info/sct</code></a> where concept  is-a 90708001 (Kidney disease)</li><li>Include codes from<a href=\"http://www.snomed.org/\"><code>http://snomed.info/sct</code></a> where concept  is-a 73132005 (Disorder of parathyroid glands)</li><li>Include codes from<a href=\"http://www.snomed.org/\"><code>http://snomed.info/sct</code></a> where concept  is-a 119292006 (Disorder of gastrointestinal tract (disorder))</li><li>Include codes from<a href=\"http://www.snomed.org/\"><code>http://snomed.info/sct</code></a> where concept  is-a 32230006 (Malabsorption syndrome)</li><li>Include codes from<a href=\"http://www.snomed.org/\"><code>http://snomed.info/sct</code></a> where concept  is-a 235856003 (Hepatopathy)</li><li>Include codes from<a href=\"http://www.snomed.org/\"><code>http://snomed.info/sct</code></a> where concept  is-a 761938008 (Medicinal prescription record)</li></ul></div>"},"url":"http://fhir.ch/ig/ch-lab-order/ValueSet/normal-contexts-vitamin-d","version":"2.0.0","name":"NormalReasonsVitaminD","title":"Contexts for reimbursement of the vitamin D test","status":"active","experimental":false,"date":"2019-12-20","publisher":"HL7 Switzerland","contact":[{"name":"HL7 Switzerland","telecom":[{"system":"url","value":"https://www.hl7.ch"}]},{"name":"Marcel Hanselmann","telecom":[{"system":"email","value":"laborprojektgruppe@gmail.com","use":"work"}]}],"description":"Diese Valueset listet die Standardantworten auf die Frage \"Verordnungskontext für den Vitamin-D-Test\" auf, die eine Erstattung dieses Tests erlauben.","jurisdiction":[{"coding":[{"system":"urn:iso:std:iso:3166","code":"CH"}]}],"immutable":false,"copyright":"CC0-1.0","compose":{"include":[{"system":"http://snomed.info/sct","filter":[{"property":"concept","op":"is-a","value":"41345002"}]},{"system":"http://snomed.info/sct","filter":[{"property":"concept","op":"is-a","value":"4598005"}]},{"system":"http://snomed.info/sct","filter":[{"property":"concept","op":"is-a","value":"312894000"}]},{"system":"http://snomed.info/sct","filter":[{"property":"concept","op":"is-a","value":"64859006"}]},{"system":"http://snomed.info/sct","filter":[{"property":"concept","op":"is-a","value":"268029009"}]},{"system":"http://snomed.info/sct","filter":[{"property":"concept","op":"is-a","value":"443731004"}]},{"system":"http://snomed.info/sct","filter":[{"property":"concept","op":"is-a","value":"391040000"}]},{"system":"http://snomed.info/sct","filter":[{"property":"concept","op":"is-a","value":"90708001"}]},{"system":"http://snomed.info/sct","filter":[{"property":"concept","op":"is-a","value":"73132005"}]},{"system":"http://snomed.info/sct","filter":[{"property":"concept","op":"is-a","value":"119292006"}]},{"system":"http://snomed.info/sct","filter":[{"property":"concept","op":"is-a","value":"32230006"}]},{"system":"http://snomed.info/sct","filter":[{"property":"concept","op":"is-a","value":"235856003"}]},{"system":"http://snomed.info/sct","filter":[{"property":"concept","op":"is-a","value":"761938008"}]}]}}