<?xml version="1.0" encoding="UTF-8"?>

<Condition xmlns="http://hl7.org/fhir">
  <id value="SecondaryDiagnosis1"/>
  <meta>
    <profile value="http://fhir.ch/ig/ch-etoc/StructureDefinition/ch-etoc-secondary-diagnosis"/>
  </meta>
  <text>
    <status value="generated"/><div xmlns="http://www.w3.org/1999/xhtml"><p class="res-header-id"><b>Generated Narrative: Condition SecondaryDiagnosis1</b></p><a name="SecondaryDiagnosis1"> </a><a name="hcSecondaryDiagnosis1"> </a><div style="display: inline-block; background-color: #d9e0e7; padding: 6px; margin: 4px; border: 1px solid #8da1b4; border-radius: 5px; line-height: 60%"><p style="margin-bottom: 0px"/><p style="margin-bottom: 0px">Profile: <a href="StructureDefinition-ch-etoc-secondary-diagnosis.html">CH eTOC Secondary Diagnosis Condition</a></p></div><p><b>category</b>: <span title="Codes:{http://fhir.ch/ig/ch-etoc/CodeSystem/ch-etoc-conditioncategory secondary-diagnosis}">Secondary Diagnosis</span></p><p><b>code</b>: <span title="Codes:">Hypertonie (Syst um 180 mm HG)</span></p><p><b>subject</b>: <a href="Patient-SUfferer.html">Susanna Ufferer (official) Female, DoB: 1970-03-14</a></p></div>
  </text>
  <category>
    <coding>
      <system value="http://fhir.ch/ig/ch-etoc/CodeSystem/ch-etoc-conditioncategory"/>
      <code value="secondary-diagnosis"/>
      <display value="Secondary Diagnosis"/>
    </coding>
  </category>
  <code>
    <text value="Hypertonie (Syst um 180 mm HG)"/>
  </code>
  <subject>
    <reference value="Patient/SUfferer"/>
  </subject>
</Condition>