<?xml version="1.0" encoding="UTF-8"?><ValueSet xmlns="http://hl7.org/fhir"><id value="nkrs-icdo3behaviour"/><text><status value="generated"/><div xmlns="http://www.w3.org/1999/xhtml"><ul><li>Include all codes defined in <a href="CodeSystem-nkrs-icdo3behaviour.html"><code>http://fhir.ch/ig/ch-crl/CodeSystem/nkrs-icdo3behaviour</code></a></li></ul></div></text><url value="http://fhir.ch/ig/ch-crl/ValueSet/nkrs-icdo3behaviour"/><version value="0.9.0"/><name value="NkrsIcdO3Behaviour"/><title value="NKRS - ICD-O-3 Behaviour"/><status value="active"/><date value="2022-02-04T14:14:21+01:00"/><publisher value="Bundesamt für Gesundheit BAG"/><contact><name value="Bundesamt für Gesundheit BAG"/><telecom><system value="url"/><value value="https://www.bag.admin.ch/"/></telecom></contact><description value="This data item records the behaviour of the neoplasm at time of diagnosis according to ICD-O."/><jurisdiction><coding><system value="urn:iso:std:iso:3166"/><code value="CH"/></coding></jurisdiction><copyright value="CC-BY-SA-4.0"/><compose><include><system value="http://fhir.ch/ig/ch-crl/CodeSystem/nkrs-icdo3behaviour"/></include></compose></ValueSet>