<?xml version="1.0" encoding="UTF-8"?><ValueSet xmlns="http://hl7.org/fhir"><id value="nkrs-cm"/><text><status value="generated"/><div xmlns="http://www.w3.org/1999/xhtml"><ul><li>Include all codes defined in <a href="CodeSystem-nkrs-cm.html"><code>http://fhir.ch/ig/ch-crl/CodeSystem/nkrs-cm</code></a></li></ul></div></text><url value="http://fhir.ch/ig/ch-crl/ValueSet/nkrs-cm"/><version value="0.9.0"/><name value="NkrscM"/><title value="NKRS - cM"/><status value="active"/><date value="2022-02-04T14:14:21+01:00"/><publisher value="Bundesamt für Gesundheit BAG"/><contact><name value="Bundesamt für Gesundheit BAG"/><telecom><system value="url"/><value value="https://www.bag.admin.ch/"/></telecom></contact><description value="The data item records the absence or presence of distant metastases based on clinical investigation, imaging, endoscopy, surgical exploration without biopsy."/><jurisdiction><coding><system value="urn:iso:std:iso:3166"/><code value="CH"/></coding></jurisdiction><copyright value="CC-BY-SA-4.0"/><compose><include><system value="http://fhir.ch/ig/ch-crl/CodeSystem/nkrs-cm"/></include></compose></ValueSet>