<?xml version="1.0" encoding="UTF-8"?>

<Patient xmlns="http://hl7.org/fhir">
  <id value="FranzMusterNeedsAbsoluteUrl"/>
  <meta>
    <profile value="http://fhir.ch/ig/ch-epr-mhealth/StructureDefinition/ch-pixm-patient"/>
  </meta>
  <text>
    <status value="generated"/><div xmlns="http://www.w3.org/1999/xhtml"><p><b>Generated Narrative</b></p><p><b>identifier</b>: id: value of MPI-PID, Medical record number: 8734</p><p><b>name</b>: Franz Muster , Muster </p><p><b>gender</b>: male</p><p><b>birthDate</b>: 1995-01-27</p><p><b>managingOrganization</b>: <a name="org1"> </a></p><blockquote><p><b>identifier</b>: id: 7601000201041</p><p><b>address</b>: Doktorgasse 2 Musterhausen 8888 CH (WORK)</p></blockquote></div>
  </text>
  <contained>
    <Organization>
      <id value="org1"/>
      <identifier>
        <system value="urn:oid:2.51.1.3"/>
        <value value="7601000201041"/>
      </identifier>
      <address>
        <use value="work"/>
        <line value="Doktorgasse"/>
        <line value="2"/>
        <city value="Musterhausen"/>
        <postalCode value="8888"/>
        <country value="CH"/>
      </address>
    </Organization>
  </contained>
  <identifier>
    <system value="urn:oid:2.999.5.6.7"/>
    <value value="value of MPI-PID"/>
  </identifier>
  <identifier>
    <type>
      <coding>
        <system value="http://terminology.hl7.org/CodeSystem/v2-0203"/>
        <code value="MR"/>
      </coding>
    </type>
    <system value="urn:oid:2.16.756.888888.3.1"/>
    <value value="8734"/>
  </identifier>
  <name>
    <family value="Muster"/>
    <given value="Franz"/>
  </name>
  <name>
    <family value="Muster">
      <extension url="http://hl7.org/fhir/StructureDefinition/iso21090-EN-qualifier">
        <valueCode value="BR"/>
      </extension>
    </family>
  </name>
  <gender value="male"/>
  <birthDate value="1995-01-27"/>
  <managingOrganization>
    <reference value="#org1"/>
  </managingOrganization>
</Patient>