<?xml version="1.0" encoding="UTF-8"?><ValueSet xmlns="http://hl7.org/fhir"><id value="ch-elm-results-mal-org"/><text><status value="generated"/><div xmlns="http://www.w3.org/1999/xhtml"><p class="res-header-id"><b>Generated Narrative: ValueSet ch-elm-results-mal-org</b></p><a name="ch-elm-results-mal-org"> </a><a name="hcch-elm-results-mal-org"> </a><a name="ch-elm-results-mal-org-en-US"> </a><ul><li>Include these codes as defined in <a href="http://www.snomed.org/"><code>http://snomed.info/sct</code></a><table class="none"><tr><td style="white-space:nowrap"><b>Code</b></td><td><b>Display</b></td></tr><tr><td><a href="http://snomed.info/id/30020004">30020004</a></td><td>Plasmodium falciparum (organism)</td></tr><tr><td><a href="http://snomed.info/id/74746009">74746009</a></td><td>Plasmodium vivax (organism)</td></tr><tr><td><a href="http://snomed.info/id/49918008">49918008</a></td><td>Plasmodium knowlesi (organism)</td></tr><tr><td><a href="http://snomed.info/id/786826006">786826006</a></td><td>Plasmodium ovale or Plasmodium vivax (finding)</td></tr><tr><td><a href="http://snomed.info/id/18508006">18508006</a></td><td>Plasmodium ovale (organism)</td></tr><tr><td><a href="http://snomed.info/id/56395006">56395006</a></td><td>Plasmodium malariae (organism)</td></tr><tr><td><a href="http://snomed.info/id/34706006">34706006</a></td><td>Plasmodium (organism)</td></tr></table></li></ul></div></text><url value="http://fhir.ch/ig/ch-elm/ValueSet/ch-elm-results-mal-org"/><version value="1.5.0"/><name value="ChElmResultsMalOrg"/><title value="CH ELM Results Mal Org"/><status value="active"/><experimental value="false"/><date value="2024-09-24T11:09:20+00:00"/><publisher value="Federal Office of Public Health FOPH"/><contact><name value="Federal Office of Public Health FOPH"/><telecom><system value="url"/><value value="https://www.bag.admin.ch/bag/en/home/das-bag/kontakt-standort.html"/></telecom></contact><description value="The &quot;CH ELM Results Mal Org&quot; organism group provides a curated set of codes representing specific organisms. Each code within this group has been selected to ensure precise representation and consistency in relation to the primary LOINC codes. Clients utilizing the &quot;CH ELM Results Mal Org&quot; group should refer to the provided codes to accurately and uniformly capture and report organism-related information."/><jurisdiction><coding><system value="urn:iso:std:iso:3166"/><code value="CHE"/></coding></jurisdiction><copyright value="CC0-1.0"/><compose><include><system value="http://snomed.info/sct"/><concept><code value="30020004"/><display value="Plasmodium falciparum (organism)"/></concept><concept><code value="74746009"/><display value="Plasmodium vivax (organism)"/></concept><concept><code value="49918008"/><display value="Plasmodium knowlesi (organism)"/></concept><concept><code value="786826006"/><display value="Plasmodium ovale or Plasmodium vivax (finding)"/></concept><concept><code value="18508006"/><display value="Plasmodium ovale (organism)"/></concept><concept><code value="56395006"/><display value="Plasmodium malariae (organism)"/></concept><concept><code value="34706006"/><display value="Plasmodium (organism)"/></concept></include></compose></ValueSet>