<?xml version="1.0" encoding="UTF-8"?>

<ObservationDefinition xmlns="http://hl7.org/fhir">
  <id value="input-observation-context-for-vitamin-d"/>
  <meta>
    <profile value="http://hl7.org/fhir/uv/order-catalog/StructureDefinition/InputObservationDefinition"/>
  </meta>
  <language value="de-CH"/>
  <text>
    <status value="additional"/><div xmlns="http://www.w3.org/1999/xhtml" xml:lang="de-CH" lang="de-CH"><p><b>Additional Narrative - in French language | Vue narrative en français</b> :</p><p>Elément clinique pertinent &quot;contexte clinique de la prescription du dosage de la vitamine D&quot;</p><p>Résultats multiples autorisés</p><p>Types de résultats autorisés : concept codable (<code>CodeableConcept</code>)</p><p>Valeurs autorisées : <a href="ValueSet-clinical-focus-vitamin-d.html">ValueSet/clinical-focus-vitamin-d</a></p><p>Valeurs normales ouvrant droit à facturation : <a href="ValueSet-normal-contexts-vitamin-d.html">ValueSet/normal-contexts-vitamin-d</a></p></div>
  </text>
  <category>
    <coding>
      <system value="http://terminology.hl7.org/CodeSystem/observation-category"/>
      <code value="exam"/>
      <display value="Exam"/>
    </coding>
  </category>
  <code>
    <coding>
      <system value="http://loinc.org"/>
      <code value="56820-4"/>
      <display value="Problem context"/>
    </coding>
  </code>
  <permittedDataType value="CodeableConcept"/>
  <multipleResultsAllowed value="true"/>
  <validCodedValueSet>
    <reference value="ValueSet/clinical-focus-vitamin-d"/>
  </validCodedValueSet>
  <normalCodedValueSet>
    <reference value="ValueSet/normal-contexts-vitamin-d"/>
  </normalCodedValueSet>
</ObservationDefinition>