<?xml version="1.0" encoding="UTF-8"?>

<Observation xmlns="http://hl7.org/fhir">
  <id value="ObservationGramStainResultKpneumoniae"/>
  <meta>
    <profile value="http://fhir.ch/ig/ch-lab-order/StructureDefinition/ch-lab-observation-r4-r5"/>
  </meta>
  <text>
    <status value="generated"/><div xmlns="http://www.w3.org/1999/xhtml"><p class="res-header-id"><b>Generated Narrative: Observation ObservationGramStainResultKpneumoniae</b></p><a name="ObservationGramStainResultKpneumoniae"> </a><a name="hcObservationGramStainResultKpneumoniae"> </a><a name="ObservationGramStainResultKpneumoniae-en-US"> </a><div style="display: inline-block; background-color: #d9e0e7; padding: 6px; margin: 4px; border: 1px solid #8da1b4; border-radius: 5px; line-height: 60%"><p style="margin-bottom: 0px"/><p style="margin-bottom: 0px">Profile: <a href="StructureDefinition-ch-lab-observation-r4-r5.html">My Observation Profile</a></p></div><p><b>basedOn</b>: <a href="ServiceRequest-4-sepsis-ServiceRequest.html">ServiceRequest: identifier = Placer Identifier: Y274589; status = active; intent = original-order; priority = urgent; reasonCode = Sepsis screening</a></p><p><b>status</b>: Final</p><p><b>code</b>: <span title="Codes:{http://loinc.org 87975-9}">Microscopic observation [Identifier] in Isolate by Gram stain</span></p><p><b>subject</b>: <a href="Patient-SaraSpeckmann.html">Sara Speckmann  Female, DoB: 1975-12-12 ( urn:oid:2.16.756.5.30.1.123.100.1.1.1#80756011110123400006)</a></p><p><b>effective</b>: 2025-04-08</p><p><b>issued</b>: 2025-04-08 10:28:00+0100</p><p><b>performer</b>: <a href="PractitionerRole-EvaErlenmeyerLaborPipette.html">E. Erlenmeyer, Labor Pipette</a></p><p><b>value</b>: <span title="Codes:{http://snomed.info/sct 87172008}">Gram-negative bacillus</span></p></div>
  </text>
  <basedOn>
    <reference value="ServiceRequest/4-sepsis-ServiceRequest"/>
  </basedOn>
  <status value="final"/>
  <code>
    <coding>
      <system value="http://loinc.org"/>
      <code value="87975-9"/>
      <display value="Microscopic observation [Identifier] in Isolate by Gram stain"/>
    </coding>
  </code>
  <subject>
    <reference value="Patient/SaraSpeckmann"/>
  </subject>
  <effectiveDateTime value="2025-04-08"/>
  <issued value="2025-04-08T10:28:00+01:00"/>
  <performer>
    <reference value="PractitionerRole/EvaErlenmeyerLaborPipette"/>
    <display value="E. Erlenmeyer, Labor Pipette"/>
  </performer>
  <valueCodeableConcept>
    <coding>
      <system value="http://snomed.info/sct"/>
      <code value="87172008"/>
      <display value="Gram-negative bacillus"/>
    </coding>
  </valueCodeableConcept>
</Observation>