<?xml version="1.0" encoding="UTF-8"?>

<PlanDefinition xmlns="http://hl7.org/fhir">
  <id value="panel-blood-electrolyte"/>
  <meta>
    <profile value="http://hl7.org/fhir/uv/order-catalog/StructureDefinition/LabServiceDefinition"/>
  </meta>
  <language value="en-US"/>
  <text>
    <status value="extensions"/><div xmlns="http://www.w3.org/1999/xhtml" xml:lang="en-US" lang="en-US"><p><b>Generated Narrative: PlanDefinition</b><a name="panel-blood-electrolyte"> </a></p><div style="display: inline-block; background-color: #d9e0e7; padding: 6px; margin: 4px; border: 1px solid #8da1b4; border-radius: 5px; line-height: 60%"><p style="margin-bottom: 0px">Resource PlanDefinition &quot;panel-blood-electrolyte&quot;  (Language &quot;en-US&quot;) </p><p style="margin-bottom: 0px">Profile: <a href="http://hl7.org/fhir/uv/order-catalog/2020Sep/StructureDefinition-LabServiceDefinition.html">Laboratory Service Definition</a></p></div><p><b>Reference to a catalog</b>: <a href="Composition-Pipette-Catalog-Header.html">Composition/Pipette-Catalog-Header</a></p><p><b>Healthcare Service Billing Code</b>: Kalium Grosslabor <span style="background: LightGoldenRodYellow; margin: 4px; border: 1px solid khaki"> (laboratory_analyses#1479.00)</span></p><p><b>Healthcare Service Billing Code</b>: Natrium <span style="background: LightGoldenRodYellow; margin: 4px; border: 1px solid khaki"> (laboratory_analyses#1574.00)</span></p><p><b>Healthcare Service Billing Code</b>: Chlorid <span style="background: LightGoldenRodYellow; margin: 4px; border: 1px solid khaki"> (laboratory_analyses#1229.00)</span></p><blockquote><p><b>Billing summary for the plan definition</b></p><blockquote><p><b>url</b></p><code>textualSummary</code></blockquote><p><b>value</b>: no notable particularity for billing</p><blockquote><p><b>url</b></p><code>reimbursabilitySummary</code></blockquote><p><b>value</b>: normal</p></blockquote><p><b>Schedule summary for the plan definition</b>: Set up: Mon-Sat (Day shift or Night shift), Sun (Day shift); Report available: 1 day</p><p><b>Limitation summary for the plan definition</b>: No specific limitation for this panel</p><p><b>url</b>: <code>http://fhir.ch/ig/ch-lab-order/lab-compendium/PlanDefinition/panel-blood-electrolyte</code></p><p><b>version</b>: 2.0.0-ballot</p><p><b>name</b>: BloodElectrolytePanel</p><p><b>title</b>: Blood electrolyte panel (serum or plasma)</p><p><b>type</b>: collection of tests and panels performed on one or more in vitro biologic specimens <span style="background: LightGoldenRodYellow; margin: 4px; border: 1px solid khaki"> (laboratory-service-definition-type#panel)</span></p><p><b>status</b>: draft</p><p><b>experimental</b>: true</p><p><b>date</b>: 2020-02-11 20:00:00+0200</p><p><b>publisher</b>: HL7 Switzerland</p><p><b>contact</b>: HL7 Switzerland: <a href="https://www.hl7.ch">https://www.hl7.ch</a>, Marcel Hanselmann: <a href="mailto:laborprojektgruppe@gmail.com">laborprojektgruppe@gmail.com</a></p><p><b>description</b>: Potassium measurement on serum specimen</p><h3>UseContexts</h3><table class="grid"><tr><td>-</td><td><b>Code</b></td><td><b>Value[x]</b></td></tr><tr><td>*</td><td>Workflow Task (Details: http://terminology.hl7.org/CodeSystem/usage-context-type code task = 'Workflow Task', stated as 'Workflow Task')</td><td>laboratory test order entry task <span style="background: LightGoldenRodYellow; margin: 4px; border: 1px solid khaki"> (<a href="http://terminology.hl7.org/5.1.0/CodeSystem-v3-ActCode.html">ActCode</a>#LABOE)</span></td></tr></table><p><b>jurisdiction</b>: Switzerland <span style="background: LightGoldenRodYellow; margin: 4px; border: 1px solid khaki"> (<a href="http://terminology.hl7.org/5.1.0/CodeSystem-ISO3166Part1.html">ISO 3166-1 Codes for the representation of names of countries and their subdivisions — Part 1: Country code</a>#CH)</span></p><p><b>copyright</b>: CC0-1.0</p><p><b>topic</b>: Chemistry studies (set) <span style="background: LightGoldenRodYellow; margin: 4px; border: 1px solid khaki"> (<a href="https://loinc.org/">LOINC</a>#18719-5)</span>, Blood chemistry <span style="background: LightGoldenRodYellow; margin: 4px; border: 1px solid khaki"> (<a href="https://browser.ihtsdotools.org/">SNOMED CT</a>#166312007)</span></p><h3>Actions</h3><table class="grid"><tr><td>-</td><td><b>Extension</b></td><td><b>Code</b></td><td><b>Timing[x]</b></td><td><b>Definition[x]</b></td></tr><tr><td>*</td><td/><td>Electrolytes 1998 panel - Serum or Plasma <span style="background: LightGoldenRodYellow; margin: 4px; border: 1px solid khaki"> (<a href="https://loinc.org/">LOINC</a>#24326-1)</span></td><td>30 minutes<span style="background: LightGoldenRodYellow"> (Details: UCUM code mn = 'mn')</span></td><td><a href="ActivityDefinition-procedure-blood-electrolyte.html">Procedure - blood electrolyte (serum or plasma)</a></td></tr></table></div>
  </text>
  <extension url="http://hl7.org/fhir/uv/order-catalog/StructureDefinition/CatalogReference">
    <valueReference>
      <reference value="Composition/Pipette-Catalog-Header"/>
    </valueReference>
  </extension>
  <extension url="http://hl7.org/fhir/uv/order-catalog/StructureDefinition/ServiceBillingCode">
    <valueCodeableConcept>
      <coding>
        <system value="https://medcodesearch.ch/de/AL/laboratory_analyses"/>
        <code value="1479.00"/>
        <display value="Kalium Grosslabor"/>
      </coding>
    </valueCodeableConcept>
  </extension>
  <extension url="http://hl7.org/fhir/uv/order-catalog/StructureDefinition/ServiceBillingCode">
    <valueCodeableConcept>
      <coding>
        <system value="https://medcodesearch.ch/de/AL/laboratory_analyses"/>
        <code value="1574.00"/>
        <display value="Natrium"/>
      </coding>
    </valueCodeableConcept>
  </extension>
  <extension url="http://hl7.org/fhir/uv/order-catalog/StructureDefinition/ServiceBillingCode">
    <valueCodeableConcept>
      <coding>
        <system value="https://medcodesearch.ch/de/AL/laboratory_analyses"/>
        <code value="1229.00"/>
        <display value="Chlorid"/>
      </coding>
    </valueCodeableConcept>
  </extension>
  <extension url="http://hl7.org/fhir/uv/order-catalog/StructureDefinition/BillingSummary">
    <extension url="textualSummary">
      <valueMarkdown value="no notable particularity for billing"/>
    </extension>
    <extension url="reimbursabilitySummary">
      <valueCode value="normal"/>
    </extension>
  </extension>
  <extension url="http://hl7.org/fhir/uv/order-catalog/StructureDefinition/ScheduleSummary">
    <valueString value="Set up: Mon-Sat (Day shift or Night shift), Sun (Day shift); Report available: 1 day"/>
  </extension>
  <extension url="http://hl7.org/fhir/uv/order-catalog/StructureDefinition/LimitationSummary">
    <valueString value="No specific limitation for this panel"/>
  </extension>
  <url value="http://fhir.ch/ig/ch-lab-order/lab-compendium/PlanDefinition/panel-blood-electrolyte"/>
  <version value="2.0.0-ballot"/>
  <name value="BloodElectrolytePanel"/>
  <title value="Blood electrolyte panel (serum or plasma)"/>
  <type>
    <coding>
      <system value="http://fhir.ch/ig/ch-lab-order/lab-compendium/CodeSystem/laboratory-service-definition-type"/>
      <code value="panel"/>
      <display value="collection of tests and panels performed on one or more in vitro biologic specimens"/>
    </coding>
  </type>
  <status value="draft"/>
  <experimental value="true"/>
  <date value="2020-02-11T20:00:00+02:00"/>
  <publisher value="HL7 Switzerland"/>
  <contact>
    <name value="HL7 Switzerland"/>
    <telecom>
      <system value="url"/>
      <value value="https://www.hl7.ch"/>
    </telecom>
  </contact>
  <contact>
    <name value="Marcel Hanselmann"/>
    <telecom>
      <system value="email"/>
      <value value="laborprojektgruppe@gmail.com"/>
      <use value="work"/>
    </telecom>
  </contact>
  <description value="Potassium measurement on serum specimen"/>
  <useContext>
    <code>
      <system value="http://terminology.hl7.org/CodeSystem/usage-context-type"/>
      <code value="task"/>
      <display value="Workflow Task"/>
    </code>
    <valueCodeableConcept>
      <coding>
        <system value="http://terminology.hl7.org/CodeSystem/v3-ActCode"/>
        <code value="LABOE"/>
      </coding>
    </valueCodeableConcept>
  </useContext>
  <jurisdiction>
    <coding>
      <system value="urn:iso:std:iso:3166"/>
      <code value="CH"/>
    </coding>
  </jurisdiction>
  <copyright value="CC0-1.0"/>
  <topic>
    <coding>
      <system value="http://loinc.org"/>
      <code value="18719-5"/>
      <display value="Chemistry studies (set)"/>
    </coding>
  </topic>
  <topic>
    <coding>
      <system value="http://snomed.info/sct"/>
      <code value="166312007"/>
      <display value="Blood chemistry"/>
    </coding>
  </topic>
  <action>
    <extension url="http://hl7.org/fhir/uv/order-catalog/StructureDefinition/SpecimenRequested">
      <extension url="ExclusiveGroup">
        <extension url="Material">
          <valueReference>
            <reference value="SpecimenDefinition/specimen-serum-plasma"/>
            <display value="Serum Plasma"/>
          </valueReference>
        </extension>
      </extension>
    </extension>
    <code>
      <coding>
        <system value="http://loinc.org"/>
        <code value="24326-1"/>
        <display value="Electrolytes 1998 panel - Serum or Plasma"/>
      </coding>
    </code>
    <timingDuration>
      <value value="30"/>
      <unit value="minutes"/>
      <system value="http://unitsofmeasure.org"/>
      <code value="mn"/>
    </timingDuration>
    <definitionCanonical value="http://fhir.ch/ig/ch-lab-order/lab-compendium/ActivityDefinition/procedure-blood-electrolyte"/>
  </action>
</PlanDefinition>