<?xml version="1.0" encoding="UTF-8"?>

<PractitionerRole xmlns="http://hl7.org/fhir">
  <id value="PauloPorcelliniSuva"/>
  <meta>
    <profile value="http://fhir.ch/ig/ch-core/StructureDefinition/ch-core-practitionerrole"/>
  </meta>
  <text>
    <status value="generated"/><div xmlns="http://www.w3.org/1999/xhtml"><p><b>Generated Narrative: PractitionerRole</b><a name="PauloPorcelliniSuva"> </a></p><div style="display: inline-block; background-color: #d9e0e7; padding: 6px; margin: 4px; border: 1px solid #8da1b4; border-radius: 5px; line-height: 60%"><p style="margin-bottom: 0px">Resource PractitionerRole &quot;PauloPorcelliniSuva&quot; </p><p style="margin-bottom: 0px">Profile: <a href="http://fhir.ch/ig/ch-core/4.0.0-ballot/StructureDefinition-ch-core-practitionerrole.html">CH Core PractitionerRole</a></p></div><p><b>practitioner</b>: <a href="Practitioner-PauloPorcellini.html">Practitioner/PauloPorcellini</a> &quot; PORCELLINI&quot;</p><p><b>organization</b>: <a href="Organization-Suva.html">Organization/Suva</a> &quot;Suva&quot;</p></div>
  </text>
  <practitioner>
    <reference value="Practitioner/PauloPorcellini"/>
  </practitioner>
  <organization>
    <reference value="Organization/Suva"/>
  </organization>
</PractitionerRole>