<?xml version="1.0" encoding="UTF-8"?>

<PractitionerRole xmlns="http://hl7.org/fhir">
  <id value="ArminAhrensArztpraxis"/>
  <meta>
    <profile value="http://fhir.ch/ig/ch-core/StructureDefinition/ch-core-practitionerrole"/>
  </meta>
  <text>
    <status value="generated"/><div xmlns="http://www.w3.org/1999/xhtml"><p class="res-header-id"><b>Generated Narrative: PractitionerRole ArminAhrensArztpraxis</b></p><a name="ArminAhrensArztpraxis"> </a><a name="hcArminAhrensArztpraxis"> </a><a name="ArminAhrensArztpraxis-en-US"> </a><div style="display: inline-block; background-color: #d9e0e7; padding: 6px; margin: 4px; border: 1px solid #8da1b4; border-radius: 5px; line-height: 60%"><p style="margin-bottom: 0px"/><p style="margin-bottom: 0px">Profile: <a href="http://fhir.ch/ig/ch-core/6.0.0-ballot/StructureDefinition-ch-core-practitionerrole.html">CH Core PractitionerRole</a></p></div><p><b>practitioner</b>: <a href="Practitioner-ArminAhrens.html">Practitioner Armin Ahrens (official)</a></p><p><b>organization</b>: <a href="Organization-Arztpraxis.html">Organization Arztpraxis Messen</a></p></div>
  </text>
  <practitioner>
    <reference value="Practitioner/ArminAhrens"/>
  </practitioner>
  <organization>
    <reference value="Organization/Arztpraxis"/>
  </organization>
</PractitionerRole>