<?xml version="1.0" encoding="UTF-8"?>

<Practitioner xmlns="http://hl7.org/fhir">
  <id value="PauloPorcellini"/>
  <meta>
    <profile value="http://fhir.ch/ig/ch-core/StructureDefinition/ch-core-practitioner-epr"/>
  </meta>
  <text>
    <status value="generated"/><div xmlns="http://www.w3.org/1999/xhtml"><p class="res-header-id"><b>Generated Narrative: Practitioner PauloPorcellini</b></p><a name="PauloPorcellini"> </a><a name="hcPauloPorcellini"> </a><a name="PauloPorcellini-en-US"> </a><div style="display: inline-block; background-color: #d9e0e7; padding: 6px; margin: 4px; border: 1px solid #8da1b4; border-radius: 5px; line-height: 60%"><p style="margin-bottom: 0px"/><p style="margin-bottom: 0px">Profile: <a href="http://fhir.ch/ig/ch-core/6.0.0-ballot/StructureDefinition-ch-core-practitioner-epr.html">CH Core Practitioner EPR</a></p></div><p><b>identifier</b>: <a href="https://www.gs1.org/standards/id-keys/gln" title="Global Location Number">GLN</a>/7601000050700, <code>urn:oid:2.16.756.5.30.1.123.100.2.1.1</code>/L248519</p><p><b>name</b>: Paulo Porcellini (Official)</p><p><b>telecom</b>: ph: 036 336 22 33(Work), <a href="mailto:paulo.porcellini@suva.ch">paulo.porcellini@suva.ch</a></p></div>
  </text>
  <identifier>
    <system value="urn:oid:2.51.1.3"/>
    <value value="7601000050700"/>
  </identifier>
  <identifier>
    <system value="urn:oid:2.16.756.5.30.1.123.100.2.1.1"/>
    <value value="L248519"/>
  </identifier>
  <name>
    <use value="official"/>
    <family value="Porcellini"/>
    <given value="Paulo"/>
    <prefix value="Dr. med.">
      <extension url="http://hl7.org/fhir/StructureDefinition/iso21090-EN-qualifier">
        <valueCode value="AC"/>
      </extension>
    </prefix>
  </name>
  <telecom>
    <system value="phone"/>
    <value value="036 336 22 33"/>
    <use value="work"/>
  </telecom>
  <telecom>
    <system value="email"/>
    <value value="paulo.porcellini@suva.ch"/>
    <use value="work"/>
  </telecom>
</Practitioner>