<?xml version="1.0" encoding="UTF-8"?>

<ServiceRequest xmlns="http://hl7.org/fhir">
  <id value="2-pertussis"/>
  <meta>
    <profile value="http://fhir.ch/ig/ch-orf/StructureDefinition/ch-orf-servicerequest"/>
  </meta>
  <text>
    <status value="generated"/><div xmlns="http://www.w3.org/1999/xhtml"><p><b>Generated Narrative: ServiceRequest</b><a name="2-pertussis"> </a></p><div style="display: inline-block; background-color: #d9e0e7; padding: 6px; margin: 4px; border: 1px solid #8da1b4; border-radius: 5px; line-height: 60%"><p style="margin-bottom: 0px">Resource ServiceRequest &quot;2-pertussis&quot; </p><p style="margin-bottom: 0px">Profile: <a href="http://fhir.ch/ig/ch-orf/2.0.0-ballot/StructureDefinition-ch-orf-servicerequest.html">CH ORF ServiceRequest</a></p></div><p><b>identifier</b>: Placer Identifier: 123</p><p><b>status</b>: active</p><p><b>intent</b>: original-order</p><p><b>category</b>: Anforderung Laboruntersuchung <span style="background: LightGoldenRodYellow; margin: 4px; border: 1px solid khaki"> (ch-lab-order-servicerequest-categories#RequestForLabExam)</span></p><p><b>priority</b>: urgent</p><p><b>code</b>: Hemoglobin and Hematocrit panel - Blood <span style="background: LightGoldenRodYellow; margin: 4px; border: 1px solid khaki"> (<a href="https://loinc.org/">LOINC</a>#24360-0; <a href="https://loinc.org/">LOINC</a>#43113-0 &quot;Hemoglobin electrophoresis panel in Blood&quot;; <a href="https://loinc.org/">LOINC</a>#57021-8 &quot;CBC W Auto Differential panel - Blood&quot;)</span></p><p><b>subject</b>: <a href="Patient-EmilKummer.html">Patient/EmilKummer</a> &quot; KUMMER&quot;</p><p><b>requester</b>: <a href="PractitionerRole-PeterPrestoGruppenpraxis.html">PractitionerRole/PeterPrestoGruppenpraxis</a></p><p><b>reasonCode</b>: Pertussis suspected (situation) <span style="background: LightGoldenRodYellow; margin: 4px; border: 1px solid khaki"> (<a href="https://browser.ihtsdotools.org/">SNOMED CT</a>#772146005)</span></p><p><b>insurance</b>: <a href="Coverage-HealthInsuranceCard.html">Coverage/HealthInsuranceCard</a></p><p><b>specimen</b>: </p><ul><li><a href="Specimen-Throat-swab.html">Specimen/Throat-swab</a></li><li><a href="Specimen-Blood.html">Specimen/Blood</a></li><li><a href="Specimen-Serum.html">Specimen/Serum</a></li></ul></div>
  </text>
  <identifier>
    <type>
      <coding>
        <system value="http://terminology.hl7.org/CodeSystem/v2-0203"/>
        <code value="PLAC"/>
        <display value="Placer Identifier"/>
      </coding>
    </type>
    <system value="urn:oid:2.16.756.5.30"/>
    <value value="123"/>
  </identifier>
  <status value="active"/>
  <intent value="original-order"/>
  <category>
    <coding>
      <system value="http://fhir.ch/ig/ch-lab-order/CodeSystem/ch-lab-order-servicerequest-categories"/>
      <code value="RequestForLabExam"/>
      <display value="Anforderung Laboruntersuchung"/>
    </coding>
  </category>
  <priority value="urgent"/>
  <code>
    <coding>
      <system value="http://loinc.org"/>
      <code value="24360-0"/>
      <display value="Hemoglobin and Hematocrit panel - Blood"/>
    </coding>
    <coding>
      <system value="http://loinc.org"/>
      <code value="43113-0"/>
      <display value="Hemoglobin electrophoresis panel in Blood"/>
    </coding>
    <coding>
      <system value="http://loinc.org"/>
      <code value="57021-8"/>
      <display value="CBC W Auto Differential panel - Blood"/>
    </coding>
  </code>
  <subject>
    <reference value="Patient/EmilKummer"/>
  </subject>
  <requester>
    <reference value="PractitionerRole/PeterPrestoGruppenpraxis"/>
  </requester>
  <reasonCode>
    <coding>
      <system value="http://snomed.info/sct"/>
      <code value="772146005"/>
    </coding>
    <text value="Pertussis suspected (situation)"/>
  </reasonCode>
  <insurance>
    <reference value="Coverage/HealthInsuranceCard"/>
  </insurance>
  <specimen>
    <reference value="Specimen/Throat-swab"/>
  </specimen>
  <specimen>
    <reference value="Specimen/Blood"/>
  </specimen>
  <specimen>
    <reference value="Specimen/Serum"/>
  </specimen>
</ServiceRequest>