<?xml version="1.0" encoding="UTF-8"?>

<Specimen xmlns="http://hl7.org/fhir">
  <id value="Serum-2-pertussis"/>
  <text>
    <status value="generated"/><div xmlns="http://www.w3.org/1999/xhtml"><p class="res-header-id"><b>Generated Narrative: Specimen Serum-2-pertussis</b></p><a name="Serum-2-pertussis"> </a><a name="hcSerum-2-pertussis"> </a><a name="Serum-2-pertussis-en-US"> </a><p><b>identifier</b>: 48736-12345-75465</p><p><b>accessionIdentifier</b>: 4e88a-12345-dd888</p><p><b>status</b>: Available</p><p><b>type</b>: <span title="Codes:{http://snomed.info/sct 119364003}">Serum specimen (specimen)</span></p><p><b>subject</b>: <a href="Patient-EmilKummer.html">Emil Kummer  Male, DoB: 2017-05-05 ( urn:oid:2.16.756.5.30.1.123.100.1.1.1#80756011110123400004)</a></p><h3>Collections</h3><table class="grid"><tr><td style="display: none">-</td><td><b>Collector</b></td><td><b>Collected[x]</b></td></tr><tr><td style="display: none">*</td><td><a href="Practitioner-PeterPresto.html">Practitioner Peter Presto (official)</a></td><td>2015-08-16 06:40:17+0000</td></tr></table><h3>Containers</h3><table class="grid"><tr><td style="display: none">-</td><td><b>Type</b></td></tr><tr><td style="display: none">*</td><td><span title="Codes:{http://snomed.info/sct 702304001}">Microcapillary blood transfer tube, clot activator (physical object)</span></td></tr></table></div>
  </text>
  <identifier>
    <value value="48736-12345-75465"/>
  </identifier>
  <accessionIdentifier>
    <value value="4e88a-12345-dd888"/>
  </accessionIdentifier>
  <status value="available"/>
  <type>
    <coding>
      <system value="http://snomed.info/sct"/>
      <code value="119364003"/>
      <display value="Serum specimen (specimen)"/>
    </coding>
  </type>
  <subject>
    <reference value="Patient/EmilKummer"/>
  </subject>
  <collection>
    <collector>
      <reference value="Practitioner/PeterPresto"/>
    </collector>
    <collectedDateTime value="2015-08-16T06:40:17Z"/>
  </collection>
  <container>
    <type>
      <coding>
        <system value="http://snomed.info/sct"/>
        <code value="702304001"/>
        <display value="Microcapillary blood transfer tube, clot activator (physical object)"/>
      </coding>
    </type>
  </container>
</Specimen>