<?xml version="1.0" encoding="UTF-8"?>

<Specimen xmlns="http://hl7.org/fhir">
  <id value="Lsac"/>
  <text>
    <status value="generated"/><div xmlns="http://www.w3.org/1999/xhtml"><p><b>Generated Narrative: Specimen </b><a name="Lsac"> </a><a name="hcLsac"> </a></p><div style="display: inline-block; background-color: #d9e0e7; padding: 6px; margin: 4px; border: 1px solid #8da1b4; border-radius: 5px; line-height: 60%"><p style="margin-bottom: 0px">ResourceSpecimen &quot;Lsac&quot; </p></div><p><b>identifier</b>: 48736-22222-75465</p><p><b>accessionIdentifier</b>: 4e88a-11111-dd888</p><p><b>status</b>: available</p><p><b>type</b>: Cerebrospinal fluid sample <span style="background: LightGoldenRodYellow; margin: 4px; border: 1px solid khaki"> (<a href="https://browser.ihtsdotools.org/">SNOMED CT</a>#258450006)</span></p><p><b>subject</b>: <a href="Patient-FranzMuster.html">Patient/FranzMuster</a> &quot; MUSTER&quot;</p><p><b>receivedTime</b>: 2023-12-01 16:40:17+0000</p><p><b>request</b>: <a href="ServiceRequest-LabOrder-generic.html">ServiceRequest/LabOrder-generic</a></p><h3>Collections</h3><table class="grid"><tr><td style="display: none">-</td><td><b>Collector</b></td><td><b>Collected[x]</b></td><td><b>Method</b></td></tr><tr><td style="display: none">*</td><td><a href="Practitioner-MarcMustermann.html">Practitioner/MarcMustermann</a> &quot; MUSTERMANN&quot;</td><td>2023-12-01 06:40:17+0000</td><td>Lumbar puncture (procedure) <span style="background: LightGoldenRodYellow; margin: 4px; border: 1px solid khaki"> (<a href="https://browser.ihtsdotools.org/">SNOMED CT</a>#277762005)</span></td></tr></table><blockquote><p><b>container</b></p><p><b>identifier</b>: 4e88a-bc987-dd888-12345-cc</p><p><b>description</b>: Container for Chemistry</p><p><b>type</b>: General specimen container (physical object) <span style="background: LightGoldenRodYellow; margin: 4px; border: 1px solid khaki"> (<a href="https://browser.ihtsdotools.org/">SNOMED CT</a>#706053007)</span></p></blockquote><blockquote><p><b>container</b></p><p><b>identifier</b>: 4e88a-bc987-dd888-12345-mic</p><p><b>description</b>: Container for Microbiology</p><p><b>type</b>: General specimen container (physical object) <span style="background: LightGoldenRodYellow; margin: 4px; border: 1px solid khaki"> (<a href="https://browser.ihtsdotools.org/">SNOMED CT</a>#706053007)</span></p></blockquote><blockquote><p><b>container</b></p><p><b>identifier</b>: 4e88a-bc987-dd888-12345-cyt</p><p><b>description</b>: Container for Cytology</p><p><b>type</b>: General specimen container (physical object) <span style="background: LightGoldenRodYellow; margin: 4px; border: 1px solid khaki"> (<a href="https://browser.ihtsdotools.org/">SNOMED CT</a>#706053007)</span></p></blockquote><blockquote><p><b>container</b></p><p><b>identifier</b>: 4e88a-bc987-dd888-12345-other</p><p><b>description</b>: Container for other Examens, VDRL, electrophoresis/immunofixation</p><p><b>type</b>: General specimen container (physical object) <span style="background: LightGoldenRodYellow; margin: 4px; border: 1px solid khaki"> (<a href="https://browser.ihtsdotools.org/">SNOMED CT</a>#706053007)</span></p></blockquote><p><b>note</b>: e.g. Priority of exams</p></div>
  </text>
  <identifier>
    <value value="48736-22222-75465"/>
  </identifier>
  <accessionIdentifier>
    <value value="4e88a-11111-dd888"/>
  </accessionIdentifier>
  <status value="available"/>
  <type>
    <coding>
      <system value="http://snomed.info/sct"/>
      <code value="258450006"/>
      <display value="Cerebrospinal fluid sample"/>
    </coding>
  </type>
  <subject>
    <reference value="Patient/FranzMuster"/>
  </subject>
  <receivedTime value="2023-12-01T16:40:17Z"/>
  <request>
    <reference value="ServiceRequest/LabOrder-generic"/>
  </request>
  <collection>
    <collector>
      <reference value="Practitioner/MarcMustermann"/>
    </collector>
    <collectedDateTime value="2023-12-01T06:40:17Z"/>
    <method>
      <coding>
        <system value="http://snomed.info/sct"/>
        <code value="277762005"/>
        <display value="Lumbar puncture (procedure)"/>
      </coding>
    </method>
  </collection>
  <container>
    <identifier>
      <value value="4e88a-bc987-dd888-12345-cc"/>
    </identifier>
    <description value="Container for Chemistry"/>
    <type>
      <coding>
        <system value="http://snomed.info/sct"/>
        <code value="706053007"/>
        <display value="General specimen container (physical object)"/>
      </coding>
    </type>
  </container>
  <container>
    <identifier>
      <value value="4e88a-bc987-dd888-12345-mic"/>
    </identifier>
    <description value="Container for Microbiology"/>
    <type>
      <coding>
        <system value="http://snomed.info/sct"/>
        <code value="706053007"/>
        <display value="General specimen container (physical object)"/>
      </coding>
    </type>
  </container>
  <container>
    <identifier>
      <value value="4e88a-bc987-dd888-12345-cyt"/>
    </identifier>
    <description value="Container for Cytology"/>
    <type>
      <coding>
        <system value="http://snomed.info/sct"/>
        <code value="706053007"/>
        <display value="General specimen container (physical object)"/>
      </coding>
    </type>
  </container>
  <container>
    <identifier>
      <value value="4e88a-bc987-dd888-12345-other"/>
    </identifier>
    <description value="Container for other Examens, VDRL, electrophoresis/immunofixation"/>
    <type>
      <coding>
        <system value="http://snomed.info/sct"/>
        <code value="706053007"/>
        <display value="General specimen container (physical object)"/>
      </coding>
    </type>
  </container>
  <note>
    <text value="e.g. Priority of exams"/>
  </note>
</Specimen>