{
  "resourceType" : "ValueSet",
  "id" : "AccessAuditTrailEventType",
  "meta" : {
    "profile" : ["http://hl7.org/fhir/StructureDefinition/shareablevalueset"]
  },
  "text" : {
    "status" : "generated",
    "div" : "<div xmlns=\"http://www.w3.org/1999/xhtml\"><ul><li>Include these codes as defined in <a href=\"http://fhir.ch/ig/ch-epr-term/2.0.9/CodeSystem-2.16.756.5.30.1.127.3.10.7.html\"><code>urn:oid:2.16.756.5.30.1.127.3.10.7</code></a><table class=\"none\"><tr><td style=\"white-space:nowrap\"><b>Code</b></td><td><b>Display</b></td></tr><tr><td><a href=\"http://fhir.ch/ig/ch-epr-term/2.0.9/CodeSystem-2.16.756.5.30.1.127.3.10.7.html#2.16.756.5.30.1.127.3.10.7-ATC_LOG_READ\">ATC_LOG_READ</a></td><td>Accessing the Patient Audit Record Repository</td></tr></table></li></ul></div>"
  },
  "url" : "http://fhir.ch/ig/ch-atc/ValueSet/AccessAuditTrailEventType",
  "version" : "3.2.0-ballot",
  "name" : "AccessAuditTrailEventType",
  "title" : "AccessAuditTrailEventType",
  "status" : "draft",
  "experimental" : false,
  "date" : "2018-05-28",
  "publisher" : "eHealth Suisse",
  "contact" : [{
    "name" : "eHealth Suisse",
    "telecom" : [{
      "system" : "url",
      "value" : "https://www.e-health-suisse.ch/"
    }]
  },
  {
    "name" : "Oliver Egger",
    "telecom" : [{
      "system" : "email",
      "value" : "oliver.egger@ahdis.ch"
    }]
  }],
  "description" : "Implementation Guide for CH ATC see Audit Trail Consumption",
  "jurisdiction" : [{
    "coding" : [{
      "system" : "urn:iso:std:iso:3166",
      "code" : "CH"
    }]
  }],
  "immutable" : false,
  "copyright" : "CC0-1.0",
  "compose" : {
    "include" : [{
      "system" : "urn:oid:2.16.756.5.30.1.127.3.10.7",
      "concept" : [{
        "code" : "ATC_LOG_READ"
      }]
    }]
  }
}