{
  "resourceType" : "Condition",
  "id" : "8-7-Condition",
  "meta" : {
    "profile" : ["http://fhir.ch/ig/ch-vacd/StructureDefinition/ch-vacd-medical-problems"]
  },
  "text" : {
    "status" : "generated",
    "div" : "<div xmlns=\"http://www.w3.org/1999/xhtml\"><p><b>Generated Narrative: Condition</b><a name=\"8-7-Condition\"> </a></p><div style=\"display: inline-block; background-color: #d9e0e7; padding: 6px; margin: 4px; border: 1px solid #8da1b4; border-radius: 5px; line-height: 60%\"><p style=\"margin-bottom: 0px\">Resource Condition &quot;8-7-Condition&quot; </p><p style=\"margin-bottom: 0px\">Profile: <a href=\"StructureDefinition-ch-vacd-medical-problems.html\">CH VACD Medical Problems</a></p></div><p><b>identifier</b>: id:\u00a0<a href=\"http://terminology.hl7.org/5.4.0/NamingSystem-uri.html\">#</a>urn:uuid:36d1ebae-564e-4c2a-8af6-c1224c3d9e77</p><p><b>clinicalStatus</b>: Active <span style=\"background: LightGoldenRodYellow; margin: 4px; border: 1px solid khaki\"> (<a href=\"http://terminology.hl7.org/5.4.0/CodeSystem-condition-clinical.html\">Condition Clinical Status Codes</a>#active)</span></p><p><b>category</b>: Problem List Item <span style=\"background: LightGoldenRodYellow; margin: 4px; border: 1px solid khaki\"> (<a href=\"http://terminology.hl7.org/5.4.0/CodeSystem-condition-category.html\">Condition Category Codes</a>#problem-list-item)</span></p><p><b>code</b>: Animal health occupation (occupation) <span style=\"background: LightGoldenRodYellow; margin: 4px; border: 1px solid khaki\"> (<a href=\"https://browser.ihtsdotools.org/\">SNOMED CT</a>#265940000)</span></p><p><b>subject</b>: <a href=\"Patient-3-2-Patient.html\">Patient/3-2-Patient</a> &quot; WEGMUELLER&quot;</p><p><b>recordedDate</b>: 2009-04-01 00:00:00+0200</p><p><b>recorder</b>: <a href=\"PractitionerRole-6-4-PractitionerRole.html\">PractitionerRole/6-4-PractitionerRole</a></p></div>"
  },
  "identifier" : [{
    "system" : "urn:ietf:rfc:3986",
    "value" : "urn:uuid:36d1ebae-564e-4c2a-8af6-c1224c3d9e77"
  }],
  "clinicalStatus" : {
    "coding" : [{
      "system" : "http://terminology.hl7.org/CodeSystem/condition-clinical",
      "code" : "active",
      "display" : "Active"
    }]
  },
  "category" : [{
    "coding" : [{
      "system" : "http://terminology.hl7.org/CodeSystem/condition-category",
      "code" : "problem-list-item",
      "display" : "Problem List Item"
    }]
  }],
  "code" : {
    "coding" : [{
      "system" : "http://snomed.info/sct",
      "code" : "265940000",
      "display" : "Animal health occupation (occupation)"
    }]
  },
  "subject" : {
    "reference" : "Patient/3-2-Patient"
  },
  "recordedDate" : "2009-04-01T00:00:00+02:00",
  "recorder" : {
    "reference" : "PractitionerRole/6-4-PractitionerRole"
  }
}