"Id","Path","Slice Name","Alias(s)","Label","Min","Max","Must Support?","Is Modifier?","Is Summary?","Type(s)","Short","Definition","Comments","Requirements","Default Value","Meaning When Missing","Fixed Value","Pattern","Example","Minimum Value","Maximum Value","Maximum Length","Binding Strength","Binding Description","Binding Value Set","Code","Slicing Discriminator","Slicing Description","Slicing Ordered","Slicing Rules","Base Path","Base Min","Base Max","Condition(s)","Constraint(s)","Mapping: RIM Mapping","Mapping: FiveWs Pattern Mapping","Mapping: UDI Mapping"
"Device","Device","","","",0,*,"","","","null {[]} {[]}
","Item used in healthcare","A type of a manufactured item that is used in the provision of healthcare without being substantially changed through that activity. The device may be a medical or non-medical device.","","","","","","","","","",,,,,"",,,,"Device",0,*,"","dom-2:If the resource is contained in another resource, it SHALL NOT contain nested Resources {contained.contained.empty()}
dom-3:If the resource is contained in another resource, it SHALL be referred to from elsewhere in the resource or SHALL refer to the containing resource {contained.where((('#'+id in (%resource.descendants().reference | %resource.descendants().as(canonical) | %resource.descendants().as(uri) | %resource.descendants().as(url))) or descendants().where(reference = '#').exists() or descendants().where(as(canonical) = '#').exists() or descendants().where(as(canonical) = '#').exists()).not()).trace('unmatched', id).empty()}dom-4:If a resource is contained in another resource, it SHALL NOT have a meta.versionId or a meta.lastUpdated {contained.meta.versionId.empty() and contained.meta.lastUpdated.empty()}dom-5:If a resource is contained in another resource, it SHALL NOT have a security label {contained.meta.security.empty()}dom-6:A resource should have narrative for robust management {text.`div`.exists()}","Entity. Role, or Act","Device"
"Device.id","Device.id","","","",0,1,"","","Y","id {[]} {[]}
","Logical id of this artifact","The logical id of the resource, as used in the URL for the resource. Once assigned, this value never changes.","The only time that a resource does not have an id is when it is being submitted to the server using a create operation.","","","","","","","","",,,,,"",,,,"Resource.id",0,1,"",""
"Device.meta","Device.meta","","","",0,1,"","","Y","Meta {[]} {[]}
","Metadata about the resource","The metadata about the resource. This is content that is maintained by the infrastructure. Changes to the content might not always be associated with version changes to the resource.","","","","","","","","","",,,,,"",,,,"Resource.meta",0,1,"","ele-1:All FHIR elements must have a @value or children {hasValue() or (children().count() > id.count())}
"
"Device.meta.id","Device.meta.id","","","",0,1,"","","","string {[]} {[]}
","Unique id for inter-element referencing","Unique id for the element within a resource (for internal references). This may be any string value that does not contain spaces.","","","","","","","","","",,,,,"",,,,"Element.id",0,1,"","","n/a"
"Device.meta.extension","Device.meta.extension","","","",0,*,"","","","Extension {[]} {[]}
","✕ This element is not supported","Implementers should not set or read this element. 
This element is only kept as optional to allow submission of documents that would contain a value, 
since those documents are still readable by others.
The meaning of this element is undefined in this profile.","","","","","","","","","",,,,,"","value:url}
","Extensions are always sliced by (at least) url",,"open","Element.extension",0,*,"","ele-1:All FHIR elements must have a @value or children {hasValue() or (children().count() > id.count())}
ext-1:Must have either extensions or value[x], not both {extension.exists() != value.exists()}"
"Device.meta.versionId","Device.meta.versionId","","","",0,1,"","","Y","id {[]} {[]}
","✕ This element is not supported","Implementers should not set or read this element. 
This element is only kept as optional to allow submission of documents that would contain a value, 
since those documents are still readable by others.
The meaning of this element is undefined in this profile.","The server assigns this value, and ignores what the client specifies, except in the case that the server is imposing version integrity on updates/deletes.","","","","","","","","",,,,,"",,,,"Meta.versionId",0,1,"","ele-1:All FHIR elements must have a @value or children {hasValue() or (children().count() > id.count())}
"
"Device.meta.lastUpdated","Device.meta.lastUpdated","","","",0,1,"","","Y","instant {[]} {[]}
","✕ This element is not supported","Implementers should not set or read this element. 
This element is only kept as optional to allow submission of documents that would contain a value, 
since those documents are still readable by others.
The meaning of this element is undefined in this profile.","This value is always populated except when the resource is first being created. The server / resource manager sets this value; what a client provides is irrelevant. This is equivalent to the HTTP Last-Modified and SHOULD have the same value on a [read](http://hl7.org/fhir/R4/http.html#read) interaction.","","","","","","","","",,,,,"",,,,"Meta.lastUpdated",0,1,"","ele-1:All FHIR elements must have a @value or children {hasValue() or (children().count() > id.count())}
"
"Device.meta.source","Device.meta.source","","","",0,1,"","","Y","uri {[]} {[]}
","✕ This element is not supported","Implementers should not set or read this element. 
This element is only kept as optional to allow submission of documents that would contain a value, 
since those documents are still readable by others.
The meaning of this element is undefined in this profile.","In the provenance resource, this corresponds to Provenance.entity.what[x]. The exact use of the source (and the implied Provenance.entity.role) is left to implementer discretion. Only one nominated source is allowed; for additional provenance details, a full Provenance resource should be used. 

This element can be used to indicate where the current master source of a resource that has a canonical URL if the resource is no longer hosted at the canonical URL.","","","","","","","","",,,,,"",,,,"Meta.source",0,1,"","ele-1:All FHIR elements must have a @value or children {hasValue() or (children().count() > id.count())}
"
"Device.meta.profile","Device.meta.profile","","","",0,*,"","","Y","canonical {[]} {[CanonicalType[http://hl7.org/fhir/StructureDefinition/StructureDefinition]]}
","Profiles this resource claims to conform to","A list of profiles (references to [StructureDefinition](http://hl7.org/fhir/R4/structuredefinition.html#) resources) that this resource claims to conform to. The URL is a reference to [StructureDefinition.url](http://hl7.org/fhir/R4/structuredefinition-definitions.html#StructureDefinition.url).","It is up to the server and/or other infrastructure of policy to determine whether/how these claims are verified and/or updated over time.  The list of profile URLs is a set.","","","","","","","","",,,,,"",,,,"Meta.profile",0,*,"","ele-1:All FHIR elements must have a @value or children {hasValue() or (children().count() > id.count())}
"
"Device.meta.security","Device.meta.security","","","",0,*,"","","Y","Coding {[]} {[]}
","✕ This element is not supported","Implementers should not set or read this element. 
This element is only kept as optional to allow submission of documents that would contain a value, 
since those documents are still readable by others.
The meaning of this element is undefined in this profile.","The security labels can be updated without changing the stated version of the resource. The list of security labels is a set. Uniqueness is based the system/code, and version and display are ignored.","","","","","","","","",,"extensible","Security Labels from the Healthcare Privacy and Security Classification System.","http://hl7.org/fhir/ValueSet/security-labels","",,,,"Meta.security",0,*,"","ele-1:All FHIR elements must have a @value or children {hasValue() or (children().count() > id.count())}
"
"Device.meta.tag","Device.meta.tag","","","",0,*,"","","Y","Coding {[]} {[]}
","✕ This element is not supported","Implementers should not set or read this element. 
This element is only kept as optional to allow submission of documents that would contain a value, 
since those documents are still readable by others.
The meaning of this element is undefined in this profile.","The tags can be updated without changing the stated version of the resource. The list of tags is a set. Uniqueness is based the system/code, and version and display are ignored.","","","","","","","","",,"example","Codes that represent various types of tags, commonly workflow-related; e.g. ""Needs review by Dr. Jones"".","http://hl7.org/fhir/ValueSet/common-tags","",,,,"Meta.tag",0,*,"","ele-1:All FHIR elements must have a @value or children {hasValue() or (children().count() > id.count())}
"
"Device.implicitRules","Device.implicitRules","","","",0,0,"","Y","Y","uri {[]} {[]}
","A set of rules under which this content was created","A reference to a set of rules that were followed when the resource was constructed, and which must be understood when processing the content. Often, this is a reference to an implementation guide that defines the special rules along with other profiles etc.","Asserting this rule set restricts the content to be only understood by a limited set of trading partners. This inherently limits the usefulness of the data in the long term. However, the existing health eco-system is highly fractured, and not yet ready to define, collect, and exchange data in a generally computable sense. Wherever possible, implementers and/or specification writers should avoid using this element. Often, when used, the URL is a reference to an implementation guide that defines these special rules as part of it's narrative along with other profiles, value sets, etc.
All modifiers SHALL be documented in the profile, in order to be usable.","","","","","","","","",,,,,"",,,,"Resource.implicitRules",0,1,"","ele-1:All FHIR elements must have a @value or children {hasValue() or (children().count() > id.count())}
"
"Device.language","Device.language","","","",0,1,"","","","code {[]} {[]}
","Language of the resource content","The base language in which the resource is written.","Language is provided to support indexing and accessibility (typically, services such as text to speech use the language tag). The html language tag in the narrative applies  to the narrative. The language tag on the resource may be used to specify the language of other presentations generated from the data in the resource. Not all the content has to be in the base language. The Resource.language should not be assumed to apply to the narrative automatically. If a language is specified, it should it also be specified on the div element in the html (see rules in HTML5 for information about the relationship between xml:lang and the html lang attribute).","","","","","","","","",,"preferred","A human language.","http://hl7.org/fhir/ValueSet/languages","",,,,"Resource.language",0,1,"","ele-1:All FHIR elements must have a @value or children {hasValue() or (children().count() > id.count())}
"
"Device.text","Device.text","","narrative
htmlxhtmldisplay","",0,1,"","","","Narrative {[]} {[]}
","Text summary of the resource, for human interpretation","A human-readable narrative that contains a summary of the resource and can be used to represent the content of the resource to a human. The narrative need not encode all the structured data, but is required to contain sufficient detail to make it ""clinically safe"" for a human to just read the narrative. Resource definitions may define what content should be represented in the narrative to ensure clinical safety.","Contained resources do not have narrative. Resources that are not contained SHOULD have a narrative. In some cases, a resource may only have text with little or no additional discrete data (as long as all minOccurs=1 elements are satisfied).  This may be necessary for data from legacy systems where information is captured as a ""text blob"" or where text is additionally entered raw or narrated and encoded information is added later.","","","","","","","","",,,,,"",,,,"DomainResource.text",0,1,"","ele-1:All FHIR elements must have a @value or children {hasValue() or (children().count() > id.count())}
","Act.text?"
"Device.contained","Device.contained","","inline resources
anonymous resourcescontained resources","",0,*,"","","","Resource {[]} {[]}
","Contained, inline Resources","These resources do not have an independent existence apart from the resource that contains them - they cannot be identified independently, and nor can they have their own independent transaction scope.","This should never be done when the content can be identified properly, as once identification is lost, it is extremely difficult (and context dependent) to restore it again. Contained resources may have profiles and tags In their meta elements, but SHALL NOT have security labels.","","","","","","","","",,,,,"",,,,"DomainResource.contained",0,*,"","","N/A"
"Device.extension","Device.extension","","extensions
user content","",0,*,"","","","Extension {[]} {[]}
","Additional content defined by implementations","May be used to represent additional information that is not part of the basic definition of the resource. To make the use of extensions safe and manageable, there is a strict set of governance  applied to the definition and use of extensions. Though any implementer can define an extension, there is a set of requirements that SHALL be met as part of the definition of the extension.","There can be no stigma associated with the use of extensions by any application, project, or standard - regardless of the institution or jurisdiction that uses or defines the extensions.  The use of extensions is what allows the FHIR specification to retain a core level of simplicity for everyone.","","","","","","","","",,,,,"",,,,"DomainResource.extension",0,*,"","ele-1:All FHIR elements must have a @value or children {hasValue() or (children().count() > id.count())}
ext-1:Must have either extensions or value[x], not both {extension.exists() != value.exists()}","N/A"
"Device.modifierExtension","Device.modifierExtension","","","",0,0,"","Y","","Extension {[]} {[]}
","Extension","An Extension","All modifiers SHALL be documented in the profile, in order to be usable.","","","","","","","","",,,,,"",,,,"DomainResource.modifierExtension",0,*,"","ele-1:All FHIR elements must have a @value or children {hasValue() or (children().count() > id.count())}
ext-1:Must have either extensions or value[x], not both {extension.exists() != value.exists()}"
"Device.identifier","Device.identifier","","","",0,*,"","","","Identifier {[]} {[]}
","Instance identifier","Unique instance identifiers assigned to a device by manufacturers other organizations or owners.","The barcode string from a barcode present on a device label or package may identify the instance, include names given to the device in local usage, or may identify the type of device. If the identifier identifies the type of device, Device.type element should be used.","","","","","","","","",,,,,"",,,,"Device.identifier",0,*,"","ele-1:All FHIR elements must have a @value or children {hasValue() or (children().count() > id.count())}
",".id","FiveWs.identifier","The serial number which is a component of the production identifier (PI), a conditional, variable portion of a UDI.   The identifier.type code should be set to “SNO”(Serial Number) and the system left empty."
"Device.identifier.id","Device.identifier.id","","","",0,1,"","","","string {[]} {[]}
","Unique id for inter-element referencing","Unique id for the element within a resource (for internal references). This may be any string value that does not contain spaces.","","","","","","","","","",,,,,"",,,,"Element.id",0,1,"","","n/a"
"Device.identifier.extension","Device.identifier.extension","","","",0,*,"","","","Extension {[]} {[]}
","✕ This element is not supported","Implementers should not set or read this element. 
This element is only kept as optional to allow submission of documents that would contain a value, 
since those documents are still readable by others.
The meaning of this element is undefined in this profile.","","","","","","","","","",,,,,"","value:url}
","Extensions are always sliced by (at least) url",,"open","Element.extension",0,*,"","ele-1:All FHIR elements must have a @value or children {hasValue() or (children().count() > id.count())}
ext-1:Must have either extensions or value[x], not both {extension.exists() != value.exists()}"
"Device.identifier.use","Device.identifier.use","","","",0,1,"","Y","Y","code {[]} {[]}
","usual | official | temp | secondary | old (If known)","The purpose of this identifier.","Applications can assume that an identifier is permanent unless it explicitly says that it is temporary.","Allows the appropriate identifier for a particular context of use to be selected from among a set of identifiers.","","","","","","","",,"required","Identifies the purpose for this identifier, if known .","http://hl7.org/fhir/ValueSet/identifier-use|4.0.1","",,,,"Identifier.use",0,1,"","ele-1:All FHIR elements must have a @value or children {hasValue() or (children().count() > id.count())}
","Role.code or implied by context"
"Device.identifier.type","Device.identifier.type","","","",0,1,"","","Y","CodeableConcept {[]} {[]}
","✕ This element is not supported","Implementers should not set or read this element. 
This element is only kept as optional to allow submission of documents that would contain a value, 
since those documents are still readable by others.
The meaning of this element is undefined in this profile.","This element deals only with general categories of identifiers.  It SHOULD not be used for codes that correspond 1..1 with the Identifier.system. Some identifiers may fall into multiple categories due to common usage.   Where the system is known, a type is unnecessary because the type is always part of the system definition. However systems often need to handle identifiers where the system is not known. There is not a 1:1 relationship between type and system, since many different systems have the same type.","Allows users to make use of identifiers when the identifier system is not known.","","","","","","","",,"extensible","A coded type for an identifier that can be used to determine which identifier to use for a specific purpose.","http://hl7.org/fhir/ValueSet/identifier-type","",,,,"Identifier.type",0,1,"","ele-1:All FHIR elements must have a @value or children {hasValue() or (children().count() > id.count())}
","Role.code or implied by context"
"Device.identifier.system","Device.identifier.system","","","",0,1,"","","Y","uri {[]} {[]}
","The namespace for the identifier value","Establishes the namespace for the value - that is, a URL that describes a set values that are unique.","Identifier.system is always case sensitive.","There are many sets  of identifiers.  To perform matching of two identifiers, we need to know what set we're dealing with. The system identifies a particular set of unique identifiers.","","","","","<valueUri xmlns=""http://hl7.org/fhir"" value=""http://www.acme.com/identifiers/patient""/>","","",,,,,"",,,,"Identifier.system",0,1,"","ele-1:All FHIR elements must have a @value or children {hasValue() or (children().count() > id.count())}
","II.root or Role.id.root"
"Device.identifier.value","Device.identifier.value","","","",0,1,"","","Y","string {[]} {[]}
","The value that is unique","The portion of the identifier typically relevant to the user and which is unique within the context of the system.","If the value is a full URI, then the system SHALL be urn:ietf:rfc:3986.  The value's primary purpose is computational mapping.  As a result, it may be normalized for comparison purposes (e.g. removing non-significant whitespace, dashes, etc.)  A value formatted for human display can be conveyed using the [Rendered Value extension](http://hl7.org/fhir/R4/extension-rendered-value.html). Identifier.value is to be treated as case sensitive unless knowledge of the Identifier.system allows the processer to be confident that non-case-sensitive processing is safe.","","","","","","<valueString xmlns=""http://hl7.org/fhir"" value=""123456""/>","","",,,,,"",,,,"Identifier.value",0,1,"","ele-1:All FHIR elements must have a @value or children {hasValue() or (children().count() > id.count())}
","II.extension or II.root if system indicates OID or GUID (Or Role.id.extension or root)"
"Device.identifier.period","Device.identifier.period","","","",0,1,"","","Y","Period {[]} {[]}
","✕ This element is not supported","Implementers should not set or read this element. 
This element is only kept as optional to allow submission of documents that would contain a value, 
since those documents are still readable by others.
The meaning of this element is undefined in this profile.","","","","","","","","","",,,,,"",,,,"Identifier.period",0,1,"","ele-1:All FHIR elements must have a @value or children {hasValue() or (children().count() > id.count())}
","Role.effectiveTime or implied by context"
"Device.identifier.assigner","Device.identifier.assigner","","","",0,1,"","","Y","Reference {[]} {[CanonicalType[http://fhir.ch/ig/ch-emed-epr/StructureDefinition/ch-emed-epr-organization]]}
","✕ This element will be removed in PML(C) documents","Implementers should not set or read this element. 
This element is only kept as optional to allow submission of documents that would contain a value, 
since those documents are still readable by others.
The meaning of this element is undefined in this profile.","✕ Unsupported reference. It'll be stripped when generating PML(C) documents.","","","","","","","","",,,,,"",,,,"Identifier.assigner",0,1,"","ele-1:All FHIR elements must have a @value or children {hasValue() or (children().count() > id.count())}
","II.assigningAuthorityName but note that this is an improper use by the definition of the field.  Also Role.scoper"
"Device.definition","Device.definition","","","",0,1,"","","","Reference {[]} {[CanonicalType[http://hl7.org/fhir/StructureDefinition/DeviceDefinition]]}
","✕ This element will be removed in PML(C) documents","The reference to the definition for the device.","✕ Unsupported reference. It'll be stripped when generating PML(C) documents.","","","","","","","","",,,,,"",,,,"Device.definition",0,1,"","ele-1:All FHIR elements must have a @value or children {hasValue() or (children().count() > id.count())}
"
"Device.udiCarrier","Device.udiCarrier","","","",0,*,"","","Y","BackboneElement {[]} {[]}
","✕ This element is not supported","Implementers should not set or read this element. 
This element is only kept as optional to allow submission of documents that would contain a value, 
since those documents are still readable by others.
The meaning of this element is undefined in this profile.","UDI may identify an unique instance of a device, or it may only identify the type of the device.  See [UDI mappings](http://hl7.org/fhir/R4/device-mappings.html#udi) for a complete mapping of UDI parts to Device.","","","","","","","","",,,,,"",,,,"Device.udiCarrier",0,*,"","ele-1:All FHIR elements must have a @value or children {hasValue() or (children().count() > id.count())}
",".id and .code","FiveWs.identifier"
"Device.udiCarrier.id","Device.udiCarrier.id","","","",0,1,"","","","string {[]} {[]}
","Unique id for inter-element referencing","Unique id for the element within a resource (for internal references). This may be any string value that does not contain spaces.","","","","","","","","","",,,,,"",,,,"Element.id",0,1,"","","n/a"
"Device.udiCarrier.extension","Device.udiCarrier.extension","","extensions
user content","",0,*,"","","","Extension {[]} {[]}
","Additional content defined by implementations","May be used to represent additional information that is not part of the basic definition of the element. To make the use of extensions safe and manageable, there is a strict set of governance  applied to the definition and use of extensions. Though any implementer can define an extension, there is a set of requirements that SHALL be met as part of the definition of the extension.","There can be no stigma associated with the use of extensions by any application, project, or standard - regardless of the institution or jurisdiction that uses or defines the extensions.  The use of extensions is what allows the FHIR specification to retain a core level of simplicity for everyone.","","","","","","","","",,,,,"",,,,"Element.extension",0,*,"","ele-1:All FHIR elements must have a @value or children {hasValue() or (children().count() > id.count())}
ext-1:Must have either extensions or value[x], not both {extension.exists() != value.exists()}","n/a"
"Device.udiCarrier.modifierExtension","Device.udiCarrier.modifierExtension","","extensions
user contentmodifiers","",0,*,"","Y","Y","Extension {[]} {[]}
","Extensions that cannot be ignored even if unrecognized","May be used to represent additional information that is not part of the basic definition of the element and that modifies the understanding of the element in which it is contained and/or the understanding of the containing element's descendants. Usually modifier elements provide negation or qualification. To make the use of extensions safe and manageable, there is a strict set of governance applied to the definition and use of extensions. Though any implementer can define an extension, there is a set of requirements that SHALL be met as part of the definition of the extension. Applications processing a resource are required to check for modifier extensions.

Modifier extensions SHALL NOT change the meaning of any elements on Resource or DomainResource (including cannot change the meaning of modifierExtension itself).","There can be no stigma associated with the use of extensions by any application, project, or standard - regardless of the institution or jurisdiction that uses or defines the extensions.  The use of extensions is what allows the FHIR specification to retain a core level of simplicity for everyone.","Modifier extensions allow for extensions that *cannot* be safely ignored to be clearly distinguished from the vast majority of extensions which can be safely ignored.  This promotes interoperability by eliminating the need for implementers to prohibit the presence of extensions. For further information, see the [definition of modifier extensions](http://hl7.org/fhir/R4/extensibility.html#modifierExtension).","","","","","","","",,,,,"",,,,"BackboneElement.modifierExtension",0,*,"","ele-1:All FHIR elements must have a @value or children {hasValue() or (children().count() > id.count())}
ext-1:Must have either extensions or value[x], not both {extension.exists() != value.exists()}","N/A"
"Device.udiCarrier.deviceIdentifier","Device.udiCarrier.deviceIdentifier","","DI
","",0,1,"","","Y","string {[]} {[]}
","Mandatory fixed portion of UDI","The device identifier (DI) is a mandatory, fixed portion of a UDI that identifies the labeler and the specific version or model of a device.","","","","","","","","","",,,,,"",,,,"Device.udiCarrier.deviceIdentifier",0,1,"","ele-1:All FHIR elements must have a @value or children {hasValue() or (children().count() > id.count())}
","Role.id.extension","FiveWs.what[x]","The device identifier (DI), a mandatory, fixed portion of a UDI that identifies the labeler and the specific version or model of a device."
"Device.udiCarrier.issuer","Device.udiCarrier.issuer","","Barcode System
","",0,1,"","","","uri {[]} {[]}
","UDI Issuing Organization","Organization that is charged with issuing UDIs for devices.  For example, the US FDA issuers include :
1) GS1: 
http://hl7.org/fhir/NamingSystem/gs1-di, 
2) HIBCC:
http://hl7.org/fhir/NamingSystem/hibcc-dI, 
3) ICCBBA for blood containers:
http://hl7.org/fhir/NamingSystem/iccbba-blood-di, 
4) ICCBA for other devices:
http://hl7.org/fhir/NamingSystem/iccbba-other-di.","","","","","","","","","",,,,,"",,,,"Device.udiCarrier.issuer",0,1,"","ele-1:All FHIR elements must have a @value or children {hasValue() or (children().count() > id.count())}
","Role.id.root","All UDIs are to be issued under a system operated by an Jurisdiction-accredited issuing agency.
GS1 DIs: 
 http://hl7.org/fhir/NamingSystem/gs1
HIBCC DIs:
 http://hl7.org/fhir/NamingSystem/hibcc
ICCBBA DIs for blood containers:
 http://hl7.org/fhir/NamingSystem/iccbba-blood
ICCBA DIs for other devices:
 http://hl7.org/fhir/NamingSystem/iccbba-other"
"Device.udiCarrier.jurisdiction","Device.udiCarrier.jurisdiction","","","",0,1,"","","","uri {[]} {[]}
","Regional UDI authority","The identity of the authoritative source for UDI generation within a  jurisdiction.  All UDIs are globally unique within a single namespace with the appropriate repository uri as the system.  For example,  UDIs of devices managed in the U.S. by the FDA, the value is  http://hl7.org/fhir/NamingSystem/fda-udi.","","Allows a recipient of a UDI to know which database will contain the UDI-associated metadata.","","","","","","","",,,,,"",,,,"Device.udiCarrier.jurisdiction",0,1,"","ele-1:All FHIR elements must have a @value or children {hasValue() or (children().count() > id.count())}
","Role.scoper"
"Device.udiCarrier.carrierAIDC","Device.udiCarrier.carrierAIDC","","Automatic Identification and Data Capture
","",0,1,"","","Y","base64Binary {[]} {[]}
","UDI Machine Readable Barcode String","The full UDI carrier of the Automatic Identification and Data Capture (AIDC) technology representation of the barcode string as printed on the packaging of the device - e.g., a barcode or RFID.   Because of limitations on character sets in XML and the need to round-trip JSON data through XML, AIDC Formats *SHALL* be base64 encoded.","The AIDC form of UDIs should be scanned or otherwise used for the identification of the device whenever possible to minimize errors in records resulting from manual transcriptions. If separate barcodes for DI and PI are present, concatenate the string with DI first and in order of human readable expression on label.","","","","","","","","",,,,,"",,,,"Device.udiCarrier.carrierAIDC",0,1,"","ele-1:All FHIR elements must have a @value or children {hasValue() or (children().count() > id.count())}
","Role.id.extension","A unique device identifier (UDI) on a device label a form that uses automatic identification and data capture (AIDC) technology."
"Device.udiCarrier.carrierHRF","Device.udiCarrier.carrierHRF","","Human Readable Form
","",0,1,"","","Y","string {[]} {[]}
","UDI Human Readable Barcode String","The full UDI carrier as the human readable form (HRF) representation of the barcode string as printed on the packaging of the device.","If separate barcodes for DI and PI are present, concatenate the string with DI first and in order of human readable expression on label.","","","","","","","","",,,,,"",,,,"Device.udiCarrier.carrierHRF",0,1,"","ele-1:All FHIR elements must have a @value or children {hasValue() or (children().count() > id.count())}
","Role.id.extension","A unique device identifier (UDI) on a device label in plain text"
"Device.udiCarrier.entryType","Device.udiCarrier.entryType","","","",0,1,"","","","code {[]} {[]}
","barcode | rfid | manual +","A coded entry to indicate how the data was entered.","","Supports a way to distinguish hand entered from machine read data.","","","","","","","",,"required","Codes to identify how UDI data was entered.","http://hl7.org/fhir/ValueSet/udi-entry-type|4.0.1","",,,,"Device.udiCarrier.entryType",0,1,"","ele-1:All FHIR elements must have a @value or children {hasValue() or (children().count() > id.count())}
","NA"
"Device.status","Device.status","","","",0,1,"","Y","Y","code {[]} {[]}
","✕ This element is not supported","Implementers should not set or read this element. 
This element is only kept as optional to allow submission of documents that would contain a value, 
since those documents are still readable by others.
The meaning of this element is undefined in this profile.","This element is labeled as a modifier because the status contains the codes inactive and entered-in-error that mark the device (record)as not currently valid.","","","","","","","","",,"required","The availability status of the device.","http://hl7.org/fhir/ValueSet/device-status|4.0.1","",,,,"Device.status",0,1,"","ele-1:All FHIR elements must have a @value or children {hasValue() or (children().count() > id.count())}
",".statusCode","FiveWs.status"
"Device.statusReason","Device.statusReason","","","",0,*,"","","","CodeableConcept {[]} {[]}
","✕ This element is not supported","Implementers should not set or read this element. 
This element is only kept as optional to allow submission of documents that would contain a value, 
since those documents are still readable by others.
The meaning of this element is undefined in this profile.","","","","","","","","","",,"extensible","The availability status reason of the device.","http://hl7.org/fhir/ValueSet/device-status-reason","",,,,"Device.statusReason",0,*,"","ele-1:All FHIR elements must have a @value or children {hasValue() or (children().count() > id.count())}
","FiveWs.status"
"Device.distinctIdentifier","Device.distinctIdentifier","","Distinct Identification Code (DIC)
","",0,1,"","","","string {[]} {[]}
","The distinct identification string","The distinct identification string as required by regulation for a human cell, tissue, or cellular and tissue-based product.","For example, this applies to devices in the United States regulated under *Code of Federal Regulation 21CFR§1271.290(c)*.","","","","","","","","",,,,,"",,,,"Device.distinctIdentifier",0,1,"","ele-1:All FHIR elements must have a @value or children {hasValue() or (children().count() > id.count())}
",".lotNumberText","FiveWs.what[x]","The lot or batch number within which a device was manufactured - which is a component of the production identifier (PI), a conditional, variable portion of a UDI."
"Device.manufacturer","Device.manufacturer","","","",0,1,"","","","string {[]} {[]}
","Name of device manufacturer","A name of the manufacturer.","","","","","","","","","",,,,,"",,,,"Device.manufacturer",0,1,"","ele-1:All FHIR elements must have a @value or children {hasValue() or (children().count() > id.count())}
",".playedRole[typeCode=MANU].scoper.name","FiveWs.what[x]","N/A"
"Device.manufactureDate","Device.manufactureDate","","","",0,1,"","","","dateTime {[]} {[]}
","Date when the device was made","The date and time when the device was manufactured.","","","","","","","","","",,,,,"",,,,"Device.manufactureDate",0,1,"","ele-1:All FHIR elements must have a @value or children {hasValue() or (children().count() > id.count())}
",".existenceTime.low","FiveWs.what[x]","The date a specific device was manufactured - which is a component of the production identifier (PI), a conditional, variable portion of a UDI.  For FHIR, The datetime syntax must converted to YYYY-MM-DD[THH:MM:SS].  If hour is present, the minutes and seconds should both be set to “00”."
"Device.expirationDate","Device.expirationDate","","","",0,1,"","","","dateTime {[]} {[]}
","Date and time of expiry of this device (if applicable)","The date and time beyond which this device is no longer valid or should not be used (if applicable).","","","","","","","","","",,,,,"",,,,"Device.expirationDate",0,1,"","ele-1:All FHIR elements must have a @value or children {hasValue() or (children().count() > id.count())}
",".expirationTime","FiveWs.what[x]","the expiration date of a specific device -  which is a component of the production identifier (PI), a conditional, variable portion of a UDI.  For FHIR, The datetime syntax must converted to YYYY-MM-DD[THH:MM:SS].  If hour is present, the minutes and seconds should both be set to “00”."
"Device.lotNumber","Device.lotNumber","","","",0,1,"","","","string {[]} {[]}
","Lot number of manufacture","Lot number assigned by the manufacturer.","","","","","","","","","",,,,,"",,,,"Device.lotNumber",0,1,"","ele-1:All FHIR elements must have a @value or children {hasValue() or (children().count() > id.count())}
",".lotNumberText","FiveWs.what[x]","The lot or batch number within which a device was manufactured - which is a component of the production identifier (PI), a conditional, variable portion of a UDI."
"Device.serialNumber","Device.serialNumber","","","",0,1,"","","","string {[]} {[]}
","Serial number assigned by the manufacturer","The serial number assigned by the organization when the device was manufactured.","Alphanumeric Maximum 20.","","","","","","","","",,,,,"",,,,"Device.serialNumber",0,1,"","ele-1:All FHIR elements must have a @value or children {hasValue() or (children().count() > id.count())}
",".playedRole[typeCode=MANU].id","FiveWs.what[x]"
"Device.deviceName","Device.deviceName","","","",0,*,"","","","BackboneElement {[]} {[]}
","The name of the device as given by the manufacturer","This represents the manufacturer's name of the device as provided by the device, from a UDI label, or by a person describing the Device.  This typically would be used when a person provides the name(s) or when the device represents one of the names available from DeviceDefinition.","","","","","","","","","",,,,,"",,,,"Device.deviceName",0,*,"","ele-1:All FHIR elements must have a @value or children {hasValue() or (children().count() > id.count())}
"
"Device.deviceName.id","Device.deviceName.id","","","",0,1,"","","","string {[]} {[]}
","Unique id for inter-element referencing","Unique id for the element within a resource (for internal references). This may be any string value that does not contain spaces.","","","","","","","","","",,,,,"",,,,"Element.id",0,1,"","","n/a"
"Device.deviceName.extension","Device.deviceName.extension","","extensions
user content","",0,*,"","","","Extension {[]} {[]}
","Additional content defined by implementations","May be used to represent additional information that is not part of the basic definition of the element. To make the use of extensions safe and manageable, there is a strict set of governance  applied to the definition and use of extensions. Though any implementer can define an extension, there is a set of requirements that SHALL be met as part of the definition of the extension.","There can be no stigma associated with the use of extensions by any application, project, or standard - regardless of the institution or jurisdiction that uses or defines the extensions.  The use of extensions is what allows the FHIR specification to retain a core level of simplicity for everyone.","","","","","","","","",,,,,"",,,,"Element.extension",0,*,"","ele-1:All FHIR elements must have a @value or children {hasValue() or (children().count() > id.count())}
ext-1:Must have either extensions or value[x], not both {extension.exists() != value.exists()}","n/a"
"Device.deviceName.modifierExtension","Device.deviceName.modifierExtension","","extensions
user contentmodifiers","",0,*,"","Y","Y","Extension {[]} {[]}
","Extensions that cannot be ignored even if unrecognized","May be used to represent additional information that is not part of the basic definition of the element and that modifies the understanding of the element in which it is contained and/or the understanding of the containing element's descendants. Usually modifier elements provide negation or qualification. To make the use of extensions safe and manageable, there is a strict set of governance applied to the definition and use of extensions. Though any implementer can define an extension, there is a set of requirements that SHALL be met as part of the definition of the extension. Applications processing a resource are required to check for modifier extensions.

Modifier extensions SHALL NOT change the meaning of any elements on Resource or DomainResource (including cannot change the meaning of modifierExtension itself).","There can be no stigma associated with the use of extensions by any application, project, or standard - regardless of the institution or jurisdiction that uses or defines the extensions.  The use of extensions is what allows the FHIR specification to retain a core level of simplicity for everyone.","Modifier extensions allow for extensions that *cannot* be safely ignored to be clearly distinguished from the vast majority of extensions which can be safely ignored.  This promotes interoperability by eliminating the need for implementers to prohibit the presence of extensions. For further information, see the [definition of modifier extensions](http://hl7.org/fhir/R4/extensibility.html#modifierExtension).","","","","","","","",,,,,"",,,,"BackboneElement.modifierExtension",0,*,"","ele-1:All FHIR elements must have a @value or children {hasValue() or (children().count() > id.count())}
ext-1:Must have either extensions or value[x], not both {extension.exists() != value.exists()}","N/A"
"Device.deviceName.name","Device.deviceName.name","","Σ
","",1,1,"","","","string {[]} {[]}
","The name of the device","The name of the device.","","","","","","","","","",,,,,"",,,,"Device.deviceName.name",1,1,"","ele-1:All FHIR elements must have a @value or children {hasValue() or (children().count() > id.count())}
"
"Device.deviceName.type","Device.deviceName.type","","","",1,1,"","","","code {[]} {[]}
","udi-label-name | user-friendly-name | patient-reported-name | manufacturer-name | model-name | other","The type of deviceName.
UDILabelName | UserFriendlyName | PatientReportedName | ManufactureDeviceName | ModelName.","","","","","","","","","",,"required","The type of name the device is referred by.","http://hl7.org/fhir/ValueSet/device-nametype|4.0.1","",,,,"Device.deviceName.type",1,1,"","ele-1:All FHIR elements must have a @value or children {hasValue() or (children().count() > id.count())}
",".playedRole[typeCode=MANU].code","FiveWs.what[x]"
"Device.modelNumber","Device.modelNumber","","","",0,1,"","","","string {[]} {[]}
","The model number for the device","The model number for the device.","","","","","","","","","",,,,,"",,,,"Device.modelNumber",0,1,"","ele-1:All FHIR elements must have a @value or children {hasValue() or (children().count() > id.count())}
",".softwareName (included as part)","FiveWs.what[x]"
"Device.partNumber","Device.partNumber","","","",0,1,"","","","string {[]} {[]}
","The part number of the device","The part number of the device.","Alphanumeric Maximum 20.","","","","","","","","",,,,,"",,,,"Device.partNumber",0,1,"","ele-1:All FHIR elements must have a @value or children {hasValue() or (children().count() > id.count())}
",".playedRole[typeCode=MANU].id","FiveWs.what[x]"
"Device.type","Device.type","","","",0,1,"","","","CodeableConcept {[]} {[]}
","✕ This element is not supported","Implementers should not set or read this element. 
This element is only kept as optional to allow submission of documents that would contain a value, 
since those documents are still readable by others.
The meaning of this element is undefined in this profile.","","","","","","","","","",,"example","Codes to identify medical devices.","http://hl7.org/fhir/ValueSet/device-type","",,,,"Device.type",0,1,"","ele-1:All FHIR elements must have a @value or children {hasValue() or (children().count() > id.count())}
"
"Device.specialization","Device.specialization","","","",0,*,"","","","BackboneElement {[]} {[]}
","✕ This element is not supported","Implementers should not set or read this element. 
This element is only kept as optional to allow submission of documents that would contain a value, 
since those documents are still readable by others.
The meaning of this element is undefined in this profile.","","","","","","","","","",,,,,"",,,,"Device.specialization",0,*,"","ele-1:All FHIR elements must have a @value or children {hasValue() or (children().count() > id.count())}
"
"Device.specialization.id","Device.specialization.id","","","",0,1,"","","","string {[]} {[]}
","Unique id for inter-element referencing","Unique id for the element within a resource (for internal references). This may be any string value that does not contain spaces.","","","","","","","","","",,,,,"",,,,"Element.id",0,1,"","","n/a"
"Device.specialization.extension","Device.specialization.extension","","extensions
user content","",0,*,"","","","Extension {[]} {[]}
","Additional content defined by implementations","May be used to represent additional information that is not part of the basic definition of the element. To make the use of extensions safe and manageable, there is a strict set of governance  applied to the definition and use of extensions. Though any implementer can define an extension, there is a set of requirements that SHALL be met as part of the definition of the extension.","There can be no stigma associated with the use of extensions by any application, project, or standard - regardless of the institution or jurisdiction that uses or defines the extensions.  The use of extensions is what allows the FHIR specification to retain a core level of simplicity for everyone.","","","","","","","","",,,,,"",,,,"Element.extension",0,*,"","ele-1:All FHIR elements must have a @value or children {hasValue() or (children().count() > id.count())}
ext-1:Must have either extensions or value[x], not both {extension.exists() != value.exists()}","n/a"
"Device.specialization.modifierExtension","Device.specialization.modifierExtension","","extensions
user contentmodifiers","",0,*,"","Y","Y","Extension {[]} {[]}
","Extensions that cannot be ignored even if unrecognized","May be used to represent additional information that is not part of the basic definition of the element and that modifies the understanding of the element in which it is contained and/or the understanding of the containing element's descendants. Usually modifier elements provide negation or qualification. To make the use of extensions safe and manageable, there is a strict set of governance applied to the definition and use of extensions. Though any implementer can define an extension, there is a set of requirements that SHALL be met as part of the definition of the extension. Applications processing a resource are required to check for modifier extensions.

Modifier extensions SHALL NOT change the meaning of any elements on Resource or DomainResource (including cannot change the meaning of modifierExtension itself).","There can be no stigma associated with the use of extensions by any application, project, or standard - regardless of the institution or jurisdiction that uses or defines the extensions.  The use of extensions is what allows the FHIR specification to retain a core level of simplicity for everyone.","Modifier extensions allow for extensions that *cannot* be safely ignored to be clearly distinguished from the vast majority of extensions which can be safely ignored.  This promotes interoperability by eliminating the need for implementers to prohibit the presence of extensions. For further information, see the [definition of modifier extensions](http://hl7.org/fhir/R4/extensibility.html#modifierExtension).","","","","","","","",,,,,"",,,,"BackboneElement.modifierExtension",0,*,"","ele-1:All FHIR elements must have a @value or children {hasValue() or (children().count() > id.count())}
ext-1:Must have either extensions or value[x], not both {extension.exists() != value.exists()}","N/A"
"Device.specialization.systemType","Device.specialization.systemType","","Σ
","",1,1,"","","","CodeableConcept {[]} {[]}
","The standard that is used to operate and communicate","The standard that is used to operate and communicate.","","","","","","","","","",,,,,"",,,,"Device.specialization.systemType",1,1,"","ele-1:All FHIR elements must have a @value or children {hasValue() or (children().count() > id.count())}
"
"Device.specialization.version","Device.specialization.version","","","",0,1,"","","","string {[]} {[]}
","The version of the standard that is used to operate and communicate","The version of the standard that is used to operate and communicate.","","","","","","","","","",,,,,"",,,,"Device.specialization.version",0,1,"","ele-1:All FHIR elements must have a @value or children {hasValue() or (children().count() > id.count())}
","FiveWs.what[x]"
"Device.version","Device.version","","","",0,*,"","","","BackboneElement {[]} {[]}
","The actual design of the device or software version running on the device","The actual design of the device or software version running on the device.","","","","","","","","","",,,,,"",,,,"Device.version",0,*,"","ele-1:All FHIR elements must have a @value or children {hasValue() or (children().count() > id.count())}
"
"Device.version.id","Device.version.id","","","",0,1,"","","","string {[]} {[]}
","Unique id for inter-element referencing","Unique id for the element within a resource (for internal references). This may be any string value that does not contain spaces.","","","","","","","","","",,,,,"",,,,"Element.id",0,1,"","","n/a"
"Device.version.extension","Device.version.extension","","extensions
user content","",0,*,"","","","Extension {[]} {[]}
","Additional content defined by implementations","May be used to represent additional information that is not part of the basic definition of the element. To make the use of extensions safe and manageable, there is a strict set of governance  applied to the definition and use of extensions. Though any implementer can define an extension, there is a set of requirements that SHALL be met as part of the definition of the extension.","There can be no stigma associated with the use of extensions by any application, project, or standard - regardless of the institution or jurisdiction that uses or defines the extensions.  The use of extensions is what allows the FHIR specification to retain a core level of simplicity for everyone.","","","","","","","","",,,,,"",,,,"Element.extension",0,*,"","ele-1:All FHIR elements must have a @value or children {hasValue() or (children().count() > id.count())}
ext-1:Must have either extensions or value[x], not both {extension.exists() != value.exists()}","n/a"
"Device.version.modifierExtension","Device.version.modifierExtension","","extensions
user contentmodifiers","",0,*,"","Y","Y","Extension {[]} {[]}
","Extensions that cannot be ignored even if unrecognized","May be used to represent additional information that is not part of the basic definition of the element and that modifies the understanding of the element in which it is contained and/or the understanding of the containing element's descendants. Usually modifier elements provide negation or qualification. To make the use of extensions safe and manageable, there is a strict set of governance applied to the definition and use of extensions. Though any implementer can define an extension, there is a set of requirements that SHALL be met as part of the definition of the extension. Applications processing a resource are required to check for modifier extensions.

Modifier extensions SHALL NOT change the meaning of any elements on Resource or DomainResource (including cannot change the meaning of modifierExtension itself).","There can be no stigma associated with the use of extensions by any application, project, or standard - regardless of the institution or jurisdiction that uses or defines the extensions.  The use of extensions is what allows the FHIR specification to retain a core level of simplicity for everyone.","Modifier extensions allow for extensions that *cannot* be safely ignored to be clearly distinguished from the vast majority of extensions which can be safely ignored.  This promotes interoperability by eliminating the need for implementers to prohibit the presence of extensions. For further information, see the [definition of modifier extensions](http://hl7.org/fhir/R4/extensibility.html#modifierExtension).","","","","","","","",,,,,"",,,,"BackboneElement.modifierExtension",0,*,"","ele-1:All FHIR elements must have a @value or children {hasValue() or (children().count() > id.count())}
ext-1:Must have either extensions or value[x], not both {extension.exists() != value.exists()}","N/A"
"Device.version.type","Device.version.type","","Σ
","",0,1,"","","","CodeableConcept {[]} {[]}
","The type of the device version","The type of the device version.","","","","","","","","","",,,,,"",,,,"Device.version.type",0,1,"","ele-1:All FHIR elements must have a @value or children {hasValue() or (children().count() > id.count())}
"
"Device.version.component","Device.version.component","","","",0,1,"","","","Identifier {[]} {[]}
","A single component of the device version","A single component of the device version.","","","","","","","","","",,,,,"",,,,"Device.version.component",0,1,"","ele-1:All FHIR elements must have a @value or children {hasValue() or (children().count() > id.count())}
","FiveWs.what[x]"
"Device.version.value","Device.version.value","","","",1,1,"","","","string {[]} {[]}
","The version text","The version text.","","","","","","","","","",,,,,"",,,,"Device.version.value",1,1,"","ele-1:All FHIR elements must have a @value or children {hasValue() or (children().count() > id.count())}
"
"Device.property","Device.property","","","",0,*,"","","","BackboneElement {[]} {[]}
","✕ This element is not supported","Implementers should not set or read this element. 
This element is only kept as optional to allow submission of documents that would contain a value, 
since those documents are still readable by others.
The meaning of this element is undefined in this profile.","","","","","","","","","",,,,,"",,,,"Device.property",0,*,"","ele-1:All FHIR elements must have a @value or children {hasValue() or (children().count() > id.count())}
"
"Device.property.id","Device.property.id","","","",0,1,"","","","string {[]} {[]}
","Unique id for inter-element referencing","Unique id for the element within a resource (for internal references). This may be any string value that does not contain spaces.","","","","","","","","","",,,,,"",,,,"Element.id",0,1,"","","n/a"
"Device.property.extension","Device.property.extension","","extensions
user content","",0,*,"","","","Extension {[]} {[]}
","Additional content defined by implementations","May be used to represent additional information that is not part of the basic definition of the element. To make the use of extensions safe and manageable, there is a strict set of governance  applied to the definition and use of extensions. Though any implementer can define an extension, there is a set of requirements that SHALL be met as part of the definition of the extension.","There can be no stigma associated with the use of extensions by any application, project, or standard - regardless of the institution or jurisdiction that uses or defines the extensions.  The use of extensions is what allows the FHIR specification to retain a core level of simplicity for everyone.","","","","","","","","",,,,,"",,,,"Element.extension",0,*,"","ele-1:All FHIR elements must have a @value or children {hasValue() or (children().count() > id.count())}
ext-1:Must have either extensions or value[x], not both {extension.exists() != value.exists()}","n/a"
"Device.property.modifierExtension","Device.property.modifierExtension","","extensions
user contentmodifiers","",0,*,"","Y","Y","Extension {[]} {[]}
","Extensions that cannot be ignored even if unrecognized","May be used to represent additional information that is not part of the basic definition of the element and that modifies the understanding of the element in which it is contained and/or the understanding of the containing element's descendants. Usually modifier elements provide negation or qualification. To make the use of extensions safe and manageable, there is a strict set of governance applied to the definition and use of extensions. Though any implementer can define an extension, there is a set of requirements that SHALL be met as part of the definition of the extension. Applications processing a resource are required to check for modifier extensions.

Modifier extensions SHALL NOT change the meaning of any elements on Resource or DomainResource (including cannot change the meaning of modifierExtension itself).","There can be no stigma associated with the use of extensions by any application, project, or standard - regardless of the institution or jurisdiction that uses or defines the extensions.  The use of extensions is what allows the FHIR specification to retain a core level of simplicity for everyone.","Modifier extensions allow for extensions that *cannot* be safely ignored to be clearly distinguished from the vast majority of extensions which can be safely ignored.  This promotes interoperability by eliminating the need for implementers to prohibit the presence of extensions. For further information, see the [definition of modifier extensions](http://hl7.org/fhir/R4/extensibility.html#modifierExtension).","","","","","","","",,,,,"",,,,"BackboneElement.modifierExtension",0,*,"","ele-1:All FHIR elements must have a @value or children {hasValue() or (children().count() > id.count())}
ext-1:Must have either extensions or value[x], not both {extension.exists() != value.exists()}","N/A"
"Device.property.type","Device.property.type","","","",1,1,"","","","CodeableConcept {[]} {[]}
","Code that specifies the property DeviceDefinitionPropetyCode (Extensible)","Code that specifies the property DeviceDefinitionPropetyCode (Extensible).","","","","","","","","","",,,,,"",,,,"Device.property.type",1,1,"","ele-1:All FHIR elements must have a @value or children {hasValue() or (children().count() > id.count())}
"
"Device.property.valueQuantity","Device.property.valueQuantity","","","",0,*,"","","","Quantity {[]} {[]}
","Property value as a quantity","Property value as a quantity.","","","","","","","","","",,,,,"",,,,"Device.property.valueQuantity",0,*,"","ele-1:All FHIR elements must have a @value or children {hasValue() or (children().count() > id.count())}
"
"Device.property.valueCode","Device.property.valueCode","","","",0,*,"","","","CodeableConcept {[]} {[]}
","Property value as a code, e.g., NTP4 (synced to NTP)","Property value as a code, e.g., NTP4 (synced to NTP).","","","","","","","","","",,,,,"",,,,"Device.property.valueCode",0,*,"","ele-1:All FHIR elements must have a @value or children {hasValue() or (children().count() > id.count())}
"
"Device.patient","Device.patient","","","",0,1,"","","","Reference {[]} {[CanonicalType[http://hl7.org/fhir/StructureDefinition/Patient]]}
","✕ This element will be removed in PML(C) documents","Patient information, If the device is affixed to a person.","✕ Unsupported reference. It'll be stripped when generating PML(C) documents.","If the device is implanted in a patient, then need to associate the device to the patient.","","","","","","","",,,,,"",,,,"Device.patient",0,1,"","ele-1:All FHIR elements must have a @value or children {hasValue() or (children().count() > id.count())}
",".playedRole[typeCode=USED].scoper.playedRole[typeCode=PAT]","FiveWs.subject[x]","FiveWs.subject"
"Device.owner","Device.owner","","","",0,1,"","","","Reference {[]} {[CanonicalType[http://fhir.ch/ig/ch-emed-epr/StructureDefinition/ch-emed-epr-organization]]}
","✕ This element will be removed in PML(C) documents","An organization that is responsible for the provision and ongoing maintenance of the device.","✕ Unsupported reference. It'll be stripped when generating PML(C) documents.","","","","","","","","",,,,,"",,,,"Device.owner",0,1,"","ele-1:All FHIR elements must have a @value or children {hasValue() or (children().count() > id.count())}
",".playedRole[typeCode=OWN].scoper","FiveWs.source"
"Device.contact","Device.contact","","","",0,*,"","","","ContactPoint {[]} {[]}
","Details for human/organization for support","Contact details for an organization or a particular human that is responsible for the device.","used for troubleshooting etc.","","","","","","","","",,,,,"",,,,"Device.contact",0,*,"","ele-1:All FHIR elements must have a @value or children {hasValue() or (children().count() > id.count())}
",".scopedRole[typeCode=CON].player","FiveWs.source"
"Device.location","Device.location","","","",0,1,"","","","Reference {[]} {[CanonicalType[http://hl7.org/fhir/StructureDefinition/Location]]}
","✕ This element will be removed in PML(C) documents","The place where the device can be found.","✕ Unsupported reference. It'll be stripped when generating PML(C) documents.","Device.location can be used to track device location.","","","","","","","",,,,,"",,,,"Device.location",0,1,"","ele-1:All FHIR elements must have a @value or children {hasValue() or (children().count() > id.count())}
",".playedRole[typeCode=LOCE].scoper","FiveWs.where[x]"
"Device.url","Device.url","","","",0,1,"","","","uri {[]} {[]}
","Network address to contact device","A network address on which the device may be contacted directly.","If the device is running a FHIR server, the network address should  be the Base URL from which a conformance statement may be retrieved.","","","","","","","","",,,,,"",,,,"Device.url",0,1,"","ele-1:All FHIR elements must have a @value or children {hasValue() or (children().count() > id.count())}
",".telecom","FiveWs.where[x]"
"Device.note","Device.note","","","",0,*,"","","","Annotation {[]} {[]}
","Device notes and comments","Descriptive information, usage information or implantation information that is not captured in an existing element.","","","","","","","","","",,,,,"",,,,"Device.note",0,*,"","ele-1:All FHIR elements must have a @value or children {hasValue() or (children().count() > id.count())}
",".text"
"Device.note.id","Device.note.id","","","",0,1,"","","","string {[]} {[]}
","Unique id for inter-element referencing","Unique id for the element within a resource (for internal references). This may be any string value that does not contain spaces.","","","","","","","","","",,,,,"",,,,"Element.id",0,1,"","","n/a"
"Device.note.extension","Device.note.extension","","extensions
user content","",0,*,"","","","Extension {[]} {[]}
","Additional content defined by implementations","May be used to represent additional information that is not part of the basic definition of the element. To make the use of extensions safe and manageable, there is a strict set of governance  applied to the definition and use of extensions. Though any implementer can define an extension, there is a set of requirements that SHALL be met as part of the definition of the extension.","There can be no stigma associated with the use of extensions by any application, project, or standard - regardless of the institution or jurisdiction that uses or defines the extensions.  The use of extensions is what allows the FHIR specification to retain a core level of simplicity for everyone.","","","","","","","","",,,,,"","value:url}
","Extensions are always sliced by (at least) url",,"open","Element.extension",0,*,"","ele-1:All FHIR elements must have a @value or children {hasValue() or (children().count() > id.count())}
ext-1:Must have either extensions or value[x], not both {extension.exists() != value.exists()}","n/a"
"Device.note.author[x]","Device.note.author[x]","","","",0,1,"","","Y","Reference {[]} {[CanonicalType[http://hl7.org/fhir/StructureDefinition/Practitioner], CanonicalType[http://hl7.org/fhir/StructureDefinition/Patient], CanonicalType[http://hl7.org/fhir/StructureDefinition/RelatedPerson], CanonicalType[http://hl7.org/fhir/StructureDefinition/Organization]]}
string {[]} {[]}","Individual responsible for the annotation","The individual responsible for making the annotation.","Organization is used when there's no need for specific attribution as to who made the comment.","","","","","","","","",,,,,"","type:$this}
","",,"open","Annotation.author[x]",0,1,"","ele-1:All FHIR elements must have a @value or children {hasValue() or (children().count() > id.count())}
","Act.participant[typeCode=AUT].role"
"Device.note.author[x]:authorReference","Device.note.author[x]","authorReference","","",0,1,"","","Y","Reference {[]} {[CanonicalType[http://hl7.org/fhir/StructureDefinition/Practitioner], CanonicalType[http://hl7.org/fhir/StructureDefinition/Patient], CanonicalType[http://hl7.org/fhir/StructureDefinition/RelatedPerson], CanonicalType[http://hl7.org/fhir/StructureDefinition/Organization]]}
","✕ This element will be removed in PML(C) documents","The individual responsible for making the annotation.","✕ Unsupported reference. It'll be stripped when generating PML(C) documents.","","","","","","","","",,,,,"",,,,"Annotation.author[x]",0,1,"","ele-1:All FHIR elements must have a @value or children {hasValue() or (children().count() > id.count())}
","Act.participant[typeCode=AUT].role"
"Device.note.time","Device.note.time","","","",0,1,"","","Y","dateTime {[]} {[]}
","When the annotation was made","Indicates when this particular annotation was made.","","","","","","","","","",,,,,"",,,,"Annotation.time",0,1,"","ele-1:All FHIR elements must have a @value or children {hasValue() or (children().count() > id.count())}
","Act.effectiveTime"
"Device.note.text","Device.note.text","","","",1,1,"","","Y","markdown {[]} {[]}
","The annotation  - text content (as markdown)","The text of the annotation in markdown format.","","","","","","","","","",,,,,"",,,,"Annotation.text",1,1,"","ele-1:All FHIR elements must have a @value or children {hasValue() or (children().count() > id.count())}
","Act.text"
"Device.safety","Device.safety","","","",0,*,"","","Y","CodeableConcept {[]} {[]}
","✕ This element is not supported","Implementers should not set or read this element. 
This element is only kept as optional to allow submission of documents that would contain a value, 
since those documents are still readable by others.
The meaning of this element is undefined in this profile.","","","","","","","","","",,,,,"",,,,"Device.safety",0,*,"","ele-1:All FHIR elements must have a @value or children {hasValue() or (children().count() > id.count())}
","NA"
"Device.parent","Device.parent","","","",0,1,"","","","Reference {[]} {[CanonicalType[http://hl7.org/fhir/StructureDefinition/Device]]}
","✕ This element will be removed in PML(C) documents","The parent device.","✕ Unsupported reference. It'll be stripped when generating PML(C) documents.","","","","","","","","",,,,,"",,,,"Device.parent",0,1,"","ele-1:All FHIR elements must have a @value or children {hasValue() or (children().count() > id.count())}
"
