{"resourceType":"ValueSet","id":"ch-elm-results-ebol-org","text":{"status":"generated","div":"<div xmlns=\"http://www.w3.org/1999/xhtml\"><p class=\"res-header-id\"><b>Generated Narrative: ValueSet ch-elm-results-ebol-org</b></p><a name=\"ch-elm-results-ebol-org\"> </a><a name=\"hcch-elm-results-ebol-org\"> </a><p>This value set includes codes based on the following rules:</p><ul/></div>"},"url":"http://fhir.ch/ig/ch-elm/ValueSet/ch-elm-results-ebol-org","version":"1.11.0","name":"ChElmResultsEbolOrg","title":"CH ELM Results Ebol Org","status":"active","experimental":false,"date":"2025-08-13T07:08:59+00:00","publisher":"Federal Office of Public Health FOPH","contact":[{"name":"Federal Office of Public Health FOPH","telecom":[{"system":"url","value":"https://www.bag.admin.ch/bag/en/home/das-bag/kontakt-standort.html"}]}],"description":"The \"CH ELM Results Ebol Org\" organism group provides a curated set of codes representing specific organisms. Each code within this group has been selected to ensure precise representation and consistency in relation to the primary LOINC codes. Clients utilizing the \"CH ELM Results Ebol Org\" group should refer to the provided codes to accurately and uniformly capture and report organism-related information.","jurisdiction":[{"coding":[{"system":"urn:iso:std:iso:3166","code":"CH"}]}],"copyright":"CC0-1.0"}