{"resourceType":"ValueSet","id":"ch-elm-results-influenza-hxny-org","text":{"status":"generated","div":"<div xmlns=\"http://www.w3.org/1999/xhtml\"><p class=\"res-header-id\"><b>Generated Narrative: ValueSet ch-elm-results-influenza-hxny-org</b></p><a name=\"ch-elm-results-influenza-hxny-org\"> </a><a name=\"hcch-elm-results-influenza-hxny-org\"> </a><ul><li>Include these codes as defined in <a href=\"http://www.snomed.org/\"><code>http://snomed.info/sct</code></a><table class=\"none\"><tr><td style=\"white-space:nowrap\"><b>Code</b></td><td><b>Display</b></td></tr><tr><td><a href=\"http://snomed.info/id/446397006\">446397006</a></td><td>Influenza A virus subtype H2 (organism)</td></tr><tr><td><a href=\"http://snomed.info/id/1354812007\">1354812007</a></td><td>Influenza A virus subtype H1N1v (organism)</td></tr><tr><td><a href=\"http://snomed.info/id/446649001\">446649001</a></td><td>Influenza A virus subtype H9 (organism)</td></tr><tr><td><a href=\"http://snomed.info/id/772827006\">772827006</a></td><td>Influenza A virus subtype H5N1 (organism)</td></tr><tr><td><a href=\"http://snomed.info/id/446647004\">446647004</a></td><td>Influenza A virus subtype H5 (organism)</td></tr><tr><td><a href=\"http://snomed.info/id/700349009\">700349009</a></td><td>Influenza A virus subtype H10 (organism)</td></tr><tr><td><a href=\"http://snomed.info/id/446648009\">446648009</a></td><td>Influenza A virus subtype H7 (organism)</td></tr></table></li></ul></div>"},"url":"http://fhir.ch/ig/ch-elm/ValueSet/ch-elm-results-influenza-hxny-org","version":"1.11.0","name":"ChElmResultsInfluenzaHxnyOrg","title":"CH ELM Results Influenza Hxny Org","status":"active","experimental":false,"date":"2025-08-13T07:08:59+00:00","publisher":"Federal Office of Public Health FOPH","contact":[{"name":"Federal Office of Public Health FOPH","telecom":[{"system":"url","value":"https://www.bag.admin.ch/bag/en/home/das-bag/kontakt-standort.html"}]}],"description":"The \"CH ELM Results Influenza Hxny Org\" organism group provides a curated set of codes representing specific organisms. Each code within this group has been selected to ensure precise representation and consistency in relation to the primary LOINC codes. Clients utilizing the \"CH ELM Results Influenza Hxny Org\" group should refer to the provided codes to accurately and uniformly capture and report organism-related information.","jurisdiction":[{"coding":[{"system":"urn:iso:std:iso:3166","code":"CH"}]}],"copyright":"CC0-1.0","compose":{"include":[{"system":"http://snomed.info/sct","concept":[{"code":"446397006","display":"Influenza A virus subtype H2 (organism)"},{"code":"1354812007","display":"Influenza A virus subtype H1N1v (organism)"},{"code":"446649001","display":"Influenza A virus subtype H9 (organism)"},{"code":"772827006","display":"Influenza A virus subtype H5N1 (organism)"},{"code":"446647004","display":"Influenza A virus subtype H5 (organism)"},{"code":"700349009","display":"Influenza A virus subtype H10 (organism)"},{"code":"446648009","display":"Influenza A virus subtype H7 (organism)"}]}]}}