{"resourceType":"ValueSet","id":"ch-elm-foph-patient-name-representation","text":{"status":"extensions","div":"<div xmlns=\"http://www.w3.org/1999/xhtml\"><p class=\"res-header-id\"><b>Generated Narrative: ValueSet ch-elm-foph-patient-name-representation</b></p><a name=\"ch-elm-foph-patient-name-representation\"> </a><a name=\"hcch-elm-foph-patient-name-representation\"> </a><ul><li>Include these codes as defined in <a href=\"CodeSystem-ch-elm-foph-patient-name-representation.html\"><code>http://fhir.ch/ig/ch-elm/CodeSystem/ch-elm-foph-patient-name-representation</code></a><table class=\"none\"><tr><td style=\"white-space:nowrap\"><b>Code</b></td><td><b>Display</b></td><td><b>Definition</b></td></tr><tr><td><a href=\"CodeSystem-ch-elm-foph-patient-name-representation.html#ch-elm-foph-patient-name-representation-full-name\">full-name</a></td><td>Full Name</td><td>Full name of the patient (given name and family name).</td></tr><tr><td><a href=\"CodeSystem-ch-elm-foph-patient-name-representation.html#ch-elm-foph-patient-name-representation-initials\">initials</a></td><td>Initials</td><td>The first letter of the given name and family name. For compound names, only include the first part of the name.</td></tr><tr><td><a href=\"CodeSystem-ch-elm-foph-patient-name-representation.html#ch-elm-foph-patient-name-representation-hiv-code\">hiv-code</a></td><td>HIV Code</td><td>An HIV-specific code representing the patient. Consult the 'Guidance - Personal Data (Patient Name)' for details on constructing the HIV patient identification code.</td></tr><tr><td><a href=\"CodeSystem-ch-elm-foph-patient-name-representation.html#ch-elm-foph-patient-name-representation-initials-or-vctcode\">initials-or-vctcode</a></td><td>Initials or VCT-Code</td><td>Initials of the patient name (given name and family name) or VCT-Code (voluntary counselling and testing code).</td></tr><tr><td><a href=\"CodeSystem-ch-elm-foph-patient-name-representation.html#ch-elm-foph-patient-name-representation-conditional\">conditional</a></td><td>Conditional</td><td>The leading code (Observation.code) does not define a patient-anonymization, it is dependent on further specification of the organism. Consult the Ordinance SR 818.101.126 (https://www.fedlex.admin.ch/eli/cc/2015/892/de) to determine the required patient-anonymization depending on the organism reported.</td></tr></table></li></ul></div>"},"url":"http://fhir.ch/ig/ch-elm/ValueSet/ch-elm-foph-patient-name-representation","version":"1.11.0","name":"ChElmFophPatientNameRepresentation","title":"CH ELM FOPH Patient Name Representation","status":"active","experimental":false,"date":"2025-08-13T07:08:59+00:00","publisher":"Federal Office of Public Health FOPH","contact":[{"name":"Federal Office of Public Health FOPH","telecom":[{"system":"url","value":"https://www.bag.admin.ch/bag/en/home/das-bag/kontakt-standort.html"}]}],"description":"This CH ELM resource defines the codes which identify possible patient name schemas to be used.","jurisdiction":[{"coding":[{"system":"urn:iso:std:iso:3166","code":"CH"}]}],"copyright":"CC0-1.0","compose":{"include":[{"system":"http://fhir.ch/ig/ch-elm/CodeSystem/ch-elm-foph-patient-name-representation","concept":[{"code":"full-name","display":"Full Name"},{"code":"initials","display":"Initials"},{"code":"hiv-code","display":"HIV Code"},{"code":"initials-or-vctcode","display":"Initials or VCT-Code"},{"code":"conditional","display":"Conditional"}]}]}}