{"resourceType":"ValueSet","id":"ch-elm-results-component-antibiotic-cpe","text":{"status":"generated","div":"<div xmlns=\"http://www.w3.org/1999/xhtml\"><p class=\"res-header-id\"><b>Generated Narrative: ValueSet ch-elm-results-component-antibiotic-cpe</b></p><a name=\"ch-elm-results-component-antibiotic-cpe\"> </a><a name=\"hcch-elm-results-component-antibiotic-cpe\"> </a><p>This value set includes codes based on the following rules:</p><ul/></div>"},"url":"http://fhir.ch/ig/ch-elm/ValueSet/ch-elm-results-component-antibiotic-cpe","version":"1.11.0","name":"ChElmResultsComponentAntibioticCpe","title":"CH ELM Results Component Antibiotic for CPE","status":"active","experimental":false,"date":"2025-08-13T07:08:59+00:00","publisher":"Federal Office of Public Health FOPH","contact":[{"name":"Federal Office of Public Health FOPH","telecom":[{"system":"url","value":"https://www.bag.admin.ch/bag/en/home/das-bag/kontakt-standort.html"}]}],"description":"The \"CH ELM Results Component Antibitics\" oprovides a curated set of codes representing specific antibiotics.","jurisdiction":[{"coding":[{"system":"urn:iso:std:iso:3166","code":"CH"}]}],"copyright":"CC0-1.0"}