<?xml version="1.0" encoding="UTF-8"?>

<MedicationStatement xmlns="http://hl7.org/fhir">
  <id value="MedStatTriatec-ChangeDosage"/>
  <meta>
    <profile value="http://fhir.ch/ig/ch-emed/StructureDefinition/ch-emed-medicationstatement-changed"/>
  </meta>
  <text>
    <status value="generated"/><div xmlns="http://www.w3.org/1999/xhtml"><p><b>Generated Narrative: MedicationStatement</b><a name="MedStatTriatec-ChangeDosage"> </a><a name="hcMedStatTriatec-ChangeDosage"> </a></p><div style="display: inline-block; background-color: #d9e0e7; padding: 6px; margin: 4px; border: 1px solid #8da1b4; border-radius: 5px; line-height: 60%"><p style="margin-bottom: 0px">ResourceMedicationStatement &quot;MedStatTriatec-ChangeDosage&quot; </p><p style="margin-bottom: 0px">Profile: <a href="StructureDefinition-ch-emed-medicationstatement-changed.html">CH EMED MedicationStatement Changed</a></p></div><p><b>identifier</b>: <a href="http://terminology.hl7.org/5.5.0/NamingSystem-uri.html" title="As defined by RFC 3986 (http://www.ietf.org/rfc/rfc3986.txt)(with many schemes defined in many RFCs). For OIDs and UUIDs, use the URN form (urn:oid:(note: lowercase) and urn:uuid:). See http://www.ietf.org/rfc/rfc3001.txt and http://www.ietf.org/rfc/rfc4122.txt 

This oid is used as an identifier II.root to indicate the the extension is an absolute URI (technically, an IRI). Typically, this is used for OIDs and GUIDs. Note that when this OID is used with OIDs and GUIDs, the II.extension should start with urn:oid or urn:uuid: 

Note that this OID is created to aid with interconversion between CDA and FHIR - FHIR uses urn:ietf:rfc:3986 as equivalent to this OID. URIs as identifiers appear more commonly in FHIR.

This OID may also be used in CD.codeSystem.">Uniform Resource Identifier (URI)</a>/urn:uuid:c9f758a1-296c-4710-84d4-e181db8c7478</p><p><b>partOf</b>: <a href="Observation-Obs-ChangeDosage.html">Observation/Obs-ChangeDosage</a></p><p><b>status</b>: active</p><p><b>medication</b>: <a name="hcAmlodipin"> </a></p><blockquote><p/><p><a name="Amlodipin"> </a></p><p><a name="hcAmlodipin"> </a></p><p><b>code</b>: AMLODIPIN Spirig HC Tabl 10 mg <span style="background: LightGoldenRodYellow; margin: 4px; border: 1px solid khaki"> (unknown#7680588620079)</span></p><p><b>form</b>: Tablette <span style="background: LightGoldenRodYellow; margin: 4px; border: 1px solid khaki"> (<a href="http://fhir.ch/ig/ch-term/3.0.0/CodeSystem-edqm-standardterms.html">EDQM - Standard Terms</a>#10219000 &quot;Tablet&quot;)</span></p><p><b>amount</b>: 30 Tablet (unit of presentation)<span style="background: LightGoldenRodYellow"> (Details: SNOWMED CT code 732936001 = 'Tablet (unit of presentation)')</span>/1 Package - unit of product usage (qualifier value)<span style="background: LightGoldenRodYellow"> (Details: SNOWMED CT code 1681000175101 = 'Package - unit of product usage')</span></p><h3>Ingredients</h3><table class="grid"><tr><td style="display: none">-</td><td><b>Item[x]</b></td><td><b>Strength</b></td></tr><tr><td style="display: none">*</td><td>Amlodipine <span style="background: LightGoldenRodYellow; margin: 4px; border: 1px solid khaki"> (<a href="https://browser.ihtsdotools.org/">SNOWMED CT</a>#386864001 &quot;Amlodipine (substance)&quot;)</span></td><td>10 milligram<span style="background: LightGoldenRodYellow"> (Details: UCUM code mg = 'mg')</span>/1 Tablet (unit of presentation)<span style="background: LightGoldenRodYellow"> (Details: SNOWMED CT code 732936001 = 'Tablet (unit of presentation)')</span></td></tr></table></blockquote><p><b>subject</b>: <a href="Patient-MonikaWegmueller.html">Patient/MonikaWegmueller</a> &quot; WEGMÜLLER&quot;</p><p><b>dateAsserted</b>: 2012-02-04 14:00:00+0100</p><p><b>informationSource</b>: <a href="PractitionerRole-FamilienHausarztAtHausarzt.html">PractitionerRole/FamilienHausarztAtHausarzt</a></p><p><b>reasonCode</b>: Bluthochdruck <span style="background: LightGoldenRodYellow; margin: 4px; border: 1px solid khaki"> ()</span></p><blockquote><p><b>dosage</b></p><p><b>patientInstruction</b>: -</p><p><b>timing</b>: Starting 2011-11-29 , , ?ngen-6?</p><p><b>route</b>: zum Einnehmen <span style="background: LightGoldenRodYellow; margin: 4px; border: 1px solid khaki"> (<a href="http://fhir.ch/ig/ch-term/3.0.0/CodeSystem-edqm-standardterms.html">EDQM - Standard Terms</a>#20053000 &quot;Oral use&quot;)</span></p><blockquote><p><b>doseAndRate</b></p></blockquote></blockquote><hr/><blockquote><p><b>Generated Narrative: Medication #Amlodipin</b><a name="Amlodipin"> </a><a name="hcAmlodipin"> </a></p><p><b>code</b>: AMLODIPIN Spirig HC Tabl 10 mg <span style="background: LightGoldenRodYellow; margin: 4px; border: 1px solid khaki"> (unknown#7680588620079)</span></p><p><b>form</b>: Tablette <span style="background: LightGoldenRodYellow; margin: 4px; border: 1px solid khaki"> (<a href="http://fhir.ch/ig/ch-term/3.0.0/CodeSystem-edqm-standardterms.html">EDQM - Standard Terms</a>#10219000 &quot;Tablet&quot;)</span></p><p><b>amount</b>: 30 Tablet (unit of presentation)<span style="background: LightGoldenRodYellow"> (Details: SNOWMED CT code 732936001 = 'Tablet (unit of presentation)')</span>/1 Package - unit of product usage (qualifier value)<span style="background: LightGoldenRodYellow"> (Details: SNOWMED CT code 1681000175101 = 'Package - unit of product usage')</span></p><h3>Ingredients</h3><table class="grid"><tr><td style="display: none">-</td><td><b>Item[x]</b></td><td><b>Strength</b></td></tr><tr><td style="display: none">*</td><td>Amlodipine <span style="background: LightGoldenRodYellow; margin: 4px; border: 1px solid khaki"> (<a href="https://browser.ihtsdotools.org/">SNOWMED CT</a>#386864001 &quot;Amlodipine (substance)&quot;)</span></td><td>10 milligram<span style="background: LightGoldenRodYellow"> (Details: UCUM code mg = 'mg')</span>/1 Tablet (unit of presentation)<span style="background: LightGoldenRodYellow"> (Details: SNOWMED CT code 732936001 = 'Tablet (unit of presentation)')</span></td></tr></table></blockquote></div>
  </text>
  <contained>
    <Medication>
      <id value="Amlodipin"/>
      <meta>
        <profile value="http://fhir.ch/ig/ch-emed/StructureDefinition/ch-emed-medication"/>
      </meta>
      <code>
        <coding>
          <system value="urn:oid:2.51.1.1"/>
          <code value="7680588620079"/>
          <display value="AMLODIPIN Spirig HC Tabl 10 mg"/>
        </coding>
        <text value="AMLODIPIN Spirig HC Tabl 10 mg"/>
      </code>
      <form>
        <coding>
          <system value="urn:oid:0.4.0.127.0.16.1.1.2.1"/>
          <code value="10219000"/>
          <display value="Tablet"/>
        </coding>
        <text value="Tablette"/>
      </form>
      <amount>
        <numerator>
          <value value="30"/>
          <unit value="Tablet (unit of presentation)"/>
          <system value="http://snomed.info/sct"/>
          <code value="732936001"/>
        </numerator>
        <denominator>
          <value value="1"/>
          <unit value="Package - unit of product usage (qualifier value)"/>
          <system value="http://snomed.info/sct"/>
          <code value="1681000175101"/>
        </denominator>
      </amount>
      <ingredient>
        <itemCodeableConcept>
          <coding>
            <system value="http://snomed.info/sct"/>
            <code value="386864001"/>
            <display value="Amlodipine (substance)"/>
          </coding>
          <text value="Amlodipine"/>
        </itemCodeableConcept>
        <strength>
          <numerator>
            <value value="10"/>
            <unit value="milligram"/>
            <system value="http://unitsofmeasure.org"/>
            <code value="mg"/>
          </numerator>
          <denominator>
            <value value="1"/>
            <unit value="Tablet (unit of presentation)"/>
            <system value="http://snomed.info/sct"/>
            <code value="732936001"/>
          </denominator>
        </strength>
      </ingredient>
    </Medication>
  </contained>
  <identifier>
    <system value="urn:ietf:rfc:3986"/>
    <value value="urn:uuid:c9f758a1-296c-4710-84d4-e181db8c7478"/>
  </identifier>
  <partOf>
    <reference value="Observation/Obs-ChangeDosage"/>
  </partOf>
  <status value="active"/>
  <medicationReference>
    <reference value="#Amlodipin"/>
  </medicationReference>
  <subject>
    <reference value="Patient/MonikaWegmueller"/>
  </subject>
  <dateAsserted value="2012-02-04T14:00:00+01:00"/>
  <informationSource>
    <reference value="PractitionerRole/FamilienHausarztAtHausarzt"/>
  </informationSource>
  <reasonCode>
    <extension url="http://hl7.org/fhir/StructureDefinition/narrativeLink">
      <valueUrl value="#padv.1.reason"/>
    </extension>
    <text value="Bluthochdruck"/>
  </reasonCode>
  <dosage>
    <patientInstruction value="-"/>
    <timing>
      <repeat>
        <boundsPeriod>
          <start value="2011-11-29"/>
        </boundsPeriod>
        <when value="MORN"/>
      </repeat>
    </timing>
    <route>
      <coding>
        <system value="urn:oid:0.4.0.127.0.16.1.1.2.1"/>
        <code value="20053000"/>
        <display value="Oral use"/>
      </coding>
      <text value="zum Einnehmen"/>
    </route>
    <doseAndRate>
      <doseQuantity>
        <value value="1"/>
        <unit value="Tablet (unit of presentation)"/>
        <system value="http://snomed.info/sct"/>
        <code value="732936001"/>
      </doseQuantity>
    </doseAndRate>
  </dosage>
</MedicationStatement>