<?xml version="1.0" encoding="UTF-8"?>

<Patient xmlns="http://hl7.org/fhir">
  <id value="3-2-Patient"/>
  <meta>
    <profile value="http://fhir.ch/ig/ch-vacd/StructureDefinition/ch-vacd-recommendation-patient"/>
  </meta>
  <text>
    <status value="generated"/><div xmlns="http://www.w3.org/1999/xhtml">
         <table class="hapiPropertyTable">
            <tbody>
               <tr>
                  <td>Identifier</td>
                  <td>urn:uuid:3e424a80-6e34-4520-b5af-f830ed5a0203</td>
               </tr>
               <tr>
                  <td>Address</td>
                  <td/>
               </tr>
               <tr>
                  <td>Date of birth</td>
                  <td>
                     <span>10 March 1967</span>
                  </td>
               </tr>
            </tbody>
         </table>
      </div>
  </text>
  <identifier>
    <system value="urn:oid:2.16.756.5.30.1.147.1.1"/>
    <value value="urn:uuid:3e424a80-6e34-4520-b5af-f830ed5a0203"/>
  </identifier>
  <gender value="female"/>
  <birthDate value="1967-03-10"/>
  <address>
    <postalCode value="9876"/>
  </address>
</Patient>