<?xml version="1.0" encoding="UTF-8"?>

<Encounter xmlns="http://hl7.org/fhir">
  <id value="EncounterAccidentBroennimann"/>
  <meta>
    <source value="https://www.bfh.ch/de/studium/bachelor/medizininformatik/"/>
    <profile value="http://fhir.ch/ig/ch-core/StructureDefinition/ch-core-encounter"/>
  </meta>
  <text>
    <status value="extensions"/><div xmlns="http://www.w3.org/1999/xhtml"><p class="res-header-id"><b>Generated Narrative: Encounter EncounterAccidentBroennimann</b></p><a name="EncounterAccidentBroennimann"> </a><a name="hcEncounterAccidentBroennimann"> </a><div style="display: inline-block; background-color: #d9e0e7; padding: 6px; margin: 4px; border: 1px solid #8da1b4; border-radius: 5px; line-height: 60%"><p style="margin-bottom: 0px"/><p style="margin-bottom: 0px">Information Source: <a href="https://www.bfh.ch/de/studium/bachelor/medizininformatik/">https://www.bfh.ch/de/studium/bachelor/medizininformatik/</a></p><p style="margin-bottom: 0px">Profile: <a href="StructureDefinition-ch-core-encounter.html">CH Core Encounter</a></p></div><p><b>identifier</b>: Visit number/12345</p><p><b>status</b>: Finished</p><p><b>class</b>: <a href="http://terminology.hl7.org/7.0.1/CodeSystem-v3-ActCode.html#v3-ActCode-IMP">ActCode: IMP</a> (inpatient encounter)</p><p><b>priority</b>: <span title="Codes:{http://fhir.ch/ig/ch-core/CodeSystem/bfs-medstats-18-admittype 1}">Notfall (Behandlung innerhalb von 12 Std. unabdingbar)</span></p><p><b>subject</b>: <a href="Patient-ElisabethBroennimannByBFH.html">Elisabeth Brönnimann-Bertholet  Female, DoB: 1937-05-03 ( urn:oid:2.16.756.5.30.1.123.100.1.1.1#80756015090002647590)</a></p><p><b>period</b>: 2020-12-20 16:00:00+0200 --&gt; 2020-12-22 16:15:00+0200</p><blockquote><p><b>hospitalization</b></p><p><b>BFS Extension Medical Statistic: Admit Role for Encounter</b>: <a href="http://fhir.ch/ig/ch-term/3.3.0/CodeSystem-bfs-medstats-19-admitrole.html#bfs-medstats-19-admitrole-2">BFS Medizinische Statistik - 19 1.2.V04 - Einweisende Instanz / Décision d’envoi / Istanza ricoverante: 2</a> (Rettungsdienst (Ambulanz, Polizei))</p><blockquote><p><b>If an encounter is caused by an accident</b></p><ul><li>tag: true</li><li>dateTime: 2020-12-20 15:15:00+0200</li></ul></blockquote><p><b>Encounter, Suspected Readmission</b>: false</p><p><b>BFS Extension Medical Statistic: Discharge Décision for Encounter</b>: <a href="http://fhir.ch/ig/ch-term/3.3.0/CodeSystem-bfs-medstats-27-dischargedecision.html#bfs-medstats-27-dischargedecision-1">BFS Medizinische Statistik - 27 1.5.V02 - Entscheid für Austritt / Décision de sortie / Décisione dell’uscita: 1</a> (auf Initiative des Behandelnden)</p><p><b>BFS Extension Medical Statistic: Discharge Destination for Encounter</b>: <a href="http://fhir.ch/ig/ch-term/3.3.0/CodeSystem-bfs-medstats-28-dischargedestination.html#bfs-medstats-28-dischargedestination-1">BFS Medizinische Statistik - 28 1.5.V03 - Aufenthalt nach Austritt / Séjour après la sortie / Destinazione dopo l’uscita: 1</a> (Zuhause)</p><p><b>admitSource</b>: <span title="Codes:{http://fhir.ch/ig/ch-core/CodeSystem/bfs-medstats-17-admitsource 1}">Zuhause</span></p><p><b>dischargeDisposition</b>: <span title="Codes:{http://fhir.ch/ig/ch-core/CodeSystem/bfs-medstats-29-dischargeencounter 1}">geheilt/kein Behandlungsbedarf</span></p></blockquote></div>
  </text>
  <identifier>
    <type>
      <coding>
        <system value="http://terminology.hl7.org/CodeSystem/v2-0203"/>
        <code value="VN"/>
        <display value="Visit number"/>
      </coding>
    </type>
    <system value="http://example.com/fallnummerdomain"/>
    <value value="12345"/>
  </identifier>
  <status value="finished"/>
  <class>
    <system value="http://terminology.hl7.org/CodeSystem/v3-ActCode"/>
    <code value="IMP"/>
    <display value="inpatient encounter"/>
  </class>
  <priority>
    <coding>
      <system value="http://fhir.ch/ig/ch-core/CodeSystem/bfs-medstats-18-admittype"/>
      <code value="1"/>
      <display value="Notfall (Behandlung innerhalb von 12 Std. unabdingbar)"/>
    </coding>
  </priority>
  <subject>
    <reference value="Patient/ElisabethBroennimannByBFH"/>
  </subject>
  <period>
    <start value="2020-12-20T16:00:00+02:00"/>
    <end value="2020-12-22T16:15:00+02:00"/>
  </period>
  <hospitalization>
    <extension url="http://fhir.ch/ig/ch-core/StructureDefinition/ch-ext-bfs-ms-admitrole">
      <valueCoding>
        <system value="http://fhir.ch/ig/ch-core/CodeSystem/bfs-medstats-19-admitrole"/>
        <code value="2"/>
        <display value="Rettungsdienst (Ambulanz, Polizei)"/>
      </valueCoding>
    </extension>
    <extension url="http://fhir.ch/ig/ch-core/StructureDefinition/ch-ext-accident">
      <extension url="tag">
        <valueBoolean value="true"/>
      </extension>
      <extension url="dateTime">
        <valueDateTime value="2020-12-20T15:15:00+02:00"/>
      </extension>
    </extension>
    <extension url="http://fhir.ch/ig/ch-core/StructureDefinition/ch-ext-encounter-susp-readmission">
      <valueBoolean value="false"/>
    </extension>
    <extension url="http://fhir.ch/ig/ch-core/StructureDefinition/ch-ext-bfs-ms-dischargedecision">
      <valueCoding>
        <system value="http://fhir.ch/ig/ch-core/CodeSystem/bfs-medstats-27-dischargedecision"/>
        <code value="1"/>
        <display value="auf Initiative des Behandelnden"/>
      </valueCoding>
    </extension>
    <extension url="http://fhir.ch/ig/ch-core/StructureDefinition/ch-ext-bfs-ms-dischargedestination">
      <valueCoding>
        <system value="http://fhir.ch/ig/ch-core/CodeSystem/bfs-medstats-28-dischargedestination"/>
        <code value="1"/>
        <display value="Zuhause"/>
      </valueCoding>
    </extension>
    <admitSource>
      <coding>
        <system value="http://fhir.ch/ig/ch-core/CodeSystem/bfs-medstats-17-admitsource"/>
        <code value="1"/>
        <display value="Zuhause"/>
      </coding>
    </admitSource>
    <dischargeDisposition>
      <coding>
        <system value="http://fhir.ch/ig/ch-core/CodeSystem/bfs-medstats-29-dischargeencounter"/>
        <code value="1"/>
        <display value="geheilt/kein Behandlungsbedarf"/>
      </coding>
    </dischargeDisposition>
  </hospitalization>
</Encounter>