{"resourceType":"ValueSet","id":"DocumentEntry.healthcareFacilityTypeCode","meta":{"profile":["http://hl7.org/fhir/StructureDefinition/shareablevalueset"]},"text":{"status":"generated","div":"<div xmlns=\"http://www.w3.org/1999/xhtml\"><h2>DocumentEntry.healthcareFacilityTypeCode</h2><div><p>Type of healthcare facility as per Annex 3  EPRO-FDHA.This code describes the type of healthcare facility in which the document was compiled during the treatment process. In conjunction with the authorisation control, the patient can use this information to assign all documents from a specific type of healthcare facility to a specific confidentiality level in their rights and attributes, for example.</p>\n</div><p><b>Copyright Statement:</b> This artefact includes content from SNOMED Clinical Terms® (SNOMED CT®) which is copyright of the International Health Terminology Standards Development Organisation (IHTSDO). Implementers of these artefacts must have the appropriate SNOMED CT Affiliate license - for more information contact http://www.snomed.org/snomed-ct/getsnomed-ct or info@snomed.org.</p><p>This value set includes codes from the following code systems:</p><ul><li>Include these codes as defined in <a href=\"http://www.snomed.org/\"><code>http://snomed.info/sct</code></a><table class=\"none\"><tr><td style=\"white-space:nowrap\"><b>Code</b></td><td><b>Display</b></td></tr><tr><td><a href=\"http://browser.ihtsdotools.org/?perspective=full&amp;conceptId1=722171005\">722171005</a></td><td>Diagnostic institution (environment)</td><td/></tr><tr><td><a href=\"http://browser.ihtsdotools.org/?perspective=full&amp;conceptId1=225728007\">225728007</a></td><td>Accident and Emergency department (environment)</td><td/></tr><tr><td><a href=\"http://browser.ihtsdotools.org/?perspective=full&amp;conceptId1=394747008\">394747008</a></td><td>Health Authority (qualifier value)</td><td/></tr><tr><td><a href=\"http://browser.ihtsdotools.org/?perspective=full&amp;conceptId1=66280005\">66280005</a></td><td>Private home-based care (environment)</td><td/></tr><tr><td><a href=\"http://browser.ihtsdotools.org/?perspective=full&amp;conceptId1=22232009\">22232009</a></td><td>Hospital (environment)</td><td/></tr><tr><td><a href=\"http://browser.ihtsdotools.org/?perspective=full&amp;conceptId1=722172003\">722172003</a></td><td>Military health institution (environment)</td><td/></tr><tr><td><a href=\"http://browser.ihtsdotools.org/?perspective=full&amp;conceptId1=722173008\">722173008</a></td><td>Prison based care site (environment)</td><td/></tr><tr><td><a href=\"http://browser.ihtsdotools.org/?perspective=full&amp;conceptId1=42665001\">42665001</a></td><td>Nursing home (environment)</td><td/></tr><tr><td><a href=\"http://browser.ihtsdotools.org/?perspective=full&amp;conceptId1=264372000\">264372000</a></td><td>Pharmacy (environment)</td><td/></tr><tr><td><a href=\"http://browser.ihtsdotools.org/?perspective=full&amp;conceptId1=35971002\">35971002</a></td><td>Ambulatory care site (environment)</td><td/></tr><tr><td><a href=\"http://browser.ihtsdotools.org/?perspective=full&amp;conceptId1=80522000\">80522000</a></td><td>Rehabilitation hospital (environment)</td><td/></tr><tr><td><a href=\"http://browser.ihtsdotools.org/?perspective=full&amp;conceptId1=394778007\">394778007</a></td><td>Client's or patient's home (environment)</td><td/></tr><tr><td><a href=\"http://browser.ihtsdotools.org/?perspective=full&amp;conceptId1=288565001\">288565001</a></td><td>Medical center (environment)</td><td/></tr><tr><td><a href=\"http://browser.ihtsdotools.org/?perspective=full&amp;conceptId1=264358009\">264358009</a></td><td>General practice premises (environement)</td><td/></tr><tr><td><a href=\"http://browser.ihtsdotools.org/?perspective=full&amp;conceptId1=43741000\">43741000</a></td><td>Site of care (social concept)</td><td/></tr></table></li></ul><p><b>Additional Language Displays</b></p><table class=\"codes\"><tr><td><b>Code</b></td><td><b>Deutsch (Schweiz) (German (Switzerland), de)</b></td><td><b>English (United States) (English (United States), en)</b></td><td><b>French (Switzerland) (fr)</b></td><td><b>Italian (Switzerland) (it)</b></td><td><b>rm</b></td></tr><tr><td>722171005</td><td>Institution für medizinische Diagnostik</td><td>Diagnostic institution</td><td>Institut d’aide au diagnostic</td><td>Istituto di diagnostica medica</td><td>TODO</td></tr><tr><td>225728007</td><td>Notfall-/Rettungsdienste</td><td>Accident and Emergency department</td><td>Service d'urgence et de sauvetage</td><td>Servizio di pronto soccorso e di salvataggio</td><td>TODO</td></tr><tr><td>394747008</td><td>Gesundheitsbehörde</td><td>Health Authority</td><td>Autorité sanitaire</td><td>Autorità sanitaria</td><td>TODO</td></tr><tr><td>66280005</td><td>Organisation für Pflege zu Hause</td><td>Private home-based care</td><td>Soins à domicile</td><td>Servizio di assistenza e cura a domicilio</td><td>TODO</td></tr><tr><td>22232009</td><td>Stationäre Einrichtung/Spital</td><td>Hospital</td><td>Hôpital</td><td>Ospedale</td><td>TODO</td></tr><tr><td>722172003</td><td>Armeeärztliche Dienste</td><td>Military health institution</td><td>Service sanitaire de l'armée</td><td>Servizio di medicina militare</td><td>TODO</td></tr><tr><td>722173008</td><td>Gesundheitseinrichtung in der Haftanstalt</td><td>Prison based care site</td><td>Service de santé en milieu carcéral</td><td>Struttura sanitaria in uno stabilimento carcerario</td><td>TODO</td></tr><tr><td>42665001</td><td>Pflegeheim</td><td>Nursing home</td><td>Etablissement médico-social</td><td>Casa di cura</td><td>TODO</td></tr><tr><td>264372000</td><td>Apotheke</td><td>Pharmacy</td><td>Pharmacie</td><td>Farmacia</td><td>TODO</td></tr><tr><td>35971002</td><td>Ambulante Einrichtung/Ambulatorium</td><td>Ambulatory care site</td><td>Etablissement ambulatoire</td><td>Struttura ambulatoriale, incl. gli studi medici</td><td>TODO</td></tr><tr><td>80522000</td><td>Organisation für stationäre Rehabilitation</td><td>Rehabilitation hospital</td><td>Réadaptation stationnaire</td><td>Istituto di riabilitazione stazionaria</td><td>TODO</td></tr><tr><td>394778007</td><td>Domizil des Patienten</td><td>Client's or patient's home</td><td>Domicile du patient</td><td>Domicilio del paziente</td><td>TODO</td></tr><tr><td>288565001</td><td>Telemedizinische Einrichtung</td><td>Telemedicine institution</td><td>Institut de télémédecine</td><td>Centro di telemedicina</td><td>TODO</td></tr><tr><td>264358009</td><td>Arztpraxis</td><td>General practice premises</td><td>Cabinet médical</td><td>Studio medico</td><td>TODO</td></tr><tr><td>43741000</td><td>Andere Gesundheitsorganisation</td><td>Other Site of Care</td><td>Autres prestataires de soins</td><td>Altre organizzazioni sanitarie</td><td>TODO</td></tr></table></div>"},"extension":[{"url":"http://hl7.org/fhir/StructureDefinition/resource-effectivePeriod","valuePeriod":{"start":"2019-06-20T10:46:45-04:00"}}],"url":"http://fhir.ch/ig/ch-epr-term/ValueSet/DocumentEntry.healthcareFacilityTypeCode","identifier":[{"use":"official","system":"http://art-decor.org/ns/oids/vs","value":"2.16.756.5.30.1.127.3.10.1.11"}],"version":"2.0.0","name":"DocumentEntry.healthcareFacilityTypeCode","title":"DocumentEntry.healthcareFacilityTypeCode","status":"active","experimental":false,"date":"2019-09-17T06:00:48-04:00","publisher":"eHealth Suisse","contact":[{"name":"eHealth Suisse","telecom":[{"system":"url","value":"www.e-health-suisse.ch"}]}],"description":"Type of healthcare facility as per Annex 3  EPRO-FDHA.This code describes the type of healthcare facility in which the document was compiled during the treatment process. In conjunction with the authorisation control, the patient can use this information to assign all documents from a specific type of healthcare facility to a specific confidentiality level in their rights and attributes, for example.","immutable":false,"copyright":"This artefact includes content from SNOMED Clinical Terms® (SNOMED CT®) which is copyright of the International Health Terminology Standards Development Organisation (IHTSDO). Implementers of these artefacts must have the appropriate SNOMED CT Affiliate license - for more information contact http://www.snomed.org/snomed-ct/getsnomed-ct or info@snomed.org.","compose":{"include":[{"system":"http://snomed.info/sct","concept":[{"code":"722171005","display":"Diagnostic institution (environment)","designation":[{"language":"de-CH","value":"Institution für medizinische Diagnostik"},{"language":"fr-CH","value":"Institut d’aide au diagnostic"},{"language":"it-CH","value":"Istituto di diagnostica medica"},{"language":"en-US","value":"Diagnostic institution"},{"language":"rm-CH","value":"TODO"}]},{"code":"225728007","display":"Accident and Emergency department (environment)","designation":[{"language":"de-CH","value":"Notfall-/Rettungsdienste"},{"language":"fr-CH","value":"Service d'urgence et de sauvetage"},{"language":"it-CH","value":"Servizio di pronto soccorso e di salvataggio"},{"language":"en-US","value":"Accident and Emergency department"},{"language":"rm-CH","value":"TODO"}]},{"code":"394747008","display":"Health Authority (qualifier value)","designation":[{"language":"de-CH","value":"Gesundheitsbehörde"},{"language":"fr-CH","value":"Autorité sanitaire"},{"language":"it-CH","value":"Autorità sanitaria"},{"language":"en-US","value":"Health Authority"},{"language":"rm-CH","value":"TODO"}]},{"code":"66280005","display":"Private home-based care (environment)","designation":[{"language":"de-CH","value":"Organisation für Pflege zu Hause"},{"language":"fr-CH","value":"Soins à domicile"},{"language":"it-CH","value":"Servizio di assistenza e cura a domicilio"},{"language":"en-US","value":"Private home-based care"},{"language":"rm-CH","value":"TODO"}]},{"code":"22232009","display":"Hospital (environment)","designation":[{"language":"de-CH","value":"Stationäre Einrichtung/Spital"},{"language":"fr-CH","value":"Hôpital"},{"language":"it-CH","value":"Ospedale"},{"language":"en-US","value":"Hospital"},{"language":"rm-CH","value":"TODO"}]},{"code":"722172003","display":"Military health institution (environment)","designation":[{"language":"de-CH","value":"Armeeärztliche Dienste"},{"language":"fr-CH","value":"Service sanitaire de l'armée"},{"language":"it-CH","value":"Servizio di medicina militare"},{"language":"en-US","value":"Military health institution"},{"language":"rm-CH","value":"TODO"}]},{"code":"722173008","display":"Prison based care site (environment)","designation":[{"language":"de-CH","value":"Gesundheitseinrichtung in der Haftanstalt"},{"language":"fr-CH","value":"Service de santé en milieu carcéral"},{"language":"it-CH","value":"Struttura sanitaria in uno stabilimento carcerario"},{"language":"en-US","value":"Prison based care site"},{"language":"rm-CH","value":"TODO"}]},{"code":"42665001","display":"Nursing home (environment)","designation":[{"language":"de-CH","value":"Pflegeheim"},{"language":"fr-CH","value":"Etablissement médico-social"},{"language":"it-CH","value":"Casa di cura"},{"language":"en-US","value":"Nursing home"},{"language":"rm-CH","value":"TODO"}]},{"code":"264372000","display":"Pharmacy (environment)","designation":[{"language":"de-CH","value":"Apotheke"},{"language":"fr-CH","value":"Pharmacie"},{"language":"it-CH","value":"Farmacia"},{"language":"en-US","value":"Pharmacy"},{"language":"rm-CH","value":"TODO"}]},{"code":"35971002","display":"Ambulatory care site (environment)","designation":[{"language":"de-CH","value":"Ambulante Einrichtung/Ambulatorium"},{"language":"fr-CH","value":"Etablissement ambulatoire"},{"language":"it-CH","value":"Struttura ambulatoriale, incl. gli studi medici"},{"language":"en-US","value":"Ambulatory care site"},{"language":"rm-CH","value":"TODO"}]},{"code":"80522000","display":"Rehabilitation hospital (environment)","designation":[{"language":"de-CH","value":"Organisation für stationäre Rehabilitation"},{"language":"fr-CH","value":"Réadaptation stationnaire"},{"language":"it-CH","value":"Istituto di riabilitazione stazionaria"},{"language":"en-US","value":"Rehabilitation hospital"},{"language":"rm-CH","value":"TODO"}]},{"code":"394778007","display":"Client's or patient's home (environment)","designation":[{"language":"de-CH","value":"Domizil des Patienten"},{"language":"fr-CH","value":"Domicile du patient"},{"language":"it-CH","value":"Domicilio del paziente"},{"language":"en-US","value":"Client's or patient's home"},{"language":"rm-CH","value":"TODO"}]},{"code":"288565001","display":"Medical center (environment)","designation":[{"language":"de-CH","value":"Telemedizinische Einrichtung"},{"language":"fr-CH","value":"Institut de télémédecine"},{"language":"it-CH","value":"Centro di telemedicina"},{"language":"en-US","value":"Telemedicine institution"},{"language":"rm-CH","value":"TODO"}]},{"code":"264358009","display":"General practice premises (environement)","designation":[{"language":"en-US","value":"General practice premises"},{"language":"de-CH","value":"Arztpraxis"},{"language":"fr-CH","value":"Cabinet médical"},{"language":"it-CH","value":"Studio medico"},{"language":"rm-CH","value":"TODO"}]},{"code":"43741000","display":"Site of care (social concept)","designation":[{"language":"de-CH","value":"Andere Gesundheitsorganisation"},{"language":"fr-CH","value":"Autres prestataires de soins"},{"language":"it-CH","value":"Altre organizzazioni sanitarie"},{"language":"en-US","value":"Other Site of Care"},{"language":"rm-CH","value":"TODO"}]}]}]}}