{
  "resourceType" : "CapabilityStatement",
  "id" : "CH.mCSD.CareServicesSelectiveConsumer",
  "text" : {
    "status" : "extensions",
    "div" : "<div xmlns=\"http://www.w3.org/1999/xhtml\"><p class=\"res-header-id\"><b>Generated Narrative: CapabilityStatement CH.mCSD.CareServicesSelectiveConsumer</b></p><a name=\"CH.mCSD.CareServicesSelectiveConsumer\"> </a><a name=\"hcCH.mCSD.CareServicesSelectiveConsumer\"> </a><a name=\"CH.mCSD.CareServicesSelectiveConsumer-en-US\"> </a><h2 id=\"title\">mCSD Care Services Selective Consumer (client)</h2><ul><li>Implementation Guide Version: 4.0.1-ballot-2 </li><li>FHIR Version: 4.0.1 </li><li>Supported Formats: <code>application/fhir+xml</code>, <code>application/fhir+json</code></li><li>Supported Patch Formats: </li><li>Published on: 2023-05-09 </li><li>Published by: eHealth Suisse </li></ul><blockquote class=\"impl-note\"><p><strong>Note to Implementers: FHIR Capabilities</strong></p><p>Any FHIR capability may be 'allowed' by the system unless explicitly marked as 'SHALL NOT'. A few items are marked as MAY in the Implementation Guide to highlight their potential relevance to the use case.</p></blockquote><h2 id=\"rest\">FHIR RESTful Capabilities</h2><div class=\"panel panel-default\"><div class=\"panel-heading\"><h3 id=\"mode1\" class=\"panel-title\">Mode: <code>client</code></h3></div><div class=\"panel-body\"><div><p>IHE ITI mCSD ITI-90 endpoint</p>\n</div><div class=\"lead\"><em>Summary of System-wide Interactions</em></div></div></div><h3 id=\"resourcesCap1\">Capabilities by Resource/Profile</h3><h4 id=\"resourcesSummary1\">Summary</h4><p>The summary table lists the resources that are part of this configuration, and for each resource it lists:</p><ul><li>The relevant profiles (if any)</li><li>The interactions supported by each resource (<b><span class=\"bg-info\">R</span></b>ead, <b><span class=\"bg-info\">S</span></b>earch, <b><span class=\"bg-info\">U</span></b>pdate, and <b><span class=\"bg-info\">C</span></b>reate, are always shown, while <b><span class=\"bg-info\">VR</span></b>ead, <b><span class=\"bg-info\">P</span></b>atch, <b><span class=\"bg-info\">D</span></b>elete, <b><span class=\"bg-info\">H</span></b>istory on <b><span class=\"bg-info\">I</span></b>nstance, or <b><span class=\"bg-info\">H</span></b>istory on <b><span class=\"bg-info\">T</span></b>ype are only present if at least one of the resources has support for them.</li><li><span>The required, recommended, and some optional search parameters (if any). </span></li><li>The linked resources enabled for <code>_include</code></li><li>The other resources enabled for <code>_revinclude</code></li><li>The operations on the resource (if any)</li></ul><div class=\"table-responsive\"><table class=\"table table-condensed table-hover\"><thead><tr><th><b>Resource Type</b></th><th><b>Profile</b></th><th class=\"text-center\"><b title=\"GET a resource (read interaction)\">R</b></th><th class=\"text-center\"><b title=\"GET all set of resources of the type (search interaction)\">S</b></th><th class=\"text-center\"><b title=\"PUT a new resource version (update interaction)\">U</b></th><th class=\"text-center\"><b title=\"POST a new resource (create interaction)\">C</b></th><th><b title=\"Required and recommended search parameters\">Searches</b></th><th><code><b>_include</b></code></th><th><code><b>_revinclude</b></code></th><th><b>Operations</b></th></tr></thead><tbody><tr><td><a href=\"#Organization1-1\">Organization</a></td><td><a href=\"StructureDefinition-CH.mCSD.Organization.html\">http://fhir.ch/ig/ch-epr-fhir/StructureDefinition/CH.mCSD.Organization</a></td><td class=\"text-center\">y</td><td class=\"text-center\">y</td><td class=\"text-center\"></td><td class=\"text-center\"></td><td>active, identifier, name, name:contains, name:exact, partof, type</td><td><code>Organization.endpoint</code></td><td><code>Location:organization</code>, <code>OrganizationAffiliation:participating-organization</code>, <code>OrganizationAffiliation:primary-organization</code></td><td/></tr><tr><td><a href=\"#Practitioner1-2\">Practitioner</a></td><td><a href=\"StructureDefinition-CH.mCSD.Practitioner.html\">http://fhir.ch/ig/ch-epr-fhir/StructureDefinition/CH.mCSD.Practitioner</a></td><td class=\"text-center\">y</td><td class=\"text-center\">y</td><td class=\"text-center\"></td><td class=\"text-center\"></td><td>active, identifier, name, name:contains, name:exact, given, given:contains, given:exact, family, family:contains, family:exact</td><td/><td/><td/></tr><tr><td><a href=\"#PractitionerRole1-3\">PractitionerRole</a></td><td><a href=\"StructureDefinition-CH.mCSD.PractitionerRole.html\">http://fhir.ch/ig/ch-epr-fhir/StructureDefinition/CH.mCSD.PractitionerRole</a></td><td class=\"text-center\">y</td><td class=\"text-center\">y</td><td class=\"text-center\"></td><td class=\"text-center\"></td><td>active, location, organization, role, service, specialty</td><td><code>PractitionerRole:practitioner</code></td><td/><td/></tr></tbody></table></div><hr/><div class=\"panel panel-default\"><div class=\"panel-heading\"><h4 id=\"Organization1-1\" class=\"panel-title\"><span style=\"float: right;\">Resource Conformance: supported </span>Organization</h4></div><div class=\"panel-body\"><div class=\"container\"><div class=\"row\"><div class=\"col-lg-6\"><span class=\"lead\">Base System Profile</span><br/><a href=\"StructureDefinition-CH.mCSD.Organization.html\">CH mCSD Organization</a></div><div class=\"col-lg-3\"><span class=\"lead\">Profile Conformance</span><br/><b>SHALL</b></div><div class=\"col-lg-3\"><span class=\"lead\">Reference Policy</span><br/></div></div><p/><div class=\"row\"><div class=\"col-lg-6\"><span class=\"lead\">Interaction summary</span><br/><ul><li>Supports <code>read</code>, <code>search-type</code>.</li></ul></div></div><p/><div class=\"row\"><div class=\"col-lg-7\"><span class=\"lead\">Search Parameters</span><table class=\"table table-condensed table-hover\"><thead><tr><th>Conformance</th><th>Parameter</th><th>Type</th><th>Documentation</th></tr></thead><tbody><tr><td><b>SHALL</b></td><td>active</td><td><code>token</code></td><td><div/></td></tr><tr><td><b>SHALL</b></td><td>identifier</td><td><code>token</code></td><td><div/></td></tr><tr><td><b>SHALL</b></td><td>name</td><td><code>string</code></td><td><div/></td></tr><tr><td><b>SHALL</b></td><td>name:contains</td><td><code>string</code></td><td><div/></td></tr><tr><td><b>SHALL</b></td><td>name:exact</td><td><code>string</code></td><td><div/></td></tr><tr><td><b>SHALL</b></td><td>partof</td><td><code>reference</code></td><td><div/></td></tr><tr><td><b>SHALL</b></td><td>type</td><td><code>token</code></td><td><div/></td></tr></tbody></table></div><div class=\"col-lg-5\">\u00a0</div></div></div></div></div><div class=\"panel panel-default\"><div class=\"panel-heading\"><h4 id=\"Practitioner1-2\" class=\"panel-title\"><span style=\"float: right;\">Resource Conformance: supported </span>Practitioner</h4></div><div class=\"panel-body\"><div class=\"container\"><div class=\"row\"><div class=\"col-lg-6\"><span class=\"lead\">Base System Profile</span><br/><a href=\"StructureDefinition-CH.mCSD.Practitioner.html\">CH mCSD Practitioner</a></div><div class=\"col-lg-3\"><span class=\"lead\">Profile Conformance</span><br/><b>SHALL</b></div><div class=\"col-lg-3\"><span class=\"lead\">Reference Policy</span><br/></div></div><p/><div class=\"row\"><div class=\"col-lg-6\"><span class=\"lead\">Interaction summary</span><br/><ul><li>Supports <code>read</code>, <code>search-type</code>.</li></ul></div></div><p/><div class=\"row\"><div class=\"col-lg-7\"><span class=\"lead\">Search Parameters</span><table class=\"table table-condensed table-hover\"><thead><tr><th>Conformance</th><th>Parameter</th><th>Type</th><th>Documentation</th></tr></thead><tbody><tr><td><b>SHALL</b></td><td>active</td><td><code>token</code></td><td><div/></td></tr><tr><td><b>SHALL</b></td><td>identifier</td><td><code>token</code></td><td><div/></td></tr><tr><td><b>SHALL</b></td><td>name</td><td><code>string</code></td><td><div/></td></tr><tr><td><b>SHALL</b></td><td>name:contains</td><td><code>string</code></td><td><div/></td></tr><tr><td><b>SHALL</b></td><td>name:exact</td><td><code>string</code></td><td><div/></td></tr><tr><td><b>SHALL</b></td><td>given</td><td><code>string</code></td><td><div/></td></tr><tr><td><b>SHALL</b></td><td>given:contains</td><td><code>string</code></td><td><div/></td></tr><tr><td><b>SHALL</b></td><td>given:exact</td><td><code>string</code></td><td><div/></td></tr><tr><td><b>SHALL</b></td><td>family</td><td><code>string</code></td><td><div/></td></tr><tr><td><b>SHALL</b></td><td>family:contains</td><td><code>string</code></td><td><div/></td></tr><tr><td><b>SHALL</b></td><td>family:exact</td><td><code>string</code></td><td><div/></td></tr></tbody></table></div><div class=\"col-lg-5\">\u00a0</div></div></div></div></div><div class=\"panel panel-default\"><div class=\"panel-heading\"><h4 id=\"PractitionerRole1-3\" class=\"panel-title\"><span style=\"float: right;\">Resource Conformance: supported </span>PractitionerRole</h4></div><div class=\"panel-body\"><div class=\"container\"><div class=\"row\"><div class=\"col-lg-6\"><span class=\"lead\">Base System Profile</span><br/><a href=\"StructureDefinition-CH.mCSD.PractitionerRole.html\">CH mCSD PractitionerRole</a></div><div class=\"col-lg-3\"><span class=\"lead\">Profile Conformance</span><br/><b>SHALL</b></div><div class=\"col-lg-3\"><span class=\"lead\">Reference Policy</span><br/></div></div><p/><div class=\"row\"><div class=\"col-lg-6\"><span class=\"lead\">Interaction summary</span><br/><ul><li>Supports <code>read</code>, <code>search-type</code>.</li></ul></div></div><p/><div class=\"row\"><div class=\"col-lg-7\"><span class=\"lead\">Search Parameters</span><table class=\"table table-condensed table-hover\"><thead><tr><th>Conformance</th><th>Parameter</th><th>Type</th><th>Documentation</th></tr></thead><tbody><tr><td><b>SHALL</b></td><td>active</td><td><code>token</code></td><td><div/></td></tr><tr><td><b>SHALL</b></td><td>location</td><td><code>reference</code></td><td><div/></td></tr><tr><td><b>SHALL</b></td><td>organization</td><td><code>reference</code></td><td><div/></td></tr><tr><td><b>SHALL</b></td><td>role</td><td><code>token</code></td><td><div/></td></tr><tr><td><b>SHALL</b></td><td>service</td><td><code>reference</code></td><td><div/></td></tr><tr><td><b>SHALL</b></td><td>specialty</td><td><code>token</code></td><td><div/></td></tr></tbody></table></div><div class=\"col-lg-5\">\u00a0</div></div></div></div></div></div>"
  },
  "url" : "http://fhir.ch/ig/ch-epr-fhir/CapabilityStatement/CH.mCSD.CareServicesSelectiveConsumer",
  "version" : "4.0.1-ballot-2",
  "name" : "CH_mCSD_Care_Services_Selective_Consumer",
  "title" : "mCSD Care Services Selective Consumer (client)",
  "status" : "active",
  "experimental" : false,
  "date" : "2023-05-09",
  "publisher" : "eHealth Suisse",
  "contact" : [{
    "name" : "eHealth Suisse",
    "telecom" : [{
      "system" : "url",
      "value" : "https://www.e-health-suisse.ch"
    }]
  }],
  "description" : "CapabilityStatement for Client Actor in the IHE IT Infrastructure Technical Framework Supplement IHE mCSD.",
  "jurisdiction" : [{
    "coding" : [{
      "system" : "urn:iso:std:iso:3166",
      "code" : "CH"
    }]
  }],
  "copyright" : "CC0-1.0",
  "kind" : "requirements",
  "fhirVersion" : "4.0.1",
  "format" : ["application/fhir+xml",
  "application/fhir+json"],
  "rest" : [{
    "mode" : "client",
    "documentation" : "IHE ITI mCSD ITI-90 endpoint",
    "resource" : [{
      "type" : "Organization",
      "profile" : "http://fhir.ch/ig/ch-epr-fhir/StructureDefinition/CH.mCSD.Organization",
      "interaction" : [{
        "code" : "read"
      },
      {
        "code" : "search-type"
      }],
      "versioning" : "no-version",
      "searchInclude" : ["Organization.endpoint"],
      "searchRevInclude" : ["Location:organization",
      "OrganizationAffiliation:participating-organization",
      "OrganizationAffiliation:primary-organization"],
      "searchParam" : [{
        "name" : "active",
        "type" : "token"
      },
      {
        "name" : "identifier",
        "type" : "token"
      },
      {
        "name" : "name",
        "type" : "string"
      },
      {
        "name" : "name:contains",
        "type" : "string"
      },
      {
        "name" : "name:exact",
        "type" : "string"
      },
      {
        "name" : "partof",
        "type" : "reference"
      },
      {
        "name" : "type",
        "type" : "token"
      }]
    },
    {
      "type" : "Practitioner",
      "profile" : "http://fhir.ch/ig/ch-epr-fhir/StructureDefinition/CH.mCSD.Practitioner",
      "interaction" : [{
        "code" : "read"
      },
      {
        "code" : "search-type"
      }],
      "versioning" : "no-version",
      "searchParam" : [{
        "name" : "active",
        "type" : "token"
      },
      {
        "name" : "identifier",
        "type" : "token"
      },
      {
        "name" : "name",
        "type" : "string"
      },
      {
        "name" : "name:contains",
        "type" : "string"
      },
      {
        "name" : "name:exact",
        "type" : "string"
      },
      {
        "name" : "given",
        "type" : "string"
      },
      {
        "name" : "given:contains",
        "type" : "string"
      },
      {
        "name" : "given:exact",
        "type" : "string"
      },
      {
        "name" : "family",
        "type" : "string"
      },
      {
        "name" : "family:contains",
        "type" : "string"
      },
      {
        "name" : "family:exact",
        "type" : "string"
      }]
    },
    {
      "type" : "PractitionerRole",
      "profile" : "http://fhir.ch/ig/ch-epr-fhir/StructureDefinition/CH.mCSD.PractitionerRole",
      "interaction" : [{
        "code" : "read"
      },
      {
        "code" : "search-type"
      }],
      "versioning" : "no-version",
      "searchInclude" : ["PractitionerRole:practitioner"],
      "searchParam" : [{
        "name" : "active",
        "type" : "token"
      },
      {
        "name" : "location",
        "type" : "reference"
      },
      {
        "name" : "organization",
        "type" : "reference"
      },
      {
        "name" : "role",
        "type" : "token"
      },
      {
        "name" : "service",
        "type" : "reference"
      },
      {
        "name" : "specialty",
        "type" : "token"
      }]
    }],
    "searchParam" : [{
      "name" : "_id",
      "type" : "token"
    },
    {
      "name" : "_lastUpdated",
      "type" : "token",
      "documentation" : "The values for this shall support these prefixes: ge and le"
    }]
  }]
}