{
  "resourceType" : "PractitionerRole",
  "id" : "mCSD-Peer-to-peer-PractitionerRole-GisiGmorkFurchur-Klinik",
  "meta" : {
    "profile" : ["http://fhir.ch/ig/ch-epr-fhir/StructureDefinition/CH.mCSD.PractitionerRole"]
  },
  "text" : {
    "status" : "generated",
    "div" : "<div xmlns=\"http://www.w3.org/1999/xhtml\"><p class=\"res-header-id\"><b>Generated Narrative: PractitionerRole mCSD-Peer-to-peer-PractitionerRole-GisiGmorkFurchur-Klinik</b></p><a name=\"mCSD-Peer-to-peer-PractitionerRole-GisiGmorkFurchur-Klinik\"> </a><a name=\"hcmCSD-Peer-to-peer-PractitionerRole-GisiGmorkFurchur-Klinik\"> </a><div style=\"display: inline-block; background-color: #d9e0e7; padding: 6px; margin: 4px; border: 1px solid #8da1b4; border-radius: 5px; line-height: 60%\"><p style=\"margin-bottom: 0px\"/><p style=\"margin-bottom: 0px\">Profile: <a href=\"StructureDefinition-CH.mCSD.PractitionerRole.html\">CH mCSD PractitionerRole</a></p></div><p><b>identifier</b>: <a href=\"NamingSystem-Ldap.html\" title=\"NamingSystem for Lightweight Directory Access Protocol (LDAP); [https://www.ietf.org/rfc/rfc4514.html](https://www.ietf.org/rfc/rfc4514.html).\">LDAP</a>/CN=CommunityA:00000003000,OU=Relationship,DC=HPD,O=BAG,C=ch</p><p><b>active</b>: true</p><p><b>practitioner</b>: <a href=\"Practitioner-mCSD-No-peer-Practitioner-DrAndrews.html\">Practitioner Ann Andrews</a></p><p><b>organization</b>: <a href=\"Organization-mCSD-No-peer-Organization-SpitalX-Osteopathie.html\">Organization Spital X - Osteopathie</a></p><p><b>code</b>: <span title=\"Codes:{http://snomed.info/sct 309343006}\">Physician</span></p><p><b>specialty</b>: <span title=\"Codes:{urn:oid:2.16.756.5.30.1.127.3.5 1051}\">General internal medicine</span></p></div>"
  },
  "identifier" : [{
    "system" : "urn:ietf:rfc:4514",
    "value" : "CN=CommunityA:00000003000,OU=Relationship,DC=HPD,O=BAG,C=ch"
  }],
  "active" : true,
  "practitioner" : {
    "reference" : "Practitioner/mCSD-No-peer-Practitioner-DrAndrews"
  },
  "organization" : {
    "reference" : "Organization/mCSD-No-peer-Organization-SpitalX-Osteopathie"
  },
  "code" : [{
    "coding" : [{
      "system" : "http://snomed.info/sct",
      "code" : "309343006",
      "display" : "Physician"
    }]
  }],
  "specialty" : [{
    "coding" : [{
      "system" : "urn:oid:2.16.756.5.30.1.127.3.5",
      "code" : "1051",
      "display" : "General internal medicine"
    }]
  }]
}