<?xml version="1.0" encoding="UTF-8"?><ValueSet xmlns="http://hl7.org/fhir"><id value="ech-10-line"/><text><status value="generated"/><div xmlns="http://www.w3.org/1999/xhtml"><h2>eCH-010 Address Line</h2><div><p>eCH-010 defines different address lines</p>
</div><p>This value set includes codes from the following code systems:</p><ul><li>Include these codes as defined in <a href="CodeSystem-ech-10.html"><code>http://fhir.ch/ig/ch-core/CodeSystem/ech-10</code></a><table class="none"><tr><td style="white-space:nowrap"><b>Code</b></td><td><b>Display</b></td></tr><tr><td><a href="CodeSystem-ech-10.html#ech-10-addressLine1">addressLine1</a></td><td>addressLine1</td><td/></tr><tr><td><a href="CodeSystem-ech-10.html#ech-10-addressLine2">addressLine2</a></td><td>addressLine2</td><td/></tr><tr><td><a href="CodeSystem-ech-10.html#ech-10-street">street</a></td><td>street</td><td/></tr><tr><td><a href="CodeSystem-ech-10.html#ech-10-postOfficeBox">postOfficeBox</a></td><td>postOfficeBox</td><td/></tr></table></li></ul><p><b>Additional Language Displays</b></p><table class="codes"><tr><td><b>Code</b></td><td><b>Deutsch (Schweiz) (German (Switzerland), de)</b></td><td><b>French (Switzerland) (fr)</b></td></tr><tr><td>addressLine1</td><td>Adresszeile 1 (optional)</td><td>Ligne d&#x2019;adresse 1 (facultatif)</td></tr><tr><td>addressLine2</td><td>Adresszeile 2 (optional)</td><td>Ligne d&#x2019;adresse 2 (facultatif)</td></tr><tr><td>street</td><td>Adressierung Strasse / Wohnung (optional)</td><td>Adressage rue / appartement (facultatif)</td></tr><tr><td>postOfficeBox</td><td>Adressierung Postfach (optional)</td><td>Adressage case postale (facultatif)</td></tr></table></div></text><url value="http://fhir.ch/ig/ch-core/ValueSet/ech-10-line"/><version value="0.1.0"/><name value="ECH10AddressLine"/><title value="eCH-010 Address Line"/><status value="draft"/><experimental value="true"/><date value="2018-11-27T00:00:00+01:00"/><publisher value="HL7 Switzerland"/><contact><name value="HL7 Switzerland"/><telecom><system value="url"/><value value="https://www.hl7.ch/"/></telecom></contact><description value="eCH-010 defines different address lines"/><jurisdiction><coding><system value="urn:iso:std:iso:3166"/><code value="CH"/></coding></jurisdiction><compose><include><system value="http://fhir.ch/ig/ch-core/CodeSystem/ech-10"/><concept><code value="addressLine1"/><display value="addressLine1"/><designation><language value="de-CH"/><value value="Adresszeile 1 (optional)"/></designation><designation><language value="fr-CH"/><value value="Ligne d&#x2019;adresse 1 (facultatif)"/></designation></concept><concept><code value="addressLine2"/><display value="addressLine2"/><designation><language value="de-CH"/><value value="Adresszeile 2 (optional)"/></designation><designation><language value="fr-CH"/><value value="Ligne d&#x2019;adresse 2 (facultatif)"/></designation></concept><concept><code value="street"/><display value="street"/><designation><language value="de-CH"/><value value="Adressierung Strasse / Wohnung (optional)"/></designation><designation><language value="fr-CH"/><value value="Adressage rue / appartement (facultatif)"/></designation></concept><concept><code value="postOfficeBox"/><display value="postOfficeBox"/><designation><language value="de-CH"/><value value="Adressierung Postfach (optional)"/></designation><designation><language value="fr-CH"/><value value="Adressage case postale (facultatif)"/></designation></concept></include></compose></ValueSet>