<?xml version="1.0" encoding="UTF-8"?><ConceptMap xmlns="http://hl7.org/fhir"><id value="CHEMEDEPRTimeQuantityUnitCodeToCdTyp9"/><text><status value="generated"/><div xmlns="http://www.w3.org/1999/xhtml"><p class="res-header-id"><b>Generated Narrative: ConceptMap CHEMEDEPRTimeQuantityUnitCodeToCdTyp9</b></p><a name="CHEMEDEPRTimeQuantityUnitCodeToCdTyp9"> </a><a name="hcCHEMEDEPRTimeQuantityUnitCodeToCdTyp9"> </a><p>Mapping from <a href="ValueSet-ch-emed-epr-time-quantity-unit-code.html">Time Quantity Unit Codes</a> to https://index.hcisolutions.ch/index/current/get.aspx?schema=CODE&amp;keytype=CDTYP&amp;key=9</p><br/><p><b>Group 1 </b>Mapping from <a href="http://terminology.hl7.org/6.5.0/CodeSystem-v3-ucum.html">Unified Code for Units of Measure (UCUM)</a> to <code>https://index.hcisolutions.ch/index/current/get.aspx?schema=CODE&amp;keytype=CDTYP&amp;key=9</code> (CHEMEDEPRHCIIndexCDTyp9NamingSystem)</p><table class="grid"><tr><td><b>Source Code</b></td><td><b>Relationship</b></td><td><b>Target Code</b></td></tr><tr><td>s (Second)</td><td colspan="2" style="background-color: #efefef">(not mapped)</td></tr><tr><td>min (Minute)</td><td colspan="2" style="background-color: #efefef">(not mapped)</td></tr><tr><td>h (Hour)</td><td><a href="http://hl7.org/fhir/R5/codesystem-concept-map-relationship.html#equal" title="equal">is equal to</a></td><td>h</td></tr><tr><td>d (Day)</td><td><a href="http://hl7.org/fhir/R5/codesystem-concept-map-relationship.html#equal" title="equal">is equal to</a></td><td>Tag</td></tr><tr><td>mo (Month)</td><td><a href="http://hl7.org/fhir/R5/codesystem-concept-map-relationship.html#equal" title="equal">is equal to</a></td><td>Monat</td></tr><tr><td>a (Year)</td><td><a href="http://hl7.org/fhir/R5/codesystem-concept-map-relationship.html#equal" title="equal">is equal to</a></td><td>Jahr</td></tr></table></div></text><url value="http://fhir.ch/ig/ch-emed-epr/ConceptMap/CHEMEDEPRTimeQuantityUnitCodeToCdTyp9"/><version value="3.0.0"/><name value="CHEMEDEPRTimeQuantityUnitCodeToCdTyp9"/><title value="CHEMEDEPRTimeQuantityUnitCode -&gt; CdTyp9"/><status value="draft"/><experimental value="true"/><date value="2026-02-11T07:11:04+00:00"/><publisher value="CARA"/><contact><name value="CARA"/><telecom><system value="url"/><value value="https://www.cara.ch"/></telecom></contact><description value="Mapping from CHEMEDEPRTimeQuantityUnitCode codes to HCI CdTyp9 unit codes."/><jurisdiction><coding><system value="urn:iso:std:iso:3166"/><code value="CH"/><display value="Switzerland"/></coding></jurisdiction><copyright value="CC0-1.0"/><sourceCanonical value="http://fhir.ch/ig/ch-emed-epr/ValueSet/ch-emed-epr-time-quantity-unit-code"/><targetUri value="https://index.hcisolutions.ch/index/current/get.aspx?schema=CODE&amp;keytype=CDTYP&amp;key=9"/><group><source value="http://unitsofmeasure.org"/><target value="https://index.hcisolutions.ch/index/current/get.aspx?schema=CODE&amp;keytype=CDTYP&amp;key=9"/><element><code value="s"/><display value="Second"/><target><equivalence value="unmatched"/></target></element><element><code value="min"/><display value="Minute"/><target><equivalence value="unmatched"/></target></element><element><code value="h"/><display value="Hour"/><target><code value="h"/><equivalence value="equal"/></target></element><element><code value="d"/><display value="Day"/><target><code value="Tag"/><equivalence value="equal"/></target></element><element><code value="mo"/><display value="Month"/><target><code value="Monat"/><equivalence value="equal"/></target></element><element><code value="a"/><display value="Year"/><target><code value="Jahr"/><equivalence value="equal"/></target></element></group></ConceptMap>