{"resourceType":"ValueSet","id":"ch-elm-results-cjd-org","text":{"status":"generated","div":"<div xmlns=\"http://www.w3.org/1999/xhtml\"><p class=\"res-header-id\"><b>Generated Narrative: ValueSet ch-elm-results-cjd-org</b></p><a name=\"ch-elm-results-cjd-org\"> </a><a name=\"hcch-elm-results-cjd-org\"> </a><a name=\"ch-elm-results-cjd-org-en-US\"> </a><ul><li>Include these codes as defined in <a href=\"http://www.snomed.org/\"><code>http://snomed.info/sct</code></a><table class=\"none\"><tr><td style=\"white-space:nowrap\"><b>Code</b></td><td><b>Display</b></td></tr><tr><td><a href=\"http://snomed.info/id/715807002\">715807002</a></td><td>Familial Creutzfeldt-Jakob (disorder)</td></tr><tr><td><a href=\"http://snomed.info/id/715662009\">715662009</a></td><td>Iatrogenic Jakob-Creutzfeldt disease (disorder)</td></tr><tr><td><a href=\"http://snomed.info/id/304603007\">304603007</a></td><td>Variant Creutzfeldt-Jakob disease (disorder)</td></tr><tr><td><a href=\"http://snomed.info/id/713060000\">713060000</a></td><td>Sporadic Creutzfeldt-Jakob disease (disorder)</td></tr><tr><td><a href=\"http://snomed.info/id/84676004\">84676004</a></td><td>Prion (organism)</td></tr><tr><td><a href=\"http://snomed.info/id/721165001\">721165001</a></td><td>Variably protease sensitive prionopathy (disorder)</td></tr></table></li></ul></div>"},"url":"http://fhir.ch/ig/ch-elm/ValueSet/ch-elm-results-cjd-org","version":"1.9.0","name":"ChElmResultsCjdOrg","title":"CH ELM Results Cjd Org","status":"active","experimental":false,"date":"2025-03-18T17:04:45+00:00","publisher":"Federal Office of Public Health FOPH","contact":[{"name":"Federal Office of Public Health FOPH","telecom":[{"system":"url","value":"https://www.bag.admin.ch/bag/en/home/das-bag/kontakt-standort.html"}]}],"description":"The \"CH ELM Results Cjd Org\" organism group provides a curated set of codes representing specific organisms. Each code within this group has been selected to ensure precise representation and consistency in relation to the primary LOINC codes. Clients utilizing the \"CH ELM Results Cjd Org\" group should refer to the provided codes to accurately and uniformly capture and report organism-related information.","jurisdiction":[{"coding":[{"system":"urn:iso:std:iso:3166","code":"CH"}]}],"copyright":"CC0-1.0","compose":{"include":[{"system":"http://snomed.info/sct","concept":[{"code":"715807002","display":"Familial Creutzfeldt-Jakob (disorder)"},{"code":"715662009","display":"Iatrogenic Jakob-Creutzfeldt disease (disorder)"},{"code":"304603007","display":"Variant Creutzfeldt-Jakob disease (disorder)"},{"code":"713060000","display":"Sporadic Creutzfeldt-Jakob disease (disorder)"},{"code":"84676004","display":"Prion (organism)"},{"code":"721165001","display":"Variably protease sensitive prionopathy (disorder)"}]}]}}