{"resourceType":"ValueSet","id":"ch-rad-order-view-type","text":{"status":"generated","div":"<div xmlns=\"http://www.w3.org/1999/xhtml\"><ul><li>Include these codes as defined in <a href=\"http://www.radlex.org\"><code>http://www.radlex.org</code></a><table class=\"none\"><tr><td style=\"white-space:nowrap\"><b>Code</b></td><td><b>Display</b></td></tr><tr><td><a href=\"CodeSystem-ch-rad-order-radlex.html#ch-rad-order-radlex-RID10424\">RID10424</a></td><td>Right lateral decubitus position</td></tr><tr><td><a href=\"CodeSystem-ch-rad-order-radlex.html#ch-rad-order-radlex-RID10425\">RID10425</a></td><td>Left lateral decubitus position</td></tr><tr><td><a href=\"CodeSystem-ch-rad-order-radlex.html#ch-rad-order-radlex-RID10439\">RID10439</a></td><td>Lateral decubitus position</td></tr><tr><td><a href=\"CodeSystem-ch-rad-order-radlex.html#ch-rad-order-radlex-RID10446\">RID10446</a></td><td>Radial deviation position</td></tr><tr><td><a href=\"CodeSystem-ch-rad-order-radlex.html#ch-rad-order-radlex-RID10447\">RID10447</a></td><td>Ulnar deviation position</td></tr><tr><td><a href=\"CodeSystem-ch-rad-order-radlex.html#ch-rad-order-radlex-RID10451\">RID10451</a></td><td>Open mouth position</td></tr><tr><td><a href=\"CodeSystem-ch-rad-order-radlex.html#ch-rad-order-radlex-RID10455\">RID10455</a></td><td>Upright position</td></tr><tr><td><a href=\"CodeSystem-ch-rad-order-radlex.html#ch-rad-order-radlex-RID10509\">RID10509</a></td><td>Implant displaced</td></tr><tr><td><a href=\"CodeSystem-ch-rad-order-radlex.html#ch-rad-order-radlex-RID10521\">RID10521</a></td><td>Frontal projection</td></tr><tr><td><a href=\"CodeSystem-ch-rad-order-radlex.html#ch-rad-order-radlex-RID10534\">RID10534</a></td><td>Radiography grid</td></tr><tr><td><a href=\"CodeSystem-ch-rad-order-radlex.html#ch-rad-order-radlex-RID10579\">RID10579</a></td><td>axial plane</td></tr><tr><td><a href=\"CodeSystem-ch-rad-order-radlex.html#ch-rad-order-radlex-RID28651\">RID28651</a></td><td>Magnification</td></tr><tr><td><a href=\"CodeSystem-ch-rad-order-radlex.html#ch-rad-order-radlex-RID39542\">RID39542</a></td><td>transrectal</td></tr><tr><td><a href=\"CodeSystem-ch-rad-order-radlex.html#ch-rad-order-radlex-RID39543\">RID39543</a></td><td>transvaginal</td></tr><tr><td><a href=\"CodeSystem-ch-rad-order-radlex.html#ch-rad-order-radlex-RID43583\">RID43583</a></td><td>AP view</td></tr><tr><td><a href=\"CodeSystem-ch-rad-order-radlex.html#ch-rad-order-radlex-RID43584\">RID43584</a></td><td>apical lordotic view</td></tr><tr><td><a href=\"CodeSystem-ch-rad-order-radlex.html#ch-rad-order-radlex-RID43586\">RID43586</a></td><td>cone view</td></tr><tr><td><a href=\"CodeSystem-ch-rad-order-radlex.html#ch-rad-order-radlex-RID43591\">RID43591</a></td><td>lateral view</td></tr><tr><td><a href=\"CodeSystem-ch-rad-order-radlex.html#ch-rad-order-radlex-RID43593\">RID43593</a></td><td>left oblique view</td></tr><tr><td><a href=\"CodeSystem-ch-rad-order-radlex.html#ch-rad-order-radlex-RID43594\">RID43594</a></td><td>PA view</td></tr><tr><td><a href=\"CodeSystem-ch-rad-order-radlex.html#ch-rad-order-radlex-RID43596\">RID43596</a></td><td>right oblique view</td></tr><tr><td><a href=\"CodeSystem-ch-rad-order-radlex.html#ch-rad-order-radlex-RID43597\">RID43597</a></td><td>Spot view</td></tr><tr><td><a href=\"CodeSystem-ch-rad-order-radlex.html#ch-rad-order-radlex-RID43600\">RID43600</a></td><td>Arcein view</td></tr><tr><td><a href=\"CodeSystem-ch-rad-order-radlex.html#ch-rad-order-radlex-RID43605\">RID43605</a></td><td>Broden view</td></tr><tr><td><a href=\"CodeSystem-ch-rad-order-radlex.html#ch-rad-order-radlex-RID43616\">RID43616</a></td><td>Danelius miller view</td></tr><tr><td><a href=\"CodeSystem-ch-rad-order-radlex.html#ch-rad-order-radlex-RID43618\">RID43618</a></td><td>Ferguson view</td></tr><tr><td><a href=\"CodeSystem-ch-rad-order-radlex.html#ch-rad-order-radlex-RID43621\">RID43621</a></td><td>Friedman view</td></tr><tr><td><a href=\"CodeSystem-ch-rad-order-radlex.html#ch-rad-order-radlex-RID43625\">RID43625</a></td><td>Grashey view</td></tr><tr><td><a href=\"CodeSystem-ch-rad-order-radlex.html#ch-rad-order-radlex-RID43630\">RID43630</a></td><td>Holmblad view</td></tr><tr><td><a href=\"CodeSystem-ch-rad-order-radlex.html#ch-rad-order-radlex-RID43637\">RID43637</a></td><td>Judet view</td></tr><tr><td><a href=\"CodeSystem-ch-rad-order-radlex.html#ch-rad-order-radlex-RID43653\">RID43653</a></td><td>Mayer view</td></tr><tr><td><a href=\"CodeSystem-ch-rad-order-radlex.html#ch-rad-order-radlex-RID43654\">RID43654</a></td><td>Merchant view</td></tr><tr><td><a href=\"CodeSystem-ch-rad-order-radlex.html#ch-rad-order-radlex-RID43665\">RID43665</a></td><td>Norgaard view</td></tr><tr><td><a href=\"CodeSystem-ch-rad-order-radlex.html#ch-rad-order-radlex-RID43667\">RID43667</a></td><td>original Law view</td></tr><tr><td><a href=\"CodeSystem-ch-rad-order-radlex.html#ch-rad-order-radlex-RID43671\">RID43671</a></td><td>Caldwell view</td></tr><tr><td><a href=\"CodeSystem-ch-rad-order-radlex.html#ch-rad-order-radlex-RID43681\">RID43681</a></td><td>Stenvers view</td></tr><tr><td><a href=\"CodeSystem-ch-rad-order-radlex.html#ch-rad-order-radlex-RID43682\">RID43682</a></td><td>Stryker notch view</td></tr><tr><td><a href=\"CodeSystem-ch-rad-order-radlex.html#ch-rad-order-radlex-RID43686\">RID43686</a></td><td>Towne view</td></tr><tr><td><a href=\"CodeSystem-ch-rad-order-radlex.html#ch-rad-order-radlex-RID43689\">RID43689</a></td><td>Occipitomental view</td></tr><tr><td><a href=\"CodeSystem-ch-rad-order-radlex.html#ch-rad-order-radlex-RID43690\">RID43690</a></td><td>West point view</td></tr><tr><td><a href=\"CodeSystem-ch-rad-order-radlex.html#ch-rad-order-radlex-RID45659\">RID45659</a></td><td>babygram</td></tr><tr><td><a href=\"CodeSystem-ch-rad-order-radlex.html#ch-rad-order-radlex-RID45661\">RID45661</a></td><td>oblique view</td></tr><tr><td><a href=\"CodeSystem-ch-rad-order-radlex.html#ch-rad-order-radlex-RID45663\">RID45663</a></td><td>swimmers view</td></tr><tr><td><a href=\"CodeSystem-ch-rad-order-radlex.html#ch-rad-order-radlex-RID45779\">RID45779</a></td><td>supine view</td></tr><tr><td><a href=\"CodeSystem-ch-rad-order-radlex.html#ch-rad-order-radlex-RID45780\">RID45780</a></td><td>Left lateral view</td></tr><tr><td><a href=\"CodeSystem-ch-rad-order-radlex.html#ch-rad-order-radlex-RID45781\">RID45781</a></td><td>Right lateral view</td></tr><tr><td><a href=\"CodeSystem-ch-rad-order-radlex.html#ch-rad-order-radlex-RID45782\">RID45782</a></td><td>cross table lateral view</td></tr><tr><td><a href=\"CodeSystem-ch-rad-order-radlex.html#ch-rad-order-radlex-RID45783\">RID45783</a></td><td>carpal tunnel view</td></tr><tr><td><a href=\"CodeSystem-ch-rad-order-radlex.html#ch-rad-order-radlex-RID45785\">RID45785</a></td><td>Transthoracic view</td></tr><tr><td><a href=\"CodeSystem-ch-rad-order-radlex.html#ch-rad-order-radlex-RID45786\">RID45786</a></td><td>Sunrise view</td></tr><tr><td><a href=\"CodeSystem-ch-rad-order-radlex.html#ch-rad-order-radlex-RID45787\">RID45787</a></td><td>Tunnel view</td></tr><tr><td><a href=\"CodeSystem-ch-rad-order-radlex.html#ch-rad-order-radlex-RID45788\">RID45788</a></td><td>Inlet view</td></tr><tr><td><a href=\"CodeSystem-ch-rad-order-radlex.html#ch-rad-order-radlex-RID45789\">RID45789</a></td><td>Outlet view</td></tr><tr><td><a href=\"CodeSystem-ch-rad-order-radlex.html#ch-rad-order-radlex-RID45790\">RID45790</a></td><td>Axillary view</td></tr><tr><td><a href=\"CodeSystem-ch-rad-order-radlex.html#ch-rad-order-radlex-RID45791\">RID45791</a></td><td>Submentovertical view</td></tr><tr><td><a href=\"CodeSystem-ch-rad-order-radlex.html#ch-rad-order-radlex-RID45795\">RID45795</a></td><td>Obliques view</td></tr><tr><td><a href=\"CodeSystem-ch-rad-order-radlex.html#ch-rad-order-radlex-RID45802\">RID45802</a></td><td>Runoff</td></tr><tr><td><a href=\"CodeSystem-ch-rad-order-radlex.html#ch-rad-order-radlex-RID49830\">RID49830</a></td><td>Panoramic</td></tr><tr><td><a href=\"CodeSystem-ch-rad-order-radlex.html#ch-rad-order-radlex-RID50070\">RID50070</a></td><td>posteroanterior 45-degree flexion view</td></tr><tr><td><a href=\"CodeSystem-ch-rad-order-radlex.html#ch-rad-order-radlex-RID50077\">RID50077</a></td><td>External rotation view</td></tr><tr><td><a href=\"CodeSystem-ch-rad-order-radlex.html#ch-rad-order-radlex-RID50079\">RID50079</a></td><td>Internal rotation view</td></tr><tr><td><a href=\"CodeSystem-ch-rad-order-radlex.html#ch-rad-order-radlex-RID50087\">RID50087</a></td><td>10 degree caudal angle view</td></tr><tr><td><a href=\"CodeSystem-ch-rad-order-radlex.html#ch-rad-order-radlex-RID50088\">RID50088</a></td><td>30 degree caudal angle view</td></tr><tr><td><a href=\"CodeSystem-ch-rad-order-radlex.html#ch-rad-order-radlex-RID50090\">RID50090</a></td><td>10 degree cephalic angle view</td></tr><tr><td><a href=\"CodeSystem-ch-rad-order-radlex.html#ch-rad-order-radlex-RID50091\">RID50091</a></td><td>20 degree cephalic angle view</td></tr><tr><td><a href=\"CodeSystem-ch-rad-order-radlex.html#ch-rad-order-radlex-RID50092\">RID50092</a></td><td>Posteroanterior 30 degree flexion view</td></tr><tr><td><a href=\"CodeSystem-ch-rad-order-radlex.html#ch-rad-order-radlex-RID50093\">RID50093</a></td><td>45 degree cephalic angle view</td></tr><tr><td><a href=\"CodeSystem-ch-rad-order-radlex.html#ch-rad-order-radlex-RID50094\">RID50094</a></td><td>90 degree abduction view</td></tr><tr><td><a href=\"CodeSystem-ch-rad-order-radlex.html#ch-rad-order-radlex-RID50095\">RID50095</a></td><td>Bora view</td></tr><tr><td><a href=\"CodeSystem-ch-rad-order-radlex.html#ch-rad-order-radlex-RID50096\">RID50096</a></td><td>Brewerton view</td></tr><tr><td><a href=\"CodeSystem-ch-rad-order-radlex.html#ch-rad-order-radlex-RID50097\">RID50097</a></td><td>Garth view</td></tr><tr><td><a href=\"CodeSystem-ch-rad-order-radlex.html#ch-rad-order-radlex-RID50098\">RID50098</a></td><td>Harris view</td></tr><tr><td><a href=\"CodeSystem-ch-rad-order-radlex.html#ch-rad-order-radlex-RID50099\">RID50099</a></td><td>Rosenberg view</td></tr><tr><td><a href=\"CodeSystem-ch-rad-order-radlex.html#ch-rad-order-radlex-RID50100\">RID50100</a></td><td>Von Rosen view</td></tr><tr><td><a href=\"CodeSystem-ch-rad-order-radlex.html#ch-rad-order-radlex-RID50102\">RID50102</a></td><td>Waters upright view</td></tr><tr><td><a href=\"CodeSystem-ch-rad-order-radlex.html#ch-rad-order-radlex-RID50103\">RID50103</a></td><td>Zanca view</td></tr><tr><td><a href=\"CodeSystem-ch-rad-order-radlex.html#ch-rad-order-radlex-RID50104\">RID50104</a></td><td>Endorectal view</td></tr><tr><td><a href=\"CodeSystem-ch-rad-order-radlex.html#ch-rad-order-radlex-RID50106\">RID50106</a></td><td>Left anterior oblique view</td></tr><tr><td><a href=\"CodeSystem-ch-rad-order-radlex.html#ch-rad-order-radlex-RID50107\">RID50107</a></td><td>Lateral frog leg view</td></tr><tr><td><a href=\"CodeSystem-ch-rad-order-radlex.html#ch-rad-order-radlex-RID50109\">RID50109</a></td><td>Lateral spot view</td></tr><tr><td><a href=\"CodeSystem-ch-rad-order-radlex.html#ch-rad-order-radlex-RID50111\">RID50111</a></td><td>Laurin view</td></tr><tr><td><a href=\"CodeSystem-ch-rad-order-radlex.html#ch-rad-order-radlex-RID50113\">RID50113</a></td><td>Left posterior oblique view</td></tr><tr><td><a href=\"CodeSystem-ch-rad-order-radlex.html#ch-rad-order-radlex-RID50114\">RID50114</a></td><td>Mediolateral oblique view</td></tr><tr><td><a href=\"CodeSystem-ch-rad-order-radlex.html#ch-rad-order-radlex-RID50115\">RID50115</a></td><td>Mortise view</td></tr><tr><td><a href=\"CodeSystem-ch-rad-order-radlex.html#ch-rad-order-radlex-RID50116\">RID50116</a></td><td>Odontoid view</td></tr><tr><td><a href=\"CodeSystem-ch-rad-order-radlex.html#ch-rad-order-radlex-RID50118\">RID50118</a></td><td>Posteroanterior prone view</td></tr><tr><td><a href=\"CodeSystem-ch-rad-order-radlex.html#ch-rad-order-radlex-RID50119\">RID50119</a></td><td>radio head capitallar view</td></tr><tr><td><a href=\"CodeSystem-ch-rad-order-radlex.html#ch-rad-order-radlex-RID50120\">RID50120</a></td><td>Right anterior oblique view</td></tr><tr><td><a href=\"CodeSystem-ch-rad-order-radlex.html#ch-rad-order-radlex-RID50121\">RID50121</a></td><td>Right posterior oblique view</td></tr><tr><td><a href=\"CodeSystem-ch-rad-order-radlex.html#ch-rad-order-radlex-RID50122\">RID50122</a></td><td>Scaphoid view</td></tr><tr><td><a href=\"CodeSystem-ch-rad-order-radlex.html#ch-rad-order-radlex-RID50123\">RID50123</a></td><td>Serendipity view</td></tr><tr><td><a href=\"CodeSystem-ch-rad-order-radlex.html#ch-rad-order-radlex-RID50124\">RID50124</a></td><td>Tangential view</td></tr><tr><td><a href=\"CodeSystem-ch-rad-order-radlex.html#ch-rad-order-radlex-RID50125\">RID50125</a></td><td>True anteroposterior view</td></tr><tr><td><a href=\"CodeSystem-ch-rad-order-radlex.html#ch-rad-order-radlex-RID50126\">RID50126</a></td><td>True lateral view</td></tr><tr><td><a href=\"CodeSystem-ch-rad-order-radlex.html#ch-rad-order-radlex-RID50127\">RID50127</a></td><td>Velpeau view</td></tr><tr><td><a href=\"CodeSystem-ch-rad-order-radlex.html#ch-rad-order-radlex-RID50128\">RID50128</a></td><td>Laterally exaggerated craniocaudal view</td></tr><tr><td><a href=\"CodeSystem-ch-rad-order-radlex.html#ch-rad-order-radlex-RID50129\">RID50129</a></td><td>Y view</td></tr><tr><td><a href=\"CodeSystem-ch-rad-order-radlex.html#ch-rad-order-radlex-RID50172\">RID50172</a></td><td>closed mouth position</td></tr><tr><td><a href=\"CodeSystem-ch-rad-order-radlex.html#ch-rad-order-radlex-RID50328\">RID50328</a></td><td>air gap breast view</td></tr><tr><td><a href=\"CodeSystem-ch-rad-order-radlex.html#ch-rad-order-radlex-RID50329\">RID50329</a></td><td>rolled breast view</td></tr><tr><td><a href=\"CodeSystem-ch-rad-order-radlex.html#ch-rad-order-radlex-RID50367\">RID50367</a></td><td>sunrise 20 degrees view</td></tr><tr><td><a href=\"CodeSystem-ch-rad-order-radlex.html#ch-rad-order-radlex-RID50368\">RID50368</a></td><td>sunrise 40 degrees view</td></tr><tr><td><a href=\"CodeSystem-ch-rad-order-radlex.html#ch-rad-order-radlex-RID50369\">RID50369</a></td><td>sunrise 60 degrees view</td></tr><tr><td><a href=\"CodeSystem-ch-rad-order-radlex.html#ch-rad-order-radlex-RID50370\">RID50370</a></td><td>Merchant 30 degrees view</td></tr><tr><td><a href=\"CodeSystem-ch-rad-order-radlex.html#ch-rad-order-radlex-RID50371\">RID50371</a></td><td>Merchant 45 degrees view</td></tr><tr><td><a href=\"CodeSystem-ch-rad-order-radlex.html#ch-rad-order-radlex-RID50372\">RID50372</a></td><td>Merchant 60 degrees view</td></tr><tr><td><a href=\"CodeSystem-ch-rad-order-radlex.html#ch-rad-order-radlex-RID50373\">RID50373</a></td><td>Trans-scapular view</td></tr><tr><td><a href=\"CodeSystem-ch-rad-order-radlex.html#ch-rad-order-radlex-RID50386\">RID50386</a></td><td>Oblique upright view</td></tr><tr><td><a href=\"CodeSystem-ch-rad-order-radlex.html#ch-rad-order-radlex-RID50534\">RID50534</a></td><td>Bitewing view</td></tr><tr><td><a href=\"CodeSystem-ch-rad-order-radlex.html#ch-rad-order-radlex-RID50535\">RID50535</a></td><td>Jones view</td></tr><tr><td><a href=\"CodeSystem-ch-rad-order-radlex.html#ch-rad-order-radlex-RID50628\">RID50628</a></td><td>Max abduction</td></tr><tr><td><a href=\"CodeSystem-ch-rad-order-radlex.html#ch-rad-order-radlex-RID50629\">RID50629</a></td><td>Oblique prone</td></tr><tr><td><a href=\"CodeSystem-ch-rad-order-radlex.html#ch-rad-order-radlex-RID50635\">RID50635</a></td><td>Oblique crosstable</td></tr><tr><td><a href=\"CodeSystem-ch-rad-order-radlex.html#ch-rad-order-radlex-RID5818\">RID5818</a></td><td>anterior</td></tr><tr><td><a href=\"CodeSystem-ch-rad-order-radlex.html#ch-rad-order-radlex-RID6427\">RID6427</a></td><td>Transabdominal</td></tr></table></li></ul></div>"},"url":"http://fhir.ch/ig/ch-rad-order/ValueSet/ch-rad-order-view-type","version":"1.0.0","name":"ChRadOrderViewType","title":"View Type","status":"active","date":"2022-02-22T11:41:58+01:00","publisher":"HL7 Switzerland","contact":[{"name":"Juerg P. Bleuer","telecom":[{"system":"url","value":"https://www.hl7.ch"}]}],"description":"Definition for View Type Value Set in the context of CH RAD-Order.","jurisdiction":[{"coding":[{"system":"urn:iso:std:iso:3166","code":"CH"}]}],"copyright":"CC-BY-SA-4.0","compose":{"include":[{"system":"http://www.radlex.org","concept":[{"code":"RID10424","display":"Right lateral decubitus position"},{"code":"RID10425","display":"Left lateral decubitus position"},{"code":"RID10439","display":"Lateral decubitus position"},{"code":"RID10446","display":"Radial deviation position"},{"code":"RID10447","display":"Ulnar deviation position"},{"code":"RID10451","display":"Open mouth position"},{"code":"RID10455","display":"Upright position"},{"code":"RID10509","display":"Implant displaced"},{"code":"RID10521","display":"Frontal projection"},{"code":"RID10534","display":"Radiography grid"},{"code":"RID10579","display":"axial plane"},{"code":"RID28651","display":"Magnification"},{"code":"RID39542","display":"transrectal"},{"code":"RID39543","display":"transvaginal"},{"code":"RID43583","display":"AP view"},{"code":"RID43584","display":"apical lordotic view"},{"code":"RID43586","display":"cone view"},{"code":"RID43591","display":"lateral view"},{"code":"RID43593","display":"left oblique view"},{"code":"RID43594","display":"PA view"},{"code":"RID43596","display":"right oblique view"},{"code":"RID43597","display":"Spot view"},{"code":"RID43600","display":"Arcein view"},{"code":"RID43605","display":"Broden view"},{"code":"RID43616","display":"Danelius miller view"},{"code":"RID43618","display":"Ferguson view"},{"code":"RID43621","display":"Friedman view"},{"code":"RID43625","display":"Grashey view"},{"code":"RID43630","display":"Holmblad view"},{"code":"RID43637","display":"Judet view"},{"code":"RID43653","display":"Mayer view"},{"code":"RID43654","display":"Merchant view"},{"code":"RID43665","display":"Norgaard view"},{"code":"RID43667","display":"original Law view"},{"code":"RID43671","display":"Caldwell view"},{"code":"RID43681","display":"Stenvers view"},{"code":"RID43682","display":"Stryker notch view"},{"code":"RID43686","display":"Towne view"},{"code":"RID43689","display":"Occipitomental view"},{"code":"RID43690","display":"West point view"},{"code":"RID45659","display":"babygram"},{"code":"RID45661","display":"oblique view"},{"code":"RID45663","display":"swimmers view"},{"code":"RID45779","display":"supine view"},{"code":"RID45780","display":"Left lateral view"},{"code":"RID45781","display":"Right lateral view"},{"code":"RID45782","display":"cross table lateral view"},{"code":"RID45783","display":"carpal tunnel view"},{"code":"RID45785","display":"Transthoracic view"},{"code":"RID45786","display":"Sunrise view"},{"code":"RID45787","display":"Tunnel view"},{"code":"RID45788","display":"Inlet view"},{"code":"RID45789","display":"Outlet view"},{"code":"RID45790","display":"Axillary view"},{"code":"RID45791","display":"Submentovertical view"},{"code":"RID45795","display":"Obliques view"},{"code":"RID45802","display":"Runoff"},{"code":"RID49830","display":"Panoramic"},{"code":"RID50070","display":"posteroanterior 45-degree flexion view"},{"code":"RID50077","display":"External rotation view"},{"code":"RID50079","display":"Internal rotation view"},{"code":"RID50087","display":"10 degree caudal angle view"},{"code":"RID50088","display":"30 degree caudal angle view"},{"code":"RID50090","display":"10 degree cephalic angle view"},{"code":"RID50091","display":"20 degree cephalic angle view"},{"code":"RID50092","display":"Posteroanterior 30 degree flexion view"},{"code":"RID50093","display":"45 degree cephalic angle view"},{"code":"RID50094","display":"90 degree abduction view"},{"code":"RID50095","display":"Bora view"},{"code":"RID50096","display":"Brewerton view"},{"code":"RID50097","display":"Garth view"},{"code":"RID50098","display":"Harris view"},{"code":"RID50099","display":"Rosenberg view"},{"code":"RID50100","display":"Von Rosen view"},{"code":"RID50102","display":"Waters upright view"},{"code":"RID50103","display":"Zanca view"},{"code":"RID50104","display":"Endorectal view"},{"code":"RID50106","display":"Left anterior oblique view"},{"code":"RID50107","display":"Lateral frog leg view"},{"code":"RID50109","display":"Lateral spot view"},{"code":"RID50111","display":"Laurin view"},{"code":"RID50113","display":"Left posterior oblique view"},{"code":"RID50114","display":"Mediolateral oblique view"},{"code":"RID50115","display":"Mortise view"},{"code":"RID50116","display":"Odontoid view"},{"code":"RID50118","display":"Posteroanterior prone view"},{"code":"RID50119","display":"radio head capitallar view"},{"code":"RID50120","display":"Right anterior oblique view"},{"code":"RID50121","display":"Right posterior oblique view"},{"code":"RID50122","display":"Scaphoid view"},{"code":"RID50123","display":"Serendipity view"},{"code":"RID50124","display":"Tangential view"},{"code":"RID50125","display":"True anteroposterior view"},{"code":"RID50126","display":"True lateral view"},{"code":"RID50127","display":"Velpeau view"},{"code":"RID50128","display":"Laterally exaggerated craniocaudal view"},{"code":"RID50129","display":"Y view"},{"code":"RID50172","display":"closed mouth position"},{"code":"RID50328","display":"air gap breast view"},{"code":"RID50329","display":"rolled breast view"},{"code":"RID50367","display":"sunrise 20 degrees view"},{"code":"RID50368","display":"sunrise 40 degrees view"},{"code":"RID50369","display":"sunrise 60 degrees view"},{"code":"RID50370","display":"Merchant 30 degrees view"},{"code":"RID50371","display":"Merchant 45 degrees view"},{"code":"RID50372","display":"Merchant 60 degrees view"},{"code":"RID50373","display":"Trans-scapular view"},{"code":"RID50386","display":"Oblique upright view"},{"code":"RID50534","display":"Bitewing view"},{"code":"RID50535","display":"Jones view"},{"code":"RID50628","display":"Max abduction"},{"code":"RID50629","display":"Oblique prone"},{"code":"RID50635","display":"Oblique crosstable"},{"code":"RID5818","display":"anterior"},{"code":"RID6427","display":"Transabdominal"}]}]}}