{
  "resourceType": "StructureDefinition",
  "id": "ch-epr-mhealth-birthname",
  "text": {
    "status": "extensions",
    "div": "<div xmlns=\"http://www.w3.org/1999/xhtml\"><table border=\"0\" cellpadding=\"0\" cellspacing=\"0\" style=\"border: 0px #F0F0F0 solid; font-size: 11px; font-family: verdana; vertical-align: top;\"><tr style=\"border: 1px #F0F0F0 solid; font-size: 11px; font-family: verdana; vertical-align: top\"><th style=\"vertical-align: top; text-align : left; background-color: white; border: 0px #F0F0F0 solid; padding:0px 4px 0px 4px\" class=\"hierarchy\"><a href=\"http://hl7.org/fhir/R4/formats.html#table\" title=\"The logical name of the element\">Name</a></th><th style=\"vertical-align: top; text-align : left; background-color: white; border: 0px #F0F0F0 solid; padding:0px 4px 0px 4px\" class=\"hierarchy\"><a href=\"http://hl7.org/fhir/R4/formats.html#table\" title=\"Information about the use of the element\">Flags</a></th><th style=\"vertical-align: top; text-align : left; background-color: white; border: 0px #F0F0F0 solid; padding:0px 4px 0px 4px\" class=\"hierarchy\"><a href=\"http://hl7.org/fhir/R4/formats.html#table\" title=\"Minimum and Maximum # of times the the element can appear in the instance\">Card.</a></th><th style=\"width: 100px\" class=\"hierarchy\"><a href=\"http://hl7.org/fhir/R4/formats.html#table\" title=\"Reference to the type of the element\">Type</a></th><th style=\"vertical-align: top; text-align : left; background-color: white; border: 0px #F0F0F0 solid; padding:0px 4px 0px 4px\" class=\"hierarchy\"><a href=\"http://hl7.org/fhir/R4/formats.html#table\" title=\"Additional information about the element\">Description &amp; Constraints</a><span style=\"float: right\"><a href=\"http://hl7.org/fhir/R4/formats.html#table\" title=\"Legend for this format\"><img src=\"http://hl7.org/fhir/R4/help16.png\" alt=\"doco\" style=\"background-color: inherit\"/></a></span></th></tr><tr style=\"border: 0px #F0F0F0 solid; padding:0px; vertical-align: top; background-color: white\"><td style=\"vertical-align: top; text-align : left; background-color: white; border: 0px #F0F0F0 solid; padding:0px 4px 0px 4px; white-space: nowrap; background-image: url(tbl_bck1.png)\" class=\"hierarchy\"><img src=\"tbl_spacer.png\" alt=\".\" style=\"background-color: inherit\" class=\"hierarchy\"/><img src=\"icon_element.gif\" alt=\".\" style=\"background-color: white; background-color: inherit\" title=\"Element\" class=\"hierarchy\"/> <a href=\"StructureDefinition-ch-epr-mhealth-birthname-definitions.html#HumanName\">HumanName</a><a name=\"HumanName\"> </a></td><td style=\"vertical-align: top; text-align : left; background-color: white; border: 0px #F0F0F0 solid; padding:0px 4px 0px 4px\" class=\"hierarchy\"/><td style=\"vertical-align: top; text-align : left; background-color: white; border: 0px #F0F0F0 solid; padding:0px 4px 0px 4px\" class=\"hierarchy\"><span style=\"opacity: 0.5\">0</span><span style=\"opacity: 0.5\">..</span><span style=\"opacity: 0.5\">*</span></td><td style=\"vertical-align: top; text-align : left; background-color: white; border: 0px #F0F0F0 solid; padding:0px 4px 0px 4px\" class=\"hierarchy\"><a href=\"http://fhir.ch/ig/ch-core/2.1.0/StructureDefinition-ch-core-humanname.html\">CHCoreHumanName</a></td><td style=\"vertical-align: top; text-align : left; background-color: white; border: 0px #F0F0F0 solid; padding:0px 4px 0px 4px\" class=\"hierarchy\">BirthName</td></tr>\r\n<tr style=\"border: 0px #F0F0F0 solid; padding:0px; vertical-align: top; background-color: #F7F7F7\"><td style=\"vertical-align: top; text-align : left; background-color: #F7F7F7; border: 0px #F0F0F0 solid; padding:0px 4px 0px 4px; white-space: nowrap; background-image: url(tbl_bck01.png)\" class=\"hierarchy\"><img src=\"tbl_spacer.png\" alt=\".\" style=\"background-color: inherit\" class=\"hierarchy\"/><img src=\"tbl_vjoin_end.png\" alt=\".\" style=\"background-color: inherit\" class=\"hierarchy\"/><img src=\"icon_element.gif\" alt=\".\" style=\"background-color: #F7F7F7; background-color: inherit\" title=\"Element\" class=\"hierarchy\"/> <a href=\"StructureDefinition-ch-epr-mhealth-birthname-definitions.html#HumanName.family\">family</a><a name=\"HumanName.family\"> </a></td><td style=\"vertical-align: top; text-align : left; background-color: #F7F7F7; border: 0px #F0F0F0 solid; padding:0px 4px 0px 4px\" class=\"hierarchy\"><span style=\"padding-left: 3px; padding-right: 3px; color: white; background-color: red\" title=\"This element must be supported\">S</span></td><td style=\"vertical-align: top; text-align : left; background-color: #F7F7F7; border: 0px #F0F0F0 solid; padding:0px 4px 0px 4px\" class=\"hierarchy\">1..<span style=\"opacity: 0.5\">1</span></td><td style=\"vertical-align: top; text-align : left; background-color: #F7F7F7; border: 0px #F0F0F0 solid; padding:0px 4px 0px 4px\" class=\"hierarchy\"><a style=\"opacity: 0.5\" href=\"http://hl7.org/fhir/R4/datatypes.html#string\">string</a></td><td style=\"vertical-align: top; text-align : left; background-color: #F7F7F7; border: 0px #F0F0F0 solid; padding:0px 4px 0px 4px\" class=\"hierarchy\">The birthname of the patient</td></tr>\r\n<tr style=\"border: 0px #F0F0F0 solid; padding:0px; vertical-align: top; background-color: white\"><td style=\"vertical-align: top; text-align : left; background-color: white; border: 0px #F0F0F0 solid; padding:0px 4px 0px 4px; white-space: nowrap; background-image: url(tbl_bck003.png)\" class=\"hierarchy\"><img src=\"tbl_spacer.png\" alt=\".\" style=\"background-color: inherit\" class=\"hierarchy\"/><img src=\"tbl_blank.png\" alt=\".\" style=\"background-color: inherit\" class=\"hierarchy\"/><img src=\"tbl_vjoin_end.png\" alt=\".\" style=\"background-color: inherit\" class=\"hierarchy\"/><img src=\"icon_slice.png\" alt=\".\" style=\"background-color: white; background-color: inherit\" title=\"Slice Definition\" class=\"hierarchy\"/> <a style=\"font-style: italic\" href=\"StructureDefinition-ch-epr-mhealth-birthname-definitions.html#HumanName.family.extension\">Slices for extension</a><a name=\"HumanName.family.extension\"> </a></td><td style=\"vertical-align: top; text-align : left; background-color: white; border: 0px #F0F0F0 solid; padding:0px 4px 0px 4px\" class=\"hierarchy\"/><td style=\"vertical-align: top; text-align : left; background-color: white; border: 0px #F0F0F0 solid; padding:0px 4px 0px 4px\" class=\"hierarchy\"><span style=\"font-style: italic\"/><span style=\"font-style: italic\">1</span><span style=\"font-style: italic\">..</span><span style=\"font-style: italic\">1</span></td><td style=\"vertical-align: top; text-align : left; background-color: white; border: 0px #F0F0F0 solid; padding:0px 4px 0px 4px\" class=\"hierarchy\"><a style=\"opacity: 0.5; font-style: italic\" href=\"http://hl7.org/fhir/R4/extensibility.html#Extension\">Extension</a></td><td style=\"vertical-align: top; text-align : left; background-color: white; border: 0px #F0F0F0 solid; padding:0px 4px 0px 4px\" class=\"hierarchy\"><span style=\"opacity: 0.5; font-style: italic\">Extension</span><br style=\"font-style: italic\"/><span style=\"font-weight:bold; font-style: italic\">Slice: </span><span style=\"font-style: italic\">Unordered, Closed by value:url</span></td></tr>\r\n<tr style=\"border: 0px #F0F0F0 solid; padding:0px; vertical-align: top; background-color: #F7F7F7\"><td style=\"vertical-align: top; text-align : left; background-color: #F7F7F7; border: 0px #F0F0F0 solid; padding:0px 4px 0px 4px; white-space: nowrap; background-image: url(tbl_bck0025.png)\" class=\"hierarchy\"><img src=\"tbl_spacer.png\" alt=\".\" style=\"background-color: inherit\" class=\"hierarchy\"/><img src=\"tbl_blank.png\" alt=\".\" style=\"background-color: inherit\" class=\"hierarchy\"/><img src=\"tbl_blank.png\" alt=\".\" style=\"background-color: inherit\" class=\"hierarchy\"/><img src=\"tbl_vjoin_end_slicer.png\" alt=\".\" style=\"background-color: inherit\" class=\"hierarchy\"/><img src=\"icon_slice_item.png\" alt=\".\" style=\"background-color: #F7F7F7; background-color: inherit\" title=\"Slice Item\" class=\"hierarchy\"/> <a href=\"StructureDefinition-ch-epr-mhealth-birthname-definitions.html#HumanName.family.extension:iso21090-EN-qualifier\" title=\"Extension URL = http://hl7.org/fhir/StructureDefinition/iso21090-EN-qualifier\">iso21090-EN-qualifier</a><a name=\"HumanName.family.extension\"> </a></td><td style=\"vertical-align: top; text-align : left; background-color: #F7F7F7; border: 0px #F0F0F0 solid; padding:0px 4px 0px 4px\" class=\"hierarchy\"/><td style=\"vertical-align: top; text-align : left; background-color: #F7F7F7; border: 0px #F0F0F0 solid; padding:0px 4px 0px 4px\" class=\"hierarchy\">1..1</td><td style=\"vertical-align: top; text-align : left; background-color: #F7F7F7; border: 0px #F0F0F0 solid; padding:0px 4px 0px 4px\" class=\"hierarchy\"><a href=\"http://hl7.org/fhir/R4/datatypes.html#code\">code</a></td><td style=\"vertical-align: top; text-align : left; background-color: #F7F7F7; border: 0px #F0F0F0 solid; padding:0px 4px 0px 4px\" class=\"hierarchy\"><span style=\"opacity: 0.5\">LS | AC | NB | PR | HON | BR | AD | SP | MID | CL | IN | VV</span><br/><span style=\"font-weight:bold\">URL: </span><a href=\"http://hl7.org/fhir/R4/extension-iso21090-en-qualifier.html\">http://hl7.org/fhir/StructureDefinition/iso21090-EN-qualifier</a><br/><span style=\"font-weight:bold\">Binding: </span><a href=\"http://hl7.org/fhir/R4/valueset-name-part-qualifier.html\">EntityNamePartQualifier</a> (<a href=\"http://hl7.org/fhir/R4/terminologies.html#required\" title=\"To be conformant, the concept in this element SHALL be from the specified value set.\">required</a>): A set of codes each of which specifies a certain subcategory of the name part in addition to the main name part type.<br/><br/></td></tr>\r\n<tr style=\"border: 0px #F0F0F0 solid; padding:0px; vertical-align: top; background-color: white\"><td style=\"vertical-align: top; text-align : left; background-color: white; border: 0px #F0F0F0 solid; padding:0px 4px 0px 4px; white-space: nowrap; background-image: url(tbl_bck00240.png)\" class=\"hierarchy\"><img src=\"tbl_spacer.png\" alt=\".\" style=\"background-color: inherit\" class=\"hierarchy\"/><img src=\"tbl_blank.png\" alt=\".\" style=\"background-color: inherit\" class=\"hierarchy\"/><img src=\"tbl_blank.png\" alt=\".\" style=\"background-color: inherit\" class=\"hierarchy\"/><img src=\"tbl_blank.png\" alt=\".\" style=\"background-color: inherit\" class=\"hierarchy\"/><img src=\"tbl_vjoin_end_slice.png\" alt=\".\" style=\"background-color: inherit\" class=\"hierarchy\"/><img src=\"icon_element.gif\" alt=\".\" style=\"background-color: white; background-color: inherit\" title=\"Element\" class=\"hierarchy\"/> <a href=\"StructureDefinition-ch-epr-mhealth-birthname-definitions.html#HumanName.family.extension:iso21090-EN-qualifier.valueCode\">valueCode</a><a name=\"HumanName.family.extension.valueCode\"> </a></td><td style=\"vertical-align: top; text-align : left; background-color: white; border: 0px #F0F0F0 solid; padding:0px 4px 0px 4px\" class=\"hierarchy\"/><td style=\"vertical-align: top; text-align : left; background-color: white; border: 0px #F0F0F0 solid; padding:0px 4px 0px 4px\" class=\"hierarchy\">1..1</td><td style=\"vertical-align: top; text-align : left; background-color: white; border: 0px #F0F0F0 solid; padding:0px 4px 0px 4px\" class=\"hierarchy\"><a style=\"opacity: 0.5\" href=\"http://hl7.org/fhir/R4/datatypes.html#code\">code</a></td><td style=\"vertical-align: top; text-align : left; background-color: white; border: 0px #F0F0F0 solid; padding:0px 4px 0px 4px\" class=\"hierarchy\">BR (Birth)<br/><span style=\"font-weight:bold\">Fixed Value: </span><span style=\"color: darkgreen\">BR</span></td></tr>\r\n<tr><td colspan=\"5\" class=\"hierarchy\"><br/><a href=\"http://hl7.org/fhir/R4/formats.html#table\" title=\"Legend for this format\"><img src=\"http://hl7.org/fhir/R4/help16.png\" alt=\"doco\" style=\"background-color: inherit\"/> Documentation for this format</a></td></tr></table></div>"
  },
  "url": "http://fhir.ch/ig/ch-epr-mhealth/StructureDefinition/ch-epr-mhealth-birthname",
  "version": "1.1.0",
  "name": "ChEprMHealthBirthName",
  "title": "CH EPR mHealth BirthName",
  "status": "draft",
  "date": "2020-07-07T00:00:00+10:00",
  "publisher": "eHealth Suisse",
  "contact": [
    {
      "name": "eHealth Suisse",
      "telecom": [
        {
          "system": "url",
          "value": "https://www.e-health-suisse.ch"
        }
      ]
    }
  ],
  "description": "The birthname with the ISO 21090 qualifier https://www.hl7.org/fhir/extension-iso21090-en-qualifier.html BR",
  "jurisdiction": [
    {
      "coding": [
        {
          "system": "urn:iso:std:iso:3166",
          "code": "CH"
        }
      ]
    }
  ],
  "copyright": "CC-BY-SA-4.0",
  "fhirVersion": "4.0.1",
  "mapping": [
    {
      "identity": "eCH",
      "uri": "http://www.ech.ch/",
      "name": "eCH-Standards"
    },
    {
      "identity": "CDA-CH-V2",
      "uri": "http://e-health-wiki.ch/index.php/Ehscda:CDA-CH_2017_(specification)",
      "name": "CDA-CH 2020 V2.1"
    },
    {
      "identity": "v2",
      "uri": "http://hl7.org/v2",
      "name": "HL7 v2 Mapping"
    },
    {
      "identity": "rim",
      "uri": "http://hl7.org/v3",
      "name": "RIM Mapping"
    },
    {
      "identity": "servd",
      "uri": "http://www.omg.org/spec/ServD/1.0/",
      "name": "ServD"
    }
  ],
  "kind": "complex-type",
  "abstract": false,
  "type": "HumanName",
  "baseDefinition": "http://fhir.ch/ig/ch-core/StructureDefinition/ch-core-humanname",
  "derivation": "constraint",
  "snapshot": {
    "element": [
      {
        "id": "HumanName",
        "path": "HumanName",
        "short": "BirthName",
        "definition": "A human's name with the ability to identify parts and usage.",
        "comment": "Names may be changed, or repudiated, or people may have different names in different contexts. Names may be divided into parts of different type that have variable significance depending on context, though the division into parts does not always matter. With personal names, the different parts might or might not be imbued with some implicit meaning; various cultures associate different importance with the name parts and the degree to which systems must care about name parts around the world varies widely.",
        "min": 0,
        "max": "*",
        "base": {
          "path": "HumanName",
          "min": 0,
          "max": "*"
        },
        "condition": [
          "ele-1"
        ],
        "constraint": [
          {
            "key": "ele-1",
            "severity": "error",
            "human": "All FHIR elements must have a @value or children",
            "expression": "hasValue() or (children().count() > id.count())",
            "xpath": "@value|f:*|h:div",
            "source": "http://hl7.org/fhir/StructureDefinition/Element"
          },
          {
            "key": "ch-core-hm-1",
            "severity": "error",
            "human": "if officalName with eCH-011 Extension is specified, it can only be put on a name where use attribute is official",
            "expression": "family.extension.where(url='http://fhir.ch/ig/ch-core/StructureDefinition/ch-ext-ech-11-name' and valueCode='officialName').empty() or (family.extension.where(url='http://fhir.ch/ig/ch-core/StructureDefinition/ch-ext-ech-11-name' and valueCode='officialName').exists() and use='official')",
            "source": "http://fhir.ch/ig/ch-core/StructureDefinition/ch-core-humanname"
          },
          {
            "key": "ch-core-hm-2",
            "severity": "error",
            "human": "if orginalName with eCH-011 Extension is specified, it can only be put on a name where use attribute is maiden",
            "expression": "family.extension.where(url='http://fhir.ch/ig/ch-core/StructureDefinition/ch-ext-ech-11-name' and valueCode='originalName').empty() or ((family.extension.where(url='http://fhir.ch/ig/ch-core/StructureDefinition/ch-ext-ech-11-name' and valueCode='originalName').exists() and use='maiden'))",
            "source": "http://fhir.ch/ig/ch-core/StructureDefinition/ch-core-humanname"
          },
          {
            "key": "ch-core-hm-3",
            "severity": "error",
            "human": "ch-ext-ech-11-name can only be put on a family name",
            "expression": "descendants().extension.where(url='http://fhir.ch/ig/ch-core/StructureDefinition/ch-ext-ech-11-name').count()=family.extension.where(url='http://fhir.ch/ig/ch-core/StructureDefinition/ch-ext-ech-11-name').count()",
            "source": "http://fhir.ch/ig/ch-core/StructureDefinition/ch-core-humanname"
          },
          {
            "key": "ch-core-hm-4",
            "severity": "error",
            "human": "ch-ext-ech-11-firstname can only be put on a given name",
            "expression": "descendants().extension.where(url='http://fhir.ch/ig/ch-core/StructureDefinition/ch-ext-ech-11-firstname').count()=given.extension.where(url='http://fhir.ch/ig/ch-core/StructureDefinition/ch-ext-ech-11-firstname').count()",
            "source": "http://fhir.ch/ig/ch-core/StructureDefinition/ch-core-humanname"
          }
        ],
        "isModifier": false,
        "mapping": [
          {
            "identity": "rim",
            "map": "n/a"
          },
          {
            "identity": "v2",
            "map": "XPN"
          },
          {
            "identity": "rim",
            "map": "EN (actually, PN)"
          },
          {
            "identity": "servd",
            "map": "ProviderName"
          },
          {
            "identity": "CDA-CH-V2",
            "map": "https://art-decor.org/art-decor/decor-templates--hl7chcda-?section=templates&id=2.16.756.5.30.1.1.10.9.35"
          }
        ]
      },
      {
        "id": "HumanName.id",
        "path": "HumanName.id",
        "representation": [
          "xmlAttr"
        ],
        "short": "Unique id for inter-element referencing",
        "definition": "Unique id for the element within a resource (for internal references). This may be any string value that does not contain spaces.",
        "min": 0,
        "max": "1",
        "base": {
          "path": "Element.id",
          "min": 0,
          "max": "1"
        },
        "type": [
          {
            "extension": [
              {
                "url": "http://hl7.org/fhir/StructureDefinition/structuredefinition-fhir-type",
                "valueUrl": "string"
              }
            ],
            "code": "http://hl7.org/fhirpath/System.String"
          }
        ],
        "isModifier": false,
        "isSummary": false,
        "mapping": [
          {
            "identity": "rim",
            "map": "n/a"
          }
        ]
      },
      {
        "id": "HumanName.extension",
        "path": "HumanName.extension",
        "slicing": {
          "discriminator": [
            {
              "type": "value",
              "path": "url"
            }
          ],
          "description": "Extensions are always sliced by (at least) url",
          "rules": "open"
        },
        "short": "Additional content defined by implementations",
        "definition": "May be used to represent additional information that is not part of the basic definition of the element. To make the use of extensions safe and manageable, there is a strict set of governance  applied to the definition and use of extensions. Though any implementer can define an extension, there is a set of requirements that SHALL be met as part of the definition of the extension.",
        "comment": "There can be no stigma associated with the use of extensions by any application, project, or standard - regardless of the institution or jurisdiction that uses or defines the extensions.  The use of extensions is what allows the FHIR specification to retain a core level of simplicity for everyone.",
        "alias": [
          "extensions",
          "user content"
        ],
        "min": 0,
        "max": "*",
        "base": {
          "path": "Element.extension",
          "min": 0,
          "max": "*"
        },
        "type": [
          {
            "code": "Extension"
          }
        ],
        "constraint": [
          {
            "key": "ele-1",
            "severity": "error",
            "human": "All FHIR elements must have a @value or children",
            "expression": "hasValue() or (children().count() > id.count())",
            "xpath": "@value|f:*|h:div",
            "source": "http://hl7.org/fhir/StructureDefinition/Element"
          },
          {
            "key": "ext-1",
            "severity": "error",
            "human": "Must have either extensions or value[x], not both",
            "expression": "extension.exists() != value.exists()",
            "xpath": "exists(f:extension)!=exists(f:*[starts-with(local-name(.), \"value\")])",
            "source": "http://hl7.org/fhir/StructureDefinition/Extension"
          }
        ],
        "isModifier": false,
        "isSummary": false,
        "mapping": [
          {
            "identity": "rim",
            "map": "n/a"
          }
        ]
      },
      {
        "id": "HumanName.use",
        "path": "HumanName.use",
        "short": "usual | official | temp | nickname | anonymous | old | maiden",
        "definition": "Identifies the purpose for this name.",
        "comment": "Applications can assume that a name is current unless it explicitly says that it is temporary or old.",
        "requirements": "Allows the appropriate name for a particular context of use to be selected from among a set of names.",
        "min": 0,
        "max": "1",
        "base": {
          "path": "HumanName.use",
          "min": 0,
          "max": "1"
        },
        "type": [
          {
            "code": "code"
          }
        ],
        "constraint": [
          {
            "key": "ele-1",
            "severity": "error",
            "human": "All FHIR elements must have a @value or children",
            "expression": "hasValue() or (children().count() > id.count())",
            "xpath": "@value|f:*|h:div",
            "source": "http://hl7.org/fhir/StructureDefinition/Element"
          }
        ],
        "isModifier": true,
        "isModifierReason": "This is labeled as \"Is Modifier\" because applications should not mistake a temporary or old name etc.for a current/permanent one",
        "isSummary": true,
        "binding": {
          "extension": [
            {
              "url": "http://hl7.org/fhir/StructureDefinition/elementdefinition-bindingName",
              "valueString": "NameUse"
            }
          ],
          "strength": "required",
          "description": "The use of a human name.",
          "valueSet": "http://hl7.org/fhir/ValueSet/name-use|4.0.1"
        },
        "mapping": [
          {
            "identity": "v2",
            "map": "XPN.7, but often indicated by which field contains the name"
          },
          {
            "identity": "rim",
            "map": "unique(./use)"
          },
          {
            "identity": "servd",
            "map": "./NamePurpose"
          }
        ]
      },
      {
        "id": "HumanName.text",
        "path": "HumanName.text",
        "short": "Text representation of the full name",
        "definition": "Specifies the entire name as it should be displayed e.g. on an application UI. This may be provided instead of or as well as the specific parts.",
        "comment": "Can provide both a text representation and parts. Applications updating a name SHALL ensure that when both text and parts are present,  no content is included in the text that isn't found in a part.",
        "requirements": "A renderable, unencoded form.",
        "min": 0,
        "max": "1",
        "base": {
          "path": "HumanName.text",
          "min": 0,
          "max": "1"
        },
        "type": [
          {
            "code": "string"
          }
        ],
        "constraint": [
          {
            "key": "ele-1",
            "severity": "error",
            "human": "All FHIR elements must have a @value or children",
            "expression": "hasValue() or (children().count() > id.count())",
            "xpath": "@value|f:*|h:div",
            "source": "http://hl7.org/fhir/StructureDefinition/Element"
          }
        ],
        "isModifier": false,
        "isSummary": true,
        "mapping": [
          {
            "identity": "v2",
            "map": "implied by XPN.11"
          },
          {
            "identity": "rim",
            "map": "./formatted"
          }
        ]
      },
      {
        "id": "HumanName.family",
        "path": "HumanName.family",
        "short": "The birthname of the patient",
        "definition": "The part of a name that links to the genealogy. In some cultures (e.g. Eritrea) the family name of a son is the first name of his father.",
        "comment": "Family Name may be decomposed into specific parts using extensions (de, nl, es related cultures).",
        "alias": [
          "surname"
        ],
        "min": 1,
        "max": "1",
        "base": {
          "path": "HumanName.family",
          "min": 0,
          "max": "1"
        },
        "type": [
          {
            "code": "string"
          }
        ],
        "constraint": [
          {
            "key": "ele-1",
            "severity": "error",
            "human": "All FHIR elements must have a @value or children",
            "expression": "hasValue() or (children().count() > id.count())",
            "xpath": "@value|f:*|h:div",
            "source": "http://hl7.org/fhir/StructureDefinition/Element"
          }
        ],
        "mustSupport": true,
        "isModifier": false,
        "isSummary": true,
        "mapping": [
          {
            "identity": "v2",
            "map": "XPN.1/FN.1"
          },
          {
            "identity": "rim",
            "map": "./part[partType = FAM]"
          },
          {
            "identity": "servd",
            "map": "./FamilyName"
          },
          {
            "identity": "eCH",
            "map": "eCH-0010: lastName"
          },
          {
            "identity": "CDA-CH-V2",
            "map": "hl7:name (1..1 R) / hl7:family (1..* R)"
          }
        ]
      },
      {
        "id": "HumanName.family.id",
        "path": "HumanName.family.id",
        "representation": [
          "xmlAttr"
        ],
        "short": "xml:id (or equivalent in JSON)",
        "definition": "unique id for the element within a resource (for internal references)",
        "min": 0,
        "max": "1",
        "base": {
          "path": "Element.id",
          "min": 0,
          "max": "1"
        },
        "type": [
          {
            "extension": [
              {
                "url": "http://hl7.org/fhir/StructureDefinition/structuredefinition-fhir-type",
                "valueUrl": "string"
              }
            ],
            "code": "http://hl7.org/fhirpath/System.String"
          }
        ],
        "isModifier": false,
        "isSummary": false
      },
      {
        "id": "HumanName.family.extension",
        "path": "HumanName.family.extension",
        "slicing": {
          "discriminator": [
            {
              "type": "value",
              "path": "url"
            }
          ],
          "rules": "closed"
        },
        "short": "Extension",
        "definition": "An Extension",
        "min": 1,
        "max": "1",
        "base": {
          "path": "Element.extension",
          "min": 0,
          "max": "*"
        },
        "type": [
          {
            "code": "Extension"
          }
        ],
        "constraint": [
          {
            "key": "ele-1",
            "severity": "error",
            "human": "All FHIR elements must have a @value or children",
            "expression": "hasValue() or (children().count() > id.count())",
            "xpath": "@value|f:*|h:div",
            "source": "http://hl7.org/fhir/StructureDefinition/Element"
          },
          {
            "key": "ext-1",
            "severity": "error",
            "human": "Must have either extensions or value[x], not both",
            "expression": "extension.exists() != value.exists()",
            "xpath": "exists(f:extension)!=exists(f:*[starts-with(local-name(.), 'value')])",
            "source": "http://hl7.org/fhir/StructureDefinition/Extension"
          }
        ],
        "isModifier": false,
        "isSummary": false
      },
      {
        "id": "HumanName.family.extension:ech11name",
        "path": "HumanName.family.extension",
        "sliceName": "ech11name",
        "short": "Extension",
        "definition": "Extension for eCH-0011 - namedatatype",
        "min": 0,
        "max": "1",
        "base": {
          "path": "Element.extension",
          "min": 0,
          "max": "*"
        },
        "type": [
          {
            "code": "Extension",
            "profile": [
              "http://fhir.ch/ig/ch-core/StructureDefinition/ch-ext-ech-11-name"
            ]
          }
        ],
        "condition": [
          "ele-1"
        ],
        "constraint": [
          {
            "key": "ele-1",
            "severity": "error",
            "human": "All FHIR elements must have a @value or children",
            "expression": "hasValue() or (children().count() > id.count())",
            "xpath": "@value|f:*|h:div",
            "source": "http://hl7.org/fhir/StructureDefinition/Element"
          },
          {
            "key": "ext-1",
            "severity": "error",
            "human": "Must have either extensions or value[x], not both",
            "expression": "extension.exists() != value.exists()",
            "xpath": "exists(f:extension)!=exists(f:*[starts-with(local-name(.), 'value')])",
            "source": "http://hl7.org/fhir/StructureDefinition/Extension"
          }
        ],
        "isModifier": false,
        "mapping": [
          {
            "identity": "eCH",
            "map": "eCH-0011: officialName, originalName, allianceName, nameOnForeignPassport, aliasName, otherName, declaredForeignName"
          }
        ]
      },
      {
        "id": "HumanName.family.extension:iso21090-EN-qualifier",
        "path": "HumanName.family.extension",
        "sliceName": "iso21090-EN-qualifier",
        "short": "LS | AC | NB | PR | HON | BR | AD | SP | MID | CL | IN | VV",
        "definition": "A set of codes each of which specifies a certain subcategory of the name part in addition to the main name part type.",
        "comment": "Used to indicate additional information about the name part and how it should be used.",
        "min": 1,
        "max": "1",
        "base": {
          "path": "Element.extension",
          "min": 0,
          "max": "*"
        },
        "type": [
          {
            "code": "Extension",
            "profile": [
              "http://hl7.org/fhir/StructureDefinition/iso21090-EN-qualifier"
            ]
          }
        ],
        "constraint": [
          {
            "key": "ele-1",
            "severity": "error",
            "human": "All FHIR elements must have a @value or children",
            "expression": "hasValue() or (children().count() > id.count())",
            "xpath": "@value|f:*|h:div",
            "source": "http://hl7.org/fhir/StructureDefinition/Element"
          },
          {
            "key": "ext-1",
            "severity": "error",
            "human": "Must have either extensions or value[x], not both",
            "expression": "extension.exists() != value.exists()",
            "xpath": "exists(f:extension)!=exists(f:*[starts-with(local-name(.), 'value')])",
            "source": "http://hl7.org/fhir/StructureDefinition/Extension"
          }
        ],
        "isModifier": false,
        "isSummary": false,
        "mapping": [
          {
            "identity": "rim",
            "map": "ENXP.qualifier"
          }
        ]
      },
      {
        "id": "HumanName.family.extension:iso21090-EN-qualifier.id",
        "path": "HumanName.family.extension.id",
        "representation": [
          "xmlAttr"
        ],
        "short": "Unique id for inter-element referencing",
        "definition": "Unique id for the element within a resource (for internal references). This may be any string value that does not contain spaces.",
        "min": 0,
        "max": "1",
        "base": {
          "path": "Element.id",
          "min": 0,
          "max": "1"
        },
        "type": [
          {
            "extension": [
              {
                "url": "http://hl7.org/fhir/StructureDefinition/structuredefinition-fhir-type",
                "valueUrl": "string"
              }
            ],
            "code": "http://hl7.org/fhirpath/System.String"
          }
        ],
        "isModifier": false,
        "isSummary": false,
        "mapping": [
          {
            "identity": "rim",
            "map": "n/a"
          }
        ]
      },
      {
        "id": "HumanName.family.extension:iso21090-EN-qualifier.extension",
        "path": "HumanName.family.extension.extension",
        "slicing": {
          "discriminator": [
            {
              "type": "value",
              "path": "url"
            }
          ],
          "description": "Extensions are always sliced by (at least) url",
          "rules": "open"
        },
        "short": "Extension",
        "definition": "An Extension",
        "min": 0,
        "max": "0",
        "base": {
          "path": "Element.extension",
          "min": 0,
          "max": "*"
        },
        "type": [
          {
            "code": "Extension"
          }
        ],
        "constraint": [
          {
            "key": "ele-1",
            "severity": "error",
            "human": "All FHIR elements must have a @value or children",
            "expression": "hasValue() or (children().count() > id.count())",
            "xpath": "@value|f:*|h:div",
            "source": "http://hl7.org/fhir/StructureDefinition/Element"
          },
          {
            "key": "ext-1",
            "severity": "error",
            "human": "Must have either extensions or value[x], not both",
            "expression": "extension.exists() != value.exists()",
            "xpath": "exists(f:extension)!=exists(f:*[starts-with(local-name(.), \"value\")])",
            "source": "http://hl7.org/fhir/StructureDefinition/Extension"
          }
        ],
        "isModifier": false,
        "isSummary": false
      },
      {
        "id": "HumanName.family.extension:iso21090-EN-qualifier.url",
        "path": "HumanName.family.extension.url",
        "representation": [
          "xmlAttr"
        ],
        "short": "identifies the meaning of the extension",
        "definition": "Source of the definition for the extension code - a logical name or a URL.",
        "comment": "The definition may point directly to a computable or human-readable definition of the extensibility codes, or it may be a logical URI as declared in some other specification. The definition SHALL be a URI for the Structure Definition defining the extension.",
        "min": 1,
        "max": "1",
        "base": {
          "path": "Extension.url",
          "min": 1,
          "max": "1"
        },
        "type": [
          {
            "extension": [
              {
                "url": "http://hl7.org/fhir/StructureDefinition/structuredefinition-fhir-type",
                "valueUrl": "uri"
              }
            ],
            "code": "http://hl7.org/fhirpath/System.String"
          }
        ],
        "fixedUri": "http://hl7.org/fhir/StructureDefinition/iso21090-EN-qualifier",
        "isModifier": false,
        "isSummary": false,
        "mapping": [
          {
            "identity": "rim",
            "map": "N/A"
          }
        ]
      },
      {
        "id": "HumanName.family.extension:iso21090-EN-qualifier.value[x]",
        "path": "HumanName.family.extension.value[x]",
        "slicing": {
          "discriminator": [
            {
              "type": "type",
              "path": "$this"
            }
          ],
          "ordered": false,
          "rules": "closed"
        },
        "short": "Value of extension",
        "definition": "Value of extension - must be one of a constrained set of the data types (see [Extensibility](http://hl7.org/fhir/extensibility.html) for a list).",
        "min": 1,
        "max": "1",
        "base": {
          "path": "Extension.value[x]",
          "min": 0,
          "max": "1"
        },
        "type": [
          {
            "code": "code"
          }
        ],
        "constraint": [
          {
            "key": "ele-1",
            "severity": "error",
            "human": "All FHIR elements must have a @value or children",
            "expression": "hasValue() or (children().count() > id.count())",
            "xpath": "@value|f:*|h:div",
            "source": "http://hl7.org/fhir/StructureDefinition/Element"
          }
        ],
        "isModifier": false,
        "isSummary": false,
        "binding": {
          "extension": [
            {
              "url": "http://hl7.org/fhir/StructureDefinition/elementdefinition-bindingName",
              "valueString": "EntityNamePartQualifier"
            }
          ],
          "strength": "required",
          "description": "A set of codes each of which specifies a certain subcategory of the name part in addition to the main name part type.",
          "valueSet": "http://hl7.org/fhir/ValueSet/name-part-qualifier|4.0.1"
        },
        "mapping": [
          {
            "identity": "rim",
            "map": "N/A"
          }
        ]
      },
      {
        "id": "HumanName.family.extension:iso21090-EN-qualifier.value[x]:valueCode",
        "path": "HumanName.family.extension.value[x]",
        "sliceName": "valueCode",
        "short": "BR (Birth)",
        "definition": "Value of extension - must be one of a constrained set of the data types (see [Extensibility](http://hl7.org/fhir/extensibility.html) for a list).",
        "min": 1,
        "max": "1",
        "base": {
          "path": "Extension.value[x]",
          "min": 0,
          "max": "1"
        },
        "type": [
          {
            "code": "code"
          }
        ],
        "fixedCode": "BR",
        "constraint": [
          {
            "key": "ele-1",
            "severity": "error",
            "human": "All FHIR elements must have a @value or children",
            "expression": "hasValue() or (children().count() > id.count())",
            "xpath": "@value|f:*|h:div",
            "source": "http://hl7.org/fhir/StructureDefinition/Element"
          }
        ],
        "isModifier": false,
        "isSummary": false,
        "binding": {
          "extension": [
            {
              "url": "http://hl7.org/fhir/StructureDefinition/elementdefinition-bindingName",
              "valueString": "EntityNamePartQualifier"
            }
          ],
          "strength": "required",
          "description": "A set of codes each of which specifies a certain subcategory of the name part in addition to the main name part type.",
          "valueSet": "http://hl7.org/fhir/ValueSet/name-part-qualifier|4.0.1"
        },
        "mapping": [
          {
            "identity": "rim",
            "map": "N/A"
          }
        ]
      },
      {
        "id": "HumanName.family.value",
        "path": "HumanName.family.value",
        "representation": [
          "xmlAttr"
        ],
        "short": "Primitive value for string",
        "definition": "The actual value",
        "min": 0,
        "max": "1",
        "base": {
          "path": "string.value",
          "min": 0,
          "max": "1"
        },
        "type": [
          {
            "extension": [
              {
                "url": "http://hl7.org/fhir/StructureDefinition/structuredefinition-fhir-type",
                "valueUrl": "string"
              },
              {
                "url": "http://hl7.org/fhir/StructureDefinition/regex",
                "valueString": "[ \\r\\n\\t\\S]+"
              }
            ],
            "code": "http://hl7.org/fhirpath/System.String"
          }
        ],
        "maxLength": 1048576,
        "isModifier": false,
        "isSummary": false
      },
      {
        "id": "HumanName.given",
        "path": "HumanName.given",
        "short": "Given names (not always 'first'). Includes middle names",
        "definition": "Given name.",
        "comment": "If only initials are recorded, they may be used in place of the full name parts. Initials may be separated into multiple given names but often aren't due to paractical limitations.  This element is not called \"first name\" since given names do not always come first.",
        "alias": [
          "first name",
          "middle name"
        ],
        "min": 0,
        "max": "*",
        "base": {
          "path": "HumanName.given",
          "min": 0,
          "max": "*"
        },
        "type": [
          {
            "code": "string"
          }
        ],
        "orderMeaning": "Given Names appear in the correct order for presenting the name",
        "constraint": [
          {
            "key": "ele-1",
            "severity": "error",
            "human": "All FHIR elements must have a @value or children",
            "expression": "hasValue() or (children().count() > id.count())",
            "xpath": "@value|f:*|h:div",
            "source": "http://hl7.org/fhir/StructureDefinition/Element"
          }
        ],
        "isModifier": false,
        "isSummary": true,
        "mapping": [
          {
            "identity": "v2",
            "map": "XPN.2 + XPN.3"
          },
          {
            "identity": "rim",
            "map": "./part[partType = GIV]"
          },
          {
            "identity": "servd",
            "map": "./GivenNames"
          },
          {
            "identity": "eCH",
            "map": "eCH-0010: firstName equivalent to callName of eCH-0011"
          },
          {
            "identity": "CDA-CH-V2",
            "map": "hl7:name (1..1 R) / hl7:given (1..* R)"
          }
        ]
      },
      {
        "id": "HumanName.given.id",
        "path": "HumanName.given.id",
        "representation": [
          "xmlAttr"
        ],
        "short": "xml:id (or equivalent in JSON)",
        "definition": "unique id for the element within a resource (for internal references)",
        "min": 0,
        "max": "1",
        "base": {
          "path": "Element.id",
          "min": 0,
          "max": "1"
        },
        "type": [
          {
            "extension": [
              {
                "url": "http://hl7.org/fhir/StructureDefinition/structuredefinition-fhir-type",
                "valueUrl": "string"
              }
            ],
            "code": "http://hl7.org/fhirpath/System.String"
          }
        ],
        "isModifier": false,
        "isSummary": false
      },
      {
        "id": "HumanName.given.extension",
        "path": "HumanName.given.extension",
        "slicing": {
          "discriminator": [
            {
              "type": "value",
              "path": "url"
            }
          ],
          "rules": "open"
        },
        "short": "Extension",
        "definition": "An Extension",
        "min": 0,
        "max": "*",
        "base": {
          "path": "Element.extension",
          "min": 0,
          "max": "*"
        },
        "type": [
          {
            "code": "Extension"
          }
        ],
        "constraint": [
          {
            "key": "ele-1",
            "severity": "error",
            "human": "All FHIR elements must have a @value or children",
            "expression": "hasValue() or (children().count() > id.count())",
            "xpath": "@value|f:*|h:div",
            "source": "http://hl7.org/fhir/StructureDefinition/Element"
          },
          {
            "key": "ext-1",
            "severity": "error",
            "human": "Must have either extensions or value[x], not both",
            "expression": "extension.exists() != value.exists()",
            "xpath": "exists(f:extension)!=exists(f:*[starts-with(local-name(.), 'value')])",
            "source": "http://hl7.org/fhir/StructureDefinition/Extension"
          }
        ],
        "isModifier": false,
        "isSummary": false
      },
      {
        "id": "HumanName.given.extension:ech11firstname",
        "path": "HumanName.given.extension",
        "sliceName": "ech11firstname",
        "short": "Extension",
        "definition": "eCH-0011: Extension to define first name type",
        "min": 0,
        "max": "1",
        "base": {
          "path": "Element.extension",
          "min": 0,
          "max": "*"
        },
        "type": [
          {
            "code": "Extension",
            "profile": [
              "http://fhir.ch/ig/ch-core/StructureDefinition/ch-ext-ech-11-firstname"
            ]
          }
        ],
        "condition": [
          "ele-1"
        ],
        "constraint": [
          {
            "key": "ele-1",
            "severity": "error",
            "human": "All FHIR elements must have a @value or children",
            "expression": "hasValue() or (children().count() > id.count())",
            "xpath": "@value|f:*|h:div",
            "source": "http://hl7.org/fhir/StructureDefinition/Element"
          },
          {
            "key": "ext-1",
            "severity": "error",
            "human": "Must have either extensions or value[x], not both",
            "expression": "extension.exists() != value.exists()",
            "xpath": "exists(f:extension)!=exists(f:*[starts-with(local-name(.), 'value')])",
            "source": "http://hl7.org/fhir/StructureDefinition/Extension"
          }
        ],
        "isModifier": false,
        "mapping": [
          {
            "identity": "eCH",
            "map": "eCH-0011: officialFirstName, callName, allianceName, firstNameOnForeignPassport, declaredForeignFirstName1"
          }
        ]
      },
      {
        "id": "HumanName.given.value",
        "path": "HumanName.given.value",
        "representation": [
          "xmlAttr"
        ],
        "short": "Primitive value for string",
        "definition": "The actual value",
        "min": 0,
        "max": "1",
        "base": {
          "path": "string.value",
          "min": 0,
          "max": "1"
        },
        "type": [
          {
            "extension": [
              {
                "url": "http://hl7.org/fhir/StructureDefinition/structuredefinition-fhir-type",
                "valueUrl": "string"
              },
              {
                "url": "http://hl7.org/fhir/StructureDefinition/regex",
                "valueString": "[ \\r\\n\\t\\S]+"
              }
            ],
            "code": "http://hl7.org/fhirpath/System.String"
          }
        ],
        "maxLength": 1048576,
        "isModifier": false,
        "isSummary": false
      },
      {
        "id": "HumanName.prefix",
        "path": "HumanName.prefix",
        "short": "For a salutation use a prefix without the iso21090-EN-qualifier extension. For academical titles and legal status use the http://hl7.org/fhir/ExtensionDefinition/iso21090-EN-qualifier with the codes AC, LS.",
        "definition": "Part of the name that is acquired as a title due to academic, legal, employment or nobility status, etc. and that appears at the start of the name.",
        "min": 0,
        "max": "*",
        "base": {
          "path": "HumanName.prefix",
          "min": 0,
          "max": "*"
        },
        "type": [
          {
            "code": "string"
          }
        ],
        "orderMeaning": "Prefixes appear in the correct order for presenting the name",
        "constraint": [
          {
            "key": "ele-1",
            "severity": "error",
            "human": "All FHIR elements must have a @value or children",
            "expression": "hasValue() or (children().count() > id.count())",
            "xpath": "@value|f:*|h:div",
            "source": "http://hl7.org/fhir/StructureDefinition/Element"
          }
        ],
        "isModifier": false,
        "isSummary": true,
        "mapping": [
          {
            "identity": "v2",
            "map": "XPN.5"
          },
          {
            "identity": "rim",
            "map": "./part[partType = PFX]"
          },
          {
            "identity": "servd",
            "map": "./TitleCode"
          },
          {
            "identity": "eCH",
            "map": "eCH-0010: mrMrs, title"
          }
        ]
      },
      {
        "id": "HumanName.prefix.id",
        "path": "HumanName.prefix.id",
        "representation": [
          "xmlAttr"
        ],
        "short": "xml:id (or equivalent in JSON)",
        "definition": "unique id for the element within a resource (for internal references)",
        "min": 0,
        "max": "1",
        "base": {
          "path": "Element.id",
          "min": 0,
          "max": "1"
        },
        "type": [
          {
            "extension": [
              {
                "url": "http://hl7.org/fhir/StructureDefinition/structuredefinition-fhir-type",
                "valueUrl": "string"
              }
            ],
            "code": "http://hl7.org/fhirpath/System.String"
          }
        ],
        "isModifier": false,
        "isSummary": false
      },
      {
        "id": "HumanName.prefix.extension",
        "path": "HumanName.prefix.extension",
        "slicing": {
          "discriminator": [
            {
              "type": "value",
              "path": "url"
            }
          ],
          "rules": "open"
        },
        "short": "Extension",
        "definition": "An Extension",
        "min": 0,
        "max": "*",
        "base": {
          "path": "Element.extension",
          "min": 0,
          "max": "*"
        },
        "type": [
          {
            "code": "Extension"
          }
        ],
        "constraint": [
          {
            "key": "ele-1",
            "severity": "error",
            "human": "All FHIR elements must have a @value or children",
            "expression": "hasValue() or (children().count() > id.count())",
            "xpath": "@value|f:*|h:div",
            "source": "http://hl7.org/fhir/StructureDefinition/Element"
          },
          {
            "key": "ext-1",
            "severity": "error",
            "human": "Must have either extensions or value[x], not both",
            "expression": "extension.exists() != value.exists()",
            "xpath": "exists(f:extension)!=exists(f:*[starts-with(local-name(.), 'value')])",
            "source": "http://hl7.org/fhir/StructureDefinition/Extension"
          }
        ],
        "isModifier": false,
        "isSummary": false
      },
      {
        "id": "HumanName.prefix.extension:salutationandtitle",
        "path": "HumanName.prefix.extension",
        "sliceName": "salutationandtitle",
        "short": "For academical titles and legal status use the http://hl7.org/fhir/ExtensionDefinition/iso21090-EN-qualifier with the codes AC, LS.",
        "definition": "A set of codes each of which specifies a certain subcategory of the name part in addition to the main name part type.",
        "comment": "Used to indicate additional information about the name part and how it should be used.",
        "min": 0,
        "max": "*",
        "base": {
          "path": "Element.extension",
          "min": 0,
          "max": "*"
        },
        "type": [
          {
            "code": "Extension",
            "profile": [
              "http://hl7.org/fhir/StructureDefinition/iso21090-EN-qualifier"
            ]
          }
        ],
        "condition": [
          "ele-1"
        ],
        "constraint": [
          {
            "key": "ele-1",
            "severity": "error",
            "human": "All FHIR elements must have a @value or children",
            "expression": "hasValue() or (children().count() > id.count())",
            "xpath": "@value|f:*|h:div",
            "source": "http://hl7.org/fhir/StructureDefinition/Element"
          },
          {
            "key": "ext-1",
            "severity": "error",
            "human": "Must have either extensions or value[x], not both",
            "expression": "extension.exists() != value.exists()",
            "xpath": "exists(f:extension)!=exists(f:*[starts-with(local-name(.), 'value')])",
            "source": "http://hl7.org/fhir/StructureDefinition/Extension"
          }
        ],
        "isModifier": false,
        "mapping": [
          {
            "identity": "rim",
            "map": "ENXP.qualifier"
          }
        ]
      },
      {
        "id": "HumanName.prefix.value",
        "path": "HumanName.prefix.value",
        "representation": [
          "xmlAttr"
        ],
        "short": "Primitive value for string",
        "definition": "The actual value",
        "min": 0,
        "max": "1",
        "base": {
          "path": "string.value",
          "min": 0,
          "max": "1"
        },
        "type": [
          {
            "extension": [
              {
                "url": "http://hl7.org/fhir/StructureDefinition/structuredefinition-fhir-type",
                "valueUrl": "string"
              },
              {
                "url": "http://hl7.org/fhir/StructureDefinition/regex",
                "valueString": "[ \\r\\n\\t\\S]+"
              }
            ],
            "code": "http://hl7.org/fhirpath/System.String"
          }
        ],
        "maxLength": 1048576,
        "isModifier": false,
        "isSummary": false
      },
      {
        "id": "HumanName.suffix",
        "path": "HumanName.suffix",
        "short": "Parts that come after the name",
        "definition": "Part of the name that is acquired as a title due to academic, legal, employment or nobility status, etc. and that appears at the end of the name.",
        "min": 0,
        "max": "*",
        "base": {
          "path": "HumanName.suffix",
          "min": 0,
          "max": "*"
        },
        "type": [
          {
            "code": "string"
          }
        ],
        "orderMeaning": "Suffixes appear in the correct order for presenting the name",
        "constraint": [
          {
            "key": "ele-1",
            "severity": "error",
            "human": "All FHIR elements must have a @value or children",
            "expression": "hasValue() or (children().count() > id.count())",
            "xpath": "@value|f:*|h:div",
            "source": "http://hl7.org/fhir/StructureDefinition/Element"
          }
        ],
        "isModifier": false,
        "isSummary": true,
        "mapping": [
          {
            "identity": "v2",
            "map": "XPN/4"
          },
          {
            "identity": "rim",
            "map": "./part[partType = SFX]"
          }
        ]
      },
      {
        "id": "HumanName.period",
        "path": "HumanName.period",
        "short": "Time period when name was/is in use",
        "definition": "Indicates the period of time when this name was valid for the named person.",
        "requirements": "Allows names to be placed in historical context.",
        "min": 0,
        "max": "1",
        "base": {
          "path": "HumanName.period",
          "min": 0,
          "max": "1"
        },
        "type": [
          {
            "code": "Period"
          }
        ],
        "constraint": [
          {
            "key": "ele-1",
            "severity": "error",
            "human": "All FHIR elements must have a @value or children",
            "expression": "hasValue() or (children().count() > id.count())",
            "xpath": "@value|f:*|h:div",
            "source": "http://hl7.org/fhir/StructureDefinition/Element"
          }
        ],
        "isModifier": false,
        "isSummary": true,
        "mapping": [
          {
            "identity": "v2",
            "map": "XPN.13 + XPN.14"
          },
          {
            "identity": "rim",
            "map": "./usablePeriod[type=\"IVL<TS>\"]"
          },
          {
            "identity": "servd",
            "map": "./StartDate and ./EndDate"
          }
        ]
      }
    ]
  },
  "differential": {
    "element": [
      {
        "id": "HumanName",
        "path": "HumanName",
        "short": "BirthName"
      },
      {
        "id": "HumanName.family",
        "path": "HumanName.family",
        "short": "The birthname of the patient",
        "min": 1,
        "mustSupport": true
      },
      {
        "id": "HumanName.family.extension",
        "path": "HumanName.family.extension",
        "slicing": {
          "discriminator": [
            {
              "type": "value",
              "path": "url"
            }
          ],
          "rules": "closed"
        },
        "min": 1,
        "max": "1"
      },
      {
        "id": "HumanName.family.extension:iso21090-EN-qualifier",
        "path": "HumanName.family.extension",
        "sliceName": "iso21090-EN-qualifier",
        "min": 1,
        "max": "1",
        "type": [
          {
            "code": "Extension",
            "profile": [
              "http://hl7.org/fhir/StructureDefinition/iso21090-EN-qualifier"
            ]
          }
        ]
      },
      {
        "id": "HumanName.family.extension:iso21090-EN-qualifier.valueCode",
        "path": "HumanName.family.extension.valueCode",
        "short": "BR (Birth)",
        "min": 1,
        "max": "1",
        "fixedCode": "BR"
      }
    ]
  }
}