{
  "resourceType" : "Bundle",
  "id" : "DocumentPre1",
  "meta" : {
    "profile" : ["http://fhir.ch/ig/ch-emed-epr/StructureDefinition/ch-emed-epr-document-medicationprescription"]
  },
  "identifier" : {
    "system" : "urn:ietf:rfc:3986",
    "value" : "urn:uuid:6f9d43df-fdc2-4ec2-a6d4-88b27dadb291"
  },
  "type" : "document",
  "timestamp" : "2023-04-11T12:00:00+02:00",
  "entry" : [{
    "fullUrl" : "urn:uuid:6f9d43df-fdc2-4ec2-a6d4-88b27dadb291",
    "resource" : {
      "resourceType" : "Composition",
      "id" : "CompositionPre1",
      "meta" : {
        "profile" : ["http://fhir.ch/ig/ch-emed-epr/StructureDefinition/ch-emed-epr-composition-medicationprescription"]
      },
      "language" : "fr-CH",
      "text" : {
        "status" : "generated",
        "div" : "<div xmlns=\"http://www.w3.org/1999/xhtml\" xml:lang=\"fr-CH\" lang=\"fr-CH\"><a name=\"Composition_CompositionPre1\"> </a><p class=\"res-header-id\"><b>Generated Narrative: Composition CompositionPre1</b></p><a name=\"CompositionPre1\"> </a><a name=\"hcCompositionPre1\"> </a><div style=\"display: inline-block; background-color: #d9e0e7; padding: 6px; margin: 4px; border: 1px solid #8da1b4; border-radius: 5px; line-height: 60%\"><p style=\"margin-bottom: 0px\">Language: fr-CH</p><p style=\"margin-bottom: 0px\">Profile: <a href=\"StructureDefinition-ch-emed-epr-composition-medicationprescription.html\">PRE Composition</a></p></div><p><b>identifier</b>: <a href=\"http://terminology.hl7.org/6.5.0/NamingSystem-uri.html\" title=\"As defined by RFC 3986 (http://www.ietf.org/rfc/rfc3986.txt)(with many schemes defined in many RFCs). For OIDs and UUIDs, use the URN form (urn:oid:(note: lowercase) and urn:uuid:). See http://www.ietf.org/rfc/rfc3001.txt and http://www.ietf.org/rfc/rfc4122.txt \r\n\r\nThis oid is used as an identifier II.root to indicate the the extension is an absolute URI (technically, an IRI). Typically, this is used for OIDs and GUIDs. Note that when this OID is used with OIDs and GUIDs, the II.extension should start with urn:oid or urn:uuid: \r\n\r\nNote that this OID is created to aid with interconversion between CDA and FHIR - FHIR uses urn:ietf:rfc:3986 as equivalent to this OID. URIs as identifiers appear more commonly in FHIR.\r\n\r\nThis OID may also be used in CD.codeSystem.\">Uniform Resource Identifier (URI)</a>/urn:uuid:6f9d43df-fdc2-4ec2-a6d4-88b27dadb291</p><p><b>status</b>: Final</p><p><b>type</b>: <span title=\"Codes:{http://snomed.info/sct 761938008}, {http://loinc.org 57833-6}\">Medicinal prescription record (record artifact)</span></p><p><b>date</b>: 2023-04-11 12:00:00+0200</p><p><b>author</b>: <a href=\"Bundle-BundleUtc6bPml.html#urn-uuid-213d609a-1164-459a-bb10-727516ae3d0c\">PractitionerRole</a></p><p><b>title</b>: Ordonnance</p><p><b>confidentiality</b>: normal</p></div>"
      },
      "identifier" : {
        "system" : "urn:ietf:rfc:3986",
        "value" : "urn:uuid:6f9d43df-fdc2-4ec2-a6d4-88b27dadb291"
      },
      "status" : "final",
      "type" : {
        "coding" : [{
          "system" : "http://snomed.info/sct",
          "code" : "761938008",
          "display" : "Medicinal prescription record (record artifact)"
        },
        {
          "system" : "http://loinc.org",
          "code" : "57833-6",
          "display" : "Prescription for medication"
        }]
      },
      "subject" : {
        "reference" : "urn:uuid:2dbfe659-07d0-45c7-b8df-4a48372049a3"
      },
      "date" : "2023-04-11T12:00:00+02:00",
      "author" : [{
        "reference" : "urn:uuid:213d609a-1164-459a-bb10-727516ae3d0c"
      }],
      "title" : "Ordonnance",
      "confidentiality" : "N",
      "_confidentiality" : {
        "extension" : [{
          "url" : "http://fhir.ch/ig/ch-core/StructureDefinition/ch-ext-epr-confidentialitycode",
          "valueCodeableConcept" : {
            "coding" : [{
              "system" : "http://snomed.info/sct",
              "code" : "17621005",
              "display" : "Normal (qualifier value)"
            }]
          }
        }]
      },
      "section" : [{
        "title" : "Prescription médicamenteuse",
        "code" : {
          "coding" : [{
            "system" : "http://loinc.org",
            "code" : "57828-6",
            "display" : "Prescription list"
          }]
        },
        "text" : {
          "status" : "generated",
          "div" : "<div xmlns=\"http://www.w3.org/1999/xhtml\">L'ordonnance #1</div>"
        },
        "entry" : [{
          "reference" : "urn:uuid:cc74c310-3e16-45ff-b03d-4e0787e552d3"
        }]
      },
      {
        "title" : "Représentation originale",
        "code" : {
          "coding" : [{
            "system" : "http://loinc.org",
            "code" : "55108-5",
            "display" : "Clinical presentation Document"
          }]
        },
        "text" : {
          "extension" : [{
            "extension" : [{
              "url" : "htmlid",
              "valueString" : "uuid-dd4331ae-28da-476c-b59c-75b9cdf4f1b3"
            },
            {
              "url" : "data",
              "valueUri" : "urn:uuid:dd4331ae-28da-476c-b59c-75b9cdf4f1b3"
            }],
            "url" : "http://hl7.org/fhir/StructureDefinition/textLink"
          }],
          "status" : "generated",
          "div" : "<div xmlns=\"http://www.w3.org/1999/xhtml\">Placeholder original representation of a prescription: <span id=\"uuid-dd4331ae-28da-476c-b59c-75b9cdf4f1b3\">not a valid binary</span></div>"
        },
        "entry" : [{
          "reference" : "urn:uuid:dd4331ae-28da-476c-b59c-75b9cdf4f1b3"
        }]
      }]
    }
  },
  {
    "fullUrl" : "urn:uuid:2dbfe659-07d0-45c7-b8df-4a48372049a3",
    "resource" : {
      "resourceType" : "Patient",
      "id" : "PatientDupont",
      "meta" : {
        "profile" : ["http://fhir.ch/ig/ch-emed-epr/StructureDefinition/ch-emed-epr-patient"]
      },
      "text" : {
        "status" : "generated",
        "div" : "<div xmlns=\"http://www.w3.org/1999/xhtml\"><a name=\"Patient_PatientDupont\"> </a><p class=\"res-header-id\"><b>Generated Narrative: Patient PatientDupont</b></p><a name=\"PatientDupont\"> </a><a name=\"hcPatientDupont\"> </a><div style=\"display: inline-block; background-color: #d9e0e7; padding: 6px; margin: 4px; border: 1px solid #8da1b4; border-radius: 5px; line-height: 60%\"><p style=\"margin-bottom: 0px\"/><p style=\"margin-bottom: 0px\">Profile: <a href=\"StructureDefinition-ch-emed-epr-patient.html\">CH EMED EPR Patient</a></p></div><p style=\"border: 1px #661aff solid; background-color: #e6e6ff; padding: 10px;\">Jeanne Dupont  Female, DoB: 1972-08-07 ( Medical record number)</p><hr/><table class=\"grid\"><tr><td style=\"background-color: #f3f5da\" title=\"Ways to contact the Patient\">Contact Detail</td><td colspan=\"3\">Wiesenstr. 12 Zürich 8003 CH </td></tr></table></div>"
      },
      "identifier" : [{
        "type" : {
          "coding" : [{
            "system" : "http://terminology.hl7.org/CodeSystem/v2-0203",
            "code" : "MR"
          }]
        },
        "system" : "urn:oid:2.999.1",
        "value" : "11111111"
      }],
      "name" : [{
        "family" : "Dupont",
        "given" : ["Jeanne"]
      }],
      "gender" : "female",
      "birthDate" : "1972-08-07",
      "address" : [{
        "line" : ["Wiesenstr. 12"],
        "city" : "Zürich",
        "postalCode" : "8003",
        "country" : "CH"
      }]
    }
  },
  {
    "fullUrl" : "urn:uuid:9fc8530b-b77d-4b53-8a21-fc786b697edf",
    "resource" : {
      "resourceType" : "Practitioner",
      "id" : "PractitionerCox",
      "meta" : {
        "profile" : ["http://fhir.ch/ig/ch-emed-epr/StructureDefinition/ch-emed-epr-practitioner"]
      },
      "text" : {
        "status" : "generated",
        "div" : "<div xmlns=\"http://www.w3.org/1999/xhtml\"><a name=\"Practitioner_PractitionerCox\"> </a><p class=\"res-header-id\"><b>Generated Narrative: Practitioner PractitionerCox</b></p><a name=\"PractitionerCox\"> </a><a name=\"hcPractitionerCox\"> </a><div style=\"display: inline-block; background-color: #d9e0e7; padding: 6px; margin: 4px; border: 1px solid #8da1b4; border-radius: 5px; line-height: 60%\"><p style=\"margin-bottom: 0px\"/><p style=\"margin-bottom: 0px\">Profile: <a href=\"StructureDefinition-ch-emed-epr-practitioner.html\">CH EMED EPR Practitioner</a></p></div><p><b>identifier</b>: <a href=\"https://www.gs1.org/standards/id-keys/gln\" title=\"Global Location Number\">GLN</a>/7601000234438</p><p><b>name</b>: Perry Cox </p></div>"
      },
      "identifier" : [{
        "system" : "urn:oid:2.51.1.3",
        "value" : "7601000234438"
      }],
      "name" : [{
        "family" : "Cox",
        "given" : ["Perry"]
      }]
    }
  },
  {
    "fullUrl" : "urn:uuid:213d609a-1164-459a-bb10-727516ae3d0c",
    "resource" : {
      "resourceType" : "PractitionerRole",
      "id" : "PractitionerRoleCoxAtHug",
      "meta" : {
        "profile" : ["http://fhir.ch/ig/ch-emed-epr/StructureDefinition/ch-emed-epr-practitionerrole"]
      },
      "text" : {
        "status" : "generated",
        "div" : "<div xmlns=\"http://www.w3.org/1999/xhtml\"><a name=\"PractitionerRole_PractitionerRoleCoxAtHug\"> </a><p class=\"res-header-id\"><b>Generated Narrative: PractitionerRole PractitionerRoleCoxAtHug</b></p><a name=\"PractitionerRoleCoxAtHug\"> </a><a name=\"hcPractitionerRoleCoxAtHug\"> </a><div style=\"display: inline-block; background-color: #d9e0e7; padding: 6px; margin: 4px; border: 1px solid #8da1b4; border-radius: 5px; line-height: 60%\"><p style=\"margin-bottom: 0px\"/><p style=\"margin-bottom: 0px\">Profile: <a href=\"StructureDefinition-ch-emed-epr-practitionerrole.html\">CH EMED EPR PractitionerRole</a></p></div><p><b>practitioner</b>: <a href=\"Bundle-BundleUtc6bPml.html#urn-uuid-9fc8530b-b77d-4b53-8a21-fc786b697edf\">Practitioner Perry Cox </a></p><p><b>organization</b>: <a href=\"Bundle-BundleUtc6bPml.html#urn-uuid-580fbe82-8734-4edf-ad4b-48124cdd03c6\">Organization Hôpitaux universitaires de Genève</a></p></div>"
      },
      "practitioner" : {
        "reference" : "urn:uuid:9fc8530b-b77d-4b53-8a21-fc786b697edf"
      },
      "organization" : {
        "reference" : "urn:uuid:580fbe82-8734-4edf-ad4b-48124cdd03c6"
      }
    }
  },
  {
    "fullUrl" : "urn:uuid:580fbe82-8734-4edf-ad4b-48124cdd03c6",
    "resource" : {
      "resourceType" : "Organization",
      "id" : "OrganizationHug",
      "meta" : {
        "profile" : ["http://fhir.ch/ig/ch-emed-epr/StructureDefinition/ch-emed-epr-organization"]
      },
      "text" : {
        "status" : "generated",
        "div" : "<div xmlns=\"http://www.w3.org/1999/xhtml\"><a name=\"Organization_OrganizationHug\"> </a><p class=\"res-header-id\"><b>Generated Narrative: Organization OrganizationHug</b></p><a name=\"OrganizationHug\"> </a><a name=\"hcOrganizationHug\"> </a><div style=\"display: inline-block; background-color: #d9e0e7; padding: 6px; margin: 4px; border: 1px solid #8da1b4; border-radius: 5px; line-height: 60%\"><p style=\"margin-bottom: 0px\"/><p style=\"margin-bottom: 0px\">Profile: <a href=\"StructureDefinition-ch-emed-epr-organization.html\">CH EMED EPR Organization</a></p></div><p><b>identifier</b>: <a href=\"https://www.gs1.org/standards/id-keys/gln\" title=\"Global Location Number\">GLN</a>/7601000234438</p><p><b>name</b>: Hôpitaux universitaires de Genève</p><p><b>address</b>: Rue Gabrielle-Perret-Gentil 4 Genève 1205 CH </p></div>"
      },
      "identifier" : [{
        "system" : "urn:oid:2.51.1.3",
        "value" : "7601000234438"
      }],
      "name" : "Hôpitaux universitaires de Genève",
      "address" : [{
        "line" : ["Rue Gabrielle-Perret-Gentil 4"],
        "city" : "Genève",
        "postalCode" : "1205",
        "country" : "CH"
      }]
    }
  },
  {
    "fullUrl" : "urn:uuid:cc74c310-3e16-45ff-b03d-4e0787e552d3",
    "resource" : {
      "resourceType" : "MedicationRequest",
      "id" : "MedicationRequestTriatecPre",
      "meta" : {
        "profile" : ["http://fhir.ch/ig/ch-emed-epr/StructureDefinition/ch-emed-epr-medicationrequest"]
      },
      "text" : {
        "status" : "extensions",
        "div" : "<div xmlns=\"http://www.w3.org/1999/xhtml\"><a name=\"MedicationRequest_MedicationRequestTriatecPre\"> </a><p class=\"res-header-id\"><b>Generated Narrative: MedicationRequest MedicationRequestTriatecPre</b></p><a name=\"MedicationRequestTriatecPre\"> </a><a name=\"hcMedicationRequestTriatecPre\"> </a><div style=\"display: inline-block; background-color: #d9e0e7; padding: 6px; margin: 4px; border: 1px solid #8da1b4; border-radius: 5px; line-height: 60%\"><p style=\"margin-bottom: 0px\"/><p style=\"margin-bottom: 0px\">Profile: <a href=\"StructureDefinition-ch-emed-epr-medicationrequest.html\">PRE MedicationRequest</a></p></div><blockquote><p><b>CH EMED Extension Treatment Plan</b></p><ul><li>id: <a href=\"http://terminology.hl7.org/6.5.0/NamingSystem-uri.html\" title=\"As defined by RFC 3986 (http://www.ietf.org/rfc/rfc3986.txt)(with many schemes defined in many RFCs). For OIDs and UUIDs, use the URN form (urn:oid:(note: lowercase) and urn:uuid:). See http://www.ietf.org/rfc/rfc3001.txt and http://www.ietf.org/rfc/rfc4122.txt \r\n\r\nThis oid is used as an identifier II.root to indicate the the extension is an absolute URI (technically, an IRI). Typically, this is used for OIDs and GUIDs. Note that when this OID is used with OIDs and GUIDs, the II.extension should start with urn:oid or urn:uuid: \r\n\r\nNote that this OID is created to aid with interconversion between CDA and FHIR - FHIR uses urn:ietf:rfc:3986 as equivalent to this OID. URIs as identifiers appear more commonly in FHIR.\r\n\r\nThis OID may also be used in CD.codeSystem.\">Uniform Resource Identifier (URI)</a>/urn:uuid:41b97645-e263-47c2-8d96-79da451a33f2</li><li>externalDocumentId: <a href=\"http://terminology.hl7.org/6.5.0/NamingSystem-uri.html\" title=\"As defined by RFC 3986 (http://www.ietf.org/rfc/rfc3986.txt)(with many schemes defined in many RFCs). For OIDs and UUIDs, use the URN form (urn:oid:(note: lowercase) and urn:uuid:). See http://www.ietf.org/rfc/rfc3001.txt and http://www.ietf.org/rfc/rfc4122.txt \r\n\r\nThis oid is used as an identifier II.root to indicate the the extension is an absolute URI (technically, an IRI). Typically, this is used for OIDs and GUIDs. Note that when this OID is used with OIDs and GUIDs, the II.extension should start with urn:oid or urn:uuid: \r\n\r\nNote that this OID is created to aid with interconversion between CDA and FHIR - FHIR uses urn:ietf:rfc:3986 as equivalent to this OID. URIs as identifiers appear more commonly in FHIR.\r\n\r\nThis OID may also be used in CD.codeSystem.\">Uniform Resource Identifier (URI)</a>/urn:uuid:24c84eef-f9db-4710-8f6c-2d342ad3ac2d</li></ul></blockquote><p><b>identifier</b>: <a href=\"http://terminology.hl7.org/6.5.0/NamingSystem-uri.html\" title=\"As defined by RFC 3986 (http://www.ietf.org/rfc/rfc3986.txt)(with many schemes defined in many RFCs). For OIDs and UUIDs, use the URN form (urn:oid:(note: lowercase) and urn:uuid:). See http://www.ietf.org/rfc/rfc3001.txt and http://www.ietf.org/rfc/rfc4122.txt \r\n\r\nThis oid is used as an identifier II.root to indicate the the extension is an absolute URI (technically, an IRI). Typically, this is used for OIDs and GUIDs. Note that when this OID is used with OIDs and GUIDs, the II.extension should start with urn:oid or urn:uuid: \r\n\r\nNote that this OID is created to aid with interconversion between CDA and FHIR - FHIR uses urn:ietf:rfc:3986 as equivalent to this OID. URIs as identifiers appear more commonly in FHIR.\r\n\r\nThis OID may also be used in CD.codeSystem.\">Uniform Resource Identifier (URI)</a>/urn:uuid:cc74c310-3e16-45ff-b03d-4e0787e552d3</p><p><b>status</b>: Active</p><p><b>intent</b>: Order</p><p><b>medication</b>: <a href=\"#hcMedicationRequestTriatecPre/MedicationTriatec\">Medication TRIATEC Tabl 2.5 mg 20 Stk</a></p><p><b>subject</b>: <a href=\"Bundle-DocumentDis1.html#urn-uuid-2dbfe659-07d0-45c7-b8df-4a48372049a3\">Jeanne Dupont  Female, DoB: 1972-08-07 ( Medical record number)</a></p><p><b>authoredOn</b>: 2023-04-11</p><p><b>requester</b>: <a href=\"Bundle-BundleUtc6bPml.html#urn-uuid-213d609a-1164-459a-bb10-727516ae3d0c\">PractitionerRole</a></p><blockquote><p><b>dosageInstruction</b></p><p><b>text</b>: Un demi comprimé ou un comprimé entier à avaler avec de l'eau le soir dès le 2023-04-11.</p><p><b>patientInstruction</b>: À prendre avec de l'eau</p><p><b>timing</b>: Noon, Once</p><p><b>route</b>: <span title=\"Codes:{urn:oid:0.4.0.127.0.16.1.1.2.1 20053000}\">À avaler</span></p><h3>DoseAndRates</h3><table class=\"grid\"><tr><td style=\"display: none\">-</td><td><b>Dose[x]</b></td></tr><tr><td style=\"display: none\">*</td><td>0.5-1 Tablet (unit of presentation)</td></tr></table></blockquote><hr/><blockquote><p class=\"res-header-id\"><b>Generated Narrative: Medication #MedicationTriatec</b></p><a name=\"MedicationRequestTriatecPre/MedicationTriatec\"> </a><a name=\"hcMedicationRequestTriatecPre/MedicationTriatec\"> </a><div style=\"display: inline-block; background-color: #d9e0e7; padding: 6px; margin: 4px; border: 1px solid #8da1b4; border-radius: 5px; line-height: 60%\"><p style=\"margin-bottom: 0px\"/><p style=\"margin-bottom: 0px\">Profile: <a href=\"StructureDefinition-ch-emed-epr-medication.html\">CH EMED EPR Medication</a></p></div><p><b>code</b>: <span title=\"Codes:{urn:oid:2.51.1.1 7680538751228}\">TRIATEC Tabl 2.5 mg</span></p><p><b>form</b>: <span title=\"Codes:{urn:oid:0.4.0.127.0.16.1.1.2.1 10219000}\">Tablet</span></p><p><b>amount</b>: 20 Tablet (unit of presentation)<span style=\"background: LightGoldenRodYellow\"> (Details: SNOMED CT  code732936001 = 'Tablet (unit of presentation)')</span>/1 Package<span style=\"background: LightGoldenRodYellow\"> (Details: SNOMED CT  code1681000175101 = 'Package - unit of product usage')</span></p><h3>Ingredients</h3><table class=\"grid\"><tr><td style=\"display: none\">-</td><td><b>Item[x]</b></td><td><b>IsActive</b></td><td><b>Strength</b></td></tr><tr><td style=\"display: none\">*</td><td><span title=\"Codes:{http://snomed.info/sct 386872004}\">Ramipril</span></td><td>true</td><td>2.5 milligram<span style=\"background: LightGoldenRodYellow\"> (Details: UCUM  codemg = 'mg')</span>/1 Tablet<span style=\"background: LightGoldenRodYellow\"> (Details: SNOMED CT  code732936001 = 'Tablet (unit of presentation)')</span></td></tr></table></blockquote></div>"
      },
      "contained" : [{
        "resourceType" : "Medication",
        "id" : "MedicationTriatec",
        "meta" : {
          "profile" : ["http://fhir.ch/ig/ch-emed-epr/StructureDefinition/ch-emed-epr-medication"]
        },
        "code" : {
          "coding" : [{
            "system" : "urn:oid:2.51.1.1",
            "code" : "7680538751228",
            "display" : "TRIATEC Tabl 2.5 mg 20 Stk"
          }],
          "text" : "TRIATEC Tabl 2.5 mg"
        },
        "form" : {
          "coding" : [{
            "system" : "urn:oid:0.4.0.127.0.16.1.1.2.1",
            "code" : "10219000",
            "display" : "Tablet"
          }],
          "text" : "Tablet"
        },
        "amount" : {
          "numerator" : {
            "value" : 20,
            "unit" : "Tablet (unit of presentation)",
            "system" : "http://snomed.info/sct",
            "code" : "732936001"
          },
          "denominator" : {
            "value" : 1,
            "unit" : "Package",
            "system" : "http://snomed.info/sct",
            "code" : "1681000175101"
          }
        },
        "ingredient" : [{
          "itemCodeableConcept" : {
            "coding" : [{
              "system" : "http://snomed.info/sct",
              "code" : "386872004",
              "display" : "Ramipril (substance)"
            }],
            "text" : "Ramipril"
          },
          "isActive" : true,
          "strength" : {
            "numerator" : {
              "value" : 2.5,
              "unit" : "milligram",
              "system" : "http://unitsofmeasure.org",
              "code" : "mg"
            },
            "denominator" : {
              "value" : 1,
              "unit" : "Tablet",
              "system" : "http://snomed.info/sct",
              "code" : "732936001"
            }
          }
        }]
      }],
      "extension" : [{
        "extension" : [{
          "url" : "id",
          "valueIdentifier" : {
            "system" : "urn:ietf:rfc:3986",
            "value" : "urn:uuid:41b97645-e263-47c2-8d96-79da451a33f2"
          }
        },
        {
          "url" : "externalDocumentId",
          "valueIdentifier" : {
            "system" : "urn:ietf:rfc:3986",
            "value" : "urn:uuid:24c84eef-f9db-4710-8f6c-2d342ad3ac2d"
          }
        }],
        "url" : "http://fhir.ch/ig/ch-emed/StructureDefinition/ch-emed-ext-treatmentplan"
      }],
      "identifier" : [{
        "system" : "urn:ietf:rfc:3986",
        "value" : "urn:uuid:cc74c310-3e16-45ff-b03d-4e0787e552d3"
      }],
      "status" : "active",
      "intent" : "order",
      "medicationReference" : {
        "reference" : "#MedicationTriatec"
      },
      "subject" : {
        "reference" : "urn:uuid:2dbfe659-07d0-45c7-b8df-4a48372049a3"
      },
      "authoredOn" : "2023-04-11",
      "requester" : {
        "reference" : "urn:uuid:213d609a-1164-459a-bb10-727516ae3d0c"
      },
      "dosageInstruction" : [{
        "text" : "Un demi comprimé ou un comprimé entier à avaler avec de l'eau le soir dès le 2023-04-11.",
        "patientInstruction" : "À prendre avec de l'eau",
        "timing" : {
          "repeat" : {
            "boundsPeriod" : {
              "start" : "2023-04-11"
            },
            "when" : ["NOON"]
          }
        },
        "route" : {
          "coding" : [{
            "system" : "urn:oid:0.4.0.127.0.16.1.1.2.1",
            "code" : "20053000",
            "display" : "Oral use"
          }],
          "text" : "À avaler"
        },
        "doseAndRate" : [{
          "doseRange" : {
            "low" : {
              "value" : 0.5,
              "unit" : "Tablet (unit of presentation)",
              "system" : "http://snomed.info/sct",
              "code" : "732936001"
            },
            "high" : {
              "value" : 1,
              "unit" : "Tablet (unit of presentation)",
              "system" : "http://snomed.info/sct",
              "code" : "732936001"
            }
          }
        }]
      }]
    }
  },
  {
    "fullUrl" : "urn:uuid:dd4331ae-28da-476c-b59c-75b9cdf4f1b3",
    "resource" : {
      "resourceType" : "Binary",
      "id" : "original-representation-pdf",
      "contentType" : "application/pdf"
    }
  }]
}