{
  "resourceType" : "Composition",
  "id" : "Inline-composition-for-utc-1-pml",
  "meta" : {
    "profile" : ["http://fhir.ch/ig/ch-emed-epr/StructureDefinition/ch-emed-epr-composition-medicationlist"]
  },
  "language" : "fr-CH",
  "text" : {
    "status" : "generated",
    "div" : "<div xmlns=\"http://www.w3.org/1999/xhtml\" xml:lang=\"fr-CH\" lang=\"fr-CH\"><p class=\"res-header-id\"><b>Generated Narrative: Composition Inline-composition-for-utc-1-pml</b></p><a name=\"Inline-composition-for-utc-1-pml\"> </a><a name=\"hcInline-composition-for-utc-1-pml\"> </a><a name=\"Inline-composition-for-utc-1-pml-en-US\"> </a><div style=\"display: inline-block; background-color: #d9e0e7; padding: 6px; margin: 4px; border: 1px solid #8da1b4; border-radius: 5px; line-height: 60%\"><p style=\"margin-bottom: 0px\">Language: fr-CH</p><p style=\"margin-bottom: 0px\">Profile: <a href=\"StructureDefinition-ch-emed-epr-composition-medicationlist.html\">PML Composition</a></p></div><p><b>identifier</b>: <a href=\"http://terminology.hl7.org/6.1.0/NamingSystem-uri.html\" title=\"As defined by RFC 3986 (http://www.ietf.org/rfc/rfc3986.txt)(with many schemes defined in many RFCs). For OIDs and UUIDs, use the URN form (urn:oid:(note: lowercase) and urn:uuid:). See http://www.ietf.org/rfc/rfc3001.txt and http://www.ietf.org/rfc/rfc4122.txt \r\n\r\nThis oid is used as an identifier II.root to indicate the the extension is an absolute URI (technically, an IRI). Typically, this is used for OIDs and GUIDs. Note that when this OID is used with OIDs and GUIDs, the II.extension should start with urn:oid or urn:uuid: \r\n\r\nNote that this OID is created to aid with interconversion between CDA and FHIR - FHIR uses urn:ietf:rfc:3986 as equivalent to this OID. URIs as identifiers appear more commonly in FHIR.\r\n\r\nThis OID may also be used in CD.codeSystem.\">Uniform Resource Identifier (URI)</a>/urn:uuid:87f151e3-9e67-48aa-8cfe-f816ae5fc084</p><p><b>status</b>: Final</p><p><b>type</b>: <span title=\"Codes:{http://snomed.info/sct 721912009}, {http://loinc.org 56445-0}\">Medication summary document (record artifact)</span></p><p><b>date</b>: 2023-10-01 00:00:00+0200</p><p><b>author</b>: <a href=\"Bundle-BundleUtc1Pml.html#urn-uuid-f5090ee8-b8b1-4b1e-b529-b6d55fad08d4\">Bundle: identifier = UUID:87f151e3-9e67-48aa-8cfe-f816ae5fc084; type = document; timestamp = 2023-10-01 00:00:00+0200</a></p><p><b>title</b>: Liste de médication</p><p><b>confidentiality</b>: normal</p><p><b>custodian</b>: <a href=\"Bundle-BundleUtc1Pml.html#urn-uuid-dd9fd2e4-92d4-4a56-bda2-cf921e432eea\">Bundle: identifier = UUID:87f151e3-9e67-48aa-8cfe-f816ae5fc084; type = document; timestamp = 2023-10-01 00:00:00+0200</a></p></div>"
  },
  "identifier" : {
    "system" : "urn:ietf:rfc:3986",
    "value" : "urn:uuid:87f151e3-9e67-48aa-8cfe-f816ae5fc084"
  },
  "status" : "final",
  "type" : {
    "coding" : [{
      "system" : "http://snomed.info/sct",
      "code" : "721912009",
      "display" : "Medication summary document (record artifact)"
    },
    {
      "system" : "http://loinc.org",
      "code" : "56445-0",
      "display" : "Medication summary Document"
    }]
  },
  "subject" : {
    "reference" : "urn:uuid:9b00e81e-1165-4039-9d60-698ef838ae1a"
  },
  "date" : "2023-10-01T00:00:00+02:00",
  "author" : [{
    "reference" : "urn:uuid:f5090ee8-b8b1-4b1e-b529-b6d55fad08d4"
  }],
  "title" : "Liste de médication",
  "confidentiality" : "N",
  "_confidentiality" : {
    "extension" : [{
      "url" : "http://fhir.ch/ig/ch-core/StructureDefinition/ch-ext-epr-confidentialitycode",
      "valueCodeableConcept" : {
        "coding" : [{
          "system" : "http://snomed.info/sct",
          "code" : "17621005",
          "display" : "Normal (qualifier value)"
        }]
      }
    }]
  },
  "custodian" : {
    "reference" : "urn:uuid:dd9fd2e4-92d4-4a56-bda2-cf921e432eea"
  },
  "section" : [{
    "title" : "Medication List",
    "code" : {
      "coding" : [{
        "system" : "http://loinc.org",
        "code" : "10160-0",
        "display" : "History of Medication use Narrative"
      }]
    },
    "text" : {
      "status" : "generated",
      "div" : "<div xmlns=\"http://www.w3.org/1999/xhtml\">Cette liste de médication a été générée automatiquement par le service eMedication CARA le 1 octore 2023 à 00:00:00 CEST. Les paramètres utilisés pour la génération du document sont : les éléments de type Medication Treatment Plan Item, Prescription Item, Dispense Item et PADV sont inclus ; tous les traitements sont considérés.</div>"
    }
  }]
}