{
  "resourceType" : "ConceptMap",
  "id" : "CHEMEDEPRAmountQuantityUnitCodeToCdTyp9",
  "text" : {
    "status" : "generated",
    "div" : "<div xmlns=\"http://www.w3.org/1999/xhtml\"><p class=\"res-header-id\"><b>Generated Narrative: ConceptMap CHEMEDEPRAmountQuantityUnitCodeToCdTyp9</b></p><a name=\"CHEMEDEPRAmountQuantityUnitCodeToCdTyp9\"> </a><a name=\"hcCHEMEDEPRAmountQuantityUnitCodeToCdTyp9\"> </a><a name=\"CHEMEDEPRAmountQuantityUnitCodeToCdTyp9-en-US\"> </a><p>Mapping from <a href=\"ValueSet-ch-emed-epr-amount-quantity-unit-code.html\">Amount Quantity Unit Codes</a> to http://chmed.emediplan.ch/fhir/CodeSystem/chmed-codesystem-cdtyp9</p><br/><p><b>Group 1 </b>Mapping from <a href=\"http://hl7.org/fhir/R4/codesystem-snomedct.html\">SNOMED CT (all versions)</a> to <code>http://chmed.emediplan.ch/fhir/CodeSystem/chmed-codesystem-cdtyp9</code></p><table class=\"grid\"><tr><td colspan=\"2\"><b>Source Concept Details</b></td><td><b>Relationship</b></td><td colspan=\"2\"><b>Target Concept Details</b></td><td><b>Comment</b></td><td colspan=\"2\"><b>Properties</b></td></tr><tr><td colspan=\"2\"><b>Codes</b> from <a href=\"http://hl7.org/fhir/R4/codesystem-snomedct.html\" title=\"http://snomed.info/sct\">SNOMED CT (all versions)</a></td><td/><td colspan=\"2\"><b>Codes</b> from http://chmed.emediplan.ch/fhir/CodeSystem/chmed-codesystem-cdtyp9</td><td/></tr><tr><td style=\"border-right-width: 0px\">732981002</td><td style=\"border-left-width: 0px\">Actuation (unit of presentation)</td><td><a href=\"http://hl7.org/fhir/extensions/5.1.0/CodeSystem-concept-map-equivalence.html#equivalent\" title=\"equivalent\">is equivalent to</a></td><td style=\"border-right-width: 0px\">Hub</td><td style=\"border-left-width: 0px\"></td><td>In the context of drug administration, &quot;Hub&quot; in German often refers to the actuation or dose delivered by a medical device, such as a pump or a spray. In the case of an inhaler or nasal spray, a Hub refers to the quantity of medication released in one spray or actuation. For an insulin pump or other infusion devices, Hub can denote a specific unit of the medication delivered per pump cycle or actuation.</td></tr><tr><td style=\"border-right-width: 0px; border-bottom-style: none\">732978007</td><td style=\"border-left-width: 0px\">Ampule (unit of presentation)</td><td colspan=\"4\" style=\"background-color: #efefef\">(not mapped)</td></tr><tr><td style=\"border-right-width: 0px\">413568008</td><td style=\"border-left-width: 0px\">Application - unit of product usage (qualifier value)</td><td><a href=\"http://hl7.org/fhir/extensions/5.1.0/CodeSystem-concept-map-equivalence.html#equal\" title=\"equal\">is equal to</a></td><td style=\"border-right-width: 0px\">Appl</td><td style=\"border-left-width: 0px\"></td><td/></tr><tr><td style=\"border-right-width: 0px; border-bottom-style: none\">732980001</td><td style=\"border-left-width: 0px\">Applicator (unit of presentation)</td><td colspan=\"4\" style=\"background-color: #efefef\">(not mapped)</td></tr><tr><td style=\"border-right-width: 0px\">732982009</td><td style=\"border-left-width: 0px\">Bag (unit of presentation)</td><td><a href=\"http://hl7.org/fhir/extensions/5.1.0/CodeSystem-concept-map-equivalence.html#inexact\" title=\"inexact\">maps loosely to</a></td><td style=\"border-right-width: 0px\">Btl</td><td style=\"border-left-width: 0px\"></td><td>In HCI's code system, there is no equivalent for a bag (or French poche), e.g. an infusion bag. The broader German term Beutel is instead used for single dose sachets.</td></tr><tr><td style=\"border-right-width: 0px; border-bottom-style: none\">732983004</td><td style=\"border-left-width: 0px\">Barrel (unit of presentation)</td><td colspan=\"4\" style=\"background-color: #efefef\">(not mapped)</td></tr><tr><td style=\"border-right-width: 0px\">732984005</td><td style=\"border-left-width: 0px\">Blister (unit of presentation)</td><td><a href=\"http://hl7.org/fhir/extensions/5.1.0/CodeSystem-concept-map-equivalence.html#equal\" title=\"equal\">is equal to</a></td><td style=\"border-right-width: 0px\">Blist</td><td style=\"border-left-width: 0px\"></td><td/></tr><tr><td style=\"border-right-width: 0px; border-bottom-style: none\">732985006</td><td style=\"border-left-width: 0px\">Block (unit of presentation)</td><td colspan=\"4\" style=\"background-color: #efefef\">(not mapped)</td></tr><tr><td style=\"border-right-width: 0px\">732986007</td><td style=\"border-left-width: 0px\">Bottle (unit of presentation)</td><td><a href=\"http://hl7.org/fhir/extensions/5.1.0/CodeSystem-concept-map-equivalence.html#equal\" title=\"equal\">is equal to</a></td><td style=\"border-right-width: 0px\">Fl</td><td style=\"border-left-width: 0px\"></td><td/></tr><tr><td style=\"border-right-width: 0px; border-bottom-style: none\">732987003</td><td style=\"border-left-width: 0px\">Cachet (unit of presentation)</td><td colspan=\"4\" style=\"background-color: #efefef\">(not mapped)</td></tr><tr><td style=\"border-right-width: 0px; border-bottom-style: none\">732937005</td><td style=\"border-left-width: 0px\">Capsule (unit of presentation)</td><td colspan=\"4\" style=\"background-color: #efefef\">(not mapped)</td></tr><tr><td style=\"border-right-width: 0px\">732988008</td><td style=\"border-left-width: 0px\">Cartridge (unit of presentation)</td><td><a href=\"http://hl7.org/fhir/extensions/5.1.0/CodeSystem-concept-map-equivalence.html#equal\" title=\"equal\">is equal to</a></td><td style=\"border-right-width: 0px\">Patr</td><td style=\"border-left-width: 0px\"></td><td/></tr><tr><td style=\"border-right-width: 0px; border-bottom-style: none\">732989000</td><td style=\"border-left-width: 0px\">Chewing gum (unit of presentation)</td><td colspan=\"4\" style=\"background-color: #efefef\">(not mapped)</td></tr><tr><td style=\"border-right-width: 0px; border-bottom-style: none\">732990009</td><td style=\"border-left-width: 0px\">Container (unit of presentation)</td><td colspan=\"4\" style=\"background-color: #efefef\">(not mapped)</td></tr><tr><td style=\"border-right-width: 0px\">732991008</td><td style=\"border-left-width: 0px\">Cup (unit of presentation)</td><td><a href=\"http://hl7.org/fhir/extensions/5.1.0/CodeSystem-concept-map-equivalence.html#specializes\" title=\"specializes\">has specialization</a></td><td style=\"border-right-width: 0px\">MB</td><td style=\"border-left-width: 0px\"></td><td>Messbecher is more specifically a measuring cup.</td></tr><tr><td style=\"border-right-width: 0px; border-bottom-style: none\">732992001</td><td style=\"border-left-width: 0px\">Cylinder (unit of presentation)</td><td colspan=\"4\" style=\"background-color: #efefef\">(not mapped)</td></tr><tr><td style=\"border-right-width: 0px; border-bottom-style: none\">732993006</td><td style=\"border-left-width: 0px\">Dressing (unit of presentation)</td><td colspan=\"4\" style=\"background-color: #efefef\">(not mapped)</td></tr><tr><td style=\"border-right-width: 0px\">732994000</td><td style=\"border-left-width: 0px\">Drop (unit of presentation)</td><td><a href=\"http://hl7.org/fhir/extensions/5.1.0/CodeSystem-concept-map-equivalence.html#equal\" title=\"equal\">is equal to</a></td><td style=\"border-right-width: 0px\">gtt</td><td style=\"border-left-width: 0px\"></td><td/></tr><tr><td style=\"border-right-width: 0px; border-bottom-style: none\">732995004</td><td style=\"border-left-width: 0px\">Film (unit of presentation)</td><td colspan=\"4\" style=\"background-color: #efefef\">(not mapped)</td></tr><tr><td style=\"border-right-width: 0px; border-bottom-style: none\">732996003</td><td style=\"border-left-width: 0px\">Implant (unit of presentation)</td><td colspan=\"4\" style=\"background-color: #efefef\">(not mapped)</td></tr><tr><td style=\"border-right-width: 0px; border-bottom-style: none\">732997007</td><td style=\"border-left-width: 0px\">Inhaler (unit of presentation)</td><td colspan=\"4\" style=\"background-color: #efefef\">(not mapped)</td></tr><tr><td style=\"border-right-width: 0px; border-bottom-style: none\">732998002</td><td style=\"border-left-width: 0px\">Insert (unit of presentation)</td><td colspan=\"4\" style=\"background-color: #efefef\">(not mapped)</td></tr><tr><td style=\"border-right-width: 0px; border-bottom-style: none\">732999005</td><td style=\"border-left-width: 0px\">Jar (unit of presentation)</td><td colspan=\"4\" style=\"background-color: #efefef\">(not mapped)</td></tr><tr><td style=\"border-right-width: 0px; border-bottom-style: none\">733001005</td><td style=\"border-left-width: 0px\">Lyophilisate (unit of presentation)</td><td colspan=\"4\" style=\"background-color: #efefef\">(not mapped)</td></tr><tr><td style=\"border-right-width: 0px; border-bottom-style: none\">733002003</td><td style=\"border-left-width: 0px\">Matrix (unit of presentation)</td><td colspan=\"4\" style=\"background-color: #efefef\">(not mapped)</td></tr><tr><td style=\"border-right-width: 0px; border-bottom-style: none\">733003008</td><td style=\"border-left-width: 0px\">Pad (unit of presentation)</td><td colspan=\"4\" style=\"background-color: #efefef\">(not mapped)</td></tr><tr><td style=\"border-right-width: 0px; border-bottom-style: none\">733004002</td><td style=\"border-left-width: 0px\">Pastille (unit of presentation)</td><td colspan=\"4\" style=\"background-color: #efefef\">(not mapped)</td></tr><tr><td style=\"border-right-width: 0px\">733005001</td><td style=\"border-left-width: 0px\">Patch (unit of presentation)</td><td><a href=\"http://hl7.org/fhir/extensions/5.1.0/CodeSystem-concept-map-equivalence.html#subsumes\" title=\"subsumes\">is subsumed by</a></td><td style=\"border-right-width: 0px\">Pfl</td><td style=\"border-left-width: 0px\"></td><td>HCI's CDTyp9 contains only a general code for Plaster (translated within the code system as the more specialized patch in French, oddly enough).</td></tr><tr><td style=\"border-right-width: 0px; border-bottom-style: none\">733006000</td><td style=\"border-left-width: 0px\">Pen (unit of presentation)</td><td colspan=\"4\" style=\"background-color: #efefef\">(not mapped)</td></tr><tr><td style=\"border-right-width: 0px; border-bottom-style: none\">733007009</td><td style=\"border-left-width: 0px\">Pessary (unit of presentation)</td><td colspan=\"4\" style=\"background-color: #efefef\">(not mapped)</td></tr><tr><td style=\"border-right-width: 0px; border-bottom-style: none\">733008004</td><td style=\"border-left-width: 0px\">Pillule (unit of presentation)</td><td colspan=\"4\" style=\"background-color: #efefef\">(not mapped)</td></tr><tr><td style=\"border-right-width: 0px\">733009007</td><td style=\"border-left-width: 0px\">Pipette (unit of presentation)</td><td><a href=\"http://hl7.org/fhir/extensions/5.1.0/CodeSystem-concept-map-equivalence.html#specializes\" title=\"specializes\">has specialization</a></td><td style=\"border-right-width: 0px\">Dosierpip</td><td style=\"border-left-width: 0px\"></td><td>A Dosierpipette (German) is more specifically a dosing pipette designed to measure and deliver precise amounts of medication.</td></tr><tr><td style=\"border-right-width: 0px\">733010002</td><td style=\"border-left-width: 0px\">Plaster (unit of presentation)</td><td><a href=\"http://hl7.org/fhir/extensions/5.1.0/CodeSystem-concept-map-equivalence.html#equivalent\" title=\"equivalent\">is equivalent to</a></td><td style=\"border-right-width: 0px\">Pfl</td><td style=\"border-left-width: 0px\"></td><td/></tr><tr><td style=\"border-right-width: 0px; border-bottom-style: none\">733011003</td><td style=\"border-left-width: 0px\">Plug (unit of presentation)</td><td colspan=\"4\" style=\"background-color: #efefef\">(not mapped)</td></tr><tr><td style=\"border-right-width: 0px\">733012005</td><td style=\"border-left-width: 0px\">Pouch (unit of presentation)</td><td><a href=\"http://hl7.org/fhir/extensions/5.1.0/CodeSystem-concept-map-equivalence.html#inexact\" title=\"inexact\">maps loosely to</a></td><td style=\"border-right-width: 0px\">Btl</td><td style=\"border-left-width: 0px\"></td><td>In HCI's code system, there is no equivalent for a pouch. The broader German term Beutel is instead used for single dose sachets.</td></tr><tr><td style=\"border-right-width: 0px\">733013000</td><td style=\"border-left-width: 0px\">Sachet (unit of presentation)</td><td><a href=\"http://hl7.org/fhir/extensions/5.1.0/CodeSystem-concept-map-equivalence.html#inexact\" title=\"inexact\">maps loosely to</a></td><td style=\"border-right-width: 0px\">Btl</td><td style=\"border-left-width: 0px\"></td><td>In HCI's code system, The broader German term Beutel is instead used for single dose sachets and translated as such on its French display translation.</td></tr><tr><td style=\"border-right-width: 0px; border-bottom-style: none\">733014006</td><td style=\"border-left-width: 0px\">Sponge (unit of presentation)</td><td colspan=\"4\" style=\"background-color: #efefef\">(not mapped)</td></tr><tr><td style=\"border-right-width: 0px\">733015007</td><td style=\"border-left-width: 0px\">Spoonful (unit of presentation)</td><td><a href=\"http://hl7.org/fhir/extensions/5.1.0/CodeSystem-concept-map-equivalence.html#equivalent\" title=\"equivalent\">is equivalent to</a></td><td style=\"border-right-width: 0px\">nML</td><td style=\"border-left-width: 0px\"></td><td>The target code is more specifically a measuring spoon (Messlöffel).</td></tr><tr><td style=\"border-right-width: 0px; border-bottom-style: none\">733016008</td><td style=\"border-left-width: 0px\">Stick (unit of presentation)</td><td colspan=\"4\" style=\"background-color: #efefef\">(not mapped)</td></tr><tr><td style=\"border-right-width: 0px; border-bottom-style: none\">733017004</td><td style=\"border-left-width: 0px\">Straw (unit of presentation)</td><td colspan=\"4\" style=\"background-color: #efefef\">(not mapped)</td></tr><tr><td style=\"border-right-width: 0px; border-bottom-style: none\">733018009</td><td style=\"border-left-width: 0px\">Strip (unit of presentation)</td><td colspan=\"4\" style=\"background-color: #efefef\">(not mapped)</td></tr><tr><td style=\"border-right-width: 0px; border-bottom-style: none\">733019001</td><td style=\"border-left-width: 0px\">Suppository (unit of presentation)</td><td colspan=\"4\" style=\"background-color: #efefef\">(not mapped)</td></tr><tr><td style=\"border-right-width: 0px\">733020007</td><td style=\"border-left-width: 0px\">Syringe (unit of presentation)</td><td><a href=\"http://hl7.org/fhir/extensions/5.1.0/CodeSystem-concept-map-equivalence.html#equivalent\" title=\"equivalent\">is equivalent to</a></td><td style=\"border-right-width: 0px\">Dosierspr</td><td style=\"border-left-width: 0px\"></td><td>The target code is more specifically a measuring or dosing syringe (Dosierspritze).</td></tr><tr><td style=\"border-right-width: 0px; border-bottom-style: none\">733021006</td><td style=\"border-left-width: 0px\">System (unit of presentation)</td><td colspan=\"4\" style=\"background-color: #efefef\">(not mapped)</td></tr><tr><td style=\"border-right-width: 0px\">732936001</td><td style=\"border-left-width: 0px\">Tablet (unit of presentation)</td><td><a href=\"http://hl7.org/fhir/extensions/5.1.0/CodeSystem-concept-map-equivalence.html#equal\" title=\"equal\">is equal to</a></td><td style=\"border-right-width: 0px\">tablet</td><td style=\"border-left-width: 0px\"></td><td/></tr><tr><td style=\"border-right-width: 0px; border-bottom-style: none\">733022004</td><td style=\"border-left-width: 0px\">Tampon (unit of presentation)</td><td colspan=\"4\" style=\"background-color: #efefef\">(not mapped)</td></tr><tr><td style=\"border-right-width: 0px; border-bottom-style: none\">733023009</td><td style=\"border-left-width: 0px\">Thread (unit of presentation)</td><td colspan=\"4\" style=\"background-color: #efefef\">(not mapped)</td></tr><tr><td style=\"border-right-width: 0px\">733024003</td><td style=\"border-left-width: 0px\">Tube (unit of presentation)</td><td><a href=\"http://hl7.org/fhir/extensions/5.1.0/CodeSystem-concept-map-equivalence.html#equal\" title=\"equal\">is equal to</a></td><td style=\"border-right-width: 0px\">Tb</td><td style=\"border-left-width: 0px\"></td><td/></tr><tr><td style=\"border-right-width: 0px; border-bottom-style: none\">733025002</td><td style=\"border-left-width: 0px\">Vessel (unit of presentation)</td><td colspan=\"4\" style=\"background-color: #efefef\">(not mapped)</td></tr><tr><td style=\"border-right-width: 0px; border-bottom-style: none\">733026001</td><td style=\"border-left-width: 0px\">Vial (unit of presentation)</td><td colspan=\"4\" style=\"background-color: #efefef\">(not mapped)</td></tr><tr><td style=\"border-right-width: 0px\">408102007</td><td style=\"border-left-width: 0px\">Dose</td><td><a href=\"http://hl7.org/fhir/extensions/5.1.0/CodeSystem-concept-map-equivalence.html#equal\" title=\"equal\">is equal to</a></td><td style=\"border-right-width: 0px\">Dos</td><td style=\"border-left-width: 0px\"></td><td/></tr><tr><td style=\"border-right-width: 0px; border-bottom-style: none\">396186001</td><td style=\"border-left-width: 0px; border-bottom-style: none\">(the number ten for arbitrary powers ^ 6) * Unit</td><td><a href=\"http://hl7.org/fhir/extensions/5.1.0/CodeSystem-concept-map-equivalence.html#equal\" title=\"equal\">is equal to</a></td><td style=\"border-right-width: 0px\">Mio U</td><td style=\"border-left-width: 0px\"></td><td>CdTyp9 has two codes for a million units: &quot;Mio U&quot; and &quot;MU&quot; (labeled as Millionen Einheiten).\nSince MU could bring some confusion, as it is also stands for Measurement Unit in English, with a different meaning, CdTyp9's &quot;Mio U&quot; is preferred by this concept map.</td></tr><tr><td style=\"border-right-width: 0px; border-top-style: none\"/><td style=\"border-top-style: none; border-left-width: 0px\"/><td><a href=\"http://hl7.org/fhir/extensions/5.1.0/CodeSystem-concept-map-equivalence.html#equal\" title=\"equal\">is equal to</a></td><td style=\"border-right-width: 0px\">MU</td><td style=\"border-left-width: 0px\"></td><td>CdTyp9 has two codes for a million units: &quot;Mio U&quot; and &quot;MU&quot; (labeled as Millionen Einheiten).\nSince MU could bring some confusion, as it is also stands for Measurement Unit in English, with a different meaning, CdTyp9's &quot;Mio U&quot; is preferred by this concept map.</td></tr><tr><td style=\"border-right-width: 0px\">1681000175101</td><td style=\"border-left-width: 0px\">Package</td><td><a href=\"http://hl7.org/fhir/extensions/5.1.0/CodeSystem-concept-map-equivalence.html#equal\" title=\"equal\">is equal to</a></td><td style=\"border-right-width: 0px\">Pck</td><td style=\"border-left-width: 0px\"></td><td/></tr><tr><td style=\"border-right-width: 0px\">2011000175108</td><td style=\"border-left-width: 0px\">Thousand Per * Unit</td><td><a href=\"http://hl7.org/fhir/extensions/5.1.0/CodeSystem-concept-map-equivalence.html#equal\" title=\"equal\">is equal to</a></td><td style=\"border-right-width: 0px\">TU</td><td style=\"border-left-width: 0px\"></td><td/></tr><tr><td style=\"border-right-width: 0px; border-bottom-style: none\">767525000</td><td style=\"border-left-width: 0px; border-bottom-style: none\">Unit</td><td><a href=\"http://hl7.org/fhir/extensions/5.1.0/CodeSystem-concept-map-equivalence.html#equal\" title=\"equal\">is equal to</a></td><td style=\"border-right-width: 0px\">U</td><td style=\"border-left-width: 0px\"></td><td>CdTyp9 has two codes for unit, E for German Einheit and U for French unité (or English unit). This concept map suggests using U for coherence also with English.</td></tr><tr><td style=\"border-right-width: 0px; border-top-style: none\"/><td style=\"border-top-style: none; border-left-width: 0px\"/><td><a href=\"http://hl7.org/fhir/extensions/5.1.0/CodeSystem-concept-map-equivalence.html#equal\" title=\"equal\">is equal to</a></td><td style=\"border-right-width: 0px\">E</td><td style=\"border-left-width: 0px\"></td><td>CdTyp9 has two codes for unit, E for German Einheit and U for French unité (or English unit). This concept map suggests using U for coherence also with English.</td></tr><tr><td style=\"border-right-width: 0px\">246205007</td><td style=\"border-left-width: 0px\">Quantity</td><td><a href=\"http://hl7.org/fhir/extensions/5.1.0/CodeSystem-concept-map-equivalence.html#inexact\" title=\"inexact\">maps loosely to</a></td><td style=\"border-right-width: 0px\">Stk</td><td style=\"border-left-width: 0px\"></td><td>Stk stands for Stück which could be translated as piece. CH EMED 5.0.0 removed the unit piece and replaced it with the SNOMED code for quantity. See https://github.com/hl7ch/ch-emed/issues/252 for reasoning.</td></tr></table><hr/><p><b>Group 2 </b>Mapping from <a href=\"http://terminology.hl7.org/6.1.0/CodeSystem-v3-ucum.html\">Unified Code for Units of Measure (UCUM)</a> to <code>http://chmed.emediplan.ch/fhir/CodeSystem/chmed-codesystem-cdtyp9</code></p><table class=\"grid\"><tr><td><b>Source Code</b></td><td><b>Relationship</b></td><td><b>Target Code</b></td><td><b>Comment</b></td></tr><tr><td>Bq (Becquerel)</td><td><a href=\"http://hl7.org/fhir/extensions/5.1.0/CodeSystem-concept-map-equivalence.html#equal\" title=\"equal\">is equal to</a></td><td>Bq</td><td/></tr><tr><td>kBq (kiloBecquerel)</td><td><a href=\"http://hl7.org/fhir/extensions/5.1.0/CodeSystem-concept-map-equivalence.html#equal\" title=\"equal\">is equal to</a></td><td>kBq</td><td/></tr><tr><td>MBq (megaBecquerel)</td><td><a href=\"http://hl7.org/fhir/extensions/5.1.0/CodeSystem-concept-map-equivalence.html#equal\" title=\"equal\">is equal to</a></td><td>MBq</td><td/></tr><tr><td>GBq (gigaBecquerel)</td><td><a href=\"http://hl7.org/fhir/extensions/5.1.0/CodeSystem-concept-map-equivalence.html#equal\" title=\"equal\">is equal to</a></td><td>GBq</td><td/></tr><tr><td>% (percent)</td><td><a href=\"http://hl7.org/fhir/extensions/5.1.0/CodeSystem-concept-map-equivalence.html#equal\" title=\"equal\">is equal to</a></td><td>%</td><td/></tr><tr><td>ng (nanogram)</td><td><a href=\"http://hl7.org/fhir/extensions/5.1.0/CodeSystem-concept-map-equivalence.html#equal\" title=\"equal\">is equal to</a></td><td>ng</td><td/></tr><tr><td>ug (microgram)</td><td><a href=\"http://hl7.org/fhir/extensions/5.1.0/CodeSystem-concept-map-equivalence.html#equal\" title=\"equal\">is equal to</a></td><td>mcg</td><td/></tr><tr><td>mg (milligram)</td><td><a href=\"http://hl7.org/fhir/extensions/5.1.0/CodeSystem-concept-map-equivalence.html#equal\" title=\"equal\">is equal to</a></td><td>mg</td><td/></tr><tr><td>g (gram)</td><td><a href=\"http://hl7.org/fhir/extensions/5.1.0/CodeSystem-concept-map-equivalence.html#equal\" title=\"equal\">is equal to</a></td><td>g</td><td/></tr><tr><td>kg (kilogram)</td><td><a href=\"http://hl7.org/fhir/extensions/5.1.0/CodeSystem-concept-map-equivalence.html#equal\" title=\"equal\">is equal to</a></td><td>kg</td><td/></tr><tr><td>kcal (kilocalorie)</td><td><a href=\"http://hl7.org/fhir/extensions/5.1.0/CodeSystem-concept-map-equivalence.html#equal\" title=\"equal\">is equal to</a></td><td>kcal</td><td/></tr><tr><td>kJ (kilojoule)</td><td><a href=\"http://hl7.org/fhir/extensions/5.1.0/CodeSystem-concept-map-equivalence.html#equal\" title=\"equal\">is equal to</a></td><td>kJ</td><td/></tr><tr><td>meq (milliequivalent)</td><td colspan=\"3\" style=\"background-color: #efefef\">(not mapped)</td></tr><tr><td>nmol (nanomole)</td><td><a href=\"http://hl7.org/fhir/extensions/5.1.0/CodeSystem-concept-map-equivalence.html#equal\" title=\"equal\">is equal to</a></td><td>nmol</td><td/></tr><tr><td>umol (micromole)</td><td><a href=\"http://hl7.org/fhir/extensions/5.1.0/CodeSystem-concept-map-equivalence.html#equal\" title=\"equal\">is equal to</a></td><td>mcmol</td><td/></tr><tr><td>mmol (millimole)</td><td><a href=\"http://hl7.org/fhir/extensions/5.1.0/CodeSystem-concept-map-equivalence.html#equal\" title=\"equal\">is equal to</a></td><td>mmol</td><td/></tr><tr><td>mol (mole)</td><td><a href=\"http://hl7.org/fhir/extensions/5.1.0/CodeSystem-concept-map-equivalence.html#equal\" title=\"equal\">is equal to</a></td><td>mol</td><td/></tr><tr><td>nL (nanoliter)</td><td colspan=\"3\" style=\"background-color: #efefef\">(not mapped)</td></tr><tr><td>uL (microliter)</td><td><a href=\"http://hl7.org/fhir/extensions/5.1.0/CodeSystem-concept-map-equivalence.html#equal\" title=\"equal\">is equal to</a></td><td>mcl</td><td/></tr><tr><td>mL (milliliter)</td><td><a href=\"http://hl7.org/fhir/extensions/5.1.0/CodeSystem-concept-map-equivalence.html#equal\" title=\"equal\">is equal to</a></td><td>ml</td><td/></tr><tr><td>L (liter)</td><td><a href=\"http://hl7.org/fhir/extensions/5.1.0/CodeSystem-concept-map-equivalence.html#equal\" title=\"equal\">is equal to</a></td><td>L</td><td/></tr><tr><td>mm2 (square millimeter)</td><td colspan=\"3\" style=\"background-color: #efefef\">(not mapped)</td></tr><tr><td>cm (centimeter)</td><td colspan=\"3\" style=\"background-color: #efefef\">(not mapped)</td></tr><tr><td>cm2 (square centimeter)</td><td colspan=\"3\" style=\"background-color: #efefef\">(not mapped)</td></tr><tr><td>cm3 (cubic centimeter)</td><td><a href=\"http://hl7.org/fhir/extensions/5.1.0/CodeSystem-concept-map-equivalence.html#equivalent\" title=\"equivalent\">is equivalent to</a></td><td>ml</td><td>Although CdTyp9 has no code for cubic centimeter, 1 cubic centimeter is equivalent to 1 milliliter, which is present.</td></tr><tr><td>[tbs_m] (tablespoon - metric)</td><td><a href=\"http://hl7.org/fhir/extensions/5.1.0/CodeSystem-concept-map-equivalence.html#equal\" title=\"equal\">is equal to</a></td><td>EL</td><td>Esslöffel (EL) is the German translation of the metric tablespoon.</td></tr><tr><td>10*6.[iU] (MillionInternationalUnit)</td><td><a href=\"http://hl7.org/fhir/extensions/5.1.0/CodeSystem-concept-map-equivalence.html#equal\" title=\"equal\">is equal to</a></td><td>Mio UI</td><td/></tr><tr><td>[ppm] (Parts Per Million)</td><td colspan=\"3\" style=\"background-color: #efefef\">(not mapped)</td></tr><tr><td>[tsp_m] (teaspoon - metric)</td><td><a href=\"http://hl7.org/fhir/extensions/5.1.0/CodeSystem-concept-map-equivalence.html#equal\" title=\"equal\">is equal to</a></td><td>TL</td><td>Teelöffel (TL) is the German translation of the metric teaspoon.</td></tr><tr><td>[iU] (international unit)</td><td><a href=\"http://hl7.org/fhir/extensions/5.1.0/CodeSystem-concept-map-equivalence.html#equal\" title=\"equal\">is equal to</a></td><td>UI</td><td/></tr><tr><td>[CFU] (Colony Forming Units)</td><td colspan=\"3\" style=\"background-color: #efefef\">(not mapped)</td></tr></table></div>"
  },
  "url" : "http://fhir.ch/ig/ch-emed-epr/ConceptMap/CHEMEDEPRAmountQuantityUnitCodeToCdTyp9",
  "version" : "2.0.0",
  "name" : "CHEMEDEPRAmountQuantityUnitCodeToCdTyp9",
  "title" : "CHEMEDEPRAmountQuantityUnitCode -> CdTyp9",
  "status" : "draft",
  "experimental" : true,
  "date" : "2025-01-21T11:06:41+00:00",
  "publisher" : "CARA",
  "contact" : [{
    "name" : "CARA",
    "telecom" : [{
      "system" : "url",
      "value" : "https://www.cara.ch"
    }]
  }],
  "description" : "Mapping from CHEMEDEPRAmountQuantityUnitCode codes to HCI CdTyp9 unit codes.",
  "jurisdiction" : [{
    "coding" : [{
      "system" : "urn:iso:std:iso:3166",
      "code" : "CH",
      "display" : "Switzerland"
    }]
  }],
  "copyright" : "CC0-1.0",
  "sourceCanonical" : "http://fhir.ch/ig/ch-emed-epr/ValueSet/ch-emed-epr-amount-quantity-unit-code",
  "targetUri" : "http://chmed.emediplan.ch/fhir/CodeSystem/chmed-codesystem-cdtyp9",
  "group" : [{
    "source" : "http://snomed.info/sct",
    "target" : "http://chmed.emediplan.ch/fhir/CodeSystem/chmed-codesystem-cdtyp9",
    "element" : [{
      "code" : "732981002",
      "display" : "Actuation (unit of presentation)",
      "target" : [{
        "code" : "Hub",
        "equivalence" : "equivalent",
        "comment" : "In the context of drug administration, \"Hub\" in German often refers to the actuation or dose delivered by a medical device, such as a pump or a spray. In the case of an inhaler or nasal spray, a Hub refers to the quantity of medication released in one spray or actuation. For an insulin pump or other infusion devices, Hub can denote a specific unit of the medication delivered per pump cycle or actuation."
      }]
    },
    {
      "code" : "732978007",
      "display" : "Ampule (unit of presentation)",
      "target" : [{
        "equivalence" : "unmatched"
      }]
    },
    {
      "code" : "413568008",
      "display" : "Application - unit of product usage (qualifier value)",
      "target" : [{
        "code" : "Appl",
        "equivalence" : "equal"
      }]
    },
    {
      "code" : "732980001",
      "display" : "Applicator (unit of presentation)",
      "target" : [{
        "equivalence" : "unmatched"
      }]
    },
    {
      "code" : "732982009",
      "display" : "Bag (unit of presentation)",
      "target" : [{
        "code" : "Btl",
        "equivalence" : "inexact",
        "comment" : "In HCI's code system, there is no equivalent for a bag (or French poche), e.g. an infusion bag. The broader German term Beutel is instead used for single dose sachets."
      }]
    },
    {
      "code" : "732983004",
      "display" : "Barrel (unit of presentation)",
      "target" : [{
        "equivalence" : "unmatched"
      }]
    },
    {
      "code" : "732984005",
      "display" : "Blister (unit of presentation)",
      "target" : [{
        "code" : "Blist",
        "equivalence" : "equal"
      }]
    },
    {
      "code" : "732985006",
      "display" : "Block (unit of presentation)",
      "target" : [{
        "equivalence" : "unmatched"
      }]
    },
    {
      "code" : "732986007",
      "display" : "Bottle (unit of presentation)",
      "target" : [{
        "code" : "Fl",
        "equivalence" : "equal"
      }]
    },
    {
      "code" : "732987003",
      "display" : "Cachet (unit of presentation)",
      "target" : [{
        "equivalence" : "unmatched"
      }]
    },
    {
      "code" : "732937005",
      "display" : "Capsule (unit of presentation)",
      "target" : [{
        "equivalence" : "unmatched"
      }]
    },
    {
      "code" : "732988008",
      "display" : "Cartridge (unit of presentation)",
      "target" : [{
        "code" : "Patr",
        "equivalence" : "equal"
      }]
    },
    {
      "code" : "732989000",
      "display" : "Chewing gum (unit of presentation)",
      "target" : [{
        "equivalence" : "unmatched"
      }]
    },
    {
      "code" : "732990009",
      "display" : "Container (unit of presentation)",
      "target" : [{
        "equivalence" : "unmatched"
      }]
    },
    {
      "code" : "732991008",
      "display" : "Cup (unit of presentation)",
      "target" : [{
        "code" : "MB",
        "equivalence" : "specializes",
        "comment" : "Messbecher is more specifically a measuring cup."
      }]
    },
    {
      "code" : "732992001",
      "display" : "Cylinder (unit of presentation)",
      "target" : [{
        "equivalence" : "unmatched"
      }]
    },
    {
      "code" : "732993006",
      "display" : "Dressing (unit of presentation)",
      "target" : [{
        "equivalence" : "unmatched"
      }]
    },
    {
      "code" : "732994000",
      "display" : "Drop (unit of presentation)",
      "target" : [{
        "code" : "gtt",
        "equivalence" : "equal"
      }]
    },
    {
      "code" : "732995004",
      "display" : "Film (unit of presentation)",
      "target" : [{
        "equivalence" : "unmatched"
      }]
    },
    {
      "code" : "732996003",
      "display" : "Implant (unit of presentation)",
      "target" : [{
        "equivalence" : "unmatched"
      }]
    },
    {
      "code" : "732997007",
      "display" : "Inhaler (unit of presentation)",
      "target" : [{
        "equivalence" : "unmatched"
      }]
    },
    {
      "code" : "732998002",
      "display" : "Insert (unit of presentation)",
      "target" : [{
        "equivalence" : "unmatched"
      }]
    },
    {
      "code" : "732999005",
      "display" : "Jar (unit of presentation)",
      "target" : [{
        "equivalence" : "unmatched"
      }]
    },
    {
      "code" : "733001005",
      "display" : "Lyophilisate (unit of presentation)",
      "target" : [{
        "equivalence" : "unmatched"
      }]
    },
    {
      "code" : "733002003",
      "display" : "Matrix (unit of presentation)",
      "target" : [{
        "equivalence" : "unmatched"
      }]
    },
    {
      "code" : "733003008",
      "display" : "Pad (unit of presentation)",
      "target" : [{
        "equivalence" : "unmatched"
      }]
    },
    {
      "code" : "733004002",
      "display" : "Pastille (unit of presentation)",
      "target" : [{
        "equivalence" : "unmatched"
      }]
    },
    {
      "code" : "733005001",
      "display" : "Patch (unit of presentation)",
      "target" : [{
        "code" : "Pfl",
        "equivalence" : "subsumes",
        "comment" : "HCI's CDTyp9 contains only a general code for Plaster (translated within the code system as the more specialized patch in French, oddly enough)."
      }]
    },
    {
      "code" : "733006000",
      "display" : "Pen (unit of presentation)",
      "target" : [{
        "equivalence" : "unmatched"
      }]
    },
    {
      "code" : "733007009",
      "display" : "Pessary (unit of presentation)",
      "target" : [{
        "equivalence" : "unmatched"
      }]
    },
    {
      "code" : "733008004",
      "display" : "Pillule (unit of presentation)",
      "target" : [{
        "equivalence" : "unmatched"
      }]
    },
    {
      "code" : "733009007",
      "display" : "Pipette (unit of presentation)",
      "target" : [{
        "code" : "Dosierpip",
        "equivalence" : "specializes",
        "comment" : "A Dosierpipette (German) is more specifically a dosing pipette designed to measure and deliver precise amounts of medication."
      }]
    },
    {
      "code" : "733010002",
      "display" : "Plaster (unit of presentation)",
      "target" : [{
        "code" : "Pfl",
        "equivalence" : "equivalent"
      }]
    },
    {
      "code" : "733011003",
      "display" : "Plug (unit of presentation)",
      "target" : [{
        "equivalence" : "unmatched"
      }]
    },
    {
      "code" : "733012005",
      "display" : "Pouch (unit of presentation)",
      "target" : [{
        "code" : "Btl",
        "equivalence" : "inexact",
        "comment" : "In HCI's code system, there is no equivalent for a pouch. The broader German term Beutel is instead used for single dose sachets."
      }]
    },
    {
      "code" : "733013000",
      "display" : "Sachet (unit of presentation)",
      "target" : [{
        "code" : "Btl",
        "equivalence" : "inexact",
        "comment" : "In HCI's code system, The broader German term Beutel is instead used for single dose sachets and translated as such on its French display translation."
      }]
    },
    {
      "code" : "733014006",
      "display" : "Sponge (unit of presentation)",
      "target" : [{
        "equivalence" : "unmatched"
      }]
    },
    {
      "code" : "733015007",
      "display" : "Spoonful (unit of presentation)",
      "target" : [{
        "code" : "nML",
        "equivalence" : "equivalent",
        "comment" : "The target code is more specifically a measuring spoon (Messlöffel)."
      }]
    },
    {
      "code" : "733016008",
      "display" : "Stick (unit of presentation)",
      "target" : [{
        "equivalence" : "unmatched"
      }]
    },
    {
      "code" : "733017004",
      "display" : "Straw (unit of presentation)",
      "target" : [{
        "equivalence" : "unmatched"
      }]
    },
    {
      "code" : "733018009",
      "display" : "Strip (unit of presentation)",
      "target" : [{
        "equivalence" : "unmatched"
      }]
    },
    {
      "code" : "733019001",
      "display" : "Suppository (unit of presentation)",
      "target" : [{
        "equivalence" : "unmatched"
      }]
    },
    {
      "code" : "733020007",
      "display" : "Syringe (unit of presentation)",
      "target" : [{
        "code" : "Dosierspr",
        "equivalence" : "equivalent",
        "comment" : "The target code is more specifically a measuring or dosing syringe (Dosierspritze)."
      }]
    },
    {
      "code" : "733021006",
      "display" : "System (unit of presentation)",
      "target" : [{
        "equivalence" : "unmatched"
      }]
    },
    {
      "code" : "732936001",
      "display" : "Tablet (unit of presentation)",
      "target" : [{
        "code" : "tablet",
        "equivalence" : "equal"
      }]
    },
    {
      "code" : "733022004",
      "display" : "Tampon (unit of presentation)",
      "target" : [{
        "equivalence" : "unmatched"
      }]
    },
    {
      "code" : "733023009",
      "display" : "Thread (unit of presentation)",
      "target" : [{
        "equivalence" : "unmatched"
      }]
    },
    {
      "code" : "733024003",
      "display" : "Tube (unit of presentation)",
      "target" : [{
        "code" : "Tb",
        "equivalence" : "equal"
      }]
    },
    {
      "code" : "733025002",
      "display" : "Vessel (unit of presentation)",
      "target" : [{
        "equivalence" : "unmatched"
      }]
    },
    {
      "code" : "733026001",
      "display" : "Vial (unit of presentation)",
      "target" : [{
        "equivalence" : "unmatched"
      }]
    },
    {
      "code" : "408102007",
      "display" : "Dose",
      "target" : [{
        "code" : "Dos",
        "equivalence" : "equal"
      }]
    },
    {
      "code" : "396186001",
      "display" : "(the number ten for arbitrary powers ^ 6) * Unit",
      "target" : [{
        "code" : "Mio U",
        "equivalence" : "equal",
        "comment" : "CdTyp9 has two codes for a million units: \"Mio U\" and \"MU\" (labeled as Millionen Einheiten).\nSince MU could bring some confusion, as it is also stands for Measurement Unit in English, with a different meaning, CdTyp9's \"Mio U\" is preferred by this concept map."
      },
      {
        "code" : "MU",
        "equivalence" : "equal",
        "comment" : "CdTyp9 has two codes for a million units: \"Mio U\" and \"MU\" (labeled as Millionen Einheiten).\nSince MU could bring some confusion, as it is also stands for Measurement Unit in English, with a different meaning, CdTyp9's \"Mio U\" is preferred by this concept map."
      }]
    },
    {
      "code" : "1681000175101",
      "display" : "Package",
      "target" : [{
        "code" : "Pck",
        "equivalence" : "equal"
      }]
    },
    {
      "code" : "2011000175108",
      "display" : "Thousand Per * Unit",
      "target" : [{
        "code" : "TU",
        "equivalence" : "equal"
      }]
    },
    {
      "code" : "767525000",
      "display" : "Unit",
      "target" : [{
        "code" : "U",
        "equivalence" : "equal",
        "comment" : "CdTyp9 has two codes for unit, E for German Einheit and U for French unité (or English unit). This concept map suggests using U for coherence also with English."
      },
      {
        "code" : "E",
        "equivalence" : "equal",
        "comment" : "CdTyp9 has two codes for unit, E for German Einheit and U for French unité (or English unit). This concept map suggests using U for coherence also with English."
      }]
    },
    {
      "code" : "246205007",
      "display" : "Quantity",
      "target" : [{
        "code" : "Stk",
        "equivalence" : "inexact",
        "comment" : "Stk stands for Stück which could be translated as piece. CH EMED 5.0.0 removed the unit piece and replaced it with the SNOMED code for quantity. See https://github.com/hl7ch/ch-emed/issues/252 for reasoning."
      }]
    }]
  },
  {
    "source" : "http://unitsofmeasure.org",
    "target" : "http://chmed.emediplan.ch/fhir/CodeSystem/chmed-codesystem-cdtyp9",
    "element" : [{
      "code" : "Bq",
      "display" : "Becquerel",
      "target" : [{
        "code" : "Bq",
        "equivalence" : "equal"
      }]
    },
    {
      "code" : "kBq",
      "display" : "kiloBecquerel",
      "target" : [{
        "code" : "kBq",
        "equivalence" : "equal"
      }]
    },
    {
      "code" : "MBq",
      "display" : "megaBecquerel",
      "target" : [{
        "code" : "MBq",
        "equivalence" : "equal"
      }]
    },
    {
      "code" : "GBq",
      "display" : "gigaBecquerel",
      "target" : [{
        "code" : "GBq",
        "equivalence" : "equal"
      }]
    },
    {
      "code" : "%",
      "display" : "percent",
      "target" : [{
        "code" : "%",
        "equivalence" : "equal"
      }]
    },
    {
      "code" : "ng",
      "display" : "nanogram",
      "target" : [{
        "code" : "ng",
        "equivalence" : "equal"
      }]
    },
    {
      "code" : "ug",
      "display" : "microgram",
      "target" : [{
        "code" : "mcg",
        "equivalence" : "equal"
      }]
    },
    {
      "code" : "mg",
      "display" : "milligram",
      "target" : [{
        "code" : "mg",
        "equivalence" : "equal"
      }]
    },
    {
      "code" : "g",
      "display" : "gram",
      "target" : [{
        "code" : "g",
        "equivalence" : "equal"
      }]
    },
    {
      "code" : "kg",
      "display" : "kilogram",
      "target" : [{
        "code" : "kg",
        "equivalence" : "equal"
      }]
    },
    {
      "code" : "kcal",
      "display" : "kilocalorie",
      "target" : [{
        "code" : "kcal",
        "equivalence" : "equal"
      }]
    },
    {
      "code" : "kJ",
      "display" : "kilojoule",
      "target" : [{
        "code" : "kJ",
        "equivalence" : "equal"
      }]
    },
    {
      "code" : "meq",
      "display" : "milliequivalent",
      "target" : [{
        "equivalence" : "unmatched"
      }]
    },
    {
      "code" : "nmol",
      "display" : "nanomole",
      "target" : [{
        "code" : "nmol",
        "equivalence" : "equal"
      }]
    },
    {
      "code" : "umol",
      "display" : "micromole",
      "target" : [{
        "code" : "mcmol",
        "equivalence" : "equal"
      }]
    },
    {
      "code" : "mmol",
      "display" : "millimole",
      "target" : [{
        "code" : "mmol",
        "equivalence" : "equal"
      }]
    },
    {
      "code" : "mol",
      "display" : "mole",
      "target" : [{
        "code" : "mol",
        "equivalence" : "equal"
      }]
    },
    {
      "code" : "nL",
      "display" : "nanoliter",
      "target" : [{
        "equivalence" : "unmatched",
        "comment" : "Although CdTyp9 has no code for nanoliter, other units of volume, e.g. liter, are present and can be used by applying a transformation to the value."
      }]
    },
    {
      "code" : "uL",
      "display" : "microliter",
      "target" : [{
        "code" : "mcl",
        "equivalence" : "equal"
      }]
    },
    {
      "code" : "mL",
      "display" : "milliliter",
      "target" : [{
        "code" : "ml",
        "equivalence" : "equal"
      }]
    },
    {
      "code" : "L",
      "display" : "liter",
      "target" : [{
        "code" : "L",
        "equivalence" : "equal"
      }]
    },
    {
      "code" : "mm2",
      "display" : "square millimeter",
      "target" : [{
        "equivalence" : "unmatched"
      }]
    },
    {
      "code" : "cm",
      "display" : "centimeter",
      "target" : [{
        "equivalence" : "unmatched"
      }]
    },
    {
      "code" : "cm2",
      "display" : "square centimeter",
      "target" : [{
        "equivalence" : "unmatched"
      }]
    },
    {
      "code" : "cm3",
      "display" : "cubic centimeter",
      "target" : [{
        "code" : "ml",
        "equivalence" : "equivalent",
        "comment" : "Although CdTyp9 has no code for cubic centimeter, 1 cubic centimeter is equivalent to 1 milliliter, which is present."
      }]
    },
    {
      "code" : "[tbs_m]",
      "display" : "tablespoon - metric",
      "target" : [{
        "code" : "EL",
        "equivalence" : "equal",
        "comment" : "Esslöffel (EL) is the German translation of the metric tablespoon."
      }]
    },
    {
      "code" : "10*6.[iU]",
      "display" : "MillionInternationalUnit",
      "target" : [{
        "code" : "Mio UI",
        "equivalence" : "equal"
      }]
    },
    {
      "code" : "[ppm]",
      "display" : "Parts Per Million",
      "target" : [{
        "equivalence" : "unmatched"
      }]
    },
    {
      "code" : "[tsp_m]",
      "display" : "teaspoon - metric",
      "target" : [{
        "code" : "TL",
        "equivalence" : "equal",
        "comment" : "Teelöffel (TL) is the German translation of the metric teaspoon."
      }]
    },
    {
      "code" : "[iU]",
      "display" : "international unit",
      "target" : [{
        "code" : "UI",
        "equivalence" : "equal"
      }]
    },
    {
      "code" : "[CFU]",
      "display" : "Colony Forming Units",
      "target" : [{
        "equivalence" : "unmatched"
      }]
    }]
  }]
}