{
  "resourceType" : "Medication",
  "id" : "MedicationRamipril",
  "meta" : {
    "profile" : ["http://fhir.ch/ig/ch-emed-epr/StructureDefinition/ch-emed-epr-medication"]
  },
  "language" : "fr-CH",
  "text" : {
    "status" : "generated",
    "div" : "<div xmlns=\"http://www.w3.org/1999/xhtml\" xml:lang=\"fr-CH\" lang=\"fr-CH\"><p class=\"res-header-id\"><b>Generated Narrative: Medication MedicationRamipril</b></p><a name=\"MedicationRamipril\"> </a><a name=\"hcMedicationRamipril\"> </a><a name=\"MedicationRamipril-en-US\"> </a><div style=\"display: inline-block; background-color: #d9e0e7; padding: 6px; margin: 4px; border: 1px solid #8da1b4; border-radius: 5px; line-height: 60%\"><p style=\"margin-bottom: 0px\">Language: fr-CH</p><p style=\"margin-bottom: 0px\">Profile: <a href=\"StructureDefinition-ch-emed-epr-medication.html\">CH EMED EPR Medication</a></p></div><p><b>code</b>: <span title=\"Codes:{urn:oid:2.51.1.1 7680658950037}, {http://www.whocc.no/atc C09AA05}\">RAMIPRIL Mepha cpr 2.5 mg</span></p><p><b>form</b>: <span title=\"Codes:{urn:oid:0.4.0.127.0.16.1.1.2.1 10221000}\">Comprimé pelliculé</span></p><p><b>amount</b>: 20 comprimé<span style=\"background: LightGoldenRodYellow\"> (Details: SNOMED CT  code732936001 = 'Tablet (unit of presentation)')</span>/1 plaquette<span style=\"background: LightGoldenRodYellow\"> (Details: SNOMED CT  code732984005 = 'Blister (unit of presentation)')</span></p><blockquote><p><b>ingredient</b></p><p><b>item</b>: <span title=\"Codes:{http://snomed.info/sct 386872004}\">Ramipril</span></p><p><b>isActive</b>: true</p><p><b>strength</b>: 2.5 mg<span style=\"background: LightGoldenRodYellow\"> (Details: UCUM  codemg = 'mg')</span>/1 comprimé<span style=\"background: LightGoldenRodYellow\"> (Details: SNOMED CT  code732936001 = 'Tablet (unit of presentation)')</span></p></blockquote><blockquote><p><b>ingredient</b></p><p><b>item</b>: <span title=\"Codes:{http://snomed.info/sct 47703008}\">Lactose monohydraté</span></p><p><b>isActive</b>: false</p><p><b>strength</b>: 158.8 mg<span style=\"background: LightGoldenRodYellow\"> (Details: UCUM  codemg = 'mg')</span>/1 comprimé<span style=\"background: LightGoldenRodYellow\"> (Details: SNOMED CT  code732936001 = 'Tablet (unit of presentation)')</span></p></blockquote><blockquote><p><b>ingredient</b></p><p><b>item</b>: <span title=\"Codes:\">Amidon prégélatinisé</span></p><p><b>isActive</b>: false</p></blockquote><blockquote><p><b>ingredient</b></p><p><b>item</b>: <span title=\"Codes:\">Oxyde de fer jaune (E 172)</span></p><p><b>isActive</b>: false</p></blockquote><blockquote><p><b>ingredient</b></p><p><b>item</b>: <span title=\"Codes:\">Croscarmellose sodique</span></p><p><b>isActive</b>: false</p></blockquote><blockquote><p><b>ingredient</b></p><p><b>item</b>: <span title=\"Codes:{http://snomed.info/sct 387319002}\">Bicarbonate de sodium</span></p><p><b>isActive</b>: false</p><p><b>strength</b>: 1.16 mg<span style=\"background: LightGoldenRodYellow\"> (Details: UCUM  codemg = 'mg')</span>/1 comprimé<span style=\"background: LightGoldenRodYellow\"> (Details: SNOMED CT  code732936001 = 'Tablet (unit of presentation)')</span></p></blockquote><blockquote><p><b>ingredient</b></p><p><b>item</b>: <span title=\"Codes:\">Fumarate de stéaryle sodique</span></p><p><b>isActive</b>: false</p></blockquote></div>"
  },
  "code" : {
    "coding" : [{
      "system" : "urn:oid:2.51.1.1",
      "code" : "7680658950037",
      "display" : "RAMIPRIL Mepha cpr 2.5 mg"
    },
    {
      "system" : "http://www.whocc.no/atc",
      "code" : "C09AA05",
      "display" : "Ramipril"
    }],
    "text" : "RAMIPRIL Mepha cpr 2.5 mg"
  },
  "form" : {
    "coding" : [{
      "system" : "urn:oid:0.4.0.127.0.16.1.1.2.1",
      "code" : "10221000",
      "display" : "Comprimé pelliculé"
    }],
    "text" : "Comprimé pelliculé"
  },
  "amount" : {
    "numerator" : {
      "value" : 20,
      "unit" : "comprimé",
      "system" : "http://snomed.info/sct",
      "code" : "732936001"
    },
    "denominator" : {
      "value" : 1,
      "unit" : "plaquette",
      "system" : "http://snomed.info/sct",
      "code" : "732984005"
    }
  },
  "ingredient" : [{
    "itemCodeableConcept" : {
      "coding" : [{
        "system" : "http://snomed.info/sct",
        "code" : "386872004",
        "display" : "Ramipril (substance)"
      }],
      "text" : "Ramipril"
    },
    "isActive" : true,
    "strength" : {
      "numerator" : {
        "value" : 2.5,
        "unit" : "mg",
        "system" : "http://unitsofmeasure.org",
        "code" : "mg"
      },
      "denominator" : {
        "value" : 1,
        "unit" : "comprimé",
        "system" : "http://snomed.info/sct",
        "code" : "732936001"
      }
    }
  },
  {
    "itemCodeableConcept" : {
      "coding" : [{
        "system" : "http://snomed.info/sct",
        "code" : "47703008",
        "display" : "Lactose (substance)"
      }],
      "text" : "Lactose monohydraté"
    },
    "isActive" : false,
    "strength" : {
      "numerator" : {
        "value" : 158.8,
        "unit" : "mg",
        "system" : "http://unitsofmeasure.org",
        "code" : "mg"
      },
      "denominator" : {
        "value" : 1,
        "unit" : "comprimé",
        "system" : "http://snomed.info/sct",
        "code" : "732936001"
      }
    }
  },
  {
    "itemCodeableConcept" : {
      "text" : "Amidon prégélatinisé"
    },
    "isActive" : false
  },
  {
    "itemCodeableConcept" : {
      "text" : "Oxyde de fer jaune (E 172)"
    },
    "isActive" : false
  },
  {
    "itemCodeableConcept" : {
      "text" : "Croscarmellose sodique"
    },
    "isActive" : false
  },
  {
    "itemCodeableConcept" : {
      "coding" : [{
        "system" : "http://snomed.info/sct",
        "code" : "387319002",
        "display" : "Sodium bicarbonate (substance)"
      }],
      "text" : "Bicarbonate de sodium"
    },
    "isActive" : false,
    "strength" : {
      "numerator" : {
        "value" : 1.16,
        "unit" : "mg",
        "system" : "http://unitsofmeasure.org",
        "code" : "mg"
      },
      "denominator" : {
        "value" : 1,
        "unit" : "comprimé",
        "system" : "http://snomed.info/sct",
        "code" : "732936001"
      }
    }
  },
  {
    "itemCodeableConcept" : {
      "text" : "Fumarate de stéaryle sodique"
    },
    "isActive" : false
  }]
}