<?xml version="1.0" encoding="UTF-8"?>

<Bundle xmlns="http://hl7.org/fhir">
  <id value="RDC04"/>
  <meta>
    <profile value="http://fhir.ch/ig/ch-vacd/StructureDefinition/ch-vacd-document-vaccination-record"/>
  </meta>
  <identifier>
    <system value="urn:ietf:rfc:3986"/>
    <value value="urn:uuid:RDC04"/>
  </identifier>
  <type value="document"/>
  <timestamp value="2021-09-11T00:00:00.390+02:00"/>
  <entry>
    <fullUrl value="http://test.fhir.ch/r4/Composition/RDC04-Composition"/>
    <resource>
      <Composition>
        <id value="RDC04-Composition"/>
        <meta>
          <profile value="http://fhir.ch/ig/ch-vacd/StructureDefinition/ch-vacd-composition-vaccination-record"/>
        </meta>
        <language value="en-US"/>
        <text>
          <status value="generated"/><div xmlns="http://www.w3.org/1999/xhtml" xml:lang="en-US" lang="en-US"><h3>Vaccination Record</h3><p><b>Id: </b>RDC04-Composition</p><p><b>Identifier: </b><span>urn:ietf:rfc:3986#urn:uuid:09cb062b-ae01-44c8-9814-eca4c8e1b90c</span></p><p><b>Status: </b>Final</p><p><b>Code: </b><span>Immunization record (http://snomed.info/sct#41000179103)</span></p><p><b>Patient: </b><a href="Patient-TC-patient2.html">Patient/TC-patient2</a> Knecht Lea</p><p><b>Date: </b>September 11, 2021</p><p><b>Authors:</b></p><table><tr><td><p><a href="Patient-TC-patient2.html">Patient/TC-patient2</a> Knecht Lea</p></td></tr></table><p><b>Confidentiality: </b>null<span> Normal (qualifier value) (http://snomed.info/sct#17621005)</span></p><p><b>Sections:</b></p><table><tr><td>Medical Problems</td></tr></table></div>
        </text>
        <identifier>
          <system value="urn:ietf:rfc:3986"/>
          <value value="urn:uuid:09cb062b-ae01-44c8-9814-eca4c8e1b90c"/>
        </identifier>
        <status value="final"/>
        <type>
          <coding>
            <system value="http://snomed.info/sct"/>
            <code value="41000179103"/>
            <display value="Immunization record"/>
          </coding>
        </type>
        <subject>
          <reference value="Patient/TC-patient2"/>
        </subject>
        <date value="2021-09-11T00:00:00.390+02:00"/>
        <author>
          <reference value="Patient/TC-patient2"/>
        </author>
        <title value="Vaccination Record"/>
        <confidentiality value="N">
          <extension url="http://fhir.ch/ig/ch-core/StructureDefinition/ch-ext-epr-confidentialitycode">
            <valueCodeableConcept>
              <coding>
                <system value="http://snomed.info/sct"/>
                <code value="17621005"/>
                <display value="Normal (qualifier value)"/>
              </coding>
            </valueCodeableConcept>
          </extension>
        </confidentiality>
        <custodian>
          <reference value="Organization/TC-ORG1"/>
        </custodian>
        <section id="medicalproblems">
          <title value="Medical Problems"/>
          <code>
            <coding>
              <system value="http://loinc.org"/>
              <code value="11450-4"/>
              <display value="Problem list Reported"/>
            </coding>
          </code>
          <text>
            <status value="generated"/><div xmlns="http://www.w3.org/1999/xhtml" xml:lang="en-US" lang="en-US"><p><b>Code: </b><span>Problem list Reported (http://loinc.org#11450-4)</span></p><p><b>Entries:</b></p><table><tr><td><a href="Condition-TCC04-EXPRISK3.html">Condition/TCC04-EXPRISK3</a></td></tr></table></div>
          </text>
          <entry>
            <reference value="Condition/TCC04-EXPRISK3"/>
          </entry>
        </section>
      </Composition>
    </resource>
  </entry>
  <entry>
    <fullUrl value="http://test.fhir.ch/r4/Patient/TC-patient2"/>
    <resource>
      <Patient>
        <id value="TC-patient2"/>
        <meta>
          <profile value="http://fhir.ch/ig/ch-core/StructureDefinition/ch-core-patient-epr"/>
        </meta>
        <text>
          <status value="generated"/><div xmlns="http://www.w3.org/1999/xhtml"><p><b>Generated Narrative: Patient</b><a name="TC-patient2"> </a></p><div style="display: inline-block; background-color: #d9e0e7; padding: 6px; margin: 4px; border: 1px solid #8da1b4; border-radius: 5px; line-height: 60%"><p style="margin-bottom: 0px">Resource Patient &quot;TC-patient2&quot; </p><p style="margin-bottom: 0px">Profile: <a href="http://fhir.ch/ig/ch-core/4.0.1/StructureDefinition-ch-core-patient-epr.html">CH Core Patient EPR</a></p></div><p><b>identifier</b>: Medical record number: 987654</p><p><b>name</b>: Lea Knecht </p><p><b>telecom</b>: ph: tel:+41.32.685.45.67(HOME)</p><p><b>gender</b>: female</p><p><b>birthDate</b>: 1992-05-14</p><p><b>address</b>: Mustergasse 99 Specimendorf 9876 CH </p></div>
        </text>
        <identifier>
          <type>
            <coding>
              <system value="http://terminology.hl7.org/CodeSystem/v2-0203"/>
              <code value="MR"/>
            </coding>
          </type>
          <system value="urn:oid:1.2.3.4"/>
          <value value="987654"/>
        </identifier>
        <name>
          <family value="Knecht"/>
          <given value="Lea"/>
        </name>
        <telecom>
          <system value="phone"/>
          <value value="tel:+41.32.685.45.67"/>
          <use value="home"/>
        </telecom>
        <gender value="female"/>
        <birthDate value="1992-05-14"/>
        <address>
          <type value="both"/>
          <line value="Mustergasse 99"/>
          <city value="Specimendorf"/>
          <postalCode value="9876"/>
          <country value="CH"/>
        </address>
      </Patient>
    </resource>
  </entry>
  <entry>
    <fullUrl value="http://test.fhir.ch/r4/Practitioner/TC-HCP1-C1"/>
    <resource>
      <Practitioner>
        <id value="TC-HCP1-C1"/>
        <meta>
          <profile value="http://fhir.ch/ig/ch-core/StructureDefinition/ch-core-practitioner-epr"/>
        </meta>
        <text>
          <status value="generated"/><div xmlns="http://www.w3.org/1999/xhtml"><p><b>Generated Narrative: Practitioner</b><a name="TC-HCP1-C1"> </a></p><div style="display: inline-block; background-color: #d9e0e7; padding: 6px; margin: 4px; border: 1px solid #8da1b4; border-radius: 5px; line-height: 60%"><p style="margin-bottom: 0px">Resource Practitioner &quot;TC-HCP1-C1&quot; </p><p style="margin-bottom: 0px">Profile: <a href="http://fhir.ch/ig/ch-core/4.0.1/StructureDefinition-ch-core-practitioner-epr.html">CH Core Practitioner EPR</a></p></div><p><b>identifier</b>: id: 7601888888884</p><p><b>active</b>: true</p><p><b>name</b>: Peter Müller </p><p><b>telecom</b>: ph: tel:+41.32.234.55.66(WORK), fax: fax:+41.32.234.55.67(WORK), <a href="mailto:mailto:allzeit.bereit@gruppenpraxis.ch">mailto:allzeit.bereit@gruppenpraxis.ch</a>, <a href="http://www.gruppenpraxis.ch">http://www.gruppenpraxis.ch</a></p><p><b>address</b>: Grabenstrasse 2 Zürich 8005 CH </p></div>
        </text>
        <identifier>
          <system value="urn:oid:2.51.1.3"/>
          <value value="7601888888884"/>
        </identifier>
        <active value="true"/>
        <name>
          <family value="Müller"/>
          <given value="Peter"/>
          <prefix value="Dr. med."/>
        </name>
        <telecom>
          <system value="phone"/>
          <value value="tel:+41.32.234.55.66"/>
          <use value="work"/>
        </telecom>
        <telecom>
          <system value="fax"/>
          <value value="fax:+41.32.234.55.67"/>
          <use value="work"/>
        </telecom>
        <telecom>
          <system value="email"/>
          <value value="mailto:allzeit.bereit@gruppenpraxis.ch"/>
          <use value="work"/>
        </telecom>
        <telecom>
          <system value="url"/>
          <value value="http://www.gruppenpraxis.ch"/>
          <use value="work"/>
        </telecom>
        <address>
          <type value="physical"/>
          <line value="Grabenstrasse 2"/>
          <city value="Zürich"/>
          <postalCode value="8005"/>
          <country value="CH"/>
        </address>
      </Practitioner>
    </resource>
  </entry>
  <entry>
    <fullUrl value="http://test.fhir.ch/r4/Organization/TC-ORG1"/>
    <resource>
      <Organization>
        <id value="TC-ORG1"/>
        <meta>
          <profile value="http://fhir.ch/ig/ch-core/StructureDefinition/ch-core-organization-epr"/>
        </meta>
        <text>
          <status value="generated"/><div xmlns="http://www.w3.org/1999/xhtml"><p><b>Generated Narrative: Organization</b><a name="TC-ORG1"> </a></p><div style="display: inline-block; background-color: #d9e0e7; padding: 6px; margin: 4px; border: 1px solid #8da1b4; border-radius: 5px; line-height: 60%"><p style="margin-bottom: 0px">Resource Organization &quot;TC-ORG1&quot; </p><p style="margin-bottom: 0px">Profile: <a href="http://fhir.ch/ig/ch-core/4.0.1/StructureDefinition-ch-core-organization-epr.html">CH Core Organization EPR</a></p></div><p><b>identifier</b>: id: 7601777777718</p><p><b>name</b>: Gruppenpraxis Müller</p><p><b>telecom</b>: ph: tel:+41.32.234.55.66(WORK), fax: fax:+41.32.234.55.67(WORK), <a href="mailto:mailto:bereit@gruppenpraxis.ch">mailto:bereit@gruppenpraxis.ch</a>, <a href="http://www.gruppenpraxis.ch">http://www.gruppenpraxis.ch</a></p><p><b>address</b>: Grabenstrasse 2 Zürich ZH 8005 CH </p></div>
        </text>
        <identifier>
          <system value="urn:oid:2.51.1.3"/>
          <value value="7601777777718"/>
        </identifier>
        <name value="Gruppenpraxis Müller"/>
        <telecom>
          <system value="phone"/>
          <value value="tel:+41.32.234.55.66"/>
          <use value="work"/>
        </telecom>
        <telecom>
          <system value="fax"/>
          <value value="fax:+41.32.234.55.67"/>
          <use value="work"/>
        </telecom>
        <telecom>
          <system value="email"/>
          <value value="mailto:bereit@gruppenpraxis.ch"/>
          <use value="work"/>
        </telecom>
        <telecom>
          <system value="url"/>
          <value value="http://www.gruppenpraxis.ch"/>
          <use value="work"/>
        </telecom>
        <address>
          <line value="Grabenstrasse 2"/>
          <city value="Zürich"/>
          <state value="ZH"/>
          <postalCode value="8005"/>
          <country value="CH"/>
        </address>
      </Organization>
    </resource>
  </entry>
  <entry>
    <fullUrl value="http://test.fhir.ch/r4/PractitionerRole/TC-HCP1-ORG1-ROLE-author"/>
    <resource>
      <PractitionerRole>
        <id value="TC-HCP1-ORG1-ROLE-author"/>
        <meta>
          <profile value="http://fhir.ch/ig/ch-core/StructureDefinition/ch-core-practitionerrole-epr"/>
        </meta>
        <text>
          <status value="generated"/><div xmlns="http://www.w3.org/1999/xhtml"><p><b>Generated Narrative: PractitionerRole</b><a name="TC-HCP1-ORG1-ROLE-author"> </a></p><div style="display: inline-block; background-color: #d9e0e7; padding: 6px; margin: 4px; border: 1px solid #8da1b4; border-radius: 5px; line-height: 60%"><p style="margin-bottom: 0px">Resource PractitionerRole &quot;TC-HCP1-ORG1-ROLE-author&quot; </p><p style="margin-bottom: 0px">Profile: <a href="http://fhir.ch/ig/ch-core/4.0.1/StructureDefinition-ch-core-practitionerrole-epr.html">CH Core PractitionerRole EPR</a></p></div><p><b>active</b>: true</p><p><b>practitioner</b>: <a href="#Practitioner_TC-HCP1-C1">See above (Practitioner/TC-HCP1-C1)</a></p><p><b>organization</b>: <a href="#Organization_TC-ORG1">See above (Organization/TC-ORG1)</a></p></div>
        </text>
        <active value="true"/>
        <practitioner>
          <reference value="Practitioner/TC-HCP1-C1"/>
        </practitioner>
        <organization>
          <reference value="Organization/TC-ORG1"/>
        </organization>
      </PractitionerRole>
    </resource>
  </entry>
  <entry>
    <fullUrl value="http://test.fhir.ch/r4/Condition/TCC04-EXPRISK3"/>
    <resource>
      <Condition>
        <id value="TCC04-EXPRISK3"/>
        <meta>
          <profile value="http://fhir.ch/ig/ch-vacd/StructureDefinition/ch-vacd-medical-problems"/>
        </meta>
        <text>
          <status value="generated"/><div xmlns="http://www.w3.org/1999/xhtml"><p><b>Generated Narrative: Condition</b><a name="TCC04-EXPRISK3"> </a></p><div style="display: inline-block; background-color: #d9e0e7; padding: 6px; margin: 4px; border: 1px solid #8da1b4; border-radius: 5px; line-height: 60%"><p style="margin-bottom: 0px">Resource Condition &quot;TCC04-EXPRISK3&quot; </p><p style="margin-bottom: 0px">Profile: <a href="StructureDefinition-ch-vacd-medical-problems.html">CH VACD Medical Problems</a></p></div><p><b>identifier</b>: id: dc168f1f-967c-4ff2-95ef-f8c468d67b45</p><p><b>clinicalStatus</b>: Inactive <span style="background: LightGoldenRodYellow; margin: 4px; border: 1px solid khaki"> (<a href="http://terminology.hl7.org/5.4.0/CodeSystem-condition-clinical.html">Condition Clinical Status Codes</a>#inactive)</span></p><p><b>verificationStatus</b>: Refuted <span style="background: LightGoldenRodYellow; margin: 4px; border: 1px solid khaki"> (<a href="http://terminology.hl7.org/5.4.0/CodeSystem-condition-ver-status.html">ConditionVerificationStatus</a>#refuted)</span></p><p><b>category</b>: Problem List Item <span style="background: LightGoldenRodYellow; margin: 4px; border: 1px solid khaki"> (<a href="http://terminology.hl7.org/5.4.0/CodeSystem-condition-category.html">Condition Category Codes</a>#problem-list-item)</span></p><p><b>code</b>: Animal health occupation (occupation) <span style="background: LightGoldenRodYellow; margin: 4px; border: 1px solid khaki"> (<a href="https://browser.ihtsdotools.org/">SNOMED CT</a>#265940000)</span></p><p><b>subject</b>: <a href="#Patient_TC-patient2">See above (Patient/TC-patient2)</a></p><p><b>onset</b>: 2021-08-20</p><p><b>abatement</b>: 2021-09-10</p><p><b>recordedDate</b>: 2021-09-10</p><p><b>recorder</b>: <a href="#PractitionerRole_TC-HCP1-ORG1-ROLE-author">See above (PractitionerRole/TC-HCP1-ORG1-ROLE-author)</a></p></div>
        </text>
        <identifier>
          <system value="urn:oid:2.16.756.5.30.1.402.1.3.1.1.2"/>
          <value value="dc168f1f-967c-4ff2-95ef-f8c468d67b45"/>
        </identifier>
        <clinicalStatus>
          <coding>
            <system value="http://terminology.hl7.org/CodeSystem/condition-clinical"/>
            <code value="inactive"/>
            <display value="Inactive"/>
          </coding>
        </clinicalStatus>
        <verificationStatus>
          <coding>
            <system value="http://terminology.hl7.org/CodeSystem/condition-ver-status"/>
            <code value="refuted"/>
            <display value="Refuted"/>
          </coding>
        </verificationStatus>
        <category>
          <coding>
            <system value="http://terminology.hl7.org/CodeSystem/condition-category"/>
            <code value="problem-list-item"/>
            <display value="Problem List Item"/>
          </coding>
        </category>
        <code>
          <coding>
            <system value="http://snomed.info/sct"/>
            <code value="265940000"/>
            <display value="Animal health occupation (occupation)"/>
          </coding>
        </code>
        <subject>
          <reference value="Patient/TC-patient2"/>
        </subject>
        <onsetDateTime value="2021-08-20"/>
        <abatementDateTime value="2021-09-10"/>
        <recordedDate value="2021-09-10"/>
        <recorder>
          <reference value="PractitionerRole/TC-HCP1-ORG1-ROLE-author"/>
        </recorder>
      </Condition>
    </resource>
  </entry>
</Bundle>