<?xml version="1.0" encoding="UTF-8"?>

<Condition xmlns="http://hl7.org/fhir">
  <id value="8-8-Condition"/>
  <meta>
    <profile value="http://fhir.ch/ig/ch-vacd/StructureDefinition/ch-vacd-pastillnesses"/>
  </meta>
  <text>
    <status value="generated"/><div xmlns="http://www.w3.org/1999/xhtml"><p><b>Generated Narrative: Condition</b><a name="8-8-Condition"> </a></p><div style="display: inline-block; background-color: #d9e0e7; padding: 6px; margin: 4px; border: 1px solid #8da1b4; border-radius: 5px; line-height: 60%"><p style="margin-bottom: 0px">Resource Condition &quot;8-8-Condition&quot; </p><p style="margin-bottom: 0px">Profile: <a href="StructureDefinition-ch-vacd-pastillnesses.html">CH VACD Past Illness</a></p></div><p><b>identifier</b>: id: <a href="http://terminology.hl7.org/5.4.0/NamingSystem-uri.html">#</a>urn:uuid:a8831ab5-37f5-4273-a127-4c5da6daa5ed</p><p><b>clinicalStatus</b>: Resolved <span style="background: LightGoldenRodYellow; margin: 4px; border: 1px solid khaki"> (<a href="http://terminology.hl7.org/5.4.0/CodeSystem-condition-clinical.html">Condition Clinical Status Codes</a>#resolved)</span></p><p><b>code</b>: Measles (disorder) <span style="background: LightGoldenRodYellow; margin: 4px; border: 1px solid khaki"> (<a href="https://browser.ihtsdotools.org/">SNOMED CT</a>#14189004)</span></p><p><b>subject</b>: <a href="Patient-3-2-Patient.html">Patient/3-2-Patient</a> &quot; WEGMUELLER&quot;</p><p><b>onset</b>: 1966-11-30 00:00:00+0100</p><p><b>recordedDate</b>: 1999-04-01 00:00:00+0200</p><p><b>recorder</b>: <a href="PractitionerRole-6-4-PractitionerRole.html">PractitionerRole/6-4-PractitionerRole</a></p></div>
  </text>
  <identifier>
    <system value="urn:ietf:rfc:3986"/>
    <value value="urn:uuid:a8831ab5-37f5-4273-a127-4c5da6daa5ed"/>
  </identifier>
  <clinicalStatus>
    <coding>
      <system value="http://terminology.hl7.org/CodeSystem/condition-clinical"/>
      <code value="resolved"/>
    </coding>
  </clinicalStatus>
  <code>
    <coding>
      <system value="http://snomed.info/sct"/>
      <code value="14189004"/>
      <display value="Measles (disorder)"/>
    </coding>
  </code>
  <subject>
    <reference value="Patient/3-2-Patient"/>
  </subject>
  <onsetDateTime value="1966-11-30T00:00:00+01:00"/>
  <recordedDate value="1999-04-01T00:00:00+02:00"/>
  <recorder>
    <reference value="PractitionerRole/6-4-PractitionerRole"/>
  </recorder>
</Condition>