{
  "resourceType" : "PractitionerRole",
  "id" : "869a4dd9-3a4a-4838-ad1e-42453d341147",
  "meta" : {
    "profile" : ["http://fhir.ch/ig/ch-ips/StructureDefinition/ch-ips-practitionerrole"]
  },
  "text" : {
    "status" : "generated",
    "div" : "<div xmlns=\"http://www.w3.org/1999/xhtml\"><p class=\"res-header-id\"><b>Generated Narrative: PractitionerRole 869a4dd9-3a4a-4838-ad1e-42453d341147</b></p><a name=\"869a4dd9-3a4a-4838-ad1e-42453d341147\"> </a><a name=\"hc869a4dd9-3a4a-4838-ad1e-42453d341147\"> </a><a name=\"869a4dd9-3a4a-4838-ad1e-42453d341147-en-US\"> </a><p><b>practitioner</b>: <a href=\"Bundle-UC1-SwissIpsDocument2.html#urn-uuid-4d4e3587-42eb-4921-8c87-8bbf89b7eb4b\">Bundle: identifier = UUID:fe724e67-ac59-4933-b997-2770cc506f3b; type = document; timestamp = 2024-05-03 09:30:00+0200</a></p><p><b>organization</b>: <a href=\"Bundle-UC1-SwissIpsDocument2.html#urn-uuid-a27376ce-fa12-458d-a2dc-f90e63de126b\">Bundle: identifier = UUID:fe724e67-ac59-4933-b997-2770cc506f3b; type = document; timestamp = 2024-05-03 09:30:00+0200</a></p></div>"
  },
  "practitioner" : {
    "reference" : "urn:uuid:4d4e3587-42eb-4921-8c87-8bbf89b7eb4b"
  },
  "organization" : {
    "reference" : "urn:uuid:a27376ce-fa12-458d-a2dc-f90e63de126b"
  }
}