{
  "resourceType" : "Observation",
  "id" : "ExampleObservationHb",
  "meta" : {
    "profile" : ["http://fhir.ch/ig/ch-lab-report/StructureDefinition/ch-lab-observation-results-hb"]
  },
  "text" : {
    "status" : "generated",
    "div" : "<div xmlns=\"http://www.w3.org/1999/xhtml\"><p class=\"res-header-id\"><b>Generated Narrative: Observation ExampleObservationHb</b></p><a name=\"ExampleObservationHb\"> </a><a name=\"hcExampleObservationHb\"> </a><a name=\"ExampleObservationHb-en-US\"> </a><div style=\"display: inline-block; background-color: #d9e0e7; padding: 6px; margin: 4px; border: 1px solid #8da1b4; border-radius: 5px; line-height: 60%\"><p style=\"margin-bottom: 0px\"/><p style=\"margin-bottom: 0px\">Profile: <a href=\"StructureDefinition-ch-lab-observation-results-hb.html\">CH LAB-Report Observation Results: Hemoglobin</a></p></div><p><b>status</b>: Final</p><p><b>category</b>: <span title=\"Codes:{http://terminology.hl7.org/CodeSystem/observation-category laboratory}\">Laboratory</span></p><p><b>code</b>: <span title=\"Codes:{http://loinc.org 718-7}\">Hemoglobin [Mass/volume] in Blood</span></p><p><b>subject</b>: <a href=\"Bundle-LabResultReport-1-tvt.html#urn-uuid-6b8a0365-5022-403b-a5a5-8d8680d701ef\">Hans Guggindieluft</a></p><p><b>effective</b>: 2024-04-23 11:24:26+0100</p><p><b>issued</b>: 2024-04-24 11:24:26+0100</p><p><b>performer</b>: <a href=\"Bundle-LabResultReport-1-tvt.html#urn-uuid-12328339-f7d6-4bb6-80e4-89fd03ce5052\">Eva Erlenmeyer</a></p><p><b>value</b>: 107 g/L<span style=\"background: LightGoldenRodYellow\"> (Details: UCUM  codeg/L = 'g/L')</span></p></div>"
  },
  "status" : "final",
  "category" : [{
    "coding" : [{
      "system" : "http://terminology.hl7.org/CodeSystem/observation-category",
      "code" : "laboratory"
    }]
  }],
  "code" : {
    "coding" : [{
      "system" : "http://loinc.org",
      "code" : "718-7"
    }]
  },
  "subject" : {
    "reference" : "urn:uuid:6b8a0365-5022-403b-a5a5-8d8680d701ef",
    "display" : "Hans Guggindieluft"
  },
  "effectiveDateTime" : "2024-04-23T11:24:26+01:00",
  "issued" : "2024-04-24T11:24:26+01:00",
  "performer" : [{
    "reference" : "urn:uuid:12328339-f7d6-4bb6-80e4-89fd03ce5052",
    "display" : "Eva Erlenmeyer"
  }],
  "valueQuantity" : {
    "value" : 107,
    "unit" : "g/L",
    "system" : "http://unitsofmeasure.org",
    "code" : "g/L"
  }
}