<?xml version="1.0" encoding="UTF-8"?><ValueSet xmlns="http://hl7.org/fhir"><id value="observation-code-mdrd-male-female"/><text><status value="generated"/><div xmlns="http://www.w3.org/1999/xhtml"><p class="res-header-id"><b>Generated Narrative: ValueSet observation-code-mdrd-male-female</b></p><a name="observation-code-mdrd-male-female"> </a><a name="hcobservation-code-mdrd-male-female"> </a><a name="observation-code-mdrd-male-female-en-US"> </a><ul><li>Include these codes as defined in <a href="http://loinc.org"><code>http://loinc.org</code></a><table class="none"><tr><td style="white-space:nowrap"><b>Code</b></td><td><b>Display</b></td></tr><tr><td><a href="https://loinc.org/77147-7/">77147-7</a></td><td>Glomerular filtration rate/1.73 sq M.predicted [Volume Rate/Area] in Serum, Plasma or Blood by Creatinine-based formula (MDRD)</td></tr><tr><td><a href="https://loinc.org/70969-1/">70969-1</a></td><td>Glomerular filtration rate [Volume Rate/Area] in Serum, Plasma or Blood by Creatinine-based formula (MDRD)/1.73 sq M among male population</td></tr><tr><td><a href="https://loinc.org/50044-7/">50044-7</a></td><td>Glomerular filtration rate [Volume Rate/Area] in Serum, Plasma or Blood by Creatinine-based formula (MDRD)/1.73 sq M among female population</td></tr></table></li></ul></div></text><url value="http://fhir.ch/ig/ch-lab-report/ValueSet/observation-code-mdrd-male-female"/><version value="2.0.0-ballot"/><name value="ObservationCodeMDRD"/><title value="CH LAB-Report Codes for eGFR (MDRD)"/><status value="draft"/><experimental value="false"/><date value="2025-05-22T14:08:48+00:00"/><publisher value="HL7 Switzerland"/><contact><name value="HL7 Switzerland"/><telecom><system value="url"/><value value="https://www.hl7.ch"/></telecom></contact><contact><name value="Marcel Hanselmann"/><telecom><system value="email"/><value value="laborprojektgruppe@gmail.com"/><use value="work"/></telecom></contact><description value="ValueSet for the allowed eGFR among males and eGFR among females codes"/><jurisdiction><coding><system value="urn:iso:std:iso:3166"/><code value="CH"/></coding></jurisdiction><copyright value="CC0-1.0"/><compose><include><system value="http://loinc.org"/><concept><code value="77147-7"/><display value="Glomerular filtration rate/1.73 sq M.predicted [Volume Rate/Area] in Serum, Plasma or Blood by Creatinine-based formula (MDRD)"/></concept><concept><code value="70969-1"/><display value="Glomerular filtration rate [Volume Rate/Area] in Serum, Plasma or Blood by Creatinine-based formula (MDRD)/1.73 sq M among male population"/></concept><concept><code value="50044-7"/><display value="Glomerular filtration rate [Volume Rate/Area] in Serum, Plasma or Blood by Creatinine-based formula (MDRD)/1.73 sq M among female population"/></concept></include></compose></ValueSet>