{
  "resourceType" : "Condition",
  "id" : "CaveatRenalInsufficiency",
  "meta" : {
    "profile" : ["http://fhir.ch/ig/ch-rad-order/StructureDefinition/ch-rad-order-caveat-condition"]
  },
  "text" : {
    "status" : "extensions",
    "div" : "<div xmlns=\"http://www.w3.org/1999/xhtml\"><p class=\"res-header-id\"><b>Generated Narrative: Condition CaveatRenalInsufficiency</b></p><a name=\"CaveatRenalInsufficiency\"> </a><a name=\"hcCaveatRenalInsufficiency\"> </a><div style=\"display: inline-block; background-color: #d9e0e7; padding: 6px; margin: 4px; border: 1px solid #8da1b4; border-radius: 5px; line-height: 60%\"><p style=\"margin-bottom: 0px\"/><p style=\"margin-bottom: 0px\">Profile: <a href=\"StructureDefinition-ch-rad-order-caveat-condition.html\">CH RAD-Order Caveat Condition</a></p></div><p><b>CH RAD-Order Caveat Type</b>: <a href=\"http://snomed.info/id/723188008\">SNOMED CT: 723188008</a> (Renal insufficiency (disorder))</p><p><b>CH RAD-Order Qualifier Value</b>: <a href=\"http://snomed.info/id/52101004\">SNOMED CT: 52101004</a> (Present (qualifier value))</p><p><b>clinicalStatus</b>: <span title=\"Codes:{http://terminology.hl7.org/CodeSystem/condition-clinical active}\">Active</span></p><p><b>category</b>: <span title=\"Codes:{http://terminology.hl7.org/CodeSystem/condition-category problem-list-item}\">Problem List Item</span></p><p><b>code</b>: <span title=\"Codes:{http://snomed.info/sct 723188008}\">Renal insufficiency (disorder)</span></p><p><b>subject</b>: <a href=\"Patient-PatSUfferer.html\">Susanna Ufferer (official) Female, DoB: 1945-03-14</a></p><blockquote><p><b>evidence</b></p><p><b>detail</b>: <a href=\"Observation-CaveatRenalInsufficiencyCreatinineClearance.html\">Observation Creatinine renal clearance in Urine and Serum or Plasma collected for unspecified duration</a></p></blockquote><blockquote><p><b>evidence</b></p><p><b>detail</b>: <a href=\"Observation-CaveatRenalInsufficiencyCreatinine.html\">Observation Creatinine [Moles/volume] in Serum, Plasma or Blood</a></p></blockquote></div>"
  },
  "extension" : [{
    "url" : "http://fhir.ch/ig/ch-rad-order/StructureDefinition/ch-rad-order-caveat-type",
    "valueCoding" : {
      "system" : "http://snomed.info/sct",
      "code" : "723188008",
      "display" : "Renal insufficiency (disorder)"
    }
  },
  {
    "url" : "http://fhir.ch/ig/ch-rad-order/StructureDefinition/ch-rad-order-qualifier-value",
    "valueCoding" : {
      "system" : "http://snomed.info/sct",
      "code" : "52101004",
      "display" : "Present (qualifier value)"
    }
  }],
  "clinicalStatus" : {
    "coding" : [{
      "system" : "http://terminology.hl7.org/CodeSystem/condition-clinical",
      "code" : "active"
    }]
  },
  "category" : [{
    "coding" : [{
      "system" : "http://terminology.hl7.org/CodeSystem/condition-category",
      "code" : "problem-list-item",
      "display" : "Problem List Item"
    }]
  }],
  "code" : {
    "coding" : [{
      "system" : "http://snomed.info/sct",
      "code" : "723188008",
      "display" : "Renal insufficiency (disorder)"
    }]
  },
  "subject" : {
    "reference" : "Patient/PatSUfferer"
  },
  "evidence" : [{
    "detail" : [{
      "reference" : "Observation/CaveatRenalInsufficiencyCreatinineClearance"
    }]
  },
  {
    "detail" : [{
      "reference" : "Observation/CaveatRenalInsufficiencyCreatinine"
    }]
  }]
}