{
  "resourceType" : "Observation",
  "id" : "CaveatRenalInsufficiencyCreatinine",
  "meta" : {
    "profile" : ["http://fhir.ch/ig/ch-rad-order/StructureDefinition/ch-rad-order-creatinine-observation"]
  },
  "text" : {
    "status" : "generated",
    "div" : "<div xmlns=\"http://www.w3.org/1999/xhtml\"><p class=\"res-header-id\"><b>Generated Narrative: Observation CaveatRenalInsufficiencyCreatinine</b></p><a name=\"CaveatRenalInsufficiencyCreatinine\"> </a><a name=\"hcCaveatRenalInsufficiencyCreatinine\"> </a><div style=\"display: inline-block; background-color: #d9e0e7; padding: 6px; margin: 4px; border: 1px solid #8da1b4; border-radius: 5px; line-height: 60%\"><p style=\"margin-bottom: 0px\"/><p style=\"margin-bottom: 0px\">Profile: <a href=\"StructureDefinition-ch-rad-order-creatinine-observation.html\">CH RAD-Order Creatinine Observation</a></p></div><p><b>status</b>: Final</p><p><b>code</b>: <span title=\"Codes:{http://loinc.org 77140-2}\">Creatinine [Moles/volume] in Serum, Plasma or Blood</span></p><p><b>subject</b>: <a href=\"Patient-PatSUfferer.html\">Susanna Ufferer (official) Female, DoB: 1945-03-14</a></p><p><b>effective</b>: 2019-04-01 10:10:00+0000</p><p><b>value</b>: 90 µmol/l<span style=\"background: LightGoldenRodYellow\"> (Details: UCUM  codeumol/L = 'umol/L')</span></p></div>"
  },
  "status" : "final",
  "code" : {
    "coding" : [{
      "system" : "http://loinc.org",
      "code" : "77140-2",
      "display" : "Creatinine [Moles/volume] in Serum, Plasma or Blood"
    }]
  },
  "subject" : {
    "reference" : "Patient/PatSUfferer"
  },
  "effectiveDateTime" : "2019-04-01T10:10:00.000+00:00",
  "valueQuantity" : {
    "value" : 90,
    "unit" : "µmol/l",
    "system" : "http://unitsofmeasure.org",
    "code" : "umol/L"
  }
}