<?xml version="1.0" encoding="UTF-8"?>

<Observation xmlns="http://hl7.org/fhir">
  <id value="BloodGroupAB0RhD"/>
  <meta>
    <profile value="http://fhir.ch/ig/ch-lab-report/StructureDefinition/ch-lab-observation-blood-group"/>
  </meta>
  <text>
    <status value="generated"/><div xmlns="http://www.w3.org/1999/xhtml"><p class="res-header-id"><b>Generated Narrative: Observation BloodGroupAB0RhD</b></p><a name="BloodGroupAB0RhD"> </a><a name="hcBloodGroupAB0RhD"> </a><a name="BloodGroupAB0RhD-en-US"> </a><p><b>identifier</b>: <code>https://labor.pipette.com/labvalues</code>/1304-03720-blood-group-simple</p><p><b>status</b>: Final</p><p><b>category</b>: <span title="Codes:{http://terminology.hl7.org/CodeSystem/observation-category laboratory}">Laboratory</span>, <span title="Codes:{http://snomed.info/sct 421661004}">Blood banking and transfusion medicine (specialty) (qualifier value)</span>, <span title="Codes:{http://loinc.org 18717-9}">Blood bank studies (set)</span></p><p><b>code</b>: <span title="Codes:{http://loinc.org 34530-6}">ABO and Rh group panel - Blood</span></p><p><b>subject</b>: <a href="Bundle-LabResultReport-1-tvt.html#urn-uuid-6b8a0365-5022-403b-a5a5-8d8680d701ef">Hans Guggindieluft</a></p><p><b>effective</b>: 2024-04-23 11:24:26+0100</p><p><b>issued</b>: 2024-04-24 11:24:26+0100</p><p><b>performer</b>: <a href="Bundle-LabResultReport-1-tvt.html#urn-uuid-12328339-f7d6-4bb6-80e4-89fd03ce5052">Eva Erlenmeyer</a></p><p><b>value</b>: <span title="Codes:{http://snomed.info/sct 278154007}">Blood group AB Rh(D) negative</span></p><p><b>method</b>: <span title="Codes:{http://snomed.info/sct 726528006}">Genotyping (qualifier value)</span></p></div>
  </text>
  <identifier>
    <system value="https://labor.pipette.com/labvalues"/>
    <value value="1304-03720-blood-group-simple"/>
  </identifier>
  <status value="final"/>
  <category>
    <coding>
      <system value="http://terminology.hl7.org/CodeSystem/observation-category"/>
      <code value="laboratory"/>
    </coding>
  </category>
  <category>
    <coding>
      <system value="http://snomed.info/sct"/>
      <code value="421661004"/>
      <display value="Blood banking and transfusion medicine (specialty) (qualifier value)"/>
    </coding>
  </category>
  <category>
    <coding>
      <system value="http://loinc.org"/>
      <code value="18717-9"/>
      <display value="Blood bank studies (set)"/>
    </coding>
  </category>
  <code>
    <coding>
      <system value="http://loinc.org"/>
      <code value="34530-6"/>
      <display value="ABO and Rh group panel - Blood"/>
    </coding>
  </code>
  <subject>
    <reference value="urn:uuid:6b8a0365-5022-403b-a5a5-8d8680d701ef"/>
    <display value="Hans Guggindieluft"/>
  </subject>
  <effectiveDateTime value="2024-04-23T11:24:26+01:00"/>
  <issued value="2024-04-24T11:24:26+01:00"/>
  <performer>
    <reference value="urn:uuid:12328339-f7d6-4bb6-80e4-89fd03ce5052"/>
    <display value="Eva Erlenmeyer"/>
  </performer>
  <valueCodeableConcept>
    <coding>
      <system value="http://snomed.info/sct"/>
      <code value="278154007"/>
      <display value="Blood group AB Rh(D) negative"/>
    </coding>
  </valueCodeableConcept>
  <method>
    <coding>
      <system value="http://snomed.info/sct"/>
      <code value="726528006"/>
      <display value="Genotyping (qualifier value)"/>
    </coding>
  </method>
</Observation>