<?xml version="1.0" encoding="UTF-8"?>

<Observation xmlns="http://hl7.org/fhir">
  <id value="BloodGroup-freeTextResult-2"/>
  <meta>
    <profile value="http://fhir.ch/ig/ch-lab-report/StructureDefinition/ch-lab-observation-blood-group"/>
  </meta>
  <text>
    <status value="generated"/><div xmlns="http://www.w3.org/1999/xhtml"><p class="res-header-id"><b>Generated Narrative: Observation BloodGroup-freeTextResult-2</b></p><a name="BloodGroup-freeTextResult-2"> </a><a name="hcBloodGroup-freeTextResult-2"> </a><a name="BloodGroup-freeTextResult-2-en-US"> </a><div style="display: inline-block; background-color: #d9e0e7; padding: 6px; margin: 4px; border: 1px solid #8da1b4; border-radius: 5px; line-height: 60%"><p style="margin-bottom: 0px"/><p style="margin-bottom: 0px">Profile: <a href="StructureDefinition-ch-lab-observation-blood-group.html">CH LAB-Report Observation Results: Blood Group</a></p></div><p><b>identifier</b>: <code>http://example.org/Labor-Pipette/labvalues</code>/1304-03760-blood-group-component</p><p><b>status</b>: Final</p><p><b>category</b>: <span title="Codes:{http://terminology.hl7.org/CodeSystem/observation-category laboratory}">Laboratory</span>, <span title="Codes:{http://snomed.info/sct 421661004}">Blood banking and transfusion medicine (specialty) (qualifier value)</span>, <span title="Codes:{http://loinc.org 18717-9}">Blood bank studies (set)</span></p><p><b>code</b>: <span title="Codes:{http://snomed.info/sct 20099001}">Blood typing, ABO, Rho(D) and red blood cell antibody screening (procedure)</span></p><p><b>subject</b>: <a href="Bundle-LabResultReport-1-tvt.html#urn-uuid-6b8a0365-5022-403b-a5a5-8d8680d701ef">Hans Guggindieluft</a></p><p><b>effective</b>: 2024-04-23 11:24:26+0100</p><p><b>issued</b>: 2024-04-24 11:24:26+0100</p><p><b>performer</b>: <a href="Bundle-LabResultReport-1-tvt.html#urn-uuid-12328339-f7d6-4bb6-80e4-89fd03ce5052">Eva Erlenmeyer</a></p><p><b>method</b>: <span title="Codes:{http://snomed.info/sct 258075003}">Serotyping (qualifier value)</span></p><blockquote><p><b>component</b></p><p><b>code</b>: <span title="Codes:{http://loinc.org 883-9}">Blutgruppe</span></p><p><b>value</b>: A</p></blockquote><blockquote><p><b>component</b></p><p><b>code</b>: <span title="Codes:{http://loinc.org 10331-7}">Rhesus D / Untergruppe</span></p><p><b>value</b>: positiv</p></blockquote><blockquote><p><b>component</b></p><p><b>code</b>: <span title="Codes:{http://loinc.org 890-4}">Antikörpersuchtest</span></p><p><b>value</b>: negativ</p><h3>ReferenceRanges</h3><table class="grid"><tr><td style="display: none">-</td><td><b>Text</b></td></tr><tr><td style="display: none">*</td><td>negativ</td></tr></table></blockquote><blockquote><p><b>component</b></p><p><b>code</b>: <span title="Codes:{http://loinc.org 55776-9}">DAT (IgG)</span></p><p><b>value</b>: negativ</p><h3>ReferenceRanges</h3><table class="grid"><tr><td style="display: none">-</td><td><b>Text</b></td></tr><tr><td style="display: none">*</td><td>negativ</td></tr></table></blockquote><blockquote><p><b>component</b></p><p><b>code</b>: <span title="Codes:{http://loinc.org 55774-4}">DAT (C3d)</span></p><p><b>value</b>: negativ</p><h3>ReferenceRanges</h3><table class="grid"><tr><td style="display: none">-</td><td><b>Text</b></td></tr><tr><td style="display: none">*</td><td>negativ</td></tr></table></blockquote></div>
  </text>
  <identifier>
    <system value="http://example.org/Labor-Pipette/labvalues"/>
    <value value="1304-03760-blood-group-component"/>
  </identifier>
  <status value="final"/>
  <category>
    <coding>
      <system value="http://terminology.hl7.org/CodeSystem/observation-category"/>
      <code value="laboratory"/>
    </coding>
  </category>
  <category>
    <coding>
      <system value="http://snomed.info/sct"/>
      <code value="421661004"/>
      <display value="Blood banking and transfusion medicine (specialty) (qualifier value)"/>
    </coding>
  </category>
  <category>
    <coding>
      <system value="http://loinc.org"/>
      <code value="18717-9"/>
      <display value="Blood bank studies (set)"/>
    </coding>
  </category>
  <code>
    <coding>
      <system value="http://snomed.info/sct"/>
      <code value="20099001"/>
    </coding>
    <text value="Blood typing, ABO, Rho(D) and red blood cell antibody screening (procedure)"/>
  </code>
  <subject>
    <reference value="urn:uuid:6b8a0365-5022-403b-a5a5-8d8680d701ef"/>
    <display value="Hans Guggindieluft"/>
  </subject>
  <effectiveDateTime value="2024-04-23T11:24:26+01:00"/>
  <issued value="2024-04-24T11:24:26+01:00"/>
  <performer>
    <reference value="urn:uuid:12328339-f7d6-4bb6-80e4-89fd03ce5052"/>
    <display value="Eva Erlenmeyer"/>
  </performer>
  <method>
    <coding>
      <system value="http://snomed.info/sct"/>
      <code value="258075003"/>
      <display value="Serotyping (qualifier value)"/>
    </coding>
  </method>
  <component>
    <code>
      <coding>
        <system value="http://loinc.org"/>
        <code value="883-9"/>
        <display value="ABO group [Type] in Blood"/>
      </coding>
      <text value="Blutgruppe"/>
    </code>
    <valueString value="A"/>
  </component>
  <component>
    <code>
      <coding>
        <system value="http://loinc.org"/>
        <code value="10331-7"/>
        <display value="Rh [Type] in Blood"/>
      </coding>
      <text value="Rhesus D / Untergruppe"/>
    </code>
    <valueString value="positiv"/>
  </component>
  <component>
    <code>
      <coding>
        <system value="http://loinc.org"/>
        <code value="890-4"/>
        <display value="Blood group antibody screen [Presence] in Serum or Plasma"/>
      </coding>
      <text value="Antikörpersuchtest"/>
    </code>
    <valueString value="negativ"/>
    <referenceRange>
      <text value="negativ"/>
    </referenceRange>
  </component>
  <component>
    <code>
      <coding>
        <system value="http://loinc.org"/>
        <code value="55776-9"/>
        <display value="Direct antiglobulin test.IgG specific reagent [Presence] on Red Blood Cells"/>
      </coding>
      <text value="DAT (IgG)"/>
    </code>
    <valueString value="negativ"/>
    <referenceRange>
      <text value="negativ"/>
    </referenceRange>
  </component>
  <component>
    <code>
      <coding>
        <system value="http://loinc.org"/>
        <code value="55774-4"/>
        <display value="Direct antiglobulin test.complement C3d specific reagent [Presence] on Red Blood Cells"/>
      </coding>
      <text value="DAT (C3d)"/>
    </code>
    <valueString value="negativ"/>
    <referenceRange>
      <text value="negativ"/>
    </referenceRange>
  </component>
</Observation>