<?xml version="1.0" encoding="UTF-8"?>

<Observation xmlns="http://hl7.org/fhir">
  <id value="ExampleObservationMCHC"/>
  <meta>
    <profile value="http://fhir.ch/ig/ch-lab-report/StructureDefinition/ch-lab-observation-results-mchc"/>
  </meta>
  <text>
    <status value="generated"/><div xmlns="http://www.w3.org/1999/xhtml"><p class="res-header-id"><b>Generated Narrative: Observation ExampleObservationMCHC</b></p><a name="ExampleObservationMCHC"> </a><a name="hcExampleObservationMCHC"> </a><div style="display: inline-block; background-color: #d9e0e7; padding: 6px; margin: 4px; border: 1px solid #8da1b4; border-radius: 5px; line-height: 60%"><p style="margin-bottom: 0px"/><p style="margin-bottom: 0px">Profile: <a href="StructureDefinition-ch-lab-observation-results-mchc.html">CH LAB-Report Observation Results: Mean Corpuscular Hemoglobin Concentration MCHC</a></p></div><p><b>status</b>: Final</p><p><b>category</b>: <span title="Codes:{http://terminology.hl7.org/CodeSystem/observation-category laboratory}">Laboratory</span></p><p><b>code</b>: <span title="Codes:{http://loinc.org 786-4}">MCHC [Entitic Mass/volume] in Red Blood Cells by Automated count</span></p><p><b>subject</b>: <a href="Bundle-LabResultReport-1-tvt.html#urn-uuid-6b8a0365-5022-403b-a5a5-8d8680d701ef">Hans Guggindieluft</a></p><p><b>effective</b>: 2024-04-23 11:24:26+0100</p><p><b>issued</b>: 2024-04-24 11:24:26+0100</p><p><b>performer</b>: <a href="Bundle-LabResultReport-1-tvt.html#urn-uuid-12328339-f7d6-4bb6-80e4-89fd03ce5052">Eva Erlenmeyer</a></p><p><b>value</b>: 324 g/L<span style="background: LightGoldenRodYellow"> (Details: UCUM  codeg/L = 'g/L')</span></p></div>
  </text>
  <status value="final"/>
  <category>
    <coding>
      <system value="http://terminology.hl7.org/CodeSystem/observation-category"/>
      <code value="laboratory"/>
    </coding>
  </category>
  <code>
    <coding>
      <system value="http://loinc.org"/>
      <code value="786-4"/>
    </coding>
  </code>
  <subject>
    <reference value="urn:uuid:6b8a0365-5022-403b-a5a5-8d8680d701ef"/>
    <display value="Hans Guggindieluft"/>
  </subject>
  <effectiveDateTime value="2024-04-23T11:24:26+01:00"/>
  <issued value="2024-04-24T11:24:26+01:00"/>
  <performer>
    <reference value="urn:uuid:12328339-f7d6-4bb6-80e4-89fd03ce5052"/>
    <display value="Eva Erlenmeyer"/>
  </performer>
  <valueQuantity>
    <value value="324"/>
    <unit value="g/L"/>
    <system value="http://unitsofmeasure.org"/>
    <code value="g/L"/>
  </valueQuantity>
</Observation>