URL,Version,Status,OIDs,Name,Title,Descriptino,Used
http://fhir.ch/ig/ch-ig/CodeSystem/ch-ig-example,1.2.0,draft,,ChIgExample,CH IG Example,"CH IG Example code system is just an example!","ValueSet/ch-ig-example"
http://fhir.ch/ig/ch-ig/CodeSystem/ch-ig-example-translation,1.2.0,active,,ChIgExampleTranslation,CH IG Example Translation,"CH IG Example Translation code system is just an example with translated values!","ValueSet/ch-ig-example-translation"
http://hl7.org/fhir/administrative-gender,4.0.1,active,"2.16.840.1.113883.4.642.4.2",AdministrativeGender,AdministrativeGender,"The gender of a person used for administrative purposes.","ValueSet/administrative-gender"
http://hl7.org/fhir/contact-point-system,4.0.1,active,"2.16.840.1.113883.4.642.4.72",ContactPointSystem,ContactPointSystem,"Telecommunications form for contact point.","ValueSet/contact-point-system"
http://hl7.org/fhir/contact-point-use,4.0.1,active,"2.16.840.1.113883.4.642.4.74",ContactPointUse,ContactPointUse,"Use of contact point.","ValueSet/contact-point-use"
http://snomed.info/sct,null,active,"2.16.840.1.113883.6.96",SNOMED_CT,SNOMED CT (all versions),"SNOMED CT is the most comprehensive and precise clinical health terminology product in the world, owned and distributed around the world by The International Health Terminology Standards Development Organisation (IHTSDO).","ValueSet/ch-ig-example-sct"
urn:ietf:bcp:47,2.0.1,active,"2.16.840.1.113883.6.121",Ietf3066,Tags for the Identification of Languages,"Older value from OID registry.  Superceded; see recommendations in BCP-47.","ValueSet/languages"
