URL,Version,Status,OIDs,Name,Title,Descriptino,Uses,Used,Sources
http://fhir.ch/ig/ch-ig/ValueSet/ch-ig-example,1.0.0,draft,,ChIgExample,CH IG Example,"CH IG Example value set is just an example!",,"Internal"
http://fhir.ch/ig/ch-ig/ValueSet/ch-ig-example-sct,1.0.0,draft,,ChIgExampleSct,CH IG Example SNOMED CT,"CH IG Example SNOMED CT value set is just an other example!",,"SCT"
http://fhir.ch/ig/ch-ig/ValueSet/ch-ig-example-translation,1.0.0,draft,,ChIgExampleTranslation,CH IG Example Translation,"CH IG Example Tranlation value set is just an example with translated values!",,"Internal"
http://hl7.org/fhir/ValueSet/administrative-gender,4.0.1,active,"2.16.840.1.113883.4.642.3.1",AdministrativeGender,AdministrativeGender,"The gender of a person used for administrative purposes.","StructureDefinition/ch-ig-practitioner","hl7.fhir.r4.core"
http://hl7.org/fhir/ValueSet/contact-point-system,4.0.1,active,"2.16.840.1.113883.4.642.3.71",ContactPointSystem,ContactPointSystem,"Telecommunications form for contact point.","StructureDefinition/ch-ig-practitioner","hl7.fhir.r4.core"
http://hl7.org/fhir/ValueSet/contact-point-use,4.0.1,active,"2.16.840.1.113883.4.642.3.73",ContactPointUse,ContactPointUse,"Use of contact point.","StructureDefinition/ch-ig-practitioner","hl7.fhir.r4.core"
http://hl7.org/fhir/ValueSet/languages,4.0.1,draft,"2.16.840.1.113883.4.642.3.20",CommonLanguages,Common Languages,"This value set includes common codes from BCP-47 (http://tools.ietf.org/html/bcp47)","StructureDefinition/ch-ig-practitioner","hl7.terminology"
http://terminology.hl7.org/ValueSet/v2-2.7-0360,0360,active,,v2.0360.2.7,v2 table 0360, Version 2.7,"FHIR Value set/code system definition for HL7 v2 table 0360 ver 2.9 ( Degree/License/Certificate)","StructureDefinition/ch-ig-practitioner","THO (V2)"
