{"resourceType":"CodeSystem","id":"ch-elm-foph-business-rules","text":{"status":"generated","div":"<div xmlns=\"http://www.w3.org/1999/xhtml\"><p>This case-insensitive code system <code>http://fhir.ch/ig/ch-elm/CodeSystem/ch-elm-foph-business-rules</code> defines the following codes in a Is-A hierarchy:</p><table class=\"codes\"><tr><td><b>Lvl</b></td><td style=\"white-space:nowrap\"><b>Code</b></td><td><b>Display</b></td><td><b>Definition</b></td></tr><tr><td>1</td><td style=\"white-space:nowrap\">information<a name=\"ch-elm-foph-business-rules-information\"> </a></td><td>Information</td><td>A purely informational message.</td></tr><tr><td>2</td><td style=\"white-space:nowrap\">\u00a0\u00a0FOPH-000<a name=\"ch-elm-foph-business-rules-FOPH-000\"> </a></td><td>Generic Information</td><td/></tr><tr><td>1</td><td style=\"white-space:nowrap\">warning<a name=\"ch-elm-foph-business-rules-warning\"> </a></td><td>Warning</td><td>If the rule is violated, the resource is conformant, but it is not necessarily following best practice.</td></tr><tr><td>2</td><td style=\"white-space:nowrap\">\u00a0\u00a0FOPH-005<a name=\"ch-elm-foph-business-rules-FOPH-005\"> </a></td><td>The required anonymization for the reported organism was violated. The following field(s) are affected: %fields%</td><td/></tr><tr><td>2</td><td style=\"white-space:nowrap\">\u00a0\u00a0FOPH-011<a name=\"ch-elm-foph-business-rules-FOPH-011\"> </a></td><td>The material is already specified by the leading code. The additional material specified in specimen.type will be ignored.</td><td/></tr><tr><td>2</td><td style=\"white-space:nowrap\">\u00a0\u00a0FOPH-010<a name=\"ch-elm-foph-business-rules-FOPH-010\"> </a></td><td>Attention, the code %code% (%codeSystem%) expires on %validTo%. Please adjust your systems by this date.</td><td/></tr><tr><td>2</td><td style=\"white-space:nowrap\">\u00a0\u00a0FOPH-001<a name=\"ch-elm-foph-business-rules-FOPH-001\"> </a></td><td>Generic Warning</td><td/></tr><tr><td>2</td><td style=\"white-space:nowrap\">\u00a0\u00a0FOPH-006<a name=\"ch-elm-foph-business-rules-FOPH-006\"> </a></td><td>The following elements for the patient's address are expected: %missingElements%.</td><td/></tr><tr><td>1</td><td style=\"white-space:nowrap\">error<a name=\"ch-elm-foph-business-rules-error\"> </a></td><td>Error</td><td>If the rule is violated, the resource is not conformant.</td></tr><tr><td>2</td><td style=\"white-space:nowrap\">\u00a0\u00a0FOPH-009<a name=\"ch-elm-foph-business-rules-FOPH-009\"> </a></td><td>The transmitted code %code% (%codeSystem%) is outside the defined validity period %validFrom% - %validTo%.</td><td/></tr><tr><td>2</td><td style=\"white-space:nowrap\">\u00a0\u00a0FOPH-002<a name=\"ch-elm-foph-business-rules-FOPH-002\"> </a></td><td>Generic Error</td><td/></tr><tr><td>2</td><td style=\"white-space:nowrap\">\u00a0\u00a0FOPH-007<a name=\"ch-elm-foph-business-rules-FOPH-007\"> </a></td><td>The specified material is not supported by the provided leading code.</td><td/></tr><tr><td>2</td><td style=\"white-space:nowrap\">\u00a0\u00a0FOPH-012<a name=\"ch-elm-foph-business-rules-FOPH-012\"> </a></td><td>The transmitted leading code %code% (%codeSystem%) could not be found in the current value set.</td><td/></tr><tr><td>2</td><td style=\"white-space:nowrap\">\u00a0\u00a0FOPH-008<a name=\"ch-elm-foph-business-rules-FOPH-008\"> </a></td><td>The specified organism is not supported by the provided leading code.</td><td/></tr><tr><td>2</td><td style=\"white-space:nowrap\">\u00a0\u00a0FOPH-004<a name=\"ch-elm-foph-business-rules-FOPH-004\"> </a></td><td>The provided laboratory identification &quot;%identifier%&quot; is either unknown or corresponds to a laboratory for which your account does not have reporting permissions. Please verify your laboratory identification. If it's correct, complete the necessary onboarding process before submitting data on behalf of this lab.</td><td/></tr><tr><td>2</td><td style=\"white-space:nowrap\">\u00a0\u00a0FOPH-013<a name=\"ch-elm-foph-business-rules-FOPH-013\"> </a></td><td>The transmitted code %code% (%codeSystem%) is outside the defined validity period.</td><td/></tr></table></div>"},"url":"http://fhir.ch/ig/ch-elm/CodeSystem/ch-elm-foph-business-rules","version":"1.3.0","name":"ChElmFophBusinessRules","title":"CH ELM FOPH Business Rules","status":"active","experimental":false,"date":"2024-05-17T13:24:45+00:00","publisher":"Federal Office of Public Health FOPH","contact":[{"name":"Federal Office of Public Health FOPH","telecom":[{"system":"url","value":"https://www.bag.admin.ch/bag/en/home/das-bag/kontakt-standort.html"}]}],"description":"This CH ELM code system describes specific business rules of the FOPH, which are applied during processing. Please note that the set of rules detailed herein only covers processes explicitly declared by the FOPH. Additional rules, not included in this code system, are applied by the FHIR validation logic, resulting in further codes. For more information about these additional codes, consult the official FHIR documentation and the implementation guideline.","jurisdiction":[{"coding":[{"system":"urn:iso:std:iso:3166","code":"CHE"}]}],"copyright":"CC0-1.0","caseSensitive":false,"hierarchyMeaning":"is-a","content":"complete","concept":[{"code":"information","display":"Information","definition":"A purely informational message.","concept":[{"code":"FOPH-000","display":"Generic Information"}]},{"code":"warning","display":"Warning","definition":"If the rule is violated, the resource is conformant, but it is not necessarily following best practice.","concept":[{"code":"FOPH-005","display":"The required anonymization for the reported organism was violated. The following field(s) are affected: %fields%"},{"code":"FOPH-011","display":"The material is already specified by the leading code. The additional material specified in specimen.type will be ignored."},{"code":"FOPH-010","display":"Attention, the code %code% (%codeSystem%) expires on %validTo%. Please adjust your systems by this date."},{"code":"FOPH-001","display":"Generic Warning"},{"code":"FOPH-006","display":"The following elements for the patient's address are expected: %missingElements%."}]},{"code":"error","display":"Error","definition":"If the rule is violated, the resource is not conformant.","concept":[{"code":"FOPH-009","display":"The transmitted code %code% (%codeSystem%) is outside the defined validity period %validFrom% - %validTo%."},{"code":"FOPH-002","display":"Generic Error"},{"code":"FOPH-007","display":"The specified material is not supported by the provided leading code."},{"code":"FOPH-012","display":"The transmitted leading code %code% (%codeSystem%) could not be found in the current value set."},{"code":"FOPH-008","display":"The specified organism is not supported by the provided leading code."},{"code":"FOPH-004","display":"The provided laboratory identification \"%identifier%\" is either unknown or corresponds to a laboratory for which your account does not have reporting permissions. Please verify your laboratory identification. If it's correct, complete the necessary onboarding process before submitting data on behalf of this lab."},{"code":"FOPH-013","display":"The transmitted code %code% (%codeSystem%) is outside the defined validity period."}]}]}