{
  "resourceType" : "CapabilityStatement",
  "id" : "ch-elm-documentrecipient",
  "text" : {
    "status" : "extensions",
    "div" : "<div xmlns=\"http://www.w3.org/1999/xhtml\"><p class=\"res-header-id\"><b>Generated Narrative: CapabilityStatement ch-elm-documentrecipient</b></p><a name=\"ch-elm-documentrecipient\"> </a><a name=\"hcch-elm-documentrecipient\"> </a><a name=\"ch-elm-documentrecipient-en-US\"> </a><h2 id=\"title\">FOPH CapabilityStatement for receiving laboratory reports</h2><ul><li>Implementation Guide Version: 1.7.0 </li><li>FHIR Version: 4.0.1 </li><li>Supported Formats: <code>application/fhir+xml</code>, <code>application/fhir+json</code></li><li>Supported Patch Formats: </li><li>Published on: 2024-11-28 14:09:02+0000 </li><li>Published by: Federal Office of Public Health FOPH </li></ul><blockquote class=\"impl-note\"><p><strong>Note to Implementers: FHIR Capabilities</strong></p><p>Any FHIR capability may be 'allowed' by the system unless explicitly marked as 'SHALL NOT'. A few items are marked as MAY in the Implementation Guide to highlight their potential relevance to the use case.</p></blockquote><h2 id=\"rest\">FHIR RESTful Capabilities</h2><div class=\"panel panel-default\"><div class=\"panel-heading\"><h3 id=\"mode1\" class=\"panel-title\">Mode: <code>server</code></h3></div><div class=\"panel-body\"><div class=\"lead\"><em>Security</em></div><blockquote><div><p>TLS with client certificate required</p>\n</div></blockquote><div class=\"lead\"><em>Summary of System-wide Interactions</em></div></div></div><h3 id=\"resourcesCap1\">Capabilities by Resource/Profile</h3><h4 id=\"resourcesSummary1\">Summary</h4><p>The summary table lists the resources that are part of this configuration, and for each resource it lists:</p><ul><li>The relevant profiles (if any)</li><li>The interactions supported by each resource (<b><span class=\"bg-info\">R</span></b>ead, <b><span class=\"bg-info\">S</span></b>earch, <b><span class=\"bg-info\">U</span></b>pdate, and <b><span class=\"bg-info\">C</span></b>reate, are always shown, while <b><span class=\"bg-info\">VR</span></b>ead, <b><span class=\"bg-info\">P</span></b>atch, <b><span class=\"bg-info\">D</span></b>elete, <b><span class=\"bg-info\">H</span></b>istory on <b><span class=\"bg-info\">I</span></b>nstance, or <b><span class=\"bg-info\">H</span></b>istory on <b><span class=\"bg-info\">T</span></b>ype are only present if at least one of the resources has support for them.</li><li><span>The required, recommended, and some optional search parameters (if any). </span></li><li>The linked resources enabled for <code>_include</code></li><li>The other resources enabled for <code>_revinclude</code></li><li>The operations on the resource (if any)</li></ul><div class=\"table-responsive\"><table class=\"table table-condensed table-hover\"><thead><tr><th><b>Resource Type</b></th><th><b>Profile</b></th><th class=\"text-center\"><b title=\"GET a resource (read interaction)\">R</b></th><th class=\"text-center\"><b title=\"GET all set of resources of the type (search interaction)\">S</b></th><th class=\"text-center\"><b title=\"PUT a new resource version (update interaction)\">U</b></th><th class=\"text-center\"><b title=\"POST a new resource (create interaction)\">C</b></th><th><b title=\"Required and recommended search parameters\">Searches</b></th><th><code><b>_include</b></code></th><th><code><b>_revinclude</b></code></th><th><b>Operations</b></th></tr></thead><tbody><tr><td><a href=\"#DocumentReference1-1\">DocumentReference</a></td><td><a href=\"StructureDefinition-PublishDocumentReference.html\">http://fhir.ch/ig/ch-elm/StructureDefinition/PublishDocumentReference</a></td><td class=\"text-center\">y</td><td class=\"text-center\">y</td><td class=\"text-center\"></td><td class=\"text-center\">y</td><td>_id, _lastupdated, date, identifier, elm-status</td><td/><td/><td/></tr></tbody></table></div><hr/><div class=\"panel panel-default\"><div class=\"panel-heading\"><h4 id=\"DocumentReference1-1\" class=\"panel-title\"><span style=\"float: right;\">Resource Conformance: supported </span>DocumentReference</h4></div><div class=\"panel-body\"><div class=\"container\"><div class=\"row\"><div class=\"col-lg-6\"><span class=\"lead\">Base System Profile</span><br/><a href=\"StructureDefinition-PublishDocumentReference.html\">DocumentReference for sending the report</a></div><div class=\"col-lg-3\"><span class=\"lead\">Profile Conformance</span><br/><b>SHALL</b></div><div class=\"col-lg-3\"><span class=\"lead\">Reference Policy</span><br/></div></div><p/><div class=\"row\"><div class=\"col-lg-6\"><span class=\"lead\">Interaction summary</span><br/><ul><li>Supports <code>create</code>, <code>read</code>, <code>search-type</code>.</li></ul></div></div><p/><div class=\"row\"><div class=\"col-lg-7\"><span class=\"lead\">Search Parameters</span><table class=\"table table-condensed table-hover\"><thead><tr><th>Conformance</th><th>Parameter</th><th>Type</th><th>Documentation</th></tr></thead><tbody><tr><td><b>SHALL</b></td><td><a href=\"http://hl7.org/fhir/R4/resource.html#search\">_id</a></td><td><code>token</code></td><td><div><p>Logical id of this artifact</p>\n</div></td></tr><tr><td><b>SHALL</b></td><td><a href=\"http://hl7.org/fhir/R4/resource.html#search\">_lastupdated</a></td><td><code>date</code></td><td><div><p>When the resource version last changed</p>\n</div></td></tr><tr><td><b>SHALL</b></td><td><a href=\"http://hl7.org/fhir/R4/documentreference.html#search\">date</a></td><td><code>date</code></td><td><div><p>When this document reference was created</p>\n</div></td></tr><tr><td><b>SHALL</b></td><td><a href=\"http://hl7.org/fhir/R4/documentreference.html#search\">identifier</a></td><td><code>token</code></td><td><div><p>The identifier for this DocumentReference</p>\n</div></td></tr><tr><td><b>SHALL</b></td><td>elm-status</td><td><code>token</code></td><td><div><p>in-progress | failed | completed</p>\n</div></td></tr></tbody></table></div><div class=\"col-lg-5\">\u00a0</div></div></div></div></div></div>"
  },
  "url" : "http://fhir.ch/ig/ch-elm/CapabilityStatement/ch-elm-documentrecipient",
  "version" : "1.7.0",
  "name" : "CH_ELM_CapabilityStatement_DocumentRecipient",
  "title" : "FOPH CapabilityStatement for receiving laboratory reports",
  "status" : "active",
  "experimental" : false,
  "date" : "2024-11-28T14:09:02+00:00",
  "publisher" : "Federal Office of Public Health FOPH",
  "contact" : [{
    "name" : "Federal Office of Public Health FOPH",
    "telecom" : [{
      "system" : "url",
      "value" : "https://www.bag.admin.ch/bag/en/home/das-bag/kontakt-standort.html"
    }]
  }],
  "description" : "CapabilityStatement for receiving laboratory reports",
  "jurisdiction" : [{
    "coding" : [{
      "system" : "urn:iso:std:iso:3166",
      "code" : "CHE"
    }]
  }],
  "copyright" : "CC0-1.0",
  "kind" : "requirements",
  "fhirVersion" : "4.0.1",
  "format" : ["application/fhir+xml",
  "application/fhir+json"],
  "rest" : [{
    "mode" : "server",
    "security" : {
      "description" : "TLS with client certificate required"
    },
    "resource" : [{
      "type" : "DocumentReference",
      "profile" : "http://fhir.ch/ig/ch-elm/StructureDefinition/PublishDocumentReference",
      "interaction" : [{
        "code" : "create"
      },
      {
        "code" : "read"
      },
      {
        "code" : "search-type"
      }],
      "searchParam" : [{
        "name" : "_id",
        "definition" : "http://hl7.org/fhir/SearchParameter/Resource-id",
        "type" : "token",
        "documentation" : "Logical id of this artifact"
      },
      {
        "name" : "_lastupdated",
        "definition" : "http://hl7.org/fhir/SearchParameter/Resource-lastUpdated",
        "type" : "date",
        "documentation" : "When the resource version last changed"
      },
      {
        "name" : "date",
        "definition" : "http://hl7.org/fhir/SearchParameter/DocumentReference-date",
        "type" : "date",
        "documentation" : "When this document reference was created"
      },
      {
        "name" : "identifier",
        "definition" : "http://hl7.org/fhir/SearchParameter/clinical-identifier",
        "type" : "token",
        "documentation" : "The identifier for this DocumentReference"
      },
      {
        "name" : "elm-status",
        "definition" : "http://fhir.ch/ig/ch-elm/SearchParameter/DocumentReference-ch-elm-status",
        "type" : "token",
        "documentation" : "in-progress | failed | completed"
      }]
    }]
  }]
}