<?xml version="1.0" encoding="UTF-8"?>

<Composition xmlns="http://hl7.org/fhir">
  <id value="example-lab-compendium-header"/>
  <meta>
    <profile value="http://hl7.org/fhir/uv/order-catalog/StructureDefinition/CatalogHeader"/>
  </meta>
  <language value="en-US"/>
  <text>
    <status value="additional"/><div xmlns="http://www.w3.org/1999/xhtml" xml:lang="en-US" lang="en-US"><p><b>Additional Narrative:</b></p><p><b>Laboratory compendium title</b>: The good testing laboratory - Directory of Diagnostic Services</p><p><b>id:</b> example-lab-compendium-header</p><p><b>meta - profile:</b> hl7.org/fhir/uv/order-catalog/StructureDefinition/CatalogHeader</p><p><b>status:</b> preliminary</p><p><b>type:</b> catalog</p><p><b>category:</b> protocol</p><p><b>date published:</b> June 8, 2020</p><p><b>valid from:</b> 2020-08-01 <b>to:</b> 2021-12-31</p><p><b>author:</b> <a href="Organization-LaborPipette.html">The good testing laboratory</a></p><p><b>custodian:</b> <a href="Organization-LaborPipette.html">The good testing laboratory</a></p></div>
  </text>
  <extension url="http://hl7.org/fhir/uv/order-catalog/StructureDefinition/ValidityPeriod">
    <valuePeriod>
      <start value="2025-01-01"/>
      <end value="2025-12-31"/>
    </valuePeriod>
  </extension>
  <identifier>
    <use value="official"/>
    <system value="http://example.org"/>
    <value value="GoodLabCompendium"/>
  </identifier>
  <status value="preliminary"/>
  <type>
    <text value="Catalog"/>
  </type>
  <category>
    <coding>
      <system value="http://terminology.hl7.org/CodeSystem/catalogType"/>
      <code value="protocol"/>
    </coding>
  </category>
  <date value="2025-01-01T17:00:00+02:00"/>
  <author>
    <reference value="Organization/LaborPipette"/>
  </author>
  <title value="Pipette laboratory - Directory of Diagnostic Services"/>
  <custodian>
    <reference value="Organization/LaborPipette"/>
  </custodian>
</Composition>