<?xml version="1.0" encoding="UTF-8"?>

<Composition xmlns="http://hl7.org/fhir">
  <id value="2-pertussis-with-sr"/>
  <meta>
    <versionId value="1"/>
    <lastUpdated value="2021-02-18T17:04:38.520+00:00"/>
    <profile value="http://fhir.ch/ig/ch-lab-order/StructureDefinition/ch-lab-order-composition-with-sr"/>
  </meta>
  <text>
    <status value="additional"/><div xmlns="http://www.w3.org/1999/xhtml"><div>Case study 2</div><div><h3>Suspicion of whooping cough</h3><p>A mother visits the family doctor Peter Presto of the Olten group practice with her 6-year-old son Emil Kummer, born 5 May 2014, because the child has been coughing increasingly for a fortnight, with cramping cough attacks, and has a fever. The doctor`s receptionist measures the fever, takes a fingertip Blood sample from the son, determines the CRP and prepares a Blood smear. The doctor suspects a viral infection, but wants to rule out whooping cough, although the child has been vaccinated against it. As he is under time pressure due to an emergency, he does not want to do the necessary throat swab himself, but asks the mother to accompany the child to the nearby laboratory to have the swab done in peace. He prepares a laboratory order to carry out a pertussis PCR on the child`s throat swab and gives the order to the mother. The mother herself is not sure whether she herself has been vaccinated against pertussis. Consequently, the family doctor Peter Presto gives her the pertussis vaccination right away and recommends that the same be done for the child`s father and grandparents. In the meantime, the MPA has looked at the son`s Blood smear under the microscope and finds a lot of reactive lymphocytes, which seem suspicious to her. She is unsure and asks the doctor, who gives the order to give the child`s Blood smears to the mother and also to have them examined more closely in the laboratory. The mother arrives at the laboratory with her son, where the doctor`s order is first to establish the son`s identity. Then a pharyngeal swab and a right cubital venepuncture are taken from the child in the laboratory`s Blood collection room and passed on to the laboratory together with the Blood smears and the doctor`s examination order.</p></div></div>
  </text>
  <extension url="http://fhir.ch/ig/ch-core/StructureDefinition/ch-ext-epr-dataenterer">
    <extension url="enterer">
      <valueReference>
        <reference value="PractitionerRole/PeterPrestoGruppenpraxis"/>
      </valueReference>
    </extension>
  </extension>
  <extension url="http://fhir.ch/ig/ch-orf/StructureDefinition/ch-orf-urgentnoficationcontactfortheresponsetothisdocument">
    <valueReference>
      <reference value="PractitionerRole/EvaErlenmeyerLaborPipette"/>
    </valueReference>
  </extension>
  <extension url="http://fhir.ch/ig/ch-orf/StructureDefinition/ch-orf-copyreceiver">
    <valueReference>
      <reference value="PractitionerRole/MarcMustermannGruppenpraxis"/>
    </valueReference>
  </extension>
  <extension url="http://fhir.ch/ig/ch-orf/StructureDefinition/ch-orf-copyreceiver">
    <valueReference>
      <reference value="Patient/EmilKummer"/>
    </valueReference>
  </extension>
  <status value="final"/>
  <type>
    <coding>
      <system value="http://snomed.info/sct"/>
      <code value="721965002"/>
      <display value="Laboratory order (record artifact)"/>
    </coding>
  </type>
  <category>
    <coding>
      <system value="http://snomed.info/sct"/>
      <code value="721963009"/>
      <display value="Order (record artifact)"/>
    </coding>
  </category>
  <subject>
    <reference value="Patient/EmilKummer"/>
  </subject>
  <date value="2020-03-31T11:46:09+02:00"/>
  <author>
    <reference value="PractitionerRole/PeterPrestoGruppenpraxis"/>
  </author>
  <title value="Laboratory Order 2-pertussis with Service Request"/>
  <section>
    <title value="Laboratory Order with Service Request 2-pertussis"/>
    <code>
      <coding>
        <system value="http://snomed.info/sct"/>
        <code value="721963009"/>
        <display value="Order (record artifact)"/>
      </coding>
    </code>
    <text>
      <status value="generated"/><div xmlns="http://www.w3.org/1999/xhtml">Laboratory Order with Service Request 2-pertussis</div>
    </text>
    <entry>
      <reference value="ServiceRequest/2-pertussis-ServiceRequest"/>
    </entry>
    <entry>
      <reference value="ServiceRequest/2-pertussis-ServiceRequestCBC"/>
    </entry>
    <entry>
      <reference value="ServiceRequest/2-pertussis-ServiceRequestCRP"/>
    </entry>
    <entry>
      <reference value="ServiceRequest/2-pertussis-ServiceRequestAddTest"/>
    </entry>
  </section>
</Composition>