<?xml version="1.0" encoding="UTF-8"?>

<ObservationDefinition xmlns="http://hl7.org/fhir">
  <id value="observationCollectionDurationUrine"/>
  <meta>
    <profile value="http://hl7.org/fhir/uv/order-catalog/StructureDefinition/InputObservationDefinition"/>
    <profile value="http://hl7.org/fhir/uv/order-catalog/StructureDefinition/LabObservationDefinition"/>
  </meta>
  <language value="en-US"/>
  <text>
    <status value="generated"/><div xmlns="http://www.w3.org/1999/xhtml" xml:lang="en-US" lang="en-US"><p class="res-header-id"><b>Generated Narrative: ObservationDefinition observationCollectionDurationUrine</b></p><a name="observationCollectionDurationUrine"> </a><a name="hcobservationCollectionDurationUrine"> </a><a name="observationCollectionDurationUrine-en-US"> </a><div style="display: inline-block; background-color: #d9e0e7; padding: 6px; margin: 4px; border: 1px solid #8da1b4; border-radius: 5px; line-height: 60%"><p style="margin-bottom: 0px">Language: en-US</p><p style="margin-bottom: 0px">Profiles: <a href="http://hl7.org/fhir/uv/order-catalog/2020Sep/StructureDefinition-InputObservationDefinition.html">Input Observation</a>, <a href="http://hl7.org/fhir/uv/order-catalog/2020Sep/StructureDefinition-LabObservationDefinition.html">Laboratory Observation Definition</a></p></div><p><b>category</b>: <span title="Codes:{http://terminology.hl7.org/CodeSystem/observation-category laboratory}">Laboratory</span></p><p><b>code</b>: <span title="Codes:{http://loinc.org 13362-9}">Collection duration of Urine</span></p><p><b>permittedDataType</b>: Quantity</p><p><b>multipleResultsAllowed</b>: false</p><p><b>preferredReportName</b>: urine collection duration</p><h3>QuantitativeDetails</h3><table class="grid"><tr><td style="display: none">-</td><td><b>Unit</b></td></tr><tr><td style="display: none">*</td><td><span title="Codes:{http://unitsofmeasure.org h}">h</span></td></tr></table></div>
  </text>
  <category>
    <coding>
      <system value="http://terminology.hl7.org/CodeSystem/observation-category"/>
      <code value="laboratory"/>
      <display value="Laboratory"/>
    </coding>
  </category>
  <code>
    <coding>
      <system value="http://loinc.org"/>
      <code value="13362-9"/>
      <display value="Collection duration of Urine"/>
    </coding>
  </code>
  <permittedDataType value="Quantity"/>
  <multipleResultsAllowed value="false"/>
  <preferredReportName value="urine collection duration"/>
  <quantitativeDetails>
    <unit>
      <coding>
        <system value="http://unitsofmeasure.org"/>
        <code value="h"/>
        <display value="h"/>
      </coding>
    </unit>
  </quantitativeDetails>
</ObservationDefinition>