<?xml version="1.0" encoding="UTF-8"?>

<Organization xmlns="http://hl7.org/fhir">
  <id value="LaborSchildknecht"/>
  <meta>
    <profile value="http://fhir.ch/ig/ch-core/StructureDefinition/ch-core-organization"/>
  </meta>
  <text>
    <status value="generated"/><div xmlns="http://www.w3.org/1999/xhtml"><p class="res-header-id"><b>Generated Narrative: Organization LaborSchildknecht</b></p><a name="LaborSchildknecht"> </a><a name="hcLaborSchildknecht"> </a><a name="LaborSchildknecht-en-US"> </a><div style="display: inline-block; background-color: #d9e0e7; padding: 6px; margin: 4px; border: 1px solid #8da1b4; border-radius: 5px; line-height: 60%"><p style="margin-bottom: 0px"/><p style="margin-bottom: 0px">Profile: <a href="http://fhir.ch/ig/ch-core/6.0.0-ballot/StructureDefinition-ch-core-organization.html">CH Core Organization</a></p></div><p><b>identifier</b>: <a href="https://www.gs1.org/standards/id-keys/gln" title="Global Location Number">GLN</a>/7601055231222</p><p><b>name</b>: Labor Schildknecht</p><p><b>telecom</b>: <a href="tel:+41223345222">+41223345222</a>, <a href="mailto:info@labor-schildknecht.ch">info@labor-schildknecht.ch</a>, <a href="http://www.labor-schildknecht.ch">http://www.labor-schildknecht.ch</a></p><p><b>address</b>: Rte des Alpes 44 Fribourg 1700 CH </p></div>
  </text>
  <identifier>
    <system value="urn:oid:2.51.1.3"/>
    <value value="7601055231222"/>
  </identifier>
  <name value="Labor Schildknecht"/>
  <telecom>
    <system value="phone"/>
    <value value="+41223345222"/>
    <use value="work"/>
  </telecom>
  <telecom>
    <system value="email"/>
    <value value="info@labor-schildknecht.ch"/>
    <use value="work"/>
  </telecom>
  <telecom>
    <system value="url"/>
    <value value="http://www.labor-schildknecht.ch"/>
    <use value="work"/>
  </telecom>
  <address>
    <line value="Rte des Alpes 44"/>
    <city value="Fribourg"/>
    <postalCode value="1700"/>
    <country value="CH"/>
  </address>
</Organization>