<?xml version="1.0" encoding="UTF-8"?>

<PlanDefinition xmlns="http://hl7.org/fhir">
  <id value="LabServiceElectrolytesSerum"/>
  <meta>
    <profile value="http://hl7.org/fhir/uv/order-catalog/StructureDefinition/LabServiceDefinition"/>
  </meta>
  <language value="en-US"/>
  <text>
    <status value="extensions"/><div xmlns="http://www.w3.org/1999/xhtml" xml:lang="en-US" lang="en-US">
<div>
    <table class="grid dict">
        
        <tr>
            <th scope="row"><b>Id: </b></th>
            <td style="padding-left: 4px;">LabServiceElectrolytesSerum</td>
        </tr>
        

        
        <tr>
            <th scope="row"><b>Url: </b></th>
            <td style="padding-left: 4px;"><a href="PlanDefinition-LabServiceElectrolytesSerum.html">Blood electrolyte panel (serum or plasma)</a></td>
        </tr>
        

        
        <tr>
            <th scope="row"><b>Version: </b></th>
            <td style="padding-left: 4px;">3.0.0-ballot</td>
        </tr>
        

        

        
        <tr>
            <th scope="row"><b>Title: </b></th>
            <td style="padding-left: 4px;">Blood electrolyte panel (serum or plasma)</td>
        </tr>
        

        

        

        
        <tr>
            <th scope="row"><b>Experimental: </b></th>
            <td style="padding-left: 4px;">true</td>
        </tr>
        

        
        <tr>
            <th scope="row"><b>Type: </b></th>
            <td style="padding-left: 4px;">
                
                    
                        
                        <p style="margin-bottom: 5px;">
                            <b>system: </b> <span><a href="http://hl7.org/fhir/uv/order-catalog/2020Sep/CodeSystem-laboratory-service-definition-type.html">http://hl7.org/fhir/uv/order-catalog/CodeSystem/laboratory-service-definition-type</a></span>
                        </p>
                        
                        
                        <p style="margin-bottom: 5px;">
                            <b>code: </b> <span>panel</span>
                        </p>
                        
                        
                        <p style="margin-bottom: 5px;">
                            <b>display: </b> <span>collection of tests and panels performed on one or more in vitro biologic specimens</span>
                        </p>
                        
                    
                
                
            </td>
        </tr>
        

        

        
        <tr>
            <th scope="row"><b>Date: </b></th>
            <td style="padding-left: 4px;">2020-02-11 20:00:00+0200</td>
        </tr>
        

        
        <tr>
            <th scope="row"><b>Publisher: </b></th>
            <td style="padding-left: 4px;">HL7 Switzerland</td>
        </tr>
        

        
        <tr>
            <th scope="row"><b>Description: </b></th>
            <td style="padding-left: 4px;"><div><p>Potassium measurement on serum specimen</p>
</div></td>
        </tr>
        

        

        

        
        <tr>
            <th scope="row"><b>Use Context: </b></th>
            <td style="padding-left: 4px;">
                <table class="grid-dict">
                    <tr>
                        <th><b>code</b></th>
                        <th><b>value</b></th>
                    </tr>
                    
                        <tr>
                            <td>task</td>
                            <td/>
                        </tr>
                    
                </table>
            </td>
        </tr>
        

        
        <tr>
            <th scope="row"><b>Jurisdiction: </b></th>
            <td style="padding-left: 4px;">CH</td>
        </tr>
        

        
            <tr>
                <th scope="row"><b>Topic: </b></th>
                <td style="padding-left: 4px;">18719-5</td>
            </tr>
        

        

        

        
        <tr>
            <th scope="row"><b>Copyright: </b></th>
            <td style="padding-left: 4px;"><div><p>CC0-1.0</p>
</div></td>
        </tr>
        

        

        

        

        

        
        <tr>
            <th scope="row"><b>Actions: </b></th>
            <td style="padding-left: 4px;">
                <table class="grid-dict">
                    
                    <tr>
                        <td>
                            
                            <b> :</b> 
                            
                            <br/>
                            
                            
                            
                            
                            <b>Then:</b> <i>Definition:</i> <a href="ActivityDefinition-procedure-serum-electrolyte.html">Procedure - blood electrolyte (serum or plasma)</a><br/>
                            
                            
                            
                        </td>
                    </tr>
                    
                </table>
            </td>
        </tr>
        
    </table>
</div>
</div>
  </text>
  <extension url="http://hl7.org/fhir/uv/order-catalog/StructureDefinition/CatalogReference">
    <valueReference>
      <reference value="Composition/Pipette-Catalog-Header"/>
    </valueReference>
  </extension>
  <extension url="http://hl7.org/fhir/uv/order-catalog/StructureDefinition/ServiceBillingCode">
    <valueCodeableConcept>
      <coding>
        <system value="https://medcodesearch.ch/de/AL/laboratory_analyses"/>
        <code value="1479.00"/>
        <display value="Kalium Grosslabor"/>
      </coding>
    </valueCodeableConcept>
  </extension>
  <extension url="http://hl7.org/fhir/uv/order-catalog/StructureDefinition/ServiceBillingCode">
    <valueCodeableConcept>
      <coding>
        <system value="https://medcodesearch.ch/de/AL/laboratory_analyses"/>
        <code value="1574.00"/>
        <display value="Natrium"/>
      </coding>
    </valueCodeableConcept>
  </extension>
  <extension url="http://hl7.org/fhir/uv/order-catalog/StructureDefinition/ServiceBillingCode">
    <valueCodeableConcept>
      <coding>
        <system value="https://medcodesearch.ch/de/AL/laboratory_analyses"/>
        <code value="1229.00"/>
        <display value="Chlorid"/>
      </coding>
    </valueCodeableConcept>
  </extension>
  <extension url="http://hl7.org/fhir/uv/order-catalog/StructureDefinition/BillingSummary">
    <extension url="textualSummary">
      <valueMarkdown value="no notable particularity for billing"/>
    </extension>
    <extension url="reimbursabilitySummary">
      <valueCode value="normal"/>
    </extension>
  </extension>
  <extension url="http://hl7.org/fhir/uv/order-catalog/StructureDefinition/ScheduleSummary">
    <valueString value="Set up: Mon-Sat (Day shift or Night shift), Sun (Day shift); Report available: 1 day"/>
  </extension>
  <extension url="http://hl7.org/fhir/uv/order-catalog/StructureDefinition/LimitationSummary">
    <valueString value="No specific limitation for this panel"/>
  </extension>
  <url value="http://fhir.ch/ig/ch-lab-order/PlanDefinition/LabServiceElectrolytesSerum"/>
  <version value="3.0.0-ballot"/>
  <name value="BloodElectrolytePanel"/>
  <title value="Blood electrolyte panel (serum or plasma)"/>
  <type>
    <coding>
      <system value="http://hl7.org/fhir/uv/order-catalog/CodeSystem/laboratory-service-definition-type"/>
      <code value="panel"/>
      <display value="collection of tests and panels performed on one or more in vitro biologic specimens"/>
    </coding>
  </type>
  <status value="active"/>
  <experimental value="true"/>
  <date value="2020-02-11T20:00:00+02:00"/>
  <publisher value="HL7 Switzerland"/>
  <contact>
    <name value="HL7 Switzerland"/>
    <telecom>
      <system value="url"/>
      <value value="https://www.hl7.ch"/>
    </telecom>
  </contact>
  <contact>
    <name value="Marcel Hanselmann"/>
    <telecom>
      <system value="email"/>
      <value value="laborprojektgruppe@gmail.com"/>
      <use value="work"/>
    </telecom>
  </contact>
  <description value="Potassium measurement on serum specimen"/>
  <useContext>
    <code>
      <system value="http://terminology.hl7.org/CodeSystem/usage-context-type"/>
      <code value="task"/>
      <display value="Workflow Task"/>
    </code>
    <valueCodeableConcept>
      <coding>
        <system value="http://terminology.hl7.org/CodeSystem/v3-ActCode"/>
        <code value="LABOE"/>
      </coding>
    </valueCodeableConcept>
  </useContext>
  <jurisdiction>
    <coding>
      <system value="urn:iso:std:iso:3166"/>
      <code value="CH"/>
    </coding>
  </jurisdiction>
  <copyright value="CC0-1.0"/>
  <topic>
    <coding>
      <system value="http://loinc.org"/>
      <code value="18719-5"/>
      <display value="Chemistry studies (set)"/>
    </coding>
  </topic>
  <topic>
    <coding>
      <system value="http://snomed.info/sct"/>
      <code value="166312007"/>
      <display value="Blood chemistry"/>
    </coding>
  </topic>
  <action>
    <extension url="http://hl7.org/fhir/uv/order-catalog/StructureDefinition/SpecimenRequested">
      <extension url="ExclusiveGroup">
        <extension url="Material">
          <valueReference>
            <reference value="SpecimenDefinition/specimenSerumPlasma"/>
            <display value="Serum Plasma"/>
          </valueReference>
        </extension>
      </extension>
    </extension>
    <code>
      <coding>
        <system value="http://loinc.org"/>
        <code value="24326-1"/>
        <display value="Electrolytes 1998 panel - Serum or Plasma"/>
      </coding>
    </code>
    <timingDuration>
      <value value="30"/>
      <unit value="minutes"/>
      <system value="http://unitsofmeasure.org"/>
      <code value="mn"/>
    </timingDuration>
    <definitionCanonical value="http://fhir.ch/ig/ch-lab-order/ActivityDefinition/procedure-serum-electrolyte"/>
  </action>
</PlanDefinition>