<?xml version="1.0" encoding="UTF-8"?>

<ServiceRequest xmlns="http://hl7.org/fhir">
  <id value="lab-order-urine-albumin"/>
  <meta>
    <profile value="http://fhir.ch/ig/ch-lab-order/StructureDefinition/ch-lab-order-SR"/>
  </meta>
  <text>
    <status value="generated"/><div xmlns="http://www.w3.org/1999/xhtml"><p class="res-header-id"><b>Generated Narrative: ServiceRequest lab-order-urine-albumin</b></p><a name="lab-order-urine-albumin"> </a><a name="hclab-order-urine-albumin"> </a><a name="lab-order-urine-albumin-en-US"> </a><div style="display: inline-block; background-color: #d9e0e7; padding: 6px; margin: 4px; border: 1px solid #8da1b4; border-radius: 5px; line-height: 60%"><p style="margin-bottom: 0px"/><p style="margin-bottom: 0px">Profile: <a href="StructureDefinition-ch-lab-order-SR.html">CH LAB-Order-SR</a></p></div><p><b>identifier</b>: Placer Identifier/Y274589</p><p><b>basedOn</b>: <a href="ServiceRequest-lab-order-uACR.html">ServiceRequest Albumin/Creatinine [Molar Ratio] in Urine</a></p><p><b>requisition</b>: Placer Identifier/ReqID-123456789</p><p><b>status</b>: Active</p><p><b>intent</b>: Original Order</p><p><b>priority</b>: Urgent</p><p><b>code</b>: <span title="Codes:{http://loinc.org 77158-4}">Microalbumin [Moles/volume] in Urine by Detection limit &lt;= 3.0 mg/L</span></p><p><b>orderDetail</b>: <span title="Codes:{http://terminology.hl7.org/CodeSystem/v2-0119 NW}">Order Control code</span></p><p><b>subject</b>: <a href="Patient-HansGuggindieluft.html">Hans Guggindieluft  Male, DoB: 1981-01-01 ( urn:oid:2.16.756.5.30.1.123.100.1.1.1#80756011110123400009)</a></p><p><b>requester</b>: <a href="PractitionerRole-MarcMustermannGruppenpraxis.html">PractitionerRole</a></p><p><b>reasonCode</b>: <span title="Codes:{http://snomed.info/sct 90688005}">Chronic renal failure syndrome (disorder)</span></p><p><b>specimen</b>: <a href="Specimen-Urine.html">Urine specimen</a></p><p><b>note</b>: Please use umol/L as Unit for the ratio calculation umol[albumin]/mmol[creatinine].</p></div>
  </text>
  <identifier>
    <type>
      <coding>
        <system value="http://terminology.hl7.org/CodeSystem/v2-0203"/>
        <code value="PLAC"/>
        <display value="Placer Identifier"/>
      </coding>
    </type>
    <system value="urn:oid:2.16.756.5.30.1.123.100.2.1.1"/>
    <value value="Y274589"/>
  </identifier>
  <basedOn>
    <reference value="ServiceRequest/lab-order-uACR"/>
  </basedOn>
  <requisition>
    <type>
      <coding>
        <system value="http://terminology.hl7.org/CodeSystem/v2-0203"/>
        <code value="PLAC"/>
        <display value="Placer Identifier"/>
      </coding>
    </type>
    <system value="urn:oid:2.16.756.5.30.1.123.100.2.1.1"/>
    <value value="ReqID-123456789"/>
  </requisition>
  <status value="active"/>
  <intent value="original-order"/>
  <priority value="urgent"/>
  <code>
    <coding>
      <system value="http://loinc.org"/>
      <code value="77158-4"/>
      <display value="Microalbumin [Moles/volume] in Urine by Detection limit &lt;= 3.0 mg/L"/>
    </coding>
  </code>
  <orderDetail>
    <coding>
      <system value="http://terminology.hl7.org/CodeSystem/v2-0119"/>
      <code value="NW"/>
      <display value="New order/service"/>
    </coding>
    <text value="Order Control code"/>
  </orderDetail>
  <subject>
    <reference value="Patient/HansGuggindieluft"/>
  </subject>
  <requester>
    <reference value="PractitionerRole/MarcMustermannGruppenpraxis"/>
  </requester>
  <reasonCode>
    <coding>
      <system value="http://snomed.info/sct"/>
      <code value="90688005"/>
    </coding>
    <text value="Chronic renal failure syndrome (disorder)"/>
  </reasonCode>
  <specimen>
    <reference value="Specimen/Urine"/>
    <display value="Urine specimen"/>
  </specimen>
  <note>
    <text value="Please use umol/L as Unit for the ratio calculation umol[albumin]/mmol[creatinine]."/>
  </note>
</ServiceRequest>