<?xml version="1.0" encoding="UTF-8"?>

<ServiceRequest xmlns="http://hl7.org/fhir">
  <id value="ServiceRequestRenalInsufficiencyPanel"/>
  <meta>
    <profile value="http://fhir.ch/ig/ch-lab-order/StructureDefinition/ch-lab-order-SR"/>
  </meta>
  <text>
    <status value="generated"/><div xmlns="http://www.w3.org/1999/xhtml"><p class="res-header-id"><b>Generated Narrative: ServiceRequest ServiceRequestRenalInsufficiencyPanel</b></p><a name="ServiceRequestRenalInsufficiencyPanel"> </a><a name="hcServiceRequestRenalInsufficiencyPanel"> </a><a name="ServiceRequestRenalInsufficiencyPanel-en-US"> </a><div style="display: inline-block; background-color: #d9e0e7; padding: 6px; margin: 4px; border: 1px solid #8da1b4; border-radius: 5px; line-height: 60%"><p style="margin-bottom: 0px"/><p style="margin-bottom: 0px">Profile: <a href="StructureDefinition-ch-lab-order-SR.html">CH LAB-Order-SR</a></p></div><p><b>identifier</b>: Placer Identifier/Y274589</p><p><b>instantiatesCanonical</b>: <a href="PlanDefinition-LabServiceRenalInsufficiency.html">Renal Insufficiency Lab Panel</a></p><p><b>requisition</b>: Placer Identifier/ReqID-123456789</p><p><b>status</b>: Active</p><p><b>intent</b>: Original Order</p><p><b>priority</b>: Urgent</p><p><b>code</b>: <span title="Codes:{http://loinc.org LP31398-8}">Renal function</span></p><p><b>orderDetail</b>: <span title="Codes:{http://terminology.hl7.org/CodeSystem/v2-0119 NW}">Order Control code</span></p><p><b>subject</b>: <a href="Bundle-LabOrderDocument.html#urn-uuid-b82ca08b-9476-44a7-9893-74adbe93ab54">Bundle: identifier = UUID:bc4715e6-c46d-4794-a379-b809f24ef05d; type = document; timestamp = 2025-03-05 12:00:00+0000</a></p><p><b>requester</b>: <a href="Bundle-LabOrderDocument.html#urn-uuid-1301bc1f-9d23-4529-b30d-f1a0e792823c">Bundle: identifier = UUID:bc4715e6-c46d-4794-a379-b809f24ef05d; type = document; timestamp = 2025-03-05 12:00:00+0000</a></p><p><b>reasonCode</b>: <span title="Codes:{http://snomed.info/sct 90688005}">Chronic renal failure syndrome (disorder)</span></p></div>
  </text>
  <identifier>
    <type>
      <coding>
        <system value="http://terminology.hl7.org/CodeSystem/v2-0203"/>
        <code value="PLAC"/>
        <display value="Placer Identifier"/>
      </coding>
    </type>
    <system value="urn:oid:2.16.756.5.30.1.123.100.2.1.1"/>
    <value value="Y274589"/>
  </identifier>
  <instantiatesCanonical value="http://fhir.ch/ig/ch-lab-order/PlanDefinition/LabServiceRenalInsufficiency"/>
  <requisition>
    <type>
      <coding>
        <system value="http://terminology.hl7.org/CodeSystem/v2-0203"/>
        <code value="PLAC"/>
        <display value="Placer Identifier"/>
      </coding>
    </type>
    <system value="http://example.org/placer-system/req-nr"/>
    <value value="ReqID-123456789"/>
  </requisition>
  <status value="active"/>
  <intent value="original-order"/>
  <priority value="urgent"/>
  <code>
    <coding>
      <system value="http://loinc.org"/>
      <code value="LP31398-8"/>
      <display value="Renal function"/>
    </coding>
  </code>
  <orderDetail>
    <coding>
      <system value="http://terminology.hl7.org/CodeSystem/v2-0119"/>
      <code value="NW"/>
      <display value="New order/service"/>
    </coding>
    <text value="Order Control code"/>
  </orderDetail>
  <subject>
    <reference value="urn:uuid:b82ca08b-9476-44a7-9893-74adbe93ab54"/>
  </subject>
  <requester>
    <reference value="urn:uuid:1301bc1f-9d23-4529-b30d-f1a0e792823c"/>
  </requester>
  <reasonCode>
    <coding>
      <system value="http://snomed.info/sct"/>
      <code value="90688005"/>
    </coding>
    <text value="Chronic renal failure syndrome (disorder)"/>
  </reasonCode>
</ServiceRequest>