<?xml version="1.0" encoding="UTF-8"?>

<ServiceRequest xmlns="http://hl7.org/fhir">
  <id value="service-request-generic"/>
  <meta>
    <profile value="http://fhir.ch/ig/ch-lab-order/StructureDefinition/ch-lab-order-SR"/>
  </meta>
  <text>
    <status value="generated"/><div xmlns="http://www.w3.org/1999/xhtml"><p class="res-header-id"><b>Generated Narrative: ServiceRequest service-request-generic</b></p><a name="service-request-generic"> </a><a name="hcservice-request-generic"> </a><a name="service-request-generic-en-US"> </a><div style="display: inline-block; background-color: #d9e0e7; padding: 6px; margin: 4px; border: 1px solid #8da1b4; border-radius: 5px; line-height: 60%"><p style="margin-bottom: 0px"/><p style="margin-bottom: 0px">Profile: <a href="StructureDefinition-ch-lab-order-SR.html">CH LAB-Order-SR</a></p></div><p><b>identifier</b>: Placer Identifier/Y274589</p><p><b>instantiatesCanonical</b>: <a href="ActivityDefinition-procedure-hb.html">Procedure - Hemoglobin - Blood</a></p><p><b>status</b>: Active</p><p><b>intent</b>: Original Order</p><p><b>priority</b>: Urgent</p><p><b>code</b>: <span title="Codes:{http://loinc.org 59260-0}">Hemoglobin [Moles/volume] in Blood</span></p><p><b>subject</b>: <a href="Patient-HansGuggindieluft.html">Hans Guggindieluft  Male, DoB: 1981-01-01 ( urn:oid:2.16.756.5.30.1.123.100.1.1.1#80756011110123400009)</a></p><p><b>requester</b>: <a href="PractitionerRole-MarcMustermannGruppenpraxis.html">PractitionerRole</a></p><p><b>reasonCode</b>: <span title="Codes:{http://snomed.info/sct 90688005}">Chronic renal failure syndrome (disorder)</span></p><p><b>supportingInfo</b>: <a href="MedicationStatement-Acetylsalicylat.html">MedicationStatement: status = active; medication[x] = -&gt;Medication Product containing only aspirin (medicinal product); effective[x] = 2023-11-11; dateAsserted = 2023-11-11; note = Patient takes it every day in the morning back pain</a></p><p><b>specimen</b>: <a href="Specimen-Blood.html">Blood</a></p></div>
  </text>
  <identifier>
    <type>
      <coding>
        <system value="http://terminology.hl7.org/CodeSystem/v2-0203"/>
        <code value="PLAC"/>
        <display value="Placer Identifier"/>
      </coding>
    </type>
    <system value="urn:oid:2.16.756.5.30.1.123.100.2.1.1"/>
    <value value="Y274589"/>
  </identifier>
  <instantiatesCanonical value="http://fhir.ch/ig/ch-lab-order/ActivityDefinition/procedure-hb"/>
  <status value="active"/>
  <intent value="original-order"/>
  <priority value="urgent"/>
  <code>
    <coding>
      <system value="http://loinc.org"/>
      <code value="59260-0"/>
      <display value="Hemoglobin [Moles/volume] in Blood"/>
    </coding>
  </code>
  <subject>
    <reference value="Patient/HansGuggindieluft"/>
  </subject>
  <requester>
    <reference value="PractitionerRole/MarcMustermannGruppenpraxis"/>
  </requester>
  <reasonCode>
    <coding>
      <system value="http://snomed.info/sct"/>
      <code value="90688005"/>
    </coding>
    <text value="Chronic renal failure syndrome (disorder)"/>
  </reasonCode>
  <supportingInfo>
    <reference value="MedicationStatement/Acetylsalicylat"/>
  </supportingInfo>
  <specimen>
    <reference value="Specimen/Blood"/>
    <display value="Blood"/>
  </specimen>
</ServiceRequest>