<?xml version="1.0" encoding="UTF-8"?><ConceptMap xmlns="http://hl7.org/fhir"><id value="ch-elm-expecting-specimen-specification-to-results-completion-vs"/><text><status value="extensions"/><div xmlns="http://www.w3.org/1999/xhtml"><p>Mapping from <a href="ValueSet-ch-elm-expecting-specimen-specification.html">CH ELM Expecting Specimen Specification</a> to <a href="ValueSet-ch-elm-results-completion-vs.html">CH ELM Results Completion Vs</a></p><p>ACTIVE. Published on 2024-06-17 08:47:24+0000 by Federal Office of Public Health FOPH  (Federal Office of Public Health FOPH: <a href="https://www.bag.admin.ch/bag/en/home/das-bag/kontakt-standort.html">https://www.bag.admin.ch/bag/e...</a>). CC0-1.0</p><div><p>This CH ELM concept map shows which leading codes have to be completed by an additional code to specify the specimen. The target code shows the URL of the value set containing the permitted codes for the specimen specification.</p>
</div><br/><p><b>Group 1 </b>Mapping from <a href="http://terminology.hl7.org/5.3.0/CodeSystem-v3-loinc.html">Logical Observation Identifiers, Names and Codes (LOINC)</a> to <a href="CodeSystem-ch-elm-results-completion-vs.html">CH ELM Results Completion Vs</a></p><table class="grid"><tr><td><b>Source Code</b></td><td><b>Relationship</b></td><td><b>Target Code</b></td></tr><tr><td>21613-5 (Chlamydia trachomatis DNA [Presence] in Specimen by NAA with probe detection)</td><td><a href="http://hl7.org/fhir/R4/codesystem-concept-map-equivalence.html#relatedto" title="relatedto">is related to</a></td><td>http://fhir.ch/ig/ch-elm/ValueSet/ch-elm-results-geni-spec</td></tr><tr><td>31777-6 (Chlamydia trachomatis Ag [Presence] in Specimen)</td><td><a href="http://hl7.org/fhir/R4/codesystem-concept-map-equivalence.html#relatedto" title="relatedto">is related to</a></td><td>http://fhir.ch/ig/ch-elm/ValueSet/ch-elm-results-geni-spec</td></tr><tr><td>43304-5 (Chlamydia trachomatis rRNA [Presence] in Specimen by NAA with probe detection)</td><td><a href="http://hl7.org/fhir/R4/codesystem-concept-map-equivalence.html#relatedto" title="relatedto">is related to</a></td><td>http://fhir.ch/ig/ch-elm/ValueSet/ch-elm-results-geni-spec</td></tr><tr><td>6349-5 (Chlamydia trachomatis [Presence] in Specimen by Organism specific culture)</td><td><a href="http://hl7.org/fhir/R4/codesystem-concept-map-equivalence.html#relatedto" title="relatedto">is related to</a></td><td>http://fhir.ch/ig/ch-elm/ValueSet/ch-elm-results-geni-spec</td></tr></table></div></text><url value="http://fhir.ch/ig/ch-elm/ConceptMap/ch-elm-expecting-specimen-specification-to-results-completion-vs"/><version value="1.3.1"/><name value="ChElmExpectingSpecimenSpecificationToResultsCompletionVs"/><title value="CH ELM Expecting Specimen Specification To Results Completion Vs"/><status value="active"/><experimental value="false"/><date value="2024-06-17T08:47:24+00:00"/><publisher value="Federal Office of Public Health FOPH"/><contact><name value="Federal Office of Public Health FOPH"/><telecom><system value="url"/><value value="https://www.bag.admin.ch/bag/en/home/das-bag/kontakt-standort.html"/></telecom></contact><description value="This CH ELM concept map shows which leading codes have to be completed by an additional code to specify the specimen. The target code shows the URL of the value set containing the permitted codes for the specimen specification."/><jurisdiction><coding><system value="urn:iso:std:iso:3166"/><code value="CHE"/></coding></jurisdiction><copyright value="CC0-1.0"/><sourceCanonical value="http://fhir.ch/ig/ch-elm/ValueSet/ch-elm-expecting-specimen-specification"/><targetCanonical value="http://fhir.ch/ig/ch-elm/ValueSet/ch-elm-results-completion-vs"/><group><source value="http://loinc.org"/><target value="http://fhir.ch/ig/ch-elm/CodeSystem/ch-elm-results-completion-vs"/><element><code value="21613-5"/><display value="Chlamydia trachomatis DNA [Presence] in Specimen by NAA with probe detection"/><target><modifierExtension url="http://hl7.org/fhir/1.0/StructureDefinition/extension-ConceptMap.element.target.equivalence"><valueCode value="relatedto"/></modifierExtension><code value="http://fhir.ch/ig/ch-elm/ValueSet/ch-elm-results-geni-spec"/><equivalence value="relatedto"/></target></element><element><code value="31777-6"/><display value="Chlamydia trachomatis Ag [Presence] in Specimen"/><target><modifierExtension url="http://hl7.org/fhir/1.0/StructureDefinition/extension-ConceptMap.element.target.equivalence"><valueCode value="relatedto"/></modifierExtension><code value="http://fhir.ch/ig/ch-elm/ValueSet/ch-elm-results-geni-spec"/><equivalence value="relatedto"/></target></element><element><code value="43304-5"/><display value="Chlamydia trachomatis rRNA [Presence] in Specimen by NAA with probe detection"/><target><modifierExtension url="http://hl7.org/fhir/1.0/StructureDefinition/extension-ConceptMap.element.target.equivalence"><valueCode value="relatedto"/></modifierExtension><code value="http://fhir.ch/ig/ch-elm/ValueSet/ch-elm-results-geni-spec"/><equivalence value="relatedto"/></target></element><element><code value="6349-5"/><display value="Chlamydia trachomatis [Presence] in Specimen by Organism specific culture"/><target><modifierExtension url="http://hl7.org/fhir/1.0/StructureDefinition/extension-ConceptMap.element.target.equivalence"><valueCode value="relatedto"/></modifierExtension><code value="http://fhir.ch/ig/ch-elm/ValueSet/ch-elm-results-geni-spec"/><equivalence value="relatedto"/></target></element></group></ConceptMap>