<?xml version="1.0" encoding="UTF-8"?><ValueSet xmlns="http://hl7.org/fhir"><id value="ch-emed-epr-event-timing"/><meta><profile value="http://hl7.org/fhir/StructureDefinition/shareablevalueset"/></meta><text><status value="extensions"/><div xmlns="http://www.w3.org/1999/xhtml"><p class="res-header-id"><b>Generated Narrative: ValueSet ch-emed-epr-event-timing</b></p><a name="ch-emed-epr-event-timing"> </a><a name="hcch-emed-epr-event-timing"> </a><div style="display: inline-block; background-color: #d9e0e7; padding: 6px; margin: 4px; border: 1px solid #8da1b4; border-radius: 5px; line-height: 60%"><p style="margin-bottom: 0px"/><p style="margin-bottom: 0px">Profile: <a href="http://hl7.org/fhir/R4/shareablevalueset.html">Shareable ValueSet</a></p></div><ul><li>Include these codes as defined in <a href="http://hl7.org/fhir/R4/codesystem-event-timing.html"><code>http://hl7.org/fhir/event-timing</code></a><span title="Version is not explicitly stated, which means it is fixed to 4.0.1, the version found through the package references"> version 📦4.0.1</span><table class="none"><tr><td style="white-space:nowrap"><b>Code</b></td><td><b>Display</b></td><td><b>Definition</b></td></tr><tr><td><code>MORN</code></td><td>Morning</td><td>Event occurs during the morning. The exact time is unspecified and established by institution convention or patient interpretation.</td></tr><tr><td><code>NOON</code></td><td>Noon</td><td>Event occurs around 12:00pm. The exact time is unspecified and established by institution convention or patient interpretation.</td></tr><tr><td><code>EVE</code></td><td>Evening</td><td>Event occurs during the evening. The exact time is unspecified and established by institution convention or patient interpretation.</td></tr><tr><td><code>NIGHT</code></td><td>Night</td><td>Event occurs during the night. The exact time is unspecified and established by institution convention or patient interpretation.</td></tr></table></li></ul></div></text><url value="http://fhir.ch/ig/ch-emed-epr/ValueSet/ch-emed-epr-event-timing"/><version value="3.0.0"/><name value="CHEMEDEPREventTiming"/><title value="Event Timings"/><status value="draft"/><experimental value="true"/><date value="2026-02-11T07:01:54+00:00"/><publisher value="CARA"/><contact><name value="CARA"/><telecom><system value="url"/><value value="https://www.cara.ch"/></telecom></contact><description value="Event Timings for ambulatory use."/><jurisdiction><coding><system value="urn:iso:std:iso:3166"/><code value="CH"/><display value="Switzerland"/></coding></jurisdiction><copyright value="CC0-1.0"/><compose><include><system value="http://hl7.org/fhir/event-timing"/><concept><code value="MORN"/><display value="Morning"/></concept><concept><code value="NOON"/><display value="Noon"/></concept><concept><code value="EVE"/><display value="Evening"/></concept><concept><code value="NIGHT"/><display value="Night"/></concept></include></compose></ValueSet>