<?xml version="1.0" encoding="UTF-8"?><CodeSystem xmlns="http://hl7.org/fhir"><id value="ch-elm-interpretation-codes-vs"/><text><status value="generated"/><div xmlns="http://www.w3.org/1999/xhtml"><p class="res-header-id"><b>Generated Narrative: CodeSystem ch-elm-interpretation-codes-vs</b></p><a name="ch-elm-interpretation-codes-vs"> </a><a name="hcch-elm-interpretation-codes-vs"> </a><a name="ch-elm-interpretation-codes-vs-en-US"> </a><p>This case-insensitive code system <code>http://fhir.ch/ig/ch-elm/CodeSystem/ch-elm-interpretation-codes-vs</code> defines the following codes:</p><table class="codes"><tr><td style="white-space:nowrap"><b>Code</b></td></tr><tr><td style="white-space:nowrap">http://fhir.ch/ig/ch-elm/ValueSet/ch-elm-interpretation-codes-pos<a name="ch-elm-interpretation-codes-vs-http.58.47.47fhir.46ch.47ig.47ch-elm.47ValueSet.47ch-elm-interpretation-codes-pos"> </a></td></tr><tr><td style="white-space:nowrap">http://fhir.ch/ig/ch-elm/ValueSet/ch-elm-interpretation-codes-pos-neg<a name="ch-elm-interpretation-codes-vs-http.58.47.47fhir.46ch.47ig.47ch-elm.47ValueSet.47ch-elm-interpretation-codes-pos-neg"> </a></td></tr><tr><td style="white-space:nowrap">http://fhir.ch/ig/ch-elm/ValueSet/ch-elm-interpretation-codes-res-sus<a name="ch-elm-interpretation-codes-vs-http.58.47.47fhir.46ch.47ig.47ch-elm.47ValueSet.47ch-elm-interpretation-codes-res-sus"> </a></td></tr><tr><td style="white-space:nowrap">http://fhir.ch/ig/ch-elm/ValueSet/ch-elm-interpretation-codes-sero<a name="ch-elm-interpretation-codes-vs-http.58.47.47fhir.46ch.47ig.47ch-elm.47ValueSet.47ch-elm-interpretation-codes-sero"> </a></td></tr><tr><td style="white-space:nowrap">http://fhir.ch/ig/ch-elm/ValueSet/ch-elm-interpretation-codes-titer<a name="ch-elm-interpretation-codes-vs-http.58.47.47fhir.46ch.47ig.47ch-elm.47ValueSet.47ch-elm-interpretation-codes-titer"> </a></td></tr></table></div></text><url value="http://fhir.ch/ig/ch-elm/CodeSystem/ch-elm-interpretation-codes-vs"/><version value="1.4.0"/><name value="ChElmInterpretationCodesVs"/><title value="CH ELM Interpretation Codes Vs"/><status value="active"/><experimental value="false"/><date value="2024-08-20T16:24:59+00:00"/><publisher value="Federal Office of Public Health FOPH"/><contact><name value="Federal Office of Public Health FOPH"/><telecom><system value="url"/><value value="https://www.bag.admin.ch/bag/en/home/das-bag/kontakt-standort.html"/></telecom></contact><description value="The codes contained in this code system represent URLs of value sets that can be used as target codes in ConceptMaps. These value sets define the codes that are permitted to indicate the observation interpretation in relation to the leading code."/><jurisdiction><coding><system value="urn:iso:std:iso:3166"/><code value="CHE"/></coding></jurisdiction><copyright value="CC0-1.0"/><caseSensitive value="false"/><content value="complete"/><concept><code value="http://fhir.ch/ig/ch-elm/ValueSet/ch-elm-interpretation-codes-pos"/></concept><concept><code value="http://fhir.ch/ig/ch-elm/ValueSet/ch-elm-interpretation-codes-pos-neg"/></concept><concept><code value="http://fhir.ch/ig/ch-elm/ValueSet/ch-elm-interpretation-codes-res-sus"/></concept><concept><code value="http://fhir.ch/ig/ch-elm/ValueSet/ch-elm-interpretation-codes-sero"/></concept><concept><code value="http://fhir.ch/ig/ch-elm/ValueSet/ch-elm-interpretation-codes-titer"/></concept></CodeSystem>