{
  "resourceType" : "ValueSet",
  "id" : "8260ef13-ea55-4db4-a0c7-66dea03a0b43-195",
  "url" : "http://hl7.org/fhir/comparison/ValueSet/8260ef13-ea55-4db4-a0c7-66dea03a0b43-195",
  "name" : "IntersectionECH11SexAndECH11Sex",
  "title" : "Intersection of eCH-011 Sex And eCH-011 Sex",
  "status" : "draft",
  "date" : "2021-02-12T11:23:24+01:00",
  "jurisdiction" : [{
    "coding" : [{
      "system" : "urn:iso:std:iso:3166",
      "code" : "CH"
    }]
  }],
  "compose" : {
    "include" : [{
      "concept" : [{
        "code" : "1",
        "display" : "männlich"
      },
      {
        "code" : "2",
        "display" : "weiblich"
      },
      {
        "code" : "3",
        "display" : "unbestimmt"
      }]
    }]
  },
  "expansion" : {
    "contains" : [{
      "system" : "http://fhir.ch/ig/ch-core/CodeSystem/ech-11-sex",
      "code" : "1",
      "display" : "männlich"
    },
    {
      "system" : "http://fhir.ch/ig/ch-core/CodeSystem/ech-11-sex",
      "code" : "2",
      "display" : "weiblich"
    },
    {
      "system" : "http://fhir.ch/ig/ch-core/CodeSystem/ech-11-sex",
      "code" : "3",
      "display" : "unbestimmt"
    }]
  }
}