<?xml version="1.0" encoding="UTF-8"?><CodeSystem xmlns="http://hl7.org/fhir"><id value="ch-elm-observation-profile-vs"/><text><status value="generated"/><div xmlns="http://www.w3.org/1999/xhtml"><p class="res-header-id"><b>Generated Narrative: CodeSystem ch-elm-observation-profile-vs</b></p><a name="ch-elm-observation-profile-vs"> </a><a name="hcch-elm-observation-profile-vs"> </a><p>This case-insensitive code system <code>http://fhir.ch/ig/ch-elm/CodeSystem/ch-elm-observation-profile-vs</code> defines the following codes:</p><table class="codes"><tr><td style="white-space:nowrap"><b>Code</b></td></tr><tr><td style="white-space:nowrap">http://fhir.ch/ig/ch-elm/StructureDefinition/ch-elm-observation-txt<a name="ch-elm-observation-profile-vs-http.58.47.47fhir.46ch.47ig.47ch-elm.47StructureDefinition.47ch-elm-observation-txt"> </a></td></tr><tr><td style="white-space:nowrap">http://fhir.ch/ig/ch-elm/StructureDefinition/ch-elm-observation-rto<a name="ch-elm-observation-profile-vs-http.58.47.47fhir.46ch.47ig.47ch-elm.47StructureDefinition.47ch-elm-observation-rto"> </a></td></tr><tr><td style="white-space:nowrap">http://fhir.ch/ig/ch-elm/StructureDefinition/ch-elm-observation-geno<a name="ch-elm-observation-profile-vs-http.58.47.47fhir.46ch.47ig.47ch-elm.47StructureDefinition.47ch-elm-observation-geno"> </a></td></tr><tr><td style="white-space:nowrap">http://fhir.ch/ig/ch-elm/StructureDefinition/ch-elm-observation-hiv-rec<a name="ch-elm-observation-profile-vs-http.58.47.47fhir.46ch.47ig.47ch-elm.47StructureDefinition.47ch-elm-observation-hiv-rec"> </a></td></tr><tr><td style="white-space:nowrap">http://fhir.ch/ig/ch-elm/StructureDefinition/ch-elm-observation-pq-virl<a name="ch-elm-observation-profile-vs-http.58.47.47fhir.46ch.47ig.47ch-elm.47StructureDefinition.47ch-elm-observation-pq-virl"> </a></td></tr><tr><td style="white-space:nowrap">http://fhir.ch/ig/ch-elm/StructureDefinition/ch-elm-observation-component-conc<a name="ch-elm-observation-profile-vs-http.58.47.47fhir.46ch.47ig.47ch-elm.47StructureDefinition.47ch-elm-observation-component-conc"> </a></td></tr><tr><td style="white-space:nowrap">http://fhir.ch/ig/ch-elm/StructureDefinition/ch-elm-observation-pq-ab<a name="ch-elm-observation-profile-vs-http.58.47.47fhir.46ch.47ig.47ch-elm.47StructureDefinition.47ch-elm-observation-pq-ab"> </a></td></tr></table></div></text><url value="http://fhir.ch/ig/ch-elm/CodeSystem/ch-elm-observation-profile-vs"/><version value="1.13.1"/><name value="ChElmObservationProfileVs"/><title value="CH ELM Observation Profile Vs"/><status value="active"/><experimental value="false"/><date value="2026-01-21T11:05:32+00:00"/><publisher value="Federal Office of Public Health FOPH"/><contact><name value="Federal Office of Public Health FOPH"/><telecom><system value="url"/><value value="https://www.bag.admin.ch/bag/en/home/das-bag/kontakt-standort.html"/></telecom></contact><description value="The codes contained in this code system represent URLs of Profile Observations that can be used as target codes in ConceptMaps. These profiles defines the Observation in relation to the leading code."/><jurisdiction><coding><system value="urn:iso:std:iso:3166"/><code value="CH"/></coding></jurisdiction><copyright value="CC0-1.0"/><caseSensitive value="false"/><content value="complete"/><concept><code value="http://fhir.ch/ig/ch-elm/StructureDefinition/ch-elm-observation-txt"/></concept><concept><code value="http://fhir.ch/ig/ch-elm/StructureDefinition/ch-elm-observation-rto"/></concept><concept><code value="http://fhir.ch/ig/ch-elm/StructureDefinition/ch-elm-observation-geno"/></concept><concept><code value="http://fhir.ch/ig/ch-elm/StructureDefinition/ch-elm-observation-hiv-rec"/></concept><concept><code value="http://fhir.ch/ig/ch-elm/StructureDefinition/ch-elm-observation-pq-virl"/></concept><concept><code value="http://fhir.ch/ig/ch-elm/StructureDefinition/ch-elm-observation-component-conc"/></concept><concept><code value="http://fhir.ch/ig/ch-elm/StructureDefinition/ch-elm-observation-pq-ab"/></concept></CodeSystem>