<?xml version="1.0" encoding="UTF-8"?><ConceptMap xmlns="http://hl7.org/fhir"><id value="sex-ech11-to-fhir"/><text><status value="generated"/><div xmlns="http://www.w3.org/1999/xhtml"><h2>SexECH011ToFHIRMapping (http://fhir.ch/ig/ch-core/ConceptMap/sex-ech11-to-fhir)</h2><p>Mapping from <a href="ValueSet-ech-11-sex.html">http://fhir.ch/ig/ch-core/ValueSet/ech-11-sex</a> to http://terminology.hl7.org/ValueSet/administrative-gender</p><p>DRAFT (not intended for production usage). Published on 26.11.2018, 00:00:00 by HL7 Switzerland (HL7 Switzerland: <a href="https://www.hl7.ch/">https://www.hl7.ch/</a>). CC-BY-SA-4.0</p><div><p>Sex eCH-011 to FHIR mapping</p>
</div><br/><table class="grid"><tr><td><b>Source Code</b></td><td><b>Relationship</b></td><td><b>Destination Code</b></td></tr><tr><td>1 (ma&#x308;nnlich)</td><td><a href="http://hl7.org/fhir/R4/codesystem-concept-map-equivalence.html#equivalent">is equivalent to</a></td><td>male</td></tr><tr><td>2 (weiblich)</td><td><a href="http://hl7.org/fhir/R4/codesystem-concept-map-equivalence.html#equivalent">is equivalent to</a></td><td>female</td></tr><tr><td>3 (unbestimmt)</td><td><a href="http://hl7.org/fhir/R4/codesystem-concept-map-equivalence.html#equivalent">is equivalent to</a></td><td>other</td></tr></table></div></text><url value="http://fhir.ch/ig/ch-core/ConceptMap/sex-ech11-to-fhir"/><version value="1.0.0"/><name value="SexECH011ToFHIRMapping"/><title value="Sex eCH-011 to FHIR mapping"/><status value="draft"/><experimental value="true"/><date value="2018-11-26T00:00:00+01:00"/><publisher value="HL7 Switzerland"/><contact><name value="HL7 Switzerland"/><telecom><system value="url"/><value value="https://www.hl7.ch/"/></telecom></contact><description value="Sex eCH-011 to FHIR mapping"/><jurisdiction><coding><system value="urn:iso:std:iso:3166"/><code value="CH"/></coding></jurisdiction><copyright value="CC-BY-SA-4.0"/><sourceUri value="http://fhir.ch/ig/ch-core/ValueSet/ech-11-sex"/><targetUri value="http://terminology.hl7.org/ValueSet/administrative-gender"/><group><source value="http://fhir.ch/ig/ch-core/CodeSystem/ech-11-sex"/><target value="http://hl7.org/fhir/administrative-gender"/><element><code value="1"/><display value="m&#xE4;nnlich"/><target><code value="male"/><display value="Male"/><equivalence value="equivalent"/></target></element><element><code value="2"/><display value="weiblich"/><target><code value="female"/><display value="female"/><equivalence value="equivalent"/></target></element><element><code value="3"/><display value="unbestimmt"/><target><code value="other"/><display value="Other"/><equivalence value="equivalent"/></target></element></group></ConceptMap>