{"resourceType":"ValueSet","id":"ch-elm-results-mal-org","text":{"status":"generated","div":"<div xmlns=\"http://www.w3.org/1999/xhtml\"><ul><li>Include these codes as defined in <a href=\"http://www.snomed.org/\"><code>http://snomed.info/sct</code></a><table class=\"none\"><tr><td style=\"white-space:nowrap\"><b>Code</b></td><td><b>Display</b></td></tr><tr><td><a href=\"http://snomed.info/id/30020004\">30020004</a></td><td>Plasmodium falciparum (organism)</td></tr><tr><td><a href=\"http://snomed.info/id/74746009\">74746009</a></td><td>Plasmodium vivax (organism)</td></tr><tr><td><a href=\"http://snomed.info/id/49918008\">49918008</a></td><td>Plasmodium knowlesi (organism)</td></tr><tr><td><a href=\"http://snomed.info/id/786826006\">786826006</a></td><td>Plasmodium ovale or Plasmodium vivax (finding)</td></tr><tr><td><a href=\"http://snomed.info/id/18508006\">18508006</a></td><td>Plasmodium ovale (organism)</td></tr><tr><td><a href=\"http://snomed.info/id/56395006\">56395006</a></td><td>Plasmodium malariae (organism)</td></tr><tr><td><a href=\"http://snomed.info/id/34706006\">34706006</a></td><td>Plasmodium (organism)</td></tr></table></li></ul></div>"},"url":"http://fhir.ch/ig/ch-elm/ValueSet/ch-elm-results-mal-org","version":"1.3.1","name":"ChElmResultsMalOrg","title":"CH ELM Results Mal Org","status":"active","experimental":false,"date":"2024-06-17T08:47:24+00:00","publisher":"Federal Office of Public Health FOPH","contact":[{"name":"Federal Office of Public Health FOPH","telecom":[{"system":"url","value":"https://www.bag.admin.ch/bag/en/home/das-bag/kontakt-standort.html"}]}],"description":"The \"CH ELM Results Mal Org\" organism group provides a curated set of codes representing specific organisms. Each code within this group has been selected to ensure precise representation and consistency in relation to the primary LOINC codes. Clients utilizing the \"CH ELM Results Mal Org\" group should refer to the provided codes to accurately and uniformly capture and report organism-related information.","jurisdiction":[{"coding":[{"system":"urn:iso:std:iso:3166","code":"CHE"}]}],"copyright":"CC0-1.0","compose":{"include":[{"system":"http://snomed.info/sct","concept":[{"code":"30020004","display":"Plasmodium falciparum (organism)"},{"code":"74746009","display":"Plasmodium vivax (organism)"},{"code":"49918008","display":"Plasmodium knowlesi (organism)"},{"code":"786826006","display":"Plasmodium ovale or Plasmodium vivax (finding)"},{"code":"18508006","display":"Plasmodium ovale (organism)"},{"code":"56395006","display":"Plasmodium malariae (organism)"},{"code":"34706006","display":"Plasmodium (organism)"}]}]}}