Source File	Size	loadResources	load	generateSnapshots	load-configure	scan	loadDepInfo	loadInfo	checkR4R4B	generateNarratives	validate	loadLists	checkConformanceResources	checkConformanceResources2	checkConformanceResources3	generateLogicalMaps	validateExpressions	scanForUsageStats	checkURLsUnique	processProvenanceDetails	generate1	generate2	responsesForQuestionnaire	generateLogicals	makeDependencies	generateExampleZip	generateValidationPack	scanProfilesForR5	scanExamplesForR5
/fsh-generated/resources/ImplementationGuide-ch.fhir.ig.ch-umzh-connect.json	18529	-	0	0	0	0	0	0	4	8	0	0	0	0	1	0	0	1	0	0	58	46	0	0	0	0	6	0	1
fsh-generated/resources/ActorDefinition-ch-umzh-connect-fulfiller.json	467	1	0	0	3	0	0	0	0	2	0	0	0	0	0	0	0	0	0	0	9	21	0	0	0	0	0	0	0
fsh-generated/resources/ActorDefinition-ch-umzh-connect-placer.json	461	1	0	0	0	0	0	0	0	2	0	0	0	0	0	0	0	0	0	0	6	9	0	0	0	0	1	0	0
fsh-generated/resources/AllergyIntolerance-AllergyGado.json	585	1	0	0	0	0	0	0	0	570	0	0	0	0	0	0	0	0	0	0	4	6	0	0	0	1	0	0	0
fsh-generated/resources/Appointment-AppointmentOrthopedicConsultation.json	776	1	0	0	0	0	0	0	0	4	0	0	0	0	0	0	0	0	0	0	4	5	0	0	0	0	0	0	0
fsh-generated/resources/CapabilityStatement-ChUmzhConnectCapabilityStatement.json	21736	3	1	0	8	0	0	0	1	19	0	0	0	0	1	0	0	0	0	0	71	28	0	0	0	0	4	0	0
fsh-generated/resources/Condition-HeartFailureHFrEF.json	820	1	0	0	0	0	0	0	1	2	0	0	0	0	0	0	0	0	0	0	4	7	0	0	0	0	0	0	0
fsh-generated/resources/Condition-SarcomaKnee.json	594	1	0	0	0	0	0	0	0	1	0	0	0	0	0	0	0	0	0	0	4	4	0	0	0	0	0	0	0
fsh-generated/resources/Condition-SuspectedACLRupture.json	799	1	0	0	0	0	0	0	0	1	0	0	0	0	0	0	0	0	0	0	5	4	0	0	0	0	0	0	0
fsh-generated/resources/Coverage-CoverageMeier.json	1201	1	0	0	0	0	0	0	0	3	0	0	0	0	0	0	0	0	0	0	6	4	0	0	0	0	0	0	0
fsh-generated/resources/DocumentReference-DocCardiologyAttachment.json	86115	2	0	0	0	0	0	0	0	2	0	0	0	0	0	0	0	0	0	0	99	13	0	0	0	0	0	0	0
fsh-generated/resources/DocumentReference-DocDischargeReportOrthopedics.json	93064	2	0	0	0	0	0	0	0	1	0	0	0	0	0	0	0	0	0	0	107	10	0	0	0	0	0	0	0
fsh-generated/resources/Endpoint-EndpointFulfiller.json	599	0	0	0	0	0	0	0	0	11	0	0	0	0	0	0	0	0	0	0	3	3	0	0	0	0	0	0	0
fsh-generated/resources/Endpoint-EndpointPlacer.json	587	1	0	0	0	0	0	0	0	8	0	0	0	0	0	0	0	0	0	0	3	3	0	0	0	0	0	0	0
fsh-generated/resources/HealthcareService-HealthcareServiceOrthopedicsFulfiller.json	457	1	0	0	0	0	0	0	0	2	0	0	0	0	0	0	0	0	0	0	3	2	0	0	0	0	0	0	0
fsh-generated/resources/HealthcareService-HealthcareServiceTumorboardFulfiller.json	445	1	0	0	0	0	0	0	0	3	0	0	0	0	0	0	0	0	0	0	4	2	0	0	0	0	0	0	0
fsh-generated/resources/ImagingStudy-ImagingCT.json	501	1	0	0	0	0	0	0	0	1	0	0	0	0	0	0	0	0	0	0	3	4	0	0	0	0	0	0	0
fsh-generated/resources/ImagingStudy-ImagingPET.json	509	1	0	0	0	0	0	0	0	2	0	0	0	0	0	0	0	0	0	0	4	3	0	0	0	0	0	0	0
fsh-generated/resources/Medication-MedAspirin.json	871	1	0	0	0	0	0	0	0	1	0	0	0	0	0	0	0	0	0	0	4	2	0	0	0	0	0	0	0
fsh-generated/resources/MedicationStatement-MedicationAspirin.json	987	1	0	0	0	0	0	0	0	7	0	0	0	0	0	0	0	1	0	0	6	3	0	0	0	0	0	0	0
fsh-generated/resources/MedicationStatement-MedicationConcor.json	2157	2	0	0	0	0	0	0	1	2	0	0	0	0	0	0	0	0	0	0	6	5	0	0	0	0	0	0	0
fsh-generated/resources/MedicationStatement-MedicationEntresto.json	2470	1	0	0	0	0	0	0	0	2	0	0	0	0	0	0	0	0	0	0	7	5	0	0	0	0	0	0	0
fsh-generated/resources/Organization-Fulfiller.json	552	1	0	0	0	0	0	0	0	4	0	0	0	0	0	0	0	0	0	0	4	3	0	0	0	0	0	0	0
fsh-generated/resources/Organization-Placer.json	541	1	0	0	0	0	0	0	0	2	0	0	0	0	0	0	0	0	0	0	4	3	0	0	0	0	0	0	0
fsh-generated/resources/Patient-PetraMeier.json	945	1	0	0	0	0	0	0	0	1	0	0	0	0	0	0	0	0	0	0	4	4	0	0	0	0	0	0	0
fsh-generated/resources/Practitioner-HansMuster.json	269	1	0	0	0	0	0	0	0	1	0	0	0	0	0	0	0	0	0	0	3	2	0	0	0	0	0	0	0
fsh-generated/resources/PractitionerRole-HansMusterRole.json	351	1	0	0	0	0	0	0	0	2	0	0	0	0	0	0	0	0	0	0	3	2	0	0	0	0	0	0	0
fsh-generated/resources/Questionnaire-QuestionnaireSmokingStatus.json	1225	1	0	0	0	0	0	0	0	4	0	0	0	0	0	0	0	0	0	0	15	8	0	0	0	0	0	0	0
fsh-generated/resources/QuestionnaireResponse-QuestionnaireResponseSmokingStatus.json	1025	1	0	0	0	0	0	0	0	1	0	0	0	0	0	0	0	0	0	0	15	6	0	0	0	0	0	0	0
fsh-generated/resources/SearchParameter-ch-umzhconnectig-servicerequest-insurance.json	556	1	0	0	0	0	0	0	0	2	0	0	0	0	1	0	0	0	0	0	6	4	0	0	0	0	1	0	0
fsh-generated/resources/SearchParameter-ch-umzhconnectig-servicerequest-reasonreference.json	592	0	0	0	0	0	0	0	0	1	0	0	0	0	0	0	0	0	0	0	6	5	0	0	0	0	0	0	0
fsh-generated/resources/SearchParameter-ch-umzhconnectig-servicerequest-supportinginfo.json	586	1	0	0	0	0	0	0	1	1	0	0	0	0	1	0	0	0	0	0	5	4	0	0	0	0	0	0	0
fsh-generated/resources/SearchParameter-ch-umzhconnectig-task-inputreference.json	532	1	0	0	0	0	0	0	0	1	0	0	0	0	0	0	0	0	0	0	5	4	0	0	0	0	1	0	0
fsh-generated/resources/SearchParameter-ch-umzhconnectig-task-outputcanonical.json	538	0	0	0	0	0	0	0	0	1	0	0	0	0	1	0	0	0	0	0	5	3	0	0	0	0	0	0	0
fsh-generated/resources/SearchParameter-ch-umzhconnectig-task-outputreference.json	538	1	0	0	0	0	0	0	0	1	0	0	0	0	0	0	0	0	0	0	5	4	0	0	0	0	0	0	0
fsh-generated/resources/ServiceRequest-ReferralOrthopedicSurgery.json	1434	1	0	0	0	0	1	0	0	3	0	0	0	0	0	0	0	0	0	0	6	10	0	0	0	0	0	0	0
fsh-generated/resources/ServiceRequest-ReferralTumorboard.json	1224	1	0	0	0	0	0	0	0	3	0	0	0	0	0	0	0	0	0	0	6	10	0	0	0	0	0	0	0
fsh-generated/resources/StructureDefinition-ch-umzh-connect-coordinationtask.json	2558	2	0	15	0	0	0	1	0	15	0	0	0	0	1	0	0	2	0	0	111	452	0	0	0	0	5	1	1
fsh-generated/resources/StructureDefinition-ch-umzh-connect-servicerequest.json	1174	2	0	31	1	0	0	0	0	16	0	0	0	0	0	0	0	4	0	0	171	338	0	0	1	0	11	0	2
fsh-generated/resources/Task-TaskReferralOrthopedicSurgery.json	1138	1	0	0	0	0	0	0	0	14	0	0	0	0	0	0	0	0	0	0	6	9	0	0	0	0	0	0	0
fsh-generated/resources/Task-TaskReferralOrthopedicSurgeryCompleted.json	2851	1	0	0	0	0	0	0	1	12	0	0	0	0	0	0	0	0	0	0	10	10	0	0	0	0	0	0	0
fsh-generated/resources/Task-TaskReferralOrthopedicSurgeryUpdated.json	1690	1	0	0	0	0	0	0	0	11	0	0	0	0	0	0	0	0	0	0	7	7	0	0	0	0	0	0	0
fsh-generated/resources/ValueSet-ch-umzh-connect-servicerequest-category.json	1041	1	0	0	0	0	0	0	0	937	0	0	0	0	0	0	0	0	0	0	6	268	0	0	0	0	0	0	0
/input/includes/logo.html	202	-	-	-	0	0	0	0	0	0	0	0	0	0	0	0	0	0	0	0	0	0	0	0	0	0	0	0	0
/input/includes/fragment-css.html	2151	-	-	-	0	0	0	0	0	0	0	0	0	0	0	0	0	0	0	0	0	1	0	0	0	0	0	0	0
/fsh-generated/includes/menu.xml	2443	-	-	-	0	0	0	0	0	0	0	0	0	0	0	0	0	0	0	0	0	0	0	0	0	0	0	0	0
/fsh-generated/includes/fsh-link-references.md	3048	-	-	-	0	0	0	0	0	0	0	0	0	0	0	0	0	0	0	0	0	0	0	0	0	0	0	0	0
/input/data/features.yml	156	-	-	-	0	0	0	0	0	0	0	0	0	0	0	0	0	0	0	0	0	0	0	0	0	0	0	0	0
/input/pagecontent/usecase-referral-sarcoma-tumorboard.md	2232	-	-	-	0	0	0	0	0	0	0	0	0	0	0	0	0	0	0	0	0	0	0	0	0	0	0	0	0
/input/pagecontent/security.md	20237	-	-	-	0	0	0	0	0	0	0	0	0	0	0	0	0	0	0	0	0	2	0	0	0	0	0	0	0
/input/pagecontent/core-concept-workflow-api.md	3516	-	-	-	0	0	0	0	0	0	0	0	0	0	0	0	0	0	0	0	0	0	0	0	0	0	0	0	0
/input/pagecontent/usecase-referral-orthopedic.md	7660	-	-	-	0	0	0	0	0	0	0	0	0	0	0	0	0	0	0	0	0	0	0	0	0	0	0	0	0
/input/pagecontent/security-implementation.md	18236	-	-	-	0	0	0	0	0	0	0	0	0	0	0	0	0	0	0	0	0	1	0	0	0	0	0	0	0
/input/pagecontent/core-concept-registry.md	1429	-	-	-	0	0	0	0	0	0	0	0	0	0	0	0	0	0	0	0	0	0	0	0	0	0	0	0	0
/input/pagecontent/workflow-states.md	3780	-	-	-	0	0	0	0	0	0	0	0	0	0	0	0	0	0	0	0	0	1	0	0	0	0	0	0	0
/input/pagecontent/changelog.md	3351	-	-	-	0	0	0	0	0	0	0	0	0	0	0	0	0	0	0	0	0	0	0	0	0	0	0	0	0
/input/pagecontent/guidance-reference-architecture.md	5331	-	-	-	0	0	0	0	0	0	0	0	0	0	0	0	0	0	0	0	0	0	0	0	0	0	0	0	0
/input/pagecontent/index.md	5387	-	-	-	0	0	0	0	0	0	0	0	0	0	0	0	0	0	0	0	0	1	0	0	0	0	0	0	0
/input/pagecontent/guidance-interactions.md	8175	-	-	-	0	0	0	0	0	0	0	0	0	0	0	0	0	0	0	0	0	0	0	0	0	0	0	0	0
/template/config	0	-	-	-	0	0	0	0	0	0	0	0	0	0	0	0	0	0	0	0	0	0	0	0	0	0	0	0	0
/template/config/_config.yml	140	-	-	-	0	0	0	0	0	0	0	0	0	0	0	0	0	0	0	0	0	0	0	0	0	0	0	0	0
/input/images	0	-	-	-	0	0	0	0	0	0	0	0	0	0	0	0	0	0	0	0	0	0	0	0	0	0	0	0	0
/input/images/hl7-logo.png	3724	-	-	-	0	0	0	0	0	0	0	0	0	0	0	0	0	0	0	0	0	0	0	0	0	0	0	0	0
/temp/pages/_includes/artifacts.xml	21749	-	-	-	-	-	-	-	-	-	-	-	-	-	-	-	-	-	-	-	-	1	0	0	0	0	0	0	0
/temp/pages/_includes/dependencies-igs.svg	5602	-	-	-	-	-	-	-	-	-	-	-	-	-	-	-	-	-	-	-	-	1	0	0	0	0	0	0	0
