<?xml version="1.0" encoding="UTF-8"?>

<Condition xmlns="http://hl7.org/fhir">
  <id value="8a79d459-0d2f-460b-87fd-a7de12d49871"/>
  <meta>
    <profile value="http://fhir.ch/ig/ch-ips/StructureDefinition/ch-ips-condition"/>
  </meta>
  <text>
    <status value="generated"/><div xmlns="http://www.w3.org/1999/xhtml"><p><b>Generated Narrative: Condition</b><a name="8a79d459-0d2f-460b-87fd-a7de12d49871"> </a><a name="hc8a79d459-0d2f-460b-87fd-a7de12d49871"> </a></p><div style="display: inline-block; background-color: #d9e0e7; padding: 6px; margin: 4px; border: 1px solid #8da1b4; border-radius: 5px; line-height: 60%"><p style="margin-bottom: 0px">ResourceCondition &quot;8a79d459-0d2f-460b-87fd-a7de12d49871&quot; </p><p style="margin-bottom: 0px">Profile: <a href="StructureDefinition-ch-ips-condition.html">CH IPS Condition</a></p></div><p><b>clinicalStatus</b>: Active <span style="background: LightGoldenRodYellow; margin: 4px; border: 1px solid khaki"> (<a href="http://terminology.hl7.org/5.5.0/CodeSystem-condition-clinical.html">Condition Clinical Status Codes</a>#active)</span></p><p><b>verificationStatus</b>: Confirmed <span style="background: LightGoldenRodYellow; margin: 4px; border: 1px solid khaki"> (<a href="http://terminology.hl7.org/5.5.0/CodeSystem-condition-ver-status.html">ConditionVerificationStatus</a>#confirmed)</span></p><p><b>category</b>: Problem List Item <span style="background: LightGoldenRodYellow; margin: 4px; border: 1px solid khaki"> (<a href="http://terminology.hl7.org/5.5.0/CodeSystem-condition-category.html">Condition Category Codes</a>#problem-list-item)</span></p><p><b>severity</b>: Moderate (severity modifier) (qualifier value) <span style="background: LightGoldenRodYellow; margin: 4px; border: 1px solid khaki"> (<a href="https://browser.ihtsdotools.org/">SNOWMED CT</a>#6736007)</span></p><p><b>code</b>: Hypertensive disorder, systemic arterial (disorder) <span style="background: LightGoldenRodYellow; margin: 4px; border: 1px solid khaki"> (<a href="https://browser.ihtsdotools.org/">SNOWMED CT</a>#38341003)</span></p><p><b>subject</b>: <a href="Bundle-UC1-SwissIpsDocument2.html#urn-uuid-8383926c-ece1-4384-94bc-b4250b4cb71b">urn:uuid:8383926c-ece1-4384-94bc-b4250b4cb71b: Monika Wegmüller</a></p><p><b>onset</b>: 2024-04-26</p></div>
  </text>
  <clinicalStatus>
    <coding>
      <system value="http://terminology.hl7.org/CodeSystem/condition-clinical"/>
      <code value="active"/>
    </coding>
  </clinicalStatus>
  <verificationStatus>
    <coding>
      <system value="http://terminology.hl7.org/CodeSystem/condition-ver-status"/>
      <code value="confirmed"/>
    </coding>
  </verificationStatus>
  <category>
    <coding>
      <system value="http://terminology.hl7.org/CodeSystem/condition-category"/>
      <code value="problem-list-item"/>
    </coding>
  </category>
  <severity>
    <coding>
      <system value="http://snomed.info/sct"/>
      <code value="6736007"/>
      <display value="Moderate (severity modifier) (qualifier value)"/>
    </coding>
  </severity>
  <code>
    <coding>
      <system value="http://snomed.info/sct"/>
      <code value="38341003"/>
      <display value="Hypertensive disorder, systemic arterial (disorder)"/>
    </coding>
  </code>
  <subject>
    <reference value="urn:uuid:8383926c-ece1-4384-94bc-b4250b4cb71b"/>
    <type value="Patient"/>
    <display value="Monika Wegmüller"/>
  </subject>
  <onsetDateTime value="2024-04-26"/>
</Condition>