<?xml version="1.0" encoding="UTF-8"?>

<Bundle xmlns="http://hl7.org/fhir">
  <id value="15Doc-Measles-Seroconversion"/>
  <identifier>
    <system value="urn:ietf:rfc:3986"/>
    <value value="urn:uuid:3401332d-6012-443f-9690-9291adb23aa3"/>
  </identifier>
  <type value="document"/>
  <timestamp value="2024-08-05T12:00:00+02:00"/>
  <entry>
    <fullUrl value="urn:uuid:c3331b57-6983-4f99-9a2b-cdf61ed2da49"/>
    <resource>
      <Composition>
        <id value="c3331b57-6983-4f99-9a2b-cdf61ed2da49"/>
        <language value="de-CH"/>
        <identifier>
          <system value="urn:ietf:rfc:3986"/>
          <value value="urn:uuid:3401332d-6012-443f-9690-9291adb23aa3"/>
        </identifier>
        <status value="final"/>
        <type>
          <coding>
            <system value="http://snomed.info/sct"/>
            <version value="http://snomed.info/sct/2011000195101"/>
            <code value="4241000179101"/>
            <display value="Laborbericht"/>
          </coding>
          <coding>
            <system value="http://loinc.org"/>
            <code value="11502-2"/>
            <display value="Laboratory report"/>
          </coding>
        </type>
        <subject>
          <reference value="urn:uuid:b5f99b84-01ac-418a-bfb5-1f3e88b1bbd7"/>
        </subject>
        <date value="2024-08-05T12:00:00+02:00"/>
        <author>
          <reference value="urn:uuid:9c334f06-5493-422e-a9e3-b3868337527b"/>
        </author>
        <title value="Laborbericht vom 2.8.2024"/>
        <section>
          <title value="Analyseergebnisse der mikrobiologischen Untersuchung"/>
          <code>
            <coding>
              <system value="http://loinc.org"/>
              <code value="18725-2"/>
              <display value="Microbiology studies (set)"/>
            </coding>
          </code>
          <entry>
            <reference value="urn:uuid:cabba06d-26bc-47a5-a971-7b83bc356796"/>
          </entry>
        </section>
      </Composition>
    </resource>
  </entry>
  <entry>
    <fullUrl value="urn:uuid:b5f99b84-01ac-418a-bfb5-1f3e88b1bbd7"/>
    <resource>
      <Patient>
        <id value="b5f99b84-01ac-418a-bfb5-1f3e88b1bbd7"/>
        <identifier>
          <system value="urn:oid:2.16.756.5.32"/>
          <value value="7561234567897"/>
        </identifier>
        <name>
          <family value="Dupont"/>
          <given value="Antoine"/>
        </name>
        <gender value="female"/>
        <birthDate value="1981-02-07"/>
        <address>
          <use value="home"/>
          <line value="rue de la république 10">
            <extension url="http://hl7.org/fhir/StructureDefinition/iso21090-ADXP-streetName">
              <valueString value="rue de la république"/>
            </extension>
            <extension url="http://hl7.org/fhir/StructureDefinition/iso21090-ADXP-houseNumber">
              <valueString value="10"/>
            </extension>
          </line>
          <city value="Carouge"/>
          <state value="GE"/>
          <postalCode value="1227"/>
          <country value="CH">
            <extension url="http://hl7.org/fhir/StructureDefinition/iso21090-SC-coding">
              <valueCoding>
                <system value="urn:iso:std:iso:3166"/>
                <code value="CH"/>
              </valueCoding>
            </extension>
          </country>
        </address>
      </Patient>
    </resource>
  </entry>
  <entry>
    <fullUrl value="urn:uuid:9c334f06-5493-422e-a9e3-b3868337527b"/>
    <resource>
      <Organization>
        <id value="9c334f06-5493-422e-a9e3-b3868337527b"/>
        <identifier>
          <system value="urn:oid:2.51.1.3"/>
          <value value="7601002331470"/>
        </identifier>
        <name value="SanLab"/>
      </Organization>
    </resource>
  </entry>
  <entry>
    <fullUrl value="urn:uuid:cabba06d-26bc-47a5-a971-7b83bc356796"/>
    <resource>
      <Observation>
        <id value="cabba06d-26bc-47a5-a971-7b83bc356796"/>
        <status value="final"/>
        <category>
          <coding>
            <system value="http://terminology.hl7.org/CodeSystem/observation-category"/>
            <code value="laboratory"/>
            <display value="Laboratory"/>
          </coding>
        </category>
        <code>
          <coding>
            <system value="http://loinc.org"/>
            <code value="44012-3"/>
          </coding>
        </code>
        <subject>
          <reference value="urn:uuid:b5f99b84-01ac-418a-bfb5-1f3e88b1bbd7"/>
        </subject>
        <effectiveDateTime value="2024-07-25T14:20:00+02:00"/>
        <performer>
          <reference value="urn:uuid:9c334f06-5493-422e-a9e3-b3868337527b"/>
        </performer>
        <dataAbsentReason>
          <coding>
            <system value="http://terminology.hl7.org/CodeSystem/data-absent-reason"/>
            <code value="not-applicable"/>
          </coding>
        </dataAbsentReason>
        <interpretation>
          <coding>
            <system value="http://snomed.info/sct"/>
            <code value="1290194006"/>
          </coding>
        </interpretation>
        <specimen>
          <reference value="urn:uuid:6a76b6af-3d16-4363-b5fc-eeb1e030d1d8"/>
        </specimen>
      </Observation>
    </resource>
  </entry>
  <entry>
    <fullUrl value="urn:uuid:ebece141-638a-441c-a9b5-d19f319116ac"/>
    <resource>
      <Practitioner>
        <id value="ebece141-638a-441c-a9b5-d19f319116ac"/>
        <identifier>
          <system value="urn:oid:2.51.1.3"/>
          <value value="7601000000514"/>
        </identifier>
        <name>
          <family value="Hauser"/>
          <given value="Peter"/>
        </name>
        <telecom>
          <system value="phone"/>
          <value value="+41 79 222 33 44"/>
        </telecom>
        <telecom>
          <system value="email"/>
          <value value="peter.hauser@hauserpraxis.ch"/>
        </telecom>
      </Practitioner>
    </resource>
  </entry>
  <entry>
    <fullUrl value="urn:uuid:3eccd1d7-dfb0-4f51-8242-6e4e2924737a"/>
    <resource>
      <Organization>
        <id value="3eccd1d7-dfb0-4f51-8242-6e4e2924737a"/>
        <identifier>
          <system value="urn:oid:2.16.756.5.45"/>
          <value value="A74966168"/>
        </identifier>
        <name value="Praxis Dr. Hauser"/>
        <address>
          <line value="Hauptstrasse 10">
            <extension url="http://hl7.org/fhir/StructureDefinition/iso21090-ADXP-streetName">
              <valueString value="Hauptstrasse"/>
            </extension>
            <extension url="http://hl7.org/fhir/StructureDefinition/iso21090-ADXP-houseNumber">
              <valueString value="10"/>
            </extension>
          </line>
          <city value="Solothurn"/>
          <postalCode value="4500"/>
        </address>
      </Organization>
    </resource>
  </entry>
  <entry>
    <fullUrl value="urn:uuid:c88f8986-619a-493b-96fd-b54cac82e4b4"/>
    <resource>
      <PractitionerRole>
        <id value="c88f8986-619a-493b-96fd-b54cac82e4b4"/>
        <practitioner>
          <reference value="urn:uuid:ebece141-638a-441c-a9b5-d19f319116ac"/>
        </practitioner>
        <organization>
          <reference value="urn:uuid:3eccd1d7-dfb0-4f51-8242-6e4e2924737a"/>
        </organization>
      </PractitionerRole>
    </resource>
  </entry>
  <entry>
    <fullUrl value="urn:uuid:6a76b6af-3d16-4363-b5fc-eeb1e030d1d8"/>
    <resource>
      <Specimen>
        <id value="6a76b6af-3d16-4363-b5fc-eeb1e030d1d8"/>
        <type>
          <text value="Material declared by Observation.code or non-mandatory"/>
        </type>
        <subject>
          <reference value="urn:uuid:b5f99b84-01ac-418a-bfb5-1f3e88b1bbd7"/>
        </subject>
        <collection>
          <collectedDateTime value="2024-07-22T14:20:00+02:00"/>
        </collection>
      </Specimen>
    </resource>
  </entry>
  <entry>
    <fullUrl value="urn:uuid:46f41f51-6164-4cce-a229-93c4048a8278"/>
    <resource>
      <ServiceRequest>
        <id value="46f41f51-6164-4cce-a229-93c4048a8278"/>
        <identifier>
          <value value="26500923622"/>
        </identifier>
        <status value="completed"/>
        <intent value="order"/>
        <code>
          <coding>
            <system value="http://loinc.org"/>
            <code value="44012-3"/>
          </coding>
        </code>
        <subject>
          <reference value="urn:uuid:b5f99b84-01ac-418a-bfb5-1f3e88b1bbd7"/>
        </subject>
        <requester>
          <reference value="urn:uuid:c88f8986-619a-493b-96fd-b54cac82e4b4"/>
        </requester>
        <specimen>
          <reference value="urn:uuid:6a76b6af-3d16-4363-b5fc-eeb1e030d1d8"/>
        </specimen>
      </ServiceRequest>
    </resource>
  </entry>
  <entry>
    <fullUrl value="urn:uuid:0f987ac6-72f0-4c69-bc3e-39c805d3de1c"/>
    <resource>
      <DiagnosticReport>
        <id value="0f987ac6-72f0-4c69-bc3e-39c805d3de1c"/>
        <extension url="http://hl7.org/fhir/5.0/StructureDefinition/extension-DiagnosticReport.composition">
          <valueReference>
            <reference value="urn:uuid:c3331b57-6983-4f99-9a2b-cdf61ed2da49"/>
          </valueReference>
        </extension>
        <identifier>
          <system value="urn:ietf:rfc:3986"/>
          <value value="urn:uuid:3401332d-6012-443f-9690-9291adb23aa3"/>
        </identifier>
        <basedOn>
          <reference value="urn:uuid:46f41f51-6164-4cce-a229-93c4048a8278"/>
        </basedOn>
        <status value="final"/>
        <code>
          <coding>
            <system value="http://loinc.org"/>
            <code value="11502-2"/>
            <display value="Laboratory report"/>
          </coding>
        </code>
        <subject>
          <reference value="urn:uuid:b5f99b84-01ac-418a-bfb5-1f3e88b1bbd7"/>
        </subject>
        <performer>
          <reference value="urn:uuid:9c334f06-5493-422e-a9e3-b3868337527b"/>
        </performer>
        <specimen>
          <reference value="urn:uuid:6a76b6af-3d16-4363-b5fc-eeb1e030d1d8"/>
        </specimen>
        <result>
          <reference value="urn:uuid:cabba06d-26bc-47a5-a971-7b83bc356796"/>
        </result>
      </DiagnosticReport>
    </resource>
  </entry>
</Bundle>