<?xml version="1.0" encoding="UTF-8"?>

<ValueSet xmlns="http://hl7.org/fhir">
  <id value="ch-elm-results-chol-org"/>
  <text>
    <status value="generated"/><div xmlns="http://www.w3.org/1999/xhtml"><p class="res-header-id"><b>Generated Narrative: ValueSet ch-elm-results-chol-org</b></p><a name="ch-elm-results-chol-org"> </a><a name="hcch-elm-results-chol-org"> </a><a name="ch-elm-results-chol-org-en-US"> </a><ul><li>Include these codes as defined in <a href="http://www.snomed.org/"><code>http://snomed.info/sct</code></a><table class="none"><tr><td style="white-space:nowrap"><b>Code</b></td><td><b>Display</b></td></tr><tr><td><a href="http://snomed.info/id/302576007">302576007</a></td><td>Vibrio cholerae O1 classical Ogawa (organism)</td></tr><tr><td><a href="http://snomed.info/id/75953000">75953000</a></td><td>Vibrio cholerae (organism)</td></tr><tr><td><a href="http://snomed.info/id/125048009">125048009</a></td><td>Vibrio cholerae serogroup O139 (organism)</td></tr><tr><td><a href="http://snomed.info/id/62987004">62987004</a></td><td>Vibrio cholerae, O1 (organism)</td></tr><tr><td><a href="http://snomed.info/id/302575006">302575006</a></td><td>Vibrio cholerae O1 classical Inaba (organism)</td></tr><tr><td><a href="http://snomed.info/id/302572009">302572009</a></td><td>Vibrio cholerae O1 El Tor Inaba (organism)</td></tr><tr><td><a href="http://snomed.info/id/302573004">302573004</a></td><td>Vibrio cholerae O1 El Tor Ogawa (organism)</td></tr><tr><td><a href="http://snomed.info/id/415819003">415819003</a></td><td>Vibrio cholerae, non-O1/non-O139 (organism)</td></tr><tr><td><a href="http://snomed.info/id/302577003">302577003</a></td><td>Vibrio cholerae O1 classical Hikojima (organism)</td></tr><tr><td><a href="http://snomed.info/id/76436009">76436009</a></td><td>Vibrio cholerae, classical biotype (organism)</td></tr><tr><td><a href="http://snomed.info/id/302574005">302574005</a></td><td>Vibrio cholerae O1 El Tor Hikojima (organism)</td></tr><tr><td><a href="http://snomed.info/id/58735003">58735003</a></td><td>Vibrio cholerae, El Tor biotype (organism)</td></tr></table></li></ul></div>
  </text>
  <url value="http://fhir.ch/ig/ch-elm/ValueSet/ch-elm-results-chol-org"/>
  <version value="1.4.0"/>
  <name value="ChElmResultsCholOrg"/>
  <title value="CH ELM Results Chol Org"/>
  <status value="active"/>
  <experimental value="false"/>
  <date value="2024-08-20T16:32:03+00:00"/>
  <publisher value="Federal Office of Public Health FOPH"/>
  <contact>
    <name value="Federal Office of Public Health FOPH"/>
    <telecom>
      <system value="url"/>
      <value value="https://www.bag.admin.ch/bag/en/home/das-bag/kontakt-standort.html"/>
    </telecom>
  </contact>
  <description value="The &quot;CH ELM Results Chol Org&quot; organism group provides a curated set of codes representing specific organisms. Each code within this group has been selected to ensure precise representation and consistency in relation to the primary LOINC codes. Clients utilizing the &quot;CH ELM Results Chol Org&quot; group should refer to the provided codes to accurately and uniformly capture and report organism-related information."/>
  <jurisdiction>
    <coding>
      <system value="urn:iso:std:iso:3166"/>
      <code value="CHE"/>
    </coding>
  </jurisdiction>
  <copyright value="CC0-1.0"/>
  <compose>
    <include>
      <system value="http://snomed.info/sct"/>
      <concept>
        <code value="302576007"/>
        <display value="Vibrio cholerae O1 classical Ogawa (organism)"/>
      </concept>
      <concept>
        <code value="75953000"/>
        <display value="Vibrio cholerae (organism)"/>
      </concept>
      <concept>
        <code value="125048009"/>
        <display value="Vibrio cholerae serogroup O139 (organism)"/>
      </concept>
      <concept>
        <code value="62987004"/>
        <display value="Vibrio cholerae, O1 (organism)"/>
      </concept>
      <concept>
        <code value="302575006"/>
        <display value="Vibrio cholerae O1 classical Inaba (organism)"/>
      </concept>
      <concept>
        <code value="302572009"/>
        <display value="Vibrio cholerae O1 El Tor Inaba (organism)"/>
      </concept>
      <concept>
        <code value="302573004"/>
        <display value="Vibrio cholerae O1 El Tor Ogawa (organism)"/>
      </concept>
      <concept>
        <code value="415819003"/>
        <display value="Vibrio cholerae, non-O1/non-O139 (organism)"/>
      </concept>
      <concept>
        <code value="302577003"/>
        <display value="Vibrio cholerae O1 classical Hikojima (organism)"/>
      </concept>
      <concept>
        <code value="76436009"/>
        <display value="Vibrio cholerae, classical biotype (organism)"/>
      </concept>
      <concept>
        <code value="302574005"/>
        <display value="Vibrio cholerae O1 El Tor Hikojima (organism)"/>
      </concept>
      <concept>
        <code value="58735003"/>
        <display value="Vibrio cholerae, El Tor biotype (organism)"/>
      </concept>
    </include>
  </compose>
</ValueSet>