<?xml version="1.0" encoding="UTF-8"?>

<ValueSet xmlns="http://hl7.org/fhir">
  <id value="ch-elm-results-component-antibiotic-cpe"/>
  <text>
    <status value="generated"/><div xmlns="http://www.w3.org/1999/xhtml"><p class="res-header-id"><b>Generated Narrative: ValueSet ch-elm-results-component-antibiotic-cpe</b></p><a name="ch-elm-results-component-antibiotic-cpe"> </a><a name="hcch-elm-results-component-antibiotic-cpe"> </a><a name="ch-elm-results-component-antibiotic-cpe-en-US"> </a><p>This value set includes codes based on the following rules:</p><ul/></div>
  </text>
  <url value="http://fhir.ch/ig/ch-elm/ValueSet/ch-elm-results-component-antibiotic-cpe"/>
  <version value="1.9.1"/>
  <name value="ChElmResultsComponentAntibioticCpe"/>
  <title value="CH ELM Results Component Antibiotic for CPE"/>
  <status value="active"/>
  <experimental value="false"/>
  <date value="2025-03-26T08:01:17+00:00"/>
  <publisher value="Federal Office of Public Health FOPH"/>
  <contact>
    <name value="Federal Office of Public Health FOPH"/>
    <telecom>
      <system value="url"/>
      <value value="https://www.bag.admin.ch/bag/en/home/das-bag/kontakt-standort.html"/>
    </telecom>
  </contact>
  <description value="The &quot;CH ELM Results Component Antibitics&quot; oprovides a curated set of codes representing specific antibiotics."/>
  <jurisdiction>
    <coding>
      <system value="urn:iso:std:iso:3166"/>
      <code value="CH"/>
    </coding>
  </jurisdiction>
  <copyright value="CC0-1.0"/>
</ValueSet>