<?xml version="1.0" encoding="UTF-8"?>

<ValueSet xmlns="http://hl7.org/fhir">
  <id value="ch-elm-interpretation-codes-res-sus"/>
  <text>
    <status value="extensions"/><div xmlns="http://www.w3.org/1999/xhtml"><p class="res-header-id"><b>Generated Narrative: ValueSet ch-elm-interpretation-codes-res-sus</b></p><a name="ch-elm-interpretation-codes-res-sus"> </a><a name="hcch-elm-interpretation-codes-res-sus"> </a><a name="ch-elm-interpretation-codes-res-sus-en-US"> </a><ul><li>Include these codes as defined in <a href="http://terminology.hl7.org/5.5.0/CodeSystem-v3-ObservationInterpretation.html"><code>http://terminology.hl7.org/CodeSystem/v3-ObservationInterpretation</code></a><table class="none"><tr><td style="white-space:nowrap"><b>Code</b></td><td><b>Display</b></td><td><b>Definition</b></td></tr><tr><td><a href="http://terminology.hl7.org/5.5.0/CodeSystem-v3-ObservationInterpretation.html#v3-ObservationInterpretation-S">S</a></td><td>Susceptible</td><td>Bacterial strain inhibited by in vitro concentration of an antimicrobial agent that is associated with a high likelihood of therapeutic success. Reference: CLSI (http://www.clsi.org/Content/NavigationMenu/Resources/HarmonizedTerminologyDatabase/Harmonized\_Terminolo.htm) Synonym (earlier term): Sensitive Projects: ISO 20776-1, ISO 20776-2<br/><br/>\[Note 1: Bacterial strains are categorized as susceptible by applying the appropriate breakpoints in a defined phenotypic system.\]<br/><br/>\[Note 2: This breakpoint can be altered due to changes in circumstances (e.g., changes in commonly used drug dosages, emergence of new resistance mechanisms).\]</td></tr><tr><td><a href="http://terminology.hl7.org/5.5.0/CodeSystem-v3-ObservationInterpretation.html#v3-ObservationInterpretation-R">R</a></td><td>Resistant</td><td>Bacterial strain inhibited in vitro by a concentration of an antimicrobial agent that is associated with a high likelihood of therapeutic failure. Reference: CLSI (http://www.clsi.org/Content/NavigationMenu/Resources/HarmonizedTerminologyDatabase/Harmonized\_Terminolo.htm) Projects: ISO 20776-1, ISO 20776-2<br/><br/>\[Note 1: Bacterial strains are categorized as resistant by applying the appropriate breakpoints in a defined phenotypic test system.\]<br/><br/>\[Note 2: This breakpoint can be altered due to changes in circumstances (e.g., changes in commonly used drug dosages, emergence of new resistance mechanisms).\]</td></tr></table></li></ul></div>
  </text>
  <url value="http://fhir.ch/ig/ch-elm/ValueSet/ch-elm-interpretation-codes-res-sus"/>
  <version value="1.7.0"/>
  <name value="ChElmInterpretationCodesResSus"/>
  <title value="CH ELM Interpretation Codes Resistant and Susceptible"/>
  <status value="active"/>
  <experimental value="false"/>
  <date value="2024-11-28T14:18:34+00:00"/>
  <publisher value="Federal Office of Public Health FOPH"/>
  <contact>
    <name value="Federal Office of Public Health FOPH"/>
    <telecom>
      <system value="url"/>
      <value value="https://www.bag.admin.ch/bag/en/home/das-bag/kontakt-standort.html"/>
    </telecom>
  </contact>
  <description value="This CH ELM value set includes the code for resistant and susceptible interpretation code(s)."/>
  <jurisdiction>
    <coding>
      <system value="urn:iso:std:iso:3166"/>
      <code value="CHE"/>
    </coding>
  </jurisdiction>
  <copyright value="CC0-1.0"/>
  <compose>
    <include>
      <system value="http://terminology.hl7.org/CodeSystem/v3-ObservationInterpretation"/>
      <concept>
        <code value="S"/>
        <display value="Susceptible"/>
      </concept>
      <concept>
        <code value="R"/>
        <display value="Resistant"/>
      </concept>
    </include>
  </compose>
</ValueSet>