<?xml version="1.0" encoding="UTF-8"?>

<ValueSet xmlns="http://hl7.org/fhir">
  <id value="ch-elm-results-camp-diar-org"/>
  <text>
    <status value="generated"/><div xmlns="http://www.w3.org/1999/xhtml"><p class="res-header-id"><b>Generated Narrative: ValueSet ch-elm-results-camp-diar-org</b></p><a name="ch-elm-results-camp-diar-org"> </a><a name="hcch-elm-results-camp-diar-org"> </a><a name="ch-elm-results-camp-diar-org-en-US"> </a><ul><li>Include these codes as defined in <a href="http://www.snomed.org/"><code>http://snomed.info/sct</code></a><table class="none"><tr><td style="white-space:nowrap"><b>Code</b></td><td><b>Display</b></td></tr><tr><td><a href="http://snomed.info/id/9041007">9041007</a></td><td>Campylobacter hyointestinalis (organism)</td></tr><tr><td><a href="http://snomed.info/id/116386003">116386003</a></td><td>Campylobacter lari (organism)</td></tr><tr><td><a href="http://snomed.info/id/103427005">103427005</a></td><td>Campylobacter upsaliensis (organism)</td></tr><tr><td><a href="http://snomed.info/id/703009006">703009006</a></td><td>Campylobacter jejuni or Campylobacter coli (finding)</td></tr><tr><td><a href="http://snomed.info/id/40614002">40614002</a></td><td>Campylobacter coli (organism)</td></tr><tr><td><a href="http://snomed.info/id/66543000">66543000</a></td><td>Campylobacter jejuni (organism)</td></tr></table></li></ul></div>
  </text>
  <url value="http://fhir.ch/ig/ch-elm/ValueSet/ch-elm-results-camp-diar-org"/>
  <version value="1.4.0"/>
  <name value="ChElmResultsCampDiarOrg"/>
  <title value="CH ELM Results Camp Diar Org"/>
  <status value="active"/>
  <experimental value="false"/>
  <date value="2024-08-20T16:32:03+00:00"/>
  <publisher value="Federal Office of Public Health FOPH"/>
  <contact>
    <name value="Federal Office of Public Health FOPH"/>
    <telecom>
      <system value="url"/>
      <value value="https://www.bag.admin.ch/bag/en/home/das-bag/kontakt-standort.html"/>
    </telecom>
  </contact>
  <description value="The &quot;CH ELM Results Camp Diar Org&quot; organism group provides a curated set of codes representing specific organisms. Each code within this group has been selected to ensure precise representation and consistency in relation to the primary LOINC codes. Clients utilizing the &quot;CH ELM Results Camp Diar Org&quot; group should refer to the provided codes to accurately and uniformly capture and report organism-related information."/>
  <jurisdiction>
    <coding>
      <system value="urn:iso:std:iso:3166"/>
      <code value="CHE"/>
    </coding>
  </jurisdiction>
  <copyright value="CC0-1.0"/>
  <compose>
    <include>
      <system value="http://snomed.info/sct"/>
      <concept>
        <code value="9041007"/>
        <display value="Campylobacter hyointestinalis (organism)"/>
      </concept>
      <concept>
        <code value="116386003"/>
        <display value="Campylobacter lari (organism)"/>
      </concept>
      <concept>
        <code value="103427005"/>
        <display value="Campylobacter upsaliensis (organism)"/>
      </concept>
      <concept>
        <code value="703009006"/>
        <display value="Campylobacter jejuni or Campylobacter coli (finding)"/>
      </concept>
      <concept>
        <code value="40614002"/>
        <display value="Campylobacter coli (organism)"/>
      </concept>
      <concept>
        <code value="66543000"/>
        <display value="Campylobacter jejuni (organism)"/>
      </concept>
    </include>
  </compose>
</ValueSet>