<?xml version="1.0" encoding="UTF-8"?>

<ValueSet xmlns="http://hl7.org/fhir">
  <id value="ch-elm-results-leg-org"/>
  <text>
    <status value="generated"/><div xmlns="http://www.w3.org/1999/xhtml"><p class="res-header-id"><b>Generated Narrative: ValueSet ch-elm-results-leg-org</b></p><a name="ch-elm-results-leg-org"> </a><a name="hcch-elm-results-leg-org"> </a><a name="ch-elm-results-leg-org-en-US"> </a><ul><li>Include these codes as defined in <a href="http://www.snomed.org/"><code>http://snomed.info/sct</code></a><table class="none"><tr><td style="white-space:nowrap"><b>Code</b></td><td><b>Display</b></td></tr><tr><td><a href="http://snomed.info/id/103465003">103465003</a></td><td>Legionella pneumophila serogroup 3 (organism)</td></tr><tr><td><a href="http://snomed.info/id/89605004">89605004</a></td><td>Legionella longbeachae (organism)</td></tr><tr><td><a href="http://snomed.info/id/116380009">116380009</a></td><td>Legionella micdadei (organism)</td></tr><tr><td><a href="http://snomed.info/id/7527002">7527002</a></td><td>Genus Legionella (organism)</td></tr><tr><td><a href="http://snomed.info/id/103463005">103463005</a></td><td>Legionella pneumophila serogroup 1 (organism)</td></tr><tr><td><a href="http://snomed.info/id/113721003">113721003</a></td><td>Legionella gormanii (organism)</td></tr><tr><td><a href="http://snomed.info/id/103467006">103467006</a></td><td>Legionella pneumophila serogroup 5 (organism)</td></tr><tr><td><a href="http://snomed.info/id/116379006">116379006</a></td><td>Legionella maceachernii (organism)</td></tr><tr><td><a href="http://snomed.info/id/131325006">131325006</a></td><td>Legionella pneumophilia serogroup 13 (organism)</td></tr><tr><td><a href="http://snomed.info/id/18214000">18214000</a></td><td>Legionella anisa (organism)</td></tr><tr><td><a href="http://snomed.info/id/103469009">103469009</a></td><td>Legionella pneumophila serogroup 7 (organism)</td></tr><tr><td><a href="http://snomed.info/id/450611004">450611004</a></td><td>Legionella bozemanae (organism)</td></tr><tr><td><a href="http://snomed.info/id/58923007">58923007</a></td><td>Legionella cincinnatiensis (organism)</td></tr><tr><td><a href="http://snomed.info/id/131322009">131322009</a></td><td>Legionella pneumophilia serogroup 10 (organism)</td></tr><tr><td><a href="http://snomed.info/id/131324005">131324005</a></td><td>Legionella pneumophilia serogroup 12 (organism)</td></tr><tr><td><a href="http://snomed.info/id/103448007">103448007</a></td><td>Legionella brunensis (organism)</td></tr><tr><td><a href="http://snomed.info/id/103464004">103464004</a></td><td>Legionella pneumophila serogroup 2 (organism)</td></tr><tr><td><a href="http://snomed.info/id/103468001">103468001</a></td><td>Legionella pneumophila serogroup 6 (organism)</td></tr><tr><td><a href="http://snomed.info/id/80897008">80897008</a></td><td>Legionella pneumophila (organism)</td></tr></table></li></ul></div>
  </text>
  <url value="http://fhir.ch/ig/ch-elm/ValueSet/ch-elm-results-leg-org"/>
  <version value="1.6.0"/>
  <name value="ChElmResultsLegOrg"/>
  <title value="CH ELM Results Leg Org"/>
  <status value="active"/>
  <experimental value="false"/>
  <date value="2024-10-31T11:15:20+00:00"/>
  <publisher value="Federal Office of Public Health FOPH"/>
  <contact>
    <name value="Federal Office of Public Health FOPH"/>
    <telecom>
      <system value="url"/>
      <value value="https://www.bag.admin.ch/bag/en/home/das-bag/kontakt-standort.html"/>
    </telecom>
  </contact>
  <description value="The &quot;CH ELM Results Leg Org&quot; organism group provides a curated set of codes representing specific organisms. Each code within this group has been selected to ensure precise representation and consistency in relation to the primary LOINC codes. Clients utilizing the &quot;CH ELM Results Leg Org&quot; group should refer to the provided codes to accurately and uniformly capture and report organism-related information."/>
  <jurisdiction>
    <coding>
      <system value="urn:iso:std:iso:3166"/>
      <code value="CHE"/>
    </coding>
  </jurisdiction>
  <copyright value="CC0-1.0"/>
  <compose>
    <include>
      <system value="http://snomed.info/sct"/>
      <concept>
        <code value="103465003"/>
        <display value="Legionella pneumophila serogroup 3 (organism)"/>
      </concept>
      <concept>
        <code value="89605004"/>
        <display value="Legionella longbeachae (organism)"/>
      </concept>
      <concept>
        <code value="116380009"/>
        <display value="Legionella micdadei (organism)"/>
      </concept>
      <concept>
        <code value="7527002"/>
        <display value="Genus Legionella (organism)"/>
      </concept>
      <concept>
        <code value="103463005"/>
        <display value="Legionella pneumophila serogroup 1 (organism)"/>
      </concept>
      <concept>
        <code value="113721003"/>
        <display value="Legionella gormanii (organism)"/>
      </concept>
      <concept>
        <code value="103467006"/>
        <display value="Legionella pneumophila serogroup 5 (organism)"/>
      </concept>
      <concept>
        <code value="116379006"/>
        <display value="Legionella maceachernii (organism)"/>
      </concept>
      <concept>
        <code value="131325006"/>
        <display value="Legionella pneumophilia serogroup 13 (organism)"/>
      </concept>
      <concept>
        <code value="18214000"/>
        <display value="Legionella anisa (organism)"/>
      </concept>
      <concept>
        <code value="103469009"/>
        <display value="Legionella pneumophila serogroup 7 (organism)"/>
      </concept>
      <concept>
        <code value="450611004"/>
        <display value="Legionella bozemanae (organism)"/>
      </concept>
      <concept>
        <code value="58923007"/>
        <display value="Legionella cincinnatiensis (organism)"/>
      </concept>
      <concept>
        <code value="131322009"/>
        <display value="Legionella pneumophilia serogroup 10 (organism)"/>
      </concept>
      <concept>
        <code value="131324005"/>
        <display value="Legionella pneumophilia serogroup 12 (organism)"/>
      </concept>
      <concept>
        <code value="103448007"/>
        <display value="Legionella brunensis (organism)"/>
      </concept>
      <concept>
        <code value="103464004"/>
        <display value="Legionella pneumophila serogroup 2 (organism)"/>
      </concept>
      <concept>
        <code value="103468001"/>
        <display value="Legionella pneumophila serogroup 6 (organism)"/>
      </concept>
      <concept>
        <code value="80897008"/>
        <display value="Legionella pneumophila (organism)"/>
      </concept>
    </include>
  </compose>
</ValueSet>