{
  "resourceType": "ValueSet",
  "id": "bfs-medstats-29-dischargeencounter",
  "text": {
    "status": "generated",
    "div": "<div xmlns=\"http://www.w3.org/1999/xhtml\"><h2>BFS Medizinische Statistik - 29 1.5.V04 - Behandlung nach Austritt / Prise en charge après la sortie / Trattamento dopo l’uscita</h2><div><p>BFS defines variables for medical statistic (german, french, italian) see <a href=\"https://www.bfs.admin.ch/bfs/de/home/statistiken/kataloge-datenbanken/publikationen.assetdetail.7066232.html\">BFS</a>. Behandlung, Pflege, Rehabilitation nach dem Spitalaufenthalt. Es geht darum, den Behandlungserfolg resp. den Abhängigkeitsgrad bei Austritt anzugeben. Nur die am besten zutreffende Kategorie auswählen.</p>\n</div><p>This value set includes codes from the following code systems:</p><ul><li>Include these codes as defined in <a href=\"CodeSystem-bfs-medstats-29-dischargeencounter.html\"><code>http://fhir.ch/ig/ch-core/CodeSystem/bfs-medstats-29-dischargeencounter</code></a><table class=\"none\"><tr><td style=\"white-space:nowrap\"><b>Code</b></td><td><b>Display</b></td></tr><tr><td><a href=\"CodeSystem-bfs-medstats-29-dischargeencounter.html#bfs-medstats-29-dischargeencounter-1\">1</a></td><td>geheilt/kein Behandlungsbedarf</td><td/></tr><tr><td><a href=\"CodeSystem-bfs-medstats-29-dischargeencounter.html#bfs-medstats-29-dischargeencounter-2\">2</a></td><td>ambulante Behandlung</td><td/></tr><tr><td><a href=\"CodeSystem-bfs-medstats-29-dischargeencounter.html#bfs-medstats-29-dischargeencounter-3\">3</a></td><td>ambulante Pflege (z.B. SPITEX)</td><td/></tr><tr><td><a href=\"CodeSystem-bfs-medstats-29-dischargeencounter.html#bfs-medstats-29-dischargeencounter-4\">4</a></td><td>stationäre Behandlung oder Pflege</td><td/></tr><tr><td><a href=\"CodeSystem-bfs-medstats-29-dischargeencounter.html#bfs-medstats-29-dischargeencounter-5\">5</a></td><td>Rehabilitation (amb. oder stat.)</td><td/></tr><tr><td><a href=\"CodeSystem-bfs-medstats-29-dischargeencounter.html#bfs-medstats-29-dischargeencounter-8\">8</a></td><td>andere</td><td/></tr><tr><td><a href=\"CodeSystem-bfs-medstats-29-dischargeencounter.html#bfs-medstats-29-dischargeencounter-9\">9</a></td><td>unbekannt</td><td/></tr><tr><td><a href=\"CodeSystem-bfs-medstats-29-dischargeencounter.html#bfs-medstats-29-dischargeencounter-0\">0</a></td><td>Todesfall</td><td/></tr></table></li></ul><p><b>Additional Language Displays</b></p><table class=\"codes\"><tr><td><b>Code</b></td><td><b>Deutsch (Schweiz) (German (Switzerland), de)</b></td><td><b>French (Switzerland) (fr)</b></td><td><b>Italian (Switzerland) (it)</b></td></tr><tr><td>1</td><td>geheilt/kein Behandlungsbedarf</td><td>Guéri, aucun besoin de suivi</td><td>guarito/nessun bisogno di trattamento</td></tr><tr><td>2</td><td>ambulante Behandlung</td><td>Soins ou traitement ambulatoires (cabinet médical ou en établissement)</td><td>trattamento ambulatoriale</td></tr><tr><td>3</td><td>ambulante Pflege (z.B. SPITEX)</td><td>Soins à domicile</td><td>cure ambulatoriali (p.es. SPITEX)</td></tr><tr><td>4</td><td>stationäre Behandlung oder Pflege</td><td>Soins ou traitement stationnaires</td><td>trattamento o cure stazionari</td></tr><tr><td>5</td><td>Rehabilitation (amb. oder stat.)</td><td>Réadaptation ambulatoire ou stationnaire</td><td>riabilitazione (ambulatoriale o stazionaria)</td></tr><tr><td>8</td><td>andere</td><td>Autre</td><td>altro</td></tr><tr><td>9</td><td>unbekannt</td><td>Inconnu</td><td>sconosciuto</td></tr><tr><td>0</td><td>Todesfall</td><td>décédé</td><td>decesso</td></tr></table></div>"
  },
  "url": "http://fhir.ch/ig/ch-core/ValueSet/bfs-medstats-29-dischargeencounter",
  "version": "0.1.0",
  "name": "BfsMedstats29Dischargeencounter",
  "title": "BFS Medizinische Statistik - 29 1.5.V04 - Behandlung nach Austritt / Prise en charge après la sortie / Trattamento dopo l’uscita",
  "status": "draft",
  "date": "2019-01-01T00:00:00+01:00",
  "publisher": "HL7 Switzerland",
  "contact": [
    {
      "name": "HL7 Switzerland",
      "telecom": [
        {
          "system": "url",
          "value": "https://www.hl7.ch/"
        }
      ]
    }
  ],
  "description": "BFS defines variables for medical statistic (german, french, italian) see [BFS](https://www.bfs.admin.ch/bfs/de/home/statistiken/kataloge-datenbanken/publikationen.assetdetail.7066232.html). Behandlung, Pflege, Rehabilitation nach dem Spitalaufenthalt. Es geht darum, den Behandlungserfolg resp. den Abhängigkeitsgrad bei Austritt anzugeben. Nur die am besten zutreffende Kategorie auswählen.",
  "jurisdiction": [
    {
      "coding": [
        {
          "system": "urn:iso:std:iso:3166",
          "code": "CH"
        }
      ]
    }
  ],
  "compose": {
    "include": [
      {
        "system": "http://fhir.ch/ig/ch-core/CodeSystem/bfs-medstats-29-dischargeencounter",
        "concept": [
          {
            "code": "1",
            "display": "geheilt/kein Behandlungsbedarf",
            "designation": [
              {
                "language": "de-CH",
                "value": "geheilt/kein Behandlungsbedarf"
              },
              {
                "language": "fr-CH",
                "value": "Guéri, aucun besoin de suivi"
              },
              {
                "language": "it-CH",
                "value": "guarito/nessun bisogno di trattamento"
              }
            ]
          },
          {
            "code": "2",
            "display": "ambulante Behandlung",
            "designation": [
              {
                "language": "de-CH",
                "value": "ambulante Behandlung"
              },
              {
                "language": "fr-CH",
                "value": "Soins ou traitement ambulatoires (cabinet médical ou en établissement)"
              },
              {
                "language": "it-CH",
                "value": "trattamento ambulatoriale"
              }
            ]
          },
          {
            "code": "3",
            "display": "ambulante Pflege (z.B. SPITEX)",
            "designation": [
              {
                "language": "de-CH",
                "value": "ambulante Pflege (z.B. SPITEX)"
              },
              {
                "language": "fr-CH",
                "value": "Soins à domicile"
              },
              {
                "language": "it-CH",
                "value": "cure ambulatoriali (p.es. SPITEX)"
              }
            ]
          },
          {
            "code": "4",
            "display": "stationäre Behandlung oder Pflege",
            "designation": [
              {
                "language": "de-CH",
                "value": "stationäre Behandlung oder Pflege"
              },
              {
                "language": "fr-CH",
                "value": "Soins ou traitement stationnaires"
              },
              {
                "language": "it-CH",
                "value": "trattamento o cure stazionari"
              }
            ]
          },
          {
            "code": "5",
            "display": "Rehabilitation (amb. oder stat.)",
            "designation": [
              {
                "language": "de-CH",
                "value": "Rehabilitation (amb. oder stat.)"
              },
              {
                "language": "fr-CH",
                "value": "Réadaptation ambulatoire ou stationnaire"
              },
              {
                "language": "it-CH",
                "value": "riabilitazione (ambulatoriale o stazionaria)"
              }
            ]
          },
          {
            "code": "8",
            "display": "andere",
            "designation": [
              {
                "language": "de-CH",
                "value": "andere"
              },
              {
                "language": "fr-CH",
                "value": "Autre"
              },
              {
                "language": "it-CH",
                "value": "altro"
              }
            ]
          },
          {
            "code": "9",
            "display": "unbekannt",
            "designation": [
              {
                "language": "de-CH",
                "value": "unbekannt"
              },
              {
                "language": "fr-CH",
                "value": "Inconnu"
              },
              {
                "language": "it-CH",
                "value": "sconosciuto"
              }
            ]
          },
          {
            "code": "0",
            "display": "Todesfall",
            "designation": [
              {
                "language": "de-CH",
                "value": "Todesfall"
              },
              {
                "language": "fr-CH",
                "value": "décédé"
              },
              {
                "language": "it-CH",
                "value": "decesso"
              }
            ]
          }
        ]
      }
    ]
  }
}