{
  "resourceType" : "StructureDefinition",
  "id" : "5659804a-471a-423c-955a-c5827ab54a83-132",
  "url" : "http://hl7.org/fhir/comparison/StructureDefinition/5659804a-471a-423c-955a-c5827ab54a83-132",
  "name" : "IntersectionCHEMEDPractitionerRoleAndCHEMEDPractitionerRole",
  "title" : "Intersection of CH EMED PractitionerRole Profile And CH EMED PractitionerRole",
  "status" : "active",
  "date" : "2022-12-21T12:57:50+01:00",
  "jurisdiction" : [{
    "coding" : [{
      "system" : "urn:iso:std:iso:3166",
      "code" : "CH"
    }]
  }],
  "snapshot" : {
    "element" : [{
      "path" : "PractitionerRole",
      "short" : "CH EMED PractitionerRole",
      "definition" : "A specific set of Roles/Locations/specialties/services that a practitioner may perform at an organization for a period of time.",
      "min" : 0,
      "max" : "*",
      "constraint" : [{
        "key" : "dom-2",
        "severity" : "error",
        "human" : "If the resource is contained in another resource, it SHALL NOT contain nested Resources",
        "expression" : "contained.contained.empty()",
        "source" : "http://hl7.org/fhir/StructureDefinition/DomainResource"
      },
      {
        "key" : "dom-3",
        "severity" : "error",
        "human" : "If the resource is contained in another resource, it SHALL be referred to from elsewhere in the resource or SHALL refer to the containing resource",
        "expression" : "contained.where((('#'+id in (%resource.descendants().reference | %resource.descendants().as(canonical) | %resource.descendants().as(uri) | %resource.descendants().as(url))) or descendants().where(reference = '#').exists() or descendants().where(as(canonical) = '#').exists() or descendants().where(as(canonical) = '#').exists()).not()).trace('unmatched', id).empty()",
        "source" : "http://hl7.org/fhir/StructureDefinition/DomainResource"
      },
      {
        "key" : "dom-4",
        "severity" : "error",
        "human" : "If a resource is contained in another resource, it SHALL NOT have a meta.versionId or a meta.lastUpdated",
        "expression" : "contained.meta.versionId.empty() and contained.meta.lastUpdated.empty()",
        "source" : "http://hl7.org/fhir/StructureDefinition/DomainResource"
      },
      {
        "key" : "dom-5",
        "severity" : "error",
        "human" : "If a resource is contained in another resource, it SHALL NOT have a security label",
        "expression" : "contained.meta.security.empty()",
        "source" : "http://hl7.org/fhir/StructureDefinition/DomainResource"
      },
      {
        "extension" : [{
          "url" : "http://hl7.org/fhir/StructureDefinition/elementdefinition-bestpractice",
          "valueBoolean" : true
        },
        {
          "url" : "http://hl7.org/fhir/StructureDefinition/elementdefinition-bestpractice-explanation",
          "valueMarkdown" : "When a resource has no narrative, only systems that fully understand the data can display the resource to a human safely. Including a human readable representation in the resource makes for a much more robust eco-system and cheaper handling of resources by intermediary systems. Some ecosystems restrict distribution of resources to only those systems that do fully understand the resources, and as a consequence implementers may believe that the narrative is superfluous. However experience shows that such eco-systems often open up to new participants over time."
        }],
        "key" : "dom-6",
        "severity" : "warning",
        "human" : "A resource should have narrative for robust management",
        "expression" : "text.`div`.exists()",
        "source" : "http://hl7.org/fhir/StructureDefinition/DomainResource"
      }],
      "mustSupport" : false,
      "isModifier" : false,
      "isSummary" : false,
      "mapping" : [{
        "identity" : "rim",
        "map" : "Entity. Role, or Act"
      },
      {
        "identity" : "v2",
        "map" : "PRD (as one example)"
      },
      {
        "identity" : "rim",
        "map" : "Role"
      },
      {
        "identity" : "servd",
        "map" : "ServiceSiteProvider"
      }]
    },
    {
      "path" : "PractitionerRole.id",
      "short" : "Logical id of this artifact",
      "definition" : "The logical id of the resource, as used in the URL for the resource. Once assigned, this value never changes.",
      "comment" : "The only time that a resource does not have an id is when it is being submitted to the server using a create operation.",
      "min" : 0,
      "max" : "1",
      "type" : [{
        "extension" : [{
          "url" : "http://hl7.org/fhir/StructureDefinition/structuredefinition-fhir-type",
          "valueUrl" : "string"
        }],
        "code" : "http://hl7.org/fhirpath/System.String"
      }],
      "mustSupport" : false,
      "isModifier" : false,
      "isSummary" : true
    },
    {
      "path" : "PractitionerRole.meta",
      "short" : "Metadata about the resource",
      "definition" : "The metadata about the resource. This is content that is maintained by the infrastructure. Changes to the content might not always be associated with version changes to the resource.",
      "min" : 0,
      "max" : "1",
      "type" : [{
        "code" : "Meta"
      }],
      "constraint" : [{
        "key" : "ele-1",
        "severity" : "error",
        "human" : "All FHIR elements must have a @value or children",
        "expression" : "hasValue() or (children().count() > id.count())",
        "source" : "http://hl7.org/fhir/StructureDefinition/Element"
      }],
      "mustSupport" : false,
      "isModifier" : false,
      "isSummary" : true
    },
    {
      "path" : "PractitionerRole.implicitRules",
      "short" : "A set of rules under which this content was created",
      "definition" : "A reference to a set of rules that were followed when the resource was constructed, and which must be understood when processing the content. Often, this is a reference to an implementation guide that defines the special rules along with other profiles etc.",
      "comment" : "Asserting this rule set restricts the content to be only understood by a limited set of trading partners. This inherently limits the usefulness of the data in the long term. However, the existing health eco-system is highly fractured, and not yet ready to define, collect, and exchange data in a generally computable sense. Wherever possible, implementers and/or specification writers should avoid using this element. Often, when used, the URL is a reference to an implementation guide that defines these special rules as part of it's narrative along with other profiles, value sets, etc.",
      "min" : 0,
      "max" : "1",
      "type" : [{
        "code" : "uri"
      }],
      "constraint" : [{
        "key" : "ele-1",
        "severity" : "error",
        "human" : "All FHIR elements must have a @value or children",
        "expression" : "hasValue() or (children().count() > id.count())",
        "source" : "http://hl7.org/fhir/StructureDefinition/Element"
      }],
      "mustSupport" : false,
      "isModifier" : true,
      "isSummary" : true
    },
    {
      "path" : "PractitionerRole.language",
      "short" : "Language of the resource content",
      "definition" : "The base language in which the resource is written.",
      "comment" : "Language is provided to support indexing and accessibility (typically, services such as text to speech use the language tag). The html language tag in the narrative applies  to the narrative. The language tag on the resource may be used to specify the language of other presentations generated from the data in the resource. Not all the content has to be in the base language. The Resource.language should not be assumed to apply to the narrative automatically. If a language is specified, it should it also be specified on the div element in the html (see rules in HTML5 for information about the relationship between xml:lang and the html lang attribute).",
      "min" : 0,
      "max" : "1",
      "type" : [{
        "code" : "code"
      }],
      "constraint" : [{
        "key" : "ele-1",
        "severity" : "error",
        "human" : "All FHIR elements must have a @value or children",
        "expression" : "hasValue() or (children().count() > id.count())",
        "source" : "http://hl7.org/fhir/StructureDefinition/Element"
      }],
      "mustSupport" : false,
      "isModifier" : false,
      "isSummary" : false,
      "binding" : {
        "extension" : [{
          "url" : "http://hl7.org/fhir/StructureDefinition/elementdefinition-maxValueSet",
          "valueCanonical" : "http://hl7.org/fhir/ValueSet/all-languages"
        },
        {
          "url" : "http://hl7.org/fhir/StructureDefinition/elementdefinition-bindingName",
          "valueString" : "Language"
        },
        {
          "url" : "http://hl7.org/fhir/StructureDefinition/elementdefinition-isCommonBinding",
          "valueBoolean" : true
        }],
        "strength" : "preferred",
        "description" : "A human language.",
        "valueSet" : "http://hl7.org/fhir/ValueSet/languages"
      }
    },
    {
      "path" : "PractitionerRole.text",
      "short" : "Text summary of the resource, for human interpretation",
      "definition" : "A human-readable narrative that contains a summary of the resource and can be used to represent the content of the resource to a human. The narrative need not encode all the structured data, but is required to contain sufficient detail to make it \"clinically safe\" for a human to just read the narrative. Resource definitions may define what content should be represented in the narrative to ensure clinical safety.",
      "comment" : "Contained resources do not have narrative. Resources that are not contained SHOULD have a narrative. In some cases, a resource may only have text with little or no additional discrete data (as long as all minOccurs=1 elements are satisfied).  This may be necessary for data from legacy systems where information is captured as a \"text blob\" or where text is additionally entered raw or narrated and encoded information is added later.",
      "alias" : ["narrative",
      "html",
      "xhtml",
      "display"],
      "min" : 0,
      "max" : "1",
      "type" : [{
        "code" : "Narrative"
      }],
      "constraint" : [{
        "key" : "ele-1",
        "severity" : "error",
        "human" : "All FHIR elements must have a @value or children",
        "expression" : "hasValue() or (children().count() > id.count())",
        "source" : "http://hl7.org/fhir/StructureDefinition/Element"
      }],
      "mustSupport" : false,
      "isModifier" : false,
      "isSummary" : false,
      "mapping" : [{
        "identity" : "rim",
        "map" : "Act.text?"
      }]
    },
    {
      "path" : "PractitionerRole.contained",
      "short" : "Contained, inline Resources",
      "definition" : "These resources do not have an independent existence apart from the resource that contains them - they cannot be identified independently, and nor can they have their own independent transaction scope.",
      "comment" : "This should never be done when the content can be identified properly, as once identification is lost, it is extremely difficult (and context dependent) to restore it again. Contained resources may have profiles and tags In their meta elements, but SHALL NOT have security labels.",
      "alias" : ["inline resources",
      "anonymous resources",
      "contained resources"],
      "min" : 0,
      "max" : "*",
      "type" : [{
        "code" : "Resource"
      }],
      "mustSupport" : false,
      "isModifier" : false,
      "isSummary" : false,
      "mapping" : [{
        "identity" : "rim",
        "map" : "N/A"
      }]
    },
    {
      "path" : "PractitionerRole.extension",
      "short" : "Additional content defined by implementations",
      "definition" : "May be used to represent additional information that is not part of the basic definition of the resource. To make the use of extensions safe and manageable, there is a strict set of governance  applied to the definition and use of extensions. Though any implementer can define an extension, there is a set of requirements that SHALL be met as part of the definition of the extension.",
      "comment" : "There can be no stigma associated with the use of extensions by any application, project, or standard - regardless of the institution or jurisdiction that uses or defines the extensions.  The use of extensions is what allows the FHIR specification to retain a core level of simplicity for everyone.",
      "alias" : ["extensions",
      "user content"],
      "min" : 0,
      "max" : "*",
      "type" : [{
        "code" : "Extension"
      }],
      "constraint" : [{
        "key" : "ele-1",
        "severity" : "error",
        "human" : "All FHIR elements must have a @value or children",
        "expression" : "hasValue() or (children().count() > id.count())",
        "source" : "http://hl7.org/fhir/StructureDefinition/Element"
      },
      {
        "key" : "ext-1",
        "severity" : "error",
        "human" : "Must have either extensions or value[x], not both",
        "expression" : "extension.exists() != value.exists()",
        "source" : "http://hl7.org/fhir/StructureDefinition/Extension"
      }],
      "mustSupport" : false,
      "isModifier" : false,
      "isSummary" : false,
      "mapping" : [{
        "identity" : "rim",
        "map" : "N/A"
      }]
    },
    {
      "path" : "PractitionerRole.modifierExtension",
      "short" : "Extensions that cannot be ignored",
      "definition" : "May be used to represent additional information that is not part of the basic definition of the resource and that modifies the understanding of the element that contains it and/or the understanding of the containing element's descendants. Usually modifier elements provide negation or qualification. To make the use of extensions safe and manageable, there is a strict set of governance applied to the definition and use of extensions. Though any implementer is allowed to define an extension, there is a set of requirements that SHALL be met as part of the definition of the extension. Applications processing a resource are required to check for modifier extensions.\n\nModifier extensions SHALL NOT change the meaning of any elements on Resource or DomainResource (including cannot change the meaning of modifierExtension itself).",
      "comment" : "There can be no stigma associated with the use of extensions by any application, project, or standard - regardless of the institution or jurisdiction that uses or defines the extensions.  The use of extensions is what allows the FHIR specification to retain a core level of simplicity for everyone.",
      "requirements" : "Modifier extensions allow for extensions that *cannot* be safely ignored to be clearly distinguished from the vast majority of extensions which can be safely ignored.  This promotes interoperability by eliminating the need for implementers to prohibit the presence of extensions. For further information, see the [definition of modifier extensions].",
      "alias" : ["extensions",
      "user content"],
      "min" : 0,
      "max" : "*",
      "type" : [{
        "code" : "Extension"
      }],
      "constraint" : [{
        "key" : "ele-1",
        "severity" : "error",
        "human" : "All FHIR elements must have a @value or children",
        "expression" : "hasValue() or (children().count() > id.count())",
        "source" : "http://hl7.org/fhir/StructureDefinition/Element"
      },
      {
        "key" : "ext-1",
        "severity" : "error",
        "human" : "Must have either extensions or value[x], not both",
        "expression" : "extension.exists() != value.exists()",
        "source" : "http://hl7.org/fhir/StructureDefinition/Extension"
      }],
      "mustSupport" : false,
      "isModifier" : true,
      "isSummary" : false,
      "mapping" : [{
        "identity" : "rim",
        "map" : "N/A"
      }]
    },
    {
      "path" : "PractitionerRole.identifier",
      "short" : "Business Identifiers that are specific to a role/location",
      "definition" : "Business Identifiers that are specific to a role/location.",
      "requirements" : "Often, specific identities are assigned for the agent.",
      "min" : 0,
      "max" : "*",
      "type" : [{
        "code" : "Identifier"
      }],
      "constraint" : [{
        "key" : "ele-1",
        "severity" : "error",
        "human" : "All FHIR elements must have a @value or children",
        "expression" : "hasValue() or (children().count() > id.count())",
        "source" : "http://hl7.org/fhir/StructureDefinition/Element"
      }],
      "mustSupport" : false,
      "isModifier" : false,
      "isSummary" : true,
      "mapping" : [{
        "identity" : "w5",
        "map" : "FiveWs.identifier"
      },
      {
        "identity" : "v2",
        "map" : "PRD-7 (or XCN.1)"
      },
      {
        "identity" : "rim",
        "map" : ".id"
      },
      {
        "identity" : "servd",
        "map" : "./Identifiers"
      }]
    },
    {
      "path" : "PractitionerRole.active",
      "short" : "Whether this practitioner role record is in active use",
      "definition" : "Whether this practitioner role record is in active use.",
      "comment" : "If this value is false, you may refer to the period to see when the role was in active use. If there is no period specified, no inference can be made about when it was active.",
      "requirements" : "Need to be able to mark a practitioner role record as not to be used because it was created in error, or otherwise no longer in active use.",
      "min" : 0,
      "max" : "1",
      "type" : [{
        "code" : "boolean"
      }],
      "meaningWhenMissing" : "This resource is generally assumed to be active if no value is provided for the active element",
      "constraint" : [{
        "key" : "ele-1",
        "severity" : "error",
        "human" : "All FHIR elements must have a @value or children",
        "expression" : "hasValue() or (children().count() > id.count())",
        "source" : "http://hl7.org/fhir/StructureDefinition/Element"
      }],
      "mustSupport" : false,
      "isModifier" : false,
      "isSummary" : true,
      "mapping" : [{
        "identity" : "w5",
        "map" : "FiveWs.status"
      },
      {
        "identity" : "v2",
        "map" : "STF-7"
      },
      {
        "identity" : "rim",
        "map" : ".statusCode"
      }]
    },
    {
      "path" : "PractitionerRole.period",
      "short" : "The period during which the practitioner is authorized to perform in these role(s)",
      "definition" : "The period during which the person is authorized to act as a practitioner in these role(s) for the organization.",
      "requirements" : "Even after the agencies is revoked, the fact that it existed must still be recorded.",
      "min" : 0,
      "max" : "1",
      "type" : [{
        "code" : "Period"
      }],
      "constraint" : [{
        "key" : "ele-1",
        "severity" : "error",
        "human" : "All FHIR elements must have a @value or children",
        "expression" : "hasValue() or (children().count() > id.count())",
        "source" : "http://hl7.org/fhir/StructureDefinition/Element"
      }],
      "mustSupport" : false,
      "isModifier" : false,
      "isSummary" : true,
      "mapping" : [{
        "identity" : "w5",
        "map" : "FiveWs.done[x]"
      },
      {
        "identity" : "v2",
        "map" : "PRD-8/9 / PRA-5.4"
      },
      {
        "identity" : "rim",
        "map" : ".performance[@typeCode <= 'PPRF'].ActDefinitionOrEvent.effectiveTime"
      },
      {
        "identity" : "servd",
        "map" : "(ServD maps Practitioners and Organizations via another entity, so this concept is not available)"
      }]
    },
    {
      "path" : "PractitionerRole.practitioner",
      "short" : "Practitioner that is able to provide the defined services for the organization",
      "definition" : "Practitioner that is able to provide the defined services for the organization.",
      "min" : 1,
      "max" : "1",
      "type" : [{
        "code" : "Reference",
        "targetProfile" : ["http://fhir.ch/ig/ch-emed/StructureDefinition/ch-emed-practitioner",
        "#sd-ch-emed-practitioner-ch-emed-practitioner"]
      }],
      "constraint" : [{
        "key" : "ele-1",
        "severity" : "error",
        "human" : "All FHIR elements must have a @value or children",
        "expression" : "hasValue() or (children().count() > id.count())",
        "source" : "http://hl7.org/fhir/StructureDefinition/Element"
      }],
      "mustSupport" : false,
      "isModifier" : false,
      "isSummary" : true,
      "mapping" : [{
        "identity" : "rim",
        "map" : ".player"
      }]
    },
    {
      "path" : "PractitionerRole.practitioner.id",
      "representation" : ["xmlAttr"],
      "short" : "Unique id for inter-element referencing",
      "definition" : "Unique id for the element within a resource (for internal references). This may be any string value that does not contain spaces.",
      "min" : 0,
      "max" : "1",
      "type" : [{
        "extension" : [{
          "url" : "http://hl7.org/fhir/StructureDefinition/structuredefinition-fhir-type",
          "valueUrl" : "string"
        }],
        "code" : "http://hl7.org/fhirpath/System.String"
      }],
      "mustSupport" : false,
      "isModifier" : false,
      "isSummary" : false,
      "mapping" : [{
        "identity" : "rim",
        "map" : "n/a"
      }]
    },
    {
      "path" : "PractitionerRole.practitioner.extension",
      "short" : "Additional content defined by implementations",
      "definition" : "May be used to represent additional information that is not part of the basic definition of the element. To make the use of extensions safe and manageable, there is a strict set of governance  applied to the definition and use of extensions. Though any implementer can define an extension, there is a set of requirements that SHALL be met as part of the definition of the extension.",
      "comment" : "There can be no stigma associated with the use of extensions by any application, project, or standard - regardless of the institution or jurisdiction that uses or defines the extensions.  The use of extensions is what allows the FHIR specification to retain a core level of simplicity for everyone.",
      "alias" : ["extensions",
      "user content"],
      "min" : 0,
      "max" : "*",
      "type" : [{
        "code" : "Extension"
      }],
      "constraint" : [{
        "key" : "ele-1",
        "severity" : "error",
        "human" : "All FHIR elements must have a @value or children",
        "expression" : "hasValue() or (children().count() > id.count())",
        "source" : "http://hl7.org/fhir/StructureDefinition/Element"
      },
      {
        "key" : "ext-1",
        "severity" : "error",
        "human" : "Must have either extensions or value[x], not both",
        "expression" : "extension.exists() != value.exists()",
        "source" : "http://hl7.org/fhir/StructureDefinition/Extension"
      }],
      "mustSupport" : false,
      "isModifier" : false,
      "isSummary" : false,
      "mapping" : [{
        "identity" : "rim",
        "map" : "n/a"
      }]
    },
    {
      "path" : "PractitionerRole.practitioner.reference",
      "short" : "Literal reference, Relative, internal or absolute URL",
      "definition" : "A reference to a location at which the other resource is found. The reference may be a relative reference, in which case it is relative to the service base URL, or an absolute URL that resolves to the location where the resource is found. The reference may be version specific or not. If the reference is not to a FHIR RESTful server, then it should be assumed to be version specific. Internal fragment references (start with '#') refer to contained resources.",
      "comment" : "Using absolute URLs provides a stable scalable approach suitable for a cloud/web context, while using relative/logical references provides a flexible approach suitable for use when trading across closed eco-system boundaries.   Absolute URLs do not need to point to a FHIR RESTful server, though this is the preferred approach. If the URL conforms to the structure \"/[type]/[id]\" then it should be assumed that the reference is to a FHIR RESTful server.",
      "min" : 1,
      "max" : "1",
      "type" : [{
        "code" : "string"
      }],
      "constraint" : [{
        "key" : "ele-1",
        "severity" : "error",
        "human" : "All FHIR elements must have a @value or children",
        "expression" : "hasValue() or (children().count() > id.count())",
        "source" : "http://hl7.org/fhir/StructureDefinition/Element"
      }],
      "mustSupport" : false,
      "isModifier" : false,
      "isSummary" : true,
      "mapping" : [{
        "identity" : "rim",
        "map" : "N/A"
      }]
    },
    {
      "path" : "PractitionerRole.practitioner.type",
      "short" : "Type the reference refers to (e.g. \"Patient\")",
      "definition" : "The expected type of the target of the reference. If both Reference.type and Reference.reference are populated and Reference.reference is a FHIR URL, both SHALL be consistent.\n\nThe type is the Canonical URL of Resource Definition that is the type this reference refers to. References are URLs that are relative to http://hl7.org/fhir/StructureDefinition/ e.g. \"Patient\" is a reference to http://hl7.org/fhir/StructureDefinition/Patient. Absolute URLs are only allowed for logical models (and can only be used in references in logical models, not resources).",
      "comment" : "This element is used to indicate the type of  the target of the reference. This may be used which ever of the other elements are populated (or not). In some cases, the type of the target may be determined by inspection of the reference (e.g. a RESTful URL) or by resolving the target of the reference; if both the type and a reference is provided, the reference SHALL resolve to a resource of the same type as that specified.",
      "min" : 0,
      "max" : "1",
      "type" : [{
        "code" : "uri"
      }],
      "constraint" : [{
        "key" : "ele-1",
        "severity" : "error",
        "human" : "All FHIR elements must have a @value or children",
        "expression" : "hasValue() or (children().count() > id.count())",
        "source" : "http://hl7.org/fhir/StructureDefinition/Element"
      }],
      "mustSupport" : false,
      "isModifier" : false,
      "isSummary" : true,
      "binding" : {
        "strength" : "extensible",
        "description" : "Aa resource (or, for logical models, the URI of the logical model).",
        "valueSet" : "http://hl7.org/fhir/ValueSet/resource-types"
      },
      "mapping" : [{
        "identity" : "rim",
        "map" : "N/A"
      }]
    },
    {
      "path" : "PractitionerRole.practitioner.identifier",
      "short" : "Logical reference, when literal reference is not known",
      "definition" : "An identifier for the target resource. This is used when there is no way to reference the other resource directly, either because the entity it represents is not available through a FHIR server, or because there is no way for the author of the resource to convert a known identifier to an actual location. There is no requirement that a Reference.identifier point to something that is actually exposed as a FHIR instance, but it SHALL point to a business concept that would be expected to be exposed as a FHIR instance, and that instance would need to be of a FHIR resource type allowed by the reference.",
      "comment" : "When an identifier is provided in place of a reference, any system processing the reference will only be able to resolve the identifier to a reference if it understands the business context in which the identifier is used. Sometimes this is global (e.g. a national identifier) but often it is not. For this reason, none of the useful mechanisms described for working with references (e.g. chaining, includes) are possible, nor should servers be expected to be able resolve the reference. Servers may accept an identifier based reference untouched, resolve it, and/or reject it - see CapabilityStatement.rest.resource.referencePolicy. \n\nWhen both an identifier and a literal reference are provided, the literal reference is preferred. Applications processing the resource are allowed - but not required - to check that the identifier matches the literal reference\n\nApplications converting a logical reference to a literal reference may choose to leave the logical reference present, or remove it.\n\nReference is intended to point to a structure that can potentially be expressed as a FHIR resource, though there is no need for it to exist as an actual FHIR resource instance - except in as much as an application wishes to actual find the target of the reference. The content referred to be the identifier must meet the logical constraints implied by any limitations on what resource types are permitted for the reference.  For example, it would not be legitimate to send the identifier for a drug prescription if the type were Reference(Observation|DiagnosticReport).  One of the use-cases for Reference.identifier is the situation where no FHIR representation exists (where the type is Reference (Any).",
      "min" : 0,
      "max" : "1",
      "type" : [{
        "code" : "Identifier"
      }],
      "constraint" : [{
        "key" : "ele-1",
        "severity" : "error",
        "human" : "All FHIR elements must have a @value or children",
        "expression" : "hasValue() or (children().count() > id.count())",
        "source" : "http://hl7.org/fhir/StructureDefinition/Element"
      }],
      "mustSupport" : false,
      "isModifier" : false,
      "isSummary" : true,
      "mapping" : [{
        "identity" : "rim",
        "map" : ".identifier"
      }]
    },
    {
      "path" : "PractitionerRole.practitioner.display",
      "short" : "Text alternative for the resource",
      "definition" : "Plain text narrative that identifies the resource in addition to the resource reference.",
      "comment" : "This is generally not the same as the Resource.text of the referenced resource.  The purpose is to identify what's being referenced, not to fully describe it.",
      "min" : 0,
      "max" : "1",
      "type" : [{
        "code" : "string"
      }],
      "constraint" : [{
        "key" : "ele-1",
        "severity" : "error",
        "human" : "All FHIR elements must have a @value or children",
        "expression" : "hasValue() or (children().count() > id.count())",
        "source" : "http://hl7.org/fhir/StructureDefinition/Element"
      }],
      "mustSupport" : false,
      "isModifier" : false,
      "isSummary" : true,
      "mapping" : [{
        "identity" : "rim",
        "map" : "N/A"
      }]
    },
    {
      "path" : "PractitionerRole.organization",
      "short" : "Organization where the roles are available",
      "definition" : "The organization where the Practitioner performs the roles associated.",
      "min" : 1,
      "max" : "1",
      "type" : [{
        "code" : "Reference",
        "targetProfile" : ["http://fhir.ch/ig/ch-emed/StructureDefinition/ch-emed-organization"]
      }],
      "constraint" : [{
        "key" : "ele-1",
        "severity" : "error",
        "human" : "All FHIR elements must have a @value or children",
        "expression" : "hasValue() or (children().count() > id.count())",
        "source" : "http://hl7.org/fhir/StructureDefinition/Element"
      }],
      "mustSupport" : false,
      "isModifier" : false,
      "isSummary" : true,
      "mapping" : [{
        "identity" : "rim",
        "map" : ".scoper"
      }]
    },
    {
      "path" : "PractitionerRole.organization.id",
      "representation" : ["xmlAttr"],
      "short" : "Unique id for inter-element referencing",
      "definition" : "Unique id for the element within a resource (for internal references). This may be any string value that does not contain spaces.",
      "min" : 0,
      "max" : "1",
      "type" : [{
        "extension" : [{
          "url" : "http://hl7.org/fhir/StructureDefinition/structuredefinition-fhir-type",
          "valueUrl" : "string"
        }],
        "code" : "http://hl7.org/fhirpath/System.String"
      }],
      "mustSupport" : false,
      "isModifier" : false,
      "isSummary" : false,
      "mapping" : [{
        "identity" : "rim",
        "map" : "n/a"
      }]
    },
    {
      "path" : "PractitionerRole.organization.extension",
      "short" : "Additional content defined by implementations",
      "definition" : "May be used to represent additional information that is not part of the basic definition of the element. To make the use of extensions safe and manageable, there is a strict set of governance  applied to the definition and use of extensions. Though any implementer can define an extension, there is a set of requirements that SHALL be met as part of the definition of the extension.",
      "comment" : "There can be no stigma associated with the use of extensions by any application, project, or standard - regardless of the institution or jurisdiction that uses or defines the extensions.  The use of extensions is what allows the FHIR specification to retain a core level of simplicity for everyone.",
      "alias" : ["extensions",
      "user content"],
      "min" : 0,
      "max" : "*",
      "type" : [{
        "code" : "Extension"
      }],
      "constraint" : [{
        "key" : "ele-1",
        "severity" : "error",
        "human" : "All FHIR elements must have a @value or children",
        "expression" : "hasValue() or (children().count() > id.count())",
        "source" : "http://hl7.org/fhir/StructureDefinition/Element"
      },
      {
        "key" : "ext-1",
        "severity" : "error",
        "human" : "Must have either extensions or value[x], not both",
        "expression" : "extension.exists() != value.exists()",
        "source" : "http://hl7.org/fhir/StructureDefinition/Extension"
      }],
      "mustSupport" : false,
      "isModifier" : false,
      "isSummary" : false,
      "mapping" : [{
        "identity" : "rim",
        "map" : "n/a"
      }]
    },
    {
      "path" : "PractitionerRole.organization.reference",
      "short" : "Literal reference, Relative, internal or absolute URL",
      "definition" : "A reference to a location at which the other resource is found. The reference may be a relative reference, in which case it is relative to the service base URL, or an absolute URL that resolves to the location where the resource is found. The reference may be version specific or not. If the reference is not to a FHIR RESTful server, then it should be assumed to be version specific. Internal fragment references (start with '#') refer to contained resources.",
      "comment" : "Using absolute URLs provides a stable scalable approach suitable for a cloud/web context, while using relative/logical references provides a flexible approach suitable for use when trading across closed eco-system boundaries.   Absolute URLs do not need to point to a FHIR RESTful server, though this is the preferred approach. If the URL conforms to the structure \"/[type]/[id]\" then it should be assumed that the reference is to a FHIR RESTful server.",
      "min" : 1,
      "max" : "1",
      "type" : [{
        "code" : "string"
      }],
      "constraint" : [{
        "key" : "ele-1",
        "severity" : "error",
        "human" : "All FHIR elements must have a @value or children",
        "expression" : "hasValue() or (children().count() > id.count())",
        "source" : "http://hl7.org/fhir/StructureDefinition/Element"
      }],
      "mustSupport" : false,
      "isModifier" : false,
      "isSummary" : true,
      "mapping" : [{
        "identity" : "rim",
        "map" : "N/A"
      }]
    },
    {
      "path" : "PractitionerRole.organization.type",
      "short" : "Type the reference refers to (e.g. \"Patient\")",
      "definition" : "The expected type of the target of the reference. If both Reference.type and Reference.reference are populated and Reference.reference is a FHIR URL, both SHALL be consistent.\n\nThe type is the Canonical URL of Resource Definition that is the type this reference refers to. References are URLs that are relative to http://hl7.org/fhir/StructureDefinition/ e.g. \"Patient\" is a reference to http://hl7.org/fhir/StructureDefinition/Patient. Absolute URLs are only allowed for logical models (and can only be used in references in logical models, not resources).",
      "comment" : "This element is used to indicate the type of  the target of the reference. This may be used which ever of the other elements are populated (or not). In some cases, the type of the target may be determined by inspection of the reference (e.g. a RESTful URL) or by resolving the target of the reference; if both the type and a reference is provided, the reference SHALL resolve to a resource of the same type as that specified.",
      "min" : 0,
      "max" : "1",
      "type" : [{
        "code" : "uri"
      }],
      "constraint" : [{
        "key" : "ele-1",
        "severity" : "error",
        "human" : "All FHIR elements must have a @value or children",
        "expression" : "hasValue() or (children().count() > id.count())",
        "source" : "http://hl7.org/fhir/StructureDefinition/Element"
      }],
      "mustSupport" : false,
      "isModifier" : false,
      "isSummary" : true,
      "binding" : {
        "strength" : "extensible",
        "description" : "Aa resource (or, for logical models, the URI of the logical model).",
        "valueSet" : "http://hl7.org/fhir/ValueSet/resource-types"
      },
      "mapping" : [{
        "identity" : "rim",
        "map" : "N/A"
      }]
    },
    {
      "path" : "PractitionerRole.organization.identifier",
      "short" : "Logical reference, when literal reference is not known",
      "definition" : "An identifier for the target resource. This is used when there is no way to reference the other resource directly, either because the entity it represents is not available through a FHIR server, or because there is no way for the author of the resource to convert a known identifier to an actual location. There is no requirement that a Reference.identifier point to something that is actually exposed as a FHIR instance, but it SHALL point to a business concept that would be expected to be exposed as a FHIR instance, and that instance would need to be of a FHIR resource type allowed by the reference.",
      "comment" : "When an identifier is provided in place of a reference, any system processing the reference will only be able to resolve the identifier to a reference if it understands the business context in which the identifier is used. Sometimes this is global (e.g. a national identifier) but often it is not. For this reason, none of the useful mechanisms described for working with references (e.g. chaining, includes) are possible, nor should servers be expected to be able resolve the reference. Servers may accept an identifier based reference untouched, resolve it, and/or reject it - see CapabilityStatement.rest.resource.referencePolicy. \n\nWhen both an identifier and a literal reference are provided, the literal reference is preferred. Applications processing the resource are allowed - but not required - to check that the identifier matches the literal reference\n\nApplications converting a logical reference to a literal reference may choose to leave the logical reference present, or remove it.\n\nReference is intended to point to a structure that can potentially be expressed as a FHIR resource, though there is no need for it to exist as an actual FHIR resource instance - except in as much as an application wishes to actual find the target of the reference. The content referred to be the identifier must meet the logical constraints implied by any limitations on what resource types are permitted for the reference.  For example, it would not be legitimate to send the identifier for a drug prescription if the type were Reference(Observation|DiagnosticReport).  One of the use-cases for Reference.identifier is the situation where no FHIR representation exists (where the type is Reference (Any).",
      "min" : 0,
      "max" : "1",
      "type" : [{
        "code" : "Identifier"
      }],
      "constraint" : [{
        "key" : "ele-1",
        "severity" : "error",
        "human" : "All FHIR elements must have a @value or children",
        "expression" : "hasValue() or (children().count() > id.count())",
        "source" : "http://hl7.org/fhir/StructureDefinition/Element"
      }],
      "mustSupport" : false,
      "isModifier" : false,
      "isSummary" : true,
      "mapping" : [{
        "identity" : "rim",
        "map" : ".identifier"
      }]
    },
    {
      "path" : "PractitionerRole.organization.display",
      "short" : "Text alternative for the resource",
      "definition" : "Plain text narrative that identifies the resource in addition to the resource reference.",
      "comment" : "This is generally not the same as the Resource.text of the referenced resource.  The purpose is to identify what's being referenced, not to fully describe it.",
      "min" : 0,
      "max" : "1",
      "type" : [{
        "code" : "string"
      }],
      "constraint" : [{
        "key" : "ele-1",
        "severity" : "error",
        "human" : "All FHIR elements must have a @value or children",
        "expression" : "hasValue() or (children().count() > id.count())",
        "source" : "http://hl7.org/fhir/StructureDefinition/Element"
      }],
      "mustSupport" : false,
      "isModifier" : false,
      "isSummary" : true,
      "mapping" : [{
        "identity" : "rim",
        "map" : "N/A"
      }]
    },
    {
      "path" : "PractitionerRole.code",
      "short" : "Roles which this practitioner may perform",
      "definition" : "Roles which this practitioner is authorized to perform for the organization.",
      "comment" : "A person may have more than one role.",
      "requirements" : "Need to know what authority the practitioner has - what can they do?",
      "min" : 0,
      "max" : "*",
      "type" : [{
        "code" : "CodeableConcept"
      }],
      "constraint" : [{
        "key" : "ele-1",
        "severity" : "error",
        "human" : "All FHIR elements must have a @value or children",
        "expression" : "hasValue() or (children().count() > id.count())",
        "source" : "http://hl7.org/fhir/StructureDefinition/Element"
      }],
      "mustSupport" : false,
      "isModifier" : false,
      "isSummary" : true,
      "binding" : {
        "extension" : [{
          "url" : "http://hl7.org/fhir/StructureDefinition/elementdefinition-bindingName",
          "valueString" : "PractitionerRole"
        }],
        "strength" : "preferred",
        "description" : "The role a person plays representing an organization.",
        "valueSet" : "http://fhir.ch/ig/ch-epr-term/ValueSet/HCProfessional.hcProfession"
      },
      "mapping" : [{
        "identity" : "v2",
        "map" : "PRD-1 / STF-18  / PRA-3  / PRT-4  / ROL-3 / ORC-12 / OBR-16 / PV1-7 / PV1-8 / PV1-9 / PV1-17"
      },
      {
        "identity" : "rim",
        "map" : ".code"
      },
      {
        "identity" : "servd",
        "map" : "(ServD maps Practitioners and Organizations via another entity, so this concept is not available)"
      }]
    },
    {
      "path" : "PractitionerRole.specialty",
      "short" : "Specific specialty of the practitioner",
      "definition" : "Specific specialty of the practitioner.",
      "min" : 0,
      "max" : "*",
      "type" : [{
        "code" : "CodeableConcept"
      }],
      "constraint" : [{
        "key" : "ele-1",
        "severity" : "error",
        "human" : "All FHIR elements must have a @value or children",
        "expression" : "hasValue() or (children().count() > id.count())",
        "source" : "http://hl7.org/fhir/StructureDefinition/Element"
      }],
      "mustSupport" : false,
      "isModifier" : false,
      "isSummary" : true,
      "binding" : {
        "strength" : "required",
        "description" : "Specific specialty associated with the agency.",
        "valueSet" : "http://fhir.ch/ig/ch-epr-term/ValueSet/HCProfessional.hcSpecialisation"
      },
      "mapping" : [{
        "identity" : "v2",
        "map" : "PRA-5"
      },
      {
        "identity" : "rim",
        "map" : ".player.HealthCareProvider[@classCode = 'PROV'].code"
      },
      {
        "identity" : "servd",
        "map" : "./Specialty"
      }]
    },
    {
      "path" : "PractitionerRole.location",
      "short" : "The location(s) at which this practitioner provides care",
      "definition" : "The location(s) at which this practitioner provides care.",
      "min" : 0,
      "max" : "*",
      "type" : [{
        "code" : "Reference",
        "targetProfile" : ["http://fhir.ch/ig/ch-core/StructureDefinition/ch-core-location",
        "#sd-ch-core-location-ch-core-location"]
      }],
      "constraint" : [{
        "key" : "ele-1",
        "severity" : "error",
        "human" : "All FHIR elements must have a @value or children",
        "expression" : "hasValue() or (children().count() > id.count())",
        "source" : "http://hl7.org/fhir/StructureDefinition/Element"
      }],
      "mustSupport" : false,
      "isModifier" : false,
      "isSummary" : true,
      "mapping" : [{
        "identity" : "w5",
        "map" : "FiveWs.where[x]"
      },
      {
        "identity" : "rim",
        "map" : ".performance.ActDefinitionOrEvent.ServiceDeliveryLocation[@classCode = 'SDLOC']"
      },
      {
        "identity" : "servd",
        "map" : "(ServD maps Practitioners and Organizations via another entity, so this concept is not available)<br/> However these are accessed via the Site.ServiceSite.ServiceSiteProvider record. (The Site has the location)"
      }]
    },
    {
      "path" : "PractitionerRole.healthcareService",
      "short" : "The list of healthcare services that this worker provides for this role's Organization/Location(s)",
      "definition" : "The list of healthcare services that this worker provides for this role's Organization/Location(s).",
      "min" : 0,
      "max" : "*",
      "type" : [{
        "code" : "Reference",
        "targetProfile" : ["http://hl7.org/fhir/StructureDefinition/HealthcareService"]
      }],
      "constraint" : [{
        "key" : "ele-1",
        "severity" : "error",
        "human" : "All FHIR elements must have a @value or children",
        "expression" : "hasValue() or (children().count() > id.count())",
        "source" : "http://hl7.org/fhir/StructureDefinition/Element"
      }],
      "mustSupport" : false,
      "isModifier" : false,
      "isSummary" : false,
      "mapping" : [{
        "identity" : "v2",
        "map" : "EDU-2 / AFF-3"
      },
      {
        "identity" : "rim",
        "map" : ".player.QualifiedEntity[@classCode = 'QUAL'].code"
      }]
    },
    {
      "path" : "PractitionerRole.telecom",
      "short" : "Contact details that are specific to the role/location/service",
      "definition" : "Contact details that are specific to the role/location/service.",
      "requirements" : "Often practitioners have a dedicated line for each location (or service) that they work at, and need to be able to define separate contact details for each of these.",
      "min" : 0,
      "max" : "*",
      "type" : [{
        "code" : "ContactPoint"
      }],
      "constraint" : [{
        "key" : "ele-1",
        "severity" : "error",
        "human" : "All FHIR elements must have a @value or children",
        "expression" : "hasValue() or (children().count() > id.count())",
        "source" : "http://hl7.org/fhir/StructureDefinition/Element"
      }],
      "mustSupport" : false,
      "isModifier" : false,
      "isSummary" : true,
      "mapping" : [{
        "identity" : "rim",
        "map" : ".telecom"
      }]
    },
    {
      "path" : "PractitionerRole.availableTime",
      "short" : "Times the Service Site is available",
      "definition" : "A collection of times the practitioner is available or performing this role at the location and/or healthcareservice.",
      "comment" : "More detailed availability information may be provided in associated Schedule/Slot resources.",
      "min" : 0,
      "max" : "*",
      "type" : [{
        "code" : "BackboneElement"
      }],
      "constraint" : [{
        "key" : "ele-1",
        "severity" : "error",
        "human" : "All FHIR elements must have a @value or children",
        "expression" : "hasValue() or (children().count() > id.count())",
        "source" : "http://hl7.org/fhir/StructureDefinition/Element"
      }],
      "mustSupport" : false,
      "isModifier" : false,
      "isSummary" : false,
      "mapping" : [{
        "identity" : "rim",
        "map" : ".effectiveTime"
      }]
    },
    {
      "path" : "PractitionerRole.availableTime.id",
      "representation" : ["xmlAttr"],
      "short" : "Unique id for inter-element referencing",
      "definition" : "Unique id for the element within a resource (for internal references). This may be any string value that does not contain spaces.",
      "min" : 0,
      "max" : "1",
      "type" : [{
        "extension" : [{
          "url" : "http://hl7.org/fhir/StructureDefinition/structuredefinition-fhir-type",
          "valueUrl" : "string"
        }],
        "code" : "http://hl7.org/fhirpath/System.String"
      }],
      "mustSupport" : false,
      "isModifier" : false,
      "isSummary" : false,
      "mapping" : [{
        "identity" : "rim",
        "map" : "n/a"
      }]
    },
    {
      "path" : "PractitionerRole.availableTime.extension",
      "short" : "Additional content defined by implementations",
      "definition" : "May be used to represent additional information that is not part of the basic definition of the element. To make the use of extensions safe and manageable, there is a strict set of governance  applied to the definition and use of extensions. Though any implementer can define an extension, there is a set of requirements that SHALL be met as part of the definition of the extension.",
      "comment" : "There can be no stigma associated with the use of extensions by any application, project, or standard - regardless of the institution or jurisdiction that uses or defines the extensions.  The use of extensions is what allows the FHIR specification to retain a core level of simplicity for everyone.",
      "alias" : ["extensions",
      "user content"],
      "min" : 0,
      "max" : "*",
      "type" : [{
        "code" : "Extension"
      }],
      "constraint" : [{
        "key" : "ele-1",
        "severity" : "error",
        "human" : "All FHIR elements must have a @value or children",
        "expression" : "hasValue() or (children().count() > id.count())",
        "source" : "http://hl7.org/fhir/StructureDefinition/Element"
      },
      {
        "key" : "ext-1",
        "severity" : "error",
        "human" : "Must have either extensions or value[x], not both",
        "expression" : "extension.exists() != value.exists()",
        "source" : "http://hl7.org/fhir/StructureDefinition/Extension"
      }],
      "mustSupport" : false,
      "isModifier" : false,
      "isSummary" : false,
      "mapping" : [{
        "identity" : "rim",
        "map" : "n/a"
      }]
    },
    {
      "path" : "PractitionerRole.availableTime.modifierExtension",
      "short" : "Extensions that cannot be ignored even if unrecognized",
      "definition" : "May be used to represent additional information that is not part of the basic definition of the element and that modifies the understanding of the element in which it is contained and/or the understanding of the containing element's descendants. Usually modifier elements provide negation or qualification. To make the use of extensions safe and manageable, there is a strict set of governance applied to the definition and use of extensions. Though any implementer can define an extension, there is a set of requirements that SHALL be met as part of the definition of the extension. Applications processing a resource are required to check for modifier extensions.\n\nModifier extensions SHALL NOT change the meaning of any elements on Resource or DomainResource (including cannot change the meaning of modifierExtension itself).",
      "comment" : "There can be no stigma associated with the use of extensions by any application, project, or standard - regardless of the institution or jurisdiction that uses or defines the extensions.  The use of extensions is what allows the FHIR specification to retain a core level of simplicity for everyone.",
      "requirements" : "Modifier extensions allow for extensions that *cannot* be safely ignored to be clearly distinguished from the vast majority of extensions which can be safely ignored.  This promotes interoperability by eliminating the need for implementers to prohibit the presence of extensions. For further information, see the [definition of modifier extensions].",
      "alias" : ["extensions",
      "user content",
      "modifiers"],
      "min" : 0,
      "max" : "*",
      "type" : [{
        "code" : "Extension"
      }],
      "constraint" : [{
        "key" : "ele-1",
        "severity" : "error",
        "human" : "All FHIR elements must have a @value or children",
        "expression" : "hasValue() or (children().count() > id.count())",
        "source" : "http://hl7.org/fhir/StructureDefinition/Element"
      },
      {
        "key" : "ext-1",
        "severity" : "error",
        "human" : "Must have either extensions or value[x], not both",
        "expression" : "extension.exists() != value.exists()",
        "source" : "http://hl7.org/fhir/StructureDefinition/Extension"
      }],
      "mustSupport" : false,
      "isModifier" : true,
      "isSummary" : true,
      "mapping" : [{
        "identity" : "rim",
        "map" : "N/A"
      }]
    },
    {
      "path" : "PractitionerRole.availableTime.daysOfWeek",
      "short" : "mon | tue | wed | thu | fri | sat | sun",
      "definition" : "Indicates which days of the week are available between the start and end Times.",
      "min" : 0,
      "max" : "*",
      "type" : [{
        "code" : "code"
      }],
      "constraint" : [{
        "key" : "ele-1",
        "severity" : "error",
        "human" : "All FHIR elements must have a @value or children",
        "expression" : "hasValue() or (children().count() > id.count())",
        "source" : "http://hl7.org/fhir/StructureDefinition/Element"
      }],
      "mustSupport" : false,
      "isModifier" : false,
      "isSummary" : false,
      "binding" : {
        "strength" : "required",
        "description" : "The days of the week.",
        "valueSet" : "http://hl7.org/fhir/ValueSet/days-of-week|4.0.1"
      },
      "mapping" : [{
        "identity" : "rim",
        "map" : ".effectiveTime"
      }]
    },
    {
      "path" : "PractitionerRole.availableTime.allDay",
      "short" : "Always available? e.g. 24 hour service",
      "definition" : "Is this always available? (hence times are irrelevant) e.g. 24 hour service.",
      "min" : 0,
      "max" : "1",
      "type" : [{
        "code" : "boolean"
      }],
      "constraint" : [{
        "key" : "ele-1",
        "severity" : "error",
        "human" : "All FHIR elements must have a @value or children",
        "expression" : "hasValue() or (children().count() > id.count())",
        "source" : "http://hl7.org/fhir/StructureDefinition/Element"
      }],
      "mustSupport" : false,
      "isModifier" : false,
      "isSummary" : false,
      "mapping" : [{
        "identity" : "rim",
        "map" : ".effectiveTime"
      }]
    },
    {
      "path" : "PractitionerRole.availableTime.availableStartTime",
      "short" : "Opening time of day (ignored if allDay = true)",
      "definition" : "The opening time of day. Note: If the AllDay flag is set, then this time is ignored.",
      "comment" : "The timezone is expected to be for where this HealthcareService is provided at.",
      "min" : 0,
      "max" : "1",
      "type" : [{
        "code" : "time"
      }],
      "constraint" : [{
        "key" : "ele-1",
        "severity" : "error",
        "human" : "All FHIR elements must have a @value or children",
        "expression" : "hasValue() or (children().count() > id.count())",
        "source" : "http://hl7.org/fhir/StructureDefinition/Element"
      }],
      "mustSupport" : false,
      "isModifier" : false,
      "isSummary" : false,
      "mapping" : [{
        "identity" : "rim",
        "map" : ".effectiveTime"
      }]
    },
    {
      "path" : "PractitionerRole.availableTime.availableEndTime",
      "short" : "Closing time of day (ignored if allDay = true)",
      "definition" : "The closing time of day. Note: If the AllDay flag is set, then this time is ignored.",
      "comment" : "The timezone is expected to be for where this HealthcareService is provided at.",
      "min" : 0,
      "max" : "1",
      "type" : [{
        "code" : "time"
      }],
      "constraint" : [{
        "key" : "ele-1",
        "severity" : "error",
        "human" : "All FHIR elements must have a @value or children",
        "expression" : "hasValue() or (children().count() > id.count())",
        "source" : "http://hl7.org/fhir/StructureDefinition/Element"
      }],
      "mustSupport" : false,
      "isModifier" : false,
      "isSummary" : false,
      "mapping" : [{
        "identity" : "rim",
        "map" : ".effectiveTime"
      }]
    },
    {
      "path" : "PractitionerRole.notAvailable",
      "short" : "Not available during this time due to provided reason",
      "definition" : "The practitioner is not available or performing this role during this period of time due to the provided reason.",
      "min" : 0,
      "max" : "*",
      "type" : [{
        "code" : "BackboneElement"
      }],
      "constraint" : [{
        "key" : "ele-1",
        "severity" : "error",
        "human" : "All FHIR elements must have a @value or children",
        "expression" : "hasValue() or (children().count() > id.count())",
        "source" : "http://hl7.org/fhir/StructureDefinition/Element"
      }],
      "mustSupport" : false,
      "isModifier" : false,
      "isSummary" : false,
      "mapping" : [{
        "identity" : "rim",
        "map" : ".effectiveTime"
      }]
    },
    {
      "path" : "PractitionerRole.notAvailable.id",
      "representation" : ["xmlAttr"],
      "short" : "Unique id for inter-element referencing",
      "definition" : "Unique id for the element within a resource (for internal references). This may be any string value that does not contain spaces.",
      "min" : 0,
      "max" : "1",
      "type" : [{
        "extension" : [{
          "url" : "http://hl7.org/fhir/StructureDefinition/structuredefinition-fhir-type",
          "valueUrl" : "string"
        }],
        "code" : "http://hl7.org/fhirpath/System.String"
      }],
      "mustSupport" : false,
      "isModifier" : false,
      "isSummary" : false,
      "mapping" : [{
        "identity" : "rim",
        "map" : "n/a"
      }]
    },
    {
      "path" : "PractitionerRole.notAvailable.extension",
      "short" : "Additional content defined by implementations",
      "definition" : "May be used to represent additional information that is not part of the basic definition of the element. To make the use of extensions safe and manageable, there is a strict set of governance  applied to the definition and use of extensions. Though any implementer can define an extension, there is a set of requirements that SHALL be met as part of the definition of the extension.",
      "comment" : "There can be no stigma associated with the use of extensions by any application, project, or standard - regardless of the institution or jurisdiction that uses or defines the extensions.  The use of extensions is what allows the FHIR specification to retain a core level of simplicity for everyone.",
      "alias" : ["extensions",
      "user content"],
      "min" : 0,
      "max" : "*",
      "type" : [{
        "code" : "Extension"
      }],
      "constraint" : [{
        "key" : "ele-1",
        "severity" : "error",
        "human" : "All FHIR elements must have a @value or children",
        "expression" : "hasValue() or (children().count() > id.count())",
        "source" : "http://hl7.org/fhir/StructureDefinition/Element"
      },
      {
        "key" : "ext-1",
        "severity" : "error",
        "human" : "Must have either extensions or value[x], not both",
        "expression" : "extension.exists() != value.exists()",
        "source" : "http://hl7.org/fhir/StructureDefinition/Extension"
      }],
      "mustSupport" : false,
      "isModifier" : false,
      "isSummary" : false,
      "mapping" : [{
        "identity" : "rim",
        "map" : "n/a"
      }]
    },
    {
      "path" : "PractitionerRole.notAvailable.modifierExtension",
      "short" : "Extensions that cannot be ignored even if unrecognized",
      "definition" : "May be used to represent additional information that is not part of the basic definition of the element and that modifies the understanding of the element in which it is contained and/or the understanding of the containing element's descendants. Usually modifier elements provide negation or qualification. To make the use of extensions safe and manageable, there is a strict set of governance applied to the definition and use of extensions. Though any implementer can define an extension, there is a set of requirements that SHALL be met as part of the definition of the extension. Applications processing a resource are required to check for modifier extensions.\n\nModifier extensions SHALL NOT change the meaning of any elements on Resource or DomainResource (including cannot change the meaning of modifierExtension itself).",
      "comment" : "There can be no stigma associated with the use of extensions by any application, project, or standard - regardless of the institution or jurisdiction that uses or defines the extensions.  The use of extensions is what allows the FHIR specification to retain a core level of simplicity for everyone.",
      "requirements" : "Modifier extensions allow for extensions that *cannot* be safely ignored to be clearly distinguished from the vast majority of extensions which can be safely ignored.  This promotes interoperability by eliminating the need for implementers to prohibit the presence of extensions. For further information, see the [definition of modifier extensions].",
      "alias" : ["extensions",
      "user content",
      "modifiers"],
      "min" : 0,
      "max" : "*",
      "type" : [{
        "code" : "Extension"
      }],
      "constraint" : [{
        "key" : "ele-1",
        "severity" : "error",
        "human" : "All FHIR elements must have a @value or children",
        "expression" : "hasValue() or (children().count() > id.count())",
        "source" : "http://hl7.org/fhir/StructureDefinition/Element"
      },
      {
        "key" : "ext-1",
        "severity" : "error",
        "human" : "Must have either extensions or value[x], not both",
        "expression" : "extension.exists() != value.exists()",
        "source" : "http://hl7.org/fhir/StructureDefinition/Extension"
      }],
      "mustSupport" : false,
      "isModifier" : true,
      "isSummary" : true,
      "mapping" : [{
        "identity" : "rim",
        "map" : "N/A"
      }]
    },
    {
      "path" : "PractitionerRole.notAvailable.description",
      "short" : "Reason presented to the user explaining why time not available",
      "definition" : "The reason that can be presented to the user as to why this time is not available.",
      "min" : 1,
      "max" : "1",
      "type" : [{
        "code" : "string"
      }],
      "constraint" : [{
        "key" : "ele-1",
        "severity" : "error",
        "human" : "All FHIR elements must have a @value or children",
        "expression" : "hasValue() or (children().count() > id.count())",
        "source" : "http://hl7.org/fhir/StructureDefinition/Element"
      }],
      "mustSupport" : false,
      "isModifier" : false,
      "isSummary" : false,
      "mapping" : [{
        "identity" : "rim",
        "map" : "n/a"
      }]
    },
    {
      "path" : "PractitionerRole.notAvailable.during",
      "short" : "Service not available from this date",
      "definition" : "Service is not available (seasonally or for a public holiday) from this date.",
      "min" : 0,
      "max" : "1",
      "type" : [{
        "code" : "Period"
      }],
      "constraint" : [{
        "key" : "ele-1",
        "severity" : "error",
        "human" : "All FHIR elements must have a @value or children",
        "expression" : "hasValue() or (children().count() > id.count())",
        "source" : "http://hl7.org/fhir/StructureDefinition/Element"
      }],
      "mustSupport" : false,
      "isModifier" : false,
      "isSummary" : false,
      "mapping" : [{
        "identity" : "rim",
        "map" : ".effectiveTime"
      }]
    },
    {
      "path" : "PractitionerRole.availabilityExceptions",
      "short" : "Description of availability exceptions",
      "definition" : "A description of site availability exceptions, e.g. public holiday availability. Succinctly describing all possible exceptions to normal site availability as details in the available Times and not available Times.",
      "min" : 0,
      "max" : "1",
      "type" : [{
        "code" : "string"
      }],
      "constraint" : [{
        "key" : "ele-1",
        "severity" : "error",
        "human" : "All FHIR elements must have a @value or children",
        "expression" : "hasValue() or (children().count() > id.count())",
        "source" : "http://hl7.org/fhir/StructureDefinition/Element"
      }],
      "mustSupport" : false,
      "isModifier" : false,
      "isSummary" : false,
      "mapping" : [{
        "identity" : "rim",
        "map" : ".effectiveTime"
      }]
    },
    {
      "path" : "PractitionerRole.endpoint",
      "short" : "Technical endpoints providing access to services operated for the practitioner with this role",
      "definition" : "Technical endpoints providing access to services operated for the practitioner with this role.",
      "requirements" : "Organizations have multiple systems that provide various services and ,ay also be different for practitioners too.\r\rSo the endpoint satisfies the need to be able to define the technical connection details for how to connect to them, and for what purpose.",
      "min" : 0,
      "max" : "*",
      "type" : [{
        "code" : "Reference",
        "targetProfile" : ["http://hl7.org/fhir/StructureDefinition/Endpoint"]
      }],
      "constraint" : [{
        "key" : "ele-1",
        "severity" : "error",
        "human" : "All FHIR elements must have a @value or children",
        "expression" : "hasValue() or (children().count() > id.count())",
        "source" : "http://hl7.org/fhir/StructureDefinition/Element"
      }],
      "mustSupport" : false,
      "isModifier" : false,
      "isSummary" : false,
      "mapping" : [{
        "identity" : "rim",
        "map" : "n/a"
      }]
    }]
  }
}