<?xml version="1.0" encoding="UTF-8"?>

<Immunization xmlns="http://hl7.org/fhir">
  <id value="CHCoreImmunizationExample"/>
  <meta>
    <profile value="http://fhir.ch/ig/ch-core/StructureDefinition/ch-core-immunization"/>
  </meta>
  <text>
    <status value="extensions"/><div xmlns="http://www.w3.org/1999/xhtml"><p class="res-header-id"><b>Generated Narrative: Immunization CHCoreImmunizationExample</b></p><a name="CHCoreImmunizationExample"> </a><a name="hcCHCoreImmunizationExample"> </a><a name="CHCoreImmunizationExample-en-US"> </a><div style="display: inline-block; background-color: #d9e0e7; padding: 6px; margin: 4px; border: 1px solid #8da1b4; border-radius: 5px; line-height: 60%"><p style="margin-bottom: 0px"/><p style="margin-bottom: 0px">Profile: <a href="StructureDefinition-ch-core-immunization.html">CH Core Immunization</a></p></div><p><b>Author of the content</b>: <a href="PractitionerRole-ImmunizationPractitionerRoleExample.html">PractitionerRole</a></p><p><b>status</b>: Completed</p><p><b>vaccineCode</b>: <span title="Codes:{http://fhir.ch/ig/ch-vacd/CodeSystem/ch-vacd-swissmedic-cs 637}">Boostrix</span></p><p><b>patient</b>: <a href="Patient-ImmunizationPatientExample.html">Monika Wegmueller  Female, DoB: 1967-02-10 ( Medical record number)</a></p><p><b>occurrence</b>: 2017-09-15 09:12:56+0200</p><p><b>recorded</b>: 2017-09-15 09:12:56+0200</p><p><b>lotNumber</b>: 12-34244</p><p><b>route</b>: <span title="Codes:{http://standardterms.edqm.eu 20035000}">Intramuscular use</span></p><h3>Performers</h3><table class="grid"><tr><td style="display: none">-</td><td><b>Actor</b></td></tr><tr><td style="display: none">*</td><td><a href="PractitionerRole-ImmunizationPractitionerRoleExample.html">PractitionerRole</a></td></tr></table><blockquote><p><b>protocolApplied</b></p><p><b>targetDisease</b>: <span title="Codes:{http://snomed.info/sct 397430003}">Diphtheria caused by Corynebacterium diphtheriae (disorder)</span>, <span title="Codes:{http://snomed.info/sct 76902006}">Tetanus (disorder)</span>, <span title="Codes:{http://snomed.info/sct 27836007}">Pertussis (disorder)</span></p><p><b>doseNumber</b>: 1</p></blockquote></div>
  </text>
  <extension url="http://fhir.ch/ig/ch-core/StructureDefinition/ch-ext-author">
    <valueReference>
      <reference value="PractitionerRole/ImmunizationPractitionerRoleExample"/>
    </valueReference>
  </extension>
  <status value="completed"/>
  <vaccineCode>
    <coding>
      <system value="http://fhir.ch/ig/ch-vacd/CodeSystem/ch-vacd-swissmedic-cs"/>
      <code value="637"/>
      <display value="Boostrix"/>
    </coding>
  </vaccineCode>
  <patient>
    <reference value="Patient/ImmunizationPatientExample"/>
  </patient>
  <occurrenceDateTime value="2017-09-15T09:12:56+02:00"/>
  <recorded value="2017-09-15T09:12:56+02:00"/>
  <lotNumber value="12-34244"/>
  <route>
    <coding>
      <system value="http://standardterms.edqm.eu"/>
      <code value="20035000"/>
      <display value="Intramuscular use"/>
    </coding>
  </route>
  <performer>
    <actor>
      <reference value="PractitionerRole/ImmunizationPractitionerRoleExample"/>
    </actor>
  </performer>
  <protocolApplied>
    <targetDisease>
      <coding>
        <system value="http://snomed.info/sct"/>
        <code value="397430003"/>
        <display value="Diphtheria caused by Corynebacterium diphtheriae (disorder)"/>
      </coding>
    </targetDisease>
    <targetDisease>
      <coding>
        <system value="http://snomed.info/sct"/>
        <code value="76902006"/>
        <display value="Tetanus (disorder)"/>
      </coding>
    </targetDisease>
    <targetDisease>
      <coding>
        <system value="http://snomed.info/sct"/>
        <code value="27836007"/>
        <display value="Pertussis (disorder)"/>
      </coding>
    </targetDisease>
    <doseNumberPositiveInt value="1"/>
  </protocolApplied>
</Immunization>