<?xml version="1.0" encoding="UTF-8"?><ActivityDefinition xmlns="http://hl7.org/fhir"><id value="procedure-creatinine-serum"/><meta><profile value="http://hl7.org/fhir/uv/order-catalog/StructureDefinition/LabProcedureDefinition"/></meta><language value="en-US"/><url value="http://fhir.ch/ig/ch-lab-order/lab-compendium/ActivityDefinition/procedure-creatinine-serum"/><version value="2.0.0-ballot"/><name value="UrineCreatinineProcedure"/><title value="Procedure - serum creatinine - venous blood"/><status value="draft"/><experimental value="true"/><date value="2020-02-13T12:00:00+01:00"/><publisher value="HL7 Switzerland"/><contact><name value="HL7 Switzerland"/><telecom><system value="url"/><value value="https://www.hl7.ch"/></telecom></contact><contact><name value="Marcel Hanselmann"/><telecom><system value="email"/><value value="laborprojektgruppe@gmail.com"/><use value="work"/></telecom></contact><description value="creatinine measurements on serum specimen obtained from venous or capillary blood"/><jurisdiction><coding><system value="urn:iso:std:iso:3166"/><code value="CH"/></coding></jurisdiction><purpose value="This _ActivityDefinition_ specifies the input serum specimen and the output observation for serum creatinine.              It is referenced by any _PlanDefinition_ representing a lab service incorporating this procedure."/><copyright value="CC0-1.0"/><effectivePeriod><start value="2020-04-01"/><end value="2020-12-25"/></effectivePeriod><topic><coding><system value="http://loinc.org"/><code value="18719-5"/><display value="Chemistry studies (set)"/></coding></topic><topic><coding><system value="http://snomed.info/sct"/><code value="275711006"/><display value="Serum chemistry test (procedure)"/></coding></topic><kind value="ServiceRequest"/><code><coding><system value="http://loinc.org"/><code value="2160-0"/><display value="Creatinine [Mass/volume] in Serum or Plasma"/></coding></code><observationResultRequirement><reference value="ObservationDefinition/observation-creatinine-serum"/></observationResultRequirement></ActivityDefinition>