{
  "resourceType": "CodeSystem",
  "id": "nkrs-icdo3laterality",
  "text": {
    "status": "generated",
    "div": "<div xmlns=\"http://www.w3.org/1999/xhtml\"><p>This code system http://fhir.ch/ig/ch-crl/CodeSystem/nkrs-icdo3laterality defines the following codes:</p><table class=\"codes\"><tr><td style=\"white-space:nowrap\"><b>Code</b></td><td><b>Display</b></td><td><b>Definition</b></td></tr><tr><td style=\"white-space:nowrap\">1<a name=\"nkrs-icdo3laterality-1\"> </a></td><td>Right</td><td/></tr><tr><td style=\"white-space:nowrap\">2<a name=\"nkrs-icdo3laterality-2\"> </a></td><td>Left</td><td/></tr><tr><td style=\"white-space:nowrap\">3<a name=\"nkrs-icdo3laterality-3\"> </a></td><td>Unilateral, NOS</td><td>Unilateral, but unknown whether right or left.</td></tr><tr><td style=\"white-space:nowrap\">4<a name=\"nkrs-icdo3laterality-4\"> </a></td><td>Bilateral</td><td>Origin of primary tumour is on both sides of a paired organ (when tumours of the same morphology are diagnosed simultaneously in both sides of a paired organ). Bilateral cancers are very rare, e.g. bilateral retinoblastoma, bilateral Wilms tumour of the kidney, or both ovaries involved simultaneously.</td></tr></table></div>"
  },
  "url": "http://fhir.ch/ig/ch-crl/CodeSystem/nkrs-icdo3laterality",
  "version": "0.9.0",
  "name": "NkrsIcdO3Laterality",
  "title": "NKRS - ICD-O-3 Laterality",
  "status": "active",
  "date": "2022-02-04T14:14:21+01:00",
  "publisher": "Bundesamt für Gesundheit BAG",
  "contact": [
    {
      "name": "Bundesamt für Gesundheit BAG",
      "telecom": [
        {
          "system": "url",
          "value": "https://www.bag.admin.ch/"
        }
      ]
    }
  ],
  "description": "Laterality describes the side of a paired organ or side of the body on which the reportable cancer originated. \r\n\r\n**Laterality (Variable number: 3.8)** \r\nin \\'NATIONAL CANCER DATA DICTIONARY, V 1.1, Part A, BASIC VARIABLES for Adults, Adolescents, and Children (23.12.2019)\\'\r\n([EN](https://www.nacr.ch/assets/files/uploads/a-datadictionary-basicvariables-v1.1.pdf), \r\n[DE](https://www.nkrs.ch/assets/files/uploads/a-datenstruktur-variablen-der-basisdaten-v1.1.pdf), \r\n[FR](https://www.onec.ch/assets/files/uploads/a-dict-des-donnees-variables-de-base-v1.1.pdf), \r\n[IT](https://www.snrt.ch/assets/files/uploads/a-dati-oncologici-variabili-di-base-v1.1.pdf))",
  "jurisdiction": [
    {
      "coding": [
        {
          "system": "urn:iso:std:iso:3166",
          "code": "CH"
        }
      ]
    }
  ],
  "copyright": "CC-BY-SA-4.0",
  "caseSensitive": true,
  "valueSet": "http://fhir.ch/ig/ch-crl/ValueSet/nkrs-icdo3laterality",
  "content": "complete",
  "count": 4,
  "concept": [
    {
      "code": "1",
      "display": "Right"
    },
    {
      "code": "2",
      "display": "Left"
    },
    {
      "code": "3",
      "display": "Unilateral, NOS",
      "definition": "Unilateral, but unknown whether right or left."
    },
    {
      "code": "4",
      "display": "Bilateral",
      "definition": "Origin of primary tumour is on both sides of a paired organ (when tumours of the same morphology are diagnosed simultaneously in both sides of a paired organ). Bilateral cancers are very rare, e.g. bilateral retinoblastoma, bilateral Wilms tumour of the kidney, or both ovaries involved simultaneously."
    }
  ]
}