{
  "resourceType": "CodeSystem",
  "id": "nkrs-iccc3extendedcode",
  "text": {
    "status": "generated",
    "div": "<div xmlns=\"http://www.w3.org/1999/xhtml\"><p>This code system http://fhir.ch/ig/ch-crl/CodeSystem/nkrs-iccc3extendedcode defines the following codes:</p><table class=\"codes\"><tr><td style=\"white-space:nowrap\"><b>Code</b></td><td><b>Display</b></td></tr><tr><td style=\"white-space:nowrap\">Ia.1<a name=\"nkrs-iccc3extendedcode-Ia.461\"> </a></td><td>Precursor cell leukaemias</td></tr><tr><td style=\"white-space:nowrap\">Ia.2<a name=\"nkrs-iccc3extendedcode-Ia.462\"> </a></td><td>Mature B-cell leukaemias</td></tr><tr><td style=\"white-space:nowrap\">Ia.3<a name=\"nkrs-iccc3extendedcode-Ia.463\"> </a></td><td>Mature T-cell and NK cell leukaemias</td></tr><tr><td style=\"white-space:nowrap\">Ia.4<a name=\"nkrs-iccc3extendedcode-Ia.464\"> </a></td><td>Lymphoid leukaemia, NOS</td></tr><tr><td style=\"white-space:nowrap\">IIb.1<a name=\"nkrs-iccc3extendedcode-IIb.461\"> </a></td><td>Precursor cell lymphomas</td></tr><tr><td style=\"white-space:nowrap\">IIb.2<a name=\"nkrs-iccc3extendedcode-IIb.462\"> </a></td><td>Mature B-cell lymphomas (except Burkitt lymphoma)</td></tr><tr><td style=\"white-space:nowrap\">IIb.3<a name=\"nkrs-iccc3extendedcode-IIb.463\"> </a></td><td>Mature T-cell and NK-cell lymphomas</td></tr><tr><td style=\"white-space:nowrap\">IIb.4<a name=\"nkrs-iccc3extendedcode-IIb.464\"> </a></td><td>Non-Hodgkin lymphomas, NOS</td></tr><tr><td style=\"white-space:nowrap\">IIIa.1<a name=\"nkrs-iccc3extendedcode-IIIa.461\"> </a></td><td>Ependymomas</td></tr><tr><td style=\"white-space:nowrap\">IIIa.2<a name=\"nkrs-iccc3extendedcode-IIIa.462\"> </a></td><td>Choroid plexus tumour</td></tr><tr><td style=\"white-space:nowrap\">IIIc.1<a name=\"nkrs-iccc3extendedcode-IIIc.461\"> </a></td><td>Medulloblastomas</td></tr><tr><td style=\"white-space:nowrap\">IIIc.2<a name=\"nkrs-iccc3extendedcode-IIIc.462\"> </a></td><td>PNET</td></tr><tr><td style=\"white-space:nowrap\">IIIc.3<a name=\"nkrs-iccc3extendedcode-IIIc.463\"> </a></td><td>Medulloepithelioma</td></tr><tr><td style=\"white-space:nowrap\">IIIc.4<a name=\"nkrs-iccc3extendedcode-IIIc.464\"> </a></td><td>Atypical teratoid/rhabdoid tumour</td></tr><tr><td style=\"white-space:nowrap\">IIId.1<a name=\"nkrs-iccc3extendedcode-IIId.461\"> </a></td><td>Oligodendrogliomas</td></tr><tr><td style=\"white-space:nowrap\">IIId.2<a name=\"nkrs-iccc3extendedcode-IIId.462\"> </a></td><td>Mixed and unspecified gliomas</td></tr><tr><td style=\"white-space:nowrap\">IIId.3<a name=\"nkrs-iccc3extendedcode-IIId.463\"> </a></td><td>Neuroepithelial glial tumours of uncertain origin</td></tr><tr><td style=\"white-space:nowrap\">IIIe.1<a name=\"nkrs-iccc3extendedcode-IIIe.461\"> </a></td><td>Pituitary adenomas and carcinomas</td></tr><tr><td style=\"white-space:nowrap\">IIIe.2<a name=\"nkrs-iccc3extendedcode-IIIe.462\"> </a></td><td>Tumours of the sellar region (craniopharyngiomas)</td></tr><tr><td style=\"white-space:nowrap\">IIIe.3<a name=\"nkrs-iccc3extendedcode-IIIe.463\"> </a></td><td>Pineal parenchymal tumours</td></tr><tr><td style=\"white-space:nowrap\">IIIe.4<a name=\"nkrs-iccc3extendedcode-IIIe.464\"> </a></td><td>Neuronal and mixed neuronal-glial tumours</td></tr><tr><td style=\"white-space:nowrap\">IIIe.5<a name=\"nkrs-iccc3extendedcode-IIIe.465\"> </a></td><td>Meningiomas</td></tr><tr><td style=\"white-space:nowrap\">VIa.1<a name=\"nkrs-iccc3extendedcode-VIa.461\"> </a></td><td>Nephroblastoma</td></tr><tr><td style=\"white-space:nowrap\">VIa.2<a name=\"nkrs-iccc3extendedcode-VIa.462\"> </a></td><td>Rhabdoid renal tumour</td></tr><tr><td style=\"white-space:nowrap\">VIa.3<a name=\"nkrs-iccc3extendedcode-VIa.463\"> </a></td><td>Kidney sarcomas</td></tr><tr><td style=\"white-space:nowrap\">VIa.4<a name=\"nkrs-iccc3extendedcode-VIa.464\"> </a></td><td>pPNET of kidney</td></tr><tr><td style=\"white-space:nowrap\">VIIIc.1<a name=\"nkrs-iccc3extendedcode-VIIIc.461\"> </a></td><td>Ewing tumour and Askin tumour of bone</td></tr><tr><td style=\"white-space:nowrap\">VIIIc.2<a name=\"nkrs-iccc3extendedcode-VIIIc.462\"> </a></td><td>pPNET of bone</td></tr><tr><td style=\"white-space:nowrap\">VIIId.1<a name=\"nkrs-iccc3extendedcode-VIIId.461\"> </a></td><td>Malignant fibrous neoplasms of bone</td></tr><tr><td style=\"white-space:nowrap\">VIIId.2<a name=\"nkrs-iccc3extendedcode-VIIId.462\"> </a></td><td>Malignant chordomas</td></tr><tr><td style=\"white-space:nowrap\">VIIId.3<a name=\"nkrs-iccc3extendedcode-VIIId.463\"> </a></td><td>Odontogenic malignant tumours</td></tr><tr><td style=\"white-space:nowrap\">VIIId.4<a name=\"nkrs-iccc3extendedcode-VIIId.464\"> </a></td><td>Miscellaneous malignant bone tumours</td></tr><tr><td style=\"white-space:nowrap\">IXb.1<a name=\"nkrs-iccc3extendedcode-IXb.461\"> </a></td><td>Fibroblastic and myofibroblastic tumours</td></tr><tr><td style=\"white-space:nowrap\">IXb.2<a name=\"nkrs-iccc3extendedcode-IXb.462\"> </a></td><td>Nerve sheath tumours</td></tr><tr><td style=\"white-space:nowrap\">IXb.3<a name=\"nkrs-iccc3extendedcode-IXb.463\"> </a></td><td>Other fibromatous neoplasms</td></tr><tr><td style=\"white-space:nowrap\">IXd.1<a name=\"nkrs-iccc3extendedcode-IXd.461\"> </a></td><td>Ewing tumour and Askin tumour of soft tissue</td></tr><tr><td style=\"white-space:nowrap\">IXd.2<a name=\"nkrs-iccc3extendedcode-IXd.462\"> </a></td><td>pPNET of soft tissue</td></tr><tr><td style=\"white-space:nowrap\">IXd.3<a name=\"nkrs-iccc3extendedcode-IXd.463\"> </a></td><td>Extrarenal rhabdoid tumour</td></tr><tr><td style=\"white-space:nowrap\">IXd.4<a name=\"nkrs-iccc3extendedcode-IXd.464\"> </a></td><td>Liposarcomas</td></tr><tr><td style=\"white-space:nowrap\">IXd.5<a name=\"nkrs-iccc3extendedcode-IXd.465\"> </a></td><td>Fibrohistiocytic tumours</td></tr><tr><td style=\"white-space:nowrap\">IXd.6<a name=\"nkrs-iccc3extendedcode-IXd.466\"> </a></td><td>Leiomyosarcomas</td></tr><tr><td style=\"white-space:nowrap\">IXd.7<a name=\"nkrs-iccc3extendedcode-IXd.467\"> </a></td><td>Synovial sarcomas</td></tr><tr><td style=\"white-space:nowrap\">IXd.8<a name=\"nkrs-iccc3extendedcode-IXd.468\"> </a></td><td>Blood vessel tumours</td></tr><tr><td style=\"white-space:nowrap\">IXd.9<a name=\"nkrs-iccc3extendedcode-IXd.469\"> </a></td><td>Osseous and chondromatous neoplasms of soft tissue</td></tr><tr><td style=\"white-space:nowrap\">IXd.10<a name=\"nkrs-iccc3extendedcode-IXd.4610\"> </a></td><td>Alveolar soft parts sarcoma</td></tr><tr><td style=\"white-space:nowrap\">IXd.11<a name=\"nkrs-iccc3extendedcode-IXd.4611\"> </a></td><td>Miscellaneous soft tissue sarcomas</td></tr><tr><td style=\"white-space:nowrap\">Xa.1<a name=\"nkrs-iccc3extendedcode-Xa.461\"> </a></td><td>Intracranial and intraspinal germinomas</td></tr><tr><td style=\"white-space:nowrap\">Xa.2<a name=\"nkrs-iccc3extendedcode-Xa.462\"> </a></td><td>Intracranial and intraspinal teratomas</td></tr><tr><td style=\"white-space:nowrap\">Xa.3<a name=\"nkrs-iccc3extendedcode-Xa.463\"> </a></td><td>Intracranial and intraspinal embryonal carcinomas</td></tr><tr><td style=\"white-space:nowrap\">Xa.4<a name=\"nkrs-iccc3extendedcode-Xa.464\"> </a></td><td>Intracranial and intraspinal yolk sac tumour</td></tr><tr><td style=\"white-space:nowrap\">Xa.5<a name=\"nkrs-iccc3extendedcode-Xa.465\"> </a></td><td>Intracranial and intraspinal choriocarcinoma</td></tr><tr><td style=\"white-space:nowrap\">Xa.6<a name=\"nkrs-iccc3extendedcode-Xa.466\"> </a></td><td>Intracranial and intraspinal tumours of mixed forms</td></tr><tr><td style=\"white-space:nowrap\">Xb.1<a name=\"nkrs-iccc3extendedcode-Xb.461\"> </a></td><td>Malignant germinomas of extracranial and extragonadal sites</td></tr><tr><td style=\"white-space:nowrap\">Xb.2<a name=\"nkrs-iccc3extendedcode-Xb.462\"> </a></td><td>Malignant teratomas of extracranial and extragonadal sites</td></tr><tr><td style=\"white-space:nowrap\">Xb.3<a name=\"nkrs-iccc3extendedcode-Xb.463\"> </a></td><td>Embryonal carcinomas of extracranial and extragonadal sites</td></tr><tr><td style=\"white-space:nowrap\">Xb.4<a name=\"nkrs-iccc3extendedcode-Xb.464\"> </a></td><td>Yolk sac tumour of extracranial and extragonadal sites</td></tr><tr><td style=\"white-space:nowrap\">Xb.5<a name=\"nkrs-iccc3extendedcode-Xb.465\"> </a></td><td>Choriocarcinomas of extracranial and extragonadal sites</td></tr><tr><td style=\"white-space:nowrap\">Xb.6<a name=\"nkrs-iccc3extendedcode-Xb.466\"> </a></td><td>Other and unspecified malignant mixed germ cell tumors of extracranial and extragonadal sites</td></tr><tr><td style=\"white-space:nowrap\">Xc.1<a name=\"nkrs-iccc3extendedcode-Xc.461\"> </a></td><td>Malignant gonadal germinomas</td></tr><tr><td style=\"white-space:nowrap\">Xc.2<a name=\"nkrs-iccc3extendedcode-Xc.462\"> </a></td><td>Malignant gonadal teratomas</td></tr><tr><td style=\"white-space:nowrap\">Xc.3<a name=\"nkrs-iccc3extendedcode-Xc.463\"> </a></td><td>Gonadal embryonal carcinomas</td></tr><tr><td style=\"white-space:nowrap\">Xc.4<a name=\"nkrs-iccc3extendedcode-Xc.464\"> </a></td><td>Gonadal yolk sac tumour</td></tr><tr><td style=\"white-space:nowrap\">Xc.5<a name=\"nkrs-iccc3extendedcode-Xc.465\"> </a></td><td>Gonadal choriocarcinoma</td></tr><tr><td style=\"white-space:nowrap\">Xc.6<a name=\"nkrs-iccc3extendedcode-Xc.466\"> </a></td><td>Malignant gonadal tumours of mixed forms</td></tr><tr><td style=\"white-space:nowrap\">Xc.7<a name=\"nkrs-iccc3extendedcode-Xc.467\"> </a></td><td>Malignant gonadal gonadoblastoma</td></tr><tr><td style=\"white-space:nowrap\">XIf.1<a name=\"nkrs-iccc3extendedcode-XIf.461\"> </a></td><td>Carcinomas of salivary glands</td></tr><tr><td style=\"white-space:nowrap\">XIf.2<a name=\"nkrs-iccc3extendedcode-XIf.462\"> </a></td><td>Carcinomas of colon and rectum</td></tr><tr><td style=\"white-space:nowrap\">XIf.3<a name=\"nkrs-iccc3extendedcode-XIf.463\"> </a></td><td>Carcinomas of appendix</td></tr><tr><td style=\"white-space:nowrap\">XIf.4<a name=\"nkrs-iccc3extendedcode-XIf.464\"> </a></td><td>Carcinomas of lung</td></tr><tr><td style=\"white-space:nowrap\">XIf.5<a name=\"nkrs-iccc3extendedcode-XIf.465\"> </a></td><td>Carcinomas of thymus</td></tr><tr><td style=\"white-space:nowrap\">XIf.6<a name=\"nkrs-iccc3extendedcode-XIf.466\"> </a></td><td>Carcinomas of breast</td></tr><tr><td style=\"white-space:nowrap\">XIf.7<a name=\"nkrs-iccc3extendedcode-XIf.467\"> </a></td><td>Carcinomas of cervix uteri</td></tr><tr><td style=\"white-space:nowrap\">XIf.8<a name=\"nkrs-iccc3extendedcode-XIf.468\"> </a></td><td>Carcinomas of bladder</td></tr><tr><td style=\"white-space:nowrap\">XIf.9<a name=\"nkrs-iccc3extendedcode-XIf.469\"> </a></td><td>Carcinomas of eye</td></tr><tr><td style=\"white-space:nowrap\">XIf.10<a name=\"nkrs-iccc3extendedcode-XIf.4610\"> </a></td><td>Carcinomas of other specified sites</td></tr><tr><td style=\"white-space:nowrap\">XIf.11<a name=\"nkrs-iccc3extendedcode-XIf.4611\"> </a></td><td>Carcinomas of unspecified site</td></tr><tr><td style=\"white-space:nowrap\">XIIa.1<a name=\"nkrs-iccc3extendedcode-XIIa.461\"> </a></td><td>Gastrointestinal stromal tumour</td></tr><tr><td style=\"white-space:nowrap\">XIIa.2<a name=\"nkrs-iccc3extendedcode-XIIa.462\"> </a></td><td>Pancreatoblastoma</td></tr><tr><td style=\"white-space:nowrap\">XIIa.3<a name=\"nkrs-iccc3extendedcode-XIIa.463\"> </a></td><td>Pulmonary blastoma and pleuropulmonary blastoma</td></tr><tr><td style=\"white-space:nowrap\">XIIa.4<a name=\"nkrs-iccc3extendedcode-XIIa.464\"> </a></td><td>Other complex mixed and stromal neoplasms</td></tr><tr><td style=\"white-space:nowrap\">XIIa.5<a name=\"nkrs-iccc3extendedcode-XIIa.465\"> </a></td><td>Mesothelioma</td></tr><tr><td style=\"white-space:nowrap\">XIIa.6<a name=\"nkrs-iccc3extendedcode-XIIa.466\"> </a></td><td>Other specified malignant tumours</td></tr></table></div>"
  },
  "url": "http://fhir.ch/ig/ch-crl/CodeSystem/nkrs-iccc3extendedcode",
  "version": "0.9.0",
  "name": "NkrsICCC3ExtendedCode",
  "title": "NKRS - ICCC-3 Extended Code",
  "status": "active",
  "date": "2022-02-04T14:14:21+01:00",
  "publisher": "Bundesamt für Gesundheit BAG",
  "contact": [
    {
      "name": "Bundesamt für Gesundheit BAG",
      "telecom": [
        {
          "system": "url",
          "value": "https://www.bag.admin.ch/"
        }
      ]
    }
  ],
  "description": "This data item records detailed division of the diagnostic group according to the third revision \r\nof the 1996 International Classification of Childhood Cancer (ICCC-3). \r\n\r\n**ICCC-3 code (Variable number: 3.9.3)** \r\nin \\'NATIONAL CANCER DATA DICTIONARY, V 1.1, Part A, BASIC VARIABLES for Adults, Adolescents, and Children (23.12.2019)\\'\r\n([EN](https://www.nacr.ch/assets/files/uploads/a-datadictionary-basicvariables-v1.1.pdf), \r\n[DE](https://www.nkrs.ch/assets/files/uploads/a-datenstruktur-variablen-der-basisdaten-v1.1.pdf), \r\n[FR](https://www.onec.ch/assets/files/uploads/a-dict-des-donnees-variables-de-base-v1.1.pdf), \r\n[IT](https://www.snrt.ch/assets/files/uploads/a-dati-oncologici-variabili-di-base-v1.1.pdf))",
  "jurisdiction": [
    {
      "coding": [
        {
          "system": "urn:iso:std:iso:3166",
          "code": "CH"
        }
      ]
    }
  ],
  "copyright": "CC-BY-SA-4.0",
  "caseSensitive": true,
  "valueSet": "http://fhir.ch/ig/ch-crl/ValueSet/nkrs-iccc3extendedcode",
  "content": "complete",
  "count": 82,
  "concept": [
    {
      "code": "Ia.1",
      "display": "Precursor cell leukaemias"
    },
    {
      "code": "Ia.2",
      "display": "Mature B-cell leukaemias"
    },
    {
      "code": "Ia.3",
      "display": "Mature T-cell and NK cell leukaemias"
    },
    {
      "code": "Ia.4",
      "display": "Lymphoid leukaemia, NOS"
    },
    {
      "code": "IIb.1",
      "display": "Precursor cell lymphomas"
    },
    {
      "code": "IIb.2",
      "display": "Mature B-cell lymphomas (except Burkitt lymphoma)"
    },
    {
      "code": "IIb.3",
      "display": "Mature T-cell and NK-cell lymphomas"
    },
    {
      "code": "IIb.4",
      "display": "Non-Hodgkin lymphomas, NOS"
    },
    {
      "code": "IIIa.1",
      "display": "Ependymomas"
    },
    {
      "code": "IIIa.2",
      "display": "Choroid plexus tumour"
    },
    {
      "code": "IIIc.1",
      "display": "Medulloblastomas"
    },
    {
      "code": "IIIc.2",
      "display": "PNET"
    },
    {
      "code": "IIIc.3",
      "display": "Medulloepithelioma"
    },
    {
      "code": "IIIc.4",
      "display": "Atypical teratoid/rhabdoid tumour"
    },
    {
      "code": "IIId.1",
      "display": "Oligodendrogliomas"
    },
    {
      "code": "IIId.2",
      "display": "Mixed and unspecified gliomas"
    },
    {
      "code": "IIId.3",
      "display": "Neuroepithelial glial tumours of uncertain origin"
    },
    {
      "code": "IIIe.1",
      "display": "Pituitary adenomas and carcinomas"
    },
    {
      "code": "IIIe.2",
      "display": "Tumours of the sellar region (craniopharyngiomas)"
    },
    {
      "code": "IIIe.3",
      "display": "Pineal parenchymal tumours"
    },
    {
      "code": "IIIe.4",
      "display": "Neuronal and mixed neuronal-glial tumours"
    },
    {
      "code": "IIIe.5",
      "display": "Meningiomas"
    },
    {
      "code": "VIa.1",
      "display": "Nephroblastoma"
    },
    {
      "code": "VIa.2",
      "display": "Rhabdoid renal tumour"
    },
    {
      "code": "VIa.3",
      "display": "Kidney sarcomas"
    },
    {
      "code": "VIa.4",
      "display": "pPNET of kidney"
    },
    {
      "code": "VIIIc.1",
      "display": "Ewing tumour and Askin tumour of bone"
    },
    {
      "code": "VIIIc.2",
      "display": "pPNET of bone"
    },
    {
      "code": "VIIId.1",
      "display": "Malignant fibrous neoplasms of bone"
    },
    {
      "code": "VIIId.2",
      "display": "Malignant chordomas"
    },
    {
      "code": "VIIId.3",
      "display": "Odontogenic malignant tumours"
    },
    {
      "code": "VIIId.4",
      "display": "Miscellaneous malignant bone tumours"
    },
    {
      "code": "IXb.1",
      "display": "Fibroblastic and myofibroblastic tumours"
    },
    {
      "code": "IXb.2",
      "display": "Nerve sheath tumours"
    },
    {
      "code": "IXb.3",
      "display": "Other fibromatous neoplasms"
    },
    {
      "code": "IXd.1",
      "display": "Ewing tumour and Askin tumour of soft tissue"
    },
    {
      "code": "IXd.2",
      "display": "pPNET of soft tissue"
    },
    {
      "code": "IXd.3",
      "display": "Extrarenal rhabdoid tumour"
    },
    {
      "code": "IXd.4",
      "display": "Liposarcomas"
    },
    {
      "code": "IXd.5",
      "display": "Fibrohistiocytic tumours"
    },
    {
      "code": "IXd.6",
      "display": "Leiomyosarcomas"
    },
    {
      "code": "IXd.7",
      "display": "Synovial sarcomas"
    },
    {
      "code": "IXd.8",
      "display": "Blood vessel tumours"
    },
    {
      "code": "IXd.9",
      "display": "Osseous and chondromatous neoplasms of soft tissue"
    },
    {
      "code": "IXd.10",
      "display": "Alveolar soft parts sarcoma"
    },
    {
      "code": "IXd.11",
      "display": "Miscellaneous soft tissue sarcomas"
    },
    {
      "code": "Xa.1",
      "display": "Intracranial and intraspinal germinomas"
    },
    {
      "code": "Xa.2",
      "display": "Intracranial and intraspinal teratomas"
    },
    {
      "code": "Xa.3",
      "display": "Intracranial and intraspinal embryonal carcinomas"
    },
    {
      "code": "Xa.4",
      "display": "Intracranial and intraspinal yolk sac tumour"
    },
    {
      "code": "Xa.5",
      "display": "Intracranial and intraspinal choriocarcinoma"
    },
    {
      "code": "Xa.6",
      "display": "Intracranial and intraspinal tumours of mixed forms"
    },
    {
      "code": "Xb.1",
      "display": "Malignant germinomas of extracranial and extragonadal sites"
    },
    {
      "code": "Xb.2",
      "display": "Malignant teratomas of extracranial and extragonadal sites"
    },
    {
      "code": "Xb.3",
      "display": "Embryonal carcinomas of extracranial and extragonadal sites"
    },
    {
      "code": "Xb.4",
      "display": "Yolk sac tumour of extracranial and extragonadal sites"
    },
    {
      "code": "Xb.5",
      "display": "Choriocarcinomas of extracranial and extragonadal sites"
    },
    {
      "code": "Xb.6",
      "display": "Other and unspecified malignant mixed germ cell tumors of extracranial and extragonadal sites"
    },
    {
      "code": "Xc.1",
      "display": "Malignant gonadal germinomas"
    },
    {
      "code": "Xc.2",
      "display": "Malignant gonadal teratomas"
    },
    {
      "code": "Xc.3",
      "display": "Gonadal embryonal carcinomas"
    },
    {
      "code": "Xc.4",
      "display": "Gonadal yolk sac tumour"
    },
    {
      "code": "Xc.5",
      "display": "Gonadal choriocarcinoma"
    },
    {
      "code": "Xc.6",
      "display": "Malignant gonadal tumours of mixed forms"
    },
    {
      "code": "Xc.7",
      "display": "Malignant gonadal gonadoblastoma"
    },
    {
      "code": "XIf.1",
      "display": "Carcinomas of salivary glands"
    },
    {
      "code": "XIf.2",
      "display": "Carcinomas of colon and rectum"
    },
    {
      "code": "XIf.3",
      "display": "Carcinomas of appendix"
    },
    {
      "code": "XIf.4",
      "display": "Carcinomas of lung"
    },
    {
      "code": "XIf.5",
      "display": "Carcinomas of thymus"
    },
    {
      "code": "XIf.6",
      "display": "Carcinomas of breast"
    },
    {
      "code": "XIf.7",
      "display": "Carcinomas of cervix uteri"
    },
    {
      "code": "XIf.8",
      "display": "Carcinomas of bladder"
    },
    {
      "code": "XIf.9",
      "display": "Carcinomas of eye"
    },
    {
      "code": "XIf.10",
      "display": "Carcinomas of other specified sites"
    },
    {
      "code": "XIf.11",
      "display": "Carcinomas of unspecified site"
    },
    {
      "code": "XIIa.1",
      "display": "Gastrointestinal stromal tumour"
    },
    {
      "code": "XIIa.2",
      "display": "Pancreatoblastoma"
    },
    {
      "code": "XIIa.3",
      "display": "Pulmonary blastoma and pleuropulmonary blastoma"
    },
    {
      "code": "XIIa.4",
      "display": "Other complex mixed and stromal neoplasms"
    },
    {
      "code": "XIIa.5",
      "display": "Mesothelioma"
    },
    {
      "code": "XIIa.6",
      "display": "Other specified malignant tumours"
    }
  ]
}