{
  "resourceType": "Observation",
  "id": "cM-20181202",
  "meta": {
    "profile": [
      "http://fhir.ch/ig/ch-crl/StructureDefinition/ch-crl-observation-cm"
    ]
  },
  "text": {
    "status": "generated",
    "div": "<div xmlns=\"http://www.w3.org/1999/xhtml\"><p><b>Generated Narrative</b></p><div style=\"display: inline-block; background-color: #d9e0e7; padding: 6px; margin: 4px; border: 1px solid #8da1b4; border-radius: 5px; line-height: 60%\"><p style=\"margin-bottom: 0px\">Resource \"cM-20181202\" </p><p style=\"margin-bottom: 0px\">Profile: <a href=\"StructureDefinition-ch-crl-observation-cm.html\">CH CRL Observation cM</a></p></div><p><b>status</b>: final</p><p><b>code</b>: Distant metastases.clinical [Class] Cancer <span style=\"background: LightGoldenRodYellow; margin: 4px; border: 1px solid khaki\"> (<a href=\"https://loinc.org/\">LOINC</a>#21907-1)</span></p><p><b>subject</b>: <a href=\"Patient-RobertMeier.html\">Patient/RobertMeier</a> \" MEIER\"</p><p><b>effective</b>: 2018-12-02</p><p><b>dataAbsentReason</b>: Not Applicable <span style=\"background: LightGoldenRodYellow; margin: 4px; border: 1px solid khaki\"> (<a href=\"http://terminology.hl7.org/3.0.0/CodeSystem-data-absent-reason.html\">DataAbsentReason</a>#not-applicable)</span></p></div>"
  },
  "status": "final",
  "code": {
    "coding": [
      {
        "system": "http://loinc.org",
        "code": "21907-1",
        "display": "Distant metastases.clinical [Class] Cancer"
      }
    ]
  },
  "subject": {
    "reference": "Patient/RobertMeier"
  },
  "effectiveDateTime": "2018-12-02",
  "dataAbsentReason": {
    "coding": [
      {
        "system": "http://terminology.hl7.org/CodeSystem/data-absent-reason",
        "code": "not-applicable",
        "display": "Not Applicable"
      }
    ]
  }
}