{
  "resourceType": "Observation",
  "id": "BreslowThickness-Unknown",
  "meta": {
    "profile": [
      "http://fhir.ch/ig/ch-crl/StructureDefinition/ch-crl-observation-breslowthickness"
    ]
  },
  "text": {
    "status": "generated",
    "div": "<div xmlns=\"http://www.w3.org/1999/xhtml\"><p><b>Generated Narrative</b></p><div style=\"display: inline-block; background-color: #d9e0e7; padding: 6px; margin: 4px; border: 1px solid #8da1b4; border-radius: 5px; line-height: 60%\"><p style=\"margin-bottom: 0px\">Resource \"BreslowThickness-Unknown\" </p><p style=\"margin-bottom: 0px\">Profile: <a href=\"StructureDefinition-ch-crl-observation-breslowthickness.html\">CH CRL Observation Breslow Thickness</a></p></div><p><b>status</b>: final</p><p><b>code</b>: Breslow thickness [Length] in Skin melanoma <span style=\"background: LightGoldenRodYellow; margin: 4px; border: 1px solid khaki\"> (<a href=\"https://loinc.org/\">LOINC</a>#92839-0)</span></p><p><b>subject</b>: <a href=\"Patient-FranzMinimum.html\">Patient/FranzMinimum</a> \" MINIMUM\"</p><p><b>effective</b>: 2018-12-15</p><p><b>dataAbsentReason</b>: Unknown <span style=\"background: LightGoldenRodYellow; margin: 4px; border: 1px solid khaki\"> (<a href=\"http://terminology.hl7.org/3.0.0/CodeSystem-data-absent-reason.html\">DataAbsentReason</a>#unknown)</span></p></div>"
  },
  "status": "final",
  "code": {
    "coding": [
      {
        "system": "http://loinc.org",
        "code": "92839-0",
        "display": "Breslow thickness [Length] in Skin melanoma"
      }
    ]
  },
  "subject": {
    "reference": "Patient/FranzMinimum"
  },
  "effectiveDateTime": "2018-12-15",
  "dataAbsentReason": {
    "coding": [
      {
        "system": "http://terminology.hl7.org/CodeSystem/data-absent-reason",
        "code": "unknown",
        "display": "Unknown"
      }
    ]
  }
}