{
  "resourceType": "Observation",
  "id": "ICDO3MorphologyPostTransformation-9861-3",
  "meta": {
    "profile": [
      "http://fhir.ch/ig/ch-crl/StructureDefinition/ch-crl-observation-icdo3morphologyposttransformation"
    ]
  },
  "text": {
    "status": "generated",
    "div": "<div xmlns=\"http://www.w3.org/1999/xhtml\"><p><b>Generated Narrative</b></p><div style=\"display: inline-block; background-color: #d9e0e7; padding: 6px; margin: 4px; border: 1px solid #8da1b4; border-radius: 5px; line-height: 60%\"><p style=\"margin-bottom: 0px\">Resource \"ICDO3MorphologyPostTransformation-9861-3\" </p><p style=\"margin-bottom: 0px\">Profile: <a href=\"StructureDefinition-ch-crl-observation-icdo3morphologyposttransformation.html\">CH CRL Observation ICD-O-3 Morphology Post-transformation</a></p></div><p><b>status</b>: final</p><p><b>code</b>: Morphology term after Transformation <span style=\"background: LightGoldenRodYellow; margin: 4px; border: 1px solid khaki\"> (<a href=\"CodeSystem-nkrs-variables.html\">NKRS Variables</a>#8.5)</span></p><p><b>subject</b>: <a href=\"Patient-FranzMinimum.html\">Patient/FranzMinimum</a> \" MINIMUM\"</p><p><b>effective</b>: 2018-12-15</p><p><b>value</b>: Akute myeloische Leukämie o.n.A. <span style=\"background: LightGoldenRodYellow; margin: 4px; border: 1px solid khaki\"> (International Classification of Diseases for Oncology, version 3.[3.2]#9861/3)</span></p></div>"
  },
  "status": "final",
  "code": {
    "coding": [
      {
        "system": "http://fhir.ch/ig/ch-crl/CodeSystem/nkrs-variables",
        "code": "8.5",
        "display": "Morphology term after Transformation"
      }
    ]
  },
  "subject": {
    "reference": "Patient/FranzMinimum"
  },
  "effectiveDateTime": "2018-12-15",
  "valueCodeableConcept": {
    "coding": [
      {
        "system": "http://terminology.hl7.org/CodeSystem/icd-o-3",
        "version": "3.2",
        "code": "9861/3",
        "display": "Akute myeloische Leukämie o.n.A."
      }
    ]
  }
}