{
  "resourceType": "Observation",
  "id": "pN",
  "meta": {
    "profile": [
      "http://fhir.ch/ig/ch-crl/StructureDefinition/ch-crl-observation-pn"
    ]
  },
  "text": {
    "status": "generated",
    "div": "<div xmlns=\"http://www.w3.org/1999/xhtml\"><p><b>Generated Narrative</b></p><div style=\"display: inline-block; background-color: #d9e0e7; padding: 6px; margin: 4px; border: 1px solid #8da1b4; border-radius: 5px; line-height: 60%\"><p style=\"margin-bottom: 0px\">Resource \"pN\" </p><p style=\"margin-bottom: 0px\">Profile: <a href=\"StructureDefinition-ch-crl-observation-pn.html\">CH CRL Observation pN</a></p></div><p><b>status</b>: final</p><p><b>code</b>: Regional lymph nodes.pathology [Class] Cancer <span style=\"background: LightGoldenRodYellow; margin: 4px; border: 1px solid khaki\"> (<a href=\"https://loinc.org/\">LOINC</a>#21900-6)</span></p><p><b>subject</b>: <a href=\"Patient-FranzMinimum.html\">Patient/FranzMinimum</a> \" MINIMUM\"</p><p><b>effective</b>: 2018-12-15</p><p><b>value</b>: pN1(sn) <span style=\"background: LightGoldenRodYellow; margin: 4px; border: 1px solid khaki\"> (<a href=\"CodeSystem-nkrs-pn.html\">NKRS - pN</a>#1(sn))</span></p></div>"
  },
  "status": "final",
  "code": {
    "coding": [
      {
        "system": "http://loinc.org",
        "code": "21900-6",
        "display": "Regional lymph nodes.pathology [Class] Cancer"
      }
    ]
  },
  "subject": {
    "reference": "Patient/FranzMinimum"
  },
  "effectiveDateTime": "2018-12-15",
  "valueCodeableConcept": {
    "coding": [
      {
        "system": "http://fhir.ch/ig/ch-crl/CodeSystem/nkrs-pn",
        "code": "1(sn)",
        "display": "pN1(sn)"
      }
    ]
  }
}