{
  "resourceType" : "Bundle",
  "id" : "2Doc-ChlamydiaTrachomatis-Vct",
  "identifier" : {
    "system" : "urn:ietf:rfc:3986",
    "value" : "urn:uuid:1301332d-6012-443f-9690-929132b2e155"
  },
  "type" : "document",
  "timestamp" : "2023-08-05T11:30:00+02:00",
  "entry" : [{
    "fullUrl" : "urn:uuid:7d9126ab-df2c-47ce-93f8-4ca4f4353b39",
    "resource" : {
      "resourceType" : "Composition",
      "id" : "7d9126ab-df2c-47ce-93f8-4ca4f4353b39",
      "language" : "de-CH",
      "identifier" : {
        "system" : "urn:ietf:rfc:3986",
        "value" : "urn:uuid:1301332d-6012-443f-9690-929132b2e155"
      },
      "status" : "final",
      "type" : {
        "coding" : [{
          "system" : "http://snomed.info/sct",
          "version" : "http://snomed.info/sct/2011000195101",
          "code" : "4241000179101",
          "display" : "Laborbericht"
        },
        {
          "system" : "http://loinc.org",
          "code" : "11502-2",
          "display" : "Laboratory report"
        }]
      },
      "subject" : {
        "reference" : "urn:uuid:d43ab324-dc02-4f8b-abcd-279808dcc315",
        "type" : "Patient"
      },
      "date" : "2023-08-05T11:30:00+02:00",
      "author" : [{
        "reference" : "urn:uuid:8b9163cc-4894-462c-8060-b9b01f705a8b",
        "type" : "Organization"
      }],
      "title" : "Laborbericht vom 05.08.2023",
      "section" : [{
        "title" : "Analyseergebnisse der mikrobiologischen Untersuchung",
        "code" : {
          "coding" : [{
            "system" : "http://loinc.org",
            "code" : "18725-2",
            "display" : "Microbiology studies (set)"
          }]
        },
        "entry" : [{
          "reference" : "urn:uuid:1ed18b09-bd72-4825-86c4-adfb102a260c",
          "type" : "Observation"
        }]
      }]
    }
  },
  {
    "fullUrl" : "urn:uuid:9f5bb881-80f5-4962-8885-df6439ebe154",
    "resource" : {
      "resourceType" : "DiagnosticReport",
      "id" : "9f5bb881-80f5-4962-8885-df6439ebe154",
      "extension" : [{
        "url" : "http://hl7.org/fhir/5.0/StructureDefinition/extension-DiagnosticReport.composition",
        "valueReference" : {
          "reference" : "urn:uuid:7d9126ab-df2c-47ce-93f8-4ca4f4353b39",
          "type" : "Composition"
        }
      }],
      "identifier" : [{
        "system" : "urn:ietf:rfc:3986",
        "value" : "urn:uuid:1301332d-6012-443f-9690-929132b2e155"
      }],
      "basedOn" : [{
        "reference" : "urn:uuid:cfecb79a-7bb8-45a3-8b1e-9d02cad3e829",
        "type" : "ServiceRequest"
      }],
      "status" : "final",
      "code" : {
        "coding" : [{
          "system" : "http://loinc.org",
          "code" : "11502-2",
          "display" : "Laboratory report"
        }]
      },
      "subject" : {
        "reference" : "urn:uuid:d43ab324-dc02-4f8b-abcd-279808dcc315",
        "type" : "Patient"
      },
      "performer" : [{
        "reference" : "urn:uuid:8b9163cc-4894-462c-8060-b9b01f705a8b",
        "type" : "Organization"
      }],
      "specimen" : [{
        "reference" : "urn:uuid:8e87aff2-708a-4964-a5d1-281e4d4c2786",
        "type" : "Specimen"
      }],
      "result" : [{
        "reference" : "urn:uuid:1ed18b09-bd72-4825-86c4-adfb102a260c",
        "type" : "Observation"
      }]
    }
  },
  {
    "fullUrl" : "urn:uuid:d43ab324-dc02-4f8b-abcd-279808dcc315",
    "resource" : {
      "resourceType" : "Patient",
      "id" : "d43ab324-dc02-4f8b-abcd-279808dcc315",
      "name" : [{
        "extension" : [{
          "url" : "http://fhir.ch/ig/ch-elm/StructureDefinition/ch-elm-ext-vct-code",
          "valueString" : "kste12345"
        }],
        "_family" : {
          "extension" : [{
            "url" : "http://hl7.org/fhir/StructureDefinition/data-absent-reason",
            "valueCode" : "masked"
          }]
        },
        "_given" : [{
          "extension" : [{
            "url" : "http://hl7.org/fhir/StructureDefinition/data-absent-reason",
            "valueCode" : "masked"
          }]
        }]
      }],
      "gender" : "female",
      "birthDate" : "1985-10-17",
      "address" : [{
        "use" : "home",
        "city" : "Derendingen",
        "state" : "SO",
        "postalCode" : "4552",
        "country" : "CH",
        "_country" : {
          "extension" : [{
            "url" : "http://hl7.org/fhir/StructureDefinition/iso21090-SC-coding",
            "valueCoding" : {
              "system" : "urn:iso:std:iso:3166",
              "code" : "CH"
            }
          }]
        }
      }]
    }
  },
  {
    "fullUrl" : "urn:uuid:1ed18b09-bd72-4825-86c4-adfb102a260c",
    "resource" : {
      "resourceType" : "Observation",
      "id" : "1ed18b09-bd72-4825-86c4-adfb102a260c",
      "status" : "final",
      "category" : [{
        "coding" : [{
          "system" : "http://terminology.hl7.org/CodeSystem/observation-category",
          "code" : "laboratory",
          "display" : "Laboratory"
        }]
      }],
      "code" : {
        "coding" : [{
          "system" : "http://loinc.org",
          "code" : "6349-5",
          "display" : "Chlamydia trachomatis [Presence] in Specimen by Organism specific culture"
        }]
      },
      "subject" : {
        "reference" : "urn:uuid:d43ab324-dc02-4f8b-abcd-279808dcc315",
        "type" : "Patient"
      },
      "effectiveDateTime" : "2023-08-04T08:25:00+02:00",
      "performer" : [{
        "reference" : "urn:uuid:8b9163cc-4894-462c-8060-b9b01f705a8b",
        "type" : "Organization"
      }],
      "valueCodeableConcept" : {
        "coding" : [{
          "system" : "http://snomed.info/sct",
          "code" : "10828004",
          "display" : "Positive"
        }]
      },
      "interpretation" : [{
        "coding" : [{
          "system" : "http://terminology.hl7.org/CodeSystem/v3-ObservationInterpretation",
          "code" : "POS",
          "display" : "Positive"
        }]
      }],
      "specimen" : {
        "reference" : "urn:uuid:8e87aff2-708a-4964-a5d1-281e4d4c2786",
        "type" : "Specimen"
      }
    }
  },
  {
    "fullUrl" : "urn:uuid:8e87aff2-708a-4964-a5d1-281e4d4c2786",
    "resource" : {
      "resourceType" : "Specimen",
      "id" : "8e87aff2-708a-4964-a5d1-281e4d4c2786",
      "type" : {
        "coding" : [{
          "system" : "http://snomed.info/sct",
          "code" : "119393003",
          "display" : "Specimen from urethra (specimen)"
        }]
      },
      "subject" : {
        "reference" : "urn:uuid:d43ab324-dc02-4f8b-abcd-279808dcc315",
        "type" : "Patient"
      },
      "collection" : {
        "collectedDateTime" : "2023-07-29"
      }
    }
  },
  {
    "fullUrl" : "urn:uuid:cfecb79a-7bb8-45a3-8b1e-9d02cad3e829",
    "resource" : {
      "resourceType" : "ServiceRequest",
      "id" : "cfecb79a-7bb8-45a3-8b1e-9d02cad3e829",
      "identifier" : [{
        "system" : "http://fhir.lab.ch/order-identifier",
        "value" : "7601002331521"
      }],
      "status" : "completed",
      "intent" : "order",
      "code" : {
        "coding" : [{
          "system" : "http://loinc.org",
          "code" : "6349-5",
          "display" : "Chlamydia trachomatis [Presence] in Specimen by Organism specific culture"
        }]
      },
      "subject" : {
        "reference" : "urn:uuid:d43ab324-dc02-4f8b-abcd-279808dcc315",
        "type" : "Patient"
      },
      "requester" : {
        "reference" : "urn:uuid:c2be8e31-506b-42b2-adfc-7e47dd23cdb4",
        "type" : "PractitionerRole"
      },
      "specimen" : [{
        "reference" : "urn:uuid:8e87aff2-708a-4964-a5d1-281e4d4c2786",
        "type" : "Specimen"
      }]
    }
  },
  {
    "fullUrl" : "urn:uuid:8b9163cc-4894-462c-8060-b9b01f705a8b",
    "resource" : {
      "resourceType" : "Organization",
      "id" : "8b9163cc-4894-462c-8060-b9b01f705a8b",
      "identifier" : [{
        "system" : "urn:oid:2.51.1.3",
        "value" : "7601002331470"
      }],
      "name" : "SanLab"
    }
  },
  {
    "fullUrl" : "urn:uuid:c2be8e31-506b-42b2-adfc-7e47dd23cdb4",
    "resource" : {
      "resourceType" : "PractitionerRole",
      "id" : "c2be8e31-506b-42b2-adfc-7e47dd23cdb4",
      "practitioner" : {
        "reference" : "urn:uuid:c3384814-b10a-4aea-b84c-a92e9a9f41e3",
        "type" : "Practitioner"
      },
      "organization" : {
        "reference" : "urn:uuid:f18f5763-d9a4-4bb7-999e-959beaaba714",
        "type" : "Organization"
      }
    }
  },
  {
    "fullUrl" : "urn:uuid:c3384814-b10a-4aea-b84c-a92e9a9f41e3",
    "resource" : {
      "resourceType" : "Practitioner",
      "id" : "c3384814-b10a-4aea-b84c-a92e9a9f41e3",
      "identifier" : [{
        "system" : "urn:oid:2.51.1.3",
        "value" : "7601000000514"
      }],
      "name" : [{
        "family" : "Hauser",
        "given" : ["Peter"]
      }],
      "telecom" : [{
        "system" : "email",
        "value" : "peter.hauser@hauserpraxis.ch"
      },
      {
        "system" : "phone",
        "value" : "+41 79 222 33 44"
      }]
    }
  },
  {
    "fullUrl" : "urn:uuid:f18f5763-d9a4-4bb7-999e-959beaaba714",
    "resource" : {
      "resourceType" : "Organization",
      "id" : "f18f5763-d9a4-4bb7-999e-959beaaba714",
      "identifier" : [{
        "system" : "urn:oid:2.16.756.5.45",
        "value" : "A74966168"
      }],
      "name" : "Praxis Dr. Hauser",
      "address" : [{
        "line" : ["Hauptstrasse 10"],
        "_line" : [{
          "extension" : [{
            "url" : "http://hl7.org/fhir/StructureDefinition/iso21090-ADXP-streetName",
            "valueString" : "Hauptstrasse"
          },
          {
            "url" : "http://hl7.org/fhir/StructureDefinition/iso21090-ADXP-houseNumber",
            "valueString" : "10"
          }]
        }],
        "city" : "Solothurn",
        "postalCode" : "4500"
      }]
    }
  }]
}