{
  "resourceType" : "ConceptMap",
  "id" : "ch-elm-expecting-organism-specification-to-results-completion-vs",
  "text" : {
    "status" : "generated",
    "div" : "<div xmlns=\"http://www.w3.org/1999/xhtml\"><p class=\"res-header-id\"><b>Generated Narrative: ConceptMap ch-elm-expecting-organism-specification-to-results-completion-vs</b></p><a name=\"ch-elm-expecting-organism-specification-to-results-completion-vs\"> </a><a name=\"hcch-elm-expecting-organism-specification-to-results-completion-vs\"> </a><a name=\"ch-elm-expecting-organism-specification-to-results-completion-vs-en-US\"> </a><p>Mapping from <a href=\"ValueSet-ch-elm-expecting-organism-specification.html\">CH ELM Expecting Organism Specification</a> to <a href=\"ValueSet-ch-elm-results-completion-vs.html\">CH ELM Results Completion Vs</a></p><br/><p><b>Group 1 </b>Mapping from <a href=\"http://terminology.hl7.org/6.1.0/CodeSystem-v3-loinc.html\">Logical Observation Identifiers, Names and Codes (LOINC)</a> to <a href=\"CodeSystem-ch-elm-results-completion-vs.html\">CH ELM Results Completion Vs</a></p><table class=\"grid\"><tr><td><b>Source Code</b></td><td><b>Relationship</b></td><td><b>Target Code</b></td></tr><tr><td>100911-7 (Campylobacter sp [Presence] in Stool by Organism specific culture)</td><td><a href=\"http://hl7.org/fhir/R5/codesystem-concept-map-relationship.html#relatedto\" title=\"relatedto\">is related to</a></td><td>http://fhir.ch/ig/ch-elm/ValueSet/ch-elm-results-camp-org</td></tr><tr><td>101003-2 (Monkeypox virus clade [Type] in Specimen by Sequencing)</td><td><a href=\"http://hl7.org/fhir/R5/codesystem-concept-map-relationship.html#relatedto\" title=\"relatedto\">is related to</a></td><td>http://fhir.ch/ig/ch-elm/ValueSet/ch-elm-results-mpox-org</td></tr><tr><td>101219-4 (Legionella sp DNA [Presence] in Specimen by NAA with probe detection)</td><td><a href=\"http://hl7.org/fhir/R5/codesystem-concept-map-relationship.html#relatedto\" title=\"relatedto\">is related to</a></td><td>http://fhir.ch/ig/ch-elm/ValueSet/ch-elm-results-leg-org</td></tr><tr><td>104376-9 (Diphtheria toxin DNA [Presence] in Specimen by NAA with probe detection)</td><td><a href=\"http://hl7.org/fhir/R5/codesystem-concept-map-relationship.html#relatedto\" title=\"relatedto\">is related to</a></td><td>http://fhir.ch/ig/ch-elm/ValueSet/ch-elm-results-diph-org</td></tr><tr><td>14357-8 (Microscopic observation [Identifier] in Cerebral spinal fluid by Gram stain)</td><td><a href=\"http://hl7.org/fhir/R5/codesystem-concept-map-relationship.html#relatedto\" title=\"relatedto\">is related to</a></td><td>http://fhir.ch/ig/ch-elm/ValueSet/ch-elm-results-men-org</td></tr><tr><td>17563-8 (Salmonella sp identified in Specimen by Organism specific culture)</td><td><a href=\"http://hl7.org/fhir/R5/codesystem-concept-map-relationship.html#relatedto\" title=\"relatedto\">is related to</a></td><td>http://fhir.ch/ig/ch-elm/ValueSet/ch-elm-results-sal-org</td></tr><tr><td>22826-2 (Influenza virus A identified in Specimen by Bioassay)</td><td><a href=\"http://hl7.org/fhir/R5/codesystem-concept-map-relationship.html#relatedto\" title=\"relatedto\">is related to</a></td><td>http://fhir.ch/ig/ch-elm/ValueSet/ch-elm-results-influenza-hxny-org</td></tr><tr><td>24102-6 (Corynebacterium toxin [Presence] in Specimen by Immune diffusion (ID))</td><td><a href=\"http://hl7.org/fhir/R5/codesystem-concept-map-relationship.html#relatedto\" title=\"relatedto\">is related to</a></td><td>http://fhir.ch/ig/ch-elm/ValueSet/ch-elm-results-diph-org</td></tr><tr><td>32781-7 (Legionella sp Ag [Presence] in Urine)</td><td><a href=\"http://hl7.org/fhir/R5/codesystem-concept-map-relationship.html#relatedto\" title=\"relatedto\">is related to</a></td><td>http://fhir.ch/ig/ch-elm/ValueSet/ch-elm-results-leg-org</td></tr><tr><td>38353-9 (Streptococcus sp identified in Specimen by Organism specific culture)</td><td><a href=\"http://hl7.org/fhir/R5/codesystem-concept-map-relationship.html#relatedto\" title=\"relatedto\">is related to</a></td><td>http://fhir.ch/ig/ch-elm/ValueSet/ch-elm-results-pneu-org</td></tr><tr><td>39025-2 (Influenza virus A hemagglutinin cDNA [Identifier] in Specimen by Sequencing)</td><td><a href=\"http://hl7.org/fhir/R5/codesystem-concept-map-relationship.html#relatedto\" title=\"relatedto\">is related to</a></td><td>http://fhir.ch/ig/ch-elm/ValueSet/ch-elm-results-influenza-hxny-org</td></tr><tr><td>41625-5 (Brucella sp DNA [Identifier] in Specimen by NAA with probe detection)</td><td><a href=\"http://hl7.org/fhir/R5/codesystem-concept-map-relationship.html#relatedto\" title=\"relatedto\">is related to</a></td><td>http://fhir.ch/ig/ch-elm/ValueSet/ch-elm-results-bru-org</td></tr><tr><td>43389-6 (Streptococcus sp identified in Isolate by Organism specific culture)</td><td><a href=\"http://hl7.org/fhir/R5/codesystem-concept-map-relationship.html#relatedto\" title=\"relatedto\">is related to</a></td><td>http://fhir.ch/ig/ch-elm/ValueSet/ch-elm-results-pneu-org</td></tr><tr><td>46454-5 (Shigella sp [Presence] in Specimen by Organism specific culture)</td><td><a href=\"http://hl7.org/fhir/R5/codesystem-concept-map-relationship.html#relatedto\" title=\"relatedto\">is related to</a></td><td>http://fhir.ch/ig/ch-elm/ValueSet/ch-elm-results-shi-org</td></tr><tr><td>46732-4 (Francisella tularensis subtype [Identifier] in Specimen by NAA with probe detection)</td><td><a href=\"http://hl7.org/fhir/R5/codesystem-concept-map-relationship.html#relatedto\" title=\"relatedto\">is related to</a></td><td>http://fhir.ch/ig/ch-elm/ValueSet/ch-elm-results-tul-org</td></tr><tr><td>47085-6 (Plasmodium sp DNA [Presence] in Blood by NAA with probe detection)</td><td><a href=\"http://hl7.org/fhir/R5/codesystem-concept-map-relationship.html#relatedto\" title=\"relatedto\">is related to</a></td><td>http://fhir.ch/ig/ch-elm/ValueSet/ch-elm-results-mal-org</td></tr><tr><td>49612-5 (Salmonella sp DNA [Presence] in Specimen by NAA with probe detection)</td><td><a href=\"http://hl7.org/fhir/R5/codesystem-concept-map-relationship.html#relatedto\" title=\"relatedto\">is related to</a></td><td>http://fhir.ch/ig/ch-elm/ValueSet/ch-elm-results-sal-org</td></tr><tr><td>50687-3 (Plasmodium sp Ag [Presence] in Blood)</td><td><a href=\"http://hl7.org/fhir/R5/codesystem-concept-map-relationship.html#relatedto\" title=\"relatedto\">is related to</a></td><td>http://fhir.ch/ig/ch-elm/ValueSet/ch-elm-results-mal-org</td></tr><tr><td>50697-2 (Influenza virus A Ag [Identifier] in Isolate)</td><td><a href=\"http://hl7.org/fhir/R5/codesystem-concept-map-relationship.html#relatedto\" title=\"relatedto\">is related to</a></td><td>http://fhir.ch/ig/ch-elm/ValueSet/ch-elm-results-influenza-hxny-org</td></tr><tr><td>51587-4 (Plasmodium sp [Presence] in Blood by Light microscopy)</td><td><a href=\"http://hl7.org/fhir/R5/codesystem-concept-map-relationship.html#relatedto\" title=\"relatedto\">is related to</a></td><td>http://fhir.ch/ig/ch-elm/ValueSet/ch-elm-results-mal-org</td></tr><tr><td>534-8 (Mycobacterium sp identified in Cerebral spinal fluid by Organism specific culture)</td><td><a href=\"http://hl7.org/fhir/R5/codesystem-concept-map-relationship.html#relatedto\" title=\"relatedto\">is related to</a></td><td>http://fhir.ch/ig/ch-elm/ValueSet/ch-elm-results-tub-org</td></tr><tr><td>539-7 (Mycobacterium sp identified in Sputum by Organism specific culture)</td><td><a href=\"http://hl7.org/fhir/R5/codesystem-concept-map-relationship.html#relatedto\" title=\"relatedto\">is related to</a></td><td>http://fhir.ch/ig/ch-elm/ValueSet/ch-elm-results-tub-org</td></tr><tr><td>540-5 (Mycobacterium sp identified in Tissue by Organism specific culture)</td><td><a href=\"http://hl7.org/fhir/R5/codesystem-concept-map-relationship.html#relatedto\" title=\"relatedto\">is related to</a></td><td>http://fhir.ch/ig/ch-elm/ValueSet/ch-elm-results-tub-org</td></tr><tr><td>541-3 (Mycobacterium sp identified in Urine by Organism specific culture)</td><td><a href=\"http://hl7.org/fhir/R5/codesystem-concept-map-relationship.html#relatedto\" title=\"relatedto\">is related to</a></td><td>http://fhir.ch/ig/ch-elm/ValueSet/ch-elm-results-tub-org</td></tr><tr><td>543-9 (Mycobacterium sp identified in Specimen by Organism specific culture)</td><td><a href=\"http://hl7.org/fhir/R5/codesystem-concept-map-relationship.html#relatedto\" title=\"relatedto\">is related to</a></td><td>http://fhir.ch/ig/ch-elm/ValueSet/ch-elm-results-tub-org</td></tr><tr><td>552-0 (Brucella sp identified in Specimen by Organism specific culture)</td><td><a href=\"http://hl7.org/fhir/R5/codesystem-concept-map-relationship.html#relatedto\" title=\"relatedto\">is related to</a></td><td>http://fhir.ch/ig/ch-elm/ValueSet/ch-elm-results-bru-org</td></tr><tr><td>58473-0 (Haemophilus influenzae serotype DNA [Identifier] in Specimen by NAA with probe detection)</td><td><a href=\"http://hl7.org/fhir/R5/codesystem-concept-map-relationship.html#relatedto\" title=\"relatedto\">is related to</a></td><td>http://fhir.ch/ig/ch-elm/ValueSet/ch-elm-results-haem-org</td></tr><tr><td>589-2 (Legionella sp identified in Bronchial specimen by Organism specific culture)</td><td><a href=\"http://hl7.org/fhir/R5/codesystem-concept-map-relationship.html#relatedto\" title=\"relatedto\">is related to</a></td><td>http://fhir.ch/ig/ch-elm/ValueSet/ch-elm-results-leg-org</td></tr><tr><td>590-0 (Legionella sp identified in Sputum by Organism specific culture)</td><td><a href=\"http://hl7.org/fhir/R5/codesystem-concept-map-relationship.html#relatedto\" title=\"relatedto\">is related to</a></td><td>http://fhir.ch/ig/ch-elm/ValueSet/ch-elm-results-leg-org</td></tr><tr><td>593-4 (Legionella sp identified in Specimen by Organism specific culture)</td><td><a href=\"http://hl7.org/fhir/R5/codesystem-concept-map-relationship.html#relatedto\" title=\"relatedto\">is related to</a></td><td>http://fhir.ch/ig/ch-elm/ValueSet/ch-elm-results-leg-org</td></tr><tr><td>59423-4 (Influenza virus A hemagglutinin type RNA [Identifier] in Specimen by NAA with probe detection)</td><td><a href=\"http://hl7.org/fhir/R5/codesystem-concept-map-relationship.html#relatedto\" title=\"relatedto\">is related to</a></td><td>http://fhir.ch/ig/ch-elm/ValueSet/ch-elm-results-influenza-hxny-org</td></tr><tr><td>60422-3 (Measles virus genotype [Identifier] in Specimen by NAA with probe detection)</td><td><a href=\"http://hl7.org/fhir/R5/codesystem-concept-map-relationship.html#relatedto\" title=\"relatedto\">is related to</a></td><td>http://fhir.ch/ig/ch-elm/ValueSet/ch-elm-results-mea-org</td></tr><tr><td>65756-9 (Salmonella sp serovar [Type] in Isolate)</td><td><a href=\"http://hl7.org/fhir/R5/codesystem-concept-map-relationship.html#relatedto\" title=\"relatedto\">is related to</a></td><td>http://fhir.ch/ig/ch-elm/ValueSet/ch-elm-results-sal-org-complete</td></tr><tr><td>6578-9 (Vibrio sp identified in Blood by Organism specific culture)</td><td><a href=\"http://hl7.org/fhir/R5/codesystem-concept-map-relationship.html#relatedto\" title=\"relatedto\">is related to</a></td><td>http://fhir.ch/ig/ch-elm/ValueSet/ch-elm-results-chol-org</td></tr><tr><td>6579-7 (Vibrio sp identified in Stool by Organism specific culture)</td><td><a href=\"http://hl7.org/fhir/R5/codesystem-concept-map-relationship.html#relatedto\" title=\"relatedto\">is related to</a></td><td>http://fhir.ch/ig/ch-elm/ValueSet/ch-elm-results-chol-org</td></tr><tr><td>6581-3 (Vibrio sp identified in Specimen by Organism specific culture)</td><td><a href=\"http://hl7.org/fhir/R5/codesystem-concept-map-relationship.html#relatedto\" title=\"relatedto\">is related to</a></td><td>http://fhir.ch/ig/ch-elm/ValueSet/ch-elm-results-chol-org</td></tr><tr><td>6584-7 (Virus identified in Specimen by Culture)</td><td><a href=\"http://hl7.org/fhir/R5/codesystem-concept-map-relationship.html#relatedto\" title=\"relatedto\">is related to</a></td><td>http://fhir.ch/ig/ch-elm/ValueSet/ch-elm-results-virus-cult-org</td></tr><tr><td>6600-1 (Haemophilus sp identified in Specimen by Organism specific culture)</td><td><a href=\"http://hl7.org/fhir/R5/codesystem-concept-map-relationship.html#relatedto\" title=\"relatedto\">is related to</a></td><td>http://fhir.ch/ig/ch-elm/ValueSet/ch-elm-results-haem-org</td></tr><tr><td>6604-3 (Influenza virus identified in Specimen by Organism specific culture)</td><td><a href=\"http://hl7.org/fhir/R5/codesystem-concept-map-relationship.html#relatedto\" title=\"relatedto\">is related to</a></td><td>http://fhir.ch/ig/ch-elm/ValueSet/ch-elm-results-influenza-hxny-org</td></tr><tr><td>6609-2 (Listeria sp identified in Specimen by Organism specific culture)</td><td><a href=\"http://hl7.org/fhir/R5/codesystem-concept-map-relationship.html#relatedto\" title=\"relatedto\">is related to</a></td><td>http://fhir.ch/ig/ch-elm/ValueSet/ch-elm-results-lis-org</td></tr><tr><td>70569-9 (Plasmodium sp Ag [Identifier] in Blood by Rapid immunoassay)</td><td><a href=\"http://hl7.org/fhir/R5/codesystem-concept-map-relationship.html#relatedto\" title=\"relatedto\">is related to</a></td><td>http://fhir.ch/ig/ch-elm/ValueSet/ch-elm-results-mal-org</td></tr><tr><td>74037-3 (Transmissible spongiform encephalopathy [Identifier] in Brain by Light microscopy)</td><td><a href=\"http://hl7.org/fhir/R5/codesystem-concept-map-relationship.html#relatedto\" title=\"relatedto\">is related to</a></td><td>http://fhir.ch/ig/ch-elm/ValueSet/ch-elm-results-cjd-org</td></tr><tr><td>75756-7 (Bacteria identified in Isolate by MS.MALDI-TOF)</td><td><a href=\"http://hl7.org/fhir/R5/codesystem-concept-map-relationship.html#relatedto\" title=\"relatedto\">is related to</a></td><td>http://fhir.ch/ig/ch-elm/ValueSet/ch-elm-results-maldi-tof-org</td></tr><tr><td>7899-8 (Hantavirus RNA [Presence] in Serum by NAA with probe detection)</td><td><a href=\"http://hl7.org/fhir/R5/codesystem-concept-map-relationship.html#relatedto\" title=\"relatedto\">is related to</a></td><td>http://fhir.ch/ig/ch-elm/ValueSet/ch-elm-results-hanta-org</td></tr><tr><td>82300-5 (Shigella sp [Presence] in Stool by Culture)</td><td><a href=\"http://hl7.org/fhir/R5/codesystem-concept-map-relationship.html#relatedto\" title=\"relatedto\">is related to</a></td><td>http://fhir.ch/ig/ch-elm/ValueSet/ch-elm-results-shi-org</td></tr><tr><td>82301-3 (Salmonella sp [Presence] in Stool by Culture)</td><td><a href=\"http://hl7.org/fhir/R5/codesystem-concept-map-relationship.html#relatedto\" title=\"relatedto\">is related to</a></td><td>http://fhir.ch/ig/ch-elm/ValueSet/ch-elm-results-sal-org</td></tr><tr><td>86520-4 (Hantavirus RNA [Presence] in Blood by NAA with probe detection)</td><td><a href=\"http://hl7.org/fhir/R5/codesystem-concept-map-relationship.html#relatedto\" title=\"relatedto\">is related to</a></td><td>http://fhir.ch/ig/ch-elm/ValueSet/ch-elm-results-hanta-org</td></tr><tr><td>88585-5 (Legionella sp identified in Lower respiratory specimen by Organism specific culture)</td><td><a href=\"http://hl7.org/fhir/R5/codesystem-concept-map-relationship.html#relatedto\" title=\"relatedto\">is related to</a></td><td>http://fhir.ch/ig/ch-elm/ValueSet/ch-elm-results-leg-org</td></tr><tr><td>88588-9 (Legionella sp DNA [Identifier] in Lower respiratory specimen by NAA with probe detection)</td><td><a href=\"http://hl7.org/fhir/R5/codesystem-concept-map-relationship.html#relatedto\" title=\"relatedto\">is related to</a></td><td>http://fhir.ch/ig/ch-elm/ValueSet/ch-elm-results-leg-org</td></tr><tr><td>90066-2 (Corynebacterium sp identified in Isolate by Organism specific culture)</td><td><a href=\"http://hl7.org/fhir/R5/codesystem-concept-map-relationship.html#relatedto\" title=\"relatedto\">is related to</a></td><td>http://fhir.ch/ig/ch-elm/ValueSet/ch-elm-results-diph-org</td></tr><tr><td>92786-3 (Corynebacterium sp DNA [Presence] by NAA with probe detection in Positive blood culture)</td><td><a href=\"http://hl7.org/fhir/R5/codesystem-concept-map-relationship.html#relatedto\" title=\"relatedto\">is related to</a></td><td>http://fhir.ch/ig/ch-elm/ValueSet/ch-elm-results-diph-org</td></tr><tr><td>93385-3 (Salmonella sp DNA [Presence] by NAA with probe detection in Positive blood culture)</td><td><a href=\"http://hl7.org/fhir/R5/codesystem-concept-map-relationship.html#relatedto\" title=\"relatedto\">is related to</a></td><td>http://fhir.ch/ig/ch-elm/ValueSet/ch-elm-results-sal-org</td></tr><tr><td>97313-1 (Salmonella sp DNA [Presence] in Stool by NAA with probe detection)</td><td><a href=\"http://hl7.org/fhir/R5/codesystem-concept-map-relationship.html#relatedto\" title=\"relatedto\">is related to</a></td><td>http://fhir.ch/ig/ch-elm/ValueSet/ch-elm-results-sal-org</td></tr><tr><td>97513-6 (Campylobacter sp [Presence] in Specimen by Organism specific culture)</td><td><a href=\"http://hl7.org/fhir/R5/codesystem-concept-map-relationship.html#relatedto\" title=\"relatedto\">is related to</a></td><td>http://fhir.ch/ig/ch-elm/ValueSet/ch-elm-results-camp-org</td></tr><tr><td>9823-6 (Mycobacterium sp identified in Bronchial specimen by Organism specific culture)</td><td><a href=\"http://hl7.org/fhir/R5/codesystem-concept-map-relationship.html#relatedto\" title=\"relatedto\">is related to</a></td><td>http://fhir.ch/ig/ch-elm/ValueSet/ch-elm-results-tub-org</td></tr></table></div>"
  },
  "url" : "http://fhir.ch/ig/ch-elm/ConceptMap/ch-elm-expecting-organism-specification-to-results-completion-vs",
  "version" : "1.9.0",
  "name" : "ChElmExpectingOrganismSpecificationToResultsCompletionVs",
  "title" : "CH ELM Expecting Organism Specification To Results Completion Vs",
  "status" : "active",
  "experimental" : false,
  "date" : "2025-03-18T17:14:46+00:00",
  "publisher" : "Federal Office of Public Health FOPH",
  "contact" : [{
    "name" : "Federal Office of Public Health FOPH",
    "telecom" : [{
      "system" : "url",
      "value" : "https://www.bag.admin.ch/bag/en/home/das-bag/kontakt-standort.html"
    }]
  }],
  "description" : "This CH ELM concept map shows which leading codes have to be completed by an additional code to specify the organism. The target code shows the URL of the value set containing the permitted codes for the organism specification.",
  "jurisdiction" : [{
    "coding" : [{
      "system" : "urn:iso:std:iso:3166",
      "code" : "CH"
    }]
  }],
  "copyright" : "CC0-1.0",
  "sourceCanonical" : "http://fhir.ch/ig/ch-elm/ValueSet/ch-elm-expecting-organism-specification",
  "targetCanonical" : "http://fhir.ch/ig/ch-elm/ValueSet/ch-elm-results-completion-vs",
  "group" : [{
    "source" : "http://loinc.org",
    "target" : "http://fhir.ch/ig/ch-elm/CodeSystem/ch-elm-results-completion-vs",
    "element" : [{
      "code" : "100911-7",
      "display" : "Campylobacter sp [Presence] in Stool by Organism specific culture",
      "target" : [{
        "code" : "http://fhir.ch/ig/ch-elm/ValueSet/ch-elm-results-camp-org",
        "equivalence" : "relatedto"
      }]
    },
    {
      "code" : "101003-2",
      "display" : "Monkeypox virus clade [Type] in Specimen by Sequencing",
      "target" : [{
        "code" : "http://fhir.ch/ig/ch-elm/ValueSet/ch-elm-results-mpox-org",
        "equivalence" : "relatedto"
      }]
    },
    {
      "code" : "101219-4",
      "display" : "Legionella sp DNA [Presence] in Specimen by NAA with probe detection",
      "target" : [{
        "code" : "http://fhir.ch/ig/ch-elm/ValueSet/ch-elm-results-leg-org",
        "equivalence" : "relatedto"
      }]
    },
    {
      "code" : "104376-9",
      "display" : "Diphtheria toxin DNA [Presence] in Specimen by NAA with probe detection",
      "target" : [{
        "code" : "http://fhir.ch/ig/ch-elm/ValueSet/ch-elm-results-diph-org",
        "equivalence" : "relatedto"
      }]
    },
    {
      "code" : "14357-8",
      "display" : "Microscopic observation [Identifier] in Cerebral spinal fluid by Gram stain",
      "target" : [{
        "code" : "http://fhir.ch/ig/ch-elm/ValueSet/ch-elm-results-men-org",
        "equivalence" : "relatedto"
      }]
    },
    {
      "code" : "17563-8",
      "display" : "Salmonella sp identified in Specimen by Organism specific culture",
      "target" : [{
        "code" : "http://fhir.ch/ig/ch-elm/ValueSet/ch-elm-results-sal-org",
        "equivalence" : "relatedto"
      }]
    },
    {
      "code" : "22826-2",
      "display" : "Influenza virus A identified in Specimen by Bioassay",
      "target" : [{
        "code" : "http://fhir.ch/ig/ch-elm/ValueSet/ch-elm-results-influenza-hxny-org",
        "equivalence" : "relatedto"
      }]
    },
    {
      "code" : "24102-6",
      "display" : "Corynebacterium toxin [Presence] in Specimen by Immune diffusion (ID)",
      "target" : [{
        "code" : "http://fhir.ch/ig/ch-elm/ValueSet/ch-elm-results-diph-org",
        "equivalence" : "relatedto"
      }]
    },
    {
      "code" : "32781-7",
      "display" : "Legionella sp Ag [Presence] in Urine",
      "target" : [{
        "code" : "http://fhir.ch/ig/ch-elm/ValueSet/ch-elm-results-leg-org",
        "equivalence" : "relatedto"
      }]
    },
    {
      "code" : "38353-9",
      "display" : "Streptococcus sp identified in Specimen by Organism specific culture",
      "target" : [{
        "code" : "http://fhir.ch/ig/ch-elm/ValueSet/ch-elm-results-pneu-org",
        "equivalence" : "relatedto"
      }]
    },
    {
      "code" : "39025-2",
      "display" : "Influenza virus A hemagglutinin cDNA [Identifier] in Specimen by Sequencing",
      "target" : [{
        "code" : "http://fhir.ch/ig/ch-elm/ValueSet/ch-elm-results-influenza-hxny-org",
        "equivalence" : "relatedto"
      }]
    },
    {
      "code" : "41625-5",
      "display" : "Brucella sp DNA [Identifier] in Specimen by NAA with probe detection",
      "target" : [{
        "code" : "http://fhir.ch/ig/ch-elm/ValueSet/ch-elm-results-bru-org",
        "equivalence" : "relatedto"
      }]
    },
    {
      "code" : "43389-6",
      "display" : "Streptococcus sp identified in Isolate by Organism specific culture",
      "target" : [{
        "code" : "http://fhir.ch/ig/ch-elm/ValueSet/ch-elm-results-pneu-org",
        "equivalence" : "relatedto"
      }]
    },
    {
      "code" : "46454-5",
      "display" : "Shigella sp [Presence] in Specimen by Organism specific culture",
      "target" : [{
        "code" : "http://fhir.ch/ig/ch-elm/ValueSet/ch-elm-results-shi-org",
        "equivalence" : "relatedto"
      }]
    },
    {
      "code" : "46732-4",
      "display" : "Francisella tularensis subtype [Identifier] in Specimen by NAA with probe detection",
      "target" : [{
        "code" : "http://fhir.ch/ig/ch-elm/ValueSet/ch-elm-results-tul-org",
        "equivalence" : "relatedto"
      }]
    },
    {
      "code" : "47085-6",
      "display" : "Plasmodium sp DNA [Presence] in Blood by NAA with probe detection",
      "target" : [{
        "code" : "http://fhir.ch/ig/ch-elm/ValueSet/ch-elm-results-mal-org",
        "equivalence" : "relatedto"
      }]
    },
    {
      "code" : "49612-5",
      "display" : "Salmonella sp DNA [Presence] in Specimen by NAA with probe detection",
      "target" : [{
        "code" : "http://fhir.ch/ig/ch-elm/ValueSet/ch-elm-results-sal-org",
        "equivalence" : "relatedto"
      }]
    },
    {
      "code" : "50687-3",
      "display" : "Plasmodium sp Ag [Presence] in Blood",
      "target" : [{
        "code" : "http://fhir.ch/ig/ch-elm/ValueSet/ch-elm-results-mal-org",
        "equivalence" : "relatedto"
      }]
    },
    {
      "code" : "50697-2",
      "display" : "Influenza virus A Ag [Identifier] in Isolate",
      "target" : [{
        "code" : "http://fhir.ch/ig/ch-elm/ValueSet/ch-elm-results-influenza-hxny-org",
        "equivalence" : "relatedto"
      }]
    },
    {
      "code" : "51587-4",
      "display" : "Plasmodium sp [Presence] in Blood by Light microscopy",
      "target" : [{
        "code" : "http://fhir.ch/ig/ch-elm/ValueSet/ch-elm-results-mal-org",
        "equivalence" : "relatedto"
      }]
    },
    {
      "code" : "534-8",
      "display" : "Mycobacterium sp identified in Cerebral spinal fluid by Organism specific culture",
      "target" : [{
        "code" : "http://fhir.ch/ig/ch-elm/ValueSet/ch-elm-results-tub-org",
        "equivalence" : "relatedto"
      }]
    },
    {
      "code" : "539-7",
      "display" : "Mycobacterium sp identified in Sputum by Organism specific culture",
      "target" : [{
        "code" : "http://fhir.ch/ig/ch-elm/ValueSet/ch-elm-results-tub-org",
        "equivalence" : "relatedto"
      }]
    },
    {
      "code" : "540-5",
      "display" : "Mycobacterium sp identified in Tissue by Organism specific culture",
      "target" : [{
        "code" : "http://fhir.ch/ig/ch-elm/ValueSet/ch-elm-results-tub-org",
        "equivalence" : "relatedto"
      }]
    },
    {
      "code" : "541-3",
      "display" : "Mycobacterium sp identified in Urine by Organism specific culture",
      "target" : [{
        "code" : "http://fhir.ch/ig/ch-elm/ValueSet/ch-elm-results-tub-org",
        "equivalence" : "relatedto"
      }]
    },
    {
      "code" : "543-9",
      "display" : "Mycobacterium sp identified in Specimen by Organism specific culture",
      "target" : [{
        "code" : "http://fhir.ch/ig/ch-elm/ValueSet/ch-elm-results-tub-org",
        "equivalence" : "relatedto"
      }]
    },
    {
      "code" : "552-0",
      "display" : "Brucella sp identified in Specimen by Organism specific culture",
      "target" : [{
        "code" : "http://fhir.ch/ig/ch-elm/ValueSet/ch-elm-results-bru-org",
        "equivalence" : "relatedto"
      }]
    },
    {
      "code" : "58473-0",
      "display" : "Haemophilus influenzae serotype DNA [Identifier] in Specimen by NAA with probe detection",
      "target" : [{
        "code" : "http://fhir.ch/ig/ch-elm/ValueSet/ch-elm-results-haem-org",
        "equivalence" : "relatedto"
      }]
    },
    {
      "code" : "589-2",
      "display" : "Legionella sp identified in Bronchial specimen by Organism specific culture",
      "target" : [{
        "code" : "http://fhir.ch/ig/ch-elm/ValueSet/ch-elm-results-leg-org",
        "equivalence" : "relatedto"
      }]
    },
    {
      "code" : "590-0",
      "display" : "Legionella sp identified in Sputum by Organism specific culture",
      "target" : [{
        "code" : "http://fhir.ch/ig/ch-elm/ValueSet/ch-elm-results-leg-org",
        "equivalence" : "relatedto"
      }]
    },
    {
      "code" : "593-4",
      "display" : "Legionella sp identified in Specimen by Organism specific culture",
      "target" : [{
        "code" : "http://fhir.ch/ig/ch-elm/ValueSet/ch-elm-results-leg-org",
        "equivalence" : "relatedto"
      }]
    },
    {
      "code" : "59423-4",
      "display" : "Influenza virus A hemagglutinin type RNA [Identifier] in Specimen by NAA with probe detection",
      "target" : [{
        "code" : "http://fhir.ch/ig/ch-elm/ValueSet/ch-elm-results-influenza-hxny-org",
        "equivalence" : "relatedto"
      }]
    },
    {
      "code" : "60422-3",
      "display" : "Measles virus genotype [Identifier] in Specimen by NAA with probe detection",
      "target" : [{
        "code" : "http://fhir.ch/ig/ch-elm/ValueSet/ch-elm-results-mea-org",
        "equivalence" : "relatedto"
      }]
    },
    {
      "code" : "65756-9",
      "display" : "Salmonella sp serovar [Type] in Isolate",
      "target" : [{
        "code" : "http://fhir.ch/ig/ch-elm/ValueSet/ch-elm-results-sal-org-complete",
        "equivalence" : "relatedto"
      }]
    },
    {
      "code" : "6578-9",
      "display" : "Vibrio sp identified in Blood by Organism specific culture",
      "target" : [{
        "code" : "http://fhir.ch/ig/ch-elm/ValueSet/ch-elm-results-chol-org",
        "equivalence" : "relatedto"
      }]
    },
    {
      "code" : "6579-7",
      "display" : "Vibrio sp identified in Stool by Organism specific culture",
      "target" : [{
        "code" : "http://fhir.ch/ig/ch-elm/ValueSet/ch-elm-results-chol-org",
        "equivalence" : "relatedto"
      }]
    },
    {
      "code" : "6581-3",
      "display" : "Vibrio sp identified in Specimen by Organism specific culture",
      "target" : [{
        "code" : "http://fhir.ch/ig/ch-elm/ValueSet/ch-elm-results-chol-org",
        "equivalence" : "relatedto"
      }]
    },
    {
      "code" : "6584-7",
      "display" : "Virus identified in Specimen by Culture",
      "target" : [{
        "code" : "http://fhir.ch/ig/ch-elm/ValueSet/ch-elm-results-virus-cult-org",
        "equivalence" : "relatedto"
      }]
    },
    {
      "code" : "6600-1",
      "display" : "Haemophilus sp identified in Specimen by Organism specific culture",
      "target" : [{
        "code" : "http://fhir.ch/ig/ch-elm/ValueSet/ch-elm-results-haem-org",
        "equivalence" : "relatedto"
      }]
    },
    {
      "code" : "6604-3",
      "display" : "Influenza virus identified in Specimen by Organism specific culture",
      "target" : [{
        "code" : "http://fhir.ch/ig/ch-elm/ValueSet/ch-elm-results-influenza-hxny-org",
        "equivalence" : "relatedto"
      }]
    },
    {
      "code" : "6609-2",
      "display" : "Listeria sp identified in Specimen by Organism specific culture",
      "target" : [{
        "code" : "http://fhir.ch/ig/ch-elm/ValueSet/ch-elm-results-lis-org",
        "equivalence" : "relatedto"
      }]
    },
    {
      "code" : "70569-9",
      "display" : "Plasmodium sp Ag [Identifier] in Blood by Rapid immunoassay",
      "target" : [{
        "code" : "http://fhir.ch/ig/ch-elm/ValueSet/ch-elm-results-mal-org",
        "equivalence" : "relatedto"
      }]
    },
    {
      "code" : "74037-3",
      "display" : "Transmissible spongiform encephalopathy [Identifier] in Brain by Light microscopy",
      "target" : [{
        "code" : "http://fhir.ch/ig/ch-elm/ValueSet/ch-elm-results-cjd-org",
        "equivalence" : "relatedto"
      }]
    },
    {
      "code" : "75756-7",
      "display" : "Bacteria identified in Isolate by MS.MALDI-TOF",
      "target" : [{
        "code" : "http://fhir.ch/ig/ch-elm/ValueSet/ch-elm-results-maldi-tof-org",
        "equivalence" : "relatedto"
      }]
    },
    {
      "code" : "7899-8",
      "display" : "Hantavirus RNA [Presence] in Serum by NAA with probe detection",
      "target" : [{
        "code" : "http://fhir.ch/ig/ch-elm/ValueSet/ch-elm-results-hanta-org",
        "equivalence" : "relatedto"
      }]
    },
    {
      "code" : "82300-5",
      "display" : "Shigella sp [Presence] in Stool by Culture",
      "target" : [{
        "code" : "http://fhir.ch/ig/ch-elm/ValueSet/ch-elm-results-shi-org",
        "equivalence" : "relatedto"
      }]
    },
    {
      "code" : "82301-3",
      "display" : "Salmonella sp [Presence] in Stool by Culture",
      "target" : [{
        "code" : "http://fhir.ch/ig/ch-elm/ValueSet/ch-elm-results-sal-org",
        "equivalence" : "relatedto"
      }]
    },
    {
      "code" : "86520-4",
      "display" : "Hantavirus RNA [Presence] in Blood by NAA with probe detection",
      "target" : [{
        "code" : "http://fhir.ch/ig/ch-elm/ValueSet/ch-elm-results-hanta-org",
        "equivalence" : "relatedto"
      }]
    },
    {
      "code" : "88585-5",
      "display" : "Legionella sp identified in Lower respiratory specimen by Organism specific culture",
      "target" : [{
        "code" : "http://fhir.ch/ig/ch-elm/ValueSet/ch-elm-results-leg-org",
        "equivalence" : "relatedto"
      }]
    },
    {
      "code" : "88588-9",
      "display" : "Legionella sp DNA [Identifier] in Lower respiratory specimen by NAA with probe detection",
      "target" : [{
        "code" : "http://fhir.ch/ig/ch-elm/ValueSet/ch-elm-results-leg-org",
        "equivalence" : "relatedto"
      }]
    },
    {
      "code" : "90066-2",
      "display" : "Corynebacterium sp identified in Isolate by Organism specific culture",
      "target" : [{
        "code" : "http://fhir.ch/ig/ch-elm/ValueSet/ch-elm-results-diph-org",
        "equivalence" : "relatedto"
      }]
    },
    {
      "code" : "92786-3",
      "display" : "Corynebacterium sp DNA [Presence] by NAA with probe detection in Positive blood culture",
      "target" : [{
        "code" : "http://fhir.ch/ig/ch-elm/ValueSet/ch-elm-results-diph-org",
        "equivalence" : "relatedto"
      }]
    },
    {
      "code" : "93385-3",
      "display" : "Salmonella sp DNA [Presence] by NAA with probe detection in Positive blood culture",
      "target" : [{
        "code" : "http://fhir.ch/ig/ch-elm/ValueSet/ch-elm-results-sal-org",
        "equivalence" : "relatedto"
      }]
    },
    {
      "code" : "97313-1",
      "display" : "Salmonella sp DNA [Presence] in Stool by NAA with probe detection",
      "target" : [{
        "code" : "http://fhir.ch/ig/ch-elm/ValueSet/ch-elm-results-sal-org",
        "equivalence" : "relatedto"
      }]
    },
    {
      "code" : "97513-6",
      "display" : "Campylobacter sp [Presence] in Specimen by Organism specific culture",
      "target" : [{
        "code" : "http://fhir.ch/ig/ch-elm/ValueSet/ch-elm-results-camp-org",
        "equivalence" : "relatedto"
      }]
    },
    {
      "code" : "9823-6",
      "display" : "Mycobacterium sp identified in Bronchial specimen by Organism specific culture",
      "target" : [{
        "code" : "http://fhir.ch/ig/ch-elm/ValueSet/ch-elm-results-tub-org",
        "equivalence" : "relatedto"
      }]
    }]
  }]
}