{
  "resourceType" : "ConceptMap",
  "id" : "ch-elm-results-to-observation-profile",
  "text" : {
    "status" : "generated",
    "div" : "<div xmlns=\"http://www.w3.org/1999/xhtml\"><p class=\"res-header-id\"><b>Generated Narrative: ConceptMap ch-elm-results-to-observation-profile</b></p><a name=\"ch-elm-results-to-observation-profile\"> </a><a name=\"hcch-elm-results-to-observation-profile\"> </a><a name=\"ch-elm-results-to-observation-profile-en-US\"> </a><p>Mapping from <a href=\"ValueSet-ch-elm-results-laboratory-observation.html\">CH ELM Results Laboratory Observation</a> to <a href=\"ValueSet-ch-elm-observation-profile-vs.html\">CH ELM Observation Profile Vs</a></p><br/><p><b>Group 1 </b>Mapping from <a href=\"http://terminology.hl7.org/6.1.0/CodeSystem-v3-loinc.html\">Logical Observation Identifiers, Names and Codes (LOINC)</a> to <a href=\"CodeSystem-ch-elm-observation-profile-vs.html\">CH ELM Observation Profile Vs</a></p><table class=\"grid\"><tr><td><b>Source Code</b></td><td><b>Relationship</b></td><td><b>Target Code</b></td></tr><tr><td>56475-7 (Salmonella sp antigenic formula [Identifier] in Isolate by Agglutination)</td><td><a href=\"http://hl7.org/fhir/R5/codesystem-concept-map-relationship.html#relatedto\" title=\"relatedto\">is related to</a></td><td>http://fhir.ch/ig/ch-elm/StructureDefinition/ch-elm-observation-txt</td></tr><tr><td>62469-2 (HIV 1 RNA [Units/volume] (viral load) in Serum or Plasma by NAA with probe detection)</td><td><a href=\"http://hl7.org/fhir/R5/codesystem-concept-map-relationship.html#relatedto\" title=\"relatedto\">is related to</a></td><td>http://fhir.ch/ig/ch-elm/StructureDefinition/ch-elm-observation-pq-virl</td></tr><tr><td>9709-7 (Coxiella burnetii phase 2 IgG Ab [Titer] in Serum)</td><td><a href=\"http://hl7.org/fhir/R5/codesystem-concept-map-relationship.html#relatedto\" title=\"relatedto\">is related to</a></td><td>http://fhir.ch/ig/ch-elm/StructureDefinition/ch-elm-observation-rto</td></tr><tr><td>9711-3 (Coxiella burnetii phase 2 IgM Ab [Titer] in Serum)</td><td><a href=\"http://hl7.org/fhir/R5/codesystem-concept-map-relationship.html#relatedto\" title=\"relatedto\">is related to</a></td><td>http://fhir.ch/ig/ch-elm/StructureDefinition/ch-elm-observation-rto</td></tr></table></div>"
  },
  "url" : "http://fhir.ch/ig/ch-elm/ConceptMap/ch-elm-results-to-observation-profile",
  "version" : "1.9.0",
  "name" : "ChElmResultsToObservationProfile",
  "title" : "CH ELM Results To Observation Profile",
  "status" : "active",
  "experimental" : false,
  "date" : "2025-03-18T17:14:46+00:00",
  "publisher" : "Federal Office of Public Health FOPH",
  "contact" : [{
    "name" : "Federal Office of Public Health FOPH",
    "telecom" : [{
      "system" : "url",
      "value" : "https://www.bag.admin.ch/bag/en/home/das-bag/kontakt-standort.html"
    }]
  }],
  "description" : "This CH ELM concept map specifies the observation profile for each leading code",
  "jurisdiction" : [{
    "coding" : [{
      "system" : "urn:iso:std:iso:3166",
      "code" : "CH"
    }]
  }],
  "copyright" : "CC0-1.0",
  "sourceCanonical" : "http://fhir.ch/ig/ch-elm/ValueSet/ch-elm-results-laboratory-observation",
  "targetCanonical" : "http://fhir.ch/ig/ch-elm/ValueSet/ch-elm-observation-profile-vs",
  "group" : [{
    "source" : "http://loinc.org",
    "target" : "http://fhir.ch/ig/ch-elm/CodeSystem/ch-elm-observation-profile-vs",
    "element" : [{
      "code" : "56475-7",
      "display" : "Salmonella sp antigenic formula [Identifier] in Isolate by Agglutination",
      "target" : [{
        "code" : "http://fhir.ch/ig/ch-elm/StructureDefinition/ch-elm-observation-txt",
        "equivalence" : "relatedto"
      }]
    },
    {
      "code" : "62469-2",
      "display" : "HIV 1 RNA [Units/volume] (viral load) in Serum or Plasma by NAA with probe detection",
      "target" : [{
        "code" : "http://fhir.ch/ig/ch-elm/StructureDefinition/ch-elm-observation-pq-virl",
        "equivalence" : "relatedto"
      }]
    },
    {
      "code" : "9709-7",
      "display" : "Coxiella burnetii phase 2 IgG Ab [Titer] in Serum",
      "target" : [{
        "code" : "http://fhir.ch/ig/ch-elm/StructureDefinition/ch-elm-observation-rto",
        "equivalence" : "relatedto"
      }]
    },
    {
      "code" : "9711-3",
      "display" : "Coxiella burnetii phase 2 IgM Ab [Titer] in Serum",
      "target" : [{
        "code" : "http://fhir.ch/ig/ch-elm/StructureDefinition/ch-elm-observation-rto",
        "equivalence" : "relatedto"
      }]
    }]
  }]
}