{
  "resourceType" : "ImplementationGuide",
  "id" : "ch.fhir.ig.ch-elm",
  "text" : {
    "status" : "extensions",
    "div" : "<div xmlns=\"http://www.w3.org/1999/xhtml\"><h2>CH_ELM</h2><p>The official URL for this implementation guide is: </p><pre>http://fhir.ch/ig/ch-elm/ImplementationGuide/ch.fhir.ig.ch-elm</pre><div><p>FHIR® Implementation Guide for the Electronic Laboratory Report of the Swiss Federal Office of Public Health</p>\n</div></div>"
  },
  "url" : "http://fhir.ch/ig/ch-elm/ImplementationGuide/ch.fhir.ig.ch-elm",
  "version" : "1.1.1",
  "name" : "CH_ELM",
  "title" : "CH ELM (R4)",
  "status" : "active",
  "date" : "2024-02-27",
  "publisher" : "Federal Office of Public Health FOPH",
  "contact" : [{
    "name" : "Federal Office of Public Health FOPH",
    "telecom" : [{
      "system" : "url",
      "value" : "https://www.bag.admin.ch/bag/en/home/das-bag/kontakt-standort.html"
    }]
  }],
  "description" : "FHIR® Implementation Guide for the Electronic Laboratory Report of the Swiss Federal Office of Public Health",
  "jurisdiction" : [{
    "coding" : [{
      "system" : "urn:iso:std:iso:3166",
      "code" : "CHE"
    }]
  }],
  "copyright" : "CC0-1.0",
  "packageId" : "ch.fhir.ig.ch-elm",
  "license" : "CC0-1.0",
  "fhirVersion" : ["4.0.1"],
  "dependsOn" : [{
    "id" : "hl7_terminology",
    "uri" : "http://terminology.hl7.org/ImplementationGuide/hl7.terminology",
    "packageId" : "hl7.terminology",
    "version" : "5.4.0"
  },
  {
    "id" : "hl7_fhir_eu_laboratory",
    "uri" : "http://hl7.eu/fhir/laboratory/ImplementationGuide/hl7.fhir.eu.laboratory",
    "packageId" : "hl7.fhir.eu.laboratory",
    "version" : "0.1.0-ballot"
  },
  {
    "id" : "ch_fhir_ig_ch_lab_report",
    "uri" : "http://fhir.ch/ig/ch-lab-report/ImplementationGuide/ch.fhir.ig.ch-lab-report",
    "packageId" : "ch.fhir.ig.ch-lab-report",
    "version" : "0.1.1"
  },
  {
    "id" : "ch_fhir_ig_ch_core",
    "uri" : "http://fhir.ch/ig/ch-core/ImplementationGuide/ch.fhir.ig.ch-core",
    "packageId" : "ch.fhir.ig.ch-core",
    "version" : "4.0.1"
  },
  {
    "id" : "hl7_fhir_uv_extensions_r4",
    "uri" : "http://hl7.org/fhir/extensions/ImplementationGuide/hl7.fhir.uv.extensions",
    "packageId" : "hl7.fhir.uv.extensions.r4",
    "version" : "1.0.0"
  }],
  "definition" : {
    "extension" : [{
      "extension" : [{
        "url" : "code",
        "valueString" : "copyrightyear"
      },
      {
        "url" : "value",
        "valueString" : "2023+"
      }],
      "url" : "http://hl7.org/fhir/tools/StructureDefinition/ig-parameter"
    },
    {
      "extension" : [{
        "url" : "code",
        "valueString" : "releaselabel"
      },
      {
        "url" : "value",
        "valueString" : "draft"
      }],
      "url" : "http://hl7.org/fhir/tools/StructureDefinition/ig-parameter"
    },
    {
      "extension" : [{
        "url" : "code",
        "valueString" : "allow-extensible-warnings"
      },
      {
        "url" : "value",
        "valueString" : "true"
      }],
      "url" : "http://hl7.org/fhir/tools/StructureDefinition/ig-parameter"
    },
    {
      "extension" : [{
        "url" : "code",
        "valueString" : "display-warnings"
      },
      {
        "url" : "value",
        "valueString" : "true"
      }],
      "url" : "http://hl7.org/fhir/tools/StructureDefinition/ig-parameter"
    },
    {
      "extension" : [{
        "url" : "code",
        "valueString" : "no-narrative"
      },
      {
        "url" : "value",
        "valueString" : "Bundle/*"
      }],
      "url" : "http://hl7.org/fhir/tools/StructureDefinition/ig-parameter"
    },
    {
      "extension" : [{
        "url" : "code",
        "valueString" : "no-narrative"
      },
      {
        "url" : "value",
        "valueString" : "DocumentReference/*"
      }],
      "url" : "http://hl7.org/fhir/tools/StructureDefinition/ig-parameter"
    },
    {
      "extension" : [{
        "url" : "code",
        "valueString" : "excludettl"
      },
      {
        "url" : "value",
        "valueString" : "true"
      }],
      "url" : "http://hl7.org/fhir/tools/StructureDefinition/ig-parameter"
    },
    {
      "extension" : [{
        "url" : "code",
        "valueString" : "autoload-resources"
      },
      {
        "url" : "value",
        "valueString" : "true"
      }],
      "url" : "http://hl7.org/fhir/tools/StructureDefinition/ig-parameter"
    },
    {
      "extension" : [{
        "url" : "code",
        "valueString" : "path-liquid"
      },
      {
        "url" : "value",
        "valueString" : "template/liquid"
      }],
      "url" : "http://hl7.org/fhir/tools/StructureDefinition/ig-parameter"
    },
    {
      "extension" : [{
        "url" : "code",
        "valueString" : "path-liquid"
      },
      {
        "url" : "value",
        "valueString" : "input/liquid"
      }],
      "url" : "http://hl7.org/fhir/tools/StructureDefinition/ig-parameter"
    },
    {
      "extension" : [{
        "url" : "code",
        "valueString" : "path-qa"
      },
      {
        "url" : "value",
        "valueString" : "temp/qa"
      }],
      "url" : "http://hl7.org/fhir/tools/StructureDefinition/ig-parameter"
    },
    {
      "extension" : [{
        "url" : "code",
        "valueString" : "path-temp"
      },
      {
        "url" : "value",
        "valueString" : "temp/pages"
      }],
      "url" : "http://hl7.org/fhir/tools/StructureDefinition/ig-parameter"
    },
    {
      "extension" : [{
        "url" : "code",
        "valueString" : "path-output"
      },
      {
        "url" : "value",
        "valueString" : "output"
      }],
      "url" : "http://hl7.org/fhir/tools/StructureDefinition/ig-parameter"
    },
    {
      "extension" : [{
        "url" : "code",
        "valueString" : "path-suppressed-warnings"
      },
      {
        "url" : "value",
        "valueString" : "input/ignoreWarnings.txt"
      }],
      "url" : "http://hl7.org/fhir/tools/StructureDefinition/ig-parameter"
    },
    {
      "extension" : [{
        "url" : "code",
        "valueString" : "path-history"
      },
      {
        "url" : "value",
        "valueString" : "http://fhir.ch/ig/ch-elm/history.html"
      }],
      "url" : "http://hl7.org/fhir/tools/StructureDefinition/ig-parameter"
    },
    {
      "extension" : [{
        "url" : "code",
        "valueString" : "template-html"
      },
      {
        "url" : "value",
        "valueString" : "template-page.html"
      }],
      "url" : "http://hl7.org/fhir/tools/StructureDefinition/ig-parameter"
    },
    {
      "extension" : [{
        "url" : "code",
        "valueString" : "template-md"
      },
      {
        "url" : "value",
        "valueString" : "template-page-md.html"
      }],
      "url" : "http://hl7.org/fhir/tools/StructureDefinition/ig-parameter"
    },
    {
      "extension" : [{
        "url" : "code",
        "valueString" : "apply-contact"
      },
      {
        "url" : "value",
        "valueString" : "true"
      }],
      "url" : "http://hl7.org/fhir/tools/StructureDefinition/ig-parameter"
    },
    {
      "extension" : [{
        "url" : "code",
        "valueString" : "apply-context"
      },
      {
        "url" : "value",
        "valueString" : "true"
      }],
      "url" : "http://hl7.org/fhir/tools/StructureDefinition/ig-parameter"
    },
    {
      "extension" : [{
        "url" : "code",
        "valueString" : "apply-copyright"
      },
      {
        "url" : "value",
        "valueString" : "true"
      }],
      "url" : "http://hl7.org/fhir/tools/StructureDefinition/ig-parameter"
    },
    {
      "extension" : [{
        "url" : "code",
        "valueString" : "apply-jurisdiction"
      },
      {
        "url" : "value",
        "valueString" : "true"
      }],
      "url" : "http://hl7.org/fhir/tools/StructureDefinition/ig-parameter"
    },
    {
      "extension" : [{
        "url" : "code",
        "valueString" : "apply-license"
      },
      {
        "url" : "value",
        "valueString" : "true"
      }],
      "url" : "http://hl7.org/fhir/tools/StructureDefinition/ig-parameter"
    },
    {
      "extension" : [{
        "url" : "code",
        "valueString" : "apply-publisher"
      },
      {
        "url" : "value",
        "valueString" : "true"
      }],
      "url" : "http://hl7.org/fhir/tools/StructureDefinition/ig-parameter"
    },
    {
      "extension" : [{
        "url" : "code",
        "valueString" : "apply-version"
      },
      {
        "url" : "value",
        "valueString" : "true"
      }],
      "url" : "http://hl7.org/fhir/tools/StructureDefinition/ig-parameter"
    },
    {
      "extension" : [{
        "url" : "code",
        "valueString" : "apply-wg"
      },
      {
        "url" : "value",
        "valueString" : "true"
      }],
      "url" : "http://hl7.org/fhir/tools/StructureDefinition/ig-parameter"
    },
    {
      "extension" : [{
        "url" : "code",
        "valueString" : "active-tables"
      },
      {
        "url" : "value",
        "valueString" : "true"
      }],
      "url" : "http://hl7.org/fhir/tools/StructureDefinition/ig-parameter"
    },
    {
      "extension" : [{
        "url" : "code",
        "valueString" : "fmm-definition"
      },
      {
        "url" : "value",
        "valueString" : "http://hl7.org/fhir/versions.html#maturity"
      }],
      "url" : "http://hl7.org/fhir/tools/StructureDefinition/ig-parameter"
    },
    {
      "extension" : [{
        "url" : "code",
        "valueString" : "propagate-status"
      },
      {
        "url" : "value",
        "valueString" : "true"
      }],
      "url" : "http://hl7.org/fhir/tools/StructureDefinition/ig-parameter"
    },
    {
      "extension" : [{
        "url" : "code",
        "valueString" : "excludelogbinaryformat"
      },
      {
        "url" : "value",
        "valueString" : "true"
      }],
      "url" : "http://hl7.org/fhir/tools/StructureDefinition/ig-parameter"
    },
    {
      "extension" : [{
        "url" : "code",
        "valueString" : "tabbed-snapshots"
      },
      {
        "url" : "value",
        "valueString" : "true"
      }],
      "url" : "http://hl7.org/fhir/tools/StructureDefinition/ig-parameter"
    },
    {
      "url" : "http://hl7.org/fhir/tools/StructureDefinition/ig-internal-dependency",
      "valueCode" : "hl7.fhir.uv.tools#0.1.0"
    },
    {
      "extension" : [{
        "url" : "code",
        "valueCode" : "copyrightyear"
      },
      {
        "url" : "value",
        "valueString" : "2023+"
      }],
      "url" : "http://hl7.org/fhir/tools/StructureDefinition/ig-parameter"
    },
    {
      "extension" : [{
        "url" : "code",
        "valueCode" : "releaselabel"
      },
      {
        "url" : "value",
        "valueString" : "draft"
      }],
      "url" : "http://hl7.org/fhir/tools/StructureDefinition/ig-parameter"
    },
    {
      "extension" : [{
        "url" : "code",
        "valueCode" : "allow-extensible-warnings"
      },
      {
        "url" : "value",
        "valueString" : "true"
      }],
      "url" : "http://hl7.org/fhir/tools/StructureDefinition/ig-parameter"
    },
    {
      "extension" : [{
        "url" : "code",
        "valueCode" : "display-warnings"
      },
      {
        "url" : "value",
        "valueString" : "true"
      }],
      "url" : "http://hl7.org/fhir/tools/StructureDefinition/ig-parameter"
    },
    {
      "extension" : [{
        "url" : "code",
        "valueCode" : "no-narrative"
      },
      {
        "url" : "value",
        "valueString" : "Bundle/*"
      }],
      "url" : "http://hl7.org/fhir/tools/StructureDefinition/ig-parameter"
    },
    {
      "extension" : [{
        "url" : "code",
        "valueCode" : "no-narrative"
      },
      {
        "url" : "value",
        "valueString" : "DocumentReference/*"
      }],
      "url" : "http://hl7.org/fhir/tools/StructureDefinition/ig-parameter"
    },
    {
      "extension" : [{
        "url" : "code",
        "valueCode" : "excludettl"
      },
      {
        "url" : "value",
        "valueString" : "true"
      }],
      "url" : "http://hl7.org/fhir/tools/StructureDefinition/ig-parameter"
    },
    {
      "extension" : [{
        "url" : "code",
        "valueCode" : "autoload-resources"
      },
      {
        "url" : "value",
        "valueString" : "true"
      }],
      "url" : "http://hl7.org/fhir/tools/StructureDefinition/ig-parameter"
    },
    {
      "extension" : [{
        "url" : "code",
        "valueCode" : "path-liquid"
      },
      {
        "url" : "value",
        "valueString" : "template/liquid"
      }],
      "url" : "http://hl7.org/fhir/tools/StructureDefinition/ig-parameter"
    },
    {
      "extension" : [{
        "url" : "code",
        "valueCode" : "path-liquid"
      },
      {
        "url" : "value",
        "valueString" : "input/liquid"
      }],
      "url" : "http://hl7.org/fhir/tools/StructureDefinition/ig-parameter"
    },
    {
      "extension" : [{
        "url" : "code",
        "valueCode" : "path-qa"
      },
      {
        "url" : "value",
        "valueString" : "temp/qa"
      }],
      "url" : "http://hl7.org/fhir/tools/StructureDefinition/ig-parameter"
    },
    {
      "extension" : [{
        "url" : "code",
        "valueCode" : "path-temp"
      },
      {
        "url" : "value",
        "valueString" : "temp/pages"
      }],
      "url" : "http://hl7.org/fhir/tools/StructureDefinition/ig-parameter"
    },
    {
      "extension" : [{
        "url" : "code",
        "valueCode" : "path-output"
      },
      {
        "url" : "value",
        "valueString" : "output"
      }],
      "url" : "http://hl7.org/fhir/tools/StructureDefinition/ig-parameter"
    },
    {
      "extension" : [{
        "url" : "code",
        "valueCode" : "path-suppressed-warnings"
      },
      {
        "url" : "value",
        "valueString" : "input/ignoreWarnings.txt"
      }],
      "url" : "http://hl7.org/fhir/tools/StructureDefinition/ig-parameter"
    },
    {
      "extension" : [{
        "url" : "code",
        "valueCode" : "path-history"
      },
      {
        "url" : "value",
        "valueString" : "http://fhir.ch/ig/ch-elm/history.html"
      }],
      "url" : "http://hl7.org/fhir/tools/StructureDefinition/ig-parameter"
    },
    {
      "extension" : [{
        "url" : "code",
        "valueCode" : "template-html"
      },
      {
        "url" : "value",
        "valueString" : "template-page.html"
      }],
      "url" : "http://hl7.org/fhir/tools/StructureDefinition/ig-parameter"
    },
    {
      "extension" : [{
        "url" : "code",
        "valueCode" : "template-md"
      },
      {
        "url" : "value",
        "valueString" : "template-page-md.html"
      }],
      "url" : "http://hl7.org/fhir/tools/StructureDefinition/ig-parameter"
    },
    {
      "extension" : [{
        "url" : "code",
        "valueCode" : "apply-contact"
      },
      {
        "url" : "value",
        "valueString" : "true"
      }],
      "url" : "http://hl7.org/fhir/tools/StructureDefinition/ig-parameter"
    },
    {
      "extension" : [{
        "url" : "code",
        "valueCode" : "apply-context"
      },
      {
        "url" : "value",
        "valueString" : "true"
      }],
      "url" : "http://hl7.org/fhir/tools/StructureDefinition/ig-parameter"
    },
    {
      "extension" : [{
        "url" : "code",
        "valueCode" : "apply-copyright"
      },
      {
        "url" : "value",
        "valueString" : "true"
      }],
      "url" : "http://hl7.org/fhir/tools/StructureDefinition/ig-parameter"
    },
    {
      "extension" : [{
        "url" : "code",
        "valueCode" : "apply-jurisdiction"
      },
      {
        "url" : "value",
        "valueString" : "true"
      }],
      "url" : "http://hl7.org/fhir/tools/StructureDefinition/ig-parameter"
    },
    {
      "extension" : [{
        "url" : "code",
        "valueCode" : "apply-license"
      },
      {
        "url" : "value",
        "valueString" : "true"
      }],
      "url" : "http://hl7.org/fhir/tools/StructureDefinition/ig-parameter"
    },
    {
      "extension" : [{
        "url" : "code",
        "valueCode" : "apply-publisher"
      },
      {
        "url" : "value",
        "valueString" : "true"
      }],
      "url" : "http://hl7.org/fhir/tools/StructureDefinition/ig-parameter"
    },
    {
      "extension" : [{
        "url" : "code",
        "valueCode" : "apply-version"
      },
      {
        "url" : "value",
        "valueString" : "true"
      }],
      "url" : "http://hl7.org/fhir/tools/StructureDefinition/ig-parameter"
    },
    {
      "extension" : [{
        "url" : "code",
        "valueCode" : "apply-wg"
      },
      {
        "url" : "value",
        "valueString" : "true"
      }],
      "url" : "http://hl7.org/fhir/tools/StructureDefinition/ig-parameter"
    },
    {
      "extension" : [{
        "url" : "code",
        "valueCode" : "active-tables"
      },
      {
        "url" : "value",
        "valueString" : "true"
      }],
      "url" : "http://hl7.org/fhir/tools/StructureDefinition/ig-parameter"
    },
    {
      "extension" : [{
        "url" : "code",
        "valueCode" : "fmm-definition"
      },
      {
        "url" : "value",
        "valueString" : "http://hl7.org/fhir/versions.html#maturity"
      }],
      "url" : "http://hl7.org/fhir/tools/StructureDefinition/ig-parameter"
    },
    {
      "extension" : [{
        "url" : "code",
        "valueCode" : "propagate-status"
      },
      {
        "url" : "value",
        "valueString" : "true"
      }],
      "url" : "http://hl7.org/fhir/tools/StructureDefinition/ig-parameter"
    },
    {
      "extension" : [{
        "url" : "code",
        "valueCode" : "excludelogbinaryformat"
      },
      {
        "url" : "value",
        "valueString" : "true"
      }],
      "url" : "http://hl7.org/fhir/tools/StructureDefinition/ig-parameter"
    },
    {
      "extension" : [{
        "url" : "code",
        "valueCode" : "tabbed-snapshots"
      },
      {
        "url" : "value",
        "valueString" : "true"
      }],
      "url" : "http://hl7.org/fhir/tools/StructureDefinition/ig-parameter"
    }],
    "resource" : [{
      "extension" : [{
        "url" : "http://hl7.org/fhir/tools/StructureDefinition/resource-information",
        "valueString" : "Composition"
      }],
      "reference" : {
        "reference" : "Composition/1bComp-NeisseriaGonorrhoeae"
      },
      "name" : "1bComp - Neisseria Gonorrhoeae",
      "description" : "Example for a CH ELM Composition: Laboratory Report",
      "exampleCanonical" : "http://fhir.ch/ig/ch-elm/StructureDefinition/ch-elm-composition"
    },
    {
      "extension" : [{
        "url" : "http://hl7.org/fhir/tools/StructureDefinition/resource-information",
        "valueString" : "Bundle"
      }],
      "reference" : {
        "reference" : "Bundle/1bDoc-NeisseriaGonorrhoeae"
      },
      "name" : "1bDoc - Neisseria Gonorrhoeae",
      "description" : "Example for a CH ELM Document: Laboratory Report (where the 'Lab' is NOT the same as the 'Author' -> Broker Scenario)",
      "exampleCanonical" : "http://fhir.ch/ig/ch-elm/StructureDefinition/ch-elm-document-strict"
    },
    {
      "extension" : [{
        "url" : "http://hl7.org/fhir/tools/StructureDefinition/resource-information",
        "valueString" : "DiagnosticReport"
      }],
      "reference" : {
        "reference" : "DiagnosticReport/1bDR-NeisseriaGonorrhoeae"
      },
      "name" : "1bDR - Neisseria Gonorrhoeae",
      "description" : "Example for a CH ELM DiagnosticReport: Laboratory Report",
      "exampleCanonical" : "http://fhir.ch/ig/ch-elm/StructureDefinition/ch-elm-diagnosticreport"
    },
    {
      "extension" : [{
        "url" : "http://hl7.org/fhir/tools/StructureDefinition/resource-information",
        "valueString" : "Observation"
      }],
      "reference" : {
        "reference" : "Observation/1bObs-NeisseriaGonorrhoeae"
      },
      "name" : "1bObs - Neisseria Gonorrhoeae",
      "description" : "Example for a CH ELM Observation Results: Laboratory",
      "exampleCanonical" : "http://fhir.ch/ig/ch-elm/StructureDefinition/ch-elm-observation-results-laboratory-strict"
    },
    {
      "extension" : [{
        "url" : "http://hl7.org/fhir/tools/StructureDefinition/resource-information",
        "valueString" : "Organization"
      }],
      "reference" : {
        "reference" : "Organization/1bOrg-Broker"
      },
      "name" : "1bOrg - Broker",
      "description" : "Example for a CH ELM Organization: Author",
      "exampleCanonical" : "http://fhir.ch/ig/ch-elm/StructureDefinition/ch-elm-organization-author"
    },
    {
      "extension" : [{
        "url" : "http://hl7.org/fhir/tools/StructureDefinition/resource-information",
        "valueString" : "Organization"
      }],
      "reference" : {
        "reference" : "Organization/1bOrg-Labor"
      },
      "name" : "1bOrg - Labor",
      "description" : "Example for a CH ELM Organization: Lab",
      "exampleCanonical" : "http://fhir.ch/ig/ch-elm/StructureDefinition/ch-elm-organization-lab"
    },
    {
      "extension" : [{
        "url" : "http://hl7.org/fhir/tools/StructureDefinition/resource-information",
        "valueString" : "Specimen"
      }],
      "reference" : {
        "reference" : "Specimen/1bSpec-Specimen"
      },
      "name" : "1bSpec - Neisseria Gonorrhoeae",
      "description" : "Example for a CH ELM Specimen: Laboratory",
      "exampleCanonical" : "http://fhir.ch/ig/ch-elm/StructureDefinition/ch-elm-specimen"
    },
    {
      "extension" : [{
        "url" : "http://hl7.org/fhir/tools/StructureDefinition/resource-information",
        "valueString" : "ServiceRequest"
      }],
      "reference" : {
        "reference" : "ServiceRequest/1bSR-Order"
      },
      "name" : "1bSR - Order",
      "description" : "Example for a CH ELM ServiceRequest: Laboratory Order",
      "exampleCanonical" : "http://fhir.ch/ig/ch-elm/StructureDefinition/ch-elm-servicerequest-laboratory-order"
    },
    {
      "extension" : [{
        "url" : "http://hl7.org/fhir/tools/StructureDefinition/resource-information",
        "valueString" : "Composition"
      }],
      "reference" : {
        "reference" : "Composition/1Comp-NeisseriaGonorrhoeae"
      },
      "name" : "1Comp - Neisseria Gonorrhoeae",
      "description" : "Example for a CH ELM Composition: Laboratory Report",
      "exampleCanonical" : "http://fhir.ch/ig/ch-elm/StructureDefinition/ch-elm-composition"
    },
    {
      "extension" : [{
        "url" : "http://hl7.org/fhir/tools/StructureDefinition/resource-information",
        "valueString" : "Bundle"
      }],
      "reference" : {
        "reference" : "Bundle/1Doc-NeisseriaGonorrhoeae"
      },
      "name" : "1Doc - Neisseria Gonorrhoeae",
      "description" : "Example for a CH ELM Document: Laboratory Report (where the 'Lab' is the same as the 'Author')",
      "exampleCanonical" : "http://fhir.ch/ig/ch-elm/StructureDefinition/ch-elm-document-strict"
    },
    {
      "extension" : [{
        "url" : "http://hl7.org/fhir/tools/StructureDefinition/resource-information",
        "valueString" : "DiagnosticReport"
      }],
      "reference" : {
        "reference" : "DiagnosticReport/1DR-NeisseriaGonorrhoeae"
      },
      "name" : "1DR - Neisseria Gonorrhoeae",
      "description" : "Example for a CH ELM DiagnosticReport: Laboratory Report",
      "exampleCanonical" : "http://fhir.ch/ig/ch-elm/StructureDefinition/ch-elm-diagnosticreport"
    },
    {
      "extension" : [{
        "url" : "http://hl7.org/fhir/tools/StructureDefinition/resource-information",
        "valueString" : "Observation"
      }],
      "reference" : {
        "reference" : "Observation/1Obs-NeisseriaGonorrhoeae"
      },
      "name" : "1Obs - Neisseria Gonorrhoeae",
      "description" : "Example for a CH ELM Observation Results: Laboratory",
      "exampleCanonical" : "http://fhir.ch/ig/ch-elm/StructureDefinition/ch-elm-observation-results-laboratory-strict"
    },
    {
      "extension" : [{
        "url" : "http://hl7.org/fhir/tools/StructureDefinition/resource-information",
        "valueString" : "Organization"
      }],
      "reference" : {
        "reference" : "Organization/1Org-KsAbc"
      },
      "name" : "1Org - Kantonsspital ABC",
      "description" : "Example for a CH ELM Organization: Orderer",
      "exampleCanonical" : "http://fhir.ch/ig/ch-elm/StructureDefinition/ch-elm-organization-orderer"
    },
    {
      "extension" : [{
        "url" : "http://hl7.org/fhir/tools/StructureDefinition/resource-information",
        "valueString" : "Organization"
      }],
      "reference" : {
        "reference" : "Organization/1Org-Labor"
      },
      "name" : "1Org - Labor",
      "description" : "Example for a CH ELM Organization: Lab and Author",
      "exampleCanonical" : "http://fhir.ch/ig/ch-elm/StructureDefinition/ch-elm-organization-lab"
    },
    {
      "extension" : [{
        "url" : "http://hl7.org/fhir/tools/StructureDefinition/resource-information",
        "valueString" : "Patient"
      }],
      "reference" : {
        "reference" : "Patient/1Pat-DM"
      },
      "name" : "1Pat - DM",
      "description" : "Example for a CH ELM Patient (only with initials)",
      "exampleCanonical" : "http://fhir.ch/ig/ch-elm/StructureDefinition/ch-elm-patient"
    },
    {
      "extension" : [{
        "url" : "http://hl7.org/fhir/tools/StructureDefinition/resource-information",
        "valueString" : "PractitionerRole"
      }],
      "reference" : {
        "reference" : "PractitionerRole/1PR-KsAbc"
      },
      "name" : "1PR - Monika Giacometti @ Kantonsspital ABC",
      "description" : "Example for a CH ELM PractitionerRole: Orderer",
      "exampleCanonical" : "http://fhir.ch/ig/ch-elm/StructureDefinition/ch-elm-practitionerrole-orderer"
    },
    {
      "extension" : [{
        "url" : "http://hl7.org/fhir/tools/StructureDefinition/resource-information",
        "valueString" : "Practitioner"
      }],
      "reference" : {
        "reference" : "Practitioner/1Pract-KsAbc"
      },
      "name" : "1Pract - Monika Giacometti",
      "description" : "Example for a CH ELM Practitioner: Orderer",
      "exampleCanonical" : "http://fhir.ch/ig/ch-elm/StructureDefinition/ch-elm-practitioner-orderer"
    },
    {
      "extension" : [{
        "url" : "http://hl7.org/fhir/tools/StructureDefinition/resource-information",
        "valueString" : "Specimen"
      }],
      "reference" : {
        "reference" : "Specimen/1Spec-Specimen"
      },
      "name" : "1Spec - Neisseria Gonorrhoeae",
      "description" : "Example for a CH ELM Specimen: Laboratory",
      "exampleCanonical" : "http://fhir.ch/ig/ch-elm/StructureDefinition/ch-elm-specimen"
    },
    {
      "extension" : [{
        "url" : "http://hl7.org/fhir/tools/StructureDefinition/resource-information",
        "valueString" : "ServiceRequest"
      }],
      "reference" : {
        "reference" : "ServiceRequest/1SR-Order"
      },
      "name" : "1SR - Order",
      "description" : "Example for a CH ELM ServiceRequest: Laboratory Order",
      "exampleCanonical" : "http://fhir.ch/ig/ch-elm/StructureDefinition/ch-elm-servicerequest-laboratory-order"
    },
    {
      "extension" : [{
        "url" : "http://hl7.org/fhir/tools/StructureDefinition/resource-information",
        "valueString" : "Bundle"
      }],
      "reference" : {
        "reference" : "Bundle/2Doc-ChlamydiaTrachomatis"
      },
      "name" : "2Doc - Chlamydia Trachomatis",
      "description" : "Example for a CH ELM Document: Laboratory Report (collection material in addition to the leading LOINC code, with references/fullUrls as UUIDs)",
      "exampleCanonical" : "http://fhir.ch/ig/ch-elm/StructureDefinition/ch-elm-document-strict"
    },
    {
      "extension" : [{
        "url" : "http://hl7.org/fhir/tools/StructureDefinition/resource-information",
        "valueString" : "Bundle"
      }],
      "reference" : {
        "reference" : "Bundle/3Doc-CPE"
      },
      "name" : "3Doc - Carbapenemase-producing Enterobacteriaceae (CPE)",
      "description" : "Example for a CH ELM Document: Laboratory Report (organism in addition to the leading LOINC code)",
      "exampleCanonical" : "http://fhir.ch/ig/ch-elm/StructureDefinition/ch-elm-document-strict"
    },
    {
      "extension" : [{
        "url" : "http://hl7.org/fhir/tools/StructureDefinition/resource-information",
        "valueString" : "Bundle"
      }],
      "reference" : {
        "reference" : "Bundle/4Doc-Campylobacter"
      },
      "name" : "4Doc - Campylobacter spp.",
      "description" : "Example for a CH ELM Document: Laboratory Report",
      "exampleCanonical" : "http://fhir.ch/ig/ch-elm/StructureDefinition/ch-elm-document-strict"
    },
    {
      "extension" : [{
        "url" : "http://hl7.org/fhir/tools/StructureDefinition/resource-information",
        "valueString" : "Bundle"
      }],
      "reference" : {
        "reference" : "Bundle/5Doc-TreponemaPallidum"
      },
      "name" : "5Doc - Treponema pallidum",
      "description" : "Example for a CH ELM Document: Laboratory Report (SNOMED CT as leading code)",
      "exampleCanonical" : "http://fhir.ch/ig/ch-elm/StructureDefinition/ch-elm-document-strict"
    },
    {
      "extension" : [{
        "url" : "http://hl7.org/fhir/tools/StructureDefinition/resource-information",
        "valueString" : "Bundle"
      }],
      "reference" : {
        "reference" : "Bundle/6Doc-Influenza"
      },
      "name" : "6Doc - Influenza",
      "description" : "Example for a CH ELM Document: Laboratory Report",
      "exampleCanonical" : "http://fhir.ch/ig/ch-elm/StructureDefinition/ch-elm-document-strict"
    },
    {
      "extension" : [{
        "url" : "http://hl7.org/fhir/tools/StructureDefinition/resource-information",
        "valueString" : "Bundle"
      }],
      "reference" : {
        "reference" : "Bundle/7Doc-SARSCoV2"
      },
      "name" : "7Doc - SARS-CoV-2",
      "description" : "Example for a CH ELM Document: Laboratory Report (document in French, patient with full name)",
      "exampleCanonical" : "http://fhir.ch/ig/ch-elm/StructureDefinition/ch-elm-document-strict"
    },
    {
      "extension" : [{
        "url" : "http://hl7.org/fhir/tools/StructureDefinition/resource-information",
        "valueString" : "StructureDefinition:complex-type"
      }],
      "reference" : {
        "reference" : "StructureDefinition/ch-elm-codeableconcept"
      },
      "name" : "CH ELM CodeableConcept",
      "description" : "This profile represents the constraint applied to the CodeableConcept data type by this IG to use the 'CH ELM CodeableConcept' data type profile.",
      "exampleBoolean" : false
    },
    {
      "extension" : [{
        "url" : "http://hl7.org/fhir/tools/StructureDefinition/resource-information",
        "valueString" : "StructureDefinition:complex-type"
      }],
      "reference" : {
        "reference" : "StructureDefinition/ch-elm-coding"
      },
      "name" : "CH ELM Coding",
      "description" : "This profile represents the constraints applied to the Coding data type by this IG used in the 'CH ELM Coding' data type profile.",
      "exampleBoolean" : false
    },
    {
      "extension" : [{
        "url" : "http://hl7.org/fhir/tools/StructureDefinition/resource-information",
        "valueString" : "StructureDefinition:resource"
      }],
      "reference" : {
        "reference" : "StructureDefinition/ch-elm-composition"
      },
      "name" : "CH ELM Composition: Laboratory Report",
      "description" : "This CH ELM base profile constrains the Composition resource for the purpose of laboratory test reports.",
      "exampleBoolean" : false
    },
    {
      "extension" : [{
        "url" : "http://hl7.org/fhir/tools/StructureDefinition/resource-information",
        "valueString" : "StructureDefinition:resource"
      }],
      "reference" : {
        "reference" : "StructureDefinition/ch-elm-diagnosticreport"
      },
      "name" : "CH ELM DiagnosticReport: Laboratory Report",
      "description" : "This CH ELM base profile constrains the DiagnosticReport resource for the purpose of laboratory test reports.",
      "exampleBoolean" : false
    },
    {
      "extension" : [{
        "url" : "http://hl7.org/fhir/tools/StructureDefinition/resource-information",
        "valueString" : "StructureDefinition:resource"
      }],
      "reference" : {
        "reference" : "StructureDefinition/ch-elm-document"
      },
      "name" : "CH ELM Document: Laboratory Report",
      "description" : "This CH ELM base profile constrains the Bundle resource for the purpose of laboratory test reports.",
      "exampleBoolean" : false
    },
    {
      "extension" : [{
        "url" : "http://hl7.org/fhir/tools/StructureDefinition/resource-information",
        "valueString" : "StructureDefinition:resource"
      }],
      "reference" : {
        "reference" : "StructureDefinition/ch-elm-document-strict"
      },
      "name" : "CH ELM Document: Laboratory Report (strict)",
      "description" : "CH ELM profile for the Bundle resource with a stricter validation mechanism than the base profile via binding strength reinforcement for the leading code element and checking patient name requirements if possible.",
      "exampleBoolean" : false
    },
    {
      "extension" : [{
        "url" : "http://hl7.org/fhir/tools/StructureDefinition/resource-information",
        "valueString" : "ValueSet"
      }],
      "reference" : {
        "reference" : "ValueSet/ch-elm-expecting-organism-specification"
      },
      "name" : "CH ELM Expecting Organism Specification",
      "description" : "This CH ELM value set includes the leading codes for the laboratory test results, which have to be completed by another code for the expecting organism.",
      "exampleBoolean" : false
    },
    {
      "extension" : [{
        "url" : "http://hl7.org/fhir/tools/StructureDefinition/resource-information",
        "valueString" : "ConceptMap"
      }],
      "reference" : {
        "reference" : "ConceptMap/ch-elm-expecting-organism-specification-to-results-completion-vs"
      },
      "name" : "CH ELM Expecting Organism Specification To Results Completion Vs",
      "description" : "This CH ELM concept map shows which leading codes have to be completed by an additional code. The target code shows the URL of the value set from which the completing codes for the expecting specimen must come from.",
      "exampleBoolean" : false
    },
    {
      "extension" : [{
        "url" : "http://hl7.org/fhir/tools/StructureDefinition/resource-information",
        "valueString" : "ValueSet"
      }],
      "reference" : {
        "reference" : "ValueSet/ch-elm-expecting-specimen-specification"
      },
      "name" : "CH ELM Expecting Specimen Specification",
      "description" : "This CH ELM value set includes the leading codes for the laboratory test results, which have to be completed by another code for the expecting specimen.",
      "exampleBoolean" : false
    },
    {
      "extension" : [{
        "url" : "http://hl7.org/fhir/tools/StructureDefinition/resource-information",
        "valueString" : "ConceptMap"
      }],
      "reference" : {
        "reference" : "ConceptMap/ch-elm-expecting-specimen-specification-to-results-completion-vs"
      },
      "name" : "CH ELM Expecting Specimen Specification To Results Completion Vs",
      "description" : "This CH ELM concept map shows which leading codes have to be completed by an additional code. The target code shows the URL of the value set from which the completing codes for the expecting specimen must come from.",
      "exampleBoolean" : false
    },
    {
      "extension" : [{
        "url" : "http://hl7.org/fhir/tools/StructureDefinition/resource-information",
        "valueString" : "StructureDefinition:extension"
      }],
      "reference" : {
        "reference" : "StructureDefinition/ch-elm-ext-department"
      },
      "name" : "CH ELM Extension: Department",
      "description" : "This CH ELM extension enables the representation of a department (name) of an organization directly in the resource Organization itself.",
      "exampleBoolean" : false
    },
    {
      "extension" : [{
        "url" : "http://hl7.org/fhir/tools/StructureDefinition/resource-information",
        "valueString" : "CodeSystem"
      }],
      "reference" : {
        "reference" : "CodeSystem/ch-elm-foph-business-rules"
      },
      "name" : "CH ELM Foph Business Rules",
      "description" : "This CH ELM code system describes specific business rules of the FOPH, which are applied during processing. Please note that the set of rules detailed herein only covers processes explicitly declared by the FOPH. Additional rules, not included in this code system, are applied by the FHIR validation logic, resulting in further codes. For more information about these additional codes, consult the official FHIR documentation and the implementation guideline.",
      "exampleBoolean" : false
    },
    {
      "extension" : [{
        "url" : "http://hl7.org/fhir/tools/StructureDefinition/resource-information",
        "valueString" : "CodeSystem"
      }],
      "reference" : {
        "reference" : "CodeSystem/ch-elm-foph-patient-name-representation"
      },
      "name" : "CH ELM FOPH Patient Name Representation",
      "description" : "This CH ELM resource defines the codes which identify possible patient name schemas to be used.",
      "exampleBoolean" : false
    },
    {
      "extension" : [{
        "url" : "http://hl7.org/fhir/tools/StructureDefinition/resource-information",
        "valueString" : "ValueSet"
      }],
      "reference" : {
        "reference" : "ValueSet/ch-elm-foph-patient-name-representation"
      },
      "name" : "CH ELM FOPH Patient Name Representation",
      "description" : "This CH ELM resource defines the codes which identify possible patient name schemas to be used.",
      "exampleBoolean" : false
    },
    {
      "extension" : [{
        "url" : "http://hl7.org/fhir/tools/StructureDefinition/resource-information",
        "valueString" : "ValueSet"
      }],
      "reference" : {
        "reference" : "ValueSet/ch-elm-interpretation-codes-pos"
      },
      "name" : "CH ELM Interpretation Codes Positive",
      "description" : "This CH ELM value set includes the code for positive interpretation code.",
      "exampleBoolean" : false
    },
    {
      "extension" : [{
        "url" : "http://hl7.org/fhir/tools/StructureDefinition/resource-information",
        "valueString" : "ValueSet"
      }],
      "reference" : {
        "reference" : "ValueSet/ch-elm-interpretation-codes-pos-neg"
      },
      "name" : "CH ELM Interpretation Codes Positive and Negative",
      "description" : "This CH ELM value set includes the code for positive and negative interpretation codes.",
      "exampleBoolean" : false
    },
    {
      "extension" : [{
        "url" : "http://hl7.org/fhir/tools/StructureDefinition/resource-information",
        "valueString" : "ValueSet"
      }],
      "reference" : {
        "reference" : "ValueSet/ch-elm-interpretation-codes-res-sus"
      },
      "name" : "CH ELM Interpretation Codes Resistant and Susceptible",
      "description" : "This CH ELM value set includes the code for resistant and susceptible interpretation codes.",
      "exampleBoolean" : false
    },
    {
      "extension" : [{
        "url" : "http://hl7.org/fhir/tools/StructureDefinition/resource-information",
        "valueString" : "CodeSystem"
      }],
      "reference" : {
        "reference" : "CodeSystem/ch-elm-interpretation-codes-vs"
      },
      "name" : "CH ELM Interpretation Codes Vs",
      "description" : "This CH ELM code system defines the value set URLs as Interpretation Codes to map in the concept maps the leading codes.",
      "exampleBoolean" : false
    },
    {
      "extension" : [{
        "url" : "http://hl7.org/fhir/tools/StructureDefinition/resource-information",
        "valueString" : "ValueSet"
      }],
      "reference" : {
        "reference" : "ValueSet/ch-elm-interpretation-codes-vs"
      },
      "name" : "CH ELM Interpretation Codes Vs",
      "description" : "This CH ELM value set includes the value set URLs as interpretation codes to map in the concept maps the leading codes.",
      "exampleBoolean" : false
    },
    {
      "extension" : [{
        "url" : "http://hl7.org/fhir/tools/StructureDefinition/resource-information",
        "valueString" : "ValueSet"
      }],
      "reference" : {
        "reference" : "ValueSet/ch-elm-lab-study-types"
      },
      "name" : "CH ELM Lab Study Types",
      "description" : "This CH ELM value set includes the codes for the laboratory specialties.",
      "exampleBoolean" : false
    },
    {
      "extension" : [{
        "url" : "http://hl7.org/fhir/tools/StructureDefinition/resource-information",
        "valueString" : "StructureDefinition:logical"
      }],
      "reference" : {
        "reference" : "StructureDefinition/LaboratoryReport"
      },
      "name" : "CH ELM Laboratory Report",
      "description" : "The logical model represents the CH ELM laboratory report as an abstract data model. This data elements are defined by the ordinance of the Federal Office of Public Health (FOPH) and are then mapped to the FHIR document structure. \n\nCardinalities:\n- The cardinalities in the logical model show the so-called 'best case'. This means that if these data are available, they must be submitted to the FOPH.\n- Since in reality the data is not always available, the CH ELM profiles define which elements are required or optional.\n- See also the concept 'Must Support', which is described on the 'Home' page of this implementation guide",
      "exampleBoolean" : false
    },
    {
      "extension" : [{
        "url" : "http://hl7.org/fhir/tools/StructureDefinition/resource-information",
        "valueString" : "ValueSet"
      }],
      "reference" : {
        "reference" : "ValueSet/ch-elm-observation-interpretation-codes"
      },
      "name" : "CH ELM Observation Interpretation Codes",
      "description" : "This CH ELM value set includes the codes for the qualitative interpretation of the observation values (susceptible/resistant).",
      "exampleBoolean" : false
    },
    {
      "extension" : [{
        "url" : "http://hl7.org/fhir/tools/StructureDefinition/resource-information",
        "valueString" : "StructureDefinition:resource"
      }],
      "reference" : {
        "reference" : "StructureDefinition/ch-elm-observation-results-laboratory"
      },
      "name" : "CH ELM Observation Results: Laboratory",
      "description" : "This CH ELM base profile constrains the Observation resource for the purpose of laboratory test reports.",
      "exampleBoolean" : false
    },
    {
      "extension" : [{
        "url" : "http://hl7.org/fhir/tools/StructureDefinition/resource-information",
        "valueString" : "StructureDefinition:resource"
      }],
      "reference" : {
        "reference" : "StructureDefinition/ch-elm-observation-results-laboratory-strict"
      },
      "name" : "CH ELM Observation Results: Laboratory (strict)",
      "description" : "CH ELM profile for the Observation resource with a stricter validation mechanism than the base profile via binding strength reinforcement for the leading code element.",
      "exampleBoolean" : false
    },
    {
      "extension" : [{
        "url" : "http://hl7.org/fhir/tools/StructureDefinition/resource-information",
        "valueString" : "StructureDefinition:resource"
      }],
      "reference" : {
        "reference" : "StructureDefinition/ch-elm-organization-author"
      },
      "name" : "CH ELM Organization: Author",
      "description" : "This CH ELM base profile constrains the Organization resource for the author of the laboratory report.",
      "exampleBoolean" : false
    },
    {
      "extension" : [{
        "url" : "http://hl7.org/fhir/tools/StructureDefinition/resource-information",
        "valueString" : "StructureDefinition:resource"
      }],
      "reference" : {
        "reference" : "StructureDefinition/ch-elm-organization-lab"
      },
      "name" : "CH ELM Organization: Lab",
      "description" : "This CH ELM base profile constrains the Organization resource for the reporting laboratory.",
      "exampleBoolean" : false
    },
    {
      "extension" : [{
        "url" : "http://hl7.org/fhir/tools/StructureDefinition/resource-information",
        "valueString" : "StructureDefinition:resource"
      }],
      "reference" : {
        "reference" : "StructureDefinition/ch-elm-organization-orderer"
      },
      "name" : "CH ELM Organization: Orderer",
      "description" : "This CH ELM base profile constrains the Organization resource for the orderer.",
      "exampleBoolean" : false
    },
    {
      "extension" : [{
        "url" : "http://hl7.org/fhir/tools/StructureDefinition/resource-information",
        "valueString" : "StructureDefinition:resource"
      }],
      "reference" : {
        "reference" : "StructureDefinition/ch-elm-patient"
      },
      "name" : "CH ELM Patient",
      "description" : "This CH ELM base profile constrains the Patient resource for the purpose of laboratory orders and test reports.",
      "exampleBoolean" : false
    },
    {
      "extension" : [{
        "url" : "http://hl7.org/fhir/tools/StructureDefinition/resource-information",
        "valueString" : "StructureDefinition:resource"
      }],
      "reference" : {
        "reference" : "StructureDefinition/ch-elm-practitioner-orderer"
      },
      "name" : "CH ELM Practitioner: Orderer",
      "description" : "This CH ELM base profile constrains the Practitioner resource for the orderer.",
      "exampleBoolean" : false
    },
    {
      "extension" : [{
        "url" : "http://hl7.org/fhir/tools/StructureDefinition/resource-information",
        "valueString" : "StructureDefinition:resource"
      }],
      "reference" : {
        "reference" : "StructureDefinition/ch-elm-practitionerrole-orderer"
      },
      "name" : "CH ELM PractitionerRole: Orderer",
      "description" : "This profile constrains the PractitionerRole resource for the orderer: \n- orderer organization and/or practitioner must be present\n- a postalCode and city must be present from organization and/or practitioner",
      "exampleBoolean" : false
    },
    {
      "extension" : [{
        "url" : "http://hl7.org/fhir/tools/StructureDefinition/resource-information",
        "valueString" : "ValueSet"
      }],
      "reference" : {
        "reference" : "ValueSet/ch-elm-results-coded-values-laboratory"
      },
      "name" : "CH ELM Results Coded Values Laboratory",
      "description" : "This CH ELM value set includes the codes for the laboratory test results (presence/absence).",
      "exampleBoolean" : false
    },
    {
      "extension" : [{
        "url" : "http://hl7.org/fhir/tools/StructureDefinition/resource-information",
        "valueString" : "CodeSystem"
      }],
      "reference" : {
        "reference" : "CodeSystem/ch-elm-results-completion-vs"
      },
      "name" : "CH ELM Results Completion Vs",
      "description" : "This CH ELM code system defines the value set URLs as codes to map in the concept maps the leading codes, which must be completed with additional codes.",
      "exampleBoolean" : false
    },
    {
      "extension" : [{
        "url" : "http://hl7.org/fhir/tools/StructureDefinition/resource-information",
        "valueString" : "ValueSet"
      }],
      "reference" : {
        "reference" : "ValueSet/ch-elm-results-completion-vs"
      },
      "name" : "CH ELM Results Completion Vs",
      "description" : "This CH ELM value set includes the value set URLs as codes to map in the concept maps the leading codes, which must be completed with additional codes.",
      "exampleBoolean" : false
    },
    {
      "extension" : [{
        "url" : "http://hl7.org/fhir/tools/StructureDefinition/resource-information",
        "valueString" : "ValueSet"
      }],
      "reference" : {
        "reference" : "ValueSet/ch-elm-results-cpe-org"
      },
      "name" : "CH ELM Results Cpe Org",
      "description" : "This CH ELM value set includes the codes for the laboratory test results to complete the leading code with an additional code.",
      "exampleBoolean" : false
    },
    {
      "extension" : [{
        "url" : "http://hl7.org/fhir/tools/StructureDefinition/resource-information",
        "valueString" : "ValueSet"
      }],
      "reference" : {
        "reference" : "ValueSet/ch-elm-results-geni-spec"
      },
      "name" : "CH ELM Results Geni Spec",
      "description" : "This CH ELM value set includes the codes for the laboratory test results to complete the leading code with an additional code.",
      "exampleBoolean" : false
    },
    {
      "extension" : [{
        "url" : "http://hl7.org/fhir/tools/StructureDefinition/resource-information",
        "valueString" : "ValueSet"
      }],
      "reference" : {
        "reference" : "ValueSet/ch-elm-results-laboratory-observation"
      },
      "name" : "CH ELM Results Laboratory Observation",
      "description" : "This CH ELM value set includes the codes for the laboratory test results (organism).",
      "exampleBoolean" : false
    },
    {
      "extension" : [{
        "url" : "http://hl7.org/fhir/tools/StructureDefinition/resource-information",
        "valueString" : "ConceptMap"
      }],
      "reference" : {
        "reference" : "ConceptMap/ch-elm-results-to-foph-patient-name-representation"
      },
      "name" : "CH ELM Results To FOPH Patient Name Representation",
      "description" : "This CH ELM concept map specifies the required mode of patient representation for each leading code. It determines whether the full name, initials, or a unique code (e.g., for HIV patients) should be used, based on the specific LOINC code associated with the laboratory data. This ensures consistent and appropriate handling of patient identity in accordance with the type of pathogen reported.",
      "exampleBoolean" : false
    },
    {
      "extension" : [{
        "url" : "http://hl7.org/fhir/tools/StructureDefinition/resource-information",
        "valueString" : "ConceptMap"
      }],
      "reference" : {
        "reference" : "ConceptMap/ch-elm-results-to-interpretation-code"
      },
      "name" : "CH ELM Results To Interpretation Code",
      "description" : "This CH ELM concept map specifies the interpretation codes for each leading code. E.g. if positive, positive and negative or resistant-susceptible values are allowed",
      "exampleBoolean" : false
    },
    {
      "extension" : [{
        "url" : "http://hl7.org/fhir/tools/StructureDefinition/resource-information",
        "valueString" : "StructureDefinition:resource"
      }],
      "reference" : {
        "reference" : "StructureDefinition/ch-elm-servicerequest-laboratory-order"
      },
      "name" : "CH ELM ServiceRequest: Laboratory Order",
      "description" : "This CH ELM base profile constrains the ServiceRequest resource for the purpose of laboratory orders.",
      "exampleBoolean" : false
    },
    {
      "extension" : [{
        "url" : "http://hl7.org/fhir/tools/StructureDefinition/resource-information",
        "valueString" : "StructureDefinition:resource"
      }],
      "reference" : {
        "reference" : "StructureDefinition/ch-elm-specimen"
      },
      "name" : "CH ELM Specimen: Laboratory",
      "description" : "This CH ELM base profile constrains the Specimen resource for the purpose of laboratory test reports.",
      "exampleBoolean" : false
    },
    {
      "extension" : [{
        "url" : "http://hl7.org/fhir/tools/StructureDefinition/resource-information",
        "valueString" : "ValueSet"
      }],
      "reference" : {
        "reference" : "ValueSet/ch-elm-status"
      },
      "name" : "CH ELM Status",
      "description" : "This CH ELM value set includes the codes for the laboratory specialities.",
      "exampleBoolean" : false
    },
    {
      "extension" : [{
        "url" : "http://hl7.org/fhir/tools/StructureDefinition/resource-information",
        "valueString" : "DocumentReference"
      }],
      "reference" : {
        "reference" : "DocumentReference/1-DocumentReferenceResponseFailed"
      },
      "name" : "DocumentReference for  Neisseria Gonorhoeae - falied",
      "description" : "Example for a CH ELM DocumentReference: Laboratory Report - failed",
      "exampleCanonical" : "http://fhir.ch/ig/ch-elm/StructureDefinition/PublishDocumentReferenceResponse"
    },
    {
      "extension" : [{
        "url" : "http://hl7.org/fhir/tools/StructureDefinition/resource-information",
        "valueString" : "StructureDefinition:resource"
      }],
      "reference" : {
        "reference" : "StructureDefinition/PublishDocumentReferenceResponse"
      },
      "name" : "DocumentReference for  Publish Response",
      "description" : "A profile on the DocumentReference resource for the publication response: \n- must be status current\n- must have an identifier",
      "exampleBoolean" : false
    },
    {
      "extension" : [{
        "url" : "http://hl7.org/fhir/tools/StructureDefinition/resource-information",
        "valueString" : "DocumentReference"
      }],
      "reference" : {
        "reference" : "DocumentReference/2-DocumentReferenceStrict"
      },
      "name" : "DocumentReference for reporting Chlamydia Trachomatis",
      "description" : "Example for a CH ELM DocumentReference: Laboratory Report",
      "exampleCanonical" : "http://fhir.ch/ig/ch-elm/StructureDefinition/PublishDocumentReferenceStrict"
    },
    {
      "extension" : [{
        "url" : "http://hl7.org/fhir/tools/StructureDefinition/resource-information",
        "valueString" : "DocumentReference"
      }],
      "reference" : {
        "reference" : "DocumentReference/2-DocumentReference"
      },
      "name" : "DocumentReference for reporting Chlamydia Trachomatis",
      "description" : "Example for a CH ELM DocumentReference: Laboratory Report",
      "exampleCanonical" : "http://fhir.ch/ig/ch-elm/StructureDefinition/PublishDocumentReference"
    },
    {
      "extension" : [{
        "url" : "http://hl7.org/fhir/tools/StructureDefinition/resource-information",
        "valueString" : "DocumentReference"
      }],
      "reference" : {
        "reference" : "DocumentReference/1-DocumentReferenceStrict"
      },
      "name" : "DocumentReference for reporting Neisseria Gonorhoeae",
      "description" : "Example for a CH ELM DocumentReference: Laboratory Report",
      "exampleCanonical" : "http://fhir.ch/ig/ch-elm/StructureDefinition/PublishDocumentReferenceStrict"
    },
    {
      "extension" : [{
        "url" : "http://hl7.org/fhir/tools/StructureDefinition/resource-information",
        "valueString" : "DocumentReference"
      }],
      "reference" : {
        "reference" : "DocumentReference/1-DocumentReference"
      },
      "name" : "DocumentReference for reporting Neisseria Gonorhoeae",
      "description" : "Example for a CH ELM DocumentReference: Laboratory Report",
      "exampleCanonical" : "http://fhir.ch/ig/ch-elm/StructureDefinition/PublishDocumentReference"
    },
    {
      "extension" : [{
        "url" : "http://hl7.org/fhir/tools/StructureDefinition/resource-information",
        "valueString" : "DocumentReference"
      }],
      "reference" : {
        "reference" : "DocumentReference/7-DocumentReferenceStrict"
      },
      "name" : "DocumentReference for reporting SARSCoV2",
      "description" : "Example for a CH ELM DocumentReference: Laboratory Report",
      "exampleCanonical" : "http://fhir.ch/ig/ch-elm/StructureDefinition/PublishDocumentReferenceStrict"
    },
    {
      "extension" : [{
        "url" : "http://hl7.org/fhir/tools/StructureDefinition/resource-information",
        "valueString" : "StructureDefinition:resource"
      }],
      "reference" : {
        "reference" : "StructureDefinition/PublishDocumentReference"
      },
      "name" : "DocumentReference for sending the report",
      "description" : "A profile on the DocumentReference resource with publication constraints: \n- must be status current\n- must have an identifier\n- uses attachment.url to carry the document as a contained resource\n- validation according to http://fhir.ch/ig/ch-elm/StructureDefinition/ch-elm-document",
      "exampleBoolean" : false
    },
    {
      "extension" : [{
        "url" : "http://hl7.org/fhir/tools/StructureDefinition/resource-information",
        "valueString" : "StructureDefinition:resource"
      }],
      "reference" : {
        "reference" : "StructureDefinition/PublishDocumentReferenceStrict"
      },
      "name" : "DocumentReference for sending the report with strict validation",
      "description" : "A profile on the DocumentReference resource with publication constraints: \n- must be status current\n- must have an identifier\n- uses attachment.url to carry the document as a contained resource\n- strict validation according to http://fhir.ch/ig/ch-elm/StructureDefinition/ch-elm-document-strict",
      "exampleBoolean" : false
    },
    {
      "extension" : [{
        "url" : "http://hl7.org/fhir/tools/StructureDefinition/resource-information",
        "valueString" : "DocumentReference"
      }],
      "reference" : {
        "reference" : "DocumentReference/1-DocumentReferenceResponseCompleted"
      },
      "name" : "DocumentReference Response for  Neisseria Gonorhoeae completed",
      "description" : "Example for a CH ELM DocumentReference: Laboratory Report - completed",
      "exampleCanonical" : "http://fhir.ch/ig/ch-elm/StructureDefinition/PublishDocumentReferenceResponse"
    },
    {
      "extension" : [{
        "url" : "http://hl7.org/fhir/tools/StructureDefinition/resource-information",
        "valueString" : "DocumentReference"
      }],
      "reference" : {
        "reference" : "DocumentReference/1-DocumentReferenceResponseInProgress"
      },
      "name" : "DocumentReference Response for Neisseria Gonorhoeae in progress",
      "description" : "Example for a CH ELM DocumentReference: Laboratory Report - in-progress",
      "exampleCanonical" : "http://fhir.ch/ig/ch-elm/StructureDefinition/PublishDocumentReferenceResponse"
    },
    {
      "extension" : [{
        "url" : "http://hl7.org/fhir/tools/StructureDefinition/resource-information",
        "valueString" : "Bundle"
      }],
      "reference" : {
        "reference" : "Bundle/ex-findDocumentReferencesResponse"
      },
      "name" : "Example of a Find Document References Response Message",
      "description" : "Example of a Find Document References Bundle Search Set with a single DocumentReference",
      "exampleCanonical" : "http://fhir.ch/ig/ch-elm/StructureDefinition/FindDocumentReferencesResponse"
    },
    {
      "extension" : [{
        "url" : "http://hl7.org/fhir/tools/StructureDefinition/resource-information",
        "valueString" : "StructureDefinition:resource"
      }],
      "reference" : {
        "reference" : "StructureDefinition/FindDocumentReferencesResponse"
      },
      "name" : "Find Document References Response message",
      "description" : "A profile on the Find Document References Response message",
      "exampleBoolean" : false
    },
    {
      "extension" : [{
        "url" : "http://hl7.org/fhir/tools/StructureDefinition/resource-information",
        "valueString" : "CapabilityStatement"
      }],
      "reference" : {
        "reference" : "CapabilityStatement/ch-elm-documentrecipient"
      },
      "name" : "FOPH CapabilityStatement for receiving laboratory reports",
      "description" : "CapabilityStatement for receiving laboratory reports",
      "exampleBoolean" : false
    },
    {
      "extension" : [{
        "url" : "http://hl7.org/fhir/tools/StructureDefinition/resource-information",
        "valueString" : "StructureDefinition:complex-type"
      }],
      "reference" : {
        "reference" : "StructureDefinition/ch-elm-idn-identifier"
      },
      "name" : "IDN Identifier",
      "description" : "Identifier holding the IDN Liechtenstein. It is a 13-digit number without check digit and without special characters.",
      "exampleBoolean" : false
    },
    {
      "extension" : [{
        "url" : "http://hl7.org/fhir/tools/StructureDefinition/resource-information",
        "valueString" : "NamingSystem"
      }],
      "reference" : {
        "reference" : "NamingSystem/IDN"
      },
      "name" : "IDN Liechtenstein",
      "description" : "The IDN is a unique identification number generated for each person with health insurance in Liechtenstein. \nFor more details please visit https://www.llv.li/de/privatpersonen/gesundheit-vorsorge-und-pflege/elektronisches-gesundheitsdossier/datenschutzhinweis.",
      "exampleBoolean" : false
    },
    {
      "extension" : [{
        "url" : "http://hl7.org/fhir/tools/StructureDefinition/resource-information",
        "valueString" : "Organization"
      }],
      "reference" : {
        "reference" : "Organization/Org-JeanneMoreau"
      },
      "name" : "Org - Hôpital régional soleil",
      "description" : "Example for a CH ELM Organization: Orderer",
      "exampleCanonical" : "http://fhir.ch/ig/ch-elm/StructureDefinition/ch-elm-organization-orderer"
    },
    {
      "extension" : [{
        "url" : "http://hl7.org/fhir/tools/StructureDefinition/resource-information",
        "valueString" : "Organization"
      }],
      "reference" : {
        "reference" : "Organization/Org-PeterHauser"
      },
      "name" : "Org - Praxis Dr. Hauser",
      "description" : "Example for a CH ELM Organization: Orderer",
      "exampleCanonical" : "http://fhir.ch/ig/ch-elm/StructureDefinition/ch-elm-organization-orderer"
    },
    {
      "extension" : [{
        "url" : "http://hl7.org/fhir/tools/StructureDefinition/resource-information",
        "valueString" : "Patient"
      }],
      "reference" : {
        "reference" : "Patient/Pat-AntoineDupont"
      },
      "name" : "Pat - Antoine Dupont",
      "description" : "Example for a CH ELM Patient - full name",
      "exampleCanonical" : "http://fhir.ch/ig/ch-elm/StructureDefinition/ch-elm-patient"
    },
    {
      "extension" : [{
        "url" : "http://hl7.org/fhir/tools/StructureDefinition/resource-information",
        "valueString" : "Patient"
      }],
      "reference" : {
        "reference" : "Patient/Pat-E5"
      },
      "name" : "Pat - E5",
      "description" : "Example for a CH ELM Patient - special case HIV/AIDS",
      "exampleCanonical" : "http://fhir.ch/ig/ch-elm/StructureDefinition/ch-elm-patient"
    },
    {
      "extension" : [{
        "url" : "http://hl7.org/fhir/tools/StructureDefinition/resource-information",
        "valueString" : "Patient"
      }],
      "reference" : {
        "reference" : "Patient/Pat-ErnstKarlTanner"
      },
      "name" : "Pat - Ernst Karl Tanner",
      "description" : "Example for a CH ELM Patient - full name (and full address)",
      "exampleCanonical" : "http://fhir.ch/ig/ch-elm/StructureDefinition/ch-elm-patient"
    },
    {
      "extension" : [{
        "url" : "http://hl7.org/fhir/tools/StructureDefinition/resource-information",
        "valueString" : "Patient"
      }],
      "reference" : {
        "reference" : "Patient/Pat-ET"
      },
      "name" : "Pat - ET",
      "description" : "Example for a CH ELM Patient - initials",
      "exampleCanonical" : "http://fhir.ch/ig/ch-elm/StructureDefinition/ch-elm-patient"
    },
    {
      "extension" : [{
        "url" : "http://hl7.org/fhir/tools/StructureDefinition/resource-information",
        "valueString" : "Patient"
      }],
      "reference" : {
        "reference" : "Patient/Pat-LillyLiechtenstein"
      },
      "name" : "Pat - Lilly Liechtenstein",
      "description" : "Example for a CH ELM Patient - IDN Liechtenstein",
      "exampleCanonical" : "http://fhir.ch/ig/ch-elm/StructureDefinition/ch-elm-patient"
    },
    {
      "extension" : [{
        "url" : "http://hl7.org/fhir/tools/StructureDefinition/resource-information",
        "valueString" : "PractitionerRole"
      }],
      "reference" : {
        "reference" : "PractitionerRole/PR-JeanneMoreau"
      },
      "name" : "PR - Jeanne Moreau @ Hôpital régional soleil",
      "description" : "Example for a CH ELM PractitionerRole: Orderer",
      "exampleCanonical" : "http://fhir.ch/ig/ch-elm/StructureDefinition/ch-elm-practitionerrole-orderer"
    },
    {
      "extension" : [{
        "url" : "http://hl7.org/fhir/tools/StructureDefinition/resource-information",
        "valueString" : "PractitionerRole"
      }],
      "reference" : {
        "reference" : "PractitionerRole/PR-PeterHauser"
      },
      "name" : "PR - Peter Hauser @ Praxis Dr. Hauser",
      "description" : "Example for a CH ELM PractitionerRole: Orderer",
      "exampleCanonical" : "http://fhir.ch/ig/ch-elm/StructureDefinition/ch-elm-practitionerrole-orderer"
    },
    {
      "extension" : [{
        "url" : "http://hl7.org/fhir/tools/StructureDefinition/resource-information",
        "valueString" : "Practitioner"
      }],
      "reference" : {
        "reference" : "Practitioner/Pract-JeanneMoreau"
      },
      "name" : "Pract - Jeanne Moreau",
      "description" : "Example for a CH ELM Practitioner: Orderer",
      "exampleCanonical" : "http://fhir.ch/ig/ch-elm/StructureDefinition/ch-elm-practitioner-orderer"
    },
    {
      "extension" : [{
        "url" : "http://hl7.org/fhir/tools/StructureDefinition/resource-information",
        "valueString" : "Practitioner"
      }],
      "reference" : {
        "reference" : "Practitioner/Pract-PeterHauser"
      },
      "name" : "Pract - Peter Hauser",
      "description" : "Example for a CH ELM Practitioner: Orderer",
      "exampleCanonical" : "http://fhir.ch/ig/ch-elm/StructureDefinition/ch-elm-practitioner-orderer"
    },
    {
      "extension" : [{
        "url" : "http://hl7.org/fhir/tools/StructureDefinition/resource-information",
        "valueString" : "SearchParameter"
      }],
      "reference" : {
        "reference" : "SearchParameter/SearchParameter-ch-elm-status"
      },
      "name" : "SearchParameter-ch-elm-status",
      "description" : "Status of the processing of the document referenced by the DocumentReference",
      "exampleBoolean" : false
    },
    {
      "extension" : [{
        "url" : "http://hl7.org/fhir/tools/StructureDefinition/resource-information",
        "valueString" : "StructureDefinition:extension"
      }],
      "reference" : {
        "reference" : "StructureDefinition/ch-ext-elm-status"
      },
      "name" : "Status of the processing of the document",
      "description" : "Extension to define the status of the processing of the document",
      "exampleBoolean" : false
    }],
    "page" : {
      "extension" : [{
        "url" : "http://hl7.org/fhir/tools/StructureDefinition/ig-page-name",
        "valueUrl" : "toc.html"
      }],
      "nameUrl" : "toc.html",
      "title" : "Table of Contents",
      "generation" : "html",
      "page" : [{
        "extension" : [{
          "url" : "http://hl7.org/fhir/tools/StructureDefinition/ig-page-name",
          "valueUrl" : "index.html"
        }],
        "nameUrl" : "index.html",
        "title" : "Home",
        "generation" : "markdown"
      },
      {
        "extension" : [{
          "url" : "http://hl7.org/fhir/tools/StructureDefinition/ig-page-name",
          "valueUrl" : "document.html"
        }],
        "nameUrl" : "document.html",
        "title" : "FHIR Document (Bundle)",
        "generation" : "markdown"
      },
      {
        "extension" : [{
          "url" : "http://hl7.org/fhir/tools/StructureDefinition/ig-page-name",
          "valueUrl" : "usecase-german.html"
        }],
        "nameUrl" : "usecase-german.html",
        "title" : "Anwendungsfälle",
        "generation" : "markdown"
      },
      {
        "extension" : [{
          "url" : "http://hl7.org/fhir/tools/StructureDefinition/ig-page-name",
          "valueUrl" : "guidance.html"
        }],
        "nameUrl" : "guidance.html",
        "title" : "Infectious Diseases Requiring Notification",
        "generation" : "markdown"
      },
      {
        "extension" : [{
          "url" : "http://hl7.org/fhir/tools/StructureDefinition/ig-page-name",
          "valueUrl" : "profiles.html"
        }],
        "nameUrl" : "profiles.html",
        "title" : "Profiles",
        "generation" : "markdown"
      },
      {
        "extension" : [{
          "url" : "http://hl7.org/fhir/tools/StructureDefinition/ig-page-name",
          "valueUrl" : "extensions.html"
        }],
        "nameUrl" : "extensions.html",
        "title" : "Extensions",
        "generation" : "markdown"
      },
      {
        "extension" : [{
          "url" : "http://hl7.org/fhir/tools/StructureDefinition/ig-page-name",
          "valueUrl" : "api.html"
        }],
        "nameUrl" : "api.html",
        "title" : "API",
        "generation" : "markdown"
      },
      {
        "extension" : [{
          "url" : "http://hl7.org/fhir/tools/StructureDefinition/ig-page-name",
          "valueUrl" : "terminology.html"
        }],
        "nameUrl" : "terminology.html",
        "title" : "Terminology",
        "generation" : "markdown"
      },
      {
        "extension" : [{
          "url" : "http://hl7.org/fhir/tools/StructureDefinition/ig-page-name",
          "valueUrl" : "changelog.html"
        }],
        "nameUrl" : "changelog.html",
        "title" : "Changelog",
        "generation" : "markdown"
      }]
    },
    "parameter" : [{
      "code" : "path-resource",
      "value" : "input/resources"
    },
    {
      "code" : "path-resource",
      "value" : "fsh-generated/resources"
    },
    {
      "code" : "path-resource",
      "value" : "input/capabilities"
    },
    {
      "code" : "path-resource",
      "value" : "input/examples"
    },
    {
      "code" : "path-resource",
      "value" : "input/extensions"
    },
    {
      "code" : "path-resource",
      "value" : "input/models"
    },
    {
      "code" : "path-resource",
      "value" : "input/operations"
    },
    {
      "code" : "path-resource",
      "value" : "input/profiles"
    },
    {
      "code" : "path-resource",
      "value" : "input/vocabulary"
    },
    {
      "code" : "path-resource",
      "value" : "input/testing"
    },
    {
      "code" : "path-resource",
      "value" : "input/history"
    },
    {
      "code" : "path-pages",
      "value" : "template/config"
    },
    {
      "code" : "path-pages",
      "value" : "input/images"
    },
    {
      "code" : "path-tx-cache",
      "value" : "input-cache/txcache"
    }]
  }
}