{
  "resourceType" : "ValueSet",
  "id" : "ch-elm-results-sterile-spec",
  "text" : {
    "status" : "generated",
    "div" : "<div xmlns=\"http://www.w3.org/1999/xhtml\"><p class=\"res-header-id\"><b>Generated Narrative: ValueSet ch-elm-results-sterile-spec</b></p><a name=\"ch-elm-results-sterile-spec\"> </a><a name=\"hcch-elm-results-sterile-spec\"> </a><a name=\"ch-elm-results-sterile-spec-en-US\"> </a><ul><li>Include these codes as defined in <a href=\"http://www.snomed.org/\"><code>http://snomed.info/sct</code></a><table class=\"none\"><tr><td style=\"white-space:nowrap\"><b>Code</b></td><td><b>Display</b></td></tr><tr><td><a href=\"http://snomed.info/id/119359002\">119359002</a></td><td>Bone marrow specimen (specimen)</td></tr><tr><td><a href=\"http://snomed.info/id/119378002\">119378002</a></td><td>Endocardial specimen (specimen)</td></tr><tr><td><a href=\"http://snomed.info/id/122571007\">122571007</a></td><td>Pericardial fluid specimen (specimen)</td></tr><tr><td><a href=\"http://snomed.info/id/309066003\">309066003</a></td><td>Skin biopsy specimen (specimen)</td></tr><tr><td><a href=\"http://snomed.info/id/119297000\">119297000</a></td><td>Blood specimen (specimen)</td></tr><tr><td><a href=\"http://snomed.info/id/122736005\">122736005</a></td><td>Tissue specimen from placenta (specimen)</td></tr><tr><td><a href=\"http://snomed.info/id/258450006\">258450006</a></td><td>Cerebrospinal fluid specimen (specimen)</td></tr><tr><td><a href=\"http://snomed.info/id/258454002\">258454002</a></td><td>Dialysate specimen (specimen)</td></tr><tr><td><a href=\"http://snomed.info/id/168139001\">168139001</a></td><td>Peritoneal fluid specimen (specimen)</td></tr><tr><td><a href=\"http://snomed.info/id/430268003\">430268003</a></td><td>Specimen from bone (specimen)</td></tr><tr><td><a href=\"http://snomed.info/id/122556008\">122556008</a></td><td>Cord blood specimen (specimen)</td></tr><tr><td><a href=\"http://snomed.info/id/418564007\">418564007</a></td><td>Pleural fluid specimen (specimen)</td></tr><tr><td><a href=\"http://snomed.info/id/119332005\">119332005</a></td><td>Synovial fluid specimen (specimen)</td></tr><tr><td><a href=\"http://snomed.info/id/258580003\">258580003</a></td><td>Whole blood specimen (specimen)</td></tr></table></li></ul></div>"
  },
  "url" : "http://fhir.ch/ig/ch-elm/ValueSet/ch-elm-results-sterile-spec",
  "version" : "1.6.0",
  "name" : "ChElmResultsSterileSpec",
  "title" : "CH ELM Results Sterile Spec",
  "status" : "active",
  "experimental" : false,
  "date" : "2024-10-31T11:15:20+00:00",
  "publisher" : "Federal Office of Public Health FOPH",
  "contact" : [{
    "name" : "Federal Office of Public Health FOPH",
    "telecom" : [{
      "system" : "url",
      "value" : "https://www.bag.admin.ch/bag/en/home/das-bag/kontakt-standort.html"
    }]
  }],
  "description" : "The \"CH ELM Results Sterile Spec\" material group provides a curated set of codes representing specific materials. Each code within this group is selected to ensure consistency and accuracy for medical coding related to the primary LOINC codes. Clients using the \"CH ELM Results Sterile Spec\" group should refer to the provided codes to ensure they capture and report material information correctly and consistently.",
  "jurisdiction" : [{
    "coding" : [{
      "system" : "urn:iso:std:iso:3166",
      "code" : "CHE"
    }]
  }],
  "copyright" : "CC0-1.0",
  "compose" : {
    "include" : [{
      "system" : "http://snomed.info/sct",
      "concept" : [{
        "code" : "119359002",
        "display" : "Bone marrow specimen (specimen)"
      },
      {
        "code" : "119378002",
        "display" : "Endocardial specimen (specimen)"
      },
      {
        "code" : "122571007",
        "display" : "Pericardial fluid specimen (specimen)"
      },
      {
        "code" : "309066003",
        "display" : "Skin biopsy specimen (specimen)"
      },
      {
        "code" : "119297000",
        "display" : "Blood specimen (specimen)"
      },
      {
        "code" : "122736005",
        "display" : "Tissue specimen from placenta (specimen)"
      },
      {
        "code" : "258450006",
        "display" : "Cerebrospinal fluid specimen (specimen)"
      },
      {
        "code" : "258454002",
        "display" : "Dialysate specimen (specimen)"
      },
      {
        "code" : "168139001",
        "display" : "Peritoneal fluid specimen (specimen)"
      },
      {
        "code" : "430268003",
        "display" : "Specimen from bone (specimen)"
      },
      {
        "code" : "122556008",
        "display" : "Cord blood specimen (specimen)"
      },
      {
        "code" : "418564007",
        "display" : "Pleural fluid specimen (specimen)"
      },
      {
        "code" : "119332005",
        "display" : "Synovial fluid specimen (specimen)"
      },
      {
        "code" : "258580003",
        "display" : "Whole blood specimen (specimen)"
      }]
    }]
  }
}