{
  "resourceType" : "ValueSet",
  "id" : "ch-elm-lab-study-types",
  "text" : {
    "status" : "generated",
    "div" : "<div xmlns=\"http://www.w3.org/1999/xhtml\">Placeholder</div>"
  },
  "url" : "http://fhir.ch/ig/ch-elm/ValueSet/ch-elm-lab-study-types",
  "version" : "1.0.0-trialuse",
  "name" : "ChElmLabStudyTypes",
  "title" : "CH ELM Lab Study Types",
  "status" : "active",
  "experimental" : false,
  "date" : "2023-09-13T14:50:01+02:00",
  "publisher" : "Federal Office of Public Health FOPH",
  "contact" : [{
    "name" : "Federal Office of Public Health FOPH",
    "telecom" : [{
      "system" : "url",
      "value" : "https://www.bag.admin.ch/bag/en/home/das-bag/kontakt-standort.html"
    }]
  }],
  "description" : "This CH ELM value set includes the codes for the laboratory specialties.",
  "jurisdiction" : [{
    "coding" : [{
      "system" : "urn:iso:std:iso:3166",
      "code" : "CHE"
    }]
  }],
  "copyright" : "CC0-1.0",
  "compose" : {
    "include" : [{
      "system" : "http://loinc.org",
      "concept" : [{
        "code" : "18725-2",
        "display" : "Microbiology studies (set)"
      },
      {
        "code" : "18769-0",
        "display" : "Microbial susceptibility tests Set"
      }]
    }]
  }
}