{
  "resourceType" : "ValueSet",
  "id" : "ch-elm-results-ehec-tox-org",
  "text" : {
    "status" : "generated",
    "div" : "<div xmlns=\"http://www.w3.org/1999/xhtml\"><p class=\"res-header-id\"><b>Generated Narrative: ValueSet ch-elm-results-ehec-tox-org</b></p><a name=\"ch-elm-results-ehec-tox-org\"> </a><a name=\"hcch-elm-results-ehec-tox-org\"> </a><a name=\"ch-elm-results-ehec-tox-org-en-US\"> </a><p>This value set includes codes based on the following rules:</p><ul/></div>"
  },
  "url" : "http://fhir.ch/ig/ch-elm/ValueSet/ch-elm-results-ehec-tox-org",
  "version" : "1.8.0",
  "name" : "ChElmResultsEhecToxOrg",
  "title" : "CH ELM Results Ehec Tox Org",
  "status" : "active",
  "experimental" : false,
  "date" : "2025-02-04T09:19:33+00:00",
  "publisher" : "Federal Office of Public Health FOPH",
  "contact" : [{
    "name" : "Federal Office of Public Health FOPH",
    "telecom" : [{
      "system" : "url",
      "value" : "https://www.bag.admin.ch/bag/en/home/das-bag/kontakt-standort.html"
    }]
  }],
  "description" : "The \"CH ELM Results Ehec Tox Org\" organism group provides a curated set of codes representing specific organisms. Each code within this group has been selected to ensure precise representation and consistency in relation to the primary LOINC codes. Clients utilizing the \"CH ELM Results Ehec Tox Org\" group should refer to the provided codes to accurately and uniformly capture and report organism-related information.",
  "jurisdiction" : [{
    "coding" : [{
      "system" : "urn:iso:std:iso:3166",
      "code" : "CHE"
    }]
  }],
  "copyright" : "CC0-1.0"
}