{
  "resourceType" : "ValueSet",
  "id" : "ch-elm-results-component-gene-tb",
  "text" : {
    "status" : "generated",
    "div" : "<div xmlns=\"http://www.w3.org/1999/xhtml\"><p class=\"res-header-id\"><b>Generated Narrative: ValueSet ch-elm-results-component-gene-tb</b></p><a name=\"ch-elm-results-component-gene-tb\"> </a><a name=\"hcch-elm-results-component-gene-tb\"> </a><a name=\"ch-elm-results-component-gene-tb-en-US\"> </a><ul><li>Include these codes as defined in <a href=\"http://loinc.org\"><code>http://loinc.org</code></a><table class=\"none\"><tr><td style=\"white-space:nowrap\"><b>Code</b></td><td><b>Display</b></td></tr><tr><td><a href=\"https://loinc.org/46246-5/\">46246-5</a></td><td>Mycobacterium tuberculosis katG gene isoniazid high level resistance mutation [Identifier] by Molecular method</td></tr><tr><td><a href=\"https://loinc.org/46244-0/\">46244-0</a></td><td>Mycobacterium tuberculosis complex rpoB gene rifAMPin resistance mutation identified by Molecular method</td></tr><tr><td><a href=\"https://loinc.org/63072-3/\">63072-3</a></td><td>Mycobacterium tuberculosis inhA gene isoniazid low level resistance mutation [Presence] by Molecular method</td></tr></table></li></ul></div>"
  },
  "url" : "http://fhir.ch/ig/ch-elm/ValueSet/ch-elm-results-component-gene-tb",
  "version" : "1.9.1",
  "name" : "ChElmResultsComponentGeneTb",
  "title" : "CH ELM Results Gene Tb",
  "status" : "active",
  "experimental" : false,
  "date" : "2025-03-26T08:01:17+00:00",
  "publisher" : "Federal Office of Public Health FOPH",
  "contact" : [{
    "name" : "Federal Office of Public Health FOPH",
    "telecom" : [{
      "system" : "url",
      "value" : "https://www.bag.admin.ch/bag/en/home/das-bag/kontakt-standort.html"
    }]
  }],
  "description" : "The \"CH ELM Results Gene Tb\" group provides a curated set of codes representing specific genotypes. Each code within this group is selected to ensure consistency and accuracy for medical coding related to the primary LOINC codes. Clients using the \"CH ELM Results Gene Tb\" group should refer to the provided codes to ensure they capture and report antibiotic information correctly and consistently",
  "jurisdiction" : [{
    "coding" : [{
      "system" : "urn:iso:std:iso:3166",
      "code" : "CH"
    }]
  }],
  "copyright" : "CC0-1.0",
  "compose" : {
    "include" : [{
      "system" : "http://loinc.org",
      "concept" : [{
        "code" : "46246-5",
        "display" : "Mycobacterium tuberculosis katG gene isoniazid high level resistance mutation [Identifier] by Molecular method"
      },
      {
        "code" : "46244-0",
        "display" : "Mycobacterium tuberculosis complex rpoB gene rifAMPin resistance mutation identified by Molecular method"
      },
      {
        "code" : "63072-3",
        "display" : "Mycobacterium tuberculosis inhA gene isoniazid low level resistance mutation [Presence] by Molecular method"
      }]
    }]
  }
}