{
  "resourceType" : "ValueSet",
  "id" : "ch-elm-lab-specimen-types-chlamydia-trachomatis",
  "text" : {
    "status" : "generated",
    "div" : "<div xmlns=\"http://www.w3.org/1999/xhtml\">Placeholder</div>"
  },
  "url" : "http://fhir.ch/ig/ch-elm/ValueSet/ch-elm-lab-specimen-types-chlamydia-trachomatis",
  "version" : "1.0.0-trialuse",
  "name" : "ChElmLabSpecimenTypesChlamydiaTrachomatis",
  "title" : "CH ELM Lab Specimen Types: Chlamydia Trachomatis",
  "status" : "active",
  "experimental" : false,
  "date" : "2023-09-13T14:50:01+02:00",
  "publisher" : "Federal Office of Public Health FOPH",
  "contact" : [{
    "name" : "Federal Office of Public Health FOPH",
    "telecom" : [{
      "system" : "url",
      "value" : "https://www.bag.admin.ch/bag/en/home/das-bag/kontakt-standort.html"
    }]
  }],
  "description" : "This restricted CH ELM value set includes the codes for the laboratory specimen if, in addition to the leading LOINC code, the collection material must be given in coded form.",
  "jurisdiction" : [{
    "coding" : [{
      "system" : "urn:iso:std:iso:3166",
      "code" : "CHE"
    }]
  }],
  "copyright" : "CC0-1.0",
  "compose" : {
    "include" : [{
      "system" : "http://snomed.info/sct",
      "concept" : [{
        "code" : "119395005",
        "display" : "Specimen from uterine cervix"
      },
      {
        "code" : "258527002",
        "display" : "Anal swab"
      },
      {
        "code" : "258508008",
        "display" : "Genital swab"
      },
      {
        "code" : "258520000",
        "display" : "Vaginal swab"
      },
      {
        "code" : "119393003",
        "display" : "Specimen from urethra"
      },
      {
        "code" : "119347001",
        "display" : "Seminal fluid"
      },
      {
        "code" : "119396006",
        "display" : "Specimen from endometrium"
      }]
    }]
  }
}