{
  "resourceType" : "ValueSet",
  "id" : "ch-elm-results-geni-spec",
  "text" : {
    "status" : "generated",
    "div" : "<div xmlns=\"http://www.w3.org/1999/xhtml\"><ul><li>Include these codes as defined in <a href=\"http://www.snomed.org/\"><code>http://snomed.info/sct</code></a><table class=\"none\"><tr><td style=\"white-space:nowrap\"><b>Code</b></td><td><b>Display</b></td></tr><tr><td><a href=\"http://snomed.info/id/119396006\">119396006</a></td><td>Specimen from endometrium (specimen)</td></tr><tr><td><a href=\"http://snomed.info/id/119324002\">119324002</a></td><td>Specimen of unknown material (specimen)</td></tr><tr><td><a href=\"http://snomed.info/id/119395005\">119395005</a></td><td>Specimen from uterine cervix (specimen)</td></tr><tr><td><a href=\"http://snomed.info/id/258527002\">258527002</a></td><td>Anal swab (specimen)</td></tr><tr><td><a href=\"http://snomed.info/id/122575003\">122575003</a></td><td>Urine specimen (specimen)</td></tr><tr><td><a href=\"http://snomed.info/id/257261003\">257261003</a></td><td>Swab (specimen)</td></tr><tr><td><a href=\"http://snomed.info/id/119393003\">119393003</a></td><td>Specimen from urethra (specimen)</td></tr><tr><td><a href=\"http://snomed.info/id/119347001\">119347001</a></td><td>Seminal fluid specimen (specimen)</td></tr><tr><td><a href=\"http://snomed.info/id/119394009\">119394009</a></td><td>Specimen from vagina (specimen)</td></tr><tr><td><a href=\"http://snomed.info/id/119344008\">119344008</a></td><td>Specimen from genital system (specimen)</td></tr></table></li></ul></div>"
  },
  "url" : "http://fhir.ch/ig/ch-elm/ValueSet/ch-elm-results-geni-spec",
  "version" : "1.3.1",
  "name" : "ChElmResultsGeniSpec",
  "title" : "CH ELM Results Geni Spec",
  "status" : "active",
  "experimental" : false,
  "date" : "2024-06-17T08:59:23+00:00",
  "publisher" : "Federal Office of Public Health FOPH",
  "contact" : [{
    "name" : "Federal Office of Public Health FOPH",
    "telecom" : [{
      "system" : "url",
      "value" : "https://www.bag.admin.ch/bag/en/home/das-bag/kontakt-standort.html"
    }]
  }],
  "description" : "The \"CH ELM Results Geni Spec\" material group provides a curated set of codes representing specific materials. Each code within this group is selected to ensure consistency and accuracy for medical coding related to the primary LOINC codes. Clients using the \"CH ELM Results Geni Spec\" group should refer to the provided codes to ensure they capture and report material information correctly and consistently.",
  "jurisdiction" : [{
    "coding" : [{
      "system" : "urn:iso:std:iso:3166",
      "code" : "CHE"
    }]
  }],
  "copyright" : "CC0-1.0",
  "compose" : {
    "include" : [{
      "system" : "http://snomed.info/sct",
      "concept" : [{
        "code" : "119396006",
        "display" : "Specimen from endometrium (specimen)"
      },
      {
        "code" : "119324002",
        "display" : "Specimen of unknown material (specimen)"
      },
      {
        "code" : "119395005",
        "display" : "Specimen from uterine cervix (specimen)"
      },
      {
        "code" : "258527002",
        "display" : "Anal swab (specimen)"
      },
      {
        "code" : "122575003",
        "display" : "Urine specimen (specimen)"
      },
      {
        "code" : "257261003",
        "display" : "Swab (specimen)"
      },
      {
        "code" : "119393003",
        "display" : "Specimen from urethra (specimen)"
      },
      {
        "code" : "119347001",
        "display" : "Seminal fluid specimen (specimen)"
      },
      {
        "code" : "119394009",
        "display" : "Specimen from vagina (specimen)"
      },
      {
        "code" : "119344008",
        "display" : "Specimen from genital system (specimen)"
      }]
    }]
  }
}