{"resourceType":"ValueSet","id":"ch-orf-vs-legalrelation","text":{"status":"generated","div":"<div xmlns=\"http://www.w3.org/1999/xhtml\"><ul><li>Include these codes as defined in <a href=\"http://www.snomed.org/\"><code>http://snomed.info/sct</code></a><table class=\"none\"><tr><td style=\"white-space:nowrap\"><b>Code</b></td><td><b>Display</b></td></tr><tr><td><a href=\"http://snomed.info/id/373068000\">373068000</a></td><td>Undetermined (qualifier value)</td></tr><tr><td><a href=\"http://snomed.info/id/58626002\">58626002</a></td><td>Legal guardian (person)</td></tr></table></li></ul></div>"},"url":"http://fhir.ch/ig/ch-orf/ValueSet/ch-orf-vs-legalrelation","version":"2.0.0-ballot","name":"ChOrfVSLegalRelation","title":"Legal Relation","status":"active","date":"2023-06-29T21:23:37+02:00","publisher":"HL7 Switzerland","contact":[{"name":"HL7 Switzerland","telecom":[{"system":"url","value":"https://www.hl7.ch/"}]}],"description":"Value Set for Legal Relation","jurisdiction":[{"coding":[{"system":"urn:iso:std:iso:3166","code":"CH"}]}],"copyright":"CC0-1.0","compose":{"include":[{"system":"http://snomed.info/sct","concept":[{"code":"373068000","display":"Undetermined (qualifier value)"},{"code":"58626002","display":"Legal guardian (person)"}]}]}}