<?xml version="1.0" encoding="UTF-8"?><CodeSystem xmlns="http://hl7.org/fhir"><id value="ema-intended-effect"/><text><status value="generated"/><div xmlns="http://www.w3.org/1999/xhtml"><p class="res-header-id"><b>Generated Narrative: CodeSystem ema-intended-effect</b></p><a name="ema-intended-effect"> </a><a name="hcema-intended-effect"> </a><p>This case-insensitive code system <code>http://spor.ema.europa.eu/v1/lists/200000003186</code> defines the following codes:</p><table class="codes"><tr><td style="white-space:nowrap"><b>Code</b></td><td><b>Display</b></td></tr><tr><td style="white-space:nowrap">200000003192<a name="ema-intended-effect-200000003192"> </a></td><td>preventive</td></tr><tr><td style="white-space:nowrap">200000003194<a name="ema-intended-effect-200000003194"> </a></td><td>therapeutic</td></tr><tr><td style="white-space:nowrap">200000003196<a name="ema-intended-effect-200000003196"> </a></td><td>diagnostic / imaging</td></tr></table></div></text><url value="http://spor.ema.europa.eu/v1/lists/200000003186"/><version value="1.0.0"/><name value="EMAIntendedEffectCS"/><title value="EMA - Intended Effect"/><status value="active"/><experimental value="false"/><date value="2025-12-11T12:29:57+00:00"/><publisher value="Federal Office of Public Health FOPH"/><contact><name value="Federal Office of Public Health FOPH"/><telecom><system value="url"/><value value="https://www.bag.admin.ch/bag/en/home/das-bag/kontakt-standort.html"/></telecom></contact><description value="CH - Standard Terms used in Switzerland (aggregations of codes of Value Set for the Intended Effect from EMA used by SMC)"/><jurisdiction><coding><system value="urn:iso:std:iso:3166"/><code value="CH"/></coding></jurisdiction><copyright value="CC0-1.0"/><caseSensitive value="false"/><content value="complete"/><count value="3"/><concept><code value="200000003192"/><display value="preventive"/><designation><use><system value="http://terminology.hl7.org/CodeSystem/hl7TermMaintInfra"/><code value="preferredForLanguage"/></use><value value="preventive"/></designation></concept><concept><code value="200000003194"/><display value="therapeutic"/><designation><use><system value="http://terminology.hl7.org/CodeSystem/hl7TermMaintInfra"/><code value="preferredForLanguage"/></use><value value="therapeutic"/></designation></concept><concept><code value="200000003196"/><display value="diagnostic / imaging"/><designation><use><system value="http://terminology.hl7.org/CodeSystem/hl7TermMaintInfra"/><code value="preferredForLanguage"/></use><value value="diagnostic / imaging"/></designation></concept></CodeSystem>