<?xml version="1.0" encoding="UTF-8"?><ValueSet xmlns="http://hl7.org/fhir"><id value="ch-SMC-legal-status-of-supply"/><text><status value="generated"/><div xmlns="http://www.w3.org/1999/xhtml"><p class="res-header-id"><b>Generated Narrative: ValueSet ch-SMC-legal-status-of-supply</b></p><a name="ch-SMC-legal-status-of-supply"> </a><a name="hcch-SMC-legal-status-of-supply"> </a><ul><li>Include all codes defined in <a href="CodeSystem-ch-SMC-legal-status-of-supply.html"><code>http://fhir.ch/ig/ch-epl/CodeSystem/ch-SMC-legal-status-of-supply</code></a><span title="Version is not explicitly stated, which means it is fixed to the version provided in this specification"> version 📦1.0.0</span></li></ul></div></text><url value="http://fhir.ch/ig/ch-epl/ValueSet/ch-SMC-legal-status-of-supply"/><version value="1.0.0"/><name value="ChSMCLegalStatusOfSupplyVS"/><title value="CH SMC - Legal Status of Supply"/><status value="active"/><experimental value="false"/><date value="2025-12-11T12:29:57+00:00"/><publisher value="Federal Office of Public Health FOPH"/><contact><name value="Federal Office of Public Health FOPH"/><telecom><system value="url"/><value value="https://www.bag.admin.ch/bag/en/home/das-bag/kontakt-standort.html"/></telecom></contact><description value="Value Set for the Legal Status of Supply from SMC"/><jurisdiction><coding><system value="urn:iso:std:iso:3166"/><code value="CH"/></coding></jurisdiction><copyright value="CC0-1.0"/><compose><include><system value="http://fhir.ch/ig/ch-epl/CodeSystem/ch-SMC-legal-status-of-supply"/></include></compose></ValueSet>