<?xml version="1.0" encoding="UTF-8"?><ValueSet xmlns="http://hl7.org/fhir"><id value="ch-authorisation-type"/><text><status value="generated"/><div xmlns="http://www.w3.org/1999/xhtml"><p class="res-header-id"><b>Generated Narrative: ValueSet ch-authorisation-type</b></p><a name="ch-authorisation-type"> </a><a name="hcch-authorisation-type"> </a><ul><li>Include all codes defined in <a href="CodeSystem-ch-authorisation-type.html"><code>http://fhir.ch/ig/ch-epl/CodeSystem/ch-authorisation-type</code></a><span title="Version is not explicitly stated, which means it is fixed to the version provided in this specification"> version 📦1.0.0</span></li></ul></div></text><url value="http://fhir.ch/ig/ch-epl/ValueSet/ch-authorisation-type"/><version value="1.0.0"/><name value="ChAuthorisationTypeVS"/><title value="CH - Authorisation Type"/><status value="active"/><experimental value="false"/><date value="2025-12-11T12:29:57+00:00"/><publisher value="Federal Office of Public Health FOPH"/><contact><name value="Federal Office of Public Health FOPH"/><telecom><system value="url"/><value value="https://www.bag.admin.ch/bag/en/home/das-bag/kontakt-standort.html"/></telecom></contact><description value="Value Set for Authorisation Type in Switzerland used by FOPH"/><jurisdiction><coding><system value="urn:iso:std:iso:3166"/><code value="CH"/></coding></jurisdiction><copyright value="CC0-1.0"/><compose><include><system value="http://fhir.ch/ig/ch-epl/CodeSystem/ch-authorisation-type"/></include></compose></ValueSet>