<?xml version="1.0" encoding="UTF-8"?><ImplementationGuide xmlns="http://hl7.org/fhir"><id value="ch.fhir.ig.ch-epr-ppqm"/><text><status value="extensions"/><div xmlns="http://www.w3.org/1999/xhtml"><h2>ch_epr_ppqm</h2><p>The official URL for this implementation guide is: </p><pre>http://fhir.ch/ig/ch-epr-ppqm/ImplementationGuide/ch.fhir.ig.ch-epr-ppqm</pre><div><p>Implementation Guide for the Privacy Policy Query for Mobile (PPQm) for the Swiss EPR</p>
</div></div></text><url value="http://fhir.ch/ig/ch-epr-ppqm/ImplementationGuide/ch.fhir.ig.ch-epr-ppqm"/><version value="0.1.0"/><name value="ch_epr_ppqm"/><title value="CH EPR PPQm (R4)"/><status value="active"/><date value="2022-02-11"/><publisher value="eHealth Suisse"/><contact><name value="eHealth Suisse"/><telecom><system value="url"/><value value="http://www.e-health-suisse.ch"/></telecom></contact><description value="Implementation Guide for the Privacy Policy Query for Mobile (PPQm) for the Swiss EPR"/><jurisdiction><coding><system value="urn:iso:std:iso:3166"/><code value="CH"/></coding></jurisdiction><copyright value="CC-BY-SA-4.0"/><packageId value="ch.fhir.ig.ch-epr-ppqm"/><license value="CC-BY-SA-4.0"/><fhirVersion value="4.0.1"/><dependsOn id="ch_fhir_ig_ch_epr_mhealth"><uri value="http://fhir.ch/ig/ch-epr-mhealth/ImplementationGuide/ch.fhir.ig.ch-epr-mhealth"/><packageId value="ch.fhir.ig.ch-epr-mhealth"/><version value="1.0.0"/></dependsOn><definition><extension url="http://hl7.org/fhir/tools/StructureDefinition/ig-parameter"><extension url="code"><valueString value="copyrightyear"/></extension><extension url="value"><valueString value="2022+"/></extension></extension><extension url="http://hl7.org/fhir/tools/StructureDefinition/ig-parameter"><extension url="code"><valueString value="releaselabel"/></extension><extension url="value"><valueString value="DSTU 1"/></extension></extension><extension url="http://hl7.org/fhir/tools/StructureDefinition/ig-parameter"><extension url="code"><valueString value="path-liquid"/></extension><extension url="value"><valueString value="template/liquid"/></extension></extension><extension url="http://hl7.org/fhir/tools/StructureDefinition/ig-parameter"><extension url="code"><valueString value="path-liquid"/></extension><extension url="value"><valueString value="input/liquid"/></extension></extension><extension url="http://hl7.org/fhir/tools/StructureDefinition/ig-parameter"><extension url="code"><valueString value="path-qa"/></extension><extension url="value"><valueString value="temp/qa"/></extension></extension><extension url="http://hl7.org/fhir/tools/StructureDefinition/ig-parameter"><extension url="code"><valueString value="path-temp"/></extension><extension url="value"><valueString value="temp/pages"/></extension></extension><extension url="http://hl7.org/fhir/tools/StructureDefinition/ig-parameter"><extension url="code"><valueString value="path-output"/></extension><extension url="value"><valueString value="output"/></extension></extension><extension url="http://hl7.org/fhir/tools/StructureDefinition/ig-parameter"><extension url="code"><valueString value="path-suppressed-warnings"/></extension><extension url="value"><valueString value="input/ignoreWarnings.txt"/></extension></extension><extension url="http://hl7.org/fhir/tools/StructureDefinition/ig-parameter"><extension url="code"><valueString value="path-history"/></extension><extension url="value"><valueString value="http://fhir.ch/ig/ch-epr-ppqm/history.html"/></extension></extension><extension url="http://hl7.org/fhir/tools/StructureDefinition/ig-parameter"><extension url="code"><valueString value="template-html"/></extension><extension url="value"><valueString value="template-page.html"/></extension></extension><extension url="http://hl7.org/fhir/tools/StructureDefinition/ig-parameter"><extension url="code"><valueString value="template-md"/></extension><extension url="value"><valueString value="template-page-md.html"/></extension></extension><extension url="http://hl7.org/fhir/tools/StructureDefinition/ig-parameter"><extension url="code"><valueString value="apply-contact"/></extension><extension url="value"><valueString value="true"/></extension></extension><extension url="http://hl7.org/fhir/tools/StructureDefinition/ig-parameter"><extension url="code"><valueString value="apply-context"/></extension><extension url="value"><valueString value="true"/></extension></extension><extension url="http://hl7.org/fhir/tools/StructureDefinition/ig-parameter"><extension url="code"><valueString value="apply-copyright"/></extension><extension url="value"><valueString value="true"/></extension></extension><extension url="http://hl7.org/fhir/tools/StructureDefinition/ig-parameter"><extension url="code"><valueString value="apply-jurisdiction"/></extension><extension url="value"><valueString value="true"/></extension></extension><extension url="http://hl7.org/fhir/tools/StructureDefinition/ig-parameter"><extension url="code"><valueString value="apply-license"/></extension><extension url="value"><valueString value="true"/></extension></extension><extension url="http://hl7.org/fhir/tools/StructureDefinition/ig-parameter"><extension url="code"><valueString value="apply-publisher"/></extension><extension url="value"><valueString value="true"/></extension></extension><extension url="http://hl7.org/fhir/tools/StructureDefinition/ig-parameter"><extension url="code"><valueString value="apply-version"/></extension><extension url="value"><valueString value="true"/></extension></extension><extension url="http://hl7.org/fhir/tools/StructureDefinition/ig-parameter"><extension url="code"><valueString value="active-tables"/></extension><extension url="value"><valueString value="true"/></extension></extension><grouping id="-str-profile"><name value="Structures: Resource Profiles"/><description value="These define constraints on FHIR resources for systems conforming to this implementation guide"/></grouping><grouping id="-term-valueset"><name value="Terminology: Value Sets"/><description value="These define sets of codes used by systems conforming to this implementation guide"/></grouping><grouping id="-term-codesystem"><name value="Terminology: Code Systems"/><description value="These define new code systems used by systems conforming to this implementation guide"/></grouping><grouping id="-ex-example"><name value="Example: Example Instances"/><description value="These are example instances that show what data produced and consumed by systems conforming with this implementation guide might look like"/></grouping><resource><extension url="http://hl7.org/fhir/StructureDefinition/implementationguide-page"><valueUri value="StructureDefinition-PpqmConsent.html"/></extension><reference><reference value="StructureDefinition/PpqmConsent"/></reference><name value="PpqmConsent"/><description value="Swiss EPR Policy Set as a Consent"/><exampleBoolean value="false"/><groupingId value="-str-profile"/></resource><resource><extension url="http://hl7.org/fhir/StructureDefinition/implementationguide-page"><valueUri value="StructureDefinition-PpqmRequestBundle.html"/></extension><reference><reference value="StructureDefinition/PpqmRequestBundle"/></reference><name value="PpqmRequestBundle"/><description value="Bundle for Mobile Privacy Policy Bundle Feed requests"/><exampleBoolean value="false"/><groupingId value="-str-profile"/></resource><resource><extension url="http://hl7.org/fhir/StructureDefinition/implementationguide-page"><valueUri value="StructureDefinition-PpqmResponseBundle.html"/></extension><reference><reference value="StructureDefinition/PpqmResponseBundle"/></reference><name value="PpqmResponseBundle"/><description value="Bundle for Mobile Privacy Policy Query responses"/><exampleBoolean value="false"/><groupingId value="-str-profile"/></resource><resource><extension url="http://hl7.org/fhir/StructureDefinition/implementationguide-page"><valueUri value="ValueSet-PpqmActorIdentifierType.html"/></extension><reference><reference value="ValueSet/PpqmActorIdentifierType"/></reference><name value="PpqmActorIdentifierType"/><description value="Actor Identifier Types for PPQm"/><exampleBoolean value="false"/><groupingId value="-term-valueset"/></resource><resource><extension url="http://hl7.org/fhir/StructureDefinition/implementationguide-page"><valueUri value="ValueSet-PpqmConsentIdentifierType.html"/></extension><reference><reference value="ValueSet/PpqmConsentIdentifierType"/></reference><name value="PpqmConsentIdentifierType"/><description value="Value Set for PPQm Consent Identifier Types"/><exampleBoolean value="false"/><groupingId value="-term-valueset"/></resource><resource><extension url="http://hl7.org/fhir/StructureDefinition/implementationguide-page"><valueUri value="ValueSet-PpqmFeedRequestHttpMethod.html"/></extension><reference><reference value="ValueSet/PpqmFeedRequestHttpMethod"/></reference><name value="PpqmFeedRequestHttpMethod"/><description value="HTTP methods allowed in PPQm Feed requests"/><exampleBoolean value="false"/><groupingId value="-term-valueset"/></resource><resource><extension url="http://hl7.org/fhir/StructureDefinition/implementationguide-page"><valueUri value="ValueSet-PpqmPolicySetTemplateId.html"/></extension><reference><reference value="ValueSet/PpqmPolicySetTemplateId"/></reference><name value="PpqmPolicySetTemplateId"/><description value="IDs of policy set templates"/><exampleBoolean value="false"/><groupingId value="-term-valueset"/></resource><resource><extension url="http://hl7.org/fhir/StructureDefinition/implementationguide-page"><valueUri value="ValueSet-PpqmReferencedPolicySet.html"/></extension><reference><reference value="ValueSet/PpqmReferencedPolicySet"/></reference><name value="PpqmReferencedPolicySet"/><description value="IDs of basis policy sets to be referenced from patient policies"/><exampleBoolean value="false"/><groupingId value="-term-valueset"/></resource><resource><extension url="http://hl7.org/fhir/StructureDefinition/implementationguide-page"><valueUri value="CodeSystem-EprActorNameQualifier.html"/></extension><reference><reference value="CodeSystem/EprActorNameQualifier"/></reference><name value="EprActorNameQualifier"/><description value="Code system for actor name qualifiers in EPR"/><exampleBoolean value="false"/><groupingId value="-term-codesystem"/></resource><resource><extension url="http://hl7.org/fhir/StructureDefinition/implementationguide-page"><valueUri value="CodeSystem-EprOrganizationIdQualifier.html"/></extension><reference><reference value="CodeSystem/EprOrganizationIdQualifier"/></reference><name value="EprOrganizationIdQualifier"/><description value="Code system for organization ID qualifiers in EPR"/><exampleBoolean value="false"/><groupingId value="-term-codesystem"/></resource><resource><extension url="http://hl7.org/fhir/StructureDefinition/implementationguide-page"><valueUri value="CodeSystem-EprReferencedPolicySet.html"/></extension><reference><reference value="CodeSystem/EprReferencedPolicySet"/></reference><name value="EprReferencedPolicySet"/><description value="IDs of basis policy sets to be referenced from patient policies"/><exampleBoolean value="false"/><groupingId value="-term-codesystem"/></resource><resource><extension url="http://hl7.org/fhir/StructureDefinition/implementationguide-page"><valueUri value="CodeSystem-PpqmConsentIdentifierType.html"/></extension><reference><reference value="CodeSystem/PpqmConsentIdentifierType"/></reference><name value="PpqmConsentIdentifierType"/><description value="Code system for PPQm Consent Identifier Types"/><exampleBoolean value="false"/><groupingId value="-term-codesystem"/></resource><resource><extension url="http://hl7.org/fhir/StructureDefinition/implementationguide-page"><valueUri value="CodeSystem-PpqmPolicySetTemplateId.html"/></extension><reference><reference value="CodeSystem/PpqmPolicySetTemplateId"/></reference><name value="PpqmPolicySetTemplateId"/><description value="Code system for Policy Set Template IDs"/><exampleBoolean value="false"/><groupingId value="-term-codesystem"/></resource><resource><extension url="http://hl7.org/fhir/StructureDefinition/implementationguide-page"><valueUri value="Consent-Template201Consent.html"/></extension><reference><reference value="Consent/Template201Consent"/></reference><name value="PpqmConsent for template 201 -- Full access for the patient"/><description value="PpqmConsent for template 201 -- Full access for the patient"/><exampleCanonical value="http://fhir.ch/ig/ch-epr-ppqm/StructureDefinition/PpqmConsent"/><groupingId value="-ex-example"/></resource><resource><extension url="http://hl7.org/fhir/StructureDefinition/implementationguide-page"><valueUri value="Consent-Template202Consent.html"/></extension><reference><reference value="Consent/Template202Consent"/></reference><name value="PpqmConsent for template 202 -- Access in emergency mode"/><description value="PpqmConsent for template 202 -- Access in emergency mode"/><exampleCanonical value="http://fhir.ch/ig/ch-epr-ppqm/StructureDefinition/PpqmConsent"/><groupingId value="-ex-example"/></resource><resource><extension url="http://hl7.org/fhir/StructureDefinition/implementationguide-page"><valueUri value="Consent-Template203Consent.html"/></extension><reference><reference value="Consent/Template203Consent"/></reference><name value="PpqmConsent for template 203 -- Default provide level"/><description value="PpqmConsent for template 203 -- Default provide level"/><exampleCanonical value="http://fhir.ch/ig/ch-epr-ppqm/StructureDefinition/PpqmConsent"/><groupingId value="-ex-example"/></resource><resource><extension url="http://hl7.org/fhir/StructureDefinition/implementationguide-page"><valueUri value="Consent-Template301Consent.html"/></extension><reference><reference value="Consent/Template301Consent"/></reference><name value="PpqmConsent for template 301 -- Access level for a healthcare professional"/><description value="PpqmConsent for template 301 -- Access level for a healthcare professional"/><exampleCanonical value="http://fhir.ch/ig/ch-epr-ppqm/StructureDefinition/PpqmConsent"/><groupingId value="-ex-example"/></resource><resource><extension url="http://hl7.org/fhir/StructureDefinition/implementationguide-page"><valueUri value="Consent-Template302Consent.html"/></extension><reference><reference value="Consent/Template302Consent"/></reference><name value="PpqmConsent for template 302 -- Access level for a group of healthcare professionals"/><description value="PpqmConsent for template 302 -- Access level for a group of healthcare professionals"/><exampleCanonical value="http://fhir.ch/ig/ch-epr-ppqm/StructureDefinition/PpqmConsent"/><groupingId value="-ex-example"/></resource><resource><extension url="http://hl7.org/fhir/StructureDefinition/implementationguide-page"><valueUri value="Consent-Template303Consent.html"/></extension><reference><reference value="Consent/Template303Consent"/></reference><name value="PpqmConsent for template 303 -- Full access for a representative"/><description value="PpqmConsent for template 303 -- Full access for a representative"/><exampleCanonical value="http://fhir.ch/ig/ch-epr-ppqm/StructureDefinition/PpqmConsent"/><groupingId value="-ex-example"/></resource><page><nameUrl value="toc.html"/><title value="Table of Contents"/><generation value="html"/><page><nameUrl value="index.html"/><title value="Home"/><generation value="markdown"/></page><page><nameUrl value="artifacts.html"/><title value="Artifacts Summary"/><generation value="html"/><page><nameUrl value="StructureDefinition-PpqmConsent.html"/><title value="PpqmConsent"/><generation value="generated"/></page><page><nameUrl value="StructureDefinition-PpqmRequestBundle.html"/><title value="PpqmRequestBundle"/><generation value="generated"/></page><page><nameUrl value="StructureDefinition-PpqmResponseBundle.html"/><title value="PpqmResponseBundle"/><generation value="generated"/></page><page><nameUrl value="ValueSet-PpqmActorIdentifierType.html"/><title value="PpqmActorIdentifierType"/><generation value="generated"/></page><page><nameUrl value="ValueSet-PpqmConsentIdentifierType.html"/><title value="PpqmConsentIdentifierType"/><generation value="generated"/></page><page><nameUrl value="ValueSet-PpqmFeedRequestHttpMethod.html"/><title value="PpqmFeedRequestHttpMethod"/><generation value="generated"/></page><page><nameUrl value="ValueSet-PpqmPolicySetTemplateId.html"/><title value="PpqmPolicySetTemplateId"/><generation value="generated"/></page><page><nameUrl value="ValueSet-PpqmReferencedPolicySet.html"/><title value="PpqmReferencedPolicySet"/><generation value="generated"/></page><page><nameUrl value="CodeSystem-EprActorNameQualifier.html"/><title value="EprActorNameQualifier"/><generation value="generated"/></page><page><nameUrl value="CodeSystem-EprOrganizationIdQualifier.html"/><title value="EprOrganizationIdQualifier"/><generation value="generated"/></page><page><nameUrl value="CodeSystem-EprReferencedPolicySet.html"/><title value="EprReferencedPolicySet"/><generation value="generated"/></page><page><nameUrl value="CodeSystem-PpqmConsentIdentifierType.html"/><title value="PpqmConsentIdentifierType"/><generation value="generated"/></page><page><nameUrl value="CodeSystem-PpqmPolicySetTemplateId.html"/><title value="PpqmPolicySetTemplateId"/><generation value="generated"/></page><page><nameUrl value="Consent-Template201Consent.html"/><title value="PpqmConsent for template 201 -- Full access for the patient"/><generation value="generated"/></page><page><nameUrl value="Consent-Template202Consent.html"/><title value="PpqmConsent for template 202 -- Access in emergency mode"/><generation value="generated"/></page><page><nameUrl value="Consent-Template203Consent.html"/><title value="PpqmConsent for template 203 -- Default provide level"/><generation value="generated"/></page><page><nameUrl value="Consent-Template301Consent.html"/><title value="PpqmConsent for template 301 -- Access level for a healthcare professional"/><generation value="generated"/></page><page><nameUrl value="Consent-Template302Consent.html"/><title value="PpqmConsent for template 302 -- Access level for a group of healthcare professionals"/><generation value="generated"/></page><page><nameUrl value="Consent-Template303Consent.html"/><title value="PpqmConsent for template 303 -- Full access for a representative"/><generation value="generated"/></page></page></page><parameter><code value="path-resource"/><value value="input/capabilities"/></parameter><parameter><code value="path-resource"/><value value="input/examples"/></parameter><parameter><code value="path-resource"/><value value="input/extensions"/></parameter><parameter><code value="path-resource"/><value value="input/models"/></parameter><parameter><code value="path-resource"/><value value="input/operations"/></parameter><parameter><code value="path-resource"/><value value="input/profiles"/></parameter><parameter><code value="path-resource"/><value value="input/resources"/></parameter><parameter><code value="path-resource"/><value value="input/vocabulary"/></parameter><parameter><code value="path-resource"/><value value="input/maps"/></parameter><parameter><code value="path-resource"/><value value="input/testing"/></parameter><parameter><code value="path-resource"/><value value="input/history"/></parameter><parameter><code value="path-resource"/><value value="fsh-generated/resources"/></parameter><parameter><code value="path-pages"/><value value="template/config"/></parameter><parameter><code value="path-pages"/><value value="input/images"/></parameter><parameter><code value="path-tx-cache"/><value value="input-cache/txcache"/></parameter></definition></ImplementationGuide>