{"resourceType":"SearchParameter","id":"SearchParameter-ch-elm-status","text":{"status":"generated","div":"<div xmlns=\"http://www.w3.org/1999/xhtml\"><h2>elmstatus</h2><p>Parameter <code>elm-status</code>:<code>token</code></p><div><p>Status of the processing of the document referenced by the DocumentReference</p>\n</div><table class=\"grid\"><tr><td>Resource</td><td><a href=\"http://hl7.org/fhir/R4/documentreference.html\">DocumentReference</a></td></tr><tr><td>Expression</td><td><code>DocumentReference.extension.where(url='http://fhir.ch/ig/ch-elm/StructureDefinition/ch-ext-elm-status').value</code></td></tr><tr><td>Processing Mode</td><td>Normal</td></tr><tr><td>Multiples</td><td><ul><li>multipleAnd: The parameter may repeat in order to specify multiple values that must all be true</li><li>multipleOr: It's up to the server whether the parameter can have multiple values (separated by comma) where at least one must be true</li></ul></td></tr></table></div>"},"url":"http://fhir.ch/ig/ch-elm/SearchParameter/SearchParameter-ch-elm-status","version":"1.1.0","name":"elmstatus","status":"active","date":"2024-01-31T12:55:13+01:00","publisher":"Federal Office of Public Health FOPH","contact":[{"name":"Federal Office of Public Health FOPH","telecom":[{"system":"url","value":"https://www.bag.admin.ch/bag/en/home/das-bag/kontakt-standort.html"}]}],"description":"Status of the processing of the document referenced by the DocumentReference","jurisdiction":[{"coding":[{"system":"urn:iso:std:iso:3166","code":"CHE"}]}],"code":"elm-status","base":["DocumentReference"],"type":"token","expression":"DocumentReference.extension.where(url='http://fhir.ch/ig/ch-elm/StructureDefinition/ch-ext-elm-status').value","xpathUsage":"normal","multipleAnd":true}