"Id","Path","Slice Name","Alias(s)","Label","Min","Max","Must Support?","Is Modifier?","Is Summary?","Type(s)","Short","Definition","Comments","Requirements","Default Value","Meaning When Missing","Fixed Value","Pattern","Example","Minimum Value","Maximum Value","Maximum Length","Binding Strength","Binding Description","Binding Value Set","Code","Slicing Discriminator","Slicing Description","Slicing Ordered","Slicing Rules","Base Path","Base Min","Base Max","Condition(s)","Constraint(s)","Mapping: Concept Pregnancy Passport","Mapping: Workflow Pattern","Mapping: RIM Mapping","Mapping: iCalendar","Mapping: FiveWs Pattern Mapping","Mapping: HL7 v2 Mapping"
"Appointment","Appointment","","","",0,*,"","","","null {[]} {[]}
","CH EPREG Appointment: Next Examination","A booking of a healthcare event among patient(s), practitioner(s), related person(s) and/or device(s) for a specific date/time. This may result in one or more Encounter(s).","","","","","","","","","",,,,,"",,,,"Appointment",0,*,"","app-2:Either start and end are specified, or neither {start.exists() = end.exists()}
app-3:Only proposed or cancelled appointments can be missing start/end dates {(start.exists() and end.exists()) or (status in ('proposed' | 'cancelled' | 'waitlist'))}app-4:Cancelation reason is only used for appointments that have been cancelled, or no-show {Appointment.cancelationReason.exists() implies (Appointment.status='no-show' or Appointment.status='cancelled')}dom-2:If the resource is contained in another resource, it SHALL NOT contain nested Resources {contained.contained.empty()}dom-3:If the resource is contained in another resource, it SHALL be referred to from elsewhere in the resource or SHALL refer to the containing resource {contained.where((('#'+id in (%resource.descendants().reference | %resource.descendants().as(canonical) | %resource.descendants().as(uri) | %resource.descendants().as(url))) or descendants().where(reference = '#').exists() or descendants().where(as(canonical) = '#').exists() or descendants().where(as(canonical) = '#').exists()).not()).trace('unmatched', id).empty()}dom-4:If a resource is contained in another resource, it SHALL NOT have a meta.versionId or a meta.lastUpdated {contained.meta.versionId.empty() and contained.meta.lastUpdated.empty()}dom-5:If a resource is contained in another resource, it SHALL NOT have a security label {contained.meta.security.empty()}dom-6:A resource should have narrative for robust management {text.`div`.exists()}","Nächste Kontrolle | Prochain contrôle","Request","Entity. Role, or Act","Act[@moodCode <= 'INT']","VEVENT"
"Appointment.id","Appointment.id","","","",0,1,"","","Y","id {[]} {[]}
","Logical id of this artifact","The logical id of the resource, as used in the URL for the resource. Once assigned, this value never changes.","The only time that a resource does not have an id is when it is being submitted to the server using a create operation.","","","","","","","","",,,,,"",,,,"Resource.id",0,1,"",""
"Appointment.meta","Appointment.meta","","","",0,1,"","","Y","Meta {[]} {[]}
","Metadata about the resource","The metadata about the resource. This is content that is maintained by the infrastructure. Changes to the content might not always be associated with version changes to the resource.","","","","","","","","","",,,,,"",,,,"Resource.meta",0,1,"","ele-1:All FHIR elements must have a @value or children {hasValue() or (children().count() > id.count())}
"
"Appointment.implicitRules","Appointment.implicitRules","","","",0,1,"","Y","Y","uri {[]} {[]}
","A set of rules under which this content was created","A reference to a set of rules that were followed when the resource was constructed, and which must be understood when processing the content. Often, this is a reference to an implementation guide that defines the special rules along with other profiles etc.","Asserting this rule set restricts the content to be only understood by a limited set of trading partners. This inherently limits the usefulness of the data in the long term. However, the existing health eco-system is highly fractured, and not yet ready to define, collect, and exchange data in a generally computable sense. Wherever possible, implementers and/or specification writers should avoid using this element. Often, when used, the URL is a reference to an implementation guide that defines these special rules as part of it's narrative along with other profiles, value sets, etc.","","","","","","","","",,,,,"",,,,"Resource.implicitRules",0,1,"","ele-1:All FHIR elements must have a @value or children {hasValue() or (children().count() > id.count())}
"
"Appointment.language","Appointment.language","","","",0,1,"","","","code {[]} {[]}
","Language of the resource content","The base language in which the resource is written.","Language is provided to support indexing and accessibility (typically, services such as text to speech use the language tag). The html language tag in the narrative applies  to the narrative. The language tag on the resource may be used to specify the language of other presentations generated from the data in the resource. Not all the content has to be in the base language. The Resource.language should not be assumed to apply to the narrative automatically. If a language is specified, it should it also be specified on the div element in the html (see rules in HTML5 for information about the relationship between xml:lang and the html lang attribute).","","","","","","","","",,"preferred","A human language.","http://hl7.org/fhir/ValueSet/languages|4.0.1","",,,,"Resource.language",0,1,"","ele-1:All FHIR elements must have a @value or children {hasValue() or (children().count() > id.count())}
"
"Appointment.text","Appointment.text","","narrative
htmlxhtmldisplay","",0,1,"","","","Narrative {[]} {[]}
","Text summary of the resource, for human interpretation","A human-readable narrative that contains a summary of the resource and can be used to represent the content of the resource to a human. The narrative need not encode all the structured data, but is required to contain sufficient detail to make it ""clinically safe"" for a human to just read the narrative. Resource definitions may define what content should be represented in the narrative to ensure clinical safety.","Contained resources do not have narrative. Resources that are not contained SHOULD have a narrative. In some cases, a resource may only have text with little or no additional discrete data (as long as all minOccurs=1 elements are satisfied).  This may be necessary for data from legacy systems where information is captured as a ""text blob"" or where text is additionally entered raw or narrated and encoded information is added later.","","","","","","","","",,,,,"",,,,"DomainResource.text",0,1,"","ele-1:All FHIR elements must have a @value or children {hasValue() or (children().count() > id.count())}
","Act.text?"
"Appointment.contained","Appointment.contained","","inline resources
anonymous resourcescontained resources","",0,*,"","","","Resource {[]} {[]}
","Contained, inline Resources","These resources do not have an independent existence apart from the resource that contains them - they cannot be identified independently, and nor can they have their own independent transaction scope.","This should never be done when the content can be identified properly, as once identification is lost, it is extremely difficult (and context dependent) to restore it again. Contained resources may have profiles and tags In their meta elements, but SHALL NOT have security labels.","","","","","","","","",,,,,"",,,,"DomainResource.contained",0,*,"","","N/A"
"Appointment.extension","Appointment.extension","","extensions
user content","",0,*,"","","","Extension {[]} {[]}
","Additional content defined by implementations","May be used to represent additional information that is not part of the basic definition of the resource. To make the use of extensions safe and manageable, there is a strict set of governance  applied to the definition and use of extensions. Though any implementer can define an extension, there is a set of requirements that SHALL be met as part of the definition of the extension.","There can be no stigma associated with the use of extensions by any application, project, or standard - regardless of the institution or jurisdiction that uses or defines the extensions.  The use of extensions is what allows the FHIR specification to retain a core level of simplicity for everyone.","","","","","","","","",,,,,"",,,,"DomainResource.extension",0,*,"","ele-1:All FHIR elements must have a @value or children {hasValue() or (children().count() > id.count())}
ext-1:Must have either extensions or value[x], not both {extension.exists() != value.exists()}","N/A"
"Appointment.modifierExtension","Appointment.modifierExtension","","extensions
user content","",0,*,"","Y","","Extension {[]} {[]}
","Extensions that cannot be ignored","May be used to represent additional information that is not part of the basic definition of the resource and that modifies the understanding of the element that contains it and/or the understanding of the containing element's descendants. Usually modifier elements provide negation or qualification. To make the use of extensions safe and manageable, there is a strict set of governance applied to the definition and use of extensions. Though any implementer is allowed to define an extension, there is a set of requirements that SHALL be met as part of the definition of the extension. Applications processing a resource are required to check for modifier extensions.

Modifier extensions SHALL NOT change the meaning of any elements on Resource or DomainResource (including cannot change the meaning of modifierExtension itself).","There can be no stigma associated with the use of extensions by any application, project, or standard - regardless of the institution or jurisdiction that uses or defines the extensions.  The use of extensions is what allows the FHIR specification to retain a core level of simplicity for everyone.","Modifier extensions allow for extensions that *cannot* be safely ignored to be clearly distinguished from the vast majority of extensions which can be safely ignored.  This promotes interoperability by eliminating the need for implementers to prohibit the presence of extensions. For further information, see the [definition of modifier extensions](http://hl7.org/fhir/R4/extensibility.html#modifierExtension).","","","","","","","",,,,,"",,,,"DomainResource.modifierExtension",0,*,"","ele-1:All FHIR elements must have a @value or children {hasValue() or (children().count() > id.count())}
ext-1:Must have either extensions or value[x], not both {extension.exists() != value.exists()}","N/A"
"Appointment.identifier","Appointment.identifier","","","",0,*,"","","Y","Identifier {[]} {[]}
","External Ids for this item","This records identifiers associated with this appointment concern that are defined by business processes and/or used to refer to it when a direct URL reference to the resource itself is not appropriate (e.g. in CDA documents, or in written / printed documentation).","","","","","","","","","",,,,,"",,,,"Appointment.identifier",0,*,"","ele-1:All FHIR elements must have a @value or children {hasValue() or (children().count() > id.count())}
","Request.identifier",".id","UID","FiveWs.identifier","SCH-1, SCH-2, ARQ-1, ARQ-2"
"Appointment.status","Appointment.status","","","",1,1,"","Y","Y","code {[]} {[]}
","proposed | pending | booked | arrived | fulfilled | cancelled | noshow | entered-in-error | checked-in | waitlist","The overall status of the Appointment. Each of the participants has their own participation status which indicates their involvement in the process, however this status indicates the shared status.","If the Appointment's status is ""cancelled"" then all participants are expected to have their calendars released for the appointment period, and as such any Slots that were marked as BUSY can be re-set to FREE.

This element is labeled as a modifier because the status contains the code entered-in-error that mark the Appointment as not currently valid.","","","","","<valueCode xmlns=""http://hl7.org/fhir"" value=""booked""/>","","","",,"required","The free/busy status of an appointment.","http://hl7.org/fhir/ValueSet/appointmentstatus|4.0.1","",,,,"Appointment.status",1,1,"","ele-1:All FHIR elements must have a @value or children {hasValue() or (children().count() > id.count())}
","Request.status",".statusCode","STATUS","FiveWs.status","SCH-25"
"Appointment.cancelationReason","Appointment.cancelationReason","","","",0,1,"","","Y","CodeableConcept {[]} {[]}
","The coded reason for the appointment being cancelled","The coded reason for the appointment being cancelled. This is often used in reporting/billing/futher processing to determine if further actions are required, or specific fees apply.","","","","","","","","","",,"example","","http://hl7.org/fhir/ValueSet/appointment-cancellation-reason|4.0.1","",,,,"Appointment.cancelationReason",0,1,"","ele-1:All FHIR elements must have a @value or children {hasValue() or (children().count() > id.count())}
","n/a"
"Appointment.serviceCategory","Appointment.serviceCategory","","","",0,*,"","","Y","CodeableConcept {[]} {[]}
","A broad categorization of the service that is to be performed during this appointment","A broad categorization of the service that is to be performed during this appointment.","","","","","","","","","",,"example","","http://hl7.org/fhir/ValueSet/service-category|4.0.1","",,,,"Appointment.serviceCategory",0,*,"","ele-1:All FHIR elements must have a @value or children {hasValue() or (children().count() > id.count())}
","n/a, might be inferred from the ServiceDeliveryLocation","CATEGORIES"
"Appointment.serviceType","Appointment.serviceType","","","",0,*,"","","Y","CodeableConcept {[]} {[]}
","The specific service that is to be performed during this appointment","The specific service that is to be performed during this appointment.","For a provider to provider appointment the code ""FOLLOWUP"" may be appropriate, as this is expected to be discussing some patient that was seen in the past.","","","","","","","","",,"example","","http://hl7.org/fhir/ValueSet/service-type|4.0.1","",,,,"Appointment.serviceType",0,*,"","ele-1:All FHIR elements must have a @value or children {hasValue() or (children().count() > id.count())}
","Request.code","n/a, might be inferred from the ServiceDeliveryLocation"
"Appointment.specialty","Appointment.specialty","","","",0,*,"","","Y","CodeableConcept {[]} {[]}
","The specialty of a practitioner that would be required to perform the service requested in this appointment","The specialty of a practitioner that would be required to perform the service requested in this appointment.","","","","","","","","","",,"preferred","","http://hl7.org/fhir/ValueSet/c80-practice-codes|4.0.1","",,,,"Appointment.specialty",0,*,"","ele-1:All FHIR elements must have a @value or children {hasValue() or (children().count() > id.count())}
",".performer.AssignedPerson.code","FiveWs.class"
"Appointment.appointmentType","Appointment.appointmentType","","","",0,1,"","","Y","CodeableConcept {[]} {[]}
","The style of appointment or patient that has been booked in the slot (not service type)","The style of appointment or patient that has been booked in the slot (not service type).","","","","","","","","","",,"preferred","","http://terminology.hl7.org/ValueSet/v2-0276","",,,,"Appointment.appointmentType",0,1,"","ele-1:All FHIR elements must have a @value or children {hasValue() or (children().count() > id.count())}
",".code","CLASSIFICATION","ARQ-7"
"Appointment.reasonCode","Appointment.reasonCode","","","",0,*,"","","Y","CodeableConcept {[]} {[]}
","Coded reason this appointment is scheduled","The coded reason that this appointment is being scheduled. This is more clinical than administrative.","","","","","","","","","",,"preferred","The Reason for the appointment to take place.","http://hl7.org/fhir/ValueSet/encounter-reason|4.0.1","",,,,"Appointment.reasonCode",0,*,"","ele-1:All FHIR elements must have a @value or children {hasValue() or (children().count() > id.count())}
","Request.reasonCode",".reasonCode","AIS-3, SCH-7"
"Appointment.reasonReference","Appointment.reasonReference","","","",0,*,"","","","Reference {[]} {[CanonicalType[http://hl7.org/fhir/StructureDefinition/Condition|4.0.1], CanonicalType[http://hl7.org/fhir/StructureDefinition/Procedure|4.0.1], CanonicalType[http://hl7.org/fhir/StructureDefinition/Observation|4.0.1], CanonicalType[http://hl7.org/fhir/StructureDefinition/ImmunizationRecommendation|4.0.1]]}
","Reason the appointment is to take place (resource)","Reason the appointment has been scheduled to take place, as specified using information from another resource. When the patient arrives and the encounter begins it may be used as the admission diagnosis. The indication will typically be a Condition (with other resources referenced in the evidence.detail), or a Procedure.","","","","","","","","","",,,,,"",,,,"Appointment.reasonReference",0,*,"","ele-1:All FHIR elements must have a @value or children {hasValue() or (children().count() > id.count())}
","Request.reasonReference",".inboundRelationship[@typeCode = 'RSON'].observation"
"Appointment.priority","Appointment.priority","","","",0,1,"","","","unsignedInt {[]} {[]}
","Used to make informed decisions if needing to re-prioritize","The priority of the appointment. Can be used to make informed decisions if needing to re-prioritize appointments. (The iCal Standard specifies 0 as undefined, 1 as highest, 9 as lowest priority).","Seeking implementer feedback on this property and how interoperable it is.Using an extension to record a CodeableConcept for named values may be tested at a future connectathon.","","","","","","","","",,,,,"",,,,"Appointment.priority",0,1,"","ele-1:All FHIR elements must have a @value or children {hasValue() or (children().count() > id.count())}
","Request.priority",".priorityCode","PRIORITY","FiveWs.class","ARQ-12, SCH-11.6 / TQ1-9"
"Appointment.description","Appointment.description","","","",0,1,"","","","string {[]} {[]}
","Shown on a subject line in a meeting request, or appointment list","The brief description of the appointment as would be shown on a subject line in a meeting request, or appointment list. Detailed or expanded information should be put in the comment field.","","","","","","","","","",,,,,"",,,,"Appointment.description",0,1,"","ele-1:All FHIR elements must have a @value or children {hasValue() or (children().count() > id.count())}
",".text","SUMMARY","NTE-3"
"Appointment.supportingInformation","Appointment.supportingInformation","","","",0,*,"","","","Reference {[]} {[CanonicalType[http://hl7.org/fhir/StructureDefinition/Resource|4.0.1]]}
","Additional information to support the appointment","Additional information to support the appointment provided when making the appointment.","","","","","","","","","",,,,,"",,,,"Appointment.supportingInformation",0,*,"","ele-1:All FHIR elements must have a @value or children {hasValue() or (children().count() > id.count())}
","Request.supportingInfo",".inboundRelationship[@typeCode = 'SPRT'].observation","ATTACH","FiveWs.context"
"Appointment.start","Appointment.start","","","",1,1,"","","Y","instant {[]} {[]}
","When appointment is to take place","Date/Time that the appointment is to take place.","","","","","","","","","",,,,,"",,,,"Appointment.start",0,1,"","ele-1:All FHIR elements must have a @value or children {hasValue() or (children().count() > id.count())}
","Request.occurrence[x]",".effectiveTime.low","DTSTART","FiveWs.init","ARQ-11.1, SCH-11.4 / TQ1-7"
"Appointment.end","Appointment.end","","","",1,1,"","","Y","instant {[]} {[]}
","When appointment is to conclude","Date/Time that the appointment is to conclude.","","","","","","","","","",,,,,"",,,,"Appointment.end",0,1,"","ele-1:All FHIR elements must have a @value or children {hasValue() or (children().count() > id.count())}
","Request.occurrence[x]",".effectiveTime.high","DTEND","FiveWs.done[x]","SCH-11.5 / TQ1-8/ calculated based on the start and the duration which is in ARQ-9"
"Appointment.minutesDuration","Appointment.minutesDuration","","","",0,1,"","","","positiveInt {[]} {[]}
","Can be less than start/end (e.g. estimate)","Number of minutes that the appointment is to take. This can be less than the duration between the start and end times.  For example, where the actual time of appointment is only an estimate or if a 30 minute appointment is being requested, but any time would work.  Also, if there is, for example, a planned 15 minute break in the middle of a long appointment, the duration may be 15 minutes less than the difference between the start and end.","","","","","","","","","",,,,,"",,,,"Appointment.minutesDuration",0,1,"","ele-1:All FHIR elements must have a @value or children {hasValue() or (children().count() > id.count())}
","Request.occurrence[x]",".activityTime[@xsi:type = ('SXPR_TS', 'PIVL_TS')].width","DURATION (e.g. PT15M)"
"Appointment.slot","Appointment.slot","","","",0,*,"","","","Reference {[]} {[CanonicalType[http://hl7.org/fhir/StructureDefinition/Slot|4.0.1]]}
","The slots that this appointment is filling","The slots from the participants' schedules that will be filled by the appointment.","","","","","","","","","",,,,,"",,,,"Appointment.slot",0,*,"","ele-1:All FHIR elements must have a @value or children {hasValue() or (children().count() > id.count())}
",".outboundRelationship[@typeCode = 'REFR'].act[@classCode = 'ACT'][@moodCode = 'SLOT']"
"Appointment.created","Appointment.created","","","",0,1,"","","","dateTime {[]} {[]}
","The date that this appointment was initially created","The date that this appointment was initially created. This could be different to the meta.lastModified value on the initial entry, as this could have been before the resource was created on the FHIR server, and should remain unchanged over the lifespan of the appointment.","This property is required for many use cases where the age of an appointment is considered in processing workflows for scheduling and billing of appointments.","","","","","","","","",,,,,"",,,,"Appointment.created",0,1,"","ele-1:All FHIR elements must have a @value or children {hasValue() or (children().count() > id.count())}
","Request.authoredOn",".author.time","CREATED"
"Appointment.comment","Appointment.comment","","","",0,1,"","","","string {[]} {[]}
","Additional comments","Additional comments about the appointment.","Additional text to aid in facilitating the appointment. For instance, a comment might be, ""patient should proceed immediately to infusion room upon arrival""Where this is a planned appointment and the start/end dates are not set then this field can be used to provide additional guidance on the details of the appointment request, including any restrictions on when to book it.","","","","","","","","",,,,,"",,,,"Appointment.comment",0,1,"","ele-1:All FHIR elements must have a @value or children {hasValue() or (children().count() > id.count())}
","Request.note",".subjectOf.observation[@moodCode = 'EVN'][code = 'annotation'].value","DESCRIPTION (for internal use)","NTE-3"
"Appointment.patientInstruction","Appointment.patientInstruction","","","",0,1,"","","","string {[]} {[]}
","Detailed information and instructions for the patient","While Appointment.comment contains information for internal use, Appointment.patientInstructions is used to capture patient facing information about the Appointment (e.g. please bring your referral or fast from 8pm night before).","","","","","","","","","",,,,,"",,,,"Appointment.patientInstruction",0,1,"","ele-1:All FHIR elements must have a @value or children {hasValue() or (children().count() > id.count())}
",".subjectOf.observation[@moodCode = 'EVN'][code = 'annotation'].value","DESCRIPTION (for patient use)","NTE-3"
"Appointment.basedOn","Appointment.basedOn","","incomingReferral
","",0,*,"","","","Reference {[]} {[CanonicalType[http://hl7.org/fhir/StructureDefinition/ServiceRequest|4.0.1]]}
","The service request this appointment is allocated to assess","The service request this appointment is allocated to assess (e.g. incoming referral or procedure request).","","","","","","","","","",,,,,"",,,,"Appointment.basedOn",0,*,"","ele-1:All FHIR elements must have a @value or children {hasValue() or (children().count() > id.count())}
","Request.basedOn",".outboundRelationship[@typeCode = 'FLFS'].act[@classCode < 'ActCareProvisionRequestType'][@moodCode = 'RQO']"
"Appointment.participant","Appointment.participant","","","",2,*,"","","","BackboneElement {[]} {[]}
","Participants involved in appointment","List of participants involved in the appointment.","","","","","","","","","",,,,,"","type:actor.resolve()}
","",,"open","Appointment.participant",1,*,"","app-1:Either the type or actor on the participant SHALL be specified {type.exists() or actor.exists()}
ele-1:All FHIR elements must have a @value or children {hasValue() or (children().count() > id.count())}","Request.performer, Request.subject","performer | reusableDevice | subject | location","ATTENDEE component to be created","PID, AIP, AIG, AIL"
"Appointment.participant.id","Appointment.participant.id","","","",0,1,"","","","string {[]} {[]}
","Unique id for inter-element referencing","Unique id for the element within a resource (for internal references). This may be any string value that does not contain spaces.","","","","","","","","","",,,,,"",,,,"Element.id",0,1,"","","n/a"
"Appointment.participant.extension","Appointment.participant.extension","","extensions
user content","",0,*,"","","","Extension {[]} {[]}
","Additional content defined by implementations","May be used to represent additional information that is not part of the basic definition of the element. To make the use of extensions safe and manageable, there is a strict set of governance  applied to the definition and use of extensions. Though any implementer can define an extension, there is a set of requirements that SHALL be met as part of the definition of the extension.","There can be no stigma associated with the use of extensions by any application, project, or standard - regardless of the institution or jurisdiction that uses or defines the extensions.  The use of extensions is what allows the FHIR specification to retain a core level of simplicity for everyone.","","","","","","","","",,,,,"",,,,"Element.extension",0,*,"","ele-1:All FHIR elements must have a @value or children {hasValue() or (children().count() > id.count())}
ext-1:Must have either extensions or value[x], not both {extension.exists() != value.exists()}","n/a"
"Appointment.participant.modifierExtension","Appointment.participant.modifierExtension","","extensions
user contentmodifiers","",0,*,"","Y","Y","Extension {[]} {[]}
","Extensions that cannot be ignored even if unrecognized","May be used to represent additional information that is not part of the basic definition of the element and that modifies the understanding of the element in which it is contained and/or the understanding of the containing element's descendants. Usually modifier elements provide negation or qualification. To make the use of extensions safe and manageable, there is a strict set of governance applied to the definition and use of extensions. Though any implementer can define an extension, there is a set of requirements that SHALL be met as part of the definition of the extension. Applications processing a resource are required to check for modifier extensions.

Modifier extensions SHALL NOT change the meaning of any elements on Resource or DomainResource (including cannot change the meaning of modifierExtension itself).","There can be no stigma associated with the use of extensions by any application, project, or standard - regardless of the institution or jurisdiction that uses or defines the extensions.  The use of extensions is what allows the FHIR specification to retain a core level of simplicity for everyone.","Modifier extensions allow for extensions that *cannot* be safely ignored to be clearly distinguished from the vast majority of extensions which can be safely ignored.  This promotes interoperability by eliminating the need for implementers to prohibit the presence of extensions. For further information, see the [definition of modifier extensions](http://hl7.org/fhir/R4/extensibility.html#modifierExtension).","","","","","","","",,,,,"",,,,"BackboneElement.modifierExtension",0,*,"","ele-1:All FHIR elements must have a @value or children {hasValue() or (children().count() > id.count())}
ext-1:Must have either extensions or value[x], not both {extension.exists() != value.exists()}","N/A"
"Appointment.participant.type","Appointment.participant.type","","","",0,*,"","","Y","CodeableConcept {[]} {[]}
","Role of participant in the appointment","Role of participant in the appointment.","The role of the participant can be used to declare what the actor will be doing in the scope of this appointment.If the actor is not specified, then it is expected that the actor will be filled in at a later stage of planning.This value SHALL be the same when creating an AppointmentResponse so that they can be matched, and subsequently update the Appointment.","","","","","","","","",,"extensible","Role of participant in encounter.","http://hl7.org/fhir/ValueSet/encounter-participant-type|4.0.1","",,,,"Appointment.participant.type",0,*,"","ele-1:All FHIR elements must have a @value or children {hasValue() or (children().count() > id.count())}
","(performer | reusableDevice | subject | location).@typeCode","n/a","AIP-4, AIG-4"
"Appointment.participant.actor","Appointment.participant.actor","","","",0,1,"","","Y","Reference {[]} {[CanonicalType[http://hl7.org/fhir/StructureDefinition/Patient|4.0.1], CanonicalType[http://hl7.org/fhir/StructureDefinition/Practitioner|4.0.1], CanonicalType[http://hl7.org/fhir/StructureDefinition/PractitionerRole|4.0.1], CanonicalType[http://hl7.org/fhir/StructureDefinition/RelatedPerson|4.0.1], CanonicalType[http://hl7.org/fhir/StructureDefinition/Device|4.0.1], CanonicalType[http://hl7.org/fhir/StructureDefinition/HealthcareService|4.0.1], CanonicalType[http://hl7.org/fhir/StructureDefinition/Location|4.0.1]]}
","Person, Location/HealthcareService or Device","A Person, Location/HealthcareService or Device that is participating in the appointment.","","","","","","","","","",,,,,"",,,,"Appointment.participant.actor",0,1,"","ele-1:All FHIR elements must have a @value or children {hasValue() or (children().count() > id.count())}
","performer.person | reusableDevice.manufacturedDevice | subject.patient | location.serviceDeliveryLocation","ATTENDEE: (Need to provide the common name CN and also the MAILTO properties from the practitioner resource) where the participant type is not ""information-only""","FiveWs.who","PID-3-Patient ID List | AIL-3 | AIG-3 | AIP-3"
"Appointment.participant.required","Appointment.participant.required","","","",0,1,"","","Y","code {[]} {[]}
","required | optional | information-only","Whether this participant is required to be present at the meeting. This covers a use-case where two doctors need to meet to discuss the results for a specific patient, and the patient is not required to be present.","","","","","","","","","",,"required","Is the Participant required to attend the appointment.","http://hl7.org/fhir/ValueSet/participantrequired|4.0.1","",,,,"Appointment.participant.required",0,1,"","ele-1:All FHIR elements must have a @value or children {hasValue() or (children().count() > id.count())}
","(performer | reusableDevice | subject | location).@performInd","ROLE=REQ-PARTICIPANT (roleparam)"
"Appointment.participant.status","Appointment.participant.status","","","",1,1,"","","Y","code {[]} {[]}
","accepted | declined | tentative | needs-action","Participation status of the actor.","","","","","","","","","",,"required","The Participation status of an appointment.","http://hl7.org/fhir/ValueSet/participationstatus|4.0.1","",,,,"Appointment.participant.status",1,1,"","ele-1:All FHIR elements must have a @value or children {hasValue() or (children().count() > id.count())}
","(performer | reusableDevice | subject | location).statusCode","ATTENDEE;CN=""John Doe"";RSVP=TRUE:mailto:john@doe.com (rsvpparam | partstatparam)","AIP-12, AIG-14"
"Appointment.participant.period","Appointment.participant.period","","","",0,1,"","","","Period {[]} {[]}
","Participation period of the actor","Participation period of the actor.","","","","","","","","","",,,,,"",,,,"Appointment.participant.period",0,1,"","ele-1:All FHIR elements must have a @value or children {hasValue() or (children().count() > id.count())}
","n/a"
"Appointment.participant:patient","Appointment.participant","patient","","",1,1,"","","","BackboneElement {[]} {[]}
","Participants involved in appointment","List of participants involved in the appointment.","","","","","","","","","",,,,,"",,,,"Appointment.participant",1,*,"","app-1:Either the type or actor on the participant SHALL be specified {type.exists() or actor.exists()}
ele-1:All FHIR elements must have a @value or children {hasValue() or (children().count() > id.count())}","Schwangere Person | Personne enceinte","Request.performer, Request.subject","performer | reusableDevice | subject | location","ATTENDEE component to be created","PID, AIP, AIG, AIL"
"Appointment.participant:patient.id","Appointment.participant.id","","","",0,1,"","","","string {[]} {[]}
","Unique id for inter-element referencing","Unique id for the element within a resource (for internal references). This may be any string value that does not contain spaces.","","","","","","","","","",,,,,"",,,,"Element.id",0,1,"","","n/a"
"Appointment.participant:patient.extension","Appointment.participant.extension","","extensions
user content","",0,*,"","","","Extension {[]} {[]}
","Additional content defined by implementations","May be used to represent additional information that is not part of the basic definition of the element. To make the use of extensions safe and manageable, there is a strict set of governance  applied to the definition and use of extensions. Though any implementer can define an extension, there is a set of requirements that SHALL be met as part of the definition of the extension.","There can be no stigma associated with the use of extensions by any application, project, or standard - regardless of the institution or jurisdiction that uses or defines the extensions.  The use of extensions is what allows the FHIR specification to retain a core level of simplicity for everyone.","","","","","","","","",,,,,"",,,,"Element.extension",0,*,"","ele-1:All FHIR elements must have a @value or children {hasValue() or (children().count() > id.count())}
ext-1:Must have either extensions or value[x], not both {extension.exists() != value.exists()}","n/a"
"Appointment.participant:patient.modifierExtension","Appointment.participant.modifierExtension","","extensions
user contentmodifiers","",0,*,"","Y","Y","Extension {[]} {[]}
","Extensions that cannot be ignored even if unrecognized","May be used to represent additional information that is not part of the basic definition of the element and that modifies the understanding of the element in which it is contained and/or the understanding of the containing element's descendants. Usually modifier elements provide negation or qualification. To make the use of extensions safe and manageable, there is a strict set of governance applied to the definition and use of extensions. Though any implementer can define an extension, there is a set of requirements that SHALL be met as part of the definition of the extension. Applications processing a resource are required to check for modifier extensions.

Modifier extensions SHALL NOT change the meaning of any elements on Resource or DomainResource (including cannot change the meaning of modifierExtension itself).","There can be no stigma associated with the use of extensions by any application, project, or standard - regardless of the institution or jurisdiction that uses or defines the extensions.  The use of extensions is what allows the FHIR specification to retain a core level of simplicity for everyone.","Modifier extensions allow for extensions that *cannot* be safely ignored to be clearly distinguished from the vast majority of extensions which can be safely ignored.  This promotes interoperability by eliminating the need for implementers to prohibit the presence of extensions. For further information, see the [definition of modifier extensions](http://hl7.org/fhir/R4/extensibility.html#modifierExtension).","","","","","","","",,,,,"",,,,"BackboneElement.modifierExtension",0,*,"","ele-1:All FHIR elements must have a @value or children {hasValue() or (children().count() > id.count())}
ext-1:Must have either extensions or value[x], not both {extension.exists() != value.exists()}","N/A"
"Appointment.participant:patient.type","Appointment.participant.type","","","",0,*,"","","Y","CodeableConcept {[]} {[]}
","Role of participant in the appointment","Role of participant in the appointment.","The role of the participant can be used to declare what the actor will be doing in the scope of this appointment.If the actor is not specified, then it is expected that the actor will be filled in at a later stage of planning.This value SHALL be the same when creating an AppointmentResponse so that they can be matched, and subsequently update the Appointment.","","","","","","","","",,"extensible","Role of participant in encounter.","http://hl7.org/fhir/ValueSet/encounter-participant-type|4.0.1","",,,,"Appointment.participant.type",0,*,"","ele-1:All FHIR elements must have a @value or children {hasValue() or (children().count() > id.count())}
","(performer | reusableDevice | subject | location).@typeCode","n/a","AIP-4, AIG-4"
"Appointment.participant:patient.actor","Appointment.participant.actor","","","",1,1,"","","Y","Reference {[]} {[CanonicalType[http://fhir.ch/ig/ch-epreg/StructureDefinition/ch-epreg-patient-mother]]}
","Person, Location/HealthcareService or Device","A Person, Location/HealthcareService or Device that is participating in the appointment.","","","","","","","","","",,,,,"",,,,"Appointment.participant.actor",0,1,"","ele-1:All FHIR elements must have a @value or children {hasValue() or (children().count() > id.count())}
","performer.person | reusableDevice.manufacturedDevice | subject.patient | location.serviceDeliveryLocation","ATTENDEE: (Need to provide the common name CN and also the MAILTO properties from the practitioner resource) where the participant type is not ""information-only""","FiveWs.who","PID-3-Patient ID List | AIL-3 | AIG-3 | AIP-3"
"Appointment.participant:patient.required","Appointment.participant.required","","","",1,1,"","","Y","code {[]} {[]}
","required | optional | information-only","Whether this participant is required to be present at the meeting. This covers a use-case where two doctors need to meet to discuss the results for a specific patient, and the patient is not required to be present.","","","","","","<valueCode xmlns=""http://hl7.org/fhir"" value=""required""/>","","","",,"required","Is the Participant required to attend the appointment.","http://hl7.org/fhir/ValueSet/participantrequired|4.0.1","",,,,"Appointment.participant.required",0,1,"","ele-1:All FHIR elements must have a @value or children {hasValue() or (children().count() > id.count())}
","(performer | reusableDevice | subject | location).@performInd","ROLE=REQ-PARTICIPANT (roleparam)"
"Appointment.participant:patient.status","Appointment.participant.status","","","",1,1,"","","Y","code {[]} {[]}
","accepted | declined | tentative | needs-action","Participation status of the actor.","","","","","","<valueCode xmlns=""http://hl7.org/fhir"" value=""accepted""/>","","","",,"required","The Participation status of an appointment.","http://hl7.org/fhir/ValueSet/participationstatus|4.0.1","",,,,"Appointment.participant.status",1,1,"","ele-1:All FHIR elements must have a @value or children {hasValue() or (children().count() > id.count())}
","(performer | reusableDevice | subject | location).statusCode","ATTENDEE;CN=""John Doe"";RSVP=TRUE:mailto:john@doe.com (rsvpparam | partstatparam)","AIP-12, AIG-14"
"Appointment.participant:patient.period","Appointment.participant.period","","","",0,1,"","","","Period {[]} {[]}
","Participation period of the actor","Participation period of the actor.","","","","","","","","","",,,,,"",,,,"Appointment.participant.period",0,1,"","ele-1:All FHIR elements must have a @value or children {hasValue() or (children().count() > id.count())}
","n/a"
"Appointment.participant:treatingHealthcareProvider","Appointment.participant","treatingHealthcareProvider","","",1,1,"","","","BackboneElement {[]} {[]}
","Participants involved in appointment","List of participants involved in the appointment.","","","","","","","","","",,,,,"",,,,"Appointment.participant",1,*,"","app-1:Either the type or actor on the participant SHALL be specified {type.exists() or actor.exists()}
ele-1:All FHIR elements must have a @value or children {hasValue() or (children().count() > id.count())}","Behandelnder Leistungserbringender | Fournisseur de prestations","Request.performer, Request.subject","performer | reusableDevice | subject | location","ATTENDEE component to be created","PID, AIP, AIG, AIL"
"Appointment.participant:treatingHealthcareProvider.id","Appointment.participant.id","","","",0,1,"","","","string {[]} {[]}
","Unique id for inter-element referencing","Unique id for the element within a resource (for internal references). This may be any string value that does not contain spaces.","","","","","","","","","",,,,,"",,,,"Element.id",0,1,"","","n/a"
"Appointment.participant:treatingHealthcareProvider.extension","Appointment.participant.extension","","extensions
user content","",0,*,"","","","Extension {[]} {[]}
","Additional content defined by implementations","May be used to represent additional information that is not part of the basic definition of the element. To make the use of extensions safe and manageable, there is a strict set of governance  applied to the definition and use of extensions. Though any implementer can define an extension, there is a set of requirements that SHALL be met as part of the definition of the extension.","There can be no stigma associated with the use of extensions by any application, project, or standard - regardless of the institution or jurisdiction that uses or defines the extensions.  The use of extensions is what allows the FHIR specification to retain a core level of simplicity for everyone.","","","","","","","","",,,,,"",,,,"Element.extension",0,*,"","ele-1:All FHIR elements must have a @value or children {hasValue() or (children().count() > id.count())}
ext-1:Must have either extensions or value[x], not both {extension.exists() != value.exists()}","n/a"
"Appointment.participant:treatingHealthcareProvider.modifierExtension","Appointment.participant.modifierExtension","","extensions
user contentmodifiers","",0,*,"","Y","Y","Extension {[]} {[]}
","Extensions that cannot be ignored even if unrecognized","May be used to represent additional information that is not part of the basic definition of the element and that modifies the understanding of the element in which it is contained and/or the understanding of the containing element's descendants. Usually modifier elements provide negation or qualification. To make the use of extensions safe and manageable, there is a strict set of governance applied to the definition and use of extensions. Though any implementer can define an extension, there is a set of requirements that SHALL be met as part of the definition of the extension. Applications processing a resource are required to check for modifier extensions.

Modifier extensions SHALL NOT change the meaning of any elements on Resource or DomainResource (including cannot change the meaning of modifierExtension itself).","There can be no stigma associated with the use of extensions by any application, project, or standard - regardless of the institution or jurisdiction that uses or defines the extensions.  The use of extensions is what allows the FHIR specification to retain a core level of simplicity for everyone.","Modifier extensions allow for extensions that *cannot* be safely ignored to be clearly distinguished from the vast majority of extensions which can be safely ignored.  This promotes interoperability by eliminating the need for implementers to prohibit the presence of extensions. For further information, see the [definition of modifier extensions](http://hl7.org/fhir/R4/extensibility.html#modifierExtension).","","","","","","","",,,,,"",,,,"BackboneElement.modifierExtension",0,*,"","ele-1:All FHIR elements must have a @value or children {hasValue() or (children().count() > id.count())}
ext-1:Must have either extensions or value[x], not both {extension.exists() != value.exists()}","N/A"
"Appointment.participant:treatingHealthcareProvider.type","Appointment.participant.type","","","",0,*,"","","Y","CodeableConcept {[]} {[]}
","Role of participant in the appointment","Role of participant in the appointment.","The role of the participant can be used to declare what the actor will be doing in the scope of this appointment.If the actor is not specified, then it is expected that the actor will be filled in at a later stage of planning.This value SHALL be the same when creating an AppointmentResponse so that they can be matched, and subsequently update the Appointment.","","","","","","","","",,"extensible","Role of participant in encounter.","http://hl7.org/fhir/ValueSet/encounter-participant-type|4.0.1","",,,,"Appointment.participant.type",0,*,"","ele-1:All FHIR elements must have a @value or children {hasValue() or (children().count() > id.count())}
","(performer | reusableDevice | subject | location).@typeCode","n/a","AIP-4, AIG-4"
"Appointment.participant:treatingHealthcareProvider.actor","Appointment.participant.actor","","","",1,1,"","","Y","Reference {[]} {[CanonicalType[http://fhir.ch/ig/ch-epreg/StructureDefinition/ch-epreg-practitionerrole-thcp]]}
","Person, Location/HealthcareService or Device","A Person, Location/HealthcareService or Device that is participating in the appointment.","","","","","","","","","",,,,,"",,,,"Appointment.participant.actor",0,1,"","ele-1:All FHIR elements must have a @value or children {hasValue() or (children().count() > id.count())}
","performer.person | reusableDevice.manufacturedDevice | subject.patient | location.serviceDeliveryLocation","ATTENDEE: (Need to provide the common name CN and also the MAILTO properties from the practitioner resource) where the participant type is not ""information-only""","FiveWs.who","PID-3-Patient ID List | AIL-3 | AIG-3 | AIP-3"
"Appointment.participant:treatingHealthcareProvider.required","Appointment.participant.required","","","",1,1,"","","Y","code {[]} {[]}
","required | optional | information-only","Whether this participant is required to be present at the meeting. This covers a use-case where two doctors need to meet to discuss the results for a specific patient, and the patient is not required to be present.","","","","","","<valueCode xmlns=""http://hl7.org/fhir"" value=""required""/>","","","",,"required","Is the Participant required to attend the appointment.","http://hl7.org/fhir/ValueSet/participantrequired|4.0.1","",,,,"Appointment.participant.required",0,1,"","ele-1:All FHIR elements must have a @value or children {hasValue() or (children().count() > id.count())}
","(performer | reusableDevice | subject | location).@performInd","ROLE=REQ-PARTICIPANT (roleparam)"
"Appointment.participant:treatingHealthcareProvider.status","Appointment.participant.status","","","",1,1,"","","Y","code {[]} {[]}
","accepted | declined | tentative | needs-action","Participation status of the actor.","","","","","","<valueCode xmlns=""http://hl7.org/fhir"" value=""accepted""/>","","","",,"required","The Participation status of an appointment.","http://hl7.org/fhir/ValueSet/participationstatus|4.0.1","",,,,"Appointment.participant.status",1,1,"","ele-1:All FHIR elements must have a @value or children {hasValue() or (children().count() > id.count())}
","(performer | reusableDevice | subject | location).statusCode","ATTENDEE;CN=""John Doe"";RSVP=TRUE:mailto:john@doe.com (rsvpparam | partstatparam)","AIP-12, AIG-14"
"Appointment.participant:treatingHealthcareProvider.period","Appointment.participant.period","","","",0,1,"","","","Period {[]} {[]}
","Participation period of the actor","Participation period of the actor.","","","","","","","","","",,,,,"",,,,"Appointment.participant.period",0,1,"","ele-1:All FHIR elements must have a @value or children {hasValue() or (children().count() > id.count())}
","n/a"
"Appointment.requestedPeriod","Appointment.requestedPeriod","","","",0,*,"","","","Period {[]} {[]}
","Potential date/time interval(s) requested to allocate the appointment within","A set of date ranges (potentially including times) that the appointment is preferred to be scheduled within.

The duration (usually in minutes) could also be provided to indicate the length of the appointment to fill and populate the start/end times for the actual allocated time. However, in other situations the duration may be calculated by the scheduling system.","This does not introduce a capacity for recurring appointments.","","","","","","","","",,,,,"",,,,"Appointment.requestedPeriod",0,*,"","ele-1:All FHIR elements must have a @value or children {hasValue() or (children().count() > id.count())}
","Request.occurrence[x]",".activityTime[@xsi:type = ('SXPR_TS', 'PIVL_TS')]","ARQ-11"
