URL,Version,Status,OIDs,Name,Title,Descriptino,Uses,Used,Sources
http://fhir.ch/ig/ch-core/ValueSet/ch-core-maritalstatus,4.0.1,active,,ChCoreMaritalStatus,ChCoreMaritalStatus,"MaritalStatus combined by fhir and eCH-11. See [maritalData - Zivilstandsangaben eCH-11](https://www.bfs.admin.ch/bfs/de/home/statistiken/kataloge-datenbanken/publikationen.assetdetail.349276.html) and/or [BFS Amtlicher Katalog der Merkmale](https://www.bfs.admin.ch/bfs/de/home/statistiken/kataloge-datenbanken/publikationen.assetdetail.349276.html).","StructureDefinition/ch-elm-patient","ch.fhir.ig.ch-core"
http://fhir.ch/ig/ch-core/ValueSet/ech-10-linetype,4.0.1,active,,ECH10AddressLine,eCH-010 Address Line Type,"eCH-010 defines different address lines (addressLine1,2 and street)","StructureDefinition/ch-elm-organization-orderer,StructureDefinition/ch-elm-patient,StructureDefinition/ch-elm-practitioner-orderer","ch.fhir.ig.ch-core"
http://fhir.ch/ig/ch-core/ValueSet/ech-7-cantonflabbreviation,4.0.1,active,,ECH007CantonFLAbbreviation,eCH-0007 Canton Abbreviation incl. FL (Fürstentum Liechtenstein),"eCH-0007: Analogous to cantonAbbreviation, but contains the entry 'FL' for the Principality of Liechtenstein in addition to the actual cantons. ","StructureDefinition/ch-elm-organization-orderer,StructureDefinition/ch-elm-patient,StructureDefinition/ch-elm-practitioner-orderer","ch.fhir.ig.ch-core"
http://fhir.ch/ig/ch-elm/ValueSet/ch-elm-expecting-organism-specification,1.1.1,active,,ChElmExpectingOrganismSpecification,CH ELM Expecting Organism Specification,"This CH ELM value set includes the leading codes for the laboratory test results, which have to be completed by another code for the expecting organism.","ConceptMap/ch-elm-expecting-organism-specification-to-results-completion-vs","LOINC"
http://fhir.ch/ig/ch-elm/ValueSet/ch-elm-expecting-specimen-specification,1.1.1,active,,ChElmExpectingSpecimenSpecification,CH ELM Expecting Specimen Specification,"This CH ELM value set includes the leading codes for the laboratory test results, which have to be completed by another code for the expecting specimen.","ConceptMap/ch-elm-expecting-specimen-specification-to-results-completion-vs","LOINC"
http://fhir.ch/ig/ch-elm/ValueSet/ch-elm-foph-patient-name-representation,1.1.1,active,,ChElmFophPatientNameRepresentation,CH ELM FOPH Patient Name Representation,"This CH ELM resource defines the codes which identify possible patient name schemas to be used.","ConceptMap/ch-elm-results-to-foph-patient-name-representation","Internal"
http://fhir.ch/ig/ch-elm/ValueSet/ch-elm-interpretation-codes-pos,1.1.1,active,,ChElmInterpretationCodesPos,CH ELM Interpretation Codes Positive,"This CH ELM value set includes the code for positive interpretation code.",,"THO (V3)"
http://fhir.ch/ig/ch-elm/ValueSet/ch-elm-interpretation-codes-pos-neg,1.1.1,active,,ChElmInterpretationCodesPosNeg,CH ELM Interpretation Codes Positive and Negative,"This CH ELM value set includes the code for positive and negative interpretation codes.",,"THO (V3)"
http://fhir.ch/ig/ch-elm/ValueSet/ch-elm-interpretation-codes-res-sus,1.1.1,active,,ChElmInterpretationCodesResistantSusceptible,CH ELM Interpretation Codes Resistant and Susceptible,"This CH ELM value set includes the code for resistant and susceptible interpretation codes.",,"THO (V3)"
http://fhir.ch/ig/ch-elm/ValueSet/ch-elm-interpretation-codes-vs,1.1.1,active,,ChElmInterpretationCodeVs,CH ELM Interpretation Codes Vs,"This CH ELM value set includes the value set URLs as interpretation codes to map in the concept maps the leading codes.","ConceptMap/ch-elm-results-to-interpretation-code","Internal"
http://fhir.ch/ig/ch-elm/ValueSet/ch-elm-lab-study-types,1.1.1,active,,ChElmLabStudyTypes,CH ELM Lab Study Types,"This CH ELM value set includes the codes for the laboratory specialties.","StructureDefinition/ch-elm-composition","LOINC"
http://fhir.ch/ig/ch-elm/ValueSet/ch-elm-observation-interpretation-codes,1.1.1,active,,ChElmObservationInterpretationCodes,CH ELM Observation Interpretation Codes,"This CH ELM value set includes the codes for the qualitative interpretation of the observation values (susceptible/resistant).","StructureDefinition/ch-elm-observation-results-laboratory-strict,StructureDefinition/ch-elm-observation-results-laboratory","THO (V3)"
http://fhir.ch/ig/ch-elm/ValueSet/ch-elm-results-coded-values-laboratory,1.1.1,active,,ChElmResultsCodedValuesLaboratory,CH ELM Results Coded Values Laboratory,"This CH ELM value set includes the codes for the laboratory test results (presence/absence).","StructureDefinition/ch-elm-observation-results-laboratory-strict,StructureDefinition/ch-elm-observation-results-laboratory","SCT"
http://fhir.ch/ig/ch-elm/ValueSet/ch-elm-results-completion-vs,1.1.1,active,,ChElmResultsCompletionVs,CH ELM Results Completion Vs,"This CH ELM value set includes the value set URLs as codes to map in the concept maps the leading codes, which must be completed with additional codes.","ConceptMap/ch-elm-expecting-organism-specification-to-results-completion-vs,ConceptMap/ch-elm-expecting-specimen-specification-to-results-completion-vs","Internal"
http://fhir.ch/ig/ch-elm/ValueSet/ch-elm-results-cpe-org,1.1.1,active,,ChElmResultsCpeOrg,CH ELM Results Cpe Org,"This CH ELM value set includes the codes for the laboratory test results to complete the leading code with an additional code.",,"SCT"
http://fhir.ch/ig/ch-elm/ValueSet/ch-elm-results-geni-spec,1.1.1,active,,ChElmResultsGeniSpec,CH ELM Results Geni Spec,"This CH ELM value set includes the codes for the laboratory test results to complete the leading code with an additional code.",,"SCT"
http://fhir.ch/ig/ch-elm/ValueSet/ch-elm-results-laboratory-observation,1.1.1,active,,ChElmResultsLaboratoryObservation,CH ELM Results Laboratory Observation,"This CH ELM value set includes the codes for the laboratory test results (organism).","StructureDefinition/ch-elm-observation-results-laboratory-strict,ConceptMap/ch-elm-results-to-foph-patient-name-representation,StructureDefinition/ch-elm-observation-results-laboratory,ConceptMap/ch-elm-results-to-interpretation-code,StructureDefinition/ch-elm-servicerequest-laboratory-order","SCT,LOINC"
http://fhir.ch/ig/ch-elm/ValueSet/ch-elm-status,1.1.1,active,,ChElmStatus,CH ELM Status,"This CH ELM value set includes the codes for the laboratory specialities.","StructureDefinition/ch-ext-elm-status","hl7.fhir.r4.core"
http://fhir.ch/ig/ch-epr-term/ValueSet/DocumentEntry.healthcareFacilityTypeCode,2.0.10,active,"2.16.756.5.30.1.127.3.10.1.11",DocumentEntryHealthcareFacilityTypeCode,DocumentEntry.healthcareFacilityTypeCode,"Type of healthcare facility as per Annex 3; EPRO-FDHA.       This code describes the type of healthcare facility in which the document was compiled during the treatment process. In conjunction with the authorisation control, the patient can use this information to assign all documents from a specific type of healthcare facility to a specific confidentiality level in their rights and attributes, for example.","StructureDefinition/ch-elm-organization-lab,StructureDefinition/ch-elm-organization-orderer,StructureDefinition/ch-elm-organization-author","SCT"
http://fhir.ch/ig/ch-epr-term/ValueSet/HCProfessional.hcProfession,2.0.10,active,"2.16.756.5.30.1.127.3.10.8.1",HCProfessionalHcProfession,HCProfessional.hcProfession,"HCProfessional.hcProfession","StructureDefinition/ch-elm-practitionerrole-orderer","ch.fhir.ig.ch-epr-term,SCT"
http://fhir.ch/ig/ch-epr-term/ValueSet/HCProfessional.hcSpecialisation,2.0.10,active,"2.16.756.5.30.1.127.3.10.8.2",HCProfessionalHcSpecialisation,HCProfessional.hcSpecialisation,"HCProfessional.hcSpecialisation","StructureDefinition/ch-elm-practitionerrole-orderer","ch.fhir.ig.ch-epr-term"
http://fhir.ch/ig/ch-lab-report/ValueSet/ch-lab-report-lab-study-types,0.1.1,active,,LabStudyTypesEuVs,Lab Study Types in Switzerland,"This value set includes the codes for the lab specialties.","StructureDefinition/ch-elm-diagnosticreport,StructureDefinition/ch-elm-composition,StructureDefinition/ch-elm-observation-results-laboratory-strict,StructureDefinition/ch-elm-observation-results-laboratory","LOINC"
http://hl7.eu/fhir/laboratory/ValueSet/lab-specialty-eu-lab,0.1.0-ballot,draft,,LabSpecialtyEuVs,Laboratory Specialty,"Laboratory Specialties. Notes: Note 1: This value set is based on analysis of national coding practices in 8 european countries (AT, CZ, DE, FR, IE, IT, PT, SE) and agreed by involved lab experts as a common lab specialty value set. Note 2: Many european countries are usign additional laboratory specialty types, which should be mapped towards this value set. Note 3: In case of documented need, this value set could be extended.","StructureDefinition/ch-elm-diagnosticreport,StructureDefinition/ch-elm-composition,StructureDefinition/ch-elm-observation-results-laboratory-strict,StructureDefinition/ch-elm-observation-results-laboratory","SCT"
http://hl7.org/fhir/ValueSet/address-type,4.0.1,active,"2.16.840.1.113883.4.642.3.69",AddressType,AddressType,"The type of an address (physical / postal).","StructureDefinition/ch-elm-organization-orderer,StructureDefinition/ch-elm-patient,StructureDefinition/ch-elm-practitioner-orderer","hl7.fhir.r4.core"
http://hl7.org/fhir/ValueSet/address-use,4.0.1,active,"2.16.840.1.113883.4.642.3.67",AddressUse,AddressUse,"The use of an address.","StructureDefinition/ch-elm-organization-orderer,StructureDefinition/ch-elm-patient,StructureDefinition/ch-elm-practitioner-orderer","hl7.fhir.r4.core"
http://hl7.org/fhir/ValueSet/administrative-gender,4.0.1,active,"2.16.840.1.113883.4.642.3.1",AdministrativeGender,AdministrativeGender,"The gender of a person used for administrative purposes.","StructureDefinition/ch-elm-patient,StructureDefinition/ch-elm-practitioner-orderer","hl7.fhir.r4.core"
http://hl7.org/fhir/ValueSet/body-site,4.0.1,draft,"2.16.840.1.113883.4.642.3.141",SNOMEDCTBodyStructures,SNOMED CT Body Structures,"This value set includes all codes from [SNOMED CT](http://snomed.info/sct) where concept is-a 442083009 (Anatomical or acquired body site (body structure)).","StructureDefinition/ch-elm-specimen,StructureDefinition/ch-elm-observation-results-laboratory-strict,StructureDefinition/ch-elm-observation-results-laboratory,StructureDefinition/ch-elm-servicerequest-laboratory-order","SCT"
http://hl7.org/fhir/ValueSet/bundle-type,4.0.1,active,"2.16.840.1.113883.4.642.3.620",BundleType,BundleType,"Indicates the purpose of a bundle - how it is intended to be used.","StructureDefinition/ch-elm-document-strict,StructureDefinition/ch-elm-document,StructureDefinition/FindDocumentReferencesResponse","hl7.fhir.r4.core"
http://hl7.org/fhir/ValueSet/c80-doc-typecodes,4.0.1,active,"2.16.840.1.113883.3.88.12.80.47",DocumentTypeValueSet,Document Type Value Set,"This is the code specifying the precise type of document (e.g. Pulmonary History and  Physical, Discharge Summary, Ultrasound Report, etc.). The Document Type value set includes all LOINC  values listed in HITSP C80 Table 2-144 Document Class Value Set Definition above used for Document Class,  and all LOINC values whose SCALE is DOC in the LOINC database.","StructureDefinition/PublishDocumentReference,StructureDefinition/PublishDocumentReferenceStrict,StructureDefinition/PublishDocumentReferenceResponse","LOINC"
http://hl7.org/fhir/ValueSet/c80-facilitycodes,4.0.1,active,"2.16.840.1.113883.3.88.12.80.67",FacilityTypeCodeValueSet,Facility Type Code Value Set,"This is the code representing the type of organizational setting where the clinical encounter, service, interaction, or treatment occurred. The value set used for Healthcare Facility Type has been defined by HITSP to be the value set reproduced from HITSP C80 Table 2-147.","StructureDefinition/PublishDocumentReference,StructureDefinition/PublishDocumentReferenceStrict,StructureDefinition/PublishDocumentReferenceResponse","SCT"
http://hl7.org/fhir/ValueSet/c80-practice-codes,4.0.1,active,"2.16.840.1.113883.3.88.12.80.72",PracticeSettingCodeValueSet,Practice Setting Code Value Set,"This is the code representing the clinical specialty of the clinician or provider who interacted with, treated, or provided a service to/for the patient. The value set used for clinical specialty has been limited by HITSP to the value set reproduced from HITSP C80 Table 2-149 Clinical Specialty Value Set Definition.","StructureDefinition/PublishDocumentReference,StructureDefinition/PublishDocumentReferenceStrict,StructureDefinition/PublishDocumentReferenceResponse","SCT"
http://hl7.org/fhir/ValueSet/clinical-findings,4.0.1,draft,"2.16.840.1.113883.4.642.3.232",SNOMEDCTClinicalFindings,SNOMED CT Clinical Findings,"This value set includes all the ""Clinical finding"" [SNOMED CT](http://snomed.info/sct) codes - concepts where concept is-a 404684003 (Clinical finding (finding)).","StructureDefinition/ch-elm-diagnosticreport","SCT"
http://hl7.org/fhir/ValueSet/composition-attestation-mode,4.0.1,draft,"2.16.840.1.113883.4.642.3.238",CompositionAttestationMode,CompositionAttestationMode,"The way in which a person authenticated a composition.","StructureDefinition/ch-elm-composition","hl7.fhir.r4.core"
http://hl7.org/fhir/ValueSet/composition-status,4.0.1,draft,"2.16.840.1.113883.4.642.3.241",CompositionStatus,CompositionStatus,"The workflow/clinical status of the composition.","StructureDefinition/PublishDocumentReference,StructureDefinition/PublishDocumentReferenceStrict,StructureDefinition/ch-elm-composition,StructureDefinition/PublishDocumentReferenceResponse","hl7.fhir.r4.core"
http://hl7.org/fhir/ValueSet/contact-point-system,4.0.1,active,"2.16.840.1.113883.4.642.3.71",ContactPointSystem,ContactPointSystem,"Telecommunications form for contact point.","StructureDefinition/ch-elm-organization-lab,StructureDefinition/ch-elm-organization-orderer,StructureDefinition/ch-elm-organization-author,StructureDefinition/ch-elm-patient,StructureDefinition/ch-elm-practitioner-orderer","hl7.fhir.r4.core"
http://hl7.org/fhir/ValueSet/contact-point-use,4.0.1,active,"2.16.840.1.113883.4.642.3.73",ContactPointUse,ContactPointUse,"Use of contact point.","StructureDefinition/ch-elm-organization-lab,StructureDefinition/ch-elm-organization-orderer,StructureDefinition/ch-elm-organization-author,StructureDefinition/ch-elm-patient,StructureDefinition/ch-elm-practitioner-orderer","hl7.fhir.r4.core"
http://hl7.org/fhir/ValueSet/contactentity-type,4.0.1,draft,"2.16.840.1.113883.4.642.3.416",ContactEntityType,Contact entity type,"This example value set defines a set of codes that can be used to indicate the purpose for which you would contact a contact party.","StructureDefinition/ch-elm-organization-lab,StructureDefinition/ch-elm-organization-orderer,StructureDefinition/ch-elm-organization-author","THO"
http://hl7.org/fhir/ValueSet/data-absent-reason,4.0.1,active,"2.16.840.1.113883.4.642.3.5",DataAbsentReason,DataAbsentReason,"Used to specify why the normally expected content of the data element is missing.","StructureDefinition/ch-elm-observation-results-laboratory-strict,StructureDefinition/ch-elm-observation-results-laboratory","THO"
http://hl7.org/fhir/ValueSet/days-of-week,4.0.1,active,"2.16.840.1.113883.4.642.3.512",DaysOfWeek,DaysOfWeek,"The days of the week.","StructureDefinition/ch-elm-practitionerrole-orderer","hl7.fhir.r4.core"
http://hl7.org/fhir/ValueSet/diagnostic-report-status,4.0.1,draft,"2.16.840.1.113883.4.642.3.235",DiagnosticReportStatus,DiagnosticReportStatus,"The status of the diagnostic report.","StructureDefinition/ch-elm-diagnosticreport","hl7.fhir.r4.core"
http://hl7.org/fhir/ValueSet/diagnostic-service-sections,4.0.1,draft,"2.16.840.1.113883.4.642.3.234",DiagnosticServiceSectionCodes,Diagnostic Service Section Codes,"This value set includes all the codes in HL7 V2 table 0074.","StructureDefinition/ch-elm-diagnosticreport","THO (V2)"
http://hl7.org/fhir/ValueSet/doc-section-codes,4.0.1,draft,"2.16.840.1.113883.4.642.3.237",DocumentSectionCodes,Document Section Codes,"Document section codes (LOINC codes used in CCDA sections).","StructureDefinition/ch-elm-composition","LOINC"
http://hl7.org/fhir/ValueSet/doc-typecodes,4.0.1,draft,"2.16.840.1.113883.4.642.3.240",FHIRDocumentTypeCodes,FHIR Document Type Codes,"FHIR Document Codes - all LOINC codes where scale type = 'DOC'.","StructureDefinition/ch-elm-composition","LOINC"
http://hl7.org/fhir/ValueSet/document-classcodes,4.0.1,active,"2.16.840.1.113883.3.88.12.80.46",DocumentClassValueSet,Document Class Value Set,"This is the code specifying the high-level kind of document (e.g. Prescription, Discharge Summary, Report, etc.). Note: Class code for documents comes from LOINC, and is based upon one of the following:The type of service described by the document. It is described at a very high level in Section 7.3 of the LOINC Manual. The type study performed. It was determined by identifying modalities for study reports. The section of the chart where the document is placed. It was determined from the SETs created for Claims Attachment requests.","StructureDefinition/PublishDocumentReference,StructureDefinition/PublishDocumentReferenceStrict,StructureDefinition/ch-elm-composition,StructureDefinition/PublishDocumentReferenceResponse","LOINC"
http://hl7.org/fhir/ValueSet/document-reference-status,4.0.1,draft,"2.16.840.1.113883.4.642.3.7",DocumentReferenceStatus,DocumentReferenceStatus,"The status of the document reference.","StructureDefinition/PublishDocumentReference,StructureDefinition/PublishDocumentReferenceStrict,StructureDefinition/PublishDocumentReferenceResponse","hl7.fhir.r4.core"
http://hl7.org/fhir/ValueSet/document-relationship-type,4.0.1,draft,"2.16.840.1.113883.4.642.3.244",DocumentRelationshipType,DocumentRelationshipType,"The type of relationship between documents.","StructureDefinition/PublishDocumentReference,StructureDefinition/PublishDocumentReferenceStrict,StructureDefinition/ch-elm-composition,StructureDefinition/PublishDocumentReferenceResponse","hl7.fhir.r4.core"
http://hl7.org/fhir/ValueSet/formatcodes,4.0.1,active,"1.3.6.1.4.1.19376.1.2.7.1",DocumentReferenceFormatCodeSet,DocumentReference Format Code Set,"The value set is defined to be the set of format codes defined by the IHE Technical Framework, and also including additional format codes defined by the    HL7. The value set is listed in HITSP C80 Table 2-153 Format Code Value Set Definition,    with additions published later by IHE as published    at http://wiki.ihe.net/index.php?title=IHE_Format_Codes   and with additions published later by HL7 as published at https://confluence.hl7.org/display/SD/Format+Codes+for+IHE+XDS.   This is the code specifying the technical format of the document. Along with the typeCode,    it should provide sufficient information to allow any potential document consumer to know    if it will be able to process the document. The code shall be sufficiently specific to    ensure processing/display by identifying a document encoding, structure and template. The actual list of codes here is incomplete","StructureDefinition/PublishDocumentReference,StructureDefinition/PublishDocumentReferenceStrict,StructureDefinition/PublishDocumentReferenceResponse","Other"
http://hl7.org/fhir/ValueSet/http-verb,4.0.1,active,"2.16.840.1.113883.4.642.3.624",HTTPVerb,HTTPVerb,"HTTP verbs (in the HTTP command line). See [HTTP rfc](https://tools.ietf.org/html/rfc7231) for details.","StructureDefinition/ch-elm-document-strict,StructureDefinition/ch-elm-document,StructureDefinition/FindDocumentReferencesResponse","hl7.fhir.r4.core"
http://hl7.org/fhir/ValueSet/identifier-type,4.0.1,active,"2.16.840.1.113883.4.642.3.45",Identifier Type Codes,IdentifierType,"A coded type for an identifier that can be used to determine which identifier to use for a specific purpose.","StructureDefinition/ch-elm-document-strict,StructureDefinition/LaboratoryReport,StructureDefinition/ch-elm-diagnosticreport,StructureDefinition/ch-elm-composition,StructureDefinition/ch-elm-document,StructureDefinition/ch-elm-idn-identifier,StructureDefinition/ch-elm-servicerequest-laboratory-order","THO (V2)"
http://hl7.org/fhir/ValueSet/identifier-use,4.0.1,active,"2.16.840.1.113883.4.642.3.57",IdentifierUse,IdentifierUse,"Identifies the purpose for this identifier, if known .","StructureDefinition/ch-elm-document-strict,StructureDefinition/LaboratoryReport,StructureDefinition/ch-elm-diagnosticreport,StructureDefinition/ch-elm-composition,StructureDefinition/ch-elm-document,StructureDefinition/ch-elm-idn-identifier,StructureDefinition/ch-elm-servicerequest-laboratory-order","hl7.fhir.r4.core"
http://hl7.org/fhir/ValueSet/languages,4.0.1,draft,"2.16.840.1.113883.4.642.3.20",CommonLanguages,Common Languages,"This value set includes common codes from BCP-47 (http://tools.ietf.org/html/bcp47)","StructureDefinition/PublishDocumentReference,StructureDefinition/ch-elm-organization-lab,StructureDefinition/PublishDocumentReferenceStrict,StructureDefinition/ch-elm-specimen,StructureDefinition/ch-elm-document,StructureDefinition/FindDocumentReferencesResponse,StructureDefinition/ch-elm-patient,StructureDefinition/ch-elm-practitioner-orderer,StructureDefinition/ch-elm-document-strict,StructureDefinition/ch-elm-organization-orderer,StructureDefinition/ch-elm-practitionerrole-orderer,StructureDefinition/ch-elm-organization-author,StructureDefinition/ch-elm-diagnosticreport,StructureDefinition/ch-elm-composition,StructureDefinition/ch-elm-observation-results-laboratory-strict,StructureDefinition/PublishDocumentReferenceResponse,StructureDefinition/ch-elm-observation-results-laboratory,StructureDefinition/ch-elm-servicerequest-laboratory-order","hl7.terminology.r4"
http://hl7.org/fhir/ValueSet/link-type,4.0.1,active,"2.16.840.1.113883.4.642.3.423",LinkType,LinkType,"The type of link between this patient resource and another patient resource.","StructureDefinition/ch-elm-patient","hl7.fhir.r4.core"
http://hl7.org/fhir/ValueSet/list-empty-reason,4.0.1,draft,"2.16.840.1.113883.4.642.3.322",ListEmptyReasons,List Empty Reasons,"General reasons for a list to be empty. Reasons are either related to a summary list (i.e. problem or medication list) or to a workflow related list (i.e. consultation list).","StructureDefinition/ch-elm-composition","THO"
http://hl7.org/fhir/ValueSet/list-mode,4.0.1,draft,"2.16.840.1.113883.4.642.3.318",ListMode,ListMode,"The processing mode that applies to this list.","StructureDefinition/ch-elm-composition","hl7.fhir.r4.core"
http://hl7.org/fhir/ValueSet/list-order,4.0.1,draft,"2.16.840.1.113883.4.642.3.324",ListOrderCodes,List Order Codes,"Base values for the order of the items in a list resource.","StructureDefinition/ch-elm-composition","THO"
http://hl7.org/fhir/ValueSet/medication-as-needed-reason,4.0.1,draft,"2.16.840.1.113883.4.642.3.96",SNOMEDCTMedicationAsNeededReasonCodes,SNOMED CT Medication As Needed Reason Codes,"This value set includes all clinical findings from SNOMED CT - provided as an exemplar value set.","StructureDefinition/ch-elm-servicerequest-laboratory-order","SCT"
http://hl7.org/fhir/ValueSet/mimetypes,4.0.1,active,"2.16.840.1.113883.4.642.3.1024",Mime Types,MimeType,"This value set includes all possible codes from BCP-13 (http://tools.ietf.org/html/bcp13)","StructureDefinition/PublishDocumentReference,StructureDefinition/PublishDocumentReferenceStrict","Other"
http://hl7.org/fhir/ValueSet/name-use,4.0.1,active,"2.16.840.1.113883.4.642.3.65",NameUse,NameUse,"The use of a human name.","StructureDefinition/ch-elm-patient,StructureDefinition/ch-elm-practitioner-orderer","hl7.fhir.r4.core"
http://hl7.org/fhir/ValueSet/observation-category,4.0.1,draft,"2.16.840.1.113883.4.642.3.403",ObservationCategoryCodes,Observation Category Codes,"Observation Category codes.","StructureDefinition/ch-elm-observation-results-laboratory-strict,StructureDefinition/ch-elm-observation-results-laboratory","THO"
http://hl7.org/fhir/ValueSet/observation-codes,4.0.1,draft,"2.16.840.1.113883.4.642.3.396",LOINCCodes,LOINC Codes,"This value set includes all LOINC codes","StructureDefinition/ch-elm-observation-results-laboratory-strict,StructureDefinition/ch-elm-observation-results-laboratory","LOINC"
http://hl7.org/fhir/ValueSet/observation-interpretation,4.0.1,active,"2.16.840.1.113883.4.642.3.399",ObservationInterpretationCodes,Observation Interpretation Codes,"A categorical assessment, providing a rough qualitative interpretation of the observation value,    such as “normal”/ “abnormal”,”low” / “high”, “better” / “worse”, “susceptible” / “resistant”, “expected”/ “not expected”.    The value set is intended to be for ANY use where coded representation of an interpretation is needed.             Notes:          This is being communicated in v2.x in OBX-8 (Observation Interpretation), in v3 in ObservationInterpretation (CWE) in R1 (Representative Realm) and in FHIR in    Observation.interpretation. Historically these values come from the laboratory domain, and these codes are extensively    used. The value set binding is extensible, so codes outside the value set that are needed for interpretation concepts    (i.e. particular meanings) that are not included in the value set can be used, and these new codes may also be added to    the value set and published in a future version.","StructureDefinition/ch-elm-observation-results-laboratory-strict,StructureDefinition/ch-elm-observation-results-laboratory","THO (V3)"
http://hl7.org/fhir/ValueSet/observation-methods,4.0.1,draft,"2.16.840.1.113883.4.642.3.395",ObservationMethods,Observation Methods,"Observation Method codes from [SNOMED CT](http://snomed.info/sct) where concept is-a 272394005 (Technique (qualifier value)) or is-a 129264002 (Action (qualifier value)) or is-a 386053000 (Evaluation procedure(procedure))","StructureDefinition/ch-elm-observation-results-laboratory-strict,StructureDefinition/ch-elm-observation-results-laboratory","SCT"
http://hl7.org/fhir/ValueSet/observation-status,4.0.1,active,"2.16.840.1.113883.4.642.3.400",ObservationStatus,ObservationStatus,"Codes providing the status of an observation.","StructureDefinition/ch-elm-observation-results-laboratory-strict,StructureDefinition/ch-elm-observation-results-laboratory","hl7.fhir.r4.core"
http://hl7.org/fhir/ValueSet/participant-role,4.0.1,draft,"2.16.840.1.113883.4.642.3.152",ParticipantRoles,Participant Roles,"Roles of participants that may be included in a care team.  Defined as: Is a Person, Healthcare professional (occupation) or Healthcare related organization (qualifier value).","StructureDefinition/ch-elm-servicerequest-laboratory-order","SCT"
http://hl7.org/fhir/ValueSet/patient-contactrelationship,4.0.1,active,"2.16.840.1.113883.4.642.3.1130",PatientContactRelationship,Patient Contact Relationship ,"The nature of the relationship between the patient and the contact person.","StructureDefinition/ch-elm-patient","THO (V2)"
http://hl7.org/fhir/ValueSet/procedure-reason,4.0.1,draft,"2.16.840.1.113883.4.642.3.432",ProcedureReasonCodes,Procedure Reason Codes,"This example value set defines the set of codes that can be used to indicate a reason for a procedure.","StructureDefinition/ch-elm-servicerequest-laboratory-order","SCT"
http://hl7.org/fhir/ValueSet/referencerange-appliesto,4.0.1,draft,"2.16.840.1.113883.4.642.3.407",ObservationReferenceRangeAppliesToCodes,Observation Reference Range Applies To Codes,"This value set defines a set of codes that can be used to indicate the particular target population the reference range applies to.","StructureDefinition/ch-elm-observation-results-laboratory-strict,StructureDefinition/ch-elm-observation-results-laboratory","SCT"
http://hl7.org/fhir/ValueSet/referencerange-meaning,4.0.1,draft,"2.16.840.1.113883.4.642.3.397",ObservationReferenceRangeMeaningCodes,Observation Reference Range Meaning Codes,"This value set defines a set of codes that can be used to indicate the meaning/use of a reference range for a particular target population.","StructureDefinition/ch-elm-observation-results-laboratory-strict,StructureDefinition/ch-elm-observation-results-laboratory","THO"
http://hl7.org/fhir/ValueSet/report-codes,4.0.1,draft,"2.16.840.1.113883.4.642.3.233",LOINCDiagnosticReportCodes,LOINC Diagnostic Report Codes,"This value set includes LOINC codes that relate to Diagnostic Observations.","StructureDefinition/ch-elm-diagnosticreport","LOINC"
http://hl7.org/fhir/ValueSet/request-intent,4.0.1,draft,"2.16.840.1.113883.4.642.3.113",RequestIntent,RequestIntent,"Codes indicating the degree of authority/intentionality associated with a request.","StructureDefinition/ch-elm-servicerequest-laboratory-order","hl7.fhir.r4.core"
http://hl7.org/fhir/ValueSet/request-priority,4.0.1,draft,"2.16.840.1.113883.4.642.3.115",RequestPriority,Request priority,"The clinical priority of a diagnostic order.","StructureDefinition/ch-elm-servicerequest-laboratory-order","hl7.fhir.r4.core"
http://hl7.org/fhir/ValueSet/request-status,4.0.1,draft,"2.16.840.1.113883.4.642.3.111",RequestStatus,RequestStatus,"Codes identifying the lifecycle stage of a request.","StructureDefinition/ch-elm-servicerequest-laboratory-order","hl7.fhir.r4.core"
http://hl7.org/fhir/ValueSet/resource-types,5.0.0,active,"2.16.840.1.113883.4.642.3.27",ResourceType,Resource Types,"Concrete FHIR Resource Types","StructureDefinition/ch-elm-composition","FHIR"
http://hl7.org/fhir/ValueSet/search-entry-mode,4.0.1,active,"2.16.840.1.113883.4.642.3.622",SearchEntryMode,SearchEntryMode,"Why an entry is in the result set - whether it's included as a match or because of an _include requirement, or to convey information or warning information about the search process.","StructureDefinition/ch-elm-document-strict,StructureDefinition/ch-elm-document,StructureDefinition/FindDocumentReferencesResponse","hl7.fhir.r4.core"
http://hl7.org/fhir/ValueSet/security-labels,4.0.1,active,"2.16.840.1.113883.4.642.3.47",All Security Labels,SecurityLabels,"A single value set for all security labels defined by FHIR.","StructureDefinition/PublishDocumentReference,StructureDefinition/PublishDocumentReferenceStrict,StructureDefinition/PublishDocumentReferenceResponse",
http://hl7.org/fhir/ValueSet/servicerequest-category,4.0.1,draft,"2.16.840.1.113883.4.642.3.434",ServiceRequestCategoryCodes,Service Request Category Codes,"An example value set of SNOMED CT concepts that can classify a requested service","StructureDefinition/ch-elm-servicerequest-laboratory-order","SCT"
http://hl7.org/fhir/ValueSet/servicerequest-orderdetail,4.0.1,draft,"2.16.840.1.113883.4.642.3.435",ServiceRequestOrderDetailsCodes,Service Request Order Details Codes,"An example value set of Codified order entry details concepts.  These concepts only make sense in the context of what is being ordered.  This example is for a patient ventilation order","StructureDefinition/ch-elm-servicerequest-laboratory-order","SCT"
http://hl7.org/fhir/ValueSet/specimen-collection-method,4.0.1,draft,"2.16.840.1.113883.4.642.3.468",FHIRSpecimenCollectionMethod,FHIR Specimen Collection Method," This example value set defines a set of codes that can be used to indicate the method by which a specimen was collected.","StructureDefinition/ch-elm-specimen","SCT"
http://hl7.org/fhir/ValueSet/specimen-container-type,4.0.1,draft,"2.16.840.1.113883.4.642.3.470",SpecimenContainerType,Specimen Container Type,"Checks on the patient prior specimen collection. All SNOMED CT concepts descendants of 706041008 |Device for body fluid and tissue collection/transfer/processing (physical object)|","StructureDefinition/ch-elm-specimen","SCT"
http://hl7.org/fhir/ValueSet/specimen-processing-procedure,4.0.1,draft,"2.16.840.1.113883.4.642.3.469",SpecimenProcessingProcedure,Specimen processing procedure,"The technique that is used to perform the process or preserve the specimen.","StructureDefinition/ch-elm-specimen","THO (V2)"
http://hl7.org/fhir/ValueSet/specimen-status,4.0.1,draft,"2.16.840.1.113883.4.642.3.471",SpecimenStatus,SpecimenStatus,"Codes providing the status/availability of a specimen.","StructureDefinition/ch-elm-specimen","hl7.fhir.r4.core"
http://terminology.hl7.org/ValueSet/v2-0371,2.0.0,active,"2.16.840.1.113883.21.245",Hl7VSAdditivePreservative,hl7VS-additivePreservative,"Concepts specifying any additive introduced to the specimen before or at the time of collection.  These additives may be introduced in order to preserve, maintain or enhance the particular nature or component of the specimen.  Used in Version 2 messaging in the SPM segment.","StructureDefinition/ch-elm-specimen","THO (V2)"
http://terminology.hl7.org/ValueSet/v2-0487,2.0.0,active,"2.16.840.1.113883.21.327",Hl7VSSpecimenType,hl7VS-specimenType,"Concepts that describe the precise nature of an entity that may be used as the source material for an observation.  This is one of two code systems that are used instead of table 0070 (code system xxxx) which conflated specimen types and specimen collection methods.   Used in Version 2 messaging in the SPM segment.","StructureDefinition/ch-elm-specimen","THO (V2)"
http://terminology.hl7.org/ValueSet/v2-0493,2.0.0,active,"2.16.840.1.113883.21.333",Hl7VSSpecimenCondition,hl7VS-specimenCondition,"Concepts of modes or states of being that describe the nature of a specimen.  Used in Version 2 messaging in the SPM segment.","StructureDefinition/ch-elm-specimen","THO (V2)"
http://terminology.hl7.org/ValueSet/v2-0916,2.0.0,active,"2.16.840.1.113883.21.440",Hl7VSRelevantClincialInformation,hl7VS-relevantClincialInformation,"Value Set of codes that specify additional clinical information about the patient or specimen to report the supporting and/or suspected diagnosis and clinical findings on requests for interpreted diagnostic studies.","StructureDefinition/ch-elm-specimen","THO (V2)"
http://terminology.hl7.org/ValueSet/v2-2.7-0360,0360,active,,v2.0360.2.7,v2 table 0360, Version 2.7,"FHIR Value set/code system definition for HL7 v2 table 0360 ver 2.9 ( Degree/License/Certificate)","StructureDefinition/ch-elm-practitioner-orderer","THO (V2)"
http://terminology.hl7.org/ValueSet/v3-ActCode,3.0.0,active,,ActCode,v3 Code System ActCode,"A code specifying the particular kind of Act that the Act-instance represents within its class.  Constraints:  The kind of Act (e.g. physical examination, serum potassium, inpatient encounter, charge financial transaction, etc.) is specified with a code from one of several, typically external, coding systems.  The coding system will depend on the class of Act, such as LOINC for observations, etc. Conceptually, the Act.code must be a specialization of the Act.classCode. This is why the structure of ActClass domain should be reflected in the superstructure of the ActCode domain and then individual codes or externally referenced vocabularies subordinated under these domains that reflect the ActClass structure. Act.classCode and Act.code are not modifiers of each other but the Act.code concept should really imply the Act.classCode concept. For a negative example, it is not appropriate to use an Act.code ""potassium"" together with and Act.classCode for ""laboratory observation"" to somehow mean ""potassium laboratory observation"" and then use the same Act.code for ""potassium"" together with Act.classCode for ""medication"" to mean ""substitution of potassium"". This mutually modifying use of Act.code and Act.classCode is not permitted.","StructureDefinition/PublishDocumentReference,StructureDefinition/PublishDocumentReferenceStrict,StructureDefinition/ch-elm-composition,StructureDefinition/PublishDocumentReferenceResponse","THO (V3)"
http://terminology.hl7.org/ValueSet/v3-ConfidentialityClassification,2014-03-26,active,"2.16.840.1.113883.1.11.10228",v3.ConfidentialityClassification,V3 Value SetConfidentialityClassification," Set of codes used to value Act.Confidentiality and Role.Confidentiality attribute in accordance with the definition for concept domain ""Confidentiality"".","StructureDefinition/ch-elm-composition","THO (V3)"
http://terminology.hl7.org/ValueSet/v3-ServiceDeliveryLocationRoleType,3.0.0,active,"2.16.840.1.113883.1.11.17660",ServiceDeliveryLocationRoleType,ServiceDeliveryLocationRoleType,"A role of a place that further classifies the setting (e.g., accident site, road side, work site, community location) in which services are delivered.","StructureDefinition/ch-elm-servicerequest-laboratory-order","THO (V3)"
