<?xml version="1.0" encoding="UTF-8"?>

<Bundle xmlns="http://hl7.org/fhir">
  <id value="38Doc-Anthrax"/>
  <identifier>
    <system value="urn:ietf:rfc:3986"/>
    <value value="urn:uuid:54013a2d-6012-443f-9a90-6331adb23aab"/>
  </identifier>
  <type value="document"/>
  <timestamp value="2024-10-20T12:00:00+02:00"/>
  <entry>
    <fullUrl value="urn:uuid:7aa42324-d8f3-4d07-86c3-409d3a92998d"/>
    <resource>
      <Composition>
        <id value="7aa42324-d8f3-4d07-86c3-409d3a92998d"/>
        <language value="de-CH"/>
        <identifier>
          <system value="urn:ietf:rfc:3986"/>
          <value value="urn:uuid:54013a2d-6012-443f-9a90-6331adb23aab"/>
        </identifier>
        <status value="final"/>
        <type>
          <coding>
            <system value="http://snomed.info/sct"/>
            <version value="http://snomed.info/sct/2011000195101"/>
            <code value="4241000179101"/>
            <display value="Laborbericht"/>
          </coding>
          <coding>
            <system value="http://loinc.org"/>
            <code value="11502-2"/>
            <display value="Laboratory report"/>
          </coding>
        </type>
        <subject>
          <reference value="urn:uuid:e85cb81e-cfca-4c8b-94a4-53b29eb95f47"/>
        </subject>
        <date value="2024-10-20T12:00:00+02:00"/>
        <author>
          <reference value="urn:uuid:b3517139-6035-4c97-b5ae-fcf8f413dfbf"/>
        </author>
        <title value="Laborbericht vom 20.10.2024"/>
        <section>
          <title value="Analyseergebnisse der mikrobiologischen Untersuchung"/>
          <code>
            <coding>
              <system value="http://loinc.org"/>
              <code value="18725-2"/>
              <display value="Microbiology studies (set)"/>
            </coding>
          </code>
          <entry>
            <reference value="urn:uuid:2e24c697-de13-4985-90b3-87da6676e793"/>
          </entry>
        </section>
      </Composition>
    </resource>
  </entry>
  <entry>
    <fullUrl value="urn:uuid:e85cb81e-cfca-4c8b-94a4-53b29eb95f47"/>
    <resource>
      <Patient>
        <id value="e85cb81e-cfca-4c8b-94a4-53b29eb95f47"/>
        <identifier>
          <system value="urn:oid:2.16.756.5.32"/>
          <value value="7561234567897"/>
        </identifier>
        <name>
          <family value="Dupont"/>
          <given value="Antoine"/>
        </name>
        <gender value="female"/>
        <birthDate value="1981-02-07"/>
        <address>
          <use value="home"/>
          <line value="rue de la république 10">
            <extension url="http://hl7.org/fhir/StructureDefinition/iso21090-ADXP-streetName">
              <valueString value="rue de la république"/>
            </extension>
            <extension url="http://hl7.org/fhir/StructureDefinition/iso21090-ADXP-houseNumber">
              <valueString value="10"/>
            </extension>
          </line>
          <city value="Carouge"/>
          <state value="GE"/>
          <postalCode value="1227"/>
          <country value="CH">
            <extension url="http://hl7.org/fhir/StructureDefinition/iso21090-SC-coding">
              <valueCoding>
                <system value="urn:iso:std:iso:3166"/>
                <code value="CH"/>
              </valueCoding>
            </extension>
          </country>
        </address>
      </Patient>
    </resource>
  </entry>
  <entry>
    <fullUrl value="urn:uuid:b3517139-6035-4c97-b5ae-fcf8f413dfbf"/>
    <resource>
      <Organization>
        <id value="b3517139-6035-4c97-b5ae-fcf8f413dfbf"/>
        <identifier>
          <system value="urn:oid:2.51.1.3"/>
          <value value="7601002331470"/>
        </identifier>
        <name value="SanLab"/>
      </Organization>
    </resource>
  </entry>
  <entry>
    <fullUrl value="urn:uuid:2e24c697-de13-4985-90b3-87da6676e793"/>
    <resource>
      <Observation>
        <id value="2e24c697-de13-4985-90b3-87da6676e793"/>
        <status value="final"/>
        <category>
          <coding>
            <system value="http://terminology.hl7.org/CodeSystem/observation-category"/>
            <code value="laboratory"/>
            <display value="Laboratory"/>
          </coding>
        </category>
        <code>
          <coding>
            <system value="http://loinc.org"/>
            <code value="31726-3"/>
          </coding>
        </code>
        <subject>
          <reference value="urn:uuid:e85cb81e-cfca-4c8b-94a4-53b29eb95f47"/>
        </subject>
        <effectiveDateTime value="2024-10-19T14:20:00+02:00"/>
        <performer>
          <reference value="urn:uuid:b3517139-6035-4c97-b5ae-fcf8f413dfbf"/>
        </performer>
        <dataAbsentReason>
          <coding>
            <system value="http://terminology.hl7.org/CodeSystem/data-absent-reason"/>
            <code value="not-applicable"/>
          </coding>
        </dataAbsentReason>
        <interpretation>
          <coding>
            <system value="http://terminology.hl7.org/CodeSystem/v3-ObservationInterpretation"/>
            <code value="POS"/>
            <display value="Positive"/>
          </coding>
        </interpretation>
        <specimen>
          <reference value="urn:uuid:d58f010e-c88a-4e8e-bf9e-a7203969c05c"/>
        </specimen>
      </Observation>
    </resource>
  </entry>
  <entry>
    <fullUrl value="urn:uuid:886657bc-5bb4-487a-8173-8bd3d413d27d"/>
    <resource>
      <Practitioner>
        <id value="886657bc-5bb4-487a-8173-8bd3d413d27d"/>
        <identifier>
          <system value="urn:oid:2.51.1.3"/>
          <value value="7601000000514"/>
        </identifier>
        <name>
          <family value="Hauser"/>
          <given value="Peter"/>
        </name>
        <telecom>
          <system value="phone"/>
          <value value="+41 79 222 33 44"/>
        </telecom>
        <telecom>
          <system value="email"/>
          <value value="peter.hauser@hauserpraxis.ch"/>
        </telecom>
      </Practitioner>
    </resource>
  </entry>
  <entry>
    <fullUrl value="urn:uuid:d10e0052-3ce2-48dc-b52a-cbf2ce204bf3"/>
    <resource>
      <Organization>
        <id value="d10e0052-3ce2-48dc-b52a-cbf2ce204bf3"/>
        <identifier>
          <system value="urn:oid:2.16.756.5.45"/>
          <value value="A74966168"/>
        </identifier>
        <name value="Praxis Dr. Hauser"/>
        <address>
          <line value="Hauptstrasse 10">
            <extension url="http://hl7.org/fhir/StructureDefinition/iso21090-ADXP-streetName">
              <valueString value="Hauptstrasse"/>
            </extension>
            <extension url="http://hl7.org/fhir/StructureDefinition/iso21090-ADXP-houseNumber">
              <valueString value="10"/>
            </extension>
          </line>
          <city value="Solothurn"/>
          <postalCode value="4500"/>
        </address>
      </Organization>
    </resource>
  </entry>
  <entry>
    <fullUrl value="urn:uuid:4db2dec2-b004-47d7-9fbd-1eea5e6302e0"/>
    <resource>
      <PractitionerRole>
        <id value="4db2dec2-b004-47d7-9fbd-1eea5e6302e0"/>
        <practitioner>
          <reference value="urn:uuid:886657bc-5bb4-487a-8173-8bd3d413d27d"/>
        </practitioner>
        <organization>
          <reference value="urn:uuid:d10e0052-3ce2-48dc-b52a-cbf2ce204bf3"/>
        </organization>
      </PractitionerRole>
    </resource>
  </entry>
  <entry>
    <fullUrl value="urn:uuid:d58f010e-c88a-4e8e-bf9e-a7203969c05c"/>
    <resource>
      <Specimen>
        <id value="d58f010e-c88a-4e8e-bf9e-a7203969c05c"/>
        <type>
          <text value="Material declared by Observation.code or non-mandatory"/>
        </type>
        <subject>
          <reference value="urn:uuid:e85cb81e-cfca-4c8b-94a4-53b29eb95f47"/>
        </subject>
        <collection>
          <collectedDateTime value="2024-10-15T14:20:00+02:00"/>
        </collection>
      </Specimen>
    </resource>
  </entry>
  <entry>
    <fullUrl value="urn:uuid:fbd5d22e-fbbd-4a1a-aff0-1ed37e33d1e6"/>
    <resource>
      <ServiceRequest>
        <id value="fbd5d22e-fbbd-4a1a-aff0-1ed37e33d1e6"/>
        <identifier>
          <value value="26500923675"/>
        </identifier>
        <status value="completed"/>
        <intent value="order"/>
        <code>
          <coding>
            <system value="http://loinc.org"/>
            <code value="31726-3"/>
          </coding>
        </code>
        <subject>
          <reference value="urn:uuid:e85cb81e-cfca-4c8b-94a4-53b29eb95f47"/>
        </subject>
        <requester>
          <reference value="urn:uuid:4db2dec2-b004-47d7-9fbd-1eea5e6302e0"/>
        </requester>
        <specimen>
          <reference value="urn:uuid:d58f010e-c88a-4e8e-bf9e-a7203969c05c"/>
        </specimen>
      </ServiceRequest>
    </resource>
  </entry>
  <entry>
    <fullUrl value="urn:uuid:ef34ca57-e591-414d-81c5-a0313fc390a4"/>
    <resource>
      <DiagnosticReport>
        <id value="ef34ca57-e591-414d-81c5-a0313fc390a4"/>
        <extension url="http://hl7.org/fhir/5.0/StructureDefinition/extension-DiagnosticReport.composition">
          <valueReference>
            <reference value="urn:uuid:7aa42324-d8f3-4d07-86c3-409d3a92998d"/>
          </valueReference>
        </extension>
        <identifier>
          <system value="urn:ietf:rfc:3986"/>
          <value value="urn:uuid:54013a2d-6012-443f-9a90-6331adb23aab"/>
        </identifier>
        <basedOn>
          <reference value="urn:uuid:fbd5d22e-fbbd-4a1a-aff0-1ed37e33d1e6"/>
        </basedOn>
        <status value="final"/>
        <code>
          <coding>
            <system value="http://loinc.org"/>
            <code value="11502-2"/>
            <display value="Laboratory report"/>
          </coding>
        </code>
        <subject>
          <reference value="urn:uuid:e85cb81e-cfca-4c8b-94a4-53b29eb95f47"/>
        </subject>
        <performer>
          <reference value="urn:uuid:b3517139-6035-4c97-b5ae-fcf8f413dfbf"/>
        </performer>
        <specimen>
          <reference value="urn:uuid:d58f010e-c88a-4e8e-bf9e-a7203969c05c"/>
        </specimen>
        <result>
          <reference value="urn:uuid:2e24c697-de13-4985-90b3-87da6676e793"/>
        </result>
      </DiagnosticReport>
    </resource>
  </entry>
</Bundle>