<?xml version="1.0" encoding="UTF-8"?>

<CodeSystem xmlns="http://hl7.org/fhir">
  <id value="ch-elm-foph-business-rules"/>
  <text>
    <status value="generated"/><div xmlns="http://www.w3.org/1999/xhtml"><p class="res-header-id"><b>Generated Narrative: CodeSystem ch-elm-foph-business-rules</b></p><a name="ch-elm-foph-business-rules"> </a><a name="hcch-elm-foph-business-rules"> </a><a name="ch-elm-foph-business-rules-en-US"> </a><p>This case-insensitive code system <code>http://fhir.ch/ig/ch-elm/CodeSystem/ch-elm-foph-business-rules</code> defines the following codes in a Is-A hierarchy:</p><table class="codes"><tr><td><b>Lvl</b></td><td style="white-space:nowrap"><b>Code</b></td><td><b>Display</b></td><td><b>Definition</b></td></tr><tr><td>1</td><td style="white-space:nowrap">information<a name="ch-elm-foph-business-rules-information"> </a></td><td>Information</td><td>A purely informational message.</td></tr><tr><td>2</td><td style="white-space:nowrap">  FOPH-000<a name="ch-elm-foph-business-rules-FOPH-000"> </a></td><td>Generic Information</td><td/></tr><tr><td>1</td><td style="white-space:nowrap">warning<a name="ch-elm-foph-business-rules-warning"> </a></td><td>Warning</td><td>If the rule is violated, the resource is conformant, but it is not necessarily following best practice.</td></tr><tr><td>2</td><td style="white-space:nowrap">  FOPH-014<a name="ch-elm-foph-business-rules-FOPH-014"> </a></td><td>The patient address state element should contain a two letter canton code.</td><td/></tr><tr><td>2</td><td style="white-space:nowrap">  FOPH-017<a name="ch-elm-foph-business-rules-FOPH-017"> </a></td><td>The combination of postal code &amp; city in the patient address element could not be found in the FOPH location database.</td><td/></tr><tr><td>2</td><td style="white-space:nowrap">  FOPH-005<a name="ch-elm-foph-business-rules-FOPH-005"> </a></td><td>The required anonymization for the reported organism was violated. The following field(s) are affected: %fields%</td><td/></tr><tr><td>2</td><td style="white-space:nowrap">  FOPH-011<a name="ch-elm-foph-business-rules-FOPH-011"> </a></td><td>The material is already specified by the leading code. The additional material specified in specimen.type will be ignored.</td><td/></tr><tr><td>2</td><td style="white-space:nowrap">  FOPH-010<a name="ch-elm-foph-business-rules-FOPH-010"> </a></td><td>Attention, the code %code% (%codeSystem%) expires on %validTo%. Please adjust your systems by this date.</td><td/></tr><tr><td>2</td><td style="white-space:nowrap">  FOPH-019<a name="ch-elm-foph-business-rules-FOPH-019"> </a></td><td>The combination of postal code &amp; city in the practitioner orderer address element could not be found in the FOPH location database.</td><td/></tr><tr><td>2</td><td style="white-space:nowrap">  FOPH-018<a name="ch-elm-foph-business-rules-FOPH-018"> </a></td><td>The combination of postal code &amp; city in the organization orderer address element could not be found in the FOPH location database.</td><td/></tr><tr><td>2</td><td style="white-space:nowrap">  FOPH-015<a name="ch-elm-foph-business-rules-FOPH-015"> </a></td><td>For VCT patients, the identifier (OASI/AHV/ID-N) must not be reported.</td><td/></tr><tr><td>2</td><td style="white-space:nowrap">  FOPH-001<a name="ch-elm-foph-business-rules-FOPH-001"> </a></td><td>Generic Warning</td><td/></tr><tr><td>2</td><td style="white-space:nowrap">  FOPH-006<a name="ch-elm-foph-business-rules-FOPH-006"> </a></td><td>The following elements for the patient's address are expected: %missingElements%.</td><td/></tr><tr><td>1</td><td style="white-space:nowrap">error<a name="ch-elm-foph-business-rules-error"> </a></td><td>Error</td><td>If the rule is violated, the resource is not conformant.</td></tr><tr><td>2</td><td style="white-space:nowrap">  FOPH-009<a name="ch-elm-foph-business-rules-FOPH-009"> </a></td><td>The transmitted code %code% (%codeSystem%) is outside the defined validity period %validFrom% - %validTo%.</td><td/></tr><tr><td>2</td><td style="white-space:nowrap">  FOPH-016<a name="ch-elm-foph-business-rules-FOPH-016"> </a></td><td>The country code specified under patient address could not resolved. An ISO 3166 2 or 3 letter code is expected.</td><td/></tr><tr><td>2</td><td style="white-space:nowrap">  FOPH-002<a name="ch-elm-foph-business-rules-FOPH-002"> </a></td><td>Generic Error</td><td/></tr><tr><td>2</td><td style="white-space:nowrap">  FOPH-007<a name="ch-elm-foph-business-rules-FOPH-007"> </a></td><td>The specified material is not supported by the provided leading code.</td><td/></tr><tr><td>2</td><td style="white-space:nowrap">  FOPH-012<a name="ch-elm-foph-business-rules-FOPH-012"> </a></td><td>The transmitted leading code %code% (%codeSystem%) could not be found in the current value set.</td><td/></tr><tr><td>2</td><td style="white-space:nowrap">  FOPH-008<a name="ch-elm-foph-business-rules-FOPH-008"> </a></td><td>The specified organism is not supported by the provided leading code.</td><td/></tr><tr><td>2</td><td style="white-space:nowrap">  FOPH-004<a name="ch-elm-foph-business-rules-FOPH-004"> </a></td><td>The provided laboratory identification &quot;%identifier%&quot; is either unknown or corresponds to a laboratory for which your account does not have reporting permissions. Please verify your laboratory identification. If it's correct, complete the necessary onboarding process before submitting data on behalf of this lab.</td><td/></tr><tr><td>2</td><td style="white-space:nowrap">  FOPH-013<a name="ch-elm-foph-business-rules-FOPH-013"> </a></td><td>The transmitted code %code% (%codeSystem%) is outside the defined validity period.</td><td/></tr></table></div>
  </text>
  <url value="http://fhir.ch/ig/ch-elm/CodeSystem/ch-elm-foph-business-rules"/>
  <version value="1.9.1"/>
  <name value="ChElmFophBusinessRules"/>
  <title value="CH ELM FOPH Business Rules"/>
  <status value="active"/>
  <experimental value="false"/>
  <date value="2025-03-26T07:47:08+00:00"/>
  <publisher value="Federal Office of Public Health FOPH"/>
  <contact>
    <name value="Federal Office of Public Health FOPH"/>
    <telecom>
      <system value="url"/>
      <value value="https://www.bag.admin.ch/bag/en/home/das-bag/kontakt-standort.html"/>
    </telecom>
  </contact>
  <description value="This CH ELM code system describes specific business rules of the FOPH, which are applied during processing. Please note that the set of rules detailed herein only covers processes explicitly declared by the FOPH. Additional rules, not included in this code system, are applied by the FHIR validation logic, resulting in further codes. For more information about these additional codes, consult the official FHIR documentation and the implementation guideline."/>
  <jurisdiction>
    <coding>
      <system value="urn:iso:std:iso:3166"/>
      <code value="CH"/>
    </coding>
  </jurisdiction>
  <copyright value="CC0-1.0"/>
  <caseSensitive value="false"/>
  <hierarchyMeaning value="is-a"/>
  <content value="complete"/>
  <concept>
    <code value="information"/>
    <display value="Information"/>
    <definition value="A purely informational message."/>
    <concept>
      <code value="FOPH-000"/>
      <display value="Generic Information"/>
    </concept>
  </concept>
  <concept>
    <code value="warning"/>
    <display value="Warning"/>
    <definition value="If the rule is violated, the resource is conformant, but it is not necessarily following best practice."/>
    <concept>
      <code value="FOPH-014"/>
      <display value="The patient address state element should contain a two letter canton code."/>
    </concept>
    <concept>
      <code value="FOPH-017"/>
      <display value="The combination of postal code &amp; city in the patient address element could not be found in the FOPH location database."/>
    </concept>
    <concept>
      <code value="FOPH-005"/>
      <display value="The required anonymization for the reported organism was violated. The following field(s) are affected: %fields%"/>
    </concept>
    <concept>
      <code value="FOPH-011"/>
      <display value="The material is already specified by the leading code. The additional material specified in specimen.type will be ignored."/>
    </concept>
    <concept>
      <code value="FOPH-010"/>
      <display value="Attention, the code %code% (%codeSystem%) expires on %validTo%. Please adjust your systems by this date."/>
    </concept>
    <concept>
      <code value="FOPH-019"/>
      <display value="The combination of postal code &amp; city in the practitioner orderer address element could not be found in the FOPH location database."/>
    </concept>
    <concept>
      <code value="FOPH-018"/>
      <display value="The combination of postal code &amp; city in the organization orderer address element could not be found in the FOPH location database."/>
    </concept>
    <concept>
      <code value="FOPH-015"/>
      <display value="For VCT patients, the identifier (OASI/AHV/ID-N) must not be reported."/>
    </concept>
    <concept>
      <code value="FOPH-001"/>
      <display value="Generic Warning"/>
    </concept>
    <concept>
      <code value="FOPH-006"/>
      <display value="The following elements for the patient's address are expected: %missingElements%."/>
    </concept>
  </concept>
  <concept>
    <code value="error"/>
    <display value="Error"/>
    <definition value="If the rule is violated, the resource is not conformant."/>
    <concept>
      <code value="FOPH-009"/>
      <display value="The transmitted code %code% (%codeSystem%) is outside the defined validity period %validFrom% - %validTo%."/>
    </concept>
    <concept>
      <code value="FOPH-016"/>
      <display value="The country code specified under patient address could not resolved. An ISO 3166 2 or 3 letter code is expected."/>
    </concept>
    <concept>
      <code value="FOPH-002"/>
      <display value="Generic Error"/>
    </concept>
    <concept>
      <code value="FOPH-007"/>
      <display value="The specified material is not supported by the provided leading code."/>
    </concept>
    <concept>
      <code value="FOPH-012"/>
      <display value="The transmitted leading code %code% (%codeSystem%) could not be found in the current value set."/>
    </concept>
    <concept>
      <code value="FOPH-008"/>
      <display value="The specified organism is not supported by the provided leading code."/>
    </concept>
    <concept>
      <code value="FOPH-004"/>
      <display value="The provided laboratory identification &quot;%identifier%&quot; is either unknown or corresponds to a laboratory for which your account does not have reporting permissions. Please verify your laboratory identification. If it's correct, complete the necessary onboarding process before submitting data on behalf of this lab."/>
    </concept>
    <concept>
      <code value="FOPH-013"/>
      <display value="The transmitted code %code% (%codeSystem%) is outside the defined validity period."/>
    </concept>
  </concept>
</CodeSystem>