<?xml version="1.0" encoding="UTF-8"?>

<ConceptMap xmlns="http://hl7.org/fhir">
  <id value="ch-elm-results-susc-to-component-code"/>
  <text>
    <status value="generated"/><div xmlns="http://www.w3.org/1999/xhtml"><p class="res-header-id"><b>Generated Narrative: ConceptMap ch-elm-results-susc-to-component-code</b></p><a name="ch-elm-results-susc-to-component-code"> </a><a name="hcch-elm-results-susc-to-component-code"> </a><a name="ch-elm-results-susc-to-component-code-en-US"> </a><p>Mapping from <a href="ValueSet-ch-elm-results-laboratory-observation-susc.html">CH ELM Results Laboratory Observation Susceptibility</a> to <a href="ValueSet-ch-elm-results-component-vs.html">CH ELM Results Component Vs</a></p><br/><p><b>Group 1 </b>Mapping from <a href="http://terminology.hl7.org/6.1.0/CodeSystem-v3-loinc.html">Logical Observation Identifiers, Names and Codes (LOINC)</a> to <a href="CodeSystem-ch-elm-results-component-vs.html">CH ELM Results Component Vs</a></p><table class="grid"><tr><td><b>Source Code</b></td><td><b>Relationship</b></td><td><b>Target Code</b></td></tr><tr><td>29579-0 (Mycobacterial susceptibility panel by Method for Slow-growing mycobacteria)</td><td><a href="http://hl7.org/fhir/R5/codesystem-concept-map-relationship.html#relatedto" title="relatedto">is related to</a></td><td>http://fhir.ch/ig/ch-elm/ValueSet/ch-elm-results-component-antibiotic-tb</td></tr></table></div>
  </text>
  <url value="http://fhir.ch/ig/ch-elm/ConceptMap/ch-elm-results-susc-to-component-code"/>
  <version value="1.9.1"/>
  <name value="ChElmResultsSuscToComponentCode"/>
  <title value="CH ELM Results Susceptibility To Component Code"/>
  <status value="active"/>
  <experimental value="false"/>
  <date value="2025-03-26T07:47:08+00:00"/>
  <publisher value="Federal Office of Public Health FOPH"/>
  <contact>
    <name value="Federal Office of Public Health FOPH"/>
    <telecom>
      <system value="url"/>
      <value value="https://www.bag.admin.ch/bag/en/home/das-bag/kontakt-standort.html"/>
    </telecom>
  </contact>
  <description value="This CH ELM concept map shows for each leading code defining susceptibility testing results its corresponding antibiotic-valueset. The target code shows the URL of the value set containing the permitted antibiotic codes."/>
  <jurisdiction>
    <coding>
      <system value="urn:iso:std:iso:3166"/>
      <code value="CH"/>
    </coding>
  </jurisdiction>
  <copyright value="CC0-1.0"/>
  <sourceCanonical value="http://fhir.ch/ig/ch-elm/ValueSet/ch-elm-results-laboratory-observation-susc"/>
  <targetCanonical value="http://fhir.ch/ig/ch-elm/ValueSet/ch-elm-results-component-vs"/>
  <group>
    <source value="http://loinc.org"/>
    <target value="http://fhir.ch/ig/ch-elm/CodeSystem/ch-elm-results-component-vs"/>
    <element>
      <code value="29579-0"/>
      <display value="Mycobacterial susceptibility panel by Method for Slow-growing mycobacteria"/>
      <target>
        <code value="http://fhir.ch/ig/ch-elm/ValueSet/ch-elm-results-component-antibiotic-tb"/>
        <equivalence value="relatedto"/>
      </target>
    </element>
  </group>
</ConceptMap>