<?xml version="1.0" encoding="UTF-8"?>

<ConceptMap xmlns="http://hl7.org/fhir">
  <id value="ch-elm-expecting-specimen-specification-to-results-completion-vs"/>
  <text>
    <status value="generated"/><div xmlns="http://www.w3.org/1999/xhtml"><p class="res-header-id"><b>Generated Narrative: ConceptMap ch-elm-expecting-specimen-specification-to-results-completion-vs</b></p><a name="ch-elm-expecting-specimen-specification-to-results-completion-vs"> </a><a name="hcch-elm-expecting-specimen-specification-to-results-completion-vs"> </a><a name="ch-elm-expecting-specimen-specification-to-results-completion-vs-en-US"> </a><p>Mapping from <a href="ValueSet-ch-elm-expecting-specimen-specification.html">CH ELM Expecting Specimen Specification</a> to <a href="ValueSet-ch-elm-results-completion-vs.html">CH ELM Results Completion Vs</a></p><br/><p><b>Group 1 </b>Mapping from <a href="http://terminology.hl7.org/6.1.0/CodeSystem-v3-loinc.html">Logical Observation Identifiers, Names and Codes (LOINC)</a> to <a href="CodeSystem-ch-elm-results-completion-vs.html">CH ELM Results Completion Vs</a></p><table class="grid"><tr><td><b>Source Code</b></td><td><b>Relationship</b></td><td><b>Target Code</b></td></tr><tr><td>16134-9 (Neisseria meningitidis [Presence] in Specimen by Organism specific culture)</td><td><a href="http://hl7.org/fhir/R5/codesystem-concept-map-relationship.html#relatedto" title="relatedto">is related to</a></td><td>http://fhir.ch/ig/ch-elm/ValueSet/ch-elm-results-sterile-spec</td></tr><tr><td>21613-5 (Chlamydia trachomatis DNA [Presence] in Specimen by NAA with probe detection)</td><td><a href="http://hl7.org/fhir/R5/codesystem-concept-map-relationship.html#relatedto" title="relatedto">is related to</a></td><td>http://fhir.ch/ig/ch-elm/ValueSet/ch-elm-results-geni-spec</td></tr><tr><td>29907-3 (Haemophilus influenzae B DNA [Presence] in Specimen by NAA with probe detection)</td><td><a href="http://hl7.org/fhir/R5/codesystem-concept-map-relationship.html#relatedto" title="relatedto">is related to</a></td><td>http://fhir.ch/ig/ch-elm/ValueSet/ch-elm-results-sterile-spec</td></tr><tr><td>31777-6 (Chlamydia trachomatis Ag [Presence] in Specimen)</td><td><a href="http://hl7.org/fhir/R5/codesystem-concept-map-relationship.html#relatedto" title="relatedto">is related to</a></td><td>http://fhir.ch/ig/ch-elm/ValueSet/ch-elm-results-geni-spec</td></tr><tr><td>31912-9 (Neisseria meningitidis Ag [Presence] in Specimen)</td><td><a href="http://hl7.org/fhir/R5/codesystem-concept-map-relationship.html#relatedto" title="relatedto">is related to</a></td><td>http://fhir.ch/ig/ch-elm/ValueSet/ch-elm-results-sterile-spec</td></tr><tr><td>31969-9 (Streptococcus pneumoniae Ag [Presence] in Specimen)</td><td><a href="http://hl7.org/fhir/R5/codesystem-concept-map-relationship.html#relatedto" title="relatedto">is related to</a></td><td>http://fhir.ch/ig/ch-elm/ValueSet/ch-elm-results-sterile-spec</td></tr><tr><td>38353-9 (Streptococcus sp identified in Specimen by Organism specific culture)</td><td><a href="http://hl7.org/fhir/R5/codesystem-concept-map-relationship.html#relatedto" title="relatedto">is related to</a></td><td>http://fhir.ch/ig/ch-elm/ValueSet/ch-elm-results-sterile-spec</td></tr><tr><td>43304-5 (Chlamydia trachomatis rRNA [Presence] in Specimen by NAA with probe detection)</td><td><a href="http://hl7.org/fhir/R5/codesystem-concept-map-relationship.html#relatedto" title="relatedto">is related to</a></td><td>http://fhir.ch/ig/ch-elm/ValueSet/ch-elm-results-geni-spec</td></tr><tr><td>49671-1 (Neisseria meningitidis DNA [Presence] in Specimen by NAA with probe detection)</td><td><a href="http://hl7.org/fhir/R5/codesystem-concept-map-relationship.html#relatedto" title="relatedto">is related to</a></td><td>http://fhir.ch/ig/ch-elm/ValueSet/ch-elm-results-sterile-spec</td></tr><tr><td>49672-9 (Streptococcus pneumoniae DNA [Presence] in Specimen by NAA with probe detection)</td><td><a href="http://hl7.org/fhir/R5/codesystem-concept-map-relationship.html#relatedto" title="relatedto">is related to</a></td><td>http://fhir.ch/ig/ch-elm/ValueSet/ch-elm-results-sterile-spec</td></tr><tr><td>58473-0 (Haemophilus influenzae serotype DNA [Identifier] in Specimen by NAA with probe detection)</td><td><a href="http://hl7.org/fhir/R5/codesystem-concept-map-relationship.html#relatedto" title="relatedto">is related to</a></td><td>http://fhir.ch/ig/ch-elm/ValueSet/ch-elm-results-sterile-spec</td></tr><tr><td>61366-1 (Haemophilus influenzae DNA [Presence] in Specimen by NAA with probe detection)</td><td><a href="http://hl7.org/fhir/R5/codesystem-concept-map-relationship.html#relatedto" title="relatedto">is related to</a></td><td>http://fhir.ch/ig/ch-elm/ValueSet/ch-elm-results-sterile-spec</td></tr><tr><td>61369-5 (Listeria monocytogenes DNA [Presence] in Specimen by NAA with probe detection)</td><td><a href="http://hl7.org/fhir/R5/codesystem-concept-map-relationship.html#relatedto" title="relatedto">is related to</a></td><td>http://fhir.ch/ig/ch-elm/ValueSet/ch-elm-results-sterile-spec</td></tr><tr><td>6349-5 (Chlamydia trachomatis [Presence] in Specimen by Organism specific culture)</td><td><a href="http://hl7.org/fhir/R5/codesystem-concept-map-relationship.html#relatedto" title="relatedto">is related to</a></td><td>http://fhir.ch/ig/ch-elm/ValueSet/ch-elm-results-geni-spec</td></tr><tr><td>6600-1 (Haemophilus sp identified in Specimen by Organism specific culture)</td><td><a href="http://hl7.org/fhir/R5/codesystem-concept-map-relationship.html#relatedto" title="relatedto">is related to</a></td><td>http://fhir.ch/ig/ch-elm/ValueSet/ch-elm-results-sterile-spec</td></tr><tr><td>6609-2 (Listeria sp identified in Specimen by Organism specific culture)</td><td><a href="http://hl7.org/fhir/R5/codesystem-concept-map-relationship.html#relatedto" title="relatedto">is related to</a></td><td>http://fhir.ch/ig/ch-elm/ValueSet/ch-elm-results-sterile-spec</td></tr><tr><td>69410-9 (Haemophilus influenzae [Identifier] in Specimen by Organism specific culture)</td><td><a href="http://hl7.org/fhir/R5/codesystem-concept-map-relationship.html#relatedto" title="relatedto">is related to</a></td><td>http://fhir.ch/ig/ch-elm/ValueSet/ch-elm-results-sterile-spec</td></tr></table></div>
  </text>
  <url value="http://fhir.ch/ig/ch-elm/ConceptMap/ch-elm-expecting-specimen-specification-to-results-completion-vs"/>
  <version value="1.9.1"/>
  <name value="ChElmExpectingSpecimenSpecificationToResultsCompletionVs"/>
  <title value="CH ELM Expecting Specimen Specification To Results Completion Vs"/>
  <status value="active"/>
  <experimental value="false"/>
  <date value="2025-03-26T07:47:08+00:00"/>
  <publisher value="Federal Office of Public Health FOPH"/>
  <contact>
    <name value="Federal Office of Public Health FOPH"/>
    <telecom>
      <system value="url"/>
      <value value="https://www.bag.admin.ch/bag/en/home/das-bag/kontakt-standort.html"/>
    </telecom>
  </contact>
  <description value="This CH ELM concept map shows which leading codes have to be completed by an additional code to specify the specimen. The target code shows the URL of the value set containing the permitted codes for the specimen specification."/>
  <jurisdiction>
    <coding>
      <system value="urn:iso:std:iso:3166"/>
      <code value="CH"/>
    </coding>
  </jurisdiction>
  <copyright value="CC0-1.0"/>
  <sourceCanonical value="http://fhir.ch/ig/ch-elm/ValueSet/ch-elm-expecting-specimen-specification"/>
  <targetCanonical value="http://fhir.ch/ig/ch-elm/ValueSet/ch-elm-results-completion-vs"/>
  <group>
    <source value="http://loinc.org"/>
    <target value="http://fhir.ch/ig/ch-elm/CodeSystem/ch-elm-results-completion-vs"/>
    <element>
      <code value="16134-9"/>
      <display value="Neisseria meningitidis [Presence] in Specimen by Organism specific culture"/>
      <target>
        <code value="http://fhir.ch/ig/ch-elm/ValueSet/ch-elm-results-sterile-spec"/>
        <equivalence value="relatedto"/>
      </target>
    </element>
    <element>
      <code value="21613-5"/>
      <display value="Chlamydia trachomatis DNA [Presence] in Specimen by NAA with probe detection"/>
      <target>
        <code value="http://fhir.ch/ig/ch-elm/ValueSet/ch-elm-results-geni-spec"/>
        <equivalence value="relatedto"/>
      </target>
    </element>
    <element>
      <code value="29907-3"/>
      <display value="Haemophilus influenzae B DNA [Presence] in Specimen by NAA with probe detection"/>
      <target>
        <code value="http://fhir.ch/ig/ch-elm/ValueSet/ch-elm-results-sterile-spec"/>
        <equivalence value="relatedto"/>
      </target>
    </element>
    <element>
      <code value="31777-6"/>
      <display value="Chlamydia trachomatis Ag [Presence] in Specimen"/>
      <target>
        <code value="http://fhir.ch/ig/ch-elm/ValueSet/ch-elm-results-geni-spec"/>
        <equivalence value="relatedto"/>
      </target>
    </element>
    <element>
      <code value="31912-9"/>
      <display value="Neisseria meningitidis Ag [Presence] in Specimen"/>
      <target>
        <code value="http://fhir.ch/ig/ch-elm/ValueSet/ch-elm-results-sterile-spec"/>
        <equivalence value="relatedto"/>
      </target>
    </element>
    <element>
      <code value="31969-9"/>
      <display value="Streptococcus pneumoniae Ag [Presence] in Specimen"/>
      <target>
        <code value="http://fhir.ch/ig/ch-elm/ValueSet/ch-elm-results-sterile-spec"/>
        <equivalence value="relatedto"/>
      </target>
    </element>
    <element>
      <code value="38353-9"/>
      <display value="Streptococcus sp identified in Specimen by Organism specific culture"/>
      <target>
        <code value="http://fhir.ch/ig/ch-elm/ValueSet/ch-elm-results-sterile-spec"/>
        <equivalence value="relatedto"/>
      </target>
    </element>
    <element>
      <code value="43304-5"/>
      <display value="Chlamydia trachomatis rRNA [Presence] in Specimen by NAA with probe detection"/>
      <target>
        <code value="http://fhir.ch/ig/ch-elm/ValueSet/ch-elm-results-geni-spec"/>
        <equivalence value="relatedto"/>
      </target>
    </element>
    <element>
      <code value="49671-1"/>
      <display value="Neisseria meningitidis DNA [Presence] in Specimen by NAA with probe detection"/>
      <target>
        <code value="http://fhir.ch/ig/ch-elm/ValueSet/ch-elm-results-sterile-spec"/>
        <equivalence value="relatedto"/>
      </target>
    </element>
    <element>
      <code value="49672-9"/>
      <display value="Streptococcus pneumoniae DNA [Presence] in Specimen by NAA with probe detection"/>
      <target>
        <code value="http://fhir.ch/ig/ch-elm/ValueSet/ch-elm-results-sterile-spec"/>
        <equivalence value="relatedto"/>
      </target>
    </element>
    <element>
      <code value="58473-0"/>
      <display value="Haemophilus influenzae serotype DNA [Identifier] in Specimen by NAA with probe detection"/>
      <target>
        <code value="http://fhir.ch/ig/ch-elm/ValueSet/ch-elm-results-sterile-spec"/>
        <equivalence value="relatedto"/>
      </target>
    </element>
    <element>
      <code value="61366-1"/>
      <display value="Haemophilus influenzae DNA [Presence] in Specimen by NAA with probe detection"/>
      <target>
        <code value="http://fhir.ch/ig/ch-elm/ValueSet/ch-elm-results-sterile-spec"/>
        <equivalence value="relatedto"/>
      </target>
    </element>
    <element>
      <code value="61369-5"/>
      <display value="Listeria monocytogenes DNA [Presence] in Specimen by NAA with probe detection"/>
      <target>
        <code value="http://fhir.ch/ig/ch-elm/ValueSet/ch-elm-results-sterile-spec"/>
        <equivalence value="relatedto"/>
      </target>
    </element>
    <element>
      <code value="6349-5"/>
      <display value="Chlamydia trachomatis [Presence] in Specimen by Organism specific culture"/>
      <target>
        <code value="http://fhir.ch/ig/ch-elm/ValueSet/ch-elm-results-geni-spec"/>
        <equivalence value="relatedto"/>
      </target>
    </element>
    <element>
      <code value="6600-1"/>
      <display value="Haemophilus sp identified in Specimen by Organism specific culture"/>
      <target>
        <code value="http://fhir.ch/ig/ch-elm/ValueSet/ch-elm-results-sterile-spec"/>
        <equivalence value="relatedto"/>
      </target>
    </element>
    <element>
      <code value="6609-2"/>
      <display value="Listeria sp identified in Specimen by Organism specific culture"/>
      <target>
        <code value="http://fhir.ch/ig/ch-elm/ValueSet/ch-elm-results-sterile-spec"/>
        <equivalence value="relatedto"/>
      </target>
    </element>
    <element>
      <code value="69410-9"/>
      <display value="Haemophilus influenzae [Identifier] in Specimen by Organism specific culture"/>
      <target>
        <code value="http://fhir.ch/ig/ch-elm/ValueSet/ch-elm-results-sterile-spec"/>
        <equivalence value="relatedto"/>
      </target>
    </element>
  </group>
</ConceptMap>