<?xml version="1.0" encoding="UTF-8"?>

<ValueSet xmlns="http://hl7.org/fhir">
  <id value="ch-elm-results-virus-cult-org"/>
  <text>
    <status value="generated"/><div xmlns="http://www.w3.org/1999/xhtml"><p class="res-header-id"><b>Generated Narrative: ValueSet ch-elm-results-virus-cult-org</b></p><a name="ch-elm-results-virus-cult-org"> </a><a name="hcch-elm-results-virus-cult-org"> </a><a name="ch-elm-results-virus-cult-org-en-US"> </a><ul><li>Include these codes as defined in <a href="http://www.snomed.org/"><code>http://snomed.info/sct</code></a><table class="none"><tr><td style="white-space:nowrap"><b>Code</b></td><td><b>Display</b></td></tr><tr><td><a href="http://snomed.info/id/32323003">32323003</a></td><td>Tick-borne encephalitis virus (organism)</td></tr><tr><td><a href="http://snomed.info/id/34348001">34348001</a></td><td>Dengue virus (organism)</td></tr><tr><td><a href="http://snomed.info/id/49445003">49445003</a></td><td>Genus Hantavirus (organism)</td></tr><tr><td><a href="http://snomed.info/id/2423009">2423009</a></td><td>Chikungunya virus (organism)</td></tr><tr><td><a href="http://snomed.info/id/57311007">57311007</a></td><td>West Nile virus (organism)</td></tr></table></li></ul></div>
  </text>
  <url value="http://fhir.ch/ig/ch-elm/ValueSet/ch-elm-results-virus-cult-org"/>
  <version value="1.9.1"/>
  <name value="ChElmResultsVirusCultOrg"/>
  <title value="CH ELM Results Virus Cult Org"/>
  <status value="active"/>
  <experimental value="false"/>
  <date value="2025-03-26T07:47:08+00:00"/>
  <publisher value="Federal Office of Public Health FOPH"/>
  <contact>
    <name value="Federal Office of Public Health FOPH"/>
    <telecom>
      <system value="url"/>
      <value value="https://www.bag.admin.ch/bag/en/home/das-bag/kontakt-standort.html"/>
    </telecom>
  </contact>
  <description value="The &quot;CH ELM Results Virus Cult Org&quot; organism group provides a curated set of codes representing specific organisms. Each code within this group has been selected to ensure precise representation and consistency in relation to the primary LOINC codes. Clients utilizing the &quot;CH ELM Results Virus Cult Org&quot; group should refer to the provided codes to accurately and uniformly capture and report organism-related information."/>
  <jurisdiction>
    <coding>
      <system value="urn:iso:std:iso:3166"/>
      <code value="CH"/>
    </coding>
  </jurisdiction>
  <copyright value="CC0-1.0"/>
  <compose>
    <include>
      <system value="http://snomed.info/sct"/>
      <concept>
        <code value="32323003"/>
        <display value="Tick-borne encephalitis virus (organism)"/>
      </concept>
      <concept>
        <code value="34348001"/>
        <display value="Dengue virus (organism)"/>
      </concept>
      <concept>
        <code value="49445003"/>
        <display value="Genus Hantavirus (organism)"/>
      </concept>
      <concept>
        <code value="2423009"/>
        <display value="Chikungunya virus (organism)"/>
      </concept>
      <concept>
        <code value="57311007"/>
        <display value="West Nile virus (organism)"/>
      </concept>
    </include>
  </compose>
</ValueSet>