<?xml version="1.0" encoding="UTF-8"?><ImplementationGuide xmlns="http://hl7.org/fhir"><id value="ch.fhir.ig.ch-epr-mhealth"/><text><status value="additional"/><div xmlns="http://www.w3.org/1999/xhtml">
      Implementation Guide for the Mobile access to Health Documents (epr-mhealth) Profile for the Swiss EPR
    </div></text><url value="http://fhir.ch/ig/ch-epr-mhealth/ImplementationGuide/ch.fhir.ig.ch-epr-mhealth"/><version value="0.2.0"/><name value="CHEprMhealth"/><title value="CH EPR mHealth (R4)"/><status value="active"/><experimental value="false"/><date value="2021-06-16"/><publisher value="eHealth Suisse"/><contact><name value="eHealth Suisse"/><telecom><system value="url"/><value value="https://www.e-health-suisse.ch"/></telecom></contact><description value="Implementation Guide for the Mobile access to Health Documents (epr-mhealth) Profile for the Swiss EPR"/><jurisdiction><coding><system value="urn:iso:std:iso:3166"/><code value="CH"/></coding></jurisdiction><copyright value="CC-BY-SA-4.0"/><packageId value="ch.fhir.ig.ch-epr-mhealth"/><license value="CC-BY-SA-4.0"/><fhirVersion value="4.0.1"/><dependsOn id="chcore"><uri value="http://fhir.ch/ig/ch-core/ImplementationGuide/ch.fhir.ig.ch-core"/><packageId value="ch.fhir.ig.ch-core"/><version value="2.0.0"/></dependsOn><dependsOn id="ihemhdfhir"><uri value="http://ihe.net/fhir/ihe.mhd.fhir/ImplementationGuide/ihe.mhd.fhir"/><packageId value="ihe.mhd.fhir"/><version value="4.0.1"/></dependsOn><definition><extension url="http://hl7.org/fhir/tools/StructureDefinition/ig-parameter"><extension url="code"><valueString value="releaselabel"/></extension><extension url="value"><valueString value="DSTU 1 Informative Ballot"/></extension></extension><extension url="http://hl7.org/fhir/tools/StructureDefinition/ig-parameter"><extension url="code"><valueString value="copyrightyear"/></extension><extension url="value"><valueString value="2020+"/></extension></extension><extension url="http://hl7.org/fhir/tools/StructureDefinition/ig-parameter"><extension url="code"><valueString value="special-url"/></extension><extension url="value"><valueString value="http://ihe.net/fhir/"/></extension></extension><extension url="http://hl7.org/fhir/tools/StructureDefinition/ig-parameter"><extension url="code"><valueString value="path-liquid"/></extension><extension url="value"><valueString value="template/liquid"/></extension></extension><extension url="http://hl7.org/fhir/tools/StructureDefinition/ig-parameter"><extension url="code"><valueString value="path-liquid"/></extension><extension url="value"><valueString value="input/liquid"/></extension></extension><extension url="http://hl7.org/fhir/tools/StructureDefinition/ig-parameter"><extension url="code"><valueString value="path-qa"/></extension><extension url="value"><valueString value="temp/qa"/></extension></extension><extension url="http://hl7.org/fhir/tools/StructureDefinition/ig-parameter"><extension url="code"><valueString value="path-temp"/></extension><extension url="value"><valueString value="temp/pages"/></extension></extension><extension url="http://hl7.org/fhir/tools/StructureDefinition/ig-parameter"><extension url="code"><valueString value="path-output"/></extension><extension url="value"><valueString value="output"/></extension></extension><extension url="http://hl7.org/fhir/tools/StructureDefinition/ig-parameter"><extension url="code"><valueString value="path-suppressed-warnings"/></extension><extension url="value"><valueString value="input/ignoreWarnings.txt"/></extension></extension><extension url="http://hl7.org/fhir/tools/StructureDefinition/ig-parameter"><extension url="code"><valueString value="path-history"/></extension><extension url="value"><valueString value="http://fhir.ch/ig/ch-epr-mhealth/history.html"/></extension></extension><extension url="http://hl7.org/fhir/tools/StructureDefinition/ig-parameter"><extension url="code"><valueString value="template-html"/></extension><extension url="value"><valueString value="template-page.html"/></extension></extension><extension url="http://hl7.org/fhir/tools/StructureDefinition/ig-parameter"><extension url="code"><valueString value="template-md"/></extension><extension url="value"><valueString value="template-page-md.html"/></extension></extension><extension url="http://hl7.org/fhir/tools/StructureDefinition/ig-parameter"><extension url="code"><valueString value="apply-contact"/></extension><extension url="value"><valueString value="true"/></extension></extension><extension url="http://hl7.org/fhir/tools/StructureDefinition/ig-parameter"><extension url="code"><valueString value="apply-context"/></extension><extension url="value"><valueString value="true"/></extension></extension><extension url="http://hl7.org/fhir/tools/StructureDefinition/ig-parameter"><extension url="code"><valueString value="apply-copyright"/></extension><extension url="value"><valueString value="true"/></extension></extension><extension url="http://hl7.org/fhir/tools/StructureDefinition/ig-parameter"><extension url="code"><valueString value="apply-jurisdiction"/></extension><extension url="value"><valueString value="true"/></extension></extension><extension url="http://hl7.org/fhir/tools/StructureDefinition/ig-parameter"><extension url="code"><valueString value="apply-license"/></extension><extension url="value"><valueString value="true"/></extension></extension><extension url="http://hl7.org/fhir/tools/StructureDefinition/ig-parameter"><extension url="code"><valueString value="apply-publisher"/></extension><extension url="value"><valueString value="true"/></extension></extension><extension url="http://hl7.org/fhir/tools/StructureDefinition/ig-parameter"><extension url="code"><valueString value="apply-version"/></extension><extension url="value"><valueString value="true"/></extension></extension><extension url="http://hl7.org/fhir/tools/StructureDefinition/ig-parameter"><extension url="code"><valueString value="active-tables"/></extension><extension url="value"><valueString value="true"/></extension></extension><grouping id="-dyn-capabilitystatement"><name value="Behavior: Capability Statements"/><description value="The following artifacts define the specific capabilities that different types of systems are expected to have in order to comply with this implementation guide.  Systems conforming to this implementation guide are expected to declare conformance to one or more of the following capability statements."/></grouping><grouping id="-dyn-operationdefinition"><name value="Behavior: Operation Definitions"/><description value="These are custom operations that can be supported by and/or invoked by systems conforming to this implementation guide"/></grouping><grouping id="-str-profile"><name value="Structures: Resource Profiles"/><description value="These define constraints on FHIR resources for systems conforming to this implementation guide"/></grouping><grouping id="-str-datatype"><name value="Structures: Data Type Profiles"/><description value="These define constraints on FHIR data types for systems conforming to this implementation guide"/></grouping><grouping id="-str-extension"><name value="Structures: Extension Definitions"/><description value="These define constraints on FHIR data types for systems conforming to this implementation guide"/></grouping><grouping id="-term-valueset"><name value="Terminology: Value Sets"/><description value="These define sets of codes used by systems conforming to this implementation guide"/></grouping><grouping id="-term-codesystem"><name value="Terminology: Code Systems"/><description value="These define new code systems used by systems conforming to this implementation guide"/></grouping><grouping id="-ex-example"><name value="Example: Example Instances"/><description value="These are example instances that show what data produced and consumed by systems conforming with this implementation guide might look like"/></grouping><resource><extension url="http://hl7.org/fhir/StructureDefinition/implementationguide-page"><valueUri value="Parameters-ParametersPIXmInput.html"/></extension><reference><reference value="Parameters/ParametersPIXmInput"/></reference><name value="Parameters PIXm Query Input"/><description value="Example Input Parameters Mobile Patient Identifier Corss-reference Query"/><exampleCanonical value="http://fhir.ch/ig/ch-epr-mhealth/StructureDefinition/ch-pixm-in-parameters"/><groupingId value="-ex-example"/></resource><resource><extension url="http://hl7.org/fhir/StructureDefinition/implementationguide-page"><valueUri value="Parameters-ParametersPIXmOutput.html"/></extension><reference><reference value="Parameters/ParametersPIXmOutput"/></reference><name value="Parameters PIXm Query Output"/><description value="Example Output Parameters Mobile Patient Identifier Corss-reference Query"/><exampleCanonical value="http://fhir.ch/ig/ch-epr-mhealth/StructureDefinition/ch-pixm-out-parameters"/><groupingId value="-ex-example"/></resource><resource><extension url="http://hl7.org/fhir/StructureDefinition/implementationguide-page"><valueUri value="Bundle-BundlePIXmFeed.html"/></extension><reference><reference value="Bundle/BundlePIXmFeed"/></reference><name value="Bundle CH:PIXm Feed"/><description value="Example Bundle for a CH:PIXm Feed"/><exampleCanonical value="http://fhir.ch/ig/ch-epr-mhealth/StructureDefinition/ch-pixm-bundle"/><groupingId value="-ex-example"/></resource><resource><extension url="http://hl7.org/fhir/StructureDefinition/implementationguide-page"><valueUri value="Patient-PatientPIXmFeed.html"/></extension><reference><reference value="Patient/PatientPIXmFeed"/></reference><name value="Patient CH:PIXm Feed"/><description value="Example CH:PIXm patient feed"/><exampleCanonical value="http://fhir.ch/ig/ch-epr-mhealth/StructureDefinition/ch-pixm-patient"/><groupingId value="-ex-example"/></resource><resource><extension url="http://hl7.org/fhir/StructureDefinition/implementationguide-page"><valueUri value="Patient-FranzMusterNeedsAbsoluteUrl.html"/></extension><reference><reference value="Patient/FranzMusterNeedsAbsoluteUrl"/></reference><name value="Franz Muster Needs Absolute Url"/><description value="Example Patient"/><exampleCanonical value="http://fhir.ch/ig/ch-epr-mhealth/StructureDefinition/ch-pixm-patient"/><groupingId value="-ex-example"/></resource><resource><extension url="http://hl7.org/fhir/StructureDefinition/implementationguide-page"><valueUri value="Organization-GruppenpraxisCH.html"/></extension><reference><reference value="Organization/GruppenpraxisCH"/></reference><name value="GruppenpraxisCH"/><description value="Example Organization"/><exampleCanonical value="http://fhir.ch/ig/ch-epr-mhealth/StructureDefinition/ch-pixm-provider-organization"/><groupingId value="-ex-example"/></resource><resource><extension url="http://hl7.org/fhir/StructureDefinition/implementationguide-page"><valueUri value="Bundle-BundlePIXmResponse.html"/></extension><reference><reference value="Bundle/BundlePIXmResponse"/></reference><name value="Bundle CH:PIXm Feed Response"/><description value="Example Bundle for a CH:PIXm Feed Response"/><exampleCanonical value="http://fhir.ch/ig/ch-epr-mhealth/StructureDefinition/ch-pixm-bundle-response"/><groupingId value="-ex-example"/></resource><resource><extension url="http://hl7.org/fhir/StructureDefinition/implementationguide-page"><valueUri value="Bundle-2-7-BundleProvideDocument.html"/></extension><reference><reference value="Bundle/2-7-BundleProvideDocument"/></reference><name value="MHD Provide Document Bundle for MedicationCard"/><description value="MHD Provide Document Bundle for MedicationCard"/><exampleCanonical value="http://fhir.ch/ig/ch-epr-mhealth/StructureDefinition/ch-mhd-providedocumentbundle-comprehensive"/><groupingId value="-ex-example"/></resource><resource><extension url="http://hl7.org/fhir/StructureDefinition/implementationguide-page"><valueUri value="List-2-7-DocSubMedicationCard.html"/></extension><reference><reference value="List/2-7-DocSubMedicationCard"/></reference><name value="SubmissionSet (List) for MedicationCard"/><description value="Example SubmissionSet for a MedicationCard"/><exampleCanonical value="http://fhir.ch/ig/ch-epr-mhealth/StructureDefinition/ch-mhd-submissionset-comprehensive"/><groupingId value="-ex-example"/></resource><resource><extension url="http://hl7.org/fhir/StructureDefinition/implementationguide-page"><valueUri value="DocumentReference-2-7-DocRefMedicationCard.html"/></extension><reference><reference value="DocumentReference/2-7-DocRefMedicationCard"/></reference><name value="DocumentReference for MedicationCard"/><description value="Example DocumentReference for a MedicationCard"/><exampleCanonical value="http://fhir.ch/ig/ch-epr-mhealth/StructureDefinition/ch-mhd-documentreference-comprehensive"/><groupingId value="-ex-example"/></resource><resource><extension url="http://hl7.org/fhir/StructureDefinition/implementationguide-page"><valueUri value="Bundle-2-7-BundleProvideDocument-Response.html"/></extension><reference><reference value="Bundle/2-7-BundleProvideDocument-Response"/></reference><name value="MHD Provide Document Bundle Response for MedicationCard"/><description value="MHD Provide Document Bundle Response for MedicationCard"/><exampleCanonical value="http://fhir.ch/ig/ch-epr-mhealth/StructureDefinition/ch-mhd-providedocumentbundle-comprehensive-response"/><groupingId value="-ex-example"/></resource><resource><extension url="http://hl7.org/fhir/StructureDefinition/implementationguide-page"><valueUri value="Bundle-Bundle-FindSubmissionSets.html"/></extension><reference><reference value="Bundle/Bundle-FindSubmissionSets"/></reference><name value="MHD Find DocumentSubmissionSet (List)"/><description value="MHD Find Document SumbmissionSet- Bundle as Response"/><exampleCanonical value="http://fhir.ch/ig/ch-epr-mhealth/StructureDefinition/ch-mhd-submissionset-comprehensive-bundle"/><groupingId value="-ex-example"/></resource><resource><extension url="http://hl7.org/fhir/StructureDefinition/implementationguide-page"><valueUri value="Bundle-Bundle-FindDocumentReferences.html"/></extension><reference><reference value="Bundle/Bundle-FindDocumentReferences"/></reference><name value="MHD Find DocumentReferences"/><description value="MHD Find DocumentReferences - Bundle as Response"/><exampleCanonical value="http://fhir.ch/ig/ch-epr-mhealth/StructureDefinition/ch-mhd-documentreference-comprehensive-bundle"/><groupingId value="-ex-example"/></resource><resource><extension url="http://hl7.org/fhir/StructureDefinition/implementationguide-page"><valueUri value="StructureDefinition-ch-pixm-in-parameters.html"/></extension><reference><reference value="StructureDefinition/ch-pixm-in-parameters"/></reference><name value="CH PIXm IN Parameters"/><description value="See https://wiki.ihe.net/index.php/Patient_Identifier_Cross-Reference_for_Mobile_(PIXm)"/><exampleBoolean value="false"/><groupingId value="-str-profile"/></resource><resource><extension url="http://hl7.org/fhir/StructureDefinition/implementationguide-page"><valueUri value="StructureDefinition-ch-pixm-out-parameters.html"/></extension><reference><reference value="StructureDefinition/ch-pixm-out-parameters"/></reference><name value="CH PIXm OUT Parameters"/><description value="See https://wiki.ihe.net/index.php/Patient_Identifier_Cross-Reference_for_Mobile_(PIXm)"/><exampleBoolean value="false"/><groupingId value="-str-profile"/></resource><resource><extension url="http://hl7.org/fhir/StructureDefinition/implementationguide-page"><valueUri value="StructureDefinition-ch-pixm-bundle.html"/></extension><reference><reference value="StructureDefinition/ch-pixm-bundle"/></reference><name value="CH:PIXm Bundle Feed Message"/><description value="Feed / Update or Merge Patient resources. Patients must conform to the ch-pixm-patient profile"/><exampleBoolean value="false"/><groupingId value="-str-profile"/></resource><resource><extension url="http://hl7.org/fhir/StructureDefinition/implementationguide-page"><valueUri value="StructureDefinition-ch-pixm-patient.html"/></extension><reference><reference value="StructureDefinition/ch-pixm-patient"/></reference><name value="CH EPR mHealth Patient Profile for CH:PIXm Mobile Patient Identity Feed"/><description value="The patient demographics and identifier information which can be provided in the CH:PIXm Feed according to the EPR. If the patient is already registered in a community, the MPI-PID SHALL be provided as an identifier. The EPR-SPID as an identifier MAY be added. The birthname can be added with the  ISO 21090 qualifier extension."/><exampleBoolean value="false"/><groupingId value="-str-profile"/></resource><resource><extension url="http://hl7.org/fhir/StructureDefinition/implementationguide-page"><valueUri value="StructureDefinition-ch-pixm-provider-organization.html"/></extension><reference><reference value="StructureDefinition/ch-pixm-provider-organization"/></reference><name value="CH EPR mHealth Provider Organization Profile for CH:PIXm"/><description value="Organization"/><exampleBoolean value="false"/><groupingId value="-str-profile"/></resource><resource><extension url="http://hl7.org/fhir/StructureDefinition/implementationguide-page"><valueUri value="StructureDefinition-ch-pixm-bundle-response.html"/></extension><reference><reference value="StructureDefinition/ch-pixm-bundle-response"/></reference><name value="CH:PIXm Bundle Message Response"/><description value="See https://wiki.ihe.net/index.php/Patient_Master_Identity_Registry_(CH:PIXm)"/><exampleBoolean value="false"/><groupingId value="-str-profile"/></resource><resource><extension url="http://hl7.org/fhir/StructureDefinition/implementationguide-page"><valueUri value="StructureDefinition-ch-pixm-messageheader-response.html"/></extension><reference><reference value="StructureDefinition/ch-pixm-messageheader-response"/></reference><name value="CH:PIXm MessageHeader Feed Response"/><description value="See https://wiki.ihe.net/index.php/Patient_Master_Identity_Registry_(CH:PIXm)"/><exampleBoolean value="false"/><groupingId value="-str-profile"/></resource><resource><extension url="http://hl7.org/fhir/StructureDefinition/implementationguide-page"><valueUri value="StructureDefinition-ch-mhd-providedocumentbundle-comprehensive.html"/></extension><reference><reference value="StructureDefinition/ch-mhd-providedocumentbundle-comprehensive"/></reference><name value="CH MHD Provide Document Bundle Comprehensive"/><description value="IHE MHD profile on Provide Document Bundle (ITI-65) transaction with Comprehensive Metadata for the Swiss EPR."/><exampleBoolean value="false"/><groupingId value="-str-profile"/></resource><resource><extension url="http://hl7.org/fhir/StructureDefinition/implementationguide-page"><valueUri value="StructureDefinition-ch-mhd-submissionset-comprehensive.html"/></extension><reference><reference value="StructureDefinition/ch-mhd-submissionset-comprehensive"/></reference><name value="CH MHD SubmissionSet Comprehensive"/><description value="CH MHD SubmissionSet Comprehensive"/><exampleBoolean value="false"/><groupingId value="-str-profile"/></resource><resource><extension url="http://hl7.org/fhir/StructureDefinition/implementationguide-page"><valueUri value="StructureDefinition-ch-mhd-documentreference-comprehensive.html"/></extension><reference><reference value="StructureDefinition/ch-mhd-documentreference-comprehensive"/></reference><name value="CH MHD DocumentReference Comprehensive"/><description value="CH MHD Profile on CH Core DocumentReference"/><exampleBoolean value="false"/><groupingId value="-str-profile"/></resource><resource><extension url="http://hl7.org/fhir/StructureDefinition/implementationguide-page"><valueUri value="StructureDefinition-ch-mhd-providedocumentbundle-comprehensive-response.html"/></extension><reference><reference value="StructureDefinition/ch-mhd-providedocumentbundle-comprehensive-response"/></reference><name value="CH MHD Provide Document Bundle Comphrensive Response"/><description value="IHE MHD profile on Response of Provide Document Bundle (ITI-65) transaction with Comprehensive Metadata."/><exampleBoolean value="false"/><groupingId value="-str-profile"/></resource><resource><extension url="http://hl7.org/fhir/StructureDefinition/implementationguide-page"><valueUri value="StructureDefinition-ch-mhd-submissionset-comprehensive-bundle.html"/></extension><reference><reference value="StructureDefinition/ch-mhd-submissionset-comprehensive-bundle"/></reference><name value="CH MHD SubmissionSet Comprehensive Bundle"/><description value="CH MHD SubmissionSet Comprehensive Bundle response [ITI-66]"/><exampleBoolean value="false"/><groupingId value="-str-profile"/></resource><resource><extension url="http://hl7.org/fhir/StructureDefinition/implementationguide-page"><valueUri value="StructureDefinition-ch-mhd-documentreference-comprehensive-bundle.html"/></extension><reference><reference value="StructureDefinition/ch-mhd-documentreference-comprehensive-bundle"/></reference><name value="CH MHD Find Document References Comprehensive Response message"/><description value="A profile on the Find Document References Comprehensive Response message for ITI-68"/><exampleBoolean value="false"/><groupingId value="-str-profile"/></resource><resource><extension url="http://hl7.org/fhir/StructureDefinition/implementationguide-page"><valueUri value="StructureDefinition-ch-epr-mhealth-humanname.html"/></extension><reference><reference value="StructureDefinition/ch-epr-mhealth-humanname"/></reference><name value="CH EPR mHealth HumanName"/><description value="The humanname WITHOUT the ISO 21090 qualifier https://www.hl7.org/fhir/extension-iso21090-en-qualifier.html BR"/><exampleBoolean value="false"/><groupingId value="-str-datatype"/></resource><resource><extension url="http://hl7.org/fhir/StructureDefinition/implementationguide-page"><valueUri value="StructureDefinition-ch-epr-mhealth-birthname.html"/></extension><reference><reference value="StructureDefinition/ch-epr-mhealth-birthname"/></reference><name value="CH EPR mHealth BirthName"/><description value="The birthname with the ISO 21090 qualifier https://www.hl7.org/fhir/extension-iso21090-en-qualifier.html BR"/><exampleBoolean value="false"/><groupingId value="-str-datatype"/></resource><resource><extension url="http://hl7.org/fhir/StructureDefinition/implementationguide-page"><valueUri value="StructureDefinition-ch-ext-author-authorrole.html"/></extension><reference><reference value="StructureDefinition/ch-ext-author-authorrole"/></reference><name value="CH Extension Author AuthorRole"/><description value="Extension Author AuthorRole for SubmissionSet"/><exampleBoolean value="false"/><groupingId value="-str-extension"/></resource><resource><extension url="http://hl7.org/fhir/StructureDefinition/implementationguide-page"><valueUri value="StructureDefinition-ch-ext-deletionstatus.html"/></extension><reference><reference value="StructureDefinition/ch-ext-deletionstatus"/></reference><name value="CH Extension Deletion Status"/><description value="Extension Deletion Status for DocumentReference"/><exampleBoolean value="false"/><groupingId value="-str-extension"/></resource><resource><extension url="http://hl7.org/fhir/StructureDefinition/implementationguide-page"><valueUri value="StructureDefinition-IHE.PIXm.Parameters.html"/></extension><reference><reference value="StructureDefinition/IHE.PIXm.Parameters"/></reference><name value="IHE PIXm Parameters"/><description value="See https://wiki.ihe.net/index.php/Patient_Identifier_Cross-Reference_for_Mobile_(PIXm)"/><exampleBoolean value="false"/><groupingId value="-str-profile"/></resource><resource><extension url="http://hl7.org/fhir/StructureDefinition/implementationguide-page"><valueUri value="StructureDefinition-IHE.PMIR.Bundle.html"/></extension><reference><reference value="StructureDefinition/IHE.PMIR.Bundle"/></reference><name value="IHE PMIR Bundle Message"/><description value="See https://wiki.ihe.net/index.php/Patient_Master_Identity_Registry_(PMIR)"/><exampleBoolean value="false"/><groupingId value="-str-profile"/></resource><resource><extension url="http://hl7.org/fhir/StructureDefinition/implementationguide-page"><valueUri value="StructureDefinition-IHE.PMIR.BundleHistory.html"/></extension><reference><reference value="StructureDefinition/IHE.PMIR.BundleHistory"/></reference><name value="IHE PMIR Bundle History"/><description value="See https://wiki.ihe.net/index.php/Patient_Master_Identity_Registry_(PMIR)"/><exampleBoolean value="false"/><groupingId value="-str-profile"/></resource><resource><extension url="http://hl7.org/fhir/StructureDefinition/implementationguide-page"><valueUri value="StructureDefinition-IHE.PMIR.MessageHeader.html"/></extension><reference><reference value="StructureDefinition/IHE.PMIR.MessageHeader"/></reference><name value="IHE PMIR MessageHeader"/><description value="See https://wiki.ihe.net/index.php/Patient_Master_Identity_Registry_(PMIR)"/><exampleBoolean value="false"/><groupingId value="-str-profile"/></resource><resource><extension url="http://hl7.org/fhir/StructureDefinition/implementationguide-page"><valueUri value="StructureDefinition-IHE.PMIR.Patient.Merge.html"/></extension><reference><reference value="StructureDefinition/IHE.PMIR.Patient.Merge"/></reference><name value="IHE PMIR Patient Merge"/><description value="See https://wiki.ihe.net/index.php/Patient_Master_Identity_Registry_(PMIR)"/><exampleBoolean value="false"/><groupingId value="-str-profile"/></resource><resource><extension url="http://hl7.org/fhir/StructureDefinition/implementationguide-page"><valueUri value="StructureDefinition-IHE.PMIR.Patient.RelatedPerson.html"/></extension><reference><reference value="StructureDefinition/IHE.PMIR.Patient.RelatedPerson"/></reference><name value="IHE PMIR Patient Related Person"/><description value="See https://wiki.ihe.net/index.php/Patient_Master_Identity_Registry_(PMIR)"/><exampleBoolean value="false"/><groupingId value="-str-profile"/></resource><resource><extension url="http://hl7.org/fhir/StructureDefinition/implementationguide-page"><valueUri value="StructureDefinition-IHE.PMIR.Subscription.html"/></extension><reference><reference value="StructureDefinition/IHE.PMIR.Subscription"/></reference><name value="IHE PMIR Subscription"/><description value="See https://wiki.ihe.net/index.php/Patient_Master_Identity_Registry_(PMIR)"/><exampleBoolean value="false"/><groupingId value="-str-profile"/></resource><resource><extension url="http://hl7.org/fhir/StructureDefinition/implementationguide-page"><valueUri value="StructureDefinition-IHE.PMIR.Subscription.request.html"/></extension><reference><reference value="StructureDefinition/IHE.PMIR.Subscription.request"/></reference><name value="IHE PMIR Subscription request"/><description value="See https://wiki.ihe.net/index.php/Patient_Master_Identity_Registry_(PMIR)"/><exampleBoolean value="false"/><groupingId value="-str-profile"/></resource><resource><extension url="http://hl7.org/fhir/StructureDefinition/implementationguide-page"><valueUri value="OperationDefinition-CH.PIXm.html"/></extension><reference><reference value="OperationDefinition/CH.PIXm"/></reference><name value="Find patient matches using IHE-PIXm Profile"/><description value="Find patient matches using IHE-PIXm Profile"/><exampleBoolean value="false"/><groupingId value="-dyn-operationdefinition"/></resource><resource><extension url="http://hl7.org/fhir/StructureDefinition/implementationguide-page"><valueUri value="CapabilityStatement-CH.mHealth.App.html"/></extension><reference><reference value="CapabilityStatement/CH.mHealth.App"/></reference><name value="mHealth: App (client)"/><description value="CapabilityStatement for mHealth App (client)."/><exampleBoolean value="false"/><groupingId value="-dyn-capabilitystatement"/></resource><resource><extension url="http://hl7.org/fhir/StructureDefinition/implementationguide-page"><valueUri value="CapabilityStatement-CH.PIXm.Consumer.html"/></extension><reference><reference value="CapabilityStatement/CH.PIXm.Consumer"/></reference><name value="PIXm Patient Identifier Cross-Reference Consumer (client)"/><description value="CapabilityStatement for Actor PIXm Patient Identifier Cross-reference Consumer (client)."/><exampleBoolean value="false"/><groupingId value="-dyn-capabilitystatement"/></resource><resource><extension url="http://hl7.org/fhir/StructureDefinition/implementationguide-page"><valueUri value="CapabilityStatement-CH.PIXm.Source.html"/></extension><reference><reference value="CapabilityStatement/CH.PIXm.Source"/></reference><name value="PIXm Patient Identity Source (client)"/><description value="CapabilityStatement for Actor CH:PIXm Patient Identity Source (client)."/><exampleBoolean value="false"/><groupingId value="-dyn-capabilitystatement"/></resource><resource><extension url="http://hl7.org/fhir/StructureDefinition/implementationguide-page"><valueUri value="CapabilityStatement-CH.MHD.DocumentSource.html"/></extension><reference><reference value="CapabilityStatement/CH.MHD.DocumentSource"/></reference><name value="MHD Document Source (client)"/><description value="CapabilityStatement for Actor MHD Document Source (client)."/><exampleBoolean value="false"/><groupingId value="-dyn-capabilitystatement"/></resource><resource><extension url="http://hl7.org/fhir/StructureDefinition/implementationguide-page"><valueUri value="CapabilityStatement-CH.MHD.DocumentConsumer.html"/></extension><reference><reference value="CapabilityStatement/CH.MHD.DocumentConsumer"/></reference><name value="MHD Document Consumer (client)"/><description value="CapabilityStatement for Actor MHD Document Consumer (client)."/><exampleBoolean value="false"/><groupingId value="-dyn-capabilitystatement"/></resource><resource><extension url="http://hl7.org/fhir/StructureDefinition/implementationguide-page"><valueUri value="CapabilityStatement-CH.mHealth.API.html"/></extension><reference><reference value="CapabilityStatement/CH.mHealth.API"/></reference><name value="mHealth: API (server)"/><description value="CapabilityStatement for mHealth API (server)."/><exampleBoolean value="false"/><groupingId value="-dyn-capabilitystatement"/></resource><resource><extension url="http://hl7.org/fhir/StructureDefinition/implementationguide-page"><valueUri value="CapabilityStatement-CH.PIXm.Manager.html"/></extension><reference><reference value="CapabilityStatement/CH.PIXm.Manager"/></reference><name value="PIXm Patient Identifier Cross-reference Manager (server)"/><description value="CapabilityStatement for Actor CH:PIXm Patient Identifier Cross-reference Manager (server)."/><exampleBoolean value="false"/><groupingId value="-dyn-capabilitystatement"/></resource><resource><extension url="http://hl7.org/fhir/StructureDefinition/implementationguide-page"><valueUri value="CapabilityStatement-CH.MHD.DocumentRecipient.html"/></extension><reference><reference value="CapabilityStatement/CH.MHD.DocumentRecipient"/></reference><name value="MHD Document Recipient (server)"/><description value="CapabilityStatement for Actor MHD Document Recipient (server)."/><exampleBoolean value="false"/><groupingId value="-dyn-capabilitystatement"/></resource><resource><extension url="http://hl7.org/fhir/StructureDefinition/implementationguide-page"><valueUri value="CapabilityStatement-CH.MHD.DocumentResponder.html"/></extension><reference><reference value="CapabilityStatement/CH.MHD.DocumentResponder"/></reference><name value="MHD Document Responder (server)"/><description value="CapabilityStatement for Actor MHD Document Responder (server)."/><exampleBoolean value="false"/><groupingId value="-dyn-capabilitystatement"/></resource><resource><extension url="http://hl7.org/fhir/StructureDefinition/implementationguide-page"><valueUri value="CodeSystem-ch-ehealth-codesystem-deletionstatus.html"/></extension><reference><reference value="CodeSystem/ch-ehealth-codesystem-deletionstatus"/></reference><name value="ch-ehealth-codesystem-deletionstatus"/><description value="Additional metadata about deletion status on the DocumentReference"/><exampleBoolean value="false"/><groupingId value="-term-codesystem"/></resource><resource><extension url="http://hl7.org/fhir/StructureDefinition/implementationguide-page"><valueUri value="ValueSet-ch-ehealth-valueset-deletionstatus.html"/></extension><reference><reference value="ValueSet/ch-ehealth-valueset-deletionstatus"/></reference><name value="ch-ehealth-valueset-deletionstatus"/><description value="Additional metadata about deletion status on the DocumentReference"/><exampleBoolean value="false"/><groupingId value="-term-valueset"/></resource><page><nameUrl value="toc.html"/><title value="Table of Contents"/><generation value="html"/><page><nameUrl value="index.html"/><title value="Home"/><generation value="markdown"/></page><page><nameUrl value="profiles.html"/><title value="Profiles"/><generation value="markdown"/><page><nameUrl value="iti-iua.html"/><title value="Internet User Authorization (IUA)"/><generation value="markdown"/></page><page><nameUrl value="iti-ch-pixm.html"/><title value="Patient Identifier Cross-reference for Mobile (CH:PIXm)"/><generation value="markdown"/></page><page><nameUrl value="iti-mhd.html"/><title value="Mobile Access to Health Documents (MHD) with XDS on FHIR"/><generation value="markdown"/></page><page><nameUrl value="iti-restful-atna.html"/><title value="RESTful ATNA"/><generation value="markdown"/></page></page><page><nameUrl value="transactions.html"/><title value="Transactions"/><generation value="markdown"/><page><nameUrl value="iti-71.html"/><title value="Get Access Token [ITI-71]"/><generation value="markdown"/></page><page><nameUrl value="iti-103.html"/><title value="Get Authorization Server Metadata [ITI-103]"/><generation value="markdown"/></page><page><nameUrl value="iti-83.html"/><title value="Mobile Patient Identifier Cross-reference Query [ITI-83]"/><generation value="markdown"/></page><page><nameUrl value="iti-93.html"/><title value="CH:PIXm Mobile Patient Identity Feed [ITI-93]"/><generation value="markdown"/></page><page><nameUrl value="iti-65.html"/><title value="Provide Document Bundle [ITI-65]"/><generation value="markdown"/></page><page><nameUrl value="iti-66.html"/><title value="Find Document Lists [ITI-66]"/><generation value="markdown"/></page><page><nameUrl value="iti-67.html"/><title value="Find Document References [ITI-67]"/><generation value="markdown"/></page><page><nameUrl value="iti-68.html"/><title value="Retrieve Document [ITI-68]"/><generation value="markdown"/></page><page><nameUrl value="iti-20.html"/><title value="Record Audit Event [ITI-20]"/><generation value="markdown"/></page></page><page><nameUrl value="appendix.html"/><title value="Appendix"/><generation value="markdown"/><page><nameUrl value="extensions.html"/><title value="Extensions"/><generation value="html"/></page><page><nameUrl value="terminology.html"/><title value="Terminology"/><generation value="html"/></page><page><nameUrl value="capstatements.html"/><title value="Capability Statements"/><generation value="html"/></page><page><nameUrl value="operations.html"/><title value="Operations"/><generation value="html"/></page><page><nameUrl value="sequencediagrams.html"/><title value="Sequence Diagrams"/><generation value="markdown"/></page><page><nameUrl value="openissues.html"/><title value="Open Issues"/><generation value="markdown"/></page></page><page><nameUrl value="artifacts.html"/><title value="Artifacts Summary"/><generation value="html"/><page><nameUrl value="CapabilityStatement-CH.mHealth.App.html"/><title value="mHealth: App (client)"/><generation value="generated"/></page><page><nameUrl value="CapabilityStatement-CH.PIXm.Consumer.html"/><title value="PIXm Patient Identifier Cross-Reference Consumer (client)"/><generation value="generated"/></page><page><nameUrl value="CapabilityStatement-CH.PIXm.Source.html"/><title value="PIXm Patient Identity Source (client)"/><generation value="generated"/></page><page><nameUrl value="CapabilityStatement-CH.MHD.DocumentSource.html"/><title value="MHD Document Source (client)"/><generation value="generated"/></page><page><nameUrl value="CapabilityStatement-CH.MHD.DocumentConsumer.html"/><title value="MHD Document Consumer (client)"/><generation value="generated"/></page><page><nameUrl value="CapabilityStatement-CH.mHealth.API.html"/><title value="mHealth: API (server)"/><generation value="generated"/></page><page><nameUrl value="CapabilityStatement-CH.PIXm.Manager.html"/><title value="PIXm Patient Identifier Cross-reference Manager (server)"/><generation value="generated"/></page><page><nameUrl value="CapabilityStatement-CH.MHD.DocumentRecipient.html"/><title value="MHD Document Recipient (server)"/><generation value="generated"/></page><page><nameUrl value="CapabilityStatement-CH.MHD.DocumentResponder.html"/><title value="MHD Document Responder (server)"/><generation value="generated"/></page><page><nameUrl value="OperationDefinition-CH.PIXm.html"/><title value="Find patient matches using IHE-PIXm Profile"/><generation value="generated"/></page><page><nameUrl value="StructureDefinition-ch-pixm-in-parameters.html"/><title value="CH PIXm IN Parameters"/><generation value="generated"/></page><page><nameUrl value="StructureDefinition-ch-pixm-out-parameters.html"/><title value="CH PIXm OUT Parameters"/><generation value="generated"/></page><page><nameUrl value="StructureDefinition-ch-pixm-bundle.html"/><title value="CH:PIXm Bundle Feed Message"/><generation value="generated"/></page><page><nameUrl value="StructureDefinition-ch-pixm-patient.html"/><title value="CH EPR mHealth Patient Profile for CH:PIXm Mobile Patient Identity Feed"/><generation value="generated"/></page><page><nameUrl value="StructureDefinition-ch-pixm-provider-organization.html"/><title value="CH EPR mHealth Provider Organization Profile for CH:PIXm"/><generation value="generated"/></page><page><nameUrl value="StructureDefinition-ch-pixm-bundle-response.html"/><title value="CH:PIXm Bundle Message Response"/><generation value="generated"/></page><page><nameUrl value="StructureDefinition-ch-pixm-messageheader-response.html"/><title value="CH:PIXm MessageHeader Feed Response"/><generation value="generated"/></page><page><nameUrl value="StructureDefinition-ch-mhd-providedocumentbundle-comprehensive.html"/><title value="CH MHD Provide Document Bundle Comprehensive"/><generation value="generated"/></page><page><nameUrl value="StructureDefinition-ch-mhd-submissionset-comprehensive.html"/><title value="CH MHD SubmissionSet Comprehensive"/><generation value="generated"/></page><page><nameUrl value="StructureDefinition-ch-mhd-documentreference-comprehensive.html"/><title value="CH MHD DocumentReference Comprehensive"/><generation value="generated"/></page><page><nameUrl value="StructureDefinition-ch-mhd-providedocumentbundle-comprehensive-response.html"/><title value="CH MHD Provide Document Bundle Comphrensive Response"/><generation value="generated"/></page><page><nameUrl value="StructureDefinition-ch-mhd-submissionset-comprehensive-bundle.html"/><title value="CH MHD SubmissionSet Comprehensive Bundle"/><generation value="generated"/></page><page><nameUrl value="StructureDefinition-ch-mhd-documentreference-comprehensive-bundle.html"/><title value="CH MHD Find Document References Comprehensive Response message"/><generation value="generated"/></page><page><nameUrl value="StructureDefinition-IHE.PIXm.Parameters.html"/><title value="IHE PIXm Parameters"/><generation value="generated"/></page><page><nameUrl value="StructureDefinition-IHE.PMIR.Bundle.html"/><title value="IHE PMIR Bundle Message"/><generation value="generated"/></page><page><nameUrl value="StructureDefinition-IHE.PMIR.BundleHistory.html"/><title value="IHE PMIR Bundle History"/><generation value="generated"/></page><page><nameUrl value="StructureDefinition-IHE.PMIR.MessageHeader.html"/><title value="IHE PMIR MessageHeader"/><generation value="generated"/></page><page><nameUrl value="StructureDefinition-IHE.PMIR.Patient.Merge.html"/><title value="IHE PMIR Patient Merge"/><generation value="generated"/></page><page><nameUrl value="StructureDefinition-IHE.PMIR.Patient.RelatedPerson.html"/><title value="IHE PMIR Patient Related Person"/><generation value="generated"/></page><page><nameUrl value="StructureDefinition-IHE.PMIR.Subscription.html"/><title value="IHE PMIR Subscription"/><generation value="generated"/></page><page><nameUrl value="StructureDefinition-IHE.PMIR.Subscription.request.html"/><title value="IHE PMIR Subscription request"/><generation value="generated"/></page><page><nameUrl value="StructureDefinition-ch-epr-mhealth-humanname.html"/><title value="CH EPR mHealth HumanName"/><generation value="generated"/></page><page><nameUrl value="StructureDefinition-ch-epr-mhealth-birthname.html"/><title value="CH EPR mHealth BirthName"/><generation value="generated"/></page><page><nameUrl value="StructureDefinition-ch-ext-author-authorrole.html"/><title value="CH Extension Author AuthorRole"/><generation value="generated"/></page><page><nameUrl value="StructureDefinition-ch-ext-deletionstatus.html"/><title value="CH Extension Deletion Status"/><generation value="generated"/></page><page><nameUrl value="ValueSet-ch-ehealth-valueset-deletionstatus.html"/><title value="ch-ehealth-valueset-deletionstatus"/><generation value="generated"/></page><page><nameUrl value="CodeSystem-ch-ehealth-codesystem-deletionstatus.html"/><title value="ch-ehealth-codesystem-deletionstatus"/><generation value="generated"/></page><page><nameUrl value="Parameters-ParametersPIXmInput.html"/><title value="Parameters PIXm Query Input"/><generation value="generated"/></page><page><nameUrl value="Parameters-ParametersPIXmOutput.html"/><title value="Parameters PIXm Query Output"/><generation value="generated"/></page><page><nameUrl value="Bundle-BundlePIXmFeed.html"/><title value="Bundle CH:PIXm Feed"/><generation value="generated"/></page><page><nameUrl value="Patient-PatientPIXmFeed.html"/><title value="Patient CH:PIXm Feed"/><generation value="generated"/></page><page><nameUrl value="Patient-FranzMusterNeedsAbsoluteUrl.html"/><title value="Franz Muster Needs Absolute Url"/><generation value="generated"/></page><page><nameUrl value="Organization-GruppenpraxisCH.html"/><title value="GruppenpraxisCH"/><generation value="generated"/></page><page><nameUrl value="Bundle-BundlePIXmResponse.html"/><title value="Bundle CH:PIXm Feed Response"/><generation value="generated"/></page><page><nameUrl value="Bundle-2-7-BundleProvideDocument.html"/><title value="MHD Provide Document Bundle for MedicationCard"/><generation value="generated"/></page><page><nameUrl value="List-2-7-DocSubMedicationCard.html"/><title value="SubmissionSet (List) for MedicationCard"/><generation value="generated"/></page><page><nameUrl value="DocumentReference-2-7-DocRefMedicationCard.html"/><title value="DocumentReference for MedicationCard"/><generation value="generated"/></page><page><nameUrl value="Bundle-2-7-BundleProvideDocument-Response.html"/><title value="MHD Provide Document Bundle Response for MedicationCard"/><generation value="generated"/></page><page><nameUrl value="Bundle-Bundle-FindSubmissionSets.html"/><title value="MHD Find DocumentSubmissionSet (List)"/><generation value="generated"/></page><page><nameUrl value="Bundle-Bundle-FindDocumentReferences.html"/><title value="MHD Find DocumentReferences"/><generation value="generated"/></page></page></page><parameter><code value="path-pages"/><value value="input/pages"/></parameter><parameter><code value="path-resource"/><value value="input/capabilities"/></parameter><parameter><code value="path-resource"/><value value="input/examples"/></parameter><parameter><code value="path-resource"/><value value="input/extensions"/></parameter><parameter><code value="path-resource"/><value value="input/models"/></parameter><parameter><code value="path-resource"/><value value="input/operations"/></parameter><parameter><code value="path-resource"/><value value="input/profiles"/></parameter><parameter><code value="path-resource"/><value value="input/resources"/></parameter><parameter><code value="path-resource"/><value value="input/vocabulary"/></parameter><parameter><code value="path-resource"/><value value="input/maps"/></parameter><parameter><code value="path-resource"/><value value="input/testing"/></parameter><parameter><code value="path-resource"/><value value="input/history"/></parameter><parameter><code value="path-resource"/><value value="fsh-generated/resources"/></parameter><parameter><code value="path-pages"/><value value="template/config"/></parameter><parameter><code value="path-pages"/><value value="input/images"/></parameter><parameter><code value="path-tx-cache"/><value value="input-cache/txcache"/></parameter></definition></ImplementationGuide>