{
  "resourceType" : "ConceptMap",
  "id" : "DocumentEntryClassCodeToDocumentEntryTypeCode",
  "text" : {
    "status" : "generated",
    "div" : "<div xmlns=\"http://www.w3.org/1999/xhtml\"><p class=\"res-header-id\"><b>Generated Narrative: ConceptMap DocumentEntryClassCodeToDocumentEntryTypeCode</b></p><a name=\"DocumentEntryClassCodeToDocumentEntryTypeCode\"> </a><a name=\"hcDocumentEntryClassCodeToDocumentEntryTypeCode\"> </a><a name=\"DocumentEntryClassCodeToDocumentEntryTypeCode-en-US\"> </a><p>Mapping from <a href=\"ValueSet-DocumentEntry.classCode.html\">DocumentEntry.classCode</a> to <a href=\"ValueSet-DocumentEntry.typeCode.html\">DocumentEntry.typeCode</a></p><br/><p><b>Group 1 </b>Mapping from <a href=\"http://hl7.org/fhir/R4/codesystem-snomedct.html\">SNOMED CT (all versions)</a> to <a href=\"http://hl7.org/fhir/R4/codesystem-snomedct.html\">SNOMED CT (all versions)</a></p><table class=\"grid\"><tr><td colspan=\"2\"><b>Source Concept Details</b></td><td><b>Relationship</b></td><td colspan=\"2\"><b>Target Concept Details</b></td><td colspan=\"2\"><b>Properties</b></td></tr><tr><td colspan=\"2\"><b>Codes</b> from <a href=\"http://hl7.org/fhir/R4/codesystem-snomedct.html\" title=\"http://snomed.info/sct\">SNOMED CT (all versions)</a></td><td/><td colspan=\"2\"><b>Codes</b> from <a href=\"http://hl7.org/fhir/R4/codesystem-snomedct.html\" title=\"http://snomed.info/sct\">SNOMED CT (all versions)</a></td></tr><tr><td style=\"border-right-width: 0px; border-bottom-style: none\">371531000</td><td style=\"border-left-width: 0px; border-bottom-style: none\">Report of clinical encounter (record artifact)</td><td><a href=\"http://hl7.org/fhir/extensions/5.1.0/CodeSystem-concept-map-equivalence.html#specializes\" title=\"specializes\">has specialization</a></td><td style=\"border-right-width: 0px\">371530004</td><td style=\"border-left-width: 0px\">Clinical consultation report (record artifact)</td></tr><tr><td style=\"border-right-width: 0px; border-top-style: none; border-bottom-style: none\"/><td style=\"border-left-width: 0px; border-top-style: none; border-bottom-style: none\"/><td><a href=\"http://hl7.org/fhir/extensions/5.1.0/CodeSystem-concept-map-equivalence.html#specializes\" title=\"specializes\">has specialization</a></td><td style=\"border-right-width: 0px\">371529009</td><td style=\"border-left-width: 0px\">History and physical report (record artifact)</td></tr><tr><td style=\"border-right-width: 0px; border-top-style: none; border-bottom-style: none\"/><td style=\"border-left-width: 0px; border-top-style: none; border-bottom-style: none\"/><td><a href=\"http://hl7.org/fhir/extensions/5.1.0/CodeSystem-concept-map-equivalence.html#specializes\" title=\"specializes\">has specialization</a></td><td style=\"border-right-width: 0px\">371532007</td><td style=\"border-left-width: 0px\">Progress report (record artifact)</td></tr><tr><td style=\"border-right-width: 0px; border-top-style: none\"/><td style=\"border-top-style: none; border-left-width: 0px\"/><td><a href=\"http://hl7.org/fhir/extensions/5.1.0/CodeSystem-concept-map-equivalence.html#specializes\" title=\"specializes\">has specialization</a></td><td style=\"border-right-width: 0px\">419891008</td><td style=\"border-left-width: 0px\">Record artifact (record artifact)</td></tr></table><hr/><p><b>Group 2 </b>Mapping from <a href=\"http://hl7.org/fhir/R4/codesystem-snomedct.html\">SNOMED CT (all versions)</a> to <a href=\"http://hl7.org/fhir/R4/codesystem-snomedct.html\">SNOMED CT (all versions)</a></p><table class=\"grid\"><tr><td><b>Source Code</b></td><td><b>Relationship</b></td><td><b>Target Code</b></td></tr><tr><td>721927009 (Referral note (record artifact))</td><td><a href=\"http://hl7.org/fhir/extensions/5.1.0/CodeSystem-concept-map-equivalence.html#specializes\" title=\"specializes\">has specialization</a></td><td>419891008 (Record artifact (record artifact))</td></tr></table><hr/><p><b>Group 3 </b>Mapping from <a href=\"http://hl7.org/fhir/R4/codesystem-snomedct.html\">SNOMED CT (all versions)</a> to <a href=\"http://hl7.org/fhir/R4/codesystem-snomedct.html\">SNOMED CT (all versions)</a></p><table class=\"grid\"><tr><td colspan=\"2\"><b>Source Concept Details</b></td><td><b>Relationship</b></td><td colspan=\"2\"><b>Target Concept Details</b></td><td colspan=\"2\"><b>Properties</b></td></tr><tr><td colspan=\"2\"><b>Codes</b> from <a href=\"http://hl7.org/fhir/R4/codesystem-snomedct.html\" title=\"http://snomed.info/sct\">SNOMED CT (all versions)</a></td><td/><td colspan=\"2\"><b>Codes</b> from <a href=\"http://hl7.org/fhir/R4/codesystem-snomedct.html\" title=\"http://snomed.info/sct\">SNOMED CT (all versions)</a></td></tr><tr><td style=\"border-right-width: 0px; border-bottom-style: none\">721963009</td><td style=\"border-left-width: 0px; border-bottom-style: none\">Order (record artifact)</td><td><a href=\"http://hl7.org/fhir/extensions/5.1.0/CodeSystem-concept-map-equivalence.html#specializes\" title=\"specializes\">has specialization</a></td><td style=\"border-right-width: 0px\">721965002</td><td style=\"border-left-width: 0px\">Laboratory order (record artifact)</td></tr><tr><td style=\"border-right-width: 0px; border-top-style: none; border-bottom-style: none\"/><td style=\"border-left-width: 0px; border-top-style: none; border-bottom-style: none\"/><td><a href=\"http://hl7.org/fhir/extensions/5.1.0/CodeSystem-concept-map-equivalence.html#specializes\" title=\"specializes\">has specialization</a></td><td style=\"border-right-width: 0px\">721966001</td><td style=\"border-left-width: 0px\">Pathology order (record artifact)</td></tr><tr><td style=\"border-right-width: 0px; border-top-style: none; border-bottom-style: none\"/><td style=\"border-left-width: 0px; border-top-style: none; border-bottom-style: none\"/><td><a href=\"http://hl7.org/fhir/extensions/5.1.0/CodeSystem-concept-map-equivalence.html#specializes\" title=\"specializes\">has specialization</a></td><td style=\"border-right-width: 0px\">2161000195103</td><td style=\"border-left-width: 0px\">Imaging order (record artifact)</td></tr><tr><td style=\"border-right-width: 0px; border-top-style: none\"/><td style=\"border-top-style: none; border-left-width: 0px\"/><td><a href=\"http://hl7.org/fhir/extensions/5.1.0/CodeSystem-concept-map-equivalence.html#specializes\" title=\"specializes\">has specialization</a></td><td style=\"border-right-width: 0px\">419891008</td><td style=\"border-left-width: 0px\">Record artifact (record artifact)</td></tr></table><hr/><p><b>Group 4 </b>Mapping from <a href=\"http://hl7.org/fhir/R4/codesystem-snomedct.html\">SNOMED CT (all versions)</a> to <a href=\"http://hl7.org/fhir/R4/codesystem-snomedct.html\">SNOMED CT (all versions)</a></p><table class=\"grid\"><tr><td colspan=\"2\"><b>Source Concept Details</b></td><td><b>Relationship</b></td><td colspan=\"2\"><b>Target Concept Details</b></td><td colspan=\"2\"><b>Properties</b></td></tr><tr><td colspan=\"2\"><b>Codes</b> from <a href=\"http://hl7.org/fhir/R4/codesystem-snomedct.html\" title=\"http://snomed.info/sct\">SNOMED CT (all versions)</a></td><td/><td colspan=\"2\"><b>Codes</b> from <a href=\"http://hl7.org/fhir/R4/codesystem-snomedct.html\" title=\"http://snomed.info/sct\">SNOMED CT (all versions)</a></td></tr><tr><td style=\"border-right-width: 0px; border-bottom-style: none\">422735006</td><td style=\"border-left-width: 0px; border-bottom-style: none\">Summary clinical document (record artifact)</td><td><a href=\"http://hl7.org/fhir/extensions/5.1.0/CodeSystem-concept-map-equivalence.html#specializes\" title=\"specializes\">has specialization</a></td><td style=\"border-right-width: 0px\">373942005</td><td style=\"border-left-width: 0px\">Discharge summary (record artifact)</td></tr><tr><td style=\"border-right-width: 0px; border-top-style: none; border-bottom-style: none\"/><td style=\"border-left-width: 0px; border-top-style: none; border-bottom-style: none\"/><td><a href=\"http://hl7.org/fhir/extensions/5.1.0/CodeSystem-concept-map-equivalence.html#specializes\" title=\"specializes\">has specialization</a></td><td style=\"border-right-width: 0px\">371535009</td><td style=\"border-left-width: 0px\">Transfer summary report (record artifact)</td></tr><tr><td style=\"border-right-width: 0px; border-top-style: none; border-bottom-style: none\"/><td style=\"border-left-width: 0px; border-top-style: none; border-bottom-style: none\"/><td><a href=\"http://hl7.org/fhir/extensions/5.1.0/CodeSystem-concept-map-equivalence.html#specializes\" title=\"specializes\">has specialization</a></td><td style=\"border-right-width: 0px\">721912009</td><td style=\"border-left-width: 0px\">Medication summary document (record artifact)</td></tr><tr><td style=\"border-right-width: 0px; border-top-style: none; border-bottom-style: none\"/><td style=\"border-left-width: 0px; border-top-style: none; border-bottom-style: none\"/><td><a href=\"http://hl7.org/fhir/extensions/5.1.0/CodeSystem-concept-map-equivalence.html#specializes\" title=\"specializes\">has specialization</a></td><td style=\"border-right-width: 0px\">736378000</td><td style=\"border-left-width: 0px\">Medication management plan (record artifact)</td></tr><tr><td style=\"border-right-width: 0px; border-top-style: none\"/><td style=\"border-top-style: none; border-left-width: 0px\"/><td><a href=\"http://hl7.org/fhir/extensions/5.1.0/CodeSystem-concept-map-equivalence.html#specializes\" title=\"specializes\">has specialization</a></td><td style=\"border-right-width: 0px\">419891008</td><td style=\"border-left-width: 0px\">Record artifact (record artifact)</td></tr></table><hr/><p><b>Group 5 </b>Mapping from <a href=\"http://hl7.org/fhir/R4/codesystem-snomedct.html\">SNOMED CT (all versions)</a> to <a href=\"http://hl7.org/fhir/R4/codesystem-snomedct.html\">SNOMED CT (all versions)</a></p><table class=\"grid\"><tr><td colspan=\"2\"><b>Source Concept Details</b></td><td><b>Relationship</b></td><td colspan=\"2\"><b>Target Concept Details</b></td><td colspan=\"2\"><b>Properties</b></td></tr><tr><td colspan=\"2\"><b>Codes</b> from <a href=\"http://hl7.org/fhir/R4/codesystem-snomedct.html\" title=\"http://snomed.info/sct\">SNOMED CT (all versions)</a></td><td/><td colspan=\"2\"><b>Codes</b> from <a href=\"http://hl7.org/fhir/R4/codesystem-snomedct.html\" title=\"http://snomed.info/sct\">SNOMED CT (all versions)</a></td></tr><tr><td style=\"border-right-width: 0px; border-bottom-style: none\">371525003</td><td style=\"border-left-width: 0px; border-bottom-style: none\">Clinical procedure report (record artifact)</td><td><a href=\"http://hl7.org/fhir/extensions/5.1.0/CodeSystem-concept-map-equivalence.html#specializes\" title=\"specializes\">has specialization</a></td><td style=\"border-right-width: 0px\">371526002</td><td style=\"border-left-width: 0px\">Operative report (record artifact)</td></tr><tr><td style=\"border-right-width: 0px; border-top-style: none; border-bottom-style: none\"/><td style=\"border-left-width: 0px; border-top-style: none; border-bottom-style: none\"/><td><a href=\"http://hl7.org/fhir/extensions/5.1.0/CodeSystem-concept-map-equivalence.html#specializes\" title=\"specializes\">has specialization</a></td><td style=\"border-right-width: 0px\">4241000179101</td><td style=\"border-left-width: 0px\">Laboratory report (record artifact)</td></tr><tr><td style=\"border-right-width: 0px; border-top-style: none; border-bottom-style: none\"/><td style=\"border-left-width: 0px; border-top-style: none; border-bottom-style: none\"/><td><a href=\"http://hl7.org/fhir/extensions/5.1.0/CodeSystem-concept-map-equivalence.html#specializes\" title=\"specializes\">has specialization</a></td><td style=\"border-right-width: 0px\">371528001</td><td style=\"border-left-width: 0px\">Pathology report (record artifact)</td></tr><tr><td style=\"border-right-width: 0px; border-top-style: none; border-bottom-style: none\"/><td style=\"border-left-width: 0px; border-top-style: none; border-bottom-style: none\"/><td><a href=\"http://hl7.org/fhir/extensions/5.1.0/CodeSystem-concept-map-equivalence.html#specializes\" title=\"specializes\">has specialization</a></td><td style=\"border-right-width: 0px\">4201000179104</td><td style=\"border-left-width: 0px\">Imaging report (record artifact)</td></tr><tr><td style=\"border-right-width: 0px; border-top-style: none; border-bottom-style: none\"/><td style=\"border-left-width: 0px; border-top-style: none; border-bottom-style: none\"/><td><a href=\"http://hl7.org/fhir/extensions/5.1.0/CodeSystem-concept-map-equivalence.html#specializes\" title=\"specializes\">has specialization</a></td><td style=\"border-right-width: 0px\">900000000000471006</td><td style=\"border-left-width: 0px\">Image reference (foundation metadata concept)</td></tr><tr><td style=\"border-right-width: 0px; border-top-style: none; border-bottom-style: none\"/><td style=\"border-left-width: 0px; border-top-style: none; border-bottom-style: none\"/><td><a href=\"http://hl7.org/fhir/extensions/5.1.0/CodeSystem-concept-map-equivalence.html#specializes\" title=\"specializes\">has specialization</a></td><td style=\"border-right-width: 0px\">787148009</td><td style=\"border-left-width: 0px\">Digital representation of specimen (record artifact)</td></tr><tr><td style=\"border-right-width: 0px; border-top-style: none\"/><td style=\"border-top-style: none; border-left-width: 0px\"/><td><a href=\"http://hl7.org/fhir/extensions/5.1.0/CodeSystem-concept-map-equivalence.html#specializes\" title=\"specializes\">has specialization</a></td><td style=\"border-right-width: 0px\">419891008</td><td style=\"border-left-width: 0px\">Record artifact (record artifact)</td></tr></table><hr/><p><b>Group 6 </b>Mapping from <a href=\"http://hl7.org/fhir/R4/codesystem-snomedct.html\">SNOMED CT (all versions)</a> to <a href=\"http://hl7.org/fhir/R4/codesystem-snomedct.html\">SNOMED CT (all versions)</a></p><table class=\"grid\"><tr><td colspan=\"2\"><b>Source Concept Details</b></td><td><b>Relationship</b></td><td colspan=\"2\"><b>Target Concept Details</b></td><td colspan=\"2\"><b>Properties</b></td></tr><tr><td colspan=\"2\"><b>Codes</b> from <a href=\"http://hl7.org/fhir/R4/codesystem-snomedct.html\" title=\"http://snomed.info/sct\">SNOMED CT (all versions)</a></td><td/><td colspan=\"2\"><b>Codes</b> from <a href=\"http://hl7.org/fhir/R4/codesystem-snomedct.html\" title=\"http://snomed.info/sct\">SNOMED CT (all versions)</a></td></tr><tr><td style=\"border-right-width: 0px; border-bottom-style: none\">734163000</td><td style=\"border-left-width: 0px; border-bottom-style: none\">Care plan (record artifact)</td><td><a href=\"http://hl7.org/fhir/extensions/5.1.0/CodeSystem-concept-map-equivalence.html#specializes\" title=\"specializes\">has specialization</a></td><td style=\"border-right-width: 0px\">737427001</td><td style=\"border-left-width: 0px\">Clinical management plan (record artifact)</td></tr><tr><td style=\"border-right-width: 0px; border-top-style: none; border-bottom-style: none\"/><td style=\"border-left-width: 0px; border-top-style: none; border-bottom-style: none\"/><td><a href=\"http://hl7.org/fhir/extensions/5.1.0/CodeSystem-concept-map-equivalence.html#specializes\" title=\"specializes\">has specialization</a></td><td style=\"border-right-width: 0px\">773130005</td><td style=\"border-left-width: 0px\">Nursing care plan (record artifact)</td></tr><tr><td style=\"border-right-width: 0px; border-top-style: none; border-bottom-style: none\"/><td style=\"border-left-width: 0px; border-top-style: none; border-bottom-style: none\"/><td><a href=\"http://hl7.org/fhir/extensions/5.1.0/CodeSystem-concept-map-equivalence.html#specializes\" title=\"specializes\">has specialization</a></td><td style=\"border-right-width: 0px\">736055001</td><td style=\"border-left-width: 0px\">Rehabilitation care plan (record artifact)</td></tr><tr><td style=\"border-right-width: 0px; border-top-style: none; border-bottom-style: none\"/><td style=\"border-left-width: 0px; border-top-style: none; border-bottom-style: none\"/><td><a href=\"http://hl7.org/fhir/extensions/5.1.0/CodeSystem-concept-map-equivalence.html#specializes\" title=\"specializes\">has specialization</a></td><td style=\"border-right-width: 0px\">761931002</td><td style=\"border-left-width: 0px\">Medication treatment plan report (record artifact)</td></tr><tr><td style=\"border-right-width: 0px; border-top-style: none\"/><td style=\"border-top-style: none; border-left-width: 0px\"/><td><a href=\"http://hl7.org/fhir/extensions/5.1.0/CodeSystem-concept-map-equivalence.html#specializes\" title=\"specializes\">has specialization</a></td><td style=\"border-right-width: 0px\">419891008</td><td style=\"border-left-width: 0px\">Record artifact (record artifact)</td></tr></table><hr/><p><b>Group 7 </b>Mapping from <a href=\"http://hl7.org/fhir/R4/codesystem-snomedct.html\">SNOMED CT (all versions)</a> to <a href=\"http://hl7.org/fhir/R4/codesystem-snomedct.html\">SNOMED CT (all versions)</a></p><table class=\"grid\"><tr><td colspan=\"2\"><b>Source Concept Details</b></td><td><b>Relationship</b></td><td colspan=\"2\"><b>Target Concept Details</b></td><td colspan=\"2\"><b>Properties</b></td></tr><tr><td colspan=\"2\"><b>Codes</b> from <a href=\"http://hl7.org/fhir/R4/codesystem-snomedct.html\" title=\"http://snomed.info/sct\">SNOMED CT (all versions)</a></td><td/><td colspan=\"2\"><b>Codes</b> from <a href=\"http://hl7.org/fhir/R4/codesystem-snomedct.html\" title=\"http://snomed.info/sct\">SNOMED CT (all versions)</a></td></tr><tr><td style=\"border-right-width: 0px; border-bottom-style: none\">440545006</td><td style=\"border-left-width: 0px; border-bottom-style: none\">Prescription record (record artifact)</td><td><a href=\"http://hl7.org/fhir/extensions/5.1.0/CodeSystem-concept-map-equivalence.html#specializes\" title=\"specializes\">has specialization</a></td><td style=\"border-right-width: 0px\">761938008</td><td style=\"border-left-width: 0px\">Medicinal prescription record (record artifact)</td></tr><tr><td style=\"border-right-width: 0px; border-top-style: none; border-bottom-style: none\"/><td style=\"border-left-width: 0px; border-top-style: none; border-bottom-style: none\"/><td><a href=\"http://hl7.org/fhir/extensions/5.1.0/CodeSystem-concept-map-equivalence.html#specializes\" title=\"specializes\">has specialization</a></td><td style=\"border-right-width: 0px\">765492005</td><td style=\"border-left-width: 0px\">Non-drug prescription record (record artifact)</td></tr><tr><td style=\"border-right-width: 0px; border-top-style: none\"/><td style=\"border-top-style: none; border-left-width: 0px\"/><td><a href=\"http://hl7.org/fhir/extensions/5.1.0/CodeSystem-concept-map-equivalence.html#specializes\" title=\"specializes\">has specialization</a></td><td style=\"border-right-width: 0px\">419891008</td><td style=\"border-left-width: 0px\">Record artifact (record artifact)</td></tr></table><hr/><p><b>Group 8 </b>Mapping from <a href=\"http://hl7.org/fhir/R4/codesystem-snomedct.html\">SNOMED CT (all versions)</a> to <a href=\"http://hl7.org/fhir/R4/codesystem-snomedct.html\">SNOMED CT (all versions)</a></p><table class=\"grid\"><tr><td colspan=\"2\"><b>Source Concept Details</b></td><td><b>Relationship</b></td><td colspan=\"2\"><b>Target Concept Details</b></td><td colspan=\"2\"><b>Properties</b></td></tr><tr><td colspan=\"2\"><b>Codes</b> from <a href=\"http://hl7.org/fhir/R4/codesystem-snomedct.html\" title=\"http://snomed.info/sct\">SNOMED CT (all versions)</a></td><td/><td colspan=\"2\"><b>Codes</b> from <a href=\"http://hl7.org/fhir/R4/codesystem-snomedct.html\" title=\"http://snomed.info/sct\">SNOMED CT (all versions)</a></td></tr><tr><td style=\"border-right-width: 0px; border-bottom-style: none\">184216000</td><td style=\"border-left-width: 0px; border-bottom-style: none\">Patient record type (record artifact)</td><td><a href=\"http://hl7.org/fhir/extensions/5.1.0/CodeSystem-concept-map-equivalence.html#specializes\" title=\"specializes\">has specialization</a></td><td style=\"border-right-width: 0px\">722446000</td><td style=\"border-left-width: 0px\">Allergy record (record artifact)</td></tr><tr><td style=\"border-right-width: 0px; border-top-style: none; border-bottom-style: none\"/><td style=\"border-left-width: 0px; border-top-style: none; border-bottom-style: none\"/><td><a href=\"http://hl7.org/fhir/extensions/5.1.0/CodeSystem-concept-map-equivalence.html#specializes\" title=\"specializes\">has specialization</a></td><td style=\"border-right-width: 0px\">41000179103</td><td style=\"border-left-width: 0px\">Immunization record (record artifact)</td></tr><tr><td style=\"border-right-width: 0px; border-top-style: none\"/><td style=\"border-top-style: none; border-left-width: 0px\"/><td><a href=\"http://hl7.org/fhir/extensions/5.1.0/CodeSystem-concept-map-equivalence.html#specializes\" title=\"specializes\">has specialization</a></td><td style=\"border-right-width: 0px\">419891008</td><td style=\"border-left-width: 0px\">Record artifact (record artifact)</td></tr></table><hr/><p><b>Group 9 </b>Mapping from <a href=\"http://hl7.org/fhir/R4/codesystem-snomedct.html\">SNOMED CT (all versions)</a> to <a href=\"http://hl7.org/fhir/R4/codesystem-snomedct.html\">SNOMED CT (all versions)</a></p><table class=\"grid\"><tr><td><b>Source Code</b></td><td><b>Relationship</b></td><td><b>Target Code</b></td></tr><tr><td>371537001 (Consent report (record artifact))</td><td><a href=\"http://hl7.org/fhir/extensions/5.1.0/CodeSystem-concept-map-equivalence.html#specializes\" title=\"specializes\">has specialization</a></td><td>419891008 (Record artifact (record artifact))</td></tr></table><hr/><p><b>Group 10 </b>Mapping from <a href=\"http://hl7.org/fhir/R4/codesystem-snomedct.html\">SNOMED CT (all versions)</a> to <a href=\"http://hl7.org/fhir/R4/codesystem-snomedct.html\">SNOMED CT (all versions)</a></p><table class=\"grid\"><tr><td><b>Source Code</b></td><td><b>Relationship</b></td><td><b>Target Code</b></td></tr><tr><td>371538006 (Advance directive report (record artifact))</td><td><a href=\"http://hl7.org/fhir/extensions/5.1.0/CodeSystem-concept-map-equivalence.html#specializes\" title=\"specializes\">has specialization</a></td><td>419891008 (Record artifact (record artifact))</td></tr></table><hr/><p><b>Group 11 </b>Mapping from <a href=\"http://hl7.org/fhir/R4/codesystem-snomedct.html\">SNOMED CT (all versions)</a> to <a href=\"http://hl7.org/fhir/R4/codesystem-snomedct.html\">SNOMED CT (all versions)</a></p><table class=\"grid\"><tr><td><b>Source Code</b></td><td><b>Relationship</b></td><td><b>Target Code</b></td></tr><tr><td>722160009 (Audit trail report (record artifact))</td><td><a href=\"http://hl7.org/fhir/extensions/5.1.0/CodeSystem-concept-map-equivalence.html#specializes\" title=\"specializes\">has specialization</a></td><td>419891008 (Record artifact (record artifact))</td></tr></table><hr/><p><b>Group 12 </b>Mapping from <a href=\"http://hl7.org/fhir/R4/codesystem-snomedct.html\">SNOMED CT (all versions)</a> to <a href=\"http://hl7.org/fhir/R4/codesystem-snomedct.html\">SNOMED CT (all versions)</a></p><table class=\"grid\"><tr><td><b>Source Code</b></td><td><b>Relationship</b></td><td><b>Target Code</b></td></tr><tr><td>722216001 (Emergency medical identification record (record artifact))</td><td><a href=\"http://hl7.org/fhir/extensions/5.1.0/CodeSystem-concept-map-equivalence.html#specializes\" title=\"specializes\">has specialization</a></td><td>419891008 (Record artifact (record artifact))</td></tr></table><hr/><p><b>Group 13 </b>Mapping from <a href=\"http://hl7.org/fhir/R4/codesystem-snomedct.html\">SNOMED CT (all versions)</a> to <a href=\"http://hl7.org/fhir/R4/codesystem-snomedct.html\">SNOMED CT (all versions)</a></p><table class=\"grid\"><tr><td><b>Source Code</b></td><td><b>Relationship</b></td><td><b>Target Code</b></td></tr><tr><td>772790007 (Organ donor card (record artifact))</td><td><a href=\"http://hl7.org/fhir/extensions/5.1.0/CodeSystem-concept-map-equivalence.html#specializes\" title=\"specializes\">has specialization</a></td><td>419891008 (Record artifact (record artifact))</td></tr></table><hr/><p><b>Group 14 </b>Mapping from <a href=\"http://hl7.org/fhir/R4/codesystem-snomedct.html\">SNOMED CT (all versions)</a> to <a href=\"http://hl7.org/fhir/R4/codesystem-snomedct.html\">SNOMED CT (all versions)</a></p><table class=\"grid\"><tr><td colspan=\"2\"><b>Source Concept Details</b></td><td><b>Relationship</b></td><td colspan=\"2\"><b>Target Concept Details</b></td><td colspan=\"2\"><b>Properties</b></td></tr><tr><td colspan=\"2\"><b>Codes</b> from <a href=\"http://hl7.org/fhir/R4/codesystem-snomedct.html\" title=\"http://snomed.info/sct\">SNOMED CT (all versions)</a></td><td/><td colspan=\"2\"><b>Codes</b> from <a href=\"http://hl7.org/fhir/R4/codesystem-snomedct.html\" title=\"http://snomed.info/sct\">SNOMED CT (all versions)</a></td></tr><tr><td style=\"border-right-width: 0px; border-bottom-style: none\">405624007</td><td style=\"border-left-width: 0px; border-bottom-style: none\">Administrative documentation (record artifact)</td><td><a href=\"http://hl7.org/fhir/extensions/5.1.0/CodeSystem-concept-map-equivalence.html#specializes\" title=\"specializes\">has specialization</a></td><td style=\"border-right-width: 0px\">772786005</td><td style=\"border-left-width: 0px\">Medical certificate (record artifact)</td></tr><tr><td style=\"border-right-width: 0px; border-top-style: none\"/><td style=\"border-top-style: none; border-left-width: 0px\"/><td><a href=\"http://hl7.org/fhir/extensions/5.1.0/CodeSystem-concept-map-equivalence.html#specializes\" title=\"specializes\">has specialization</a></td><td style=\"border-right-width: 0px\">419891008</td><td style=\"border-left-width: 0px\">Record artifact (record artifact)</td></tr></table><hr/><p><b>Group 15 </b>Mapping from <a href=\"http://hl7.org/fhir/R4/codesystem-snomedct.html\">SNOMED CT (all versions)</a> to <a href=\"http://hl7.org/fhir/R4/codesystem-snomedct.html\">SNOMED CT (all versions)</a></p><table class=\"grid\"><tr><td colspan=\"2\"><b>Source Concept Details</b></td><td><b>Relationship</b></td><td colspan=\"2\"><b>Target Concept Details</b></td><td colspan=\"2\"><b>Properties</b></td></tr><tr><td colspan=\"2\"><b>Codes</b> from <a href=\"http://hl7.org/fhir/R4/codesystem-snomedct.html\" title=\"http://snomed.info/sct\">SNOMED CT (all versions)</a></td><td/><td colspan=\"2\"><b>Codes</b> from <a href=\"http://hl7.org/fhir/R4/codesystem-snomedct.html\" title=\"http://snomed.info/sct\">SNOMED CT (all versions)</a></td></tr><tr><td style=\"border-right-width: 0px; border-bottom-style: none\">417319006</td><td style=\"border-left-width: 0px; border-bottom-style: none\">Record of health event (record artifact)</td><td><a href=\"http://hl7.org/fhir/extensions/5.1.0/CodeSystem-concept-map-equivalence.html#specializes\" title=\"specializes\">has specialization</a></td><td style=\"border-right-width: 0px\">445300006</td><td style=\"border-left-width: 0px\">Emergency department record (record artifact)</td></tr><tr><td style=\"border-right-width: 0px; border-top-style: none; border-bottom-style: none\"/><td style=\"border-left-width: 0px; border-top-style: none; border-bottom-style: none\"/><td><a href=\"http://hl7.org/fhir/extensions/5.1.0/CodeSystem-concept-map-equivalence.html#specializes\" title=\"specializes\">has specialization</a></td><td style=\"border-right-width: 0px\">445418005</td><td style=\"border-left-width: 0px\">Professional allied to medicine clinical report (record artifact)</td></tr><tr><td style=\"border-right-width: 0px; border-top-style: none\"/><td style=\"border-top-style: none; border-left-width: 0px\"/><td><a href=\"http://hl7.org/fhir/extensions/5.1.0/CodeSystem-concept-map-equivalence.html#specializes\" title=\"specializes\">has specialization</a></td><td style=\"border-right-width: 0px\">419891008</td><td style=\"border-left-width: 0px\">Record artifact (record artifact)</td></tr></table><hr/><p><b>Group 16 </b>Mapping from <a href=\"http://hl7.org/fhir/R4/codesystem-snomedct.html\">SNOMED CT (all versions)</a> to <a href=\"http://hl7.org/fhir/R4/codesystem-snomedct.html\">SNOMED CT (all versions)</a></p><table class=\"grid\"><tr><td><b>Source Code</b></td><td><b>Relationship</b></td><td><b>Target Code</b></td></tr><tr><td>417319006 (Record of health event (record artifact))</td><td><a href=\"http://hl7.org/fhir/extensions/5.1.0/CodeSystem-concept-map-equivalence.html#specializes\" title=\"specializes\">has specialization</a></td><td>82291000195104 (Medication dispense document (record artifact))</td></tr></table><hr/><p><b>Group 17 </b>Mapping from <a href=\"http://hl7.org/fhir/R4/codesystem-snomedct.html\">SNOMED CT (all versions)</a> to <a href=\"http://hl7.org/fhir/R4/codesystem-snomedct.html\">SNOMED CT (all versions)</a></p><table class=\"grid\"><tr><td><b>Source Code</b></td><td><b>Relationship</b></td><td><b>Target Code</b></td></tr><tr><td>2171000195109 (Obstetrical record (record artifact))</td><td><a href=\"http://hl7.org/fhir/extensions/5.1.0/CodeSystem-concept-map-equivalence.html#specializes\" title=\"specializes\">has specialization</a></td><td>419891008 (Record artifact (record artifact))</td></tr></table><hr/><p><b>Group 18 </b>Mapping from <a href=\"http://hl7.org/fhir/R4/codesystem-snomedct.html\">SNOMED CT (all versions)</a> to <a href=\"http://hl7.org/fhir/R4/codesystem-snomedct.html\">SNOMED CT (all versions)</a></p><table class=\"grid\"><tr><td><b>Source Code</b></td><td><b>Relationship</b></td><td><b>Target Code</b></td></tr><tr><td>419891008 (Record artifact (record artifact))</td><td><a href=\"http://hl7.org/fhir/extensions/5.1.0/CodeSystem-concept-map-equivalence.html#specializes\" title=\"specializes\">has specialization</a></td><td>419891008 (Record artifact (record artifact))</td></tr></table></div>"
  },
  "url" : "http://fhir.ch/ig/ch-term/ConceptMap/DocumentEntryClassCodeToDocumentEntryTypeCode",
  "version" : "3.1.0",
  "name" : "DocumentEntryClassCodeToDocumentEntryTypeCode",
  "title" : "DocumentEntryClassCodeToDocumentEntryTypeCode",
  "status" : "active",
  "experimental" : false,
  "date" : "2024-12-17T13:19:22+00:00",
  "publisher" : "HL7 Switzerland",
  "contact" : [{
    "name" : "HL7 Switzerland",
    "telecom" : [{
      "system" : "url",
      "value" : "https://www.hl7.ch/"
    }]
  },
  {
    "name" : "HL7 Switzerland",
    "telecom" : [{
      "system" : "url",
      "value" : "https://www.hl7.ch/",
      "use" : "work"
    }]
  }],
  "description" : "Mapping DocumentEntryClassCodeToDocumentEntryTypeCode",
  "jurisdiction" : [{
    "coding" : [{
      "system" : "urn:iso:std:iso:3166",
      "code" : "CH"
    }]
  }],
  "copyright" : "This artefact includes content from SNOMED Clinical Terms® (SNOMED CT®) which is copyright of the International Health Terminology Standards Development Organisation (IHTSDO). Implementers of these artefacts must have the appropriate SNOMED CT Affiliate license - for more information contact http://www.snomed.org/snomed-ct/getsnomed-ct or info@snomed.org.This artefact includes content from SNOMED Clinical Terms® (SNOMED CT®) which is copyright of the International Health Terminology Standards Development Organisation (IHTSDO). Implementers of these artefacts must have the appropriate SNOMED CT Affiliate license - for more information contact http://www.snomed.org/snomed-ct/getsnomed-ct or info@snomed.org.",
  "sourceUri" : "http://fhir.ch/ig/ch-term/ValueSet/DocumentEntry.classCode",
  "targetUri" : "http://fhir.ch/ig/ch-term/ValueSet/DocumentEntry.typeCode",
  "group" : [{
    "source" : "http://snomed.info/sct",
    "target" : "http://snomed.info/sct",
    "element" : [{
      "code" : "371531000",
      "display" : "Report of clinical encounter (record artifact)",
      "target" : [{
        "code" : "371530004",
        "display" : "Clinical consultation report (record artifact)",
        "equivalence" : "specializes"
      },
      {
        "code" : "371529009",
        "display" : "History and physical report (record artifact)",
        "equivalence" : "specializes"
      },
      {
        "code" : "371532007",
        "display" : "Progress report (record artifact)",
        "equivalence" : "specializes"
      },
      {
        "code" : "419891008",
        "display" : "Record artifact (record artifact)",
        "equivalence" : "specializes"
      }]
    }]
  },
  {
    "source" : "http://snomed.info/sct",
    "target" : "http://snomed.info/sct",
    "element" : [{
      "code" : "721927009",
      "display" : "Referral note (record artifact)",
      "target" : [{
        "code" : "419891008",
        "display" : "Record artifact (record artifact)",
        "equivalence" : "specializes"
      }]
    }]
  },
  {
    "source" : "http://snomed.info/sct",
    "target" : "http://snomed.info/sct",
    "element" : [{
      "code" : "721963009",
      "display" : "Order (record artifact)",
      "target" : [{
        "code" : "721965002",
        "display" : "Laboratory order (record artifact)",
        "equivalence" : "specializes"
      },
      {
        "code" : "721966001",
        "display" : "Pathology order (record artifact)",
        "equivalence" : "specializes"
      },
      {
        "code" : "2161000195103",
        "display" : "Imaging order (record artifact)",
        "equivalence" : "specializes"
      },
      {
        "code" : "419891008",
        "display" : "Record artifact (record artifact)",
        "equivalence" : "specializes"
      }]
    }]
  },
  {
    "source" : "http://snomed.info/sct",
    "target" : "http://snomed.info/sct",
    "element" : [{
      "code" : "422735006",
      "display" : "Summary clinical document (record artifact)",
      "target" : [{
        "code" : "373942005",
        "display" : "Discharge summary (record artifact)",
        "equivalence" : "specializes"
      },
      {
        "code" : "371535009",
        "display" : "Transfer summary report (record artifact)",
        "equivalence" : "specializes"
      },
      {
        "code" : "721912009",
        "display" : "Medication summary document (record artifact)",
        "equivalence" : "specializes"
      },
      {
        "code" : "736378000",
        "display" : "Medication management plan (record artifact)",
        "equivalence" : "specializes"
      },
      {
        "code" : "419891008",
        "display" : "Record artifact (record artifact)",
        "equivalence" : "specializes"
      }]
    }]
  },
  {
    "source" : "http://snomed.info/sct",
    "target" : "http://snomed.info/sct",
    "element" : [{
      "code" : "371525003",
      "display" : "Clinical procedure report (record artifact)",
      "target" : [{
        "code" : "371526002",
        "display" : "Operative report (record artifact)",
        "equivalence" : "specializes"
      },
      {
        "code" : "4241000179101",
        "display" : "Laboratory report (record artifact)",
        "equivalence" : "specializes"
      },
      {
        "code" : "371528001",
        "display" : "Pathology report (record artifact)",
        "equivalence" : "specializes"
      },
      {
        "code" : "4201000179104",
        "display" : "Imaging report (record artifact)",
        "equivalence" : "specializes"
      },
      {
        "code" : "900000000000471006",
        "display" : "Image reference (foundation metadata concept)",
        "equivalence" : "specializes"
      },
      {
        "code" : "787148009",
        "display" : "Digital representation of specimen (record artifact)",
        "equivalence" : "specializes"
      },
      {
        "code" : "419891008",
        "display" : "Record artifact (record artifact)",
        "equivalence" : "specializes"
      }]
    }]
  },
  {
    "source" : "http://snomed.info/sct",
    "target" : "http://snomed.info/sct",
    "element" : [{
      "code" : "734163000",
      "display" : "Care plan (record artifact)",
      "target" : [{
        "code" : "737427001",
        "display" : "Clinical management plan (record artifact)",
        "equivalence" : "specializes"
      },
      {
        "code" : "773130005",
        "display" : "Nursing care plan (record artifact)",
        "equivalence" : "specializes"
      },
      {
        "code" : "736055001",
        "display" : "Rehabilitation care plan (record artifact)",
        "equivalence" : "specializes"
      },
      {
        "code" : "761931002",
        "display" : "Medication treatment plan report (record artifact)",
        "equivalence" : "specializes"
      },
      {
        "code" : "419891008",
        "display" : "Record artifact (record artifact)",
        "equivalence" : "specializes"
      }]
    }]
  },
  {
    "source" : "http://snomed.info/sct",
    "target" : "http://snomed.info/sct",
    "element" : [{
      "code" : "440545006",
      "display" : "Prescription record (record artifact)",
      "target" : [{
        "code" : "761938008",
        "display" : "Medicinal prescription record (record artifact)",
        "equivalence" : "specializes"
      },
      {
        "code" : "765492005",
        "display" : "Non-drug prescription record (record artifact)",
        "equivalence" : "specializes"
      },
      {
        "code" : "419891008",
        "display" : "Record artifact (record artifact)",
        "equivalence" : "specializes"
      }]
    }]
  },
  {
    "source" : "http://snomed.info/sct",
    "target" : "http://snomed.info/sct",
    "element" : [{
      "code" : "184216000",
      "display" : "Patient record type (record artifact)",
      "target" : [{
        "code" : "722446000",
        "display" : "Allergy record (record artifact)",
        "equivalence" : "specializes"
      },
      {
        "code" : "41000179103",
        "display" : "Immunization record (record artifact)",
        "equivalence" : "specializes"
      },
      {
        "code" : "419891008",
        "display" : "Record artifact (record artifact)",
        "equivalence" : "specializes"
      }]
    }]
  },
  {
    "source" : "http://snomed.info/sct",
    "target" : "http://snomed.info/sct",
    "element" : [{
      "code" : "371537001",
      "display" : "Consent report (record artifact)",
      "target" : [{
        "code" : "419891008",
        "display" : "Record artifact (record artifact)",
        "equivalence" : "specializes"
      }]
    }]
  },
  {
    "source" : "http://snomed.info/sct",
    "target" : "http://snomed.info/sct",
    "element" : [{
      "code" : "371538006",
      "display" : "Advance directive report (record artifact)",
      "target" : [{
        "code" : "419891008",
        "display" : "Record artifact (record artifact)",
        "equivalence" : "specializes"
      }]
    }]
  },
  {
    "source" : "http://snomed.info/sct",
    "target" : "http://snomed.info/sct",
    "element" : [{
      "code" : "722160009",
      "display" : "Audit trail report (record artifact)",
      "target" : [{
        "code" : "419891008",
        "display" : "Record artifact (record artifact)",
        "equivalence" : "specializes"
      }]
    }]
  },
  {
    "source" : "http://snomed.info/sct",
    "target" : "http://snomed.info/sct",
    "element" : [{
      "code" : "722216001",
      "display" : "Emergency medical identification record (record artifact)",
      "target" : [{
        "code" : "419891008",
        "display" : "Record artifact (record artifact)",
        "equivalence" : "specializes"
      }]
    }]
  },
  {
    "source" : "http://snomed.info/sct",
    "target" : "http://snomed.info/sct",
    "element" : [{
      "code" : "772790007",
      "display" : "Organ donor card (record artifact)",
      "target" : [{
        "code" : "419891008",
        "display" : "Record artifact (record artifact)",
        "equivalence" : "specializes"
      }]
    }]
  },
  {
    "source" : "http://snomed.info/sct",
    "target" : "http://snomed.info/sct",
    "element" : [{
      "code" : "405624007",
      "display" : "Administrative documentation (record artifact)",
      "target" : [{
        "code" : "772786005",
        "display" : "Medical certificate (record artifact)",
        "equivalence" : "specializes"
      },
      {
        "code" : "419891008",
        "display" : "Record artifact (record artifact)",
        "equivalence" : "specializes"
      }]
    }]
  },
  {
    "source" : "http://snomed.info/sct",
    "target" : "http://snomed.info/sct",
    "element" : [{
      "code" : "417319006",
      "display" : "Record of health event (record artifact)",
      "target" : [{
        "code" : "445300006",
        "display" : "Emergency department record (record artifact)",
        "equivalence" : "specializes"
      },
      {
        "code" : "445418005",
        "display" : "Professional allied to medicine clinical report (record artifact)",
        "equivalence" : "specializes"
      },
      {
        "code" : "419891008",
        "display" : "Record artifact (record artifact)",
        "equivalence" : "specializes"
      }]
    }]
  },
  {
    "source" : "http://snomed.info/sct",
    "target" : "http://snomed.info/sct",
    "element" : [{
      "code" : "417319006",
      "display" : "Record of health event (record artifact)",
      "target" : [{
        "code" : "82291000195104",
        "display" : "Medication dispense document (record artifact)",
        "equivalence" : "specializes"
      }]
    }]
  },
  {
    "source" : "http://snomed.info/sct",
    "target" : "http://snomed.info/sct",
    "element" : [{
      "code" : "2171000195109",
      "display" : "Obstetrical record (record artifact)",
      "target" : [{
        "code" : "419891008",
        "display" : "Record artifact (record artifact)",
        "equivalence" : "specializes"
      }]
    }]
  },
  {
    "source" : "http://snomed.info/sct",
    "target" : "http://snomed.info/sct",
    "element" : [{
      "code" : "419891008",
      "display" : "Record artifact (record artifact)",
      "target" : [{
        "code" : "419891008",
        "display" : "Record artifact (record artifact)",
        "equivalence" : "specializes"
      }]
    }]
  }]
}