{
  "resourceType" : "NamingSystem",
  "id" : "gln",
  "text" : {
    "status" : "generated",
    "div" : "<div xmlns=\"http://www.w3.org/1999/xhtml\"><p class=\"res-header-id\"><b>Generated Narrative: NamingSystem gln</b></p><a name=\"gln\"> </a><a name=\"hcgln\"> </a><a name=\"gln-en-US\"> </a><h3>Summary</h3><table class=\"grid\"><tr><td>Defining URL</td><td>http://fhir.ch/ig/ch-term/NamingSystem/gln</td></tr><tr><td>Version</td><td>3.1.0</td></tr><tr><td>Name</td><td>GLN</td></tr><tr><td>Status</td><td>active</td></tr><tr><td>Definition</td><td><div><p>Each healthcare partner (natural or legal person) is referenced with a unique code of type GLN (former name: EAN code) of the <a href=\"https://www.gs1.ch/de/home\">GS1</a> system. See <a href=\"https://www.refdata.ch/content/partner_d.aspx\">refdata</a></p>\n</div></td></tr><tr><td>Publisher</td><td>HL7 Switzerland</td></tr><tr><td>Copyright</td><td><div><p>CC0-1.0</p>\n</div></td></tr></table><h3>Identifiers</h3><table class=\"grid\"><tr><td><b>Type</b></td><td><b>Value</b></td><td><b>Comment</b></td></tr><tr><td>OID</td><td>2.51.1.3</td><td>This is the official identifier</td></tr></table></div>"
  },
  "extension" : [{
    "url" : "http://hl7.org/fhir/5.0/StructureDefinition/extension-NamingSystem.url",
    "valueUri" : "http://fhir.ch/ig/ch-term/NamingSystem/gln"
  },
  {
    "url" : "http://hl7.org/fhir/5.0/StructureDefinition/extension-NamingSystem.version",
    "valueString" : "3.1.0"
  }],
  "name" : "GLN",
  "status" : "active",
  "kind" : "identifier",
  "date" : "2018-12-05",
  "publisher" : "HL7 Switzerland",
  "contact" : [{
    "name" : "HL7 Switzerland",
    "telecom" : [{
      "system" : "url",
      "value" : "https://www.hl7.ch/"
    }]
  },
  {
    "name" : "HL7 Switzerland",
    "telecom" : [{
      "system" : "url",
      "value" : "https://www.hl7.ch/",
      "use" : "work"
    }]
  }],
  "responsible" : "GS1",
  "description" : "Each healthcare partner (natural or legal person) is referenced with a unique code of type GLN (former name: EAN code) of the [GS1](https://www.gs1.ch/de/home) system. See [refdata](https://www.refdata.ch/content/partner_d.aspx)",
  "jurisdiction" : [{
    "coding" : [{
      "system" : "urn:iso:std:iso:3166",
      "code" : "CH"
    }]
  }],
  "uniqueId" : [{
    "type" : "oid",
    "value" : "2.51.1.3",
    "comment" : "This is the official identifier"
  }]
}