{
  "resourceType" : "ValueSet",
  "id" : "DocumentEntry.eventCodeList",
  "meta" : {
    "source" : "https://art-decor.org/fhir/ValueSet/2.16.756.5.30.1.127.3.10.1.8--20220626134421",
    "profile" : ["http://hl7.org/fhir/StructureDefinition/shareablevalueset"]
  },
  "text" : {
    "status" : "extensions",
    "div" : "<div xmlns=\"http://www.w3.org/1999/xhtml\"><p class=\"res-header-id\"><b>Generated Narrative: ValueSet DocumentEntry.eventCodeList</b></p><a name=\"DocumentEntry.eventCodeList\"> </a><a name=\"hcDocumentEntry.eventCodeList\"> </a><a name=\"DocumentEntry.eventCodeList-en-US\"> </a><div style=\"display: inline-block; background-color: #d9e0e7; padding: 6px; margin: 4px; border: 1px solid #8da1b4; border-radius: 5px; line-height: 60%\"><p style=\"margin-bottom: 0px\"/><p style=\"margin-bottom: 0px\">Information Source: <a href=\"https://art-decor.org/fhir/ValueSet/2.16.756.5.30.1.127.3.10.1.8--20220626134421\">https://art-decor.org/fhir/ValueSet/2.16.756.5.30.1.127.3.10.1.8--20220626134421</a></p><p style=\"margin-bottom: 0px\">Profile: <a href=\"http://hl7.org/fhir/R4/shareablevalueset.html\">Shareable ValueSet</a></p></div><ul><li>Include these codes as defined in <a href=\"http://dicom.nema.org/resources/ontology/DCM\"><code>http://dicom.nema.org/resources/ontology/DCM</code></a><table class=\"none\"><tr><td style=\"white-space:nowrap\"><b>Code</b></td><td><b>Display</b></td><td><b>Definition</b></td></tr><tr><td><a href=\"http://hl7.org/fhir/R4/codesystem-dicom-dcim.html#dicom-dcim-OPTENF\">OPTENF</a></td><td>Ophthalmic Tomography En Face</td><td/></tr><tr><td><a href=\"http://hl7.org/fhir/R4/codesystem-dicom-dcim.html#dicom-dcim-OPTBSV\">OPTBSV</a></td><td>Ophthalmic Tomography B-scan Volume Analysis</td><td/></tr><tr><td><a href=\"http://hl7.org/fhir/R4/codesystem-dicom-dcim.html#dicom-dcim-OPV\">OPV</a></td><td>Ophthalmic Visual Field</td><td>Modality device that measures visual fields and perform visual perimetry</td></tr><tr><td><a href=\"http://hl7.org/fhir/R4/codesystem-dicom-dcim.html#dicom-dcim-DX\">DX</a></td><td>Digital Radiography</td><td>Digital Radiography device</td></tr><tr><td><a href=\"http://hl7.org/fhir/R4/codesystem-dicom-dcim.html#dicom-dcim-OPT\">OPT</a></td><td>Ophthalmic Tomography</td><td>Tomography of the eye acquired by a modality that is based on light and optical principles. Tomography based on other principles, such as ultrasound, is excluded</td></tr><tr><td><a href=\"http://hl7.org/fhir/R4/codesystem-dicom-dcim.html#dicom-dcim-BMD\">BMD</a></td><td>Bone Mineral Densitometry</td><td>Bone Mineral Densitometry by X-Ray (modality), including dual-energy X-Ray absorptiometry (DXA) and morphometric X-Ray absorptiometry (MXA)</td></tr><tr><td><a href=\"http://hl7.org/fhir/R4/codesystem-dicom-dcim.html#dicom-dcim-MG\">MG</a></td><td>Mammography</td><td>Mammography device</td></tr><tr><td><a href=\"http://hl7.org/fhir/R4/codesystem-dicom-dcim.html#dicom-dcim-SM\">SM</a></td><td>Slide Microscopy</td><td>Slide Microscopy</td></tr><tr><td><a href=\"http://hl7.org/fhir/R4/codesystem-dicom-dcim.html#dicom-dcim-US\">US</a></td><td>Ultrasound</td><td>Ultrasound device</td></tr><tr><td><a href=\"http://hl7.org/fhir/R4/codesystem-dicom-dcim.html#dicom-dcim-OP\">OP</a></td><td>Ophthalmic Photography</td><td>Ophthalmic photography modality</td></tr><tr><td><a href=\"http://hl7.org/fhir/R4/codesystem-dicom-dcim.html#dicom-dcim-IVOCT\">IVOCT</a></td><td>Intravascular Optical Coherence Tomography</td><td>An acquisition device, process or method that performs intravascular optical coherence tomography</td></tr><tr><td><a href=\"http://hl7.org/fhir/R4/codesystem-dicom-dcim.html#dicom-dcim-MR\">MR</a></td><td>Magnetic Resonance</td><td>Magnetic Resonance device</td></tr><tr><td><a href=\"http://hl7.org/fhir/R4/codesystem-dicom-dcim.html#dicom-dcim-ECG\">ECG</a></td><td>Electrocardiography</td><td>Electrocardiography device</td></tr><tr><td><a href=\"http://hl7.org/fhir/R4/codesystem-dicom-dcim.html#dicom-dcim-GM\">GM</a></td><td>General Microscopy</td><td>General Microscopy device</td></tr><tr><td><a href=\"http://hl7.org/fhir/R4/codesystem-dicom-dcim.html#dicom-dcim-IO\">IO</a></td><td>Intra-oral Radiography</td><td>Intra-oral Radiography device</td></tr><tr><td><a href=\"http://hl7.org/fhir/R4/codesystem-dicom-dcim.html#dicom-dcim-XA\">XA</a></td><td>X-Ray Angiography</td><td>X-Ray Angiography device</td></tr><tr><td><a href=\"http://hl7.org/fhir/R4/codesystem-dicom-dcim.html#dicom-dcim-XC\">XC</a></td><td>External-camera Photography</td><td>External-camera Photography device</td></tr><tr><td><a href=\"http://hl7.org/fhir/R4/codesystem-dicom-dcim.html#dicom-dcim-VA\">VA</a></td><td>Visual Acuity</td><td>Visual Acuity device</td></tr><tr><td><a href=\"http://hl7.org/fhir/R4/codesystem-dicom-dcim.html#dicom-dcim-IVUS\">IVUS</a></td><td>Intravascular Ultrasound</td><td>Intravascular Ultrasound device</td></tr><tr><td><a href=\"http://hl7.org/fhir/R4/codesystem-dicom-dcim.html#dicom-dcim-CR\">CR</a></td><td>Computed Radiography</td><td>Computed Radiography device</td></tr><tr><td><a href=\"http://hl7.org/fhir/R4/codesystem-dicom-dcim.html#dicom-dcim-ES\">ES</a></td><td>Endoscopy</td><td>Endoscopy device</td></tr><tr><td><a href=\"http://hl7.org/fhir/R4/codesystem-dicom-dcim.html#dicom-dcim-AR\">AR</a></td><td>Autorefraction</td><td>Autorefraction device</td></tr><tr><td><a href=\"http://hl7.org/fhir/R4/codesystem-dicom-dcim.html#dicom-dcim-CT\">CT</a></td><td>Computed Tomography</td><td>Computed Tomography device</td></tr><tr><td><a href=\"http://hl7.org/fhir/R4/codesystem-dicom-dcim.html#dicom-dcim-OSS\">OSS</a></td><td>Optical Surface Scanner</td><td>An acquisition device, process or method that performs optical surface scanning</td></tr><tr><td><a href=\"http://hl7.org/fhir/R4/codesystem-dicom-dcim.html#dicom-dcim-LEN\">LEN</a></td><td>Lensometry</td><td>Lensometry device</td></tr><tr><td><a href=\"http://hl7.org/fhir/R4/codesystem-dicom-dcim.html#dicom-dcim-RG\">RG</a></td><td>Radiographic imaging</td><td>Radiographic imaging (conventional film/screen)</td></tr><tr><td><a href=\"http://hl7.org/fhir/R4/codesystem-dicom-dcim.html#dicom-dcim-RF\">RF</a></td><td>Radiofluoroscopy</td><td>Radiofluoroscopy device</td></tr><tr><td><a href=\"http://hl7.org/fhir/R4/codesystem-dicom-dcim.html#dicom-dcim-KER\">KER</a></td><td>Keratometry</td><td>Keratometry device</td></tr><tr><td><a href=\"http://hl7.org/fhir/R4/codesystem-dicom-dcim.html#dicom-dcim-HD\">HD</a></td><td>Hemodynamic Waveform</td><td>Hemodynamic Waveform acquisition device</td></tr><tr><td><a href=\"http://hl7.org/fhir/R4/codesystem-dicom-dcim.html#dicom-dcim-OAM\">OAM</a></td><td>Ophthalmic Axial Measurements</td><td>Measurements of the axial length of the eye, which are done by various devices</td></tr><tr><td><a href=\"http://hl7.org/fhir/R4/codesystem-dicom-dcim.html#dicom-dcim-NM\">NM</a></td><td>Nuclear Medicine</td><td>Nuclear Medicine device</td></tr><tr><td><a href=\"http://hl7.org/fhir/R4/codesystem-dicom-dcim.html#dicom-dcim-OCT\">OCT</a></td><td>Optical Coherence Tomography</td><td>Modality device that uses an interferometric, non-invasive optical tomographic technique to image 2D slices and 3D volumes of tissue using visible and near visible frequencies</td></tr><tr><td><a href=\"http://hl7.org/fhir/R4/codesystem-dicom-dcim.html#dicom-dcim-BDUS\">BDUS</a></td><td>Ultrasound Bone Densitometry</td><td>Ultrasound Bone Densitometry (modality)</td></tr><tr><td><a href=\"http://hl7.org/fhir/R4/codesystem-dicom-dcim.html#dicom-dcim-PT\">PT</a></td><td>Positron emission tomography</td><td>Positron emission tomography (PET) device</td></tr><tr><td><a href=\"http://hl7.org/fhir/R4/codesystem-dicom-dcim.html#dicom-dcim-EPS\">EPS</a></td><td>Cardiac Electrophysiology</td><td>Cardiac Electrophysiology device</td></tr><tr><td><a href=\"http://hl7.org/fhir/R4/codesystem-dicom-dcim.html#dicom-dcim-PX\">PX</a></td><td>Panoramic X-Ray</td><td>Panoramic X-Ray device</td></tr><tr><td><a href=\"http://hl7.org/fhir/R4/codesystem-dicom-dcim.html#dicom-dcim-SRF\">SRF</a></td><td>Subjective Refraction</td><td>Subjective Refraction device</td></tr><tr><td><a href=\"http://hl7.org/fhir/R4/codesystem-dicom-dcim.html#dicom-dcim-OPM\">OPM</a></td><td>Ophthalmic Mapping</td><td>Modality device that measures corneal topography, corneal or retinal thickness, and other similar parameters that are typically displayed as maps</td></tr><tr><td><a href=\"http://hl7.org/fhir/R4/codesystem-dicom-dcim.html#dicom-dcim-OPR\">OPR</a></td><td>Ophthalmic Refraction</td><td>Modality device that measures the refractive characteristics of the eye</td></tr></table></li></ul><p><b>Additional Language Displays</b></p><table class=\"codes\"><tr><td><b>Code</b></td><td><b>Deutsch (Schweiz) (German (Switzerland), de)</b></td><td><b>English (United States) (English (United States), en)</b></td><td><b>French (Switzerland) (fr)</b></td><td><b>Italian (Switzerland) (it)</b></td><td><b>rm</b></td></tr><tr><td>OPTENF</td><td>Ophthalmische Tomographie En Face</td><td>Ophthalmic Tomography En Face</td><td>Tomographie ophtalmique en face</td><td>Tomografia oftalmica En Face</td><td>Ophthalmische Tomographie En Face</td></tr><tr><td>OPTBSV</td><td>Ophthalmologische Tomographie B-Scan Volumenanalyse</td><td>Ophthalmic Tomography B-scan Volume Analysis</td><td>Analyse du volume de la tomographie ophtalmique B-scan</td><td>Analisi del volume della scansione B della tomografia oftalmica</td><td>Ophthalmologische Tomographie B-Scan Volumenanalyse</td></tr><tr><td>OPV</td><td>Gesichtsfeld der Augen</td><td>Ophthalmic Visual Field</td><td>Champ visuel ophtalmique</td><td>Perimetria computerizzata</td><td>Gesichtsfeld der Augen</td></tr><tr><td>DX</td><td>Digitales Röntgen</td><td>Digital Radiography</td><td>Radiologie numérique</td><td>Radiografia digitale</td><td>Digitales Röntgen</td></tr><tr><td>OPT</td><td>Augentomografie</td><td>Ophthalmic Tomography</td><td>Tomographie ophtalmique</td><td>Tomografia ottica computerizzata</td><td>Augentomografie</td></tr><tr><td>BMD</td><td>Knochenmineraldensitometrie</td><td>Bone Mineral Densitometry</td><td>Densitométrie minérale osseuse</td><td>Mineralometria ossea computerizzata</td><td>Knochenmineraldensitometrie</td></tr><tr><td>MG</td><td>Mammografie</td><td>Mammography</td><td>Mammographie</td><td>Mammografia</td><td>Mammografie</td></tr><tr><td>SM</td><td>Objektträger Mikroskopie</td><td>Slide Microscopy</td><td>Microscopie avec lamelles</td><td>Microscopia a vetrini</td><td>Objektträger Mikroskopie</td></tr><tr><td>US</td><td>Ultraschall</td><td>Ultrasound</td><td>Ultrason</td><td>Ecografia</td><td>Ultraschall</td></tr><tr><td>OP</td><td>Augenfotografie</td><td>Ophthalmic Photography</td><td>Photographie ophtalmique</td><td>Fotografia oftalmica</td><td>Augenfotografie</td></tr><tr><td>IVOCT</td><td>Intravaskuläre optische Kohärenztomografie</td><td>Intravascular Optical Coherence Tomography</td><td>Tomographie en cohérence optique intravasculaire</td><td>Tomografia intravascolare a coerenza ottica</td><td>Intravaskuläre optische Kohärenztomografie</td></tr><tr><td>MR</td><td>Magnetresonanz</td><td>Magnetic Resonance</td><td>Résonance magnétique</td><td>Risonanza magnetica</td><td>Magnetresonanz</td></tr><tr><td>ECG</td><td>Elektrokardiografie</td><td>Electrocardiography</td><td>Électrocardiographie</td><td>Elettrocardiografia</td><td>Elektrokardiografie</td></tr><tr><td>GM</td><td>Allgemeine Mikroskopie</td><td>General Microscopy</td><td>Microscopie générale</td><td>Microscopia generale</td><td>Allgemeine Mikroskopie</td></tr><tr><td>IO</td><td>Intraorales Röntgen</td><td>Intra-oral Radiography</td><td>Radiographie intra-orale</td><td>Radiografia intraorale</td><td>Intraorales Röntgen</td></tr><tr><td>XA</td><td>Röntgen-Angiografie</td><td>X-Ray Angiography</td><td>Angiographie par rayons X</td><td>Angiografia a raggi X</td><td>Röntgen-Angiografie</td></tr><tr><td>XC</td><td>Fotografie mit externer Kamera</td><td>External-camera Photography</td><td>Photographie par appareil externe</td><td>Fotografia con fotocamera esterna</td><td>Fotografie mit externer Kamera</td></tr><tr><td>VA</td><td>Sehschärfe</td><td>Visual Acuity</td><td>Acuité visuelle</td><td>Acutezza visiva</td><td>Sehschärfe</td></tr><tr><td>IVUS</td><td>Intravaskulärer Ultraschall</td><td>Intravascular Ultrasound</td><td>Ultrason intravasculaire</td><td>Ecografia intravascolare</td><td>Intravaskulärer Ultraschall</td></tr><tr><td>CR</td><td>Computerradiografie</td><td>Computed Radiography</td><td>Radiographie numérique</td><td>Radiografia computerizzata</td><td>Computerradiografie</td></tr><tr><td>ES</td><td>Endoskopie</td><td>Endoscopy</td><td>Endoscopie</td><td>Endoscopia</td><td>Endoskopie</td></tr><tr><td>AR</td><td>Autorefraktion</td><td>Autorefraction</td><td>Autoréfraction</td><td>Autorifrazione</td><td>Autorefraktion</td></tr><tr><td>CT</td><td>Computertomografie</td><td>Computed Tomography</td><td>Tomographie numérique</td><td>Tomografia computerizzata</td><td>Computertomografie</td></tr><tr><td>OSS</td><td>Optischer Oberflächenscanner</td><td>Optical Surface Scanner</td><td>Scanneur optique de surface</td><td>Scanner ottico per superfici</td><td>Optischer Oberflächenscanner</td></tr><tr><td>LEN</td><td>Linsenmessung</td><td>Lensometry</td><td>Lensométrie</td><td>Focometria</td><td>Linsenmessung</td></tr><tr><td>RG</td><td>Röntgenbildgebung</td><td>Radiographic imaging</td><td>Imagerie radiographique</td><td>Imaging radiografico</td><td>Röntgenbildgebung</td></tr><tr><td>RF</td><td>Radio-Fluoroskopie</td><td>Radiofluoroscopy</td><td>Radio-fluoroscopie</td><td>Radiofluoroscopia</td><td>Radio-Fluoroskopie</td></tr><tr><td>KER</td><td>Keratometrie</td><td>Keratometry</td><td>Kératométrie</td><td>Cheratometria</td><td>Keratometrie</td></tr><tr><td>HD</td><td>Hämodynamische Druckkurve</td><td>Hemodynamic Waveform</td><td>Courbe hémodynamique</td><td>Monitoraggio emodinamico</td><td>Hämodynamische Druckkurve</td></tr><tr><td>OAM</td><td>Augenachsenmessungen</td><td>Ophthalmic Axial Measurements</td><td>Mesures axiales ophtalmiques</td><td>Misurazioni oftalmiche assiali</td><td>Augenachsenmessungen</td></tr><tr><td>NM</td><td>Nuklearmedizin</td><td>Nuclear Medicine</td><td>Médecine nucléaire</td><td>Medicina nucleare</td><td>Nuklearmedizin</td></tr><tr><td>OCT</td><td>Optische Kohärenztomografie</td><td>Optical Coherence Tomography</td><td>Tomographie en cohérence optique</td><td>Tomografia a coerenza ottica</td><td>Optische Kohärenztomografie</td></tr><tr><td>BDUS</td><td>Ultraschall-Knochendichtemessung</td><td>Ultrasound Bone Densitometry</td><td>Densitométrie osseuse par ultrasons</td><td>Densitometria ossea a ultrasuoni</td><td>Ultraschall-Knochendichtemessun</td></tr><tr><td>PT</td><td>Positronen-Emissions-Tomografie</td><td>Positron emission tomography</td><td>Tomographie par émission de positons</td><td>Tomografia a emissione di positroni</td><td>Positronen-Emissions-Tomografie</td></tr><tr><td>EPS</td><td>Herz-Elektrophysiologie</td><td>Cardiac Electrophysiology</td><td>Électrophysiologie cardiaque</td><td>Elettrofisiologia cardiaca</td><td>Herz-Elektrophysiologie</td></tr><tr><td>PX</td><td>Panoramaröntgen</td><td>Panoramic X-Ray</td><td>Radiographie panoramique</td><td>Radiografia panoramica</td><td>Panoramaröntgen</td></tr><tr><td>SRF</td><td>Subjektive Refraktion</td><td>Subjective Refraction</td><td>Réfraction subjective</td><td>Rifrazione soggettiva</td><td>Subjektive Refraktion</td></tr><tr><td>OPM</td><td>Augenkartierung</td><td>Ophthalmic Mapping</td><td>Cartographie ophtalmique</td><td>Mappatura oftalmica</td><td>Augenkartierung</td></tr><tr><td>OPR</td><td>Augenrefraktion</td><td>Ophthalmic Refraction</td><td>Réfraction ophtalmique</td><td>Rifrazione oggettiva</td><td>Augenrefraktion</td></tr></table></div>"
  },
  "extension" : [{
    "url" : "http://hl7.org/fhir/StructureDefinition/resource-effectivePeriod",
    "valuePeriod" : {
      "start" : "2022-06-26T13:44:21+02:00"
    }
  }],
  "url" : "http://fhir.ch/ig/ch-term/ValueSet/DocumentEntry.eventCodeList",
  "identifier" : [{
    "use" : "official",
    "system" : "urn:ietf:rfc:3986",
    "value" : "urn:oid:2.16.756.5.30.1.127.3.10.1.8"
  }],
  "version" : "3.1.0",
  "name" : "DocumentEntryEventCodeList",
  "title" : "DocumentEntry.eventCodeList",
  "status" : "active",
  "experimental" : false,
  "date" : "2024-12-17T13:19:22+00:00",
  "publisher" : "HL7 Switzerland",
  "contact" : [{
    "name" : "HL7 Switzerland",
    "telecom" : [{
      "system" : "url",
      "value" : "https://www.hl7.ch/"
    }]
  },
  {
    "name" : "HL7 Switzerland",
    "telecom" : [{
      "system" : "url",
      "value" : "https://www.hl7.ch/",
      "use" : "work"
    }]
  }],
  "description" : "DocumentEntry.eventCodeList",
  "jurisdiction" : [{
    "coding" : [{
      "system" : "urn:iso:std:iso:3166",
      "code" : "CH"
    }]
  }],
  "immutable" : false,
  "copyright" : "CC0-1.0",
  "compose" : {
    "include" : [{
      "system" : "http://dicom.nema.org/resources/ontology/DCM",
      "concept" : [{
        "code" : "OPTENF",
        "display" : "Ophthalmic Tomography En Face",
        "designation" : [{
          "language" : "de-CH",
          "value" : "Ophthalmische Tomographie En Face"
        },
        {
          "language" : "fr-CH",
          "value" : "Tomographie ophtalmique en face"
        },
        {
          "language" : "it-CH",
          "value" : "Tomografia oftalmica En Face"
        },
        {
          "language" : "rm-CH",
          "value" : "Ophthalmische Tomographie En Face"
        },
        {
          "language" : "en-US",
          "value" : "Ophthalmic Tomography En Face"
        }]
      },
      {
        "code" : "OPTBSV",
        "display" : "Ophthalmic Tomography B-scan Volume Analysis",
        "designation" : [{
          "language" : "de-CH",
          "value" : "Ophthalmologische Tomographie B-Scan Volumenanalyse"
        },
        {
          "language" : "fr-CH",
          "value" : "Analyse du volume de la tomographie ophtalmique B-scan"
        },
        {
          "language" : "it-CH",
          "value" : "Analisi del volume della scansione B della tomografia oftalmica"
        },
        {
          "language" : "rm-CH",
          "value" : "Ophthalmologische Tomographie B-Scan Volumenanalyse"
        },
        {
          "language" : "en-US",
          "value" : "Ophthalmic Tomography B-scan Volume Analysis"
        }]
      },
      {
        "code" : "OPV",
        "display" : "Ophthalmic Visual Field",
        "designation" : [{
          "language" : "de-CH",
          "value" : "Gesichtsfeld der Augen"
        },
        {
          "language" : "fr-CH",
          "value" : "Champ visuel ophtalmique"
        },
        {
          "language" : "it-CH",
          "value" : "Perimetria computerizzata"
        },
        {
          "language" : "rm-CH",
          "value" : "Gesichtsfeld der Augen"
        },
        {
          "language" : "en-US",
          "value" : "Ophthalmic Visual Field"
        }]
      },
      {
        "code" : "DX",
        "display" : "Digital Radiography",
        "designation" : [{
          "language" : "de-CH",
          "value" : "Digitales Röntgen"
        },
        {
          "language" : "fr-CH",
          "value" : "Radiologie numérique"
        },
        {
          "language" : "it-CH",
          "value" : "Radiografia digitale"
        },
        {
          "language" : "rm-CH",
          "value" : "Digitales Röntgen"
        },
        {
          "language" : "en-US",
          "value" : "Digital Radiography"
        }]
      },
      {
        "code" : "OPT",
        "display" : "Ophthalmic Tomography",
        "designation" : [{
          "language" : "de-CH",
          "value" : "Augentomografie"
        },
        {
          "language" : "fr-CH",
          "value" : "Tomographie ophtalmique"
        },
        {
          "language" : "it-CH",
          "value" : "Tomografia ottica computerizzata"
        },
        {
          "language" : "rm-CH",
          "value" : "Augentomografie"
        },
        {
          "language" : "en-US",
          "value" : "Ophthalmic Tomography"
        }]
      },
      {
        "code" : "BMD",
        "display" : "Bone Mineral Densitometry",
        "designation" : [{
          "language" : "de-CH",
          "value" : "Knochenmineraldensitometrie"
        },
        {
          "language" : "fr-CH",
          "value" : "Densitométrie minérale osseuse"
        },
        {
          "language" : "it-CH",
          "value" : "Mineralometria ossea computerizzata"
        },
        {
          "language" : "rm-CH",
          "value" : "Knochenmineraldensitometrie"
        },
        {
          "language" : "en-US",
          "value" : "Bone Mineral Densitometry"
        }]
      },
      {
        "code" : "MG",
        "display" : "Mammography",
        "designation" : [{
          "language" : "de-CH",
          "value" : "Mammografie"
        },
        {
          "language" : "fr-CH",
          "value" : "Mammographie"
        },
        {
          "language" : "it-CH",
          "value" : "Mammografia"
        },
        {
          "language" : "rm-CH",
          "value" : "Mammografie"
        },
        {
          "language" : "en-US",
          "value" : "Mammography"
        }]
      },
      {
        "code" : "SM",
        "display" : "Slide Microscopy",
        "designation" : [{
          "language" : "de-CH",
          "value" : "Objektträger Mikroskopie"
        },
        {
          "language" : "fr-CH",
          "value" : "Microscopie avec lamelles"
        },
        {
          "language" : "it-CH",
          "value" : "Microscopia a vetrini"
        },
        {
          "language" : "rm-CH",
          "value" : "Objektträger Mikroskopie"
        },
        {
          "language" : "en-US",
          "value" : "Slide Microscopy"
        }]
      },
      {
        "code" : "US",
        "display" : "Ultrasound",
        "designation" : [{
          "language" : "de-CH",
          "value" : "Ultraschall"
        },
        {
          "language" : "fr-CH",
          "value" : "Ultrason"
        },
        {
          "language" : "it-CH",
          "value" : "Ecografia"
        },
        {
          "language" : "rm-CH",
          "value" : "Ultraschall"
        },
        {
          "language" : "en-US",
          "value" : "Ultrasound"
        }]
      },
      {
        "code" : "OP",
        "display" : "Ophthalmic Photography",
        "designation" : [{
          "language" : "de-CH",
          "value" : "Augenfotografie"
        },
        {
          "language" : "fr-CH",
          "value" : "Photographie ophtalmique"
        },
        {
          "language" : "it-CH",
          "value" : "Fotografia oftalmica"
        },
        {
          "language" : "rm-CH",
          "value" : "Augenfotografie"
        },
        {
          "language" : "en-US",
          "value" : "Ophthalmic Photography"
        }]
      },
      {
        "code" : "IVOCT",
        "display" : "Intravascular Optical Coherence Tomography",
        "designation" : [{
          "language" : "de-CH",
          "value" : "Intravaskuläre optische Kohärenztomografie"
        },
        {
          "language" : "fr-CH",
          "value" : "Tomographie en cohérence optique intravasculaire"
        },
        {
          "language" : "it-CH",
          "value" : "Tomografia intravascolare a coerenza ottica"
        },
        {
          "language" : "rm-CH",
          "value" : "Intravaskuläre optische Kohärenztomografie"
        },
        {
          "language" : "en-US",
          "value" : "Intravascular Optical Coherence Tomography"
        }]
      },
      {
        "code" : "MR",
        "display" : "Magnetic Resonance",
        "designation" : [{
          "language" : "de-CH",
          "value" : "Magnetresonanz"
        },
        {
          "language" : "fr-CH",
          "value" : "Résonance magnétique"
        },
        {
          "language" : "it-CH",
          "value" : "Risonanza magnetica"
        },
        {
          "language" : "rm-CH",
          "value" : "Magnetresonanz"
        },
        {
          "language" : "en-US",
          "value" : "Magnetic Resonance"
        }]
      },
      {
        "code" : "ECG",
        "display" : "Electrocardiography",
        "designation" : [{
          "language" : "de-CH",
          "value" : "Elektrokardiografie"
        },
        {
          "language" : "fr-CH",
          "value" : "Électrocardiographie"
        },
        {
          "language" : "it-CH",
          "value" : "Elettrocardiografia"
        },
        {
          "language" : "rm-CH",
          "value" : "Elektrokardiografie"
        },
        {
          "language" : "en-US",
          "value" : "Electrocardiography"
        }]
      },
      {
        "code" : "GM",
        "display" : "General Microscopy",
        "designation" : [{
          "language" : "de-CH",
          "value" : "Allgemeine Mikroskopie"
        },
        {
          "language" : "fr-CH",
          "value" : "Microscopie générale"
        },
        {
          "language" : "it-CH",
          "value" : "Microscopia generale"
        },
        {
          "language" : "rm-CH",
          "value" : "Allgemeine Mikroskopie"
        },
        {
          "language" : "en-US",
          "value" : "General Microscopy"
        }]
      },
      {
        "code" : "IO",
        "display" : "Intra-oral Radiography",
        "designation" : [{
          "language" : "de-CH",
          "value" : "Intraorales Röntgen"
        },
        {
          "language" : "fr-CH",
          "value" : "Radiographie intra-orale"
        },
        {
          "language" : "it-CH",
          "value" : "Radiografia intraorale"
        },
        {
          "language" : "rm-CH",
          "value" : "Intraorales Röntgen"
        },
        {
          "language" : "en-US",
          "value" : "Intra-oral Radiography"
        }]
      },
      {
        "code" : "XA",
        "display" : "X-Ray Angiography",
        "designation" : [{
          "language" : "de-CH",
          "value" : "Röntgen-Angiografie"
        },
        {
          "language" : "fr-CH",
          "value" : "Angiographie par rayons X"
        },
        {
          "language" : "it-CH",
          "value" : "Angiografia a raggi X"
        },
        {
          "language" : "rm-CH",
          "value" : "Röntgen-Angiografie"
        },
        {
          "language" : "en-US",
          "value" : "X-Ray Angiography"
        }]
      },
      {
        "code" : "XC",
        "display" : "External-camera Photography",
        "designation" : [{
          "language" : "de-CH",
          "value" : "Fotografie mit externer Kamera"
        },
        {
          "language" : "fr-CH",
          "value" : "Photographie par appareil externe"
        },
        {
          "language" : "it-CH",
          "value" : "Fotografia con fotocamera esterna"
        },
        {
          "language" : "rm-CH",
          "value" : "Fotografie mit externer Kamera"
        },
        {
          "language" : "en-US",
          "value" : "External-camera Photography"
        }]
      },
      {
        "code" : "VA",
        "display" : "Visual Acuity",
        "designation" : [{
          "language" : "de-CH",
          "value" : "Sehschärfe"
        },
        {
          "language" : "fr-CH",
          "value" : "Acuité visuelle"
        },
        {
          "language" : "it-CH",
          "value" : "Acutezza visiva"
        },
        {
          "language" : "rm-CH",
          "value" : "Sehschärfe"
        },
        {
          "language" : "en-US",
          "value" : "Visual Acuity"
        }]
      },
      {
        "code" : "IVUS",
        "display" : "Intravascular Ultrasound",
        "designation" : [{
          "language" : "de-CH",
          "value" : "Intravaskulärer Ultraschall"
        },
        {
          "language" : "fr-CH",
          "value" : "Ultrason intravasculaire"
        },
        {
          "language" : "it-CH",
          "value" : "Ecografia intravascolare"
        },
        {
          "language" : "rm-CH",
          "value" : "Intravaskulärer Ultraschall"
        },
        {
          "language" : "en-US",
          "value" : "Intravascular Ultrasound"
        }]
      },
      {
        "code" : "CR",
        "display" : "Computed Radiography",
        "designation" : [{
          "language" : "de-CH",
          "value" : "Computerradiografie"
        },
        {
          "language" : "fr-CH",
          "value" : "Radiographie numérique"
        },
        {
          "language" : "it-CH",
          "value" : "Radiografia computerizzata"
        },
        {
          "language" : "rm-CH",
          "value" : "Computerradiografie"
        },
        {
          "language" : "en-US",
          "value" : "Computed Radiography"
        }]
      },
      {
        "code" : "ES",
        "display" : "Endoscopy",
        "designation" : [{
          "language" : "de-CH",
          "value" : "Endoskopie"
        },
        {
          "language" : "fr-CH",
          "value" : "Endoscopie"
        },
        {
          "language" : "it-CH",
          "value" : "Endoscopia"
        },
        {
          "language" : "rm-CH",
          "value" : "Endoskopie"
        },
        {
          "language" : "en-US",
          "value" : "Endoscopy"
        }]
      },
      {
        "code" : "AR",
        "display" : "Autorefraction",
        "designation" : [{
          "language" : "de-CH",
          "value" : "Autorefraktion"
        },
        {
          "language" : "fr-CH",
          "value" : "Autoréfraction"
        },
        {
          "language" : "it-CH",
          "value" : "Autorifrazione"
        },
        {
          "language" : "rm-CH",
          "value" : "Autorefraktion"
        },
        {
          "language" : "en-US",
          "value" : "Autorefraction"
        }]
      },
      {
        "code" : "CT",
        "display" : "Computed Tomography",
        "designation" : [{
          "language" : "de-CH",
          "value" : "Computertomografie"
        },
        {
          "language" : "fr-CH",
          "value" : "Tomographie numérique"
        },
        {
          "language" : "it-CH",
          "value" : "Tomografia computerizzata"
        },
        {
          "language" : "rm-CH",
          "value" : "Computertomografie"
        },
        {
          "language" : "en-US",
          "value" : "Computed Tomography"
        }]
      },
      {
        "code" : "OSS",
        "display" : "Optical Surface Scanner",
        "designation" : [{
          "language" : "de-CH",
          "value" : "Optischer Oberflächenscanner"
        },
        {
          "language" : "fr-CH",
          "value" : "Scanneur optique de surface"
        },
        {
          "language" : "it-CH",
          "value" : "Scanner ottico per superfici"
        },
        {
          "language" : "rm-CH",
          "value" : "Optischer Oberflächenscanner"
        },
        {
          "language" : "en-US",
          "value" : "Optical Surface Scanner"
        }]
      },
      {
        "code" : "LEN",
        "display" : "Lensometry",
        "designation" : [{
          "language" : "de-CH",
          "value" : "Linsenmessung"
        },
        {
          "language" : "fr-CH",
          "value" : "Lensométrie"
        },
        {
          "language" : "it-CH",
          "value" : "Focometria"
        },
        {
          "language" : "rm-CH",
          "value" : "Linsenmessung"
        },
        {
          "language" : "en-US",
          "value" : "Lensometry"
        }]
      },
      {
        "code" : "RG",
        "display" : "Radiographic imaging",
        "designation" : [{
          "language" : "de-CH",
          "value" : "Röntgenbildgebung"
        },
        {
          "language" : "fr-CH",
          "value" : "Imagerie radiographique"
        },
        {
          "language" : "it-CH",
          "value" : "Imaging radiografico"
        },
        {
          "language" : "rm-CH",
          "value" : "Röntgenbildgebung"
        },
        {
          "language" : "en-US",
          "value" : "Radiographic imaging"
        }]
      },
      {
        "code" : "RF",
        "display" : "Radiofluoroscopy",
        "designation" : [{
          "language" : "de-CH",
          "value" : "Radio-Fluoroskopie"
        },
        {
          "language" : "fr-CH",
          "value" : "Radio-fluoroscopie"
        },
        {
          "language" : "it-CH",
          "value" : "Radiofluoroscopia"
        },
        {
          "language" : "rm-CH",
          "value" : "Radio-Fluoroskopie"
        },
        {
          "language" : "en-US",
          "value" : "Radiofluoroscopy"
        }]
      },
      {
        "code" : "KER",
        "display" : "Keratometry",
        "designation" : [{
          "language" : "de-CH",
          "value" : "Keratometrie"
        },
        {
          "language" : "fr-CH",
          "value" : "Kératométrie"
        },
        {
          "language" : "it-CH",
          "value" : "Cheratometria"
        },
        {
          "language" : "rm-CH",
          "value" : "Keratometrie"
        },
        {
          "language" : "en-US",
          "value" : "Keratometry"
        }]
      },
      {
        "code" : "HD",
        "display" : "Hemodynamic Waveform",
        "designation" : [{
          "language" : "de-CH",
          "value" : "Hämodynamische Druckkurve"
        },
        {
          "language" : "fr-CH",
          "value" : "Courbe hémodynamique"
        },
        {
          "language" : "it-CH",
          "value" : "Monitoraggio emodinamico"
        },
        {
          "language" : "rm-CH",
          "value" : "Hämodynamische Druckkurve"
        },
        {
          "language" : "en-US",
          "value" : "Hemodynamic Waveform"
        }]
      },
      {
        "code" : "OAM",
        "display" : "Ophthalmic Axial Measurements",
        "designation" : [{
          "language" : "de-CH",
          "value" : "Augenachsenmessungen"
        },
        {
          "language" : "fr-CH",
          "value" : "Mesures axiales ophtalmiques"
        },
        {
          "language" : "it-CH",
          "value" : "Misurazioni oftalmiche assiali"
        },
        {
          "language" : "rm-CH",
          "value" : "Augenachsenmessungen"
        },
        {
          "language" : "en-US",
          "value" : "Ophthalmic Axial Measurements"
        }]
      },
      {
        "code" : "NM",
        "display" : "Nuclear Medicine",
        "designation" : [{
          "language" : "de-CH",
          "value" : "Nuklearmedizin"
        },
        {
          "language" : "fr-CH",
          "value" : "Médecine nucléaire"
        },
        {
          "language" : "it-CH",
          "value" : "Medicina nucleare"
        },
        {
          "language" : "rm-CH",
          "value" : "Nuklearmedizin"
        },
        {
          "language" : "en-US",
          "value" : "Nuclear Medicine"
        }]
      },
      {
        "code" : "OCT",
        "display" : "Optical Coherence Tomography",
        "designation" : [{
          "language" : "de-CH",
          "value" : "Optische Kohärenztomografie"
        },
        {
          "language" : "fr-CH",
          "value" : "Tomographie en cohérence optique"
        },
        {
          "language" : "it-CH",
          "value" : "Tomografia a coerenza ottica"
        },
        {
          "language" : "rm-CH",
          "value" : "Optische Kohärenztomografie"
        },
        {
          "language" : "en-US",
          "value" : "Optical Coherence Tomography"
        }]
      },
      {
        "code" : "BDUS",
        "display" : "Ultrasound Bone Densitometry",
        "designation" : [{
          "language" : "de-CH",
          "value" : "Ultraschall-Knochendichtemessung"
        },
        {
          "language" : "fr-CH",
          "value" : "Densitométrie osseuse par ultrasons"
        },
        {
          "language" : "it-CH",
          "value" : "Densitometria ossea a ultrasuoni"
        },
        {
          "language" : "rm-CH",
          "value" : "Ultraschall-Knochendichtemessun"
        },
        {
          "language" : "en-US",
          "value" : "Ultrasound Bone Densitometry"
        }]
      },
      {
        "code" : "PT",
        "display" : "Positron emission tomography",
        "designation" : [{
          "language" : "de-CH",
          "value" : "Positronen-Emissions-Tomografie"
        },
        {
          "language" : "fr-CH",
          "value" : "Tomographie par émission de positons"
        },
        {
          "language" : "it-CH",
          "value" : "Tomografia a emissione di positroni"
        },
        {
          "language" : "rm-CH",
          "value" : "Positronen-Emissions-Tomografie"
        },
        {
          "language" : "en-US",
          "value" : "Positron emission tomography"
        }]
      },
      {
        "code" : "EPS",
        "display" : "Cardiac Electrophysiology",
        "designation" : [{
          "language" : "de-CH",
          "value" : "Herz-Elektrophysiologie"
        },
        {
          "language" : "fr-CH",
          "value" : "Électrophysiologie cardiaque"
        },
        {
          "language" : "it-CH",
          "value" : "Elettrofisiologia cardiaca"
        },
        {
          "language" : "rm-CH",
          "value" : "Herz-Elektrophysiologie"
        },
        {
          "language" : "en-US",
          "value" : "Cardiac Electrophysiology"
        }]
      },
      {
        "code" : "PX",
        "display" : "Panoramic X-Ray",
        "designation" : [{
          "language" : "de-CH",
          "value" : "Panoramaröntgen"
        },
        {
          "language" : "fr-CH",
          "value" : "Radiographie panoramique"
        },
        {
          "language" : "it-CH",
          "value" : "Radiografia panoramica"
        },
        {
          "language" : "rm-CH",
          "value" : "Panoramaröntgen"
        },
        {
          "language" : "en-US",
          "value" : "Panoramic X-Ray"
        }]
      },
      {
        "code" : "SRF",
        "display" : "Subjective Refraction",
        "designation" : [{
          "language" : "de-CH",
          "value" : "Subjektive Refraktion"
        },
        {
          "language" : "fr-CH",
          "value" : "Réfraction subjective"
        },
        {
          "language" : "it-CH",
          "value" : "Rifrazione soggettiva"
        },
        {
          "language" : "rm-CH",
          "value" : "Subjektive Refraktion"
        },
        {
          "language" : "en-US",
          "value" : "Subjective Refraction"
        }]
      },
      {
        "code" : "OPM",
        "display" : "Ophthalmic Mapping",
        "designation" : [{
          "language" : "de-CH",
          "value" : "Augenkartierung"
        },
        {
          "language" : "fr-CH",
          "value" : "Cartographie ophtalmique"
        },
        {
          "language" : "it-CH",
          "value" : "Mappatura oftalmica"
        },
        {
          "language" : "rm-CH",
          "value" : "Augenkartierung"
        },
        {
          "language" : "en-US",
          "value" : "Ophthalmic Mapping"
        }]
      },
      {
        "code" : "OPR",
        "display" : "Ophthalmic Refraction",
        "designation" : [{
          "language" : "de-CH",
          "value" : "Augenrefraktion"
        },
        {
          "language" : "fr-CH",
          "value" : "Réfraction ophtalmique"
        },
        {
          "language" : "it-CH",
          "value" : "Rifrazione oggettiva"
        },
        {
          "language" : "rm-CH",
          "value" : "Augenrefraktion"
        },
        {
          "language" : "en-US",
          "value" : "Ophthalmic Refraction"
        }]
      }]
    }]
  }
}