[
  {
    "id": "event-timing",
    "type": "CodeSystem",
    "url": "http://fhir.ch/ig/ch-emed/CodeSystem/event-timing",
    "version": "2.1.0",
    "name": "EventTiming",
    "oids": [
      "2.16.840.1.113883.4.642.4.76"
    ]
  },
  {
    "id": "v3-TimingEvent",
    "type": "CodeSystem",
    "url": "http://fhir.ch/ig/ch-emed/CodeSystem/v3-TimingEvent",
    "version": "2.1.0",
    "name": "TimingEvent",
    "oids": [
      "2.16.840.1.113883.5.139"
    ]
  },
  {
    "id": "ch.fhir.ig.ch-emed",
    "type": "ImplementationGuide",
    "url": "http://fhir.ch/ig/ch-emed/ImplementationGuide/ch.fhir.ig.ch-emed",
    "version": "2.1.0",
    "name": "CH_EMED"
  },
  {
    "id": "ch-emed-composition-medicationcard",
    "type": "StructureDefinition",
    "url": "http://fhir.ch/ig/ch-emed/StructureDefinition/ch-emed-composition-medicationcard",
    "version": "2.1.0",
    "name": "CHEMEDCompositionMedicationCard"
  },
  {
    "id": "ch-emed-composition-medicationdispense",
    "type": "StructureDefinition",
    "url": "http://fhir.ch/ig/ch-emed/StructureDefinition/ch-emed-composition-medicationdispense",
    "version": "2.1.0",
    "name": "CHEMEDCompositionMedicationDispense"
  },
  {
    "id": "ch-emed-composition-medicationlist",
    "type": "StructureDefinition",
    "url": "http://fhir.ch/ig/ch-emed/StructureDefinition/ch-emed-composition-medicationlist",
    "version": "2.1.0",
    "name": "CHEMEDCompositionMedicationList"
  },
  {
    "id": "ch-emed-composition-medicationprescription",
    "type": "StructureDefinition",
    "url": "http://fhir.ch/ig/ch-emed/StructureDefinition/ch-emed-composition-medicationprescription",
    "version": "2.1.0",
    "name": "CHEMEDCompositionMedicationPrescription"
  },
  {
    "id": "ch-emed-composition-medicationtreatmentplan",
    "type": "StructureDefinition",
    "url": "http://fhir.ch/ig/ch-emed/StructureDefinition/ch-emed-composition-medicationtreatmentplan",
    "version": "2.1.0",
    "name": "CHEMEDCompositionMedicationTreatmentPlan"
  },
  {
    "id": "ch-emed-composition-pharmaceuticaladvice",
    "type": "StructureDefinition",
    "url": "http://fhir.ch/ig/ch-emed/StructureDefinition/ch-emed-composition-pharmaceuticaladvice",
    "version": "2.1.0",
    "name": "CHEMEDCompositionPharmaceuticalAdvice"
  },
  {
    "id": "ch-emed-document-medicationcard",
    "type": "StructureDefinition",
    "url": "http://fhir.ch/ig/ch-emed/StructureDefinition/ch-emed-document-medicationcard",
    "version": "2.1.0",
    "name": "CHEMEDDocumentMedicationCard"
  },
  {
    "id": "ch-emed-document-medicationdispense",
    "type": "StructureDefinition",
    "url": "http://fhir.ch/ig/ch-emed/StructureDefinition/ch-emed-document-medicationdispense",
    "version": "2.1.0",
    "name": "CHEMEDDocumentMedicationDispense"
  },
  {
    "id": "ch-emed-document-medicationlist",
    "type": "StructureDefinition",
    "url": "http://fhir.ch/ig/ch-emed/StructureDefinition/ch-emed-document-medicationlist",
    "version": "2.1.0",
    "name": "CHEMEDDocumentMedicationList"
  },
  {
    "id": "ch-emed-document-medicationprescription",
    "type": "StructureDefinition",
    "url": "http://fhir.ch/ig/ch-emed/StructureDefinition/ch-emed-document-medicationprescription",
    "version": "2.1.0",
    "name": "CHEMEDDocumentMedicationPrescription"
  },
  {
    "id": "ch-emed-document-medicationtreatmentplan",
    "type": "StructureDefinition",
    "url": "http://fhir.ch/ig/ch-emed/StructureDefinition/ch-emed-document-medicationtreatmentplan",
    "version": "2.1.0",
    "name": "CHEMEDDocumentMedicationTreatmentPlan"
  },
  {
    "id": "ch-emed-document-pharmaceuticaladvice",
    "type": "StructureDefinition",
    "url": "http://fhir.ch/ig/ch-emed/StructureDefinition/ch-emed-document-pharmaceuticaladvice",
    "version": "2.1.0",
    "name": "CHEMEDDocumentPharmaceuticalAdvice"
  },
  {
    "id": "ch-emed-dosage-nonstructured",
    "type": "StructureDefinition",
    "url": "http://fhir.ch/ig/ch-emed/StructureDefinition/ch-emed-dosage-nonstructured",
    "version": "2.1.0",
    "name": "CHEMEDDosageNonStructured"
  },
  {
    "id": "ch-emed-dosage-structured",
    "type": "StructureDefinition",
    "url": "http://fhir.ch/ig/ch-emed/StructureDefinition/ch-emed-dosage-structured",
    "version": "2.1.0",
    "name": "CHEMEDDosageStructured"
  },
  {
    "id": "ch-emed-dosage-structured-normal",
    "type": "StructureDefinition",
    "url": "http://fhir.ch/ig/ch-emed/StructureDefinition/ch-emed-dosage-structured-normal",
    "version": "2.1.0",
    "name": "CHEMEDDosageStructuredNormal"
  },
  {
    "id": "ch-emed-dosage-structured-normal-medicationrequest",
    "type": "StructureDefinition",
    "url": "http://fhir.ch/ig/ch-emed/StructureDefinition/ch-emed-dosage-structured-normal-medicationrequest",
    "version": "2.1.0",
    "name": "CHEMEDDosageStructuredNormalMedicationRequest"
  },
  {
    "id": "ch-emed-dosage-structured-split",
    "type": "StructureDefinition",
    "url": "http://fhir.ch/ig/ch-emed/StructureDefinition/ch-emed-dosage-structured-split",
    "version": "2.1.0",
    "name": "CHEMEDDosageStructuredSplit"
  },
  {
    "id": "ch-emed-dosage-structured-split-medicationrequest",
    "type": "StructureDefinition",
    "url": "http://fhir.ch/ig/ch-emed/StructureDefinition/ch-emed-dosage-structured-split-medicationrequest",
    "version": "2.1.0",
    "name": "CHEMEDDosageStructuredSplitMedicationRequest"
  },
  {
    "id": "ch-emed-ext-dispense",
    "type": "StructureDefinition",
    "url": "http://fhir.ch/ig/ch-emed/StructureDefinition/ch-emed-ext-dispense",
    "version": "2.1.0",
    "name": "CHEMEDExtDispense"
  },
  {
    "id": "ch-emed-ext-documentauthor",
    "type": "StructureDefinition",
    "url": "http://fhir.ch/ig/ch-emed/StructureDefinition/ch-emed-ext-documentauthor",
    "version": "2.1.0",
    "name": "CHEMEDExtDocumentAuthor"
  },
  {
    "id": "ch-emed-ext-medicationstatement-changed",
    "type": "StructureDefinition",
    "url": "http://fhir.ch/ig/ch-emed/StructureDefinition/ch-emed-ext-medicationstatement-changed",
    "version": "2.1.0",
    "name": "CHEMEDExtMedicationStatementChanged"
  },
  {
    "id": "ch-emed-ext-pharmaceuticaladvice",
    "type": "StructureDefinition",
    "url": "http://fhir.ch/ig/ch-emed/StructureDefinition/ch-emed-ext-pharmaceuticaladvice",
    "version": "2.1.0",
    "name": "CHEMEDExtPharmaceuticalAdvice"
  },
  {
    "id": "ch-emed-ext-prescription",
    "type": "StructureDefinition",
    "url": "http://fhir.ch/ig/ch-emed/StructureDefinition/ch-emed-ext-prescription",
    "version": "2.1.0",
    "name": "CHEMEDExtPrescription"
  },
  {
    "id": "ch-emed-ext-representedorganization",
    "type": "StructureDefinition",
    "url": "http://fhir.ch/ig/ch-emed/StructureDefinition/ch-emed-ext-representedorganization",
    "version": "2.1.0",
    "name": "CHEMEDExtRepresentedOrganization"
  },
  {
    "id": "ch-emed-ext-substitution",
    "type": "StructureDefinition",
    "url": "http://fhir.ch/ig/ch-emed/StructureDefinition/ch-emed-ext-substitution",
    "version": "2.1.0",
    "name": "CHEMEDExtSubstitution"
  },
  {
    "id": "ch-emed-ext-treatmentplan",
    "type": "StructureDefinition",
    "url": "http://fhir.ch/ig/ch-emed/StructureDefinition/ch-emed-ext-treatmentplan",
    "version": "2.1.0",
    "name": "CHEMEDExtTreatmentPlan"
  },
  {
    "id": "ch-emed-ext-treatmentreason",
    "type": "StructureDefinition",
    "url": "http://fhir.ch/ig/ch-emed/StructureDefinition/ch-emed-ext-treatmentreason",
    "version": "2.1.0",
    "name": "CHEMEDExtTreatmentReason"
  },
  {
    "id": "ch-emed-medication",
    "type": "StructureDefinition",
    "url": "http://fhir.ch/ig/ch-emed/StructureDefinition/ch-emed-medication",
    "version": "2.1.0",
    "name": "CHEMEDMedication"
  },
  {
    "id": "ch-emed-medication-medicationdispense",
    "type": "StructureDefinition",
    "url": "http://fhir.ch/ig/ch-emed/StructureDefinition/ch-emed-medication-medicationdispense",
    "version": "2.1.0",
    "name": "CHEMEDMedicationMedicationDispense"
  },
  {
    "id": "ch-emed-medicationdispense",
    "type": "StructureDefinition",
    "url": "http://fhir.ch/ig/ch-emed/StructureDefinition/ch-emed-medicationdispense",
    "version": "2.1.0",
    "name": "CHEMEDMedicationDispense"
  },
  {
    "id": "ch-emed-medicationrequest",
    "type": "StructureDefinition",
    "url": "http://fhir.ch/ig/ch-emed/StructureDefinition/ch-emed-medicationrequest",
    "version": "2.1.0",
    "name": "CHEMEDMedicationRequest"
  },
  {
    "id": "ch-emed-medicationstatement",
    "type": "StructureDefinition",
    "url": "http://fhir.ch/ig/ch-emed/StructureDefinition/ch-emed-medicationstatement",
    "version": "2.1.0",
    "name": "CHEMEDMedicationStatement"
  },
  {
    "id": "ch-emed-medicationstatement-card",
    "type": "StructureDefinition",
    "url": "http://fhir.ch/ig/ch-emed/StructureDefinition/ch-emed-medicationstatement-card",
    "version": "2.1.0",
    "name": "CHEMEDMedicationStatementCard"
  },
  {
    "id": "ch-emed-medicationstatement-treatmentplan",
    "type": "StructureDefinition",
    "url": "http://fhir.ch/ig/ch-emed/StructureDefinition/ch-emed-medicationstatement-treatmentplan",
    "version": "2.1.0",
    "name": "CHEMEDMedicationStatementTreatmentPlan"
  },
  {
    "id": "ch-emed-observation",
    "type": "StructureDefinition",
    "url": "http://fhir.ch/ig/ch-emed/StructureDefinition/ch-emed-observation",
    "version": "2.1.0",
    "name": "CHEMEDObservation"
  },
  {
    "id": "ch-emed-practitioner",
    "type": "StructureDefinition",
    "url": "http://fhir.ch/ig/ch-emed/StructureDefinition/ch-emed-practitioner",
    "version": "2.1.0",
    "name": "CHEMEDPractitioner"
  },
  {
    "id": "ch-emed-practitionerrole",
    "type": "StructureDefinition",
    "url": "http://fhir.ch/ig/ch-emed/StructureDefinition/ch-emed-practitionerrole",
    "version": "2.1.0",
    "name": "CHEMEDPractitionerRole"
  },
  {
    "id": "ch-emed-quantity",
    "type": "StructureDefinition",
    "url": "http://fhir.ch/ig/ch-emed/StructureDefinition/ch-emed-quantity",
    "version": "2.1.0",
    "name": "CHEMEDQuantityWithEmedUnits"
  },
  {
    "id": "ch-emed-range",
    "type": "StructureDefinition",
    "url": "http://fhir.ch/ig/ch-emed/StructureDefinition/ch-emed-range",
    "version": "2.1.0",
    "name": "CHEMEDRangeWithEmedUnits"
  },
  {
    "id": "ch-emed-ratio",
    "type": "StructureDefinition",
    "url": "http://fhir.ch/ig/ch-emed/StructureDefinition/ch-emed-ratio",
    "version": "2.1.0",
    "name": "CHEMEDRatioWithEmedUnits"
  },
  {
    "id": "ActivePharmaceuticalIngredient",
    "type": "ValueSet",
    "url": "http://fhir.ch/ig/ch-emed/ValueSet/ActivePharmaceuticalIngredient",
    "version": "2.1.0",
    "name": "ActivePharmaceuticalIngredient",
    "oids": [
      "2.16.756.5.30.1.1.11.82"
    ]
  },
  {
    "id": "UnitCode",
    "type": "ValueSet",
    "url": "http://fhir.ch/ig/ch-emed/ValueSet/UnitCode",
    "version": "2.1.0",
    "name": "UnitCode",
    "oids": [
      "2.16.756.5.30.1.1.11.83"
    ]
  },
  {
    "id": "edqm-pharmaceuticaldoseform",
    "type": "ValueSet",
    "url": "http://fhir.ch/ig/ch-emed/ValueSet/edqm-pharmaceuticaldoseform",
    "version": "2.1.0",
    "name": "PharmaceuticalDoseFormEDQM",
    "oids": [
      "2.16.756.5.30.1.1.11.3"
    ]
  },
  {
    "id": "edqm-routeofadministration",
    "type": "ValueSet",
    "url": "http://fhir.ch/ig/ch-emed/ValueSet/edqm-routeofadministration",
    "version": "2.1.0",
    "name": "RouteOfAdministrationEDQM",
    "oids": [
      "2.16.756.5.30.1.1.11.2"
    ]
  },
  {
    "id": "ihe-pharmaceuticaladvicestatuslist",
    "type": "ValueSet",
    "url": "http://fhir.ch/ig/ch-emed/ValueSet/ihe-pharmaceuticaladvicestatuslist",
    "version": "2.1.0",
    "name": "IHEPharmaceuticalAdviceStatusList",
    "oids": [
      "2.16.756.5.30.1.1.11.4"
    ]
  },
  {
    "id": "edqm-standardterms",
    "type": "CodeSystem",
    "url": "urn:oid:0.4.0.127.0.16.1.1.2.1",
    "version": "2.1.0",
    "name": "EdqmStandardTerms",
    "oids": [
      "2.16.756.5.30.1.1.11.3"
    ]
  },
  {
    "id": "ihe-pharmaceuticaladvicestatuslist",
    "type": "CodeSystem",
    "url": "urn:oid:1.3.6.1.4.1.19376.1.9.2.1",
    "version": "2.1.0",
    "name": "IHEPharmaceuticalAdviceStatusList",
    "oids": [
      "2.16.756.5.30.1.1.11.4"
    ]
  }
]