<?xml version="1.0" encoding="UTF-8"?><ImplementationGuide xmlns="http://hl7.org/fhir"><id value="ch.fhir.ig.ch-emed"/><text><status value="extensions"/><div xmlns="http://www.w3.org/1999/xhtml"><h2>CH_EMED</h2><p>The official URL for this implementation guide is: </p><pre>http://fhir.ch/ig/ch-emed/ImplementationGuide/ch.fhir.ig.ch-emed</pre><div><p>Implementation Guide for the eMedication in Switzerland.</p>
</div></div></text><url value="http://fhir.ch/ig/ch-emed/ImplementationGuide/ch.fhir.ig.ch-emed"/><version value="2.0.0"/><name value="CH_EMED"/><title value="CH EMED (R4)"/><status value="active"/><experimental value="false"/><date value="2022-02-11"/><publisher value="HL7 Switzerland"/><contact><name value="HL7 Switzerland"/><telecom><system value="url"/><value value="https://www.hl7.ch/"/></telecom></contact><description value="Implementation Guide for the eMedication in Switzerland."/><jurisdiction><coding><system value="urn:iso:std:iso:3166"/><code value="CH"/></coding></jurisdiction><copyright value="CC-BY-SA-4.0"/><packageId value="ch.fhir.ig.ch-emed"/><license value="CC-BY-SA-4.0"/><fhirVersion value="4.0.1"/><dependsOn id="chcore"><uri value="http://fhir.ch/ig/ch-core/ImplementationGuide/ch.fhir.ig.ch-core"/><packageId value="ch.fhir.ig.ch-core"/><version value="2.0.0"/></dependsOn><definition><extension url="http://hl7.org/fhir/tools/StructureDefinition/ig-parameter"><extension url="code"><valueString value="releaselabel"/></extension><extension url="value"><valueString value="STU 2"/></extension></extension><extension url="http://hl7.org/fhir/tools/StructureDefinition/ig-parameter"><extension url="code"><valueString value="copyrightyear"/></extension><extension url="value"><valueString value="2021+"/></extension></extension><extension url="http://hl7.org/fhir/tools/StructureDefinition/ig-parameter"><extension url="code"><valueString value="special-url"/></extension><extension url="value"><valueString value="urn:oid:0.4.0.127.0.16.1.1.2.1"/></extension></extension><extension url="http://hl7.org/fhir/tools/StructureDefinition/ig-parameter"><extension url="code"><valueString value="special-url"/></extension><extension url="value"><valueString value="urn:oid:1.3.6.1.4.1.19376.1.9.2.1"/></extension></extension><extension url="http://hl7.org/fhir/tools/StructureDefinition/ig-parameter"><extension url="code"><valueString value="path-liquid"/></extension><extension url="value"><valueString value="template/liquid"/></extension></extension><extension url="http://hl7.org/fhir/tools/StructureDefinition/ig-parameter"><extension url="code"><valueString value="path-liquid"/></extension><extension url="value"><valueString value="input/liquid"/></extension></extension><extension url="http://hl7.org/fhir/tools/StructureDefinition/ig-parameter"><extension url="code"><valueString value="path-qa"/></extension><extension url="value"><valueString value="temp/qa"/></extension></extension><extension url="http://hl7.org/fhir/tools/StructureDefinition/ig-parameter"><extension url="code"><valueString value="path-temp"/></extension><extension url="value"><valueString value="temp/pages"/></extension></extension><extension url="http://hl7.org/fhir/tools/StructureDefinition/ig-parameter"><extension url="code"><valueString value="path-output"/></extension><extension url="value"><valueString value="output"/></extension></extension><extension url="http://hl7.org/fhir/tools/StructureDefinition/ig-parameter"><extension url="code"><valueString value="path-suppressed-warnings"/></extension><extension url="value"><valueString value="input/ignoreWarnings.txt"/></extension></extension><extension url="http://hl7.org/fhir/tools/StructureDefinition/ig-parameter"><extension url="code"><valueString value="path-history"/></extension><extension url="value"><valueString value="http://fhir.ch/ig/ch-emed/history.html"/></extension></extension><extension url="http://hl7.org/fhir/tools/StructureDefinition/ig-parameter"><extension url="code"><valueString value="template-html"/></extension><extension url="value"><valueString value="template-page.html"/></extension></extension><extension url="http://hl7.org/fhir/tools/StructureDefinition/ig-parameter"><extension url="code"><valueString value="template-md"/></extension><extension url="value"><valueString value="template-page-md.html"/></extension></extension><extension url="http://hl7.org/fhir/tools/StructureDefinition/ig-parameter"><extension url="code"><valueString value="apply-contact"/></extension><extension url="value"><valueString value="true"/></extension></extension><extension url="http://hl7.org/fhir/tools/StructureDefinition/ig-parameter"><extension url="code"><valueString value="apply-context"/></extension><extension url="value"><valueString value="true"/></extension></extension><extension url="http://hl7.org/fhir/tools/StructureDefinition/ig-parameter"><extension url="code"><valueString value="apply-copyright"/></extension><extension url="value"><valueString value="true"/></extension></extension><extension url="http://hl7.org/fhir/tools/StructureDefinition/ig-parameter"><extension url="code"><valueString value="apply-jurisdiction"/></extension><extension url="value"><valueString value="true"/></extension></extension><extension url="http://hl7.org/fhir/tools/StructureDefinition/ig-parameter"><extension url="code"><valueString value="apply-license"/></extension><extension url="value"><valueString value="true"/></extension></extension><extension url="http://hl7.org/fhir/tools/StructureDefinition/ig-parameter"><extension url="code"><valueString value="apply-publisher"/></extension><extension url="value"><valueString value="true"/></extension></extension><extension url="http://hl7.org/fhir/tools/StructureDefinition/ig-parameter"><extension url="code"><valueString value="apply-version"/></extension><extension url="value"><valueString value="true"/></extension></extension><extension url="http://hl7.org/fhir/tools/StructureDefinition/ig-parameter"><extension url="code"><valueString value="active-tables"/></extension><extension url="value"><valueString value="true"/></extension></extension><grouping id="-str-profile"><name value="Structures: Resource Profiles"/><description value="These define constraints on FHIR resources for systems conforming to this implementation guide"/></grouping><grouping id="-str-datatype"><name value="Structures: Data Type Profiles"/><description value="These define constraints on FHIR data types for systems conforming to this implementation guide"/></grouping><grouping id="-str-extension"><name value="Structures: Extension Definitions"/><description value="These define constraints on FHIR data types for systems conforming to this implementation guide"/></grouping><grouping id="-term-valueset"><name value="Terminology: Value Sets"/><description value="These define sets of codes used by systems conforming to this implementation guide"/></grouping><grouping id="-term-codesystem"><name value="Terminology: Code Systems"/><description value="These define new code systems used by systems conforming to this implementation guide"/></grouping><grouping id="-ex-example"><name value="Example: Example Instances"/><description value="These are example instances that show what data produced and consumed by systems conforming with this implementation guide might look like"/></grouping><grouping id="-other"><name value="Other"/><description value="These are resources that are used within this implementation guide that do not fit into one of the other categories"/></grouping><resource><extension url="http://hl7.org/fhir/StructureDefinition/implementationguide-page"><valueUri value="Binary-2-6-pdf.html"/></extension><reference><reference value="Binary/2-6-pdf"/></reference><name value="2-6 PDF as original representation of the Medication Prescription document"/><description value="Example for Binary"/><groupingId value="-other"/></resource><resource><extension url="http://hl7.org/fhir/StructureDefinition/implementationguide-page"><valueUri value="Binary-2-7-pdf.html"/></extension><reference><reference value="Binary/2-7-pdf"/></reference><name value="2-7 PDF as original representation of the Medication Card document"/><description value="Example for Binary"/><groupingId value="-other"/></resource><resource><extension url="http://hl7.org/fhir/StructureDefinition/implementationguide-page"><valueUri value="Bundle-1-1-MedicationTreatmentPlan.html"/></extension><reference><reference value="Bundle/1-1-MedicationTreatmentPlan"/></reference><name value="1-1 Medication Treatment Plan document"/><description value="Example for Bundle"/><exampleCanonical value="http://fhir.ch/ig/ch-emed/StructureDefinition/ch-emed-document-medicationtreatmentplan"/><groupingId value="-ex-example"/></resource><resource><extension url="http://hl7.org/fhir/StructureDefinition/implementationguide-page"><valueUri value="Bundle-1-2-MedicationDispense.html"/></extension><reference><reference value="Bundle/1-2-MedicationDispense"/></reference><name value="1-2 Medication Dispense document"/><description value="Example for Bundle"/><exampleCanonical value="http://fhir.ch/ig/ch-emed/StructureDefinition/ch-emed-document-medicationdispense"/><groupingId value="-ex-example"/></resource><resource><extension url="http://hl7.org/fhir/StructureDefinition/implementationguide-page"><valueUri value="Bundle-2-1-MedicationList.html"/></extension><reference><reference value="Bundle/2-1-MedicationList"/></reference><name value="2-1 Medication List document"/><description value="Example for Bundle"/><exampleCanonical value="http://fhir.ch/ig/ch-emed/StructureDefinition/ch-emed-document-medicationlist"/><groupingId value="-ex-example"/></resource><resource><extension url="http://hl7.org/fhir/StructureDefinition/implementationguide-page"><valueUri value="Bundle-2-2-PharmaceuticalAdvice.html"/></extension><reference><reference value="Bundle/2-2-PharmaceuticalAdvice"/></reference><name value="2-2 Pharmaceutical Advice document"/><description value="Example for Bundle"/><exampleCanonical value="http://fhir.ch/ig/ch-emed/StructureDefinition/ch-emed-document-pharmaceuticaladvice"/><groupingId value="-ex-example"/></resource><resource><extension url="http://hl7.org/fhir/StructureDefinition/implementationguide-page"><valueUri value="Bundle-2-3-MedicationTreatmentPlan.html"/></extension><reference><reference value="Bundle/2-3-MedicationTreatmentPlan"/></reference><name value="2-3 Medication Treatment Plan document"/><description value="Example for Bundle"/><exampleCanonical value="http://fhir.ch/ig/ch-emed/StructureDefinition/ch-emed-document-medicationtreatmentplan"/><groupingId value="-ex-example"/></resource><resource><extension url="http://hl7.org/fhir/StructureDefinition/implementationguide-page"><valueUri value="Bundle-2-4-MedicationDispense.html"/></extension><reference><reference value="Bundle/2-4-MedicationDispense"/></reference><name value="2-4 Medication Dispense document"/><description value="Example for Bundle"/><exampleCanonical value="http://fhir.ch/ig/ch-emed/StructureDefinition/ch-emed-document-medicationdispense"/><groupingId value="-ex-example"/></resource><resource><extension url="http://hl7.org/fhir/StructureDefinition/implementationguide-page"><valueUri value="Bundle-2-5-MedicationTreatmentPlan.html"/></extension><reference><reference value="Bundle/2-5-MedicationTreatmentPlan"/></reference><name value="2-5 Medication Treatment Plan document"/><description value="Example for Bundle"/><exampleCanonical value="http://fhir.ch/ig/ch-emed/StructureDefinition/ch-emed-document-medicationtreatmentplan"/><groupingId value="-ex-example"/></resource><resource><extension url="http://hl7.org/fhir/StructureDefinition/implementationguide-page"><valueUri value="Bundle-2-6-MedicationPrescription.html"/></extension><reference><reference value="Bundle/2-6-MedicationPrescription"/></reference><name value="2-6 Medication Prescription document"/><description value="Example for Bundle"/><exampleCanonical value="http://fhir.ch/ig/ch-emed/StructureDefinition/ch-emed-document-medicationprescription"/><groupingId value="-ex-example"/></resource><resource><extension url="http://hl7.org/fhir/StructureDefinition/implementationguide-page"><valueUri value="Bundle-2-7-MedicationCard.html"/></extension><reference><reference value="Bundle/2-7-MedicationCard"/></reference><name value="2-7 Medication Card document"/><description value="Example for Bundle"/><exampleCanonical value="http://fhir.ch/ig/ch-emed/StructureDefinition/ch-emed-document-medicationcard"/><groupingId value="-ex-example"/></resource><resource><extension url="http://hl7.org/fhir/StructureDefinition/implementationguide-page"><valueUri value="Bundle-2-7-MedicationCard-UUIDfullUrl.html"/></extension><reference><reference value="Bundle/2-7-MedicationCard-UUIDfullUrl"/></reference><name value="2-7 Medication Card document (with references/fullUrls as UUIDs)"/><description value="Example for Bundle (with references/fullUrls as UUIDs)"/><exampleCanonical value="http://fhir.ch/ig/ch-emed/StructureDefinition/ch-emed-document-medicationcard"/><groupingId value="-ex-example"/></resource><resource><extension url="http://hl7.org/fhir/StructureDefinition/implementationguide-page"><valueUri value="Bundle-MedicationCard-DifferentAuthors.html"/></extension><reference><reference value="Bundle/MedicationCard-DifferentAuthors"/></reference><name value="Medication Card document with different authors (document/section/entry)"/><description value="Example for Bundle"/><exampleCanonical value="http://fhir.ch/ig/ch-emed/StructureDefinition/ch-emed-document-medicationcard"/><groupingId value="-ex-example"/></resource><resource><extension url="http://hl7.org/fhir/StructureDefinition/implementationguide-page"><valueUri value="Bundle-PharmaceuticalAdvice-ChangeDosage.html"/></extension><reference><reference value="Bundle/PharmaceuticalAdvice-ChangeDosage"/></reference><name value="Pharmaceutical Advice document to change the dosage"/><description value="Example for Bundle"/><exampleCanonical value="http://fhir.ch/ig/ch-emed/StructureDefinition/ch-emed-document-pharmaceuticaladvice"/><groupingId value="-ex-example"/></resource><resource><extension url="http://hl7.org/fhir/StructureDefinition/implementationguide-page"><valueUri value="CodeSystem-v3-TimingEvent.html"/></extension><reference><reference value="CodeSystem/v3-TimingEvent"/></reference><name value="v3-TimingEvent Supplement"/><description value="Translations of concepts for v3-TimingEvent"/><groupingId value="-term-codesystem"/></resource><resource><extension url="http://hl7.org/fhir/StructureDefinition/implementationguide-page"><valueUri value="CodeSystem-event-timing.html"/></extension><reference><reference value="CodeSystem/event-timing"/></reference><name value="event-timing Supplement"/><description value="Translations of concepts for event-timing"/><groupingId value="-term-codesystem"/></resource><resource><extension url="http://hl7.org/fhir/StructureDefinition/implementationguide-page"><valueUri value="Composition-1-1-MedicationTreatmentPlan.html"/></extension><reference><reference value="Composition/1-1-MedicationTreatmentPlan"/></reference><name value="1-1 Composition for Medication Treatment Plan document"/><description value="Example for Composition"/><exampleCanonical value="http://fhir.ch/ig/ch-emed/StructureDefinition/ch-emed-composition-medicationtreatmentplan"/><groupingId value="-ex-example"/></resource><resource><extension url="http://hl7.org/fhir/StructureDefinition/implementationguide-page"><valueUri value="Composition-1-2-MedicationDispense.html"/></extension><reference><reference value="Composition/1-2-MedicationDispense"/></reference><name value="1-2 Composition for Medication Dispense document"/><description value="Example for Composition"/><exampleCanonical value="http://fhir.ch/ig/ch-emed/StructureDefinition/ch-emed-composition-medicationdispense"/><groupingId value="-ex-example"/></resource><resource><extension url="http://hl7.org/fhir/StructureDefinition/implementationguide-page"><valueUri value="Composition-2-1-MedicationList.html"/></extension><reference><reference value="Composition/2-1-MedicationList"/></reference><name value="2-1 Composition for Medication List document"/><description value="Example for Composition"/><exampleCanonical value="http://fhir.ch/ig/ch-emed/StructureDefinition/ch-emed-composition-medicationlist"/><groupingId value="-ex-example"/></resource><resource><extension url="http://hl7.org/fhir/StructureDefinition/implementationguide-page"><valueUri value="Composition-2-2-PharmaceuticalAdvice.html"/></extension><reference><reference value="Composition/2-2-PharmaceuticalAdvice"/></reference><name value="2-2 Composition for Pharmaceutical Advice document"/><description value="Example for Composition"/><exampleCanonical value="http://fhir.ch/ig/ch-emed/StructureDefinition/ch-emed-composition-pharmaceuticaladvice"/><groupingId value="-ex-example"/></resource><resource><extension url="http://hl7.org/fhir/StructureDefinition/implementationguide-page"><valueUri value="Composition-2-3-MedicationTreatmentPlan.html"/></extension><reference><reference value="Composition/2-3-MedicationTreatmentPlan"/></reference><name value="2-3 Composition for Medication Treatment Plan document"/><description value="Example for Composition"/><exampleCanonical value="http://fhir.ch/ig/ch-emed/StructureDefinition/ch-emed-composition-medicationtreatmentplan"/><groupingId value="-ex-example"/></resource><resource><extension url="http://hl7.org/fhir/StructureDefinition/implementationguide-page"><valueUri value="Composition-2-4-MedicationDispense.html"/></extension><reference><reference value="Composition/2-4-MedicationDispense"/></reference><name value="2-4 Composition for Medication Dispense document"/><description value="Example for Composition"/><exampleCanonical value="http://fhir.ch/ig/ch-emed/StructureDefinition/ch-emed-composition-medicationdispense"/><groupingId value="-ex-example"/></resource><resource><extension url="http://hl7.org/fhir/StructureDefinition/implementationguide-page"><valueUri value="Composition-2-5-MedicationTreatmentPlan.html"/></extension><reference><reference value="Composition/2-5-MedicationTreatmentPlan"/></reference><name value="2-5 Composition for Medication Treatment Plan document"/><description value="Example for Composition"/><exampleCanonical value="http://fhir.ch/ig/ch-emed/StructureDefinition/ch-emed-composition-medicationtreatmentplan"/><groupingId value="-ex-example"/></resource><resource><extension url="http://hl7.org/fhir/StructureDefinition/implementationguide-page"><valueUri value="Composition-2-6-MedicationPrescription.html"/></extension><reference><reference value="Composition/2-6-MedicationPrescription"/></reference><name value="2-6 Composition for Medication Prescription document"/><description value="Example for Composition"/><exampleCanonical value="http://fhir.ch/ig/ch-emed/StructureDefinition/ch-emed-composition-medicationprescription"/><groupingId value="-ex-example"/></resource><resource><extension url="http://hl7.org/fhir/StructureDefinition/implementationguide-page"><valueUri value="Composition-2-7-MedicationCard.html"/></extension><reference><reference value="Composition/2-7-MedicationCard"/></reference><name value="2-7 Composition for Medication Card document"/><description value="Example for Composition"/><exampleCanonical value="http://fhir.ch/ig/ch-emed/StructureDefinition/ch-emed-composition-medicationcard"/><groupingId value="-ex-example"/></resource><resource><extension url="http://hl7.org/fhir/StructureDefinition/implementationguide-page"><valueUri value="Medication-1-1-Triatec.html"/></extension><reference><reference value="Medication/1-1-Triatec"/></reference><name value="1-1 Medication Triatec"/><description value="Example for Medication in MedicationStatement"/><exampleCanonical value="http://fhir.ch/ig/ch-emed/StructureDefinition/ch-emed-medication"/><groupingId value="-ex-example"/></resource><resource><extension url="http://hl7.org/fhir/StructureDefinition/implementationguide-page"><valueUri value="Medication-1-2-Triatec.html"/></extension><reference><reference value="Medication/1-2-Triatec"/></reference><name value="1-2 Medication Triatec"/><description value="Example for Medication in MedicationDispense"/><exampleCanonical value="http://fhir.ch/ig/ch-emed/StructureDefinition/ch-emed-medication-medicationdispense"/><groupingId value="-ex-example"/></resource><resource><extension url="http://hl7.org/fhir/StructureDefinition/implementationguide-page"><valueUri value="Medication-2-3-Beloczok.html"/></extension><reference><reference value="Medication/2-3-Beloczok"/></reference><name value="2-3 Medication Beloc Zok"/><description value="Example for Medication in MedicationStatement"/><exampleCanonical value="http://fhir.ch/ig/ch-emed/StructureDefinition/ch-emed-medication"/><groupingId value="-ex-example"/></resource><resource><extension url="http://hl7.org/fhir/StructureDefinition/implementationguide-page"><valueUri value="Medication-2-4-Beloczok.html"/></extension><reference><reference value="Medication/2-4-Beloczok"/></reference><name value="2-4 Medication Beloc Zok"/><description value="Example for Medication in MedicationDispense"/><exampleCanonical value="http://fhir.ch/ig/ch-emed/StructureDefinition/ch-emed-medication-medicationdispense"/><groupingId value="-ex-example"/></resource><resource><extension url="http://hl7.org/fhir/StructureDefinition/implementationguide-page"><valueUri value="Medication-2-5-Norvasc.html"/></extension><reference><reference value="Medication/2-5-Norvasc"/></reference><name value="2-5 Medication Norvasc"/><description value="Example for Medication  in MedicationStatement"/><exampleCanonical value="http://fhir.ch/ig/ch-emed/StructureDefinition/ch-emed-medication"/><groupingId value="-ex-example"/></resource><resource><extension url="http://hl7.org/fhir/StructureDefinition/implementationguide-page"><valueUri value="Medication-2-6-Norvasc.html"/></extension><reference><reference value="Medication/2-6-Norvasc"/></reference><name value="2-6 Medication Norvasc"/><description value="Example for Medication in MedicationRequest"/><exampleCanonical value="http://fhir.ch/ig/ch-emed/StructureDefinition/ch-emed-medication"/><groupingId value="-ex-example"/></resource><resource><extension url="http://hl7.org/fhir/StructureDefinition/implementationguide-page"><valueUri value="Medication-2-7-Beloczok.html"/></extension><reference><reference value="Medication/2-7-Beloczok"/></reference><name value="2-7 Medication Beloc Zok"/><description value="Example for Medication in MedicationStatement"/><exampleCanonical value="http://fhir.ch/ig/ch-emed/StructureDefinition/ch-emed-medication"/><groupingId value="-ex-example"/></resource><resource><extension url="http://hl7.org/fhir/StructureDefinition/implementationguide-page"><valueUri value="Medication-2-7-Norvasc.html"/></extension><reference><reference value="Medication/2-7-Norvasc"/></reference><name value="2-7 Medication Norvasc"/><description value="Example for Medication in MedicationStatement"/><exampleCanonical value="http://fhir.ch/ig/ch-emed/StructureDefinition/ch-emed-medication"/><groupingId value="-ex-example"/></resource><resource><extension url="http://hl7.org/fhir/StructureDefinition/implementationguide-page"><valueUri value="Medication-TriatecWithLocalCodes.html"/></extension><reference><reference value="Medication/TriatecWithLocalCodes"/></reference><name value="Triatec with local Codes"/><description value="Example for Medication with local Codes"/><exampleCanonical value="http://fhir.ch/ig/ch-emed/StructureDefinition/ch-emed-medication"/><groupingId value="-ex-example"/></resource><resource><extension url="http://hl7.org/fhir/StructureDefinition/implementationguide-page"><valueUri value="Medication-MedicationWithTwoIngredients.html"/></extension><reference><reference value="Medication/MedicationWithTwoIngredients"/></reference><name value="Medication with 2 Ingredients"/><description value="Example for Medication with 2 Ingredients"/><exampleCanonical value="http://fhir.ch/ig/ch-emed/StructureDefinition/ch-emed-medication"/><groupingId value="-ex-example"/></resource><resource><extension url="http://hl7.org/fhir/StructureDefinition/implementationguide-page"><valueUri value="MedicationDispense-1-2-MedDispTriatec.html"/></extension><extension url="http://hl7.org/fhir/tools/StructureDefinition/contained-resource-information"><extension url="type"><valueCode value="Medication"/></extension><extension url="id"><valueId value="med"/></extension><extension url="title"><valueString value="Medication"/></extension><extension url="description"/></extension><reference><reference value="MedicationDispense/1-2-MedDispTriatec"/></reference><name value="1-2 Medication Dispense with Medication Triatec"/><description value="Example for MedicationDispense"/><exampleCanonical value="http://fhir.ch/ig/ch-emed/StructureDefinition/ch-emed-medicationdispense"/><groupingId value="-ex-example"/></resource><resource><extension url="http://hl7.org/fhir/StructureDefinition/implementationguide-page"><valueUri value="MedicationDispense-2-4-MedDispBeloczok.html"/></extension><extension url="http://hl7.org/fhir/tools/StructureDefinition/contained-resource-information"><extension url="type"><valueCode value="Medication"/></extension><extension url="id"><valueId value="med"/></extension><extension url="title"><valueString value="Medication"/></extension><extension url="description"/></extension><reference><reference value="MedicationDispense/2-4-MedDispBeloczok"/></reference><name value="1-2 Medication Dispense with Medication Beloc Zok"/><description value="Example for MedicationDispense"/><exampleCanonical value="http://fhir.ch/ig/ch-emed/StructureDefinition/ch-emed-medicationdispense"/><groupingId value="-ex-example"/></resource><resource><extension url="http://hl7.org/fhir/StructureDefinition/implementationguide-page"><valueUri value="MedicationRequest-2-6-MedReqNorvasc.html"/></extension><extension url="http://hl7.org/fhir/tools/StructureDefinition/contained-resource-information"><extension url="type"><valueCode value="Medication"/></extension><extension url="id"><valueId value="med"/></extension><extension url="title"><valueString value="Medication"/></extension><extension url="description"/></extension><reference><reference value="MedicationRequest/2-6-MedReqNorvasc"/></reference><name value="2-6 Medication Request with Medication Norvasc"/><description value="Example for MedicationRequest"/><exampleCanonical value="http://fhir.ch/ig/ch-emed/StructureDefinition/ch-emed-medicationrequest"/><groupingId value="-ex-example"/></resource><resource><extension url="http://hl7.org/fhir/StructureDefinition/implementationguide-page"><valueUri value="MedicationStatement-1-1-MedStatTriatec.html"/></extension><extension url="http://hl7.org/fhir/tools/StructureDefinition/contained-resource-information"><extension url="type"><valueCode value="Medication"/></extension><extension url="id"><valueId value="med"/></extension><extension url="title"><valueString value="Medication"/></extension><extension url="description"/></extension><reference><reference value="MedicationStatement/1-1-MedStatTriatec"/></reference><name value="1-1 Medication Statement with Medication Triatec"/><description value="Example for MedicationStatement"/><exampleCanonical value="http://fhir.ch/ig/ch-emed/StructureDefinition/ch-emed-medicationstatement-treatmentplan"/><groupingId value="-ex-example"/></resource><resource><extension url="http://hl7.org/fhir/StructureDefinition/implementationguide-page"><valueUri value="MedicationStatement-2-3-MedStatBeloczok.html"/></extension><extension url="http://hl7.org/fhir/tools/StructureDefinition/contained-resource-information"><extension url="type"><valueCode value="Medication"/></extension><extension url="id"><valueId value="med"/></extension><extension url="title"><valueString value="Medication"/></extension><extension url="description"/></extension><reference><reference value="MedicationStatement/2-3-MedStatBeloczok"/></reference><name value="2-3 Medication Statement with Medication Beloc Zok"/><description value="Example for MedicationStatement"/><exampleCanonical value="http://fhir.ch/ig/ch-emed/StructureDefinition/ch-emed-medicationstatement-treatmentplan"/><groupingId value="-ex-example"/></resource><resource><extension url="http://hl7.org/fhir/StructureDefinition/implementationguide-page"><valueUri value="MedicationStatement-2-5-MedStatNorvasc.html"/></extension><extension url="http://hl7.org/fhir/tools/StructureDefinition/contained-resource-information"><extension url="type"><valueCode value="Medication"/></extension><extension url="id"><valueId value="med"/></extension><extension url="title"><valueString value="Medication"/></extension><extension url="description"/></extension><reference><reference value="MedicationStatement/2-5-MedStatNorvasc"/></reference><name value="2-5 Medication Statement with Medication Norvasc"/><description value="Example for MedicationStatement"/><exampleCanonical value="http://fhir.ch/ig/ch-emed/StructureDefinition/ch-emed-medicationstatement-treatmentplan"/><groupingId value="-ex-example"/></resource><resource><extension url="http://hl7.org/fhir/StructureDefinition/implementationguide-page"><valueUri value="MedicationStatement-2-7-MedStatBeloczok.html"/></extension><extension url="http://hl7.org/fhir/tools/StructureDefinition/contained-resource-information"><extension url="type"><valueCode value="Medication"/></extension><extension url="id"><valueId value="med"/></extension><extension url="title"><valueString value="Medication"/></extension><extension url="description"/></extension><reference><reference value="MedicationStatement/2-7-MedStatBeloczok"/></reference><name value="2-7 Medication Statement with Medication Beloc Zok"/><description value="Example for MedicationStatement"/><exampleCanonical value="http://fhir.ch/ig/ch-emed/StructureDefinition/ch-emed-medicationstatement-card"/><groupingId value="-ex-example"/></resource><resource><extension url="http://hl7.org/fhir/StructureDefinition/implementationguide-page"><valueUri value="MedicationStatement-2-7-MedStatNorvasc.html"/></extension><extension url="http://hl7.org/fhir/tools/StructureDefinition/contained-resource-information"><extension url="type"><valueCode value="Medication"/></extension><extension url="id"><valueId value="med"/></extension><extension url="title"><valueString value="Medication"/></extension><extension url="description"/></extension><reference><reference value="MedicationStatement/2-7-MedStatNorvasc"/></reference><name value="2-7 Medication Statement with Medication Norvasc"/><description value="Example for MedicationStatment"/><exampleCanonical value="http://fhir.ch/ig/ch-emed/StructureDefinition/ch-emed-medicationstatement-card"/><groupingId value="-ex-example"/></resource><resource><extension url="http://hl7.org/fhir/StructureDefinition/implementationguide-page"><valueUri value="MedicationStatement-NotRecommendedTimingCodes.html"/></extension><extension url="http://hl7.org/fhir/tools/StructureDefinition/contained-resource-information"><extension url="type"><valueCode value="Medication"/></extension><extension url="id"><valueId value="med"/></extension><extension url="title"><valueString value="Medication"/></extension><extension url="description"/></extension><reference><reference value="MedicationStatement/NotRecommendedTimingCodes"/></reference><name value="Medication Statement with NOT recommended timing codes"/><description value="Example for MedicationStatment with NOT recommended timing codes"/><exampleCanonical value="http://fhir.ch/ig/ch-emed/StructureDefinition/ch-emed-medicationstatement-card"/><groupingId value="-ex-example"/></resource><resource><extension url="http://hl7.org/fhir/StructureDefinition/implementationguide-page"><valueUri value="Organization-Custodian.html"/></extension><reference><reference value="Organization/Custodian"/></reference><name value="Custodian"/><description value="Example for Organization"/><groupingId value="-other"/></resource><resource><extension url="http://hl7.org/fhir/StructureDefinition/implementationguide-page"><valueUri value="Organization-Hausarzt.html"/></extension><reference><reference value="Organization/Hausarzt"/></reference><name value="Hausarzt"/><description value="Example for Organization"/><groupingId value="-other"/></resource><resource><extension url="http://hl7.org/fhir/StructureDefinition/implementationguide-page"><valueUri value="Observation-2-2-PharmaceuticalAdvice.html"/></extension><reference><reference value="Observation/2-2-PharmaceuticalAdvice"/></reference><name value="2-2 Observation for Pharmaceutical Advice document"/><description value="Example for Observation"/><exampleCanonical value="http://fhir.ch/ig/ch-emed/StructureDefinition/ch-emed-observation"/><groupingId value="-ex-example"/></resource><resource><extension url="http://hl7.org/fhir/StructureDefinition/implementationguide-page"><valueUri value="Patient-MonikaWegmueller.html"/></extension><reference><reference value="Patient/MonikaWegmueller"/></reference><name value="Monika Wegmueller"/><description value="Example for Patient"/><groupingId value="-other"/></resource><resource><extension url="http://hl7.org/fhir/StructureDefinition/implementationguide-page"><valueUri value="Patient-MonikaWegmuellerRecipient.html"/></extension><reference><reference value="Patient/MonikaWegmuellerRecipient"/></reference><name value="Monika Wegmueller as Information Recipient"/><description value="Example for Patient"/><groupingId value="-other"/></resource><resource><extension url="http://hl7.org/fhir/StructureDefinition/implementationguide-page"><valueUri value="Practitioner-FamilienHausarzt.html"/></extension><reference><reference value="Practitioner/FamilienHausarzt"/></reference><name value="Familien Hausarzt"/><description value="Example for Practitioner"/><exampleCanonical value="http://fhir.ch/ig/ch-emed/StructureDefinition/ch-emed-practitioner"/><groupingId value="-ex-example"/></resource><resource><extension url="http://hl7.org/fhir/StructureDefinition/implementationguide-page"><valueUri value="CodeSystem-edqm-standardterms.html"/></extension><reference><reference value="CodeSystem/edqm-standardterms"/></reference><name value="EDQM - Standard Terms"/><description value="EDQM - Standard Terms used in Swizerland (aggregations of codes of ValueSets RouteOfAdmministartion, Dose Form, see original codes system defined in https://standardterms.edqm.eu/#)"/><exampleBoolean value="false"/><groupingId value="-term-codesystem"/></resource><resource><extension url="http://hl7.org/fhir/StructureDefinition/implementationguide-page"><valueUri value="CodeSystem-ihe-pharmaceuticaladvicestatuslist.html"/></extension><reference><reference value="CodeSystem/ihe-pharmaceuticaladvicestatuslist"/></reference><name value="IHE Pharmaceutical Advice Status List"/><description value="IHE Pharmaceutical Advice Status List"/><exampleBoolean value="false"/><groupingId value="-term-codesystem"/></resource><resource><extension url="http://hl7.org/fhir/StructureDefinition/implementationguide-page"><valueUri value="StructureDefinition-ch-emed-composition-medicationcard.html"/></extension><reference><reference value="StructureDefinition/ch-emed-composition-medicationcard"/></reference><name value="CH EMED Medication Card Composition Profile"/><description value="Definition of the composition for the medication card document"/><groupingId value="-str-profile"/></resource><resource><extension url="http://hl7.org/fhir/StructureDefinition/implementationguide-page"><valueUri value="StructureDefinition-ch-emed-composition-medicationdispense.html"/></extension><reference><reference value="StructureDefinition/ch-emed-composition-medicationdispense"/></reference><name value="CH EMED Medication Dispense Composition Profile"/><description value="Definition of the composition for the medication dispense document"/><groupingId value="-str-profile"/></resource><resource><extension url="http://hl7.org/fhir/StructureDefinition/implementationguide-page"><valueUri value="StructureDefinition-ch-emed-composition-medicationlist.html"/></extension><reference><reference value="StructureDefinition/ch-emed-composition-medicationlist"/></reference><name value="CH EMED Medication List Composition Profile"/><description value="Definition of the composition for the medication list document"/><groupingId value="-str-profile"/></resource><resource><extension url="http://hl7.org/fhir/StructureDefinition/implementationguide-page"><valueUri value="StructureDefinition-ch-emed-composition-medicationprescription.html"/></extension><reference><reference value="StructureDefinition/ch-emed-composition-medicationprescription"/></reference><name value="CH EMED Medication Prescription Composition Profile"/><description value="Definition of the composition for the medication prescription document"/><groupingId value="-str-profile"/></resource><resource><extension url="http://hl7.org/fhir/StructureDefinition/implementationguide-page"><valueUri value="StructureDefinition-ch-emed-composition-medicationtreatmentplan.html"/></extension><reference><reference value="StructureDefinition/ch-emed-composition-medicationtreatmentplan"/></reference><name value="CH EMED Medication Treatment Plan Composition Profile"/><description value="Definition of the composition for the medication treatment plan document"/><groupingId value="-str-profile"/></resource><resource><extension url="http://hl7.org/fhir/StructureDefinition/implementationguide-page"><valueUri value="StructureDefinition-ch-emed-composition-pharmaceuticaladvice.html"/></extension><reference><reference value="StructureDefinition/ch-emed-composition-pharmaceuticaladvice"/></reference><name value="CH EMED Pharmaceutical Advice Composition Profile"/><description value="Definition of the composition for the pharmaceutical advice document"/><groupingId value="-str-profile"/></resource><resource><extension url="http://hl7.org/fhir/StructureDefinition/implementationguide-page"><valueUri value="StructureDefinition-ch-emed-document-medicationcard.html"/></extension><reference><reference value="StructureDefinition/ch-emed-document-medicationcard"/></reference><name value="CH EMED Medication Card Document Profile"/><description value="Definition of the bundle for the medication card document"/><groupingId value="-str-profile"/></resource><resource><extension url="http://hl7.org/fhir/StructureDefinition/implementationguide-page"><valueUri value="StructureDefinition-ch-emed-document-medicationdispense.html"/></extension><reference><reference value="StructureDefinition/ch-emed-document-medicationdispense"/></reference><name value="CH EMED Medication Dispense Document Profile"/><description value="Definition of the bundle for the medication dispense document"/><groupingId value="-str-profile"/></resource><resource><extension url="http://hl7.org/fhir/StructureDefinition/implementationguide-page"><valueUri value="StructureDefinition-ch-emed-document-medicationlist.html"/></extension><reference><reference value="StructureDefinition/ch-emed-document-medicationlist"/></reference><name value="CH EMED Medication List Document Profile"/><description value="Definition of the bundle for the medication list document"/><groupingId value="-str-profile"/></resource><resource><extension url="http://hl7.org/fhir/StructureDefinition/implementationguide-page"><valueUri value="StructureDefinition-ch-emed-document-medicationprescription.html"/></extension><reference><reference value="StructureDefinition/ch-emed-document-medicationprescription"/></reference><name value="CH EMED Medication Prescription Document Profile"/><description value="Definition of the bundle for the medication prescription document"/><groupingId value="-str-profile"/></resource><resource><extension url="http://hl7.org/fhir/StructureDefinition/implementationguide-page"><valueUri value="StructureDefinition-ch-emed-document-medicationtreatmentplan.html"/></extension><reference><reference value="StructureDefinition/ch-emed-document-medicationtreatmentplan"/></reference><name value="CH EMED Medication Treatment Plan Document Profile"/><description value="Definition of the bundle for the medication treatment plan document"/><groupingId value="-str-profile"/></resource><resource><extension url="http://hl7.org/fhir/StructureDefinition/implementationguide-page"><valueUri value="StructureDefinition-ch-emed-document-pharmaceuticaladvice.html"/></extension><reference><reference value="StructureDefinition/ch-emed-document-pharmaceuticaladvice"/></reference><name value="CH EMED Pharmaceutical Advice Document Profile"/><description value="Definition of the bundle for the pharmaceutical advice document"/><groupingId value="-str-profile"/></resource><resource><extension url="http://hl7.org/fhir/StructureDefinition/implementationguide-page"><valueUri value="StructureDefinition-ch-emed-dosage-nonstructured.html"/></extension><reference><reference value="StructureDefinition/ch-emed-dosage-nonstructured"/></reference><name value="CH EMED Dosage Non-Structured Profile"/><description value="Definition of the non-structured dosage"/><groupingId value="-str-datatype"/></resource><resource><extension url="http://hl7.org/fhir/StructureDefinition/implementationguide-page"><valueUri value="StructureDefinition-ch-emed-dosage-structured.html"/></extension><reference><reference value="StructureDefinition/ch-emed-dosage-structured"/></reference><name value="CH EMED Dosage Structured Profile"/><description value="Definition of the structured dosage"/><groupingId value="-str-datatype"/></resource><resource><extension url="http://hl7.org/fhir/StructureDefinition/implementationguide-page"><valueUri value="StructureDefinition-ch-emed-dosage-structured-normal.html"/></extension><reference><reference value="StructureDefinition/ch-emed-dosage-structured-normal"/></reference><name value="CH EMED Dosage Structured Profile Normal Dosing"/><description value="Normal dosing (IHE PHARM 1.3.6.1.4.1.19376.1.5.3.1.4.7.1)"/><groupingId value="-str-datatype"/></resource><resource><extension url="http://hl7.org/fhir/StructureDefinition/implementationguide-page"><valueUri value="StructureDefinition-ch-emed-dosage-structured-split.html"/></extension><reference><reference value="StructureDefinition/ch-emed-dosage-structured-split"/></reference><name value="CH EMED Dosage Structured Profile Split Dosing"/><description value="Split dosing (IHE PHARM 1.3.6.1.4.1.19376.1.5.3.1.4.9)"/><groupingId value="-str-datatype"/></resource><resource><extension url="http://hl7.org/fhir/StructureDefinition/implementationguide-page"><valueUri value="StructureDefinition-ch-emed-dosage-structured-normal-medicationrequest.html"/></extension><reference><reference value="StructureDefinition/ch-emed-dosage-structured-normal-medicationrequest"/></reference><name value="CH EMED Dosage Structured Profile Normal Dosing (MedicationRequest)"/><description value="Normal dosing (IHE PHARM 1.3.6.1.4.1.19376.1.5.3.1.4.7.1)"/><groupingId value="-str-datatype"/></resource><resource><extension url="http://hl7.org/fhir/StructureDefinition/implementationguide-page"><valueUri value="StructureDefinition-ch-emed-dosage-structured-split-medicationrequest.html"/></extension><reference><reference value="StructureDefinition/ch-emed-dosage-structured-split-medicationrequest"/></reference><name value="CH EMED Dosage Structured Profile Split Dosing (MedicationRequest)"/><description value="Split dosing (IHE PHARM 1.3.6.1.4.1.19376.1.5.3.1.4.9)"/><groupingId value="-str-datatype"/></resource><resource><extension url="http://hl7.org/fhir/StructureDefinition/implementationguide-page"><valueUri value="StructureDefinition-ch-emed-ext-documentauthor.html"/></extension><reference><reference value="StructureDefinition/ch-emed-ext-documentauthor"/></reference><name value="CH EMED Extension Document Author"/><description value="Extension to represent the author of the original document in the medication statement (for the Medication Card document)"/><groupingId value="-str-extension"/></resource><resource><extension url="http://hl7.org/fhir/StructureDefinition/implementationguide-page"><valueUri value="StructureDefinition-ch-emed-ext-dispense.html"/></extension><reference><reference value="StructureDefinition/ch-emed-ext-dispense"/></reference><name value="CH EMED Extension Dispense"/><description value="Extension to reference the medication dispense"/><groupingId value="-str-extension"/></resource><resource><extension url="http://hl7.org/fhir/StructureDefinition/implementationguide-page"><valueUri value="StructureDefinition-ch-emed-ext-pharmaceuticaladvice.html"/></extension><reference><reference value="StructureDefinition/ch-emed-ext-pharmaceuticaladvice"/></reference><name value="CH EMED Extension Pharmaceutical Advice"/><description value="Extension to represent the reference to the Pharmaceutical Advice document"/><groupingId value="-str-extension"/></resource><resource><extension url="http://hl7.org/fhir/StructureDefinition/implementationguide-page"><valueUri value="StructureDefinition-ch-emed-ext-prescription.html"/></extension><reference><reference value="StructureDefinition/ch-emed-ext-prescription"/></reference><name value="CH EMED Extension Prescription"/><description value="Extension to represent the reference to the Medication Prescritpion document"/><groupingId value="-str-extension"/></resource><resource><extension url="http://hl7.org/fhir/StructureDefinition/implementationguide-page"><valueUri value="StructureDefinition-ch-emed-ext-representedorganization.html"/></extension><reference><reference value="StructureDefinition/ch-emed-ext-representedorganization"/></reference><name value="CH EMED Extension Represented Organization"/><description value="Extension to represent the organization of the author"/><groupingId value="-str-extension"/></resource><resource><extension url="http://hl7.org/fhir/StructureDefinition/implementationguide-page"><valueUri value="StructureDefinition-ch-emed-ext-substitution.html"/></extension><reference><reference value="StructureDefinition/ch-emed-ext-substitution"/></reference><name value="CH EMED Extension Substitution"/><description value="Extension to represent the substitution of a medication"/><groupingId value="-str-extension"/></resource><resource><extension url="http://hl7.org/fhir/StructureDefinition/implementationguide-page"><valueUri value="StructureDefinition-ch-emed-ext-treatmentplan.html"/></extension><reference><reference value="StructureDefinition/ch-emed-ext-treatmentplan"/></reference><name value="CH EMED Extension Treatment Plan"/><description value="Extension to represent the reference to the Medication Treatment Plan document"/><groupingId value="-str-extension"/></resource><resource><extension url="http://hl7.org/fhir/StructureDefinition/implementationguide-page"><valueUri value="StructureDefinition-ch-emed-ext-treatmentreason.html"/></extension><reference><reference value="StructureDefinition/ch-emed-ext-treatmentreason"/></reference><name value="CH EMED Extension Treatment Reason"/><description value="Extension to represent the treatment reason"/><groupingId value="-str-extension"/></resource><resource><extension url="http://hl7.org/fhir/StructureDefinition/implementationguide-page"><valueUri value="StructureDefinition-ch-emed-ext-medicationstatement-changed.html"/></extension><reference><reference value="StructureDefinition/ch-emed-ext-medicationstatement-changed"/></reference><name value="CH EMED Extension MedicationStatement Changed"/><description value="Extension to represent the changed MedicationStatement"/><groupingId value="-str-extension"/></resource><resource><extension url="http://hl7.org/fhir/StructureDefinition/implementationguide-page"><valueUri value="StructureDefinition-ch-emed-medication-medicationdispense.html"/></extension><reference><reference value="StructureDefinition/ch-emed-medication-medicationdispense"/></reference><name value="CH EMED Medication Profile (MedicationDispense)"/><description value="Definition of the medication for the medication dispense"/><groupingId value="-str-profile"/></resource><resource><extension url="http://hl7.org/fhir/StructureDefinition/implementationguide-page"><valueUri value="StructureDefinition-ch-emed-medication.html"/></extension><reference><reference value="StructureDefinition/ch-emed-medication"/></reference><name value="CH EMED Medication Profile"/><description value="Definition of the medication"/><groupingId value="-str-profile"/></resource><resource><extension url="http://hl7.org/fhir/StructureDefinition/implementationguide-page"><valueUri value="StructureDefinition-ch-emed-medicationdispense.html"/></extension><reference><reference value="StructureDefinition/ch-emed-medicationdispense"/></reference><name value="CH EMED MedicationDispense Profile"/><description value="Definition of the medication dispense"/><groupingId value="-str-profile"/></resource><resource><extension url="http://hl7.org/fhir/StructureDefinition/implementationguide-page"><valueUri value="StructureDefinition-ch-emed-medicationrequest.html"/></extension><reference><reference value="StructureDefinition/ch-emed-medicationrequest"/></reference><name value="CH EMED MedicationRequest Profile"/><description value="Definition of the medication request"/><groupingId value="-str-profile"/></resource><resource><extension url="http://hl7.org/fhir/StructureDefinition/implementationguide-page"><valueUri value="StructureDefinition-ch-emed-medicationstatement.html"/></extension><reference><reference value="StructureDefinition/ch-emed-medicationstatement"/></reference><name value="CH EMED MedicationStatement Profile"/><description value="Definition of the basic medication statement"/><groupingId value="-str-profile"/></resource><resource><extension url="http://hl7.org/fhir/StructureDefinition/implementationguide-page"><valueUri value="StructureDefinition-ch-emed-medicationstatement-card.html"/></extension><reference><reference value="StructureDefinition/ch-emed-medicationstatement-card"/></reference><name value="CH EMED MedicationStatement Profile (Medication Card document)"/><description value="Definition of the medication statement for the Medication Card document"/><groupingId value="-str-profile"/></resource><resource><extension url="http://hl7.org/fhir/StructureDefinition/implementationguide-page"><valueUri value="StructureDefinition-ch-emed-medicationstatement-treatmentplan.html"/></extension><reference><reference value="StructureDefinition/ch-emed-medicationstatement-treatmentplan"/></reference><name value="CH EMED MedicationStatement Profile (Medication Treatment Plan document)"/><description value="Definition of the medication statement for the Medication Treatment Plan document"/><groupingId value="-str-profile"/></resource><resource><extension url="http://hl7.org/fhir/StructureDefinition/implementationguide-page"><valueUri value="StructureDefinition-ch-emed-observation.html"/></extension><reference><reference value="StructureDefinition/ch-emed-observation"/></reference><name value="CH EMED Observation Profile"/><description value="Definition of the observation"/><groupingId value="-str-profile"/></resource><resource><extension url="http://hl7.org/fhir/StructureDefinition/implementationguide-page"><valueUri value="StructureDefinition-ch-emed-practitioner.html"/></extension><reference><reference value="StructureDefinition/ch-emed-practitioner"/></reference><name value="CH EMED Practitioner Profile"/><description value="Definition of the practitioner for the eMedication context"/><groupingId value="-str-profile"/></resource><resource><extension url="http://hl7.org/fhir/StructureDefinition/implementationguide-page"><valueUri value="StructureDefinition-ch-emed-practitionerrole.html"/></extension><reference><reference value="StructureDefinition/ch-emed-practitionerrole"/></reference><name value="CH EMED PractitionerRole Profile"/><description value="Definition of the practitioner role for the eMedication context"/><groupingId value="-str-profile"/></resource><resource><extension url="http://hl7.org/fhir/StructureDefinition/implementationguide-page"><valueUri value="StructureDefinition-ch-emed-quantity.html"/></extension><reference><reference value="StructureDefinition/ch-emed-quantity"/></reference><name value="CH EMED Quantity with units"/><description value="A quantity with defined units"/><groupingId value="-str-datatype"/></resource><resource><extension url="http://hl7.org/fhir/StructureDefinition/implementationguide-page"><valueUri value="StructureDefinition-ch-emed-range.html"/></extension><reference><reference value="StructureDefinition/ch-emed-range"/></reference><name value="CH EMED Range with units"/><description value="A range with defined quantity/units"/><groupingId value="-str-datatype"/></resource><resource><extension url="http://hl7.org/fhir/StructureDefinition/implementationguide-page"><valueUri value="StructureDefinition-ch-emed-ratio.html"/></extension><reference><reference value="StructureDefinition/ch-emed-ratio"/></reference><name value="CH EMED Ratio with units"/><description value="A ratio with defined units"/><groupingId value="-str-datatype"/></resource><resource><extension url="http://hl7.org/fhir/StructureDefinition/implementationguide-page"><valueUri value="ValueSet-ActivePharmaceuticalIngredient.html"/></extension><reference><reference value="ValueSet/ActivePharmaceuticalIngredient"/></reference><name value="ActivePharmaceuticalIngredient"/><description value="ActivePharmaceuticalIngredient"/><exampleBoolean value="false"/><groupingId value="-term-valueset"/></resource><resource><extension url="http://hl7.org/fhir/StructureDefinition/implementationguide-page"><valueUri value="ValueSet-edqm-pharmaceuticaldoseform.html"/></extension><reference><reference value="ValueSet/edqm-pharmaceuticaldoseform"/></reference><name value="EDQM - Pharmaceutical Dose Form"/><description value="Valueset Pharmaceutical Dose Form from EDQM, PDF, export20.5.2021, see https://standardterms.edqm.eu/#"/><exampleBoolean value="false"/><groupingId value="-term-valueset"/></resource><resource><extension url="http://hl7.org/fhir/StructureDefinition/implementationguide-page"><valueUri value="ValueSet-edqm-routeofadministration.html"/></extension><reference><reference value="ValueSet/edqm-routeofadministration"/></reference><name value="EDQM - RouteOfAdministration"/><description value="Valueset RouteOfAdministration from EDQM, ROA, export 1.6.2021, see https://standardterms.edqm.eu/#"/><exampleBoolean value="false"/><groupingId value="-term-valueset"/></resource><resource><extension url="http://hl7.org/fhir/StructureDefinition/implementationguide-page"><valueUri value="ValueSet-ihe-pharmaceuticaladvicestatuslist.html"/></extension><reference><reference value="ValueSet/ihe-pharmaceuticaladvicestatuslist"/></reference><name value="IHE Pharmaceutical Advice Status List"/><description value="IHE Pharmaceutical Advice Status List"/><exampleBoolean value="false"/><groupingId value="-term-valueset"/></resource><resource><extension url="http://hl7.org/fhir/StructureDefinition/implementationguide-page"><valueUri value="ValueSet-UnitCode.html"/></extension><reference><reference value="ValueSet/UnitCode"/></reference><name value="UnitCode"/><description value="UnitCode"/><exampleBoolean value="false"/><groupingId value="-term-valueset"/></resource><page><nameUrl value="toc.html"/><title value="Table of Contents"/><generation value="html"/><page><nameUrl value="index.html"/><title value="Home"/><generation value="markdown"/></page><page><nameUrl value="medication-treatment-plan-document.html"/><title value="Medication Treatment Plan document"/><generation value="markdown"/></page><page><nameUrl value="medication-prescription-document.html"/><title value="Medication Prescription document"/><generation value="markdown"/></page><page><nameUrl value="medication-dispense-document.html"/><title value="Medication Dispense document"/><generation value="markdown"/></page><page><nameUrl value="pharmaceutical-advice-document.html"/><title value="Pharmaceutical Advice document"/><generation value="markdown"/></page><page><nameUrl value="medication-list-document.html"/><title value="Medication List document"/><generation value="markdown"/></page><page><nameUrl value="medication-card-document.html"/><title value="Medication Card document"/><generation value="markdown"/></page><page><nameUrl value="usecase-german.html"/><title value="Anwendungsfälle"/><generation value="markdown"/></page><page><nameUrl value="usecase-french.html"/><title value="Cas d’application"/><generation value="markdown"/></page><page><nameUrl value="dosage.html"/><title value="Dosage"/><generation value="markdown"/></page><page><nameUrl value="repeated-dispense.html"/><title value="Repeated Dispense"/><generation value="markdown"/></page><page><nameUrl value="profiles.html"/><title value="Profiles"/><generation value="html"/></page><page><nameUrl value="extensions.html"/><title value="Extensions"/><generation value="html"/></page><page><nameUrl value="terminology.html"/><title value="Terminology"/><generation value="html"/></page><page><nameUrl value="changelog.html"/><title value="Change Log"/><generation value="markdown"/></page><page><nameUrl value="artifacts.html"/><title value="Artifacts Summary"/><generation value="html"/><page><nameUrl value="StructureDefinition-ch-emed-composition-medicationcard.html"/><title value="CH EMED Medication Card Composition Profile"/><generation value="generated"/></page><page><nameUrl value="StructureDefinition-ch-emed-composition-medicationdispense.html"/><title value="CH EMED Medication Dispense Composition Profile"/><generation value="generated"/></page><page><nameUrl value="StructureDefinition-ch-emed-composition-medicationlist.html"/><title value="CH EMED Medication List Composition Profile"/><generation value="generated"/></page><page><nameUrl value="StructureDefinition-ch-emed-composition-medicationprescription.html"/><title value="CH EMED Medication Prescription Composition Profile"/><generation value="generated"/></page><page><nameUrl value="StructureDefinition-ch-emed-composition-medicationtreatmentplan.html"/><title value="CH EMED Medication Treatment Plan Composition Profile"/><generation value="generated"/></page><page><nameUrl value="StructureDefinition-ch-emed-composition-pharmaceuticaladvice.html"/><title value="CH EMED Pharmaceutical Advice Composition Profile"/><generation value="generated"/></page><page><nameUrl value="StructureDefinition-ch-emed-document-medicationcard.html"/><title value="CH EMED Medication Card Document Profile"/><generation value="generated"/></page><page><nameUrl value="StructureDefinition-ch-emed-document-medicationdispense.html"/><title value="CH EMED Medication Dispense Document Profile"/><generation value="generated"/></page><page><nameUrl value="StructureDefinition-ch-emed-document-medicationlist.html"/><title value="CH EMED Medication List Document Profile"/><generation value="generated"/></page><page><nameUrl value="StructureDefinition-ch-emed-document-medicationprescription.html"/><title value="CH EMED Medication Prescription Document Profile"/><generation value="generated"/></page><page><nameUrl value="StructureDefinition-ch-emed-document-medicationtreatmentplan.html"/><title value="CH EMED Medication Treatment Plan Document Profile"/><generation value="generated"/></page><page><nameUrl value="StructureDefinition-ch-emed-document-pharmaceuticaladvice.html"/><title value="CH EMED Pharmaceutical Advice Document Profile"/><generation value="generated"/></page><page><nameUrl value="StructureDefinition-ch-emed-medication-medicationdispense.html"/><title value="CH EMED Medication Profile (MedicationDispense)"/><generation value="generated"/></page><page><nameUrl value="StructureDefinition-ch-emed-medication.html"/><title value="CH EMED Medication Profile"/><generation value="generated"/></page><page><nameUrl value="StructureDefinition-ch-emed-medicationdispense.html"/><title value="CH EMED MedicationDispense Profile"/><generation value="generated"/></page><page><nameUrl value="StructureDefinition-ch-emed-medicationrequest.html"/><title value="CH EMED MedicationRequest Profile"/><generation value="generated"/></page><page><nameUrl value="StructureDefinition-ch-emed-medicationstatement.html"/><title value="CH EMED MedicationStatement Profile"/><generation value="generated"/></page><page><nameUrl value="StructureDefinition-ch-emed-medicationstatement-card.html"/><title value="CH EMED MedicationStatement Profile (Medication Card document)"/><generation value="generated"/></page><page><nameUrl value="StructureDefinition-ch-emed-medicationstatement-treatmentplan.html"/><title value="CH EMED MedicationStatement Profile (Medication Treatment Plan document)"/><generation value="generated"/></page><page><nameUrl value="StructureDefinition-ch-emed-observation.html"/><title value="CH EMED Observation Profile"/><generation value="generated"/></page><page><nameUrl value="StructureDefinition-ch-emed-practitioner.html"/><title value="CH EMED Practitioner Profile"/><generation value="generated"/></page><page><nameUrl value="StructureDefinition-ch-emed-practitionerrole.html"/><title value="CH EMED PractitionerRole Profile"/><generation value="generated"/></page><page><nameUrl value="StructureDefinition-ch-emed-dosage-nonstructured.html"/><title value="CH EMED Dosage Non-Structured Profile"/><generation value="generated"/></page><page><nameUrl value="StructureDefinition-ch-emed-dosage-structured.html"/><title value="CH EMED Dosage Structured Profile"/><generation value="generated"/></page><page><nameUrl value="StructureDefinition-ch-emed-dosage-structured-normal.html"/><title value="CH EMED Dosage Structured Profile Normal Dosing"/><generation value="generated"/></page><page><nameUrl value="StructureDefinition-ch-emed-dosage-structured-split.html"/><title value="CH EMED Dosage Structured Profile Split Dosing"/><generation value="generated"/></page><page><nameUrl value="StructureDefinition-ch-emed-dosage-structured-normal-medicationrequest.html"/><title value="CH EMED Dosage Structured Profile Normal Dosing (MedicationRequest)"/><generation value="generated"/></page><page><nameUrl value="StructureDefinition-ch-emed-dosage-structured-split-medicationrequest.html"/><title value="CH EMED Dosage Structured Profile Split Dosing (MedicationRequest)"/><generation value="generated"/></page><page><nameUrl value="StructureDefinition-ch-emed-quantity.html"/><title value="CH EMED Quantity with units"/><generation value="generated"/></page><page><nameUrl value="StructureDefinition-ch-emed-range.html"/><title value="CH EMED Range with units"/><generation value="generated"/></page><page><nameUrl value="StructureDefinition-ch-emed-ratio.html"/><title value="CH EMED Ratio with units"/><generation value="generated"/></page><page><nameUrl value="StructureDefinition-ch-emed-ext-documentauthor.html"/><title value="CH EMED Extension Document Author"/><generation value="generated"/></page><page><nameUrl value="StructureDefinition-ch-emed-ext-dispense.html"/><title value="CH EMED Extension Dispense"/><generation value="generated"/></page><page><nameUrl value="StructureDefinition-ch-emed-ext-pharmaceuticaladvice.html"/><title value="CH EMED Extension Pharmaceutical Advice"/><generation value="generated"/></page><page><nameUrl value="StructureDefinition-ch-emed-ext-prescription.html"/><title value="CH EMED Extension Prescription"/><generation value="generated"/></page><page><nameUrl value="StructureDefinition-ch-emed-ext-representedorganization.html"/><title value="CH EMED Extension Represented Organization"/><generation value="generated"/></page><page><nameUrl value="StructureDefinition-ch-emed-ext-substitution.html"/><title value="CH EMED Extension Substitution"/><generation value="generated"/></page><page><nameUrl value="StructureDefinition-ch-emed-ext-treatmentplan.html"/><title value="CH EMED Extension Treatment Plan"/><generation value="generated"/></page><page><nameUrl value="StructureDefinition-ch-emed-ext-treatmentreason.html"/><title value="CH EMED Extension Treatment Reason"/><generation value="generated"/></page><page><nameUrl value="StructureDefinition-ch-emed-ext-medicationstatement-changed.html"/><title value="CH EMED Extension MedicationStatement Changed"/><generation value="generated"/></page><page><nameUrl value="ValueSet-ActivePharmaceuticalIngredient.html"/><title value="ActivePharmaceuticalIngredient"/><generation value="generated"/></page><page><nameUrl value="ValueSet-edqm-pharmaceuticaldoseform.html"/><title value="EDQM - Pharmaceutical Dose Form"/><generation value="generated"/></page><page><nameUrl value="ValueSet-edqm-routeofadministration.html"/><title value="EDQM - RouteOfAdministration"/><generation value="generated"/></page><page><nameUrl value="ValueSet-ihe-pharmaceuticaladvicestatuslist.html"/><title value="IHE Pharmaceutical Advice Status List"/><generation value="generated"/></page><page><nameUrl value="ValueSet-UnitCode.html"/><title value="UnitCode"/><generation value="generated"/></page><page><nameUrl value="CodeSystem-v3-TimingEvent.html"/><title value="v3-TimingEvent Supplement"/><generation value="generated"/></page><page><nameUrl value="CodeSystem-event-timing.html"/><title value="event-timing Supplement"/><generation value="generated"/></page><page><nameUrl value="CodeSystem-edqm-standardterms.html"/><title value="EDQM - Standard Terms"/><generation value="generated"/></page><page><nameUrl value="CodeSystem-ihe-pharmaceuticaladvicestatuslist.html"/><title value="IHE Pharmaceutical Advice Status List"/><generation value="generated"/></page><page><nameUrl value="Bundle-1-1-MedicationTreatmentPlan.html"/><title value="1-1 Medication Treatment Plan document"/><generation value="generated"/></page><page><nameUrl value="Bundle-1-2-MedicationDispense.html"/><title value="1-2 Medication Dispense document"/><generation value="generated"/></page><page><nameUrl value="Bundle-2-1-MedicationList.html"/><title value="2-1 Medication List document"/><generation value="generated"/></page><page><nameUrl value="Bundle-2-2-PharmaceuticalAdvice.html"/><title value="2-2 Pharmaceutical Advice document"/><generation value="generated"/></page><page><nameUrl value="Bundle-2-3-MedicationTreatmentPlan.html"/><title value="2-3 Medication Treatment Plan document"/><generation value="generated"/></page><page><nameUrl value="Bundle-2-4-MedicationDispense.html"/><title value="2-4 Medication Dispense document"/><generation value="generated"/></page><page><nameUrl value="Bundle-2-5-MedicationTreatmentPlan.html"/><title value="2-5 Medication Treatment Plan document"/><generation value="generated"/></page><page><nameUrl value="Bundle-2-6-MedicationPrescription.html"/><title value="2-6 Medication Prescription document"/><generation value="generated"/></page><page><nameUrl value="Bundle-2-7-MedicationCard.html"/><title value="2-7 Medication Card document"/><generation value="generated"/></page><page><nameUrl value="Bundle-2-7-MedicationCard-UUIDfullUrl.html"/><title value="2-7 Medication Card document (with references/fullUrls as UUIDs)"/><generation value="generated"/></page><page><nameUrl value="Bundle-MedicationCard-DifferentAuthors.html"/><title value="Medication Card document with different authors (document/section/entry)"/><generation value="generated"/></page><page><nameUrl value="Bundle-PharmaceuticalAdvice-ChangeDosage.html"/><title value="Pharmaceutical Advice document to change the dosage"/><generation value="generated"/></page><page><nameUrl value="Composition-1-1-MedicationTreatmentPlan.html"/><title value="1-1 Composition for Medication Treatment Plan document"/><generation value="generated"/></page><page><nameUrl value="Composition-1-2-MedicationDispense.html"/><title value="1-2 Composition for Medication Dispense document"/><generation value="generated"/></page><page><nameUrl value="Composition-2-1-MedicationList.html"/><title value="2-1 Composition for Medication List document"/><generation value="generated"/></page><page><nameUrl value="Composition-2-2-PharmaceuticalAdvice.html"/><title value="2-2 Composition for Pharmaceutical Advice document"/><generation value="generated"/></page><page><nameUrl value="Composition-2-3-MedicationTreatmentPlan.html"/><title value="2-3 Composition for Medication Treatment Plan document"/><generation value="generated"/></page><page><nameUrl value="Composition-2-4-MedicationDispense.html"/><title value="2-4 Composition for Medication Dispense document"/><generation value="generated"/></page><page><nameUrl value="Composition-2-5-MedicationTreatmentPlan.html"/><title value="2-5 Composition for Medication Treatment Plan document"/><generation value="generated"/></page><page><nameUrl value="Composition-2-6-MedicationPrescription.html"/><title value="2-6 Composition for Medication Prescription document"/><generation value="generated"/></page><page><nameUrl value="Composition-2-7-MedicationCard.html"/><title value="2-7 Composition for Medication Card document"/><generation value="generated"/></page><page><nameUrl value="Medication-1-1-Triatec.html"/><title value="1-1 Medication Triatec"/><generation value="generated"/></page><page><nameUrl value="Medication-1-2-Triatec.html"/><title value="1-2 Medication Triatec"/><generation value="generated"/></page><page><nameUrl value="Medication-2-3-Beloczok.html"/><title value="2-3 Medication Beloc Zok"/><generation value="generated"/></page><page><nameUrl value="Medication-2-4-Beloczok.html"/><title value="2-4 Medication Beloc Zok"/><generation value="generated"/></page><page><nameUrl value="Medication-2-5-Norvasc.html"/><title value="2-5 Medication Norvasc"/><generation value="generated"/></page><page><nameUrl value="Medication-2-6-Norvasc.html"/><title value="2-6 Medication Norvasc"/><generation value="generated"/></page><page><nameUrl value="Medication-2-7-Beloczok.html"/><title value="2-7 Medication Beloc Zok"/><generation value="generated"/></page><page><nameUrl value="Medication-2-7-Norvasc.html"/><title value="2-7 Medication Norvasc"/><generation value="generated"/></page><page><nameUrl value="Medication-TriatecWithLocalCodes.html"/><title value="Triatec with local Codes"/><generation value="generated"/></page><page><nameUrl value="Medication-MedicationWithTwoIngredients.html"/><title value="Medication with 2 Ingredients"/><generation value="generated"/></page><page><nameUrl value="MedicationDispense-1-2-MedDispTriatec.html"/><title value="1-2 Medication Dispense with Medication Triatec"/><generation value="generated"/></page><page><nameUrl value="MedicationDispense-2-4-MedDispBeloczok.html"/><title value="1-2 Medication Dispense with Medication Beloc Zok"/><generation value="generated"/></page><page><nameUrl value="MedicationRequest-2-6-MedReqNorvasc.html"/><title value="2-6 Medication Request with Medication Norvasc"/><generation value="generated"/></page><page><nameUrl value="MedicationStatement-1-1-MedStatTriatec.html"/><title value="1-1 Medication Statement with Medication Triatec"/><generation value="generated"/></page><page><nameUrl value="MedicationStatement-2-3-MedStatBeloczok.html"/><title value="2-3 Medication Statement with Medication Beloc Zok"/><generation value="generated"/></page><page><nameUrl value="MedicationStatement-2-5-MedStatNorvasc.html"/><title value="2-5 Medication Statement with Medication Norvasc"/><generation value="generated"/></page><page><nameUrl value="MedicationStatement-2-7-MedStatBeloczok.html"/><title value="2-7 Medication Statement with Medication Beloc Zok"/><generation value="generated"/></page><page><nameUrl value="MedicationStatement-2-7-MedStatNorvasc.html"/><title value="2-7 Medication Statement with Medication Norvasc"/><generation value="generated"/></page><page><nameUrl value="MedicationStatement-NotRecommendedTimingCodes.html"/><title value="Medication Statement with NOT recommended timing codes"/><generation value="generated"/></page><page><nameUrl value="Observation-2-2-PharmaceuticalAdvice.html"/><title value="2-2 Observation for Pharmaceutical Advice document"/><generation value="generated"/></page><page><nameUrl value="Practitioner-FamilienHausarzt.html"/><title value="Familien Hausarzt"/><generation value="generated"/></page><page><nameUrl value="Binary-2-6-pdf.html"/><title value="2-6 PDF as original representation of the Medication Prescription document"/><generation value="generated"/></page><page><nameUrl value="Binary-2-7-pdf.html"/><title value="2-7 PDF as original representation of the Medication Card document"/><generation value="generated"/></page><page><nameUrl value="Organization-Custodian.html"/><title value="Custodian"/><generation value="generated"/></page><page><nameUrl value="Organization-Hausarzt.html"/><title value="Hausarzt"/><generation value="generated"/></page><page><nameUrl value="Patient-MonikaWegmueller.html"/><title value="Monika Wegmueller"/><generation value="generated"/></page><page><nameUrl value="Patient-MonikaWegmuellerRecipient.html"/><title value="Monika Wegmueller as Information Recipient"/><generation value="generated"/></page></page></page><parameter><code value="path-pages"/><value value="input/pages"/></parameter><parameter><code value="path-resource"/><value value="input/capabilities"/></parameter><parameter><code value="path-resource"/><value value="input/examples"/></parameter><parameter><code value="path-resource"/><value value="input/extensions"/></parameter><parameter><code value="path-resource"/><value value="input/models"/></parameter><parameter><code value="path-resource"/><value value="input/operations"/></parameter><parameter><code value="path-resource"/><value value="input/profiles"/></parameter><parameter><code value="path-resource"/><value value="input/resources"/></parameter><parameter><code value="path-resource"/><value value="input/vocabulary"/></parameter><parameter><code value="path-resource"/><value value="input/maps"/></parameter><parameter><code value="path-resource"/><value value="input/testing"/></parameter><parameter><code value="path-resource"/><value value="input/history"/></parameter><parameter><code value="path-resource"/><value value="fsh-generated/resources"/></parameter><parameter><code value="path-pages"/><value value="template/config"/></parameter><parameter><code value="path-pages"/><value value="input/images"/></parameter><parameter><code value="path-tx-cache"/><value value="input-cache/txcache"/></parameter></definition></ImplementationGuide>