<?xml version="1.0" encoding="UTF-8"?>

<CodeSystem xmlns="http://hl7.org/fhir">
  <id value="v3-TimingEvent"/>
  <meta>
    <source value="https://art-decor.org/fhir/ValueSet/2.16.756.5.30.1.127.77.4.11.2--20200710002808"/>
  </meta>
  <text>
    <status value="generated"/><div xmlns="http://www.w3.org/1999/xhtml"><p>This code system <code>http://fhir.ch/ig/ch-emed/CodeSystem/v3-TimingEvent</code> defines displays on the following codes:</p><table class="codes"><tr><td style="white-space:nowrap"><b>Code</b></td><td><b>Display</b></td></tr><tr><td><a style="white-space:nowrap" href="http://terminology.hl7.org/5.1.0/CodeSystem-v3-TimingEvent.html#v3-TimingEvent-AC">AC</a><a name="v3-TimingEvent-AC"> </a></td><td>Before the meal</td></tr><tr><td><a style="white-space:nowrap" href="http://terminology.hl7.org/5.1.0/CodeSystem-v3-TimingEvent.html#v3-TimingEvent-HS">HS</a><a name="v3-TimingEvent-HS"> </a></td><td>Before sleep</td></tr><tr><td><a style="white-space:nowrap" href="http://terminology.hl7.org/5.1.0/CodeSystem-v3-TimingEvent.html#v3-TimingEvent-ACD">ACD</a><a name="v3-TimingEvent-ACD"> </a></td><td>Before lunch</td></tr><tr><td><a style="white-space:nowrap" href="http://terminology.hl7.org/5.1.0/CodeSystem-v3-TimingEvent.html#v3-TimingEvent-ACM">ACM</a><a name="v3-TimingEvent-ACM"> </a></td><td>Before breakfast</td></tr><tr><td><a style="white-space:nowrap" href="http://terminology.hl7.org/5.1.0/CodeSystem-v3-TimingEvent.html#v3-TimingEvent-ACV">ACV</a><a name="v3-TimingEvent-ACV"> </a></td><td>Before dinner</td></tr><tr><td><a style="white-space:nowrap" href="http://terminology.hl7.org/5.1.0/CodeSystem-v3-TimingEvent.html#v3-TimingEvent-C">C</a><a name="v3-TimingEvent-C"> </a></td><td>During meals</td></tr><tr><td><a style="white-space:nowrap" href="http://terminology.hl7.org/5.1.0/CodeSystem-v3-TimingEvent.html#v3-TimingEvent-CD">CD</a><a name="v3-TimingEvent-CD"> </a></td><td>During lunch</td></tr><tr><td><a style="white-space:nowrap" href="http://terminology.hl7.org/5.1.0/CodeSystem-v3-TimingEvent.html#v3-TimingEvent-CM">CM</a><a name="v3-TimingEvent-CM"> </a></td><td>During breakfast</td></tr><tr><td><a style="white-space:nowrap" href="http://terminology.hl7.org/5.1.0/CodeSystem-v3-TimingEvent.html#v3-TimingEvent-CV">CV</a><a name="v3-TimingEvent-CV"> </a></td><td>During dinner</td></tr><tr><td><a style="white-space:nowrap" href="http://terminology.hl7.org/5.1.0/CodeSystem-v3-TimingEvent.html#v3-TimingEvent-PC">PC</a><a name="v3-TimingEvent-PC"> </a></td><td>After the meal</td></tr><tr><td><a style="white-space:nowrap" href="http://terminology.hl7.org/5.1.0/CodeSystem-v3-TimingEvent.html#v3-TimingEvent-PCD">PCD</a><a name="v3-TimingEvent-PCD"> </a></td><td>After lunch</td></tr><tr><td><a style="white-space:nowrap" href="http://terminology.hl7.org/5.1.0/CodeSystem-v3-TimingEvent.html#v3-TimingEvent-PCM">PCM</a><a name="v3-TimingEvent-PCM"> </a></td><td>After breakfast</td></tr><tr><td><a style="white-space:nowrap" href="http://terminology.hl7.org/5.1.0/CodeSystem-v3-TimingEvent.html#v3-TimingEvent-PCV">PCV</a><a name="v3-TimingEvent-PCV"> </a></td><td>After dinner</td></tr><tr><td><a style="white-space:nowrap" href="http://terminology.hl7.org/5.1.0/CodeSystem-v3-TimingEvent.html#v3-TimingEvent-WAKE">WAKE</a><a name="v3-TimingEvent-WAKE"> </a></td><td>Upon waking up</td></tr></table><p><b>Additional Language Displays</b></p><table class="codes"><tr><td><b>Code</b></td><td><b>Deutsch (Schweiz) (German (Switzerland), de)</b></td><td><b>English (United States) (English (United States), en)</b></td><td><b>French (Switzerland) (fr)</b></td><td><b>Italian (Switzerland) (it)</b></td><td><b>rm</b></td></tr><tr><td>AC</td><td>Vor der Mahlzeit</td><td>Before the meal</td><td>Avant le repas</td><td>Prima del pasto</td><td>Avant il past</td></tr><tr><td>HS</td><td>Vor dem Schlafengehen</td><td>Before sleep</td><td>Avant le coucher</td><td>Prima di andare a dormire</td><td>Avant che ir a durmir</td></tr><tr><td>ACD</td><td>Vor dem Mittagessen</td><td>Before lunch</td><td>Avant le repas de midi</td><td>Prima di pranzo</td><td>Avant gentar</td></tr><tr><td>ACM</td><td>Vor dem Frühstück</td><td>Before breakfast</td><td>Avant le petit-déjeuner</td><td>Prima di colazione</td><td>Avant ensolver</td></tr><tr><td>ACV</td><td>Vor dem Abendessen</td><td>Before dinner</td><td>Avant le repas du soir</td><td>Prima di cena</td><td>Avant tschaina</td></tr><tr><td>C</td><td>Während der Mahlzeit</td><td>During meals</td><td>Pendant le repas</td><td>Durante il pasto</td><td>Durant il past</td></tr><tr><td>CD</td><td>Während des Mittagessens</td><td>During lunch</td><td>Pendant le repas de midi</td><td>Durante il pranzo</td><td>Durant gentar</td></tr><tr><td>CM</td><td>Während des Frühstücks</td><td>During breakfast</td><td>Pendant le petit-déjeuner</td><td>Durante la prima colazione</td><td>Durant ensolver</td></tr><tr><td>CV</td><td>Während des Abendessens</td><td>During dinner</td><td>Pendant le repas du soir</td><td>Durante la cena</td><td>Durant tschaina</td></tr><tr><td>PC</td><td>Nach dem Essen</td><td>After the meal</td><td>Après le repas</td><td>Dopo il pasto</td><td>Suenter il past</td></tr><tr><td>PCD</td><td>Nach dem Mittagessen</td><td>After lunch</td><td>Après le repas de midi</td><td>Dopo pranzo</td><td>Suenter gentar</td></tr><tr><td>PCM</td><td>Nach dem Frühstück</td><td>After breakfast</td><td>Après le petit-déjeuner</td><td>Dopo la prima colazione</td><td>Suenter ensolver</td></tr><tr><td>PCV</td><td>Nach dem Abendessen</td><td>After dinner</td><td>Après le repas du soir</td><td>Dopo cena</td><td>Suenter tschaina</td></tr><tr><td>WAKE</td><td>Beim Aufwachen</td><td>Upon waking up</td><td>Au réveil</td><td>Al risveglio</td><td>Cun sa dasdar</td></tr></table></div>
  </text>
  <url value="http://fhir.ch/ig/ch-emed/CodeSystem/v3-TimingEvent"/>
  <version value="4.0.0-ballot"/>
  <name value="TimingEvent"/>
  <title value="TimingEvent"/>
  <status value="active"/>
  <experimental value="false"/>
  <date value="2021-05-26"/>
  <publisher value="HL7 Switzerland"/>
  <contact>
    <name value="HL7 Switzerland"/>
    <telecom>
      <system value="url"/>
      <value value="https://www.hl7.ch/"/>
    </telecom>
  </contact>
  <contact>
    <name value="HL7 Switzerland"/>
    <telecom>
      <system value="url"/>
      <value value="https://www.hl7.ch/"/>
      <use value="work"/>
    </telecom>
  </contact>
  <description value="Translations of concepts for v3-TimingEvent"/>
  <jurisdiction>
    <coding>
      <system value="urn:iso:std:iso:3166"/>
      <code value="CH"/>
    </coding>
  </jurisdiction>
  <copyright value="CC0-1.0"/>
  <content value="supplement"/>
  <supplements value="http://terminology.hl7.org/CodeSystem/v3-TimingEvent"/>
  <concept>
    <code value="AC"/>
    <display value="Before the meal"/>
    <designation>
      <language value="de-CH"/>
      <value value="Vor der Mahlzeit"/>
    </designation>
    <designation>
      <language value="fr-CH"/>
      <value value="Avant le repas"/>
    </designation>
    <designation>
      <language value="it-CH"/>
      <value value="Prima del pasto"/>
    </designation>
    <designation>
      <language value="rm-CH"/>
      <value value="Avant il past"/>
    </designation>
    <designation>
      <language value="en-US"/>
      <value value="Before the meal"/>
    </designation>
  </concept>
  <concept>
    <code value="HS"/>
    <display value="Before sleep"/>
    <designation>
      <language value="de-CH"/>
      <value value="Vor dem Schlafengehen"/>
    </designation>
    <designation>
      <language value="fr-CH"/>
      <value value="Avant le coucher"/>
    </designation>
    <designation>
      <language value="it-CH"/>
      <value value="Prima di andare a dormire"/>
    </designation>
    <designation>
      <language value="rm-CH"/>
      <value value="Avant che ir a durmir"/>
    </designation>
    <designation>
      <language value="en-US"/>
      <value value="Before sleep"/>
    </designation>
  </concept>
  <concept>
    <code value="ACD"/>
    <display value="Before lunch"/>
    <designation>
      <language value="de-CH"/>
      <value value="Vor dem Mittagessen"/>
    </designation>
    <designation>
      <language value="fr-CH"/>
      <value value="Avant le repas de midi"/>
    </designation>
    <designation>
      <language value="it-CH"/>
      <value value="Prima di pranzo"/>
    </designation>
    <designation>
      <language value="rm-CH"/>
      <value value="Avant gentar"/>
    </designation>
    <designation>
      <language value="en-US"/>
      <value value="Before lunch"/>
    </designation>
  </concept>
  <concept>
    <code value="ACM"/>
    <display value="Before breakfast"/>
    <designation>
      <language value="de-CH"/>
      <value value="Vor dem Frühstück"/>
    </designation>
    <designation>
      <language value="fr-CH"/>
      <value value="Avant le petit-déjeuner"/>
    </designation>
    <designation>
      <language value="it-CH"/>
      <value value="Prima di colazione"/>
    </designation>
    <designation>
      <language value="rm-CH"/>
      <value value="Avant ensolver"/>
    </designation>
    <designation>
      <language value="en-US"/>
      <value value="Before breakfast"/>
    </designation>
  </concept>
  <concept>
    <code value="ACV"/>
    <display value="Before dinner"/>
    <designation>
      <language value="de-CH"/>
      <value value="Vor dem Abendessen"/>
    </designation>
    <designation>
      <language value="fr-CH"/>
      <value value="Avant le repas du soir"/>
    </designation>
    <designation>
      <language value="it-CH"/>
      <value value="Prima di cena"/>
    </designation>
    <designation>
      <language value="rm-CH"/>
      <value value="Avant tschaina"/>
    </designation>
    <designation>
      <language value="en-US"/>
      <value value="Before dinner"/>
    </designation>
  </concept>
  <concept>
    <code value="C"/>
    <display value="During meals"/>
    <designation>
      <language value="de-CH"/>
      <value value="Während der Mahlzeit"/>
    </designation>
    <designation>
      <language value="fr-CH"/>
      <value value="Pendant le repas"/>
    </designation>
    <designation>
      <language value="it-CH"/>
      <value value="Durante il pasto"/>
    </designation>
    <designation>
      <language value="rm-CH"/>
      <value value="Durant il past"/>
    </designation>
    <designation>
      <language value="en-US"/>
      <value value="During meals"/>
    </designation>
  </concept>
  <concept>
    <code value="CD"/>
    <display value="During lunch"/>
    <designation>
      <language value="de-CH"/>
      <value value="Während des Mittagessens"/>
    </designation>
    <designation>
      <language value="fr-CH"/>
      <value value="Pendant le repas de midi"/>
    </designation>
    <designation>
      <language value="it-CH"/>
      <value value="Durante il pranzo"/>
    </designation>
    <designation>
      <language value="rm-CH"/>
      <value value="Durant gentar"/>
    </designation>
    <designation>
      <language value="en-US"/>
      <value value="During lunch"/>
    </designation>
  </concept>
  <concept>
    <code value="CM"/>
    <display value="During breakfast"/>
    <designation>
      <language value="de-CH"/>
      <value value="Während des Frühstücks"/>
    </designation>
    <designation>
      <language value="fr-CH"/>
      <value value="Pendant le petit-déjeuner"/>
    </designation>
    <designation>
      <language value="it-CH"/>
      <value value="Durante la prima colazione"/>
    </designation>
    <designation>
      <language value="rm-CH"/>
      <value value="Durant ensolver"/>
    </designation>
    <designation>
      <language value="en-US"/>
      <value value="During breakfast"/>
    </designation>
  </concept>
  <concept>
    <code value="CV"/>
    <display value="During dinner"/>
    <designation>
      <language value="de-CH"/>
      <value value="Während des Abendessens"/>
    </designation>
    <designation>
      <language value="fr-CH"/>
      <value value="Pendant le repas du soir"/>
    </designation>
    <designation>
      <language value="it-CH"/>
      <value value="Durante la cena"/>
    </designation>
    <designation>
      <language value="rm-CH"/>
      <value value="Durant tschaina"/>
    </designation>
    <designation>
      <language value="en-US"/>
      <value value="During dinner"/>
    </designation>
  </concept>
  <concept>
    <code value="PC"/>
    <display value="After the meal"/>
    <designation>
      <language value="de-CH"/>
      <value value="Nach dem Essen"/>
    </designation>
    <designation>
      <language value="fr-CH"/>
      <value value="Après le repas"/>
    </designation>
    <designation>
      <language value="it-CH"/>
      <value value="Dopo il pasto"/>
    </designation>
    <designation>
      <language value="rm-CH"/>
      <value value="Suenter il past"/>
    </designation>
    <designation>
      <language value="en-US"/>
      <value value="After the meal"/>
    </designation>
  </concept>
  <concept>
    <code value="PCD"/>
    <display value="After lunch"/>
    <designation>
      <language value="de-CH"/>
      <value value="Nach dem Mittagessen"/>
    </designation>
    <designation>
      <language value="fr-CH"/>
      <value value="Après le repas de midi"/>
    </designation>
    <designation>
      <language value="it-CH"/>
      <value value="Dopo pranzo"/>
    </designation>
    <designation>
      <language value="rm-CH"/>
      <value value="Suenter gentar"/>
    </designation>
    <designation>
      <language value="en-US"/>
      <value value="After lunch"/>
    </designation>
  </concept>
  <concept>
    <code value="PCM"/>
    <display value="After breakfast"/>
    <designation>
      <language value="de-CH"/>
      <value value="Nach dem Frühstück"/>
    </designation>
    <designation>
      <language value="fr-CH"/>
      <value value="Après le petit-déjeuner"/>
    </designation>
    <designation>
      <language value="it-CH"/>
      <value value="Dopo la prima colazione"/>
    </designation>
    <designation>
      <language value="rm-CH"/>
      <value value="Suenter ensolver"/>
    </designation>
    <designation>
      <language value="en-US"/>
      <value value="After breakfast"/>
    </designation>
  </concept>
  <concept>
    <code value="PCV"/>
    <display value="After dinner"/>
    <designation>
      <language value="de-CH"/>
      <value value="Nach dem Abendessen"/>
    </designation>
    <designation>
      <language value="fr-CH"/>
      <value value="Après le repas du soir"/>
    </designation>
    <designation>
      <language value="it-CH"/>
      <value value="Dopo cena"/>
    </designation>
    <designation>
      <language value="rm-CH"/>
      <value value="Suenter tschaina"/>
    </designation>
    <designation>
      <language value="en-US"/>
      <value value="After dinner"/>
    </designation>
  </concept>
  <concept>
    <code value="WAKE"/>
    <display value="Upon waking up"/>
    <designation>
      <language value="de-CH"/>
      <value value="Beim Aufwachen"/>
    </designation>
    <designation>
      <language value="fr-CH"/>
      <value value="Au réveil"/>
    </designation>
    <designation>
      <language value="it-CH"/>
      <value value="Al risveglio"/>
    </designation>
    <designation>
      <language value="rm-CH"/>
      <value value="Cun sa dasdar"/>
    </designation>
    <designation>
      <language value="en-US"/>
      <value value="Upon waking up"/>
    </designation>
  </concept>
</CodeSystem>