<?xml version="1.0" encoding="UTF-8"?><CodeSystem xmlns="http://hl7.org/fhir"><id value="nkrs-pm"/><text><status value="generated"/><div xmlns="http://www.w3.org/1999/xhtml"><h2>NKRS - pM</h2><div><p>The data item records the absence or presence of distant metastasis, based on pathological evidence after completion of surgical therapy or microscopic examination of metastasis.           <strong>pM (Variable number: 4.13)</strong> in          &#39;NATIONAL CANCER DATA DICTIONARY, V 1.1, Part A, BASIC VARIABLES for Adults, Adolescents, and Children&#39; see           <a href="https://www.nkrs.ch">Nationale Krebsregistrierungsstelle</a> &gt; Partner im Gesundheitswesen &gt;         <a href="https://www.nicer.org/assets/files/krebsregistrierung/datadictionary_e-g-f-i.zip">Information, Grundlagen und Datenstruktur zum KRG</a>.</p>
</div><p>This code system http://fhir.ch/ig/ch-crl/CodeSystem/nkrs-pm defines the following codes:</p><table class="codes"><tr><td style="white-space:nowrap"><b>Code</b></td><td><b>Display</b></td><td><b>Definition</b></td></tr><tr><td style="white-space:nowrap">0<a name="nkrs-pm-0"> </a></td><td>M0</td><td/></tr><tr><td style="white-space:nowrap">0i+<a name="nkrs-pm-0i.43"> </a></td><td>M0i+</td><td/></tr><tr><td style="white-space:nowrap">0i-<a name="nkrs-pm-0i-"> </a></td><td>M0i-</td><td/></tr><tr><td style="white-space:nowrap">0mol+<a name="nkrs-pm-0mol.43"> </a></td><td>M0mol+</td><td/></tr><tr><td style="white-space:nowrap">0mol-<a name="nkrs-pm-0mol-"> </a></td><td>M0mol-</td><td/></tr><tr><td style="white-space:nowrap">1<a name="nkrs-pm-1"> </a></td><td>M1</td><td/></tr><tr><td style="white-space:nowrap">1a<a name="nkrs-pm-1a"> </a></td><td>M1a</td><td/></tr><tr><td style="white-space:nowrap">1a(0)<a name="nkrs-pm-1a.400.41"> </a></td><td>M1a(0)</td><td/></tr><tr><td style="white-space:nowrap">1a(1)<a name="nkrs-pm-1a.401.41"> </a></td><td>M1a(1)</td><td/></tr><tr><td style="white-space:nowrap">1b(0)<a name="nkrs-pm-1b.400.41"> </a></td><td>M1b(0)</td><td/></tr><tr><td style="white-space:nowrap">1b(1)<a name="nkrs-pm-1b.401.41"> </a></td><td>M1b(1)</td><td/></tr><tr><td style="white-space:nowrap">1c(0)<a name="nkrs-pm-1c.400.41"> </a></td><td>M1c(0)</td><td/></tr><tr><td style="white-space:nowrap">1c(1)<a name="nkrs-pm-1c.401.41"> </a></td><td>M1c(1)</td><td/></tr><tr><td style="white-space:nowrap">1d(0)<a name="nkrs-pm-1d.400.41"> </a></td><td>M1d(0)</td><td/></tr><tr><td style="white-space:nowrap">1d(1)<a name="nkrs-pm-1d.401.41"> </a></td><td>M1d(1)</td><td/></tr><tr><td style="white-space:nowrap">1b<a name="nkrs-pm-1b"> </a></td><td>M1b</td><td/></tr><tr><td style="white-space:nowrap">1c<a name="nkrs-pm-1c"> </a></td><td>M1c</td><td/></tr><tr><td style="white-space:nowrap">1d<a name="nkrs-pm-1d"> </a></td><td>M1d</td><td/></tr></table></div></text><url value="http://fhir.ch/ig/ch-crl/CodeSystem/nkrs-pm"/><version value="0.2.0"/><name value="NkrspM"/><title value="NKRS - pM"/><status value="draft"/><date value="2019-11-08T00:00:00+01:00"/><publisher value="NKRS - Nationale Krebsregistrierungsstelle"/><contact><name value="Foundation National Institute for Cancer Epidemiology and Registration (NICER)"/><telecom><system value="url"/><value value="https://www.nicer.org/"/></telecom></contact><description value="The data item records the absence or presence of distant metastasis, based on pathological evidence after completion of surgical therapy or microscopic examination of metastasis.           **pM (Variable number: 4.13)** in          \&#39;NATIONAL CANCER DATA DICTIONARY, V 1.1, Part A, BASIC VARIABLES for Adults, Adolescents, and Children\&#39; see           [Nationale Krebsregistrierungsstelle](https://www.nkrs.ch) &gt; Partner im Gesundheitswesen &gt;         [Information, Grundlagen und Datenstruktur zum KRG](https://www.nicer.org/assets/files/krebsregistrierung/datadictionary_e-g-f-i.zip)."/><caseSensitive value="true"/><valueSet value="http://fhir.ch/ig/ch-crl/ValueSet/nkrs-pm"/><content value="complete"/><concept><code value="0"/><display value="M0"/></concept><concept><code value="0i+"/><display value="M0i+"/></concept><concept><code value="0i-"/><display value="M0i-"/></concept><concept><code value="0mol+"/><display value="M0mol+"/></concept><concept><code value="0mol-"/><display value="M0mol-"/></concept><concept><code value="1"/><display value="M1"/></concept><concept><code value="1a"/><display value="M1a"/></concept><concept><code value="1a(0)"/><display value="M1a(0)"/></concept><concept><code value="1a(1)"/><display value="M1a(1)"/></concept><concept><code value="1b(0)"/><display value="M1b(0)"/></concept><concept><code value="1b(1)"/><display value="M1b(1)"/></concept><concept><code value="1c(0)"/><display value="M1c(0)"/></concept><concept><code value="1c(1)"/><display value="M1c(1)"/></concept><concept><code value="1d(0)"/><display value="M1d(0)"/></concept><concept><code value="1d(1)"/><display value="M1d(1)"/></concept><concept><code value="1b"/><display value="M1b"/></concept><concept><code value="1c"/><display value="M1c"/></concept><concept><code value="1d"/><display value="M1d"/></concept></CodeSystem>