<?xml version="1.0" encoding="UTF-8"?><ValueSet xmlns="http://hl7.org/fhir"><id value="nkrs-lymphaticinvasion"/><text><status value="generated"/><div xmlns="http://www.w3.org/1999/xhtml"><h2>NKRS - Lymphatic Invasion</h2><div><p>The data item indicates the presence or absence of tumour cells in lymphatic vessels within and at the margins of the primary tumour, as well as afferent and efferent lymphatics, as noted microscopically by the pathologist.</p>
</div><p>This value set includes codes from the following code systems:</p><ul><li>Include all codes defined in <a href="CodeSystem-nkrs-lymphaticinvasion.html"><code>http://fhir.ch/ig/ch-crl/CodeSystem/nkrs-lymphaticinvasion</code></a></li></ul></div></text><url value="http://fhir.ch/ig/ch-crl/ValueSet/nkrs-lymphaticinvasion"/><version value="0.2.0"/><name value="NkrsLymphaticInvasion"/><title value="NKRS - Lymphatic Invasion"/><status value="draft"/><date value="2019-11-08T00:00:00+01:00"/><publisher value="NKRS - Nationale Krebsregistrierungsstelle"/><contact><name value="Foundation National Institute for Cancer Epidemiology and Registration (NICER)"/><telecom><system value="url"/><value value="https://www.nicer.org/"/></telecom></contact><description value="The data item indicates the presence or absence of tumour cells in lymphatic vessels within and at the margins of the primary tumour, as well as afferent and efferent lymphatics, as noted microscopically by the pathologist."/><compose><include><system value="http://fhir.ch/ig/ch-crl/CodeSystem/nkrs-lymphaticinvasion"/></include></compose></ValueSet>