<?xml version="1.0" encoding="UTF-8"?><ValueSet xmlns="http://hl7.org/fhir"><id value="nkrs-pt"/><text><status value="generated"/><div xmlns="http://www.w3.org/1999/xhtml"><h2>NKRS - pT</h2><div><p>This data item records the extent of the primary tumour based on pathological (histological) evidence after completion of surgical therapy.</p>
</div><p>This value set includes codes from the following code systems:</p><ul><li>Include all codes defined in <a href="CodeSystem-nkrs-pt.html"><code>http://fhir.ch/ig/ch-crl/CodeSystem/nkrs-pt</code></a></li></ul></div></text><url value="http://fhir.ch/ig/ch-crl/ValueSet/nkrs-pt"/><version value="0.2.0"/><name value="NkrspT"/><title value="NKRS - pT"/><status value="draft"/><date value="2019-11-08T00:00:00+01:00"/><publisher value="NKRS - Nationale Krebsregistrierungsstelle"/><contact><name value="Foundation National Institute for Cancer Epidemiology and Registration (NICER)"/><telecom><system value="url"/><value value="https://www.nicer.org/"/></telecom></contact><description value="This data item records the extent of the primary tumour based on pathological (histological) evidence after completion of surgical therapy."/><compose><include><system value="http://fhir.ch/ig/ch-crl/CodeSystem/nkrs-pt"/></include></compose></ValueSet>