<?xml version="1.0" encoding="UTF-8"?>

<CapabilityStatement xmlns="http://hl7.org/fhir">
  <id value="CH.EPR.App"/>
  <text>
    <status value="extensions"/><div xmlns="http://www.w3.org/1999/xhtml"><p class="res-header-id"><b>Generated Narrative: CapabilityStatement CH.EPR.App</b></p><a name="CH.EPR.App"> </a><a name="hcCH.EPR.App"> </a><a name="CH.EPR.App-en-US"> </a><h2 id="title">EPR App (client)</h2><ul><li>Implementation Guide Version: 4.0.1-ballot-2 </li><li>FHIR Version: 4.0.1 </li><li>Supported Formats: <code>application/fhir+xml</code>, <code>application/fhir+json</code></li><li>Supported Patch Formats: </li><li>Published on: 2020-07-08 </li><li>Published by: eHealth Suisse </li></ul><blockquote class="impl-note"><p><strong>Note to Implementers: FHIR Capabilities</strong></p><p>Any FHIR capability may be 'allowed' by the system unless explicitly marked as 'SHALL NOT'. A few items are marked as MAY in the Implementation Guide to highlight their potential relevance to the use case.</p></blockquote><p>This CapabilityStatement imports these CapabilityStatements <a href="CapabilityStatement-CH.PDQm.Consumer.html">PDQm Consumer (client)</a>, <a href="CapabilityStatement-CH.PIXm.Consumer.html">PIXm Patient Identifier Cross-Reference Consumer (client)</a>, <a href="CapabilityStatement-CH.PIXm.Source.html">PIXm Patient Identity Source (client)</a>, <a href="CapabilityStatement-CH.MHD.DocumentSource.html">MHD Document Source (client)</a>, <a href="CapabilityStatement-CH.MHD.DocumentConsumer.html">MHD Document Consumer (client)</a>, <a href="CapabilityStatement-CH.mCSD.CareServicesSelectiveConsumer.html">mCSD Care Services Selective Consumer (client)</a>, <a href="CapabilityStatement-CH.mCSD.CareServicesSource.html">mCSD Care Services Source (client)</a>, <a href="CapabilityStatement-CH.PPQm.PolicySourceConsumer.html">PPQm Policy Source and Consumer (client)</a>, <a href="CapabilityStatement-CH.ATNA.AuditCreator.html">ATNA Audit Creator (client)</a></p><h2 id="rest">FHIR RESTful Capabilities</h2><div class="panel panel-default"><div class="panel-heading"><h3 id="mode1" class="panel-title">Mode: <code>client</code></h3></div><div class="panel-body"><div class="lead"><em>Summary of System-wide Interactions</em></div></div></div></div>
  </text>
  <url value="http://fhir.ch/ig/ch-epr-fhir/CapabilityStatement/CH.EPR.App"/>
  <version value="4.0.1-ballot-2"/>
  <name value="CH_EPR_App"/>
  <title value="EPR App (client)"/>
  <status value="draft"/>
  <date value="2020-07-08"/>
  <publisher value="eHealth Suisse"/>
  <contact>
    <name value="eHealth Suisse"/>
    <telecom>
      <system value="url"/>
      <value value="https://www.e-health-suisse.ch"/>
    </telecom>
  </contact>
  <description value="CapabilityStatement for EPR App (client)."/>
  <jurisdiction>
    <coding>
      <system value="urn:iso:std:iso:3166"/>
      <code value="CH"/>
    </coding>
  </jurisdiction>
  <copyright value="CC0-1.0"/>
  <kind value="requirements"/>
  <imports value="http://fhir.ch/ig/ch-epr-fhir/CapabilityStatement/CH.PDQm.Consumer"/>
  <imports value="http://fhir.ch/ig/ch-epr-fhir/CapabilityStatement/CH.PIXm.Consumer"/>
  <imports value="http://fhir.ch/ig/ch-epr-fhir/CapabilityStatement/CH.PIXm.Source"/>
  <imports value="http://fhir.ch/ig/ch-epr-fhir/CapabilityStatement/CH.MHD.DocumentSource"/>
  <imports value="http://fhir.ch/ig/ch-epr-fhir/CapabilityStatement/CH.MHD.DocumentConsumer"/>
  <imports value="http://fhir.ch/ig/ch-epr-fhir/CapabilityStatement/CH.mCSD.CareServicesSelectiveConsumer"/>
  <imports value="http://fhir.ch/ig/ch-epr-fhir/CapabilityStatement/CH.mCSD.CareServicesSource"/>
  <imports value="http://fhir.ch/ig/ch-epr-fhir/CapabilityStatement/CH.PPQm.PolicySourceConsumer"/>
  <imports value="http://fhir.ch/ig/ch-epr-fhir/CapabilityStatement/CH.ATNA.AuditCreator"/>
  <fhirVersion value="4.0.1"/>
  <format value="application/fhir+xml"/>
  <format value="application/fhir+json"/>
  <rest>
    <mode value="client"/>
  </rest>
</CapabilityStatement>