<?xml version="1.0" encoding="UTF-8"?>

<DocumentReference xmlns="http://hl7.org/fhir">
  <id value="2-7-DocRefMedicationCard"/>
  <meta>
    <profile value="http://fhir.ch/ig/ch-epr-mhealth/StructureDefinition/ch-mhd-documentreference-comprehensive"/>
    <profile value="http://profiles.ihe.net/ITI/MHD/StructureDefinition/IHE.MHD.Comprehensive.DocumentReference"/>
  </meta>
  <text>
    <status value="extensions"/><div xmlns="http://www.w3.org/1999/xhtml"><p><b>Generated Narrative</b></p><div style="display: inline-block; background-color: #d9e0e7; padding: 6px; margin: 4px; border: 1px solid #8da1b4; border-radius: 5px; line-height: 60%"><p style="margin-bottom: 0px">Resource "2-7-DocRefMedicationCard" </p><p style="margin-bottom: 0px">Profiles: <a href="StructureDefinition-ch-mhd-documentreference-comprehensive.html">CH MHD DocumentReference Comprehensive</a>, <a href="http://profiles.ihe.net/ITI/MHD/4.0.2/StructureDefinition-IHE.MHD.Comprehensive.DocumentReference.html">MHD DocumentReference Comprehensive</a></p></div><p><b>CH Extension Deletion Status</b>: deletionNotRequested (Details: http://fhir.ch/ig/ch-epr-mhealth/CodeSystem/ch-ehealth-codesystem-deletionstatus code deletionNotRequested = 'deletionNotRequested', stated as 'null')</p><p><b>CH Extension Author AuthorRole</b>: Healthcare professional (Details: urn:oid:2.16.756.5.30.1.127.3.10.6 code HCP = 'Healthcare professional', stated as 'Healthcare professional')</p><p><b>masterIdentifier</b>: id: urn:oid:1.3.6.1.4.1.12559.11.13.2.1.2951</p><p><b>identifier</b>: id: urn:uuid:50383ae5-49e5-4dea-b0e6-660cb9e7b91f (OFFICIAL)</p><p><b>status</b>: current</p><p><b>type</b>: Medication summary document (record artifact) <span style="background: LightGoldenRodYellow; margin: 4px; border: 1px solid khaki"> (<a href="https://browser.ihtsdotools.org/">SNOMED CT</a>#721912009)</span></p><p><b>category</b>: Summary clinical document (record artifact) <span style="background: LightGoldenRodYellow; margin: 4px; border: 1px solid khaki"> (<a href="https://browser.ihtsdotools.org/">SNOMED CT</a>#422735006)</span></p><p><b>subject</b>: <a href="http://example.org/Patient/FranzMusterNeedsAbsoluteUrl">http://example.org/Patient/FranzMusterNeedsAbsoluteUrl</a></p><p><b>date</b>: Jun 29, 2020, 1:58:00 PM</p><p><b>description</b>: 2-7-MedicationCard</p><p><b>securityLabel</b>: Normal (qualifier value) <span style="background: LightGoldenRodYellow; margin: 4px; border: 1px solid khaki"> (<a href="https://browser.ihtsdotools.org/">SNOMED CT</a>#17621005)</span></p><blockquote><p><b>content</b></p><p><b>format</b>: Community Medication List (Details: http://ihe.net/fhir/ihe.formatcode.fhir/CodeSystem/formatcode code urn:ihe:pharm:pml:2013 = 'Pharmacy PML', stated as 'Community Medication List')</p></blockquote><h3>Contexts</h3><table class="grid"><tr><td>-</td><td><b>FacilityType</b></td><td><b>PracticeSetting</b></td><td><b>SourcePatientInfo</b></td></tr><tr><td>*</td><td>General practice premises (environment) <span style="background: LightGoldenRodYellow; margin: 4px; border: 1px solid khaki"> (<a href="https://browser.ihtsdotools.org/">SNOMED CT</a>#264358009)</span></td><td>General medicine (qualifier value) <span style="background: LightGoldenRodYellow; margin: 4px; border: 1px solid khaki"> (<a href="https://browser.ihtsdotools.org/">SNOMED CT</a>#394802001)</span></td><td><a name="1"> </a><blockquote><div style="display: inline-block; background-color: #d9e0e7; padding: 6px; margin: 4px; border: 1px solid #8da1b4; border-radius: 5px; line-height: 60%"><p style="margin-bottom: 0px">Resource "1" </p></div><p><b>identifier</b>: Medical record number: 8734 (USUAL)</p></blockquote></td></tr></table></div>
  </text>
  <contained>
    <Patient>
      <id value="1"/>
      <identifier>
        <use value="usual"/>
        <type>
          <coding>
            <system value="http://terminology.hl7.org/CodeSystem/v2-0203"/>
            <code value="MR"/>
          </coding>
        </type>
        <system value="urn:oid:2.16.756.888888.3.1"/>
        <value value="8734"/>
      </identifier>
    </Patient>
  </contained>
  <extension url="http://fhir.ch/ig/ch-epr-mhealth/StructureDefinition/ch-ext-deletionstatus">
    <valueCoding>
      <system value="http://fhir.ch/ig/ch-epr-mhealth/CodeSystem/ch-ehealth-codesystem-deletionstatus"/>
      <code value="deletionNotRequested"/>
    </valueCoding>
  </extension>
  <extension url="http://fhir.ch/ig/ch-epr-mhealth/StructureDefinition/ch-ext-author-authorrole">
    <valueCoding>
      <system value="urn:oid:2.16.756.5.30.1.127.3.10.6"/>
      <code value="HCP"/>
      <display value="Healthcare professional"/>
    </valueCoding>
  </extension>
  <masterIdentifier>
    <system value="urn:ietf:rfc:3986"/>
    <value value="urn:oid:1.3.6.1.4.1.12559.11.13.2.1.2951"/>
  </masterIdentifier>
  <identifier>
    <use value="official"/>
    <system value="urn:ietf:rfc:3986"/>
    <value value="urn:uuid:50383ae5-49e5-4dea-b0e6-660cb9e7b91f"/>
  </identifier>
  <status value="current"/>
  <type>
    <coding>
      <system value="http://snomed.info/sct"/>
      <code value="721912009"/>
      <display value="Medication summary document (record artifact)"/>
    </coding>
  </type>
  <category>
    <coding>
      <system value="http://snomed.info/sct"/>
      <code value="422735006"/>
      <display value="Summary clinical document (record artifact)"/>
    </coding>
  </category>
  <subject>
    <reference value="http://example.org/Patient/FranzMusterNeedsAbsoluteUrl"/>
  </subject>
  <date value="2020-06-29T11:58:00.000+00:00"/>
  <description value="2-7-MedicationCard"/>
  <securityLabel>
    <coding>
      <system value="http://snomed.info/sct"/>
      <code value="17621005"/>
      <display value="Normal (qualifier value)"/>
    </coding>
  </securityLabel>
  <content>
    <attachment>
      <contentType value="text/xml"/>
      <language value="de-CH"/>
      <url value="http://example.com/xdsretrieve?uniqueId=urn:uuid:413eb0f7-aa72-4405-86a4-7793a23fcc27&amp;repositoryUniqueId=2.999.756.42.1"/>
      <title value="Medikationsplan"/>
      <creation value="2020-06-29T11:58:00+00:00"/>
    </attachment>
    <format>
      <system value="http://ihe.net/fhir/ihe.formatcode.fhir/CodeSystem/formatcode"/>
      <code value="urn:ihe:pharm:pml:2013"/>
      <display value="Community Medication List"/>
    </format>
  </content>
  <context>
    <facilityType>
      <coding>
        <system value="http://snomed.info/sct"/>
        <code value="264358009"/>
        <display value="General practice premises (environment)"/>
      </coding>
    </facilityType>
    <practiceSetting>
      <coding>
        <system value="http://snomed.info/sct"/>
        <code value="394802001"/>
        <display value="General medicine (qualifier value)"/>
      </coding>
    </practiceSetting>
    <sourcePatientInfo>
      <reference value="#1"/>
    </sourcePatientInfo>
  </context>
</DocumentReference>