URL,Version,Status,OIDs,Name,Title,Description,Used
http://fhir.ch/ig/ch-elm/CodeSystem/ch-elm-foph-business-rules,1.13.0,active,,ChElmFophBusinessRules,CH ELM FOPH Business Rules,"This CH ELM code system describes specific business rules of the FOPH, which are applied during processing. Please note that the set of rules detailed herein only covers processes explicitly declared by the FOPH. Additional rules, not included in this code system, are applied by the FHIR validation logic, resulting in further codes. For more information about these additional codes, consult the official FHIR documentation and the implementation guideline.",
http://fhir.ch/ig/ch-elm/CodeSystem/ch-elm-foph-patient-name-representation,1.13.0,active,,ChElmFophPatientNameRepresentation,CH ELM FOPH Patient Name Representation,"This CH ELM resource defines the codes which identify possible patient name schemas to be used.",
http://fhir.ch/ig/ch-elm/CodeSystem/ch-elm-interpretation-codes-vs,1.13.0,active,,ChElmInterpretationCodesVs,CH ELM Interpretation Codes Vs,"The codes contained in this code system represent URLs of value sets that can be used as target codes in ConceptMaps. These value sets define the codes that are permitted to indicate the observation interpretation in relation to the leading code.",
http://fhir.ch/ig/ch-elm/CodeSystem/ch-elm-observation-profile-vs,1.13.0,active,,ChElmObservationProfileVs,CH ELM Observation Profile Vs,"The codes contained in this code system represent URLs of Profile Observations that can be used as target codes in ConceptMaps. These profiles defines the Observation in relation to the leading code.",
http://fhir.ch/ig/ch-elm/CodeSystem/ch-elm-results-completion-vs,1.13.0,active,,ChElmResultsCompletionVs,CH ELM Results Completion Vs,"The codes contained in this code system represent URLs of value sets that can be used as target codes in ConceptMaps. These value sets define the codes that are permitted for specifying the organism or specimen in relation to the leading code.",
http://fhir.ch/ig/ch-elm/CodeSystem/ch-elm-results-component-vs,1.13.0,active,,ChElmResultsComponentVs,CH ELM Results Component Vs,"This CH ELM value set includes the value set URLs as codes to map in the concept maps the leading codes.",
urn:oid:2.16.756.5.30.1.129.1.5.1,1.13.0,active,"2.16.756.5.30.1.129.1.5.1",ChElmFophCodeReserve,CH ELM FOPH Code Reserve,"This code system contains proprietary placeholder codes for use in situations of emerging pathogens for which no other code exist.",
