<?xml version="1.0" encoding="UTF-8"?>

<Immunization xmlns="http://hl7.org/fhir">
  <id value="TCD01-IMMUN2-2"/>
  <meta>
    <profile value="http://fhir.ch/ig/ch-vacd/StructureDefinition/ch-vacd-immunization"/>
  </meta>
  <text>
    <status value="extensions"/><div xmlns="http://www.w3.org/1999/xhtml"><p><b>Generated Narrative</b></p><div style="display: inline-block; background-color: #d9e0e7; padding: 6px; margin: 4px; border: 1px solid #8da1b4; border-radius: 5px; line-height: 60%"><p style="margin-bottom: 0px">Resource "TCD01-IMMUN2-2" </p><p style="margin-bottom: 0px">Profile: <a href="StructureDefinition-ch-vacd-immunization.html">CH VACD Immunization Profile</a></p></div><p><b>CH VACD Extension Immunization Recorder Reference</b>: <a href="PractitionerRole-TC-HCP1-ORG1-ROLE-author.html">PractitionerRole/TC-HCP1-ORG1-ROLE-author</a></p><p><b>CH VACD Extension Immunization Medication Reference</b>: <a href="Medication-TC-IMMUN-MEDIC-BOOSTRIX.html">Medication/TC-IMMUN-MEDIC-BOOSTRIX</a></p><blockquote><p><b>CH VACD Extension Merging Conflict Entry Reference</b></p><p><b>value</b>: <a href="Immunization-TCD01-IMMUN3-2.html">Immunization/TCD01-IMMUN3-2</a></p><p><b>value</b>: duplicate</p></blockquote><p><b>identifier</b>: id: urn:uuid:ebcf6de2-ed9c-463c-8b08-cb487af8ce4e</p><p><b>status</b>: completed</p><p><b>vaccineCode</b>: Boostrix <span style="background: LightGoldenRodYellow; margin: 4px; border: 1px solid khaki"> (<a href="CodeSystem-ch-vacd-swissmedic-cs.html">Swiss Medic Authorized Vaccines Codesystem</a>#637)</span></p><p><b>patient</b>: <a href="Patient-TC-patient.html">Patient/TC-patient</a> " WEGMUELLER"</p><p><b>occurrence</b>: 2020-12-09</p><p><b>recorded</b>: 2020-12-09T11:00:00.39+02:00</p><p><b>lotNumber</b>: AHAVB946A</p><p><b>route</b>: Intramuscular use <span style="background: LightGoldenRodYellow; margin: 4px; border: 1px solid khaki"> (standardterms.edqm.eu#20035000)</span></p><h3>Performers</h3><table class="grid"><tr><td>-</td><td><b>Actor</b></td></tr><tr><td>*</td><td><a href="PractitionerRole-TC-HCP1-ORG1-ROLE-performer.html">PractitionerRole/TC-HCP1-ORG1-ROLE-performer</a></td></tr></table><h3>ProtocolApplieds</h3><table class="grid"><tr><td>-</td><td><b>TargetDisease</b></td><td><b>DoseNumber[x]</b></td></tr><tr><td>*</td><td>Tetanus (disorder) <span style="background: LightGoldenRodYellow; margin: 4px; border: 1px solid khaki"> (<a href="https://browser.ihtsdotools.org/">SNOMED CT</a>#76902006)</span>, Pertussis (disorder) <span style="background: LightGoldenRodYellow; margin: 4px; border: 1px solid khaki"> (<a href="https://browser.ihtsdotools.org/">SNOMED CT</a>#27836007)</span>, Diphtheria caused by Corynebacterium diphtheriae (disorder) <span style="background: LightGoldenRodYellow; margin: 4px; border: 1px solid khaki"> (<a href="https://browser.ihtsdotools.org/">SNOMED CT</a>#397430003)</span></td><td>1</td></tr></table></div>
  </text>
  <extension url="http://fhir.ch/ig/ch-vacd/StructureDefinition/ch-vacd-ext-immunization-recorder-reference">
    <valueReference>
      <reference value="PractitionerRole/TC-HCP1-ORG1-ROLE-author"/>
    </valueReference>
  </extension>
  <extension url="http://fhir.ch/ig/ch-vacd/StructureDefinition/ch-vacd-ext-immunization-medication-reference">
    <valueReference>
      <reference value="Medication/TC-IMMUN-MEDIC-BOOSTRIX"/>
    </valueReference>
  </extension>
  <extension url="http://fhir.ch/ig/ch-vacd/StructureDefinition/ch-vacd-ext-merging-conflict-entry-reference">
    <extension url="entry">
      <valueReference>
        <reference value="Immunization/TCD01-IMMUN3-2"/>
      </valueReference>
    </extension>
    <extension url="conflict">
      <valueCode value="duplicate"/>
    </extension>
  </extension>
  <identifier>
    <system value="urn:oid:2.16.756.5.30.1.402.1.3.1.1.1"/>
    <value value="urn:uuid:ebcf6de2-ed9c-463c-8b08-cb487af8ce4e"/>
  </identifier>
  <status value="completed"/>
  <vaccineCode>
    <coding>
      <system value="http://fhir.ch/ig/ch-vacd/CodeSystem/ch-vacd-swissmedic-cs"/>
      <code value="637"/>
      <display value="Boostrix"/>
    </coding>
  </vaccineCode>
  <patient>
    <reference value="Patient/TC-patient"/>
  </patient>
  <occurrenceDateTime value="2020-12-09"/>
  <recorded value="2020-12-09T11:00:00.390+02:00"/>
  <lotNumber value="AHAVB946A"/>
  <route>
    <coding>
      <system value="http://standardterms.edqm.eu"/>
      <code value="20035000"/>
      <display value="Intramuscular use"/>
    </coding>
  </route>
  <performer>
    <actor>
      <reference value="PractitionerRole/TC-HCP1-ORG1-ROLE-performer"/>
    </actor>
  </performer>
  <protocolApplied>
    <targetDisease>
      <coding>
        <system value="http://snomed.info/sct"/>
        <code value="76902006"/>
        <display value="Tetanus (disorder)"/>
      </coding>
    </targetDisease>
    <targetDisease>
      <coding>
        <system value="http://snomed.info/sct"/>
        <code value="27836007"/>
        <display value="Pertussis (disorder)"/>
      </coding>
    </targetDisease>
    <targetDisease>
      <coding>
        <system value="http://snomed.info/sct"/>
        <code value="397430003"/>
        <display value="Diphtheria caused by Corynebacterium diphtheriae (disorder)"/>
      </coding>
    </targetDisease>
    <doseNumberPositiveInt value="1"/>
  </protocolApplied>
</Immunization>