<?xml version="1.0" encoding="UTF-8"?>

<Device xmlns="http://hl7.org/fhir">
  <id value="729d1c62-051e-4e3a-80d4-06f861b2a794"/>
  <meta>
    <profile value="http://fhir.ch/ig/ch-lab-report/StructureDefinition/ch-lab-report-device-test-kit"/>
  </meta>
  <text>
    <status value="generated"/><div xmlns="http://www.w3.org/1999/xhtml"><p class="res-header-id"><b>Generated Narrative: Device 729d1c62-051e-4e3a-80d4-06f861b2a794</b></p><a name="729d1c62-051e-4e3a-80d4-06f861b2a794"> </a><a name="hc729d1c62-051e-4e3a-80d4-06f861b2a794"> </a><a name="729d1c62-051e-4e3a-80d4-06f861b2a794-en-US"> </a><p><b>identifier</b>: <code>http://www.labor-gantenbein.ch/devices/id</code>/345675</p><h3>UdiCarriers</h3><table class="grid"><tr><td style="display: none">-</td><td><b>DeviceIdentifier</b></td></tr><tr><td style="display: none">*</td><td>TK040156300936001</td></tr></table><p><b>status</b>: Active</p><p><b>manufacturer</b>: Abbott</p><p><b>lotNumber</b>: lot.112233</p><p><b>serialNumber</b>: 1116787</p><h3>DeviceNames</h3><table class="grid"><tr><td style="display: none">-</td><td><b>Name</b></td><td><b>Type</b></td></tr><tr><td style="display: none">*</td><td>Afinion™ CRP</td><td>UDI Label name</td></tr></table></div>
  </text>
  <identifier>
    <system value="http://www.labor-gantenbein.ch/devices/id"/>
    <value value="345675"/>
  </identifier>
  <udiCarrier>
    <deviceIdentifier value="TK040156300936001"/>
  </udiCarrier>
  <status value="active"/>
  <manufacturer value="Abbott"/>
  <lotNumber value="lot.112233"/>
  <serialNumber value="1116787"/>
  <deviceName>
    <name value="Afinion™ CRP"/>
    <type value="udi-label-name"/>
  </deviceName>
</Device>