{
  "resourceType" : "Bundle",
  "id" : "653aa688-c216-4403-8446-5227115d1202",
  "meta" : {
    "lastUpdated" : "2019-11-29T15:17:45.044+01:00"
  },
  "type" : "collection",
  "entry" : [{
    "fullUrl" : "http://fhir.ch/ig/ch-orf/ValueSet/minimaldataset",
    "resource" : {
      "resourceType" : "ValueSet",
      "id" : "minimaldataset",
      "text" : {
        "status" : "generated",
        "div" : "<div xmlns=\"http://www.w3.org/1999/xhtml\"><p>This value set contains 2 concepts</p><p style=\"border: black 1px dotted; background-color: #EEEEEE; padding: 8px\">Expansion based on http://fhir.ch/ig/ch-orf/CodeSystem/minimaldataset version 0.9.1</p><p>All codes from system <a href=\"CodeSystem-minimaldataset.html\"><code>http://fhir.ch/ig/ch-orf/CodeSystem/minimaldataset</code></a></p><table class=\"codes\"><tr><td style=\"white-space:nowrap\"><b>Code</b></td><td><b>Display</b></td><td><b>Definition</b></td></tr><tr><td style=\"white-space:nowrap\"><a name=\"http---fhir.ch-ig-ch-orf-CodeSystem-minimaldataset-Patient.name.family\"> </a><a href=\"CodeSystem-minimaldataset.html#minimaldataset-Patient.46name.46family\">Patient.name.family</a></td><td>last Name of Patient</td><td/></tr><tr><td style=\"white-space:nowrap\"><a name=\"http---fhir.ch-ig-ch-orf-CodeSystem-minimaldataset-Patient.name.given\"> </a><a href=\"CodeSystem-minimaldataset.html#minimaldataset-Patient.46name.46given\">Patient.name.given</a></td><td>given Name of Patient</td><td/></tr></table></div>"
      },
      "url" : "http://fhir.ch/ig/ch-orf/ValueSet/minimaldataset",
      "version" : "0.9.1",
      "name" : "MinimalDataSet",
      "title" : "Minimal Data Set fo ORF questionnaires",
      "status" : "draft",
      "experimental" : true,
      "date" : "2019-04-02T00:00:00+02:00",
      "publisher" : "eHealth Suisse",
      "contact" : [{
        "name" : "eHealth Suisse",
        "telecom" : [{
          "system" : "url",
          "value" : "https://www.e-health-suisse.ch/"
        }]
      },
      {
        "name" : "Oliver Egger",
        "telecom" : [{
          "system" : "email",
          "value" : "oliver.egger@ahdis.ch"
        }]
      }],
      "description" : "eCH-010 defines different address lines",
      "jurisdiction" : [{
        "coding" : [{
          "system" : "urn:iso:std:iso:3166",
          "code" : "CH"
        }]
      }],
      "expansion" : {
        "identifier" : "urn:uuid:b933a9f2-ac6b-4c37-96f6-e06e1deee4d9",
        "timestamp" : "2019-11-29T15:18:10+01:00",
        "total" : 2,
        "parameter" : [{
          "name" : "excludeNested",
          "valueBoolean" : false
        },
        {
          "name" : "version",
          "valueUri" : "http://fhir.ch/ig/ch-orf/CodeSystem/minimaldataset|0.9.1"
        }],
        "contains" : [{
          "system" : "http://fhir.ch/ig/ch-orf/CodeSystem/minimaldataset",
          "code" : "Patient.name.family",
          "display" : "last Name of Patient"
        },
        {
          "system" : "http://fhir.ch/ig/ch-orf/CodeSystem/minimaldataset",
          "code" : "Patient.name.given",
          "display" : "given Name of Patient"
        }]
      }
    }
  }]
}