{
  "resourceType" : "ValueSet",
  "id" : "55f0d99c-da76-4fa7-89cf-39cce6919438-63",
  "url" : "http://hl7.org/fhir/comparison/ValueSet/55f0d99c-da76-4fa7-89cf-39cce6919438-63",
  "name" : "IntersectionDocumentEntryPracticeSettingCodeAndDocumentEntryPracticeSettingCode",
  "title" : "Intersection of DocumentEntry.practiceSettingCode And DocumentEntry.practiceSettingCode",
  "status" : "active",
  "date" : "2021-12-22T09:04:10+01:00",
  "jurisdiction" : [{
    "coding" : [{
      "system" : "urn:iso:std:iso:3166",
      "code" : "CH"
    }]
  }],
  "compose" : {
    "include" : [{
      "concept" : [{
        "code" : "394805004",
        "display" : "Clinical immunology/allergy (qualifier value)"
      },
      {
        "code" : "394802001",
        "display" : "General medicine (qualifier value)"
      },
      {
        "code" : "394577000",
        "display" : "Anesthetics (qualifier value)"
      },
      {
        "code" : "722414000",
        "display" : "Vascular medicine (qualifier value)"
      },
      {
        "code" : "722170006",
        "display" : "Chiropractic service (qualifier value)"
      },
      {
        "code" : "394609007",
        "display" : "General surgery (qualifier value)"
      },
      {
        "code" : "394582007",
        "display" : "Dermatology (qualifier value)"
      },
      {
        "code" : "394583002",
        "display" : "Endocrinology (qualifier value)"
      },
      {
        "code" : "310093001",
        "display" : "Occupational therapy service (qualifier value)"
      },
      {
        "code" : "722164000",
        "display" : "Dietetics and nutrition (qualifier value)"
      },
      {
        "code" : "394584008",
        "display" : "Gastroenterology (qualifier value)"
      },
      {
        "code" : "394811001",
        "display" : "Geriatric medicine (qualifier value)"
      },
      {
        "code" : "394586005",
        "display" : "Gynecology (qualifier value)"
      },
      {
        "code" : "394803006",
        "display" : "Clinical hematology (qualifier value)"
      },
      {
        "code" : "408466002",
        "display" : "Cardiac surgery (qualifier value)"
      },
      {
        "code" : "408480009",
        "display" : "Clinical immunology (qualifier value)"
      },
      {
        "code" : "394807007",
        "display" : "Infectious diseases (specialty) (qualifier value)"
      },
      {
        "code" : "419192003",
        "display" : "Internal medicine (qualifier value)"
      },
      {
        "code" : "408478003",
        "display" : "Critical care medicine (qualifier value)"
      },
      {
        "code" : "394579002",
        "display" : "Cardiology (qualifier value)"
      },
      {
        "code" : "310025004",
        "display" : "Complementary therapy service (qualifier value)"
      },
      {
        "code" : "708184003",
        "display" : "Clinical pathology service (qualifier value)"
      },
      {
        "code" : "310101009",
        "display" : "Speech and language therapy service (qualifier value)"
      },
      {
        "code" : "394580004",
        "display" : "Clinical genetics (qualifier value)"
      },
      {
        "code" : "408465003",
        "display" : "Oral and maxillofacial surgery (qualifier value)"
      },
      {
        "code" : "394589003",
        "display" : "Nephrology (qualifier value)"
      },
      {
        "code" : "394610002",
        "display" : "Neurosurgery (qualifier value)"
      },
      {
        "code" : "394591006",
        "display" : "Neurology (qualifier value)"
      },
      {
        "code" : "394576009",
        "display" : "Accident & emergency (qualifier value)"
      },
      {
        "code" : "394649004",
        "display" : "Nuclear medicine - specialty (qualifier value)"
      },
      {
        "code" : "394594003",
        "display" : "Ophthalmology (qualifier value)"
      },
      {
        "code" : "394801008",
        "display" : "Trauma and orthopedics (qualifier value)"
      },
      {
        "code" : "416304004",
        "display" : "Osteopathic manipulative medicine (qualifier value)"
      },
      {
        "code" : "418960008",
        "display" : "Otolaryngology (qualifier value)"
      },
      {
        "code" : "394537008",
        "display" : "Pediatric specialty (qualifier value)"
      },
      {
        "code" : "394806003",
        "display" : "Palliative medicine (qualifier value)"
      },
      {
        "code" : "394595002",
        "display" : "Pathology (qualifier value)"
      },
      {
        "code" : "722165004",
        "display" : "Nursing (qualifier value)"
      },
      {
        "code" : "394600006",
        "display" : "Clinical pharmacology (qualifier value)"
      },
      {
        "code" : "310080006",
        "display" : "Pharmacy service (qualifier value)"
      },
      {
        "code" : "722138006",
        "display" : "Physiotherapy (qualifier value)"
      },
      {
        "code" : "394611003",
        "display" : "Plastic surgery - specialty (qualifier value)"
      },
      {
        "code" : "418112009",
        "display" : "Pulmonary medicine (qualifier value)"
      },
      {
        "code" : "310087009",
        "display" : "Podiatry service (qualifier value)"
      },
      {
        "code" : "409968004",
        "display" : "Preventive medicine (qualifier value)"
      },
      {
        "code" : "394587001",
        "display" : "Psychiatry (qualifier value)"
      },
      {
        "code" : "722162001",
        "display" : "Psychology (qualifier value)"
      },
      {
        "code" : "721961006",
        "display" : "Psychosomatic medicine (qualifier value)"
      },
      {
        "code" : "394914008",
        "display" : "Radiology - specialty (qualifier value)"
      },
      {
        "code" : "419815003",
        "display" : "Radiation oncology (qualifier value)"
      },
      {
        "code" : "722204007",
        "display" : "Legal medicine (qualifier value)"
      },
      {
        "code" : "394602003",
        "display" : "Rehabilitation - specialty (qualifier value)"
      },
      {
        "code" : "394810000",
        "display" : "Rheumatology (qualifier value)"
      },
      {
        "code" : "408456005",
        "display" : "Thoracic surgery (qualifier value)"
      },
      {
        "code" : "394819004",
        "display" : "Blood transfusion (specialty) (qualifier value)"
      },
      {
        "code" : "408448007",
        "display" : "Tropical medicine (qualifier value)"
      },
      {
        "code" : "394612005",
        "display" : "Urology (qualifier value)"
      },
      {
        "code" : "394812008",
        "display" : "Dental medicine specialties (qualifier value)"
      },
      {
        "code" : "394592004",
        "display" : "Clinical oncology (qualifier value)"
      },
      {
        "code" : "408477008",
        "display" : "Transplantation surgery (qualifier value)"
      },
      {
        "code" : "394658006",
        "display" : "Clinical specialty (qualifier value)"
      }]
    }]
  },
  "expansion" : {
    "contains" : [{
      "system" : "http://snomed.info/sct",
      "code" : "394805004",
      "display" : "Immunologie/Allergologie"
    },
    {
      "system" : "http://snomed.info/sct",
      "code" : "394802001",
      "display" : "Allgemeinmedizin"
    },
    {
      "system" : "http://snomed.info/sct",
      "code" : "394577000",
      "display" : "Anästhesiologie"
    },
    {
      "system" : "http://snomed.info/sct",
      "code" : "722414000",
      "display" : "Angiologie"
    },
    {
      "system" : "http://snomed.info/sct",
      "code" : "722170006",
      "display" : "Chiropraktik"
    },
    {
      "system" : "http://snomed.info/sct",
      "code" : "394609007",
      "display" : "Chirurgie"
    },
    {
      "system" : "http://snomed.info/sct",
      "code" : "394582007",
      "display" : "Dermatologie und Venerologie"
    },
    {
      "system" : "http://snomed.info/sct",
      "code" : "394583002",
      "display" : "Endokrinologie/Diabetologie"
    },
    {
      "system" : "http://snomed.info/sct",
      "code" : "310093001",
      "display" : "Ergotherapie"
    },
    {
      "system" : "http://snomed.info/sct",
      "code" : "722164000",
      "display" : "Ernährungsberatung"
    },
    {
      "system" : "http://snomed.info/sct",
      "code" : "394584008",
      "display" : "Gastroenterologie"
    },
    {
      "system" : "http://snomed.info/sct",
      "code" : "394811001",
      "display" : "Geriatrie"
    },
    {
      "system" : "http://snomed.info/sct",
      "code" : "394586005",
      "display" : "Gynäkologie und Geburtshilfe"
    },
    {
      "system" : "http://snomed.info/sct",
      "code" : "394803006",
      "display" : "Hämatologie"
    },
    {
      "system" : "http://snomed.info/sct",
      "code" : "408466002",
      "display" : "Herzchirurgie"
    },
    {
      "system" : "http://snomed.info/sct",
      "code" : "408480009",
      "display" : "Immunologie"
    },
    {
      "system" : "http://snomed.info/sct",
      "code" : "394807007",
      "display" : "Infektionskrankheiten"
    },
    {
      "system" : "http://snomed.info/sct",
      "code" : "419192003",
      "display" : "Innere Medizin"
    },
    {
      "system" : "http://snomed.info/sct",
      "code" : "408478003",
      "display" : "Intensivmedizin"
    },
    {
      "system" : "http://snomed.info/sct",
      "code" : "394579002",
      "display" : "Kardiologie"
    },
    {
      "system" : "http://snomed.info/sct",
      "code" : "310025004",
      "display" : "Complementary therapy"
    },
    {
      "system" : "http://snomed.info/sct",
      "code" : "708184003",
      "display" : "Labormedizin"
    },
    {
      "system" : "http://snomed.info/sct",
      "code" : "310101009",
      "display" : "Logopädie"
    },
    {
      "system" : "http://snomed.info/sct",
      "code" : "394580004",
      "display" : "Medizinische Genetik"
    },
    {
      "system" : "http://snomed.info/sct",
      "code" : "408465003",
      "display" : "Mund-, Kiefer- und Gesichtschirurgie"
    },
    {
      "system" : "http://snomed.info/sct",
      "code" : "394589003",
      "display" : "Néphrologie"
    },
    {
      "system" : "http://snomed.info/sct",
      "code" : "394610002",
      "display" : "Neurosurgery"
    },
    {
      "system" : "http://snomed.info/sct",
      "code" : "394591006",
      "display" : "Neurologie"
    },
    {
      "system" : "http://snomed.info/sct",
      "code" : "394576009",
      "display" : "Notfall- und Rettungsmedizin"
    },
    {
      "system" : "http://snomed.info/sct",
      "code" : "394649004",
      "display" : "Nuklearmedizin"
    },
    {
      "system" : "http://snomed.info/sct",
      "code" : "394594003",
      "display" : "Ophthalmologie"
    },
    {
      "system" : "http://snomed.info/sct",
      "code" : "394801008",
      "display" : "Orthopädie und Traumatologie"
    },
    {
      "system" : "http://snomed.info/sct",
      "code" : "416304004",
      "display" : "Osteopathie"
    },
    {
      "system" : "http://snomed.info/sct",
      "code" : "418960008",
      "display" : "Oto-Rhino-Laryngologie"
    },
    {
      "system" : "http://snomed.info/sct",
      "code" : "394537008",
      "display" : "Pädiatrie"
    },
    {
      "system" : "http://snomed.info/sct",
      "code" : "394806003",
      "display" : "Palliativmedizin"
    },
    {
      "system" : "http://snomed.info/sct",
      "code" : "394595002",
      "display" : "Pathologie"
    },
    {
      "system" : "http://snomed.info/sct",
      "code" : "722165004",
      "display" : "Soins"
    },
    {
      "system" : "http://snomed.info/sct",
      "code" : "394600006",
      "display" : "Klinische Pharmakologie"
    },
    {
      "system" : "http://snomed.info/sct",
      "code" : "310080006",
      "display" : "Pharmazie-Dienstleistung"
    },
    {
      "system" : "http://snomed.info/sct",
      "code" : "722138006",
      "display" : "Physiotherapie"
    },
    {
      "system" : "http://snomed.info/sct",
      "code" : "394611003",
      "display" : "Plastische, Rekonstruktive und Ästhetische Chirurgie"
    },
    {
      "system" : "http://snomed.info/sct",
      "code" : "418112009",
      "display" : "Pneumologie"
    },
    {
      "system" : "http://snomed.info/sct",
      "code" : "310087009",
      "display" : "Podologie"
    },
    {
      "system" : "http://snomed.info/sct",
      "code" : "409968004",
      "display" : "Präventionsmedizin"
    },
    {
      "system" : "http://snomed.info/sct",
      "code" : "394587001",
      "display" : "Psychiatrie und Psychotherapie"
    },
    {
      "system" : "http://snomed.info/sct",
      "code" : "722162001",
      "display" : "Psychologie"
    },
    {
      "system" : "http://snomed.info/sct",
      "code" : "721961006",
      "display" : "Psychosomatik"
    },
    {
      "system" : "http://snomed.info/sct",
      "code" : "394914008",
      "display" : "Radiologie"
    },
    {
      "system" : "http://snomed.info/sct",
      "code" : "419815003",
      "display" : "Radio-Onkologie/Strahlentherapie"
    },
    {
      "system" : "http://snomed.info/sct",
      "code" : "722204007",
      "display" : "Rechtsmedizin"
    },
    {
      "system" : "http://snomed.info/sct",
      "code" : "394602003",
      "display" : "Rehabilitation"
    },
    {
      "system" : "http://snomed.info/sct",
      "code" : "394810000",
      "display" : "Rheumatologie"
    },
    {
      "system" : "http://snomed.info/sct",
      "code" : "408456005",
      "display" : "Thoraxchirurgie"
    },
    {
      "system" : "http://snomed.info/sct",
      "code" : "394819004",
      "display" : "Transfusionsmedizin"
    },
    {
      "system" : "http://snomed.info/sct",
      "code" : "408448007",
      "display" : "Tropen- und Reisemedizin"
    },
    {
      "system" : "http://snomed.info/sct",
      "code" : "394612005",
      "display" : "Urologie"
    },
    {
      "system" : "http://snomed.info/sct",
      "code" : "394812008",
      "display" : "Zahnheilkunde"
    },
    {
      "system" : "http://snomed.info/sct",
      "code" : "394592004",
      "display" : "Onkologie"
    },
    {
      "system" : "http://snomed.info/sct",
      "code" : "408477008",
      "display" : "Transplantationsmedizin"
    },
    {
      "system" : "http://snomed.info/sct",
      "code" : "394658006",
      "display" : "Andere nicht näher spezifizierte medizinische Fachrichtung"
    }]
  }
}