{
  "resourceType" : "ValueSet",
  "id" : "55f0d99c-da76-4fa7-89cf-39cce6919438-45",
  "url" : "http://hl7.org/fhir/comparison/ValueSet/55f0d99c-da76-4fa7-89cf-39cce6919438-45",
  "name" : "IntersectionDocumentEntry.eventCodeListAndDocumentEntryEventCodeList",
  "title" : "Intersection of DocumentEntry.eventCodeList And DocumentEntry.eventCodeList",
  "status" : "active",
  "date" : "2021-12-22T09:04:10+01:00",
  "jurisdiction" : [{
    "coding" : [{
      "system" : "urn:iso:std:iso:3166",
      "code" : "CH"
    }]
  }],
  "compose" : {
    "include" : [{
      "concept" : [{
        "code" : "OPTENF",
        "display" : "Ophthalmic Tomography En Face"
      },
      {
        "code" : "OPTBSV",
        "display" : "Ophthalmic Tomography B-scan Volume Analysis"
      },
      {
        "code" : "OPV",
        "display" : "Ophthalmic Visual Field"
      },
      {
        "code" : "DX",
        "display" : "Digital Radiography"
      },
      {
        "code" : "OPT",
        "display" : "Ophthalmic Tomography"
      },
      {
        "code" : "BMD",
        "display" : "Bone Mineral Densitometry"
      },
      {
        "code" : "MG",
        "display" : "Mammography"
      },
      {
        "code" : "SM",
        "display" : "Slide Microscopy"
      },
      {
        "code" : "US",
        "display" : "Ultrasound"
      },
      {
        "code" : "OP",
        "display" : "Ophthalmic Photography"
      },
      {
        "code" : "IVOCT",
        "display" : "Intravascular Optical Coherence Tomography"
      },
      {
        "code" : "MR",
        "display" : "Magnetic Resonance"
      },
      {
        "code" : "ECG",
        "display" : "Electrocardiography"
      },
      {
        "code" : "GM",
        "display" : "General Microscopy"
      },
      {
        "code" : "IO",
        "display" : "Intra-oral Radiography"
      },
      {
        "code" : "XA",
        "display" : "X-Ray Angiography"
      },
      {
        "code" : "XC",
        "display" : "External-camera Photography"
      },
      {
        "code" : "VA",
        "display" : "Visual Acuity"
      },
      {
        "code" : "IVUS",
        "display" : "Intravascular Ultrasound"
      },
      {
        "code" : "CR",
        "display" : "Computed Radiography"
      },
      {
        "code" : "ES",
        "display" : "Endoscopy"
      },
      {
        "code" : "AR",
        "display" : "Autorefraction"
      },
      {
        "code" : "CT",
        "display" : "Computed Tomography"
      },
      {
        "code" : "OSS",
        "display" : "Optical Surface Scanner"
      },
      {
        "code" : "LEN",
        "display" : "Lensometry"
      },
      {
        "code" : "RG",
        "display" : "Radiographic imaging"
      },
      {
        "code" : "RF",
        "display" : "Radiofluoroscopy"
      },
      {
        "code" : "KER",
        "display" : "Keratometry"
      },
      {
        "code" : "HD",
        "display" : "Hemodynamic Waveform"
      },
      {
        "code" : "OAM",
        "display" : "Ophthalmic Axial Measurements"
      },
      {
        "code" : "NM",
        "display" : "Nuclear Medicine"
      },
      {
        "code" : "OCT",
        "display" : "Optical Coherence Tomography"
      },
      {
        "code" : "BDUS",
        "display" : "Ultrasound Bone Densitometry"
      },
      {
        "code" : "PT",
        "display" : "Positron emission tomography"
      },
      {
        "code" : "EPS",
        "display" : "Cardiac Electrophysiology"
      },
      {
        "code" : "PX",
        "display" : "Panoramic X-Ray"
      },
      {
        "code" : "SRF",
        "display" : "Subjective Refraction"
      },
      {
        "code" : "OPM",
        "display" : "Ophthalmic Mapping"
      },
      {
        "code" : "OPR",
        "display" : "Ophthalmic Refraction"
      }]
    }]
  },
  "expansion" : {
    "contains" : [{
      "system" : "http://dicom.nema.org/resources/ontology/DCM",
      "code" : "OPTENF",
      "display" : "Ophthalmic Tomography En Face"
    },
    {
      "system" : "http://dicom.nema.org/resources/ontology/DCM",
      "code" : "OPTBSV",
      "display" : "Ophthalmic Tomography B-scan Volume Analysis"
    },
    {
      "system" : "http://dicom.nema.org/resources/ontology/DCM",
      "code" : "OPV",
      "display" : "Ophthalmic Visual Field"
    },
    {
      "system" : "http://dicom.nema.org/resources/ontology/DCM",
      "code" : "DX",
      "display" : "Digital Radiography"
    },
    {
      "system" : "http://dicom.nema.org/resources/ontology/DCM",
      "code" : "OPT",
      "display" : "Ophthalmic Tomography"
    },
    {
      "system" : "http://dicom.nema.org/resources/ontology/DCM",
      "code" : "BMD",
      "display" : "Bone Mineral Densitometry"
    },
    {
      "system" : "http://dicom.nema.org/resources/ontology/DCM",
      "code" : "MG",
      "display" : "Mammography"
    },
    {
      "system" : "http://dicom.nema.org/resources/ontology/DCM",
      "code" : "SM",
      "display" : "Slide Microscopy"
    },
    {
      "system" : "http://dicom.nema.org/resources/ontology/DCM",
      "code" : "US",
      "display" : "Ultrasound"
    },
    {
      "system" : "http://dicom.nema.org/resources/ontology/DCM",
      "code" : "OP",
      "display" : "Ophthalmic Photography"
    },
    {
      "system" : "http://dicom.nema.org/resources/ontology/DCM",
      "code" : "IVOCT",
      "display" : "Intravascular Optical Coherence Tomography"
    },
    {
      "system" : "http://dicom.nema.org/resources/ontology/DCM",
      "code" : "MR",
      "display" : "Magnetic Resonance"
    },
    {
      "system" : "http://dicom.nema.org/resources/ontology/DCM",
      "code" : "ECG",
      "display" : "Electrocardiography"
    },
    {
      "system" : "http://dicom.nema.org/resources/ontology/DCM",
      "code" : "GM",
      "display" : "General Microscopy"
    },
    {
      "system" : "http://dicom.nema.org/resources/ontology/DCM",
      "code" : "IO",
      "display" : "Intra-oral Radiography"
    },
    {
      "system" : "http://dicom.nema.org/resources/ontology/DCM",
      "code" : "XA",
      "display" : "X-Ray Angiography"
    },
    {
      "system" : "http://dicom.nema.org/resources/ontology/DCM",
      "code" : "XC",
      "display" : "External-camera Photography"
    },
    {
      "system" : "http://dicom.nema.org/resources/ontology/DCM",
      "code" : "VA",
      "display" : "Visual Acuity"
    },
    {
      "system" : "http://dicom.nema.org/resources/ontology/DCM",
      "code" : "IVUS",
      "display" : "Intravascular Ultrasound"
    },
    {
      "system" : "http://dicom.nema.org/resources/ontology/DCM",
      "code" : "CR",
      "display" : "Computed Radiography"
    },
    {
      "system" : "http://dicom.nema.org/resources/ontology/DCM",
      "code" : "ES",
      "display" : "Endoscopy"
    },
    {
      "system" : "http://dicom.nema.org/resources/ontology/DCM",
      "code" : "AR",
      "display" : "Autorefraction"
    },
    {
      "system" : "http://dicom.nema.org/resources/ontology/DCM",
      "code" : "CT",
      "display" : "Computed Tomography"
    },
    {
      "system" : "http://dicom.nema.org/resources/ontology/DCM",
      "code" : "OSS",
      "display" : "Optical Surface Scanner"
    },
    {
      "system" : "http://dicom.nema.org/resources/ontology/DCM",
      "code" : "LEN",
      "display" : "Lensometry"
    },
    {
      "system" : "http://dicom.nema.org/resources/ontology/DCM",
      "code" : "RG",
      "display" : "Radiographic imaging"
    },
    {
      "system" : "http://dicom.nema.org/resources/ontology/DCM",
      "code" : "RF",
      "display" : "Radiofluoroscopy"
    },
    {
      "system" : "http://dicom.nema.org/resources/ontology/DCM",
      "code" : "KER",
      "display" : "Keratometry"
    },
    {
      "system" : "http://dicom.nema.org/resources/ontology/DCM",
      "code" : "HD",
      "display" : "Hemodynamic Waveform"
    },
    {
      "system" : "http://dicom.nema.org/resources/ontology/DCM",
      "code" : "OAM",
      "display" : "Ophthalmic Axial Measurements"
    },
    {
      "system" : "http://dicom.nema.org/resources/ontology/DCM",
      "code" : "NM",
      "display" : "Nuclear Medicine"
    },
    {
      "system" : "http://dicom.nema.org/resources/ontology/DCM",
      "code" : "OCT",
      "display" : "Optical Coherence Tomography"
    },
    {
      "system" : "http://dicom.nema.org/resources/ontology/DCM",
      "code" : "BDUS",
      "display" : "Ultrasound Bone Densitometry"
    },
    {
      "system" : "http://dicom.nema.org/resources/ontology/DCM",
      "code" : "PT",
      "display" : "Positron emission tomography"
    },
    {
      "system" : "http://dicom.nema.org/resources/ontology/DCM",
      "code" : "EPS",
      "display" : "Cardiac Electrophysiology"
    },
    {
      "system" : "http://dicom.nema.org/resources/ontology/DCM",
      "code" : "PX",
      "display" : "Panoramic X-Ray"
    },
    {
      "system" : "http://dicom.nema.org/resources/ontology/DCM",
      "code" : "SRF",
      "display" : "Subjective Refraction"
    },
    {
      "system" : "http://dicom.nema.org/resources/ontology/DCM",
      "code" : "OPM",
      "display" : "Ophthalmic Mapping"
    },
    {
      "system" : "http://dicom.nema.org/resources/ontology/DCM",
      "code" : "OPR",
      "display" : "Ophthalmic Refraction"
    }]
  }
}