{
  "resourceType" : "ValueSet",
  "id" : "55f0d99c-da76-4fa7-89cf-39cce6919438-59",
  "url" : "http://hl7.org/fhir/comparison/ValueSet/55f0d99c-da76-4fa7-89cf-39cce6919438-59",
  "name" : "UnionDocumentEntryOriginalProviderRoleAndDocumentEntryOriginalProviderRole",
  "title" : "Union of DocumentEntry.originalProviderRole And DocumentEntry.originalProviderRole",
  "status" : "active",
  "date" : "2021-12-22T09:04:10+01:00",
  "jurisdiction" : [{
    "coding" : [{
      "system" : "urn:iso:std:iso:3166",
      "code" : "CH"
    }]
  }],
  "compose" : {
    "include" : [{
      "concept" : [{
        "code" : "DADM",
        "display" : "Document administrator"
      },
      {
        "code" : "HCP",
        "display" : "Healthcare professional"
      },
      {
        "code" : "PAT",
        "display" : "Patient"
      },
      {
        "code" : "ASS",
        "display" : "Assistant"
      },
      {
        "code" : "REP",
        "display" : "Representative"
      },
      {
        "code" : "TCU",
        "display" : "Technical user"
      }]
    }]
  },
  "expansion" : {
    "contains" : [{
      "system" : "urn:oid:2.16.756.5.30.1.127.3.10.6",
      "code" : "DADM",
      "display" : "Document administrator"
    },
    {
      "system" : "urn:oid:2.16.756.5.30.1.127.3.10.6",
      "code" : "HCP",
      "display" : "Healthcare professional"
    },
    {
      "system" : "urn:oid:2.16.756.5.30.1.127.3.10.6",
      "code" : "PAT",
      "display" : "Patient"
    },
    {
      "system" : "urn:oid:2.16.756.5.30.1.127.3.10.6",
      "code" : "ASS",
      "display" : "Assistant"
    },
    {
      "system" : "urn:oid:2.16.756.5.30.1.127.3.10.6",
      "code" : "REP",
      "display" : "Representative"
    },
    {
      "system" : "urn:oid:2.16.756.5.30.1.127.3.10.6",
      "code" : "TCU",
      "display" : "Technical user"
    }]
  }
}