{
  "resourceType" : "ValueSet",
  "id" : "55f0d99c-da76-4fa7-89cf-39cce6919438-39",
  "url" : "http://hl7.org/fhir/comparison/ValueSet/55f0d99c-da76-4fa7-89cf-39cce6919438-39",
  "name" : "IntersectionDocumentEntryClassCodeAndDocumentEntryClassCode",
  "title" : "Intersection of DocumentEntry.classCode And DocumentEntry.classCode",
  "status" : "active",
  "date" : "2021-12-22T09:04:10+01:00",
  "jurisdiction" : [{
    "coding" : [{
      "system" : "urn:iso:std:iso:3166",
      "code" : "CH"
    }]
  }],
  "compose" : {
    "include" : [{
      "concept" : [{
        "code" : "371531000",
        "display" : "Report of clinical encounter (record artifact)"
      },
      {
        "code" : "721927009",
        "display" : "Referral note (record artifact)"
      },
      {
        "code" : "721963009",
        "display" : "Order (record artifact)"
      },
      {
        "code" : "422735006",
        "display" : "Summary clinical document (record artifact)"
      },
      {
        "code" : "371525003",
        "display" : "Clinical procedure report (record artifact)"
      },
      {
        "code" : "734163000",
        "display" : "Care Plan (record artifact)"
      },
      {
        "code" : "440545006",
        "display" : "Prescription record (record artifact)"
      },
      {
        "code" : "184216000",
        "display" : "Patient record type (record artifact)"
      },
      {
        "code" : "371537001",
        "display" : "Consent report (record artifact)"
      },
      {
        "code" : "371538006",
        "display" : "Advance directive report (record artifact)"
      },
      {
        "code" : "722160009",
        "display" : "Audit trail report (record artifact)"
      },
      {
        "code" : "722216001",
        "display" : "Emergency medical identification record (record artifact)"
      },
      {
        "code" : "772790007",
        "display" : "Organ donor card (record artifact)"
      },
      {
        "code" : "405624007",
        "display" : "Administrative documentation (record artifact)"
      },
      {
        "code" : "417319006",
        "display" : "Record of health event (record artifact)"
      },
      {
        "code" : "419891008",
        "display" : "Record artifact (record artifact)"
      }]
    },
    {
      "concept" : [{
        "code" : "2171000195109",
        "display" : "Obstetrical Record (record artifact)"
      }]
    }]
  },
  "expansion" : {
    "contains" : [{
      "system" : "http://snomed.info/sct",
      "code" : "371531000",
      "display" : "Bericht aufgrund einer Konsultation"
    },
    {
      "system" : "http://snomed.info/sct",
      "code" : "721927009",
      "display" : "Zuweisungsschreiben"
    },
    {
      "system" : "http://snomed.info/sct",
      "code" : "721963009",
      "display" : "Untersuchungsauftrag"
    },
    {
      "system" : "http://snomed.info/sct",
      "code" : "422735006",
      "display" : "Zusammenfassender Bericht"
    },
    {
      "system" : "http://snomed.info/sct",
      "code" : "371525003",
      "display" : "Interventionsbericht / Untersuchungsresultat"
    },
    {
      "system" : "http://snomed.info/sct",
      "code" : "734163000",
      "display" : "Behandlungsplan"
    },
    {
      "system" : "http://snomed.info/sct",
      "code" : "440545006",
      "display" : "Verschreibung / Rezept"
    },
    {
      "system" : "http://snomed.info/sct",
      "code" : "184216000",
      "display" : "Langzeitdokumentation"
    },
    {
      "system" : "http://snomed.info/sct",
      "code" : "371537001",
      "display" : "Einwilligung zur Behandlung"
    },
    {
      "system" : "http://snomed.info/sct",
      "code" : "371538006",
      "display" : "Patientenverfügung"
    },
    {
      "system" : "http://snomed.info/sct",
      "code" : "722160009",
      "display" : "Rückverfolgung der EPD Zugriffe"
    },
    {
      "system" : "http://snomed.info/sct",
      "code" : "722216001",
      "display" : "Notfall-ID / Ausweis"
    },
    {
      "system" : "http://snomed.info/sct",
      "code" : "772790007",
      "display" : "Organspendeausweis"
    },
    {
      "system" : "http://snomed.info/sct",
      "code" : "405624007",
      "display" : "Administratives Dokument"
    },
    {
      "system" : "http://snomed.info/sct",
      "code" : "417319006",
      "display" : "Dokument zu gesundheitsrelevantem Ereignis"
    },
    {
      "system" : "http://snomed.info/sct",
      "code" : "419891008",
      "display" : "Nicht näher bezeichnetes Dokument"
    },
    {
      "system" : "urn:oid:2.16.756.5.30.1.127.3.4",
      "code" : "2171000195109",
      "display" : "Obstetrical Record (record artifact)"
    }]
  }
}