{
  "resourceType" : "ValueSet",
  "id" : "55f0d99c-da76-4fa7-89cf-39cce6919438-77",
  "url" : "http://hl7.org/fhir/comparison/ValueSet/55f0d99c-da76-4fa7-89cf-39cce6919438-77",
  "name" : "UnionEprPurposeOfUseAndEprPurposeOfUse",
  "title" : "Union of EprPurposeOfUse And EprPurposeOfUse",
  "status" : "active",
  "date" : "2021-12-22T09:04:10+01:00",
  "jurisdiction" : [{
    "coding" : [{
      "system" : "urn:iso:std:iso:3166",
      "code" : "CH"
    }]
  }],
  "compose" : {
    "include" : [{
      "concept" : [{
        "code" : "EMER",
        "display" : "Emergency Access"
      },
      {
        "code" : "NORM",
        "display" : "Normal Access"
      },
      {
        "code" : "AUTO",
        "display" : "Automatic Upload"
      }]
    }]
  },
  "expansion" : {
    "contains" : [{
      "system" : "urn:oid:2.16.756.5.30.1.127.3.10.5",
      "code" : "EMER",
      "display" : "Emergency Access"
    },
    {
      "system" : "urn:oid:2.16.756.5.30.1.127.3.10.5",
      "code" : "NORM",
      "display" : "Normal Access"
    },
    {
      "system" : "urn:oid:2.16.756.5.30.1.127.3.10.5",
      "code" : "AUTO",
      "display" : "Automatic Upload"
    }]
  }
}