<?xml version="1.0" encoding="UTF-8"?>

<MedicationStatement xmlns="http://hl7.org/fhir">
  <id value="MedicationStatementDafalganEffMaxDosePerPeriod"/>
  <meta>
    <profile value="http://fhir.ch/ig/ch-emed-epr/StructureDefinition/ch-emed-epr-medicationstatement-treatmentplan"/>
  </meta>
  <language value="fr-CH"/>
  <text>
    <status value="generated"/><div xmlns="http://www.w3.org/1999/xhtml" xml:lang="fr-CH" lang="fr-CH"><p class="res-header-id"><b>Generated Narrative: MedicationStatement MedicationStatementDafalganEffMaxDosePerPeriod</b></p><a name="MedicationStatementDafalganEffMaxDosePerPeriod"> </a><a name="hcMedicationStatementDafalganEffMaxDosePerPeriod"> </a><div style="display: inline-block; background-color: #d9e0e7; padding: 6px; margin: 4px; border: 1px solid #8da1b4; border-radius: 5px; line-height: 60%"><p style="margin-bottom: 0px">Language: fr-CH</p><p style="margin-bottom: 0px">Profile: <a href="StructureDefinition-ch-emed-epr-medicationstatement-treatmentplan.html">MTP MedicationStatement</a></p></div><p><b>identifier</b>: <a href="http://terminology.hl7.org/6.5.0/NamingSystem-uri.html" title="As defined by RFC 3986 (http://www.ietf.org/rfc/rfc3986.txt)(with many schemes defined in many RFCs). For OIDs and UUIDs, use the URN form (urn:oid:(note: lowercase) and urn:uuid:). See http://www.ietf.org/rfc/rfc3001.txt and http://www.ietf.org/rfc/rfc4122.txt 

This oid is used as an identifier II.root to indicate the the extension is an absolute URI (technically, an IRI). Typically, this is used for OIDs and GUIDs. Note that when this OID is used with OIDs and GUIDs, the II.extension should start with urn:oid or urn:uuid: 

Note that this OID is created to aid with interconversion between CDA and FHIR - FHIR uses urn:ietf:rfc:3986 as equivalent to this OID. URIs as identifiers appear more commonly in FHIR.

This OID may also be used in CD.codeSystem.">Uniform Resource Identifier (URI)</a>/urn:uuid:63ccda67-4b0c-4a4b-96b9-3f4a03baa245</p><p><b>status</b>: Active</p><p><b>medication</b>: <a href="#hcMedicationStatementDafalganEffMaxDosePerPeriod/MedicationParacetamolDafalganEff">Medication DAFALGAN cpr eff 500mg</a></p><p><b>subject</b>: <a href="Bundle-BundleUtc1Pml.html#urn-uuid-9b00e81e-1165-4039-9d60-698ef838ae1a">Michaël Christopher Karce  Male, DoB: 1973-12-25 ( Medical record number (use: official, ))</a></p><p><b>dateAsserted</b>: 2023-11-05 12:00:00+0200</p><p><b>informationSource</b>: <a href="#hcMedicationStatementDafalganEffMaxDosePerPeriod/PractitionerRoleCoxAtHug">PractitionerRole</a></p><p><b>reasonCode</b>: <span title="Codes:">Dafalgan pour des douleurs regulières.</span></p><h3>Dosages</h3><table class="grid"><tr><td style="display: none">-</td><td><b>Text</b></td><td><b>Timing</b></td><td><b>Route</b></td><td><b>MaxDosePerPeriod</b></td></tr><tr><td style="display: none">*</td><td>Max. 2 comprimés à avaler par jour.</td><td>Once</td><td><span title="Codes:{urn:oid:0.4.0.127.0.16.1.1.2.1 20053000}">À avaler</span></td><td>2 comprimé<span style="background: LightGoldenRodYellow"> (Details: SNOMED CT  code732936001 = 'Tablet (unit of presentation)')</span>/1 jour<span style="background: LightGoldenRodYellow"> (Details: UCUM  coded = 'd')</span></td></tr></table><hr/><blockquote><p class="res-header-id"><b>Generated Narrative: Medication #MedicationParacetamolDafalganEff</b></p><a name="MedicationStatementDafalganEffMaxDosePerPeriod/MedicationParacetamolDafalganEff"> </a><a name="hcMedicationStatementDafalganEffMaxDosePerPeriod/MedicationParacetamolDafalganEff"> </a><div style="display: inline-block; background-color: #d9e0e7; padding: 6px; margin: 4px; border: 1px solid #8da1b4; border-radius: 5px; line-height: 60%"><p style="margin-bottom: 0px">Language: fr-CH</p><p style="margin-bottom: 0px">Profile: <a href="StructureDefinition-ch-emed-epr-medication.html">CH EMED EPR Medication</a></p></div><p><b>code</b>: <span title="Codes:{urn:oid:2.51.1.1 7680475030011}, {http://www.whocc.no/atc N02BE01}">DAFALGAN cpr eff 500mg</span></p><p><b>form</b>: <span title="Codes:{urn:oid:0.4.0.127.0.16.1.1.2.1 10222000}">Comprimé effervescent</span></p><p><b>amount</b>: 40 comprimé<span style="background: LightGoldenRodYellow"> (Details: SNOMED CT  code732936001 = 'Tablet (unit of presentation)')</span>/1 plaquette<span style="background: LightGoldenRodYellow"> (Details: SNOMED CT  code732984005 = 'Blister (unit of presentation)')</span></p><h3>Ingredients</h3><table class="grid"><tr><td style="display: none">-</td><td><b>Item[x]</b></td><td><b>IsActive</b></td><td><b>Strength</b></td></tr><tr><td style="display: none">*</td><td><span title="Codes:{http://snomed.info/sct 387517004}">Paracétamol</span></td><td>true</td><td>500 mg<span style="background: LightGoldenRodYellow"> (Details: UCUM  codemg = 'mg')</span>/1 comprimé<span style="background: LightGoldenRodYellow"> (Details: SNOMED CT  code732936001 = 'Tablet (unit of presentation)')</span></td></tr></table></blockquote><hr/><blockquote><p class="res-header-id"><b>Generated Narrative: Organization #OrganizationHug</b></p><a name="MedicationStatementDafalganEffMaxDosePerPeriod/OrganizationHug"> </a><a name="hcMedicationStatementDafalganEffMaxDosePerPeriod/OrganizationHug"> </a><div style="display: inline-block; background-color: #d9e0e7; padding: 6px; margin: 4px; border: 1px solid #8da1b4; border-radius: 5px; line-height: 60%"><p style="margin-bottom: 0px"/><p style="margin-bottom: 0px">Profile: <a href="StructureDefinition-ch-emed-epr-organization.html">CH EMED EPR Organization</a></p></div><p><b>identifier</b>: <a href="https://www.gs1.org/standards/id-keys/gln" title="Global Location Number">GLN</a>/7601000234438</p><p><b>name</b>: Hôpitaux universitaires de Genève</p><p><b>address</b>: Rue Gabrielle-Perret-Gentil 4 Genève 1205 CH </p></blockquote><hr/><blockquote><p class="res-header-id"><b>Generated Narrative: Practitioner #PractitionerCox</b></p><a name="MedicationStatementDafalganEffMaxDosePerPeriod/PractitionerCox"> </a><a name="hcMedicationStatementDafalganEffMaxDosePerPeriod/PractitionerCox"> </a><div style="display: inline-block; background-color: #d9e0e7; padding: 6px; margin: 4px; border: 1px solid #8da1b4; border-radius: 5px; line-height: 60%"><p style="margin-bottom: 0px"/><p style="margin-bottom: 0px">Profile: <a href="StructureDefinition-ch-emed-epr-practitioner.html">CH EMED EPR Practitioner</a></p></div><p><b>identifier</b>: <a href="https://www.gs1.org/standards/id-keys/gln" title="Global Location Number">GLN</a>/7601000234438</p><p><b>name</b>: Perry Cox </p></blockquote><hr/><blockquote><p class="res-header-id"><b>Generated Narrative: PractitionerRole #PractitionerRoleCoxAtHug</b></p><a name="MedicationStatementDafalganEffMaxDosePerPeriod/PractitionerRoleCoxAtHug"> </a><a name="hcMedicationStatementDafalganEffMaxDosePerPeriod/PractitionerRoleCoxAtHug"> </a><div style="display: inline-block; background-color: #d9e0e7; padding: 6px; margin: 4px; border: 1px solid #8da1b4; border-radius: 5px; line-height: 60%"><p style="margin-bottom: 0px"/><p style="margin-bottom: 0px">Profile: <a href="StructureDefinition-ch-emed-epr-practitionerrole.html">CH EMED EPR PractitionerRole</a></p></div><p><b>practitioner</b>: <a href="#hcMedicationStatementDafalganEffMaxDosePerPeriod/PractitionerCox">Practitioner Perry Cox </a></p><p><b>organization</b>: <a href="#hcMedicationStatementDafalganEffMaxDosePerPeriod/OrganizationHug">Organization Hôpitaux universitaires de Genève</a></p></blockquote></div>
  </text>
  <contained>
    <Medication>
      <id value="MedicationParacetamolDafalganEff"/>
      <meta>
        <profile value="http://fhir.ch/ig/ch-emed-epr/StructureDefinition/ch-emed-epr-medication"/>
      </meta>
      <language value="fr-CH"/>
      <code>
        <coding>
          <system value="urn:oid:2.51.1.1"/>
          <code value="7680475030011"/>
          <display value="DAFALGAN cpr eff 500mg"/>
        </coding>
        <coding>
          <system value="http://www.whocc.no/atc"/>
          <code value="N02BE01"/>
          <display value="paracetamol"/>
        </coding>
        <text value="DAFALGAN cpr eff 500mg"/>
      </code>
      <form>
        <coding>
          <system value="urn:oid:0.4.0.127.0.16.1.1.2.1"/>
          <code value="10222000"/>
          <display value="Comprimé effervescent"/>
        </coding>
        <text value="Comprimé effervescent"/>
      </form>
      <amount>
        <numerator>
          <value value="40"/>
          <unit value="comprimé"/>
          <system value="http://snomed.info/sct"/>
          <code value="732936001"/>
        </numerator>
        <denominator>
          <value value="1"/>
          <unit value="plaquette"/>
          <system value="http://snomed.info/sct"/>
          <code value="732984005"/>
        </denominator>
      </amount>
      <ingredient>
        <itemCodeableConcept>
          <coding>
            <system value="http://snomed.info/sct"/>
            <code value="387517004"/>
            <display value="Paracetamol (substance)"/>
          </coding>
          <text value="Paracétamol"/>
        </itemCodeableConcept>
        <isActive value="true"/>
        <strength>
          <numerator>
            <value value="500"/>
            <unit value="mg"/>
            <system value="http://unitsofmeasure.org"/>
            <code value="mg"/>
          </numerator>
          <denominator>
            <value value="1"/>
            <unit value="comprimé"/>
            <system value="http://snomed.info/sct"/>
            <code value="732936001"/>
          </denominator>
        </strength>
      </ingredient>
    </Medication>
  </contained>
  <contained>
    <Organization>
      <id value="OrganizationHug"/>
      <meta>
        <profile value="http://fhir.ch/ig/ch-emed-epr/StructureDefinition/ch-emed-epr-organization"/>
      </meta>
      <identifier>
        <system value="urn:oid:2.51.1.3"/>
        <value value="7601000234438"/>
      </identifier>
      <name value="Hôpitaux universitaires de Genève"/>
      <address>
        <line value="Rue Gabrielle-Perret-Gentil 4"/>
        <city value="Genève"/>
        <postalCode value="1205"/>
        <country value="CH"/>
      </address>
    </Organization>
  </contained>
  <contained>
    <Practitioner>
      <id value="PractitionerCox"/>
      <meta>
        <profile value="http://fhir.ch/ig/ch-emed-epr/StructureDefinition/ch-emed-epr-practitioner"/>
      </meta>
      <identifier>
        <system value="urn:oid:2.51.1.3"/>
        <value value="7601000234438"/>
      </identifier>
      <name>
        <family value="Cox"/>
        <given value="Perry"/>
      </name>
    </Practitioner>
  </contained>
  <contained>
    <PractitionerRole>
      <id value="PractitionerRoleCoxAtHug"/>
      <meta>
        <profile value="http://fhir.ch/ig/ch-emed-epr/StructureDefinition/ch-emed-epr-practitionerrole"/>
      </meta>
      <practitioner>
        <reference value="#PractitionerCox"/>
      </practitioner>
      <organization>
        <reference value="#OrganizationHug"/>
      </organization>
    </PractitionerRole>
  </contained>
  <identifier>
    <system value="urn:ietf:rfc:3986"/>
    <value value="urn:uuid:63ccda67-4b0c-4a4b-96b9-3f4a03baa245"/>
  </identifier>
  <status value="active"/>
  <medicationReference>
    <reference value="#MedicationParacetamolDafalganEff"/>
  </medicationReference>
  <subject>
    <reference value="urn:uuid:9b00e81e-1165-4039-9d60-698ef838ae1a"/>
  </subject>
  <dateAsserted value="2023-11-05T12:00:00+02:00"/>
  <informationSource>
    <reference value="#PractitionerRoleCoxAtHug"/>
  </informationSource>
  <reasonCode>
    <text value="Dafalgan pour des douleurs regulières."/>
  </reasonCode>
  <dosage>
    <text value="Max. 2 comprimés à avaler par jour."/>
    <timing>
      <repeat>
        <boundsPeriod>
          <start value="2023-11-05"/>
        </boundsPeriod>
      </repeat>
    </timing>
    <route>
      <coding>
        <system value="urn:oid:0.4.0.127.0.16.1.1.2.1"/>
        <code value="20053000"/>
        <display value="Oral use"/>
      </coding>
      <text value="À avaler"/>
    </route>
    <maxDosePerPeriod>
      <numerator>
        <value value="2"/>
        <unit value="comprimé"/>
        <system value="http://snomed.info/sct"/>
        <code value="732936001"/>
      </numerator>
      <denominator>
        <value value="1"/>
        <unit value="jour"/>
        <system value="http://unitsofmeasure.org"/>
        <code value="d"/>
      </denominator>
    </maxDosePerPeriod>
  </dosage>
</MedicationStatement>