<?xml version="1.0" encoding="UTF-8"?>

<MedicationStatement xmlns="http://hl7.org/fhir">
  <id value="MedicationStatementParacetamolSelfMedication"/>
  <meta>
    <profile value="http://fhir.ch/ig/ch-emed-epr/StructureDefinition/ch-emed-epr-medicationstatement-treatmentplan"/>
  </meta>
  <language value="fr-CH"/>
  <text>
    <status value="generated"/><div xmlns="http://www.w3.org/1999/xhtml" xml:lang="fr-CH" lang="fr-CH"><p class="res-header-id"><b>Generated Narrative: MedicationStatement MedicationStatementParacetamolSelfMedication</b></p><a name="MedicationStatementParacetamolSelfMedication"> </a><a name="hcMedicationStatementParacetamolSelfMedication"> </a><div style="display: inline-block; background-color: #d9e0e7; padding: 6px; margin: 4px; border: 1px solid #8da1b4; border-radius: 5px; line-height: 60%"><p style="margin-bottom: 0px">Language: fr-CH</p><p style="margin-bottom: 0px">Profile: <a href="StructureDefinition-ch-emed-epr-medicationstatement-treatmentplan.html">MTP MedicationStatement</a></p></div><p><b>identifier</b>: <a href="http://terminology.hl7.org/6.5.0/NamingSystem-uri.html" title="As defined by RFC 3986 (http://www.ietf.org/rfc/rfc3986.txt)(with many schemes defined in many RFCs). For OIDs and UUIDs, use the URN form (urn:oid:(note: lowercase) and urn:uuid:). See http://www.ietf.org/rfc/rfc3001.txt and http://www.ietf.org/rfc/rfc4122.txt 

This oid is used as an identifier II.root to indicate the the extension is an absolute URI (technically, an IRI). Typically, this is used for OIDs and GUIDs. Note that when this OID is used with OIDs and GUIDs, the II.extension should start with urn:oid or urn:uuid: 

Note that this OID is created to aid with interconversion between CDA and FHIR - FHIR uses urn:ietf:rfc:3986 as equivalent to this OID. URIs as identifiers appear more commonly in FHIR.

This OID may also be used in CD.codeSystem.">Uniform Resource Identifier (URI)</a>/urn:uuid:cb13d6de-051f-4a3e-ab85-c05650fa254e</p><p><b>status</b>: Active</p><p><b>medication</b>: <a href="#hcMedicationStatementParacetamolSelfMedication/MedicationParacetamolDafalganEff">Medication DAFALGAN cpr eff 500mg</a></p><p><b>subject</b>: <a href="Bundle-BundleUtc1Pml.html#urn-uuid-9b00e81e-1165-4039-9d60-698ef838ae1a">Michaël Christopher Karce  Male, DoB: 1973-12-25 ( Medical record number (use: official, ))</a></p><p><b>dateAsserted</b>: 2026-01-22 14:50:55+0100</p><p><b>informationSource</b>: <a href="Bundle-BundleUtc1Pml.html#urn-uuid-9b00e81e-1165-4039-9d60-698ef838ae1a">Michaël Christopher Karce  Male, DoB: 1973-12-25 ( Medical record number (use: official, ))</a></p><p><b>reasonCode</b>: <span title="Codes:">J'ai souvent mal à la tête.</span></p><blockquote><p><b>dosage</b></p><p><b>text</b>: 1 comprimé en réserve, à avaler si besoin, à partir du 22 janvier 2026.</p><p><b>timing</b>: Once</p><p><b>asNeeded</b>: true</p><p><b>route</b>: <span title="Codes:{urn:oid:0.4.0.127.0.16.1.1.2.1 20053000}">À avaler</span></p><h3>DoseAndRates</h3><table class="grid"><tr><td style="display: none">-</td><td><b>Dose[x]</b></td></tr><tr><td style="display: none">*</td><td>1 comprimé<span style="background: LightGoldenRodYellow"> (Details: SNOMED CT  code732936001 = 'Tablet (unit of presentation)')</span></td></tr></table></blockquote><hr/><blockquote><p class="res-header-id"><b>Generated Narrative: Medication #MedicationParacetamolDafalganEff</b></p><a name="MedicationStatementParacetamolSelfMedication/MedicationParacetamolDafalganEff"> </a><a name="hcMedicationStatementParacetamolSelfMedication/MedicationParacetamolDafalganEff"> </a><div style="display: inline-block; background-color: #d9e0e7; padding: 6px; margin: 4px; border: 1px solid #8da1b4; border-radius: 5px; line-height: 60%"><p style="margin-bottom: 0px">Language: fr-CH</p><p style="margin-bottom: 0px">Profile: <a href="StructureDefinition-ch-emed-epr-medication.html">CH EMED EPR Medication</a></p></div><p><b>code</b>: <span title="Codes:{urn:oid:2.51.1.1 7680475030011}, {http://www.whocc.no/atc N02BE01}">DAFALGAN cpr eff 500mg</span></p><p><b>form</b>: <span title="Codes:{urn:oid:0.4.0.127.0.16.1.1.2.1 10222000}">Comprimé effervescent</span></p><p><b>amount</b>: 40 comprimé<span style="background: LightGoldenRodYellow"> (Details: SNOMED CT  code732936001 = 'Tablet (unit of presentation)')</span>/1 plaquette<span style="background: LightGoldenRodYellow"> (Details: SNOMED CT  code732984005 = 'Blister (unit of presentation)')</span></p><h3>Ingredients</h3><table class="grid"><tr><td style="display: none">-</td><td><b>Item[x]</b></td><td><b>IsActive</b></td><td><b>Strength</b></td></tr><tr><td style="display: none">*</td><td><span title="Codes:{http://snomed.info/sct 387517004}">Paracétamol</span></td><td>true</td><td>500 mg<span style="background: LightGoldenRodYellow"> (Details: UCUM  codemg = 'mg')</span>/1 comprimé<span style="background: LightGoldenRodYellow"> (Details: SNOMED CT  code732936001 = 'Tablet (unit of presentation)')</span></td></tr></table></blockquote></div>
  </text>
  <contained>
    <Medication>
      <id value="MedicationParacetamolDafalganEff"/>
      <meta>
        <profile value="http://fhir.ch/ig/ch-emed-epr/StructureDefinition/ch-emed-epr-medication"/>
      </meta>
      <language value="fr-CH"/>
      <code>
        <coding>
          <system value="urn:oid:2.51.1.1"/>
          <code value="7680475030011"/>
          <display value="DAFALGAN cpr eff 500mg"/>
        </coding>
        <coding>
          <system value="http://www.whocc.no/atc"/>
          <code value="N02BE01"/>
          <display value="paracetamol"/>
        </coding>
        <text value="DAFALGAN cpr eff 500mg"/>
      </code>
      <form>
        <coding>
          <system value="urn:oid:0.4.0.127.0.16.1.1.2.1"/>
          <code value="10222000"/>
          <display value="Comprimé effervescent"/>
        </coding>
        <text value="Comprimé effervescent"/>
      </form>
      <amount>
        <numerator>
          <value value="40"/>
          <unit value="comprimé"/>
          <system value="http://snomed.info/sct"/>
          <code value="732936001"/>
        </numerator>
        <denominator>
          <value value="1"/>
          <unit value="plaquette"/>
          <system value="http://snomed.info/sct"/>
          <code value="732984005"/>
        </denominator>
      </amount>
      <ingredient>
        <itemCodeableConcept>
          <coding>
            <system value="http://snomed.info/sct"/>
            <code value="387517004"/>
            <display value="Paracetamol (substance)"/>
          </coding>
          <text value="Paracétamol"/>
        </itemCodeableConcept>
        <isActive value="true"/>
        <strength>
          <numerator>
            <value value="500"/>
            <unit value="mg"/>
            <system value="http://unitsofmeasure.org"/>
            <code value="mg"/>
          </numerator>
          <denominator>
            <value value="1"/>
            <unit value="comprimé"/>
            <system value="http://snomed.info/sct"/>
            <code value="732936001"/>
          </denominator>
        </strength>
      </ingredient>
    </Medication>
  </contained>
  <identifier>
    <system value="urn:ietf:rfc:3986"/>
    <value value="urn:uuid:cb13d6de-051f-4a3e-ab85-c05650fa254e"/>
  </identifier>
  <status value="active"/>
  <medicationReference>
    <reference value="#MedicationParacetamolDafalganEff"/>
  </medicationReference>
  <subject>
    <reference value="urn:uuid:9b00e81e-1165-4039-9d60-698ef838ae1a"/>
  </subject>
  <dateAsserted value="2026-01-22T14:50:55.602+01:00"/>
  <informationSource>
    <reference value="urn:uuid:9b00e81e-1165-4039-9d60-698ef838ae1a"/>
  </informationSource>
  <reasonCode>
    <text value="J'ai souvent mal à la tête."/>
  </reasonCode>
  <dosage>
    <text value="1 comprimé en réserve, à avaler si besoin, à partir du 22 janvier 2026."/>
    <timing>
      <repeat>
        <boundsPeriod>
          <start value="2026-01-22"/>
        </boundsPeriod>
      </repeat>
    </timing>
    <asNeededBoolean value="true"/>
    <route>
      <coding>
        <system value="urn:oid:0.4.0.127.0.16.1.1.2.1"/>
        <code value="20053000"/>
        <display value="Oral use"/>
      </coding>
      <text value="À avaler"/>
    </route>
    <doseAndRate>
      <doseQuantity>
        <value value="1"/>
        <unit value="comprimé"/>
        <system value="http://snomed.info/sct"/>
        <code value="732936001"/>
      </doseQuantity>
    </doseAndRate>
  </dosage>
</MedicationStatement>