<?xml version="1.0" encoding="UTF-8"?>

<CodeSystem xmlns="http://hl7.org/fhir">
  <id value="2.16.756.5.30.1.127.3.10.6"/>
  <meta>
    <source value="https://art-decor.org/fhir/ValueSet/2.16.756.5.30.1.127.3.10.15.1--20220626152355"/>
  </meta>
  <text>
    <status value="generated"/><div xmlns="http://www.w3.org/1999/xhtml"><p>This case-sensitive code system <code>urn:oid:2.16.756.5.30.1.127.3.10.6</code> defines the following codes:</p><table class="codes"><tr><td style="white-space:nowrap"><b>Code</b></td><td><b>Display</b></td></tr><tr><td style="white-space:nowrap">PAT<a name="2.16.756.5.30.1.127.3.10.6-PAT"> </a></td><td>Patient</td></tr><tr><td style="white-space:nowrap">HCP<a name="2.16.756.5.30.1.127.3.10.6-HCP"> </a></td><td>Healthcare professional</td></tr><tr><td style="white-space:nowrap">ASS<a name="2.16.756.5.30.1.127.3.10.6-ASS"> </a></td><td>Assistant</td></tr><tr><td style="white-space:nowrap">REP<a name="2.16.756.5.30.1.127.3.10.6-REP"> </a></td><td>Representative</td></tr><tr><td style="white-space:nowrap">TCU<a name="2.16.756.5.30.1.127.3.10.6-TCU"> </a></td><td>Technical user</td></tr><tr><td style="white-space:nowrap">DADM<a name="2.16.756.5.30.1.127.3.10.6-DADM"> </a></td><td>Document Administrator</td></tr><tr><td style="white-space:nowrap">PADM<a name="2.16.756.5.30.1.127.3.10.6-PADM"> </a></td><td>Policy Administrator</td></tr></table><p><b>Additional Language Displays</b></p><table class="codes"><tr><td><b>Code</b></td><td><b>Deutsch (Schweiz) (German (Switzerland), de)</b></td><td><b>English (United States) (English (United States), en)</b></td><td><b>French (Switzerland) (fr)</b></td><td><b>Italian (Switzerland) (it)</b></td><td><b>rm</b></td></tr><tr><td>PAT</td><td>Patient</td><td>Patient</td><td>Patient</td><td>Paziente</td><td>Pazient</td></tr><tr><td>HCP</td><td>Gesundheitsfachperson</td><td>Healthcare professional</td><td>Professionnel de la santé</td><td>Professionista della salute</td><td>Persuna spezialisada dal sectur da sanadad</td></tr><tr><td>ASS</td><td>Hilfsperson</td><td>Assistant</td><td>Assistant</td><td>Assistente</td><td>Persuna d'agid</td></tr><tr><td>REP</td><td>Stellvertretung</td><td>Representative</td><td>Représentant</td><td>Rappresentante</td><td>Substituziun</td></tr><tr><td>TCU</td><td>Technischer Nutzer</td><td>Technical user</td><td>Utilisateur technique</td><td>Utente tecnico</td><td>Utilisader tecnic</td></tr><tr><td>DADM</td><td>Dokumenten-Administrator</td><td>Document Administrator</td><td>Administrateur des documents</td><td>Amministratore documenti</td><td>Administratur da documents</td></tr><tr><td>PADM</td><td>Datenschutzrichtlinien-Administrator</td><td>Policy Administrator</td><td>Administrateur des directives de protection des données</td><td>Amministratore diritti di accesso</td><td>Administratur da las directivas davart la protecziun da datas</td></tr></table></div>
  </text>
  <extension url="http://hl7.org/fhir/StructureDefinition/resource-effectivePeriod">
    <valuePeriod>
      <start value="2022-06-26T15:23:55+02:00"/>
    </valuePeriod>
  </extension>
  <url value="urn:oid:2.16.756.5.30.1.127.3.10.6"/>
  <version value="2.0.10"/>
  <name value="ChEhealthCodesystemRole"/>
  <title value="ch-ehealth-codesystem-role"/>
  <status value="active"/>
  <experimental value="false"/>
  <date value="2023-12-19T12:39:34+01:00"/>
  <publisher value="HL7 Switzerland"/>
  <contact>
    <name value="HL7 Switzerland"/>
    <telecom>
      <system value="url"/>
      <value value="https://www.hl7.ch/"/>
    </telecom>
  </contact>
  <description value="Role codes as per Annex 5 EPRO-FDHA, version July 2019"/>
  <jurisdiction>
    <coding>
      <system value="urn:iso:std:iso:3166"/>
      <code value="CH"/>
    </coding>
  </jurisdiction>
  <copyright value="CC0-1.0"/>
  <caseSensitive value="true"/>
  <content value="complete"/>
  <concept>
    <code value="PAT"/>
    <display value="Patient"/>
    <designation>
      <language value="de-CH"/>
      <value value="Patient"/>
    </designation>
    <designation>
      <language value="fr-CH"/>
      <value value="Patient"/>
    </designation>
    <designation>
      <language value="it-CH"/>
      <value value="Paziente"/>
    </designation>
    <designation>
      <language value="en-US"/>
      <value value="Patient"/>
    </designation>
    <designation>
      <language value="rm-CH"/>
      <value value="Pazient"/>
    </designation>
  </concept>
  <concept>
    <code value="HCP"/>
    <display value="Healthcare professional"/>
    <designation>
      <language value="de-CH"/>
      <value value="Gesundheitsfachperson"/>
    </designation>
    <designation>
      <language value="fr-CH"/>
      <value value="Professionnel de la santé"/>
    </designation>
    <designation>
      <language value="it-CH"/>
      <value value="Professionista della salute"/>
    </designation>
    <designation>
      <language value="en-US"/>
      <value value="Healthcare professional"/>
    </designation>
    <designation>
      <language value="rm-CH"/>
      <value value="Persuna spezialisada dal sectur da sanadad"/>
    </designation>
  </concept>
  <concept>
    <code value="ASS"/>
    <display value="Assistant"/>
    <designation>
      <language value="de-CH"/>
      <value value="Hilfsperson"/>
    </designation>
    <designation>
      <language value="fr-CH"/>
      <value value="Assistant"/>
    </designation>
    <designation>
      <language value="it-CH"/>
      <value value="Assistente"/>
    </designation>
    <designation>
      <language value="en-US"/>
      <value value="Assistant"/>
    </designation>
    <designation>
      <language value="rm-CH"/>
      <value value="Persuna d'agid"/>
    </designation>
  </concept>
  <concept>
    <code value="REP"/>
    <display value="Representative"/>
    <designation>
      <language value="de-CH"/>
      <value value="Stellvertretung"/>
    </designation>
    <designation>
      <language value="fr-CH"/>
      <value value="Représentant"/>
    </designation>
    <designation>
      <language value="it-CH"/>
      <value value="Rappresentante"/>
    </designation>
    <designation>
      <language value="en-US"/>
      <value value="Representative"/>
    </designation>
    <designation>
      <language value="rm-CH"/>
      <value value="Substituziun"/>
    </designation>
  </concept>
  <concept>
    <code value="TCU"/>
    <display value="Technical user"/>
    <designation>
      <language value="de-CH"/>
      <value value="Technischer Nutzer"/>
    </designation>
    <designation>
      <language value="fr-CH"/>
      <value value="Utilisateur technique"/>
    </designation>
    <designation>
      <language value="it-CH"/>
      <value value="Utente tecnico"/>
    </designation>
    <designation>
      <language value="en-US"/>
      <value value="Technical user"/>
    </designation>
    <designation>
      <language value="rm-CH"/>
      <value value="Utilisader tecnic"/>
    </designation>
  </concept>
  <concept>
    <code value="DADM"/>
    <display value="Document Administrator"/>
    <designation>
      <language value="de-CH"/>
      <value value="Dokumenten-Administrator"/>
    </designation>
    <designation>
      <language value="fr-CH"/>
      <value value="Administrateur des documents"/>
    </designation>
    <designation>
      <language value="it-CH"/>
      <value value="Amministratore documenti"/>
    </designation>
    <designation>
      <language value="en-US"/>
      <value value="Document Administrator"/>
    </designation>
    <designation>
      <language value="rm-CH"/>
      <value value="Administratur da documents"/>
    </designation>
  </concept>
  <concept>
    <code value="PADM"/>
    <display value="Policy Administrator"/>
    <designation>
      <language value="de-CH"/>
      <value value="Datenschutzrichtlinien-Administrator"/>
    </designation>
    <designation>
      <language value="fr-CH"/>
      <value value="Administrateur des directives de protection des données"/>
    </designation>
    <designation>
      <language value="it-CH"/>
      <value value="Amministratore diritti di accesso"/>
    </designation>
    <designation>
      <language value="en-US"/>
      <value value="Policy Administrator"/>
    </designation>
    <designation>
      <language value="rm-CH"/>
      <value value="Administratur da las directivas davart la protecziun da datas"/>
    </designation>
  </concept>
</CodeSystem>