<?xml version="1.0" encoding="UTF-8"?>

<ValueSet xmlns="http://hl7.org/fhir">
  <id value="DocumentEntry.mimeType"/>
  <meta>
    <source value="https://art-decor.org/fhir/ValueSet/2.16.756.5.30.1.127.3.10.1.16--20230522175111"/>
    <profile value="http://hl7.org/fhir/StructureDefinition/shareablevalueset"/>
  </meta>
  <text>
    <status value="generated"/><div xmlns="http://www.w3.org/1999/xhtml"><ul><li>Include these codes as defined in <code>urn:ietf:bcp:13</code><table class="none"><tr><td style="white-space:nowrap"><b>Code</b></td><td><b>Display</b></td></tr><tr><td>application/dicom</td><td>DICOM</td></tr><tr><td>application/fhir+json</td><td>FHIR (JSON)</td></tr><tr><td>application/fhir+xml</td><td>FHIR (XML)</td></tr><tr><td>application/pdf</td><td>PDF</td></tr><tr><td>audio/mp4</td><td>MP4 Audio</td></tr><tr><td>audio/mpeg</td><td>MPEG audio layer 3</td></tr><tr><td>image/gif</td><td>GIF Graphics Interchange Format</td></tr><tr><td>image/jp2</td><td>JPEG 2000 Core Image File</td></tr><tr><td>image/jpeg</td><td>JPEG Image</td></tr><tr><td>image/jpm</td><td>JPEG 2000 Compound Image File</td></tr><tr><td>image/jpx</td><td>JPEG 2000 Image File</td></tr><tr><td>image/png</td><td>PNG Portable Network Graphics</td></tr><tr><td>image/tiff</td><td>TIFF Image</td></tr><tr><td>model/vrml</td><td>Virtual Reality Modeling Language</td></tr><tr><td>model/x3d+xml</td><td>Extensible 3D Graphics (XML)</td></tr><tr><td>model/x3d-vrml</td><td>Extensible 3D Graphics (VRML)</td></tr><tr><td>multipart/multilingual</td><td>Multilingual Multipart</td></tr><tr><td>multipart/signed</td><td>Signed Multipart</td></tr><tr><td>multipart/x-hl7-cda-level1</td><td>CDA Level 1 Multipart</td></tr><tr><td>text/csv</td><td>CSV Comma-separated Values</td></tr><tr><td>text/plain</td><td>Plain Text</td></tr><tr><td>text/xml</td><td>XML-Text</td></tr><tr><td>video/mj2</td><td>Motion JPEG 2000</td></tr><tr><td>video/mp4</td><td>MPEG-4 Part 14</td></tr><tr><td>video/mpeg</td><td>MPEG Video</td></tr></table></li></ul><p><b>Additional Language Displays</b></p><table class="codes"><tr><td><b>Code</b></td><td><b>Deutsch (Schweiz) (German (Switzerland), de)</b></td><td><b>English (United States) (English (United States), en)</b></td><td><b>French (Switzerland) (fr)</b></td><td><b>Italian (Switzerland) (it)</b></td><td><b>rm</b></td></tr><tr><td>application/dicom</td><td>DICOM</td><td>DICOM</td><td>DICOM</td><td>DICOM</td><td>DICOM</td></tr><tr><td>application/fhir+json</td><td>FHIR (JSON)</td><td>FHIR (JSON)</td><td>FHIR (JSON)</td><td>FHIR (JSON)</td><td>FHIR (JSON)</td></tr><tr><td>application/fhir+xml</td><td>FHIR (XML)</td><td>FHIR (XML)</td><td>FHIR (XML)</td><td>FHIR (XML)</td><td>FHIR (XML)</td></tr><tr><td>application/pdf</td><td>PDF</td><td>PDF</td><td>PDF</td><td>PDF</td><td>PDF</td></tr><tr><td>audio/mp4</td><td>MP4 Audio</td><td>MP4 Audio</td><td>MP4 Audio</td><td>MP4 Audio</td><td>MP4 Audio</td></tr><tr><td>audio/mpeg</td><td>MPEG audio layer 3</td><td>MPEG audio layer 3</td><td>MPEG audio layer 3</td><td>MPEG audio layer 3</td><td>MPEG audio layer 3</td></tr><tr><td>image/gif</td><td>GIF Graphics Interchange Format</td><td>GIF Graphics Interchange Format</td><td>GIF Graphics Interchange Format</td><td>GIF Graphics Interchange Format</td><td>GIF Graphics Interchange Format</td></tr><tr><td>image/jp2</td><td>JPEG 2000 Core Image File</td><td>JPEG 2000 Core Image File</td><td>JPEG 2000 Core Image File</td><td>JPEG 2000 Core Image File</td><td>JPEG 2000 Core Image File</td></tr><tr><td>image/jpeg</td><td>JPEG Image</td><td>JPEG Image</td><td>JPEG Image</td><td>JPEG Image</td><td>JPEG Image</td></tr><tr><td>image/jpm</td><td>JPEG 2000 Compound Image File</td><td>JPEG 2000 Compound Image File</td><td>JPEG 2000 Compound Image File</td><td>JPEG 2000 Compound Image File</td><td>JPEG 2000 Compound Image File</td></tr><tr><td>image/jpx</td><td>JPEG 2000 Image File</td><td>JPEG 2000 Image File</td><td>JPEG 2000 Image File</td><td>JPEG 2000 Image File</td><td>JPEG 2000 Image File</td></tr><tr><td>image/png</td><td>PNG Portable Network Graphics</td><td>PNG Portable Network Graphics</td><td>PNG Portable Network Graphics</td><td>PNG Portable Network Graphics</td><td>PNG Portable Network Graphics</td></tr><tr><td>image/tiff</td><td>TIFF Image</td><td>TIFF Image</td><td>TIFF Image</td><td>TIFF Image</td><td>TIFF Image</td></tr><tr><td>model/vrml</td><td>Virtual Reality Modeling Language</td><td>Virtual Reality Modeling Language</td><td>Virtual Reality Modeling Language</td><td>Virtual Reality Modeling Language</td><td>Virtual Reality Modeling Language</td></tr><tr><td>model/x3d+xml</td><td>Extensible 3D Graphics (XML)</td><td>Extensible 3D Graphics (XML)</td><td>Extensible 3D Graphics (XML)</td><td>Extensible 3D Graphics (XML)</td><td>Extensible 3D Graphics (XML)</td></tr><tr><td>model/x3d-vrml</td><td>Extensible 3D Graphics (VRML)</td><td>Extensible 3D Graphics (VRML)</td><td>Extensible 3D Graphics (VRML)</td><td>Extensible 3D Graphics (VRML)</td><td>Extensible 3D Graphics (VRML)</td></tr><tr><td>multipart/multilingual</td><td>Multilingual Multipart</td><td>Multilingual Multipart</td><td>Multilingual Multipart</td><td>Multilingual Multipart</td><td>Multilingual Multipart</td></tr><tr><td>multipart/signed</td><td>Signed Multipart</td><td>Signed Multipart</td><td>Signed Multipart</td><td>Signed Multipart</td><td>Signed Multipart</td></tr><tr><td>multipart/x-hl7-cda-level1</td><td>CDA Level 1 Multipart</td><td>CDA Level 1 Multipart</td><td>CDA Level 1 Multipart</td><td>CDA Level 1 Multipart</td><td>CDA Level 1 Multipart</td></tr><tr><td>text/csv</td><td>CSV Comma-separated Values</td><td>CSV Comma-separated Values</td><td>CSV Comma-separated Values</td><td>CSV Comma-separated Values</td><td>CSV Comma-separated Values</td></tr><tr><td>text/plain</td><td>Plain Text</td><td>Plain Text</td><td>Plain Text</td><td>Plain Text</td><td>Plain Text</td></tr><tr><td>text/xml</td><td>XML-Text</td><td>XML-Text</td><td>XML-Text</td><td>XML-Text</td><td>XML-Text</td></tr><tr><td>video/mj2</td><td>Motion JPEG 2000</td><td>Motion JPEG 2000</td><td>Motion JPEG 2000</td><td>Motion JPEG 2000</td><td>Motion JPEG 2000</td></tr><tr><td>video/mp4</td><td>MPEG-4 Part 14</td><td>MPEG-4 Part 14</td><td>MPEG-4 Part 14</td><td>MPEG-4 Part 14</td><td>MPEG-4 Part 14</td></tr><tr><td>video/mpeg</td><td>MPEG Video</td><td>MPEG Video</td><td>MPEG Video</td><td>MPEG Video</td><td>MPEG Video</td></tr></table></div>
  </text>
  <extension url="http://hl7.org/fhir/StructureDefinition/resource-effectivePeriod">
    <valuePeriod>
      <start value="2023-05-22T17:51:11+02:00"/>
    </valuePeriod>
  </extension>
  <url value="http://fhir.ch/ig/ch-epr-term/ValueSet/DocumentEntry.mimeType"/>
  <identifier>
    <use value="official"/>
    <system value="urn:ietf:rfc:3986"/>
    <value value="urn:oid:2.16.756.5.30.1.127.3.10.1.16"/>
  </identifier>
  <version value="2.0.10"/>
  <name value="DocumentEntryMimeType"/>
  <title value="DocumentEntry.mimeType"/>
  <status value="active"/>
  <experimental value="false"/>
  <date value="2023-12-19T12:39:34+01:00"/>
  <publisher value="HL7 Switzerland"/>
  <contact>
    <name value="HL7 Switzerland"/>
    <telecom>
      <system value="url"/>
      <value value="https://www.hl7.ch/"/>
    </telecom>
  </contact>
  <description value="MIME type of the document as per Annex; EPRO-FDHA."/>
  <jurisdiction>
    <coding>
      <system value="urn:iso:std:iso:3166"/>
      <code value="CH"/>
    </coding>
  </jurisdiction>
  <immutable value="false"/>
  <copyright value="CC0-1.0"/>
  <compose>
    <include>
      <system value="urn:ietf:bcp:13"/>
      <concept>
        <code value="application/dicom"/>
        <display value="DICOM"/>
        <designation>
          <language value="de-CH"/>
          <value value="DICOM"/>
        </designation>
        <designation>
          <language value="fr-CH"/>
          <value value="DICOM"/>
        </designation>
        <designation>
          <language value="it-CH"/>
          <value value="DICOM"/>
        </designation>
        <designation>
          <language value="rm-CH"/>
          <value value="DICOM"/>
        </designation>
        <designation>
          <language value="en-US"/>
          <value value="DICOM"/>
        </designation>
      </concept>
      <concept>
        <code value="application/fhir+json"/>
        <display value="FHIR (JSON)"/>
        <designation>
          <language value="de-CH"/>
          <value value="FHIR (JSON)"/>
        </designation>
        <designation>
          <language value="fr-CH"/>
          <value value="FHIR (JSON)"/>
        </designation>
        <designation>
          <language value="it-CH"/>
          <value value="FHIR (JSON)"/>
        </designation>
        <designation>
          <language value="rm-CH"/>
          <value value="FHIR (JSON)"/>
        </designation>
        <designation>
          <language value="en-US"/>
          <value value="FHIR (JSON)"/>
        </designation>
      </concept>
      <concept>
        <code value="application/fhir+xml"/>
        <display value="FHIR (XML)"/>
        <designation>
          <language value="de-CH"/>
          <value value="FHIR (XML)"/>
        </designation>
        <designation>
          <language value="fr-CH"/>
          <value value="FHIR (XML)"/>
        </designation>
        <designation>
          <language value="it-CH"/>
          <value value="FHIR (XML)"/>
        </designation>
        <designation>
          <language value="rm-CH"/>
          <value value="FHIR (XML)"/>
        </designation>
        <designation>
          <language value="en-US"/>
          <value value="FHIR (XML)"/>
        </designation>
      </concept>
      <concept>
        <code value="application/pdf"/>
        <display value="PDF"/>
        <designation>
          <language value="de-CH"/>
          <value value="PDF"/>
        </designation>
        <designation>
          <language value="fr-CH"/>
          <value value="PDF"/>
        </designation>
        <designation>
          <language value="it-CH"/>
          <value value="PDF"/>
        </designation>
        <designation>
          <language value="rm-CH"/>
          <value value="PDF"/>
        </designation>
        <designation>
          <language value="en-US"/>
          <value value="PDF"/>
        </designation>
      </concept>
      <concept>
        <code value="audio/mp4"/>
        <display value="MP4 Audio"/>
        <designation>
          <language value="de-CH"/>
          <value value="MP4 Audio"/>
        </designation>
        <designation>
          <language value="fr-CH"/>
          <value value="MP4 Audio"/>
        </designation>
        <designation>
          <language value="it-CH"/>
          <value value="MP4 Audio"/>
        </designation>
        <designation>
          <language value="rm-CH"/>
          <value value="MP4 Audio"/>
        </designation>
        <designation>
          <language value="en-US"/>
          <value value="MP4 Audio"/>
        </designation>
      </concept>
      <concept>
        <code value="audio/mpeg"/>
        <display value="MPEG audio layer 3"/>
        <designation>
          <language value="de-CH"/>
          <value value="MPEG audio layer 3"/>
        </designation>
        <designation>
          <language value="fr-CH"/>
          <value value="MPEG audio layer 3"/>
        </designation>
        <designation>
          <language value="it-CH"/>
          <value value="MPEG audio layer 3"/>
        </designation>
        <designation>
          <language value="rm-CH"/>
          <value value="MPEG audio layer 3"/>
        </designation>
        <designation>
          <language value="en-US"/>
          <value value="MPEG audio layer 3"/>
        </designation>
      </concept>
      <concept>
        <code value="image/gif"/>
        <display value="GIF Graphics Interchange Format"/>
        <designation>
          <language value="de-CH"/>
          <value value="GIF Graphics Interchange Format"/>
        </designation>
        <designation>
          <language value="fr-CH"/>
          <value value="GIF Graphics Interchange Format"/>
        </designation>
        <designation>
          <language value="it-CH"/>
          <value value="GIF Graphics Interchange Format"/>
        </designation>
        <designation>
          <language value="rm-CH"/>
          <value value="GIF Graphics Interchange Format"/>
        </designation>
        <designation>
          <language value="en-US"/>
          <value value="GIF Graphics Interchange Format"/>
        </designation>
      </concept>
      <concept>
        <code value="image/jp2"/>
        <display value="JPEG 2000 Core Image File"/>
        <designation>
          <language value="de-CH"/>
          <value value="JPEG 2000 Core Image File"/>
        </designation>
        <designation>
          <language value="fr-CH"/>
          <value value="JPEG 2000 Core Image File"/>
        </designation>
        <designation>
          <language value="it-CH"/>
          <value value="JPEG 2000 Core Image File"/>
        </designation>
        <designation>
          <language value="rm-CH"/>
          <value value="JPEG 2000 Core Image File"/>
        </designation>
        <designation>
          <language value="en-US"/>
          <value value="JPEG 2000 Core Image File"/>
        </designation>
      </concept>
      <concept>
        <code value="image/jpeg"/>
        <display value="JPEG Image"/>
        <designation>
          <language value="de-CH"/>
          <value value="JPEG Image"/>
        </designation>
        <designation>
          <language value="fr-CH"/>
          <value value="JPEG Image"/>
        </designation>
        <designation>
          <language value="it-CH"/>
          <value value="JPEG Image"/>
        </designation>
        <designation>
          <language value="rm-CH"/>
          <value value="JPEG Image"/>
        </designation>
        <designation>
          <language value="en-US"/>
          <value value="JPEG Image"/>
        </designation>
      </concept>
      <concept>
        <code value="image/jpm"/>
        <display value="JPEG 2000 Compound Image File"/>
        <designation>
          <language value="de-CH"/>
          <value value="JPEG 2000 Compound Image File"/>
        </designation>
        <designation>
          <language value="fr-CH"/>
          <value value="JPEG 2000 Compound Image File"/>
        </designation>
        <designation>
          <language value="it-CH"/>
          <value value="JPEG 2000 Compound Image File"/>
        </designation>
        <designation>
          <language value="rm-CH"/>
          <value value="JPEG 2000 Compound Image File"/>
        </designation>
        <designation>
          <language value="en-US"/>
          <value value="JPEG 2000 Compound Image File"/>
        </designation>
      </concept>
      <concept>
        <code value="image/jpx"/>
        <display value="JPEG 2000 Image File"/>
        <designation>
          <language value="de-CH"/>
          <value value="JPEG 2000 Image File"/>
        </designation>
        <designation>
          <language value="fr-CH"/>
          <value value="JPEG 2000 Image File"/>
        </designation>
        <designation>
          <language value="it-CH"/>
          <value value="JPEG 2000 Image File"/>
        </designation>
        <designation>
          <language value="rm-CH"/>
          <value value="JPEG 2000 Image File"/>
        </designation>
        <designation>
          <language value="en-US"/>
          <value value="JPEG 2000 Image File"/>
        </designation>
      </concept>
      <concept>
        <code value="image/png"/>
        <display value="PNG Portable Network Graphics"/>
        <designation>
          <language value="de-CH"/>
          <value value="PNG Portable Network Graphics"/>
        </designation>
        <designation>
          <language value="fr-CH"/>
          <value value="PNG Portable Network Graphics"/>
        </designation>
        <designation>
          <language value="it-CH"/>
          <value value="PNG Portable Network Graphics"/>
        </designation>
        <designation>
          <language value="rm-CH"/>
          <value value="PNG Portable Network Graphics"/>
        </designation>
        <designation>
          <language value="en-US"/>
          <value value="PNG Portable Network Graphics"/>
        </designation>
      </concept>
      <concept>
        <code value="image/tiff"/>
        <display value="TIFF Image"/>
        <designation>
          <language value="de-CH"/>
          <value value="TIFF Image"/>
        </designation>
        <designation>
          <language value="fr-CH"/>
          <value value="TIFF Image"/>
        </designation>
        <designation>
          <language value="it-CH"/>
          <value value="TIFF Image"/>
        </designation>
        <designation>
          <language value="rm-CH"/>
          <value value="TIFF Image"/>
        </designation>
        <designation>
          <language value="en-US"/>
          <value value="TIFF Image"/>
        </designation>
      </concept>
      <concept>
        <code value="model/vrml"/>
        <display value="Virtual Reality Modeling Language"/>
        <designation>
          <language value="de-CH"/>
          <value value="Virtual Reality Modeling Language"/>
        </designation>
        <designation>
          <language value="fr-CH"/>
          <value value="Virtual Reality Modeling Language"/>
        </designation>
        <designation>
          <language value="it-CH"/>
          <value value="Virtual Reality Modeling Language"/>
        </designation>
        <designation>
          <language value="rm-CH"/>
          <value value="Virtual Reality Modeling Language"/>
        </designation>
        <designation>
          <language value="en-US"/>
          <value value="Virtual Reality Modeling Language"/>
        </designation>
      </concept>
      <concept>
        <code value="model/x3d+xml"/>
        <display value="Extensible 3D Graphics (XML)"/>
        <designation>
          <language value="de-CH"/>
          <value value="Extensible 3D Graphics (XML)"/>
        </designation>
        <designation>
          <language value="fr-CH"/>
          <value value="Extensible 3D Graphics (XML)"/>
        </designation>
        <designation>
          <language value="it-CH"/>
          <value value="Extensible 3D Graphics (XML)"/>
        </designation>
        <designation>
          <language value="rm-CH"/>
          <value value="Extensible 3D Graphics (XML)"/>
        </designation>
        <designation>
          <language value="en-US"/>
          <value value="Extensible 3D Graphics (XML)"/>
        </designation>
      </concept>
      <concept>
        <code value="model/x3d-vrml"/>
        <display value="Extensible 3D Graphics (VRML)"/>
        <designation>
          <language value="de-CH"/>
          <value value="Extensible 3D Graphics (VRML)"/>
        </designation>
        <designation>
          <language value="fr-CH"/>
          <value value="Extensible 3D Graphics (VRML)"/>
        </designation>
        <designation>
          <language value="it-CH"/>
          <value value="Extensible 3D Graphics (VRML)"/>
        </designation>
        <designation>
          <language value="rm-CH"/>
          <value value="Extensible 3D Graphics (VRML)"/>
        </designation>
        <designation>
          <language value="en-US"/>
          <value value="Extensible 3D Graphics (VRML)"/>
        </designation>
      </concept>
      <concept>
        <code value="multipart/multilingual"/>
        <display value="Multilingual Multipart"/>
        <designation>
          <language value="de-CH"/>
          <value value="Multilingual Multipart"/>
        </designation>
        <designation>
          <language value="fr-CH"/>
          <value value="Multilingual Multipart"/>
        </designation>
        <designation>
          <language value="it-CH"/>
          <value value="Multilingual Multipart"/>
        </designation>
        <designation>
          <language value="rm-CH"/>
          <value value="Multilingual Multipart"/>
        </designation>
        <designation>
          <language value="en-US"/>
          <value value="Multilingual Multipart"/>
        </designation>
      </concept>
      <concept>
        <code value="multipart/signed"/>
        <display value="Signed Multipart"/>
        <designation>
          <language value="de-CH"/>
          <value value="Signed Multipart"/>
        </designation>
        <designation>
          <language value="fr-CH"/>
          <value value="Signed Multipart"/>
        </designation>
        <designation>
          <language value="it-CH"/>
          <value value="Signed Multipart"/>
        </designation>
        <designation>
          <language value="rm-CH"/>
          <value value="Signed Multipart"/>
        </designation>
        <designation>
          <language value="en-US"/>
          <value value="Signed Multipart"/>
        </designation>
      </concept>
      <concept>
        <code value="multipart/x-hl7-cda-level1"/>
        <display value="CDA Level 1 Multipart"/>
        <designation>
          <language value="de-CH"/>
          <value value="CDA Level 1 Multipart"/>
        </designation>
        <designation>
          <language value="fr-CH"/>
          <value value="CDA Level 1 Multipart"/>
        </designation>
        <designation>
          <language value="it-CH"/>
          <value value="CDA Level 1 Multipart"/>
        </designation>
        <designation>
          <language value="rm-CH"/>
          <value value="CDA Level 1 Multipart"/>
        </designation>
        <designation>
          <language value="en-US"/>
          <value value="CDA Level 1 Multipart"/>
        </designation>
      </concept>
      <concept>
        <code value="text/csv"/>
        <display value="CSV Comma-separated Values"/>
        <designation>
          <language value="de-CH"/>
          <value value="CSV Comma-separated Values"/>
        </designation>
        <designation>
          <language value="fr-CH"/>
          <value value="CSV Comma-separated Values"/>
        </designation>
        <designation>
          <language value="it-CH"/>
          <value value="CSV Comma-separated Values"/>
        </designation>
        <designation>
          <language value="rm-CH"/>
          <value value="CSV Comma-separated Values"/>
        </designation>
        <designation>
          <language value="en-US"/>
          <value value="CSV Comma-separated Values"/>
        </designation>
      </concept>
      <concept>
        <code value="text/plain"/>
        <display value="Plain Text"/>
        <designation>
          <language value="de-CH"/>
          <value value="Plain Text"/>
        </designation>
        <designation>
          <language value="fr-CH"/>
          <value value="Plain Text"/>
        </designation>
        <designation>
          <language value="it-CH"/>
          <value value="Plain Text"/>
        </designation>
        <designation>
          <language value="rm-CH"/>
          <value value="Plain Text"/>
        </designation>
        <designation>
          <language value="en-US"/>
          <value value="Plain Text"/>
        </designation>
      </concept>
      <concept>
        <code value="text/xml"/>
        <display value="XML-Text"/>
        <designation>
          <language value="de-CH"/>
          <value value="XML-Text"/>
        </designation>
        <designation>
          <language value="fr-CH"/>
          <value value="XML-Text"/>
        </designation>
        <designation>
          <language value="it-CH"/>
          <value value="XML-Text"/>
        </designation>
        <designation>
          <language value="rm-CH"/>
          <value value="XML-Text"/>
        </designation>
        <designation>
          <language value="en-US"/>
          <value value="XML-Text"/>
        </designation>
      </concept>
      <concept>
        <code value="video/mj2"/>
        <display value="Motion JPEG 2000"/>
        <designation>
          <language value="de-CH"/>
          <value value="Motion JPEG 2000"/>
        </designation>
        <designation>
          <language value="fr-CH"/>
          <value value="Motion JPEG 2000"/>
        </designation>
        <designation>
          <language value="it-CH"/>
          <value value="Motion JPEG 2000"/>
        </designation>
        <designation>
          <language value="rm-CH"/>
          <value value="Motion JPEG 2000"/>
        </designation>
        <designation>
          <language value="en-US"/>
          <value value="Motion JPEG 2000"/>
        </designation>
      </concept>
      <concept>
        <code value="video/mp4"/>
        <display value="MPEG-4 Part 14"/>
        <designation>
          <language value="de-CH"/>
          <value value="MPEG-4 Part 14"/>
        </designation>
        <designation>
          <language value="fr-CH"/>
          <value value="MPEG-4 Part 14"/>
        </designation>
        <designation>
          <language value="it-CH"/>
          <value value="MPEG-4 Part 14"/>
        </designation>
        <designation>
          <language value="rm-CH"/>
          <value value="MPEG-4 Part 14"/>
        </designation>
        <designation>
          <language value="en-US"/>
          <value value="MPEG-4 Part 14"/>
        </designation>
      </concept>
      <concept>
        <code value="video/mpeg"/>
        <display value="MPEG Video"/>
        <designation>
          <language value="de-CH"/>
          <value value="MPEG Video"/>
        </designation>
        <designation>
          <language value="fr-CH"/>
          <value value="MPEG Video"/>
        </designation>
        <designation>
          <language value="it-CH"/>
          <value value="MPEG Video"/>
        </designation>
        <designation>
          <language value="rm-CH"/>
          <value value="MPEG Video"/>
        </designation>
        <designation>
          <language value="en-US"/>
          <value value="MPEG Video"/>
        </designation>
      </concept>
    </include>
  </compose>
</ValueSet>