<?xml version="1.0" encoding="UTF-8"?>

<ValueSet xmlns="http://hl7.org/fhir">
  <id value="DocumentEntry.classCode"/>
  <meta>
    <source value="https://art-decor.org/fhir/ValueSet/2.16.756.5.30.1.127.3.10.1.3--20220625190312"/>
    <profile value="http://hl7.org/fhir/StructureDefinition/shareablevalueset"/>
  </meta>
  <text>
    <status value="generated"/><div xmlns="http://www.w3.org/1999/xhtml"><p>This value set includes codes based on the following rules:</p><ul><li>Include these codes as defined in <a href="http://www.snomed.org/"><code>http://snomed.info/sct</code></a> version <code>http://snomed.info/sct/2011000195101</code><table class="none"><tr><td style="white-space:nowrap"><b>Code</b></td><td><b>Display</b></td><td><b><a href="ValueSet-DocumentEntry.typeCode.html">DocumentEntryClassCodeToDocumentEntryTypeCode</a></b></td></tr><tr><td><a href="http://snomed.info/id/2171000195109">2171000195109</a></td><td>Obstetrical record (record artifact)</td><td><span title="SOURCEISBROADERTHANTARGET">&gt;</span><a href="http://snomed.info/id/419891008">419891008</a></td></tr></table></li><li>Include these codes as defined in <a href="http://www.snomed.org/"><code>http://snomed.info/sct</code></a><table class="none"><tr><td style="white-space:nowrap"><b>Code</b></td><td><b>Display</b></td><td><b><a href="ValueSet-DocumentEntry.typeCode.html">DocumentEntryClassCodeToDocumentEntryTypeCode</a></b></td></tr><tr><td><a href="http://snomed.info/id/371531000">371531000</a></td><td>Report of clinical encounter (record artifact)</td><td><span title="SOURCEISBROADERTHANTARGET">&gt;</span><a href="http://snomed.info/id/371530004">371530004</a><br/><span title="SOURCEISBROADERTHANTARGET">&gt;</span><a href="http://snomed.info/id/371529009">371529009</a><br/><span title="SOURCEISBROADERTHANTARGET">&gt;</span><a href="http://snomed.info/id/371532007">371532007</a><br/><span title="SOURCEISBROADERTHANTARGET">&gt;</span><a href="http://snomed.info/id/419891008">419891008</a></td></tr><tr><td><a href="http://snomed.info/id/721927009">721927009</a></td><td>Referral note (record artifact)</td><td><span title="SOURCEISBROADERTHANTARGET">&gt;</span><a href="http://snomed.info/id/419891008">419891008</a></td></tr><tr><td><a href="http://snomed.info/id/721963009">721963009</a></td><td>Order (record artifact)</td><td><span title="SOURCEISBROADERTHANTARGET">&gt;</span><a href="http://snomed.info/id/721965002">721965002</a><br/><span title="SOURCEISBROADERTHANTARGET">&gt;</span><a href="http://snomed.info/id/721966001">721966001</a><br/><span title="SOURCEISBROADERTHANTARGET">&gt;</span><a href="http://snomed.info/id/2161000195103">2161000195103</a><br/><span title="SOURCEISBROADERTHANTARGET">&gt;</span><a href="http://snomed.info/id/419891008">419891008</a></td></tr><tr><td><a href="http://snomed.info/id/422735006">422735006</a></td><td>Summary clinical document (record artifact)</td><td><span title="SOURCEISBROADERTHANTARGET">&gt;</span><a href="http://snomed.info/id/373942005">373942005</a><br/><span title="SOURCEISBROADERTHANTARGET">&gt;</span><a href="http://snomed.info/id/371535009">371535009</a><br/><span title="SOURCEISBROADERTHANTARGET">&gt;</span><a href="http://snomed.info/id/721912009">721912009</a><br/><span title="SOURCEISBROADERTHANTARGET">&gt;</span><a href="http://snomed.info/id/419891008">419891008</a></td></tr><tr><td><a href="http://snomed.info/id/371525003">371525003</a></td><td>Clinical procedure report (record artifact)</td><td><span title="SOURCEISBROADERTHANTARGET">&gt;</span><a href="http://snomed.info/id/371526002">371526002</a><br/><span title="SOURCEISBROADERTHANTARGET">&gt;</span><a href="http://snomed.info/id/4241000179101">4241000179101</a><br/><span title="SOURCEISBROADERTHANTARGET">&gt;</span><a href="http://snomed.info/id/371528001">371528001</a><br/><span title="SOURCEISBROADERTHANTARGET">&gt;</span><a href="http://snomed.info/id/4201000179104">4201000179104</a><br/><span title="SOURCEISBROADERTHANTARGET">&gt;</span><a href="http://snomed.info/id/900000000000471006">900000000000471006</a><br/><span title="SOURCEISBROADERTHANTARGET">&gt;</span><a href="http://snomed.info/id/787148009">787148009</a><br/><span title="SOURCEISBROADERTHANTARGET">&gt;</span><a href="http://snomed.info/id/419891008">419891008</a></td></tr><tr><td><a href="http://snomed.info/id/734163000">734163000</a></td><td>Care plan (record artifact)</td><td><span title="SOURCEISBROADERTHANTARGET">&gt;</span><a href="http://snomed.info/id/737427001">737427001</a><br/><span title="SOURCEISBROADERTHANTARGET">&gt;</span><a href="http://snomed.info/id/773130005">773130005</a><br/><span title="SOURCEISBROADERTHANTARGET">&gt;</span><a href="http://snomed.info/id/736055001">736055001</a><br/><span title="SOURCEISBROADERTHANTARGET">&gt;</span><a href="http://snomed.info/id/419891008">419891008</a></td></tr><tr><td><a href="http://snomed.info/id/440545006">440545006</a></td><td>Prescription record (record artifact)</td><td><span title="SOURCEISBROADERTHANTARGET">&gt;</span><a href="http://snomed.info/id/761938008">761938008</a><br/><span title="SOURCEISBROADERTHANTARGET">&gt;</span><a href="http://snomed.info/id/765492005">765492005</a><br/><span title="SOURCEISBROADERTHANTARGET">&gt;</span><a href="http://snomed.info/id/419891008">419891008</a></td></tr><tr><td><a href="http://snomed.info/id/184216000">184216000</a></td><td>Patient record type (record artifact)</td><td><span title="SOURCEISBROADERTHANTARGET">&gt;</span><a href="http://snomed.info/id/722446000">722446000</a><br/><span title="SOURCEISBROADERTHANTARGET">&gt;</span><a href="http://snomed.info/id/41000179103">41000179103</a><br/><span title="SOURCEISBROADERTHANTARGET">&gt;</span><a href="http://snomed.info/id/419891008">419891008</a></td></tr><tr><td><a href="http://snomed.info/id/371537001">371537001</a></td><td>Consent report (record artifact)</td><td><span title="SOURCEISBROADERTHANTARGET">&gt;</span><a href="http://snomed.info/id/419891008">419891008</a></td></tr><tr><td><a href="http://snomed.info/id/371538006">371538006</a></td><td>Advance directive report (record artifact)</td><td><span title="SOURCEISBROADERTHANTARGET">&gt;</span><a href="http://snomed.info/id/419891008">419891008</a></td></tr><tr><td><a href="http://snomed.info/id/722160009">722160009</a></td><td>Audit trail report (record artifact)</td><td><span title="SOURCEISBROADERTHANTARGET">&gt;</span><a href="http://snomed.info/id/419891008">419891008</a></td></tr><tr><td><a href="http://snomed.info/id/722216001">722216001</a></td><td>Emergency medical identification record (record artifact)</td><td><span title="SOURCEISBROADERTHANTARGET">&gt;</span><a href="http://snomed.info/id/419891008">419891008</a></td></tr><tr><td><a href="http://snomed.info/id/772790007">772790007</a></td><td>Organ donor card (record artifact)</td><td><span title="SOURCEISBROADERTHANTARGET">&gt;</span><a href="http://snomed.info/id/419891008">419891008</a></td></tr><tr><td><a href="http://snomed.info/id/405624007">405624007</a></td><td>Administrative documentation (record artifact)</td><td><span title="SOURCEISBROADERTHANTARGET">&gt;</span><a href="http://snomed.info/id/772786005">772786005</a><br/><span title="SOURCEISBROADERTHANTARGET">&gt;</span><a href="http://snomed.info/id/419891008">419891008</a></td></tr><tr><td><a href="http://snomed.info/id/417319006">417319006</a></td><td>Record of health event (record artifact)</td><td><span title="SOURCEISBROADERTHANTARGET">&gt;</span><a href="http://snomed.info/id/445300006">445300006</a><br/><span title="SOURCEISBROADERTHANTARGET">&gt;</span><a href="http://snomed.info/id/445418005">445418005</a><br/><span title="SOURCEISBROADERTHANTARGET">&gt;</span><a href="http://snomed.info/id/419891008">419891008</a></td></tr><tr><td><a href="http://snomed.info/id/419891008">419891008</a></td><td>Record artifact (record artifact)</td><td><span title="SOURCEISBROADERTHANTARGET">&gt;</span><a href="http://snomed.info/id/419891008">419891008</a></td></tr></table></li></ul><p><b>Additional Language Displays</b></p><table class="codes"><tr><td><b>Code</b></td><td><b>Deutsch (Schweiz) (German (Switzerland), de)</b></td><td><b>English (United States) (English (United States), en)</b></td><td><b>French (Switzerland) (fr)</b></td><td><b>Italian (Switzerland) (it)</b></td><td><b>rm</b></td></tr><tr><td>2171000195109</td><td>Schwangerschaftsbericht</td><td>Birth report</td><td>rapport de grossesse</td><td>rapporto di gravidanza</td><td>rapport da naschientscha</td></tr><tr><td>371531000</td><td>Konsultationsbericht</td><td>Report of clinical encounter</td><td>rapport de consultation</td><td>rapporto di visita medica</td><td>rapport da consultaziun</td></tr><tr><td>721927009</td><td>Zuweisungsschreiben</td><td>Referral note</td><td>lettre de référence</td><td>lettera d'invio</td><td>brev d'assegnaziun</td></tr><tr><td>721963009</td><td>Untersuchungsauftrag</td><td>Order</td><td>demande d'examen</td><td>richiesta di esami</td><td>incumbensa da consultaziun</td></tr><tr><td>422735006</td><td>Zusammenfassung</td><td>Summary</td><td>résumé</td><td>riepilogo</td><td>rapport resumà</td></tr><tr><td>371525003</td><td>Interventionsbericht</td><td>Procedure report</td><td>rapport d'intervention</td><td>rapporto operatorio</td><td>rapport d'intervenziun</td></tr><tr><td>734163000</td><td>Behandlungsplan</td><td>Care plan</td><td>plans de soins</td><td>piano di cura</td><td>plan da tractament</td></tr><tr><td>440545006</td><td>Rezept</td><td>Prescription</td><td>ordonnance</td><td>prescrizione medica</td><td>recept</td></tr><tr><td>184216000</td><td>Patientendokumentation</td><td>Patient documentation</td><td>documentation du patient</td><td>documentazione del paziente</td><td>documentaziun da lunga durada</td></tr><tr><td>371537001</td><td>Einverständniserklärung</td><td>Consent</td><td>consentement</td><td>consenso</td><td>consentiment</td></tr><tr><td>371538006</td><td>Patientenverfügung</td><td>Advance directives</td><td>directives anticipées</td><td>direttive anticipate</td><td>disposiziun dal pazient</td></tr><tr><td>722160009</td><td>Rückverfolgung der EPD Zugriffe</td><td>Record access</td><td>traçabilité des accès aux DEP</td><td>calloutronologia degli accessi alla CIP</td><td>repersequitabladad da l'access al DEP</td></tr><tr><td>722216001</td><td>Notfallkarte</td><td>Emergency ID card</td><td>carte d'urgence</td><td>tessera di emergenza</td><td>attest d'urgenza</td></tr><tr><td>772790007</td><td>Organspendeausweis</td><td>Organ donor card</td><td>carte de donneur d'organes</td><td>tessera di donatore di organi</td><td>attest da donatur d'organs</td></tr><tr><td>405624007</td><td>Administratives Dokument</td><td>Administrative document</td><td>document administratif</td><td>documento amministrativo</td><td>document administrativ</td></tr><tr><td>417319006</td><td>Dokument zu gesundheitsrelevantem Ereignis</td><td>Event report</td><td>document sur l'événement sanitaire</td><td>documento concernente un evento rilevante per la salute</td><td>document concernent  in eveniment relevant per la sanadad</td></tr><tr><td>419891008</td><td>Sonstige Dokumentation</td><td>Other documentation</td><td>autre documentation</td><td>altra documentazione</td><td>document betg designà pli precis</td></tr></table></div>
  </text>
  <extension url="http://hl7.org/fhir/StructureDefinition/resource-effectivePeriod">
    <valuePeriod>
      <start value="2022-06-25T19:03:12+02:00"/>
    </valuePeriod>
  </extension>
  <url value="http://fhir.ch/ig/ch-epr-term/ValueSet/DocumentEntry.classCode"/>
  <identifier>
    <use value="official"/>
    <system value="urn:ietf:rfc:3986"/>
    <value value="urn:oid:2.16.756.5.30.1.127.3.10.1.3"/>
  </identifier>
  <version value="2.0.10"/>
  <name value="DocumentEntryClassCode"/>
  <title value="DocumentEntry.classCode"/>
  <status value="active"/>
  <experimental value="false"/>
  <date value="2023-12-19T12:39:34+01:00"/>
  <publisher value="HL7 Switzerland"/>
  <contact>
    <name value="HL7 Switzerland"/>
    <telecom>
      <system value="url"/>
      <value value="https://www.hl7.ch/"/>
    </telecom>
  </contact>
  <description value="Document class as per EPRO-FDHA Annex 3"/>
  <jurisdiction>
    <coding>
      <system value="urn:iso:std:iso:3166"/>
      <code value="CH"/>
    </coding>
  </jurisdiction>
  <immutable value="false"/>
  <copyright value="This artefact includes content from SNOMED Clinical Terms® (SNOMED CT®) which is copyright of the International Health Terminology Standards Development Organisation (IHTSDO). Implementers of these artefacts must have the appropriate SNOMED CT Affiliate license - for more information contact http://www.snomed.org/snomed-ct/getsnomed-ct or info@snomed.org."/>
  <compose>
    <include>
      <system value="http://snomed.info/sct"/>
      <version value="http://snomed.info/sct/2011000195101"/>
      <concept>
        <code value="2171000195109"/>
        <display value="Obstetrical record (record artifact)"/>
        <designation>
          <language value="de-CH"/>
          <value value="Geburtsbericht"/>
        </designation>
        <designation>
          <language value="de-CH"/>
          <value value="Schwangerschaftsbericht"/>
        </designation>
        <designation>
          <language value="fr-CH"/>
          <value value="rapport de naissance"/>
        </designation>
        <designation>
          <language value="fr-CH"/>
          <value value="rapport de grossesse"/>
        </designation>
        <designation>
          <language value="it-CH"/>
          <value value="rapporto del parto"/>
        </designation>
        <designation>
          <language value="it-CH"/>
          <value value="rapporto di gravidanza"/>
        </designation>
        <designation>
          <language value="rm-CH"/>
          <value value="rapport da gravidanza"/>
        </designation>
        <designation>
          <language value="rm-CH"/>
          <value value="rapport da naschientscha"/>
        </designation>
        <designation>
          <language value="en-US"/>
          <value value="Pregnancy report"/>
        </designation>
        <designation>
          <language value="en-US"/>
          <value value="Birth report"/>
        </designation>
      </concept>
    </include>
    <include>
      <system value="http://snomed.info/sct"/>
      <concept>
        <code value="371531000"/>
        <display value="Report of clinical encounter (record artifact)"/>
        <designation>
          <language value="de-CH"/>
          <value value="Konsultationsbericht"/>
        </designation>
        <designation>
          <language value="fr-CH"/>
          <value value="rapport de consultation"/>
        </designation>
        <designation>
          <language value="it-CH"/>
          <value value="rapporto di visita medica"/>
        </designation>
        <designation>
          <language value="rm-CH"/>
          <value value="rapport da consultaziun"/>
        </designation>
        <designation>
          <language value="en-US"/>
          <value value="Report of clinical encounter"/>
        </designation>
      </concept>
      <concept>
        <code value="721927009"/>
        <display value="Referral note (record artifact)"/>
        <designation>
          <language value="de-CH"/>
          <value value="Zuweisungsschreiben"/>
        </designation>
        <designation>
          <language value="fr-CH"/>
          <value value="lettre de référence"/>
        </designation>
        <designation>
          <language value="it-CH"/>
          <value value="lettera d'invio"/>
        </designation>
        <designation>
          <language value="rm-CH"/>
          <value value="brev d'assegnaziun"/>
        </designation>
        <designation>
          <language value="en-US"/>
          <value value="Referral note"/>
        </designation>
      </concept>
      <concept>
        <code value="721963009"/>
        <display value="Order (record artifact)"/>
        <designation>
          <language value="de-CH"/>
          <value value="Untersuchungsauftrag"/>
        </designation>
        <designation>
          <language value="fr-CH"/>
          <value value="demande d'examen"/>
        </designation>
        <designation>
          <language value="it-CH"/>
          <value value="richiesta di esami"/>
        </designation>
        <designation>
          <language value="rm-CH"/>
          <value value="incumbensa da consultaziun"/>
        </designation>
        <designation>
          <language value="en-US"/>
          <value value="Order"/>
        </designation>
      </concept>
      <concept>
        <code value="422735006"/>
        <display value="Summary clinical document (record artifact)"/>
        <designation>
          <language value="de-CH"/>
          <value value="Zusammenfassung"/>
        </designation>
        <designation>
          <language value="fr-CH"/>
          <value value="résumé"/>
        </designation>
        <designation>
          <language value="it-CH"/>
          <value value="riepilogo"/>
        </designation>
        <designation>
          <language value="rm-CH"/>
          <value value="rapport resumà"/>
        </designation>
        <designation>
          <language value="en-US"/>
          <value value="Summary"/>
        </designation>
      </concept>
      <concept>
        <code value="371525003"/>
        <display value="Clinical procedure report (record artifact)"/>
        <designation>
          <language value="de-CH"/>
          <value value="Interventionsbericht"/>
        </designation>
        <designation>
          <language value="fr-CH"/>
          <value value="rapport d'intervention"/>
        </designation>
        <designation>
          <language value="it-CH"/>
          <value value="rapporto operatorio"/>
        </designation>
        <designation>
          <language value="rm-CH"/>
          <value value="rapport d'intervenziun"/>
        </designation>
        <designation>
          <language value="en-US"/>
          <value value="Procedure report"/>
        </designation>
      </concept>
      <concept>
        <code value="734163000"/>
        <display value="Care plan (record artifact)"/>
        <designation>
          <language value="de-CH"/>
          <value value="Behandlungsplan"/>
        </designation>
        <designation>
          <language value="fr-CH"/>
          <value value="plans de soins"/>
        </designation>
        <designation>
          <language value="it-CH"/>
          <value value="piano di cura"/>
        </designation>
        <designation>
          <language value="rm-CH"/>
          <value value="plan da tractament"/>
        </designation>
        <designation>
          <language value="en-US"/>
          <value value="Care plan"/>
        </designation>
      </concept>
      <concept>
        <code value="440545006"/>
        <display value="Prescription record (record artifact)"/>
        <designation>
          <language value="de-CH"/>
          <value value="Verschreibung"/>
        </designation>
        <designation>
          <language value="de-CH"/>
          <value value="Rezept"/>
        </designation>
        <designation>
          <language value="fr-CH"/>
          <value value="prescription"/>
        </designation>
        <designation>
          <language value="fr-CH"/>
          <value value="ordonnance"/>
        </designation>
        <designation>
          <language value="it-CH"/>
          <value value="prescrizione medica"/>
        </designation>
        <designation>
          <language value="rm-CH"/>
          <value value="prescripziun"/>
        </designation>
        <designation>
          <language value="rm-CH"/>
          <value value="recept"/>
        </designation>
        <designation>
          <language value="en-US"/>
          <value value="Prescription"/>
        </designation>
      </concept>
      <concept>
        <code value="184216000"/>
        <display value="Patient record type (record artifact)"/>
        <designation>
          <language value="de-CH"/>
          <value value="Patientendokumentation"/>
        </designation>
        <designation>
          <language value="fr-CH"/>
          <value value="documentation du patient"/>
        </designation>
        <designation>
          <language value="it-CH"/>
          <value value="documentazione del paziente"/>
        </designation>
        <designation>
          <language value="rm-CH"/>
          <value value="documentaziun da lunga durada"/>
        </designation>
        <designation>
          <language value="en-US"/>
          <value value="Patient documentation"/>
        </designation>
      </concept>
      <concept>
        <code value="371537001"/>
        <display value="Consent report (record artifact)"/>
        <designation>
          <language value="de-CH"/>
          <value value="Einverständniserklärung"/>
        </designation>
        <designation>
          <language value="fr-CH"/>
          <value value="consentement"/>
        </designation>
        <designation>
          <language value="it-CH"/>
          <value value="consenso"/>
        </designation>
        <designation>
          <language value="rm-CH"/>
          <value value="consentiment"/>
        </designation>
        <designation>
          <language value="en-US"/>
          <value value="Consent"/>
        </designation>
      </concept>
      <concept>
        <code value="371538006"/>
        <display value="Advance directive report (record artifact)"/>
        <designation>
          <language value="de-CH"/>
          <value value="Patientenverfügung"/>
        </designation>
        <designation>
          <language value="fr-CH"/>
          <value value="directives anticipées"/>
        </designation>
        <designation>
          <language value="it-CH"/>
          <value value="direttive anticipate"/>
        </designation>
        <designation>
          <language value="rm-CH"/>
          <value value="disposiziun dal pazient"/>
        </designation>
        <designation>
          <language value="en-US"/>
          <value value="Advance directives"/>
        </designation>
      </concept>
      <concept>
        <code value="722160009"/>
        <display value="Audit trail report (record artifact)"/>
        <designation>
          <language value="de-CH"/>
          <value value="Rückverfolgung der EPD Zugriffe"/>
        </designation>
        <designation>
          <language value="fr-CH"/>
          <value value="traçabilité des accès aux DEP"/>
        </designation>
        <designation>
          <language value="it-CH"/>
          <value value="calloutronologia degli accessi alla CIP"/>
        </designation>
        <designation>
          <language value="rm-CH"/>
          <value value="repersequitabladad da l'access al DEP"/>
        </designation>
        <designation>
          <language value="en-US"/>
          <value value="Record access"/>
        </designation>
      </concept>
      <concept>
        <code value="722216001"/>
        <display value="Emergency medical identification record (record artifact)"/>
        <designation>
          <language value="de-CH"/>
          <value value="Notfallkarte"/>
        </designation>
        <designation>
          <language value="fr-CH"/>
          <value value="carte d'urgence"/>
        </designation>
        <designation>
          <language value="it-CH"/>
          <value value="tessera di emergenza"/>
        </designation>
        <designation>
          <language value="rm-CH"/>
          <value value="attest d'urgenza"/>
        </designation>
        <designation>
          <language value="en-US"/>
          <value value="Emergency ID card"/>
        </designation>
      </concept>
      <concept>
        <code value="772790007"/>
        <display value="Organ donor card (record artifact)"/>
        <designation>
          <language value="de-CH"/>
          <value value="Organspendeausweis"/>
        </designation>
        <designation>
          <language value="fr-CH"/>
          <value value="carte de donneur d'organes"/>
        </designation>
        <designation>
          <language value="it-CH"/>
          <value value="tessera di donatore di organi"/>
        </designation>
        <designation>
          <language value="rm-CH"/>
          <value value="attest da donatur d'organs"/>
        </designation>
        <designation>
          <language value="en-US"/>
          <value value="Organ donor card"/>
        </designation>
      </concept>
      <concept>
        <code value="405624007"/>
        <display value="Administrative documentation (record artifact)"/>
        <designation>
          <language value="de-CH"/>
          <value value="Administratives Dokument"/>
        </designation>
        <designation>
          <language value="fr-CH"/>
          <value value="document administratif"/>
        </designation>
        <designation>
          <language value="it-CH"/>
          <value value="documento amministrativo"/>
        </designation>
        <designation>
          <language value="rm-CH"/>
          <value value="document administrativ"/>
        </designation>
        <designation>
          <language value="en-US"/>
          <value value="Administrative document"/>
        </designation>
      </concept>
      <concept>
        <code value="417319006"/>
        <display value="Record of health event (record artifact)"/>
        <designation>
          <language value="de-CH"/>
          <value value="Dokument zu gesundheitsrelevantem Ereignis"/>
        </designation>
        <designation>
          <language value="fr-CH"/>
          <value value="document sur l'événement sanitaire"/>
        </designation>
        <designation>
          <language value="it-CH"/>
          <value value="documento concernente un evento rilevante per la salute"/>
        </designation>
        <designation>
          <language value="rm-CH"/>
          <value value="document concernent  in eveniment relevant per la sanadad"/>
        </designation>
        <designation>
          <language value="en-US"/>
          <value value="Event report"/>
        </designation>
      </concept>
      <concept>
        <code value="419891008"/>
        <display value="Record artifact (record artifact)"/>
        <designation>
          <language value="de-CH"/>
          <value value="Sonstige Dokumentation"/>
        </designation>
        <designation>
          <language value="fr-CH"/>
          <value value="autre documentation"/>
        </designation>
        <designation>
          <language value="it-CH"/>
          <value value="altra documentazione"/>
        </designation>
        <designation>
          <language value="rm-CH"/>
          <value value="document betg designà pli precis"/>
        </designation>
        <designation>
          <language value="en-US"/>
          <value value="Other documentation"/>
        </designation>
      </concept>
    </include>
  </compose>
</ValueSet>