<?xml version="1.0" encoding="UTF-8"?>

<ClinicalUseDefinition xmlns="http://hl7.org/fhir">
  <id value="LIM-156370009"/>
  <text>
    <status value="generated"/><div xmlns="http://www.w3.org/1999/xhtml"><p class="res-header-id"><b>Generated Narrative: ClinicalUseDefinition LIM-156370009</b></p><a name="LIM-156370009"> </a><a name="hcLIM-156370009"> </a><p><b>type</b>: Indication</p><blockquote><p><b>indication</b></p><h3>DiseaseSymptomProcedures</h3><table class="grid"><tr><td style="display: none">-</td><td><b>Concept</b></td></tr><tr><td style="display: none">*</td><td><span title="Codes:{http://snomed.info/sct 156370009}">Psoriatic arthritis</span></td></tr></table><h3>IntendedEffects</h3><table class="grid"><tr><td style="display: none">-</td><td><b>Concept</b></td></tr><tr><td style="display: none">*</td><td><span title="Codes:{http://spor.ema.europa.eu/v1/lists/200000003186 200000003194}">therapeutic</span></td></tr></table></blockquote></div>
  </text>
  <type value="indication"/>
  <indication>
    <diseaseSymptomProcedure>
      <concept>
        <coding>
          <system value="http://snomed.info/sct"/>
          <code value="156370009"/>
          <display value="Psoriatic arthritis"/>
        </coding>
      </concept>
    </diseaseSymptomProcedure>
    <intendedEffect>
      <concept>
        <coding>
          <system value="http://spor.ema.europa.eu/v1/lists/200000003186"/>
          <code value="200000003194"/>
          <display value="therapeutic"/>
        </coding>
      </concept>
    </intendedEffect>
  </indication>
</ClinicalUseDefinition>