<?xml version="1.0" encoding="UTF-8"?>

<ClinicalUseDefinition xmlns="http://hl7.org/fhir">
  <id value="IND-10031285"/>
  <meta>
    <profile value="http://fhir.ch/ig/ch-epl/StructureDefinition/ch-idmp-clinicalusedefinition-indication"/>
  </meta>
  <text>
    <status value="generated"/><div xmlns="http://www.w3.org/1999/xhtml"><p class="res-header-id"><b>Generated Narrative: ClinicalUseDefinition IND-10031285</b></p><a name="IND-10031285"> </a><a name="hcIND-10031285"> </a><div style="display: inline-block; background-color: #d9e0e7; padding: 6px; margin: 4px; border: 1px solid #8da1b4; border-radius: 5px; line-height: 60%"><p style="margin-bottom: 0px"/><p style="margin-bottom: 0px">Profile: <a href="StructureDefinition-ch-idmp-clinicalusedefinition-indication.html">CH IDMP ClinicalUseDefinition Indication</a></p></div><p><b>type</b>: Indication</p><p><b>subject</b>: <a href="MedicinalProductDefinition-Estalis-Transdermalpatch.html">MedicinalProductDefinition: extension = Transdermal patch; identifier = http://fhir.ch/ig/ch-epl/sid/mpid#Medical Product Identifier#CH-7601001029439-5470402; indication = Klimakterische Beschwerden: Behandlung der Symptome des Östrogenmangels infolge der natürlichen oder künstlichen Menopause bei nicht-hysterektomierten Frauen.
Osteoporoseprophylaxe: Vorbeugung oder Verzögerung einer durch Östrogenmangel induzierten Osteoporose bei postmenopausalen Frauen mit hohem Frakturrisiko, für die eine Behandlung mit anderen zur Prävention der Osteoporose zugelassenen Arzneimitteln nicht in Frage kommt, oder bei Frauen die gleichzeitig an behandlungsbedürftigen Symptomen des Östrogenmangels leiden.; legalStatusOfSupply = Medicinal product subject to medical or veterinary prescription (B); additionalMonitoringIndicator = No Warning; pediatricUseIndicator = Not authorised for the treatment in children; classification = norethisterone and estrogen,NA KAS art. 12 para. 5 TPLO,Synthetic,Originator product</a></p><blockquote><p><b>indication</b></p><h3>DiseaseSymptomProcedures</h3><table class="grid"><tr><td style="display: none">-</td><td><b>Concept</b></td></tr><tr><td style="display: none">*</td><td><span title="Codes:{https://www.meddra.org 10031285}">Osteoporose postmenopausal</span></td></tr></table><h3>IntendedEffects</h3><table class="grid"><tr><td style="display: none">-</td><td><b>Concept</b></td></tr><tr><td style="display: none">*</td><td><span title="Codes:{http://spor.ema.europa.eu/v1/lists/200000003186 200000003192}">preventive</span></td></tr></table></blockquote></div>
  </text>
  <type value="indication"/>
  <subject>
    <reference value="MedicinalProductDefinition/Estalis-Transdermalpatch"/>
  </subject>
  <indication>
    <diseaseSymptomProcedure>
      <concept>
        <coding>
          <system value="https://www.meddra.org"/>
          <code value="10031285"/>
          <display value="Osteoporose postmenopausal"/>
        </coding>
      </concept>
    </diseaseSymptomProcedure>
    <intendedEffect>
      <concept>
        <coding>
          <system value="http://spor.ema.europa.eu/v1/lists/200000003186"/>
          <code value="200000003192"/>
          <display value="preventive"/>
        </coding>
      </concept>
    </intendedEffect>
  </indication>
</ClinicalUseDefinition>