<?xml version="1.0" encoding="UTF-8"?>

<PackagedProductDefinition xmlns="http://hl7.org/fhir">
  <id value="PMP-Triogen-250mg-Capsule"/>
  <meta>
    <profile value="http://fhir.ch/ig/ch-epl/StructureDefinition/ch-idmp-packagedproductdefinition"/>
  </meta>
  <text>
    <status value="generated"/><div xmlns="http://www.w3.org/1999/xhtml"><p class="res-header-id"><b>Generated Narrative: PackagedProductDefinition PMP-Triogen-250mg-Capsule</b></p><a name="PMP-Triogen-250mg-Capsule"> </a><a name="hcPMP-Triogen-250mg-Capsule"> </a><div style="display: inline-block; background-color: #d9e0e7; padding: 6px; margin: 4px; border: 1px solid #8da1b4; border-radius: 5px; line-height: 60%"><p style="margin-bottom: 0px"/><p style="margin-bottom: 0px">Profile: <a href="StructureDefinition-ch-idmp-packagedproductdefinition.html">IDMP PackagedProductDefinition</a></p></div><p><b>identifier</b>: <a href="NamingSystem-PCID.html" title="Temporary Identifier in this implementation guide until officially released by Swissmedic">Clinical Product Identifier</a>/CH-7601001403062-6743101-001</p><p><b>packageFor</b>: <a href="MedicinalProductDefinition-Triogen-250mg-Capsule.html">MedicinalProductDefinition: extension = Capsule, hard,TRIOGEN wird vergütet zur Behandlung der Kupferspeicherkrankheit (Morbus Wilson) bei Patienten, die eine Behandlung mit D-Penicillamin nicht vertragen. Die Behandlung muss von Gastroenterologen oder Hepatologen mit Erfahrung bei der Behandlung von Patienten mit Morbus Wilson initiiert und überwacht werden.; identifier = http://fhir.ch/ig/ch-epl/sid/mpid#Medical Product Identifier#CH-7601001403062-6743101; indication = Zur Behandlung der Kupferspeicherkrankheit (Morbus Wilson) bei Patienten, die eine Behandlung mit D-Penicillamin nicht vertragen.; legalStatusOfSupply = Medicinal product subject to medical or veterinary prescription (B); additionalMonitoringIndicator = No Warning; pediatricUseIndicator = Authorised for the treatment in children; classification = trientine,NA KAS art. 12 para. 5 TPLO,Synthetic,Originator product,07. STOFFWECHSEL</a></p><p><b>containedItemQuantity</b>: 100 Capsule<span style="background: LightGoldenRodYellow"> (Details: EDQM - Standard Terms  code15012000 = 'Capsule')</span></p><p><b>description</b>: </p><div><p>TRIOGEN Kaps 250 mg Ds 100 Stk</p>
</div><h3>LegalStatusOfSupplies</h3><table class="grid"><tr><td style="display: none">-</td><td><b>Code</b></td></tr><tr><td style="display: none">*</td><td><span title="Codes:{http://fhir.ch/ig/ch-epl/CodeSystem/ch-SMC-legal-status-of-supply 756005022003}">Medicinal product subject to medical or veterinary prescription (B)</span></td></tr></table><blockquote><p><b>packaging</b></p><p><b>identifier</b>: <a href="NamingSystem-GTIN.html" title="GS1 defines trade items as products or services that are priced, ordered or invoiced at any point in the supply chain.">Global Trade Item Number</a>/7680674310013</p><p><b>type</b>: <span title="Codes:{http://standardterms.edqm.eu 30009000}">Box</span></p><p><b>quantity</b>: 1</p><h3>ShelfLifeStorages</h3><table class="grid"><tr><td style="display: none">-</td><td><b>Type</b></td><td><b>SpecialPrecautionsForStorage</b></td></tr><tr><td style="display: none">*</td><td><span title="Codes:{http://spor.ema.europa.eu/v1/lists/100000073343 100000073403}">Shelf life of the medicinal product as packaged for sale</span></td><td><span title="Codes:{http://fhir.ch/ig/ch-epl/CodeSystem/ch-SMC-special-precautions-for-storage 756005042009}">Do not store above 30°C</span></td></tr></table></blockquote></div>
  </text>
  <identifier>
    <system value="http://fhir.ch/ig/ch-epl/sid/pcid"/>
    <value value="CH-7601001403062-6743101-001"/>
  </identifier>
  <packageFor>
    <reference value="MedicinalProductDefinition/Triogen-250mg-Capsule"/>
  </packageFor>
  <containedItemQuantity>
    <value value="100"/>
    <unit value="Capsule"/>
    <system value="http://standardterms.edqm.eu"/>
    <code value="15012000"/>
  </containedItemQuantity>
  <description value="TRIOGEN Kaps 250 mg Ds 100 Stk"/>
  <legalStatusOfSupply>
    <code>
      <coding>
        <system value="http://fhir.ch/ig/ch-epl/CodeSystem/ch-SMC-legal-status-of-supply"/>
        <code value="756005022003"/>
        <display value="Medicinal product subject to medical or veterinary prescription (B)"/>
      </coding>
    </code>
  </legalStatusOfSupply>
  <packaging>
    <identifier>
      <system value="urn:oid:2.51.1.1"/>
      <value value="7680674310013"/>
    </identifier>
    <type>
      <coding>
        <system value="http://standardterms.edqm.eu"/>
        <code value="30009000"/>
        <display value="Box"/>
      </coding>
    </type>
    <quantity value="1"/>
    <shelfLifeStorage>
      <type>
        <coding>
          <system value="http://spor.ema.europa.eu/v1/lists/100000073343"/>
          <code value="100000073403"/>
          <display value="Shelf life of the medicinal product as packaged for sale"/>
        </coding>
      </type>
      <specialPrecautionsForStorage>
        <coding>
          <system value="http://fhir.ch/ig/ch-epl/CodeSystem/ch-SMC-special-precautions-for-storage"/>
          <code value="756005042009"/>
          <display value="Do not store above 30°C"/>
        </coding>
      </specialPrecautionsForStorage>
    </shelfLifeStorage>
  </packaging>
</PackagedProductDefinition>