{
  "resourceType": "ConceptMap",
  "id": "documententry-confidentialitycode-to-fhir",
  "text": {
    "status": "extensions",
    "div": "<div xmlns=\"http://www.w3.org/1999/xhtml\"><h2>DocumentEntryConfidentialityCodeToFHIRMapping (http://fhir.ch/ig/ch-core/ConceptMap/documententry-confidentialitycode-to-fhir)</h2><p>Mapping from <a href=\"http://fhir.ch/ig/ch-epr-term/ValueSet-DocumentEntry.confidentialityCode.html\">http://fhir.ch/ig/ch-epr-term/ValueSet/DocumentEntry.confidentialityCode</a> to <a href=\"http://hl7.org/fhir/R4/v3/ConfidentialityClassification/vs.html\">http://terminology.hl7.org/ValueSet/v3-ConfidentialityClassification</a></p><p>ACTIVE. Published on 2019-12-27 by HL7 Switzerland (HL7 Switzerland: <a href=\"https://www.hl7.ch/\">https://www.hl7.ch/</a>). CC-BY-SA-4.0</p><div><p>DocumentEntry.confidentialityCode to FHIR mapping</p>\n</div><br/><table class=\"grid\"><tr><td><b>Source Code</b></td><td><b>Relationship</b></td><td><b>Destination Code</b></td></tr><tr><td>17621005 (Normal)</td><td><a href=\"http://hl7.org/fhir/R4/codesystem-concept-map-equivalence.html#equivalent\">is equivalent to</a></td><td>N (normal)</td></tr><tr><td>263856008 (Restricted)</td><td><a href=\"http://hl7.org/fhir/R4/codesystem-concept-map-equivalence.html#equivalent\">is equivalent to</a></td><td>R (restricted)</td></tr></table><table class=\"grid\"><tr><td><b>Source Code</b></td><td><b>Relationship</b></td><td><b>Destination Code</b></td></tr><tr><td>1141000195107 (Secret (qualifier value))</td><td><a href=\"http://hl7.org/fhir/R4/codesystem-concept-map-equivalence.html#equivalent\">is equivalent to</a></td><td>V (very restricted)</td></tr></table></div>"
  },
  "url": "http://fhir.ch/ig/ch-core/ConceptMap/documententry-confidentialitycode-to-fhir",
  "version": "2.0.0",
  "name": "DocumentEntryConfidentialityCodeToFHIRMapping",
  "title": "DocumentEntry.confidentialityCode to FHIR mapping",
  "status": "active",
  "experimental": false,
  "date": "2019-12-27",
  "publisher": "HL7 Switzerland",
  "contact": [
    {
      "name": "HL7 Switzerland",
      "telecom": [
        {
          "system": "url",
          "value": "https://www.hl7.ch/"
        }
      ]
    }
  ],
  "description": "DocumentEntry.confidentialityCode to FHIR mapping",
  "jurisdiction": [
    {
      "coding": [
        {
          "system": "urn:iso:std:iso:3166",
          "code": "CH"
        }
      ]
    }
  ],
  "copyright": "CC-BY-SA-4.0",
  "sourceUri": "http://fhir.ch/ig/ch-epr-term/ValueSet/DocumentEntry.confidentialityCode",
  "targetUri": "http://terminology.hl7.org/ValueSet/v3-ConfidentialityClassification",
  "group": [
    {
      "source": "http://snomed.info/sct",
      "target": "http://terminology.hl7.org/CodeSystem/v3-Confidentiality",
      "element": [
        {
          "code": "17621005",
          "display": "Normal (qualifier value)",
          "target": [
            {
              "code": "N",
              "display": "normal",
              "equivalence": "equivalent"
            }
          ]
        },
        {
          "code": "263856008",
          "display": "Restricted (qualifier value)",
          "target": [
            {
              "code": "R",
              "display": "restricted",
              "equivalence": "equivalent"
            }
          ]
        }
      ]
    },
    {
      "source": "urn:oid:2.16.756.5.30.1.127.3.4",
      "target": "http://terminology.hl7.org/CodeSystem/v3-Confidentiality",
      "element": [
        {
          "code": "1141000195107",
          "display": "Secret (qualifier value)",
          "target": [
            {
              "code": "V",
              "display": "very restricted",
              "equivalence": "equivalent"
            }
          ]
        }
      ]
    }
  ]
}