<?xml version="1.0" encoding="UTF-8"?>

<CodeSystem xmlns="http://hl7.org/fhir">
  <id value="bfs-medstats-21-encountertype"/>
  <text>
    <status value="generated"/><div xmlns="http://www.w3.org/1999/xhtml"><p>This case-sensitive code system <code>http://fhir.ch/ig/ch-core/CodeSystem/bfs-medstats-21-encountertype</code> defines the following codes:</p><table class="codes"><tr><td style="white-space:nowrap"><b>Code</b></td><td><b>Display</b></td></tr><tr><td style="white-space:nowrap">1<a name="bfs-medstats-21-encountertype-1"> </a></td><td>allgemein</td></tr><tr><td style="white-space:nowrap">2<a name="bfs-medstats-21-encountertype-2"> </a></td><td>halbprivat</td></tr><tr><td style="white-space:nowrap">3<a name="bfs-medstats-21-encountertype-3"> </a></td><td>privat</td></tr><tr><td style="white-space:nowrap">9<a name="bfs-medstats-21-encountertype-9"> </a></td><td>unbekannt</td></tr></table></div>
  </text>
  <url value="http://fhir.ch/ig/ch-core/CodeSystem/bfs-medstats-21-encountertype"/>
  <version value="3.0.0"/>
  <name value="BfsMedstats17Admitsource"/>
  <title value="BFS Medizinische Statistik - 21 1.3.V02 - Klasse / Classe / Classe"/>
  <status value="active"/>
  <experimental value="false"/>
  <date value="2019-01-01"/>
  <publisher value="HL7 Switzerland"/>
  <contact>
    <name value="HL7 Switzerland"/>
    <telecom>
      <system value="url"/>
      <value value="https://www.hl7.ch/"/>
    </telecom>
  </contact>
  <contact>
    <name value="HL7 Switzerland"/>
    <telecom>
      <system value="url"/>
      <value value="https://www.hl7.ch/"/>
      <use value="work"/>
    </telecom>
  </contact>
  <description value="BFS defines variables for medical statistic (german, french, italian) see [BFS](https://www.bfs.admin.ch/bfs/de/home/statistiken/kataloge-datenbanken/publikationen.assetdetail.7066232.html). Im Rahmen des Spitalaufenthaltes belegte Liegeklasse, nicht die Versicherungskategorie. Bei Wechsel der Klasse ist die im Wesentlichen beanspruchte Klasse anzugeben."/>
  <jurisdiction>
    <coding>
      <system value="urn:iso:std:iso:3166"/>
      <code value="CH"/>
    </coding>
  </jurisdiction>
  <copyright value="CC0-1.0"/>
  <caseSensitive value="true"/>
  <compositional value="false"/>
  <content value="complete"/>
  <concept>
    <code value="1"/>
    <display value="allgemein"/>
  </concept>
  <concept>
    <code value="2"/>
    <display value="halbprivat"/>
  </concept>
  <concept>
    <code value="3"/>
    <display value="privat"/>
  </concept>
  <concept>
    <code value="9"/>
    <display value="unbekannt"/>
  </concept>
</CodeSystem>