<?xml version="1.0" encoding="UTF-8"?>

<ConceptMap xmlns="http://hl7.org/fhir">
  <id value="ech-46-phonecategory-to-fhir"/>
  <text>
    <status value="extensions"/><div xmlns="http://www.w3.org/1999/xhtml"><p>Mapping from <a href="ValueSet-ech-46-phonecategory.html">eCH-0046 Phone Category</a> to <a href="http://hl7.org/fhir/R4/valueset-contact-point-use.html">ContactPointUse</a></p><p>ACTIVE. Published on 2023-03-10 by HL7 Switzerland  (HL7 Switzerland: <a href="https://www.hl7.ch/">https://www.hl7.ch/</a>, HL7 Switzerland: <a href="https://www.hl7.ch/">https://www.hl7.ch/</a>). CC0-1.0</p><div><p>ConceptMap to show the mapping from eCH-0046 phone category to FHIR</p>
</div><br/><p><b>Group 1 </b>Mapping from <a href="CodeSystem-ech-46-phonecategory.html">eCH-0046 Phone Category</a> to <a href="http://hl7.org/fhir/R4/codesystem-contact-point-use.html">ContactPointUse</a></p><table class="grid"><tr><td colspan="2"><b>Source Concept Details</b></td><td><b>Relationship</b></td><td colspan="2"><b>Target Concept Details</b></td><td colspan="2"><b>Properties</b></td></tr><tr><td colspan="2"><b>Codes</b> from <a href="CodeSystem-ech-46-phonecategory.html" title="http://fhir.ch/ig/ch-core/CodeSystem/ech-46-phonecategory">eCH-0046 Phone Category</a></td><td/><td colspan="2"><b>Codes</b> from <a href="http://hl7.org/fhir/R4/codesystem-contact-point-use.html" title="http://hl7.org/fhir/contact-point-use">ContactPointUse</a></td></tr><tr><td style="border-right-width: 0px">1</td><td style="border-left-width: 0px">PrivatePhone</td><td><a href="http://hl7.org/fhir/extensions/5.1.0/CodeSystem-concept-map-equivalence.html#source-is-narrower-than-target" title="source-is-narrower-than-target">is narrower than</a></td><td style="border-right-width: 0px">home</td><td style="border-left-width: 0px">Home</td></tr><tr><td style="border-right-width: 0px; border-bottom-style: none">2</td><td style="border-left-width: 0px; border-bottom-style: none">PrivateMobile</td><td><a href="http://hl7.org/fhir/extensions/5.1.0/CodeSystem-concept-map-equivalence.html#source-is-narrower-than-target" title="source-is-narrower-than-target">is narrower than</a></td><td style="border-right-width: 0px">home</td><td style="border-left-width: 0px">Home</td></tr><tr><td style="border-right-width: 0px; border-top-style: none"/><td style="border-top-style: none; border-left-width: 0px"/><td><a href="http://hl7.org/fhir/extensions/5.1.0/CodeSystem-concept-map-equivalence.html#source-is-narrower-than-target" title="source-is-narrower-than-target">is narrower than</a></td><td style="border-right-width: 0px">mobile</td><td style="border-left-width: 0px">Mobile</td></tr><tr><td style="border-right-width: 0px">3</td><td style="border-left-width: 0px">PrivateFax</td><td><a href="http://hl7.org/fhir/extensions/5.1.0/CodeSystem-concept-map-equivalence.html#source-is-narrower-than-target" title="source-is-narrower-than-target">is narrower than</a></td><td style="border-right-width: 0px">home</td><td style="border-left-width: 0px">Home</td></tr><tr><td style="border-right-width: 0px">4</td><td style="border-left-width: 0px">PrivateInternetVoice</td><td><a href="http://hl7.org/fhir/extensions/5.1.0/CodeSystem-concept-map-equivalence.html#source-is-narrower-than-target" title="source-is-narrower-than-target">is narrower than</a></td><td style="border-right-width: 0px">home</td><td style="border-left-width: 0px">Home</td></tr><tr><td style="border-right-width: 0px">5</td><td style="border-left-width: 0px">BusinessCentral</td><td><a href="http://hl7.org/fhir/extensions/5.1.0/CodeSystem-concept-map-equivalence.html#source-is-narrower-than-target" title="source-is-narrower-than-target">is narrower than</a></td><td style="border-right-width: 0px">work</td><td style="border-left-width: 0px">Work</td></tr><tr><td style="border-right-width: 0px">6</td><td style="border-left-width: 0px">BusinessDirect</td><td><a href="http://hl7.org/fhir/extensions/5.1.0/CodeSystem-concept-map-equivalence.html#source-is-narrower-than-target" title="source-is-narrower-than-target">is narrower than</a></td><td style="border-right-width: 0px">work</td><td style="border-left-width: 0px">Work</td></tr><tr><td style="border-right-width: 0px; border-bottom-style: none">7</td><td style="border-left-width: 0px; border-bottom-style: none">BusinessMobile</td><td><a href="http://hl7.org/fhir/extensions/5.1.0/CodeSystem-concept-map-equivalence.html#source-is-narrower-than-target" title="source-is-narrower-than-target">is narrower than</a></td><td style="border-right-width: 0px">work</td><td style="border-left-width: 0px">Work</td></tr><tr><td style="border-right-width: 0px; border-top-style: none"/><td style="border-top-style: none; border-left-width: 0px"/><td><a href="http://hl7.org/fhir/extensions/5.1.0/CodeSystem-concept-map-equivalence.html#source-is-narrower-than-target" title="source-is-narrower-than-target">is narrower than</a></td><td style="border-right-width: 0px">mobile</td><td style="border-left-width: 0px">Mobile</td></tr><tr><td style="border-right-width: 0px">8</td><td style="border-left-width: 0px">BusinessFax</td><td><a href="http://hl7.org/fhir/extensions/5.1.0/CodeSystem-concept-map-equivalence.html#source-is-narrower-than-target" title="source-is-narrower-than-target">is narrower than</a></td><td style="border-right-width: 0px">work</td><td style="border-left-width: 0px">Work</td></tr><tr><td style="border-right-width: 0px">9</td><td style="border-left-width: 0px">BusinessInternetVoice</td><td><a href="http://hl7.org/fhir/extensions/5.1.0/CodeSystem-concept-map-equivalence.html#source-is-narrower-than-target" title="source-is-narrower-than-target">is narrower than</a></td><td style="border-right-width: 0px">work</td><td style="border-left-width: 0px">Work</td></tr><tr><td style="border-right-width: 0px">10</td><td style="border-left-width: 0px">Pager</td><td><a href="http://hl7.org/fhir/extensions/5.1.0/CodeSystem-concept-map-equivalence.html#equivalent" title="equivalent">is equivalent to</a></td><td style="border-right-width: 0px">mobile</td><td style="border-left-width: 0px">Mobile</td></tr></table></div>
  </text>
  <url value="http://fhir.ch/ig/ch-core/ConceptMap/ech-46-phonecategory-to-fhir"/>
  <version value="3.0.0"/>
  <name value="ECH46PhoneCategoryToFHIRMapping"/>
  <title value="eCH-0046 Phone Category to FHIR Mapping"/>
  <status value="active"/>
  <experimental value="false"/>
  <date value="2023-03-10"/>
  <publisher value="HL7 Switzerland"/>
  <contact>
    <name value="HL7 Switzerland"/>
    <telecom>
      <system value="url"/>
      <value value="https://www.hl7.ch/"/>
    </telecom>
  </contact>
  <contact>
    <name value="HL7 Switzerland"/>
    <telecom>
      <system value="url"/>
      <value value="https://www.hl7.ch/"/>
      <use value="work"/>
    </telecom>
  </contact>
  <description value="ConceptMap to show the mapping from eCH-0046 phone category to FHIR"/>
  <jurisdiction>
    <coding>
      <system value="urn:iso:std:iso:3166"/>
      <code value="CH"/>
    </coding>
  </jurisdiction>
  <copyright value="CC0-1.0"/>
  <sourceUri value="http://fhir.ch/ig/ch-core/ValueSet/ech-46-phonecategory"/>
  <targetUri value="http://hl7.org/fhir/ValueSet/contact-point-use"/>
  <group>
    <source value="http://fhir.ch/ig/ch-core/CodeSystem/ech-46-phonecategory"/>
    <target value="http://hl7.org/fhir/contact-point-use"/>
    <element>
      <code value="1"/>
      <display value="PrivatePhone"/>
      <target>
        <modifierExtension url="http://hl7.org/fhir/1.0/StructureDefinition/extension-ConceptMap.element.target.equivalence">
          <valueCode value="subsumes"/>
        </modifierExtension>
        <code value="home"/>
        <display value="Home"/>
        <equivalence value="subsumes"/>
      </target>
    </element>
    <element>
      <code value="2"/>
      <display value="PrivateMobile"/>
      <target>
        <modifierExtension url="http://hl7.org/fhir/1.0/StructureDefinition/extension-ConceptMap.element.target.equivalence">
          <valueCode value="subsumes"/>
        </modifierExtension>
        <code value="home"/>
        <display value="Home"/>
        <equivalence value="subsumes"/>
      </target>
      <target>
        <modifierExtension url="http://hl7.org/fhir/1.0/StructureDefinition/extension-ConceptMap.element.target.equivalence">
          <valueCode value="subsumes"/>
        </modifierExtension>
        <code value="mobile"/>
        <display value="Mobile"/>
        <equivalence value="subsumes"/>
      </target>
    </element>
    <element>
      <code value="3"/>
      <display value="PrivateFax"/>
      <target>
        <modifierExtension url="http://hl7.org/fhir/1.0/StructureDefinition/extension-ConceptMap.element.target.equivalence">
          <valueCode value="subsumes"/>
        </modifierExtension>
        <code value="home"/>
        <display value="Home"/>
        <equivalence value="subsumes"/>
      </target>
    </element>
    <element>
      <code value="4"/>
      <display value="PrivateInternetVoice"/>
      <target>
        <modifierExtension url="http://hl7.org/fhir/1.0/StructureDefinition/extension-ConceptMap.element.target.equivalence">
          <valueCode value="subsumes"/>
        </modifierExtension>
        <code value="home"/>
        <display value="Home"/>
        <equivalence value="subsumes"/>
      </target>
    </element>
    <element>
      <code value="5"/>
      <display value="BusinessCentral"/>
      <target>
        <modifierExtension url="http://hl7.org/fhir/1.0/StructureDefinition/extension-ConceptMap.element.target.equivalence">
          <valueCode value="subsumes"/>
        </modifierExtension>
        <code value="work"/>
        <display value="Work"/>
        <equivalence value="subsumes"/>
      </target>
    </element>
    <element>
      <code value="6"/>
      <display value="BusinessDirect"/>
      <target>
        <modifierExtension url="http://hl7.org/fhir/1.0/StructureDefinition/extension-ConceptMap.element.target.equivalence">
          <valueCode value="subsumes"/>
        </modifierExtension>
        <code value="work"/>
        <display value="Work"/>
        <equivalence value="subsumes"/>
      </target>
    </element>
    <element>
      <code value="7"/>
      <display value="BusinessMobile"/>
      <target>
        <modifierExtension url="http://hl7.org/fhir/1.0/StructureDefinition/extension-ConceptMap.element.target.equivalence">
          <valueCode value="subsumes"/>
        </modifierExtension>
        <code value="work"/>
        <display value="Work"/>
        <equivalence value="subsumes"/>
      </target>
      <target>
        <modifierExtension url="http://hl7.org/fhir/1.0/StructureDefinition/extension-ConceptMap.element.target.equivalence">
          <valueCode value="subsumes"/>
        </modifierExtension>
        <code value="mobile"/>
        <display value="Mobile"/>
        <equivalence value="subsumes"/>
      </target>
    </element>
    <element>
      <code value="8"/>
      <display value="BusinessFax"/>
      <target>
        <modifierExtension url="http://hl7.org/fhir/1.0/StructureDefinition/extension-ConceptMap.element.target.equivalence">
          <valueCode value="subsumes"/>
        </modifierExtension>
        <code value="work"/>
        <display value="Work"/>
        <equivalence value="subsumes"/>
      </target>
    </element>
    <element>
      <code value="9"/>
      <display value="BusinessInternetVoice"/>
      <target>
        <modifierExtension url="http://hl7.org/fhir/1.0/StructureDefinition/extension-ConceptMap.element.target.equivalence">
          <valueCode value="subsumes"/>
        </modifierExtension>
        <code value="work"/>
        <display value="Work"/>
        <equivalence value="subsumes"/>
      </target>
    </element>
    <element>
      <code value="10"/>
      <display value="Pager"/>
      <target>
        <modifierExtension url="http://hl7.org/fhir/1.0/StructureDefinition/extension-ConceptMap.element.target.equivalence">
          <valueCode value="equivalent"/>
        </modifierExtension>
        <code value="mobile"/>
        <display value="Mobile"/>
        <equivalence value="equivalent"/>
      </target>
    </element>
  </group>
</ConceptMap>