<?xml version="1.0" encoding="UTF-8"?><ValueSet xmlns="http://hl7.org/fhir"><id value="observation-code-cdk-epi-2021"/><text><status value="generated"/><div xmlns="http://www.w3.org/1999/xhtml"><p class="res-header-id"><b>Generated Narrative: ValueSet observation-code-cdk-epi-2021</b></p><a name="observation-code-cdk-epi-2021"> </a><a name="hcobservation-code-cdk-epi-2021"> </a><ul><li>Include these codes as defined in <a href="http://loinc.org"><code>http://loinc.org</code></a><span title="Version is not explicitly stated. No matching Code System found"> version Not Stated (use latest from terminology server)</span><table class="none"><tr><td style="white-space:nowrap"><b>Code</b></td><td><b>Display</b></td></tr><tr><td><a href="https://loinc.org/98979-8/">98979-8</a></td><td>Glomerular filtration rate [Volume Rate/Area] in Serum, Plasma or Blood by Creatinine-based formula (CKD-EPI 2021)/1.73 sq M</td></tr><tr><td><a href="https://loinc.org/98980-6/">98980-6</a></td><td>Glomerular filtration rate [Volume Rate/Area] in Serum, Plasma or Blood by Creatinine and Cystatin C-based formula (CKD-EPI 2021)/1.73 sq M</td></tr></table></li></ul></div></text><url value="http://fhir.ch/ig/ch-lab-report/ValueSet/observation-code-cdk-epi-2021"/><version value="2.0.0"/><name value="ObservationCode_CDK_EPI_2021"/><title value="CH LAB-Report Codes for eGFR in CKD-EPI 2021"/><status value="draft"/><experimental value="false"/><date value="2025-12-16T10:40:10+00:00"/><publisher value="HL7 Switzerland"/><contact><name value="HL7 Switzerland"/><telecom><system value="url"/><value value="https://www.hl7.ch"/></telecom></contact><contact><name value="Marcel Hanselmann"/><telecom><system value="email"/><value value="laborprojektgruppe@gmail.com"/><use value="work"/></telecom></contact><description value="ValueSet for the allowed eGFRcr and eGFRcr-cys codes, has no race term"/><jurisdiction><coding><system value="urn:iso:std:iso:3166"/><code value="CH"/></coding></jurisdiction><copyright value="CC0-1.0"/><compose><include><system value="http://loinc.org"/><concept><code value="98979-8"/><display value="Glomerular filtration rate [Volume Rate/Area] in Serum, Plasma or Blood by Creatinine-based formula (CKD-EPI 2021)/1.73 sq M"/></concept><concept><code value="98980-6"/><display value="Glomerular filtration rate [Volume Rate/Area] in Serum, Plasma or Blood by Creatinine and Cystatin C-based formula (CKD-EPI 2021)/1.73 sq M"/></concept></include></compose></ValueSet>