<?xml version="1.0" encoding="UTF-8"?>

<ValueSet xmlns="http://hl7.org/fhir">
  <id value="EprPurposeOfUse"/>
  <meta>
    <source value="http://art-decor.org/fhir/ValueSet/2.16.756.5.30.1.127.3.10.15.2--20200226172429"/>
    <profile value="http://hl7.org/fhir/StructureDefinition/shareablevalueset"/>
  </meta>
  <text>
    <status value="generated"/><div xmlns="http://www.w3.org/1999/xhtml"><ul><li>Include these codes as defined in <a href="CodeSystem-2.16.756.5.30.1.127.3.10.5.html"><code>urn:oid:2.16.756.5.30.1.127.3.10.5</code></a><table class="none"><tr><td style="white-space:nowrap"><b>Code</b></td><td><b>Display</b></td></tr><tr><td><a href="CodeSystem-2.16.756.5.30.1.127.3.10.5.html#2.16.756.5.30.1.127.3.10.5-EMER">EMER</a></td><td>Emergency Access</td><td/></tr><tr><td><a href="CodeSystem-2.16.756.5.30.1.127.3.10.5.html#2.16.756.5.30.1.127.3.10.5-NORM">NORM</a></td><td>Normal Access</td><td/></tr><tr><td><a href="CodeSystem-2.16.756.5.30.1.127.3.10.5.html#2.16.756.5.30.1.127.3.10.5-AUTO">AUTO</a></td><td>Automatic Upload</td><td/></tr></table></li></ul><p><b>Additional Language Displays</b></p><table class="codes"><tr><td><b>Code</b></td><td><b>Deutsch (Schweiz) (German (Switzerland), de)</b></td><td><b>English (United States) (English (United States), en)</b></td><td><b>French (Switzerland) (fr)</b></td><td><b>Italian (Switzerland) (it)</b></td><td><b>rm</b></td></tr><tr><td>EMER</td><td>Notfallzugriff</td><td>Emergency Access</td><td>Accès d’urgence</td><td>Accesso di emergenza</td><td>Access d'urgenza</td></tr><tr><td>NORM</td><td>Normaler Zugriff</td><td>Normal Access</td><td>Accès normal</td><td>Accesso normale</td><td>Access normal</td></tr><tr><td>AUTO</td><td>Automatischer Upload</td><td>Automatic Upload</td><td>Upload automatique</td><td>Upload automatico</td><td>Upload automatic</td></tr></table></div>
  </text>
  <extension url="http://hl7.org/fhir/StructureDefinition/resource-effectivePeriod">
    <valuePeriod>
      <start value="2020-02-26T17:24:29+02:00"/>
    </valuePeriod>
  </extension>
  <url value="http://fhir.ch/ig/ch-epr-term/ValueSet/EprPurposeOfUse"/>
  <identifier>
    <use value="official"/>
    <system value="http://art-decor.org/ns/oids/vs"/>
    <value value="2.16.756.5.30.1.127.3.10.15.2"/>
  </identifier>
  <version value="2.0.4"/>
  <name value="EprPurposeOfUse"/>
  <title value="EprPurposeOfUse"/>
  <status value="active"/>
  <experimental value="false"/>
  <date value="2020-07-08T16:30:23+02:00"/>
  <publisher value="HL7 Switzerland"/>
  <contact>
    <name value="HL7 Switzerland"/>
    <telecom>
      <system value="url"/>
      <value value="https://www.hl7.ch/"/>
    </telecom>
  </contact>
  <description value="Purpose Of Use as per Annex 5 EPRO-FDHA, Extension 1."/>
  <jurisdiction>
    <coding>
      <system value="urn:iso:std:iso:3166"/>
      <code value="CH"/>
    </coding>
  </jurisdiction>
  <immutable value="false"/>
  <compose>
    <include>
      <system value="urn:oid:2.16.756.5.30.1.127.3.10.5"/>
      <concept>
        <code value="EMER"/>
        <display value="Emergency Access"/>
        <designation>
          <language value="de-CH"/>
          <value value="Notfallzugriff"/>
        </designation>
        <designation>
          <language value="fr-CH"/>
          <value value="Acc&#xE8;s d&#x2019;urgence"/>
        </designation>
        <designation>
          <language value="it-CH"/>
          <value value="Accesso di emergenza"/>
        </designation>
        <designation>
          <language value="en-US"/>
          <value value="Emergency Access"/>
        </designation>
        <designation>
          <language value="rm-CH"/>
          <value value="Access d&#39;urgenza"/>
        </designation>
      </concept>
      <concept>
        <code value="NORM"/>
        <display value="Normal Access"/>
        <designation>
          <language value="de-CH"/>
          <value value="Normaler Zugriff"/>
        </designation>
        <designation>
          <language value="fr-CH"/>
          <value value="Acc&#xE8;s normal"/>
        </designation>
        <designation>
          <language value="it-CH"/>
          <value value="Accesso normale"/>
        </designation>
        <designation>
          <language value="en-US"/>
          <value value="Normal Access"/>
        </designation>
        <designation>
          <language value="rm-CH"/>
          <value value="Access normal"/>
        </designation>
      </concept>
      <concept>
        <code value="AUTO"/>
        <display value="Automatic Upload"/>
        <designation>
          <language value="de-CH"/>
          <value value="Automatischer Upload"/>
        </designation>
        <designation>
          <language value="fr-CH"/>
          <value value="Upload automatique"/>
        </designation>
        <designation>
          <language value="it-CH"/>
          <value value="Upload automatico"/>
        </designation>
        <designation>
          <language value="en-US"/>
          <value value="Automatic Upload"/>
        </designation>
        <designation>
          <language value="rm-CH"/>
          <value value="Upload automatic"/>
        </designation>
      </concept>
    </include>
  </compose>
</ValueSet>