<?xml version="1.0" encoding="UTF-8"?><ImplementationGuide xmlns="http://hl7.org/fhir"><id value="ch.fhir.ig.ch-etoc"/><text><status value="extensions"/><div xmlns="http://www.w3.org/1999/xhtml"><h2>CH_eTOC</h2><p>The official URL for this implementation guide is: </p><pre>http://fhir.ch/ig/ch-etoc/ImplementationGuide/ch.fhir.ig.ch-etoc</pre><div><p>Implementation guide for eTOC based on CH ORF</p>
</div></div></text><url value="http://fhir.ch/ig/ch-etoc/ImplementationGuide/ch.fhir.ig.ch-etoc"/><version value="0.1.0"/><name value="CH_eTOC"/><title value="CH eTOC (R4)"/><status value="active"/><date value="2021-06-18"/><publisher value="HL7 Switzerland"/><contact><name value="Juerg P. Bleuer"/><telecom><system value="url"/><value value="https://www.hl7.ch"/></telecom></contact><description value="Implementation guide for eTOC based on CH ORF"/><jurisdiction><coding><system value="urn:iso:std:iso:3166"/><code value="CH"/></coding></jurisdiction><copyright value="CC-BY-SA-4.0"/><packageId value="ch.fhir.ig.ch-etoc"/><license value="CC-BY-SA-4.0"/><fhirVersion value="4.0.1"/><dependsOn id="ch_fhir_ig_ch_orf"><uri value="http://fhir.ch/ig/ch-orf/ImplementationGuide/ch.fhir.ig.ch-orf"/><packageId value="ch.fhir.ig.ch-orf"/><version value="0.10.0"/></dependsOn><dependsOn id="ch_fhir_ig_ch_core"><uri value="http://fhir.ch/ig/ch-core/ImplementationGuide/ch.fhir.ig.ch-core"/><packageId value="ch.fhir.ig.ch-core"/><version value="2.0.0"/></dependsOn><dependsOn id="ch_fhir_ig_ch_emed"><uri value="http://fhir.ch/ig/ch-emed/ImplementationGuide/ch.fhir.ig.ch-emed"/><packageId value="ch.fhir.ig.ch-emed"/><version value="1.0.0"/></dependsOn><dependsOn id="ch_fhir_ig_ch_vacd"><uri value="http://fhir.ch/ig/ch-vacd/ImplementationGuide/ch.fhir.ig.ch-vacd"/><packageId value="ch.fhir.ig.ch-vacd"/><version value="1.0.0"/></dependsOn><dependsOn id="ch_fhir_ig_ch_allergyintolerance"><uri value="http://fhir.ch/ig/ch-allergyintolerance/ImplementationGuide/ch.fhir.ig.ch-allergyintolerance"/><packageId value="ch.fhir.ig.ch-allergyintolerance"/><version value="0.2.0"/></dependsOn><dependsOn id="hl7_fhir_uv_ips"><uri value="http://hl7.org/fhir/uv/ips/ImplementationGuide/hl7.fhir.uv.ips"/><packageId value="hl7.fhir.uv.ips"/><version value="1.0.0"/></dependsOn><definition><extension url="http://hl7.org/fhir/tools/StructureDefinition/ig-parameter"><extension url="code"><valueString value="copyrightyear"/></extension><extension url="value"><valueString value="2021+"/></extension></extension><extension url="http://hl7.org/fhir/tools/StructureDefinition/ig-parameter"><extension url="code"><valueString value="releaselabel"/></extension><extension url="value"><valueString value="STU 1 Ballot"/></extension></extension><extension url="http://hl7.org/fhir/tools/StructureDefinition/ig-parameter"><extension url="code"><valueString value="path-liquid"/></extension><extension url="value"><valueString value="template/liquid"/></extension></extension><extension url="http://hl7.org/fhir/tools/StructureDefinition/ig-parameter"><extension url="code"><valueString value="path-liquid"/></extension><extension url="value"><valueString value="input/liquid"/></extension></extension><extension url="http://hl7.org/fhir/tools/StructureDefinition/ig-parameter"><extension url="code"><valueString value="path-qa"/></extension><extension url="value"><valueString value="temp/qa"/></extension></extension><extension url="http://hl7.org/fhir/tools/StructureDefinition/ig-parameter"><extension url="code"><valueString value="path-temp"/></extension><extension url="value"><valueString value="temp/pages"/></extension></extension><extension url="http://hl7.org/fhir/tools/StructureDefinition/ig-parameter"><extension url="code"><valueString value="path-output"/></extension><extension url="value"><valueString value="output"/></extension></extension><extension url="http://hl7.org/fhir/tools/StructureDefinition/ig-parameter"><extension url="code"><valueString value="path-suppressed-warnings"/></extension><extension url="value"><valueString value="input/ignoreWarnings.txt"/></extension></extension><extension url="http://hl7.org/fhir/tools/StructureDefinition/ig-parameter"><extension url="code"><valueString value="path-history"/></extension><extension url="value"><valueString value="http://fhir.ch/ig/ch-etoc/history.html"/></extension></extension><extension url="http://hl7.org/fhir/tools/StructureDefinition/ig-parameter"><extension url="code"><valueString value="template-html"/></extension><extension url="value"><valueString value="template-page.html"/></extension></extension><extension url="http://hl7.org/fhir/tools/StructureDefinition/ig-parameter"><extension url="code"><valueString value="template-md"/></extension><extension url="value"><valueString value="template-page-md.html"/></extension></extension><extension url="http://hl7.org/fhir/tools/StructureDefinition/ig-parameter"><extension url="code"><valueString value="apply-contact"/></extension><extension url="value"><valueString value="true"/></extension></extension><extension url="http://hl7.org/fhir/tools/StructureDefinition/ig-parameter"><extension url="code"><valueString value="apply-context"/></extension><extension url="value"><valueString value="true"/></extension></extension><extension url="http://hl7.org/fhir/tools/StructureDefinition/ig-parameter"><extension url="code"><valueString value="apply-copyright"/></extension><extension url="value"><valueString value="true"/></extension></extension><extension url="http://hl7.org/fhir/tools/StructureDefinition/ig-parameter"><extension url="code"><valueString value="apply-jurisdiction"/></extension><extension url="value"><valueString value="true"/></extension></extension><extension url="http://hl7.org/fhir/tools/StructureDefinition/ig-parameter"><extension url="code"><valueString value="apply-license"/></extension><extension url="value"><valueString value="true"/></extension></extension><extension url="http://hl7.org/fhir/tools/StructureDefinition/ig-parameter"><extension url="code"><valueString value="apply-publisher"/></extension><extension url="value"><valueString value="true"/></extension></extension><extension url="http://hl7.org/fhir/tools/StructureDefinition/ig-parameter"><extension url="code"><valueString value="apply-version"/></extension><extension url="value"><valueString value="true"/></extension></extension><extension url="http://hl7.org/fhir/tools/StructureDefinition/ig-parameter"><extension url="code"><valueString value="active-tables"/></extension><extension url="value"><valueString value="true"/></extension></extension><grouping id="-str-profile"><name value="Structures: Resource Profiles"/><description value="These define constraints on FHIR resources for systems conforming to this implementation guide"/></grouping><grouping id="-term-valueset"><name value="Terminology: Value Sets"/><description value="These define sets of codes used by systems conforming to this implementation guide"/></grouping><grouping id="-term-codesystem"><name value="Terminology: Code Systems"/><description value="These define new code systems used by systems conforming to this implementation guide"/></grouping><grouping id="-ex-example"><name value="Example: Example Instances"/><description value="These are example instances that show what data produced and consumed by systems conforming with this implementation guide might look like"/></grouping><resource><extension url="http://hl7.org/fhir/StructureDefinition/implementationguide-page"><valueUri value="StructureDefinition-ch-etoc-allergyintolerance.html"/></extension><reference><reference value="StructureDefinition/ch-etoc-allergyintolerance"/></reference><name value="CH eToc Allergy Intolerance"/><description value="Definition for the Allergy Intolerance resource in the context of electronic transition of care."/><exampleBoolean value="false"/><groupingId value="-str-profile"/></resource><resource><extension url="http://hl7.org/fhir/StructureDefinition/implementationguide-page"><valueUri value="StructureDefinition-ch-etoc-bodyheight-observation.html"/></extension><reference><reference value="StructureDefinition/ch-etoc-bodyheight-observation"/></reference><name value="CH eToc Body Height Observation"/><description value="Definition for the Body Height Observation resource in the context of CH eToc."/><exampleBoolean value="false"/><groupingId value="-str-profile"/></resource><resource><extension url="http://hl7.org/fhir/StructureDefinition/implementationguide-page"><valueUri value="StructureDefinition-ch-etoc-bodyweight-observation.html"/></extension><reference><reference value="StructureDefinition/ch-etoc-bodyweight-observation"/></reference><name value="CH eToc Body Weight Observation"/><description value="Definition for the Body Weight Observation resource in the context of CH eToc."/><exampleBoolean value="false"/><groupingId value="-str-profile"/></resource><resource><extension url="http://hl7.org/fhir/StructureDefinition/implementationguide-page"><valueUri value="StructureDefinition-ch-etoc-cardiolology-observation.html"/></extension><reference><reference value="StructureDefinition/ch-etoc-cardiolology-observation"/></reference><name value="CH eToc Cardiology Observation"/><description value="Definition for the Cardiology Observation resource in the context of CH eToc."/><exampleBoolean value="false"/><groupingId value="-str-profile"/></resource><resource><extension url="http://hl7.org/fhir/StructureDefinition/implementationguide-page"><valueUri value="StructureDefinition-ch-etoc-composition.html"/></extension><reference><reference value="StructureDefinition/ch-etoc-composition"/></reference><name value="CH Etoc Composition"/><description value="Definition for the Composition resource in the context of electronic transition of care."/><exampleBoolean value="false"/><groupingId value="-str-profile"/></resource><resource><extension url="http://hl7.org/fhir/StructureDefinition/implementationguide-page"><valueUri value="StructureDefinition-ch-etoc-device.html"/></extension><reference><reference value="StructureDefinition/ch-etoc-device"/></reference><name value="CH eToc Device"/><description value="Definition for the Device resource in the context of electronic transition of care."/><exampleBoolean value="false"/><groupingId value="-str-profile"/></resource><resource><extension url="http://hl7.org/fhir/StructureDefinition/implementationguide-page"><valueUri value="StructureDefinition-ch-etoc-document.html"/></extension><reference><reference value="StructureDefinition/ch-etoc-document"/></reference><name value="CH Etoc Document"/><description value="Definition for the Bundle (document) resource in the context of electronic transition of care."/><exampleBoolean value="false"/><groupingId value="-str-profile"/></resource><resource><extension url="http://hl7.org/fhir/StructureDefinition/implementationguide-page"><valueUri value="StructureDefinition-ch-etoc-functionalstatus.html"/></extension><reference><reference value="StructureDefinition/ch-etoc-functionalstatus"/></reference><name value="CH eToc Functional Status Condition"/><description value="Definition for the Functional Status Condition resource in the context of electronic transition of care."/><exampleBoolean value="false"/><groupingId value="-str-profile"/></resource><resource><extension url="http://hl7.org/fhir/StructureDefinition/implementationguide-page"><valueUri value="StructureDefinition-ch-etoc-immunizationsection.html"/></extension><reference><reference value="StructureDefinition/ch-etoc-immunizationsection"/></reference><name value="CH eToc Immunization Section"/><description value="Definition for the Immunization Section resource in the context of electronic transition of care."/><exampleBoolean value="false"/><groupingId value="-str-profile"/></resource><resource><extension url="http://hl7.org/fhir/StructureDefinition/implementationguide-page"><valueUri value="StructureDefinition-ch-etoc-lab-observation.html"/></extension><reference><reference value="StructureDefinition/ch-etoc-lab-observation"/></reference><name value="CH eToc Lab Observation"/><description value="Definition for the Lab Observation resource in the context of CH eToc."/><exampleBoolean value="false"/><groupingId value="-str-profile"/></resource><resource><extension url="http://hl7.org/fhir/StructureDefinition/implementationguide-page"><valueUri value="StructureDefinition-ch-etoc-media.html"/></extension><reference><reference value="StructureDefinition/ch-etoc-media"/></reference><name value="CH Etoc Media"/><description value="Definition for the Media resource in the context of electronic transition of care."/><exampleBoolean value="false"/><groupingId value="-str-profile"/></resource><resource><extension url="http://hl7.org/fhir/StructureDefinition/implementationguide-page"><valueUri value="StructureDefinition-ch-etoc-medical-careplan.html"/></extension><reference><reference value="StructureDefinition/ch-etoc-medical-careplan"/></reference><name value="CH eToc Care Plan"/><description value="Definition for the Care Plan resource in the context of electronic transition of care."/><exampleBoolean value="false"/><groupingId value="-str-profile"/></resource><resource><extension url="http://hl7.org/fhir/StructureDefinition/implementationguide-page"><valueUri value="StructureDefinition-ch-etoc-medicationstatement.html"/></extension><reference><reference value="StructureDefinition/ch-etoc-medicationstatement"/></reference><name value="CH eToc Medication Statement"/><description value="Definition for the Medication Statement resource in the context of electronic transition of care."/><exampleBoolean value="false"/><groupingId value="-str-profile"/></resource><resource><extension url="http://hl7.org/fhir/StructureDefinition/implementationguide-page"><valueUri value="StructureDefinition-ch-etoc-medicationcard.html"/></extension><reference><reference value="StructureDefinition/ch-etoc-medicationcard"/></reference><name value="CH eToc Medication Card"/><description value="Definition for the Medication Card resource in the context of electronic transition of care."/><exampleBoolean value="false"/><groupingId value="-str-profile"/></resource><resource><extension url="http://hl7.org/fhir/StructureDefinition/implementationguide-page"><valueUri value="StructureDefinition-ch-etoc-ursing-careplan.html"/></extension><reference><reference value="StructureDefinition/ch-etoc-ursing-careplan"/></reference><name value="CH eToc Care Plan"/><description value="Definition for the Care Plan resource in the context of electronic transition of care."/><exampleBoolean value="false"/><groupingId value="-str-profile"/></resource><resource><extension url="http://hl7.org/fhir/StructureDefinition/implementationguide-page"><valueUri value="StructureDefinition-ch-etoc-illness.html"/></extension><reference><reference value="StructureDefinition/ch-etoc-illness"/></reference><name value="CH eToc Past History of Illnesses Condition"/><description value="Definition for the Past History of Illnesses Condition resource in the context of electronic transition of care."/><exampleBoolean value="false"/><groupingId value="-str-profile"/></resource><resource><extension url="http://hl7.org/fhir/StructureDefinition/implementationguide-page"><valueUri value="StructureDefinition-ch-etoc-pahtology-observation.html"/></extension><reference><reference value="StructureDefinition/ch-etoc-pahtology-observation"/></reference><name value="CH eToc Pathology Observation"/><description value="Definition for the Pathology Observation resource in the context of CH eToc."/><exampleBoolean value="false"/><groupingId value="-str-profile"/></resource><resource><extension url="http://hl7.org/fhir/StructureDefinition/implementationguide-page"><valueUri value="StructureDefinition-ch-etoc-expecteddeliverydate.html"/></extension><reference><reference value="StructureDefinition/ch-etoc-expecteddeliverydate"/></reference><name value="CH eToc Expected Delivery Date Observation"/><description value="Definition for the Expected Delivery Date Observation resource in the context of CH eToc."/><exampleBoolean value="false"/><groupingId value="-str-profile"/></resource><resource><extension url="http://hl7.org/fhir/StructureDefinition/implementationguide-page"><valueUri value="StructureDefinition-ch-etoc-pregnancystatus.html"/></extension><reference><reference value="StructureDefinition/ch-etoc-pregnancystatus"/></reference><name value="CH eToc Pregnancy Status Observation"/><description value="Definition for the Pregnancy Status Observation resource in the context of CH eToc."/><exampleBoolean value="false"/><groupingId value="-str-profile"/></resource><resource><extension url="http://hl7.org/fhir/StructureDefinition/implementationguide-page"><valueUri value="StructureDefinition-ch-etoc-primary-diagnosis.html"/></extension><reference><reference value="StructureDefinition/ch-etoc-primary-diagnosis"/></reference><name value="CH eToc Primary Diagnosis Condition"/><description value="Definition for the Primary Diagnosis Condition resource in the context of CH RAD-Order."/><exampleBoolean value="false"/><groupingId value="-str-profile"/></resource><resource><extension url="http://hl7.org/fhir/StructureDefinition/implementationguide-page"><valueUri value="StructureDefinition-ch-etoc-procedure.html"/></extension><reference><reference value="StructureDefinition/ch-etoc-procedure"/></reference><name value="CH eToc Procedure"/><description value="Definition for the Procedure resource in the context of electronic transition of care."/><exampleBoolean value="false"/><groupingId value="-str-profile"/></resource><resource><extension url="http://hl7.org/fhir/StructureDefinition/implementationguide-page"><valueUri value="StructureDefinition-ch-etoc-questionnaireresponse.html"/></extension><reference><reference value="StructureDefinition/ch-etoc-questionnaireresponse"/></reference><name value="CH eTOC Questionnaire Response"/><description value="Definition for the QuestionnaireResponse resource in the context of electronic transition of care."/><exampleBoolean value="false"/><groupingId value="-str-profile"/></resource><resource><extension url="http://hl7.org/fhir/StructureDefinition/implementationguide-page"><valueUri value="StructureDefinition-ch-etoc-radiolology-observation.html"/></extension><reference><reference value="StructureDefinition/ch-etoc-radiolology-observation"/></reference><name value="CH eToc Radiology Observation"/><description value="Definition for the Radiology Observation resource in the context of CH eToc."/><exampleBoolean value="false"/><groupingId value="-str-profile"/></resource><resource><extension url="http://hl7.org/fhir/StructureDefinition/implementationguide-page"><valueUri value="StructureDefinition-ch-etoc-secondary-diagnosis.html"/></extension><reference><reference value="StructureDefinition/ch-etoc-secondary-diagnosis"/></reference><name value="CH eToc Secondary Diagnosis Condition"/><description value="Definition for the Secondary Diagnosis Condition resource in the context of CH RAD-Order."/><exampleBoolean value="false"/><groupingId value="-str-profile"/></resource><resource><extension url="http://hl7.org/fhir/StructureDefinition/implementationguide-page"><valueUri value="StructureDefinition-ch-etoc-servicerequest.html"/></extension><reference><reference value="StructureDefinition/ch-etoc-servicerequest"/></reference><name value="CH eToc Service Request"/><description value="Definition for the ServiceRequest resource in the context of electronic transition of care."/><exampleBoolean value="false"/><groupingId value="-str-profile"/></resource><resource><extension url="http://hl7.org/fhir/StructureDefinition/implementationguide-page"><valueUri value="StructureDefinition-ch-etoc-socialhistory.html"/></extension><reference><reference value="StructureDefinition/ch-etoc-socialhistory"/></reference><name value="CH eToc Social History Condition"/><description value="Definition for the Social History Condition resource in the context of electronic transition of care."/><exampleBoolean value="false"/><groupingId value="-str-profile"/></resource><resource><extension url="http://hl7.org/fhir/StructureDefinition/implementationguide-page"><valueUri value="ValueSet-ch-etoc-conditioncategory.html"/></extension><reference><reference value="ValueSet/ch-etoc-conditioncategory"/></reference><name value="Condition Category"/><description value="Definition for Codition Category in the context of electronic transition of care."/><exampleBoolean value="false"/><groupingId value="-term-valueset"/></resource><resource><extension url="http://hl7.org/fhir/StructureDefinition/implementationguide-page"><valueUri value="CodeSystem-ch-etoc-conditioncategory.html"/></extension><reference><reference value="CodeSystem/ch-etoc-conditioncategory"/></reference><name value="Extension Category of Condition"/><description value="Extension of Category of Conditionin the context of CH RAD-Order."/><exampleBoolean value="false"/><groupingId value="-term-codesystem"/></resource><resource><extension url="http://hl7.org/fhir/StructureDefinition/implementationguide-page"><valueUri value="Appointment-AppointmentHospitalStay.html"/></extension><reference><reference value="Appointment/AppointmentHospitalStay"/></reference><name value="Appointment Hospital Stay"/><description value="Example for Appointment"/><exampleBoolean value="true"/><groupingId value="-ex-example"/></resource><resource><extension url="http://hl7.org/fhir/StructureDefinition/implementationguide-page"><valueUri value="Observation-BodyHeight.html"/></extension><reference><reference value="Observation/BodyHeight"/></reference><name value="Body Height 176 cm"/><description value="Example for Body Height Observation"/><exampleCanonical value="http://fhir.ch/ig/ch-etoc/StructureDefinition/ch-etoc-bodyheight-observation"/><groupingId value="-ex-example"/></resource><resource><extension url="http://hl7.org/fhir/StructureDefinition/implementationguide-page"><valueUri value="Observation-BodyWeight.html"/></extension><reference><reference value="Observation/BodyWeight"/></reference><name value="Body Weight 99 kg"/><description value="Example for Body Weight Observation"/><exampleCanonical value="http://fhir.ch/ig/ch-etoc/StructureDefinition/ch-etoc-bodyweight-observation"/><groupingId value="-ex-example"/></resource><resource><extension url="http://hl7.org/fhir/StructureDefinition/implementationguide-page"><valueUri value="Composition-CompositionEtoc.html"/></extension><reference><reference value="Composition/CompositionEtoc"/></reference><name value="Composition Medical Referral"/><description value="Example for Composition"/><exampleCanonical value="http://fhir.ch/ig/ch-etoc/StructureDefinition/ch-etoc-composition"/><groupingId value="-ex-example"/></resource><resource><extension url="http://hl7.org/fhir/StructureDefinition/implementationguide-page"><valueUri value="Coverage-CoverageKVG.html"/></extension><reference><reference value="Coverage/CoverageKVG"/></reference><name value="Coverage KVG"/><description value="Example for Coverage"/><exampleBoolean value="true"/><groupingId value="-ex-example"/></resource><resource><extension url="http://hl7.org/fhir/StructureDefinition/implementationguide-page"><valueUri value="Practitioner-DAtaenterer.html"/></extension><reference><reference value="Practitioner/DAtaenterer"/></reference><name value="Doris Ataenterer"/><description value="Example for Practitioner"/><exampleBoolean value="true"/><groupingId value="-ex-example"/></resource><resource><extension url="http://hl7.org/fhir/StructureDefinition/implementationguide-page"><valueUri value="PractitionerRole-DAtaentererHappyDoctors.html"/></extension><reference><reference value="PractitionerRole/DAtaentererHappyDoctors"/></reference><name value="Doris Ataenterer @ Happy Doctors"/><description value="Example for PractionerRole"/><exampleBoolean value="true"/><groupingId value="-ex-example"/></resource><resource><extension url="http://hl7.org/fhir/StructureDefinition/implementationguide-page"><valueUri value="Bundle-DocumentEtoc.html"/></extension><reference><reference value="Bundle/DocumentEtoc"/></reference><name value="Bundle Medical Referral"/><description value="Example for Bundle"/><exampleCanonical value="http://fhir.ch/ig/ch-etoc/StructureDefinition/ch-etoc-document"/><groupingId value="-ex-example"/></resource><resource><extension url="http://hl7.org/fhir/StructureDefinition/implementationguide-page"><valueUri value="Organization-HappyDoctors.html"/></extension><reference><reference value="Organization/HappyDoctors"/></reference><name value="Praxis Happy Doctors"/><description value="Example for Organization"/><exampleBoolean value="true"/><groupingId value="-ex-example"/></resource><resource><extension url="http://hl7.org/fhir/StructureDefinition/implementationguide-page"><valueUri value="Organization-HappyHospital.html"/></extension><reference><reference value="Organization/HappyHospital"/></reference><name value="Klinik Happy Hospital"/><description value="Example for Organization"/><exampleBoolean value="true"/><groupingId value="-ex-example"/></resource><resource><extension url="http://hl7.org/fhir/StructureDefinition/implementationguide-page"><valueUri value="Location-LocationHospitalStay.html"/></extension><reference><reference value="Location/LocationHospitalStay"/></reference><name value="Location Hospital Stay"/><description value="Example for Location"/><exampleBoolean value="true"/><groupingId value="-ex-example"/></resource><resource><extension url="http://hl7.org/fhir/StructureDefinition/implementationguide-page"><valueUri value="Media-MediaRx.html"/></extension><reference><reference value="Media/MediaRx"/></reference><name value="Media Previous Rx"/><description value="Example for Media"/><exampleCanonical value="http://fhir.ch/ig/ch-etoc/StructureDefinition/ch-etoc-media"/><groupingId value="-ex-example"/></resource><resource><extension url="http://hl7.org/fhir/StructureDefinition/implementationguide-page"><valueUri value="PractitionerRole-MedicalDepartmentHappyHospital.html"/></extension><reference><reference value="PractitionerRole/MedicalDepartmentHappyHospital"/></reference><name value="MedicalDepartment @ Happy Hospital"/><description value="Example for PractionerRole"/><exampleBoolean value="true"/><groupingId value="-ex-example"/></resource><resource><extension url="http://hl7.org/fhir/StructureDefinition/implementationguide-page"><valueUri value="Medication-MedicationStatementEtoc1.html"/></extension><reference><reference value="Medication/MedicationStatementEtoc1"/></reference><name value="Medication Card  Medical Referral"/><description value="MedicationStatement"/><exampleBoolean value="true"/><groupingId value="-ex-example"/></resource><resource><extension url="http://hl7.org/fhir/StructureDefinition/implementationguide-page"><valueUri value="Medication-MedicationStatementEtoc2.html"/></extension><reference><reference value="Medication/MedicationStatementEtoc2"/></reference><name value="Medication Card  Medical Referral"/><description value="MedicationStatement"/><exampleBoolean value="true"/><groupingId value="-ex-example"/></resource><resource><extension url="http://hl7.org/fhir/StructureDefinition/implementationguide-page"><valueUri value="Medication-MedicationStatementEtoc3.html"/></extension><reference><reference value="Medication/MedicationStatementEtoc3"/></reference><name value="Medication Card  Medical Referral"/><description value="MedicationStatement"/><exampleBoolean value="true"/><groupingId value="-ex-example"/></resource><resource><extension url="http://hl7.org/fhir/StructureDefinition/implementationguide-page"><valueUri value="Practitioner-ORderfiller.html"/></extension><reference><reference value="Practitioner/ORderfiller"/></reference><name value="Otto Rderfiller"/><description value="Example for Practitioner"/><exampleBoolean value="true"/><groupingId value="-ex-example"/></resource><resource><extension url="http://hl7.org/fhir/StructureDefinition/implementationguide-page"><valueUri value="Practitioner-ORderplacer.html"/></extension><reference><reference value="Practitioner/ORderplacer"/></reference><name value="Ottilie Rderplacer"/><description value="Example for Practitioner"/><exampleBoolean value="true"/><groupingId value="-ex-example"/></resource><resource><extension url="http://hl7.org/fhir/StructureDefinition/implementationguide-page"><valueUri value="PractitionerRole-ORderplacerHappyDoctors.html"/></extension><reference><reference value="PractitionerRole/ORderplacerHappyDoctors"/></reference><name value="Ottilie Rderplacer @ Happy Doctors"/><description value="Example for PractionerRole"/><exampleBoolean value="true"/><groupingId value="-ex-example"/></resource><resource><extension url="http://hl7.org/fhir/StructureDefinition/implementationguide-page"><valueUri value="Condition-PastHistoryofIllnessesConditionEtoc.html"/></extension><reference><reference value="Condition/PastHistoryofIllnessesConditionEtoc"/></reference><name value="PastHistoryofIllnesses Medical Referral"/><description value="tHistoryofIllnessesCondition"/><exampleCanonical value="http://fhir.ch/ig/ch-etoc/StructureDefinition/ch-etoc-illness"/><groupingId value="-ex-example"/></resource><resource><extension url="http://hl7.org/fhir/StructureDefinition/implementationguide-page"><valueUri value="Condition-PrimaryDiagnosis.html"/></extension><reference><reference value="Condition/PrimaryDiagnosis"/></reference><name value="Primary Diagnosis"/><description value="Example for Primary Diagnosis Condition"/><exampleCanonical value="http://fhir.ch/ig/ch-etoc/StructureDefinition/ch-etoc-primary-diagnosis"/><groupingId value="-ex-example"/></resource><resource><extension url="http://hl7.org/fhir/StructureDefinition/implementationguide-page"><valueUri value="Questionnaire-QuestionnaireEtoc.html"/></extension><reference><reference value="Questionnaire/QuestionnaireEtoc"/></reference><name value="Questionnaire Electronic Transition of Care"/><description value="Example for Questionnaire"/><exampleBoolean value="true"/><groupingId value="-ex-example"/></resource><resource><extension url="http://hl7.org/fhir/StructureDefinition/implementationguide-page"><valueUri value="QuestionnaireResponse-QuestionnaireResponseEtoc.html"/></extension><reference><reference value="QuestionnaireResponse/QuestionnaireResponseEtoc"/></reference><name value="QuestionniaireResponse Radiology Order"/><description value="Example for QuestionnaireResponse"/><exampleBoolean value="true"/><groupingId value="-ex-example"/></resource><resource><extension url="http://hl7.org/fhir/StructureDefinition/implementationguide-page"><valueUri value="Patient-SUfferer.html"/></extension><reference><reference value="Patient/SUfferer"/></reference><name value="Susanna Ufferer"/><description value="Example for Patient"/><exampleBoolean value="true"/><groupingId value="-ex-example"/></resource><resource><extension url="http://hl7.org/fhir/StructureDefinition/implementationguide-page"><valueUri value="Patient-SUffererCopyReceiver.html"/></extension><reference><reference value="Patient/SUffererCopyReceiver"/></reference><name value="Susanna Ufferer Copy Receiver"/><description value="Example for Patient"/><exampleBoolean value="true"/><groupingId value="-ex-example"/></resource><resource><extension url="http://hl7.org/fhir/StructureDefinition/implementationguide-page"><valueUri value="Condition-SecondaryDiagnosis1.html"/></extension><reference><reference value="Condition/SecondaryDiagnosis1"/></reference><name value="Secondary Diagnosis 1"/><description value="Example for Secondary Diagnosis Condition"/><exampleCanonical value="http://fhir.ch/ig/ch-etoc/StructureDefinition/ch-etoc-secondary-diagnosis"/><groupingId value="-ex-example"/></resource><resource><extension url="http://hl7.org/fhir/StructureDefinition/implementationguide-page"><valueUri value="Condition-SecondaryDiagnosis2.html"/></extension><reference><reference value="Condition/SecondaryDiagnosis2"/></reference><name value="Secondary Diagnosis 2"/><description value="Example for Diagnosis Condition"/><exampleCanonical value="http://fhir.ch/ig/ch-etoc/StructureDefinition/ch-etoc-secondary-diagnosis"/><groupingId value="-ex-example"/></resource><resource><extension url="http://hl7.org/fhir/StructureDefinition/implementationguide-page"><valueUri value="ServiceRequest-ServiceRequestEtoc.html"/></extension><reference><reference value="ServiceRequest/ServiceRequestEtoc"/></reference><name value="ServiceRequest Medical Referral"/><description value="Example for ServiceRequest"/><exampleCanonical value="http://fhir.ch/ig/ch-etoc/StructureDefinition/ch-etoc-servicerequest"/><groupingId value="-ex-example"/></resource><page><nameUrl value="toc.html"/><title value="Table of Contents"/><generation value="html"/><page><nameUrl value="index.html"/><title value="Home"/><generation value="html"/></page><page><nameUrl value="usecase-english.html"/><title value="Use Cases"/><generation value="markdown"/></page><page><nameUrl value="usecase-german.html"/><title value="Anwendungsf&#xE4;lle"/><generation value="markdown"/></page><page><nameUrl value="questionnaire.html"/><title value="Questionnaire"/><generation value="html"/></page><page><nameUrl value="profiles.html"/><title value="Profiles"/><generation value="html"/></page><page><nameUrl value="extensions.html"/><title value="Extensions"/><generation value="html"/></page><page><nameUrl value="terminology.html"/><title value="Terminology"/><generation value="html"/></page><page><nameUrl value="artifacts.html"/><title value="Artifacts Summary"/><generation value="html"/><page><nameUrl value="StructureDefinition-ch-etoc-allergyintolerance.html"/><title value="CH eToc Allergy Intolerance"/><generation value="generated"/></page><page><nameUrl value="StructureDefinition-ch-etoc-bodyheight-observation.html"/><title value="CH eToc Body Height Observation"/><generation value="generated"/></page><page><nameUrl value="StructureDefinition-ch-etoc-bodyweight-observation.html"/><title value="CH eToc Body Weight Observation"/><generation value="generated"/></page><page><nameUrl value="StructureDefinition-ch-etoc-cardiolology-observation.html"/><title value="CH eToc Cardiology Observation"/><generation value="generated"/></page><page><nameUrl value="StructureDefinition-ch-etoc-composition.html"/><title value="CH Etoc Composition"/><generation value="generated"/></page><page><nameUrl value="StructureDefinition-ch-etoc-device.html"/><title value="CH eToc Device"/><generation value="generated"/></page><page><nameUrl value="StructureDefinition-ch-etoc-document.html"/><title value="CH Etoc Document"/><generation value="generated"/></page><page><nameUrl value="StructureDefinition-ch-etoc-functionalstatus.html"/><title value="CH eToc Functional Status Condition"/><generation value="generated"/></page><page><nameUrl value="StructureDefinition-ch-etoc-immunizationsection.html"/><title value="CH eToc Immunization Section"/><generation value="generated"/></page><page><nameUrl value="StructureDefinition-ch-etoc-lab-observation.html"/><title value="CH eToc Lab Observation"/><generation value="generated"/></page><page><nameUrl value="StructureDefinition-ch-etoc-media.html"/><title value="CH Etoc Media"/><generation value="generated"/></page><page><nameUrl value="StructureDefinition-ch-etoc-medical-careplan.html"/><title value="CH eToc Care Plan"/><generation value="generated"/></page><page><nameUrl value="StructureDefinition-ch-etoc-medicationstatement.html"/><title value="CH eToc Medication Statement"/><generation value="generated"/></page><page><nameUrl value="StructureDefinition-ch-etoc-medicationcard.html"/><title value="CH eToc Medication Card"/><generation value="generated"/></page><page><nameUrl value="StructureDefinition-ch-etoc-ursing-careplan.html"/><title value="CH eToc Care Plan"/><generation value="generated"/></page><page><nameUrl value="StructureDefinition-ch-etoc-illness.html"/><title value="CH eToc Past History of Illnesses Condition"/><generation value="generated"/></page><page><nameUrl value="StructureDefinition-ch-etoc-pahtology-observation.html"/><title value="CH eToc Pathology Observation"/><generation value="generated"/></page><page><nameUrl value="StructureDefinition-ch-etoc-expecteddeliverydate.html"/><title value="CH eToc Expected Delivery Date Observation"/><generation value="generated"/></page><page><nameUrl value="StructureDefinition-ch-etoc-pregnancystatus.html"/><title value="CH eToc Pregnancy Status Observation"/><generation value="generated"/></page><page><nameUrl value="StructureDefinition-ch-etoc-primary-diagnosis.html"/><title value="CH eToc Primary Diagnosis Condition"/><generation value="generated"/></page><page><nameUrl value="StructureDefinition-ch-etoc-procedure.html"/><title value="CH eToc Procedure"/><generation value="generated"/></page><page><nameUrl value="StructureDefinition-ch-etoc-questionnaireresponse.html"/><title value="CH eTOC Questionnaire Response"/><generation value="generated"/></page><page><nameUrl value="StructureDefinition-ch-etoc-radiolology-observation.html"/><title value="CH eToc Radiology Observation"/><generation value="generated"/></page><page><nameUrl value="StructureDefinition-ch-etoc-secondary-diagnosis.html"/><title value="CH eToc Secondary Diagnosis Condition"/><generation value="generated"/></page><page><nameUrl value="StructureDefinition-ch-etoc-servicerequest.html"/><title value="CH eToc Service Request"/><generation value="generated"/></page><page><nameUrl value="StructureDefinition-ch-etoc-socialhistory.html"/><title value="CH eToc Social History Condition"/><generation value="generated"/></page><page><nameUrl value="ValueSet-ch-etoc-conditioncategory.html"/><title value="Condition Category"/><generation value="generated"/></page><page><nameUrl value="CodeSystem-ch-etoc-conditioncategory.html"/><title value="Extension Category of Condition"/><generation value="generated"/></page><page><nameUrl value="Appointment-AppointmentHospitalStay.html"/><title value="Appointment Hospital Stay"/><generation value="generated"/></page><page><nameUrl value="Observation-BodyHeight.html"/><title value="Body Height 176 cm"/><generation value="generated"/></page><page><nameUrl value="Observation-BodyWeight.html"/><title value="Body Weight 99 kg"/><generation value="generated"/></page><page><nameUrl value="Composition-CompositionEtoc.html"/><title value="Composition Medical Referral"/><generation value="generated"/></page><page><nameUrl value="Coverage-CoverageKVG.html"/><title value="Coverage KVG"/><generation value="generated"/></page><page><nameUrl value="Practitioner-DAtaenterer.html"/><title value="Doris Ataenterer"/><generation value="generated"/></page><page><nameUrl value="PractitionerRole-DAtaentererHappyDoctors.html"/><title value="Doris Ataenterer @ Happy Doctors"/><generation value="generated"/></page><page><nameUrl value="Bundle-DocumentEtoc.html"/><title value="Bundle Medical Referral"/><generation value="generated"/></page><page><nameUrl value="Organization-HappyDoctors.html"/><title value="Praxis Happy Doctors"/><generation value="generated"/></page><page><nameUrl value="Organization-HappyHospital.html"/><title value="Klinik Happy Hospital"/><generation value="generated"/></page><page><nameUrl value="Location-LocationHospitalStay.html"/><title value="Location Hospital Stay"/><generation value="generated"/></page><page><nameUrl value="Media-MediaRx.html"/><title value="Media Previous Rx"/><generation value="generated"/></page><page><nameUrl value="PractitionerRole-MedicalDepartmentHappyHospital.html"/><title value="MedicalDepartment @ Happy Hospital"/><generation value="generated"/></page><page><nameUrl value="Medication-MedicationStatementEtoc1.html"/><title value="Medication Card  Medical Referral"/><generation value="generated"/></page><page><nameUrl value="Medication-MedicationStatementEtoc2.html"/><title value="Medication Card  Medical Referral"/><generation value="generated"/></page><page><nameUrl value="Medication-MedicationStatementEtoc3.html"/><title value="Medication Card  Medical Referral"/><generation value="generated"/></page><page><nameUrl value="Practitioner-ORderfiller.html"/><title value="Otto Rderfiller"/><generation value="generated"/></page><page><nameUrl value="Practitioner-ORderplacer.html"/><title value="Ottilie Rderplacer"/><generation value="generated"/></page><page><nameUrl value="PractitionerRole-ORderplacerHappyDoctors.html"/><title value="Ottilie Rderplacer @ Happy Doctors"/><generation value="generated"/></page><page><nameUrl value="Condition-PastHistoryofIllnessesConditionEtoc.html"/><title value="PastHistoryofIllnesses Medical Referral"/><generation value="generated"/></page><page><nameUrl value="Condition-PrimaryDiagnosis.html"/><title value="Primary Diagnosis"/><generation value="generated"/></page><page><nameUrl value="Questionnaire-QuestionnaireEtoc.html"/><title value="Questionnaire Electronic Transition of Care"/><generation value="generated"/></page><page><nameUrl value="QuestionnaireResponse-QuestionnaireResponseEtoc.html"/><title value="QuestionniaireResponse Radiology Order"/><generation value="generated"/></page><page><nameUrl value="Patient-SUfferer.html"/><title value="Susanna Ufferer"/><generation value="generated"/></page><page><nameUrl value="Patient-SUffererCopyReceiver.html"/><title value="Susanna Ufferer Copy Receiver"/><generation value="generated"/></page><page><nameUrl value="Condition-SecondaryDiagnosis1.html"/><title value="Secondary Diagnosis 1"/><generation value="generated"/></page><page><nameUrl value="Condition-SecondaryDiagnosis2.html"/><title value="Secondary Diagnosis 2"/><generation value="generated"/></page><page><nameUrl value="ServiceRequest-ServiceRequestEtoc.html"/><title value="ServiceRequest Medical Referral"/><generation value="generated"/></page></page></page><parameter><code value="path-resource"/><value value="input/capabilities"/></parameter><parameter><code value="path-resource"/><value value="input/examples"/></parameter><parameter><code value="path-resource"/><value value="input/extensions"/></parameter><parameter><code value="path-resource"/><value value="input/models"/></parameter><parameter><code value="path-resource"/><value value="input/operations"/></parameter><parameter><code value="path-resource"/><value value="input/profiles"/></parameter><parameter><code value="path-resource"/><value value="input/resources"/></parameter><parameter><code value="path-resource"/><value value="input/vocabulary"/></parameter><parameter><code value="path-resource"/><value value="input/maps"/></parameter><parameter><code value="path-resource"/><value value="input/testing"/></parameter><parameter><code value="path-resource"/><value value="input/history"/></parameter><parameter><code value="path-resource"/><value value="fsh-generated/resources"/></parameter><parameter><code value="path-pages"/><value value="template/config"/></parameter><parameter><code value="path-pages"/><value value="input/images"/></parameter><parameter><code value="path-tx-cache"/><value value="input-cache/txcache"/></parameter></definition></ImplementationGuide>