{
  "resourceType" : "MedicationAdministration",
  "id" : "3-2-MedAdminFentanyl",
  "meta" : {
    "profile" : ["http://fhir.ch/ig/ch-emed/StructureDefinition/ch-emed-medicationadministration"]
  },
  "text" : {
    "status" : "generated",
    "div" : "<div xmlns=\"http://www.w3.org/1999/xhtml\"><p><b>Generated Narrative: MedicationAdministration</b><a name=\"3-2-MedAdminFentanyl\"> </a><a name=\"hc3-2-MedAdminFentanyl\"> </a></p><div style=\"display: inline-block; background-color: #d9e0e7; padding: 6px; margin: 4px; border: 1px solid #8da1b4; border-radius: 5px; line-height: 60%\"><p style=\"margin-bottom: 0px\">ResourceMedicationAdministration &quot;3-2-MedAdminFentanyl&quot; </p><p style=\"margin-bottom: 0px\">Profile: <a href=\"StructureDefinition-ch-emed-medicationadministration.html\">CH EMED MedicationAdministration (DIS)</a></p></div><p><b>identifier</b>: <a href=\"http://terminology.hl7.org/5.5.0/NamingSystem-uri.html\" title=\"As defined by RFC 3986 (http://www.ietf.org/rfc/rfc3986.txt)(with many schemes defined in many RFCs). For OIDs and UUIDs, use the URN form (urn:oid:(note: lowercase) and urn:uuid:). See http://www.ietf.org/rfc/rfc3001.txt and http://www.ietf.org/rfc/rfc4122.txt \r\n\r\nThis oid is used as an identifier II.root to indicate the the extension is an absolute URI (technically, an IRI). Typically, this is used for OIDs and GUIDs. Note that when this OID is used with OIDs and GUIDs, the II.extension should start with urn:oid or urn:uuid: \r\n\r\nNote that this OID is created to aid with interconversion between CDA and FHIR - FHIR uses urn:ietf:rfc:3986 as equivalent to this OID. URIs as identifiers appear more commonly in FHIR.\r\n\r\nThis OID may also be used in CD.codeSystem.\">Uniform Resource Identifier (URI)</a>/urn:uuid:8ef0d745-e218-4636-abac-ea842ca6a421</p><p><b>status</b>: completed</p><p><b>medication</b>: <a name=\"hcFentanyl\"> </a></p><blockquote><p/><p><a name=\"Fentanyl\"> </a></p><p><a name=\"hcFentanyl\"> </a></p><p><b>code</b>: FENTANYL Sintetica Inj Lös 0.5 mg/10ml <span style=\"background: LightGoldenRodYellow; margin: 4px; border: 1px solid khaki\"> (unknown#7680539870027)</span></p><p><b>form</b>: Injektionslösung <span style=\"background: LightGoldenRodYellow; margin: 4px; border: 1px solid khaki\"> (<a href=\"http://fhir.ch/ig/ch-term/3.0.0/CodeSystem-edqm-standardterms.html\">EDQM - Standard Terms</a>#11201000 &quot;Solution for injection&quot;)</span></p><p><b>amount</b>: 10 Ampule (unit of presentation)<span style=\"background: LightGoldenRodYellow\"> (Details: SNOWMED CT code 732978007 = 'Ampule (unit of presentation)')</span>/1 Package - unit of product usage (qualifier value)<span style=\"background: LightGoldenRodYellow\"> (Details: SNOWMED CT code 1681000175101 = 'Package - unit of product usage')</span></p><h3>Ingredients</h3><table class=\"grid\"><tr><td style=\"display: none\">-</td><td><b>Item[x]</b></td><td><b>Strength</b></td></tr><tr><td style=\"display: none\">*</td><td>Fentanyl <span style=\"background: LightGoldenRodYellow; margin: 4px; border: 1px solid khaki\"> (<a href=\"https://browser.ihtsdotools.org/\">SNOWMED CT</a>#373492002 &quot;Fentanyl (substance)&quot;)</span></td><td>0.5 milligram<span style=\"background: LightGoldenRodYellow\"> (Details: UCUM code mg = 'mg')</span>/10 milligram<span style=\"background: LightGoldenRodYellow\"> (Details: UCUM code mL = 'mL')</span></td></tr></table></blockquote><p><b>subject</b>: <a href=\"Patient-MaxMoser.html\">Patient/MaxMoser</a> &quot; MOSER&quot;</p><p><b>effective</b>: 2020-02-03 14:32:00+0100</p><h3>Performers</h3><table class=\"grid\"><tr><td style=\"display: none\">-</td><td><b>Actor</b></td></tr><tr><td style=\"display: none\">*</td><td><a href=\"PractitionerRole-PriskaHuberAtRettungsdienst.html\">PractitionerRole/PriskaHuberAtRettungsdienst</a></td></tr></table><p><b>reasonCode</b>: Schmerzbehandlung <span style=\"background: LightGoldenRodYellow; margin: 4px; border: 1px solid khaki\"> ()</span></p><h3>Dosages</h3><table class=\"grid\"><tr><td style=\"display: none\">-</td><td><b>Route</b></td><td><b>Method</b></td><td><b>Dose</b></td></tr><tr><td style=\"display: none\">*</td><td>intravenöse Anwendung <span style=\"background: LightGoldenRodYellow; margin: 4px; border: 1px solid khaki\"> (<a href=\"http://fhir.ch/ig/ch-term/3.0.0/CodeSystem-edqm-standardterms.html\">EDQM - Standard Terms</a>#20045000 &quot;Intravenous use&quot;)</span></td><td>Infusion <span style=\"background: LightGoldenRodYellow; margin: 4px; border: 1px solid khaki\"> (<a href=\"http://fhir.ch/ig/ch-term/3.0.0/CodeSystem-edqm-standardterms.html\">EDQM - Standard Terms</a>#0009)</span></td><td>1 Ampule (unit of presentation)<span style=\"background: LightGoldenRodYellow\"> (Details: SNOWMED CT code 732978007 = 'Ampule (unit of presentation)')</span></td></tr></table><hr/><blockquote><p><b>Generated Narrative: Medication #Fentanyl</b><a name=\"Fentanyl\"> </a><a name=\"hcFentanyl\"> </a></p><p><b>code</b>: FENTANYL Sintetica Inj Lös 0.5 mg/10ml <span style=\"background: LightGoldenRodYellow; margin: 4px; border: 1px solid khaki\"> (unknown#7680539870027)</span></p><p><b>form</b>: Injektionslösung <span style=\"background: LightGoldenRodYellow; margin: 4px; border: 1px solid khaki\"> (<a href=\"http://fhir.ch/ig/ch-term/3.0.0/CodeSystem-edqm-standardterms.html\">EDQM - Standard Terms</a>#11201000 &quot;Solution for injection&quot;)</span></p><p><b>amount</b>: 10 Ampule (unit of presentation)<span style=\"background: LightGoldenRodYellow\"> (Details: SNOWMED CT code 732978007 = 'Ampule (unit of presentation)')</span>/1 Package - unit of product usage (qualifier value)<span style=\"background: LightGoldenRodYellow\"> (Details: SNOWMED CT code 1681000175101 = 'Package - unit of product usage')</span></p><h3>Ingredients</h3><table class=\"grid\"><tr><td style=\"display: none\">-</td><td><b>Item[x]</b></td><td><b>Strength</b></td></tr><tr><td style=\"display: none\">*</td><td>Fentanyl <span style=\"background: LightGoldenRodYellow; margin: 4px; border: 1px solid khaki\"> (<a href=\"https://browser.ihtsdotools.org/\">SNOWMED CT</a>#373492002 &quot;Fentanyl (substance)&quot;)</span></td><td>0.5 milligram<span style=\"background: LightGoldenRodYellow\"> (Details: UCUM code mg = 'mg')</span>/10 milligram<span style=\"background: LightGoldenRodYellow\"> (Details: UCUM code mL = 'mL')</span></td></tr></table></blockquote></div>"
  },
  "contained" : [{
    "resourceType" : "Medication",
    "id" : "Fentanyl",
    "meta" : {
      "profile" : ["http://fhir.ch/ig/ch-emed/StructureDefinition/ch-emed-medication"]
    },
    "code" : {
      "coding" : [{
        "system" : "urn:oid:2.51.1.1",
        "code" : "7680539870027",
        "display" : "FENTANYL Sintetica Inj Lös 0.5 mg/10ml"
      }],
      "text" : "FENTANYL Sintetica Inj Lös 0.5 mg/10ml"
    },
    "form" : {
      "coding" : [{
        "system" : "urn:oid:0.4.0.127.0.16.1.1.2.1",
        "code" : "11201000",
        "display" : "Solution for injection"
      }],
      "text" : "Injektionslösung"
    },
    "amount" : {
      "numerator" : {
        "value" : 10,
        "unit" : "Ampule (unit of presentation)",
        "system" : "http://snomed.info/sct",
        "code" : "732978007"
      },
      "denominator" : {
        "value" : 1,
        "unit" : "Package - unit of product usage (qualifier value)",
        "system" : "http://snomed.info/sct",
        "code" : "1681000175101"
      }
    },
    "ingredient" : [{
      "itemCodeableConcept" : {
        "coding" : [{
          "system" : "http://snomed.info/sct",
          "code" : "373492002",
          "display" : "Fentanyl (substance)"
        }],
        "text" : "Fentanyl"
      },
      "strength" : {
        "numerator" : {
          "value" : 0.5,
          "unit" : "milligram",
          "system" : "http://unitsofmeasure.org",
          "code" : "mg"
        },
        "denominator" : {
          "value" : 10,
          "unit" : "milligram",
          "system" : "http://unitsofmeasure.org",
          "code" : "mL"
        }
      }
    }]
  }],
  "identifier" : [{
    "system" : "urn:ietf:rfc:3986",
    "value" : "urn:uuid:8ef0d745-e218-4636-abac-ea842ca6a421"
  }],
  "status" : "completed",
  "medicationReference" : {
    "reference" : "#Fentanyl"
  },
  "subject" : {
    "reference" : "Patient/MaxMoser"
  },
  "effectiveDateTime" : "2020-02-03T14:32:00+01:00",
  "performer" : [{
    "actor" : {
      "reference" : "PractitionerRole/PriskaHuberAtRettungsdienst"
    }
  }],
  "reasonCode" : [{
    "text" : "Schmerzbehandlung"
  }],
  "dosage" : {
    "route" : {
      "coding" : [{
        "system" : "urn:oid:0.4.0.127.0.16.1.1.2.1",
        "code" : "20045000",
        "display" : "Intravenous use"
      }],
      "text" : "intravenöse Anwendung"
    },
    "method" : {
      "coding" : [{
        "system" : "urn:oid:0.4.0.127.0.16.1.1.2.1",
        "code" : "0009",
        "display" : "Infusion"
      }]
    },
    "dose" : {
      "value" : 1,
      "unit" : "Ampule (unit of presentation)",
      "system" : "http://snomed.info/sct",
      "code" : "732978007"
    }
  }
}