{
  "resourceType" : "MedicationDispense",
  "id" : "MedDispTriatec-WasNotSubstituted",
  "meta" : {
    "profile" : ["http://fhir.ch/ig/ch-emed/StructureDefinition/ch-emed-medicationdispense"]
  },
  "text" : {
    "status" : "generated",
    "div" : "<div xmlns=\"http://www.w3.org/1999/xhtml\"><p><b>Generated Narrative: MedicationDispense</b><a name=\"MedDispTriatec-WasNotSubstituted\"> </a><a name=\"hcMedDispTriatec-WasNotSubstituted\"> </a></p><div style=\"display: inline-block; background-color: #d9e0e7; padding: 6px; margin: 4px; border: 1px solid #8da1b4; border-radius: 5px; line-height: 60%\"><p style=\"margin-bottom: 0px\">ResourceMedicationDispense &quot;MedDispTriatec-WasNotSubstituted&quot; </p><p style=\"margin-bottom: 0px\">Profile: <a href=\"StructureDefinition-ch-emed-medicationdispense.html\">CH EMED MedicationDispense (DIS)</a></p></div><p><b>identifier</b>: <a href=\"http://terminology.hl7.org/5.5.0/NamingSystem-uri.html\" title=\"As defined by RFC 3986 (http://www.ietf.org/rfc/rfc3986.txt)(with many schemes defined in many RFCs). For OIDs and UUIDs, use the URN form (urn:oid:(note: lowercase) and urn:uuid:). See http://www.ietf.org/rfc/rfc3001.txt and http://www.ietf.org/rfc/rfc4122.txt \r\n\r\nThis oid is used as an identifier II.root to indicate the the extension is an absolute URI (technically, an IRI). Typically, this is used for OIDs and GUIDs. Note that when this OID is used with OIDs and GUIDs, the II.extension should start with urn:oid or urn:uuid: \r\n\r\nNote that this OID is created to aid with interconversion between CDA and FHIR - FHIR uses urn:ietf:rfc:3986 as equivalent to this OID. URIs as identifiers appear more commonly in FHIR.\r\n\r\nThis OID may also be used in CD.codeSystem.\">Uniform Resource Identifier (URI)</a>/urn:uuid:ccdc8558-3586-4018-ab3a-eb8f24a27835</p><p><b>status</b>: completed</p><p><b>medication</b>: <a name=\"hcTriatec\"> </a></p><blockquote><p/><p><a name=\"Triatec\"> </a></p><p><a name=\"hcTriatec\"> </a></p><p><b>code</b>: TRIATEC Tabl 2.5 mg <span style=\"background: LightGoldenRodYellow; margin: 4px; border: 1px solid khaki\"> (unknown#7680538751228 &quot;TRIATEC Tabl 2.5 mg 20 Stk&quot;)</span></p><p><b>form</b>: Tablette <span style=\"background: LightGoldenRodYellow; margin: 4px; border: 1px solid khaki\"> (<a href=\"http://fhir.ch/ig/ch-term/3.0.0/CodeSystem-edqm-standardterms.html\">EDQM - Standard Terms</a>#10219000 &quot;Tablet&quot;)</span></p><p><b>amount</b>: 20 Tablet (unit of presentation)<span style=\"background: LightGoldenRodYellow\"> (Details: SNOWMED CT code 732936001 = 'Tablet (unit of presentation)')</span>/1 Package - unit of product usage (qualifier value)<span style=\"background: LightGoldenRodYellow\"> (Details: SNOWMED CT code 1681000175101 = 'Package - unit of product usage')</span></p><h3>Ingredients</h3><table class=\"grid\"><tr><td style=\"display: none\">-</td><td><b>Item[x]</b></td><td><b>Strength</b></td></tr><tr><td style=\"display: none\">*</td><td>Ramipril <span style=\"background: LightGoldenRodYellow; margin: 4px; border: 1px solid khaki\"> (<a href=\"https://browser.ihtsdotools.org/\">SNOWMED CT</a>#386872004 &quot;Ramipril (substance)&quot;)</span></td><td>2.5 milligram<span style=\"background: LightGoldenRodYellow\"> (Details: UCUM code mg = 'mg')</span>/1 Tablet (unit of presentation)<span style=\"background: LightGoldenRodYellow\"> (Details: SNOWMED CT code 732936001 = 'Tablet (unit of presentation)')</span></td></tr></table></blockquote><p><b>subject</b>: <a href=\"Patient-MonikaWegmueller.html\">Patient/MonikaWegmueller</a> &quot; WEGMÜLLER&quot;</p><h3>Performers</h3><table class=\"grid\"><tr><td style=\"display: none\">-</td><td><b>Actor</b></td></tr><tr><td style=\"display: none\">*</td><td><a href=\"PractitionerRole-FamilienHausarztAtHausarzt.html\">PractitionerRole/FamilienHausarztAtHausarzt</a></td></tr></table><p><b>quantity</b>: 1 Package - unit of product usage (qualifier value)<span style=\"background: LightGoldenRodYellow\"> (Details: SNOWMED CT code 1681000175101 = 'Package - unit of product usage')</span></p><p><b>whenHandedOver</b>: 2011-11-29</p><blockquote><p><b>dosageInstruction</b></p><p><b>patientInstruction</b>: -</p><p><b>timing</b>: Starting 2011-11-29 , , ?ngen-6?</p><p><b>route</b>: zum Einnehmen <span style=\"background: LightGoldenRodYellow; margin: 4px; border: 1px solid khaki\"> (<a href=\"http://fhir.ch/ig/ch-term/3.0.0/CodeSystem-edqm-standardterms.html\">EDQM - Standard Terms</a>#20053000 &quot;Oral use&quot;)</span></p><blockquote><p><b>doseAndRate</b></p></blockquote></blockquote><h3>Substitutions</h3><table class=\"grid\"><tr><td style=\"display: none\">-</td><td><b>WasSubstituted</b></td></tr><tr><td style=\"display: none\">*</td><td>false</td></tr></table><hr/><blockquote><p><b>Generated Narrative: Medication #Triatec</b><a name=\"Triatec\"> </a><a name=\"hcTriatec\"> </a></p><p><b>code</b>: TRIATEC Tabl 2.5 mg <span style=\"background: LightGoldenRodYellow; margin: 4px; border: 1px solid khaki\"> (unknown#7680538751228 &quot;TRIATEC Tabl 2.5 mg 20 Stk&quot;)</span></p><p><b>form</b>: Tablette <span style=\"background: LightGoldenRodYellow; margin: 4px; border: 1px solid khaki\"> (<a href=\"http://fhir.ch/ig/ch-term/3.0.0/CodeSystem-edqm-standardterms.html\">EDQM - Standard Terms</a>#10219000 &quot;Tablet&quot;)</span></p><p><b>amount</b>: 20 Tablet (unit of presentation)<span style=\"background: LightGoldenRodYellow\"> (Details: SNOWMED CT code 732936001 = 'Tablet (unit of presentation)')</span>/1 Package - unit of product usage (qualifier value)<span style=\"background: LightGoldenRodYellow\"> (Details: SNOWMED CT code 1681000175101 = 'Package - unit of product usage')</span></p><h3>Ingredients</h3><table class=\"grid\"><tr><td style=\"display: none\">-</td><td><b>Item[x]</b></td><td><b>Strength</b></td></tr><tr><td style=\"display: none\">*</td><td>Ramipril <span style=\"background: LightGoldenRodYellow; margin: 4px; border: 1px solid khaki\"> (<a href=\"https://browser.ihtsdotools.org/\">SNOWMED CT</a>#386872004 &quot;Ramipril (substance)&quot;)</span></td><td>2.5 milligram<span style=\"background: LightGoldenRodYellow\"> (Details: UCUM code mg = 'mg')</span>/1 Tablet (unit of presentation)<span style=\"background: LightGoldenRodYellow\"> (Details: SNOWMED CT code 732936001 = 'Tablet (unit of presentation)')</span></td></tr></table></blockquote></div>"
  },
  "contained" : [{
    "resourceType" : "Medication",
    "id" : "Triatec",
    "meta" : {
      "profile" : ["http://fhir.ch/ig/ch-emed/StructureDefinition/ch-emed-medication"]
    },
    "code" : {
      "coding" : [{
        "system" : "urn:oid:2.51.1.1",
        "code" : "7680538751228",
        "display" : "TRIATEC Tabl 2.5 mg 20 Stk"
      }],
      "text" : "TRIATEC Tabl 2.5 mg"
    },
    "form" : {
      "coding" : [{
        "system" : "urn:oid:0.4.0.127.0.16.1.1.2.1",
        "code" : "10219000",
        "display" : "Tablet"
      }],
      "text" : "Tablette"
    },
    "amount" : {
      "numerator" : {
        "value" : 20,
        "unit" : "Tablet (unit of presentation)",
        "system" : "http://snomed.info/sct",
        "code" : "732936001"
      },
      "denominator" : {
        "value" : 1,
        "unit" : "Package - unit of product usage (qualifier value)",
        "system" : "http://snomed.info/sct",
        "code" : "1681000175101"
      }
    },
    "ingredient" : [{
      "itemCodeableConcept" : {
        "coding" : [{
          "system" : "http://snomed.info/sct",
          "code" : "386872004",
          "display" : "Ramipril (substance)"
        }],
        "text" : "Ramipril"
      },
      "strength" : {
        "numerator" : {
          "value" : 2.5,
          "unit" : "milligram",
          "system" : "http://unitsofmeasure.org",
          "code" : "mg"
        },
        "denominator" : {
          "value" : 1,
          "unit" : "Tablet (unit of presentation)",
          "system" : "http://snomed.info/sct",
          "code" : "732936001"
        }
      }
    }]
  }],
  "identifier" : [{
    "system" : "urn:ietf:rfc:3986",
    "value" : "urn:uuid:ccdc8558-3586-4018-ab3a-eb8f24a27835"
  }],
  "status" : "completed",
  "medicationReference" : {
    "reference" : "#Triatec"
  },
  "subject" : {
    "reference" : "Patient/MonikaWegmueller"
  },
  "performer" : [{
    "actor" : {
      "reference" : "PractitionerRole/FamilienHausarztAtHausarzt"
    }
  }],
  "quantity" : {
    "value" : 1,
    "unit" : "Package - unit of product usage (qualifier value)",
    "system" : "http://snomed.info/sct",
    "code" : "1681000175101"
  },
  "whenHandedOver" : "2011-11-29",
  "dosageInstruction" : [{
    "patientInstruction" : "-",
    "timing" : {
      "repeat" : {
        "boundsPeriod" : {
          "start" : "2011-11-29"
        },
        "when" : ["MORN"]
      }
    },
    "route" : {
      "coding" : [{
        "system" : "urn:oid:0.4.0.127.0.16.1.1.2.1",
        "code" : "20053000",
        "display" : "Oral use"
      }],
      "text" : "zum Einnehmen"
    },
    "doseAndRate" : [{
      "doseQuantity" : {
        "value" : 0.5,
        "unit" : "Tablet (unit of presentation)",
        "system" : "http://snomed.info/sct",
        "code" : "732936001"
      }
    }]
  }],
  "substitution" : {
    "wasSubstituted" : false
  }
}