URL,Version,Status,OIDs,Name,Title,Descriptino,Used
http://fhir.ch/ig/ch-elm/CodeSystem/ch-elm-foph-patient-name-representation,1.5.0,active,,ChElmFophPatientNameRepresentation,CH ELM FOPH Patient Name Representation,"This CH ELM resource defines the codes which identify possible patient name schemas to be used.","ValueSet/ch-elm-foph-patient-name-representation,ConceptMap/ch-elm-results-to-foph-patient-name-representation"
http://fhir.ch/ig/ch-elm/CodeSystem/ch-elm-interpretation-codes-vs,1.5.0,active,,ChElmInterpretationCodesVs,CH ELM Interpretation Codes Vs,"The codes contained in this code system represent URLs of value sets that can be used as target codes in ConceptMaps. These value sets define the codes that are permitted to indicate the observation interpretation in relation to the leading code.","ValueSet/ch-elm-interpretation-codes-vs,ConceptMap/ch-elm-results-to-interpretation-code"
http://fhir.ch/ig/ch-elm/CodeSystem/ch-elm-results-completion-vs,1.5.0,active,,ChElmResultsCompletionVs,CH ELM Results Completion Vs,"The codes contained in this code system represent URLs of value sets that can be used as target codes in ConceptMaps. These value sets define the codes that are permitted for specifying the organism or specimen in relation to the leading code.","ValueSet/ch-elm-results-completion-vs,ConceptMap/ch-elm-expecting-organism-specification-to-results-completion-vs,ConceptMap/ch-elm-expecting-specimen-specification-to-results-completion-vs"
http://hl7.org/fhir/task-status,4.0.1,draft,"2.16.840.1.113883.4.642.4.791",TaskStatus,TaskStatus,"The current status of the task.","ValueSet/ch-elm-status"
http://loinc.org,3.1.0,active,"2.16.840.1.113883.6.1",LOINC,Logical Observation Identifiers, Names and Codes (LOINC),"LOINC provides a set of universal names and ID codes for identifying laboratory and clinical test results.1,2 LOINC facilitates the exchange and pooling of results, such as blood hemoglobin, serum potassium, or vital signs, for clinical care, outcomes management, and research. LOINC's universal identifiers (names and codes) can be used in the context of order and observation exchanges between information systems that use syntax standards such as HL73, CEN TC251, ISO TC215, ASTM4, and DICOM. Specifically, the identifier can be used as the coded value for an observation in any other standard that uses the observation/observation value paradigm, whether messages, documents, application programming interface (API), etc. For example, LOINC codes are used widely in the OBX segment Observation Identifier field (OBX-3) of an ORU HL7 (HL7 version 2.x or ASTM 1238-9410) message that may be sent between a Clinical Laboratory Information Management Systems (LIMS) and Electronic Health Record Systems (EHR).5, 6 In this way, LOINC codes provide universal identifiers that allow the exchange of clinical data between heterogeneous computing environments.","ConceptMap/ch-elm-expecting-organism-specification-to-results-completion-vs,ConceptMap/ch-elm-expecting-specimen-specification-to-results-completion-vs,ConceptMap/ch-elm-results-to-foph-patient-name-representation,ValueSet/ch-elm-results-laboratory-observation,ValueSet/ch-elm-expecting-organism-specification,ValueSet/ch-elm-expecting-specimen-specification,ConceptMap/ch-elm-results-to-interpretation-code,ValueSet/ch-elm-lab-study-types"
http://snomed.info/sct,null,active,"2.16.840.1.113883.6.96",SNOMED_CT,SNOMED CT (all versions),"SNOMED CT is the most comprehensive and precise clinical health terminology product in the world, owned and distributed around the world by The International Health Terminology Standards Development Organisation (IHTSDO).","ValueSet/ch-elm-results-diph-org,ValueSet/ch-elm-results-lis-org,ValueSet/ch-elm-results-geni-spec,ValueSet/ch-elm-results-mea-org,ValueSet/ch-elm-results-mal-org,ValueSet/ch-elm-results-coded-values-laboratory,ValueSet/ch-elm-results-haem-org,ValueSet/ch-elm-results-sterile-spec,ValueSet/ch-elm-results-camp-diar-org,ValueSet/ch-elm-results-virus-cult-org,ValueSet/ch-elm-results-shi-org,ValueSet/ch-elm-results-leg-org,ValueSet/ch-elm-results-tul-org,ValueSet/ch-elm-interpretation-codes-sero,ValueSet/ch-elm-results-pneu-org,ValueSet/ch-elm-results-men-org,ConceptMap/ch-elm-results-to-foph-patient-name-representation,ValueSet/ch-elm-results-laboratory-observation,ValueSet/ch-elm-results-chol-org,ValueSet/ch-elm-results-complete-spec,ValueSet/ch-elm-results-camp-org,ConceptMap/ch-elm-results-to-interpretation-code,ValueSet/ch-elm-results-cpe-org"
http://terminology.hl7.org/CodeSystem/v3-ObservationInterpretation,3.0.0,active,"2.16.840.1.113883.5.83",ObservationInterpretation,ObservationInterpretation,"One or more codes providing a rough qualitative interpretation of the observation, such as ""normal"" / ""abnormal"", ""low"" / ""high"", ""better"" / ""worse"", ""resistant"" / ""susceptible"", ""expected"" / ""not expected"". The value set is intended to be for ANY use where coded representation of an interpretation is needed.","ValueSet/ch-elm-interpretation-codes-pos-neg,ValueSet/ch-elm-interpretation-codes-res-sus,ValueSet/ch-elm-interpretation-codes-titer,ValueSet/ch-elm-interpretation-codes-pos"
