<?xml version="1.0" encoding="UTF-8"?><CodeSystem xmlns="http://hl7.org/fhir"><id value="event-timing"/><meta><source value="https://art-decor.org/fhir/ValueSet/2.16.756.5.30.1.127.77.4.11.2--20200710002808"/></meta><text><status value="generated"/><div xmlns="http://www.w3.org/1999/xhtml"><p>This code system <code>http://fhir.ch/ig/ch-emed/CodeSystem/event-timing</code> defines displays on the following codes:</p><table class="codes"><tr><td style="white-space:nowrap"><b>Code</b></td><td><b>Display</b></td></tr><tr><td><a style="white-space:nowrap" href="http://hl7.org/fhir/R4/codesystem-event-timing.html#event-timing-PHS">PHS</a><a name="event-timing-PHS"> </a></td><td>After Sleep</td></tr><tr><td><a style="white-space:nowrap" href="http://hl7.org/fhir/R4/codesystem-event-timing.html#event-timing-NIGHT">NIGHT</a><a name="event-timing-NIGHT"> </a></td><td>Night</td></tr><tr><td><a style="white-space:nowrap" href="http://hl7.org/fhir/R4/codesystem-event-timing.html#event-timing-EVE.46late">EVE.late</a><a name="event-timing-EVE.46late"> </a></td><td>Late Evening</td></tr><tr><td><a style="white-space:nowrap" href="http://hl7.org/fhir/R4/codesystem-event-timing.html#event-timing-EVE.46early">EVE.early</a><a name="event-timing-EVE.46early"> </a></td><td>Early Evening</td></tr><tr><td><a style="white-space:nowrap" href="http://hl7.org/fhir/R4/codesystem-event-timing.html#event-timing-EVE">EVE</a><a name="event-timing-EVE"> </a></td><td>Evening</td></tr><tr><td><a style="white-space:nowrap" href="http://hl7.org/fhir/R4/codesystem-event-timing.html#event-timing-AFT.46late">AFT.late</a><a name="event-timing-AFT.46late"> </a></td><td>Late Afternoon</td></tr><tr><td><a style="white-space:nowrap" href="http://hl7.org/fhir/R4/codesystem-event-timing.html#event-timing-AFT.46early">AFT.early</a><a name="event-timing-AFT.46early"> </a></td><td>Early Afternoon</td></tr><tr><td><a style="white-space:nowrap" href="http://hl7.org/fhir/R4/codesystem-event-timing.html#event-timing-AFT">AFT</a><a name="event-timing-AFT"> </a></td><td>Afternoon</td></tr><tr><td><a style="white-space:nowrap" href="http://hl7.org/fhir/R4/codesystem-event-timing.html#event-timing-NOON">NOON</a><a name="event-timing-NOON"> </a></td><td>Noon</td></tr><tr><td><a style="white-space:nowrap" href="http://hl7.org/fhir/R4/codesystem-event-timing.html#event-timing-MORN.46late">MORN.late</a><a name="event-timing-MORN.46late"> </a></td><td>Late Morning</td></tr><tr><td><a style="white-space:nowrap" href="http://hl7.org/fhir/R4/codesystem-event-timing.html#event-timing-MORN.46early">MORN.early</a><a name="event-timing-MORN.46early"> </a></td><td>Early Morning</td></tr><tr><td><a style="white-space:nowrap" href="http://hl7.org/fhir/R4/codesystem-event-timing.html#event-timing-MORN">MORN</a><a name="event-timing-MORN"> </a></td><td>Morning</td></tr></table><p><b>Additional Language Displays</b></p><table class="codes"><tr><td><b>Code</b></td><td><b>Deutsch (Schweiz) (German (Switzerland), de)</b></td><td><b>English (United States) (English (United States), en)</b></td><td><b>French (Switzerland) (fr)</b></td><td><b>Italian (Switzerland) (it)</b></td><td><b>rm</b></td></tr><tr><td>PHS</td><td>Nach dem Einschlafen</td><td>After Sleep</td><td>Après le coucher</td><td>Dopo il sonno</td><td>Nach dem Einschlafen</td></tr><tr><td>NIGHT</td><td>Nacht</td><td>Night</td><td>Nuit</td><td>Notte</td><td>Nacht</td></tr><tr><td>EVE.late</td><td>Später Abend</td><td>Late Evening</td><td>Fin de soirée</td><td>Tarda serata</td><td>Später Abend</td></tr><tr><td>EVE.early</td><td>Früher Abend</td><td>Early Evening</td><td>Début de soirée</td><td>Prima serata</td><td>Früher Abend</td></tr><tr><td>EVE</td><td>Abend</td><td>Evening</td><td>Soirée</td><td>Sera</td><td>Abend</td></tr><tr><td>AFT.late</td><td>Später Nachmittag</td><td>Late Afternoon</td><td>Fin d’après-midi</td><td>Tardo pomeriggio</td><td>Später Nachmittag</td></tr><tr><td>AFT.early</td><td>Früher Nachmittag</td><td>Early Afternoon</td><td>Début d’après-midi</td><td>Primo pomeriggio</td><td>Früher Nachmittag</td></tr><tr><td>AFT</td><td>Nachmittag</td><td>Afternoon</td><td>Après-midi</td><td>Pomeriggio</td><td>Nachmittag</td></tr><tr><td>NOON</td><td>Mittag</td><td>Noon</td><td>Midi</td><td>Mezzogiorno</td><td>Mittag</td></tr><tr><td>MORN.late</td><td>Später Morgen</td><td>Late Morning</td><td>Fin de matinée</td><td>Tarda mattinata</td><td>Später Morgen</td></tr><tr><td>MORN.early</td><td>Früher Morgen</td><td>Early Morning</td><td>Début de matinée</td><td>Prima mattina</td><td>Früher Morgen</td></tr><tr><td>MORN</td><td>Morgen</td><td>Morning</td><td>Matinée</td><td>Mattina</td><td>Morgen</td></tr></table></div></text><url value="http://fhir.ch/ig/ch-emed/CodeSystem/event-timing"/><version value="4.0.1"/><name value="EventTiming"/><title value="EventTiming"/><status value="active"/><experimental value="false"/><date value="2021-05-26"/><publisher value="HL7 Switzerland"/><contact><name value="HL7 Switzerland"/><telecom><system value="url"/><value value="https://www.hl7.ch/"/></telecom></contact><contact><name value="HL7 Switzerland"/><telecom><system value="url"/><value value="https://www.hl7.ch/"/><use value="work"/></telecom></contact><description value="Translations of concepts for event-timing"/><jurisdiction><coding><system value="urn:iso:std:iso:3166"/><code value="CH"/></coding></jurisdiction><copyright value="CC0-1.0"/><content value="supplement"/><supplements value="http://hl7.org/fhir/event-timing"/><concept><code value="PHS"/><display value="After Sleep"/><designation><language value="de-CH"/><value value="Nach dem Einschlafen"/></designation><designation><language value="fr-CH"/><value value="Après le coucher"/></designation><designation><language value="it-CH"/><value value="Dopo il sonno"/></designation><designation><language value="rm-CH"/><value value="Nach dem Einschlafen"/></designation><designation><language value="en-US"/><value value="After Sleep"/></designation></concept><concept><code value="NIGHT"/><display value="Night"/><designation><language value="de-CH"/><value value="Nacht"/></designation><designation><language value="fr-CH"/><value value="Nuit"/></designation><designation><language value="it-CH"/><value value="Notte"/></designation><designation><language value="rm-CH"/><value value="Nacht"/></designation><designation><language value="en-US"/><value value="Night"/></designation></concept><concept><code value="EVE.late"/><display value="Late Evening"/><designation><language value="de-CH"/><value value="Später Abend"/></designation><designation><language value="fr-CH"/><value value="Fin de soirée"/></designation><designation><language value="it-CH"/><value value="Tarda serata"/></designation><designation><language value="rm-CH"/><value value="Später Abend"/></designation><designation><language value="en-US"/><value value="Late Evening"/></designation></concept><concept><code value="EVE.early"/><display value="Early Evening"/><designation><language value="de-CH"/><value value="Früher Abend"/></designation><designation><language value="fr-CH"/><value value="Début de soirée"/></designation><designation><language value="it-CH"/><value value="Prima serata"/></designation><designation><language value="rm-CH"/><value value="Früher Abend"/></designation><designation><language value="en-US"/><value value="Early Evening"/></designation></concept><concept><code value="EVE"/><display value="Evening"/><designation><language value="de-CH"/><value value="Abend"/></designation><designation><language value="fr-CH"/><value value="Soirée"/></designation><designation><language value="it-CH"/><value value="Sera"/></designation><designation><language value="rm-CH"/><value value="Abend"/></designation><designation><language value="en-US"/><value value="Evening"/></designation></concept><concept><code value="AFT.late"/><display value="Late Afternoon"/><designation><language value="de-CH"/><value value="Später Nachmittag"/></designation><designation><language value="fr-CH"/><value value="Fin d’après-midi"/></designation><designation><language value="it-CH"/><value value="Tardo pomeriggio"/></designation><designation><language value="rm-CH"/><value value="Später Nachmittag"/></designation><designation><language value="en-US"/><value value="Late Afternoon"/></designation></concept><concept><code value="AFT.early"/><display value="Early Afternoon"/><designation><language value="de-CH"/><value value="Früher Nachmittag"/></designation><designation><language value="fr-CH"/><value value="Début d’après-midi"/></designation><designation><language value="it-CH"/><value value="Primo pomeriggio"/></designation><designation><language value="rm-CH"/><value value="Früher Nachmittag"/></designation><designation><language value="en-US"/><value value="Early Afternoon"/></designation></concept><concept><code value="AFT"/><display value="Afternoon"/><designation><language value="de-CH"/><value value="Nachmittag"/></designation><designation><language value="fr-CH"/><value value="Après-midi"/></designation><designation><language value="it-CH"/><value value="Pomeriggio"/></designation><designation><language value="rm-CH"/><value value="Nachmittag"/></designation><designation><language value="en-US"/><value value="Afternoon"/></designation></concept><concept><code value="NOON"/><display value="Noon"/><designation><language value="de-CH"/><value value="Mittag"/></designation><designation><language value="fr-CH"/><value value="Midi"/></designation><designation><language value="it-CH"/><value value="Mezzogiorno"/></designation><designation><language value="rm-CH"/><value value="Mittag"/></designation><designation><language value="en-US"/><value value="Noon"/></designation></concept><concept><code value="MORN.late"/><display value="Late Morning"/><designation><language value="de-CH"/><value value="Später Morgen"/></designation><designation><language value="fr-CH"/><value value="Fin de matinée"/></designation><designation><language value="it-CH"/><value value="Tarda mattinata"/></designation><designation><language value="rm-CH"/><value value="Später Morgen"/></designation><designation><language value="en-US"/><value value="Late Morning"/></designation></concept><concept><code value="MORN.early"/><display value="Early Morning"/><designation><language value="de-CH"/><value value="Früher Morgen"/></designation><designation><language value="fr-CH"/><value value="Début de matinée"/></designation><designation><language value="it-CH"/><value value="Prima mattina"/></designation><designation><language value="rm-CH"/><value value="Früher Morgen"/></designation><designation><language value="en-US"/><value value="Early Morning"/></designation></concept><concept><code value="MORN"/><display value="Morning"/><designation><language value="de-CH"/><value value="Morgen"/></designation><designation><language value="fr-CH"/><value value="Matinée"/></designation><designation><language value="it-CH"/><value value="Mattina"/></designation><designation><language value="rm-CH"/><value value="Morgen"/></designation><designation><language value="en-US"/><value value="Morning"/></designation></concept></CodeSystem>