<?xml version="1.0" encoding="UTF-8"?>

<Observation xmlns="http://hl7.org/fhir">
  <id value="2-GCSBefund"/>
  <meta>
    <profile value="http://fhir.ch/ig/ch-ems/StructureDefinition/ch-ems-observation-gcs"/>
  </meta>
  <text>
    <status value="generated"/><div xmlns="http://www.w3.org/1999/xhtml"><p><b>Generated Narrative</b></p><p><b>id</b>: 2-GCSBefund</p><p><b>meta</b>: </p><p></p><p><b>code</b>: <span title="Codes: {http://loinc.org 9269-2}">Glasgow coma score total</span></p><p><b>subject</b>: <a href="Patient-2-PatientUnbekannt.html">Generated Summary: id: 2-PatientUnbekannt; Medical record number: MU43221; gender: male</a></p><p><b>encounter</b>: <a href="Encounter-2-Einsatz.html">Generated Summary: id: 2-Einsatz; id: S12345678; status: finished; <span title="{http://terminology.hl7.org/CodeSystem/v3-ActCode EMER}">emergency</span>; period: 2016-12-10 --&gt; (ongoing)</a></p><p><b>effective</b>: Dec 10, 2016, 11:25:00 AM</p><p><b>value</b>: 9 {score}</p><blockquote><p><b>component</b></p><p><b>code</b>: <span title="Codes: {http://loinc.org 9268-4}">Glasgow coma score motor</span></p><p><b>value</b>: <span title="Codes: {http://loinc.org LA6564-4}">3 (Flexion to pain)</span></p></blockquote><blockquote><p><b>component</b></p><p><b>code</b>: <span title="Codes: {http://loinc.org 9270-0}">Glasgow coma score verbal</span></p><p><b>value</b>: <span title="Codes: {http://loinc.org LA6559-4}">3 (Inappropriate words)</span></p></blockquote><blockquote><p><b>component</b></p><p><b>code</b>: <span title="Codes: {http://loinc.org 9267-6}">Glasgow coma score eye opening</span></p><p><b>value</b>: <span title="Codes: {http://loinc.org LA6555-2}">3 (Eye opening to verbal command)</span></p></blockquote></div>
  </text>
  <status value="final"/>
  <code>
    <coding>
      <system value="http://loinc.org"/>
      <code value="9269-2"/>
      <display value="Glasgow coma score total"/>
    </coding>
  </code>
  <subject>
    <reference value="Patient/2-PatientUnbekannt"/>
  </subject>
  <encounter>
    <reference value="Encounter/2-Einsatz"/>
  </encounter>
  <effectiveDateTime value="2016-12-10T11:25:00.000+01:00"/>
<!--  cdachems-dataelement-109 GCS-Gesamtscore -->
  <valueQuantity>
    <value value="9"/>
    <system value="http://unitsofmeasure.org"/>
    <code value="{score}"/>
  </valueQuantity>
<!--  cdachems-dataelement-112 GCS-motorische Kommunikation  -->
  <component>
    <code>
      <coding>
        <system value="http://loinc.org"/>
        <code value="9268-4"/>
        <display value="Glasgow coma score motor"/>
      </coding>
    </code>
    <valueCodeableConcept>
      <coding>
        <extension url="http://hl7.org/fhir/StructureDefinition/ordinalValue">
          <valueDecimal value="3"/>
        </extension>
        <system value="http://loinc.org"/>
        <code value="LA6564-4"/>
        <display value="Flexion to pain"/>
      </coding>
      <text value="3 (Flexion to pain)"/>
    </valueCodeableConcept>
  </component>
<!--  cdachems-dataelement-111 GCS-verbale Kommunikation -->
  <component>
    <code>
      <coding>
        <system value="http://loinc.org"/>
        <code value="9270-0"/>
        <display value="Glasgow coma score verbal"/>
      </coding>
    </code>
    <valueCodeableConcept>
      <coding>
        <extension url="http://hl7.org/fhir/StructureDefinition/ordinalValue">
          <valueDecimal value="3"/>
        </extension>
        <system value="http://loinc.org"/>
        <code value="LA6559-4"/>
        <display value="Inappropriate words"/>
      </coding>
      <text value="3 (Inappropriate words)"/>
    </valueCodeableConcept>
  </component>
<!--  cdachems-dataelement GCS-Augenöffnung 110  -->
  <component>
    <code>
      <coding>
        <system value="http://loinc.org"/>
        <code value="9267-6"/>
        <display value="Glasgow coma score eye opening"/>
      </coding>
    </code>
    <valueCodeableConcept>
      <coding>
        <extension url="http://hl7.org/fhir/StructureDefinition/ordinalValue">
          <valueDecimal value="3"/>
        </extension>
        <system value="http://loinc.org"/>
        <code value="LA6555-2"/>
        <display value="Eye opening to verbal command"/>
      </coding>
      <text value="3 (Eye opening to verbal command)"/>
    </valueCodeableConcept>
  </component>
</Observation>