<?xml version="1.0" encoding="UTF-8"?>

<ValueSet xmlns="http://hl7.org/fhir">
  <id value="IVR-VS-event"/>
  <meta>
    <source value="http://art-decor.org/fhir/ValueSet/2.16.756.5.30.1.1.11.23--20161113155040"/>
    <profile value="http://hl7.org/fhir/StructureDefinition/shareablevalueset"/>
  </meta>
  <text>
    <status value="generated"/><div xmlns="http://www.w3.org/1999/xhtml"><p>This value set includes codes based on the following rules:</p><ul><li>Include these codes as defined in <a href="http://www.snomed.org/"><code>http://snomed.info/sct</code></a><table class="none"><tr><td style="white-space:nowrap"><b>Code</b></td><td><b>Display</b></td></tr><tr><td><a href="http://browser.ihtsdotools.org/?perspective=full&amp;conceptId1=39104002">39104002</a></td><td>Illness</td><td/></tr><tr><td><a href="http://browser.ihtsdotools.org/?perspective=full&amp;conceptId1=52684005">52684005</a></td><td>Assault</td><td/></tr><tr><td><a href="http://browser.ihtsdotools.org/?perspective=full&amp;conceptId1=19440001">19440001</a></td><td>Explosion</td><td/></tr><tr><td><a href="http://browser.ihtsdotools.org/?perspective=full&amp;conceptId1=80032004">80032004</a></td><td>Fire</td><td/></tr><tr><td><a href="http://browser.ihtsdotools.org/?perspective=full&amp;conceptId1=1912002">1912002</a></td><td>Fall</td><td/></tr><tr><td><a href="http://browser.ihtsdotools.org/?perspective=full&amp;conceptId1=7542004">7542004</a></td><td>Work Accident</td><td/></tr><tr><td><a href="http://browser.ihtsdotools.org/?perspective=full&amp;conceptId1=57701003">57701003</a></td><td>Sports Accident</td><td/></tr><tr><td><a href="http://browser.ihtsdotools.org/?perspective=full&amp;conceptId1=1631000175102">1631000175102</a></td><td>Patient not asked</td><td/></tr><tr><td><a href="http://browser.ihtsdotools.org/?perspective=full&amp;conceptId1=79573009">79573009</a></td><td>Household Accident</td><td/></tr><tr><td><a href="http://browser.ihtsdotools.org/?perspective=full&amp;conceptId1=242089005">242089005</a></td><td>Traffic accident</td><td/></tr><tr><td><a href="http://browser.ihtsdotools.org/?perspective=full&amp;conceptId1=74964007">74964007</a></td><td>Other</td><td/></tr><tr><td><a href="http://browser.ihtsdotools.org/?perspective=full&amp;conceptId1=261665006">261665006</a></td><td>Unknown</td><td/></tr></table></li><li>Include these codes as defined in <a href="CodeSystem-2.16.756.5.30.1.143.5.1.html"><code>urn:oid:2.16.756.5.30.1.143.5.1</code></a><table class="none"><tr><td style="white-space:nowrap"><b>Code</b></td><td><b>Display</b></td></tr><tr><td><a href="CodeSystem-2.16.756.5.30.1.143.5.1.html#2.16.756.5.30.1.143.5.1-100005">100005</a></td><td>no information</td><td/></tr></table></li></ul><p><b>Additional Language Displays</b></p><table class="codes"><tr><td><b>Code</b></td><td><b>Deutsch (Schweiz) (German (Switzerland), de)</b></td><td><b>French (Switzerland) (fr)</b></td><td><b>Italian (Switzerland) (it)</b></td></tr><tr><td>39104002</td><td>Krankheit</td><td>Maladie</td><td>Malattia</td></tr><tr><td>52684005</td><td>Überfall</td><td>Assault</td><td>Assalto</td></tr><tr><td>19440001</td><td>Explosion</td><td>Explosion</td><td>Esplosione</td></tr><tr><td>80032004</td><td>Brand</td><td>Incendie</td><td>Incendio</td></tr><tr><td>1912002</td><td>Sturz</td><td>Chute</td><td>Caduta</td></tr><tr><td>7542004</td><td>Arbeitsunfall</td><td>Accident de travail</td><td>Infortunio sul lavoro</td></tr><tr><td>57701003</td><td>Sportunfall</td><td>Accident de sport</td><td>Infortunio sportivo</td></tr><tr><td>1631000175102</td><td>nicht erfragt</td><td>Pas demandé</td><td>Non indagatto</td></tr><tr><td>79573009</td><td>Haushaltsunfall</td><td>Accident domestique</td><td>Infortunio domestico</td></tr><tr><td>242089005</td><td>Verkehrsunfall</td><td>Accident de la circulation</td><td>Incidente della circolazione</td></tr><tr><td>74964007</td><td>anderes</td><td>Autre</td><td>Altro</td></tr><tr><td>261665006</td><td>unbekannt</td><td>Inconnu</td><td>Sconosciuto</td></tr><tr><td>100005</td><td>keine Angaben</td><td>Pas d'informations</td><td>Nessuna informazione</td></tr></table></div>
  </text>
  <extension url="http://hl7.org/fhir/StructureDefinition/resource-effectivePeriod">
    <valuePeriod>
      <start value="2016-11-13T15:50:40+02:00"/>
    </valuePeriod>
  </extension>
  <url value="http://fhir.ch/ig/ch-ems/ValueSet/IVR-VS-event"/>
  <identifier>
    <use value="official"/>
    <system value="http://art-decor.org/ns/oids/vs"/>
    <value value="2.16.756.5.30.1.1.11.23"/>
  </identifier>
  <version value="1.9.0"/>
  <name value="IVRVSevent"/>
  <title value="IVR valueset event (.143.11.15)"/>
  <status value="draft"/>
  <experimental value="false"/>
  <date value="2020-08-25T14:08:15+02:00"/>
  <publisher value="IVR Interverband f&#xFC;r Rettungswesen"/>
  <contact>
    <name value="IVR Interverband f&#xFC;r Rettungswesen"/>
    <telecom>
      <system value="url"/>
      <value value="https://www.ivr-ias.ch/"/>
    </telecom>
  </contact>
  <description value="IVR valueset event (.143.11.15)"/>
  <jurisdiction>
    <coding>
      <system value="urn:iso:std:iso:3166"/>
      <code value="CH"/>
    </coding>
  </jurisdiction>
  <immutable value="false"/>
  <copyright value="This artefact includes content from SNOMED Clinical Terms&#xAE; (SNOMED CT&#xAE;) which is copyright of the International Health Terminology Standards Development Organisation (IHTSDO). Implementers of these artefacts must have the appropriate SNOMED CT Affiliate license - for more information contact http://www.snomed.org/snomed-ct/getsnomed-ct or info@snomed.org."/>
  <compose>
    <include>
      <system value="http://snomed.info/sct"/>
      <concept>
        <code value="39104002"/>
        <display value="Illness"/>
        <designation>
          <language value="de-CH"/>
          <value value="Krankheit"/>
        </designation>
        <designation>
          <language value="fr-CH"/>
          <value value="Maladie"/>
        </designation>
        <designation>
          <language value="it-CH"/>
          <value value="Malattia"/>
        </designation>
      </concept>
      <concept>
        <code value="52684005"/>
        <display value="Assault"/>
        <designation>
          <language value="de-CH"/>
          <value value="&#xDC;berfall"/>
        </designation>
        <designation>
          <language value="fr-CH"/>
          <value value="Assault"/>
        </designation>
        <designation>
          <language value="it-CH"/>
          <value value="Assalto"/>
        </designation>
      </concept>
      <concept>
        <code value="19440001"/>
        <display value="Explosion"/>
        <designation>
          <language value="de-CH"/>
          <value value="Explosion"/>
        </designation>
        <designation>
          <language value="fr-CH"/>
          <value value="Explosion"/>
        </designation>
        <designation>
          <language value="it-CH"/>
          <value value="Esplosione"/>
        </designation>
      </concept>
      <concept>
        <code value="80032004"/>
        <display value="Fire"/>
        <designation>
          <language value="de-CH"/>
          <value value="Brand"/>
        </designation>
        <designation>
          <language value="fr-CH"/>
          <value value="Incendie"/>
        </designation>
        <designation>
          <language value="it-CH"/>
          <value value="Incendio"/>
        </designation>
      </concept>
      <concept>
        <code value="1912002"/>
        <display value="Fall"/>
        <designation>
          <language value="de-CH"/>
          <value value="Sturz"/>
        </designation>
        <designation>
          <language value="fr-CH"/>
          <value value="Chute"/>
        </designation>
        <designation>
          <language value="it-CH"/>
          <value value="Caduta"/>
        </designation>
      </concept>
      <concept>
        <code value="7542004"/>
        <display value="Work Accident"/>
        <designation>
          <language value="de-CH"/>
          <value value="Arbeitsunfall"/>
        </designation>
        <designation>
          <language value="fr-CH"/>
          <value value="Accident de travail"/>
        </designation>
        <designation>
          <language value="it-CH"/>
          <value value="Infortunio sul lavoro"/>
        </designation>
      </concept>
      <concept>
        <code value="57701003"/>
        <display value="Sports Accident"/>
        <designation>
          <language value="de-CH"/>
          <value value="Sportunfall"/>
        </designation>
        <designation>
          <language value="fr-CH"/>
          <value value="Accident de sport"/>
        </designation>
        <designation>
          <language value="it-CH"/>
          <value value="Infortunio sportivo"/>
        </designation>
      </concept>
      <concept>
        <code value="1631000175102"/>
        <display value="Patient not asked"/>
        <designation>
          <language value="de-CH"/>
          <value value="nicht erfragt"/>
        </designation>
        <designation>
          <language value="fr-CH"/>
          <value value="Pas demand&#xE9;"/>
        </designation>
        <designation>
          <language value="it-CH"/>
          <value value="Non indagatto"/>
        </designation>
      </concept>
      <concept>
        <code value="79573009"/>
        <display value="Household Accident"/>
        <designation>
          <language value="de-CH"/>
          <value value="Haushaltsunfall"/>
        </designation>
        <designation>
          <language value="fr-CH"/>
          <value value="Accident domestique"/>
        </designation>
        <designation>
          <language value="it-CH"/>
          <value value="Infortunio domestico"/>
        </designation>
      </concept>
      <concept>
        <code value="242089005"/>
        <display value="Traffic accident"/>
        <designation>
          <language value="de-CH"/>
          <value value="Verkehrsunfall"/>
        </designation>
        <designation>
          <language value="fr-CH"/>
          <value value="Accident de la circulation"/>
        </designation>
        <designation>
          <language value="it-CH"/>
          <value value="Incidente della circolazione"/>
        </designation>
      </concept>
      <concept>
        <code value="74964007"/>
        <display value="Other"/>
        <designation>
          <language value="de-CH"/>
          <value value="anderes"/>
        </designation>
        <designation>
          <language value="fr-CH"/>
          <value value="Autre"/>
        </designation>
        <designation>
          <language value="it-CH"/>
          <value value="Altro"/>
        </designation>
      </concept>
      <concept>
        <code value="261665006"/>
        <display value="Unknown"/>
        <designation>
          <language value="de-CH"/>
          <value value="unbekannt"/>
        </designation>
        <designation>
          <language value="fr-CH"/>
          <value value="Inconnu"/>
        </designation>
        <designation>
          <language value="it-CH"/>
          <value value="Sconosciuto"/>
        </designation>
      </concept>
    </include>
    <include>
      <system value="urn:oid:2.16.756.5.30.1.143.5.1"/>
      <concept>
        <code value="100005"/>
        <display value="no information"/>
        <designation>
          <language value="de-CH"/>
          <value value="keine Angaben"/>
        </designation>
        <designation>
          <language value="fr-CH"/>
          <value value="Pas d&#39;informations"/>
        </designation>
        <designation>
          <language value="it-CH"/>
          <value value="Nessuna informazione"/>
        </designation>
      </concept>
    </include>
  </compose>
</ValueSet>