<?xml version="1.0" encoding="UTF-8"?>

<Practitioner xmlns="http://hl7.org/fhir">
  <id value="SchreibKraft"/>
  <meta>
    <profile value="http://fhir.ch/ig/ch-core/StructureDefinition/ch-core-practitioner"/>
  </meta>
  <text>
    <status value="generated"/><div xmlns="http://www.w3.org/1999/xhtml"><p><b>Generated Narrative: Practitioner</b><a name="SchreibKraft"> </a></p><div style="display: inline-block; background-color: #d9e0e7; padding: 6px; margin: 4px; border: 1px solid #8da1b4; border-radius: 5px; line-height: 60%"><p style="margin-bottom: 0px">Resource Practitioner &quot;SchreibKraft&quot; </p><p style="margin-bottom: 0px">Profile: <a href="StructureDefinition-ch-core-practitioner.html">CH Core Practitioner</a></p></div><p><b>identifier</b>: id: 0812763</p><p><b>name</b>: Schreib Kraft (OFFICIAL)</p></div>
  </text>
  <identifier>
    <system value="urn:oid:2.999.1.2.3.4"/>
    <value value="0812763"/>
  </identifier>
  <name>
    <use value="official"/>
    <family value="Kraft"/>
    <given value="Schreib"/>
  </name>
</Practitioner>