<?xml version="1.0" encoding="UTF-8"?>

<ValueSet xmlns="http://hl7.org/fhir">
  <id value="ch-core-maritalstatus"/>
  <text>
    <status value="generated"/><div xmlns="http://www.w3.org/1999/xhtml"><p>This value set includes codes based on the following rules:</p><ul><li>Import all the codes that are contained in <a href="http://hl7.org/fhir/R4/valueset-marital-status.html">MaritalStatus</a></li><li>Include these codes as defined in <a href="CodeSystem-ech-11-maritalstatus.html"><code>http://fhir.ch/ig/ch-core/CodeSystem/ech-11-maritalstatus</code></a><table class="none"><tr><td style="white-space:nowrap"><b>Code</b></td><td><b>Display</b></td><td><b>Deutsch (Schweiz) (German (Switzerland), de)</b></td><td><b>French (Switzerland) (fr)</b></td><td><b>Italian (Switzerland) (it)</b></td></tr><tr><td><a href="CodeSystem-ech-11-maritalstatus.html#ech-11-maritalstatus-1">1</a></td><td>ledig</td><td>ledig</td><td>célibataire</td><td>celibe/nubile</td></tr><tr><td><a href="CodeSystem-ech-11-maritalstatus.html#ech-11-maritalstatus-2">2</a></td><td>verheiratet</td><td>verheiratet</td><td>marié-e</td><td>coniugato/a</td></tr><tr><td><a href="CodeSystem-ech-11-maritalstatus.html#ech-11-maritalstatus-3">3</a></td><td>verwitwet</td><td>verwitwet</td><td>veuf/veuve</td><td>vedovo/vedova</td></tr><tr><td><a href="CodeSystem-ech-11-maritalstatus.html#ech-11-maritalstatus-4">4</a></td><td>geschieden</td><td>geschieden</td><td>divorcé-e</td><td>divorziato/a</td></tr><tr><td><a href="CodeSystem-ech-11-maritalstatus.html#ech-11-maritalstatus-5">5</a></td><td>unverheiratet</td><td>unverheiratet</td><td>non marié-e</td><td>non coniugato/a</td></tr><tr><td><a href="CodeSystem-ech-11-maritalstatus.html#ech-11-maritalstatus-6">6</a></td><td>in eingetragener Partnerschaft</td><td>in eingetragener Partnerschaft</td><td>lié-e par un partenariat enregistré</td><td>in unione domestica registrata</td></tr><tr><td><a href="CodeSystem-ech-11-maritalstatus.html#ech-11-maritalstatus-7">7</a></td><td>aufgelöste Partnerschaft</td><td>aufgelöste Partnerschaft</td><td>partenariat dissous</td><td>unione domestica sciolta</td></tr><tr><td><a href="CodeSystem-ech-11-maritalstatus.html#ech-11-maritalstatus-9">9</a></td><td>unbekannt</td><td>unbekannt</td><td>inconnu</td><td>sconosciuto</td></tr></table></li></ul></div>
  </text>
  <url value="http://fhir.ch/ig/ch-core/ValueSet/ch-core-maritalstatus"/>
  <version value="4.0.0-ballot"/>
  <name value="ChCoreMaritalStatus"/>
  <title value="ChCoreMaritalStatus"/>
  <status value="active"/>
  <experimental value="false"/>
  <date value="2018-11-26"/>
  <publisher value="HL7 Switzerland"/>
  <contact>
    <name value="HL7 Switzerland"/>
    <telecom>
      <system value="url"/>
      <value value="https://www.hl7.ch/"/>
    </telecom>
  </contact>
  <contact>
    <name value="HL7 Switzerland"/>
    <telecom>
      <system value="url"/>
      <value value="https://www.hl7.ch/"/>
      <use value="work"/>
    </telecom>
  </contact>
  <description value="MaritalStatus combined by fhir and eCH-11. See [maritalData - Zivilstandsangaben eCH-11](https://www.bfs.admin.ch/bfs/de/home/statistiken/kataloge-datenbanken/publikationen.assetdetail.349276.html) and/or [BFS Amtlicher Katalog der Merkmale](https://www.bfs.admin.ch/bfs/de/home/statistiken/kataloge-datenbanken/publikationen.assetdetail.349276.html)."/>
  <jurisdiction>
    <coding>
      <system value="urn:iso:std:iso:3166"/>
      <code value="CH"/>
    </coding>
  </jurisdiction>
  <copyright value="CC0-1.0"/>
  <compose>
    <include>
      <valueSet value="http://hl7.org/fhir/ValueSet/marital-status"/>
    </include>
    <include>
      <system value="http://fhir.ch/ig/ch-core/CodeSystem/ech-11-maritalstatus"/>
      <concept>
        <code value="1"/>
        <display value="ledig"/>
        <designation>
          <language value="de-CH"/>
          <value value="ledig"/>
        </designation>
        <designation>
          <language value="fr-CH"/>
          <value value="célibataire"/>
        </designation>
        <designation>
          <language value="it-CH"/>
          <value value="celibe/nubile"/>
        </designation>
      </concept>
      <concept>
        <code value="2"/>
        <display value="verheiratet"/>
        <designation>
          <language value="de-CH"/>
          <value value="verheiratet"/>
        </designation>
        <designation>
          <language value="fr-CH"/>
          <value value="marié-e"/>
        </designation>
        <designation>
          <language value="it-CH"/>
          <value value="coniugato/a"/>
        </designation>
      </concept>
      <concept>
        <code value="3"/>
        <display value="verwitwet"/>
        <designation>
          <language value="de-CH"/>
          <value value="verwitwet"/>
        </designation>
        <designation>
          <language value="fr-CH"/>
          <value value="veuf/veuve"/>
        </designation>
        <designation>
          <language value="it-CH"/>
          <value value="vedovo/vedova"/>
        </designation>
      </concept>
      <concept>
        <code value="4"/>
        <display value="geschieden"/>
        <designation>
          <language value="de-CH"/>
          <value value="geschieden"/>
        </designation>
        <designation>
          <language value="fr-CH"/>
          <value value="divorcé-e"/>
        </designation>
        <designation>
          <language value="it-CH"/>
          <value value="divorziato/a"/>
        </designation>
      </concept>
      <concept>
        <code value="5"/>
        <display value="unverheiratet"/>
        <designation>
          <language value="de-CH"/>
          <value value="unverheiratet"/>
        </designation>
        <designation>
          <language value="fr-CH"/>
          <value value="non marié-e"/>
        </designation>
        <designation>
          <language value="it-CH"/>
          <value value="non coniugato/a"/>
        </designation>
      </concept>
      <concept>
        <code value="6"/>
        <display value="in eingetragener Partnerschaft"/>
        <designation>
          <language value="de-CH"/>
          <value value="in eingetragener Partnerschaft"/>
        </designation>
        <designation>
          <language value="fr-CH"/>
          <value value="lié-e par un partenariat enregistré"/>
        </designation>
        <designation>
          <language value="it-CH"/>
          <value value="in unione domestica registrata"/>
        </designation>
      </concept>
      <concept>
        <code value="7"/>
        <display value="aufgelöste Partnerschaft"/>
        <designation>
          <language value="de-CH"/>
          <value value="aufgelöste Partnerschaft"/>
        </designation>
        <designation>
          <language value="fr-CH"/>
          <value value="partenariat dissous"/>
        </designation>
        <designation>
          <language value="it-CH"/>
          <value value="unione domestica sciolta"/>
        </designation>
      </concept>
      <concept>
        <code value="9"/>
        <display value="unbekannt"/>
        <designation>
          <language value="de-CH"/>
          <value value="unbekannt"/>
        </designation>
        <designation>
          <language value="fr-CH"/>
          <value value="inconnu"/>
        </designation>
        <designation>
          <language value="it-CH"/>
          <value value="sconosciuto"/>
        </designation>
      </concept>
    </include>
  </compose>
</ValueSet>