<?xml version="1.0" encoding="UTF-8"?><ImplementationGuide xmlns="http://hl7.org/fhir"><id value="ch.fhir.ig.ch-allergyintolerance"/><text><status value="extensions"/><div xmlns="http://www.w3.org/1999/xhtml"><h2>CHAllergyIntolerance</h2><p>The official URL for this implementation guide is: </p><pre>http://fhir.ch/ig/ch-allergyintolerance/ImplementationGuide/ch.fhir.ig.ch-allergyintolerance</pre><div><p>Implementation guide CH-AllergyIntolerance (R4)</p>
</div></div></text><url value="http://fhir.ch/ig/ch-allergyintolerance/ImplementationGuide/ch.fhir.ig.ch-allergyintolerance"/><version value="1.0.0"/><name value="CHAllergyIntolerance"/><title value="CH-AllergyIntolerance (R4)"/><status value="active"/><date value="2022-02-11"/><publisher value="HL7 Switzerland"/><contact><name value="Walter Wellauer"/><telecom><system value="url"/><value value="https://www.hl7.ch"/></telecom></contact><description value="Implementation guide CH-AllergyIntolerance (R4)"/><jurisdiction><coding><system value="urn:iso:std:iso:3166"/><code value="CH"/></coding></jurisdiction><copyright value="CC-BY-SA-4.0"/><packageId value="ch.fhir.ig.ch-allergyintolerance"/><license value="CC-BY-SA-4.0"/><fhirVersion value="4.0.1"/><dependsOn id="ch_fhir_ig_ch_core"><uri value="http://fhir.ch/ig/ch-core/ImplementationGuide/ch.fhir.ig.ch-core"/><packageId value="ch.fhir.ig.ch-core"/><version value="2.0.0"/></dependsOn><dependsOn id="ips"><uri value="http://hl7.org/fhir/uv/ips/ImplementationGuide/hl7.fhir.uv.ips"/><packageId value="hl7.fhir.uv.ips"/><version value="1.0.0"/></dependsOn><definition><extension url="http://hl7.org/fhir/tools/StructureDefinition/ig-parameter"><extension url="code"><valueString value="copyrightyear"/></extension><extension url="value"><valueString value="2021+"/></extension></extension><extension url="http://hl7.org/fhir/tools/StructureDefinition/ig-parameter"><extension url="code"><valueString value="releaselabel"/></extension><extension url="value"><valueString value="STU 1"/></extension></extension><extension url="http://hl7.org/fhir/tools/StructureDefinition/ig-parameter"><extension url="code"><valueString value="path-liquid"/></extension><extension url="value"><valueString value="template/liquid"/></extension></extension><extension url="http://hl7.org/fhir/tools/StructureDefinition/ig-parameter"><extension url="code"><valueString value="path-liquid"/></extension><extension url="value"><valueString value="input/liquid"/></extension></extension><extension url="http://hl7.org/fhir/tools/StructureDefinition/ig-parameter"><extension url="code"><valueString value="path-qa"/></extension><extension url="value"><valueString value="temp/qa"/></extension></extension><extension url="http://hl7.org/fhir/tools/StructureDefinition/ig-parameter"><extension url="code"><valueString value="path-temp"/></extension><extension url="value"><valueString value="temp/pages"/></extension></extension><extension url="http://hl7.org/fhir/tools/StructureDefinition/ig-parameter"><extension url="code"><valueString value="path-output"/></extension><extension url="value"><valueString value="output"/></extension></extension><extension url="http://hl7.org/fhir/tools/StructureDefinition/ig-parameter"><extension url="code"><valueString value="path-suppressed-warnings"/></extension><extension url="value"><valueString value="input/ignoreWarnings.txt"/></extension></extension><extension url="http://hl7.org/fhir/tools/StructureDefinition/ig-parameter"><extension url="code"><valueString value="path-history"/></extension><extension url="value"><valueString value="http://fhir.ch/ig/ch-allergyintolerance/history.html"/></extension></extension><extension url="http://hl7.org/fhir/tools/StructureDefinition/ig-parameter"><extension url="code"><valueString value="template-html"/></extension><extension url="value"><valueString value="template-page.html"/></extension></extension><extension url="http://hl7.org/fhir/tools/StructureDefinition/ig-parameter"><extension url="code"><valueString value="template-md"/></extension><extension url="value"><valueString value="template-page-md.html"/></extension></extension><extension url="http://hl7.org/fhir/tools/StructureDefinition/ig-parameter"><extension url="code"><valueString value="apply-contact"/></extension><extension url="value"><valueString value="true"/></extension></extension><extension url="http://hl7.org/fhir/tools/StructureDefinition/ig-parameter"><extension url="code"><valueString value="apply-context"/></extension><extension url="value"><valueString value="true"/></extension></extension><extension url="http://hl7.org/fhir/tools/StructureDefinition/ig-parameter"><extension url="code"><valueString value="apply-copyright"/></extension><extension url="value"><valueString value="true"/></extension></extension><extension url="http://hl7.org/fhir/tools/StructureDefinition/ig-parameter"><extension url="code"><valueString value="apply-jurisdiction"/></extension><extension url="value"><valueString value="true"/></extension></extension><extension url="http://hl7.org/fhir/tools/StructureDefinition/ig-parameter"><extension url="code"><valueString value="apply-license"/></extension><extension url="value"><valueString value="true"/></extension></extension><extension url="http://hl7.org/fhir/tools/StructureDefinition/ig-parameter"><extension url="code"><valueString value="apply-publisher"/></extension><extension url="value"><valueString value="true"/></extension></extension><extension url="http://hl7.org/fhir/tools/StructureDefinition/ig-parameter"><extension url="code"><valueString value="apply-version"/></extension><extension url="value"><valueString value="true"/></extension></extension><extension url="http://hl7.org/fhir/tools/StructureDefinition/ig-parameter"><extension url="code"><valueString value="active-tables"/></extension><extension url="value"><valueString value="true"/></extension></extension><grouping id="-str-profile"><name value="Structures: Resource Profiles"/><description value="These define constraints on FHIR resources for systems conforming to this implementation guide"/></grouping><grouping id="-term-valueset"><name value="Terminology: Value Sets"/><description value="These define sets of codes used by systems conforming to this implementation guide"/></grouping><grouping id="-term-codesystem"><name value="Terminology: Code Systems"/><description value="These define new code systems used by systems conforming to this implementation guide"/></grouping><grouping id="-ex-example"><name value="Example: Example Instances"/><description value="These are example instances that show what data produced and consumed by systems conforming with this implementation guide might look like"/></grouping><grouping id="-other"><name value="Other"/><description value="These are resources that are used within this implementation guide that do not fit into one of the other categories"/></grouping><resource><extension url="http://hl7.org/fhir/StructureDefinition/implementationguide-page"><valueUri value="StructureDefinition-ch-allergyintolerance.html"/></extension><reference><reference value="StructureDefinition/ch-allergyintolerance"/></reference><name value="CH Allergy Intolerance"/><description value="This profile represents the constraints applied to the AllergyIntolerance resource in the Swiss context - in adaption of the definition by the International Patient Summary (IPS) FHIR Implementation Guide. A record of an allergy or intolerance is represented in the Swiss EPR, in a TransitionOfCare transaction or similar as an instance of an AllergyIntolerance resource constrained by this profile.&#xD;&#xA;It documents the relevant allergies or intolerances for a patient, describing the kind of reaction (e.g. rash, anaphylaxis,..); preferably the agents that cause it; and optionally the criticality and the certainty of the allergy."/><exampleBoolean value="false"/><groupingId value="-str-profile"/></resource><resource><extension url="http://hl7.org/fhir/StructureDefinition/implementationguide-page"><valueUri value="StructureDefinition-ch-allergyintolerance-composition-epr.html"/></extension><reference><reference value="StructureDefinition/ch-allergyintolerance-composition-epr"/></reference><name value="CH Allergy Intolerance Composition Profile"/><description value="Definition of the composition for the allergy intolerance document"/><exampleBoolean value="false"/><groupingId value="-str-profile"/></resource><resource><extension url="http://hl7.org/fhir/StructureDefinition/implementationguide-page"><valueUri value="StructureDefinition-ch-allergyintolerance-condition.html"/></extension><reference><reference value="StructureDefinition/ch-allergyintolerance-condition"/></reference><name value="CH Allergy Intolerance Condition"/><description value="This profile represents the constraints applied to the Condition resource in the context of AllergyIntolerance as a problem-list item or a encounter-diagnosis entry in the Swiss realm - in adaption of the respective usecases provided in the Implementation Guide for Use of SNOMED CT in Documentation of Allergy, Non-allergic Hypersensitivity and Intolerance."/><exampleBoolean value="false"/><groupingId value="-str-profile"/></resource><resource><extension url="http://hl7.org/fhir/StructureDefinition/implementationguide-page"><valueUri value="StructureDefinition-ch-allergyintolerance-document-epr.html"/></extension><reference><reference value="StructureDefinition/ch-allergyintolerance-document-epr"/></reference><name value="CH Allergy Intolerance Document Profile"/><description value="Definition of the bundle for the allergy intolerance document"/><exampleBoolean value="false"/><groupingId value="-str-profile"/></resource><resource><extension url="http://hl7.org/fhir/StructureDefinition/implementationguide-page"><valueUri value="Practitioner-AgparMarc.html"/></extension><reference><reference value="Practitioner/AgparMarc"/></reference><name value="AgparMarc"/><exampleBoolean value="true"/><groupingId value="-ex-example"/></resource><resource><extension url="http://hl7.org/fhir/StructureDefinition/implementationguide-page"><valueUri value="Condition-CH-AllergyIntolerance-Condition-Usecase-3.html"/></extension><reference><reference value="Condition/CH-AllergyIntolerance-Condition-Usecase-3"/></reference><name value="CH-AllergyIntolerance-Condition-Usecase-3"/><exampleCanonical value="http://fhir.ch/ig/ch-allergyintolerance/StructureDefinition/ch-allergyintolerance-condition"/><groupingId value="-ex-example"/></resource><resource><extension url="http://hl7.org/fhir/StructureDefinition/implementationguide-page"><valueUri value="Condition-CH-AllergyIntolerance-Condition-Usecase-7.html"/></extension><reference><reference value="Condition/CH-AllergyIntolerance-Condition-Usecase-7"/></reference><name value="CH-AllergyIntolerance-Condition-Usecase-7"/><exampleCanonical value="http://fhir.ch/ig/ch-allergyintolerance/StructureDefinition/ch-allergyintolerance-condition"/><groupingId value="-ex-example"/></resource><resource><extension url="http://hl7.org/fhir/StructureDefinition/implementationguide-page"><valueUri value="Condition-CH-AllergyIntolerance-Condition-Visit1-Usecase-1.html"/></extension><reference><reference value="Condition/CH-AllergyIntolerance-Condition-Visit1-Usecase-1"/></reference><name value="CH-AllergyIntolerance-Condition-Visit1-Usecase-1"/><exampleCanonical value="http://fhir.ch/ig/ch-allergyintolerance/StructureDefinition/ch-allergyintolerance-condition"/><groupingId value="-ex-example"/></resource><resource><extension url="http://hl7.org/fhir/StructureDefinition/implementationguide-page"><valueUri value="Condition-CH-AllergyIntolerance-Condition-Visit2-Usecase-1.html"/></extension><reference><reference value="Condition/CH-AllergyIntolerance-Condition-Visit2-Usecase-1"/></reference><name value="CH-AllergyIntolerance-Condition-Visit2-Usecase-1"/><exampleCanonical value="http://fhir.ch/ig/ch-allergyintolerance/StructureDefinition/ch-allergyintolerance-condition"/><groupingId value="-ex-example"/></resource><resource><extension url="http://hl7.org/fhir/StructureDefinition/implementationguide-page"><valueUri value="AllergyIntolerance-CH-AllergyIntolerance-IPAG-Recommendation-Table-1.html"/></extension><reference><reference value="AllergyIntolerance/CH-AllergyIntolerance-IPAG-Recommendation-Table-1"/></reference><name value="CH-AllergyIntolerance-IPAG-Recommendation-Table-1"/><exampleCanonical value="http://fhir.ch/ig/ch-allergyintolerance/StructureDefinition/ch-allergyintolerance"/><groupingId value="-ex-example"/></resource><resource><extension url="http://hl7.org/fhir/StructureDefinition/implementationguide-page"><valueUri value="AllergyIntolerance-CH-AllergyIntolerance-Usecase-2.html"/></extension><reference><reference value="AllergyIntolerance/CH-AllergyIntolerance-Usecase-2"/></reference><name value="CH-AllergyIntolerance-Usecase-2"/><exampleCanonical value="http://fhir.ch/ig/ch-allergyintolerance/StructureDefinition/ch-allergyintolerance"/><groupingId value="-ex-example"/></resource><resource><extension url="http://hl7.org/fhir/StructureDefinition/implementationguide-page"><valueUri value="AllergyIntolerance-CH-AllergyIntolerance-Usecase-3.html"/></extension><reference><reference value="AllergyIntolerance/CH-AllergyIntolerance-Usecase-3"/></reference><name value="CH-AllergyIntolerance-Usecase-3"/><exampleCanonical value="http://fhir.ch/ig/ch-allergyintolerance/StructureDefinition/ch-allergyintolerance"/><groupingId value="-ex-example"/></resource><resource><extension url="http://hl7.org/fhir/StructureDefinition/implementationguide-page"><valueUri value="AllergyIntolerance-CH-AllergyIntolerance-Usecase-5.html"/></extension><reference><reference value="AllergyIntolerance/CH-AllergyIntolerance-Usecase-5"/></reference><name value="CH-AllergyIntolerance-Usecase-5"/><exampleCanonical value="http://fhir.ch/ig/ch-allergyintolerance/StructureDefinition/ch-allergyintolerance"/><groupingId value="-ex-example"/></resource><resource><extension url="http://hl7.org/fhir/StructureDefinition/implementationguide-page"><valueUri value="AllergyIntolerance-CH-AllergyIntolerance-Usecase-6.html"/></extension><reference><reference value="AllergyIntolerance/CH-AllergyIntolerance-Usecase-6"/></reference><name value="CH-AllergyIntolerance-Usecase-6"/><exampleCanonical value="http://fhir.ch/ig/ch-allergyintolerance/StructureDefinition/ch-allergyintolerance"/><groupingId value="-ex-example"/></resource><resource><extension url="http://hl7.org/fhir/StructureDefinition/implementationguide-page"><valueUri value="AllergyIntolerance-CH-AllergyIntolerance-Usecase-7.html"/></extension><reference><reference value="AllergyIntolerance/CH-AllergyIntolerance-Usecase-7"/></reference><name value="CH-AllergyIntolerance-Usecase-7"/><exampleCanonical value="http://fhir.ch/ig/ch-allergyintolerance/StructureDefinition/ch-allergyintolerance"/><groupingId value="-ex-example"/></resource><resource><extension url="http://hl7.org/fhir/StructureDefinition/implementationguide-page"><valueUri value="AllergyIntolerance-CH-AllergyIntolerance-Usecase-8.html"/></extension><reference><reference value="AllergyIntolerance/CH-AllergyIntolerance-Usecase-8"/></reference><name value="CH-AllergyIntolerance-Usecase-8"/><exampleCanonical value="http://fhir.ch/ig/ch-allergyintolerance/StructureDefinition/ch-allergyintolerance"/><groupingId value="-ex-example"/></resource><resource><extension url="http://hl7.org/fhir/StructureDefinition/implementationguide-page"><valueUri value="ValueSet-CHAllergyIntoleranceConditionValueSet.html"/></extension><reference><reference value="ValueSet/CHAllergyIntoleranceConditionValueSet"/></reference><name value="CHAllergyIntoleranceConditionValueSet"/><description value="CH Allergy intolerance condition value set. This value set includes codes from SNOMED Clinical Terms®  values  for values from the manifestation of reactions value set PLUS findings for the documentation of allergy or intolerances in conditions as problem-list or as encounter-diagnosis as well as its absence (no know allergies)"/><exampleBoolean value="false"/><groupingId value="-term-valueset"/></resource><resource><extension url="http://hl7.org/fhir/StructureDefinition/implementationguide-page"><valueUri value="ValueSet-CHAllergyIntoleranceReactionManifestationValueSet.html"/></extension><reference><reference value="ValueSet/CHAllergyIntoleranceReactionManifestationValueSet"/></reference><name value="CHAllergyIntoleranceReactionManifestationValueSet"/><description value="CH Allergy intolerance reaction manifestation value set, including codes values according to the Allergy Reaction (GPS) - IPS value set from SNOMED Clinical Terms®  for the documentation of manifestation of allergy or intolerance reactions"/><exampleBoolean value="false"/><groupingId value="-term-valueset"/></resource><resource><extension url="http://hl7.org/fhir/StructureDefinition/implementationguide-page"><valueUri value="ValueSet-CHAllergyIntoleranceReactionSubstanceValueSet.html"/></extension><reference><reference value="ValueSet/CHAllergyIntoleranceReactionSubstanceValueSet"/></reference><name value="CHAllergyIntoleranceReactionSubstanceValueSet"/><description value="CH Allergy intolerance reation substance value set. This value set includes codes from SNOMED Clinical Terms® substances for the documentation of substancies of allergy or intolerance reactions"/><exampleBoolean value="false"/><groupingId value="-term-valueset"/></resource><resource><extension url="http://hl7.org/fhir/StructureDefinition/implementationguide-page"><valueUri value="ValueSet-CHAllergyIntoleranceValueSet.html"/></extension><reference><reference value="ValueSet/CHAllergyIntoleranceValueSet"/></reference><name value="CHAllergyIntoleranceValueSet"/><description value="CH Allergy intolerance coding value set. This value set includes codes values  from SNOMED Clinical Terms® for no known [xy] allergies AND findings AND substances for the documentation of allergy or intolerance"/><exampleBoolean value="false"/><groupingId value="-term-valueset"/></resource><resource><extension url="http://hl7.org/fhir/StructureDefinition/implementationguide-page"><valueUri value="Organization-Custodian.html"/></extension><reference><reference value="Organization/Custodian"/></reference><name value="Custodian"/><description value="Example for Organization"/><exampleBoolean value="false"/><groupingId value="-other"/></resource><resource><extension url="http://hl7.org/fhir/StructureDefinition/implementationguide-page"><valueUri value="Patient-ElisabethBroennimannByBFH.html"/></extension><reference><reference value="Patient/ElisabethBroennimannByBFH"/></reference><name value="ElisabethBroennimannByBFH"/><exampleBoolean value="true"/><groupingId value="-ex-example"/></resource><resource><extension url="http://hl7.org/fhir/StructureDefinition/implementationguide-page"><valueUri value="Practitioner-FamilienHausarzt.html"/></extension><reference><reference value="Practitioner/FamilienHausarzt"/></reference><name value="Familien Hausarzt"/><description value="Example for Practitioner"/><exampleBoolean value="true"/><groupingId value="-ex-example"/></resource><resource><extension url="http://hl7.org/fhir/StructureDefinition/implementationguide-page"><valueUri value="Organization-Hausarzt.html"/></extension><reference><reference value="Organization/Hausarzt"/></reference><name value="Hausarzt"/><description value="Example for Organization"/><exampleBoolean value="false"/><groupingId value="-other"/></resource><resource><extension url="http://hl7.org/fhir/StructureDefinition/implementationguide-page"><valueUri value="Patient-MonikaWegmueller.html"/></extension><reference><reference value="Patient/MonikaWegmueller"/></reference><name value="Monika Wegmueller"/><description value="Example for Patient"/><exampleBoolean value="false"/><groupingId value="-other"/></resource><resource><extension url="http://hl7.org/fhir/StructureDefinition/implementationguide-page"><valueUri value="Patient-MonikaWegmuellerRecipient.html"/></extension><reference><reference value="Patient/MonikaWegmuellerRecipient"/></reference><name value="Monika Wegmueller as Information Recipient"/><description value="Example for Patient"/><exampleBoolean value="false"/><groupingId value="-other"/></resource><resource><extension url="http://hl7.org/fhir/StructureDefinition/implementationguide-page"><valueUri value="CodeSystem-allergyintolerance-category-supplement.html"/></extension><reference><reference value="CodeSystem/allergyintolerance-category-supplement"/></reference><name value="allergyintolerance-category-supplement"/><description value="Code supplement with translations of CHAllergyIntolerance category"/><exampleBoolean value="false"/><groupingId value="-term-codesystem"/></resource><resource><extension url="http://hl7.org/fhir/StructureDefinition/implementationguide-page"><valueUri value="CodeSystem-allergyintolerance-clinical-supplement.html"/></extension><reference><reference value="CodeSystem/allergyintolerance-clinical-supplement"/></reference><name value="allergyintolerance-clinical-supplement"/><description value="Code supplement with translations of CHAllergyIntolerance clinical status"/><exampleBoolean value="false"/><groupingId value="-term-codesystem"/></resource><resource><extension url="http://hl7.org/fhir/StructureDefinition/implementationguide-page"><valueUri value="CodeSystem-allergyintolerance-criticality-supplement.html"/></extension><reference><reference value="CodeSystem/allergyintolerance-criticality-supplement"/></reference><name value="allergyintolerance-criticality-supplement"/><description value="Code supplement with translations of CHAllergyIntolerance criticality status"/><exampleBoolean value="false"/><groupingId value="-term-codesystem"/></resource><resource><extension url="http://hl7.org/fhir/StructureDefinition/implementationguide-page"><valueUri value="CodeSystem-allergyintolerance-severity-supplement.html"/></extension><reference><reference value="CodeSystem/allergyintolerance-severity-supplement"/></reference><name value="allergyintolerance-severity-supplement"/><description value="Code supplement with translations of CHAllergyIntolerance severity status"/><exampleBoolean value="false"/><groupingId value="-term-codesystem"/></resource><resource><extension url="http://hl7.org/fhir/StructureDefinition/implementationguide-page"><valueUri value="CodeSystem-allergyintolerance-type-supplement.html"/></extension><reference><reference value="CodeSystem/allergyintolerance-type-supplement"/></reference><name value="allergyintolerance-type-supplement"/><description value="Code supplement with translations of CHAllergyIntolerance type"/><exampleBoolean value="false"/><groupingId value="-term-codesystem"/></resource><resource><extension url="http://hl7.org/fhir/StructureDefinition/implementationguide-page"><valueUri value="CodeSystem-allergyintolerance-verification-supplement.html"/></extension><reference><reference value="CodeSystem/allergyintolerance-verification-supplement"/></reference><name value="allergyintolerance-verification-supplement"/><description value="Code supplement with translations of CHAllergyIntolerance verification status"/><exampleBoolean value="false"/><groupingId value="-term-codesystem"/></resource><resource><extension url="http://hl7.org/fhir/StructureDefinition/implementationguide-page"><valueUri value="Composition-ch-allergyintolerance-composition-example.html"/></extension><reference><reference value="Composition/ch-allergyintolerance-composition-example"/></reference><name value="CH-AllergyIntolerance-Composition-Example"/><description value="Example for Composition of a CH-AllergyIntolerance Composition for the Swiss EPR"/><exampleCanonical value="http://fhir.ch/ig/ch-allergyintolerance/StructureDefinition/ch-allergyintolerance-composition-epr"/><groupingId value="-ex-example"/></resource><resource><extension url="http://hl7.org/fhir/StructureDefinition/implementationguide-page"><valueUri value="Bundle-ch-allergyintolerance-document-example.html"/></extension><reference><reference value="Bundle/ch-allergyintolerance-document-example"/></reference><name value="CH-AllergyIntolerance-Document-Example"/><description value="Example for Bundle"/><exampleCanonical value="http://fhir.ch/ig/ch-allergyintolerance/StructureDefinition/ch-allergyintolerance-document-epr"/><groupingId value="-ex-example"/></resource><page><nameUrl value="toc.html"/><title value="Table of Contents"/><generation value="html"/><page><nameUrl value="index.html"/><title value="Home"/><generation value="markdown"/></page><page><nameUrl value="document.html"/><title value="Document"/><generation value="markdown"/></page><page><nameUrl value="usecase-english.html"/><title value="Use cases"/><generation value="markdown"/></page><page><nameUrl value="usecase-french.html"/><title value="Les cas d’utilisation"/><generation value="markdown"/></page><page><nameUrl value="usecase-german.html"/><title value="Anwendungsfälle"/><generation value="markdown"/></page><page><nameUrl value="profiles.html"/><title value="Profiles"/><generation value="markdown"/></page><page><nameUrl value="terminology.html"/><title value="Terminology"/><generation value="markdown"/></page><page><nameUrl value="changelog.html"/><title value="Change Log"/><generation value="markdown"/></page><page><nameUrl value="artifacts.html"/><title value="Artifacts Summary"/><generation value="html"/><page><nameUrl value="StructureDefinition-ch-allergyintolerance.html"/><title value="CH Allergy Intolerance"/><generation value="generated"/></page><page><nameUrl value="StructureDefinition-ch-allergyintolerance-composition-epr.html"/><title value="CH Allergy Intolerance Composition Profile"/><generation value="generated"/></page><page><nameUrl value="StructureDefinition-ch-allergyintolerance-condition.html"/><title value="CH Allergy Intolerance Condition"/><generation value="generated"/></page><page><nameUrl value="StructureDefinition-ch-allergyintolerance-document-epr.html"/><title value="CH Allergy Intolerance Document Profile"/><generation value="generated"/></page><page><nameUrl value="ValueSet-CHAllergyIntoleranceConditionValueSet.html"/><title value="CHAllergyIntoleranceConditionValueSet"/><generation value="generated"/></page><page><nameUrl value="ValueSet-CHAllergyIntoleranceReactionManifestationValueSet.html"/><title value="CHAllergyIntoleranceReactionManifestationValueSet"/><generation value="generated"/></page><page><nameUrl value="ValueSet-CHAllergyIntoleranceReactionSubstanceValueSet.html"/><title value="CHAllergyIntoleranceReactionSubstanceValueSet"/><generation value="generated"/></page><page><nameUrl value="ValueSet-CHAllergyIntoleranceValueSet.html"/><title value="CHAllergyIntoleranceValueSet"/><generation value="generated"/></page><page><nameUrl value="CodeSystem-allergyintolerance-category-supplement.html"/><title value="allergyintolerance-category-supplement"/><generation value="generated"/></page><page><nameUrl value="CodeSystem-allergyintolerance-clinical-supplement.html"/><title value="allergyintolerance-clinical-supplement"/><generation value="generated"/></page><page><nameUrl value="CodeSystem-allergyintolerance-criticality-supplement.html"/><title value="allergyintolerance-criticality-supplement"/><generation value="generated"/></page><page><nameUrl value="CodeSystem-allergyintolerance-severity-supplement.html"/><title value="allergyintolerance-severity-supplement"/><generation value="generated"/></page><page><nameUrl value="CodeSystem-allergyintolerance-type-supplement.html"/><title value="allergyintolerance-type-supplement"/><generation value="generated"/></page><page><nameUrl value="CodeSystem-allergyintolerance-verification-supplement.html"/><title value="allergyintolerance-verification-supplement"/><generation value="generated"/></page><page><nameUrl value="Practitioner-AgparMarc.html"/><title value="AgparMarc"/><generation value="generated"/></page><page><nameUrl value="Condition-CH-AllergyIntolerance-Condition-Usecase-3.html"/><title value="CH-AllergyIntolerance-Condition-Usecase-3"/><generation value="generated"/></page><page><nameUrl value="Condition-CH-AllergyIntolerance-Condition-Usecase-7.html"/><title value="CH-AllergyIntolerance-Condition-Usecase-7"/><generation value="generated"/></page><page><nameUrl value="Condition-CH-AllergyIntolerance-Condition-Visit1-Usecase-1.html"/><title value="CH-AllergyIntolerance-Condition-Visit1-Usecase-1"/><generation value="generated"/></page><page><nameUrl value="Condition-CH-AllergyIntolerance-Condition-Visit2-Usecase-1.html"/><title value="CH-AllergyIntolerance-Condition-Visit2-Usecase-1"/><generation value="generated"/></page><page><nameUrl value="AllergyIntolerance-CH-AllergyIntolerance-IPAG-Recommendation-Table-1.html"/><title value="CH-AllergyIntolerance-IPAG-Recommendation-Table-1"/><generation value="generated"/></page><page><nameUrl value="AllergyIntolerance-CH-AllergyIntolerance-Usecase-2.html"/><title value="CH-AllergyIntolerance-Usecase-2"/><generation value="generated"/></page><page><nameUrl value="AllergyIntolerance-CH-AllergyIntolerance-Usecase-3.html"/><title value="CH-AllergyIntolerance-Usecase-3"/><generation value="generated"/></page><page><nameUrl value="AllergyIntolerance-CH-AllergyIntolerance-Usecase-5.html"/><title value="CH-AllergyIntolerance-Usecase-5"/><generation value="generated"/></page><page><nameUrl value="AllergyIntolerance-CH-AllergyIntolerance-Usecase-6.html"/><title value="CH-AllergyIntolerance-Usecase-6"/><generation value="generated"/></page><page><nameUrl value="AllergyIntolerance-CH-AllergyIntolerance-Usecase-7.html"/><title value="CH-AllergyIntolerance-Usecase-7"/><generation value="generated"/></page><page><nameUrl value="AllergyIntolerance-CH-AllergyIntolerance-Usecase-8.html"/><title value="CH-AllergyIntolerance-Usecase-8"/><generation value="generated"/></page><page><nameUrl value="Patient-ElisabethBroennimannByBFH.html"/><title value="ElisabethBroennimannByBFH"/><generation value="generated"/></page><page><nameUrl value="Practitioner-FamilienHausarzt.html"/><title value="Familien Hausarzt"/><generation value="generated"/></page><page><nameUrl value="Composition-ch-allergyintolerance-composition-example.html"/><title value="CH-AllergyIntolerance-Composition-Example"/><generation value="generated"/></page><page><nameUrl value="Bundle-ch-allergyintolerance-document-example.html"/><title value="CH-AllergyIntolerance-Document-Example"/><generation value="generated"/></page><page><nameUrl value="Organization-Custodian.html"/><title value="Custodian"/><generation value="generated"/></page><page><nameUrl value="Organization-Hausarzt.html"/><title value="Hausarzt"/><generation value="generated"/></page><page><nameUrl value="Patient-MonikaWegmueller.html"/><title value="Monika Wegmueller"/><generation value="generated"/></page><page><nameUrl value="Patient-MonikaWegmuellerRecipient.html"/><title value="Monika Wegmueller as Information Recipient"/><generation value="generated"/></page></page></page><parameter><code value="path-resource"/><value value="input/capabilities"/></parameter><parameter><code value="path-resource"/><value value="input/examples"/></parameter><parameter><code value="path-resource"/><value value="input/extensions"/></parameter><parameter><code value="path-resource"/><value value="input/models"/></parameter><parameter><code value="path-resource"/><value value="input/operations"/></parameter><parameter><code value="path-resource"/><value value="input/profiles"/></parameter><parameter><code value="path-resource"/><value value="input/resources"/></parameter><parameter><code value="path-resource"/><value value="input/vocabulary"/></parameter><parameter><code value="path-resource"/><value value="input/maps"/></parameter><parameter><code value="path-resource"/><value value="input/testing"/></parameter><parameter><code value="path-resource"/><value value="input/history"/></parameter><parameter><code value="path-resource"/><value value="fsh-generated/resources"/></parameter><parameter><code value="path-pages"/><value value="template/config"/></parameter><parameter><code value="path-pages"/><value value="input/images"/></parameter><parameter><code value="path-tx-cache"/><value value="input-cache/txcache"/></parameter></definition></ImplementationGuide>