<?xml version="1.0" encoding="UTF-8"?><ValueSet xmlns="http://hl7.org/fhir"><id value="CHAllergyIntoleranceReactionManifestationValueSet"/><meta><source value="http://art-decor.org/fhir/ValueSet/2.16.756.5.30.1.1.11.82--20200925110235"/><profile value="http://hl7.org/fhir/StructureDefinition/shareablevalueset"/></meta><text><status value="generated"/><div xmlns="http://www.w3.org/1999/xhtml"><ul><li>Include these codes as defined in <a href="http://www.snomed.org/"><code>http://snomed.info/sct</code></a><table class="none"><tr><td style="white-space:nowrap"><b>Code</b></td><td><b>Display</b></td><td><b>English (United States) (English (United States), en)</b></td><td><b>French (Switzerland) (fr)</b></td><td><b>Deutsch (Schweiz) (German (Switzerland), de)</b></td><td><b>Italian (Switzerland) (it)</b></td></tr><tr><td><a href="http://snomed.info/id/422400008">422400008</a></td><td>Vomiting (disorder)</td><td>Vomiting</td><td>vomissement</td><td>Erbrechen</td><td>vomito</td></tr><tr><td><a href="http://snomed.info/id/4386001">4386001</a></td><td>Bronchospasm (finding)</td><td>Bronchospasm</td><td>bronchospasme</td><td>Bronchospasmus</td><td>broncospasmo</td></tr><tr><td><a href="http://snomed.info/id/9826008">9826008</a></td><td>Conjunctivitis (disorder)</td><td>Conjunctivitis</td><td>conjonctivite</td><td>Konjunktivitis</td><td>congiuntivite</td></tr><tr><td><a href="http://snomed.info/id/23924001">23924001</a></td><td>Tight chest (finding)</td><td>Tight chest</td><td>oppression thoracique</td><td>Engegefühl im Brustkorb</td><td>oppressione toracica</td></tr><tr><td><a href="http://snomed.info/id/24079001">24079001</a></td><td>Atopic dermatitis (disorder)</td><td>Atopic dermatitis</td><td>dermite atopique</td><td>Atopische Dermatitis</td><td>dermatite atopica</td></tr><tr><td><a href="http://snomed.info/id/31996006">31996006</a></td><td>Vasculitis (disorder)</td><td>Vasculitis</td><td>vasculite</td><td>Vaskulitis</td><td>vasculite</td></tr><tr><td><a href="http://snomed.info/id/39579001">39579001</a></td><td>Anaphylaxis (disorder)</td><td>Anaphylaxis</td><td>anaphylaxie</td><td>Anaphylaxie</td><td>anafilassi</td></tr><tr><td><a href="http://snomed.info/id/41291007">41291007</a></td><td>Angioedema (disorder)</td><td>Angioedema</td><td>angio-œdème</td><td>Angioödem</td><td>angioedema</td></tr><tr><td><a href="http://snomed.info/id/43116000">43116000</a></td><td>Eczema (disorder)</td><td>Eczema</td><td>eczéma</td><td>Ekzem</td><td>eczema</td></tr><tr><td><a href="http://snomed.info/id/49727002">49727002</a></td><td>Cough (finding)</td><td>Cough</td><td>toux</td><td>Husten</td><td>tosse</td></tr><tr><td><a href="http://snomed.info/id/51599000">51599000</a></td><td>Edema of larynx </td><td>Edema of larynx</td><td>œdème du larynx</td><td>Kehlkopfödem</td><td>edema della laringe</td></tr><tr><td><a href="http://snomed.info/id/62315008">62315008</a></td><td>Diarrhea (finding)</td><td>Diarrhea</td><td>diarrhée</td><td>Diarrhöe</td><td>diarrea</td></tr><tr><td><a href="http://snomed.info/id/70076002">70076002</a></td><td>Rhinitis (disorder)</td><td>Rhinitis</td><td>rhinite</td><td>Rhinitis</td><td>rinite</td></tr><tr><td><a href="http://snomed.info/id/73442001">73442001</a></td><td>Stevens-Johnson syndrome</td><td>Stevens-Johnson syndrome</td><td>syndrome de Stevens-Johnson</td><td>Stevens-Johnson-Syndrom</td><td>sindrome di Stevens-Johnson</td></tr><tr><td><a href="http://snomed.info/id/76067001">76067001</a></td><td>Sneezing (finding)</td><td>Sneezing</td><td>éternuement</td><td>Niesen</td><td>starnuto</td></tr><tr><td><a href="http://snomed.info/id/91175000">91175000</a></td><td>Seizure (finding)</td><td>Seizure</td><td>convulsion</td><td>Konvulsion</td><td>convulsione</td></tr><tr><td><a href="http://snomed.info/id/126485001">126485001</a></td><td>Urticaria (disorder)</td><td>Urticaria</td><td>urticaire</td><td>Urtikaria</td><td>orticaria</td></tr><tr><td><a href="http://snomed.info/id/162290004">162290004</a></td><td>Dry eyes (finding)</td><td>Dry eyes</td><td>sècheresse oculaire</td><td>Trockene Augen</td><td>secchezza oculare</td></tr><tr><td><a href="http://snomed.info/id/195967001">195967001</a></td><td>Asthma (disorder)</td><td>Asthma</td><td>asthme</td><td>Asthma</td><td>asma</td></tr><tr><td><a href="http://snomed.info/id/247472004">247472004</a></td><td>Wheal (finding)</td><td>Wheal</td><td>éruption urticaire</td><td>Urtikarielles Exanthem</td><td>eruzione orticaria</td></tr><tr><td><a href="http://snomed.info/id/267036007">267036007</a></td><td>Dyspnea (finding)</td><td>Dyspnea</td><td>dyspnée</td><td>Dyspnoe</td><td>dispnea</td></tr><tr><td><a href="http://snomed.info/id/271757001">271757001</a></td><td>Papular eruption (disorder)</td><td>Papular eruption</td><td>éruption papuleuse</td><td>Papulöses Exanthem</td><td>eruzione papulare</td></tr><tr><td><a href="http://snomed.info/id/271759003">271759003</a></td><td>Bullous eruption (disorder)</td><td>Bullous eruption</td><td>éruption bulleuse</td><td>Bullöses Exanthem</td><td>eruzione bollosa</td></tr><tr><td><a href="http://snomed.info/id/271807003">271807003</a></td><td>Eruption of skin (disorder)</td><td>Eruption of skin</td><td>éruption cutanée</td><td>Hautausschlag</td><td>eruzione cutanea</td></tr><tr><td><a href="http://snomed.info/id/359610006">359610006</a></td><td>Ocular hyperemia (disorder)</td><td>Ocular hyperemia</td><td>hyperémie oculaire</td><td>Okuläre Hyperämie</td><td>iperemia oculare</td></tr><tr><td><a href="http://snomed.info/id/410430005">410430005</a></td><td>Cardiorespiratory arrest (disorder)</td><td>Cardiorespiratory arrest</td><td>arrêt cardiorespiratoire</td><td>Kardiorespiratorischer Stillstand</td><td>arresto cardiorespiratorio</td></tr><tr><td><a href="http://snomed.info/id/418363000">418363000</a></td><td>Itching of skin (finding)</td><td>Itching of skin</td><td>prurit de la peau</td><td>Pruritus</td><td>prurito cutaneo</td></tr><tr><td><a href="http://snomed.info/id/422587007">422587007</a></td><td>Nausea (finding)</td><td>Nausea</td><td>nausées</td><td>Nausea</td><td>nausea</td></tr><tr><td><a href="http://snomed.info/id/698247007">698247007</a></td><td>Cardiac arrhythmia (disorder)</td><td>Cardiac arrhythmia</td><td>arythmie cardiaque</td><td>Herzrhythmusstörung</td><td>aritmia cardiaca</td></tr><tr><td><a href="http://snomed.info/id/702809001">702809001</a></td><td>Drug reaction with eosinophilia and systemic symptoms (disorder)</td><td>Drug reaction with eosinophilia and systemic symptoms</td><td>réaction médicamenteuse avec éosinophilie et symptômes systémiques</td><td>Medikamentenreaktion mit Eosinophilie und systemischen Symptomen</td><td>reazione al medicamento con eosinofilia e sintomi sistemici</td></tr><tr><td><a href="http://snomed.info/id/768962006">768962006</a></td><td>Lyell syndrome (disorder)</td><td>Lyell syndrome</td><td>syndrome de Lyell</td><td>Lyell-Syndrom</td><td>sindrome di Lyell</td></tr></table></li></ul></div></text><url value="http://fhir.ch/ig/ch-allergyintolerance/ValueSet/CHAllergyIntoleranceReactionManifestationValueSet"/><version value="1.0.0"/><name value="CHAllergyIntoleranceReactionManifestationValueSet"/><status value="draft"/><experimental value="true"/><date value="2022-01-11"/><publisher value="HL7 Switzerland"/><contact><name value="Walter Wellauer"/><telecom><system value="url"/><value value="https://www.hl7.ch"/></telecom></contact><description value="Value set including translations of CHAllergyIntolerance reaction manifestation"/><jurisdiction><coding><system value="urn:iso:std:iso:3166"/><code value="CH"/></coding></jurisdiction><copyright value="CC-BY-SA-4.0"/><compose><include><system value="http://snomed.info/sct"/><concept><code value="422400008"/><display value="Vomiting (disorder)"/><designation><language value="en-US"/><value value="Vomiting"/></designation><designation><language value="fr-CH"/><value value="vomissement"/></designation><designation><language value="de-CH"/><value value="Erbrechen"/></designation><designation><language value="it-CH"/><value value="vomito"/></designation></concept><concept><code value="4386001"/><display value="Bronchospasm (finding)"/><designation><language value="en-US"/><value value="Bronchospasm"/></designation><designation><language value="fr-CH"/><value value="bronchospasme"/></designation><designation><language value="de-CH"/><value value="Bronchospasmus"/></designation><designation><language value="it-CH"/><value value="broncospasmo"/></designation></concept><concept><code value="9826008"/><display value="Conjunctivitis (disorder)"/><designation><language value="en-US"/><value value="Conjunctivitis"/></designation><designation><language value="fr-CH"/><value value="conjonctivite"/></designation><designation><language value="de-CH"/><value value="Konjunktivitis"/></designation><designation><language value="it-CH"/><value value="congiuntivite"/></designation></concept><concept><code value="23924001"/><display value="Tight chest (finding)"/><designation><language value="en-US"/><value value="Tight chest"/></designation><designation><language value="fr-CH"/><value value="oppression thoracique"/></designation><designation><language value="de-CH"/><value value="Engegefühl im Brustkorb"/></designation><designation><language value="it-CH"/><value value="oppressione toracica"/></designation></concept><concept><code value="24079001"/><display value="Atopic dermatitis (disorder)"/><designation><language value="en-US"/><value value="Atopic dermatitis"/></designation><designation><language value="fr-CH"/><value value="dermite atopique"/></designation><designation><language value="de-CH"/><value value="Atopische Dermatitis"/></designation><designation><language value="it-CH"/><value value="dermatite atopica"/></designation></concept><concept><code value="31996006"/><display value="Vasculitis (disorder)"/><designation><language value="en-US"/><value value="Vasculitis"/></designation><designation><language value="fr-CH"/><value value="vasculite"/></designation><designation><language value="de-CH"/><value value="Vaskulitis"/></designation><designation><language value="it-CH"/><value value="vasculite"/></designation></concept><concept><code value="39579001"/><display value="Anaphylaxis (disorder)"/><designation><language value="en-US"/><value value="Anaphylaxis"/></designation><designation><language value="fr-CH"/><value value="anaphylaxie"/></designation><designation><language value="de-CH"/><value value="Anaphylaxie"/></designation><designation><language value="it-CH"/><value value="anafilassi"/></designation></concept><concept><code value="41291007"/><display value="Angioedema (disorder)"/><designation><language value="en-US"/><value value="Angioedema"/></designation><designation><language value="fr-CH"/><value value="angio-œdème"/></designation><designation><language value="de-CH"/><value value="Angioödem"/></designation><designation><language value="it-CH"/><value value="angioedema"/></designation></concept><concept><code value="43116000"/><display value="Eczema (disorder)"/><designation><language value="en-US"/><value value="Eczema"/></designation><designation><language value="fr-CH"/><value value="eczéma"/></designation><designation><language value="de-CH"/><value value="Ekzem"/></designation><designation><language value="it-CH"/><value value="eczema"/></designation></concept><concept><code value="49727002"/><display value="Cough (finding)"/><designation><language value="en-US"/><value value="Cough"/></designation><designation><language value="fr-CH"/><value value="toux"/></designation><designation><language value="de-CH"/><value value="Husten"/></designation><designation><language value="it-CH"/><value value="tosse"/></designation></concept><concept><code value="51599000"/><display value="Edema of larynx "/><designation><language value="en-US"/><value value="Edema of larynx"/></designation><designation><language value="fr-CH"/><value value="œdème du larynx"/></designation><designation><language value="de-CH"/><value value="Kehlkopfödem"/></designation><designation><language value="it-CH"/><value value="edema della laringe"/></designation></concept><concept><code value="62315008"/><display value="Diarrhea (finding)"/><designation><language value="en-US"/><value value="Diarrhea"/></designation><designation><language value="fr-CH"/><value value="diarrhée"/></designation><designation><language value="de-CH"/><value value="Diarrhöe"/></designation><designation><language value="it-CH"/><value value="diarrea"/></designation></concept><concept><code value="70076002"/><display value="Rhinitis (disorder)"/><designation><language value="en-US"/><value value="Rhinitis"/></designation><designation><language value="fr-CH"/><value value="rhinite"/></designation><designation><language value="de-CH"/><value value="Rhinitis"/></designation><designation><language value="it-CH"/><value value="rinite"/></designation></concept><concept><code value="73442001"/><display value="Stevens-Johnson syndrome"/><designation><language value="en-US"/><value value="Stevens-Johnson syndrome"/></designation><designation><language value="fr-CH"/><value value="syndrome de Stevens-Johnson"/></designation><designation><language value="de-CH"/><value value="Stevens-Johnson-Syndrom"/></designation><designation><language value="it-CH"/><value value="sindrome di Stevens-Johnson"/></designation></concept><concept><code value="76067001"/><display value="Sneezing (finding)"/><designation><language value="en-US"/><value value="Sneezing"/></designation><designation><language value="fr-CH"/><value value="éternuement"/></designation><designation><language value="de-CH"/><value value="Niesen"/></designation><designation><language value="it-CH"/><value value="starnuto"/></designation></concept><concept><code value="91175000"/><display value="Seizure (finding)"/><designation><language value="en-US"/><value value="Seizure"/></designation><designation><language value="fr-CH"/><value value="convulsion"/></designation><designation><language value="de-CH"/><value value="Konvulsion"/></designation><designation><language value="it-CH"/><value value="convulsione"/></designation></concept><concept><code value="126485001"/><display value="Urticaria (disorder)"/><designation><language value="en-US"/><value value="Urticaria"/></designation><designation><language value="fr-CH"/><value value="urticaire"/></designation><designation><language value="de-CH"/><value value="Urtikaria"/></designation><designation><language value="it-CH"/><value value="orticaria"/></designation></concept><concept><code value="162290004"/><display value="Dry eyes (finding)"/><designation><language value="en-US"/><value value="Dry eyes"/></designation><designation><language value="fr-CH"/><value value="sècheresse oculaire"/></designation><designation><language value="de-CH"/><value value="Trockene Augen"/></designation><designation><language value="it-CH"/><value value="secchezza oculare"/></designation></concept><concept><code value="195967001"/><display value="Asthma (disorder)"/><designation><language value="en-US"/><value value="Asthma"/></designation><designation><language value="fr-CH"/><value value="asthme"/></designation><designation><language value="de-CH"/><value value="Asthma"/></designation><designation><language value="it-CH"/><value value="asma"/></designation></concept><concept><code value="247472004"/><display value="Wheal (finding)"/><designation><language value="en-US"/><value value="Wheal"/></designation><designation><language value="fr-CH"/><value value="éruption urticaire"/></designation><designation><language value="de-CH"/><value value="Urtikarielles Exanthem"/></designation><designation><language value="it-CH"/><value value="eruzione orticaria"/></designation></concept><concept><code value="267036007"/><display value="Dyspnea (finding)"/><designation><language value="en-US"/><value value="Dyspnea"/></designation><designation><language value="fr-CH"/><value value="dyspnée"/></designation><designation><language value="de-CH"/><value value="Dyspnoe"/></designation><designation><language value="it-CH"/><value value="dispnea"/></designation></concept><concept><code value="271757001"/><display value="Papular eruption (disorder)"/><designation><language value="en-US"/><value value="Papular eruption"/></designation><designation><language value="fr-CH"/><value value="éruption papuleuse"/></designation><designation><language value="de-CH"/><value value="Papulöses Exanthem"/></designation><designation><language value="it-CH"/><value value="eruzione papulare"/></designation></concept><concept><code value="271759003"/><display value="Bullous eruption (disorder)"/><designation><language value="en-US"/><value value="Bullous eruption"/></designation><designation><language value="fr-CH"/><value value="éruption bulleuse"/></designation><designation><language value="de-CH"/><value value="Bullöses Exanthem"/></designation><designation><language value="it-CH"/><value value="eruzione bollosa"/></designation></concept><concept><code value="271807003"/><display value="Eruption of skin (disorder)"/><designation><language value="en-US"/><value value="Eruption of skin"/></designation><designation><language value="fr-CH"/><value value="éruption cutanée"/></designation><designation><language value="de-CH"/><value value="Hautausschlag"/></designation><designation><language value="it-CH"/><value value="eruzione cutanea"/></designation></concept><concept><code value="359610006"/><display value="Ocular hyperemia (disorder)"/><designation><language value="en-US"/><value value="Ocular hyperemia"/></designation><designation><language value="fr-CH"/><value value="hyperémie oculaire"/></designation><designation><language value="de-CH"/><value value="Okuläre Hyperämie"/></designation><designation><language value="it-CH"/><value value="iperemia oculare"/></designation></concept><concept><code value="410430005"/><display value="Cardiorespiratory arrest (disorder)"/><designation><language value="en-US"/><value value="Cardiorespiratory arrest"/></designation><designation><language value="fr-CH"/><value value="arrêt cardiorespiratoire"/></designation><designation><language value="de-CH"/><value value="Kardiorespiratorischer Stillstand"/></designation><designation><language value="it-CH"/><value value="arresto cardiorespiratorio"/></designation></concept><concept><code value="418363000"/><display value="Itching of skin (finding)"/><designation><language value="en-US"/><value value="Itching of skin"/></designation><designation><language value="fr-CH"/><value value="prurit de la peau"/></designation><designation><language value="de-CH"/><value value="Pruritus"/></designation><designation><language value="it-CH"/><value value="prurito cutaneo"/></designation></concept><concept><code value="422587007"/><display value="Nausea (finding)"/><designation><language value="en-US"/><value value="Nausea"/></designation><designation><language value="fr-CH"/><value value="nausées"/></designation><designation><language value="de-CH"/><value value="Nausea"/></designation><designation><language value="it-CH"/><value value="nausea"/></designation></concept><concept><code value="698247007"/><display value="Cardiac arrhythmia (disorder)"/><designation><language value="en-US"/><value value="Cardiac arrhythmia"/></designation><designation><language value="fr-CH"/><value value="arythmie cardiaque"/></designation><designation><language value="de-CH"/><value value="Herzrhythmusstörung"/></designation><designation><language value="it-CH"/><value value="aritmia cardiaca"/></designation></concept><concept><code value="702809001"/><display value="Drug reaction with eosinophilia and systemic symptoms (disorder)"/><designation><language value="en-US"/><value value="Drug reaction with eosinophilia and systemic symptoms"/></designation><designation><language value="fr-CH"/><value value="réaction médicamenteuse avec éosinophilie et symptômes systémiques"/></designation><designation><language value="de-CH"/><value value="Medikamentenreaktion mit Eosinophilie und systemischen Symptomen"/></designation><designation><language value="it-CH"/><value value="reazione al medicamento con eosinofilia e sintomi sistemici"/></designation></concept><concept><code value="768962006"/><display value="Lyell syndrome (disorder)"/><designation><language value="en-US"/><value value="Lyell syndrome"/></designation><designation><language value="fr-CH"/><value value="syndrome de Lyell"/></designation><designation><language value="de-CH"/><value value="Lyell-Syndrom"/></designation><designation><language value="it-CH"/><value value="sindrome di Lyell"/></designation></concept></include></compose></ValueSet>