<?xml version="1.0" encoding="UTF-8"?>

<CodeSystem xmlns="http://hl7.org/fhir">
  <id value="bfs-medstats-25-mainguarantor"/>
  <text>
    <status value="generated"/><div xmlns="http://www.w3.org/1999/xhtml"><p>This case-sensitive code system <code>http://fhir.ch/ig/ch-core/CodeSystem/bfs-medstats-25-mainguarantor</code> defines the following codes:</p><table class="codes"><tr><td style="white-space:nowrap"><b>Code</b></td><td><b>Display</b></td></tr><tr><td style="white-space:nowrap">1<a name="bfs-medstats-25-mainguarantor-1"> </a></td><td>Krankenversicherung (obligat.)</td></tr><tr><td style="white-space:nowrap">2<a name="bfs-medstats-25-mainguarantor-2"> </a></td><td>Invalidenversicherung</td></tr><tr><td style="white-space:nowrap">3<a name="bfs-medstats-25-mainguarantor-3"> </a></td><td>Militärversicherung</td></tr><tr><td style="white-space:nowrap">4<a name="bfs-medstats-25-mainguarantor-4"> </a></td><td>Unfallversicherung</td></tr><tr><td style="white-space:nowrap">5<a name="bfs-medstats-25-mainguarantor-5"> </a></td><td>Selbstzahler (z.B. Ausländer ohne Grundversicherung)</td></tr><tr><td style="white-space:nowrap">8<a name="bfs-medstats-25-mainguarantor-8"> </a></td><td>andere</td></tr><tr><td style="white-space:nowrap">9<a name="bfs-medstats-25-mainguarantor-9"> </a></td><td>unbekannt</td></tr></table></div>
  </text>
  <url value="http://fhir.ch/ig/ch-core/CodeSystem/bfs-medstats-25-mainguarantor"/>
  <version value="3.0.0"/>
  <name value="BfsMedstats25Mainguarantor"/>
  <title value="BFS Medizinische Statistik - 25 1.4.V02 - Hauptkostenträger für Grundversicherungsleistungen / Prise en charge des soins de base / Unità d’imputazione principale per le prestazioni dell’assicurazione di base"/>
  <status value="active"/>
  <experimental value="false"/>
  <date value="2024-05-16T11:36:46+00:00"/>
  <publisher value="HL7 Switzerland"/>
  <contact>
    <name value="HL7 Switzerland"/>
    <telecom>
      <system value="url"/>
      <value value="https://www.hl7.ch/"/>
    </telecom>
  </contact>
  <contact>
    <name value="HL7 Switzerland"/>
    <telecom>
      <system value="url"/>
      <value value="https://www.hl7.ch/"/>
      <use value="work"/>
    </telecom>
  </contact>
  <description value="BFS defines variables for medical statistic (german, french, italian) see [BFS](https://www.bfs.admin.ch/bfs/de/home/statistiken/kataloge-datenbanken/publikationen.assetdetail.7066232.html). Angabe des Hauptgaranten, der für die Kosten der Grundversicherungsleistungen des Spitalaufenthalts im Wesentlichen aufkommt. Keine Mehrfachnennungen möglich."/>
  <jurisdiction>
    <coding>
      <system value="urn:iso:std:iso:3166"/>
      <code value="CH"/>
    </coding>
  </jurisdiction>
  <copyright value="CC0-1.0"/>
  <caseSensitive value="true"/>
  <compositional value="false"/>
  <content value="complete"/>
  <count value="7"/>
  <concept>
    <code value="1"/>
    <display value="Krankenversicherung (obligat.)"/>
  </concept>
  <concept>
    <code value="2"/>
    <display value="Invalidenversicherung"/>
  </concept>
  <concept>
    <code value="3"/>
    <display value="Militärversicherung"/>
  </concept>
  <concept>
    <code value="4"/>
    <display value="Unfallversicherung"/>
  </concept>
  <concept>
    <code value="5"/>
    <display value="Selbstzahler (z.B. Ausländer ohne Grundversicherung)"/>
  </concept>
  <concept>
    <code value="8"/>
    <display value="andere"/>
  </concept>
  <concept>
    <code value="9"/>
    <display value="unbekannt"/>
  </concept>
</CodeSystem>