<?xml version="1.0" encoding="UTF-8"?>

<ValueSet xmlns="http://hl7.org/fhir">
  <id value="DocumentEntry.originalProviderRole"/>
  <meta>
    <source value="https://art-decor.org/fhir/ValueSet/2.16.756.5.30.1.127.3.10.1.42--20230522175240"/>
    <profile value="http://hl7.org/fhir/StructureDefinition/shareablevalueset"/>
  </meta>
  <text>
    <status value="generated"/><div xmlns="http://www.w3.org/1999/xhtml"><ul><li>Include these codes as defined in <a href="CodeSystem-2.16.756.5.30.1.127.3.10.6.html"><code>urn:oid:2.16.756.5.30.1.127.3.10.6</code></a><table class="none"><tr><td style="white-space:nowrap"><b>Code</b></td><td><b>Display</b></td></tr><tr><td><a href="CodeSystem-2.16.756.5.30.1.127.3.10.6.html#2.16.756.5.30.1.127.3.10.6-DADM">DADM</a></td><td>Document administrator</td></tr><tr><td><a href="CodeSystem-2.16.756.5.30.1.127.3.10.6.html#2.16.756.5.30.1.127.3.10.6-HCP">HCP</a></td><td>Healthcare professional</td></tr><tr><td><a href="CodeSystem-2.16.756.5.30.1.127.3.10.6.html#2.16.756.5.30.1.127.3.10.6-PAT">PAT</a></td><td>Patient</td></tr><tr><td><a href="CodeSystem-2.16.756.5.30.1.127.3.10.6.html#2.16.756.5.30.1.127.3.10.6-ASS">ASS</a></td><td>Assistant</td></tr><tr><td><a href="CodeSystem-2.16.756.5.30.1.127.3.10.6.html#2.16.756.5.30.1.127.3.10.6-REP">REP</a></td><td>Representative</td></tr><tr><td><a href="CodeSystem-2.16.756.5.30.1.127.3.10.6.html#2.16.756.5.30.1.127.3.10.6-TCU">TCU</a></td><td>Technical user</td></tr></table></li></ul><p><b>Additional Language Displays</b></p><table class="codes"><tr><td><b>Code</b></td><td><b>Deutsch (Schweiz) (German (Switzerland), de)</b></td><td><b>English (United States) (English (United States), en)</b></td><td><b>French (Switzerland) (fr)</b></td><td><b>Italian (Switzerland) (it)</b></td><td><b>rm</b></td></tr><tr><td>DADM</td><td>Dokumenten-Administrator</td><td>Document administrator</td><td>Administrateur de documents</td><td>Amministratore dei documenti</td><td>Administratur da documents</td></tr><tr><td>HCP</td><td>Gesundheitsfachperson</td><td>Healthcare professional</td><td>Professionnel de la santé</td><td>Professionista della salute</td><td>Persuna spezialisada dal sectur da sanadad</td></tr><tr><td>PAT</td><td>Patient</td><td>Patient</td><td>Patient</td><td>Paziente</td><td>Pazient</td></tr><tr><td>ASS</td><td>Hilfsperson</td><td>Assistant</td><td>Auxiliaire</td><td>Persona ausiliara</td><td>Persuna d'agid</td></tr><tr><td>REP</td><td>Stellvertretung</td><td>Representative</td><td>Représentant</td><td>Rappresentante</td><td>Substituziun</td></tr><tr><td>TCU</td><td>Technischer Benutzer</td><td>Technical user</td><td>Utilisateur technique</td><td>Utente tecnico</td><td>Utilisader tecnic</td></tr></table></div>
  </text>
  <extension url="http://hl7.org/fhir/StructureDefinition/resource-effectivePeriod">
    <valuePeriod>
      <start value="2023-05-22T17:52:40+02:00"/>
    </valuePeriod>
  </extension>
  <url value="http://fhir.ch/ig/ch-term/ValueSet/DocumentEntry.originalProviderRole"/>
  <identifier>
    <use value="official"/>
    <system value="urn:ietf:rfc:3986"/>
    <value value="urn:oid:2.16.756.5.30.1.127.3.10.1.42"/>
  </identifier>
  <version value="3.0.0"/>
  <name value="DocumentEntryOriginalProviderRole"/>
  <title value="DocumentEntry.originalProviderRole"/>
  <status value="active"/>
  <experimental value="false"/>
  <date value="2024-05-16T11:36:46+00:00"/>
  <publisher value="HL7 Switzerland"/>
  <contact>
    <name value="HL7 Switzerland"/>
    <telecom>
      <system value="url"/>
      <value value="https://www.hl7.ch/"/>
    </telecom>
  </contact>
  <contact>
    <name value="HL7 Switzerland"/>
    <telecom>
      <system value="url"/>
      <value value="https://www.hl7.ch/"/>
      <use value="work"/>
    </telecom>
  </contact>
  <description value="DocumentEntry.originalProviderRole"/>
  <jurisdiction>
    <coding>
      <system value="urn:iso:std:iso:3166"/>
      <code value="CH"/>
    </coding>
  </jurisdiction>
  <immutable value="false"/>
  <copyright value="CC0-1.0"/>
  <compose>
    <include>
      <system value="urn:oid:2.16.756.5.30.1.127.3.10.6"/>
      <concept>
        <code value="DADM"/>
        <display value="Document administrator"/>
        <designation>
          <language value="en-US"/>
          <value value="Document administrator"/>
        </designation>
        <designation>
          <language value="de-CH"/>
          <value value="Dokumenten-Administrator"/>
        </designation>
        <designation>
          <language value="fr-CH"/>
          <value value="Administrateur de documents"/>
        </designation>
        <designation>
          <language value="it-CH"/>
          <value value="Amministratore dei documenti"/>
        </designation>
        <designation>
          <language value="rm-CH"/>
          <value value="Administratur da documents"/>
        </designation>
      </concept>
      <concept>
        <code value="HCP"/>
        <display value="Healthcare professional"/>
        <designation>
          <language value="de-CH"/>
          <value value="Gesundheitsfachperson"/>
        </designation>
        <designation>
          <language value="fr-CH"/>
          <value value="Professionnel de la santé"/>
        </designation>
        <designation>
          <language value="it-CH"/>
          <value value="Professionista della salute"/>
        </designation>
        <designation>
          <language value="rm-CH"/>
          <value value="Persuna spezialisada dal sectur da sanadad"/>
        </designation>
        <designation>
          <language value="en-US"/>
          <value value="Healthcare professional"/>
        </designation>
      </concept>
      <concept>
        <code value="PAT"/>
        <display value="Patient"/>
        <designation>
          <language value="de-CH"/>
          <value value="Patient"/>
        </designation>
        <designation>
          <language value="fr-CH"/>
          <value value="Patient"/>
        </designation>
        <designation>
          <language value="it-CH"/>
          <value value="Paziente"/>
        </designation>
        <designation>
          <language value="rm-CH"/>
          <value value="Pazient"/>
        </designation>
        <designation>
          <language value="en-US"/>
          <value value="Patient"/>
        </designation>
      </concept>
      <concept>
        <code value="ASS"/>
        <display value="Assistant"/>
        <designation>
          <language value="de-CH"/>
          <value value="Hilfsperson"/>
        </designation>
        <designation>
          <language value="fr-CH"/>
          <value value="Auxiliaire"/>
        </designation>
        <designation>
          <language value="it-CH"/>
          <value value="Persona ausiliara"/>
        </designation>
        <designation>
          <language value="rm-CH"/>
          <value value="Persuna d'agid"/>
        </designation>
        <designation>
          <language value="en-US"/>
          <value value="Assistant"/>
        </designation>
      </concept>
      <concept>
        <code value="REP"/>
        <display value="Representative"/>
        <designation>
          <language value="de-CH"/>
          <value value="Stellvertretung"/>
        </designation>
        <designation>
          <language value="fr-CH"/>
          <value value="Représentant"/>
        </designation>
        <designation>
          <language value="it-CH"/>
          <value value="Rappresentante"/>
        </designation>
        <designation>
          <language value="rm-CH"/>
          <value value="Substituziun"/>
        </designation>
        <designation>
          <language value="en-US"/>
          <value value="Representative"/>
        </designation>
      </concept>
      <concept>
        <code value="TCU"/>
        <display value="Technical user"/>
        <designation>
          <language value="de-CH"/>
          <value value="Technischer Benutzer"/>
        </designation>
        <designation>
          <language value="fr-CH"/>
          <value value="Utilisateur technique"/>
        </designation>
        <designation>
          <language value="it-CH"/>
          <value value="Utente tecnico"/>
        </designation>
        <designation>
          <language value="rm-CH"/>
          <value value="Utilisader tecnic"/>
        </designation>
        <designation>
          <language value="en-US"/>
          <value value="Technical user"/>
        </designation>
      </concept>
    </include>
  </compose>
</ValueSet>