<?xml version="1.0" encoding="UTF-8"?>

<ValueSet xmlns="http://hl7.org/fhir">
  <id value="ech-46-emailcategory"/>
  <text>
    <status value="generated"/><div xmlns="http://www.w3.org/1999/xhtml"><p class="res-header-id"><b>Generated Narrative: ValueSet ech-46-emailcategory</b></p><a name="ech-46-emailcategory"> </a><a name="hcech-46-emailcategory"> </a><a name="ech-46-emailcategory-en-US"> </a><ul><li>Include all codes defined in <a href="CodeSystem-ech-46-emailcategory.html"><code>http://fhir.ch/ig/ch-core/CodeSystem/ech-46-emailcategory</code></a></li></ul></div>
  </text>
  <url value="http://fhir.ch/ig/ch-core/ValueSet/ech-46-emailcategory"/>
  <version value="3.1.0"/>
  <name value="ECH46EmailCategory"/>
  <title value="eCH-0046 Email Category"/>
  <status value="active"/>
  <experimental value="false"/>
  <date value="2023-03-10"/>
  <publisher value="HL7 Switzerland"/>
  <contact>
    <name value="HL7 Switzerland"/>
    <telecom>
      <system value="url"/>
      <value value="https://www.hl7.ch/"/>
    </telecom>
  </contact>
  <contact>
    <name value="HL7 Switzerland"/>
    <telecom>
      <system value="url"/>
      <value value="https://www.hl7.ch/"/>
      <use value="work"/>
    </telecom>
  </contact>
  <description value="eCH-0046 defines these types of e-mail categories"/>
  <jurisdiction>
    <coding>
      <system value="urn:iso:std:iso:3166"/>
      <code value="CH"/>
    </coding>
  </jurisdiction>
  <copyright value="CC0-1.0"/>
  <compose>
    <include>
      <system value="http://fhir.ch/ig/ch-core/CodeSystem/ech-46-emailcategory"/>
    </include>
  </compose>
</ValueSet>