<?xml version="1.0" encoding="UTF-8"?>

<Bundle xmlns="http://hl7.org/fhir">
  <id value="6ec00b20-0d50-45a5-b822-308db3f8478f"/>
  <meta>
    <lastUpdated value="2020-08-24T14:45:11.857+02:00"/>
  </meta>
  <type value="collection"/>
  <entry>
    <fullUrl value="http://fhir.ch/ig/ch-epr-mhealth/ValueSet/ch-ehealth-valueset-deletionstatus"/>
    <resource>
      <ValueSet>
        <id value="ch-ehealth-valueset-deletionstatus"/>
        <text>
          <status value="generated"/>
          <div xmlns="http://www.w3.org/1999/xhtml">
            <p>This value set contains 3 concepts</p>
            <p style="border: black 1px dotted; background-color: #EEEEEE; padding: 8px; margin-bottom: 8px">Expansion based on 
              <a href="CodeSystem-ch-ehealth-codesystem-deletionstatus.html">ch-ehealth-codesystem-deletionstatus v0.1.1 (CodeSystem)</a>
            </p>
            <p>All codes from system 
              <a href="CodeSystem-ch-ehealth-codesystem-deletionstatus.html">
                <code>http://fhir.ch/ig/ch-epr-mhealth/CodeSysteme/ch-ehealth-codesystem-deletionstatus</code>
              </a>
            </p>
            <table class="codes">
              <tr>
                <td style="white-space:nowrap">
                  <b>Code</b>
                </td>
                <td>
                  <b>Display</b>
                </td>
                <td>
                  <b>Definition</b>
                </td>
              </tr>
              <tr>
                <td style="white-space:nowrap">
                  <a name="http---fhir.ch-ig-ch-epr-mhealth-CodeSysteme-ch-ehealth-codesystem-deletionstatus-deletionNotRequested"> </a>
                  <a href="CodeSystem-ch-ehealth-codesystem-deletionstatus.html#ch-ehealth-codesystem-deletionstatus-deletionNotRequested">deletionNotRequested</a>
                </td>
                <td/>
                <td>Expected behavior: No action requested. This value can also be sent to undo the other options.</td>
              </tr>
              <tr>
                <td style="white-space:nowrap">
                  <a name="http---fhir.ch-ig-ch-epr-mhealth-CodeSysteme-ch-ehealth-codesystem-deletionstatus-deletionRequested"> </a>
                  <a href="CodeSystem-ch-ehealth-codesystem-deletionstatus.html#ch-ehealth-codesystem-deletionstatus-deletionRequested">deletionRequested</a>
                </td>
                <td/>
                <td>Expected behavior: Document shall be deleted.</td>
              </tr>
              <tr>
                <td style="white-space:nowrap">
                  <a name="http---fhir.ch-ig-ch-epr-mhealth-CodeSysteme-ch-ehealth-codesystem-deletionstatus-deletionProhibited"> </a>
                  <a href="CodeSystem-ch-ehealth-codesystem-deletionstatus.html#ch-ehealth-codesystem-deletionstatus-deletionProhibited">deletionProhibited</a>
                </td>
                <td/>
                <td>Expected behavior: This document shall not be deleted after the time period for the deletion of out-dated documents as defined in the law.</td>
              </tr>
            </table>
          </div>
        </text>
        <url value="http://fhir.ch/ig/ch-epr-mhealth/ValueSet/ch-ehealth-valueset-deletionstatus"/>
        <version value="0.1.1"/>
        <name value="CHEhealthValuesetDeletionStatus"/>
        <title value="ch-ehealth-valueset-deletionstatus"/>
        <status value="draft"/>
        <date value="2020-08-24T14:45:11+02:00"/>
        <publisher value="eHealth Suisse"/>
        <contact>
          <name value="eHealth Suisse"/>
          <telecom>
            <system value="url"/>
            <value value="https://www.e-health-suisse.ch"/>
          </telecom>
        </contact>
        <description value="Additional metadata about deletion status on the DocumentReference"/>
        <jurisdiction>
          <coding>
            <system value="urn:iso:std:iso:3166"/>
            <code value="CH"/>
          </coding>
        </jurisdiction>
        <immutable value="false"/>
        <expansion>
          <identifier value="urn:uuid:9cce0818-894e-4448-bb7f-d368d87122b5"/>
          <timestamp value="2020-08-24T14:45:34+02:00"/>
          <total value="3"/>
          <parameter>
            <name value="excludeNested"/>
            <valueBoolean value="false"/>
          </parameter>
          <parameter>
            <name value="version"/>
            <valueUri value="http://fhir.ch/ig/ch-epr-mhealth/CodeSysteme/ch-ehealth-codesystem-deletionstatus|0.1.1"/>
          </parameter>
          <contains>
            <system value="http://fhir.ch/ig/ch-epr-mhealth/CodeSysteme/ch-ehealth-codesystem-deletionstatus"/>
            <code value="deletionNotRequested"/>
          </contains>
          <contains>
            <system value="http://fhir.ch/ig/ch-epr-mhealth/CodeSysteme/ch-ehealth-codesystem-deletionstatus"/>
            <code value="deletionRequested"/>
          </contains>
          <contains>
            <system value="http://fhir.ch/ig/ch-epr-mhealth/CodeSysteme/ch-ehealth-codesystem-deletionstatus"/>
            <code value="deletionProhibited"/>
          </contains>
        </expansion>
      </ValueSet>
    </resource>
  </entry>
</Bundle>