<?xml version="1.0" encoding="UTF-8"?>

<ValueSet xmlns="http://hl7.org/fhir">
  <id value="ch-elm-results-influenza-hxny-org"/>
  <text>
    <status value="generated"/><div xmlns="http://www.w3.org/1999/xhtml"><p class="res-header-id"><b>Generated Narrative: ValueSet ch-elm-results-influenza-hxny-org</b></p><a name="ch-elm-results-influenza-hxny-org"> </a><a name="hcch-elm-results-influenza-hxny-org"> </a><a name="ch-elm-results-influenza-hxny-org-en-US"> </a><ul><li>Include these codes as defined in <a href="http://www.snomed.org/"><code>http://snomed.info/sct</code></a><table class="none"><tr><td style="white-space:nowrap"><b>Code</b></td><td><b>Display</b></td></tr><tr><td><a href="http://snomed.info/id/1354812007">1354812007</a></td><td>Influenza A virus subtype H1N1v (organism)</td></tr><tr><td><a href="http://snomed.info/id/446649001">446649001</a></td><td>Influenza A virus subtype H9 (organism)</td></tr><tr><td><a href="http://snomed.info/id/772827006">772827006</a></td><td>Influenza A virus subtype H5N1 (organism)</td></tr><tr><td><a href="http://snomed.info/id/446647004">446647004</a></td><td>Influenza A virus subtype H5 (organism)</td></tr><tr><td><a href="http://snomed.info/id/700349009">700349009</a></td><td>Influenza A virus subtype H10 (organism)</td></tr><tr><td><a href="http://snomed.info/id/446648009">446648009</a></td><td>Influenza A virus subtype H7 (organism)</td></tr></table></li></ul></div>
  </text>
  <url value="http://fhir.ch/ig/ch-elm/ValueSet/ch-elm-results-influenza-hxny-org"/>
  <version value="1.9.0"/>
  <name value="ChElmResultsInfluenzaHxnyOrg"/>
  <title value="CH ELM Results Influenza Hxny Org"/>
  <status value="active"/>
  <experimental value="false"/>
  <date value="2025-03-18T17:04:45+00:00"/>
  <publisher value="Federal Office of Public Health FOPH"/>
  <contact>
    <name value="Federal Office of Public Health FOPH"/>
    <telecom>
      <system value="url"/>
      <value value="https://www.bag.admin.ch/bag/en/home/das-bag/kontakt-standort.html"/>
    </telecom>
  </contact>
  <description value="The &quot;CH ELM Results Influenza Hxny Org&quot; organism group provides a curated set of codes representing specific organisms. Each code within this group has been selected to ensure precise representation and consistency in relation to the primary LOINC codes. Clients utilizing the &quot;CH ELM Results Influenza Hxny Org&quot; group should refer to the provided codes to accurately and uniformly capture and report organism-related information."/>
  <jurisdiction>
    <coding>
      <system value="urn:iso:std:iso:3166"/>
      <code value="CH"/>
    </coding>
  </jurisdiction>
  <copyright value="CC0-1.0"/>
  <compose>
    <include>
      <system value="http://snomed.info/sct"/>
      <concept>
        <code value="1354812007"/>
        <display value="Influenza A virus subtype H1N1v (organism)"/>
      </concept>
      <concept>
        <code value="446649001"/>
        <display value="Influenza A virus subtype H9 (organism)"/>
      </concept>
      <concept>
        <code value="772827006"/>
        <display value="Influenza A virus subtype H5N1 (organism)"/>
      </concept>
      <concept>
        <code value="446647004"/>
        <display value="Influenza A virus subtype H5 (organism)"/>
      </concept>
      <concept>
        <code value="700349009"/>
        <display value="Influenza A virus subtype H10 (organism)"/>
      </concept>
      <concept>
        <code value="446648009"/>
        <display value="Influenza A virus subtype H7 (organism)"/>
      </concept>
    </include>
  </compose>
</ValueSet>