<?xml version="1.0" encoding="UTF-8"?>

<AdministrableProductDefinition xmlns="http://hl7.org/fhir">
  <id value="PhP-Estradiolum-Norethisteroni-Transdermalpatch"/>
  <meta>
    <profile value="http://fhir.ch/ig/ch-epl/StructureDefinition/ch-idmp-administrableproductdefinition"/>
  </meta>
  <text>
    <status value="generated"/><div xmlns="http://www.w3.org/1999/xhtml"><p class="res-header-id"><b>Generated Narrative: AdministrableProductDefinition PhP-Estradiolum-Norethisteroni-Transdermalpatch</b></p><a name="PhP-Estradiolum-Norethisteroni-Transdermalpatch"> </a><a name="hcPhP-Estradiolum-Norethisteroni-Transdermalpatch"> </a><a name="PhP-Estradiolum-Norethisteroni-Transdermalpatch-en-US"> </a><div style="display: inline-block; background-color: #d9e0e7; padding: 6px; margin: 4px; border: 1px solid #8da1b4; border-radius: 5px; line-height: 60%"><p style="margin-bottom: 0px"/><p style="margin-bottom: 0px">Profile: <a href="StructureDefinition-ch-idmp-administrableproductdefinition.html">CH IDMP AdministrableProductDefinition</a></p></div><p><b>status</b>: Active</p><p><b>formOf</b>: <a href="MedicinalProductDefinition-Estalis-Transdermalpatch.html">MedicinalProductDefinition: extension = Transdermal patch; identifier = http://SMC.ch/ig/idmp/NamingSystem/IDSystem-ch-MPID#CH-7601001029439-5470402; domain = Human; indication = Klimakterische Beschwerden: Behandlung der Symptome des Östrogenmangels infolge der natürlichen oder künstlichen Menopause bei nicht-hysterektomierten Frauen.
Osteoporoseprophylaxe: Vorbeugung oder Verzögerung einer durch Östrogenmangel induzierten Osteoporose bei postmenopausalen Frauen mit hohem Frakturrisiko, für die eine Behandlung mit anderen zur Prävention der Osteoporose zugelassenen Arzneimitteln nicht in Frage kommt, oder bei Frauen die gleichzeitig an behandlungsbedürftigen Symptomen des Östrogenmangels leiden.; legalStatusOfSupply = Medicinal product subject to medical or veterinary prescription (B); additionalMonitoringIndicator = No Warning; pediatricUseIndicator = Not authorised for the treatment in children; classification = norethisterone and estrogen,NA KAS art. 12 para. 5 TPLO,Synthetic,Originator product</a></p><p><b>administrableDoseForm</b>: <span title="Codes:{http://standardterms.edqm.eu 10519000}">Transdermal patch</span></p><p><b>unitOfPresentation</b>: <span title="Codes:{http://standardterms.edqm.eu 15036000}">Patch</span></p><h3>RouteOfAdministrations</h3><table class="grid"><tr><td style="display: none">-</td><td><b>Code</b></td></tr><tr><td style="display: none">*</td><td><span title="Codes:{http://standardterms.edqm.eu 20070000}">Transdermal use</span></td></tr></table></div>
  </text>
  <status value="active"/>
  <formOf>
    <reference value="MedicinalProductDefinition/Estalis-Transdermalpatch"/>
  </formOf>
  <administrableDoseForm>
    <coding>
      <system value="http://standardterms.edqm.eu"/>
      <code value="10519000"/>
      <display value="Transdermal patch"/>
    </coding>
  </administrableDoseForm>
  <unitOfPresentation>
    <coding>
      <system value="http://standardterms.edqm.eu"/>
      <code value="15036000"/>
      <display value="Patch"/>
    </coding>
  </unitOfPresentation>
  <routeOfAdministration>
    <code>
      <coding>
        <system value="http://standardterms.edqm.eu"/>
        <code value="20070000"/>
        <display value="Transdermal use"/>
      </coding>
    </code>
  </routeOfAdministration>
</AdministrableProductDefinition>