<?xml version="1.0" encoding="UTF-8"?>

<ClinicalUseDefinition xmlns="http://hl7.org/fhir">
  <id value="IND-10021782"/>
  <meta>
    <profile value="http://fhir.ch/ig/ch-epl/StructureDefinition/ch-idmp-clinicalusedefinition-indication"/>
  </meta>
  <text>
    <status value="generated"/><div xmlns="http://www.w3.org/1999/xhtml"><p class="res-header-id"><b>Generated Narrative: ClinicalUseDefinition IND-10021782</b></p><a name="IND-10021782"> </a><a name="hcIND-10021782"> </a><div style="display: inline-block; background-color: #d9e0e7; padding: 6px; margin: 4px; border: 1px solid #8da1b4; border-radius: 5px; line-height: 60%"><p style="margin-bottom: 0px"/><p style="margin-bottom: 0px">Profile: <a href="StructureDefinition-ch-idmp-clinicalusedefinition-indication.html">CH IDMP ClinicalUseDefinition Indication</a></p></div><p><b>type</b>: Indication</p><p><b>subject</b>: <a href="MedicinalProductDefinition-Keytruda-100mg-Vial.html">MedicinalProductDefinition: extension = Concentrate for solution for infusion,Lokal rezidiverendes, nicht resezierbares oder metastasiertes triple-negatives Mammakarzinom (in Kombination mit Chemotherapie) KN 355
(mit Preismodell). KEYTRUDA in Kombination mit Chemotherapie zur Behandlung des lokal rezidivierenden, nicht resezierbaren oder metastasierten triple-negativen Mammakarzinoms bei Erwachsenen, deren Tumore PD-L1 mit einem CPS ≥10 exprimieren und die keine vorherige Chemotherapie bei metastasierter Erkrankung erhalten haben.
- Falls Patienten vorhergehend systemisch im (neo)adjuvanten Setting behandelt wurden: Mit Vortherapie auf Antrazyklin-Basis, ausser diese war kontraindiziert.
- Ohne Therapie mit Checkpoint-Inhibitoren innerhalb der letzten 12 Monate.
Folgender Code ist an den Krankenversicherer zu übermitteln: 20416.17; identifier = http://fhir.ch/ig/ch-epl/sid/mpid#Medical Product Identifier#CH-7601001001138-6623101; indication = Melanom: nicht resezierbar oder metastasiert; adjuvante Therapie bei vollständig reseziertem Melanom Stadium III.
Metastasiertes nicht-kleinzelliges Lungenkarzinom: mit PD-L1 Expression mit Tumour proportion score (TPS) ≥50% und ohne EGFR- oder ALK-Mutationen als Erstlinientherapie.
Metastasiertes nicht-plattenepitheliales nicht-kleinzelliges Lungenkarzinom: ohne EGFR- oder ALK-Mutationen als Erstlinientherapie in Kombination mit Pemetrexed und einem Platinderivat.
Metastasiertes plattenepithelialen nicht-kleinzelliges Lungenkarzinom: als Erstlinientherapie in Kombination mit Carboplatin und Paclitaxel oder in Kombination mit Carboplatin und Nab-Paclitaxel.
Fortgeschrittenes metastasiertes nicht-kleinzelliges Lungenkarzinom: mit PD-L1 Expression mit TPS ≥1% nach vorausgegangener Chemotherapie.
PD-L1 exprimierendes Plattenepithelkarzinom des Kopf-Hals-Bereichs: rezidivierend, nicht kurativ anzugehen, lokal fortgeschritten oder metastasiert in Kombination mit Platin- und 5-Fluorouracil-haltiger Chemotherapie oder als Monotherapie nach Vorbehandlung mit Platin-basierter Chemotherapie bei TPS ≥50%.
Refraktäres oder rezidivierendes klassisches Hodgkin Lymphom: bei Erwachsenen, wenn eine autologe oder allogene Stammzelltransplantation nicht in Frage kommt oder bei Kindern &gt;3 J. und Jugendlichen, wenn andere Therapien ungeeignet sind.
Lokal fortgeschrittenes oder metastasiertes Urothelkarzinom: als Monotherapie nach platin-basierter Chemotherapie.
Nicht reserzierbares oder metastasiertes Urothelkarzinom: als Erstlinientherapie in Kombination mit Enfortumab vedotin.
Reserziertes, klarzelliges Nierenzellkarzinom: als adjuvante Monotherapie bei intermediär-hohem oder hohem Rezidivrisiko.
Fortgeschrittenes, metastasiertes oder rezidivierendes Nierenzellkarzinom: als Erstlinientherapie in Kombination mit Axitinib bei intermediärem/ungünstigem Risikoprofil.
Fortgeschrittenes (nicht resezierbares oder metastasiertes) Nierenzellkarzinom: als Erstlinientherapie in Kombination mit Lenvatinib bei intermediärem/ungünstigem Risikoprofil.
Refraktäres oder rezidivierendes primäres mediastinales grosszelliges B-Zell-Lymphom: nach min. 2 Vorbehandlungen (min. 1 Behandlung mit Rituximab), wenn eine autologe Stammzelltransplantation nicht in Frage kommt oder bei Rückfall nach Transplantation.
Lokal fortgeschrittenes, nicht resezierbares oder metastasiertes HER2-positives Adenokarzinom des Magens oder des gastro-ösophagealen Übergangs: mit einer PD-L1-Expression (CPS≥1) als Erstlinientherapie in Kombination mit Trastuzumab, Fluorpyrimidin- und platinbasierter Chemotherapie.
Lokal fortgeschrittenes, nicht reserzierbares oder metastasiertes HER2-negatives Adenokarzinom des Magens oder des gastro-ösophagealen Übergangs: mit einer PD-L1-Expression (CPS≥1) als Erstlinientherapie in Kombination mit Fluoropyrimidin- und platinhaltiger Chemotherapie.
Lokal fortgeschrittenes, nicht resezierbares oder metastasiertes biliäres Karzinom: Erstlinientherapie in Kombination mit Gemcitabin und Cisplatin.
Lokal rezidivierendes, nicht resezierbares oder metastasiertes triple-negatives Mammakarzinom: mit einer PD-L1-Expression mit CPS ≥10 und ohne vorherige Chemotherapie bei metastasierter Erkrankung in Kombination mit Chemotherapie.
Fortgeschrittenes Endometriumkarzinom ohne hohe Mikrosatelliteninstabilität oder fehlerhafte DNA-Mismatch-Reparatur: in Kombination mit Lenvatinib bei Progression nach einer platinbasierten Chemotherapie und wenn eine kurative Operation oder Bestrahlung ungeeignet ist.
Persistierendes, rezidivierendes oder metastasiertes Zervixkarzinom: mit einer PD-L1-Expression (CPS≥1) ohne vorherige systemische Therapie in Kombination mit Platin-Chemotherapie und Paclitaxel mit oder ohne Bevacizumab.
Tumore mit hoher Mikrosatelliteninstabilität oder fehlerhafter DNA-Mismatch-Reparatur: nicht reserzierbares oder metastasiertes kolorektales Karzinom nach vorangegangener Fluoropyrimidin-basierter Therapie in Kombination mit Irinotecan oder Oxaliplatin; metastasierte Endometriumkarzinom, Magenkarzinom, Dünndarmkarzinom oder Gallengangskarzinom mit Progression nach Standardtherapie und ohne befriedigende therapeutische Alternativen; Erstlinientherapie des metastasierten kolorektalen Karzinoms.
Befristet zugelassene Indikationen: adjuvante Monotherapie des Melanoms im Stadium IIB oder IIC nach vollständiger Resektion; adjuvante Monotherapie des nicht-kleinzelligen Lungenkarzinoms im Stadium IB, II oder IIIA nach vollständiger Resektion und ohne Rezidiv nach platinbasierter Chemotherapie. 
; legalStatusOfSupply = Medicinal product subject to medical or veterinary prescription single dispensation (A); additionalMonitoringIndicator = No Warning; pediatricUseIndicator = Authorised for the treatment in children; classification = norethisterone and estrogen,NA KAS art. 12 para. 5 TPLO,Biologics,Originator product,07. STOFFWECHSEL</a></p><blockquote><p><b>indication</b></p><h3>DiseaseSymptomProcedures</h3><table class="grid"><tr><td style="display: none">-</td><td><b>Concept</b></td></tr><tr><td style="display: none">*</td><td><span title="Codes:{https://www.meddra.org 10021782}">Kopf- und Halskarzinom</span></td></tr></table><h3>IntendedEffects</h3><table class="grid"><tr><td style="display: none">-</td><td><b>Concept</b></td></tr><tr><td style="display: none">*</td><td><span title="Codes:{http://spor.ema.europa.eu/v1/lists/200000003186 200000003194}">therapeutic</span></td></tr></table></blockquote></div>
  </text>
  <type value="indication"/>
  <subject>
    <reference value="MedicinalProductDefinition/Keytruda-100mg-Vial"/>
  </subject>
  <indication>
    <diseaseSymptomProcedure>
      <concept>
        <coding>
          <system value="https://www.meddra.org"/>
          <code value="10021782"/>
          <display value="Kopf- und Halskarzinom"/>
        </coding>
      </concept>
    </diseaseSymptomProcedure>
    <intendedEffect>
      <concept>
        <coding>
          <system value="http://spor.ema.europa.eu/v1/lists/200000003186"/>
          <code value="200000003194"/>
          <display value="therapeutic"/>
        </coding>
      </concept>
    </intendedEffect>
  </indication>
</ClinicalUseDefinition>