<?xml version="1.0" encoding="UTF-8"?>

<DocumentReference xmlns="http://hl7.org/fhir">
  <id value="DocRef-PI-Estalis"/>
  <meta>
    <profile value="http://fhir.ch/ig/ch-epl/StructureDefinition/ch-idmp-documentreference"/>
  </meta>
  <language value="de-CH"/>
  <text>
    <status value="generated"/><div xmlns="http://www.w3.org/1999/xhtml" xml:lang="de-CH" lang="de-CH"><p class="res-header-id"><b>Generated Narrative: DocumentReference DocRef-PI-Estalis</b></p><a name="DocRef-PI-Estalis"> </a><a name="hcDocRef-PI-Estalis"> </a><a name="DocRef-PI-Estalis-en-US"> </a><div style="display: inline-block; background-color: #d9e0e7; padding: 6px; margin: 4px; border: 1px solid #8da1b4; border-radius: 5px; line-height: 60%"><p style="margin-bottom: 0px">Language: de-CH</p><p style="margin-bottom: 0px">Profile: <a href="StructureDefinition-ch-idmp-documentreference.html">CH IDMP DocumentReference</a></p></div><p><b>identifier</b>: <code>http://SMC.ch/ig/idmp/NamingSystem/IDSystem-ch-AttachmentNumber</code>/123456789-initial submission-Example-hij-321</p><p><b>status</b>: Current</p><p><b>type</b>: <span title="Codes:{http://fhir.ch/ig/ch-epl/CodeSystem/ch-SMC-attached-document-type 756005007002}">Patienteninformation</span></p><p><b>date</b>: 2021-10-01 00:00:00+0000</p><blockquote><p><b>content</b></p><h3>Attachments</h3><table class="grid"><tr><td style="display: none">-</td><td><b>Url</b></td></tr><tr><td style="display: none">*</td><td><a href="https://swissmedicinfo.ch/showTextAccepted.aspx?textType=PI&amp;lang=DE&amp;authNr=54704&amp;supportMultipleResults=1">https://swissmedicinfo.ch/showTextAccepted.aspx?textType=PI&amp;lang=DE&amp;authNr=54704&amp;supportMultipleResults=1</a></td></tr></table></blockquote></div>
  </text>
  <identifier>
    <system value="http://SMC.ch/ig/idmp/NamingSystem/IDSystem-ch-AttachmentNumber"/>
    <value value="123456789-initial submission-Example-hij-321"/>
  </identifier>
  <status value="current"/>
  <type>
    <coding>
      <system value="http://fhir.ch/ig/ch-epl/CodeSystem/ch-SMC-attached-document-type"/>
      <code value="756005007002"/>
      <display value="Patienteninformation"/>
    </coding>
  </type>
  <date value="2021-10-01T00:00:00Z"/>
  <content>
    <attachment>
      <url value="https://swissmedicinfo.ch/showTextAccepted.aspx?textType=PI&amp;lang=DE&amp;authNr=54704&amp;supportMultipleResults=1"/>
    </attachment>
  </content>
</DocumentReference>