<?xml version="1.0" encoding="UTF-8"?>

<PackagedProductDefinition xmlns="http://hl7.org/fhir">
  <id value="PMP-Abrilada-40mg-0.8ml-2-Pre-Filled-Pen"/>
  <meta>
    <profile value="http://fhir.ch/ig/ch-epl/StructureDefinition/ch-idmp-packagedproductdefinition"/>
  </meta>
  <text>
    <status value="generated"/><div xmlns="http://www.w3.org/1999/xhtml"><p class="res-header-id"><b>Generated Narrative: PackagedProductDefinition PMP-Abrilada-40mg-0.8ml-2-Pre-Filled-Pen</b></p><a name="PMP-Abrilada-40mg-0.8ml-2-Pre-Filled-Pen"> </a><a name="hcPMP-Abrilada-40mg-0.8ml-2-Pre-Filled-Pen"> </a><div style="display: inline-block; background-color: #d9e0e7; padding: 6px; margin: 4px; border: 1px solid #8da1b4; border-radius: 5px; line-height: 60%"><p style="margin-bottom: 0px"/><p style="margin-bottom: 0px">Profile: <a href="StructureDefinition-ch-idmp-packagedproductdefinition.html">IDMP PackagedProductDefinition</a></p></div><p><b>identifier</b>: <a href="NamingSystem-PCID.html" title="Temporary Identifier in this implementation guide until officially released by Swissmedic">Clinical Product Identifier</a>/CH-7601001010604-6783101-002</p><p><b>packageFor</b>: <a href="MedicinalProductDefinition-Abrilada-40mg-Pre-Filled-Pen.html">MedicinalProductDefinition: extension = Solution for injection,Austausch Referenzpräparat/Biosimilar
Die Behandlung mit ABRILADA bedarf der Kostengutsprache durch den Krankenversicherer nach vorgängiger Konsultation des Vertrauensarztes. Für die Behandlung mit ABRILADA ist keine neue Kostengutsprache nötig, wenn in derselben Indikation bereits eine Kostengutsprache für das Referenzpräparat oder ein anderes Biosimilar besteht.

Aktive rheumatoide Arthritis
Behandlung mit ABRILADA, wenn die vorausgegangene antirheumatische Standardtherapie mit krankheitsmodifizierenden Antirheumatika (DMARDs) unzulänglich war.

Aktive polyartikuläre juvenile idiopathische Arthritis bei Kindern und Jugendlichen ab einem Körpergewicht von ≥ 30 kg
Behandlung mit ABRILADA, wenn die vorausgegangene Standardtherapie mit krankheitsmodifizierenden Antirheumatika (DMARDs) unzulänglich war.

Psoriasis-Arthritis
Behandlung mit ABRILADA, wenn die vorausgegangene Standardtherapie mit krankheitsmodifizierenden Antirheumatika (DMARDs) unzulänglich war.

Ankylosierende Spondylitis (Morbus Bechterew)
Behandlung mit ABRILADA, wenn die vorausgegangene konventionelle Therapie unzulänglich war oder nicht vertragen wurde.

Aktiver Morbus Crohn
Behandlung erwachsener Patienten mit ABRILADA, wenn die vorausgegangene konventionelle Therapie (z.B. mit Azathioprin, 6-Mercaptopurin oder Glukokortikoiden) unzulänglich war, sowie bei Patienten, die nicht mehr auf Infliximab ansprechen oder dieses nicht vertragen. Nach zwei Jahren ununterbrochener Therapie bedarf die Behandlung einer erneuten Kostengutsprache durch den Krankenversicherer nach vorgängiger Konsultation des Vertrauensarztes.

Moderate bis schwere Colitis ulcerosa
Behandlung erwachsener Patienten mit ABRILADA, wenn die vorausgegangene konventionelle Therapie (z.B. mit Azathioprin, 6-Mercaptopurin oder Glukokortikoiden) unzulänglich war oder nicht vertragen wurde.

Die Verschreibung von ABRILADA für die folgenden Behandlungen kann nur durch Fachärzte der Dermatologie oder dermatologische Universitätskliniken/ Polikliniken erfolgen:

Schwere Plaque-Psoriasis
Behandlung erwachsener Patienten mit schwerer Plaque-Psoriasis, bei denen eine Phototherapie oder eine der folgenden konventionellen systemischen Therapien (Ciclosporin, Methotrexat, Acitretin) keinen therapeutischen Erfolg gezeigt haben. Falls nach 16 Wochen kein therapeutischer Erfolg eingetreten ist, ist die Behandlung abzubrechen.

Aktive, mittelschwere bis schwere Hidradenitis suppurativa (Acne inversa)
Behandlung erwachsener Patienten, wenn die vorausgegangene systemische Therapie mit Antibiotika unzulänglich war. Bei Patienten, die nach 12 Wochen kein Ansprechen nach HiSCR von mindestens 50% zeigen, ist die Behandlung abzubrechen. Nach 52 Wochen ununterbrochener Therapie bedarf die Behandlung einer erneuten Kostengutsprache durch den Krankenversicherer nach vorgängiger Konsultation des Vertrauensarztes.; identifier = http://fhir.ch/ig/ch-epl/sid/mpid#Medical Product Identifier#CH-7601001010604-6783101; indication = Rheumatoide Arthritis
Abrilada ist indiziert zur Reduzierung der Anzeichen und Symptome sowie zur Verlangsamung der Progression struktureller Schäden und zur Verbesserung der körperlichen Funktionsfähigkeit bei erwachsenen Patienten mit einer mässig bis stark ausgeprägten aktiven rheumatoiden Arthritis, die nur unzureichend auf krankheitsmodifizierende Antirheumatika (DMARDs) angesprochen haben.
Abrilada kann als Monotherapie oder in Kombination mit Methotrexat bzw. anderen krankheitsmodifizierenden Antirheumatika eingesetzt werden, wobei aber die Kombination von Adalimumab mit Ciclosporin, Azathioprin und anderen anti-TNF-α-Therapien nicht untersucht worden ist.
Bei Patienten, bei denen eine mässig bis stark ausgeprägte rheumatoide Arthritis erst kürzlich (&lt;3 Jahre) diagnostiziert wurde und die zuvor nicht mit Methotrexat behandelt worden war, konnte eine Wirksamkeit von Adalimumab in Kombination mit Methotrexat gezeigt werden.

Polyartikuläre juvenile idiopathische Arthritis (ab 30 kg Körpergewicht)
Abrilada ist in Kombination mit Methotrexat indiziert zur Behandlung der aktiven polyartikulären juvenilen idiopathischen Arthritis bei Kindern und Jugendlichen ab 30 kg Körpergewicht, die nur unzureichend auf ein oder mehrere krankheitsmodifizierende Antirheumatika (DMARDs), einschliesslich Methotrexat, angesprochen haben oder eine solche Therapie nicht tolerieren. Abrilada kann im Falle einer Unverträglichkeit gegenüber Methotrexat oder, wenn die weitere Behandlung mit Methotrexat nicht möglich ist, als Monotherapie angewendet werden. Bei Kindern, die jünger als 4 Jahre sind, wurde Adalimumab nicht untersucht.

Psoriasis-Arthritis
Abrilada ist indiziert zur Reduzierung der Anzeichen und Symptome der Psoriasis-Arthritis bei Patienten mit ungenügendem Ansprechen auf krankheitsmodifizierende Antirheumatika. Abrilada reduziert die Progressionsrate struktureller Schäden und verbessert die körperliche Funktionsfähigkeit bei Patienten mit der polyartikulären, symmetrischen Form der Erkrankung. Abrilada kann als Monotherapie oder in Kombination mit krankheitsmodifizierenden Antirheumatika angewendet werden.

Ankylosierende Spondylitis (Morbus Bechterew)
Abrilada ist indiziert zur Behandlung von erwachsenen Patienten mit aktiver ankylosierender Spondylitis, die nur unzureichend auf herkömmliche Therapien angesprochen haben.

Morbus Crohn
Abrilada ist indiziert zur Behandlung von erwachsenen Patienten mit einem Morbus Crohn mit mässiger bis hoher Krankheitsaktivität, die nur unzureichend auf herkömmliche Therapien angesprochen haben, sowie bei erwachsenen Patienten, die nicht mehr auf Infliximab ansprechen oder dieses nicht vertragen.

Colitis ulcerosa
Abrilada ist indiziert zur Behandlung der mittelschweren bis schweren aktiven Colitis ulcerosa bei erwachsenen Patienten, die auf die herkömmliche Therapie, einschliesslich Glukokortikoide und/oder 6-Mercaptopurin (6-MP) oder Azathioprin (AZA), unzureichend angesprochen haben oder die eine Unverträglichkeit gegen eine solche Therapie haben oder bei denen eine solche Therapie kontraindiziert ist.

Psoriasis
Abrilada ist als Monotherapie indiziert zur Behandlung von erwachsenen Patienten mit mittelschwerer bis schwerer, chronischer Plaque-Psoriasis, bei denen eine systemische Therapie oder eine PUVA-Therapie angezeigt ist.

Psoriasis bei Kindern und Jugendlichen (ab 30 kg Körpergewicht)
Abrilada ist indiziert zur Behandlung der schweren chronischen Plaque-Psoriasis bei Kindern und Jugendlichen mit einem Körpergewicht ≥30 kg, die nur unzureichend auf Phototherapien oder systemische Vortherapien angesprochen haben oder für die diese Therapien nicht geeignet sind.

Hidradenitis suppurativa (Acne inversa)
Abrilada ist indiziert zur Behandlung von erwachsenen Patienten mit aktiver mittelschwerer bis schwerer Hidradenitis suppurativa (Acne inversa), die unzureichend auf eine systemische Antibiotikatherapie angesprochen haben.

Uveitis
Abrilada ist indiziert zur Induktion (in Kombination mit Kortikosteroiden) und Erhaltung einer Remission bei erwachsenen Patienten mit Kortikosteroid-abhängiger nicht-infektiöser intermediärer Uveitis, posteriorer Uveitis oder Panuveitis, die nur unzureichend auf Kortikosteroide mit oder ohne Immunmodulatoren angesprochen haben oder die eine Kortikoid sparende Behandlung benötigen. Die Kombination mit Kortikosteroiden und/oder Immunmodulatoren richtet sich nach dem anatomischen und funktionellen Verlauf.; legalStatusOfSupply = Medicinal product subject to medical or veterinary prescription (B); additionalMonitoringIndicator = No Warning; pediatricUseIndicator = Authorised for the treatment in children; classification = adalimumab,Extension for biosimilar,Biologics,Originator product,07. STOFFWECHSEL</a></p><p><b>containedItemQuantity</b>: 2 Pre-filled pen<span style="background: LightGoldenRodYellow"> (Details: EDQM - Standard Terms  code30050000 = 'Pre-filled pen')</span></p><p><b>description</b>: </p><div><p>ABRILADA Inj Lös 40 mg/0.8ml Fertpen 2 x 0.8 ml</p>
</div><h3>LegalStatusOfSupplies</h3><table class="grid"><tr><td style="display: none">-</td><td><b>Code</b></td></tr><tr><td style="display: none">*</td><td><span title="Codes:{http://fhir.ch/ig/ch-epl/CodeSystem/ch-SMC-legal-status-of-supply 756005022003}">Medicinal product subject to medical or veterinary prescription (B)</span></td></tr></table><blockquote><p><b>packaging</b></p><p><b>identifier</b>: <a href="NamingSystem-GTIN.html" title="GS1 defines trade items as products or services that are priced, ordered or invoiced at any point in the supply chain.">Global Trade Item Number</a>/7680678310026</p><p><b>type</b>: <span title="Codes:{http://standardterms.edqm.eu 30009000}">Box</span></p><p><b>quantity</b>: 1</p><h3>ShelfLifeStorages</h3><table class="grid"><tr><td style="display: none">-</td><td><b>Type</b></td><td><b>Period[x]</b></td><td><b>SpecialPrecautionsForStorage</b></td></tr><tr><td style="display: none">*</td><td><span title="Codes:{http://spor.ema.europa.eu/v1/lists/100000073343 100000073406}">Shelf life from manufacturing time</span></td><td>Das Arzneimittel darf nur bis zu dem auf dem Behälter mit «EXP» bezeichneten Datum verwendet werden.</td><td><span title="Codes:{http://fhir.ch/ig/ch-epl/CodeSystem/ch-SMC-special-precautions-for-storage 756005042009}">Do not store above 30°C</span></td></tr><tr><td style="display: none">*</td><td> </td><td> </td><td><span title="Codes:{http://fhir.ch/ig/ch-epl/CodeSystem/ch-SMC-special-precautions-for-storage 756005042004}">protect from light</span></td></tr><tr><td style="display: none">*</td><td> </td><td> </td><td><span title="Codes:{http://fhir.ch/ig/ch-epl/CodeSystem/ch-SMC-special-precautions-for-storage 756005042011}">Store in the original container</span></td></tr><tr><td style="display: none">*</td><td> </td><td> </td><td><span title="Codes:{http://fhir.ch/ig/ch-epl/CodeSystem/ch-SMC-special-precautions-for-storage 756005042011}">Store in the original container</span></td></tr><tr><td style="display: none">*</td><td><span title="Codes:{http://spor.ema.europa.eu/v1/lists/100000073343 100000073403}">Shelf life of the medicinal product as packaged for sale</span></td><td>No display for Duration  (value: 30; unit: day; system: http://unitsofmeasure.org; code: d)</td><td> </td></tr></table></blockquote></div>
  </text>
  <identifier>
    <system value="http://fhir.ch/ig/ch-epl/sid/pcid"/>
    <value value="CH-7601001010604-6783101-002"/>
  </identifier>
  <packageFor>
    <reference value="MedicinalProductDefinition/Abrilada-40mg-Pre-Filled-Pen"/>
  </packageFor>
  <containedItemQuantity>
    <value value="2"/>
    <unit value="Pre-filled pen"/>
    <system value="http://standardterms.edqm.eu"/>
    <code value="30050000"/>
  </containedItemQuantity>
  <description value="ABRILADA Inj Lös 40 mg/0.8ml Fertpen 2 x 0.8 ml"/>
  <legalStatusOfSupply>
    <code>
      <coding>
        <system value="http://fhir.ch/ig/ch-epl/CodeSystem/ch-SMC-legal-status-of-supply"/>
        <code value="756005022003"/>
        <display value="Medicinal product subject to medical or veterinary prescription (B)"/>
      </coding>
    </code>
  </legalStatusOfSupply>
  <packaging>
    <identifier>
      <system value="urn:oid:2.51.1.1"/>
      <value value="7680678310026"/>
    </identifier>
    <type>
      <coding>
        <system value="http://standardterms.edqm.eu"/>
        <code value="30009000"/>
        <display value="Box"/>
      </coding>
    </type>
    <quantity value="1"/>
    <shelfLifeStorage>
      <type>
        <coding>
          <system value="http://spor.ema.europa.eu/v1/lists/100000073343"/>
          <code value="100000073406"/>
          <display value="Shelf life from manufacturing time"/>
        </coding>
      </type>
      <periodString value="Das Arzneimittel darf nur bis zu dem auf dem Behälter mit «EXP» bezeichneten Datum verwendet werden."/>
      <specialPrecautionsForStorage>
        <coding>
          <system value="http://fhir.ch/ig/ch-epl/CodeSystem/ch-SMC-special-precautions-for-storage"/>
          <code value="756005042009"/>
          <display value="Do not store above 30°C"/>
        </coding>
      </specialPrecautionsForStorage>
    </shelfLifeStorage>
    <shelfLifeStorage>
      <specialPrecautionsForStorage>
        <coding>
          <system value="http://fhir.ch/ig/ch-epl/CodeSystem/ch-SMC-special-precautions-for-storage"/>
          <code value="756005042004"/>
          <display value="protect from light"/>
        </coding>
      </specialPrecautionsForStorage>
    </shelfLifeStorage>
    <shelfLifeStorage>
      <specialPrecautionsForStorage>
        <coding>
          <system value="http://fhir.ch/ig/ch-epl/CodeSystem/ch-SMC-special-precautions-for-storage"/>
          <code value="756005042011"/>
          <display value="Store in the original container"/>
        </coding>
      </specialPrecautionsForStorage>
    </shelfLifeStorage>
    <shelfLifeStorage>
      <specialPrecautionsForStorage>
        <coding>
          <system value="http://fhir.ch/ig/ch-epl/CodeSystem/ch-SMC-special-precautions-for-storage"/>
          <code value="756005042011"/>
          <display value="Store in the original container"/>
        </coding>
      </specialPrecautionsForStorage>
    </shelfLifeStorage>
    <shelfLifeStorage>
      <type>
        <coding>
          <system value="http://spor.ema.europa.eu/v1/lists/100000073343"/>
          <code value="100000073403"/>
          <display value="Shelf life of the medicinal product as packaged for sale"/>
        </coding>
      </type>
      <periodDuration>
        <value value="30"/>
        <unit value="day"/>
        <system value="http://unitsofmeasure.org"/>
        <code value="d"/>
      </periodDuration>
    </shelfLifeStorage>
  </packaging>
</PackagedProductDefinition>