<?xml version="1.0" encoding="UTF-8"?><ConceptMap xmlns="http://hl7.org/fhir"><id value="ch-elm-results-to-interpretation-code"/><text><status value="extensions"/><div xmlns="http://www.w3.org/1999/xhtml"><p>Mapping from <a href="ValueSet-ch-elm-results-laboratory-observation.html">CH ELM Results Laboratory Observation</a> to <a href="ValueSet-ch-elm-interpretation-codes-vs.html">CH ELM Interpretation Codes Vs</a></p><p>ACTIVE. Published on 2024-03-28 10:14:11+0100 by Federal Office of Public Health FOPH (Federal Office of Public Health FOPH: <a href="https://www.bag.admin.ch/bag/en/home/das-bag/kontakt-standort.html">https://www.bag.admin.ch/bag/e...</a>). CC0-1.0</p><div><p>This CH ELM concept map specifies the interpretation codes for each leading code. E.g. if positive, positive and negative or resistant-susceptible values are allowed</p>
</div><br/><p><b>Group 1</b>Mapping from <a href="http://terminology.hl7.org/5.3.0/CodeSystem-v3-loinc.html">Logical Observation Identifiers, Names and Codes (LOINC)</a> to <a href="CodeSystem-ch-elm-interpretation-codes-vs.html">CH ELM Interpretation Codes Vs</a></p><table class="grid"><tr><td><b>Source Code</b></td><td><b>Relationship</b></td><td><b>Target Code</b></td></tr><tr><td>100911-7 (Campylobacter sp [Presence] in Stool by Organism specific culture)</td><td><a href="http://hl7.org/fhir/R4/codesystem-concept-map-equivalence.html#null"/></td><td>http://fhir.ch/ig/ch-elm/ValueSet/ch-elm-interpretation-codes-pos</td></tr><tr><td>101423-2 (Influenza virus A H1 RNA [Presence] in Respiratory system specimen by NAA with probe detection)</td><td><a href="http://hl7.org/fhir/R4/codesystem-concept-map-equivalence.html#null"/></td><td>http://fhir.ch/ig/ch-elm/ValueSet/ch-elm-interpretation-codes-pos</td></tr><tr><td>101424-0 (Influenza virus A H3 RNA [Presence] in Respiratory system specimen by NAA with probe detection)</td><td><a href="http://hl7.org/fhir/R4/codesystem-concept-map-equivalence.html#null"/></td><td>http://fhir.ch/ig/ch-elm/ValueSet/ch-elm-interpretation-codes-pos</td></tr><tr><td>101552-8 (Campylobacter coli DNA [Presence] in Stool by NAA with probe detection)</td><td><a href="http://hl7.org/fhir/R4/codesystem-concept-map-equivalence.html#null"/></td><td>http://fhir.ch/ig/ch-elm/ValueSet/ch-elm-interpretation-codes-pos</td></tr><tr><td>101554-4 (Campylobacter jejuni DNA [Presence] in Stool by NAA with probe detection)</td><td><a href="http://hl7.org/fhir/R4/codesystem-concept-map-equivalence.html#null"/></td><td>http://fhir.ch/ig/ch-elm/ValueSet/ch-elm-interpretation-codes-pos</td></tr><tr><td>101555-1 (Campylobacter upsaliensis DNA [Presence] in Stool by NAA with probe detection)</td><td><a href="http://hl7.org/fhir/R4/codesystem-concept-map-equivalence.html#null"/></td><td>http://fhir.ch/ig/ch-elm/ValueSet/ch-elm-interpretation-codes-pos</td></tr><tr><td>103168-1 (Campylobacter coli+jejuni DNA [Presence] in Wound by NAA with probe detection)</td><td><a href="http://hl7.org/fhir/R4/codesystem-concept-map-equivalence.html#null"/></td><td>http://fhir.ch/ig/ch-elm/ValueSet/ch-elm-interpretation-codes-pos</td></tr><tr><td>14127-5 (Neisseria gonorrhoeae [Presence] in Anal by Organism specific culture)</td><td><a href="http://hl7.org/fhir/R4/codesystem-concept-map-equivalence.html#null"/></td><td>http://fhir.ch/ig/ch-elm/ValueSet/ch-elm-interpretation-codes-pos</td></tr><tr><td>14463-4 (Chlamydia trachomatis [Presence] in Cervix by Organism specific culture)</td><td><a href="http://hl7.org/fhir/R4/codesystem-concept-map-equivalence.html#null"/></td><td>http://fhir.ch/ig/ch-elm/ValueSet/ch-elm-interpretation-codes-pos</td></tr><tr><td>14464-2 (Chlamydia trachomatis [Presence] in Vaginal fluid by Organism specific culture)</td><td><a href="http://hl7.org/fhir/R4/codesystem-concept-map-equivalence.html#null"/></td><td>http://fhir.ch/ig/ch-elm/ValueSet/ch-elm-interpretation-codes-pos</td></tr><tr><td>14465-9 (Chlamydia trachomatis [Presence] in Urethra by Organism specific culture)</td><td><a href="http://hl7.org/fhir/R4/codesystem-concept-map-equivalence.html#null"/></td><td>http://fhir.ch/ig/ch-elm/ValueSet/ch-elm-interpretation-codes-pos</td></tr><tr><td>16600-9 (Chlamydia trachomatis rRNA [Presence] in Genital specimen by Probe)</td><td><a href="http://hl7.org/fhir/R4/codesystem-concept-map-equivalence.html#null"/></td><td>http://fhir.ch/ig/ch-elm/ValueSet/ch-elm-interpretation-codes-pos</td></tr><tr><td>21190-4 (Chlamydia trachomatis DNA [Presence] in Cervix by NAA with probe detection)</td><td><a href="http://hl7.org/fhir/R4/codesystem-concept-map-equivalence.html#null"/></td><td>http://fhir.ch/ig/ch-elm/ValueSet/ch-elm-interpretation-codes-pos</td></tr><tr><td>21191-2 (Chlamydia trachomatis DNA [Presence] in Urethra by NAA with probe detection)</td><td><a href="http://hl7.org/fhir/R4/codesystem-concept-map-equivalence.html#null"/></td><td>http://fhir.ch/ig/ch-elm/ValueSet/ch-elm-interpretation-codes-pos</td></tr><tr><td>21415-5 (Neisseria gonorrhoeae DNA [Presence] in Urethra by NAA with probe detection)</td><td><a href="http://hl7.org/fhir/R4/codesystem-concept-map-equivalence.html#null"/></td><td>http://fhir.ch/ig/ch-elm/ValueSet/ch-elm-interpretation-codes-pos</td></tr><tr><td>21416-3 (Neisseria gonorrhoeae DNA [Presence] in Urine by NAA with probe detection)</td><td><a href="http://hl7.org/fhir/R4/codesystem-concept-map-equivalence.html#null"/></td><td>http://fhir.ch/ig/ch-elm/ValueSet/ch-elm-interpretation-codes-pos</td></tr><tr><td>21613-5 (Chlamydia trachomatis DNA [Presence] in Specimen by NAA with probe detection)</td><td><a href="http://hl7.org/fhir/R4/codesystem-concept-map-equivalence.html#null"/></td><td>http://fhir.ch/ig/ch-elm/ValueSet/ch-elm-interpretation-codes-pos</td></tr><tr><td>23838-6 (Chlamydia trachomatis rRNA [Presence] in Genital fluid by Probe)</td><td><a href="http://hl7.org/fhir/R4/codesystem-concept-map-equivalence.html#null"/></td><td>http://fhir.ch/ig/ch-elm/ValueSet/ch-elm-interpretation-codes-pos</td></tr><tr><td>24111-7 (Neisseria gonorrhoeae DNA [Presence] in Specimen by NAA with probe detection)</td><td><a href="http://hl7.org/fhir/R4/codesystem-concept-map-equivalence.html#null"/></td><td>http://fhir.ch/ig/ch-elm/ValueSet/ch-elm-interpretation-codes-pos</td></tr><tr><td>31777-6 (Chlamydia trachomatis Ag [Presence] in Specimen)</td><td><a href="http://hl7.org/fhir/R4/codesystem-concept-map-equivalence.html#null"/></td><td>http://fhir.ch/ig/ch-elm/ValueSet/ch-elm-interpretation-codes-pos</td></tr><tr><td>31859-2 (Influenza virus A Ag [Presence] in Specimen)</td><td><a href="http://hl7.org/fhir/R4/codesystem-concept-map-equivalence.html#null"/></td><td>http://fhir.ch/ig/ch-elm/ValueSet/ch-elm-interpretation-codes-pos</td></tr><tr><td>31864-2 (Influenza virus B Ag [Presence] in Specimen)</td><td><a href="http://hl7.org/fhir/R4/codesystem-concept-map-equivalence.html#null"/></td><td>http://fhir.ch/ig/ch-elm/ValueSet/ch-elm-interpretation-codes-pos</td></tr><tr><td>32705-6 (Neisseria gonorrhoeae DNA [Presence] in Vaginal fluid by NAA with probe detection)</td><td><a href="http://hl7.org/fhir/R4/codesystem-concept-map-equivalence.html#null"/></td><td>http://fhir.ch/ig/ch-elm/ValueSet/ch-elm-interpretation-codes-pos</td></tr><tr><td>34487-9 (Influenza virus A RNA [Presence] in Specimen by NAA with probe detection)</td><td><a href="http://hl7.org/fhir/R4/codesystem-concept-map-equivalence.html#null"/></td><td>http://fhir.ch/ig/ch-elm/ValueSet/ch-elm-interpretation-codes-pos</td></tr><tr><td>38382-8 (Influenza virus B [Presence] in Specimen by Organism specific culture)</td><td><a href="http://hl7.org/fhir/R4/codesystem-concept-map-equivalence.html#null"/></td><td>http://fhir.ch/ig/ch-elm/ValueSet/ch-elm-interpretation-codes-pos</td></tr><tr><td>40982-1 (Influenza virus B RNA [Presence] in Specimen by NAA with probe detection)</td><td><a href="http://hl7.org/fhir/R4/codesystem-concept-map-equivalence.html#null"/></td><td>http://fhir.ch/ig/ch-elm/ValueSet/ch-elm-interpretation-codes-pos</td></tr><tr><td>42931-6 (Chlamydia trachomatis rRNA [Presence] in Urine by NAA with probe detection)</td><td><a href="http://hl7.org/fhir/R4/codesystem-concept-map-equivalence.html#null"/></td><td>http://fhir.ch/ig/ch-elm/ValueSet/ch-elm-interpretation-codes-pos</td></tr><tr><td>43304-5 (Chlamydia trachomatis rRNA [Presence] in Specimen by NAA with probe detection)</td><td><a href="http://hl7.org/fhir/R4/codesystem-concept-map-equivalence.html#null"/></td><td>http://fhir.ch/ig/ch-elm/ValueSet/ch-elm-interpretation-codes-pos</td></tr><tr><td>43305-2 (Neisseria gonorrhoeae rRNA [Presence] in Specimen by NAA with probe detection)</td><td><a href="http://hl7.org/fhir/R4/codesystem-concept-map-equivalence.html#null"/></td><td>http://fhir.ch/ig/ch-elm/ValueSet/ch-elm-interpretation-codes-pos</td></tr><tr><td>45084-1 (Chlamydia trachomatis DNA [Presence] in Vaginal fluid by NAA with probe detection)</td><td><a href="http://hl7.org/fhir/R4/codesystem-concept-map-equivalence.html#null"/></td><td>http://fhir.ch/ig/ch-elm/ValueSet/ch-elm-interpretation-codes-pos</td></tr><tr><td>45090-8 (Chlamydia trachomatis DNA [Presence] in Anal by NAA with probe detection)</td><td><a href="http://hl7.org/fhir/R4/codesystem-concept-map-equivalence.html#null"/></td><td>http://fhir.ch/ig/ch-elm/ValueSet/ch-elm-interpretation-codes-pos</td></tr><tr><td>45093-2 (Chlamydia trachomatis [Presence] in Anal by Organism specific culture)</td><td><a href="http://hl7.org/fhir/R4/codesystem-concept-map-equivalence.html#null"/></td><td>http://fhir.ch/ig/ch-elm/ValueSet/ch-elm-interpretation-codes-pos</td></tr><tr><td>45095-7 (Chlamydia trachomatis [Presence] in Genital specimen by Organism specific culture)</td><td><a href="http://hl7.org/fhir/R4/codesystem-concept-map-equivalence.html#null"/></td><td>http://fhir.ch/ig/ch-elm/ValueSet/ch-elm-interpretation-codes-pos</td></tr><tr><td>47387-6 (Neisseria gonorrhoeae DNA [Presence] in Genital specimen by NAA with probe detection)</td><td><a href="http://hl7.org/fhir/R4/codesystem-concept-map-equivalence.html#null"/></td><td>http://fhir.ch/ig/ch-elm/ValueSet/ch-elm-interpretation-codes-pos</td></tr><tr><td>48310-7 (Influenza virus A [Presence] in Specimen by Organism specific culture)</td><td><a href="http://hl7.org/fhir/R4/codesystem-concept-map-equivalence.html#null"/></td><td>http://fhir.ch/ig/ch-elm/ValueSet/ch-elm-interpretation-codes-pos</td></tr><tr><td>49521-8 (Influenza virus A H1 RNA [Presence] in Specimen by NAA with probe detection)</td><td><a href="http://hl7.org/fhir/R4/codesystem-concept-map-equivalence.html#null"/></td><td>http://fhir.ch/ig/ch-elm/ValueSet/ch-elm-interpretation-codes-pos</td></tr><tr><td>49524-2 (Influenza virus A H3 RNA [Presence] in Specimen by NAA with probe detection)</td><td><a href="http://hl7.org/fhir/R4/codesystem-concept-map-equivalence.html#null"/></td><td>http://fhir.ch/ig/ch-elm/ValueSet/ch-elm-interpretation-codes-pos</td></tr><tr><td>49614-1 (Campylobacter sp DNA [Identifier] in Specimen by NAA with probe detection)</td><td><a href="http://hl7.org/fhir/R4/codesystem-concept-map-equivalence.html#null"/></td><td>http://fhir.ch/ig/ch-elm/ValueSet/ch-elm-interpretation-codes-pos</td></tr><tr><td>4992-4 (Campylobacter sp rRNA [Presence] in Specimen by Probe)</td><td><a href="http://hl7.org/fhir/R4/codesystem-concept-map-equivalence.html#null"/></td><td>http://fhir.ch/ig/ch-elm/ValueSet/ch-elm-interpretation-codes-pos</td></tr><tr><td>50387-0 (Chlamydia trachomatis rRNA [Presence] in Cervix by NAA with probe detection)</td><td><a href="http://hl7.org/fhir/R4/codesystem-concept-map-equivalence.html#null"/></td><td>http://fhir.ch/ig/ch-elm/ValueSet/ch-elm-interpretation-codes-pos</td></tr><tr><td>50388-8 (Neisseria gonorrhoeae rRNA [Presence] in Cervix by NAA with probe detection)</td><td><a href="http://hl7.org/fhir/R4/codesystem-concept-map-equivalence.html#null"/></td><td>http://fhir.ch/ig/ch-elm/ValueSet/ch-elm-interpretation-codes-pos</td></tr><tr><td>51578-3 (Chlamydia trachomatis DNA [Presence] in Semen by NAA with probe detection)</td><td><a href="http://hl7.org/fhir/R4/codesystem-concept-map-equivalence.html#null"/></td><td>http://fhir.ch/ig/ch-elm/ValueSet/ch-elm-interpretation-codes-pos</td></tr><tr><td>53879-3 (Neisseria gonorrhoeae rRNA [Presence] in Vaginal fluid by NAA with probe detection)</td><td><a href="http://hl7.org/fhir/R4/codesystem-concept-map-equivalence.html#null"/></td><td>http://fhir.ch/ig/ch-elm/ValueSet/ch-elm-interpretation-codes-pos</td></tr><tr><td>53925-4 (Chlamydia trachomatis rRNA [Presence] in Urethra by NAA with probe detection)</td><td><a href="http://hl7.org/fhir/R4/codesystem-concept-map-equivalence.html#null"/></td><td>http://fhir.ch/ig/ch-elm/ValueSet/ch-elm-interpretation-codes-pos</td></tr><tr><td>53926-2 (Chlamydia trachomatis rRNA [Presence] in Vaginal fluid by NAA with probe detection)</td><td><a href="http://hl7.org/fhir/R4/codesystem-concept-map-equivalence.html#null"/></td><td>http://fhir.ch/ig/ch-elm/ValueSet/ch-elm-interpretation-codes-pos</td></tr><tr><td>53927-0 (Neisseria gonorrhoeae rRNA [Presence] in Urethra by NAA with probe detection)</td><td><a href="http://hl7.org/fhir/R4/codesystem-concept-map-equivalence.html#null"/></td><td>http://fhir.ch/ig/ch-elm/ValueSet/ch-elm-interpretation-codes-pos</td></tr><tr><td>55465-9 (Influenza virus A H1 2009 pandemic RNA [Presence] in Specimen by NAA with probe detection)</td><td><a href="http://hl7.org/fhir/R4/codesystem-concept-map-equivalence.html#null"/></td><td>http://fhir.ch/ig/ch-elm/ValueSet/ch-elm-interpretation-codes-pos</td></tr><tr><td>57287-5 (Chlamydia trachomatis rRNA [Presence] in Anal by NAA with probe detection)</td><td><a href="http://hl7.org/fhir/R4/codesystem-concept-map-equivalence.html#null"/></td><td>http://fhir.ch/ig/ch-elm/ValueSet/ch-elm-interpretation-codes-pos</td></tr><tr><td>57458-2 (Neisseria gonorrhoeae rRNA [Presence] in Anal by NAA with probe detection)</td><td><a href="http://hl7.org/fhir/R4/codesystem-concept-map-equivalence.html#null"/></td><td>http://fhir.ch/ig/ch-elm/ValueSet/ch-elm-interpretation-codes-pos</td></tr><tr><td>60255-7 (Neisseria gonorrhoeae rRNA [Presence] in Throat by NAA with probe detection)</td><td><a href="http://hl7.org/fhir/R4/codesystem-concept-map-equivalence.html#null"/></td><td>http://fhir.ch/ig/ch-elm/ValueSet/ch-elm-interpretation-codes-pos</td></tr><tr><td>60256-5 (Neisseria gonorrhoeae rRNA [Presence] in Urine by NAA with probe detection)</td><td><a href="http://hl7.org/fhir/R4/codesystem-concept-map-equivalence.html#null"/></td><td>http://fhir.ch/ig/ch-elm/ValueSet/ch-elm-interpretation-codes-pos</td></tr><tr><td>61368-7 (Campylobacter jejuni DNA [Presence] in Specimen by NAA with probe detection)</td><td><a href="http://hl7.org/fhir/R4/codesystem-concept-map-equivalence.html#null"/></td><td>http://fhir.ch/ig/ch-elm/ValueSet/ch-elm-interpretation-codes-pos</td></tr><tr><td>6329-7 (Campylobacter coli rRNA [Presence] in Specimen by Probe)</td><td><a href="http://hl7.org/fhir/R4/codesystem-concept-map-equivalence.html#null"/></td><td>http://fhir.ch/ig/ch-elm/ValueSet/ch-elm-interpretation-codes-pos</td></tr><tr><td>6333-9 (Campylobacter jejuni rRNA [Presence] in Specimen by Probe)</td><td><a href="http://hl7.org/fhir/R4/codesystem-concept-map-equivalence.html#null"/></td><td>http://fhir.ch/ig/ch-elm/ValueSet/ch-elm-interpretation-codes-pos</td></tr><tr><td>6334-7 (Campylobacter lari rRNA [Presence] in Specimen by Probe)</td><td><a href="http://hl7.org/fhir/R4/codesystem-concept-map-equivalence.html#null"/></td><td>http://fhir.ch/ig/ch-elm/ValueSet/ch-elm-interpretation-codes-pos</td></tr><tr><td>6349-5 (Chlamydia trachomatis [Presence] in Specimen by Organism specific culture)</td><td><a href="http://hl7.org/fhir/R4/codesystem-concept-map-equivalence.html#null"/></td><td>http://fhir.ch/ig/ch-elm/ValueSet/ch-elm-interpretation-codes-pos</td></tr><tr><td>6356-0 (Chlamydia trachomatis DNA [Presence] in Genital specimen by NAA with probe detection)</td><td><a href="http://hl7.org/fhir/R4/codesystem-concept-map-equivalence.html#null"/></td><td>http://fhir.ch/ig/ch-elm/ValueSet/ch-elm-interpretation-codes-pos</td></tr><tr><td>6357-8 (Chlamydia trachomatis DNA [Presence] in Urine by NAA with probe detection)</td><td><a href="http://hl7.org/fhir/R4/codesystem-concept-map-equivalence.html#null"/></td><td>http://fhir.ch/ig/ch-elm/ValueSet/ch-elm-interpretation-codes-pos</td></tr><tr><td>688-2 (Neisseria gonorrhoeae [Presence] in Cervix by Organism specific culture)</td><td><a href="http://hl7.org/fhir/R4/codesystem-concept-map-equivalence.html#null"/></td><td>http://fhir.ch/ig/ch-elm/ValueSet/ch-elm-interpretation-codes-pos</td></tr><tr><td>691-6 (Neisseria gonorrhoeae [Presence] in Genital specimen by Organism specific culture)</td><td><a href="http://hl7.org/fhir/R4/codesystem-concept-map-equivalence.html#null"/></td><td>http://fhir.ch/ig/ch-elm/ValueSet/ch-elm-interpretation-codes-pos</td></tr><tr><td>693-2 (Neisseria gonorrhoeae [Presence] in Vaginal fluid by Organism specific culture)</td><td><a href="http://hl7.org/fhir/R4/codesystem-concept-map-equivalence.html#null"/></td><td>http://fhir.ch/ig/ch-elm/ValueSet/ch-elm-interpretation-codes-pos</td></tr><tr><td>694-0 (Neisseria gonorrhoeae [Presence] in Semen by Organism specific culture)</td><td><a href="http://hl7.org/fhir/R4/codesystem-concept-map-equivalence.html#null"/></td><td>http://fhir.ch/ig/ch-elm/ValueSet/ch-elm-interpretation-codes-pos</td></tr><tr><td>696-5 (Neisseria gonorrhoeae [Presence] in Throat by Organism specific culture)</td><td><a href="http://hl7.org/fhir/R4/codesystem-concept-map-equivalence.html#null"/></td><td>http://fhir.ch/ig/ch-elm/ValueSet/ch-elm-interpretation-codes-pos</td></tr><tr><td>697-3 (Neisseria gonorrhoeae [Presence] in Urethra by Organism specific culture)</td><td><a href="http://hl7.org/fhir/R4/codesystem-concept-map-equivalence.html#null"/></td><td>http://fhir.ch/ig/ch-elm/ValueSet/ch-elm-interpretation-codes-pos</td></tr><tr><td>698-1 (Neisseria gonorrhoeae [Presence] in Specimen by Organism specific culture)</td><td><a href="http://hl7.org/fhir/R4/codesystem-concept-map-equivalence.html#null"/></td><td>http://fhir.ch/ig/ch-elm/ValueSet/ch-elm-interpretation-codes-pos</td></tr><tr><td>71429-5 (Campylobacter sp DNA.diarrheagenic [Presence] in Stool by NAA with probe detection)</td><td><a href="http://hl7.org/fhir/R4/codesystem-concept-map-equivalence.html#null"/></td><td>http://fhir.ch/ig/ch-elm/ValueSet/ch-elm-interpretation-codes-pos</td></tr><tr><td>74785-7 (Influenza virus B Victoria lineage RNA [Presence] in Specimen by NAA with probe detection)</td><td><a href="http://hl7.org/fhir/R4/codesystem-concept-map-equivalence.html#null"/></td><td>http://fhir.ch/ig/ch-elm/ValueSet/ch-elm-interpretation-codes-pos</td></tr><tr><td>74786-5 (Influenza virus B Yamagata lineage RNA [Presence] in Specimen by NAA with probe detection)</td><td><a href="http://hl7.org/fhir/R4/codesystem-concept-map-equivalence.html#null"/></td><td>http://fhir.ch/ig/ch-elm/ValueSet/ch-elm-interpretation-codes-pos</td></tr><tr><td>76078-5 (Influenza virus A RNA [Presence] in Nasopharynx by NAA with probe detection)</td><td><a href="http://hl7.org/fhir/R4/codesystem-concept-map-equivalence.html#null"/></td><td>http://fhir.ch/ig/ch-elm/ValueSet/ch-elm-interpretation-codes-pos</td></tr><tr><td>76080-1 (Influenza virus B RNA [Presence] in Nasopharynx by NAA with probe detection)</td><td><a href="http://hl7.org/fhir/R4/codesystem-concept-map-equivalence.html#null"/></td><td>http://fhir.ch/ig/ch-elm/ValueSet/ch-elm-interpretation-codes-pos</td></tr><tr><td>77026-3 (Influenza virus A H1 RNA [Presence] in Nasopharynx by NAA with probe detection)</td><td><a href="http://hl7.org/fhir/R4/codesystem-concept-map-equivalence.html#null"/></td><td>http://fhir.ch/ig/ch-elm/ValueSet/ch-elm-interpretation-codes-pos</td></tr><tr><td>77027-1 (Influenza virus A H3 RNA [Presence] in Nasopharynx by NAA with probe detection)</td><td><a href="http://hl7.org/fhir/R4/codesystem-concept-map-equivalence.html#null"/></td><td>http://fhir.ch/ig/ch-elm/ValueSet/ch-elm-interpretation-codes-pos</td></tr><tr><td>77028-9 (Influenza virus A H1 2009 pandemic RNA [Presence] in Nasopharynx by NAA with probe detection)</td><td><a href="http://hl7.org/fhir/R4/codesystem-concept-map-equivalence.html#null"/></td><td>http://fhir.ch/ig/ch-elm/ValueSet/ch-elm-interpretation-codes-pos</td></tr><tr><td>80363-5 (Chlamydia trachomatis DNA [Presence] in Anorectal by NAA with probe detection)</td><td><a href="http://hl7.org/fhir/R4/codesystem-concept-map-equivalence.html#null"/></td><td>http://fhir.ch/ig/ch-elm/ValueSet/ch-elm-interpretation-codes-pos</td></tr><tr><td>80364-3 (Chlamydia trachomatis rRNA [Presence] in Anorectal by NAA with probe detection)</td><td><a href="http://hl7.org/fhir/R4/codesystem-concept-map-equivalence.html#null"/></td><td>http://fhir.ch/ig/ch-elm/ValueSet/ch-elm-interpretation-codes-pos</td></tr><tr><td>80366-8 (Neisseria gonorrhoeae rRNA [Presence] in Anorectal by NAA with probe detection)</td><td><a href="http://hl7.org/fhir/R4/codesystem-concept-map-equivalence.html#null"/></td><td>http://fhir.ch/ig/ch-elm/ValueSet/ch-elm-interpretation-codes-pos</td></tr><tr><td>80367-6 (Chlamydia trachomatis [Presence] in Anorectal by Organism specific culture)</td><td><a href="http://hl7.org/fhir/R4/codesystem-concept-map-equivalence.html#null"/></td><td>http://fhir.ch/ig/ch-elm/ValueSet/ch-elm-interpretation-codes-pos</td></tr><tr><td>80368-4 (Neisseria gonorrhoeae [Presence] in Anorectal by Organism specific culture)</td><td><a href="http://hl7.org/fhir/R4/codesystem-concept-map-equivalence.html#null"/></td><td>http://fhir.ch/ig/ch-elm/ValueSet/ch-elm-interpretation-codes-pos</td></tr><tr><td>81656-1 (Campylobacter coli+jejuni tuf gene [Presence] in Stool by NAA with probe detection)</td><td><a href="http://hl7.org/fhir/R4/codesystem-concept-map-equivalence.html#null"/></td><td>http://fhir.ch/ig/ch-elm/ValueSet/ch-elm-interpretation-codes-pos</td></tr><tr><td>85477-8 (Influenza virus A RNA [Presence] in Upper respiratory specimen by NAA with probe detection)</td><td><a href="http://hl7.org/fhir/R4/codesystem-concept-map-equivalence.html#null"/></td><td>http://fhir.ch/ig/ch-elm/ValueSet/ch-elm-interpretation-codes-pos</td></tr><tr><td>85478-6 (Influenza virus B RNA [Presence] in Upper respiratory specimen by NAA with probe detection)</td><td><a href="http://hl7.org/fhir/R4/codesystem-concept-map-equivalence.html#null"/></td><td>http://fhir.ch/ig/ch-elm/ValueSet/ch-elm-interpretation-codes-pos</td></tr><tr><td>85827-4 (Carbapenem resistance bla OXA-48-like gene [Presence] by Molecular method)</td><td><a href="http://hl7.org/fhir/R4/codesystem-concept-map-equivalence.html#null"/></td><td>http://fhir.ch/ig/ch-elm/ValueSet/ch-elm-interpretation-codes-pos</td></tr><tr><td>88224-1 (Neisseria gonorrhoeae DNA [Presence] in Anorectal by NAA with probe detection)</td><td><a href="http://hl7.org/fhir/R4/codesystem-concept-map-equivalence.html#null"/></td><td>http://fhir.ch/ig/ch-elm/ValueSet/ch-elm-interpretation-codes-pos</td></tr><tr><td>88225-8 (Neisseria gonorrhoeae DNA [Presence] in Throat by NAA with probe detection)</td><td><a href="http://hl7.org/fhir/R4/codesystem-concept-map-equivalence.html#null"/></td><td>http://fhir.ch/ig/ch-elm/ValueSet/ch-elm-interpretation-codes-pos</td></tr><tr><td>88592-1 (Influenza virus B RNA [Presence] in Lower respiratory specimen by NAA with probe detection)</td><td><a href="http://hl7.org/fhir/R4/codesystem-concept-map-equivalence.html#null"/></td><td>http://fhir.ch/ig/ch-elm/ValueSet/ch-elm-interpretation-codes-pos</td></tr><tr><td>88599-6 (Influenza virus A RNA [Presence] in Lower respiratory specimen by NAA with probe detection)</td><td><a href="http://hl7.org/fhir/R4/codesystem-concept-map-equivalence.html#null"/></td><td>http://fhir.ch/ig/ch-elm/ValueSet/ch-elm-interpretation-codes-pos</td></tr><tr><td>92141-1 (Influenza virus B RNA [Presence] in Respiratory system specimen by NAA with probe detection)</td><td><a href="http://hl7.org/fhir/R4/codesystem-concept-map-equivalence.html#null"/></td><td>http://fhir.ch/ig/ch-elm/ValueSet/ch-elm-interpretation-codes-pos</td></tr><tr><td>92142-9 (Influenza virus A RNA [Presence] in Respiratory system specimen by NAA with probe detection)</td><td><a href="http://hl7.org/fhir/R4/codesystem-concept-map-equivalence.html#null"/></td><td>http://fhir.ch/ig/ch-elm/ValueSet/ch-elm-interpretation-codes-pos</td></tr><tr><td>92808-5 (Influenza virus A H3 RNA [Presence] in Upper respiratory specimen by NAA with probe detection)</td><td><a href="http://hl7.org/fhir/R4/codesystem-concept-map-equivalence.html#null"/></td><td>http://fhir.ch/ig/ch-elm/ValueSet/ch-elm-interpretation-codes-pos</td></tr><tr><td>92809-3 (Influenza virus A H1 RNA [Presence] in Upper respiratory specimen by NAA with probe detection)</td><td><a href="http://hl7.org/fhir/R4/codesystem-concept-map-equivalence.html#null"/></td><td>http://fhir.ch/ig/ch-elm/ValueSet/ch-elm-interpretation-codes-pos</td></tr><tr><td>94309-2 (SARS-CoV-2 (COVID-19) RNA [Presence] in Specimen by NAA with probe detection)</td><td><a href="http://hl7.org/fhir/R4/codesystem-concept-map-equivalence.html#null"/></td><td>http://fhir.ch/ig/ch-elm/ValueSet/ch-elm-interpretation-codes-pos-neg</td></tr><tr><td>94394-4 (Influenza virus A H3 RNA [Presence] in Lower respiratory specimen by NAA with probe detection)</td><td><a href="http://hl7.org/fhir/R4/codesystem-concept-map-equivalence.html#null"/></td><td>http://fhir.ch/ig/ch-elm/ValueSet/ch-elm-interpretation-codes-pos</td></tr><tr><td>94395-1 (Influenza virus A H1 2009 pandemic RNA [Presence] in Lower respiratory specimen by NAA with probe detection)</td><td><a href="http://hl7.org/fhir/R4/codesystem-concept-map-equivalence.html#null"/></td><td>http://fhir.ch/ig/ch-elm/ValueSet/ch-elm-interpretation-codes-pos</td></tr><tr><td>94396-9 (Influenza virus A H1 RNA [Presence] in Lower respiratory specimen by NAA with probe detection)</td><td><a href="http://hl7.org/fhir/R4/codesystem-concept-map-equivalence.html#null"/></td><td>http://fhir.ch/ig/ch-elm/ValueSet/ch-elm-interpretation-codes-pos</td></tr><tr><td>94500-6 (SARS-CoV-2 (COVID-19) RNA [Presence] in Respiratory system specimen by NAA with probe detection)</td><td><a href="http://hl7.org/fhir/R4/codesystem-concept-map-equivalence.html#null"/></td><td>http://fhir.ch/ig/ch-elm/ValueSet/ch-elm-interpretation-codes-pos-neg</td></tr><tr><td>94759-8 (SARS-CoV-2 (COVID-19) RNA [Presence] in Nasopharynx by NAA with probe detection)</td><td><a href="http://hl7.org/fhir/R4/codesystem-concept-map-equivalence.html#null"/></td><td>http://fhir.ch/ig/ch-elm/ValueSet/ch-elm-interpretation-codes-pos-neg</td></tr><tr><td>94845-5 (SARS-CoV-2 (COVID-19) RNA [Presence] in Saliva (oral fluid) by NAA with probe detection)</td><td><a href="http://hl7.org/fhir/R4/codesystem-concept-map-equivalence.html#null"/></td><td>http://fhir.ch/ig/ch-elm/ValueSet/ch-elm-interpretation-codes-pos-neg</td></tr><tr><td>95406-5 (SARS-CoV-2 (COVID-19) RNA [Presence] in Nose by NAA with probe detection)</td><td><a href="http://hl7.org/fhir/R4/codesystem-concept-map-equivalence.html#null"/></td><td>http://fhir.ch/ig/ch-elm/ValueSet/ch-elm-interpretation-codes-pos-neg</td></tr><tr><td>96599-6 (Neisseria gonorrhoeae DNA [Presence] in Cervix by NAA with probe detection)</td><td><a href="http://hl7.org/fhir/R4/codesystem-concept-map-equivalence.html#null"/></td><td>http://fhir.ch/ig/ch-elm/ValueSet/ch-elm-interpretation-codes-pos</td></tr><tr><td>96797-6 (SARS-CoV-2 (COVID-19) RNA [Presence] in Oropharyngeal wash by NAA with probe detection)</td><td><a href="http://hl7.org/fhir/R4/codesystem-concept-map-equivalence.html#null"/></td><td>http://fhir.ch/ig/ch-elm/ValueSet/ch-elm-interpretation-codes-pos-neg</td></tr><tr><td>97513-6 (Campylobacter sp [Presence] in Specimen by Organism specific culture)</td><td><a href="http://hl7.org/fhir/R4/codesystem-concept-map-equivalence.html#null"/></td><td>http://fhir.ch/ig/ch-elm/ValueSet/ch-elm-interpretation-codes-pos</td></tr></table><hr/><p><b>Group 2</b>Mapping from <a href="http://hl7.org/fhir/R4/codesystem-snomedct.html">SNOMED CT (all versions)</a> to <a href="CodeSystem-ch-elm-interpretation-codes-vs.html">CH ELM Interpretation Codes Vs</a></p><table class="grid"><tr><td><b>Source Code</b></td><td><b>Relationship</b></td><td><b>Target Code</b></td></tr><tr><td>72904005 (Treponema pallidum (organism))</td><td><a href="http://hl7.org/fhir/R4/codesystem-concept-map-equivalence.html#null"/></td><td>http://fhir.ch/ig/ch-elm/ValueSet/ch-elm-interpretation-codes-pos</td></tr></table></div></text><url value="http://fhir.ch/ig/ch-elm/ConceptMap/ch-elm-results-to-interpretation-code"/><version value="1.2.0"/><name value="ChElmResultsToInterpretationCode"/><title value="CH ELM Results To Interpretation Code"/><status value="active"/><experimental value="false"/><date value="2024-03-28T10:14:11+01:00"/><publisher value="Federal Office of Public Health FOPH"/><contact><name value="Federal Office of Public Health FOPH"/><telecom><system value="url"/><value value="https://www.bag.admin.ch/bag/en/home/das-bag/kontakt-standort.html"/></telecom></contact><description value="This CH ELM concept map specifies the interpretation codes for each leading code. E.g. if positive, positive and negative or resistant-susceptible values are allowed"/><jurisdiction><coding><system value="urn:iso:std:iso:3166"/><code value="CHE"/></coding></jurisdiction><copyright value="CC0-1.0"/><sourceCanonical value="http://fhir.ch/ig/ch-elm/ValueSet/ch-elm-results-laboratory-observation"/><targetCanonical value="http://fhir.ch/ig/ch-elm/ValueSet/ch-elm-interpretation-codes-vs"/><group><source value="http://loinc.org"/><target value="http://fhir.ch/ig/ch-elm/CodeSystem/ch-elm-interpretation-codes-vs"/><element><code value="100911-7"/><display value="Campylobacter sp [Presence] in Stool by Organism specific culture"/><target><modifierExtension url="http://hl7.org/fhir/1.0/StructureDefinition/extension-ConceptMap.element.target.equivalence"><valueCode value="relatedto"/></modifierExtension><code value="http://fhir.ch/ig/ch-elm/ValueSet/ch-elm-interpretation-codes-pos"/><equivalence value="relatedto"/></target></element><element><code value="101423-2"/><display value="Influenza virus A H1 RNA [Presence] in Respiratory system specimen by NAA with probe detection"/><target><modifierExtension url="http://hl7.org/fhir/1.0/StructureDefinition/extension-ConceptMap.element.target.equivalence"><valueCode value="relatedto"/></modifierExtension><code value="http://fhir.ch/ig/ch-elm/ValueSet/ch-elm-interpretation-codes-pos"/><equivalence value="relatedto"/></target></element><element><code value="101424-0"/><display value="Influenza virus A H3 RNA [Presence] in Respiratory system specimen by NAA with probe detection"/><target><modifierExtension url="http://hl7.org/fhir/1.0/StructureDefinition/extension-ConceptMap.element.target.equivalence"><valueCode value="relatedto"/></modifierExtension><code value="http://fhir.ch/ig/ch-elm/ValueSet/ch-elm-interpretation-codes-pos"/><equivalence value="relatedto"/></target></element><element><code value="101552-8"/><display value="Campylobacter coli DNA [Presence] in Stool by NAA with probe detection"/><target><modifierExtension url="http://hl7.org/fhir/1.0/StructureDefinition/extension-ConceptMap.element.target.equivalence"><valueCode value="relatedto"/></modifierExtension><code value="http://fhir.ch/ig/ch-elm/ValueSet/ch-elm-interpretation-codes-pos"/><equivalence value="relatedto"/></target></element><element><code value="101554-4"/><display value="Campylobacter jejuni DNA [Presence] in Stool by NAA with probe detection"/><target><modifierExtension url="http://hl7.org/fhir/1.0/StructureDefinition/extension-ConceptMap.element.target.equivalence"><valueCode value="relatedto"/></modifierExtension><code value="http://fhir.ch/ig/ch-elm/ValueSet/ch-elm-interpretation-codes-pos"/><equivalence value="relatedto"/></target></element><element><code value="101555-1"/><display value="Campylobacter upsaliensis DNA [Presence] in Stool by NAA with probe detection"/><target><modifierExtension url="http://hl7.org/fhir/1.0/StructureDefinition/extension-ConceptMap.element.target.equivalence"><valueCode value="relatedto"/></modifierExtension><code value="http://fhir.ch/ig/ch-elm/ValueSet/ch-elm-interpretation-codes-pos"/><equivalence value="relatedto"/></target></element><element><code value="103168-1"/><display value="Campylobacter coli+jejuni DNA [Presence] in Wound by NAA with probe detection"/><target><modifierExtension url="http://hl7.org/fhir/1.0/StructureDefinition/extension-ConceptMap.element.target.equivalence"><valueCode value="relatedto"/></modifierExtension><code value="http://fhir.ch/ig/ch-elm/ValueSet/ch-elm-interpretation-codes-pos"/><equivalence value="relatedto"/></target></element><element><code value="14127-5"/><display value="Neisseria gonorrhoeae [Presence] in Anal by Organism specific culture"/><target><modifierExtension url="http://hl7.org/fhir/1.0/StructureDefinition/extension-ConceptMap.element.target.equivalence"><valueCode value="relatedto"/></modifierExtension><code value="http://fhir.ch/ig/ch-elm/ValueSet/ch-elm-interpretation-codes-pos"/><equivalence value="relatedto"/></target></element><element><code value="14463-4"/><display value="Chlamydia trachomatis [Presence] in Cervix by Organism specific culture"/><target><modifierExtension url="http://hl7.org/fhir/1.0/StructureDefinition/extension-ConceptMap.element.target.equivalence"><valueCode value="relatedto"/></modifierExtension><code value="http://fhir.ch/ig/ch-elm/ValueSet/ch-elm-interpretation-codes-pos"/><equivalence value="relatedto"/></target></element><element><code value="14464-2"/><display value="Chlamydia trachomatis [Presence] in Vaginal fluid by Organism specific culture"/><target><modifierExtension url="http://hl7.org/fhir/1.0/StructureDefinition/extension-ConceptMap.element.target.equivalence"><valueCode value="relatedto"/></modifierExtension><code value="http://fhir.ch/ig/ch-elm/ValueSet/ch-elm-interpretation-codes-pos"/><equivalence value="relatedto"/></target></element><element><code value="14465-9"/><display value="Chlamydia trachomatis [Presence] in Urethra by Organism specific culture"/><target><modifierExtension url="http://hl7.org/fhir/1.0/StructureDefinition/extension-ConceptMap.element.target.equivalence"><valueCode value="relatedto"/></modifierExtension><code value="http://fhir.ch/ig/ch-elm/ValueSet/ch-elm-interpretation-codes-pos"/><equivalence value="relatedto"/></target></element><element><code value="16600-9"/><display value="Chlamydia trachomatis rRNA [Presence] in Genital specimen by Probe"/><target><modifierExtension url="http://hl7.org/fhir/1.0/StructureDefinition/extension-ConceptMap.element.target.equivalence"><valueCode value="relatedto"/></modifierExtension><code value="http://fhir.ch/ig/ch-elm/ValueSet/ch-elm-interpretation-codes-pos"/><equivalence value="relatedto"/></target></element><element><code value="21190-4"/><display value="Chlamydia trachomatis DNA [Presence] in Cervix by NAA with probe detection"/><target><modifierExtension url="http://hl7.org/fhir/1.0/StructureDefinition/extension-ConceptMap.element.target.equivalence"><valueCode value="relatedto"/></modifierExtension><code value="http://fhir.ch/ig/ch-elm/ValueSet/ch-elm-interpretation-codes-pos"/><equivalence value="relatedto"/></target></element><element><code value="21191-2"/><display value="Chlamydia trachomatis DNA [Presence] in Urethra by NAA with probe detection"/><target><modifierExtension url="http://hl7.org/fhir/1.0/StructureDefinition/extension-ConceptMap.element.target.equivalence"><valueCode value="relatedto"/></modifierExtension><code value="http://fhir.ch/ig/ch-elm/ValueSet/ch-elm-interpretation-codes-pos"/><equivalence value="relatedto"/></target></element><element><code value="21415-5"/><display value="Neisseria gonorrhoeae DNA [Presence] in Urethra by NAA with probe detection"/><target><modifierExtension url="http://hl7.org/fhir/1.0/StructureDefinition/extension-ConceptMap.element.target.equivalence"><valueCode value="relatedto"/></modifierExtension><code value="http://fhir.ch/ig/ch-elm/ValueSet/ch-elm-interpretation-codes-pos"/><equivalence value="relatedto"/></target></element><element><code value="21416-3"/><display value="Neisseria gonorrhoeae DNA [Presence] in Urine by NAA with probe detection"/><target><modifierExtension url="http://hl7.org/fhir/1.0/StructureDefinition/extension-ConceptMap.element.target.equivalence"><valueCode value="relatedto"/></modifierExtension><code value="http://fhir.ch/ig/ch-elm/ValueSet/ch-elm-interpretation-codes-pos"/><equivalence value="relatedto"/></target></element><element><code value="21613-5"/><display value="Chlamydia trachomatis DNA [Presence] in Specimen by NAA with probe detection"/><target><modifierExtension url="http://hl7.org/fhir/1.0/StructureDefinition/extension-ConceptMap.element.target.equivalence"><valueCode value="relatedto"/></modifierExtension><code value="http://fhir.ch/ig/ch-elm/ValueSet/ch-elm-interpretation-codes-pos"/><equivalence value="relatedto"/></target></element><element><code value="23838-6"/><display value="Chlamydia trachomatis rRNA [Presence] in Genital fluid by Probe"/><target><modifierExtension url="http://hl7.org/fhir/1.0/StructureDefinition/extension-ConceptMap.element.target.equivalence"><valueCode value="relatedto"/></modifierExtension><code value="http://fhir.ch/ig/ch-elm/ValueSet/ch-elm-interpretation-codes-pos"/><equivalence value="relatedto"/></target></element><element><code value="24111-7"/><display value="Neisseria gonorrhoeae DNA [Presence] in Specimen by NAA with probe detection"/><target><modifierExtension url="http://hl7.org/fhir/1.0/StructureDefinition/extension-ConceptMap.element.target.equivalence"><valueCode value="relatedto"/></modifierExtension><code value="http://fhir.ch/ig/ch-elm/ValueSet/ch-elm-interpretation-codes-pos"/><equivalence value="relatedto"/></target></element><element><code value="31777-6"/><display value="Chlamydia trachomatis Ag [Presence] in Specimen"/><target><modifierExtension url="http://hl7.org/fhir/1.0/StructureDefinition/extension-ConceptMap.element.target.equivalence"><valueCode value="relatedto"/></modifierExtension><code value="http://fhir.ch/ig/ch-elm/ValueSet/ch-elm-interpretation-codes-pos"/><equivalence value="relatedto"/></target></element><element><code value="31859-2"/><display value="Influenza virus A Ag [Presence] in Specimen"/><target><modifierExtension url="http://hl7.org/fhir/1.0/StructureDefinition/extension-ConceptMap.element.target.equivalence"><valueCode value="relatedto"/></modifierExtension><code value="http://fhir.ch/ig/ch-elm/ValueSet/ch-elm-interpretation-codes-pos"/><equivalence value="relatedto"/></target></element><element><code value="31864-2"/><display value="Influenza virus B Ag [Presence] in Specimen"/><target><modifierExtension url="http://hl7.org/fhir/1.0/StructureDefinition/extension-ConceptMap.element.target.equivalence"><valueCode value="relatedto"/></modifierExtension><code value="http://fhir.ch/ig/ch-elm/ValueSet/ch-elm-interpretation-codes-pos"/><equivalence value="relatedto"/></target></element><element><code value="32705-6"/><display value="Neisseria gonorrhoeae DNA [Presence] in Vaginal fluid by NAA with probe detection"/><target><modifierExtension url="http://hl7.org/fhir/1.0/StructureDefinition/extension-ConceptMap.element.target.equivalence"><valueCode value="relatedto"/></modifierExtension><code value="http://fhir.ch/ig/ch-elm/ValueSet/ch-elm-interpretation-codes-pos"/><equivalence value="relatedto"/></target></element><element><code value="34487-9"/><display value="Influenza virus A RNA [Presence] in Specimen by NAA with probe detection"/><target><modifierExtension url="http://hl7.org/fhir/1.0/StructureDefinition/extension-ConceptMap.element.target.equivalence"><valueCode value="relatedto"/></modifierExtension><code value="http://fhir.ch/ig/ch-elm/ValueSet/ch-elm-interpretation-codes-pos"/><equivalence value="relatedto"/></target></element><element><code value="38382-8"/><display value="Influenza virus B [Presence] in Specimen by Organism specific culture"/><target><modifierExtension url="http://hl7.org/fhir/1.0/StructureDefinition/extension-ConceptMap.element.target.equivalence"><valueCode value="relatedto"/></modifierExtension><code value="http://fhir.ch/ig/ch-elm/ValueSet/ch-elm-interpretation-codes-pos"/><equivalence value="relatedto"/></target></element><element><code value="40982-1"/><display value="Influenza virus B RNA [Presence] in Specimen by NAA with probe detection"/><target><modifierExtension url="http://hl7.org/fhir/1.0/StructureDefinition/extension-ConceptMap.element.target.equivalence"><valueCode value="relatedto"/></modifierExtension><code value="http://fhir.ch/ig/ch-elm/ValueSet/ch-elm-interpretation-codes-pos"/><equivalence value="relatedto"/></target></element><element><code value="42931-6"/><display value="Chlamydia trachomatis rRNA [Presence] in Urine by NAA with probe detection"/><target><modifierExtension url="http://hl7.org/fhir/1.0/StructureDefinition/extension-ConceptMap.element.target.equivalence"><valueCode value="relatedto"/></modifierExtension><code value="http://fhir.ch/ig/ch-elm/ValueSet/ch-elm-interpretation-codes-pos"/><equivalence value="relatedto"/></target></element><element><code value="43304-5"/><display value="Chlamydia trachomatis rRNA [Presence] in Specimen by NAA with probe detection"/><target><modifierExtension url="http://hl7.org/fhir/1.0/StructureDefinition/extension-ConceptMap.element.target.equivalence"><valueCode value="relatedto"/></modifierExtension><code value="http://fhir.ch/ig/ch-elm/ValueSet/ch-elm-interpretation-codes-pos"/><equivalence value="relatedto"/></target></element><element><code value="43305-2"/><display value="Neisseria gonorrhoeae rRNA [Presence] in Specimen by NAA with probe detection"/><target><modifierExtension url="http://hl7.org/fhir/1.0/StructureDefinition/extension-ConceptMap.element.target.equivalence"><valueCode value="relatedto"/></modifierExtension><code value="http://fhir.ch/ig/ch-elm/ValueSet/ch-elm-interpretation-codes-pos"/><equivalence value="relatedto"/></target></element><element><code value="45084-1"/><display value="Chlamydia trachomatis DNA [Presence] in Vaginal fluid by NAA with probe detection"/><target><modifierExtension url="http://hl7.org/fhir/1.0/StructureDefinition/extension-ConceptMap.element.target.equivalence"><valueCode value="relatedto"/></modifierExtension><code value="http://fhir.ch/ig/ch-elm/ValueSet/ch-elm-interpretation-codes-pos"/><equivalence value="relatedto"/></target></element><element><code value="45090-8"/><display value="Chlamydia trachomatis DNA [Presence] in Anal by NAA with probe detection"/><target><modifierExtension url="http://hl7.org/fhir/1.0/StructureDefinition/extension-ConceptMap.element.target.equivalence"><valueCode value="relatedto"/></modifierExtension><code value="http://fhir.ch/ig/ch-elm/ValueSet/ch-elm-interpretation-codes-pos"/><equivalence value="relatedto"/></target></element><element><code value="45093-2"/><display value="Chlamydia trachomatis [Presence] in Anal by Organism specific culture"/><target><modifierExtension url="http://hl7.org/fhir/1.0/StructureDefinition/extension-ConceptMap.element.target.equivalence"><valueCode value="relatedto"/></modifierExtension><code value="http://fhir.ch/ig/ch-elm/ValueSet/ch-elm-interpretation-codes-pos"/><equivalence value="relatedto"/></target></element><element><code value="45095-7"/><display value="Chlamydia trachomatis [Presence] in Genital specimen by Organism specific culture"/><target><modifierExtension url="http://hl7.org/fhir/1.0/StructureDefinition/extension-ConceptMap.element.target.equivalence"><valueCode value="relatedto"/></modifierExtension><code value="http://fhir.ch/ig/ch-elm/ValueSet/ch-elm-interpretation-codes-pos"/><equivalence value="relatedto"/></target></element><element><code value="47387-6"/><display value="Neisseria gonorrhoeae DNA [Presence] in Genital specimen by NAA with probe detection"/><target><modifierExtension url="http://hl7.org/fhir/1.0/StructureDefinition/extension-ConceptMap.element.target.equivalence"><valueCode value="relatedto"/></modifierExtension><code value="http://fhir.ch/ig/ch-elm/ValueSet/ch-elm-interpretation-codes-pos"/><equivalence value="relatedto"/></target></element><element><code value="48310-7"/><display value="Influenza virus A [Presence] in Specimen by Organism specific culture"/><target><modifierExtension url="http://hl7.org/fhir/1.0/StructureDefinition/extension-ConceptMap.element.target.equivalence"><valueCode value="relatedto"/></modifierExtension><code value="http://fhir.ch/ig/ch-elm/ValueSet/ch-elm-interpretation-codes-pos"/><equivalence value="relatedto"/></target></element><element><code value="49521-8"/><display value="Influenza virus A H1 RNA [Presence] in Specimen by NAA with probe detection"/><target><modifierExtension url="http://hl7.org/fhir/1.0/StructureDefinition/extension-ConceptMap.element.target.equivalence"><valueCode value="relatedto"/></modifierExtension><code value="http://fhir.ch/ig/ch-elm/ValueSet/ch-elm-interpretation-codes-pos"/><equivalence value="relatedto"/></target></element><element><code value="49524-2"/><display value="Influenza virus A H3 RNA [Presence] in Specimen by NAA with probe detection"/><target><modifierExtension url="http://hl7.org/fhir/1.0/StructureDefinition/extension-ConceptMap.element.target.equivalence"><valueCode value="relatedto"/></modifierExtension><code value="http://fhir.ch/ig/ch-elm/ValueSet/ch-elm-interpretation-codes-pos"/><equivalence value="relatedto"/></target></element><element><code value="49614-1"/><display value="Campylobacter sp DNA [Identifier] in Specimen by NAA with probe detection"/><target><modifierExtension url="http://hl7.org/fhir/1.0/StructureDefinition/extension-ConceptMap.element.target.equivalence"><valueCode value="relatedto"/></modifierExtension><code value="http://fhir.ch/ig/ch-elm/ValueSet/ch-elm-interpretation-codes-pos"/><equivalence value="relatedto"/></target></element><element><code value="4992-4"/><display value="Campylobacter sp rRNA [Presence] in Specimen by Probe"/><target><modifierExtension url="http://hl7.org/fhir/1.0/StructureDefinition/extension-ConceptMap.element.target.equivalence"><valueCode value="relatedto"/></modifierExtension><code value="http://fhir.ch/ig/ch-elm/ValueSet/ch-elm-interpretation-codes-pos"/><equivalence value="relatedto"/></target></element><element><code value="50387-0"/><display value="Chlamydia trachomatis rRNA [Presence] in Cervix by NAA with probe detection"/><target><modifierExtension url="http://hl7.org/fhir/1.0/StructureDefinition/extension-ConceptMap.element.target.equivalence"><valueCode value="relatedto"/></modifierExtension><code value="http://fhir.ch/ig/ch-elm/ValueSet/ch-elm-interpretation-codes-pos"/><equivalence value="relatedto"/></target></element><element><code value="50388-8"/><display value="Neisseria gonorrhoeae rRNA [Presence] in Cervix by NAA with probe detection"/><target><modifierExtension url="http://hl7.org/fhir/1.0/StructureDefinition/extension-ConceptMap.element.target.equivalence"><valueCode value="relatedto"/></modifierExtension><code value="http://fhir.ch/ig/ch-elm/ValueSet/ch-elm-interpretation-codes-pos"/><equivalence value="relatedto"/></target></element><element><code value="51578-3"/><display value="Chlamydia trachomatis DNA [Presence] in Semen by NAA with probe detection"/><target><modifierExtension url="http://hl7.org/fhir/1.0/StructureDefinition/extension-ConceptMap.element.target.equivalence"><valueCode value="relatedto"/></modifierExtension><code value="http://fhir.ch/ig/ch-elm/ValueSet/ch-elm-interpretation-codes-pos"/><equivalence value="relatedto"/></target></element><element><code value="53879-3"/><display value="Neisseria gonorrhoeae rRNA [Presence] in Vaginal fluid by NAA with probe detection"/><target><modifierExtension url="http://hl7.org/fhir/1.0/StructureDefinition/extension-ConceptMap.element.target.equivalence"><valueCode value="relatedto"/></modifierExtension><code value="http://fhir.ch/ig/ch-elm/ValueSet/ch-elm-interpretation-codes-pos"/><equivalence value="relatedto"/></target></element><element><code value="53925-4"/><display value="Chlamydia trachomatis rRNA [Presence] in Urethra by NAA with probe detection"/><target><modifierExtension url="http://hl7.org/fhir/1.0/StructureDefinition/extension-ConceptMap.element.target.equivalence"><valueCode value="relatedto"/></modifierExtension><code value="http://fhir.ch/ig/ch-elm/ValueSet/ch-elm-interpretation-codes-pos"/><equivalence value="relatedto"/></target></element><element><code value="53926-2"/><display value="Chlamydia trachomatis rRNA [Presence] in Vaginal fluid by NAA with probe detection"/><target><modifierExtension url="http://hl7.org/fhir/1.0/StructureDefinition/extension-ConceptMap.element.target.equivalence"><valueCode value="relatedto"/></modifierExtension><code value="http://fhir.ch/ig/ch-elm/ValueSet/ch-elm-interpretation-codes-pos"/><equivalence value="relatedto"/></target></element><element><code value="53927-0"/><display value="Neisseria gonorrhoeae rRNA [Presence] in Urethra by NAA with probe detection"/><target><modifierExtension url="http://hl7.org/fhir/1.0/StructureDefinition/extension-ConceptMap.element.target.equivalence"><valueCode value="relatedto"/></modifierExtension><code value="http://fhir.ch/ig/ch-elm/ValueSet/ch-elm-interpretation-codes-pos"/><equivalence value="relatedto"/></target></element><element><code value="55465-9"/><display value="Influenza virus A H1 2009 pandemic RNA [Presence] in Specimen by NAA with probe detection"/><target><modifierExtension url="http://hl7.org/fhir/1.0/StructureDefinition/extension-ConceptMap.element.target.equivalence"><valueCode value="relatedto"/></modifierExtension><code value="http://fhir.ch/ig/ch-elm/ValueSet/ch-elm-interpretation-codes-pos"/><equivalence value="relatedto"/></target></element><element><code value="57287-5"/><display value="Chlamydia trachomatis rRNA [Presence] in Anal by NAA with probe detection"/><target><modifierExtension url="http://hl7.org/fhir/1.0/StructureDefinition/extension-ConceptMap.element.target.equivalence"><valueCode value="relatedto"/></modifierExtension><code value="http://fhir.ch/ig/ch-elm/ValueSet/ch-elm-interpretation-codes-pos"/><equivalence value="relatedto"/></target></element><element><code value="57458-2"/><display value="Neisseria gonorrhoeae rRNA [Presence] in Anal by NAA with probe detection"/><target><modifierExtension url="http://hl7.org/fhir/1.0/StructureDefinition/extension-ConceptMap.element.target.equivalence"><valueCode value="relatedto"/></modifierExtension><code value="http://fhir.ch/ig/ch-elm/ValueSet/ch-elm-interpretation-codes-pos"/><equivalence value="relatedto"/></target></element><element><code value="60255-7"/><display value="Neisseria gonorrhoeae rRNA [Presence] in Throat by NAA with probe detection"/><target><modifierExtension url="http://hl7.org/fhir/1.0/StructureDefinition/extension-ConceptMap.element.target.equivalence"><valueCode value="relatedto"/></modifierExtension><code value="http://fhir.ch/ig/ch-elm/ValueSet/ch-elm-interpretation-codes-pos"/><equivalence value="relatedto"/></target></element><element><code value="60256-5"/><display value="Neisseria gonorrhoeae rRNA [Presence] in Urine by NAA with probe detection"/><target><modifierExtension url="http://hl7.org/fhir/1.0/StructureDefinition/extension-ConceptMap.element.target.equivalence"><valueCode value="relatedto"/></modifierExtension><code value="http://fhir.ch/ig/ch-elm/ValueSet/ch-elm-interpretation-codes-pos"/><equivalence value="relatedto"/></target></element><element><code value="61368-7"/><display value="Campylobacter jejuni DNA [Presence] in Specimen by NAA with probe detection"/><target><modifierExtension url="http://hl7.org/fhir/1.0/StructureDefinition/extension-ConceptMap.element.target.equivalence"><valueCode value="relatedto"/></modifierExtension><code value="http://fhir.ch/ig/ch-elm/ValueSet/ch-elm-interpretation-codes-pos"/><equivalence value="relatedto"/></target></element><element><code value="6329-7"/><display value="Campylobacter coli rRNA [Presence] in Specimen by Probe"/><target><modifierExtension url="http://hl7.org/fhir/1.0/StructureDefinition/extension-ConceptMap.element.target.equivalence"><valueCode value="relatedto"/></modifierExtension><code value="http://fhir.ch/ig/ch-elm/ValueSet/ch-elm-interpretation-codes-pos"/><equivalence value="relatedto"/></target></element><element><code value="6333-9"/><display value="Campylobacter jejuni rRNA [Presence] in Specimen by Probe"/><target><modifierExtension url="http://hl7.org/fhir/1.0/StructureDefinition/extension-ConceptMap.element.target.equivalence"><valueCode value="relatedto"/></modifierExtension><code value="http://fhir.ch/ig/ch-elm/ValueSet/ch-elm-interpretation-codes-pos"/><equivalence value="relatedto"/></target></element><element><code value="6334-7"/><display value="Campylobacter lari rRNA [Presence] in Specimen by Probe"/><target><modifierExtension url="http://hl7.org/fhir/1.0/StructureDefinition/extension-ConceptMap.element.target.equivalence"><valueCode value="relatedto"/></modifierExtension><code value="http://fhir.ch/ig/ch-elm/ValueSet/ch-elm-interpretation-codes-pos"/><equivalence value="relatedto"/></target></element><element><code value="6349-5"/><display value="Chlamydia trachomatis [Presence] in Specimen by Organism specific culture"/><target><modifierExtension url="http://hl7.org/fhir/1.0/StructureDefinition/extension-ConceptMap.element.target.equivalence"><valueCode value="relatedto"/></modifierExtension><code value="http://fhir.ch/ig/ch-elm/ValueSet/ch-elm-interpretation-codes-pos"/><equivalence value="relatedto"/></target></element><element><code value="6356-0"/><display value="Chlamydia trachomatis DNA [Presence] in Genital specimen by NAA with probe detection"/><target><modifierExtension url="http://hl7.org/fhir/1.0/StructureDefinition/extension-ConceptMap.element.target.equivalence"><valueCode value="relatedto"/></modifierExtension><code value="http://fhir.ch/ig/ch-elm/ValueSet/ch-elm-interpretation-codes-pos"/><equivalence value="relatedto"/></target></element><element><code value="6357-8"/><display value="Chlamydia trachomatis DNA [Presence] in Urine by NAA with probe detection"/><target><modifierExtension url="http://hl7.org/fhir/1.0/StructureDefinition/extension-ConceptMap.element.target.equivalence"><valueCode value="relatedto"/></modifierExtension><code value="http://fhir.ch/ig/ch-elm/ValueSet/ch-elm-interpretation-codes-pos"/><equivalence value="relatedto"/></target></element><element><code value="688-2"/><display value="Neisseria gonorrhoeae [Presence] in Cervix by Organism specific culture"/><target><modifierExtension url="http://hl7.org/fhir/1.0/StructureDefinition/extension-ConceptMap.element.target.equivalence"><valueCode value="relatedto"/></modifierExtension><code value="http://fhir.ch/ig/ch-elm/ValueSet/ch-elm-interpretation-codes-pos"/><equivalence value="relatedto"/></target></element><element><code value="691-6"/><display value="Neisseria gonorrhoeae [Presence] in Genital specimen by Organism specific culture"/><target><modifierExtension url="http://hl7.org/fhir/1.0/StructureDefinition/extension-ConceptMap.element.target.equivalence"><valueCode value="relatedto"/></modifierExtension><code value="http://fhir.ch/ig/ch-elm/ValueSet/ch-elm-interpretation-codes-pos"/><equivalence value="relatedto"/></target></element><element><code value="693-2"/><display value="Neisseria gonorrhoeae [Presence] in Vaginal fluid by Organism specific culture"/><target><modifierExtension url="http://hl7.org/fhir/1.0/StructureDefinition/extension-ConceptMap.element.target.equivalence"><valueCode value="relatedto"/></modifierExtension><code value="http://fhir.ch/ig/ch-elm/ValueSet/ch-elm-interpretation-codes-pos"/><equivalence value="relatedto"/></target></element><element><code value="694-0"/><display value="Neisseria gonorrhoeae [Presence] in Semen by Organism specific culture"/><target><modifierExtension url="http://hl7.org/fhir/1.0/StructureDefinition/extension-ConceptMap.element.target.equivalence"><valueCode value="relatedto"/></modifierExtension><code value="http://fhir.ch/ig/ch-elm/ValueSet/ch-elm-interpretation-codes-pos"/><equivalence value="relatedto"/></target></element><element><code value="696-5"/><display value="Neisseria gonorrhoeae [Presence] in Throat by Organism specific culture"/><target><modifierExtension url="http://hl7.org/fhir/1.0/StructureDefinition/extension-ConceptMap.element.target.equivalence"><valueCode value="relatedto"/></modifierExtension><code value="http://fhir.ch/ig/ch-elm/ValueSet/ch-elm-interpretation-codes-pos"/><equivalence value="relatedto"/></target></element><element><code value="697-3"/><display value="Neisseria gonorrhoeae [Presence] in Urethra by Organism specific culture"/><target><modifierExtension url="http://hl7.org/fhir/1.0/StructureDefinition/extension-ConceptMap.element.target.equivalence"><valueCode value="relatedto"/></modifierExtension><code value="http://fhir.ch/ig/ch-elm/ValueSet/ch-elm-interpretation-codes-pos"/><equivalence value="relatedto"/></target></element><element><code value="698-1"/><display value="Neisseria gonorrhoeae [Presence] in Specimen by Organism specific culture"/><target><modifierExtension url="http://hl7.org/fhir/1.0/StructureDefinition/extension-ConceptMap.element.target.equivalence"><valueCode value="relatedto"/></modifierExtension><code value="http://fhir.ch/ig/ch-elm/ValueSet/ch-elm-interpretation-codes-pos"/><equivalence value="relatedto"/></target></element><element><code value="71429-5"/><display value="Campylobacter sp DNA.diarrheagenic [Presence] in Stool by NAA with probe detection"/><target><modifierExtension url="http://hl7.org/fhir/1.0/StructureDefinition/extension-ConceptMap.element.target.equivalence"><valueCode value="relatedto"/></modifierExtension><code value="http://fhir.ch/ig/ch-elm/ValueSet/ch-elm-interpretation-codes-pos"/><equivalence value="relatedto"/></target></element><element><code value="74785-7"/><display value="Influenza virus B Victoria lineage RNA [Presence] in Specimen by NAA with probe detection"/><target><modifierExtension url="http://hl7.org/fhir/1.0/StructureDefinition/extension-ConceptMap.element.target.equivalence"><valueCode value="relatedto"/></modifierExtension><code value="http://fhir.ch/ig/ch-elm/ValueSet/ch-elm-interpretation-codes-pos"/><equivalence value="relatedto"/></target></element><element><code value="74786-5"/><display value="Influenza virus B Yamagata lineage RNA [Presence] in Specimen by NAA with probe detection"/><target><modifierExtension url="http://hl7.org/fhir/1.0/StructureDefinition/extension-ConceptMap.element.target.equivalence"><valueCode value="relatedto"/></modifierExtension><code value="http://fhir.ch/ig/ch-elm/ValueSet/ch-elm-interpretation-codes-pos"/><equivalence value="relatedto"/></target></element><element><code value="76078-5"/><display value="Influenza virus A RNA [Presence] in Nasopharynx by NAA with probe detection"/><target><modifierExtension url="http://hl7.org/fhir/1.0/StructureDefinition/extension-ConceptMap.element.target.equivalence"><valueCode value="relatedto"/></modifierExtension><code value="http://fhir.ch/ig/ch-elm/ValueSet/ch-elm-interpretation-codes-pos"/><equivalence value="relatedto"/></target></element><element><code value="76080-1"/><display value="Influenza virus B RNA [Presence] in Nasopharynx by NAA with probe detection"/><target><modifierExtension url="http://hl7.org/fhir/1.0/StructureDefinition/extension-ConceptMap.element.target.equivalence"><valueCode value="relatedto"/></modifierExtension><code value="http://fhir.ch/ig/ch-elm/ValueSet/ch-elm-interpretation-codes-pos"/><equivalence value="relatedto"/></target></element><element><code value="77026-3"/><display value="Influenza virus A H1 RNA [Presence] in Nasopharynx by NAA with probe detection"/><target><modifierExtension url="http://hl7.org/fhir/1.0/StructureDefinition/extension-ConceptMap.element.target.equivalence"><valueCode value="relatedto"/></modifierExtension><code value="http://fhir.ch/ig/ch-elm/ValueSet/ch-elm-interpretation-codes-pos"/><equivalence value="relatedto"/></target></element><element><code value="77027-1"/><display value="Influenza virus A H3 RNA [Presence] in Nasopharynx by NAA with probe detection"/><target><modifierExtension url="http://hl7.org/fhir/1.0/StructureDefinition/extension-ConceptMap.element.target.equivalence"><valueCode value="relatedto"/></modifierExtension><code value="http://fhir.ch/ig/ch-elm/ValueSet/ch-elm-interpretation-codes-pos"/><equivalence value="relatedto"/></target></element><element><code value="77028-9"/><display value="Influenza virus A H1 2009 pandemic RNA [Presence] in Nasopharynx by NAA with probe detection"/><target><modifierExtension url="http://hl7.org/fhir/1.0/StructureDefinition/extension-ConceptMap.element.target.equivalence"><valueCode value="relatedto"/></modifierExtension><code value="http://fhir.ch/ig/ch-elm/ValueSet/ch-elm-interpretation-codes-pos"/><equivalence value="relatedto"/></target></element><element><code value="80363-5"/><display value="Chlamydia trachomatis DNA [Presence] in Anorectal by NAA with probe detection"/><target><modifierExtension url="http://hl7.org/fhir/1.0/StructureDefinition/extension-ConceptMap.element.target.equivalence"><valueCode value="relatedto"/></modifierExtension><code value="http://fhir.ch/ig/ch-elm/ValueSet/ch-elm-interpretation-codes-pos"/><equivalence value="relatedto"/></target></element><element><code value="80364-3"/><display value="Chlamydia trachomatis rRNA [Presence] in Anorectal by NAA with probe detection"/><target><modifierExtension url="http://hl7.org/fhir/1.0/StructureDefinition/extension-ConceptMap.element.target.equivalence"><valueCode value="relatedto"/></modifierExtension><code value="http://fhir.ch/ig/ch-elm/ValueSet/ch-elm-interpretation-codes-pos"/><equivalence value="relatedto"/></target></element><element><code value="80366-8"/><display value="Neisseria gonorrhoeae rRNA [Presence] in Anorectal by NAA with probe detection"/><target><modifierExtension url="http://hl7.org/fhir/1.0/StructureDefinition/extension-ConceptMap.element.target.equivalence"><valueCode value="relatedto"/></modifierExtension><code value="http://fhir.ch/ig/ch-elm/ValueSet/ch-elm-interpretation-codes-pos"/><equivalence value="relatedto"/></target></element><element><code value="80367-6"/><display value="Chlamydia trachomatis [Presence] in Anorectal by Organism specific culture"/><target><modifierExtension url="http://hl7.org/fhir/1.0/StructureDefinition/extension-ConceptMap.element.target.equivalence"><valueCode value="relatedto"/></modifierExtension><code value="http://fhir.ch/ig/ch-elm/ValueSet/ch-elm-interpretation-codes-pos"/><equivalence value="relatedto"/></target></element><element><code value="80368-4"/><display value="Neisseria gonorrhoeae [Presence] in Anorectal by Organism specific culture"/><target><modifierExtension url="http://hl7.org/fhir/1.0/StructureDefinition/extension-ConceptMap.element.target.equivalence"><valueCode value="relatedto"/></modifierExtension><code value="http://fhir.ch/ig/ch-elm/ValueSet/ch-elm-interpretation-codes-pos"/><equivalence value="relatedto"/></target></element><element><code value="81656-1"/><display value="Campylobacter coli+jejuni tuf gene [Presence] in Stool by NAA with probe detection"/><target><modifierExtension url="http://hl7.org/fhir/1.0/StructureDefinition/extension-ConceptMap.element.target.equivalence"><valueCode value="relatedto"/></modifierExtension><code value="http://fhir.ch/ig/ch-elm/ValueSet/ch-elm-interpretation-codes-pos"/><equivalence value="relatedto"/></target></element><element><code value="85477-8"/><display value="Influenza virus A RNA [Presence] in Upper respiratory specimen by NAA with probe detection"/><target><modifierExtension url="http://hl7.org/fhir/1.0/StructureDefinition/extension-ConceptMap.element.target.equivalence"><valueCode value="relatedto"/></modifierExtension><code value="http://fhir.ch/ig/ch-elm/ValueSet/ch-elm-interpretation-codes-pos"/><equivalence value="relatedto"/></target></element><element><code value="85478-6"/><display value="Influenza virus B RNA [Presence] in Upper respiratory specimen by NAA with probe detection"/><target><modifierExtension url="http://hl7.org/fhir/1.0/StructureDefinition/extension-ConceptMap.element.target.equivalence"><valueCode value="relatedto"/></modifierExtension><code value="http://fhir.ch/ig/ch-elm/ValueSet/ch-elm-interpretation-codes-pos"/><equivalence value="relatedto"/></target></element><element><code value="85827-4"/><display value="Carbapenem resistance bla OXA-48-like gene [Presence] by Molecular method"/><target><modifierExtension url="http://hl7.org/fhir/1.0/StructureDefinition/extension-ConceptMap.element.target.equivalence"><valueCode value="relatedto"/></modifierExtension><code value="http://fhir.ch/ig/ch-elm/ValueSet/ch-elm-interpretation-codes-pos"/><equivalence value="relatedto"/></target></element><element><code value="88224-1"/><display value="Neisseria gonorrhoeae DNA [Presence] in Anorectal by NAA with probe detection"/><target><modifierExtension url="http://hl7.org/fhir/1.0/StructureDefinition/extension-ConceptMap.element.target.equivalence"><valueCode value="relatedto"/></modifierExtension><code value="http://fhir.ch/ig/ch-elm/ValueSet/ch-elm-interpretation-codes-pos"/><equivalence value="relatedto"/></target></element><element><code value="88225-8"/><display value="Neisseria gonorrhoeae DNA [Presence] in Throat by NAA with probe detection"/><target><modifierExtension url="http://hl7.org/fhir/1.0/StructureDefinition/extension-ConceptMap.element.target.equivalence"><valueCode value="relatedto"/></modifierExtension><code value="http://fhir.ch/ig/ch-elm/ValueSet/ch-elm-interpretation-codes-pos"/><equivalence value="relatedto"/></target></element><element><code value="88592-1"/><display value="Influenza virus B RNA [Presence] in Lower respiratory specimen by NAA with probe detection"/><target><modifierExtension url="http://hl7.org/fhir/1.0/StructureDefinition/extension-ConceptMap.element.target.equivalence"><valueCode value="relatedto"/></modifierExtension><code value="http://fhir.ch/ig/ch-elm/ValueSet/ch-elm-interpretation-codes-pos"/><equivalence value="relatedto"/></target></element><element><code value="88599-6"/><display value="Influenza virus A RNA [Presence] in Lower respiratory specimen by NAA with probe detection"/><target><modifierExtension url="http://hl7.org/fhir/1.0/StructureDefinition/extension-ConceptMap.element.target.equivalence"><valueCode value="relatedto"/></modifierExtension><code value="http://fhir.ch/ig/ch-elm/ValueSet/ch-elm-interpretation-codes-pos"/><equivalence value="relatedto"/></target></element><element><code value="92141-1"/><display value="Influenza virus B RNA [Presence] in Respiratory system specimen by NAA with probe detection"/><target><modifierExtension url="http://hl7.org/fhir/1.0/StructureDefinition/extension-ConceptMap.element.target.equivalence"><valueCode value="relatedto"/></modifierExtension><code value="http://fhir.ch/ig/ch-elm/ValueSet/ch-elm-interpretation-codes-pos"/><equivalence value="relatedto"/></target></element><element><code value="92142-9"/><display value="Influenza virus A RNA [Presence] in Respiratory system specimen by NAA with probe detection"/><target><modifierExtension url="http://hl7.org/fhir/1.0/StructureDefinition/extension-ConceptMap.element.target.equivalence"><valueCode value="relatedto"/></modifierExtension><code value="http://fhir.ch/ig/ch-elm/ValueSet/ch-elm-interpretation-codes-pos"/><equivalence value="relatedto"/></target></element><element><code value="92808-5"/><display value="Influenza virus A H3 RNA [Presence] in Upper respiratory specimen by NAA with probe detection"/><target><modifierExtension url="http://hl7.org/fhir/1.0/StructureDefinition/extension-ConceptMap.element.target.equivalence"><valueCode value="relatedto"/></modifierExtension><code value="http://fhir.ch/ig/ch-elm/ValueSet/ch-elm-interpretation-codes-pos"/><equivalence value="relatedto"/></target></element><element><code value="92809-3"/><display value="Influenza virus A H1 RNA [Presence] in Upper respiratory specimen by NAA with probe detection"/><target><modifierExtension url="http://hl7.org/fhir/1.0/StructureDefinition/extension-ConceptMap.element.target.equivalence"><valueCode value="relatedto"/></modifierExtension><code value="http://fhir.ch/ig/ch-elm/ValueSet/ch-elm-interpretation-codes-pos"/><equivalence value="relatedto"/></target></element><element><code value="94309-2"/><display value="SARS-CoV-2 (COVID-19) RNA [Presence] in Specimen by NAA with probe detection"/><target><modifierExtension url="http://hl7.org/fhir/1.0/StructureDefinition/extension-ConceptMap.element.target.equivalence"><valueCode value="relatedto"/></modifierExtension><code value="http://fhir.ch/ig/ch-elm/ValueSet/ch-elm-interpretation-codes-pos-neg"/><equivalence value="relatedto"/></target></element><element><code value="94394-4"/><display value="Influenza virus A H3 RNA [Presence] in Lower respiratory specimen by NAA with probe detection"/><target><modifierExtension url="http://hl7.org/fhir/1.0/StructureDefinition/extension-ConceptMap.element.target.equivalence"><valueCode value="relatedto"/></modifierExtension><code value="http://fhir.ch/ig/ch-elm/ValueSet/ch-elm-interpretation-codes-pos"/><equivalence value="relatedto"/></target></element><element><code value="94395-1"/><display value="Influenza virus A H1 2009 pandemic RNA [Presence] in Lower respiratory specimen by NAA with probe detection"/><target><modifierExtension url="http://hl7.org/fhir/1.0/StructureDefinition/extension-ConceptMap.element.target.equivalence"><valueCode value="relatedto"/></modifierExtension><code value="http://fhir.ch/ig/ch-elm/ValueSet/ch-elm-interpretation-codes-pos"/><equivalence value="relatedto"/></target></element><element><code value="94396-9"/><display value="Influenza virus A H1 RNA [Presence] in Lower respiratory specimen by NAA with probe detection"/><target><modifierExtension url="http://hl7.org/fhir/1.0/StructureDefinition/extension-ConceptMap.element.target.equivalence"><valueCode value="relatedto"/></modifierExtension><code value="http://fhir.ch/ig/ch-elm/ValueSet/ch-elm-interpretation-codes-pos"/><equivalence value="relatedto"/></target></element><element><code value="94500-6"/><display value="SARS-CoV-2 (COVID-19) RNA [Presence] in Respiratory system specimen by NAA with probe detection"/><target><modifierExtension url="http://hl7.org/fhir/1.0/StructureDefinition/extension-ConceptMap.element.target.equivalence"><valueCode value="relatedto"/></modifierExtension><code value="http://fhir.ch/ig/ch-elm/ValueSet/ch-elm-interpretation-codes-pos-neg"/><equivalence value="relatedto"/></target></element><element><code value="94759-8"/><display value="SARS-CoV-2 (COVID-19) RNA [Presence] in Nasopharynx by NAA with probe detection"/><target><modifierExtension url="http://hl7.org/fhir/1.0/StructureDefinition/extension-ConceptMap.element.target.equivalence"><valueCode value="relatedto"/></modifierExtension><code value="http://fhir.ch/ig/ch-elm/ValueSet/ch-elm-interpretation-codes-pos-neg"/><equivalence value="relatedto"/></target></element><element><code value="94845-5"/><display value="SARS-CoV-2 (COVID-19) RNA [Presence] in Saliva (oral fluid) by NAA with probe detection"/><target><modifierExtension url="http://hl7.org/fhir/1.0/StructureDefinition/extension-ConceptMap.element.target.equivalence"><valueCode value="relatedto"/></modifierExtension><code value="http://fhir.ch/ig/ch-elm/ValueSet/ch-elm-interpretation-codes-pos-neg"/><equivalence value="relatedto"/></target></element><element><code value="95406-5"/><display value="SARS-CoV-2 (COVID-19) RNA [Presence] in Nose by NAA with probe detection"/><target><modifierExtension url="http://hl7.org/fhir/1.0/StructureDefinition/extension-ConceptMap.element.target.equivalence"><valueCode value="relatedto"/></modifierExtension><code value="http://fhir.ch/ig/ch-elm/ValueSet/ch-elm-interpretation-codes-pos-neg"/><equivalence value="relatedto"/></target></element><element><code value="96599-6"/><display value="Neisseria gonorrhoeae DNA [Presence] in Cervix by NAA with probe detection"/><target><modifierExtension url="http://hl7.org/fhir/1.0/StructureDefinition/extension-ConceptMap.element.target.equivalence"><valueCode value="relatedto"/></modifierExtension><code value="http://fhir.ch/ig/ch-elm/ValueSet/ch-elm-interpretation-codes-pos"/><equivalence value="relatedto"/></target></element><element><code value="96797-6"/><display value="SARS-CoV-2 (COVID-19) RNA [Presence] in Oropharyngeal wash by NAA with probe detection"/><target><modifierExtension url="http://hl7.org/fhir/1.0/StructureDefinition/extension-ConceptMap.element.target.equivalence"><valueCode value="relatedto"/></modifierExtension><code value="http://fhir.ch/ig/ch-elm/ValueSet/ch-elm-interpretation-codes-pos-neg"/><equivalence value="relatedto"/></target></element><element><code value="97513-6"/><display value="Campylobacter sp [Presence] in Specimen by Organism specific culture"/><target><modifierExtension url="http://hl7.org/fhir/1.0/StructureDefinition/extension-ConceptMap.element.target.equivalence"><valueCode value="relatedto"/></modifierExtension><code value="http://fhir.ch/ig/ch-elm/ValueSet/ch-elm-interpretation-codes-pos"/><equivalence value="relatedto"/></target></element></group><group><source value="http://snomed.info/sct"/><target value="http://fhir.ch/ig/ch-elm/CodeSystem/ch-elm-interpretation-codes-vs"/><element><code value="72904005"/><display value="Treponema pallidum (organism)"/><target><modifierExtension url="http://hl7.org/fhir/1.0/StructureDefinition/extension-ConceptMap.element.target.equivalence"><valueCode value="relatedto"/></modifierExtension><code value="http://fhir.ch/ig/ch-elm/ValueSet/ch-elm-interpretation-codes-pos"/><equivalence value="relatedto"/></target></element></group></ConceptMap>