<?xml version="1.0" encoding="UTF-8"?>

<Condition xmlns="http://hl7.org/fhir">
  <id value="CaveatBodyPiercing"/>
  <meta>
    <profile value="http://fhir.ch/ig/ch-rad-order/StructureDefinition/ch-rad-order-caveat-condition"/>
  </meta>
  <text>
    <status value="extensions"/><div xmlns="http://www.w3.org/1999/xhtml"><p><b>Generated Narrative</b></p><div style="display: inline-block; background-color: #d9e0e7; padding: 6px; margin: 4px; border: 1px solid #8da1b4; border-radius: 5px; line-height: 60%"><p style="margin-bottom: 0px">Resource "CaveatBodyPiercing" </p><p style="margin-bottom: 0px">Profile: <a href="StructureDefinition-ch-rad-order-caveat-condition.html">CH RAD-Order Caveat Condition</a></p></div><p><b>CH RAD-Order Caveat Type</b>: Body piercing (finding) (Details: SNOMED CT code 879862001 = 'Body piercing (finding)', stated as 'Body piercing (finding)')</p><p><b>CH RAD-Order Caveat Type</b>: Present (qualifier value) (Details: SNOMED CT code 52101004 = 'Present', stated as 'Present (qualifier value)')</p><p><b>category</b>: Problem List Item <span style="background: LightGoldenRodYellow; margin: 4px; border: 1px solid khaki"> (<a href="http://terminology.hl7.org/3.0.0/CodeSystem-condition-category.html">Condition Category Codes</a>#problem-list-item)</span></p><p><b>code</b>: Body piercing (finding) <span style="background: LightGoldenRodYellow; margin: 4px; border: 1px solid khaki"> (<a href="https://browser.ihtsdotools.org/">SNOMED CT</a>#879862001)</span></p><p><b>subject</b>: <a href="Patient-SUfferer.html">Patient/SUfferer</a> " UFFERER"</p></div>
  </text>
  <extension url="http://fhir.ch/ig/ch-rad-order/StructureDefinition/ch-rad-order-caveat-type">
    <valueCoding>
      <system value="http://snomed.info/sct"/>
      <code value="879862001"/>
      <display value="Body piercing (finding)"/>
    </valueCoding>
  </extension>
  <extension url="http://fhir.ch/ig/ch-rad-order/StructureDefinition/ch-rad-order-qualifier-value">
    <valueCoding>
      <system value="http://snomed.info/sct"/>
      <code value="52101004"/>
      <display value="Present (qualifier value)"/>
    </valueCoding>
  </extension>
  <category>
    <coding>
      <system value="http://terminology.hl7.org/CodeSystem/condition-category"/>
      <code value="problem-list-item"/>
      <display value="Problem List Item"/>
    </coding>
  </category>
  <code>
    <coding>
      <system value="http://snomed.info/sct"/>
      <code value="879862001"/>
      <display value="Body piercing (finding)"/>
    </coding>
  </code>
  <subject>
    <reference value="Patient/SUfferer"/>
  </subject>
</Condition>