<?xml version="1.0" encoding="UTF-8"?>

<Condition xmlns="http://hl7.org/fhir">
  <id value="SecondaryDiagnosis2"/>
  <meta>
    <profile value="http://fhir.ch/ig/ch-rad-order/StructureDefinition/ch-rad-order-diagnosis-condition"/>
  </meta>
  <text>
    <status value="generated"/><div xmlns="http://www.w3.org/1999/xhtml"><p><b>Generated Narrative</b></p><div style="display: inline-block; background-color: #d9e0e7; padding: 6px; margin: 4px; border: 1px solid #8da1b4; border-radius: 5px; line-height: 60%"><p style="margin-bottom: 0px">Resource "SecondaryDiagnosis2" </p><p style="margin-bottom: 0px">Profile: <a href="StructureDefinition-ch-rad-order-diagnosis-condition.html">CH RAD-Order Diagnosis Condition</a></p></div><p><b>category</b>: Problem List Item <span style="background: LightGoldenRodYellow; margin: 4px; border: 1px solid khaki"> (<a href="http://terminology.hl7.org/3.0.0/CodeSystem-condition-category.html">Condition Category Codes</a>#problem-list-item)</span></p><p><b>code</b>: Secondary Diagnosis 2 <span style="background: LightGoldenRodYellow; margin: 4px; border: 1px solid khaki"> ()</span></p><p><b>subject</b>: <a href="Patient-SUfferer.html">Patient/SUfferer</a> " UFFERER"</p></div>
  </text>
  <category>
    <coding>
      <system value="http://terminology.hl7.org/CodeSystem/condition-category"/>
      <code value="problem-list-item"/>
      <display value="Problem List Item"/>
    </coding>
  </category>
  <code>
    <text value="Secondary Diagnosis 2"/>
  </code>
  <subject>
    <reference value="Patient/SUfferer"/>
  </subject>
</Condition>