<?xml version="1.0" encoding="UTF-8"?>

<Practitioner xmlns="http://hl7.org/fhir">
  <id value="PractORderfiller"/>
  <meta>
    <profile value="http://fhir.ch/ig/ch-core/StructureDefinition/ch-core-practitioner"/>
  </meta>
  <text>
    <status value="generated"/><div xmlns="http://www.w3.org/1999/xhtml"><p class="res-header-id"><b>Generated Narrative: Practitioner PractORderfiller</b></p><a name="PractORderfiller"> </a><a name="hcPractORderfiller"> </a><a name="PractORderfiller-en-US"> </a><p><b>identifier</b>: <a href="https://www.gs1.org/standards/id-keys/gln" title="Global Location Number">GLN</a>/7601000618627</p><p><b>name</b>: Otto Rderfiller (Official)</p><p><b>telecom</b>: <a href="tel:+41444120099">+41 44 412 00 99</a>, <a href="mailto:o.rderfiller@OrgRadHappyHospital.ch">o.rderfiller@OrgRadHappyHospital.ch</a></p></div>
  </text>
  <identifier>
    <system value="urn:oid:2.51.1.3"/>
    <value value="7601000618627"/>
  </identifier>
  <name>
    <use value="official"/>
    <family value="Rderfiller"/>
    <given value="Otto"/>
    <prefix value="Dr. med.">
      <extension url="http://hl7.org/fhir/StructureDefinition/iso21090-EN-qualifier">
        <valueCode value="AC"/>
      </extension>
    </prefix>
  </name>
  <telecom>
    <system value="phone"/>
    <value value="+41 44 412 00 99"/>
  </telecom>
  <telecom>
    <system value="email"/>
    <value value="o.rderfiller@OrgRadHappyHospital.ch"/>
  </telecom>
</Practitioner>