{
  "resourceType" : "CodeSystem",
  "id" : "1.3.6.1.4.1.19376.1.2.27.1",
  "text" : {
    "status" : "generated",
    "div" : "<div xmlns=\"http://www.w3.org/1999/xhtml\"><p>This case-sensitive code system <code>urn:oid:1.3.6.1.4.1.19376.1.2.27.1</code> defines the following codes:</p><table class=\"codes\"><tr><td style=\"white-space:nowrap\"><b>Code</b></td></tr><tr><td style=\"white-space:nowrap\">LivingSubjectAdministrativeGenderRequested<a name=\"1.3.6.1.4.1.19376.1.2.27.1-LivingSubjectAdministrativeGenderRequested\"> </a></td></tr><tr><td style=\"white-space:nowrap\">PatientAddressRequested<a name=\"1.3.6.1.4.1.19376.1.2.27.1-PatientAddressRequested\"> </a></td></tr><tr><td style=\"white-space:nowrap\">LivingSubjectBirthPlaceNameRequested<a name=\"1.3.6.1.4.1.19376.1.2.27.1-LivingSubjectBirthPlaceNameRequested\"> </a></td></tr></table></div>"
  },
  "url" : "urn:oid:1.3.6.1.4.1.19376.1.2.27.1",
  "version" : "3.0.0",
  "name" : "IheXcpdMoreAttriburesRequested",
  "title" : "IHE XCPD Codesystem more attributes requested",
  "status" : "active",
  "experimental" : false,
  "date" : "2024-03-05T12:06:33+01:00",
  "publisher" : "eHealth Suisse",
  "contact" : [{
    "name" : "eHealth Suisse",
    "telecom" : [{
      "system" : "url",
      "value" : "https://www.e-health-suisse.ch"
    }]
  }],
  "description" : "Codes for indicating which additional attributes are requested to lower the results number.",
  "jurisdiction" : [{
    "coding" : [{
      "system" : "urn:iso:std:iso:3166",
      "code" : "CH"
    }]
  }],
  "copyright" : "CC0-1.0",
  "caseSensitive" : true,
  "content" : "complete",
  "count" : 3,
  "concept" : [{
    "code" : "LivingSubjectAdministrativeGenderRequested",
    "display" : "LivingSubjectAdministrativeGenderRequested"
  },
  {
    "code" : "PatientAddressRequested",
    "display" : "PatientAddressRequested"
  },
  {
    "code" : "LivingSubjectBirthPlaceNameRequested",
    "display" : "LivingSubjectBirthPlaceNameRequested"
  }]
}