{
  "resourceType" : "OperationOutcome",
  "id" : "PDQmResponseMoreAttributesRequested",
  "meta" : {
    "profile" : ["http://fhir.ch/ig/ch-epr-mhealth/StructureDefinition/ch-pdqm-moreattributesrequested"]
  },
  "text" : {
    "status" : "generated",
    "div" : "<div xmlns=\"http://www.w3.org/1999/xhtml\"><p><b>Generated Narrative: OperationOutcome</b><a name=\"PDQmResponseMoreAttributesRequested\"> </a></p><div style=\"display: inline-block; background-color: #d9e0e7; padding: 6px; margin: 4px; border: 1px solid #8da1b4; border-radius: 5px; line-height: 60%\"><p style=\"margin-bottom: 0px\">Resource OperationOutcome &quot;PDQmResponseMoreAttributesRequested&quot; </p><p style=\"margin-bottom: 0px\">Profile: <a href=\"StructureDefinition-ch-pdqm-moreattributesrequested.html\">CH PDQm OperationOutcome More Attributes Requested</a></p></div><blockquote><p><b>issue</b></p><p><b>severity</b>: warning</p><p><b>code</b>: incomplete</p><p><b>details</b>: LivingSubjectAdministrativeGenderRequested <span style=\"background: LightGoldenRodYellow; margin: 4px; border: 1px solid khaki\"> (<a href=\"CodeSystem-1.3.6.1.4.1.19376.1.2.27.1.html\">IHE XCPD Codesystem more attributes requested</a>#LivingSubjectAdministrativeGenderRequested)</span></p></blockquote><blockquote><p><b>issue</b></p><p><b>severity</b>: warning</p><p><b>code</b>: incomplete</p><p><b>details</b>: LivingSubjectBirthPlaceNameRequested <span style=\"background: LightGoldenRodYellow; margin: 4px; border: 1px solid khaki\"> (<a href=\"CodeSystem-1.3.6.1.4.1.19376.1.2.27.1.html\">IHE XCPD Codesystem more attributes requested</a>#LivingSubjectBirthPlaceNameRequested)</span></p></blockquote><blockquote><p><b>issue</b></p><p><b>severity</b>: warning</p><p><b>code</b>: incomplete</p><p><b>details</b>: BirthNameRequested <span style=\"background: LightGoldenRodYellow; margin: 4px; border: 1px solid khaki\"> (<a href=\"CodeSystem-2.16.756.5.30.1.127.3.10.17.html\">CH Codesystem PDQ More Attributes Requested</a>#BirthNameRequested)</span></p></blockquote></div>"
  },
  "issue" : [{
    "severity" : "warning",
    "code" : "incomplete",
    "details" : {
      "coding" : [{
        "system" : "urn:oid:1.3.6.1.4.1.19376.1.2.27.1",
        "code" : "LivingSubjectAdministrativeGenderRequested",
        "display" : "LivingSubjectAdministrativeGenderRequested"
      }]
    }
  },
  {
    "severity" : "warning",
    "code" : "incomplete",
    "details" : {
      "coding" : [{
        "system" : "urn:oid:1.3.6.1.4.1.19376.1.2.27.1",
        "code" : "LivingSubjectBirthPlaceNameRequested",
        "display" : "LivingSubjectBirthPlaceNameRequested"
      }]
    }
  },
  {
    "severity" : "warning",
    "code" : "incomplete",
    "details" : {
      "coding" : [{
        "system" : "urn:oid:2.16.756.5.30.1.127.3.10.17",
        "code" : "BirthNameRequested",
        "display" : "BirthNameRequested"
      }]
    }
  }]
}