{"resourceType":"ValueSet","id":"ch-rad-order-view-type","text":{"status":"generated","div":"<div xmlns=\"http://www.w3.org/1999/xhtml\"><p class=\"res-header-id\"><b>Generated Narrative: ValueSet ch-rad-order-view-type</b></p><a name=\"ch-rad-order-view-type\"> </a><a name=\"hcch-rad-order-view-type\"> </a><ul><li>Include these codes as defined in <a href=\"http://terminology.hl7.org/6.5.0/CodeSystem-RadLex.html\"><code>http://radlex.org</code></a><span title=\"Version is not explicitly stated. No matching Code System found\"> version Not Stated (use latest from terminology server)</span><table class=\"none\"><tr><td style=\"white-space:nowrap\"><b>Code</b></td><td><b>Display</b></td></tr><tr><td>RID10424</td><td>Right lateral decubitus position</td></tr><tr><td>RID10425</td><td>Left lateral decubitus position</td></tr><tr><td>RID10439</td><td>Lateral decubitus position</td></tr><tr><td>RID10446</td><td>Radial deviation position</td></tr><tr><td>RID10447</td><td>Ulnar deviation position</td></tr><tr><td>RID10451</td><td>Open mouth position</td></tr><tr><td>RID10455</td><td>Upright position</td></tr><tr><td>RID10509</td><td>Implant displaced</td></tr><tr><td>RID10521</td><td>Frontal projection</td></tr><tr><td>RID10534</td><td>Radiography grid</td></tr><tr><td>RID10579</td><td>axial plane</td></tr><tr><td>RID28651</td><td>Magnification</td></tr><tr><td>RID39542</td><td>transrectal</td></tr><tr><td>RID39543</td><td>transvaginal</td></tr><tr><td>RID43583</td><td>AP view</td></tr><tr><td>RID43584</td><td>apical lordotic view</td></tr><tr><td>RID43586</td><td>cone view</td></tr><tr><td>RID43591</td><td>lateral view</td></tr><tr><td>RID43593</td><td>left oblique view</td></tr><tr><td>RID43594</td><td>PA view</td></tr><tr><td>RID43596</td><td>right oblique view</td></tr><tr><td>RID43597</td><td>Spot view</td></tr><tr><td>RID43600</td><td>Arcein view</td></tr><tr><td>RID43605</td><td>Broden view</td></tr><tr><td>RID43616</td><td>Danelius miller view</td></tr><tr><td>RID43618</td><td>Ferguson view</td></tr><tr><td>RID43621</td><td>Friedman view</td></tr><tr><td>RID43625</td><td>Grashey view</td></tr><tr><td>RID43630</td><td>Holmblad view</td></tr><tr><td>RID43637</td><td>Judet view</td></tr><tr><td>RID43653</td><td>Mayer view</td></tr><tr><td>RID43654</td><td>Merchant view</td></tr><tr><td>RID43665</td><td>Norgaard view</td></tr><tr><td>RID43667</td><td>original Law view</td></tr><tr><td>RID43671</td><td>Caldwell view</td></tr><tr><td>RID43681</td><td>Stenvers view</td></tr><tr><td>RID43682</td><td>Stryker notch view</td></tr><tr><td>RID43686</td><td>Towne view</td></tr><tr><td>RID43689</td><td>Occipitomental view</td></tr><tr><td>RID43690</td><td>West point view</td></tr><tr><td>RID45659</td><td>babygram</td></tr><tr><td>RID45661</td><td>oblique view</td></tr><tr><td>RID45663</td><td>swimmers view</td></tr><tr><td>RID45779</td><td>supine view</td></tr><tr><td>RID45780</td><td>Left lateral view</td></tr><tr><td>RID45781</td><td>Right lateral view</td></tr><tr><td>RID45782</td><td>cross table lateral view</td></tr><tr><td>RID45783</td><td>carpal tunnel view</td></tr><tr><td>RID45785</td><td>Transthoracic view</td></tr><tr><td>RID45786</td><td>Sunrise view</td></tr><tr><td>RID45787</td><td>Tunnel view</td></tr><tr><td>RID45788</td><td>Inlet view</td></tr><tr><td>RID45789</td><td>Outlet view</td></tr><tr><td>RID45790</td><td>Axillary view</td></tr><tr><td>RID45791</td><td>Submentovertical view</td></tr><tr><td>RID45795</td><td>Obliques view</td></tr><tr><td>RID45802</td><td>Runoff</td></tr><tr><td>RID49830</td><td>Panoramic</td></tr><tr><td>RID50070</td><td>posteroanterior 45-degree flexion view</td></tr><tr><td>RID50077</td><td>External rotation view</td></tr><tr><td>RID50079</td><td>Internal rotation view</td></tr><tr><td>RID50087</td><td>10 degree caudal angle view</td></tr><tr><td>RID50088</td><td>30 degree caudal angle view</td></tr><tr><td>RID50090</td><td>10 degree cephalic angle view</td></tr><tr><td>RID50091</td><td>20 degree cephalic angle view</td></tr><tr><td>RID50092</td><td>Posteroanterior 30 degree flexion view</td></tr><tr><td>RID50093</td><td>45 degree cephalic angle view</td></tr><tr><td>RID50094</td><td>90 degree abduction view</td></tr><tr><td>RID50095</td><td>Bora view</td></tr><tr><td>RID50096</td><td>Brewerton view</td></tr><tr><td>RID50097</td><td>Garth view</td></tr><tr><td>RID50098</td><td>Harris view</td></tr><tr><td>RID50099</td><td>Rosenberg view</td></tr><tr><td>RID50100</td><td>Von Rosen view</td></tr><tr><td>RID50102</td><td>Waters upright view</td></tr><tr><td>RID50103</td><td>Zanca view</td></tr><tr><td>RID50104</td><td>Endorectal view</td></tr><tr><td>RID50106</td><td>Left anterior oblique view</td></tr><tr><td>RID50107</td><td>Lateral frog leg view</td></tr><tr><td>RID50109</td><td>Lateral spot view</td></tr><tr><td>RID50111</td><td>Laurin view</td></tr><tr><td>RID50113</td><td>Left posterior oblique view</td></tr><tr><td>RID50114</td><td>Mediolateral oblique view</td></tr><tr><td>RID50115</td><td>Mortise view</td></tr><tr><td>RID50116</td><td>Odontoid view</td></tr><tr><td>RID50118</td><td>Posteroanterior prone view</td></tr><tr><td>RID50119</td><td>radio head capitallar view</td></tr><tr><td>RID50120</td><td>Right anterior oblique view</td></tr><tr><td>RID50121</td><td>Right posterior oblique view</td></tr><tr><td>RID50122</td><td>Scaphoid view</td></tr><tr><td>RID50123</td><td>Serendipity view</td></tr><tr><td>RID50124</td><td>Tangential view</td></tr><tr><td>RID50125</td><td>True anteroposterior view</td></tr><tr><td>RID50126</td><td>True lateral view</td></tr><tr><td>RID50127</td><td>Velpeau view</td></tr><tr><td>RID50128</td><td>Laterally exaggerated craniocaudal view</td></tr><tr><td>RID50129</td><td>Y view</td></tr><tr><td>RID50172</td><td>closed mouth position</td></tr><tr><td>RID50328</td><td>air gap breast view</td></tr><tr><td>RID50329</td><td>rolled breast view</td></tr><tr><td>RID50367</td><td>sunrise 20 degrees view</td></tr><tr><td>RID50368</td><td>sunrise 40 degrees view</td></tr><tr><td>RID50369</td><td>sunrise 60 degrees view</td></tr><tr><td>RID50370</td><td>Merchant 30 degrees view</td></tr><tr><td>RID50371</td><td>Merchant 45 degrees view</td></tr><tr><td>RID50372</td><td>Merchant 60 degrees view</td></tr><tr><td>RID50373</td><td>Trans-scapular view</td></tr><tr><td>RID50386</td><td>Oblique upright view</td></tr><tr><td>RID50534</td><td>Bitewing view</td></tr><tr><td>RID50535</td><td>Jones view</td></tr><tr><td>RID50628</td><td>Max abduction</td></tr><tr><td>RID50629</td><td>Oblique prone</td></tr><tr><td>RID50635</td><td>Oblique crosstable</td></tr><tr><td>RID5818</td><td>anterior</td></tr><tr><td>RID6427</td><td>Transabdominal</td></tr></table></li></ul></div>"},"url":"http://fhir.ch/ig/ch-rad-order/ValueSet/ch-rad-order-view-type","version":"2.0.1","name":"ChRadOrderViewType","title":"View Type","status":"active","experimental":true,"date":"2025-12-17T07:22:04+00:00","publisher":"HL7 Switzerland","contact":[{"name":"Juerg P. Bleuer","telecom":[{"system":"url","value":"https://www.hl7.ch"}]}],"description":"Definition for View Type Value Set in the context of CH RAD-Order.","jurisdiction":[{"coding":[{"system":"urn:iso:std:iso:3166","code":"CH"}]}],"copyright":"CC0-1.0","compose":{"include":[{"system":"http://radlex.org","concept":[{"code":"RID10424","display":"Right lateral decubitus position"},{"code":"RID10425","display":"Left lateral decubitus position"},{"code":"RID10439","display":"Lateral decubitus position"},{"code":"RID10446","display":"Radial deviation position"},{"code":"RID10447","display":"Ulnar deviation position"},{"code":"RID10451","display":"Open mouth position"},{"code":"RID10455","display":"Upright position"},{"code":"RID10509","display":"Implant displaced"},{"code":"RID10521","display":"Frontal projection"},{"code":"RID10534","display":"Radiography grid"},{"code":"RID10579","display":"axial plane"},{"code":"RID28651","display":"Magnification"},{"code":"RID39542","display":"transrectal"},{"code":"RID39543","display":"transvaginal"},{"code":"RID43583","display":"AP view"},{"code":"RID43584","display":"apical lordotic view"},{"code":"RID43586","display":"cone view"},{"code":"RID43591","display":"lateral view"},{"code":"RID43593","display":"left oblique view"},{"code":"RID43594","display":"PA view"},{"code":"RID43596","display":"right oblique view"},{"code":"RID43597","display":"Spot view"},{"code":"RID43600","display":"Arcein view"},{"code":"RID43605","display":"Broden view"},{"code":"RID43616","display":"Danelius miller view"},{"code":"RID43618","display":"Ferguson view"},{"code":"RID43621","display":"Friedman view"},{"code":"RID43625","display":"Grashey view"},{"code":"RID43630","display":"Holmblad view"},{"code":"RID43637","display":"Judet view"},{"code":"RID43653","display":"Mayer view"},{"code":"RID43654","display":"Merchant view"},{"code":"RID43665","display":"Norgaard view"},{"code":"RID43667","display":"original Law view"},{"code":"RID43671","display":"Caldwell view"},{"code":"RID43681","display":"Stenvers view"},{"code":"RID43682","display":"Stryker notch view"},{"code":"RID43686","display":"Towne view"},{"code":"RID43689","display":"Occipitomental view"},{"code":"RID43690","display":"West point view"},{"code":"RID45659","display":"babygram"},{"code":"RID45661","display":"oblique view"},{"code":"RID45663","display":"swimmers view"},{"code":"RID45779","display":"supine view"},{"code":"RID45780","display":"Left lateral view"},{"code":"RID45781","display":"Right lateral view"},{"code":"RID45782","display":"cross table lateral view"},{"code":"RID45783","display":"carpal tunnel view"},{"code":"RID45785","display":"Transthoracic view"},{"code":"RID45786","display":"Sunrise view"},{"code":"RID45787","display":"Tunnel view"},{"code":"RID45788","display":"Inlet view"},{"code":"RID45789","display":"Outlet view"},{"code":"RID45790","display":"Axillary view"},{"code":"RID45791","display":"Submentovertical view"},{"code":"RID45795","display":"Obliques view"},{"code":"RID45802","display":"Runoff"},{"code":"RID49830","display":"Panoramic"},{"code":"RID50070","display":"posteroanterior 45-degree flexion view"},{"code":"RID50077","display":"External rotation view"},{"code":"RID50079","display":"Internal rotation view"},{"code":"RID50087","display":"10 degree caudal angle view"},{"code":"RID50088","display":"30 degree caudal angle view"},{"code":"RID50090","display":"10 degree cephalic angle view"},{"code":"RID50091","display":"20 degree cephalic angle view"},{"code":"RID50092","display":"Posteroanterior 30 degree flexion view"},{"code":"RID50093","display":"45 degree cephalic angle view"},{"code":"RID50094","display":"90 degree abduction view"},{"code":"RID50095","display":"Bora view"},{"code":"RID50096","display":"Brewerton view"},{"code":"RID50097","display":"Garth view"},{"code":"RID50098","display":"Harris view"},{"code":"RID50099","display":"Rosenberg view"},{"code":"RID50100","display":"Von Rosen view"},{"code":"RID50102","display":"Waters upright view"},{"code":"RID50103","display":"Zanca view"},{"code":"RID50104","display":"Endorectal view"},{"code":"RID50106","display":"Left anterior oblique view"},{"code":"RID50107","display":"Lateral frog leg view"},{"code":"RID50109","display":"Lateral spot view"},{"code":"RID50111","display":"Laurin view"},{"code":"RID50113","display":"Left posterior oblique view"},{"code":"RID50114","display":"Mediolateral oblique view"},{"code":"RID50115","display":"Mortise view"},{"code":"RID50116","display":"Odontoid view"},{"code":"RID50118","display":"Posteroanterior prone view"},{"code":"RID50119","display":"radio head capitallar view"},{"code":"RID50120","display":"Right anterior oblique view"},{"code":"RID50121","display":"Right posterior oblique view"},{"code":"RID50122","display":"Scaphoid view"},{"code":"RID50123","display":"Serendipity view"},{"code":"RID50124","display":"Tangential view"},{"code":"RID50125","display":"True anteroposterior view"},{"code":"RID50126","display":"True lateral view"},{"code":"RID50127","display":"Velpeau view"},{"code":"RID50128","display":"Laterally exaggerated craniocaudal view"},{"code":"RID50129","display":"Y view"},{"code":"RID50172","display":"closed mouth position"},{"code":"RID50328","display":"air gap breast view"},{"code":"RID50329","display":"rolled breast view"},{"code":"RID50367","display":"sunrise 20 degrees view"},{"code":"RID50368","display":"sunrise 40 degrees view"},{"code":"RID50369","display":"sunrise 60 degrees view"},{"code":"RID50370","display":"Merchant 30 degrees view"},{"code":"RID50371","display":"Merchant 45 degrees view"},{"code":"RID50372","display":"Merchant 60 degrees view"},{"code":"RID50373","display":"Trans-scapular view"},{"code":"RID50386","display":"Oblique upright view"},{"code":"RID50534","display":"Bitewing view"},{"code":"RID50535","display":"Jones view"},{"code":"RID50628","display":"Max abduction"},{"code":"RID50629","display":"Oblique prone"},{"code":"RID50635","display":"Oblique crosstable"},{"code":"RID5818","display":"anterior"},{"code":"RID6427","display":"Transabdominal"}]}]}}