URL,Version,Status,OIDs,Name,Title,Description,Used
http://fhir.ch/ig/ch-epr-fhir/CodeSystem/PpqmConsentIdentifierType,4.0.1-ballot-2,active,,PpqmConsentIdentifierType,CH PPQm Consent Identifier Type,"Code system for CH:PPQm Consent Identifier Types",
http://fhir.ch/ig/ch-epr-fhir/CodeSystem/PpqmPolicySetTemplateId,4.0.1-ballot-2,active,,PpqmPolicySetTemplateId,CH PPQm Policy Set Template ID,"Code system for Policy Set Template IDs",
urn:oid:1.3.6.1.4.1.19376.1.2.27.1,4.0.1-ballot-2,active,"1.3.6.1.4.1.19376.1.2.27.1",IheXcpdMoreAttriburesRequested,IHE XCPD Codesystem more attributes requested,"Codes for indicating which additional attributes are requested to lower the results number.",
urn:oid:2.16.756.5.30.1.127.3.10.17,4.0.1-ballot-2,active,"2.16.756.5.30.1.127.3.10.17",ChEhealthCodesystemPqdMoreAttriburesRequested,CH Codesystem PDQ More Attributes Requested,"Codes for indicating which additional attributes are requested to lower the results number.",
