{"resourceType":"ValueSet","id":"ch-elm-results-tul-org","text":{"status":"generated","div":"<div xmlns=\"http://www.w3.org/1999/xhtml\"><p class=\"res-header-id\"><b>Generated Narrative: ValueSet ch-elm-results-tul-org</b></p><a name=\"ch-elm-results-tul-org\"> </a><a name=\"hcch-elm-results-tul-org\"> </a><ul><li>Include these codes as defined in <a href=\"http://www.snomed.org/\"><code>http://snomed.info/sct</code></a><span title=\"Version is not explicitly stated. No matching Code System found\"> version Not Stated (use latest from terminology server)</span><table class=\"none\"><tr><td style=\"white-space:nowrap\"><b>Code</b></td><td><b>Display</b></td></tr><tr><td><a href=\"http://snomed.info/id/51526001\">51526001</a></td><td>Francisella tularensis (organism)</td></tr><tr><td><a href=\"http://snomed.info/id/60502008\">60502008</a></td><td>Francisella tularensis subspecies holarctica (organism)</td></tr><tr><td><a href=\"http://snomed.info/id/91508008\">91508008</a></td><td>Francisella tularensis subspecies tularensis (organism)</td></tr><tr><td><a href=\"http://snomed.info/id/23930001\">23930001</a></td><td>Francisella tularensis subspecies mediasiatica (organism)</td></tr></table></li></ul></div>"},"url":"http://fhir.ch/ig/ch-elm/ValueSet/ch-elm-results-tul-org","version":"1.13.1","name":"ChElmResultsTulOrg","title":"CH ELM Results Tul Org","status":"active","experimental":false,"date":"2026-01-21T11:05:32+00:00","publisher":"Federal Office of Public Health FOPH","contact":[{"name":"Federal Office of Public Health FOPH","telecom":[{"system":"url","value":"https://www.bag.admin.ch/bag/en/home/das-bag/kontakt-standort.html"}]}],"description":"The \"CH ELM Results Tul Org\" organism group provides a curated set of codes representing specific organisms. Each code within this group has been selected to ensure precise representation and consistency in relation to the primary LOINC codes. Clients utilizing the \"CH ELM Results Tul Org\" group should refer to the provided codes to accurately and uniformly capture and report organism-related information.","jurisdiction":[{"coding":[{"system":"urn:iso:std:iso:3166","code":"CH"}]}],"copyright":"CC0-1.0","compose":{"include":[{"system":"http://snomed.info/sct","concept":[{"code":"51526001","display":"Francisella tularensis (organism)"},{"code":"60502008","display":"Francisella tularensis subspecies holarctica (organism)"},{"code":"91508008","display":"Francisella tularensis subspecies tularensis (organism)"},{"code":"23930001","display":"Francisella tularensis subspecies mediasiatica (organism)"}]}]}}