{"resourceType":"ImplementationGuide","id":"ch.fhir.ig.cda-fhir-maps","text":{"status":"additional","div":"<div xmlns=\"http://www.w3.org/1999/xhtml\">\n      Implementation Guide for CDA-FHIR-Maps\n    </div>"},"url":"http://fhir.ch/ig/cda-fhir-maps/ImplementationGuide/ch.fhir.ig.cda-fhir-maps","version":"0.2.0","name":"CDA_FHIR_MAPS","title":"CDA-FHIR-Maps (R4)","status":"active","experimental":false,"date":"2021-06-18","publisher":"ahdis","contact":[{"name":"ahdis","telecom":[{"system":"url","value":"http://www.ahdis.ch/"}]}],"copyright":"CC-BY-SA-4.0","packageId":"ch.fhir.ig.cda-fhir-maps","license":"CC-BY-SA-4.0","fhirVersion":["4.0.1"],"dependsOn":[{"id":"cdacore","uri":"http://hl7.org/fhir/cda/ImplementationGuide/hl7.fhir.cda","packageId":"hl7.fhir.cda","version":"dev"},{"id":"chemed","uri":"http://fhir.ch/ig/ch-emed/ImplementationGuide/ch.fhir.ig.ch-emed","packageId":"ch.fhir.ig.ch-emed","version":"1.0.0"}],"definition":{"extension":[{"extension":[{"url":"code","valueString":"releaselabel"},{"url":"value","valueString":"Draft Standard for Trial Use"}],"url":"http://hl7.org/fhir/tools/StructureDefinition/ig-parameter"},{"extension":[{"url":"code","valueString":"copyrightyear"},{"url":"value","valueString":"2020+"}],"url":"http://hl7.org/fhir/tools/StructureDefinition/ig-parameter"},{"extension":[{"url":"code","valueString":"path-liquid"},{"url":"value","valueString":"template/liquid"}],"url":"http://hl7.org/fhir/tools/StructureDefinition/ig-parameter"},{"extension":[{"url":"code","valueString":"path-liquid"},{"url":"value","valueString":"input/liquid"}],"url":"http://hl7.org/fhir/tools/StructureDefinition/ig-parameter"},{"extension":[{"url":"code","valueString":"path-qa"},{"url":"value","valueString":"temp/qa"}],"url":"http://hl7.org/fhir/tools/StructureDefinition/ig-parameter"},{"extension":[{"url":"code","valueString":"path-temp"},{"url":"value","valueString":"temp/pages"}],"url":"http://hl7.org/fhir/tools/StructureDefinition/ig-parameter"},{"extension":[{"url":"code","valueString":"path-output"},{"url":"value","valueString":"output"}],"url":"http://hl7.org/fhir/tools/StructureDefinition/ig-parameter"},{"extension":[{"url":"code","valueString":"path-suppressed-warnings"},{"url":"value","valueString":"input/ignoreWarnings.txt"}],"url":"http://hl7.org/fhir/tools/StructureDefinition/ig-parameter"},{"extension":[{"url":"code","valueString":"path-history"},{"url":"value","valueString":"http://fhir.ch/ig/cda-fhir-maps/history.html"}],"url":"http://hl7.org/fhir/tools/StructureDefinition/ig-parameter"},{"extension":[{"url":"code","valueString":"template-html"},{"url":"value","valueString":"template-page.html"}],"url":"http://hl7.org/fhir/tools/StructureDefinition/ig-parameter"},{"extension":[{"url":"code","valueString":"template-md"},{"url":"value","valueString":"template-page-md.html"}],"url":"http://hl7.org/fhir/tools/StructureDefinition/ig-parameter"},{"extension":[{"url":"code","valueString":"apply-contact"},{"url":"value","valueString":"true"}],"url":"http://hl7.org/fhir/tools/StructureDefinition/ig-parameter"},{"extension":[{"url":"code","valueString":"apply-context"},{"url":"value","valueString":"true"}],"url":"http://hl7.org/fhir/tools/StructureDefinition/ig-parameter"},{"extension":[{"url":"code","valueString":"apply-copyright"},{"url":"value","valueString":"true"}],"url":"http://hl7.org/fhir/tools/StructureDefinition/ig-parameter"},{"extension":[{"url":"code","valueString":"apply-jurisdiction"},{"url":"value","valueString":"true"}],"url":"http://hl7.org/fhir/tools/StructureDefinition/ig-parameter"},{"extension":[{"url":"code","valueString":"apply-license"},{"url":"value","valueString":"true"}],"url":"http://hl7.org/fhir/tools/StructureDefinition/ig-parameter"},{"extension":[{"url":"code","valueString":"apply-publisher"},{"url":"value","valueString":"true"}],"url":"http://hl7.org/fhir/tools/StructureDefinition/ig-parameter"},{"extension":[{"url":"code","valueString":"apply-version"},{"url":"value","valueString":"true"}],"url":"http://hl7.org/fhir/tools/StructureDefinition/ig-parameter"},{"extension":[{"url":"code","valueString":"active-tables"},{"url":"value","valueString":"true"}],"url":"http://hl7.org/fhir/tools/StructureDefinition/ig-parameter"}],"grouping":[{"id":"-map-structuremap","name":"Terminology: Structure Maps","description":"These define transformations to convert between data structures used by systems conforming to this implementation guide"}],"resource":[{"extension":[{"url":"http://hl7.org/fhir/StructureDefinition/implementationguide-page","valueUri":"StructureMap-CdaToFhirTypes.html"}],"reference":{"reference":"StructureMap/CdaToFhirTypes"},"name":"CDA to FHIR types","description":"CDA types to FHIR types","groupingId":"-map-structuremap"},{"extension":[{"url":"http://hl7.org/fhir/StructureDefinition/implementationguide-page","valueUri":"StructureMap-CdaToBundle.html"}],"reference":{"reference":"StructureMap/CdaToBundle"},"name":"CDA to Bundle","description":"CDA Document to FHIR Bundle","groupingId":"-map-structuremap"},{"extension":[{"url":"http://hl7.org/fhir/StructureDefinition/implementationguide-page","valueUri":"StructureMap-CdaChToBundle.html"}],"reference":{"reference":"StructureMap/CdaChToBundle"},"name":"CDA-CH to Bundle","description":"CDA-CH Document to FHIR Bundle","groupingId":"-map-structuremap"},{"extension":[{"url":"http://hl7.org/fhir/StructureDefinition/implementationguide-page","valueUri":"StructureMap-CdaChEmedToBundle.html"}],"reference":{"reference":"StructureMap/CdaChEmedToBundle"},"name":"CDA-CH-EMED to Bundle","description":"CDA-CH-EMED Document to FHIR Bundle","groupingId":"-map-structuremap"},{"extension":[{"url":"http://hl7.org/fhir/StructureDefinition/implementationguide-page","valueUri":"StructureMap-CdaChEmedMedicationTreatmentPlanDocumentToBundle.html"}],"reference":{"reference":"StructureMap/CdaChEmedMedicationTreatmentPlanDocumentToBundle"},"name":"CDA-CH-EMED Medication Treatment Plan document to Bundle","description":"CDA-CH-EMED Medication Treatment Plan document to FHIR Bundle","groupingId":"-map-structuremap"},{"extension":[{"url":"http://hl7.org/fhir/StructureDefinition/implementationguide-page","valueUri":"StructureMap-CdaChEmedMedicationPrescriptionDocumentToBundle.html"}],"reference":{"reference":"StructureMap/CdaChEmedMedicationPrescriptionDocumentToBundle"},"name":"CDA-CH-EMED Medication Prescription document to Bundle","description":"CDA-CH-EMED Medication Prescription document to FHIR Bundle","groupingId":"-map-structuremap"},{"extension":[{"url":"http://hl7.org/fhir/StructureDefinition/implementationguide-page","valueUri":"StructureMap-CdaChEmedMedicationDispenseDocumentToBundle.html"}],"reference":{"reference":"StructureMap/CdaChEmedMedicationDispenseDocumentToBundle"},"name":"CDA-CH-EMED Medication Dispense document to Bundle","description":"CDA-CH-EMED Medication Dispense document to FHIR Bundle","groupingId":"-map-structuremap"},{"extension":[{"url":"http://hl7.org/fhir/StructureDefinition/implementationguide-page","valueUri":"StructureMap-CdaChEmedPharmaceuticalAdviceDocumentToBundle.html"}],"reference":{"reference":"StructureMap/CdaChEmedPharmaceuticalAdviceDocumentToBundle"},"name":"CDA-CH-EMED Pharmaceutical Advice document to Bundle","description":"CDA-CH-EMED Pharmaceutical Advice document to FHIR Bundle","groupingId":"-map-structuremap"},{"extension":[{"url":"http://hl7.org/fhir/StructureDefinition/implementationguide-page","valueUri":"StructureMap-CdaChEmedMedicationListDocumentToBundle.html"}],"reference":{"reference":"StructureMap/CdaChEmedMedicationListDocumentToBundle"},"name":"CDA-CH-EMED Medication List document to Bundle","description":"CDA-CH-EMED Medication List document to FHIR Bundle","groupingId":"-map-structuremap"},{"extension":[{"url":"http://hl7.org/fhir/StructureDefinition/implementationguide-page","valueUri":"StructureMap-CdaChEmedMedicationCardDocumentToBundle.html"}],"reference":{"reference":"StructureMap/CdaChEmedMedicationCardDocumentToBundle"},"name":"CDA-CH-EMED Medication Card document to Bundle","description":"CDA-CH-EMED Medication Card document to FHIR Bundle","groupingId":"-map-structuremap"},{"extension":[{"url":"http://hl7.org/fhir/StructureDefinition/implementationguide-page","valueUri":"StructureMap-FhirToCdaTypes.html"}],"reference":{"reference":"StructureMap/FhirToCdaTypes"},"name":"FHIR to CDA types","description":"FHIR types to CDA types","groupingId":"-map-structuremap"},{"extension":[{"url":"http://hl7.org/fhir/StructureDefinition/implementationguide-page","valueUri":"StructureMap-BundleToCda.html"}],"reference":{"reference":"StructureMap/BundleToCda"},"name":"Bundle to CDA","description":"FHIR Bundle to CDA Document","groupingId":"-map-structuremap"},{"extension":[{"url":"http://hl7.org/fhir/StructureDefinition/implementationguide-page","valueUri":"StructureMap-BundleToCdaCh.html"}],"reference":{"reference":"StructureMap/BundleToCdaCh"},"name":"Bundle to CDA-CH","description":"FHIR Bundle to CDA-CH Document","groupingId":"-map-structuremap"},{"extension":[{"url":"http://hl7.org/fhir/StructureDefinition/implementationguide-page","valueUri":"StructureMap-BundleToCdaChEmed.html"}],"reference":{"reference":"StructureMap/BundleToCdaChEmed"},"name":"Bundle to CDA-CH-EMED","description":"FHIR Bundle to CDA-CH-EMED Document","groupingId":"-map-structuremap"},{"extension":[{"url":"http://hl7.org/fhir/StructureDefinition/implementationguide-page","valueUri":"StructureMap-BundleToCdaChEmedMedicationTreatmentPlanDocument.html"}],"reference":{"reference":"StructureMap/BundleToCdaChEmedMedicationTreatmentPlanDocument"},"name":"Bundle to CDA-CH-EMED Medication Treatment Plan document","description":"FHIR Bundle to CDA-CH-EMED Medication Treatment Plan document","groupingId":"-map-structuremap"},{"extension":[{"url":"http://hl7.org/fhir/StructureDefinition/implementationguide-page","valueUri":"StructureMap-BundleToCdaChEmedMedicationPrescriptionDocument.html"}],"reference":{"reference":"StructureMap/BundleToCdaChEmedMedicationPrescriptionDocument"},"name":"Bundle to CDA-CH-EMED Medication Prescription document","description":"FHIR Bundle to CDA-CH-EMED Medication Prescription document","groupingId":"-map-structuremap"},{"extension":[{"url":"http://hl7.org/fhir/StructureDefinition/implementationguide-page","valueUri":"StructureMap-BundleToCdaChEmedMedicationDispenseDocument.html"}],"reference":{"reference":"StructureMap/BundleToCdaChEmedMedicationDispenseDocument"},"name":"Bundle to CDA-CH-EMED Medication Dispense document","description":"FHIR Bundle to CDA-CH-EMED Medication Dispense document","groupingId":"-map-structuremap"},{"extension":[{"url":"http://hl7.org/fhir/StructureDefinition/implementationguide-page","valueUri":"StructureMap-BundleToCdaChEmedPharmaceuticalAdviceDocument.html"}],"reference":{"reference":"StructureMap/BundleToCdaChEmedPharmaceuticalAdviceDocument"},"name":"Bundle to CDA-CH-EMED Pharmaceutical Advice document","description":"FHIR Bundle to CDA-CH-EMED Pharmaceutical Advice document","groupingId":"-map-structuremap"},{"extension":[{"url":"http://hl7.org/fhir/StructureDefinition/implementationguide-page","valueUri":"StructureMap-BundleToCdaChEmedMedicationCardDocument.html"}],"reference":{"reference":"StructureMap/BundleToCdaChEmedMedicationCardDocument"},"name":"Bundle to CDA-CH-EMED Medication Card document","description":"FHIR Bundle to CDA-CH-EMED Medication Card document","groupingId":"-map-structuremap"}],"page":{"nameUrl":"toc.html","title":"Table of Contents","generation":"html","page":[{"nameUrl":"index.html","title":"Home","generation":"markdown"},{"nameUrl":"maps.html","title":"Maps","generation":"html"},{"nameUrl":"artifacts.html","title":"Artifacts Summary","generation":"html","page":[{"nameUrl":"StructureMap-CdaToFhirTypes.html","title":"CDA to FHIR types","generation":"generated"},{"nameUrl":"StructureMap-CdaToBundle.html","title":"CDA to Bundle","generation":"generated"},{"nameUrl":"StructureMap-CdaChToBundle.html","title":"CDA-CH to Bundle","generation":"generated"},{"nameUrl":"StructureMap-CdaChEmedToBundle.html","title":"CDA-CH-EMED to Bundle","generation":"generated"},{"nameUrl":"StructureMap-CdaChEmedMedicationTreatmentPlanDocumentToBundle.html","title":"CDA-CH-EMED Medication Treatment Plan document to Bundle","generation":"generated"},{"nameUrl":"StructureMap-CdaChEmedMedicationPrescriptionDocumentToBundle.html","title":"CDA-CH-EMED Medication Prescription document to Bundle","generation":"generated"},{"nameUrl":"StructureMap-CdaChEmedMedicationDispenseDocumentToBundle.html","title":"CDA-CH-EMED Medication Dispense document to Bundle","generation":"generated"},{"nameUrl":"StructureMap-CdaChEmedPharmaceuticalAdviceDocumentToBundle.html","title":"CDA-CH-EMED Pharmaceutical Advice document to Bundle","generation":"generated"},{"nameUrl":"StructureMap-CdaChEmedMedicationListDocumentToBundle.html","title":"CDA-CH-EMED Medication List document to Bundle","generation":"generated"},{"nameUrl":"StructureMap-CdaChEmedMedicationCardDocumentToBundle.html","title":"CDA-CH-EMED Medication Card document to Bundle","generation":"generated"},{"nameUrl":"StructureMap-FhirToCdaTypes.html","title":"FHIR to CDA types","generation":"generated"},{"nameUrl":"StructureMap-BundleToCda.html","title":"Bundle to CDA","generation":"generated"},{"nameUrl":"StructureMap-BundleToCdaCh.html","title":"Bundle to CDA-CH","generation":"generated"},{"nameUrl":"StructureMap-BundleToCdaChEmed.html","title":"Bundle to CDA-CH-EMED","generation":"generated"},{"nameUrl":"StructureMap-BundleToCdaChEmedMedicationTreatmentPlanDocument.html","title":"Bundle to CDA-CH-EMED Medication Treatment Plan document","generation":"generated"},{"nameUrl":"StructureMap-BundleToCdaChEmedMedicationPrescriptionDocument.html","title":"Bundle to CDA-CH-EMED Medication Prescription document","generation":"generated"},{"nameUrl":"StructureMap-BundleToCdaChEmedMedicationDispenseDocument.html","title":"Bundle to CDA-CH-EMED Medication Dispense document","generation":"generated"},{"nameUrl":"StructureMap-BundleToCdaChEmedPharmaceuticalAdviceDocument.html","title":"Bundle to CDA-CH-EMED Pharmaceutical Advice document","generation":"generated"},{"nameUrl":"StructureMap-BundleToCdaChEmedMedicationCardDocument.html","title":"Bundle to CDA-CH-EMED Medication Card document","generation":"generated"}]}]},"parameter":[{"code":"path-pages","value":"input/pages"},{"code":"path-resource","value":"input/capabilities"},{"code":"path-resource","value":"input/examples"},{"code":"path-resource","value":"input/extensions"},{"code":"path-resource","value":"input/models"},{"code":"path-resource","value":"input/operations"},{"code":"path-resource","value":"input/profiles"},{"code":"path-resource","value":"input/resources"},{"code":"path-resource","value":"input/vocabulary"},{"code":"path-resource","value":"input/maps"},{"code":"path-resource","value":"input/testing"},{"code":"path-resource","value":"input/history"},{"code":"path-resource","value":"fsh-generated/resources"},{"code":"path-pages","value":"template/config"},{"code":"path-pages","value":"input/images"},{"code":"path-tx-cache","value":"input-cache/txcache"}]}}