<?xml version="1.0" encoding="UTF-8"?><CodeSystem xmlns="http://hl7.org/fhir"><id value="ch-vacd-recommendation-forecast-status-cs"/><text><status value="generated"/><div xmlns="http://www.w3.org/1999/xhtml"><p class="res-header-id"><b>Generated Narrative: CodeSystem ch-vacd-recommendation-forecast-status-cs</b></p><a name="ch-vacd-recommendation-forecast-status-cs"> </a><a name="hcch-vacd-recommendation-forecast-status-cs"> </a><a name="ch-vacd-recommendation-forecast-status-cs-en-US"> </a><p>This case-sensitive code system <code>http://fhir.ch/ig/ch-vacd/CodeSystem/ch-vacd-recommendation-forecast-status-cs</code> defines the following codes:</p><table class="codes"><tr><td style="white-space:nowrap"><b>Code</b></td><td><b>Display</b></td><td><b>Definition</b></td></tr><tr><td style="white-space:nowrap">due<a name="ch-vacd-recommendation-forecast-status-cs-due"> </a></td><td>Due</td><td>The patient is due for their next vaccination.</td></tr><tr><td style="white-space:nowrap">overdue<a name="ch-vacd-recommendation-forecast-status-cs-overdue"> </a></td><td>Overdue</td><td>The patient is considered overdue for their next vaccination.</td></tr><tr><td style="white-space:nowrap">immune<a name="ch-vacd-recommendation-forecast-status-cs-immune"> </a></td><td>Immune</td><td>The patient is immune to the target disease and further immunization against the disease is not likely to provide benefit.</td></tr><tr><td style="white-space:nowrap">consultadvise<a name="ch-vacd-recommendation-forecast-status-cs-consultadvise"> </a></td><td>Consult Advice</td><td>The patient may be contraindicated but get health care advice.</td></tr><tr><td style="white-space:nowrap">indicated<a name="ch-vacd-recommendation-forecast-status-cs-indicated"> </a></td><td>Indicated</td><td>The patient is indicated for further doses.</td></tr><tr><td style="white-space:nowrap">contraindicated<a name="ch-vacd-recommendation-forecast-status-cs-contraindicated"> </a></td><td>Contraindicated</td><td>The patient is contraindicated for further doses.</td></tr><tr><td style="white-space:nowrap">complete<a name="ch-vacd-recommendation-forecast-status-cs-complete"> </a></td><td>Complete</td><td>The patient is fully protected and no further doses are recommended.</td></tr><tr><td style="white-space:nowrap">notrelevant<a name="ch-vacd-recommendation-forecast-status-cs-notrelevant"> </a></td><td>NotRelevant</td><td>There is no relevance for this patient.</td></tr></table><p><b>Additional Language Displays</b></p><table class="codes"><tr><td><b>Code</b></td><td><b>Deutsch (Schweiz) (German (Switzerland), de)</b></td><td><b>English (United States) (English (United States), en)</b></td><td><b>French (Switzerland) (fr)</b></td><td><b>Italian (Switzerland) (it)</b></td><td><b>rm</b></td></tr><tr><td>due</td><td>Die nächste Impfung des Patienten/der Patientin ist fällig.</td><td>The patient is due for their next vaccination.</td><td>Le patient doit recevoir son prochain vaccin.</td><td>Il paziente deve effettuare la prossima vaccinazione.</td><td>La pazienta sto survegnir la proxima vaccinaziun.</td></tr><tr><td>overdue</td><td>Die nächste Impfung des Patienten/der Patientin ist überfällig.</td><td>The patient is considered overdue for their next vaccination.</td><td>Le patient est en retard pour son prochain vaccin.</td><td>Il paziente è in ritardo per la prossima vaccinazione.</td><td>La pazienta vegn considerada sco danvanz per sia proxima vaccinaziun.</td></tr><tr><td>immune</td><td>Der Patient/die Patientin ist gegen die Zielkrankheit immun, und eine weitere Impfung dagegen würde wahrscheinlich keinen Nutzen bringen.</td><td>The patient is immune to the target disease and further immunization against the disease is not likely to provide benefit.</td><td>Le patient est immunisé contre la maladie cible, et une immunisation supplémentaire n’est pas susceptible d’apporter de bénéfice.</td><td>Il paziente è immune alla malattia target ed è improbabile che un'ulteriore immunizzazione apporti benefici.</td><td>Il pazient è immun cunter la malsogna da mira, ed in'ulteriura immunisaziun cunter la malsogna na po betg chaschunar avantatgs.</td></tr><tr><td>consultadvise</td><td>Der Patient/die Patientin kann eine Kontraindikation aufweisen, erhält aber eine Gesundheitsberatung.</td><td>The patient may be contraindicated but get health care advice.</td><td>Le patient pourrait présenter une contre-indication. Demandez conseil à un spécialiste.</td><td>Il paziente potrebbe avere una controindicazione, ma riceve una consulenza sanitaria.</td><td>Il pazient po s'annunziar, ma po sa laschar cussegliar en il sectur da sanadad.</td></tr><tr><td>indicated</td><td>Für den Patienten/die Patientin sind weitere Dosen indiziert.</td><td>The patient is indicated for further doses.</td><td>Des doses supplémentaires sont indiquées pour le patient.</td><td>Il paziente può ricevere ulteriori dosi.</td><td>Il pazient è inditgà per ulteriuras dosas.</td></tr><tr><td>contraindicated</td><td>Für den Patienten/die Patientin sind weitere Dosen kontraindiziert.</td><td>The patient is contraindicated for further doses.</td><td>Des doses supplémentaires sont contre-indiquées pour le patient.</td><td>Per il paziente è controdindicato  ricevere ulteriori dosi.</td><td>Tar ulteriuras dosas vegn la pazienta u il pazient annunzià fauss.</td></tr><tr><td>complete</td><td>Der Patient/die Patientin ist vollständig geschützt, und es werden keine weiteren Dosen empfohlen.</td><td>The patient is fully protected and no further doses are recommended.</td><td>Le patient bénéficie d’une protection complète, et aucune autre dose n’est recommandée.</td><td>Il paziente dispone di una protezione completa e non sono raccomandate ulteriori dosi.</td><td>Il pazient è protegì cumplainamain ed i na vegnan recumandadas naginas ulteriuras dosas.</td></tr><tr><td>notrelevant</td><td>Die Impfung ist für den Patienten/die Patientin nicht relevant.</td><td>There is no relevance for this patient.</td><td>Cette vaccination n’est pas pertinente pour ce patient.</td><td>Non rilevante per questo paziente.</td><td>Per quest pazient n'è nagina relevanza.</td></tr></table></div></text><extension url="http://hl7.org/fhir/StructureDefinition/resource-effectivePeriod"><valuePeriod><start value="2022-04-28T00:00:00+01:00"/></valuePeriod></extension><url value="http://fhir.ch/ig/ch-vacd/CodeSystem/ch-vacd-recommendation-forecast-status-cs"/><identifier><use value="official"/><system value="http://fhir.ch/ig/ch-vacd/cs/entry-conflict"/><value value="entry-conflict"/></identifier><version value="3.1.0"/><name value="SwissRecommendationForecastStatusCodesystem"/><title value="CH VACD Swiss Recommendation Forecast Status"/><status value="active"/><experimental value="false"/><date value="2024-12-17T13:19:22+00:00"/><publisher value="HL7 Switzerland"/><contact><name value="HL7 Switzerland"/><telecom><system value="url"/><value value="https://www.hl7.ch/"/></telecom></contact><contact><name value="HL7 Switzerland"/><telecom><system value="url"/><value value="https://www.hl7.ch/"/><use value="work"/></telecom></contact><description value="Immunization recommendation forecast status values."/><jurisdiction><coding><system value="urn:iso:std:iso:3166"/><code value="CH"/></coding></jurisdiction><copyright value="CC0-1.0"/><caseSensitive value="true"/><content value="complete"/><count value="8"/><concept><code value="due"/><display value="Due"/><definition value="The patient is due for their next vaccination."/><designation><language value="de-CH"/><value value="Die nächste Impfung des Patienten/der Patientin ist fällig."/></designation><designation><language value="fr-CH"/><value value="Le patient doit recevoir son prochain vaccin."/></designation><designation><language value="it-CH"/><value value="Il paziente deve effettuare la prossima vaccinazione."/></designation><designation><language value="rm-CH"/><value value="La pazienta sto survegnir la proxima vaccinaziun."/></designation><designation><language value="en-US"/><value value="The patient is due for their next vaccination."/></designation></concept><concept><code value="overdue"/><display value="Overdue"/><definition value="The patient is considered overdue for their next vaccination."/><designation><language value="de-CH"/><value value="Die nächste Impfung des Patienten/der Patientin ist überfällig."/></designation><designation><language value="fr-CH"/><value value="Le patient est en retard pour son prochain vaccin."/></designation><designation><language value="it-CH"/><value value="Il paziente è in ritardo per la prossima vaccinazione."/></designation><designation><language value="rm-CH"/><value value="La pazienta vegn considerada sco danvanz per sia proxima vaccinaziun."/></designation><designation><language value="en-US"/><value value="The patient is considered overdue for their next vaccination."/></designation></concept><concept><code value="immune"/><display value="Immune"/><definition value="The patient is immune to the target disease and further immunization against the disease is not likely to provide benefit."/><designation><language value="de-CH"/><value value="Der Patient/die Patientin ist gegen die Zielkrankheit immun, und eine weitere Impfung dagegen würde wahrscheinlich keinen Nutzen bringen."/></designation><designation><language value="fr-CH"/><value value="Le patient est immunisé contre la maladie cible, et une immunisation supplémentaire n’est pas susceptible d’apporter de bénéfice."/></designation><designation><language value="it-CH"/><value value="Il paziente è immune alla malattia target ed è improbabile che un'ulteriore immunizzazione apporti benefici."/></designation><designation><language value="rm-CH"/><value value="Il pazient è immun cunter la malsogna da mira, ed in'ulteriura immunisaziun cunter la malsogna na po betg chaschunar avantatgs."/></designation><designation><language value="en-US"/><value value="The patient is immune to the target disease and further immunization against the disease is not likely to provide benefit."/></designation></concept><concept><code value="consultadvise"/><display value="Consult Advice"/><definition value="The patient may be contraindicated but get health care advice."/><designation><language value="de-CH"/><value value="Der Patient/die Patientin kann eine Kontraindikation aufweisen, erhält aber eine Gesundheitsberatung."/></designation><designation><language value="fr-CH"/><value value="Le patient pourrait présenter une contre-indication. Demandez conseil à un spécialiste."/></designation><designation><language value="it-CH"/><value value="Il paziente potrebbe avere una controindicazione, ma riceve una consulenza sanitaria."/></designation><designation><language value="rm-CH"/><value value="Il pazient po s'annunziar, ma po sa laschar cussegliar en il sectur da sanadad."/></designation><designation><language value="en-US"/><value value="The patient may be contraindicated but get health care advice."/></designation></concept><concept><code value="indicated"/><display value="Indicated"/><definition value="The patient is indicated for further doses."/><designation><language value="de-CH"/><value value="Für den Patienten/die Patientin sind weitere Dosen indiziert."/></designation><designation><language value="fr-CH"/><value value="Des doses supplémentaires sont indiquées pour le patient."/></designation><designation><language value="it-CH"/><value value="Il paziente può ricevere ulteriori dosi."/></designation><designation><language value="rm-CH"/><value value="Il pazient è inditgà per ulteriuras dosas."/></designation><designation><language value="en-US"/><value value="The patient is indicated for further doses."/></designation></concept><concept><code value="contraindicated"/><display value="Contraindicated"/><definition value="The patient is contraindicated for further doses."/><designation><language value="de-CH"/><value value="Für den Patienten/die Patientin sind weitere Dosen kontraindiziert."/></designation><designation><language value="fr-CH"/><value value="Des doses supplémentaires sont contre-indiquées pour le patient."/></designation><designation><language value="it-CH"/><value value="Per il paziente è controdindicato  ricevere ulteriori dosi."/></designation><designation><language value="rm-CH"/><value value="Tar ulteriuras dosas vegn la pazienta u il pazient annunzià fauss."/></designation><designation><language value="en-US"/><value value="The patient is contraindicated for further doses."/></designation></concept><concept><code value="complete"/><display value="Complete"/><definition value="The patient is fully protected and no further doses are recommended."/><designation><language value="de-CH"/><value value="Der Patient/die Patientin ist vollständig geschützt, und es werden keine weiteren Dosen empfohlen."/></designation><designation><language value="fr-CH"/><value value="Le patient bénéficie d’une protection complète, et aucune autre dose n’est recommandée."/></designation><designation><language value="it-CH"/><value value="Il paziente dispone di una protezione completa e non sono raccomandate ulteriori dosi."/></designation><designation><language value="rm-CH"/><value value="Il pazient è protegì cumplainamain ed i na vegnan recumandadas naginas ulteriuras dosas."/></designation><designation><language value="en-US"/><value value="The patient is fully protected and no further doses are recommended."/></designation></concept><concept><code value="notrelevant"/><display value="NotRelevant"/><definition value="There is no relevance for this patient."/><designation><language value="de-CH"/><value value="Die Impfung ist für den Patienten/die Patientin nicht relevant."/></designation><designation><language value="fr-CH"/><value value="Cette vaccination n’est pas pertinente pour ce patient."/></designation><designation><language value="it-CH"/><value value="Non rilevante per questo paziente."/></designation><designation><language value="rm-CH"/><value value="Per quest pazient n'è nagina relevanza."/></designation><designation><language value="en-US"/><value value="There is no relevance for this patient."/></designation></concept></CodeSystem>