<?xml version="1.0" encoding="UTF-8"?><ValueSet xmlns="http://hl7.org/fhir"><id value="UnitCode"/><meta><lastUpdated value="2024-03-26T16:03:57Z"/><source value="https://art-decor.org/fhir/4.0/ch-pharm-"/><profile value="http://hl7.org/fhir/StructureDefinition/shareablevalueset"/></meta><text><status value="generated"/><div xmlns="http://www.w3.org/1999/xhtml"><p class="res-header-id"><b>Generated Narrative: ValueSet UnitCode</b></p><a name="UnitCode"> </a><a name="hcUnitCode"> </a><a name="UnitCode-en-US"> </a><div style="display: inline-block; background-color: #d9e0e7; padding: 6px; margin: 4px; border: 1px solid #8da1b4; border-radius: 5px; line-height: 60%"><p style="margin-bottom: 0px">Last updated: 2024-03-26 16:03:57+0000; </p><p style="margin-bottom: 0px">Information Source: <a href="https://art-decor.org/fhir/4.0/ch-pharm-">https://art-decor.org/fhir/4.0/ch-pharm-</a></p><p style="margin-bottom: 0px">Profile: <a href="http://hl7.org/fhir/R4/shareablevalueset.html">Shareable ValueSet</a></p></div><p>This value set includes codes based on the following rules:</p><ul><li>Include these codes as defined in <a href="http://unitsofmeasure.org"><code>http://unitsofmeasure.org</code></a><table class="none"><tr><td style="white-space:nowrap"><b>Code</b></td><td><b>Display</b></td></tr><tr><td>%</td><td>percent</td></tr><tr><td>Bq</td><td>Becquerel</td></tr><tr><td>kBq</td><td>kiloBecquerel</td></tr><tr><td>MBq</td><td>megaBecquerel</td></tr><tr><td>GBq</td><td>gigaBecquerel</td></tr><tr><td>ng</td><td>nanogram</td></tr><tr><td>ug</td><td>microgram</td></tr><tr><td>mg</td><td>milligram</td></tr><tr><td>g</td><td>gram</td></tr><tr><td>kg</td><td>kilogram</td></tr><tr><td>kcal</td><td>kilocalorie</td></tr><tr><td>kJ</td><td>kilojoule</td></tr><tr><td>meq</td><td>milliequivalent</td></tr><tr><td>umol</td><td>micromole</td></tr><tr><td>mmol</td><td>millimole</td></tr><tr><td>nmol</td><td>nanomole</td></tr><tr><td>mol</td><td>mole</td></tr><tr><td>nL</td><td>nanoliter</td></tr><tr><td>uL</td><td>microliter</td></tr><tr><td>mL</td><td>milliliter</td></tr><tr><td>L</td><td>liter</td></tr><tr><td>mm2</td><td>square millimeter</td></tr><tr><td>cm</td><td>centimeter</td></tr><tr><td>cm2</td><td>square centimeter</td></tr><tr><td>cm3</td><td>cubic centimeter</td></tr><tr><td>s</td><td>Second</td></tr><tr><td>min</td><td>Minute</td></tr><tr><td>h</td><td>Hour</td></tr><tr><td>d</td><td>Day</td></tr><tr><td>a</td><td>Year</td></tr><tr><td>mo</td><td>Month</td></tr><tr><td>[tbs_m]</td><td>tablespoon - metric</td></tr><tr><td>10*6.[iU]</td><td>MillionInternationalUnit</td></tr><tr><td>[ppm]</td><td>Parts Per Million</td></tr><tr><td>[tsp_m]</td><td>teaspoon - metric</td></tr><tr><td>[iU]</td><td>international unit</td></tr><tr><td>[CFU]</td><td>Colony Forming Units</td></tr></table></li><li>Include these codes as defined in <a href="http://www.snomed.org/"><code>http://snomed.info/sct</code></a><table class="none"><tr><td style="white-space:nowrap"><b>Code</b></td><td><b>Display</b></td></tr><tr><td><a href="http://snomed.info/id/732981002">732981002</a></td><td>Actuation (unit of presentation)</td></tr><tr><td><a href="http://snomed.info/id/732978007">732978007</a></td><td>Ampule (unit of presentation)</td></tr><tr><td><a href="http://snomed.info/id/413568008">413568008</a></td><td>Application - unit of product usage (qualifier value)</td></tr><tr><td><a href="http://snomed.info/id/732980001">732980001</a></td><td>Applicator (unit of presentation)</td></tr><tr><td><a href="http://snomed.info/id/732982009">732982009</a></td><td>Bag (unit of presentation)</td></tr><tr><td><a href="http://snomed.info/id/732983004">732983004</a></td><td>Barrel (unit of presentation)</td></tr><tr><td><a href="http://snomed.info/id/732984005">732984005</a></td><td>Blister (unit of presentation)</td></tr><tr><td><a href="http://snomed.info/id/732985006">732985006</a></td><td>Block (unit of presentation)</td></tr><tr><td><a href="http://snomed.info/id/732986007">732986007</a></td><td>Bottle (unit of presentation)</td></tr><tr><td><a href="http://snomed.info/id/732987003">732987003</a></td><td>Cachet (unit of presentation)</td></tr><tr><td><a href="http://snomed.info/id/732937005">732937005</a></td><td>Capsule (unit of presentation)</td></tr><tr><td><a href="http://snomed.info/id/732988008">732988008</a></td><td>Cartridge (unit of presentation)</td></tr><tr><td><a href="http://snomed.info/id/732989000">732989000</a></td><td>Chewing gum (unit of presentation)</td></tr><tr><td><a href="http://snomed.info/id/732990009">732990009</a></td><td>Container (unit of presentation)</td></tr><tr><td><a href="http://snomed.info/id/732991008">732991008</a></td><td>Cup (unit of presentation)</td></tr><tr><td><a href="http://snomed.info/id/732992001">732992001</a></td><td>Cylinder (unit of presentation)</td></tr><tr><td><a href="http://snomed.info/id/732993006">732993006</a></td><td>Dressing (unit of presentation)</td></tr><tr><td><a href="http://snomed.info/id/732994000">732994000</a></td><td>Drop (unit of presentation)</td></tr><tr><td><a href="http://snomed.info/id/732995004">732995004</a></td><td>Film (unit of presentation)</td></tr><tr><td><a href="http://snomed.info/id/732996003">732996003</a></td><td>Implant (unit of presentation)</td></tr><tr><td><a href="http://snomed.info/id/732997007">732997007</a></td><td>Inhaler (unit of presentation)</td></tr><tr><td><a href="http://snomed.info/id/732998002">732998002</a></td><td>Insert (unit of presentation)</td></tr><tr><td><a href="http://snomed.info/id/732999005">732999005</a></td><td>Jar (unit of presentation)</td></tr><tr><td><a href="http://snomed.info/id/733001005">733001005</a></td><td>Lyophilisate (unit of presentation)</td></tr><tr><td><a href="http://snomed.info/id/733002003">733002003</a></td><td>Matrix (unit of presentation)</td></tr><tr><td><a href="http://snomed.info/id/733003008">733003008</a></td><td>Pad (unit of presentation)</td></tr><tr><td><a href="http://snomed.info/id/733004002">733004002</a></td><td>Pastille (unit of presentation)</td></tr><tr><td><a href="http://snomed.info/id/733005001">733005001</a></td><td>Patch (unit of presentation)</td></tr><tr><td><a href="http://snomed.info/id/733006000">733006000</a></td><td>Pen (unit of presentation)</td></tr><tr><td><a href="http://snomed.info/id/733007009">733007009</a></td><td>Pessary (unit of presentation)</td></tr><tr><td><a href="http://snomed.info/id/733008004">733008004</a></td><td>Pillule (unit of presentation)</td></tr><tr><td><a href="http://snomed.info/id/733009007">733009007</a></td><td>Pipette (unit of presentation)</td></tr><tr><td><a href="http://snomed.info/id/733010002">733010002</a></td><td>Plaster (unit of presentation)</td></tr><tr><td><a href="http://snomed.info/id/733011003">733011003</a></td><td>Plug (unit of presentation)</td></tr><tr><td><a href="http://snomed.info/id/733012005">733012005</a></td><td>Pouch (unit of presentation)</td></tr><tr><td><a href="http://snomed.info/id/733013000">733013000</a></td><td>Sachet (unit of presentation)</td></tr><tr><td><a href="http://snomed.info/id/733014006">733014006</a></td><td>Sponge (unit of presentation)</td></tr><tr><td><a href="http://snomed.info/id/733015007">733015007</a></td><td>Spoonful (unit of presentation)</td></tr><tr><td><a href="http://snomed.info/id/733016008">733016008</a></td><td>Stick (unit of presentation)</td></tr><tr><td><a href="http://snomed.info/id/733017004">733017004</a></td><td>Straw (unit of presentation)</td></tr><tr><td><a href="http://snomed.info/id/733018009">733018009</a></td><td>Strip (unit of presentation)</td></tr><tr><td><a href="http://snomed.info/id/733019001">733019001</a></td><td>Suppository (unit of presentation)</td></tr><tr><td><a href="http://snomed.info/id/733020007">733020007</a></td><td>Syringe (unit of presentation)</td></tr><tr><td><a href="http://snomed.info/id/733021006">733021006</a></td><td>System (unit of presentation)</td></tr><tr><td><a href="http://snomed.info/id/732936001">732936001</a></td><td>Tablet (unit of presentation)</td></tr><tr><td><a href="http://snomed.info/id/733022004">733022004</a></td><td>Tampon (unit of presentation)</td></tr><tr><td><a href="http://snomed.info/id/733023009">733023009</a></td><td>Thread (unit of presentation)</td></tr><tr><td><a href="http://snomed.info/id/733024003">733024003</a></td><td>Tube (unit of presentation)</td></tr><tr><td><a href="http://snomed.info/id/733025002">733025002</a></td><td>Vessel (unit of presentation)</td></tr><tr><td><a href="http://snomed.info/id/733026001">733026001</a></td><td>Vial (unit of presentation)</td></tr><tr><td><a href="http://snomed.info/id/408102007">408102007</a></td><td>Dose</td></tr><tr><td><a href="http://snomed.info/id/396186001">396186001</a></td><td>(the number ten for arbitrary powers ^ 6) * Unit</td></tr><tr><td><a href="http://snomed.info/id/1681000175101">1681000175101</a></td><td>Package</td></tr><tr><td><a href="http://snomed.info/id/246205007">246205007</a></td><td>Quantity (attribute)</td></tr><tr><td><a href="http://snomed.info/id/2011000175108">2011000175108</a></td><td>Thousand Per * Unit</td></tr><tr><td><a href="http://snomed.info/id/767525000">767525000</a></td><td>Unit</td></tr></table></li></ul><p><b>Additional Language Displays</b></p><table class="codes"><tr><td><b>Code</b></td><td><b>Deutsch (Schweiz) (German (Switzerland), de)</b></td><td><b>English (United States) (English (United States), en)</b></td><td><b>French (Switzerland) (fr)</b></td><td><b>Italian (Switzerland) (it)</b></td><td><b>rm</b></td></tr><tr><td>%</td><td>%</td><td>%</td><td>%</td><td>%</td><td>%</td></tr><tr><td>Bq</td><td>Bq</td><td>Bq</td><td>Bq</td><td>Bq</td><td>Bq</td></tr><tr><td>kBq</td><td>kBq</td><td>kBq</td><td>kBq</td><td>kBq</td><td>kBq</td></tr><tr><td>MBq</td><td>MBq</td><td>MBq</td><td>MBq</td><td>MBq</td><td>MBq</td></tr><tr><td>GBq</td><td>GBq</td><td>GBq</td><td>GBq</td><td>GBq</td><td>GBq</td></tr><tr><td>ng</td><td>ng</td><td>ng</td><td>ng</td><td>ng</td><td>ng</td></tr><tr><td>ug</td><td>µg</td><td>µg</td><td>µg</td><td>µg</td><td>µg</td></tr><tr><td>mg</td><td>mg</td><td>mg</td><td>mg</td><td>mg</td><td>mg</td></tr><tr><td>g</td><td>g</td><td>g</td><td>g</td><td>g</td><td>g</td></tr><tr><td>kg</td><td>kg</td><td>kg</td><td>kg</td><td>kg</td><td>kg</td></tr><tr><td>kcal</td><td>kcal</td><td>kcal</td><td>kcal</td><td>kcal</td><td>kcal</td></tr><tr><td>kJ</td><td>kJ</td><td>kJ</td><td>kJ</td><td>kJ</td><td>kJ</td></tr><tr><td>meq</td><td>meq</td><td>meq</td><td>mEq</td><td>mEq</td><td>meq</td></tr><tr><td>umol</td><td>µmol</td><td>µmol</td><td>µmol</td><td>µmol</td><td>µmol</td></tr><tr><td>mmol</td><td>mmol</td><td>mmol</td><td>mmol</td><td>mmol</td><td>mmol</td></tr><tr><td>nmol</td><td>nmol</td><td>nmol</td><td>nmol</td><td>nmol</td><td>nmol</td></tr><tr><td>mol</td><td>mol</td><td>mol</td><td>mol</td><td>mol</td><td>mol</td></tr><tr><td>nL</td><td>nl</td><td>nl</td><td>nl</td><td>nl</td><td>nl</td></tr><tr><td>uL</td><td>µl</td><td>µl</td><td>µl</td><td>µl</td><td>µl</td></tr><tr><td>mL</td><td>ml</td><td>ml</td><td>ml</td><td>ml</td><td>ml</td></tr><tr><td>L</td><td>lt</td><td>lt</td><td>lt</td><td>l</td><td>lt</td></tr><tr><td>mm2</td><td>mm2</td><td>mm2</td><td>mm2</td><td>mm2</td><td>mm2</td></tr><tr><td>cm</td><td>cm</td><td>cm</td><td>cm</td><td>cm</td><td>cm</td></tr><tr><td>cm2</td><td>cm2</td><td>cm2</td><td>cm2</td><td>cm2</td><td>cm2</td></tr><tr><td>cm3</td><td>cm3</td><td>cm3</td><td>cm3</td><td>cm3</td><td>cm3</td></tr><tr><td>s</td><td>sec</td><td>sec</td><td>sec</td><td>sec</td><td>sec</td></tr><tr><td>min</td><td>min</td><td>min</td><td>min</td><td>min</td><td>min</td></tr><tr><td>h</td><td>h</td><td>h</td><td>h</td><td>h</td><td>h</td></tr><tr><td>d</td><td>d</td><td>d</td><td>d</td><td>d</td><td>d</td></tr><tr><td>a</td><td>a</td><td>a</td><td>a</td><td>a</td><td>a</td></tr><tr><td>mo</td><td>mo</td><td>mo</td><td>mo</td><td>mo</td><td>mo</td></tr><tr><td>[tbs_m]</td><td>Esslöffel</td><td>tablespoon - metric</td><td>c. à soupe</td><td>cucchiaio da minestra</td><td>Esslöffel</td></tr><tr><td>10*6.[iU]</td><td>MioUI</td><td>MillionInternationalUnit</td><td>MioUI</td><td>MioUI</td><td>MioUI</td></tr><tr><td>[ppm]</td><td>ppm</td><td>ppm</td><td>ppm</td><td>ppm</td><td>ppm</td></tr><tr><td>[tsp_m]</td><td>Teelöffel</td><td>teaspoon - metric</td><td>c. à café</td><td>cucchiaino da caffè</td><td>Teelöffel</td></tr><tr><td>[iU]</td><td>Internationale Einheit</td><td>international unit</td><td>unité(s) internationale(s)</td><td>unità internazionale(i)</td><td>Internationale Einheit</td></tr><tr><td>[CFU]</td><td>CFU</td><td>CFU</td><td>CFU</td><td>CFU</td><td>CFU</td></tr><tr><td>732981002</td><td>Hub</td><td>Actuation</td><td>bouffée</td><td>erogazione</td><td>Betätigung (Sprühstoss)</td></tr><tr><td>732978007</td><td>Ampulle</td><td>Ampule</td><td>ampoule</td><td>fiala</td><td>Ampulle</td></tr><tr><td>413568008</td><td>Application - unit of product usage (qualifier value)</td><td>Application - unit of product usage (qualifier value)</td><td>Application - unit of product usage (qualifier value)</td><td>Application - unit of product usage (qualifier value)</td><td>Application - unit of product usage (qualifier value)</td></tr><tr><td>732980001</td><td>Applikator</td><td>Applicator</td><td>applicateur</td><td>applicatore</td><td>Applikator</td></tr><tr><td>732982009</td><td>Tasche</td><td>Bag</td><td>sac</td><td>sacca</td><td>Tasche</td></tr><tr><td>732983004</td><td>Kanister</td><td>Barrel</td><td>fût</td><td>fusto</td><td>Kanister</td></tr><tr><td>732984005</td><td>Blisterpackung</td><td>Blister</td><td>plaquette</td><td>blister</td><td>Blisterpackung</td></tr><tr><td>732985006</td><td>Block</td><td>Block</td><td>bloc</td><td>blocco</td><td>Block</td></tr><tr><td>732986007</td><td>Flasche</td><td>Bottle</td><td>flacon</td><td>flacone</td><td>Flasche</td></tr><tr><td>732987003</td><td>Oblatenkapsel</td><td>Cachet</td><td>cachet</td><td>cachet</td><td>Oblatenkapsel</td></tr><tr><td>732937005</td><td>Kapsel</td><td>Capsule</td><td>capsule</td><td>capsula</td><td>Kapsel</td></tr><tr><td>732988008</td><td>Patrone</td><td>Cartridge</td><td>cartouche</td><td>cartuccia</td><td>Patrone</td></tr><tr><td>732989000</td><td>Kaugummi</td><td>Chewing gum</td><td>gomme à mâcher</td><td>gomma da masticare</td><td>Kaugummi</td></tr><tr><td>732990009</td><td>Behältnis</td><td>Container</td><td>récipient</td><td>contenitore</td><td>Behältnis</td></tr><tr><td>732991008</td><td>Messbecher</td><td>Cup</td><td>godet</td><td>bicchiere dosatore</td><td>Messbecher</td></tr><tr><td>732992001</td><td>Zylinder</td><td>Cylinder</td><td>cylindre</td><td>cilindro</td><td>Zylinder</td></tr><tr><td>732993006</td><td>Verband</td><td>Dressing</td><td>compresse</td><td>garza</td><td>Verband</td></tr><tr><td>732994000</td><td>Tropfen</td><td>Drop</td><td>goutte</td><td>goccia</td><td>Tropfen</td></tr><tr><td>732995004</td><td>Film</td><td>Film</td><td>film</td><td>film</td><td>Film</td></tr><tr><td>732996003</td><td>Implantat</td><td>Implant</td><td>implant</td><td>impianto</td><td>Implantat</td></tr><tr><td>732997007</td><td>Inhalator</td><td>Inhaler</td><td>inhalateur</td><td>inalatore</td><td>Inhalator</td></tr><tr><td>732998002</td><td>Insert</td><td>Insert</td><td>insert</td><td>inserto</td><td>Insert</td></tr><tr><td>732999005</td><td>Weithalsgefäss</td><td>Jar</td><td>pot</td><td>vasetto</td><td>Weithalsgefäss</td></tr><tr><td>733001005</td><td>Lyophilisat</td><td>Lyophilisate</td><td>lyophilisat</td><td>liofilizzato</td><td>Lyophilisat</td></tr><tr><td>733002003</td><td>Matrix</td><td>Matrix</td><td>matrice</td><td>matrice</td><td>Matrix</td></tr><tr><td>733003008</td><td>Pad</td><td>Pad</td><td>tampon applicateur</td><td>tampone</td><td>Pad</td></tr><tr><td>733004002</td><td>Pastille</td><td>Pastille</td><td>pastille molle</td><td>pastiglia molle</td><td>Pastille</td></tr><tr><td>733005001</td><td>Patch</td><td>Patch</td><td>patch</td><td>cerotto</td><td>Patch</td></tr><tr><td>733006000</td><td>Pen</td><td>Pen</td><td>stylo</td><td>penna</td><td>Pen</td></tr><tr><td>733007009</td><td>Pessar</td><td>Pessary</td><td>ovule</td><td>ovulo</td><td>Pessar</td></tr><tr><td>733008004</td><td>Streukügelchen</td><td>Pillule</td><td>granule</td><td>granuli</td><td>Streukügelchen</td></tr><tr><td>733009007</td><td>Pipette</td><td>Pipette</td><td>pipette</td><td>pipetta</td><td>Pipette</td></tr><tr><td>733010002</td><td>Pflaster</td><td>Plaster</td><td>emplâtre</td><td>cerotto</td><td>Pflaster</td></tr><tr><td>733011003</td><td>Einsatz</td><td>Plug</td><td>support poreux</td><td>supporto</td><td>Einsatz</td></tr><tr><td>733012005</td><td>Beutelchen</td><td>Pouch</td><td>pochette</td><td>sachetta</td><td>Beutelchen</td></tr><tr><td>733013000</td><td>Beutel</td><td>Sachet</td><td>sachet</td><td>bustina</td><td>Beutel</td></tr><tr><td>733014006</td><td>Schwämmchen</td><td>Sponge</td><td>eponge</td><td>spugna</td><td>Schwämmchen</td></tr><tr><td>733015007</td><td>ein Löffel voll</td><td>Spoonful</td><td>cuillerée</td><td>cucciaio</td><td>ein Löffel voll</td></tr><tr><td>733016008</td><td>Stäbchen</td><td>Stick</td><td>bâton</td><td>stick</td><td>Stäbchen</td></tr><tr><td>733017004</td><td>Trinkhalm</td><td>Straw</td><td>paille</td><td>cannuccia</td><td>Trinkhalm</td></tr><tr><td>733018009</td><td>Streifen</td><td>Strip</td><td>bandelette</td><td>strip</td><td>Streifen</td></tr><tr><td>733019001</td><td>Zäpfchen</td><td>Suppository</td><td>suppositoire</td><td>supposta</td><td>Zäpfchen</td></tr><tr><td>733020007</td><td>Spritze</td><td>Syringe</td><td>seringue</td><td>siringa</td><td>Spritze</td></tr><tr><td>733021006</td><td>System</td><td>System</td><td>système</td><td>sistema</td><td>System</td></tr><tr><td>732936001</td><td>Tablette</td><td>Tablet</td><td>comprimé</td><td>compressa</td><td>Tablette</td></tr><tr><td>733022004</td><td>Tampon</td><td>Tampon</td><td>tampon diffuseur</td><td>tampone</td><td>Tampon</td></tr><tr><td>733023009</td><td>Faden</td><td>Thread</td><td>fil</td><td>filo</td><td>Faden</td></tr><tr><td>733024003</td><td>Tube</td><td>Tube</td><td>tube</td><td>tubo</td><td>Tube</td></tr><tr><td>733025002</td><td>Gefäss</td><td>Vessel</td><td>récipient étanche</td><td>recipiente a tenuta</td><td>Gefäss</td></tr><tr><td>733026001</td><td>Durchstechflasche</td><td>Vial</td><td>petit flacon</td><td>flaconcino</td><td>Durchstechflasche</td></tr><tr><td>408102007</td><td>Dos</td><td>Dose</td><td>dose</td><td>dose</td><td>Dos</td></tr><tr><td>396186001</td><td>MioU</td><td>MioU</td><td>MioU</td><td>MioU</td><td>MioU</td></tr><tr><td>1681000175101</td><td>Packung</td><td>Package</td><td>emballage</td><td>confezione</td><td>Packung</td></tr><tr><td>246205007</td><td>Stk</td><td>Piece(s)</td><td>pce</td><td>pz</td><td>Stk</td></tr><tr><td>2011000175108</td><td>Tausend Einheiten</td><td>Thousand Per * Unit</td><td>millier d'unités</td><td>mille per unità *</td><td>Tausend Einheiten</td></tr><tr><td>767525000</td><td>Einheit</td><td>unit</td><td>unité(s)</td><td>unità</td><td>Einheit</td></tr></table></div></text><extension url="http://hl7.org/fhir/StructureDefinition/resource-effectivePeriod"><valuePeriod><start value="2024-03-26T15:58:51+01:00"/></valuePeriod></extension><url value="http://fhir.ch/ig/ch-term/ValueSet/UnitCode"/><identifier><use value="official"/><system value="urn:ietf:rfc:3986"/><value value="urn:oid:2.16.756.5.30.1.1.11.83"/></identifier><version value="3.1.0"/><name value="UnitCode"/><title value="UnitCode"/><status value="active"/><experimental value="false"/><date value="2024-12-17T13:19:22+00:00"/><publisher value="HL7 Switzerland"/><contact><name value="HL7 Switzerland"/><telecom><system value="url"/><value value="https://www.hl7.ch/"/></telecom></contact><contact><name value="HL7 Switzerland"/><telecom><system value="url"/><value value="https://www.hl7.ch/"/><use value="work"/></telecom></contact><description value="UnitCode"/><jurisdiction><coding><system value="urn:iso:std:iso:3166"/><code value="CH"/></coding></jurisdiction><immutable value="false"/><copyright value="This artefact includes content from SNOMED Clinical Terms® (SNOMED CT®) which is copyright of the International Health Terminology Standards Development Organisation (IHTSDO). Implementers of these artefacts must have the appropriate SNOMED CT Affiliate license - for more information contact http://www.snomed.org/snomed-ct/getsnomed-ct or info@snomed.org."/><compose><include><system value="http://unitsofmeasure.org"/><concept><code value="%"/><display value="percent"/><designation><language value="de-CH"/><value value="%"/></designation><designation><language value="fr-CH"/><value value="%"/></designation><designation><language value="it-CH"/><value value="%"/></designation><designation><language value="rm-CH"/><value value="%"/></designation><designation><language value="en-US"/><value value="%"/></designation></concept><concept><code value="Bq"/><display value="Becquerel"/><designation><language value="de-CH"/><value value="Bq"/></designation><designation><language value="fr-CH"/><value value="Bq"/></designation><designation><language value="it-CH"/><value value="Bq"/></designation><designation><language value="rm-CH"/><value value="Bq"/></designation><designation><language value="en-US"/><value value="Bq"/></designation></concept><concept><code value="kBq"/><display value="kiloBecquerel"/><designation><language value="de-CH"/><value value="kBq"/></designation><designation><language value="fr-CH"/><value value="kBq"/></designation><designation><language value="it-CH"/><value value="kBq"/></designation><designation><language value="rm-CH"/><value value="kBq"/></designation><designation><language value="en-US"/><value value="kBq"/></designation></concept><concept><code value="MBq"/><display value="megaBecquerel"/><designation><language value="de-CH"/><value value="MBq"/></designation><designation><language value="fr-CH"/><value value="MBq"/></designation><designation><language value="it-CH"/><value value="MBq"/></designation><designation><language value="rm-CH"/><value value="MBq"/></designation><designation><language value="en-US"/><value value="MBq"/></designation></concept><concept><code value="GBq"/><display value="gigaBecquerel"/><designation><language value="de-CH"/><value value="GBq"/></designation><designation><language value="fr-CH"/><value value="GBq"/></designation><designation><language value="it-CH"/><value value="GBq"/></designation><designation><language value="rm-CH"/><value value="GBq"/></designation><designation><language value="en-US"/><value value="GBq"/></designation></concept><concept><code value="ng"/><display value="nanogram"/><designation><language value="de-CH"/><value value="ng"/></designation><designation><language value="fr-CH"/><value value="ng"/></designation><designation><language value="it-CH"/><value value="ng"/></designation><designation><language value="rm-CH"/><value value="ng"/></designation><designation><language value="en-US"/><value value="ng"/></designation></concept><concept><code value="ug"/><display value="microgram"/><designation><language value="de-CH"/><value value="µg"/></designation><designation><language value="fr-CH"/><value value="µg"/></designation><designation><language value="it-CH"/><value value="µg"/></designation><designation><language value="rm-CH"/><value value="µg"/></designation><designation><language value="en-US"/><value value="µg"/></designation></concept><concept><code value="mg"/><display value="milligram"/><designation><language value="de-CH"/><value value="mg"/></designation><designation><language value="fr-CH"/><value value="mg"/></designation><designation><language value="it-CH"/><value value="mg"/></designation><designation><language value="rm-CH"/><value value="mg"/></designation><designation><language value="en-US"/><value value="mg"/></designation></concept><concept><code value="g"/><display value="gram"/><designation><language value="de-CH"/><value value="g"/></designation><designation><language value="fr-CH"/><value value="g"/></designation><designation><language value="it-CH"/><value value="g"/></designation><designation><language value="rm-CH"/><value value="g"/></designation><designation><language value="en-US"/><value value="g"/></designation></concept><concept><code value="kg"/><display value="kilogram"/><designation><language value="de-CH"/><value value="kg"/></designation><designation><language value="fr-CH"/><value value="kg"/></designation><designation><language value="it-CH"/><value value="kg"/></designation><designation><language value="rm-CH"/><value value="kg"/></designation><designation><language value="en-US"/><value value="kg"/></designation></concept><concept><code value="kcal"/><display value="kilocalorie"/><designation><language value="de-CH"/><value value="kcal"/></designation><designation><language value="fr-CH"/><value value="kcal"/></designation><designation><language value="it-CH"/><value value="kcal"/></designation><designation><language value="rm-CH"/><value value="kcal"/></designation><designation><language value="en-US"/><value value="kcal"/></designation></concept><concept><code value="kJ"/><display value="kilojoule"/><designation><language value="de-CH"/><value value="kJ"/></designation><designation><language value="fr-CH"/><value value="kJ"/></designation><designation><language value="it-CH"/><value value="kJ"/></designation><designation><language value="rm-CH"/><value value="kJ"/></designation><designation><language value="en-US"/><value value="kJ"/></designation></concept><concept><code value="meq"/><display value="milliequivalent"/><designation><language value="de-CH"/><value value="meq"/></designation><designation><language value="fr-CH"/><value value="mEq"/></designation><designation><language value="it-CH"/><value value="mEq"/></designation><designation><language value="rm-CH"/><value value="meq"/></designation><designation><language value="en-US"/><value value="meq"/></designation></concept><concept><code value="umol"/><display value="micromole"/><designation><language value="de-CH"/><value value="µmol"/></designation><designation><language value="fr-CH"/><value value="µmol"/></designation><designation><language value="it-CH"/><value value="µmol"/></designation><designation><language value="rm-CH"/><value value="µmol"/></designation><designation><language value="en-US"/><value value="µmol"/></designation></concept><concept><code value="mmol"/><display value="millimole"/><designation><language value="de-CH"/><value value="mmol"/></designation><designation><language value="fr-CH"/><value value="mmol"/></designation><designation><language value="it-CH"/><value value="mmol"/></designation><designation><language value="rm-CH"/><value value="mmol"/></designation><designation><language value="en-US"/><value value="mmol"/></designation></concept><concept><code value="nmol"/><display value="nanomole"/><designation><language value="de-CH"/><value value="nmol"/></designation><designation><language value="fr-CH"/><value value="nmol"/></designation><designation><language value="it-CH"/><value value="nmol"/></designation><designation><language value="rm-CH"/><value value="nmol"/></designation><designation><language value="en-US"/><value value="nmol"/></designation></concept><concept><code value="mol"/><display value="mole"/><designation><language value="de-CH"/><value value="mol"/></designation><designation><language value="fr-CH"/><value value="mol"/></designation><designation><language value="it-CH"/><value value="mol"/></designation><designation><language value="rm-CH"/><value value="mol"/></designation><designation><language value="en-US"/><value value="mol"/></designation></concept><concept><code value="nL"/><display value="nanoliter"/><designation><language value="de-CH"/><value value="nl"/></designation><designation><language value="fr-CH"/><value value="nl"/></designation><designation><language value="it-CH"/><value value="nl"/></designation><designation><language value="rm-CH"/><value value="nl"/></designation><designation><language value="en-US"/><value value="nl"/></designation></concept><concept><code value="uL"/><display value="microliter"/><designation><language value="de-CH"/><value value="µl"/></designation><designation><language value="fr-CH"/><value value="µl"/></designation><designation><language value="it-CH"/><value value="µl"/></designation><designation><language value="rm-CH"/><value value="µl"/></designation><designation><language value="en-US"/><value value="µl"/></designation></concept><concept><code value="mL"/><display value="milliliter"/><designation><language value="de-CH"/><value value="ml"/></designation><designation><language value="fr-CH"/><value value="ml"/></designation><designation><language value="it-CH"/><value value="ml"/></designation><designation><language value="rm-CH"/><value value="ml"/></designation><designation><language value="en-US"/><value value="ml"/></designation></concept><concept><code value="L"/><display value="liter"/><designation><language value="de-CH"/><value value="lt"/></designation><designation><language value="fr-CH"/><value value="lt"/></designation><designation><language value="it-CH"/><value value="l"/></designation><designation><language value="rm-CH"/><value value="lt"/></designation><designation><language value="en-US"/><value value="lt"/></designation></concept><concept><code value="mm2"/><display value="square millimeter"/><designation><language value="de-CH"/><value value="mm2"/></designation><designation><language value="fr-CH"/><value value="mm2"/></designation><designation><language value="it-CH"/><value value="mm2"/></designation><designation><language value="rm-CH"/><value value="mm2"/></designation><designation><language value="en-US"/><value value="mm2"/></designation></concept><concept><code value="cm"/><display value="centimeter"/><designation><language value="de-CH"/><value value="cm"/></designation><designation><language value="fr-CH"/><value value="cm"/></designation><designation><language value="it-CH"/><value value="cm"/></designation><designation><language value="rm-CH"/><value value="cm"/></designation><designation><language value="en-US"/><value value="cm"/></designation></concept><concept><code value="cm2"/><display value="square centimeter"/><designation><language value="de-CH"/><value value="cm2"/></designation><designation><language value="fr-CH"/><value value="cm2"/></designation><designation><language value="it-CH"/><value value="cm2"/></designation><designation><language value="rm-CH"/><value value="cm2"/></designation><designation><language value="en-US"/><value value="cm2"/></designation></concept><concept><code value="cm3"/><display value="cubic centimeter"/><designation><language value="de-CH"/><value value="cm3"/></designation><designation><language value="fr-CH"/><value value="cm3"/></designation><designation><language value="it-CH"/><value value="cm3"/></designation><designation><language value="rm-CH"/><value value="cm3"/></designation><designation><language value="en-US"/><value value="cm3"/></designation></concept><concept><code value="s"/><display value="Second"/><designation><language value="de-CH"/><value value="sec"/></designation><designation><language value="fr-CH"/><value value="sec"/></designation><designation><language value="it-CH"/><value value="sec"/></designation><designation><language value="rm-CH"/><value value="sec"/></designation><designation><language value="en-US"/><value value="sec"/></designation></concept><concept><code value="min"/><display value="Minute"/><designation><language value="de-CH"/><value value="min"/></designation><designation><language value="fr-CH"/><value value="min"/></designation><designation><language value="it-CH"/><value value="min"/></designation><designation><language value="rm-CH"/><value value="min"/></designation><designation><language value="en-US"/><value value="min"/></designation></concept><concept><code value="h"/><display value="Hour"/><designation><language value="de-CH"/><value value="h"/></designation><designation><language value="fr-CH"/><value value="h"/></designation><designation><language value="it-CH"/><value value="h"/></designation><designation><language value="rm-CH"/><value value="h"/></designation><designation><language value="en-US"/><value value="h"/></designation></concept><concept><code value="d"/><display value="Day"/><designation><language value="de-CH"/><value value="d"/></designation><designation><language value="fr-CH"/><value value="d"/></designation><designation><language value="it-CH"/><value value="d"/></designation><designation><language value="rm-CH"/><value value="d"/></designation><designation><language value="en-US"/><value value="d"/></designation></concept><concept><code value="a"/><display value="Year"/><designation><language value="de-CH"/><value value="a"/></designation><designation><language value="fr-CH"/><value value="a"/></designation><designation><language value="it-CH"/><value value="a"/></designation><designation><language value="rm-CH"/><value value="a"/></designation><designation><language value="en-US"/><value value="a"/></designation></concept><concept><code value="mo"/><display value="Month"/><designation><language value="de-CH"/><value value="mo"/></designation><designation><language value="fr-CH"/><value value="mo"/></designation><designation><language value="it-CH"/><value value="mo"/></designation><designation><language value="rm-CH"/><value value="mo"/></designation><designation><language value="en-US"/><value value="mo"/></designation></concept><concept><code value="[tbs_m]"/><display value="tablespoon - metric"/><designation><language value="de-CH"/><value value="Esslöffel"/></designation><designation><language value="fr-CH"/><value value="c. à soupe"/></designation><designation><language value="it-CH"/><value value="cucchiaio da minestra"/></designation><designation><language value="rm-CH"/><value value="Esslöffel"/></designation><designation><language value="en-US"/><value value="tablespoon - metric"/></designation></concept><concept><code value="10*6.[iU]"/><display value="MillionInternationalUnit"/><designation><language value="de-CH"/><value value="MioUI"/></designation><designation><language value="fr-CH"/><value value="MioUI"/></designation><designation><language value="it-CH"/><value value="MioUI"/></designation><designation><language value="rm-CH"/><value value="MioUI"/></designation><designation><language value="en-US"/><value value="MillionInternationalUnit"/></designation></concept><concept><code value="[ppm]"/><display value="Parts Per Million"/><designation><language value="de-CH"/><value value="ppm"/></designation><designation><language value="fr-CH"/><value value="ppm"/></designation><designation><language value="it-CH"/><value value="ppm"/></designation><designation><language value="rm-CH"/><value value="ppm"/></designation><designation><language value="en-US"/><value value="ppm"/></designation></concept><concept><code value="[tsp_m]"/><display value="teaspoon - metric"/><designation><language value="de-CH"/><value value="Teelöffel"/></designation><designation><language value="fr-CH"/><value value="c. à café"/></designation><designation><language value="it-CH"/><value value="cucchiaino da caffè"/></designation><designation><language value="rm-CH"/><value value="Teelöffel"/></designation><designation><language value="en-US"/><value value="teaspoon - metric"/></designation></concept><concept><code value="[iU]"/><display value="international unit"/><designation><language value="de-CH"/><value value="Internationale Einheit"/></designation><designation><language value="fr-CH"/><value value="unité(s) internationale(s)"/></designation><designation><language value="it-CH"/><value value="unità internazionale(i)"/></designation><designation><language value="rm-CH"/><value value="Internationale Einheit"/></designation><designation><language value="en-US"/><value value="international unit"/></designation></concept><concept><code value="[CFU]"/><display value="Colony Forming Units"/><designation><language value="de-CH"/><value value="CFU"/></designation><designation><language value="fr-CH"/><value value="CFU"/></designation><designation><language value="it-CH"/><value value="CFU"/></designation><designation><language value="rm-CH"/><value value="CFU"/></designation><designation><language value="en-US"/><value value="CFU"/></designation></concept></include><include><system value="http://snomed.info/sct"/><concept><code value="732981002"/><display value="Actuation (unit of presentation)"/><designation><language value="de-CH"/><value value="Sprühstoss"/></designation><designation><language value="de-CH"/><value value="Hub"/></designation><designation><language value="fr-CH"/><value value="bouffée"/></designation><designation><language value="it-CH"/><value value="erogazione"/></designation><designation><language value="rm-CH"/><value value="Betätigung (Sprühstoss)"/></designation><designation><language value="en-US"/><value value="Actuation"/></designation></concept><concept><code value="732978007"/><display value="Ampule (unit of presentation)"/><designation><language value="de-CH"/><value value="Ampulle"/></designation><designation><language value="fr-CH"/><value value="ampoule"/></designation><designation><language value="it-CH"/><value value="fiala"/></designation><designation><language value="rm-CH"/><value value="Ampulle"/></designation><designation><language value="en-US"/><value value="Ampule"/></designation></concept><concept><code value="413568008"/><display value="Application - unit of product usage (qualifier value)"/><designation><language value="de-CH"/><value value="Application - unit of product usage (qualifier value)"/></designation><designation><language value="fr-CH"/><value value="Application - unit of product usage (qualifier value)"/></designation><designation><language value="it-CH"/><value value="Application - unit of product usage (qualifier value)"/></designation><designation><language value="rm-CH"/><value value="Application - unit of product usage (qualifier value)"/></designation><designation><language value="en-US"/><value value="Application - unit of product usage (qualifier value)"/></designation></concept><concept><code value="732980001"/><display value="Applicator (unit of presentation)"/><designation><language value="de-CH"/><value value="Applikator"/></designation><designation><language value="fr-CH"/><value value="applicateur"/></designation><designation><language value="it-CH"/><value value="applicatore"/></designation><designation><language value="rm-CH"/><value value="Applikator"/></designation><designation><language value="en-US"/><value value="Applicator"/></designation></concept><concept><code value="732982009"/><display value="Bag (unit of presentation)"/><designation><language value="de-CH"/><value value="Tasche"/></designation><designation><language value="fr-CH"/><value value="sac"/></designation><designation><language value="it-CH"/><value value="sacca"/></designation><designation><language value="rm-CH"/><value value="Tasche"/></designation><designation><language value="en-US"/><value value="Bag"/></designation></concept><concept><code value="732983004"/><display value="Barrel (unit of presentation)"/><designation><language value="de-CH"/><value value="Kanister"/></designation><designation><language value="fr-CH"/><value value="fût"/></designation><designation><language value="it-CH"/><value value="fusto"/></designation><designation><language value="rm-CH"/><value value="Kanister"/></designation><designation><language value="en-US"/><value value="Barrel"/></designation></concept><concept><code value="732984005"/><display value="Blister (unit of presentation)"/><designation><language value="de-CH"/><value value="Blisterpackung"/></designation><designation><language value="fr-CH"/><value value="plaquette"/></designation><designation><language value="it-CH"/><value value="blister"/></designation><designation><language value="rm-CH"/><value value="Blisterpackung"/></designation><designation><language value="en-US"/><value value="Blister"/></designation></concept><concept><code value="732985006"/><display value="Block (unit of presentation)"/><designation><language value="de-CH"/><value value="Block"/></designation><designation><language value="fr-CH"/><value value="bloc"/></designation><designation><language value="it-CH"/><value value="blocco"/></designation><designation><language value="rm-CH"/><value value="Block"/></designation><designation><language value="en-US"/><value value="Block"/></designation></concept><concept><code value="732986007"/><display value="Bottle (unit of presentation)"/><designation><language value="de-CH"/><value value="Flasche"/></designation><designation><language value="fr-CH"/><value value="flacon"/></designation><designation><language value="it-CH"/><value value="flacone"/></designation><designation><language value="rm-CH"/><value value="Flasche"/></designation><designation><language value="en-US"/><value value="Bottle"/></designation></concept><concept><code value="732987003"/><display value="Cachet (unit of presentation)"/><designation><language value="de-CH"/><value value="Oblatenkapsel"/></designation><designation><language value="fr-CH"/><value value="cachet"/></designation><designation><language value="it-CH"/><value value="cachet"/></designation><designation><language value="rm-CH"/><value value="Oblatenkapsel"/></designation><designation><language value="en-US"/><value value="Cachet"/></designation></concept><concept><code value="732937005"/><display value="Capsule (unit of presentation)"/><designation><language value="de-CH"/><value value="Kapsel"/></designation><designation><language value="fr-CH"/><value value="capsule"/></designation><designation><language value="it-CH"/><value value="capsula"/></designation><designation><language value="rm-CH"/><value value="Kapsel"/></designation><designation><language value="en-US"/><value value="Capsule"/></designation></concept><concept><code value="732988008"/><display value="Cartridge (unit of presentation)"/><designation><language value="de-CH"/><value value="Patrone"/></designation><designation><language value="fr-CH"/><value value="cartouche"/></designation><designation><language value="it-CH"/><value value="cartuccia"/></designation><designation><language value="rm-CH"/><value value="Patrone"/></designation><designation><language value="en-US"/><value value="Cartridge"/></designation></concept><concept><code value="732989000"/><display value="Chewing gum (unit of presentation)"/><designation><language value="de-CH"/><value value="Kaugummi"/></designation><designation><language value="fr-CH"/><value value="gomme à mâcher"/></designation><designation><language value="it-CH"/><value value="gomma da masticare"/></designation><designation><language value="rm-CH"/><value value="Kaugummi"/></designation><designation><language value="en-US"/><value value="Chewing gum"/></designation></concept><concept><code value="732990009"/><display value="Container (unit of presentation)"/><designation><language value="de-CH"/><value value="Behältnis"/></designation><designation><language value="fr-CH"/><value value="récipient"/></designation><designation><language value="it-CH"/><value value="contenitore"/></designation><designation><language value="rm-CH"/><value value="Behältnis"/></designation><designation><language value="en-US"/><value value="Container"/></designation></concept><concept><code value="732991008"/><display value="Cup (unit of presentation)"/><designation><language value="de-CH"/><value value="Messbecher"/></designation><designation><language value="fr-CH"/><value value="godet"/></designation><designation><language value="it-CH"/><value value="bicchiere dosatore"/></designation><designation><language value="rm-CH"/><value value="Messbecher"/></designation><designation><language value="en-US"/><value value="Cup"/></designation></concept><concept><code value="732992001"/><display value="Cylinder (unit of presentation)"/><designation><language value="de-CH"/><value value="Zylinder"/></designation><designation><language value="fr-CH"/><value value="cylindre"/></designation><designation><language value="it-CH"/><value value="cilindro"/></designation><designation><language value="rm-CH"/><value value="Zylinder"/></designation><designation><language value="en-US"/><value value="Cylinder"/></designation></concept><concept><code value="732993006"/><display value="Dressing (unit of presentation)"/><designation><language value="de-CH"/><value value="Verband"/></designation><designation><language value="fr-CH"/><value value="compresse"/></designation><designation><language value="it-CH"/><value value="garza"/></designation><designation><language value="rm-CH"/><value value="Verband"/></designation><designation><language value="en-US"/><value value="Dressing"/></designation></concept><concept><code value="732994000"/><display value="Drop (unit of presentation)"/><designation><language value="de-CH"/><value value="Tropfen"/></designation><designation><language value="fr-CH"/><value value="goutte"/></designation><designation><language value="it-CH"/><value value="goccia"/></designation><designation><language value="rm-CH"/><value value="Tropfen"/></designation><designation><language value="en-US"/><value value="Drop"/></designation></concept><concept><code value="732995004"/><display value="Film (unit of presentation)"/><designation><language value="de-CH"/><value value="Film"/></designation><designation><language value="fr-CH"/><value value="film"/></designation><designation><language value="it-CH"/><value value="film"/></designation><designation><language value="rm-CH"/><value value="Film"/></designation><designation><language value="en-US"/><value value="Film"/></designation></concept><concept><code value="732996003"/><display value="Implant (unit of presentation)"/><designation><language value="de-CH"/><value value="Implantat"/></designation><designation><language value="fr-CH"/><value value="implant"/></designation><designation><language value="it-CH"/><value value="impianto"/></designation><designation><language value="rm-CH"/><value value="Implantat"/></designation><designation><language value="en-US"/><value value="Implant"/></designation></concept><concept><code value="732997007"/><display value="Inhaler (unit of presentation)"/><designation><language value="de-CH"/><value value="Inhalator"/></designation><designation><language value="fr-CH"/><value value="inhalateur"/></designation><designation><language value="it-CH"/><value value="inalatore"/></designation><designation><language value="rm-CH"/><value value="Inhalator"/></designation><designation><language value="en-US"/><value value="Inhaler"/></designation></concept><concept><code value="732998002"/><display value="Insert (unit of presentation)"/><designation><language value="de-CH"/><value value="Insert"/></designation><designation><language value="fr-CH"/><value value="insert"/></designation><designation><language value="it-CH"/><value value="inserto"/></designation><designation><language value="rm-CH"/><value value="Insert"/></designation><designation><language value="en-US"/><value value="Insert"/></designation></concept><concept><code value="732999005"/><display value="Jar (unit of presentation)"/><designation><language value="de-CH"/><value value="Weithalsgefäss"/></designation><designation><language value="fr-CH"/><value value="pot"/></designation><designation><language value="it-CH"/><value value="vasetto"/></designation><designation><language value="rm-CH"/><value value="Weithalsgefäss"/></designation><designation><language value="en-US"/><value value="Jar"/></designation></concept><concept><code value="733001005"/><display value="Lyophilisate (unit of presentation)"/><designation><language value="de-CH"/><value value="Lyophilisat"/></designation><designation><language value="fr-CH"/><value value="lyophilisat"/></designation><designation><language value="it-CH"/><value value="liofilizzato"/></designation><designation><language value="rm-CH"/><value value="Lyophilisat"/></designation><designation><language value="en-US"/><value value="Lyophilisate"/></designation></concept><concept><code value="733002003"/><display value="Matrix (unit of presentation)"/><designation><language value="de-CH"/><value value="Matrix"/></designation><designation><language value="fr-CH"/><value value="matrice"/></designation><designation><language value="it-CH"/><value value="matrice"/></designation><designation><language value="rm-CH"/><value value="Matrix"/></designation><designation><language value="en-US"/><value value="Matrix"/></designation></concept><concept><code value="733003008"/><display value="Pad (unit of presentation)"/><designation><language value="de-CH"/><value value="Pad"/></designation><designation><language value="fr-CH"/><value value="tampon applicateur"/></designation><designation><language value="it-CH"/><value value="tampone"/></designation><designation><language value="rm-CH"/><value value="Pad"/></designation><designation><language value="en-US"/><value value="Pad"/></designation></concept><concept><code value="733004002"/><display value="Pastille (unit of presentation)"/><designation><language value="de-CH"/><value value="Pastille"/></designation><designation><language value="fr-CH"/><value value="pastille molle"/></designation><designation><language value="it-CH"/><value value="pastiglia molle"/></designation><designation><language value="rm-CH"/><value value="Pastille"/></designation><designation><language value="en-US"/><value value="Pastille"/></designation></concept><concept><code value="733005001"/><display value="Patch (unit of presentation)"/><designation><language value="de-CH"/><value value="Patch"/></designation><designation><language value="fr-CH"/><value value="patch"/></designation><designation><language value="it-CH"/><value value="cerotto"/></designation><designation><language value="rm-CH"/><value value="Patch"/></designation><designation><language value="en-US"/><value value="Patch"/></designation></concept><concept><code value="733006000"/><display value="Pen (unit of presentation)"/><designation><language value="de-CH"/><value value="Pen"/></designation><designation><language value="fr-CH"/><value value="stylo"/></designation><designation><language value="it-CH"/><value value="penna"/></designation><designation><language value="rm-CH"/><value value="Pen"/></designation><designation><language value="en-US"/><value value="Pen"/></designation></concept><concept><code value="733007009"/><display value="Pessary (unit of presentation)"/><designation><language value="de-CH"/><value value="Pessar"/></designation><designation><language value="fr-CH"/><value value="ovule"/></designation><designation><language value="it-CH"/><value value="ovulo"/></designation><designation><language value="rm-CH"/><value value="Pessar"/></designation><designation><language value="en-US"/><value value="Pessary"/></designation></concept><concept><code value="733008004"/><display value="Pillule (unit of presentation)"/><designation><language value="de-CH"/><value value="Streukügelchen"/></designation><designation><language value="fr-CH"/><value value="granule"/></designation><designation><language value="it-CH"/><value value="granuli"/></designation><designation><language value="rm-CH"/><value value="Streukügelchen"/></designation><designation><language value="en-US"/><value value="Pillule"/></designation></concept><concept><code value="733009007"/><display value="Pipette (unit of presentation)"/><designation><language value="de-CH"/><value value="Pipette"/></designation><designation><language value="fr-CH"/><value value="pipette"/></designation><designation><language value="it-CH"/><value value="pipetta"/></designation><designation><language value="rm-CH"/><value value="Pipette"/></designation><designation><language value="en-US"/><value value="Pipette"/></designation></concept><concept><code value="733010002"/><display value="Plaster (unit of presentation)"/><designation><language value="de-CH"/><value value="Pflaster"/></designation><designation><language value="fr-CH"/><value value="emplâtre"/></designation><designation><language value="it-CH"/><value value="cerotto"/></designation><designation><language value="rm-CH"/><value value="Pflaster"/></designation><designation><language value="en-US"/><value value="Plaster"/></designation></concept><concept><code value="733011003"/><display value="Plug (unit of presentation)"/><designation><language value="de-CH"/><value value="Einsatz"/></designation><designation><language value="fr-CH"/><value value="support poreux"/></designation><designation><language value="it-CH"/><value value="supporto"/></designation><designation><language value="rm-CH"/><value value="Einsatz"/></designation><designation><language value="en-US"/><value value="Plug"/></designation></concept><concept><code value="733012005"/><display value="Pouch (unit of presentation)"/><designation><language value="de-CH"/><value value="Beutelchen"/></designation><designation><language value="fr-CH"/><value value="pochette"/></designation><designation><language value="it-CH"/><value value="sachetta"/></designation><designation><language value="rm-CH"/><value value="Beutelchen"/></designation><designation><language value="en-US"/><value value="Pouch"/></designation></concept><concept><code value="733013000"/><display value="Sachet (unit of presentation)"/><designation><language value="de-CH"/><value value="Beutel"/></designation><designation><language value="fr-CH"/><value value="sachet"/></designation><designation><language value="it-CH"/><value value="bustina"/></designation><designation><language value="rm-CH"/><value value="Beutel"/></designation><designation><language value="en-US"/><value value="Sachet"/></designation></concept><concept><code value="733014006"/><display value="Sponge (unit of presentation)"/><designation><language value="de-CH"/><value value="Schwämmchen"/></designation><designation><language value="fr-CH"/><value value="eponge"/></designation><designation><language value="it-CH"/><value value="spugna"/></designation><designation><language value="rm-CH"/><value value="Schwämmchen"/></designation><designation><language value="en-US"/><value value="Sponge"/></designation></concept><concept><code value="733015007"/><display value="Spoonful (unit of presentation)"/><designation><language value="de-CH"/><value value="ein Löffel voll"/></designation><designation><language value="fr-CH"/><value value="cuillerée"/></designation><designation><language value="it-CH"/><value value="cucciaio"/></designation><designation><language value="rm-CH"/><value value="ein Löffel voll"/></designation><designation><language value="en-US"/><value value="Spoonful"/></designation></concept><concept><code value="733016008"/><display value="Stick (unit of presentation)"/><designation><language value="de-CH"/><value value="Stäbchen"/></designation><designation><language value="fr-CH"/><value value="bâton"/></designation><designation><language value="it-CH"/><value value="stick"/></designation><designation><language value="rm-CH"/><value value="Stäbchen"/></designation><designation><language value="en-US"/><value value="Stick"/></designation></concept><concept><code value="733017004"/><display value="Straw (unit of presentation)"/><designation><language value="de-CH"/><value value="Trinkhalm"/></designation><designation><language value="fr-CH"/><value value="paille"/></designation><designation><language value="it-CH"/><value value="cannuccia"/></designation><designation><language value="rm-CH"/><value value="Trinkhalm"/></designation><designation><language value="en-US"/><value value="Straw"/></designation></concept><concept><code value="733018009"/><display value="Strip (unit of presentation)"/><designation><language value="de-CH"/><value value="Streifen"/></designation><designation><language value="fr-CH"/><value value="bandelette"/></designation><designation><language value="it-CH"/><value value="strip"/></designation><designation><language value="rm-CH"/><value value="Streifen"/></designation><designation><language value="en-US"/><value value="Strip"/></designation></concept><concept><code value="733019001"/><display value="Suppository (unit of presentation)"/><designation><language value="de-CH"/><value value="Zäpfchen"/></designation><designation><language value="fr-CH"/><value value="suppositoire"/></designation><designation><language value="it-CH"/><value value="supposta"/></designation><designation><language value="rm-CH"/><value value="Zäpfchen"/></designation><designation><language value="en-US"/><value value="Suppository"/></designation></concept><concept><code value="733020007"/><display value="Syringe (unit of presentation)"/><designation><language value="de-CH"/><value value="Spritze"/></designation><designation><language value="fr-CH"/><value value="seringue"/></designation><designation><language value="it-CH"/><value value="siringa"/></designation><designation><language value="rm-CH"/><value value="Spritze"/></designation><designation><language value="en-US"/><value value="Syringe"/></designation></concept><concept><code value="733021006"/><display value="System (unit of presentation)"/><designation><language value="de-CH"/><value value="System"/></designation><designation><language value="fr-CH"/><value value="système"/></designation><designation><language value="it-CH"/><value value="sistema"/></designation><designation><language value="rm-CH"/><value value="System"/></designation><designation><language value="en-US"/><value value="System"/></designation></concept><concept><code value="732936001"/><display value="Tablet (unit of presentation)"/><designation><language value="de-CH"/><value value="Tablette"/></designation><designation><language value="fr-CH"/><value value="comprimé"/></designation><designation><language value="it-CH"/><value value="compressa"/></designation><designation><language value="rm-CH"/><value value="Tablette"/></designation><designation><language value="en-US"/><value value="Tablet"/></designation></concept><concept><code value="733022004"/><display value="Tampon (unit of presentation)"/><designation><language value="de-CH"/><value value="Tampon"/></designation><designation><language value="fr-CH"/><value value="tampon diffuseur"/></designation><designation><language value="it-CH"/><value value="tampone"/></designation><designation><language value="rm-CH"/><value value="Tampon"/></designation><designation><language value="en-US"/><value value="Tampon"/></designation></concept><concept><code value="733023009"/><display value="Thread (unit of presentation)"/><designation><language value="de-CH"/><value value="Faden"/></designation><designation><language value="fr-CH"/><value value="fil"/></designation><designation><language value="it-CH"/><value value="filo"/></designation><designation><language value="rm-CH"/><value value="Faden"/></designation><designation><language value="en-US"/><value value="Thread"/></designation></concept><concept><code value="733024003"/><display value="Tube (unit of presentation)"/><designation><language value="de-CH"/><value value="Tube"/></designation><designation><language value="fr-CH"/><value value="tube"/></designation><designation><language value="it-CH"/><value value="tubo"/></designation><designation><language value="rm-CH"/><value value="Tube"/></designation><designation><language value="en-US"/><value value="Tube"/></designation></concept><concept><code value="733025002"/><display value="Vessel (unit of presentation)"/><designation><language value="de-CH"/><value value="Gefäss"/></designation><designation><language value="fr-CH"/><value value="récipient étanche"/></designation><designation><language value="it-CH"/><value value="recipiente a tenuta"/></designation><designation><language value="rm-CH"/><value value="Gefäss"/></designation><designation><language value="en-US"/><value value="Vessel"/></designation></concept><concept><code value="733026001"/><display value="Vial (unit of presentation)"/><designation><language value="de-CH"/><value value="Durchstechflasche"/></designation><designation><language value="fr-CH"/><value value="petit flacon"/></designation><designation><language value="it-CH"/><value value="flaconcino"/></designation><designation><language value="rm-CH"/><value value="Durchstechflasche"/></designation><designation><language value="en-US"/><value value="Vial"/></designation></concept><concept><code value="408102007"/><display value="Dose"/><designation><language value="de-CH"/><value value="Dos"/></designation><designation><language value="fr-CH"/><value value="dose"/></designation><designation><language value="it-CH"/><value value="dose"/></designation><designation><language value="rm-CH"/><value value="Dos"/></designation><designation><language value="en-US"/><value value="Dose"/></designation></concept><concept><code value="396186001"/><display value="(the number ten for arbitrary powers ^ 6) * Unit"/><designation><language value="de-CH"/><value value="MioU"/></designation><designation><language value="fr-CH"/><value value="MioU"/></designation><designation><language value="it-CH"/><value value="MioU"/></designation><designation><language value="rm-CH"/><value value="MioU"/></designation><designation><language value="en-US"/><value value="MioU"/></designation></concept><concept><code value="1681000175101"/><display value="Package"/><designation><language value="de-CH"/><value value="Packung"/></designation><designation><language value="fr-CH"/><value value="emballage"/></designation><designation><language value="it-CH"/><value value="confezione"/></designation><designation><language value="rm-CH"/><value value="Packung"/></designation><designation><language value="en-US"/><value value="Package"/></designation></concept><concept><code value="246205007"/><display value="Quantity (attribute)"/><designation><language value="de-CH"/><value value="Stk"/></designation><designation><language value="fr-CH"/><value value="pce"/></designation><designation><language value="it-CH"/><value value="pz"/></designation><designation><language value="rm-CH"/><value value="Stk"/></designation><designation><language value="en-US"/><value value="Piece(s)"/></designation></concept><concept><code value="2011000175108"/><display value="Thousand Per * Unit"/><designation><language value="de-CH"/><value value="Tausend Einheiten"/></designation><designation><language value="fr-CH"/><value value="millier d'unités"/></designation><designation><language value="it-CH"/><value value="mille per unità *"/></designation><designation><language value="rm-CH"/><value value="Tausend Einheiten"/></designation><designation><language value="en-US"/><value value="Thousand Per * Unit"/></designation></concept><concept><code value="767525000"/><display value="Unit"/><designation><language value="de-CH"/><value value="Einheit"/></designation><designation><language value="fr-CH"/><value value="unité(s)"/></designation><designation><language value="it-CH"/><value value="unità"/></designation><designation><language value="rm-CH"/><value value="Einheit"/></designation><designation><language value="en-US"/><value value="unit"/></designation></concept></include></compose></ValueSet>