{
  "resourceType": "ValueSet",
  "id": "ch-ehealth-valueset-deletionstatus",
  "text": {
    "status": "generated",
    "div": "<div xmlns=\"http://www.w3.org/1999/xhtml\"><ul><li>Include these codes as defined in <a href=\"CodeSystem-ch-ehealth-codesystem-deletionstatus.html\"><code>http://fhir.ch/ig/ch-epr-mhealth/CodeSysteme/ch-ehealth-codesystem-deletionstatus</code></a><table class=\"none\"><tr><td style=\"white-space:nowrap\"><b>Code</b></td><td><b>Display</b></td></tr><tr><td><a href=\"CodeSystem-ch-ehealth-codesystem-deletionstatus.html#ch-ehealth-codesystem-deletionstatus-deletionNotRequested\">deletionNotRequested</a></td><td/><td>Expected behavior: No action requested. This value can also be sent to undo the other options.</td></tr><tr><td><a href=\"CodeSystem-ch-ehealth-codesystem-deletionstatus.html#ch-ehealth-codesystem-deletionstatus-deletionRequested\">deletionRequested</a></td><td/><td>Expected behavior: Document shall be deleted.</td></tr><tr><td><a href=\"CodeSystem-ch-ehealth-codesystem-deletionstatus.html#ch-ehealth-codesystem-deletionstatus-deletionProhibited\">deletionProhibited</a></td><td/><td>Expected behavior: This document shall not be deleted after the time period for the deletion of out-dated documents as defined in the law.</td></tr></table></li></ul></div>"
  },
  "url": "http://fhir.ch/ig/ch-epr-mhealth/ValueSet/ch-ehealth-valueset-deletionstatus",
  "version": "0.1.0",
  "name": "CHEhealthValuesetDeletionStatus",
  "title": "ch-ehealth-valueset-deletionstatus",
  "status": "draft",
  "date": "2020-08-18T18:19:33+02:00",
  "publisher": "eHealth Suisse",
  "contact": [
    {
      "name": "eHealth Suisse",
      "telecom": [
        {
          "system": "url",
          "value": "https://www.e-health-suisse.ch"
        }
      ]
    }
  ],
  "description": "Additional metadata about deletion status on the DocumentReference",
  "jurisdiction": [
    {
      "coding": [
        {
          "system": "urn:iso:std:iso:3166",
          "code": "CH"
        }
      ]
    }
  ],
  "immutable": false,
  "compose": {
    "include": [
      {
        "system": "http://fhir.ch/ig/ch-epr-mhealth/CodeSysteme/ch-ehealth-codesystem-deletionstatus",
        "concept": [
          {
            "code": "deletionNotRequested"
          },
          {
            "code": "deletionRequested"
          },
          {
            "code": "deletionProhibited"
          }
        ]
      }
    ]
  }
}