<?xml version="1.0" encoding="UTF-8"?>

<PractitionerRole xmlns="http://hl7.org/fhir">
  <id value="869a4dd9-3a4a-4838-ad1e-42453d341147"/>
  <meta>
    <profile value="http://fhir.ch/ig/ch-ips/StructureDefinition/ch-ips-practitionerrole"/>
  </meta>
  <text>
    <status value="generated"/><div xmlns="http://www.w3.org/1999/xhtml"><p class="res-header-id"><b>Generated Narrative: PractitionerRole 869a4dd9-3a4a-4838-ad1e-42453d341147</b></p><a name="869a4dd9-3a4a-4838-ad1e-42453d341147"> </a><a name="hc869a4dd9-3a4a-4838-ad1e-42453d341147"> </a><div style="display: inline-block; background-color: #d9e0e7; padding: 6px; margin: 4px; border: 1px solid #8da1b4; border-radius: 5px; line-height: 60%"><p style="margin-bottom: 0px"/><p style="margin-bottom: 0px">Profile: <a href="StructureDefinition-ch-ips-practitionerrole.html">CH IPS PractitionerRole</a></p></div><p><b>practitioner</b>: <a href="Bundle-UC1-SwissIpsDocument2.html#urn-uuid-4d4e3587-42eb-4921-8c87-8bbf89b7eb4b">Practitioner Martina Meier </a></p><p><b>organization</b>: <a href="Bundle-UC1-SwissIpsDocument2.html#urn-uuid-a27376ce-fa12-458d-a2dc-f90e63de126b">Organization Spital</a></p></div>
  </text>
  <practitioner>
    <reference value="urn:uuid:4d4e3587-42eb-4921-8c87-8bbf89b7eb4b"/>
  </practitioner>
  <organization>
    <reference value="urn:uuid:a27376ce-fa12-458d-a2dc-f90e63de126b"/>
  </organization>
</PractitionerRole>