<?xml version="1.0" encoding="UTF-8"?><CodeSystem xmlns="http://hl7.org/fhir"><id value="ch-epl-foph-price-type"/><text><status value="generated"/><div xmlns="http://www.w3.org/1999/xhtml"><p class="res-header-id"><b>Generated Narrative: CodeSystem ch-epl-foph-price-type</b></p><a name="ch-epl-foph-price-type"> </a><a name="hcch-epl-foph-price-type"> </a><a name="ch-epl-foph-price-type-en-US"> </a><p>This case-insensitive code system <code>http://fhir.ch/ig/ch-epl/CodeSystem/ch-epl-foph-price-type</code> defines the following codes:</p><table class="codes"><tr><td style="white-space:nowrap"><b>Code</b></td><td><b>Display</b></td><td><b>Deutsch (German, de)</b></td></tr><tr><td style="white-space:nowrap">756002005001<a name="ch-epl-foph-price-type-756002005001"> </a></td><td>Retail price</td><td>Publikumspreis</td></tr><tr><td style="white-space:nowrap">756002005002<a name="ch-epl-foph-price-type-756002005002"> </a></td><td>Ex-factory price</td><td>Fabrikabgabe Preis</td></tr><tr><td style="white-space:nowrap">756002005003<a name="ch-epl-foph-price-type-756002005003"> </a></td><td>Cost effective price</td><td>Wirtschaftlicher Preis</td></tr></table></div></text><url value="http://fhir.ch/ig/ch-epl/CodeSystem/ch-epl-foph-price-type"/><version value="1.0.0-ballot"/><name value="ChEplPriceTypeCS"/><title value="CH EPL - Price Type"/><status value="active"/><experimental value="false"/><date value="2025-05-22T14:35:11+00:00"/><publisher value="Federal Office of Public Health FOPH"/><contact><name value="Federal Office of Public Health FOPH"/><telecom><system value="url"/><value value="https://www.bag.admin.ch/bag/en/home/das-bag/kontakt-standort.html"/></telecom></contact><description value="CH ePL - Standard Terms used in Switzerland (aggregations of codes of ValueSets Price Type"/><jurisdiction><coding><system value="urn:iso:std:iso:3166"/><code value="CH"/></coding></jurisdiction><copyright value="CC0-1.0"/><caseSensitive value="false"/><content value="complete"/><count value="3"/><concept><code value="756002005001"/><display value="Retail price"/><designation><language value="de"/><use><system value="http://snomed.info/sct"/><code value="900000000000003001"/><display value="Fully specified name"/></use><value value="Publikumspreis"/></designation><designation><language value="de"/><use><system value="http://snomed.info/sct"/><code value="900000000000013009"/><display value="Synonym (core metadata concept)"/></use><value value="PP"/></designation><designation><use><system value="http://terminology.hl7.org/CodeSystem/designation-usage"/><code value="display"/></use><value value="Retail price"/></designation></concept><concept><code value="756002005002"/><display value="Ex-factory price"/><designation><language value="de"/><use><system value="http://snomed.info/sct"/><code value="900000000000003001"/><display value="Fully specified name"/></use><value value="Fabrikabgabe Preis"/></designation><designation><language value="de"/><use><system value="http://snomed.info/sct"/><code value="900000000000013009"/><display value="Synonym (core metadata concept)"/></use><value value="FAP"/></designation><designation><use><system value="http://terminology.hl7.org/CodeSystem/designation-usage"/><code value="display"/></use><value value="Ex-factory price"/></designation></concept><concept><code value="756002005003"/><display value="Cost effective price"/><designation><language value="de"/><use><system value="http://snomed.info/sct"/><code value="900000000000003001"/><display value="Fully specified name"/></use><value value="Wirtschaftlicher Preis"/></designation><designation><language value="de"/><use><system value="http://snomed.info/sct"/><code value="900000000000013009"/><display value="Synonym (core metadata concept)"/></use><value value="WP"/></designation><designation><use><system value="http://terminology.hl7.org/CodeSystem/designation-usage"/><code value="display"/></use><value value="Cost effective price"/></designation></concept></CodeSystem>