<?xml version="1.0" encoding="UTF-8"?><CodeSystem xmlns="http://hl7.org/fhir"><id value="ch-SMC-authorisation-status"/><text><status value="generated"/><div xmlns="http://www.w3.org/1999/xhtml"><p class="res-header-id"><b>Generated Narrative: CodeSystem ch-SMC-authorisation-status</b></p><a name="ch-SMC-authorisation-status"> </a><a name="hcch-SMC-authorisation-status"> </a><p>This case-insensitive code system <code>http://fhir.ch/ig/ch-epl/CodeSystem/ch-SMC-authorisation-status</code> defines the following codes:</p><table class="codes"><tr><td style="white-space:nowrap"><b>Code</b></td><td><b>Display</b></td><td><b>Deutsch (German, de)</b></td></tr><tr><td style="white-space:nowrap">756005023001<a name="ch-SMC-authorisation-status-756005023001"> </a></td><td>applied for</td><td>angemeldet</td></tr><tr><td style="white-space:nowrap">756005023002<a name="ch-SMC-authorisation-status-756005023002"> </a></td><td>limited authorisation</td><td>befristet</td></tr><tr><td style="white-space:nowrap">756005023003<a name="ch-SMC-authorisation-status-756005023003"> </a></td><td>limited authorisation expired</td><td>Befristete Zulassung abgelaufen</td></tr><tr><td style="white-space:nowrap">756005023004<a name="ch-SMC-authorisation-status-756005023004"> </a></td><td>expired</td><td>nicht mehr zugelassen</td></tr><tr><td style="white-space:nowrap">756005023005<a name="ch-SMC-authorisation-status-756005023005"> </a></td><td>suspended</td><td>sistiert</td></tr><tr><td style="white-space:nowrap">756005023006<a name="ch-SMC-authorisation-status-756005023006"> </a></td><td>never atuhorized</td><td>nie zugelassen</td></tr><tr><td style="white-space:nowrap">756005023007<a name="ch-SMC-authorisation-status-756005023007"> </a></td><td>valid</td><td>zugelassen</td></tr></table></div></text><url value="http://fhir.ch/ig/ch-epl/CodeSystem/ch-SMC-authorisation-status"/><version value="1.0.0"/><name value="ChSMCAuthorisationStatusCS"/><title value="CH SMC - Authorisation Status"/><status value="active"/><experimental value="false"/><date value="2025-12-11T12:35:50+00:00"/><publisher value="Federal Office of Public Health FOPH"/><contact><name value="Federal Office of Public Health FOPH"/><telecom><system value="url"/><value value="https://www.bag.admin.ch/bag/en/home/das-bag/kontakt-standort.html"/></telecom></contact><description value="CH - Standard Terms used in Switzerland (aggregations of codes of ValueSets Zulassungsstatus)"/><jurisdiction><coding><system value="urn:iso:std:iso:3166"/><code value="CH"/></coding></jurisdiction><copyright value="CC0-1.0"/><caseSensitive value="false"/><content value="complete"/><count value="7"/><concept><code value="756005023001"/><display value="applied for"/><designation><language value="de"/><use><system value="http://snomed.info/sct"/><code value="900000000000003001"/><display value="Fully specified name"/></use><value value="angemeldet"/></designation><designation><language value="de"/><use><system value="http://snomed.info/sct"/><code value="900000000000013009"/><display value="Synonym"/></use><value value="A"/></designation><designation><use><system value="http://terminology.hl7.org/CodeSystem/hl7TermMaintInfra"/><code value="preferredForLanguage"/></use><value value="applied for"/></designation></concept><concept><code value="756005023002"/><display value="limited authorisation"/><designation><language value="de"/><use><system value="http://snomed.info/sct"/><code value="900000000000003001"/><display value="Fully specified name"/></use><value value="befristet"/></designation><designation><language value="de"/><use><system value="http://snomed.info/sct"/><code value="900000000000013009"/><display value="Synonym"/></use><value value="B"/></designation><designation><use><system value="http://terminology.hl7.org/CodeSystem/hl7TermMaintInfra"/><code value="preferredForLanguage"/></use><value value="limited authorisation"/></designation></concept><concept><code value="756005023003"/><display value="limited authorisation expired"/><designation><language value="de"/><use><system value="http://snomed.info/sct"/><code value="900000000000003001"/><display value="Fully specified name"/></use><value value="Befristete Zulassung abgelaufen"/></designation><designation><language value="de"/><use><system value="http://snomed.info/sct"/><code value="900000000000013009"/><display value="Synonym"/></use><value value="BA"/></designation><designation><use><system value="http://terminology.hl7.org/CodeSystem/hl7TermMaintInfra"/><code value="preferredForLanguage"/></use><value value="limited authorisation expired"/></designation></concept><concept><code value="756005023004"/><display value="expired"/><designation><language value="de"/><use><system value="http://snomed.info/sct"/><code value="900000000000003001"/><display value="Fully specified name"/></use><value value="nicht mehr zugelassen"/></designation><designation><language value="de"/><use><system value="http://snomed.info/sct"/><code value="900000000000013009"/><display value="Synonym"/></use><value value="D"/></designation><designation><use><system value="http://terminology.hl7.org/CodeSystem/hl7TermMaintInfra"/><code value="preferredForLanguage"/></use><value value="expired"/></designation></concept><concept><code value="756005023005"/><display value="suspended"/><designation><language value="de"/><use><system value="http://snomed.info/sct"/><code value="900000000000003001"/><display value="Fully specified name"/></use><value value="sistiert"/></designation><designation><language value="de"/><use><system value="http://snomed.info/sct"/><code value="900000000000013009"/><display value="Synonym"/></use><value value="S"/></designation><designation><use><system value="http://terminology.hl7.org/CodeSystem/hl7TermMaintInfra"/><code value="preferredForLanguage"/></use><value value="suspended"/></designation></concept><concept><code value="756005023006"/><display value="never atuhorized"/><designation><language value="de"/><use><system value="http://snomed.info/sct"/><code value="900000000000003001"/><display value="Fully specified name"/></use><value value="nie zugelassen"/></designation><designation><language value="de"/><use><system value="http://snomed.info/sct"/><code value="900000000000013009"/><display value="Synonym"/></use><value value="U"/></designation><designation><use><system value="http://terminology.hl7.org/CodeSystem/hl7TermMaintInfra"/><code value="preferredForLanguage"/></use><value value="never atuhorized"/></designation></concept><concept><code value="756005023007"/><display value="valid"/><designation><language value="de"/><use><system value="http://snomed.info/sct"/><code value="900000000000003001"/><display value="Fully specified name"/></use><value value="zugelassen"/></designation><designation><language value="de"/><use><system value="http://snomed.info/sct"/><code value="900000000000013009"/><display value="Synonym"/></use><value value="Z"/></designation><designation><use><system value="http://terminology.hl7.org/CodeSystem/hl7TermMaintInfra"/><code value="preferredForLanguage"/></use><value value="valid"/></designation></concept></CodeSystem>