<?xml version="1.0" encoding="UTF-8"?><CodeSystem xmlns="http://hl7.org/fhir"><id value="ch-SMC-marketing-status"/><text><status value="generated"/><div xmlns="http://www.w3.org/1999/xhtml"><p class="res-header-id"><b>Generated Narrative: CodeSystem ch-SMC-marketing-status</b></p><a name="ch-SMC-marketing-status"> </a><a name="hcch-SMC-marketing-status"> </a><p>This case-sensitive code system <code>http://fhir.ch/ig/ch-epl/CodeSystem/ch-SMC-marketing-status</code> defines the following code:</p><table class="codes"><tr><td style="white-space:nowrap"><b>Code</b></td><td><b>Display</b></td></tr><tr><td style="white-space:nowrap">iH<a name="ch-SMC-marketing-status-iH"> </a></td><td>im Handel</td></tr></table></div></text><url value="http://fhir.ch/ig/ch-epl/CodeSystem/ch-SMC-marketing-status"/><version value="1.0.0"/><name value="ChSMCMarketingStatusCS"/><title value="CH SMC - Marketing Status"/><status value="active"/><experimental value="false"/><date value="2025-12-11T12:35:50+00:00"/><publisher value="Federal Office of Public Health FOPH"/><contact><name value="Federal Office of Public Health FOPH"/><telecom><system value="url"/><value value="https://www.bag.admin.ch/bag/en/home/das-bag/kontakt-standort.html"/></telecom></contact><description value="CH - Standard Terms used in Switzerland (aggregations of codes of ValueSets Vermarktungsstatus)"/><jurisdiction><coding><system value="urn:iso:std:iso:3166"/><code value="CH"/></coding></jurisdiction><copyright value="CC0-1.0"/><caseSensitive value="true"/><content value="complete"/><count value="1"/><concept><code value="iH"/><display value="im Handel"/><designation><use><system value="http://terminology.hl7.org/CodeSystem/hl7TermMaintInfra"/><code value="preferredForLanguage"/></use><value value="im Handel"/></designation></concept></CodeSystem>