<?xml version="1.0" encoding="UTF-8"?><CodeSystem xmlns="http://hl7.org/fhir"><id value="ch-epl-foph-listing-status"/><text><status value="generated"/><div xmlns="http://www.w3.org/1999/xhtml"><p class="res-header-id"><b>Generated Narrative: CodeSystem ch-epl-foph-listing-status</b></p><a name="ch-epl-foph-listing-status"> </a><a name="hcch-epl-foph-listing-status"> </a><a name="ch-epl-foph-listing-status-en-US"> </a><p>This case-insensitive code system <code>http://fhir.ch/ig/ch-epl/CodeSystem/ch-epl-foph-listing-status</code> defines the following codes:</p><table class="codes"><tr><td style="white-space:nowrap"><b>Code</b></td><td><b>Display</b></td><td><b>Deutsch (German, de)</b></td></tr><tr><td style="white-space:nowrap">756001002001<a name="ch-epl-foph-listing-status-756001002001"> </a></td><td>Listed</td><td>Gelistet</td></tr><tr><td style="white-space:nowrap">756001002002<a name="ch-epl-foph-listing-status-756001002002"> </a></td><td>Removed</td><td>Gestrichen</td></tr><tr><td style="white-space:nowrap">756001002003<a name="ch-epl-foph-listing-status-756001002003"> </a></td><td>Not listed</td><td>Nicht gelistet</td></tr></table></div></text><url value="http://fhir.ch/ig/ch-epl/CodeSystem/ch-epl-foph-listing-status"/><version value="1.0.0-ballot"/><name value="ChEplListingStatusCS"/><title value="CH EPL - Listing Status"/><status value="active"/><experimental value="false"/><date value="2025-05-22T14:35:11+00:00"/><publisher value="Federal Office of Public Health FOPH"/><contact><name value="Federal Office of Public Health FOPH"/><telecom><system value="url"/><value value="https://www.bag.admin.ch/bag/en/home/das-bag/kontakt-standort.html"/></telecom></contact><description value="CH ePL - Standard Terms used in Switzerland (aggregations of codes of ValueSets Listungs Status"/><jurisdiction><coding><system value="urn:iso:std:iso:3166"/><code value="CH"/></coding></jurisdiction><copyright value="CC0-1.0"/><caseSensitive value="false"/><content value="complete"/><count value="3"/><concept><code value="756001002001"/><display value="Listed"/><designation><language value="de"/><use><system value="http://snomed.info/sct"/><code value="900000000000003001"/><display value="Fully specified name"/></use><value value="Gelistet"/></designation><designation><language value="de"/><use><system value="http://snomed.info/sct"/><code value="900000000000013009"/><display value="Synonym (core metadata concept)"/></use><value value="L"/></designation><designation><use><system value="http://terminology.hl7.org/CodeSystem/designation-usage"/><code value="display"/></use><value value="Listed"/></designation></concept><concept><code value="756001002002"/><display value="Removed"/><designation><language value="de"/><use><system value="http://snomed.info/sct"/><code value="900000000000003001"/><display value="Fully specified name"/></use><value value="Gestrichen"/></designation><designation><language value="de"/><use><system value="http://snomed.info/sct"/><code value="900000000000013009"/><display value="Synonym (core metadata concept)"/></use><value value="R"/></designation><designation><use><system value="http://terminology.hl7.org/CodeSystem/designation-usage"/><code value="display"/></use><value value="Removed"/></designation></concept><concept><code value="756001002003"/><display value="Not listed"/><designation><language value="de"/><use><system value="http://snomed.info/sct"/><code value="900000000000003001"/><display value="Fully specified name"/></use><value value="Nicht gelistet"/></designation><designation><language value="de"/><use><system value="http://snomed.info/sct"/><code value="900000000000013009"/><display value="Synonym (core metadata concept)"/></use><value value="nL"/></designation><designation><use><system value="http://terminology.hl7.org/CodeSystem/designation-usage"/><code value="display"/></use><value value="Not listed"/></designation></concept></CodeSystem>