{"resourceType":"ValueSet","id":"ch-vacd-vaccines-vs","meta":{"profile":["http://hl7.org/fhir/StructureDefinition/shareablevalueset"]},"text":{"status":"extensions","div":"<div xmlns=\"http://www.w3.org/1999/xhtml\"><p>This value set includes codes based on the following rules:</p><ul><li>Include these codes as defined in <a href=\"CodeSystem-ch-vacd-swissmedic-cs.html\"><code>http://fhir.ch/ig/ch-vacd/CodeSystem/ch-vacd-swissmedic-cs</code></a><table class=\"none\"><tr><td style=\"white-space:nowrap\"><b>Code</b></td><td><b>Display</b></td><td><b>Definition</b></td></tr><tr><td><a href=\"CodeSystem-ch-vacd-swissmedic-cs.html#ch-vacd-swissmedic-cs-683\">683</a></td><td>FSME-Immun 0.25 ml Junior</td><td>FSME-Immun CC, Suspension zur intramuskulären Injektion\tPfizer AG</td></tr><tr><td><a href=\"CodeSystem-ch-vacd-swissmedic-cs.html#ch-vacd-swissmedic-cs-450\">450</a></td><td>FSME-Immun CC</td><td/></tr><tr><td><a href=\"CodeSystem-ch-vacd-swissmedic-cs.html#ch-vacd-swissmedic-cs-656\">656</a></td><td>NeisVac-C</td><td>NeisVac-C, Injektionssuspension\tPfizer AG</td></tr><tr><td><a href=\"CodeSystem-ch-vacd-swissmedic-cs.html#ch-vacd-swissmedic-cs-627\">627</a></td><td>Encepur N</td><td>Encepur N Kinder, Injektionssuspension\tBavarian Nordic Switzerland AG</td></tr><tr><td><a href=\"CodeSystem-ch-vacd-swissmedic-cs.html#ch-vacd-swissmedic-cs-628\">628</a></td><td>Encepur N Kinder / Enfants</td><td/></tr><tr><td><a href=\"CodeSystem-ch-vacd-swissmedic-cs.html#ch-vacd-swissmedic-cs-572\">572</a></td><td>Epaxal</td><td/></tr><tr><td><a href=\"CodeSystem-ch-vacd-swissmedic-cs.html#ch-vacd-swissmedic-cs-544\">544</a></td><td>Heprecomb</td><td/></tr><tr><td><a href=\"CodeSystem-ch-vacd-swissmedic-cs.html#ch-vacd-swissmedic-cs-642\">642</a></td><td>Heprecomb Kinder</td><td/></tr><tr><td><a href=\"CodeSystem-ch-vacd-swissmedic-cs.html#ch-vacd-swissmedic-cs-614\">614</a></td><td>Inflexal V</td><td/></tr><tr><td><a href=\"CodeSystem-ch-vacd-swissmedic-cs.html#ch-vacd-swissmedic-cs-657\">657</a></td><td>Menjugate</td><td/></tr><tr><td><a href=\"CodeSystem-ch-vacd-swissmedic-cs.html#ch-vacd-swissmedic-cs-533\">533</a></td><td>Moraten</td><td/></tr><tr><td><a href=\"CodeSystem-ch-vacd-swissmedic-cs.html#ch-vacd-swissmedic-cs-555\">555</a></td><td>Orochol</td><td/></tr><tr><td><a href=\"CodeSystem-ch-vacd-swissmedic-cs.html#ch-vacd-swissmedic-cs-685\">685</a></td><td>Rabipur</td><td/></tr><tr><td><a href=\"CodeSystem-ch-vacd-swissmedic-cs.html#ch-vacd-swissmedic-cs-702\">702</a></td><td>Td-pur</td><td/></tr><tr><td><a href=\"CodeSystem-ch-vacd-swissmedic-cs.html#ch-vacd-swissmedic-cs-686\">686</a></td><td>Td-Virelon</td><td/></tr><tr><td><a href=\"CodeSystem-ch-vacd-swissmedic-cs.html#ch-vacd-swissmedic-cs-467\">467</a></td><td>Vivotif</td><td/></tr><tr><td><a href=\"CodeSystem-ch-vacd-swissmedic-cs.html#ch-vacd-swissmedic-cs-637\">637</a></td><td>Boostrix</td><td/></tr><tr><td><a href=\"CodeSystem-ch-vacd-swissmedic-cs.html#ch-vacd-swissmedic-cs-681\">681</a></td><td>Boostrix Polio</td><td/></tr><tr><td><a href=\"CodeSystem-ch-vacd-swissmedic-cs.html#ch-vacd-swissmedic-cs-567\">567</a></td><td>Ditanrix</td><td/></tr><tr><td><a href=\"CodeSystem-ch-vacd-swissmedic-cs.html#ch-vacd-swissmedic-cs-551\">551</a></td><td>Engerix-B 10</td><td>Engerix-B 10, Injektionssuspension\tGlaxoSmithKline AG</td></tr><tr><td><a href=\"CodeSystem-ch-vacd-swissmedic-cs.html#ch-vacd-swissmedic-cs-534\">534</a></td><td>Engerix-B 20</td><td>Engerix-B 20, Injektionssuspension\tGlaxoSmithKline AG</td></tr><tr><td><a href=\"CodeSystem-ch-vacd-swissmedic-cs.html#ch-vacd-swissmedic-cs-583\">583</a></td><td>Fluarix</td><td/></tr><tr><td><a href=\"CodeSystem-ch-vacd-swissmedic-cs.html#ch-vacd-swissmedic-cs-558\">558</a></td><td>Havrix 1440</td><td/></tr><tr><td><a href=\"CodeSystem-ch-vacd-swissmedic-cs.html#ch-vacd-swissmedic-cs-599\">599</a></td><td>Havrix 720</td><td/></tr><tr><td><a href=\"CodeSystem-ch-vacd-swissmedic-cs.html#ch-vacd-swissmedic-cs-603\">603</a></td><td>Hiberix</td><td/></tr><tr><td><a href=\"CodeSystem-ch-vacd-swissmedic-cs.html#ch-vacd-swissmedic-cs-638\">638</a></td><td>Infanrix DTPa-IPV</td><td/></tr><tr><td><a href=\"CodeSystem-ch-vacd-swissmedic-cs.html#ch-vacd-swissmedic-cs-619\">619</a></td><td>Infanrix DTPa-IPV+Hib</td><td/></tr><tr><td><a href=\"CodeSystem-ch-vacd-swissmedic-cs.html#ch-vacd-swissmedic-cs-640\">640</a></td><td>Infanrix hexa</td><td/></tr><tr><td><a href=\"CodeSystem-ch-vacd-swissmedic-cs.html#ch-vacd-swissmedic-cs-652\">652</a></td><td>Mencevax ACWY</td><td/></tr><tr><td><a href=\"CodeSystem-ch-vacd-swissmedic-cs.html#ch-vacd-swissmedic-cs-669\">669</a></td><td>Poliorix</td><td/></tr><tr><td><a href=\"CodeSystem-ch-vacd-swissmedic-cs.html#ch-vacd-swissmedic-cs-615\">615</a></td><td>Priorix</td><td>Priorix, Pulver und Lösungsmittel zur Herstellung einer Injektionslösung\tGlaxoSmithKline AG\tB\t22.12.1998\t22.12.1998\t21.12.2023\tJ07BD52</td></tr><tr><td><a href=\"CodeSystem-ch-vacd-swissmedic-cs.html#ch-vacd-swissmedic-cs-592\">592</a></td><td>Twinrix 720/20</td><td/></tr><tr><td><a href=\"CodeSystem-ch-vacd-swissmedic-cs.html#ch-vacd-swissmedic-cs-585\">585</a></td><td>Varilrix</td><td/></tr><tr><td><a href=\"CodeSystem-ch-vacd-swissmedic-cs.html#ch-vacd-swissmedic-cs-528\">528</a></td><td>Gen H-B-Vax 10</td><td/></tr><tr><td><a href=\"CodeSystem-ch-vacd-swissmedic-cs.html#ch-vacd-swissmedic-cs-545\">545</a></td><td>HBVAXPRO 40</td><td/></tr><tr><td><a href=\"CodeSystem-ch-vacd-swissmedic-cs.html#ch-vacd-swissmedic-cs-610\">610</a></td><td>Gen H-B-Vax 5</td><td/></tr><tr><td><a href=\"CodeSystem-ch-vacd-swissmedic-cs.html#ch-vacd-swissmedic-cs-663\">663</a></td><td>HBVAXPRO 10</td><td>HBVAXPRO 10, Injektionssuspension\tMSD Merck Sharp &amp; Dohme AG</td></tr><tr><td><a href=\"CodeSystem-ch-vacd-swissmedic-cs.html#ch-vacd-swissmedic-cs-268\">268</a></td><td>MMR-II</td><td/></tr><tr><td><a href=\"CodeSystem-ch-vacd-swissmedic-cs.html#ch-vacd-swissmedic-cs-247\">247</a></td><td>Mumpsvax</td><td/></tr><tr><td><a href=\"CodeSystem-ch-vacd-swissmedic-cs.html#ch-vacd-swissmedic-cs-373\">373</a></td><td>Mutagrip</td><td/></tr><tr><td><a href=\"CodeSystem-ch-vacd-swissmedic-cs.html#ch-vacd-swissmedic-cs-613\">613</a></td><td>Pentavac</td><td/></tr><tr><td><a href=\"CodeSystem-ch-vacd-swissmedic-cs.html#ch-vacd-swissmedic-cs-509\">509</a></td><td>Pneumovax-23</td><td>Pneumovax-23, Injektionslösung in einer Fertigspritze\tMSD Merck Sharp &amp; Dohme AG</td></tr><tr><td><a href=\"CodeSystem-ch-vacd-swissmedic-cs.html#ch-vacd-swissmedic-cs-646\">646</a></td><td>Revaxis</td><td/></tr><tr><td><a href=\"CodeSystem-ch-vacd-swissmedic-cs.html#ch-vacd-swissmedic-cs-520\">520</a></td><td>Stamaril</td><td/></tr><tr><td><a href=\"CodeSystem-ch-vacd-swissmedic-cs.html#ch-vacd-swissmedic-cs-612\">612</a></td><td>Tetravac</td><td/></tr><tr><td><a href=\"CodeSystem-ch-vacd-swissmedic-cs.html#ch-vacd-swissmedic-cs-417\">417</a></td><td>Tollwut Impfstoff Mérieux</td><td/></tr><tr><td><a href=\"CodeSystem-ch-vacd-swissmedic-cs.html#ch-vacd-swissmedic-cs-688\">688</a></td><td>Varivax</td><td/></tr><tr><td><a href=\"CodeSystem-ch-vacd-swissmedic-cs.html#ch-vacd-swissmedic-cs-485\">485</a></td><td>Influvac</td><td/></tr><tr><td><a href=\"CodeSystem-ch-vacd-swissmedic-cs.html#ch-vacd-swissmedic-cs-660\">660</a></td><td>Influvac plus</td><td/></tr><tr><td><a href=\"CodeSystem-ch-vacd-swissmedic-cs.html#ch-vacd-swissmedic-cs-654\">654</a></td><td>Meningitec</td><td/></tr><tr><td><a href=\"CodeSystem-ch-vacd-swissmedic-cs.html#ch-vacd-swissmedic-cs-643\">643</a></td><td>Prevenar-7</td><td/></tr><tr><td><a href=\"CodeSystem-ch-vacd-swissmedic-cs.html#ch-vacd-swissmedic-cs-644\">644</a></td><td>Hexavac</td><td/></tr><tr><td><a href=\"CodeSystem-ch-vacd-swissmedic-cs.html#ch-vacd-swissmedic-cs-711\">711</a></td><td>DiTe pediatric adsorbed</td><td/></tr><tr><td><a href=\"CodeSystem-ch-vacd-swissmedic-cs.html#ch-vacd-swissmedic-cs-704\">704</a></td><td>Dukoral</td><td/></tr><tr><td><a href=\"CodeSystem-ch-vacd-swissmedic-cs.html#ch-vacd-swissmedic-cs-483\">483</a></td><td>Rimevax</td><td/></tr><tr><td><a href=\"CodeSystem-ch-vacd-swissmedic-cs.html#ch-vacd-swissmedic-cs-707\">707</a></td><td>Tetanol pur</td><td/></tr><tr><td><a href=\"CodeSystem-ch-vacd-swissmedic-cs.html#ch-vacd-swissmedic-cs-57735\">57735</a></td><td>Gardasil</td><td/></tr><tr><td><a href=\"CodeSystem-ch-vacd-swissmedic-cs.html#ch-vacd-swissmedic-cs-709\">709</a></td><td>Zostavax</td><td/></tr><tr><td><a href=\"CodeSystem-ch-vacd-swissmedic-cs.html#ch-vacd-swissmedic-cs-58158\">58158</a></td><td>Priorix-Tetra</td><td/></tr><tr><td><a href=\"CodeSystem-ch-vacd-swissmedic-cs.html#ch-vacd-swissmedic-cs-696\">696</a></td><td>BCG SSI</td><td/></tr><tr><td><a href=\"CodeSystem-ch-vacd-swissmedic-cs.html#ch-vacd-swissmedic-cs-58317\">58317</a></td><td>Fluad</td><td/></tr><tr><td><a href=\"CodeSystem-ch-vacd-swissmedic-cs.html#ch-vacd-swissmedic-cs-60150\">60150</a></td><td>Rotarix</td><td/></tr><tr><td><a href=\"CodeSystem-ch-vacd-swissmedic-cs.html#ch-vacd-swissmedic-cs-703\">703</a></td><td>MMRVaxPro</td><td>M-M-RVAXPRO, Lyophilisat und Lösungsmittel\tMSD Merck Sharp &amp; Dohme AG\tB\t13.02.2007\t13.02.2007\tunbegrenzt\tJ07BD52</td></tr><tr><td><a href=\"CodeSystem-ch-vacd-swissmedic-cs.html#ch-vacd-swissmedic-cs-58506\">58506</a></td><td>Measles vaccine live</td><td/></tr><tr><td><a href=\"CodeSystem-ch-vacd-swissmedic-cs.html#ch-vacd-swissmedic-cs-59267\">59267</a></td><td>Agrippal</td><td/></tr><tr><td><a href=\"CodeSystem-ch-vacd-swissmedic-cs.html#ch-vacd-swissmedic-cs-58271\">58271</a></td><td>Optaflu</td><td/></tr><tr><td><a href=\"CodeSystem-ch-vacd-swissmedic-cs.html#ch-vacd-swissmedic-cs-57814\">57814</a></td><td>Cervarix</td><td/></tr><tr><td><a href=\"CodeSystem-ch-vacd-swissmedic-cs.html#ch-vacd-swissmedic-cs-60129\">60129</a></td><td>Prevenar-13</td><td>Prevenar 13, Injektionssuspension in einer Fertigspritze\tPfizer AG</td></tr><tr><td><a href=\"CodeSystem-ch-vacd-swissmedic-cs.html#ch-vacd-swissmedic-cs-59147\">59147</a></td><td>Ixiaro</td><td/></tr><tr><td><a href=\"CodeSystem-ch-vacd-swissmedic-cs.html#ch-vacd-swissmedic-cs-62502\">62502</a></td><td>Menveo</td><td/></tr><tr><td><a href=\"CodeSystem-ch-vacd-swissmedic-cs.html#ch-vacd-swissmedic-cs-600\">600</a></td><td>DiTe Anatoxal Erwachsene / Adultes</td><td/></tr><tr><td><a href=\"CodeSystem-ch-vacd-swissmedic-cs.html#ch-vacd-swissmedic-cs-690\">690</a></td><td>DiTe Anatoxal N Erwachsene / Adultes</td><td/></tr><tr><td><a href=\"CodeSystem-ch-vacd-swissmedic-cs.html#ch-vacd-swissmedic-cs-35\">35</a></td><td>Te Anatoxal</td><td/></tr><tr><td><a href=\"CodeSystem-ch-vacd-swissmedic-cs.html#ch-vacd-swissmedic-cs-689\">689</a></td><td>Te Anatoxal N</td><td/></tr><tr><td><a href=\"CodeSystem-ch-vacd-swissmedic-cs.html#ch-vacd-swissmedic-cs-62961\">62961</a></td><td>Fluarix Tetra</td><td/></tr><tr><td><a href=\"CodeSystem-ch-vacd-swissmedic-cs.html#ch-vacd-swissmedic-cs-66037\">66037</a></td><td>Menjugate liquid</td><td/></tr><tr><td><a href=\"CodeSystem-ch-vacd-swissmedic-cs.html#ch-vacd-swissmedic-cs-699\">699</a></td><td>ProQuad</td><td/></tr><tr><td><a href=\"CodeSystem-ch-vacd-swissmedic-cs.html#ch-vacd-swissmedic-cs-66427\">66427</a></td><td>Vaxigrip Tetra</td><td>VaxigripTetra, Suspension pour injection dans une seringue pré-remplie\tSanofi-Aventis (Suisse) SA</td></tr><tr><td><a href=\"CodeSystem-ch-vacd-swissmedic-cs.html#ch-vacd-swissmedic-cs-65387\">65387</a></td><td>Gardasil 9</td><td/></tr><tr><td><a href=\"CodeSystem-ch-vacd-swissmedic-cs.html#ch-vacd-swissmedic-cs-66940\">66940</a></td><td>Vaxelis</td><td/></tr><tr><td><a href=\"CodeSystem-ch-vacd-swissmedic-cs.html#ch-vacd-swissmedic-cs-66427\">66427</a></td><td>VaxigripTetra</td><td>VaxigripTetra, Suspension pour injection dans une seringue pré-remplie\tSanofi-Aventis (Suisse) SA</td></tr><tr><td><a href=\"CodeSystem-ch-vacd-swissmedic-cs.html#ch-vacd-swissmedic-cs-65730\">65730</a></td><td>Bexsero</td><td>Bexsero, Injektionssuspension\tGlaxoSmithKline AG</td></tr><tr><td><a href=\"CodeSystem-ch-vacd-swissmedic-cs.html#ch-vacd-swissmedic-cs-68087\">68087</a></td><td>Influvac Tetra</td><td>Influvac Tetra 0.5 ml, Injektionssuspension\tMylan Pharma GmbH</td></tr><tr><td><a href=\"CodeSystem-ch-vacd-swissmedic-cs.html#ch-vacd-swissmedic-cs-68267\">68267</a></td><td>Spikevax (COVID-19 Vaccine, Moderna)</td><td>Spikevax, Injektionsdispersion\tModerna Switzerland GmbH</td></tr><tr><td><a href=\"CodeSystem-ch-vacd-swissmedic-cs.html#ch-vacd-swissmedic-cs-68225\">68225</a></td><td>Comirnaty (COVID-19 Vaccine, Pfizer)</td><td>Comirnaty, Konzentrat zur Herstellung einer Injektionsdispersion\tPfizer AG</td></tr><tr><td><a href=\"CodeSystem-ch-vacd-swissmedic-cs.html#ch-vacd-swissmedic-cs-68235\">68235</a></td><td>COVID-19 Vaccine Janssen</td><td>COVID-19 Vaccine Janssen, Injektionssuspension\tJanssen-Cilag AG</td></tr><tr><td><a href=\"CodeSystem-ch-vacd-swissmedic-cs.html#ch-vacd-swissmedic-cs-67987\">67987</a></td><td>Shingrix</td><td>Shingrix, Pulver und Suspension zur Herstellung einer Injektionssuspension\tGlaxoSmithKline AG</td></tr><tr><td><a href=\"CodeSystem-ch-vacd-swissmedic-cs.html#ch-vacd-swissmedic-cs-67482\">67482</a></td><td>Flucelvax Tetra</td><td>Flucelvax Tetra, Injektionssuspension\tMedius AG</td></tr><tr><td><a href=\"CodeSystem-ch-vacd-swissmedic-cs.html#ch-vacd-swissmedic-cs-67704\">67704</a></td><td>Efluelda 0.7 ml</td><td>Efluelda 0.7 ml, suspension injectable en seringue préremplie\tSanofi-Aventis (Suisse) SA</td></tr><tr><td><a href=\"CodeSystem-ch-vacd-swissmedic-cs.html#ch-vacd-swissmedic-cs-68003\">68003</a></td><td>Supemtek 0.5 ml</td><td>Supemtek 0.5 ml, solution injectable dans une seringue pré-remplie\tSanofi-Aventis (Suisse) SA</td></tr><tr><td><a href=\"CodeSystem-ch-vacd-swissmedic-cs.html#ch-vacd-swissmedic-cs-66161\">66161</a></td><td>Foclivia (Durchstechflasche)</td><td>Foclivia, Injektionssuspension in einer Durchstechflasche\tEmergent BioSolutions Berna GmbH</td></tr><tr><td><a href=\"CodeSystem-ch-vacd-swissmedic-cs.html#ch-vacd-swissmedic-cs-66156\">66156</a></td><td>Foclivia (Fertigspritze)</td><td>Foclivia, Injektionssuspension in einer Fertigspritze\tEmergent BioSolutions Berna GmbH</td></tr></table></li><li>Include these codes as defined in <a href=\"CodeSystem-ch-vacd-myvaccines-cs.html\"><code>http://fhir.ch/ig/ch-vacd/CodeSystem/ch-vacd-myvaccines-cs</code></a><table class=\"none\"><tr><td style=\"white-space:nowrap\"><b>Code</b></td><td><b>Display</b></td></tr><tr><td><a href=\"CodeSystem-ch-vacd-myvaccines-cs.html#ch-vacd-myvaccines-cs-14\">14</a></td><td>MoRu-Viraten</td></tr><tr><td><a href=\"CodeSystem-ch-vacd-myvaccines-cs.html#ch-vacd-myvaccines-cs-17\">17</a></td><td>Poliomyelitis Impfstoff Berna</td></tr><tr><td><a href=\"CodeSystem-ch-vacd-myvaccines-cs.html#ch-vacd-myvaccines-cs-23\">23</a></td><td>Triviraten</td></tr><tr><td><a href=\"CodeSystem-ch-vacd-myvaccines-cs.html#ch-vacd-myvaccines-cs-25\">25</a></td><td>Vivotif L</td></tr><tr><td><a href=\"CodeSystem-ch-vacd-myvaccines-cs.html#ch-vacd-myvaccines-cs-35\">35</a></td><td>Infanrix DTPa</td></tr><tr><td><a href=\"CodeSystem-ch-vacd-myvaccines-cs.html#ch-vacd-myvaccines-cs-39\">39</a></td><td>Infanrix Penta</td></tr><tr><td><a href=\"CodeSystem-ch-vacd-myvaccines-cs.html#ch-vacd-myvaccines-cs-47\">47</a></td><td>Attenuvax</td></tr><tr><td><a href=\"CodeSystem-ch-vacd-myvaccines-cs.html#ch-vacd-myvaccines-cs-48\">48</a></td><td>BCG</td></tr><tr><td><a href=\"CodeSystem-ch-vacd-myvaccines-cs.html#ch-vacd-myvaccines-cs-53\">53</a></td><td>HBVAXPRO 5</td></tr><tr><td><a href=\"CodeSystem-ch-vacd-myvaccines-cs.html#ch-vacd-myvaccines-cs-55\">55</a></td><td>Meningokokken-Impfstoff A+C Mérieux</td></tr><tr><td><a href=\"CodeSystem-ch-vacd-myvaccines-cs.html#ch-vacd-myvaccines-cs-56\">56</a></td><td>Meruvax</td></tr><tr><td><a href=\"CodeSystem-ch-vacd-myvaccines-cs.html#ch-vacd-myvaccines-cs-73\">73</a></td><td>Infanrix DTPa+Hib</td></tr><tr><td><a href=\"CodeSystem-ch-vacd-myvaccines-cs.html#ch-vacd-myvaccines-cs-74\">74</a></td><td>Twinrix 360/10</td></tr><tr><td><a href=\"CodeSystem-ch-vacd-myvaccines-cs.html#ch-vacd-myvaccines-cs-75\">75</a></td><td>Pluserix</td></tr><tr><td><a href=\"CodeSystem-ch-vacd-myvaccines-cs.html#ch-vacd-myvaccines-cs-76\">76</a></td><td>Acel Immune</td></tr><tr><td><a href=\"CodeSystem-ch-vacd-myvaccines-cs.html#ch-vacd-myvaccines-cs-77\">77</a></td><td>Acel P</td></tr><tr><td><a href=\"CodeSystem-ch-vacd-myvaccines-cs.html#ch-vacd-myvaccines-cs-78\">78</a></td><td>Act-Hib</td></tr><tr><td><a href=\"CodeSystem-ch-vacd-myvaccines-cs.html#ch-vacd-myvaccines-cs-79\">79</a></td><td>Anatoxal DiTePer</td></tr><tr><td><a href=\"CodeSystem-ch-vacd-myvaccines-cs.html#ch-vacd-myvaccines-cs-80\">80</a></td><td>Anatoxal DiTe Erwachsene</td></tr><tr><td><a href=\"CodeSystem-ch-vacd-myvaccines-cs.html#ch-vacd-myvaccines-cs-81\">81</a></td><td>Anatoxal DiTe N Erwachsene</td></tr><tr><td><a href=\"CodeSystem-ch-vacd-myvaccines-cs.html#ch-vacd-myvaccines-cs-82\">82</a></td><td>Anatoxal Di</td></tr><tr><td><a href=\"CodeSystem-ch-vacd-myvaccines-cs.html#ch-vacd-myvaccines-cs-83\">83</a></td><td>Anatoxal Te</td></tr><tr><td><a href=\"CodeSystem-ch-vacd-myvaccines-cs.html#ch-vacd-myvaccines-cs-84\">84</a></td><td>Anatoxal Te N</td></tr><tr><td><a href=\"CodeSystem-ch-vacd-myvaccines-cs.html#ch-vacd-myvaccines-cs-86\">86</a></td><td>Arilvax</td></tr><tr><td><a href=\"CodeSystem-ch-vacd-myvaccines-cs.html#ch-vacd-myvaccines-cs-87\">87</a></td><td>BCG Vaccin Mérieux</td></tr><tr><td><a href=\"CodeSystem-ch-vacd-myvaccines-cs.html#ch-vacd-myvaccines-cs-88\">88</a></td><td>Biviraten</td></tr><tr><td><a href=\"CodeSystem-ch-vacd-myvaccines-cs.html#ch-vacd-myvaccines-cs-91\">91</a></td><td>Ervevax</td></tr><tr><td><a href=\"CodeSystem-ch-vacd-myvaccines-cs.html#ch-vacd-myvaccines-cs-92\">92</a></td><td>HibTiter</td></tr><tr><td><a href=\"CodeSystem-ch-vacd-myvaccines-cs.html#ch-vacd-myvaccines-cs-93\">93</a></td><td>Infanrix DTPa-HBV</td></tr><tr><td><a href=\"CodeSystem-ch-vacd-myvaccines-cs.html#ch-vacd-myvaccines-cs-94\">94</a></td><td>Lyssavac Berna</td></tr><tr><td><a href=\"CodeSystem-ch-vacd-myvaccines-cs.html#ch-vacd-myvaccines-cs-95\">95</a></td><td>Vaccin méningococcique A+C Mérieux</td></tr><tr><td><a href=\"CodeSystem-ch-vacd-myvaccines-cs.html#ch-vacd-myvaccines-cs-96\">96</a></td><td>MM Vax</td></tr><tr><td><a href=\"CodeSystem-ch-vacd-myvaccines-cs.html#ch-vacd-myvaccines-cs-97\">97</a></td><td>Mumaten</td></tr><tr><td><a href=\"CodeSystem-ch-vacd-myvaccines-cs.html#ch-vacd-myvaccines-cs-98\">98</a></td><td>Pedvax</td></tr><tr><td><a href=\"CodeSystem-ch-vacd-myvaccines-cs.html#ch-vacd-myvaccines-cs-99\">99</a></td><td>Pentacoq</td></tr><tr><td><a href=\"CodeSystem-ch-vacd-myvaccines-cs.html#ch-vacd-myvaccines-cs-100\">100</a></td><td>Pnu-Immune</td></tr><tr><td><a href=\"CodeSystem-ch-vacd-myvaccines-cs.html#ch-vacd-myvaccines-cs-101\">101</a></td><td>Polio Salk</td></tr><tr><td><a href=\"CodeSystem-ch-vacd-myvaccines-cs.html#ch-vacd-myvaccines-cs-102\">102</a></td><td>Polio Sabin</td></tr><tr><td><a href=\"CodeSystem-ch-vacd-myvaccines-cs.html#ch-vacd-myvaccines-cs-103\">103</a></td><td>Poloral</td></tr><tr><td><a href=\"CodeSystem-ch-vacd-myvaccines-cs.html#ch-vacd-myvaccines-cs-106\">106</a></td><td>Tetracoq</td></tr><tr><td><a href=\"CodeSystem-ch-vacd-myvaccines-cs.html#ch-vacd-myvaccines-cs-107\">107</a></td><td>Tetramune</td></tr><tr><td><a href=\"CodeSystem-ch-vacd-myvaccines-cs.html#ch-vacd-myvaccines-cs-110\">110</a></td><td>Vaqta</td></tr><tr><td><a href=\"CodeSystem-ch-vacd-myvaccines-cs.html#ch-vacd-myvaccines-cs-111\">111</a></td><td>Rubeaten</td></tr><tr><td><a href=\"CodeSystem-ch-vacd-myvaccines-cs.html#ch-vacd-myvaccines-cs-112\">112</a></td><td>Rudivax</td></tr><tr><td><a href=\"CodeSystem-ch-vacd-myvaccines-cs.html#ch-vacd-myvaccines-cs-115\">115</a></td><td>Havrix 360</td></tr><tr><td><a href=\"CodeSystem-ch-vacd-myvaccines-cs.html#ch-vacd-myvaccines-cs-117\">117</a></td><td>Almevax</td></tr><tr><td><a href=\"CodeSystem-ch-vacd-myvaccines-cs.html#ch-vacd-myvaccines-cs-118\">118</a></td><td>Hevac B</td></tr><tr><td><a href=\"CodeSystem-ch-vacd-myvaccines-cs.html#ch-vacd-myvaccines-cs-119\">119</a></td><td>MMR-I</td></tr><tr><td><a href=\"CodeSystem-ch-vacd-myvaccines-cs.html#ch-vacd-myvaccines-cs-120\">120</a></td><td>Moruman</td></tr><tr><td><a href=\"CodeSystem-ch-vacd-myvaccines-cs.html#ch-vacd-myvaccines-cs-121\">121</a></td><td>Rimparix</td></tr><tr><td><a href=\"CodeSystem-ch-vacd-myvaccines-cs.html#ch-vacd-myvaccines-cs-122\">122</a></td><td>Rubevac</td></tr><tr><td><a href=\"CodeSystem-ch-vacd-myvaccines-cs.html#ch-vacd-myvaccines-cs-123\">123</a></td><td>Trimovax</td></tr><tr><td><a href=\"CodeSystem-ch-vacd-myvaccines-cs.html#ch-vacd-myvaccines-cs-126\">126</a></td><td>Ditanrix pediatric</td></tr><tr><td><a href=\"CodeSystem-ch-vacd-myvaccines-cs.html#ch-vacd-myvaccines-cs-127\">127</a></td><td>Eolarix</td></tr><tr><td><a href=\"CodeSystem-ch-vacd-myvaccines-cs.html#ch-vacd-myvaccines-cs-128\">128</a></td><td>FSME-Immun Injekt</td></tr><tr><td><a href=\"CodeSystem-ch-vacd-myvaccines-cs.html#ch-vacd-myvaccines-cs-133\">133</a></td><td>ProHibit</td></tr><tr><td><a href=\"CodeSystem-ch-vacd-myvaccines-cs.html#ch-vacd-myvaccines-cs-134\">134</a></td><td>Anatoxal DiTe Kinder</td></tr><tr><td><a href=\"CodeSystem-ch-vacd-myvaccines-cs.html#ch-vacd-myvaccines-cs-136\">136</a></td><td>Celtura</td></tr><tr><td><a href=\"CodeSystem-ch-vacd-myvaccines-cs.html#ch-vacd-myvaccines-cs-137\">137</a></td><td>Focetria</td></tr><tr><td><a href=\"CodeSystem-ch-vacd-myvaccines-cs.html#ch-vacd-myvaccines-cs-138\">138</a></td><td>K1, K2, K3</td></tr><tr><td><a href=\"CodeSystem-ch-vacd-myvaccines-cs.html#ch-vacd-myvaccines-cs-139\">139</a></td><td>Koprowski</td></tr><tr><td><a href=\"CodeSystem-ch-vacd-myvaccines-cs.html#ch-vacd-myvaccines-cs-141\">141</a></td><td>Pandemrix</td></tr><tr><td><a href=\"CodeSystem-ch-vacd-myvaccines-cs.html#ch-vacd-myvaccines-cs-142\">142</a></td><td>Prohibit DTP</td></tr><tr><td><a href=\"CodeSystem-ch-vacd-myvaccines-cs.html#ch-vacd-myvaccines-cs-143\">143</a></td><td>TAB oral</td></tr><tr><td><a href=\"CodeSystem-ch-vacd-myvaccines-cs.html#ch-vacd-myvaccines-cs-144\">144</a></td><td>Variola</td></tr><tr><td><a href=\"CodeSystem-ch-vacd-myvaccines-cs.html#ch-vacd-myvaccines-cs-147\">147</a></td><td>Polio Koprowski (K1-K3)</td></tr><tr><td><a href=\"CodeSystem-ch-vacd-myvaccines-cs.html#ch-vacd-myvaccines-cs-148\">148</a></td><td>Polio Lilly</td></tr><tr><td><a href=\"CodeSystem-ch-vacd-myvaccines-cs.html#ch-vacd-myvaccines-cs-151\">151</a></td><td>Di Anatoxal</td></tr><tr><td><a href=\"CodeSystem-ch-vacd-myvaccines-cs.html#ch-vacd-myvaccines-cs-154\">154</a></td><td>DiTe Anatoxal Kinder / Enfants</td></tr><tr><td><a href=\"CodeSystem-ch-vacd-myvaccines-cs.html#ch-vacd-myvaccines-cs-155\">155</a></td><td>DiTePer Anatoxal</td></tr><tr><td><a href=\"CodeSystem-ch-vacd-myvaccines-cs.html#ch-vacd-myvaccines-cs-162\">162</a></td><td>HBVAX DNA 5</td></tr><tr><td><a href=\"CodeSystem-ch-vacd-myvaccines-cs.html#ch-vacd-myvaccines-cs-163\">163</a></td><td>HBVAX DNA 10</td></tr><tr><td><a href=\"CodeSystem-ch-vacd-myvaccines-cs.html#ch-vacd-myvaccines-cs-164\">164</a></td><td>HBVAX DNA 40</td></tr><tr><td><a href=\"CodeSystem-ch-vacd-myvaccines-cs.html#ch-vacd-myvaccines-cs-165\">165</a></td><td>Havrix junior</td></tr><tr><td><a href=\"CodeSystem-ch-vacd-myvaccines-cs.html#ch-vacd-myvaccines-cs-166\">166</a></td><td>Infanrix</td></tr><tr><td><a href=\"CodeSystem-ch-vacd-myvaccines-cs.html#ch-vacd-myvaccines-cs-168\">168</a></td><td>Tanrix</td></tr><tr><td><a href=\"CodeSystem-ch-vacd-myvaccines-cs.html#ch-vacd-myvaccines-cs-169\">169</a></td><td>Vaccin variole</td></tr><tr><td><a href=\"CodeSystem-ch-vacd-myvaccines-cs.html#ch-vacd-myvaccines-cs-170\">170</a></td><td>Engerix-B 40</td></tr><tr><td><a href=\"CodeSystem-ch-vacd-myvaccines-cs.html#ch-vacd-myvaccines-cs-172\">172</a></td><td>Hepavax</td></tr><tr><td><a href=\"CodeSystem-ch-vacd-myvaccines-cs.html#ch-vacd-myvaccines-cs-16\">16</a></td><td>Orochol E</td></tr></table></li></ul><p><b>Additional Language Displays</b></p><table class=\"codes\"><tr><td><b>Code</b></td><td><b>Deutsch (Schweiz) (German (Switzerland), de)</b></td><td><b>English (United States) (English (United States), en)</b></td><td><b>French (Switzerland) (fr)</b></td><td><b>Italian (Switzerland) (it)</b></td><td><b>rm</b></td></tr><tr><td>683</td><td>FSME-Immun 0.25 ml Junior</td><td>FSME-Immun 0.25 ml Junior</td><td>FSME-Immun 0.25 ml Junior</td><td>FSME-Immun 0.25 ml Junior</td><td>FSME-Immun 0.25 ml Junior</td></tr><tr><td>450</td><td>FSME-Immun CC</td><td>FSME-Immun CC</td><td>FSME-Immun CC</td><td>FSME-Immun CC</td><td>FSME-Immun CC</td></tr><tr><td>656</td><td>NeisVac-C</td><td>NeisVac-C</td><td>NeisVac-C</td><td>NeisVac-C</td><td>NeisVac-C</td></tr><tr><td>627</td><td>Encepur N</td><td>Encepur N</td><td>Encepur N</td><td>Encepur N</td><td>Encepur N</td></tr><tr><td>628</td><td>Encepur N Kinder / Enfants</td><td>Encepur N Kinder / Enfants</td><td>Encepur N Kinder / Enfants</td><td>Encepur N Kinder / Enfants</td><td>Encepur N Kinder / Enfants</td></tr><tr><td>572</td><td>Epaxal</td><td>Epaxal</td><td>Epaxal</td><td>Epaxal</td><td>Epaxal</td></tr><tr><td>544</td><td>Heprecomb</td><td>Heprecomb</td><td>Heprecomb</td><td>Heprecomb</td><td>Heprecomb</td></tr><tr><td>642</td><td>Heprecomb Kinder</td><td>Heprecomb Kinder</td><td>Heprecomb Kinder</td><td>Heprecomb Kinder</td><td>Heprecomb Kinder</td></tr><tr><td>614</td><td>Inflexal V</td><td>Inflexal V</td><td>Inflexal V</td><td>Inflexal V</td><td>Inflexal V</td></tr><tr><td>657</td><td>Menjugate</td><td>Menjugate</td><td>Menjugate</td><td>Menjugate</td><td>Menjugate</td></tr><tr><td>533</td><td>Moraten</td><td>Moraten</td><td>Moraten</td><td>Moraten</td><td>Moraten</td></tr><tr><td>555</td><td>Orochol</td><td>Orochol</td><td>Orochol</td><td>Orochol</td><td>Orochol</td></tr><tr><td>685</td><td>Rabipur</td><td>Rabipur</td><td>Rabipur</td><td>Rabipur</td><td>Rabipur</td></tr><tr><td>702</td><td>Td-pur</td><td>Td-pur</td><td>Td-pur</td><td>Td-pur</td><td>Td-pur</td></tr><tr><td>686</td><td>Td-Virelon</td><td>Td-Virelon</td><td>Td-Virelon</td><td>Td-Virelon</td><td>Td-Virelon</td></tr><tr><td>467</td><td>Vivotif</td><td>Vivotif</td><td>Vivotif</td><td>Vivotif</td><td>Vivotif</td></tr><tr><td>637</td><td>Boostrix</td><td>Boostrix</td><td>Boostrix</td><td>Boostrix</td><td>Boostrix</td></tr><tr><td>681</td><td>Boostrix Polio</td><td>Boostrix Polio</td><td>Boostrix Polio</td><td>Boostrix Polio</td><td>Boostrix Polio</td></tr><tr><td>567</td><td>Ditanrix</td><td>Ditanrix</td><td>Ditanrix</td><td>Ditanrix</td><td>Ditanrix</td></tr><tr><td>551</td><td>Engerix-B 10</td><td>Engerix-B 10</td><td>Engerix-B 10</td><td>Engerix-B 10</td><td>Engerix-B 10</td></tr><tr><td>534</td><td>Engerix-B 20</td><td>Engerix-B 20</td><td>Engerix-B 20</td><td>Engerix-B 20</td><td>Engerix-B 20</td></tr><tr><td>583</td><td>Fluarix</td><td>Fluarix</td><td>Fluarix</td><td>Fluarix</td><td>Fluarix</td></tr><tr><td>558</td><td>Havrix 1440</td><td>Havrix 1440</td><td>Havrix 1440</td><td>Havrix 1440</td><td>Havrix 1440</td></tr><tr><td>599</td><td>Havrix 720</td><td>Havrix 720</td><td>Havrix 720</td><td>Havrix 720</td><td>Havrix 720</td></tr><tr><td>603</td><td>Hiberix</td><td>Hiberix</td><td>Hiberix</td><td>Hiberix</td><td>Hiberix</td></tr><tr><td>638</td><td>Infanrix DTPa-IPV</td><td>Infanrix DTPa-IPV</td><td>Infanrix DTPa-IPV</td><td>Infanrix DTPa-IPV</td><td>Infanrix DTPa-IPV</td></tr><tr><td>619</td><td>Infanrix DTPa-IPV+Hib</td><td>Infanrix DTPa-IPV+Hib</td><td>Infanrix DTPa-IPV+Hib</td><td>Infanrix DTPa-IPV+Hib</td><td>Infanrix DTPa-IPV+Hib</td></tr><tr><td>640</td><td>Infanrix hexa</td><td>Infanrix hexa</td><td>Infanrix hexa</td><td>Infanrix hexa</td><td>Infanrix hexa</td></tr><tr><td>652</td><td>Mencevax ACWY</td><td>Mencevax ACWY</td><td>Mencevax ACWY</td><td>Mencevax ACWY</td><td>Mencevax ACWY</td></tr><tr><td>669</td><td>Poliorix</td><td>Poliorix</td><td>Poliorix</td><td>Poliorix</td><td>Poliorix</td></tr><tr><td>615</td><td>Priorix</td><td>Priorix</td><td>Priorix</td><td>Priorix</td><td>Priorix</td></tr><tr><td>592</td><td>Twinrix 720/20</td><td>Twinrix 720/20</td><td>Twinrix 720/20</td><td>Twinrix 720/20</td><td>Twinrix 720/20</td></tr><tr><td>585</td><td>Varilrix</td><td>Varilrix</td><td>Varilrix</td><td>Varilrix</td><td>Varilrix</td></tr><tr><td>528</td><td>Gen H-B-Vax 10</td><td>Gen H-B-Vax 10</td><td>Gen H-B-Vax 10</td><td>Gen H-B-Vax 10</td><td>Gen H-B-Vax 10</td></tr><tr><td>545</td><td>HBVAXPRO 40</td><td>HBVAXPRO 40</td><td>HBVAXPRO 40</td><td>HBVAXPRO 40</td><td>HBVAXPRO 40</td></tr><tr><td>610</td><td>Gen H-B-Vax 5</td><td>Gen H-B-Vax 5</td><td>Gen H-B-Vax 5</td><td>Gen H-B-Vax 5</td><td>Gen H-B-Vax 5</td></tr><tr><td>663</td><td>HBVAXPRO 10</td><td>HBVAXPRO 10</td><td>HBVAXPRO 10</td><td>HBVAXPRO 10</td><td>HBVAXPRO 10</td></tr><tr><td>268</td><td>MMR-II</td><td>MMR-II</td><td>MMR-II</td><td>MMR-II</td><td>MMR-II</td></tr><tr><td>247</td><td>Mumpsvax</td><td>Mumpsvax</td><td>Mumpsvax</td><td>Mumpsvax</td><td>Mumpsvax</td></tr><tr><td>373</td><td>Mutagrip</td><td>Mutagrip</td><td>Mutagrip</td><td>Mutagrip</td><td>Mutagrip</td></tr><tr><td>613</td><td>Pentavac</td><td>Pentavac</td><td>Pentavac</td><td>Pentavac</td><td>Pentavac</td></tr><tr><td>509</td><td>Pneumovax-23</td><td>Pneumovax-23</td><td>Pneumovax-23</td><td>Pneumovax-23</td><td>Pneumovax-23</td></tr><tr><td>646</td><td>Revaxis</td><td>Revaxis</td><td>Revaxis</td><td>Revaxis</td><td>Revaxis</td></tr><tr><td>520</td><td>Stamaril</td><td>Stamaril</td><td>Stamaril</td><td>Stamaril</td><td>Stamaril</td></tr><tr><td>612</td><td>Tetravac</td><td>Tetravac</td><td>Tetravac</td><td>Tetravac</td><td>Tetravac</td></tr><tr><td>417</td><td>Tollwut Impfstoff Mérieux</td><td>Tollwut Impfstoff Mérieux</td><td>Tollwut Impfstoff Mérieux</td><td>Tollwut Impfstoff Mérieux</td><td>Tollwut Impfstoff Mérieux</td></tr><tr><td>688</td><td>Varivax</td><td>Varivax</td><td>Varivax</td><td>Varivax</td><td>Varivax</td></tr><tr><td>485</td><td>Influvac</td><td>Influvac</td><td>Influvac</td><td>Influvac</td><td>Influvac</td></tr><tr><td>660</td><td>Influvac plus</td><td>Influvac plus</td><td>Influvac plus</td><td>Influvac plus</td><td>Influvac plus</td></tr><tr><td>654</td><td>Meningitec</td><td>Meningitec</td><td>Meningitec</td><td>Meningitec</td><td>Meningitec</td></tr><tr><td>643</td><td>Prevenar-7</td><td>Prevenar-7</td><td>Prevenar-7</td><td>Prevenar-7</td><td>Prevenar-7</td></tr><tr><td>644</td><td>Hexavac</td><td>Hexavac</td><td>Hexavac</td><td>Hexavac</td><td>Hexavac</td></tr><tr><td>711</td><td>DiTe pediatric adsorbed</td><td>DiTe pediatric adsorbed</td><td>DiTe pediatric adsorbed</td><td>DiTe pediatric adsorbed</td><td>DiTe pediatric adsorbed</td></tr><tr><td>704</td><td>Dukoral</td><td>Dukoral</td><td>Dukoral</td><td>Dukoral</td><td>Dukoral</td></tr><tr><td>483</td><td>Rimevax</td><td>Rimevax</td><td>Rimevax</td><td>Rimevax</td><td>Rimevax</td></tr><tr><td>707</td><td>Tetanol pur</td><td>Tetanol pur</td><td>Tetanol pur</td><td>Tetanol pur</td><td>Tetanol pur</td></tr><tr><td>57735</td><td>Gardasil</td><td>Gardasil</td><td>Gardasil</td><td>Gardasil</td><td>Gardasil</td></tr><tr><td>709</td><td>Zostavax</td><td>Zostavax</td><td>Zostavax</td><td>Zostavax</td><td>Zostavax</td></tr><tr><td>58158</td><td>Priorix-Tetra</td><td>Priorix-Tetra</td><td>Priorix-Tetra</td><td>Priorix-Tetra</td><td>Priorix-Tetra</td></tr><tr><td>696</td><td>BCG SSI</td><td>BCG SSI</td><td>BCG SSI</td><td>BCG SSI</td><td>BCG SSI</td></tr><tr><td>58317</td><td>Fluad</td><td>Fluad</td><td>Fluad</td><td>Fluad</td><td>Fluad</td></tr><tr><td>60150</td><td>Rotarix</td><td>Rotarix</td><td>Rotarix</td><td>Rotarix</td><td>Rotarix</td></tr><tr><td>703</td><td>MMRVaxPro</td><td>MMRVaxPro</td><td>MMRVaxPro</td><td>MMRVaxPro</td><td>MMRVaxPro</td></tr><tr><td>58506</td><td>Measles vaccine live</td><td>Measles vaccine live</td><td>Measles vaccine live</td><td>Measles vaccine live</td><td>Measles vaccine live</td></tr><tr><td>59267</td><td>Agrippal</td><td>Agrippal</td><td>Agrippal</td><td>Agrippal</td><td>Agrippal</td></tr><tr><td>58271</td><td>Optaflu</td><td>Optaflu</td><td>Optaflu</td><td>Optaflu</td><td>Optaflu</td></tr><tr><td>57814</td><td>Cervarix</td><td>Cervarix</td><td>Cervarix</td><td>Cervarix</td><td>Cervarix</td></tr><tr><td>60129</td><td>Prevenar-13</td><td>Prevenar-13</td><td>Prevenar-13</td><td>Prevenar-13</td><td>Prevenar-13</td></tr><tr><td>59147</td><td>Ixiaro</td><td>Ixiaro</td><td>Ixiaro</td><td>Ixiaro</td><td>Ixiaro</td></tr><tr><td>62502</td><td>Menveo</td><td>Menveo</td><td>Menveo</td><td>Menveo</td><td>Menveo</td></tr><tr><td>600</td><td>DiTe Anatoxal Erwachsene / Adultes</td><td>DiTe Anatoxal Erwachsene / Adultes</td><td>DiTe Anatoxal Erwachsene / Adultes</td><td>DiTe Anatoxal Erwachsene / Adultes</td><td>DiTe Anatoxal Erwachsene / Adultes</td></tr><tr><td>690</td><td>DiTe Anatoxal N Erwachsene / Adultes</td><td>DiTe Anatoxal N Erwachsene / Adultes</td><td>DiTe Anatoxal N Erwachsene / Adultes</td><td>DiTe Anatoxal N Erwachsene / Adultes</td><td>DiTe Anatoxal N Erwachsene / Adultes</td></tr><tr><td>35</td><td>Te Anatoxal</td><td>Te Anatoxal</td><td>Te Anatoxal</td><td>Te Anatoxal</td><td>Te Anatoxal</td></tr><tr><td>689</td><td>Te Anatoxal N</td><td>Te Anatoxal N</td><td>Te Anatoxal N</td><td>Te Anatoxal N</td><td>Te Anatoxal N</td></tr><tr><td>62961</td><td>Fluarix Tetra</td><td>Fluarix Tetra</td><td>Fluarix Tetra</td><td>Fluarix Tetra</td><td>Fluarix Tetra</td></tr><tr><td>66037</td><td>Menjugate liquid</td><td>Menjugate liquid</td><td>Menjugate liquid</td><td>Menjugate liquid</td><td>Menjugate liquid</td></tr><tr><td>699</td><td>ProQuad</td><td>ProQuad</td><td>ProQuad</td><td>ProQuad</td><td>ProQuad</td></tr><tr><td>66427</td><td>Vaxigrip Tetra</td><td>Vaxigrip Tetra</td><td>Vaxigrip Tetra</td><td>Vaxigrip Tetra</td><td>Vaxigrip Tetra</td></tr><tr><td>65387</td><td>Gardasil 9</td><td>Gardasil 9</td><td>Gardasil 9</td><td>Gardasil 9</td><td>Gardasil 9</td></tr><tr><td>66940</td><td>Vaxelis</td><td>Vaxelis</td><td>Vaxelis</td><td>Vaxelis</td><td>Vaxelis</td></tr><tr><td>66427</td><td>VaxigripTetra</td><td>VaxigripTetra</td><td>VaxigripTetra</td><td>VaxigripTetra</td><td>VaxigripTetra</td></tr><tr><td>65730</td><td>Bexsero</td><td>Bexsero</td><td>Bexsero</td><td>Bexsero</td><td>Bexsero</td></tr><tr><td>68087</td><td>Influvac Tetra</td><td>Influvac Tetra</td><td>Influvac Tetra</td><td>Influvac Tetra</td><td>Influvac Tetra</td></tr><tr><td>68267</td><td>Spikevax (COVID-19 Vaccine, Moderna)</td><td>Spikevax (COVID-19 Vaccine, Moderna)</td><td>Spikevax (COVID-19 Vaccine, Moderna)</td><td>Spikevax (COVID-19 Vaccine, Moderna)</td><td>Spikevax (COVID-19 Vaccine, Moderna)</td></tr><tr><td>68225</td><td>Comirnaty (COVID-19 Vaccine, Pfizer)</td><td>Comirnaty (COVID-19 Vaccine, Pfizer)</td><td>Comirnaty (COVID-19 Vaccine, Pfizer)</td><td>Comirnaty (COVID-19 Vaccine, Pfizer)</td><td>Comirnaty (COVID-19 Vaccine, Pfizer)</td></tr><tr><td>68235</td><td>COVID-19 Vaccine Janssen</td><td>COVID-19 Vaccine Janssen</td><td>COVID-19 Vaccine Janssen</td><td>COVID-19 Vaccine Janssen</td><td>COVID-19 Vaccine Janssen</td></tr><tr><td>67987</td><td>Shingrix</td><td>Shingrix</td><td>Shingrix</td><td>Shingrix</td><td>Shingrix</td></tr><tr><td>67482</td><td>Flucelvax Tetra</td><td>Flucelvax Tetra</td><td>Flucelvax Tetra</td><td>Flucelvax Tetra</td><td>Flucelvax Tetra</td></tr><tr><td>67704</td><td>Efluelda 0.7 ml</td><td>Efluelda 0.7 ml</td><td>Efluelda 0.7 ml</td><td>Efluelda 0.7 ml</td><td>Efluelda 0.7 ml</td></tr><tr><td>68003</td><td>Supemtek 0.5 ml</td><td>Supemtek 0.5 ml</td><td>Supemtek 0.5 ml</td><td>Supemtek 0.5 ml</td><td>Supemtek 0.5 ml</td></tr><tr><td>66161</td><td>Foclivia (Durchstechflasche)</td><td>Foclivia (Durchstechflasche)</td><td>Foclivia (Durchstechflasche)</td><td>Foclivia (Durchstechflasche)</td><td>Foclivia (Durchstechflasche)</td></tr><tr><td>66156</td><td>Foclivia (Fertigspritze)</td><td>Foclivia (Fertigspritze)</td><td>Foclivia (Fertigspritze)</td><td>Foclivia (Fertigspritze)</td><td>Foclivia (Fertigspritze)</td></tr><tr><td>14</td><td>MoRu-Viraten</td><td>MoRu-Viraten</td><td>MoRu-Viraten</td><td>MoRu-Viraten</td><td>MoRu-Viraten</td></tr><tr><td>17</td><td>Poliomyelitis Impfstoff Berna</td><td>Poliomyelitis Impfstoff Berna</td><td>Poliomyelitis Impfstoff Berna</td><td>Poliomyelitis Impfstoff Berna</td><td>Poliomyelitis Impfstoff Berna</td></tr><tr><td>23</td><td>Triviraten</td><td>Triviraten</td><td>Triviraten</td><td>Triviraten</td><td>Triviraten</td></tr><tr><td>25</td><td>Vivotif L</td><td>Vivotif L</td><td>Vivotif L</td><td>Vivotif L</td><td>Vivotif L</td></tr><tr><td>35</td><td>Infanrix DTPa</td><td>Infanrix DTPa</td><td>Infanrix DTPa</td><td>Infanrix DTPa</td><td>Infanrix DTPa</td></tr><tr><td>39</td><td>Infanrix Penta</td><td>Infanrix Penta</td><td>Infanrix Penta</td><td>Infanrix Penta</td><td>Infanrix Penta</td></tr><tr><td>47</td><td>Attenuvax</td><td>Attenuvax</td><td>Attenuvax</td><td>Attenuvax</td><td>Attenuvax</td></tr><tr><td>48</td><td>BCG</td><td>BCG</td><td>BCG</td><td>BCG</td><td>BCG</td></tr><tr><td>53</td><td>HBVAXPRO 5</td><td>HBVAXPRO 5</td><td>HBVAXPRO 5</td><td>HBVAXPRO 5</td><td>HBVAXPRO 5</td></tr><tr><td>55</td><td>Meningokokken-Impfstoff A+C Mérieux</td><td>Meningokokken-Impfstoff A+C Mérieux</td><td>Meningokokken-Impfstoff A+C Mérieux</td><td>Meningokokken-Impfstoff A+C Mérieux</td><td>Meningokokken-Impfstoff A+C Mérieux</td></tr><tr><td>56</td><td>Meruvax</td><td>Meruvax</td><td>Meruvax</td><td>Meruvax</td><td>Meruvax</td></tr><tr><td>73</td><td>Infanrix DTPa+Hib</td><td>Infanrix DTPa+Hib</td><td>Infanrix DTPa+Hib</td><td>Infanrix DTPa+Hib</td><td>Infanrix DTPa+Hib</td></tr><tr><td>74</td><td>Twinrix 360/10</td><td>Twinrix 360/10</td><td>Twinrix 360/10</td><td>Twinrix 360/10</td><td>Twinrix 360/10</td></tr><tr><td>75</td><td>Pluserix</td><td>Pluserix</td><td>Pluserix</td><td>Pluserix</td><td>Pluserix</td></tr><tr><td>76</td><td>Acel Immune</td><td>Acel Immune</td><td>Acel Immune</td><td>Acel Immune</td><td>Acel Immune</td></tr><tr><td>77</td><td>Acel P</td><td>Acel P</td><td>Acel P</td><td>Acel P</td><td>Acel P</td></tr><tr><td>78</td><td>Act-Hib</td><td>Act-Hib</td><td>Act-Hib</td><td>Act-Hib</td><td>Act-Hib</td></tr><tr><td>79</td><td>Anatoxal DiTePer</td><td>Anatoxal DiTePer</td><td>Anatoxal DiTePer</td><td>Anatoxal DiTePer</td><td>Anatoxal DiTePer</td></tr><tr><td>80</td><td>Anatoxal DiTe Erwachsene</td><td>Anatoxal DiTe Erwachsene</td><td>Anatoxal DiTe Erwachsene</td><td>Anatoxal DiTe Erwachsene</td><td>Anatoxal DiTe Erwachsene</td></tr><tr><td>81</td><td>Anatoxal DiTe N Erwachsene</td><td>Anatoxal DiTe N Erwachsene</td><td>Anatoxal DiTe N Erwachsene</td><td>Anatoxal DiTe N Erwachsene</td><td>Anatoxal DiTe N Erwachsene</td></tr><tr><td>82</td><td>Anatoxal Di</td><td>Anatoxal Di</td><td>Anatoxal Di</td><td>Anatoxal Di</td><td>Anatoxal Di</td></tr><tr><td>83</td><td>Anatoxal Te</td><td>Anatoxal Te</td><td>Anatoxal Te</td><td>Anatoxal Te</td><td>Anatoxal Te</td></tr><tr><td>84</td><td>Anatoxal Te N</td><td>Anatoxal Te N</td><td>Anatoxal Te N</td><td>Anatoxal Te N</td><td>Anatoxal Te N</td></tr><tr><td>86</td><td>Arilvax</td><td>Arilvax</td><td>Arilvax</td><td>Arilvax</td><td>Arilvax</td></tr><tr><td>87</td><td>BCG Vaccin Mérieux</td><td>BCG Vaccin Mérieux</td><td>BCG Vaccin Mérieux</td><td>BCG Vaccin Mérieux</td><td>BCG Vaccin Mérieux</td></tr><tr><td>88</td><td>Biviraten</td><td>Biviraten</td><td>Biviraten</td><td>Biviraten</td><td>Biviraten</td></tr><tr><td>91</td><td>Ervevax</td><td>Ervevax</td><td>Ervevax</td><td>Ervevax</td><td>Ervevax</td></tr><tr><td>92</td><td>HibTiter</td><td>HibTiter</td><td>HibTiter</td><td>HibTiter</td><td>HibTiter</td></tr><tr><td>93</td><td>Infanrix DTPa-HBV</td><td>Infanrix DTPa-HBV</td><td>Infanrix DTPa-HBV</td><td>Infanrix DTPa-HBV</td><td>Infanrix DTPa-HBV</td></tr><tr><td>94</td><td>Lyssavac Berna</td><td>Lyssavac Berna</td><td>Lyssavac Berna</td><td>Lyssavac Berna</td><td>Lyssavac Berna</td></tr><tr><td>95</td><td>Vaccin méningococcique A+C Mérieux</td><td>Vaccin méningococcique A+C Mérieux</td><td>Vaccin méningococcique A+C Mérieux</td><td>Vaccin méningococcique A+C Mérieux</td><td>Vaccin méningococcique A+C Mérieux</td></tr><tr><td>96</td><td>MM Vax</td><td>MM Vax</td><td>MM Vax</td><td>MM Vax</td><td>MM Vax</td></tr><tr><td>97</td><td>Mumaten</td><td>Mumaten</td><td>Mumaten</td><td>Mumaten</td><td>Mumaten</td></tr><tr><td>98</td><td>Pedvax</td><td>Pedvax</td><td>Pedvax</td><td>Pedvax</td><td>Pedvax</td></tr><tr><td>99</td><td>Pentacoq</td><td>Pentacoq</td><td>Pentacoq</td><td>Pentacoq</td><td>Pentacoq</td></tr><tr><td>100</td><td>Pnu-Immune</td><td>Pnu-Immune</td><td>Pnu-Immune</td><td>Pnu-Immune</td><td>Pnu-Immune</td></tr><tr><td>101</td><td>Polio Salk</td><td>Polio Salk</td><td>Polio Salk</td><td>Polio Salk</td><td>Polio Salk</td></tr><tr><td>102</td><td>Polio Sabin</td><td>Polio Sabin</td><td>Polio Sabin</td><td>Polio Sabin</td><td>Polio Sabin</td></tr><tr><td>103</td><td>Poloral</td><td>Poloral</td><td>Poloral</td><td>Poloral</td><td>Poloral</td></tr><tr><td>106</td><td>Tetracoq</td><td>Tetracoq</td><td>Tetracoq</td><td>Tetracoq</td><td>Tetracoq</td></tr><tr><td>107</td><td>Tetramune</td><td>Tetramune</td><td>Tetramune</td><td>Tetramune</td><td>Tetramune</td></tr><tr><td>110</td><td>Vaqta</td><td>Vaqta</td><td>Vaqta</td><td>Vaqta</td><td>Vaqta</td></tr><tr><td>111</td><td>Rubeaten</td><td>Rubeaten</td><td>Rubeaten</td><td>Rubeaten</td><td>Rubeaten</td></tr><tr><td>112</td><td>Rudivax</td><td>Rudivax</td><td>Rudivax</td><td>Rudivax</td><td>Rudivax</td></tr><tr><td>115</td><td>Havrix 360</td><td>Havrix 360</td><td>Havrix 360</td><td>Havrix 360</td><td>Havrix 360</td></tr><tr><td>117</td><td>Almevax</td><td>Almevax</td><td>Almevax</td><td>Almevax</td><td>Almevax</td></tr><tr><td>118</td><td>Hevac B</td><td>Hevac B</td><td>Hevac B</td><td>Hevac B</td><td>Hevac B</td></tr><tr><td>119</td><td>MMR-I</td><td>MMR-I</td><td>MMR-I</td><td>MMR-I</td><td>MMR-I</td></tr><tr><td>120</td><td>Moruman</td><td>Moruman</td><td>Moruman</td><td>Moruman</td><td>Moruman</td></tr><tr><td>121</td><td>Rimparix</td><td>Rimparix</td><td>Rimparix</td><td>Rimparix</td><td>Rimparix</td></tr><tr><td>122</td><td>Rubevac</td><td>Rubevac</td><td>Rubevac</td><td>Rubevac</td><td>Rubevac</td></tr><tr><td>123</td><td>Trimovax</td><td>Trimovax</td><td>Trimovax</td><td>Trimovax</td><td>Trimovax</td></tr><tr><td>126</td><td>Ditanrix pediatric</td><td>Ditanrix pediatric</td><td>Ditanrix pediatric</td><td>Ditanrix pediatric</td><td>Ditanrix pediatric</td></tr><tr><td>127</td><td>Eolarix</td><td>Eolarix</td><td>Eolarix</td><td>Eolarix</td><td>Eolarix</td></tr><tr><td>128</td><td>FSME-Immun Injekt</td><td>FSME-Immun Injekt</td><td>FSME-Immun Injekt</td><td>FSME-Immun Injekt</td><td>FSME-Immun Injekt</td></tr><tr><td>133</td><td>ProHibit</td><td>ProHibit</td><td>ProHibit</td><td>ProHibit</td><td>ProHibit</td></tr><tr><td>134</td><td>Anatoxal DiTe Kinder</td><td>Anatoxal DiTe Kinder</td><td>Anatoxal DiTe Kinder</td><td>Anatoxal DiTe Kinder</td><td>Anatoxal DiTe Kinder</td></tr><tr><td>136</td><td>Celtura</td><td>Celtura</td><td>Celtura</td><td>Celtura</td><td>Celtura</td></tr><tr><td>137</td><td>Focetria</td><td>Focetria</td><td>Focetria</td><td>Focetria</td><td>Focetria</td></tr><tr><td>138</td><td>K1, K2, K3</td><td>K1, K2, K3</td><td>K1, K2, K3</td><td>K1, K2, K3</td><td>K1, K2, K3</td></tr><tr><td>139</td><td>Koprowski</td><td>Koprowski</td><td>Koprowski</td><td>Koprowski</td><td>Koprowski</td></tr><tr><td>141</td><td>Pandemrix</td><td>Pandemrix</td><td>Pandemrix</td><td>Pandemrix</td><td>Pandemrix</td></tr><tr><td>142</td><td>Prohibit DTP</td><td>Prohibit DTP</td><td>Prohibit DTP</td><td>Prohibit DTP</td><td>Prohibit DTP</td></tr><tr><td>143</td><td>TAB oral</td><td>TAB oral</td><td>TAB oral</td><td>TAB oral</td><td>TAB oral</td></tr><tr><td>144</td><td>Variola</td><td>Variola</td><td>Variola</td><td>Variola</td><td>Variola</td></tr><tr><td>147</td><td>Polio Koprowski (K1-K3)</td><td>Polio Koprowski (K1-K3)</td><td>Polio Koprowski (K1-K3)</td><td>Polio Koprowski (K1-K3)</td><td>Polio Koprowski (K1-K3)</td></tr><tr><td>148</td><td>Polio Lilly</td><td>Polio Lilly</td><td>Polio Lilly</td><td>Polio Lilly</td><td>Polio Lilly</td></tr><tr><td>151</td><td>Di Anatoxal</td><td>Di Anatoxal</td><td>Di Anatoxal</td><td>Di Anatoxal</td><td>Di Anatoxal</td></tr><tr><td>154</td><td>DiTe Anatoxal Kinder / Enfants</td><td>DiTe Anatoxal Kinder / Enfants</td><td>DiTe Anatoxal Kinder / Enfants</td><td>DiTe Anatoxal Kinder / Enfants</td><td>DiTe Anatoxal Kinder / Enfants</td></tr><tr><td>155</td><td>DiTePer Anatoxal</td><td>DiTePer Anatoxal</td><td>DiTePer Anatoxal</td><td>DiTePer Anatoxal</td><td>DiTePer Anatoxal</td></tr><tr><td>162</td><td>HBVAX DNA 5</td><td>HBVAX DNA 5</td><td>HBVAX DNA 5</td><td>HBVAX DNA 5</td><td>HBVAX DNA 5</td></tr><tr><td>163</td><td>HBVAX DNA 10</td><td>HBVAX DNA 10</td><td>HBVAX DNA 10</td><td>HBVAX DNA 10</td><td>HBVAX DNA 10</td></tr><tr><td>164</td><td>HBVAX DNA 40</td><td>HBVAX DNA 40</td><td>HBVAX DNA 40</td><td>HBVAX DNA 40</td><td>HBVAX DNA 40</td></tr><tr><td>165</td><td>Havrix junior</td><td>Havrix junior</td><td>Havrix junior</td><td>Havrix junior</td><td>Havrix junior</td></tr><tr><td>166</td><td>Infanrix</td><td>Infanrix</td><td>Infanrix</td><td>Infanrix</td><td>Infanrix</td></tr><tr><td>168</td><td>Tanrix</td><td>Tanrix</td><td>Tanrix</td><td>Tanrix</td><td>Tanrix</td></tr><tr><td>169</td><td>Vaccin variole</td><td>Vaccin variole</td><td>Vaccin variole</td><td>Vaccin variole</td><td>Vaccin variole</td></tr><tr><td>170</td><td>Engerix-B 40</td><td>Engerix-B 40</td><td>Engerix-B 40</td><td>Engerix-B 40</td><td>Engerix-B 40</td></tr><tr><td>172</td><td>Hepavax</td><td>Hepavax</td><td>Hepavax</td><td>Hepavax</td><td>Hepavax</td></tr><tr><td>16</td><td>Orochol E</td><td>Orochol E</td><td>Orochol E</td><td>Orochol E</td><td>Orochol E</td></tr></table></div>"},"extension":[{"url":"http://hl7.org/fhir/StructureDefinition/resource-effectivePeriod","valuePeriod":{"start":"2021-01-24T00:00:00+01:00"}}],"url":"http://fhir.ch/ig/ch-vacd/ValueSet/ch-vacd-vaccines-vs","identifier":[{"use":"official","system":"http://e-health-suisse.ch/ns/vs","value":"ch-vacd-vaccines-vs"}],"version":"2.0.0","name":"SwissVaccines","title":"Swissmedic code for vaccine code","status":"active","experimental":false,"date":"2022-02-11T14:45:16+01:00","publisher":"HL7 Switzerland","contact":[{"name":"HL7 Switzerland","telecom":[{"system":"url","value":"https://www.hl7.ch/"}]}],"description":"The list of vaccines available (Swissmedic authorized) or earlier available in Switzerland.","compose":{"include":[{"system":"http://fhir.ch/ig/ch-vacd/CodeSystem/ch-vacd-swissmedic-cs","concept":[{"code":"683","display":"FSME-Immun 0.25 ml Junior","designation":[{"language":"de-CH","value":"FSME-Immun 0.25 ml Junior"},{"language":"fr-CH","value":"FSME-Immun 0.25 ml Junior"},{"language":"it-CH","value":"FSME-Immun 0.25 ml Junior"},{"language":"rm-CH","value":"FSME-Immun 0.25 ml Junior"},{"language":"en-US","value":"FSME-Immun 0.25 ml Junior"}]},{"code":"450","display":"FSME-Immun CC","designation":[{"language":"de-CH","value":"FSME-Immun CC"},{"language":"fr-CH","value":"FSME-Immun CC"},{"language":"it-CH","value":"FSME-Immun CC"},{"language":"rm-CH","value":"FSME-Immun CC"},{"language":"en-US","value":"FSME-Immun CC"}]},{"code":"656","display":"NeisVac-C","designation":[{"language":"de-CH","value":"NeisVac-C"},{"language":"fr-CH","value":"NeisVac-C"},{"language":"it-CH","value":"NeisVac-C"},{"language":"rm-CH","value":"NeisVac-C"},{"language":"en-US","value":"NeisVac-C"}]},{"code":"627","display":"Encepur N","designation":[{"language":"de-CH","value":"Encepur N"},{"language":"fr-CH","value":"Encepur N"},{"language":"it-CH","value":"Encepur N"},{"language":"rm-CH","value":"Encepur N"},{"language":"en-US","value":"Encepur N"}]},{"code":"628","display":"Encepur N Kinder / Enfants","designation":[{"language":"de-CH","value":"Encepur N Kinder / Enfants"},{"language":"fr-CH","value":"Encepur N Kinder / Enfants"},{"language":"it-CH","value":"Encepur N Kinder / Enfants"},{"language":"rm-CH","value":"Encepur N Kinder / Enfants"},{"language":"en-US","value":"Encepur N Kinder / Enfants"}]},{"code":"572","display":"Epaxal","designation":[{"language":"de-CH","value":"Epaxal"},{"language":"fr-CH","value":"Epaxal"},{"language":"it-CH","value":"Epaxal"},{"language":"rm-CH","value":"Epaxal"},{"language":"en-US","value":"Epaxal"}]},{"code":"544","display":"Heprecomb","designation":[{"language":"de-CH","value":"Heprecomb"},{"language":"fr-CH","value":"Heprecomb"},{"language":"it-CH","value":"Heprecomb"},{"language":"rm-CH","value":"Heprecomb"},{"language":"en-US","value":"Heprecomb"}]},{"code":"642","display":"Heprecomb Kinder","designation":[{"language":"de-CH","value":"Heprecomb Kinder"},{"language":"fr-CH","value":"Heprecomb Kinder"},{"language":"it-CH","value":"Heprecomb Kinder"},{"language":"rm-CH","value":"Heprecomb Kinder"},{"language":"en-US","value":"Heprecomb Kinder"}]},{"code":"614","display":"Inflexal V","designation":[{"language":"de-CH","value":"Inflexal V"},{"language":"fr-CH","value":"Inflexal V"},{"language":"it-CH","value":"Inflexal V"},{"language":"rm-CH","value":"Inflexal V"},{"language":"en-US","value":"Inflexal V"}]},{"code":"657","display":"Menjugate","designation":[{"language":"de-CH","value":"Menjugate"},{"language":"fr-CH","value":"Menjugate"},{"language":"it-CH","value":"Menjugate"},{"language":"rm-CH","value":"Menjugate"},{"language":"en-US","value":"Menjugate"}]},{"code":"533","display":"Moraten","designation":[{"language":"de-CH","value":"Moraten"},{"language":"fr-CH","value":"Moraten"},{"language":"it-CH","value":"Moraten"},{"language":"rm-CH","value":"Moraten"},{"language":"en-US","value":"Moraten"}]},{"code":"555","display":"Orochol","designation":[{"language":"de-CH","value":"Orochol"},{"language":"fr-CH","value":"Orochol"},{"language":"it-CH","value":"Orochol"},{"language":"rm-CH","value":"Orochol"},{"language":"en-US","value":"Orochol"}]},{"code":"685","display":"Rabipur","designation":[{"language":"de-CH","value":"Rabipur"},{"language":"fr-CH","value":"Rabipur"},{"language":"it-CH","value":"Rabipur"},{"language":"rm-CH","value":"Rabipur"},{"language":"en-US","value":"Rabipur"}]},{"code":"702","display":"Td-pur","designation":[{"language":"de-CH","value":"Td-pur"},{"language":"fr-CH","value":"Td-pur"},{"language":"it-CH","value":"Td-pur"},{"language":"rm-CH","value":"Td-pur"},{"language":"en-US","value":"Td-pur"}]},{"code":"686","display":"Td-Virelon","designation":[{"language":"de-CH","value":"Td-Virelon"},{"language":"fr-CH","value":"Td-Virelon"},{"language":"it-CH","value":"Td-Virelon"},{"language":"rm-CH","value":"Td-Virelon"},{"language":"en-US","value":"Td-Virelon"}]},{"code":"467","display":"Vivotif","designation":[{"language":"de-CH","value":"Vivotif"},{"language":"fr-CH","value":"Vivotif"},{"language":"it-CH","value":"Vivotif"},{"language":"rm-CH","value":"Vivotif"},{"language":"en-US","value":"Vivotif"}]},{"code":"637","display":"Boostrix","designation":[{"language":"de-CH","value":"Boostrix"},{"language":"fr-CH","value":"Boostrix"},{"language":"it-CH","value":"Boostrix"},{"language":"rm-CH","value":"Boostrix"},{"language":"en-US","value":"Boostrix"}]},{"code":"681","display":"Boostrix Polio","designation":[{"language":"de-CH","value":"Boostrix Polio"},{"language":"fr-CH","value":"Boostrix Polio"},{"language":"it-CH","value":"Boostrix Polio"},{"language":"rm-CH","value":"Boostrix Polio"},{"language":"en-US","value":"Boostrix Polio"}]},{"code":"567","display":"Ditanrix","designation":[{"language":"de-CH","value":"Ditanrix"},{"language":"fr-CH","value":"Ditanrix"},{"language":"it-CH","value":"Ditanrix"},{"language":"rm-CH","value":"Ditanrix"},{"language":"en-US","value":"Ditanrix"}]},{"code":"551","display":"Engerix-B 10","designation":[{"language":"de-CH","value":"Engerix-B 10"},{"language":"fr-CH","value":"Engerix-B 10"},{"language":"it-CH","value":"Engerix-B 10"},{"language":"rm-CH","value":"Engerix-B 10"},{"language":"en-US","value":"Engerix-B 10"}]},{"code":"534","display":"Engerix-B 20","designation":[{"language":"de-CH","value":"Engerix-B 20"},{"language":"fr-CH","value":"Engerix-B 20"},{"language":"it-CH","value":"Engerix-B 20"},{"language":"rm-CH","value":"Engerix-B 20"},{"language":"en-US","value":"Engerix-B 20"}]},{"code":"583","display":"Fluarix","designation":[{"language":"de-CH","value":"Fluarix"},{"language":"fr-CH","value":"Fluarix"},{"language":"it-CH","value":"Fluarix"},{"language":"rm-CH","value":"Fluarix"},{"language":"en-US","value":"Fluarix"}]},{"code":"558","display":"Havrix 1440","designation":[{"language":"de-CH","value":"Havrix 1440"},{"language":"fr-CH","value":"Havrix 1440"},{"language":"it-CH","value":"Havrix 1440"},{"language":"rm-CH","value":"Havrix 1440"},{"language":"en-US","value":"Havrix 1440"}]},{"code":"599","display":"Havrix 720","designation":[{"language":"de-CH","value":"Havrix 720"},{"language":"fr-CH","value":"Havrix 720"},{"language":"it-CH","value":"Havrix 720"},{"language":"rm-CH","value":"Havrix 720"},{"language":"en-US","value":"Havrix 720"}]},{"code":"603","display":"Hiberix","designation":[{"language":"de-CH","value":"Hiberix"},{"language":"fr-CH","value":"Hiberix"},{"language":"it-CH","value":"Hiberix"},{"language":"rm-CH","value":"Hiberix"},{"language":"en-US","value":"Hiberix"}]},{"code":"638","display":"Infanrix DTPa-IPV","designation":[{"language":"de-CH","value":"Infanrix DTPa-IPV"},{"language":"fr-CH","value":"Infanrix DTPa-IPV"},{"language":"it-CH","value":"Infanrix DTPa-IPV"},{"language":"rm-CH","value":"Infanrix DTPa-IPV"},{"language":"en-US","value":"Infanrix DTPa-IPV"}]},{"code":"619","display":"Infanrix DTPa-IPV+Hib","designation":[{"language":"de-CH","value":"Infanrix DTPa-IPV+Hib"},{"language":"fr-CH","value":"Infanrix DTPa-IPV+Hib"},{"language":"it-CH","value":"Infanrix DTPa-IPV+Hib"},{"language":"rm-CH","value":"Infanrix DTPa-IPV+Hib"},{"language":"en-US","value":"Infanrix DTPa-IPV+Hib"}]},{"code":"640","display":"Infanrix hexa","designation":[{"language":"de-CH","value":"Infanrix hexa"},{"language":"fr-CH","value":"Infanrix hexa"},{"language":"it-CH","value":"Infanrix hexa"},{"language":"rm-CH","value":"Infanrix hexa"},{"language":"en-US","value":"Infanrix hexa"}]},{"code":"652","display":"Mencevax ACWY","designation":[{"language":"de-CH","value":"Mencevax ACWY"},{"language":"fr-CH","value":"Mencevax ACWY"},{"language":"it-CH","value":"Mencevax ACWY"},{"language":"rm-CH","value":"Mencevax ACWY"},{"language":"en-US","value":"Mencevax ACWY"}]},{"code":"669","display":"Poliorix","designation":[{"language":"de-CH","value":"Poliorix"},{"language":"fr-CH","value":"Poliorix"},{"language":"it-CH","value":"Poliorix"},{"language":"rm-CH","value":"Poliorix"},{"language":"en-US","value":"Poliorix"}]},{"code":"615","display":"Priorix","designation":[{"language":"de-CH","value":"Priorix"},{"language":"fr-CH","value":"Priorix"},{"language":"it-CH","value":"Priorix"},{"language":"rm-CH","value":"Priorix"},{"language":"en-US","value":"Priorix"}]},{"code":"592","display":"Twinrix 720/20","designation":[{"language":"de-CH","value":"Twinrix 720/20"},{"language":"fr-CH","value":"Twinrix 720/20"},{"language":"it-CH","value":"Twinrix 720/20"},{"language":"rm-CH","value":"Twinrix 720/20"},{"language":"en-US","value":"Twinrix 720/20"}]},{"code":"585","display":"Varilrix","designation":[{"language":"de-CH","value":"Varilrix"},{"language":"fr-CH","value":"Varilrix"},{"language":"it-CH","value":"Varilrix"},{"language":"rm-CH","value":"Varilrix"},{"language":"en-US","value":"Varilrix"}]},{"code":"528","display":"Gen H-B-Vax 10","designation":[{"language":"de-CH","value":"Gen H-B-Vax 10"},{"language":"fr-CH","value":"Gen H-B-Vax 10"},{"language":"it-CH","value":"Gen H-B-Vax 10"},{"language":"rm-CH","value":"Gen H-B-Vax 10"},{"language":"en-US","value":"Gen H-B-Vax 10"}]},{"code":"545","display":"HBVAXPRO 40","designation":[{"language":"de-CH","value":"HBVAXPRO 40"},{"language":"fr-CH","value":"HBVAXPRO 40"},{"language":"it-CH","value":"HBVAXPRO 40"},{"language":"rm-CH","value":"HBVAXPRO 40"},{"language":"en-US","value":"HBVAXPRO 40"}]},{"code":"610","display":"Gen H-B-Vax 5","designation":[{"language":"de-CH","value":"Gen H-B-Vax 5"},{"language":"fr-CH","value":"Gen H-B-Vax 5"},{"language":"it-CH","value":"Gen H-B-Vax 5"},{"language":"rm-CH","value":"Gen H-B-Vax 5"},{"language":"en-US","value":"Gen H-B-Vax 5"}]},{"code":"663","display":"HBVAXPRO 10","designation":[{"language":"de-CH","value":"HBVAXPRO 10"},{"language":"fr-CH","value":"HBVAXPRO 10"},{"language":"it-CH","value":"HBVAXPRO 10"},{"language":"rm-CH","value":"HBVAXPRO 10"},{"language":"en-US","value":"HBVAXPRO 10"}]},{"code":"268","display":"MMR-II","designation":[{"language":"de-CH","value":"MMR-II"},{"language":"fr-CH","value":"MMR-II"},{"language":"it-CH","value":"MMR-II"},{"language":"rm-CH","value":"MMR-II"},{"language":"en-US","value":"MMR-II"}]},{"code":"247","display":"Mumpsvax","designation":[{"language":"de-CH","value":"Mumpsvax"},{"language":"fr-CH","value":"Mumpsvax"},{"language":"it-CH","value":"Mumpsvax"},{"language":"rm-CH","value":"Mumpsvax"},{"language":"en-US","value":"Mumpsvax"}]},{"code":"373","display":"Mutagrip","designation":[{"language":"de-CH","value":"Mutagrip"},{"language":"fr-CH","value":"Mutagrip"},{"language":"it-CH","value":"Mutagrip"},{"language":"rm-CH","value":"Mutagrip"},{"language":"en-US","value":"Mutagrip"}]},{"code":"613","display":"Pentavac","designation":[{"language":"de-CH","value":"Pentavac"},{"language":"fr-CH","value":"Pentavac"},{"language":"it-CH","value":"Pentavac"},{"language":"rm-CH","value":"Pentavac"},{"language":"en-US","value":"Pentavac"}]},{"code":"509","display":"Pneumovax-23","designation":[{"language":"de-CH","value":"Pneumovax-23"},{"language":"fr-CH","value":"Pneumovax-23"},{"language":"it-CH","value":"Pneumovax-23"},{"language":"rm-CH","value":"Pneumovax-23"},{"language":"en-US","value":"Pneumovax-23"}]},{"code":"646","display":"Revaxis","designation":[{"language":"de-CH","value":"Revaxis"},{"language":"fr-CH","value":"Revaxis"},{"language":"it-CH","value":"Revaxis"},{"language":"rm-CH","value":"Revaxis"},{"language":"en-US","value":"Revaxis"}]},{"code":"520","display":"Stamaril","designation":[{"language":"de-CH","value":"Stamaril"},{"language":"fr-CH","value":"Stamaril"},{"language":"it-CH","value":"Stamaril"},{"language":"rm-CH","value":"Stamaril"},{"language":"en-US","value":"Stamaril"}]},{"code":"612","display":"Tetravac","designation":[{"language":"de-CH","value":"Tetravac"},{"language":"fr-CH","value":"Tetravac"},{"language":"it-CH","value":"Tetravac"},{"language":"rm-CH","value":"Tetravac"},{"language":"en-US","value":"Tetravac"}]},{"code":"417","display":"Tollwut Impfstoff Mérieux","designation":[{"language":"de-CH","value":"Tollwut Impfstoff Mérieux"},{"language":"fr-CH","value":"Tollwut Impfstoff Mérieux"},{"language":"it-CH","value":"Tollwut Impfstoff Mérieux"},{"language":"rm-CH","value":"Tollwut Impfstoff Mérieux"},{"language":"en-US","value":"Tollwut Impfstoff Mérieux"}]},{"code":"688","display":"Varivax","designation":[{"language":"de-CH","value":"Varivax"},{"language":"fr-CH","value":"Varivax"},{"language":"it-CH","value":"Varivax"},{"language":"rm-CH","value":"Varivax"},{"language":"en-US","value":"Varivax"}]},{"code":"485","display":"Influvac","designation":[{"language":"de-CH","value":"Influvac"},{"language":"fr-CH","value":"Influvac"},{"language":"it-CH","value":"Influvac"},{"language":"rm-CH","value":"Influvac"},{"language":"en-US","value":"Influvac"}]},{"code":"660","display":"Influvac plus","designation":[{"language":"de-CH","value":"Influvac plus"},{"language":"fr-CH","value":"Influvac plus"},{"language":"it-CH","value":"Influvac plus"},{"language":"rm-CH","value":"Influvac plus"},{"language":"en-US","value":"Influvac plus"}]},{"code":"654","display":"Meningitec","designation":[{"language":"de-CH","value":"Meningitec"},{"language":"fr-CH","value":"Meningitec"},{"language":"it-CH","value":"Meningitec"},{"language":"rm-CH","value":"Meningitec"},{"language":"en-US","value":"Meningitec"}]},{"code":"643","display":"Prevenar-7","designation":[{"language":"de-CH","value":"Prevenar-7"},{"language":"fr-CH","value":"Prevenar-7"},{"language":"it-CH","value":"Prevenar-7"},{"language":"rm-CH","value":"Prevenar-7"},{"language":"en-US","value":"Prevenar-7"}]},{"code":"644","display":"Hexavac","designation":[{"language":"de-CH","value":"Hexavac"},{"language":"fr-CH","value":"Hexavac"},{"language":"it-CH","value":"Hexavac"},{"language":"rm-CH","value":"Hexavac"},{"language":"en-US","value":"Hexavac"}]},{"code":"711","display":"DiTe pediatric adsorbed","designation":[{"language":"de-CH","value":"DiTe pediatric adsorbed"},{"language":"fr-CH","value":"DiTe pediatric adsorbed"},{"language":"it-CH","value":"DiTe pediatric adsorbed"},{"language":"rm-CH","value":"DiTe pediatric adsorbed"},{"language":"en-US","value":"DiTe pediatric adsorbed"}]},{"code":"704","display":"Dukoral","designation":[{"language":"de-CH","value":"Dukoral"},{"language":"fr-CH","value":"Dukoral"},{"language":"it-CH","value":"Dukoral"},{"language":"rm-CH","value":"Dukoral"},{"language":"en-US","value":"Dukoral"}]},{"code":"483","display":"Rimevax","designation":[{"language":"de-CH","value":"Rimevax"},{"language":"fr-CH","value":"Rimevax"},{"language":"it-CH","value":"Rimevax"},{"language":"rm-CH","value":"Rimevax"},{"language":"en-US","value":"Rimevax"}]},{"code":"707","display":"Tetanol pur","designation":[{"language":"de-CH","value":"Tetanol pur"},{"language":"fr-CH","value":"Tetanol pur"},{"language":"it-CH","value":"Tetanol pur"},{"language":"rm-CH","value":"Tetanol pur"},{"language":"en-US","value":"Tetanol pur"}]},{"code":"57735","display":"Gardasil","designation":[{"language":"de-CH","value":"Gardasil"},{"language":"fr-CH","value":"Gardasil"},{"language":"it-CH","value":"Gardasil"},{"language":"rm-CH","value":"Gardasil"},{"language":"en-US","value":"Gardasil"}]},{"code":"709","display":"Zostavax","designation":[{"language":"de-CH","value":"Zostavax"},{"language":"fr-CH","value":"Zostavax"},{"language":"it-CH","value":"Zostavax"},{"language":"rm-CH","value":"Zostavax"},{"language":"en-US","value":"Zostavax"}]},{"code":"58158","display":"Priorix-Tetra","designation":[{"language":"de-CH","value":"Priorix-Tetra"},{"language":"fr-CH","value":"Priorix-Tetra"},{"language":"it-CH","value":"Priorix-Tetra"},{"language":"rm-CH","value":"Priorix-Tetra"},{"language":"en-US","value":"Priorix-Tetra"}]},{"code":"696","display":"BCG SSI","designation":[{"language":"de-CH","value":"BCG SSI"},{"language":"fr-CH","value":"BCG SSI"},{"language":"it-CH","value":"BCG SSI"},{"language":"rm-CH","value":"BCG SSI"},{"language":"en-US","value":"BCG SSI"}]},{"code":"58317","display":"Fluad","designation":[{"language":"de-CH","value":"Fluad"},{"language":"fr-CH","value":"Fluad"},{"language":"it-CH","value":"Fluad"},{"language":"rm-CH","value":"Fluad"},{"language":"en-US","value":"Fluad"}]},{"code":"60150","display":"Rotarix","designation":[{"language":"de-CH","value":"Rotarix"},{"language":"fr-CH","value":"Rotarix"},{"language":"it-CH","value":"Rotarix"},{"language":"rm-CH","value":"Rotarix"},{"language":"en-US","value":"Rotarix"}]},{"code":"703","display":"MMRVaxPro","designation":[{"language":"de-CH","value":"MMRVaxPro"},{"language":"fr-CH","value":"MMRVaxPro"},{"language":"it-CH","value":"MMRVaxPro"},{"language":"rm-CH","value":"MMRVaxPro"},{"language":"en-US","value":"MMRVaxPro"}]},{"code":"58506","display":"Measles vaccine live","designation":[{"language":"de-CH","value":"Measles vaccine live"},{"language":"fr-CH","value":"Measles vaccine live"},{"language":"it-CH","value":"Measles vaccine live"},{"language":"rm-CH","value":"Measles vaccine live"},{"language":"en-US","value":"Measles vaccine live"}]},{"code":"59267","display":"Agrippal","designation":[{"language":"de-CH","value":"Agrippal"},{"language":"fr-CH","value":"Agrippal"},{"language":"it-CH","value":"Agrippal"},{"language":"rm-CH","value":"Agrippal"},{"language":"en-US","value":"Agrippal"}]},{"code":"58271","display":"Optaflu","designation":[{"language":"de-CH","value":"Optaflu"},{"language":"fr-CH","value":"Optaflu"},{"language":"it-CH","value":"Optaflu"},{"language":"rm-CH","value":"Optaflu"},{"language":"en-US","value":"Optaflu"}]},{"code":"57814","display":"Cervarix","designation":[{"language":"de-CH","value":"Cervarix"},{"language":"fr-CH","value":"Cervarix"},{"language":"it-CH","value":"Cervarix"},{"language":"rm-CH","value":"Cervarix"},{"language":"en-US","value":"Cervarix"}]},{"code":"60129","display":"Prevenar-13","designation":[{"language":"de-CH","value":"Prevenar-13"},{"language":"fr-CH","value":"Prevenar-13"},{"language":"it-CH","value":"Prevenar-13"},{"language":"rm-CH","value":"Prevenar-13"},{"language":"en-US","value":"Prevenar-13"}]},{"code":"59147","display":"Ixiaro","designation":[{"language":"de-CH","value":"Ixiaro"},{"language":"fr-CH","value":"Ixiaro"},{"language":"it-CH","value":"Ixiaro"},{"language":"rm-CH","value":"Ixiaro"},{"language":"en-US","value":"Ixiaro"}]},{"code":"62502","display":"Menveo","designation":[{"language":"de-CH","value":"Menveo"},{"language":"fr-CH","value":"Menveo"},{"language":"it-CH","value":"Menveo"},{"language":"rm-CH","value":"Menveo"},{"language":"en-US","value":"Menveo"}]},{"code":"600","display":"DiTe Anatoxal Erwachsene / Adultes","designation":[{"language":"de-CH","value":"DiTe Anatoxal Erwachsene / Adultes"},{"language":"fr-CH","value":"DiTe Anatoxal Erwachsene / Adultes"},{"language":"it-CH","value":"DiTe Anatoxal Erwachsene / Adultes"},{"language":"rm-CH","value":"DiTe Anatoxal Erwachsene / Adultes"},{"language":"en-US","value":"DiTe Anatoxal Erwachsene / Adultes"}]},{"code":"690","display":"DiTe Anatoxal N Erwachsene / Adultes","designation":[{"language":"de-CH","value":"DiTe Anatoxal N Erwachsene / Adultes"},{"language":"fr-CH","value":"DiTe Anatoxal N Erwachsene / Adultes"},{"language":"it-CH","value":"DiTe Anatoxal N Erwachsene / Adultes"},{"language":"rm-CH","value":"DiTe Anatoxal N Erwachsene / Adultes"},{"language":"en-US","value":"DiTe Anatoxal N Erwachsene / Adultes"}]},{"code":"35","display":"Te Anatoxal","designation":[{"language":"de-CH","value":"Te Anatoxal"},{"language":"fr-CH","value":"Te Anatoxal"},{"language":"it-CH","value":"Te Anatoxal"},{"language":"rm-CH","value":"Te Anatoxal"},{"language":"en-US","value":"Te Anatoxal"}]},{"code":"689","display":"Te Anatoxal N","designation":[{"language":"de-CH","value":"Te Anatoxal N"},{"language":"fr-CH","value":"Te Anatoxal N"},{"language":"it-CH","value":"Te Anatoxal N"},{"language":"rm-CH","value":"Te Anatoxal N"},{"language":"en-US","value":"Te Anatoxal N"}]},{"code":"62961","display":"Fluarix Tetra","designation":[{"language":"de-CH","value":"Fluarix Tetra"},{"language":"fr-CH","value":"Fluarix Tetra"},{"language":"it-CH","value":"Fluarix Tetra"},{"language":"rm-CH","value":"Fluarix Tetra"},{"language":"en-US","value":"Fluarix Tetra"}]},{"code":"66037","display":"Menjugate liquid","designation":[{"language":"de-CH","value":"Menjugate liquid"},{"language":"fr-CH","value":"Menjugate liquid"},{"language":"it-CH","value":"Menjugate liquid"},{"language":"rm-CH","value":"Menjugate liquid"},{"language":"en-US","value":"Menjugate liquid"}]},{"code":"699","display":"ProQuad","designation":[{"language":"de-CH","value":"ProQuad"},{"language":"fr-CH","value":"ProQuad"},{"language":"it-CH","value":"ProQuad"},{"language":"rm-CH","value":"ProQuad"},{"language":"en-US","value":"ProQuad"}]},{"code":"66427","display":"Vaxigrip Tetra","designation":[{"language":"de-CH","value":"Vaxigrip Tetra"},{"language":"fr-CH","value":"Vaxigrip Tetra"},{"language":"it-CH","value":"Vaxigrip Tetra"},{"language":"rm-CH","value":"Vaxigrip Tetra"},{"language":"en-US","value":"Vaxigrip Tetra"}]},{"code":"65387","display":"Gardasil 9","designation":[{"language":"de-CH","value":"Gardasil 9"},{"language":"fr-CH","value":"Gardasil 9"},{"language":"it-CH","value":"Gardasil 9"},{"language":"rm-CH","value":"Gardasil 9"},{"language":"en-US","value":"Gardasil 9"}]},{"code":"66940","display":"Vaxelis","designation":[{"language":"de-CH","value":"Vaxelis"},{"language":"fr-CH","value":"Vaxelis"},{"language":"it-CH","value":"Vaxelis"},{"language":"rm-CH","value":"Vaxelis"},{"language":"en-US","value":"Vaxelis"}]},{"code":"66427","display":"VaxigripTetra","designation":[{"language":"de-CH","value":"VaxigripTetra"},{"language":"fr-CH","value":"VaxigripTetra"},{"language":"it-CH","value":"VaxigripTetra"},{"language":"rm-CH","value":"VaxigripTetra"},{"language":"en-US","value":"VaxigripTetra"}]},{"code":"65730","display":"Bexsero","designation":[{"language":"de-CH","value":"Bexsero"},{"language":"fr-CH","value":"Bexsero"},{"language":"it-CH","value":"Bexsero"},{"language":"rm-CH","value":"Bexsero"},{"language":"en-US","value":"Bexsero"}]},{"code":"68087","display":"Influvac Tetra","designation":[{"language":"de-CH","value":"Influvac Tetra"},{"language":"fr-CH","value":"Influvac Tetra"},{"language":"it-CH","value":"Influvac Tetra"},{"language":"rm-CH","value":"Influvac Tetra"},{"language":"en-US","value":"Influvac Tetra"}]},{"code":"68267","display":"Spikevax (COVID-19 Vaccine, Moderna)","designation":[{"language":"de-CH","value":"Spikevax (COVID-19 Vaccine, Moderna)"},{"language":"fr-CH","value":"Spikevax (COVID-19 Vaccine, Moderna)"},{"language":"it-CH","value":"Spikevax (COVID-19 Vaccine, Moderna)"},{"language":"rm-CH","value":"Spikevax (COVID-19 Vaccine, Moderna)"},{"language":"en-US","value":"Spikevax (COVID-19 Vaccine, Moderna)"}]},{"code":"68225","display":"Comirnaty (COVID-19 Vaccine, Pfizer)","designation":[{"language":"de-CH","value":"Comirnaty (COVID-19 Vaccine, Pfizer)"},{"language":"fr-CH","value":"Comirnaty (COVID-19 Vaccine, Pfizer)"},{"language":"it-CH","value":"Comirnaty (COVID-19 Vaccine, Pfizer)"},{"language":"rm-CH","value":"Comirnaty (COVID-19 Vaccine, Pfizer)"},{"language":"en-US","value":"Comirnaty (COVID-19 Vaccine, Pfizer)"}]},{"code":"68235","display":"COVID-19 Vaccine Janssen","designation":[{"language":"de-CH","value":"COVID-19 Vaccine Janssen"},{"language":"fr-CH","value":"COVID-19 Vaccine Janssen"},{"language":"it-CH","value":"COVID-19 Vaccine Janssen"},{"language":"rm-CH","value":"COVID-19 Vaccine Janssen"},{"language":"en-US","value":"COVID-19 Vaccine Janssen"}]},{"code":"67987","display":"Shingrix","designation":[{"language":"de-CH","value":"Shingrix"},{"language":"fr-CH","value":"Shingrix"},{"language":"it-CH","value":"Shingrix"},{"language":"rm-CH","value":"Shingrix"},{"language":"en-US","value":"Shingrix"}]},{"code":"67482","display":"Flucelvax Tetra","designation":[{"language":"de-CH","value":"Flucelvax Tetra"},{"language":"fr-CH","value":"Flucelvax Tetra"},{"language":"it-CH","value":"Flucelvax Tetra"},{"language":"rm-CH","value":"Flucelvax Tetra"},{"language":"en-US","value":"Flucelvax Tetra"}]},{"code":"67704","display":"Efluelda 0.7 ml","designation":[{"language":"de-CH","value":"Efluelda 0.7 ml"},{"language":"fr-CH","value":"Efluelda 0.7 ml"},{"language":"it-CH","value":"Efluelda 0.7 ml"},{"language":"rm-CH","value":"Efluelda 0.7 ml"},{"language":"en-US","value":"Efluelda 0.7 ml"}]},{"code":"68003","display":"Supemtek 0.5 ml","designation":[{"language":"de-CH","value":"Supemtek 0.5 ml"},{"language":"fr-CH","value":"Supemtek 0.5 ml"},{"language":"it-CH","value":"Supemtek 0.5 ml"},{"language":"rm-CH","value":"Supemtek 0.5 ml"},{"language":"en-US","value":"Supemtek 0.5 ml"}]},{"code":"66161","display":"Foclivia (Durchstechflasche)","designation":[{"language":"de-CH","value":"Foclivia (Durchstechflasche)"},{"language":"fr-CH","value":"Foclivia (Durchstechflasche)"},{"language":"it-CH","value":"Foclivia (Durchstechflasche)"},{"language":"rm-CH","value":"Foclivia (Durchstechflasche)"},{"language":"en-US","value":"Foclivia (Durchstechflasche)"}]},{"code":"66156","display":"Foclivia (Fertigspritze)","designation":[{"language":"de-CH","value":"Foclivia (Fertigspritze)"},{"language":"fr-CH","value":"Foclivia (Fertigspritze)"},{"language":"it-CH","value":"Foclivia (Fertigspritze)"},{"language":"rm-CH","value":"Foclivia (Fertigspritze)"},{"language":"en-US","value":"Foclivia (Fertigspritze)"}]}]},{"system":"http://fhir.ch/ig/ch-vacd/CodeSystem/ch-vacd-myvaccines-cs","concept":[{"code":"14","display":"MoRu-Viraten","designation":[{"language":"de-CH","value":"MoRu-Viraten"},{"language":"fr-CH","value":"MoRu-Viraten"},{"language":"it-CH","value":"MoRu-Viraten"},{"language":"rm-CH","value":"MoRu-Viraten"},{"language":"en-US","value":"MoRu-Viraten"}]},{"code":"17","display":"Poliomyelitis Impfstoff Berna","designation":[{"language":"de-CH","value":"Poliomyelitis Impfstoff Berna"},{"language":"fr-CH","value":"Poliomyelitis Impfstoff Berna"},{"language":"it-CH","value":"Poliomyelitis Impfstoff Berna"},{"language":"rm-CH","value":"Poliomyelitis Impfstoff Berna"},{"language":"en-US","value":"Poliomyelitis Impfstoff Berna"}]},{"code":"23","display":"Triviraten","designation":[{"language":"de-CH","value":"Triviraten"},{"language":"fr-CH","value":"Triviraten"},{"language":"it-CH","value":"Triviraten"},{"language":"rm-CH","value":"Triviraten"},{"language":"en-US","value":"Triviraten"}]},{"code":"25","display":"Vivotif L","designation":[{"language":"de-CH","value":"Vivotif L"},{"language":"fr-CH","value":"Vivotif L"},{"language":"it-CH","value":"Vivotif L"},{"language":"rm-CH","value":"Vivotif L"},{"language":"en-US","value":"Vivotif L"}]},{"code":"35","display":"Infanrix DTPa","designation":[{"language":"de-CH","value":"Infanrix DTPa"},{"language":"fr-CH","value":"Infanrix DTPa"},{"language":"it-CH","value":"Infanrix DTPa"},{"language":"rm-CH","value":"Infanrix DTPa"},{"language":"en-US","value":"Infanrix DTPa"}]},{"code":"39","display":"Infanrix Penta","designation":[{"language":"de-CH","value":"Infanrix Penta"},{"language":"fr-CH","value":"Infanrix Penta"},{"language":"it-CH","value":"Infanrix Penta"},{"language":"rm-CH","value":"Infanrix Penta"},{"language":"en-US","value":"Infanrix Penta"}]},{"code":"47","display":"Attenuvax","designation":[{"language":"de-CH","value":"Attenuvax"},{"language":"fr-CH","value":"Attenuvax"},{"language":"it-CH","value":"Attenuvax"},{"language":"rm-CH","value":"Attenuvax"},{"language":"en-US","value":"Attenuvax"}]},{"code":"48","display":"BCG","designation":[{"language":"de-CH","value":"BCG"},{"language":"fr-CH","value":"BCG"},{"language":"it-CH","value":"BCG"},{"language":"rm-CH","value":"BCG"},{"language":"en-US","value":"BCG"}]},{"code":"53","display":"HBVAXPRO 5","designation":[{"language":"de-CH","value":"HBVAXPRO 5"},{"language":"fr-CH","value":"HBVAXPRO 5"},{"language":"it-CH","value":"HBVAXPRO 5"},{"language":"rm-CH","value":"HBVAXPRO 5"},{"language":"en-US","value":"HBVAXPRO 5"}]},{"code":"55","display":"Meningokokken-Impfstoff A+C Mérieux","designation":[{"language":"de-CH","value":"Meningokokken-Impfstoff A+C Mérieux"},{"language":"fr-CH","value":"Meningokokken-Impfstoff A+C Mérieux"},{"language":"it-CH","value":"Meningokokken-Impfstoff A+C Mérieux"},{"language":"rm-CH","value":"Meningokokken-Impfstoff A+C Mérieux"},{"language":"en-US","value":"Meningokokken-Impfstoff A+C Mérieux"}]},{"code":"56","display":"Meruvax","designation":[{"language":"de-CH","value":"Meruvax"},{"language":"fr-CH","value":"Meruvax"},{"language":"it-CH","value":"Meruvax"},{"language":"rm-CH","value":"Meruvax"},{"language":"en-US","value":"Meruvax"}]},{"code":"73","display":"Infanrix DTPa+Hib","designation":[{"language":"de-CH","value":"Infanrix DTPa+Hib"},{"language":"fr-CH","value":"Infanrix DTPa+Hib"},{"language":"it-CH","value":"Infanrix DTPa+Hib"},{"language":"rm-CH","value":"Infanrix DTPa+Hib"},{"language":"en-US","value":"Infanrix DTPa+Hib"}]},{"code":"74","display":"Twinrix 360/10","designation":[{"language":"de-CH","value":"Twinrix 360/10"},{"language":"fr-CH","value":"Twinrix 360/10"},{"language":"it-CH","value":"Twinrix 360/10"},{"language":"rm-CH","value":"Twinrix 360/10"},{"language":"en-US","value":"Twinrix 360/10"}]},{"code":"75","display":"Pluserix","designation":[{"language":"de-CH","value":"Pluserix"},{"language":"fr-CH","value":"Pluserix"},{"language":"it-CH","value":"Pluserix"},{"language":"rm-CH","value":"Pluserix"},{"language":"en-US","value":"Pluserix"}]},{"code":"76","display":"Acel Immune","designation":[{"language":"de-CH","value":"Acel Immune"},{"language":"fr-CH","value":"Acel Immune"},{"language":"it-CH","value":"Acel Immune"},{"language":"rm-CH","value":"Acel Immune"},{"language":"en-US","value":"Acel Immune"}]},{"code":"77","display":"Acel P","designation":[{"language":"de-CH","value":"Acel P"},{"language":"fr-CH","value":"Acel P"},{"language":"it-CH","value":"Acel P"},{"language":"rm-CH","value":"Acel P"},{"language":"en-US","value":"Acel P"}]},{"code":"78","display":"Act-Hib","designation":[{"language":"de-CH","value":"Act-Hib"},{"language":"fr-CH","value":"Act-Hib"},{"language":"it-CH","value":"Act-Hib"},{"language":"rm-CH","value":"Act-Hib"},{"language":"en-US","value":"Act-Hib"}]},{"code":"79","display":"Anatoxal DiTePer","designation":[{"language":"de-CH","value":"Anatoxal DiTePer"},{"language":"fr-CH","value":"Anatoxal DiTePer"},{"language":"it-CH","value":"Anatoxal DiTePer"},{"language":"rm-CH","value":"Anatoxal DiTePer"},{"language":"en-US","value":"Anatoxal DiTePer"}]},{"code":"80","display":"Anatoxal DiTe Erwachsene","designation":[{"language":"de-CH","value":"Anatoxal DiTe Erwachsene"},{"language":"fr-CH","value":"Anatoxal DiTe Erwachsene"},{"language":"it-CH","value":"Anatoxal DiTe Erwachsene"},{"language":"rm-CH","value":"Anatoxal DiTe Erwachsene"},{"language":"en-US","value":"Anatoxal DiTe Erwachsene"}]},{"code":"81","display":"Anatoxal DiTe N Erwachsene","designation":[{"language":"de-CH","value":"Anatoxal DiTe N Erwachsene"},{"language":"fr-CH","value":"Anatoxal DiTe N Erwachsene"},{"language":"it-CH","value":"Anatoxal DiTe N Erwachsene"},{"language":"rm-CH","value":"Anatoxal DiTe N Erwachsene"},{"language":"en-US","value":"Anatoxal DiTe N Erwachsene"}]},{"code":"82","display":"Anatoxal Di","designation":[{"language":"de-CH","value":"Anatoxal Di"},{"language":"fr-CH","value":"Anatoxal Di"},{"language":"it-CH","value":"Anatoxal Di"},{"language":"rm-CH","value":"Anatoxal Di"},{"language":"en-US","value":"Anatoxal Di"}]},{"code":"83","display":"Anatoxal Te","designation":[{"language":"de-CH","value":"Anatoxal Te"},{"language":"fr-CH","value":"Anatoxal Te"},{"language":"it-CH","value":"Anatoxal Te"},{"language":"rm-CH","value":"Anatoxal Te"},{"language":"en-US","value":"Anatoxal Te"}]},{"code":"84","display":"Anatoxal Te N","designation":[{"language":"de-CH","value":"Anatoxal Te N"},{"language":"fr-CH","value":"Anatoxal Te N"},{"language":"it-CH","value":"Anatoxal Te N"},{"language":"rm-CH","value":"Anatoxal Te N"},{"language":"en-US","value":"Anatoxal Te N"}]},{"code":"86","display":"Arilvax","designation":[{"language":"de-CH","value":"Arilvax"},{"language":"fr-CH","value":"Arilvax"},{"language":"it-CH","value":"Arilvax"},{"language":"rm-CH","value":"Arilvax"},{"language":"en-US","value":"Arilvax"}]},{"code":"87","display":"BCG Vaccin Mérieux","designation":[{"language":"de-CH","value":"BCG Vaccin Mérieux"},{"language":"fr-CH","value":"BCG Vaccin Mérieux"},{"language":"it-CH","value":"BCG Vaccin Mérieux"},{"language":"rm-CH","value":"BCG Vaccin Mérieux"},{"language":"en-US","value":"BCG Vaccin Mérieux"}]},{"code":"88","display":"Biviraten","designation":[{"language":"de-CH","value":"Biviraten"},{"language":"fr-CH","value":"Biviraten"},{"language":"it-CH","value":"Biviraten"},{"language":"rm-CH","value":"Biviraten"},{"language":"en-US","value":"Biviraten"}]},{"code":"91","display":"Ervevax","designation":[{"language":"de-CH","value":"Ervevax"},{"language":"fr-CH","value":"Ervevax"},{"language":"it-CH","value":"Ervevax"},{"language":"rm-CH","value":"Ervevax"},{"language":"en-US","value":"Ervevax"}]},{"code":"92","display":"HibTiter","designation":[{"language":"de-CH","value":"HibTiter"},{"language":"fr-CH","value":"HibTiter"},{"language":"it-CH","value":"HibTiter"},{"language":"rm-CH","value":"HibTiter"},{"language":"en-US","value":"HibTiter"}]},{"code":"93","display":"Infanrix DTPa-HBV","designation":[{"language":"de-CH","value":"Infanrix DTPa-HBV"},{"language":"fr-CH","value":"Infanrix DTPa-HBV"},{"language":"it-CH","value":"Infanrix DTPa-HBV"},{"language":"rm-CH","value":"Infanrix DTPa-HBV"},{"language":"en-US","value":"Infanrix DTPa-HBV"}]},{"code":"94","display":"Lyssavac Berna","designation":[{"language":"de-CH","value":"Lyssavac Berna"},{"language":"fr-CH","value":"Lyssavac Berna"},{"language":"it-CH","value":"Lyssavac Berna"},{"language":"rm-CH","value":"Lyssavac Berna"},{"language":"en-US","value":"Lyssavac Berna"}]},{"code":"95","display":"Vaccin méningococcique A+C Mérieux","designation":[{"language":"de-CH","value":"Vaccin méningococcique A+C Mérieux"},{"language":"fr-CH","value":"Vaccin méningococcique A+C Mérieux"},{"language":"it-CH","value":"Vaccin méningococcique A+C Mérieux"},{"language":"rm-CH","value":"Vaccin méningococcique A+C Mérieux"},{"language":"en-US","value":"Vaccin méningococcique A+C Mérieux"}]},{"code":"96","display":"MM Vax","designation":[{"language":"de-CH","value":"MM Vax"},{"language":"fr-CH","value":"MM Vax"},{"language":"it-CH","value":"MM Vax"},{"language":"rm-CH","value":"MM Vax"},{"language":"en-US","value":"MM Vax"}]},{"code":"97","display":"Mumaten","designation":[{"language":"de-CH","value":"Mumaten"},{"language":"fr-CH","value":"Mumaten"},{"language":"it-CH","value":"Mumaten"},{"language":"rm-CH","value":"Mumaten"},{"language":"en-US","value":"Mumaten"}]},{"code":"98","display":"Pedvax","designation":[{"language":"de-CH","value":"Pedvax"},{"language":"fr-CH","value":"Pedvax"},{"language":"it-CH","value":"Pedvax"},{"language":"rm-CH","value":"Pedvax"},{"language":"en-US","value":"Pedvax"}]},{"code":"99","display":"Pentacoq","designation":[{"language":"de-CH","value":"Pentacoq"},{"language":"fr-CH","value":"Pentacoq"},{"language":"it-CH","value":"Pentacoq"},{"language":"rm-CH","value":"Pentacoq"},{"language":"en-US","value":"Pentacoq"}]},{"code":"100","display":"Pnu-Immune","designation":[{"language":"de-CH","value":"Pnu-Immune"},{"language":"fr-CH","value":"Pnu-Immune"},{"language":"it-CH","value":"Pnu-Immune"},{"language":"rm-CH","value":"Pnu-Immune"},{"language":"en-US","value":"Pnu-Immune"}]},{"code":"101","display":"Polio Salk","designation":[{"language":"de-CH","value":"Polio Salk"},{"language":"fr-CH","value":"Polio Salk"},{"language":"it-CH","value":"Polio Salk"},{"language":"rm-CH","value":"Polio Salk"},{"language":"en-US","value":"Polio Salk"}]},{"code":"102","display":"Polio Sabin","designation":[{"language":"de-CH","value":"Polio Sabin"},{"language":"fr-CH","value":"Polio Sabin"},{"language":"it-CH","value":"Polio Sabin"},{"language":"rm-CH","value":"Polio Sabin"},{"language":"en-US","value":"Polio Sabin"}]},{"code":"103","display":"Poloral","designation":[{"language":"de-CH","value":"Poloral"},{"language":"fr-CH","value":"Poloral"},{"language":"it-CH","value":"Poloral"},{"language":"rm-CH","value":"Poloral"},{"language":"en-US","value":"Poloral"}]},{"code":"106","display":"Tetracoq","designation":[{"language":"de-CH","value":"Tetracoq"},{"language":"fr-CH","value":"Tetracoq"},{"language":"it-CH","value":"Tetracoq"},{"language":"rm-CH","value":"Tetracoq"},{"language":"en-US","value":"Tetracoq"}]},{"code":"107","display":"Tetramune","designation":[{"language":"de-CH","value":"Tetramune"},{"language":"fr-CH","value":"Tetramune"},{"language":"it-CH","value":"Tetramune"},{"language":"rm-CH","value":"Tetramune"},{"language":"en-US","value":"Tetramune"}]},{"code":"110","display":"Vaqta","designation":[{"language":"de-CH","value":"Vaqta"},{"language":"fr-CH","value":"Vaqta"},{"language":"it-CH","value":"Vaqta"},{"language":"rm-CH","value":"Vaqta"},{"language":"en-US","value":"Vaqta"}]},{"code":"111","display":"Rubeaten","designation":[{"language":"de-CH","value":"Rubeaten"},{"language":"fr-CH","value":"Rubeaten"},{"language":"it-CH","value":"Rubeaten"},{"language":"rm-CH","value":"Rubeaten"},{"language":"en-US","value":"Rubeaten"}]},{"code":"112","display":"Rudivax","designation":[{"language":"de-CH","value":"Rudivax"},{"language":"fr-CH","value":"Rudivax"},{"language":"it-CH","value":"Rudivax"},{"language":"rm-CH","value":"Rudivax"},{"language":"en-US","value":"Rudivax"}]},{"code":"115","display":"Havrix 360","designation":[{"language":"de-CH","value":"Havrix 360"},{"language":"fr-CH","value":"Havrix 360"},{"language":"it-CH","value":"Havrix 360"},{"language":"rm-CH","value":"Havrix 360"},{"language":"en-US","value":"Havrix 360"}]},{"code":"117","display":"Almevax","designation":[{"language":"de-CH","value":"Almevax"},{"language":"fr-CH","value":"Almevax"},{"language":"it-CH","value":"Almevax"},{"language":"rm-CH","value":"Almevax"},{"language":"en-US","value":"Almevax"}]},{"code":"118","display":"Hevac B","designation":[{"language":"de-CH","value":"Hevac B"},{"language":"fr-CH","value":"Hevac B"},{"language":"it-CH","value":"Hevac B"},{"language":"rm-CH","value":"Hevac B"},{"language":"en-US","value":"Hevac B"}]},{"code":"119","display":"MMR-I","designation":[{"language":"de-CH","value":"MMR-I"},{"language":"fr-CH","value":"MMR-I"},{"language":"it-CH","value":"MMR-I"},{"language":"rm-CH","value":"MMR-I"},{"language":"en-US","value":"MMR-I"}]},{"code":"120","display":"Moruman","designation":[{"language":"de-CH","value":"Moruman"},{"language":"fr-CH","value":"Moruman"},{"language":"it-CH","value":"Moruman"},{"language":"rm-CH","value":"Moruman"},{"language":"en-US","value":"Moruman"}]},{"code":"121","display":"Rimparix","designation":[{"language":"de-CH","value":"Rimparix"},{"language":"fr-CH","value":"Rimparix"},{"language":"it-CH","value":"Rimparix"},{"language":"rm-CH","value":"Rimparix"},{"language":"en-US","value":"Rimparix"}]},{"code":"122","display":"Rubevac","designation":[{"language":"de-CH","value":"Rubevac"},{"language":"fr-CH","value":"Rubevac"},{"language":"it-CH","value":"Rubevac"},{"language":"rm-CH","value":"Rubevac"},{"language":"en-US","value":"Rubevac"}]},{"code":"123","display":"Trimovax","designation":[{"language":"de-CH","value":"Trimovax"},{"language":"fr-CH","value":"Trimovax"},{"language":"it-CH","value":"Trimovax"},{"language":"rm-CH","value":"Trimovax"},{"language":"en-US","value":"Trimovax"}]},{"code":"126","display":"Ditanrix pediatric","designation":[{"language":"de-CH","value":"Ditanrix pediatric"},{"language":"fr-CH","value":"Ditanrix pediatric"},{"language":"it-CH","value":"Ditanrix pediatric"},{"language":"rm-CH","value":"Ditanrix pediatric"},{"language":"en-US","value":"Ditanrix pediatric"}]},{"code":"127","display":"Eolarix","designation":[{"language":"de-CH","value":"Eolarix"},{"language":"fr-CH","value":"Eolarix"},{"language":"it-CH","value":"Eolarix"},{"language":"rm-CH","value":"Eolarix"},{"language":"en-US","value":"Eolarix"}]},{"code":"128","display":"FSME-Immun Injekt","designation":[{"language":"de-CH","value":"FSME-Immun Injekt"},{"language":"fr-CH","value":"FSME-Immun Injekt"},{"language":"it-CH","value":"FSME-Immun Injekt"},{"language":"rm-CH","value":"FSME-Immun Injekt"},{"language":"en-US","value":"FSME-Immun Injekt"}]},{"code":"133","display":"ProHibit","designation":[{"language":"de-CH","value":"ProHibit"},{"language":"fr-CH","value":"ProHibit"},{"language":"it-CH","value":"ProHibit"},{"language":"rm-CH","value":"ProHibit"},{"language":"en-US","value":"ProHibit"}]},{"code":"134","display":"Anatoxal DiTe Kinder","designation":[{"language":"de-CH","value":"Anatoxal DiTe Kinder"},{"language":"fr-CH","value":"Anatoxal DiTe Kinder"},{"language":"it-CH","value":"Anatoxal DiTe Kinder"},{"language":"rm-CH","value":"Anatoxal DiTe Kinder"},{"language":"en-US","value":"Anatoxal DiTe Kinder"}]},{"code":"136","display":"Celtura","designation":[{"language":"de-CH","value":"Celtura"},{"language":"fr-CH","value":"Celtura"},{"language":"it-CH","value":"Celtura"},{"language":"rm-CH","value":"Celtura"},{"language":"en-US","value":"Celtura"}]},{"code":"137","display":"Focetria","designation":[{"language":"de-CH","value":"Focetria"},{"language":"fr-CH","value":"Focetria"},{"language":"it-CH","value":"Focetria"},{"language":"rm-CH","value":"Focetria"},{"language":"en-US","value":"Focetria"}]},{"code":"138","display":"K1, K2, K3","designation":[{"language":"de-CH","value":"K1, K2, K3"},{"language":"fr-CH","value":"K1, K2, K3"},{"language":"it-CH","value":"K1, K2, K3"},{"language":"rm-CH","value":"K1, K2, K3"},{"language":"en-US","value":"K1, K2, K3"}]},{"code":"139","display":"Koprowski","designation":[{"language":"de-CH","value":"Koprowski"},{"language":"fr-CH","value":"Koprowski"},{"language":"it-CH","value":"Koprowski"},{"language":"rm-CH","value":"Koprowski"},{"language":"en-US","value":"Koprowski"}]},{"code":"141","display":"Pandemrix","designation":[{"language":"de-CH","value":"Pandemrix"},{"language":"fr-CH","value":"Pandemrix"},{"language":"it-CH","value":"Pandemrix"},{"language":"rm-CH","value":"Pandemrix"},{"language":"en-US","value":"Pandemrix"}]},{"code":"142","display":"Prohibit DTP","designation":[{"language":"de-CH","value":"Prohibit DTP"},{"language":"fr-CH","value":"Prohibit DTP"},{"language":"it-CH","value":"Prohibit DTP"},{"language":"rm-CH","value":"Prohibit DTP"},{"language":"en-US","value":"Prohibit DTP"}]},{"code":"143","display":"TAB oral","designation":[{"language":"de-CH","value":"TAB oral"},{"language":"fr-CH","value":"TAB oral"},{"language":"it-CH","value":"TAB oral"},{"language":"rm-CH","value":"TAB oral"},{"language":"en-US","value":"TAB oral"}]},{"code":"144","display":"Variola","designation":[{"language":"de-CH","value":"Variola"},{"language":"fr-CH","value":"Variola"},{"language":"it-CH","value":"Variola"},{"language":"rm-CH","value":"Variola"},{"language":"en-US","value":"Variola"}]},{"code":"147","display":"Polio Koprowski (K1-K3)","designation":[{"language":"de-CH","value":"Polio Koprowski (K1-K3)"},{"language":"fr-CH","value":"Polio Koprowski (K1-K3)"},{"language":"it-CH","value":"Polio Koprowski (K1-K3)"},{"language":"rm-CH","value":"Polio Koprowski (K1-K3)"},{"language":"en-US","value":"Polio Koprowski (K1-K3)"}]},{"code":"148","display":"Polio Lilly","designation":[{"language":"de-CH","value":"Polio Lilly"},{"language":"fr-CH","value":"Polio Lilly"},{"language":"it-CH","value":"Polio Lilly"},{"language":"rm-CH","value":"Polio Lilly"},{"language":"en-US","value":"Polio Lilly"}]},{"code":"151","display":"Di Anatoxal","designation":[{"language":"de-CH","value":"Di Anatoxal"},{"language":"fr-CH","value":"Di Anatoxal"},{"language":"it-CH","value":"Di Anatoxal"},{"language":"rm-CH","value":"Di Anatoxal"},{"language":"en-US","value":"Di Anatoxal"}]},{"code":"154","display":"DiTe Anatoxal Kinder / Enfants","designation":[{"language":"de-CH","value":"DiTe Anatoxal Kinder / Enfants"},{"language":"fr-CH","value":"DiTe Anatoxal Kinder / Enfants"},{"language":"it-CH","value":"DiTe Anatoxal Kinder / Enfants"},{"language":"rm-CH","value":"DiTe Anatoxal Kinder / Enfants"},{"language":"en-US","value":"DiTe Anatoxal Kinder / Enfants"}]},{"code":"155","display":"DiTePer Anatoxal","designation":[{"language":"de-CH","value":"DiTePer Anatoxal"},{"language":"fr-CH","value":"DiTePer Anatoxal"},{"language":"it-CH","value":"DiTePer Anatoxal"},{"language":"rm-CH","value":"DiTePer Anatoxal"},{"language":"en-US","value":"DiTePer Anatoxal"}]},{"code":"162","display":"HBVAX DNA 5","designation":[{"language":"de-CH","value":"HBVAX DNA 5"},{"language":"fr-CH","value":"HBVAX DNA 5"},{"language":"it-CH","value":"HBVAX DNA 5"},{"language":"rm-CH","value":"HBVAX DNA 5"},{"language":"en-US","value":"HBVAX DNA 5"}]},{"code":"163","display":"HBVAX DNA 10","designation":[{"language":"de-CH","value":"HBVAX DNA 10"},{"language":"fr-CH","value":"HBVAX DNA 10"},{"language":"it-CH","value":"HBVAX DNA 10"},{"language":"rm-CH","value":"HBVAX DNA 10"},{"language":"en-US","value":"HBVAX DNA 10"}]},{"code":"164","display":"HBVAX DNA 40","designation":[{"language":"de-CH","value":"HBVAX DNA 40"},{"language":"fr-CH","value":"HBVAX DNA 40"},{"language":"it-CH","value":"HBVAX DNA 40"},{"language":"rm-CH","value":"HBVAX DNA 40"},{"language":"en-US","value":"HBVAX DNA 40"}]},{"code":"165","display":"Havrix junior","designation":[{"language":"de-CH","value":"Havrix junior"},{"language":"fr-CH","value":"Havrix junior"},{"language":"it-CH","value":"Havrix junior"},{"language":"rm-CH","value":"Havrix junior"},{"language":"en-US","value":"Havrix junior"}]},{"code":"166","display":"Infanrix","designation":[{"language":"de-CH","value":"Infanrix"},{"language":"fr-CH","value":"Infanrix"},{"language":"it-CH","value":"Infanrix"},{"language":"rm-CH","value":"Infanrix"},{"language":"en-US","value":"Infanrix"}]},{"code":"168","display":"Tanrix","designation":[{"language":"de-CH","value":"Tanrix"},{"language":"fr-CH","value":"Tanrix"},{"language":"it-CH","value":"Tanrix"},{"language":"rm-CH","value":"Tanrix"},{"language":"en-US","value":"Tanrix"}]},{"code":"169","display":"Vaccin variole","designation":[{"language":"de-CH","value":"Vaccin variole"},{"language":"fr-CH","value":"Vaccin variole"},{"language":"it-CH","value":"Vaccin variole"},{"language":"rm-CH","value":"Vaccin variole"},{"language":"en-US","value":"Vaccin variole"}]},{"code":"170","display":"Engerix-B 40","designation":[{"language":"de-CH","value":"Engerix-B 40"},{"language":"fr-CH","value":"Engerix-B 40"},{"language":"it-CH","value":"Engerix-B 40"},{"language":"rm-CH","value":"Engerix-B 40"},{"language":"en-US","value":"Engerix-B 40"}]},{"code":"172","display":"Hepavax","designation":[{"language":"de-CH","value":"Hepavax"},{"language":"fr-CH","value":"Hepavax"},{"language":"it-CH","value":"Hepavax"},{"language":"rm-CH","value":"Hepavax"},{"language":"en-US","value":"Hepavax"}]},{"code":"16","display":"Orochol E","designation":[{"language":"de-CH","value":"Orochol E"},{"language":"fr-CH","value":"Orochol E"},{"language":"it-CH","value":"Orochol E"},{"language":"rm-CH","value":"Orochol E"},{"language":"en-US","value":"Orochol E"}]}]}]}}