<?xml version="1.0" encoding="UTF-8"?><ValueSet xmlns="http://hl7.org/fhir"><id value="reasons-for-order"/><meta><lastUpdated value="2020-03-10T13:30:00Z"/></meta><language value="en-US"/><text><status value="generated"/><div xmlns="http://www.w3.org/1999/xhtml" xml:lang="en-US" lang="en-US"><ul><li>Include codes from<a href="http://www.snomed.org/"><code>http://snomed.info/sct</code></a> where concept  is-a 138875005 (SNOMED CT Concept)</li></ul></div></text><url value="http://fhir.ch/ig/ch-lab-order/ValueSet/reasons-for-order"/><version value="2.0.0"/><name value="ReasonsForOrder"/><title value="All Valid Reasons for Ordering a Lab Service"/><status value="active"/><experimental value="false"/><date value="2019-12-20"/><publisher value="HL7 Switzerland"/><contact><name value="HL7 Switzerland"/><telecom><system value="url"/><value value="https://www.hl7.ch"/></telecom></contact><contact><name value="Marcel Hanselmann"/><telecom><system value="email"/><value value="laborprojektgruppe@gmail.com"/><use value="work"/></telecom></contact><description value="Broadest value set that may be referenced by ObservationDefinition.validCodedValueSet"/><jurisdiction><coding><system value="urn:iso:std:iso:3166"/><code value="CH"/></coding></jurisdiction><immutable value="false"/><copyright value="This value set includes content from SNOMED CT, which is copyright © 2002+ International Health Terminology Standards Development Organisation (IHTSDO), and distributed by agreement between IHTSDO and HL7. Implementer use of SNOMED CT is not covered by this agreement"/><compose><include><system value="http://snomed.info/sct"/><filter><property value="concept"/><op value="is-a"/><value value="138875005"/></filter></include></compose></ValueSet>