<?xml version="1.0" encoding="UTF-8"?><ValueSet xmlns="http://hl7.org/fhir"><id value="fetal-rhd-antigen"/><text><status value="generated"/><div xmlns="http://www.w3.org/1999/xhtml"><p class="res-header-id"><b>Generated Narrative: ValueSet fetal-rhd-antigen</b></p><a name="fetal-rhd-antigen"> </a><a name="hcfetal-rhd-antigen"> </a><ul><li>Include these codes as defined in <a href="http://loinc.org"><code>http://loinc.org</code></a><span title="Version is not explicitly stated. No matching Code System found"> version Not Stated (use latest from terminology server)</span><table class="none"><tr><td style="white-space:nowrap"><b>Code</b></td><td><b>Display</b></td></tr><tr><td><a href="https://loinc.org/LA22747-2/">LA22747-2</a></td><td>RhD positive</td></tr><tr><td><a href="https://loinc.org/LA22748-0/">LA22748-0</a></td><td>RhD negative</td></tr></table></li></ul></div></text><url value="http://fhir.ch/ig/ch-epreg/ValueSet/fetal-rhd-antigen"/><version value="1.0.0"/><name value="FetalRhDAntigen"/><title value="CH EPREG VS: Fetal RhD Antigen"/><status value="active"/><experimental value="false"/><date value="2025-12-16T12:22:20+00:00"/><publisher value="HL7 Switzerland"/><contact><name value="HL7 Switzerland"/><telecom><system value="url"/><value value="https://www.hl7.ch/"/></telecom></contact><description value="This value set includes LOINC codes for the fetal Rhesus D determination."/><jurisdiction><coding><system value="urn:iso:std:iso:3166"/><code value="CHE"/></coding></jurisdiction><copyright value="CC0-1.0"/><compose><include><system value="http://loinc.org"/><concept><code value="LA22747-2"/><display value="RhD positive"/></concept><concept><code value="LA22748-0"/><display value="RhD negative"/></concept></include></compose></ValueSet>