{"resourceType":"ValueSet","id":"ch-lab-bloodgroup-antibody-vs","text":{"status":"generated","div":"<div xmlns=\"http://www.w3.org/1999/xhtml\"><p class=\"res-header-id\"><b>Generated Narrative: ValueSet ch-lab-bloodgroup-antibody-vs</b></p><a name=\"ch-lab-bloodgroup-antibody-vs\"> </a><a name=\"hcch-lab-bloodgroup-antibody-vs\"> </a><ul><li>Include codes from<a href=\"http://www.snomed.org/\"><code>http://snomed.info/sct</code></a><span title=\"Version is not explicitly stated. No matching Code System found\"> version Not Stated (use latest from terminology server)</span> where concept  descends from 19830006 (Blood group antibody)</li></ul></div>"},"url":"http://fhir.ch/ig/ch-lab-report/ValueSet/ch-lab-bloodgroup-antibody-vs","version":"2.0.0","name":"ChLabBloodGroupAntibody","title":"CH LAB-Report BloodGroup Antibody Result (SNOMED CT coded substances)","status":"active","experimental":false,"date":"2024-05-10T10:21:46+00:00","publisher":"HL7 Switzerland","contact":[{"name":"HL7 Switzerland","telecom":[{"system":"url","value":"https://www.hl7.ch"}]},{"name":"Marcel Hanselmann","telecom":[{"system":"email","value":"laborprojektgruppe@gmail.com","use":"work"}]}],"description":"This value set is used in the ChLabObservationBloodGroup profile. It contains results of Blood Group Antibodies\n(substance) coded with SNOMED CT. It is used in the ChLabObservationBloodGroup profile","jurisdiction":[{"coding":[{"system":"urn:iso:std:iso:3166","code":"CH"}]}],"copyright":"CC0-1.0","compose":{"include":[{"system":"http://snomed.info/sct","filter":[{"property":"concept","op":"descendent-of","value":"19830006"}]}]}}