{"resourceType":"ValueSet","id":"observation-code-cdk-epi-2009","text":{"status":"generated","div":"<div xmlns=\"http://www.w3.org/1999/xhtml\"><p class=\"res-header-id\"><b>Generated Narrative: ValueSet observation-code-cdk-epi-2009</b></p><a name=\"observation-code-cdk-epi-2009\"> </a><a name=\"hcobservation-code-cdk-epi-2009\"> </a><a name=\"observation-code-cdk-epi-2009-en-US\"> </a><ul><li>Include these codes as defined in <a href=\"http://loinc.org\"><code>http://loinc.org</code></a><table class=\"none\"><tr><td style=\"white-space:nowrap\"><b>Code</b></td><td><b>Display</b></td></tr><tr><td><a href=\"https://loinc.org/62238-1/\">62238-1</a></td><td>Glomerular filtration rate/1.73 sq M.predicted [Volume Rate/Area] in Serum, Plasma or Blood by Creatinine-based formula (CKD-EPI)</td></tr><tr><td><a href=\"https://loinc.org/94677-2/\">94677-2</a></td><td>Glomerular filtration rate/1.73 sq M.predicted [Volume Rate/Area] in Serum, Plasma or Blood by Creatinine and Cystatin C-based formula (CKD-EPI)</td></tr></table></li></ul></div>"},"url":"http://fhir.ch/ig/ch-lab-report/ValueSet/observation-code-cdk-epi-2009","version":"1.0.0","name":"ObservationCode_CDK_EPI_2009","title":"CH LAB-Report Codes for eGFR in CKD-EPI","status":"draft","experimental":false,"date":"2024-12-18T08:59:06+00:00","publisher":"HL7 Switzerland","contact":[{"name":"HL7 Switzerland","telecom":[{"system":"url","value":"https://www.hl7.ch"}]},{"name":"Marcel Hanselmann","telecom":[{"system":"email","value":"laborprojektgruppe@gmail.com","use":"work"}]}],"description":"ValueSet for the allowed eGFRcr and eGFRcr-cys codes among non-blacks","jurisdiction":[{"coding":[{"system":"urn:iso:std:iso:3166","code":"CH"}]}],"copyright":"CC0-1.0","compose":{"include":[{"system":"http://loinc.org","concept":[{"code":"62238-1","display":"Glomerular filtration rate/1.73 sq M.predicted [Volume Rate/Area] in Serum, Plasma or Blood by Creatinine-based formula (CKD-EPI)"},{"code":"94677-2","display":"Glomerular filtration rate/1.73 sq M.predicted [Volume Rate/Area] in Serum, Plasma or Blood by Creatinine and Cystatin C-based formula (CKD-EPI)"}]}]}}