{"resourceType":"ValueSet","id":"observation-code-cdk-epi-2021","text":{"status":"generated","div":"<div xmlns=\"http://www.w3.org/1999/xhtml\"><p class=\"res-header-id\"><b>Generated Narrative: ValueSet observation-code-cdk-epi-2021</b></p><a name=\"observation-code-cdk-epi-2021\"> </a><a name=\"hcobservation-code-cdk-epi-2021\"> </a><ul><li>Include these codes as defined in <a href=\"http://loinc.org\"><code>http://loinc.org</code></a><span title=\"Version is not explicitly stated. No matching Code System found\"> version Not Stated (use latest from terminology server)</span><table class=\"none\"><tr><td style=\"white-space:nowrap\"><b>Code</b></td><td><b>Display</b></td></tr><tr><td><a href=\"https://loinc.org/98979-8/\">98979-8</a></td><td>Glomerular filtration rate [Volume Rate/Area] in Serum, Plasma or Blood by Creatinine-based formula (CKD-EPI 2021)/1.73 sq M</td></tr><tr><td><a href=\"https://loinc.org/98980-6/\">98980-6</a></td><td>Glomerular filtration rate [Volume Rate/Area] in Serum, Plasma or Blood by Creatinine and Cystatin C-based formula (CKD-EPI 2021)/1.73 sq M</td></tr></table></li></ul></div>"},"url":"http://fhir.ch/ig/ch-lab-report/ValueSet/observation-code-cdk-epi-2021","version":"2.0.0","name":"ObservationCode_CDK_EPI_2021","title":"CH LAB-Report Codes for eGFR in CKD-EPI 2021","status":"draft","experimental":false,"date":"2025-12-16T10:40:10+00:00","publisher":"HL7 Switzerland","contact":[{"name":"HL7 Switzerland","telecom":[{"system":"url","value":"https://www.hl7.ch"}]},{"name":"Marcel Hanselmann","telecom":[{"system":"email","value":"laborprojektgruppe@gmail.com","use":"work"}]}],"description":"ValueSet for the allowed eGFRcr and eGFRcr-cys codes, has no race term","jurisdiction":[{"coding":[{"system":"urn:iso:std:iso:3166","code":"CH"}]}],"copyright":"CC0-1.0","compose":{"include":[{"system":"http://loinc.org","concept":[{"code":"98979-8","display":"Glomerular filtration rate [Volume Rate/Area] in Serum, Plasma or Blood by Creatinine-based formula (CKD-EPI 2021)/1.73 sq M"},{"code":"98980-6","display":"Glomerular filtration rate [Volume Rate/Area] in Serum, Plasma or Blood by Creatinine and Cystatin C-based formula (CKD-EPI 2021)/1.73 sq M"}]}]}}