{"resourceType":"CapabilityStatement","id":"CH.PPQm.PolicySourceConsumer","text":{"status":"extensions","div":"<div xmlns=\"http://www.w3.org/1999/xhtml\"><p class=\"res-header-id\"><b>Generated Narrative: CapabilityStatement CH.PPQm.PolicySourceConsumer</b></p><a name=\"CH.PPQm.PolicySourceConsumer\"> </a><a name=\"hcCH.PPQm.PolicySourceConsumer\"> </a><h2 id=\"title\">PPQm Policy Source and Consumer (client)</h2><ul><li>Implementation Guide Version: 5.0.0 </li><li>FHIR Version: 4.0.1 </li><li>Supported Formats: <code>application/fhir+xml</code>, <code>application/fhir+json</code></li><li>Published on: 2024-03-19 </li><li>Published by: eHealth Suisse </li></ul><blockquote class=\"impl-note\"><p><strong>Note to Implementers: FHIR Capabilities</strong></p><p>Any FHIR capability may be 'allowed' by the system unless explicitly marked as 'SHALL NOT'. A few items are marked as MAY in the Implementation Guide to highlight their potential relevance to the use case.</p></blockquote><h2 id=\"rest\">FHIR RESTful Capabilities</h2><div class=\"panel panel-default\"><div class=\"panel-heading\"><h3 id=\"mode1\" class=\"panel-title\">Mode: <code>client</code></h3></div><div class=\"panel-body\"><div><p>CH:PPQm endpoints</p>\n</div><div class=\"lead\"><em>Summary of System-wide Interactions</em></div><ul><li>Supports the <code>transaction</code>interaction described as follows:<div><p>Only the PPQ-4 transaction is supported.</p>\n</div></li></ul></div></div><h3 id=\"resourcesCap1\">Capabilities by Resource/Profile</h3><h4 id=\"resourcesSummary1\">Summary</h4><p>The summary table lists the resources that are part of this configuration, and for each resource it lists:</p><ul><li>The relevant profiles (if any)</li><li>The interactions supported by each resource (<b><span class=\"bg-info\">R</span></b>ead, <b><span class=\"bg-info\">S</span></b>earch, <b><span class=\"bg-info\">U</span></b>pdate, and <b><span class=\"bg-info\">C</span></b>reate, are always shown, while <b><span class=\"bg-info\">VR</span></b>ead, <b><span class=\"bg-info\">P</span></b>atch, <b><span class=\"bg-info\">D</span></b>elete, <b><span class=\"bg-info\">H</span></b>istory on <b><span class=\"bg-info\">I</span></b>nstance, or <b><span class=\"bg-info\">H</span></b>istory on <b><span class=\"bg-info\">T</span></b>ype are only present if at least one of the resources has support for them.</li><li><span>The required, recommended, and some optional search parameters (if any). </span></li><li>The linked resources enabled for <code>_include</code></li><li>The other resources enabled for <code>_revinclude</code></li><li>The operations on the resource (if any)</li></ul><div class=\"table-responsive\"><table class=\"table table-condensed table-hover\"><thead><tr><th><b>Resource Type</b></th><th><b>Profile</b></th><th class=\"text-center\"><b title=\"GET a resource (read interaction)\">R</b></th><th class=\"text-center\"><b title=\"GET all set of resources of the type (search interaction)\">S</b></th><th class=\"text-center\"><b title=\"PUT a new resource version (update interaction)\">U</b></th><th class=\"text-center\"><b title=\"POST a new resource (create interaction)\">C</b></th><th><b title=\"Required and recommended search parameters\">Searches</b></th><th><code><b>_include</b></code></th><th><code><b>_revinclude</b></code></th><th><b>Operations</b></th></tr></thead><tbody><tr><td><a href=\"#Consent1-1\">Consent</a></td><td>Supported Profiles<br/>\u00a0\u00a0<a href=\"StructureDefinition-PpqmConsent.html\">CH PPQm Consent</a></td><td class=\"text-center\"/><td class=\"text-center\">y</td><td class=\"text-center\"/><td class=\"text-center\">y</td><td>patient:identifier, identifier</td><td/><td/><td/></tr><tr><td><a href=\"#Bundle1-2\">Bundle</a></td><td>Supported Profiles<br/>\u00a0\u00a0<a href=\"StructureDefinition-PpqmFeedRequestBundle.html\">CH PPQm Feed Request Bundle</a><br/>\u00a0\u00a0<a href=\"StructureDefinition-PpqmRetrieveResponseBundle.html\">CH PPQm Retrieve Response Bundle</a></td><td class=\"text-center\"/><td class=\"text-center\"/><td class=\"text-center\"/><td class=\"text-center\"/><td></td><td/><td/><td/></tr></tbody></table></div><hr/><div class=\"panel panel-default\"><div class=\"panel-heading\"><h4 id=\"Consent1-1\" class=\"panel-title\"><span style=\"float: right;\">Resource Conformance: supported </span>Consent</h4></div><div class=\"panel-body\"><div class=\"container\"><div class=\"row\"><div class=\"col-lg-4\"><span class=\"lead\">Core FHIR Resource</span><br/><a href=\"http://hl7.org/fhir/R4/consent.html\">Consent</a></div><div class=\"col-lg-4\"><span class=\"lead\">Reference Policy</span><br/></div><div class=\"col-lg-4\"><span class=\"lead\">Interaction summary</span><br/><ul><li>Supports <br/><code>create</code><div><p>PPQ-3 POST — Add Policy Set</p>\n</div><code>search-type</code><div><p>PPQ-5 — Retrieve Policy Set</p>\n</div></li></ul></div></div><p/><div class=\"row\"><div class=\"col-6\"><span class=\"lead\">Supported Profiles</span><p><a href=\"StructureDefinition-PpqmConsent.html\">CH PPQm Consent</a></p></div></div><p/><div class=\"row\"><div class=\"col-lg-7\"><span class=\"lead\">Search Parameters</span><table class=\"table table-condensed table-hover\"><thead><tr><th>Conformance</th><th>Parameter</th><th>Type</th><th>Documentation</th></tr></thead><tbody><tr><td><b>SHALL</b></td><td>patient:identifier</td><td><code>token</code></td><td><div><p>PPQ-5 — Query by Patient ID</p>\n</div></td></tr><tr><td><b>SHALL</b></td><td>identifier</td><td><code>token</code></td><td><div><p>PPQ-5 — Query by Policy Set ID</p>\n</div></td></tr></tbody></table></div><div class=\"col-lg-5\">\u00a0</div></div></div></div></div><div class=\"panel panel-default\"><div class=\"panel-heading\"><h4 id=\"Bundle1-2\" class=\"panel-title\"><span style=\"float: right;\">Resource Conformance: supported </span>Bundle</h4></div><div class=\"panel-body\"><div class=\"container\"><div class=\"row\"><div class=\"col-lg-4\"><span class=\"lead\">Core FHIR Resource</span><br/><a href=\"http://hl7.org/fhir/R4/bundle.html\">Bundle</a></div><div class=\"col-lg-4\"><span class=\"lead\">Reference Policy</span><br/></div><div class=\"col-lg-4\"><span class=\"lead\">Interaction summary</span><br/><ul/></div></div><p/><div class=\"row\"><div class=\"col-6\"><span class=\"lead\">Supported Profiles</span><p><a href=\"StructureDefinition-PpqmFeedRequestBundle.html\">CH PPQm Feed Request Bundle</a><br/><a href=\"StructureDefinition-PpqmRetrieveResponseBundle.html\">CH PPQm Retrieve Response Bundle</a></p></div></div><p/></div></div></div></div>"},"url":"http://fhir.ch/ig/ch-epr-fhir/CapabilityStatement/CH.PPQm.PolicySourceConsumer","version":"5.0.0","name":"CH_PPQm_Policy_Source_Consumer","title":"PPQm Policy Source and Consumer (client)","status":"active","experimental":false,"date":"2024-03-19","publisher":"eHealth Suisse","contact":[{"name":"eHealth Suisse","telecom":[{"system":"url","value":"https://www.e-health-suisse.ch"}]},{"name":"eHealth Suisse","telecom":[{"system":"url","value":"https://www.e-health-suisse.ch","use":"work"}]}],"description":"CapabilityStatement for the Policy Source and Policy Consumer actors in the CH:PPQm profile (client).","jurisdiction":[{"coding":[{"system":"urn:iso:std:iso:3166","code":"CH"}]}],"copyright":"CC0-1.0","kind":"requirements","fhirVersion":"4.0.1","format":["application/fhir+xml","application/fhir+json"],"rest":[{"mode":"client","documentation":"CH:PPQm endpoints","resource":[{"type":"Consent","supportedProfile":["http://fhir.ch/ig/ch-epr-fhir/StructureDefinition/PpqmConsent"],"interaction":[{"code":"create","documentation":"PPQ-3 POST — Add Policy Set"},{"code":"search-type","documentation":"PPQ-5 — Retrieve Policy Set"}],"versioning":"no-version","conditionalUpdate":true,"conditionalDelete":"single","searchParam":[{"name":"patient:identifier","type":"token","documentation":"PPQ-5 — Query by Patient ID"},{"name":"identifier","type":"token","documentation":"PPQ-5 — Query by Policy Set ID"}]},{"type":"Bundle","supportedProfile":["http://fhir.ch/ig/ch-epr-fhir/StructureDefinition/PpqmFeedRequestBundle","http://fhir.ch/ig/ch-epr-fhir/StructureDefinition/PpqmRetrieveResponseBundle"]}],"interaction":[{"code":"transaction","documentation":"Only the PPQ-4 transaction is supported."}]}]}