{"resourceType":"CapabilityStatement","id":"CH.ATNA.AuditRecordRepository","text":{"status":"extensions","div":"<div xmlns=\"http://www.w3.org/1999/xhtml\"><h2 id=\"title\">ATNA Audit Record Repository (server)</h2><ul><li>Implementation Guide Version: 4.0.0-ballot </li><li>FHIR Version: 4.0.1 </li><li>Supported Formats: <code>application/fhir+xml</code>, <code>application/fhir+json</code></li><li>Supported Patch Formats: </li><li>Published on: 2024-01-08 </li><li>Published by: eHealth Suisse </li></ul><blockquote class=\"impl-note\"><p><strong>Note to Implementers: FHIR Capabilities</strong></p><p>Any FHIR capability may be 'allowed' by the system unless explicitly marked as &quot;SHALL NOT&quot;. A few items are marked as MAY in the Implementation Guide to highlight their potential relevance to the use case.</p></blockquote><h2 id=\"rest\">FHIR RESTful Capabilities</h2><div class=\"panel panel-default\"><div class=\"panel-heading\"><h3 id=\"mode1\" class=\"panel-title\">Mode: <code>server</code></h3></div><div class=\"panel-body\"><div><p>IHE ITI ATNA ITI-20 endpoint</p>\n</div><div class=\"lead\"><em>Summary of System-wide Interactions</em></div></div></div><h3 id=\"resourcesCap1\">Capabilities by Resource/Profile</h3><h4 id=\"resourcesSummary1\">Summary</h4><p>The summary table lists the resources that are part of this configuration, and for each resource it lists:</p><ul><li>The relevant profiles (if any)</li><li>The interactions supported by each resource (<b><span class=\"bg-info\">R</span></b>ead, <b><span class=\"bg-info\">S</span></b>earch, <b><span class=\"bg-info\">U</span></b>pdate, and <b><span class=\"bg-info\">C</span></b>reate, are always shown, while <b><span class=\"bg-info\">VR</span></b>ead, <b><span class=\"bg-info\">P</span></b>atch, <b><span class=\"bg-info\">D</span></b>elete, <b><span class=\"bg-info\">H</span></b>istory on <b><span class=\"bg-info\">I</span></b>nstance, or <b><span class=\"bg-info\">H</span></b>istory on <b><span class=\"bg-info\">T</span></b>ype are only present if at least one of the resources has support for them.</li><li><span>The required, recommended, and some optional search parameters (if any). </span></li><li>The linked resources enabled for <code>_include</code></li><li>The other resources enabled for <code>_revinclude</code></li><li>The operations on the resource (if any)</li></ul><div class=\"table-responsive\"><table class=\"table table-condensed table-hover\"><thead><tr><th><b>Resource Type</b></th><th><b>Profile</b></th><th class=\"text-center\"><b title=\"GET a resource (read interaction)\">R</b></th><th class=\"text-center\"><b title=\"GET all set of resources of the type (search interaction)\">S</b></th><th class=\"text-center\"><b title=\"PUT a new resource version (update interaction)\">U</b></th><th class=\"text-center\"><b title=\"POST a new resource (create interaction)\">C</b></th><th><b title=\"Required and recommended search parameters\">Searches</b></th><th><code><b>_include</b></code></th><th><code><b>_revinclude</b></code></th><th><b>Operations</b></th></tr></thead><tbody><tr><td><a href=\"#AuditEvent1-1\">AuditEvent</a></td><td>Supported Profiles<br/>\u00a0\u00a0<a href=\"https://profiles.ihe.net/ITI/MHD/4.2.1/StructureDefinition-IHE.MHD.FindDocumentLists.Audit.Responder.html\">Audit Event for Find Document Lists Transaction at Document Responder</a><br/>\u00a0\u00a0<a href=\"https://profiles.ihe.net/ITI/MHD/4.2.1/StructureDefinition-IHE.MHD.FindDocumentLists.Audit.Consumer.html\">Audit Event for Find Document Lists Transaction by the Document Consumer</a><br/>\u00a0\u00a0<a href=\"https://profiles.ihe.net/ITI/MHD/4.2.1/StructureDefinition-IHE.MHD.FindDocumentReferences.Audit.Responder.html\">Audit Event for Find Document References Transaction at Document Responder</a><br/>\u00a0\u00a0<a href=\"https://profiles.ihe.net/ITI/MHD/4.2.1/StructureDefinition-IHE.MHD.FindDocumentReferences.Audit.Consumer.html\">Audit Event for Find Document References Transaction at Document Consumer</a><br/>\u00a0\u00a0<a href=\"https://profiles.ihe.net/ITI/MHD/4.2.1/StructureDefinition-IHE.MHD.ProvideBundle.Audit.Recipient.html\">Audit Event for Provide Bundle Transaction at Recipient</a><br/>\u00a0\u00a0<a href=\"https://profiles.ihe.net/ITI/MHD/4.2.1/StructureDefinition-IHE.MHD.ProvideBundle.Audit.Source.html\">Audit Event for Provide Bundle Transaction at Source</a><br/>\u00a0\u00a0<a href=\"https://profiles.ihe.net/ITI/MHD/4.2.1/StructureDefinition-IHE.MHD.RetrieveDocument.Audit.Responder.html\">Audit Event for Retrieve Document Transaction at the Document Responder</a><br/>\u00a0\u00a0<a href=\"https://profiles.ihe.net/ITI/MHD/4.2.1/StructureDefinition-IHE.MHD.RetrieveDocument.Audit.Consumer.html\">Audit Event for Retrieve Document Transaction at Document Consumer</a><br/>\u00a0\u00a0<a href=\"https://profiles.ihe.net/ITI/PIXm/3.0.4/StructureDefinition-IHE.PIXm.Query.Audit.Consumer.html\">Audit Event for PIXm Query by the Consumer</a><br/>\u00a0\u00a0<a href=\"https://profiles.ihe.net/ITI/PIXm/3.0.4/StructureDefinition-IHE.PIXm.Query.Audit.Manager.html\">Audit Event for PIXm Query by the Manager</a><br/>\u00a0\u00a0<a href=\"https://profiles.ihe.net/ITI/PIXm/3.0.4/StructureDefinition-IHE.PIXm.Feed.Create.Audit.Manager.html\">Audit Event for Patient Identity Feed FHIR by the Manager that Creates a Patient</a><br/>\u00a0\u00a0<a href=\"https://profiles.ihe.net/ITI/PIXm/3.0.4/StructureDefinition-IHE.PIXm.Feed.Update.Audit.Manager.html\">Audit Event for Patient Identity Feed FHIR by the Manager that Updates a Patient</a><br/>\u00a0\u00a0<a href=\"https://profiles.ihe.net/ITI/PIXm/3.0.4/StructureDefinition-IHE.PIXm.Feed.Update.Audit.Source.html\">Audit Event for Patient Identity Feed by the Source that Creates or Updates a Patient</a><br/>\u00a0\u00a0<a href=\"https://profiles.ihe.net/ITI/PDQm/3.0.0/StructureDefinition-IHE.PDQm.Query.Audit.Consumer.html\">Audit Event for PDQm Query at Consumer</a><br/>\u00a0\u00a0<a href=\"https://profiles.ihe.net/ITI/PDQm/3.0.0/StructureDefinition-IHE.PDQm.Query.Audit.Supplier.html\">Audit Event for PDQm Query at Supplier</a><br/>\u00a0\u00a0<a href=\"https://profiles.ihe.net/ITI/mCSD/3.8.0/StructureDefinition-IHE.mCSD.Audit.CareServices.Query.html\">Audit Event for Find Matching Care Services Transaction by the Care Services Selective Consumer and Care Services Selective Supplier for Query</a><br/>\u00a0\u00a0<a href=\"https://profiles.ihe.net/ITI/mCSD/3.8.0/StructureDefinition-IHE.mCSD.Audit.CareServices.Read.html\">Audit Event for Find Matching Care Services Transaction by the Care Services Selective Supplier and Care Services Selective Supplier for Read</a></td><td></td><td class=\"text-center\"></td><td class=\"text-center\"></td><td class=\"text-center\">y</td><td></td><td/><td/><td/></tr></tbody></table></div><hr/><div class=\"panel panel-default\"><div class=\"panel-heading\"><h4 id=\"AuditEvent1-1\" class=\"panel-title\"><span style=\"float: right;\">Resource Conformance: supported </span>AuditEvent</h4></div><div class=\"panel-body\"><div class=\"container\"><div class=\"row\"><div class=\"col-lg-4\"><span class=\"lead\">Core FHIR Resource</span><br/><a href=\"http://hl7.org/fhir/R4/auditevent.html\">AuditEvent</a></div><div class=\"col-lg-4\"><span class=\"lead\">Reference Policy</span><br/></div><div class=\"col-lg-4\"><span class=\"lead\">Interaction summary</span><br/><ul><li>Supports <code>create</code>.</li></ul></div></div><p/><div class=\"row\"><div class=\"col-6\"><span class=\"lead\">Supported Profiles</span><p><a href=\"https://profiles.ihe.net/ITI/MHD/4.2.1/StructureDefinition-IHE.MHD.FindDocumentLists.Audit.Responder.html\">https://profiles.ihe.net/ITI/MHD/StructureDefinition/IHE.MHD.FindDocumentLists.Audit.Responder</a><br/><a href=\"https://profiles.ihe.net/ITI/MHD/4.2.1/StructureDefinition-IHE.MHD.FindDocumentLists.Audit.Consumer.html\">https://profiles.ihe.net/ITI/MHD/StructureDefinition/IHE.MHD.FindDocumentLists.Audit.Consumer</a><br/><a href=\"https://profiles.ihe.net/ITI/MHD/4.2.1/StructureDefinition-IHE.MHD.FindDocumentReferences.Audit.Responder.html\">https://profiles.ihe.net/ITI/MHD/StructureDefinition/IHE.MHD.FindDocumentReferences.Audit.Responder</a><br/><a href=\"https://profiles.ihe.net/ITI/MHD/4.2.1/StructureDefinition-IHE.MHD.FindDocumentReferences.Audit.Consumer.html\">https://profiles.ihe.net/ITI/MHD/StructureDefinition/IHE.MHD.FindDocumentReferences.Audit.Consumer</a><br/><a href=\"https://profiles.ihe.net/ITI/MHD/4.2.1/StructureDefinition-IHE.MHD.ProvideBundle.Audit.Recipient.html\">https://profiles.ihe.net/ITI/MHD/StructureDefinition/IHE.MHD.ProvideBundle.Audit.Recipient</a><br/><a href=\"https://profiles.ihe.net/ITI/MHD/4.2.1/StructureDefinition-IHE.MHD.ProvideBundle.Audit.Source.html\">https://profiles.ihe.net/ITI/MHD/StructureDefinition/IHE.MHD.ProvideBundle.Audit.Source</a><br/><a href=\"https://profiles.ihe.net/ITI/MHD/4.2.1/StructureDefinition-IHE.MHD.RetrieveDocument.Audit.Responder.html\">https://profiles.ihe.net/ITI/MHD/StructureDefinition/IHE.MHD.RetrieveDocument.Audit.Responder</a><br/><a href=\"https://profiles.ihe.net/ITI/MHD/4.2.1/StructureDefinition-IHE.MHD.RetrieveDocument.Audit.Consumer.html\">https://profiles.ihe.net/ITI/MHD/StructureDefinition/IHE.MHD.RetrieveDocument.Audit.Consumer</a><br/><a href=\"https://profiles.ihe.net/ITI/PIXm/3.0.4/StructureDefinition-IHE.PIXm.Query.Audit.Consumer.html\">https://profiles.ihe.net/ITI/PIXm/StructureDefinition/IHE.PIXm.Query.Audit.Consumer</a><br/><a href=\"https://profiles.ihe.net/ITI/PIXm/3.0.4/StructureDefinition-IHE.PIXm.Query.Audit.Manager.html\">https://profiles.ihe.net/ITI/PIXm/StructureDefinition/IHE.PIXm.Query.Audit.Manager</a><br/><a href=\"https://profiles.ihe.net/ITI/PIXm/3.0.4/StructureDefinition-IHE.PIXm.Feed.Create.Audit.Manager.html\">https://profiles.ihe.net/ITI/PIXm/StructureDefinition/IHE.PIXm.Feed.Create.Audit.Manager</a><br/><a href=\"https://profiles.ihe.net/ITI/PIXm/3.0.4/StructureDefinition-IHE.PIXm.Feed.Update.Audit.Manager.html\">https://profiles.ihe.net/ITI/PIXm/StructureDefinition/IHE.PIXm.Feed.Update.Audit.Manager</a><br/><a href=\"https://profiles.ihe.net/ITI/PIXm/3.0.4/StructureDefinition-IHE.PIXm.Feed.Update.Audit.Source.html\">https://profiles.ihe.net/ITI/PIXm/StructureDefinition/IHE.PIXm.Feed.Update.Audit.Source</a><br/><a href=\"https://profiles.ihe.net/ITI/PDQm/3.0.0/StructureDefinition-IHE.PDQm.Query.Audit.Consumer.html\">https://profiles.ihe.net/ITI/PDQm/StructureDefinition/IHE.PDQm.Query.Audit.Consumer</a><br/><a href=\"https://profiles.ihe.net/ITI/PDQm/3.0.0/StructureDefinition-IHE.PDQm.Query.Audit.Supplier.html\">https://profiles.ihe.net/ITI/PDQm/StructureDefinition/IHE.PDQm.Query.Audit.Supplier</a><br/><a href=\"https://profiles.ihe.net/ITI/mCSD/3.8.0/StructureDefinition-IHE.mCSD.Audit.CareServices.Query.html\">https://profiles.ihe.net/ITI/mCSD/StructureDefinition/IHE.mCSD.Audit.CareServices.Query</a><br/><a href=\"https://profiles.ihe.net/ITI/mCSD/3.8.0/StructureDefinition-IHE.mCSD.Audit.CareServices.Read.html\">https://profiles.ihe.net/ITI/mCSD/StructureDefinition/IHE.mCSD.Audit.CareServices.Read</a></p></div></div><p/></div></div></div></div>"},"url":"http://fhir.ch/ig/ch-epr-fhir/CapabilityStatement/CH.ATNA.AuditRecordRepository","version":"4.0.0-ballot","name":"CH_ATNA_Audit_Record_Repository","title":"ATNA Audit Record Repository (server)","status":"active","experimental":false,"date":"2024-01-08","publisher":"eHealth Suisse","contact":[{"name":"eHealth Suisse","telecom":[{"system":"url","value":"https://www.e-health-suisse.ch"}]}],"description":"CapabilityStatement for Server Actor in the IHE IT Infrastructure Technical Framework Supplement Add RESTful ATNA.","jurisdiction":[{"coding":[{"system":"urn:iso:std:iso:3166","code":"CH"}]}],"copyright":"CC0-1.0","kind":"requirements","fhirVersion":"4.0.1","format":["application/fhir+xml","application/fhir+json"],"rest":[{"mode":"server","documentation":"IHE ITI ATNA ITI-20 endpoint","resource":[{"type":"AuditEvent","supportedProfile":["https://profiles.ihe.net/ITI/MHD/StructureDefinition/IHE.MHD.FindDocumentLists.Audit.Responder","https://profiles.ihe.net/ITI/MHD/StructureDefinition/IHE.MHD.FindDocumentLists.Audit.Consumer","https://profiles.ihe.net/ITI/MHD/StructureDefinition/IHE.MHD.FindDocumentReferences.Audit.Responder","https://profiles.ihe.net/ITI/MHD/StructureDefinition/IHE.MHD.FindDocumentReferences.Audit.Consumer","https://profiles.ihe.net/ITI/MHD/StructureDefinition/IHE.MHD.ProvideBundle.Audit.Recipient","https://profiles.ihe.net/ITI/MHD/StructureDefinition/IHE.MHD.ProvideBundle.Audit.Source","https://profiles.ihe.net/ITI/MHD/StructureDefinition/IHE.MHD.RetrieveDocument.Audit.Responder","https://profiles.ihe.net/ITI/MHD/StructureDefinition/IHE.MHD.RetrieveDocument.Audit.Consumer","https://profiles.ihe.net/ITI/PIXm/StructureDefinition/IHE.PIXm.Query.Audit.Consumer","https://profiles.ihe.net/ITI/PIXm/StructureDefinition/IHE.PIXm.Query.Audit.Manager","https://profiles.ihe.net/ITI/PIXm/StructureDefinition/IHE.PIXm.Feed.Create.Audit.Manager","https://profiles.ihe.net/ITI/PIXm/StructureDefinition/IHE.PIXm.Feed.Update.Audit.Manager","https://profiles.ihe.net/ITI/PIXm/StructureDefinition/IHE.PIXm.Feed.Update.Audit.Source","https://profiles.ihe.net/ITI/PDQm/StructureDefinition/IHE.PDQm.Query.Audit.Consumer","https://profiles.ihe.net/ITI/PDQm/StructureDefinition/IHE.PDQm.Query.Audit.Supplier","https://profiles.ihe.net/ITI/mCSD/StructureDefinition/IHE.mCSD.Audit.CareServices.Query","https://profiles.ihe.net/ITI/mCSD/StructureDefinition/IHE.mCSD.Audit.CareServices.Read"],"interaction":[{"code":"create"}],"versioning":"no-version"}]}]}