{"resourceType":"ValueSet","id":"ch-mcsd-practitioner-gender-vs","text":{"status":"extensions","div":"<div xmlns=\"http://www.w3.org/1999/xhtml\"><p class=\"res-header-id\"><b>Generated Narrative: ValueSet ch-mcsd-practitioner-gender-vs</b></p><a name=\"ch-mcsd-practitioner-gender-vs\"> </a><a name=\"hcch-mcsd-practitioner-gender-vs\"> </a><ul><li>Include these codes as defined in <a href=\"http://hl7.org/fhir/R4/codesystem-administrative-gender.html\"><code>http://hl7.org/fhir/administrative-gender</code></a><span title=\"Version is not explicitly stated, which means it is fixed to 4.0.1, the version found through the package references\"> version &#x1F4E6;4.0.1</span><table class=\"none\"><tr><td style=\"white-space:nowrap\"><b>Code</b></td><td><b>Display</b></td><td><b>Definition</b></td></tr><tr><td><a href=\"http://hl7.org/fhir/R4/codesystem-administrative-gender.html#administrative-gender-male\">male</a></td><td style=\"color: #cccccc\">Male</td><td>Male.</td></tr><tr><td><a href=\"http://hl7.org/fhir/R4/codesystem-administrative-gender.html#administrative-gender-female\">female</a></td><td style=\"color: #cccccc\">Female</td><td>Female.</td></tr></table></li></ul></div>"},"url":"http://fhir.ch/ig/ch-epr-fhir/ValueSet/ch-mcsd-practitioner-gender-vs","version":"5.0.0","name":"CHmCSDPractitionerGenderVS","title":"CH mCSD Practitioner Administrative Gender Value Set","status":"active","experimental":false,"date":"2025-12-18T15:54:33+00:00","publisher":"eHealth Suisse","contact":[{"name":"eHealth Suisse","telecom":[{"system":"url","value":"https://www.e-health-suisse.ch"}]},{"name":"eHealth Suisse","telecom":[{"system":"url","value":"https://www.e-health-suisse.ch","use":"work"}]}],"description":"Value set for the administrative gender of a CH mCSD Practitioner. Only 'male' and 'female' values are\nallowed in the HPD context.","jurisdiction":[{"coding":[{"system":"urn:iso:std:iso:3166","code":"CH"}]}],"copyright":"CC0-1.0","compose":{"include":[{"system":"http://hl7.org/fhir/administrative-gender","concept":[{"code":"male"},{"code":"female"}]}]}}