[
  {
    "id": "bfs-medstats-17-admitsource",
    "type": "CodeSystem",
    "url": "http://fhir.ch/ig/ch-core/CodeSystem/bfs-medstats-17-admitsource",
    "version": "2.1.0",
    "name": "BfsMedstats17Admitsource"
  },
  {
    "id": "bfs-medstats-18-admittype",
    "type": "CodeSystem",
    "url": "http://fhir.ch/ig/ch-core/CodeSystem/bfs-medstats-18-admittype",
    "version": "2.1.0",
    "name": "BfsMedstats17Admittype"
  },
  {
    "id": "bfs-medstats-19-admitrole",
    "type": "CodeSystem",
    "url": "http://fhir.ch/ig/ch-core/CodeSystem/bfs-medstats-19-admitrole",
    "version": "2.1.0",
    "name": "BfsMedstats19Admitrole"
  },
  {
    "id": "bfs-medstats-20-encounterclass",
    "type": "CodeSystem",
    "url": "http://fhir.ch/ig/ch-core/CodeSystem/bfs-medstats-20-encounterclass",
    "version": "2.1.0",
    "name": "BfsMedstats20Encounterclass"
  },
  {
    "id": "bfs-medstats-21-encountertype",
    "type": "CodeSystem",
    "url": "http://fhir.ch/ig/ch-core/CodeSystem/bfs-medstats-21-encountertype",
    "version": "2.1.0",
    "name": "BfsMedstats17Admitsource"
  },
  {
    "id": "bfs-medstats-27-dischargedecision",
    "type": "CodeSystem",
    "url": "http://fhir.ch/ig/ch-core/CodeSystem/bfs-medstats-27-dischargedecision",
    "version": "2.1.0",
    "name": "BfsMedstats27Dischargedecision"
  },
  {
    "id": "bfs-medstats-28-dischargedestination",
    "type": "CodeSystem",
    "url": "http://fhir.ch/ig/ch-core/CodeSystem/bfs-medstats-28-dischargedestination",
    "version": "2.1.0",
    "name": "BfsMedstats28Dischargedestination"
  },
  {
    "id": "bfs-medstats-29-dischargeencounter",
    "type": "CodeSystem",
    "url": "http://fhir.ch/ig/ch-core/CodeSystem/bfs-medstats-29-dischargeencounter",
    "version": "2.1.0",
    "name": "BfsMedstats29Dischargeencounter"
  },
  {
    "id": "ech-10",
    "type": "CodeSystem",
    "url": "http://fhir.ch/ig/ch-core/CodeSystem/ech-10",
    "version": "2.1.0",
    "name": "ECH11CodeSystem"
  },
  {
    "id": "ech-11",
    "type": "CodeSystem",
    "url": "http://fhir.ch/ig/ch-core/CodeSystem/ech-11",
    "version": "2.1.0",
    "name": "ECH11CodeSystem"
  },
  {
    "id": "ech-11-maritaldata-separation",
    "type": "CodeSystem",
    "url": "http://fhir.ch/ig/ch-core/CodeSystem/ech-11-maritaldata-separation",
    "version": "2.1.0",
    "name": "ECH11MaritaldataSeparation"
  },
  {
    "id": "ech-11-maritalstatus",
    "type": "CodeSystem",
    "url": "http://fhir.ch/ig/ch-core/CodeSystem/ech-11-maritalstatus",
    "version": "2.1.0",
    "name": "ECH11maritalstatus"
  },
  {
    "id": "ech-11-sex",
    "type": "CodeSystem",
    "url": "http://fhir.ch/ig/ch-core/CodeSystem/ech-11-sex",
    "version": "2.1.0",
    "name": "ECH11sex"
  },
  {
    "id": "bfs-encounter-class-to-fhir",
    "type": "ConceptMap",
    "url": "http://fhir.ch/ig/ch-core/ConceptMap/bfs-encounter-class-to-fhir",
    "version": "2.1.0",
    "name": "BfsEncounterClassToFhir"
  },
  {
    "id": "documententry-confidentialitycode-to-fhir",
    "type": "ConceptMap",
    "url": "http://fhir.ch/ig/ch-core/ConceptMap/documententry-confidentialitycode-to-fhir",
    "version": "2.1.0",
    "name": "DocumentEntryConfidentialityCodeToFHIRMapping"
  },
  {
    "id": "maritalstatus-ech11-to-fhir",
    "type": "ConceptMap",
    "url": "http://fhir.ch/ig/ch-core/ConceptMap/maritalstatus-ech11-to-fhir",
    "version": "2.1.0",
    "name": "MaritalStatusECH011ToFHIRMapping"
  },
  {
    "id": "sex-ech11-to-fhir",
    "type": "ConceptMap",
    "url": "http://fhir.ch/ig/ch-core/ConceptMap/sex-ech11-to-fhir",
    "version": "2.1.0",
    "name": "SexECH011ToFHIRMapping"
  },
  {
    "id": "ch.fhir.ig.ch-core",
    "type": "ImplementationGuide",
    "url": "http://fhir.ch/ig/ch-core/ImplementationGuide/ch.fhir.ig.ch-core",
    "version": "2.1.0",
    "name": "CH_Core"
  },
  {
    "id": "ahvn13",
    "type": "NamingSystem",
    "url": "http://fhir.ch/ig/ch-core/NamingSystem/ahvn13",
    "version": "2.1.0",
    "name": "AHVN13"
  },
  {
    "id": "ber",
    "type": "NamingSystem",
    "url": "http://fhir.ch/ig/ch-core/NamingSystem/ber",
    "version": "2.1.0",
    "name": "BER"
  },
  {
    "id": "epr-spid",
    "type": "NamingSystem",
    "url": "http://fhir.ch/ig/ch-core/NamingSystem/epr-spid",
    "version": "2.1.0",
    "name": "EPR_SPID"
  },
  {
    "id": "gln",
    "type": "NamingSystem",
    "url": "http://fhir.ch/ig/ch-core/NamingSystem/gln",
    "version": "2.1.0",
    "name": "GLN"
  },
  {
    "id": "uidb",
    "type": "NamingSystem",
    "url": "http://fhir.ch/ig/ch-core/NamingSystem/uidb",
    "version": "2.1.0",
    "name": "UIDB"
  },
  {
    "id": "zsr",
    "type": "NamingSystem",
    "url": "http://fhir.ch/ig/ch-core/NamingSystem/zsr",
    "version": "2.1.0",
    "name": "ZSR"
  },
  {
    "id": "ch-core-address",
    "type": "StructureDefinition",
    "url": "http://fhir.ch/ig/ch-core/StructureDefinition/ch-core-address",
    "version": "2.1.0",
    "name": "CHCoreAddress"
  },
  {
    "id": "ch-core-address-ech-10",
    "type": "StructureDefinition",
    "url": "http://fhir.ch/ig/ch-core/StructureDefinition/ch-core-address-ech-10",
    "version": "2.1.0",
    "name": "CHCoreAddressECH10"
  },
  {
    "id": "ch-core-address-ech-11-placeofbirth",
    "type": "StructureDefinition",
    "url": "http://fhir.ch/ig/ch-core/StructureDefinition/ch-core-address-ech-11-placeofbirth",
    "version": "2.1.0",
    "name": "CHCoreAddressEch11PlaceOfBirth"
  },
  {
    "id": "ch-core-address-ech-11-placeoforigin",
    "type": "StructureDefinition",
    "url": "http://fhir.ch/ig/ch-core/StructureDefinition/ch-core-address-ech-11-placeoforigin",
    "version": "2.1.0",
    "name": "CHCoreAddressECH11PlaceOfOrigin"
  },
  {
    "id": "ch-core-ahvn13-identifier",
    "type": "StructureDefinition",
    "url": "http://fhir.ch/ig/ch-core/StructureDefinition/ch-core-ahvn13-identifier",
    "version": "2.1.0",
    "name": "AHVN13Identifier"
  },
  {
    "id": "ch-core-composition",
    "type": "StructureDefinition",
    "url": "http://fhir.ch/ig/ch-core/StructureDefinition/ch-core-composition",
    "version": "2.1.0",
    "name": "CHCoreComposition"
  },
  {
    "id": "ch-core-composition-epr",
    "type": "StructureDefinition",
    "url": "http://fhir.ch/ig/ch-core/StructureDefinition/ch-core-composition-epr",
    "version": "2.1.0",
    "name": "CHCoreCompositionEPR"
  },
  {
    "id": "ch-core-consent-epr",
    "type": "StructureDefinition",
    "url": "http://fhir.ch/ig/ch-core/StructureDefinition/ch-core-consent-epr",
    "version": "2.1.0",
    "name": "CHCoreConsentEPR"
  },
  {
    "id": "ch-core-coverage",
    "type": "StructureDefinition",
    "url": "http://fhir.ch/ig/ch-core/StructureDefinition/ch-core-coverage",
    "version": "2.1.0",
    "name": "CHCoreCoverage"
  },
  {
    "id": "ch-core-document",
    "type": "StructureDefinition",
    "url": "http://fhir.ch/ig/ch-core/StructureDefinition/ch-core-document",
    "version": "2.1.0",
    "name": "CHCoreDocument"
  },
  {
    "id": "ch-core-document-epr",
    "type": "StructureDefinition",
    "url": "http://fhir.ch/ig/ch-core/StructureDefinition/ch-core-document-epr",
    "version": "2.1.0",
    "name": "CHCoreDocumentEPR"
  },
  {
    "id": "ch-core-documentreference",
    "type": "StructureDefinition",
    "url": "http://fhir.ch/ig/ch-core/StructureDefinition/ch-core-documentreference",
    "version": "2.1.0",
    "name": "CHCoreDocumentReference"
  },
  {
    "id": "ch-core-documentreference-epr",
    "type": "StructureDefinition",
    "url": "http://fhir.ch/ig/ch-core/StructureDefinition/ch-core-documentreference-epr",
    "version": "2.1.0",
    "name": "CHCoreDocumentReferenceEPR"
  },
  {
    "id": "ch-core-encounter",
    "type": "StructureDefinition",
    "url": "http://fhir.ch/ig/ch-core/StructureDefinition/ch-core-encounter",
    "version": "2.1.0",
    "name": "CHCoreEncounter"
  },
  {
    "id": "ch-core-epr-spid-identifier",
    "type": "StructureDefinition",
    "url": "http://fhir.ch/ig/ch-core/StructureDefinition/ch-core-epr-spid-identifier",
    "version": "2.1.0",
    "name": "EPRSPIDIdentifier"
  },
  {
    "id": "ch-core-gln-identifier",
    "type": "StructureDefinition",
    "url": "http://fhir.ch/ig/ch-core/StructureDefinition/ch-core-gln-identifier",
    "version": "2.1.0",
    "name": "GLNIdentifier"
  },
  {
    "id": "ch-core-humanname",
    "type": "StructureDefinition",
    "url": "http://fhir.ch/ig/ch-core/StructureDefinition/ch-core-humanname",
    "version": "2.1.0",
    "name": "CHCoreHumanName"
  },
  {
    "id": "ch-core-location",
    "type": "StructureDefinition",
    "url": "http://fhir.ch/ig/ch-core/StructureDefinition/ch-core-location",
    "version": "2.1.0",
    "name": "CHCoreLocation"
  },
  {
    "id": "ch-core-organization",
    "type": "StructureDefinition",
    "url": "http://fhir.ch/ig/ch-core/StructureDefinition/ch-core-organization",
    "version": "2.1.0",
    "name": "CHCoreOrganization"
  },
  {
    "id": "ch-core-organization-epr",
    "type": "StructureDefinition",
    "url": "http://fhir.ch/ig/ch-core/StructureDefinition/ch-core-organization-epr",
    "version": "2.1.0",
    "name": "CHCoreOrganizationEPR"
  },
  {
    "id": "ch-core-patient",
    "type": "StructureDefinition",
    "url": "http://fhir.ch/ig/ch-core/StructureDefinition/ch-core-patient",
    "version": "2.1.0",
    "name": "CHCorePatient"
  },
  {
    "id": "ch-core-patient-ech-11-placeofbirth",
    "type": "StructureDefinition",
    "url": "http://fhir.ch/ig/ch-core/StructureDefinition/ch-core-patient-ech-11-placeofbirth",
    "version": "2.1.0",
    "name": "ChCorePatientEch11PlaceOfBirth"
  },
  {
    "id": "ch-core-patient-ech-11-placeoforigin",
    "type": "StructureDefinition",
    "url": "http://fhir.ch/ig/ch-core/StructureDefinition/ch-core-patient-ech-11-placeoforigin",
    "version": "2.1.0",
    "name": "ChCorePatientEch11PlaceOfOrigin"
  },
  {
    "id": "ch-core-patient-epr",
    "type": "StructureDefinition",
    "url": "http://fhir.ch/ig/ch-core/StructureDefinition/ch-core-patient-epr",
    "version": "2.1.0",
    "name": "CHCorePatientEPR"
  },
  {
    "id": "ch-core-practitioner",
    "type": "StructureDefinition",
    "url": "http://fhir.ch/ig/ch-core/StructureDefinition/ch-core-practitioner",
    "version": "2.1.0",
    "name": "CHCorePractitioner"
  },
  {
    "id": "ch-core-practitioner-epr",
    "type": "StructureDefinition",
    "url": "http://fhir.ch/ig/ch-core/StructureDefinition/ch-core-practitioner-epr",
    "version": "2.1.0",
    "name": "CHCorePractitionerEPR"
  },
  {
    "id": "ch-core-practitionerrole",
    "type": "StructureDefinition",
    "url": "http://fhir.ch/ig/ch-core/StructureDefinition/ch-core-practitionerrole",
    "version": "2.1.0",
    "name": "CHCorePractitionerRole"
  },
  {
    "id": "ch-core-practitionerrole-epr",
    "type": "StructureDefinition",
    "url": "http://fhir.ch/ig/ch-core/StructureDefinition/ch-core-practitionerrole-epr",
    "version": "2.1.0",
    "name": "CHCorePractitionerRoleEpr"
  },
  {
    "id": "ch-ext-accident",
    "type": "StructureDefinition",
    "url": "http://fhir.ch/ig/ch-core/StructureDefinition/ch-ext-accident",
    "version": "2.1.0",
    "name": "Accident"
  },
  {
    "id": "ch-ext-bfs-ms-admitrole",
    "type": "StructureDefinition",
    "url": "http://fhir.ch/ig/ch-core/StructureDefinition/ch-ext-bfs-ms-admitrole",
    "version": "2.1.0",
    "name": "BfsMsAdmitRole"
  },
  {
    "id": "ch-ext-bfs-ms-dischargedecision",
    "type": "StructureDefinition",
    "url": "http://fhir.ch/ig/ch-core/StructureDefinition/ch-ext-bfs-ms-dischargedecision",
    "version": "2.1.0",
    "name": "BfsMsAdmitRole"
  },
  {
    "id": "ch-ext-bfs-ms-dischargedestination",
    "type": "StructureDefinition",
    "url": "http://fhir.ch/ig/ch-core/StructureDefinition/ch-ext-bfs-ms-dischargedestination",
    "version": "2.1.0",
    "name": "BfsMsAdmitRole"
  },
  {
    "id": "ch-ext-ech-10-linetype",
    "type": "StructureDefinition",
    "url": "http://fhir.ch/ig/ch-core/StructureDefinition/ch-ext-ech-10-linetype",
    "version": "2.1.0",
    "name": "ECH0010AddressLineType"
  },
  {
    "id": "ch-ext-ech-11-firstname",
    "type": "StructureDefinition",
    "url": "http://fhir.ch/ig/ch-core/StructureDefinition/ch-ext-ech-11-firstname",
    "version": "2.1.0",
    "name": "ECH011FirstName"
  },
  {
    "id": "ch-ext-ech-11-maritaldata-separation",
    "type": "StructureDefinition",
    "url": "http://fhir.ch/ig/ch-core/StructureDefinition/ch-ext-ech-11-maritaldata-separation",
    "version": "2.1.0",
    "name": "ECH011MaritalDataSeparation"
  },
  {
    "id": "ch-ext-ech-11-name",
    "type": "StructureDefinition",
    "url": "http://fhir.ch/ig/ch-core/StructureDefinition/ch-ext-ech-11-name",
    "version": "2.1.0",
    "name": "ECH011Name"
  },
  {
    "id": "ch-ext-ech-7-municipalityid",
    "type": "StructureDefinition",
    "url": "http://fhir.ch/ig/ch-core/StructureDefinition/ch-ext-ech-7-municipalityid",
    "version": "2.1.0",
    "name": "ECH007MunicipalityId"
  },
  {
    "id": "ch-ext-encounter-susp-readmission",
    "type": "StructureDefinition",
    "url": "http://fhir.ch/ig/ch-core/StructureDefinition/ch-ext-encounter-susp-readmission",
    "version": "2.1.0",
    "name": "EncounterSupsectedReadmission"
  },
  {
    "id": "ch-ext-epr-confidentialitycode",
    "type": "StructureDefinition",
    "url": "http://fhir.ch/ig/ch-core/StructureDefinition/ch-ext-epr-confidentialitycode",
    "version": "2.1.0",
    "name": "EPRConfidentialityCode"
  },
  {
    "id": "ch-ext-epr-dataenterer",
    "type": "StructureDefinition",
    "url": "http://fhir.ch/ig/ch-core/StructureDefinition/ch-ext-epr-dataenterer",
    "version": "2.1.0",
    "name": "EPRDataEnterer"
  },
  {
    "id": "ch-ext-epr-informationrecipient",
    "type": "StructureDefinition",
    "url": "http://fhir.ch/ig/ch-core/StructureDefinition/ch-ext-epr-informationrecipient",
    "version": "2.1.0",
    "name": "EPRInformationRecipient"
  },
  {
    "id": "ch-ext-epr-sectionid",
    "type": "StructureDefinition",
    "url": "http://fhir.ch/ig/ch-core/StructureDefinition/ch-ext-epr-sectionid",
    "version": "2.1.0",
    "name": "EPRSectionId"
  },
  {
    "id": "ch-ext-epr-time",
    "type": "StructureDefinition",
    "url": "http://fhir.ch/ig/ch-core/StructureDefinition/ch-ext-epr-time",
    "version": "2.1.0",
    "name": "EPRTime"
  },
  {
    "id": "ch-ext-epr-versionnumber",
    "type": "StructureDefinition",
    "url": "http://fhir.ch/ig/ch-core/StructureDefinition/ch-ext-epr-versionnumber",
    "version": "2.1.0",
    "name": "EPRVersionNumber"
  },
  {
    "id": "bfs-medstats-17-admitsource",
    "type": "ValueSet",
    "url": "http://fhir.ch/ig/ch-core/ValueSet/bfs-medstats-17-admitsource",
    "version": "2.1.0",
    "name": "BfsMedstats17Admitsource"
  },
  {
    "id": "bfs-medstats-18-admittype",
    "type": "ValueSet",
    "url": "http://fhir.ch/ig/ch-core/ValueSet/bfs-medstats-18-admittype",
    "version": "2.1.0",
    "name": "BfsMedstats18Admittype"
  },
  {
    "id": "bfs-medstats-19-admitrole",
    "type": "ValueSet",
    "url": "http://fhir.ch/ig/ch-core/ValueSet/bfs-medstats-19-admitrole",
    "version": "2.1.0",
    "name": "BfsMedstats19Admitrole"
  },
  {
    "id": "bfs-medstats-20-encounterclass",
    "type": "ValueSet",
    "url": "http://fhir.ch/ig/ch-core/ValueSet/bfs-medstats-20-encounterclass",
    "version": "2.1.0",
    "name": "BfsMedstats20Encounterclass"
  },
  {
    "id": "bfs-medstats-21-encountertype",
    "type": "ValueSet",
    "url": "http://fhir.ch/ig/ch-core/ValueSet/bfs-medstats-21-encountertype",
    "version": "2.1.0",
    "name": "BfsMedstats21Encountertype"
  },
  {
    "id": "bfs-medstats-27-dischargedecision",
    "type": "ValueSet",
    "url": "http://fhir.ch/ig/ch-core/ValueSet/bfs-medstats-27-dischargedecision",
    "version": "2.1.0",
    "name": "BfsMedstats27Dischargedecision"
  },
  {
    "id": "bfs-medstats-28-dischargedestination",
    "type": "ValueSet",
    "url": "http://fhir.ch/ig/ch-core/ValueSet/bfs-medstats-28-dischargedestination",
    "version": "2.1.0",
    "name": "BfsMedstats28Dischargedestination"
  },
  {
    "id": "bfs-medstats-29-dischargeencounter",
    "type": "ValueSet",
    "url": "http://fhir.ch/ig/ch-core/ValueSet/bfs-medstats-29-dischargeencounter",
    "version": "2.1.0",
    "name": "BfsMedstats29Dischargeencounter"
  },
  {
    "id": "ch-core-encounter-participation-type",
    "type": "ValueSet",
    "url": "http://fhir.ch/ig/ch-core/ValueSet/ch-core-encounter-participation-type",
    "version": "2.1.0",
    "name": "ChCoreEncounterParticipationType"
  },
  {
    "id": "ch-core-maritalstatus",
    "type": "ValueSet",
    "url": "http://fhir.ch/ig/ch-core/ValueSet/ch-core-maritalstatus",
    "version": "2.1.0",
    "name": "ChCoreMaritalStatus"
  },
  {
    "id": "ech-10-linetype",
    "type": "ValueSet",
    "url": "http://fhir.ch/ig/ch-core/ValueSet/ech-10-linetype",
    "version": "2.1.0",
    "name": "ECH10AddressLine"
  },
  {
    "id": "ech-11-firstnamedatatype",
    "type": "ValueSet",
    "url": "http://fhir.ch/ig/ch-core/ValueSet/ech-11-firstnamedatatype",
    "version": "2.1.0",
    "name": "ECH11FirstNameDataTypes"
  },
  {
    "id": "ech-11-maritaldata-separation",
    "type": "ValueSet",
    "url": "http://fhir.ch/ig/ch-core/ValueSet/ech-11-maritaldata-separation",
    "version": "2.1.0",
    "name": "ECH11MaritaldataSeparation"
  },
  {
    "id": "ech-11-maritalstatus",
    "type": "ValueSet",
    "url": "http://fhir.ch/ig/ch-core/ValueSet/ech-11-maritalstatus",
    "version": "2.1.0",
    "name": "ECH11MaritalStatus"
  },
  {
    "id": "ech-11-namedatatype",
    "type": "ValueSet",
    "url": "http://fhir.ch/ig/ch-core/ValueSet/ech-11-namedatatype",
    "version": "2.1.0",
    "name": "ECH11NameDataTypes"
  },
  {
    "id": "ech-11-sex",
    "type": "ValueSet",
    "url": "http://fhir.ch/ig/ch-core/ValueSet/ech-11-sex",
    "version": "2.1.0",
    "name": "ECH11Sex"
  }
]