<?xml version="1.0" encoding="UTF-8"?>

<ConceptMap xmlns="http://hl7.org/fhir">
  <id value="maritalstatus-ech11-to-fhir"/>
  <text>
    <status value="extensions"/><div xmlns="http://www.w3.org/1999/xhtml"><h2>MaritalStatusECH011ToFHIRMapping (http://fhir.ch/ig/ch-core/ConceptMap/maritalstatus-ech11-to-fhir)</h2><p>Mapping from <a href="ValueSet-ech-11-maritalstatus.html">http://fhir.ch/ig/ch-core/ValueSet/ech-11-maritalstatus</a> to http://terminology.hl7.org/ValueSet/marital-status</p><p>ACTIVE. Published on 2018-11-26 by HL7 Switzerland (HL7 Switzerland: <a href="https://www.hl7.ch/">https://www.hl7.ch/</a>). CC-BY-SA-4.0</p><div><p>MaritalStatus mapping from eCH-011 to FHIR. See <a href="https://www.bfs.admin.ch/bfs/de/home/statistiken/kataloge-datenbanken/publikationen.assetdetail.349276.html">maritalData - Zivilstandsangaben eCH-11</a> and/or <a href="https://www.bfs.admin.ch/bfs/de/home/statistiken/kataloge-datenbanken/publikationen.assetdetail.349276.html">BFS Amtlicher Katalog der Merkmale</a>.</p>
</div><br/><table class="grid"><tr><td><b>Source Code</b></td><td><b>Relationship</b></td><td><b>Destination Code</b></td></tr><tr><td colspan="3">Mapping from <a href="CodeSystem-ech-11-maritalstatus.html">eCH-011 MaritalStatus</a> to <a href="http://terminology.hl7.org/3.1.0/CodeSystem-v3-MaritalStatus.html">MaritalStatus</a></td></tr><tr><td>1 (ledig)</td><td><a href="http://hl7.org/fhir/R4/codesystem-concept-map-equivalence.html#equivalent">is equivalent to</a></td><td>S (Never married)</td></tr><tr><td>2 (verheiratet)</td><td><a href="http://hl7.org/fhir/R4/codesystem-concept-map-equivalence.html#equivalent">is equivalent to</a></td><td>M (Married)</td></tr><tr><td>3 (verwitwet)</td><td><a href="http://hl7.org/fhir/R4/codesystem-concept-map-equivalence.html#equivalent">is equivalent to</a></td><td>W (Widowed)</td></tr><tr><td>4 (geschieden)</td><td><a href="http://hl7.org/fhir/R4/codesystem-concept-map-equivalence.html#equivalent">is equivalent to</a></td><td>D (Divorced)</td></tr><tr><td>5 (unverheiratet)</td><td><a href="http://hl7.org/fhir/R4/codesystem-concept-map-equivalence.html#equivalent">is equivalent to</a></td><td>A (Annulled)</td></tr><tr><td>6 (in eingetragener Partnerschaft)</td><td><a href="http://hl7.org/fhir/R4/codesystem-concept-map-equivalence.html#equivalent">is equivalent to</a></td><td>M (Married)</td></tr><tr><td>7 (aufgelöste Partnerschaft)</td><td><a href="http://hl7.org/fhir/R4/codesystem-concept-map-equivalence.html#equivalent">is equivalent to</a></td><td>D (Divorced)</td></tr></table><table class="grid"><tr><td><b>Source Code</b></td><td><b>Relationship</b></td><td><b>Destination Code</b></td></tr><tr><td colspan="3">Mapping from <a href="CodeSystem-ech-11-maritalstatus.html">eCH-011 MaritalStatus</a> to <a href="http://terminology.hl7.org/3.1.0/CodeSystem-v3-NullFlavor.html">NullFlavor</a></td></tr><tr><td>9 (unbekannt)</td><td><a href="http://hl7.org/fhir/R4/codesystem-concept-map-equivalence.html#equivalent">is equivalent to</a></td><td>UNK (unknown)</td></tr></table></div>
  </text>
  <url value="http://fhir.ch/ig/ch-core/ConceptMap/maritalstatus-ech11-to-fhir"/>
  <version value="2.1.0"/>
  <name value="MaritalStatusECH011ToFHIRMapping"/>
  <title value="MaritalStatus eCH-011 to FHIR mapping"/>
  <status value="active"/>
  <experimental value="false"/>
  <date value="2018-11-26"/>
  <publisher value="HL7 Switzerland"/>
  <contact>
    <name value="HL7 Switzerland"/>
    <telecom>
      <system value="url"/>
      <value value="https://www.hl7.ch/"/>
    </telecom>
  </contact>
  <description value="MaritalStatus mapping from eCH-011 to FHIR. See [maritalData - Zivilstandsangaben eCH-11](https://www.bfs.admin.ch/bfs/de/home/statistiken/kataloge-datenbanken/publikationen.assetdetail.349276.html) and/or [BFS Amtlicher Katalog der Merkmale](https://www.bfs.admin.ch/bfs/de/home/statistiken/kataloge-datenbanken/publikationen.assetdetail.349276.html)."/>
  <jurisdiction>
    <coding>
      <system value="urn:iso:std:iso:3166"/>
      <code value="CH"/>
    </coding>
  </jurisdiction>
  <copyright value="CC-BY-SA-4.0"/>
  <sourceUri value="http://fhir.ch/ig/ch-core/ValueSet/ech-11-maritalstatus"/>
  <targetUri value="http://terminology.hl7.org/ValueSet/marital-status"/>
  <group>
    <source value="http://fhir.ch/ig/ch-core/CodeSystem/ech-11-maritalstatus"/>
    <target value="http://terminology.hl7.org/CodeSystem/v3-MaritalStatus"/>
    <element>
      <code value="1"/>
      <display value="ledig"/>
      <target>
        <code value="S"/>
        <display value="Never married"/>
        <equivalence value="equivalent"/>
      </target>
    </element>
    <element>
      <code value="2"/>
      <display value="verheiratet"/>
      <target>
        <code value="M"/>
        <display value="Married"/>
        <equivalence value="equivalent"/>
      </target>
    </element>
    <element>
      <code value="3"/>
      <display value="verwitwet"/>
      <target>
        <code value="W"/>
        <display value="Widowed"/>
        <equivalence value="equivalent"/>
      </target>
    </element>
    <element>
      <code value="4"/>
      <display value="geschieden"/>
      <target>
        <code value="D"/>
        <display value="Divorced"/>
        <equivalence value="equivalent"/>
      </target>
    </element>
    <element>
      <code value="5"/>
      <display value="unverheiratet"/>
      <target>
        <code value="A"/>
        <display value="Annulled"/>
        <equivalence value="equivalent"/>
      </target>
    </element>
    <element>
      <code value="6"/>
      <display value="in eingetragener Partnerschaft"/>
      <target>
        <code value="M"/>
        <display value="Married"/>
        <equivalence value="equivalent"/>
      </target>
    </element>
    <element>
      <code value="7"/>
      <display value="aufgelöste Partnerschaft"/>
      <target>
        <code value="D"/>
        <display value="Divorced"/>
        <equivalence value="equivalent"/>
      </target>
    </element>
  </group>
  <group>
    <source value="http://fhir.ch/ig/ch-core/CodeSystem/ech-11-maritalstatus"/>
    <target value="http://terminology.hl7.org/CodeSystem/v3-NullFlavor"/>
    <element>
      <code value="9"/>
      <display value="unbekannt"/>
      <target>
        <code value="UNK"/>
        <display value="unknown"/>
        <equivalence value="equivalent"/>
      </target>
    </element>
  </group>
</ConceptMap>