<?xml version="1.0" encoding="UTF-8"?>

<MedicationStatement xmlns="http://hl7.org/fhir">
  <id value="MedicationStatementParacetamolAxapharmPmlc"/>
  <meta>
    <profile value="http://fhir.ch/ig/ch-emed-epr/StructureDefinition/ch-emed-epr-medicationstatement-card"/>
  </meta>
  <language value="fr-CH"/>
  <text>
    <status value="extensions"/><div xmlns="http://www.w3.org/1999/xhtml" xml:lang="fr-CH" lang="fr-CH"><p class="res-header-id"><b>Generated Narrative: MedicationStatement MedicationStatementParacetamolAxapharmPmlc</b></p><a name="MedicationStatementParacetamolAxapharmPmlc"> </a><a name="hcMedicationStatementParacetamolAxapharmPmlc"> </a><div style="display: inline-block; background-color: #d9e0e7; padding: 6px; margin: 4px; border: 1px solid #8da1b4; border-radius: 5px; line-height: 60%"><p style="margin-bottom: 0px">Language: fr-CH</p><p style="margin-bottom: 0px">Profile: <a href="StructureDefinition-ch-emed-epr-medicationstatement-card.html">PMLC MedicationStatement</a></p></div><blockquote><p><b>CH EMED Extension Treatment Plan</b></p><ul><li>id: <a href="http://terminology.hl7.org/6.5.0/NamingSystem-uri.html" title="As defined by RFC 3986 (http://www.ietf.org/rfc/rfc3986.txt)(with many schemes defined in many RFCs). For OIDs and UUIDs, use the URN form (urn:oid:(note: lowercase) and urn:uuid:). See http://www.ietf.org/rfc/rfc3001.txt and http://www.ietf.org/rfc/rfc4122.txt 

This oid is used as an identifier II.root to indicate the the extension is an absolute URI (technically, an IRI). Typically, this is used for OIDs and GUIDs. Note that when this OID is used with OIDs and GUIDs, the II.extension should start with urn:oid or urn:uuid: 

Note that this OID is created to aid with interconversion between CDA and FHIR - FHIR uses urn:ietf:rfc:3986 as equivalent to this OID. URIs as identifiers appear more commonly in FHIR.

This OID may also be used in CD.codeSystem.">Uniform Resource Identifier (URI)</a>/urn:uuid:17837392-0340-414d-a3bf-fa9f237b91ff</li><li>externalDocumentId: <a href="http://terminology.hl7.org/6.5.0/NamingSystem-uri.html" title="As defined by RFC 3986 (http://www.ietf.org/rfc/rfc3986.txt)(with many schemes defined in many RFCs). For OIDs and UUIDs, use the URN form (urn:oid:(note: lowercase) and urn:uuid:). See http://www.ietf.org/rfc/rfc3001.txt and http://www.ietf.org/rfc/rfc4122.txt 

This oid is used as an identifier II.root to indicate the the extension is an absolute URI (technically, an IRI). Typically, this is used for OIDs and GUIDs. Note that when this OID is used with OIDs and GUIDs, the II.extension should start with urn:oid or urn:uuid: 

Note that this OID is created to aid with interconversion between CDA and FHIR - FHIR uses urn:ietf:rfc:3986 as equivalent to this OID. URIs as identifiers appear more commonly in FHIR.

This OID may also be used in CD.codeSystem.">Uniform Resource Identifier (URI)</a>/urn:uuid:0399ef84-c71b-413b-8a66-b5a835f4f4c5</li></ul></blockquote><p><b>CH EMED Extension Last Considered Document</b>: <a href="http://terminology.hl7.org/6.5.0/NamingSystem-uri.html" title="As defined by RFC 3986 (http://www.ietf.org/rfc/rfc3986.txt)(with many schemes defined in many RFCs). For OIDs and UUIDs, use the URN form (urn:oid:(note: lowercase) and urn:uuid:). See http://www.ietf.org/rfc/rfc3001.txt and http://www.ietf.org/rfc/rfc4122.txt 

This oid is used as an identifier II.root to indicate the the extension is an absolute URI (technically, an IRI). Typically, this is used for OIDs and GUIDs. Note that when this OID is used with OIDs and GUIDs, the II.extension should start with urn:oid or urn:uuid: 

Note that this OID is created to aid with interconversion between CDA and FHIR - FHIR uses urn:ietf:rfc:3986 as equivalent to this OID. URIs as identifiers appear more commonly in FHIR.

This OID may also be used in CD.codeSystem.">Uniform Resource Identifier (URI)</a>/urn:uuid:e0c06f3c-1b63-468a-9c46-e800d39b6a15</p><p><b>identifier</b>: <a href="http://terminology.hl7.org/6.5.0/NamingSystem-uri.html" title="As defined by RFC 3986 (http://www.ietf.org/rfc/rfc3986.txt)(with many schemes defined in many RFCs). For OIDs and UUIDs, use the URN form (urn:oid:(note: lowercase) and urn:uuid:). See http://www.ietf.org/rfc/rfc3001.txt and http://www.ietf.org/rfc/rfc4122.txt 

This oid is used as an identifier II.root to indicate the the extension is an absolute URI (technically, an IRI). Typically, this is used for OIDs and GUIDs. Note that when this OID is used with OIDs and GUIDs, the II.extension should start with urn:oid or urn:uuid: 

Note that this OID is created to aid with interconversion between CDA and FHIR - FHIR uses urn:ietf:rfc:3986 as equivalent to this OID. URIs as identifiers appear more commonly in FHIR.

This OID may also be used in CD.codeSystem.">Uniform Resource Identifier (URI)</a>/urn:uuid:64ac7c70-3edb-4b39-84e6-4045e196884f</p><p><b>status</b>: Active</p><p><b>medication</b>: <a href="#hcMedicationStatementParacetamolAxapharmPmlc/MedicationParacetamolAxapharm">Medication PARACETAMOL Axapharm cpr pell 1g blister 20pce</a></p><p><b>subject</b>: <a href="Bundle-BundleUtc1Pml.html#urn-uuid-9b00e81e-1165-4039-9d60-698ef838ae1a">Michaël Christopher Karce  Male, DoB: 1973-12-25 ( Medical record number (use: official, ))</a></p><p><b>dateAsserted</b>: 2023-10-01 00:00:00+0200</p><p><b>informationSource</b>: <a href="#hcMedicationStatementParacetamolAxapharmPmlc/PractitionerRoleCoxAtHug">PractitionerRole</a></p><blockquote><p><b>dosage</b></p><p><b>text</b>: Un comprimé à avaler pendant les repas avec de l'eau le matin, le midi et le soir du 2023-10-01 au 2024-01-05.</p><p><b>additionalInstruction</b>: <span title="Codes:{http://snomed.info/sct 311504000}">À prendre pendant les repas</span></p><p><b>patientInstruction</b>: À prendre pendant les repas avec de l'eau</p><p><b>timing</b>: Morning, Noon, Evening, Once</p><p><b>route</b>: <span title="Codes:{urn:oid:0.4.0.127.0.16.1.1.2.1 20053000}">À avaler</span></p><h3>DoseAndRates</h3><table class="grid"><tr><td style="display: none">-</td><td><b>Dose[x]</b></td></tr><tr><td style="display: none">*</td><td>1 comprimé<span style="background: LightGoldenRodYellow"> (Details: SNOMED CT  code732936001 = 'Tablet (unit of presentation)')</span></td></tr></table></blockquote><hr/><blockquote><p class="res-header-id"><b>Generated Narrative: Medication #MedicationParacetamolAxapharm</b></p><a name="MedicationStatementParacetamolAxapharmPmlc/MedicationParacetamolAxapharm"> </a><a name="hcMedicationStatementParacetamolAxapharmPmlc/MedicationParacetamolAxapharm"> </a><div style="display: inline-block; background-color: #d9e0e7; padding: 6px; margin: 4px; border: 1px solid #8da1b4; border-radius: 5px; line-height: 60%"><p style="margin-bottom: 0px">Language: fr-CH</p><p style="margin-bottom: 0px">Profile: <a href="StructureDefinition-ch-emed-epr-medication.html">CH EMED EPR Medication</a></p></div><p><b>code</b>: <span title="Codes:{urn:oid:2.51.1.1 7680669830045}, {http://www.whocc.no/atc N02BE01}">PARACETAMOL Axapharm cpr pell 1g</span></p><p><b>form</b>: <span title="Codes:{urn:oid:0.4.0.127.0.16.1.1.2.1 10221000}">Comprimé pelliculé</span></p><p><b>amount</b>: 20 comprimé<span style="background: LightGoldenRodYellow"> (Details: SNOMED CT  code732936001 = 'Tablet (unit of presentation)')</span>/1 plaquette<span style="background: LightGoldenRodYellow"> (Details: SNOMED CT  code732984005 = 'Blister (unit of presentation)')</span></p><h3>Ingredients</h3><table class="grid"><tr><td style="display: none">-</td><td><b>Item[x]</b></td><td><b>IsActive</b></td><td><b>Strength</b></td></tr><tr><td style="display: none">*</td><td><span title="Codes:{http://snomed.info/sct 387517004}">Paracétamol</span></td><td>true</td><td>1 g<span style="background: LightGoldenRodYellow"> (Details: UCUM  codeg = 'g')</span>/1 comprimé<span style="background: LightGoldenRodYellow"> (Details: SNOMED CT  code732936001 = 'Tablet (unit of presentation)')</span></td></tr></table></blockquote><hr/><blockquote><p class="res-header-id"><b>Generated Narrative: Organization #OrganizationHug</b></p><a name="MedicationStatementParacetamolAxapharmPmlc/OrganizationHug"> </a><a name="hcMedicationStatementParacetamolAxapharmPmlc/OrganizationHug"> </a><div style="display: inline-block; background-color: #d9e0e7; padding: 6px; margin: 4px; border: 1px solid #8da1b4; border-radius: 5px; line-height: 60%"><p style="margin-bottom: 0px"/><p style="margin-bottom: 0px">Profile: <a href="StructureDefinition-ch-emed-epr-organization.html">CH EMED EPR Organization</a></p></div><p><b>identifier</b>: <a href="https://www.gs1.org/standards/id-keys/gln" title="Global Location Number">GLN</a>/7601000234438</p><p><b>name</b>: Hôpitaux universitaires de Genève</p><p><b>address</b>: Rue Gabrielle-Perret-Gentil 4 Genève 1205 CH </p></blockquote><hr/><blockquote><p class="res-header-id"><b>Generated Narrative: Practitioner #PractitionerCox</b></p><a name="MedicationStatementParacetamolAxapharmPmlc/PractitionerCox"> </a><a name="hcMedicationStatementParacetamolAxapharmPmlc/PractitionerCox"> </a><div style="display: inline-block; background-color: #d9e0e7; padding: 6px; margin: 4px; border: 1px solid #8da1b4; border-radius: 5px; line-height: 60%"><p style="margin-bottom: 0px"/><p style="margin-bottom: 0px">Profile: <a href="StructureDefinition-ch-emed-epr-practitioner.html">CH EMED EPR Practitioner</a></p></div><p><b>identifier</b>: <a href="https://www.gs1.org/standards/id-keys/gln" title="Global Location Number">GLN</a>/7601000234438</p><p><b>name</b>: Perry Cox </p></blockquote><hr/><blockquote><p class="res-header-id"><b>Generated Narrative: PractitionerRole #PractitionerRoleCoxAtHug</b></p><a name="MedicationStatementParacetamolAxapharmPmlc/PractitionerRoleCoxAtHug"> </a><a name="hcMedicationStatementParacetamolAxapharmPmlc/PractitionerRoleCoxAtHug"> </a><div style="display: inline-block; background-color: #d9e0e7; padding: 6px; margin: 4px; border: 1px solid #8da1b4; border-radius: 5px; line-height: 60%"><p style="margin-bottom: 0px"/><p style="margin-bottom: 0px">Profile: <a href="StructureDefinition-ch-emed-epr-practitionerrole.html">CH EMED EPR PractitionerRole</a></p></div><p><b>practitioner</b>: <a href="#hcMedicationStatementParacetamolAxapharmPmlc/PractitionerCox">Practitioner Perry Cox </a></p><p><b>organization</b>: <a href="#hcMedicationStatementParacetamolAxapharmPmlc/OrganizationHug">Organization Hôpitaux universitaires de Genève</a></p></blockquote></div>
  </text>
  <contained>
    <Medication>
      <id value="MedicationParacetamolAxapharm"/>
      <meta>
        <profile value="http://fhir.ch/ig/ch-emed-epr/StructureDefinition/ch-emed-epr-medication"/>
      </meta>
      <language value="fr-CH"/>
      <code>
        <coding>
          <system value="urn:oid:2.51.1.1"/>
          <code value="7680669830045"/>
          <display value="PARACETAMOL Axapharm cpr pell 1g blister 20pce"/>
        </coding>
        <coding>
          <system value="http://www.whocc.no/atc"/>
          <code value="N02BE01"/>
          <display value="paracetamol"/>
        </coding>
        <text value="PARACETAMOL Axapharm cpr pell 1g"/>
      </code>
      <form>
        <coding>
          <system value="urn:oid:0.4.0.127.0.16.1.1.2.1"/>
          <code value="10221000"/>
          <display value="Comprimé pelliculé"/>
        </coding>
        <text value="Comprimé pelliculé"/>
      </form>
      <amount>
        <numerator>
          <value value="20"/>
          <unit value="comprimé"/>
          <system value="http://snomed.info/sct"/>
          <code value="732936001"/>
        </numerator>
        <denominator>
          <value value="1"/>
          <unit value="plaquette"/>
          <system value="http://snomed.info/sct"/>
          <code value="732984005"/>
        </denominator>
      </amount>
      <ingredient>
        <itemCodeableConcept>
          <coding>
            <system value="http://snomed.info/sct"/>
            <code value="387517004"/>
            <display value="Paracetamol (substance)"/>
          </coding>
          <text value="Paracétamol"/>
        </itemCodeableConcept>
        <isActive value="true"/>
        <strength>
          <numerator>
            <value value="1"/>
            <unit value="g"/>
            <system value="http://unitsofmeasure.org"/>
            <code value="g"/>
          </numerator>
          <denominator>
            <value value="1"/>
            <unit value="comprimé"/>
            <system value="http://snomed.info/sct"/>
            <code value="732936001"/>
          </denominator>
        </strength>
      </ingredient>
    </Medication>
  </contained>
  <contained>
    <Organization>
      <id value="OrganizationHug"/>
      <meta>
        <profile value="http://fhir.ch/ig/ch-emed-epr/StructureDefinition/ch-emed-epr-organization"/>
      </meta>
      <identifier>
        <system value="urn:oid:2.51.1.3"/>
        <value value="7601000234438"/>
      </identifier>
      <name value="Hôpitaux universitaires de Genève"/>
      <address>
        <line value="Rue Gabrielle-Perret-Gentil 4"/>
        <city value="Genève"/>
        <postalCode value="1205"/>
        <country value="CH"/>
      </address>
    </Organization>
  </contained>
  <contained>
    <Practitioner>
      <id value="PractitionerCox"/>
      <meta>
        <profile value="http://fhir.ch/ig/ch-emed-epr/StructureDefinition/ch-emed-epr-practitioner"/>
      </meta>
      <identifier>
        <system value="urn:oid:2.51.1.3"/>
        <value value="7601000234438"/>
      </identifier>
      <name>
        <family value="Cox"/>
        <given value="Perry"/>
      </name>
    </Practitioner>
  </contained>
  <contained>
    <PractitionerRole>
      <id value="PractitionerRoleCoxAtHug"/>
      <meta>
        <profile value="http://fhir.ch/ig/ch-emed-epr/StructureDefinition/ch-emed-epr-practitionerrole"/>
      </meta>
      <practitioner>
        <reference value="#PractitionerCox"/>
      </practitioner>
      <organization>
        <reference value="#OrganizationHug"/>
      </organization>
    </PractitionerRole>
  </contained>
  <extension url="http://fhir.ch/ig/ch-emed/StructureDefinition/ch-emed-ext-treatmentplan">
    <extension url="id">
      <valueIdentifier>
        <system value="urn:ietf:rfc:3986"/>
        <value value="urn:uuid:17837392-0340-414d-a3bf-fa9f237b91ff"/>
      </valueIdentifier>
    </extension>
    <extension url="externalDocumentId">
      <valueIdentifier>
        <system value="urn:ietf:rfc:3986"/>
        <value value="urn:uuid:0399ef84-c71b-413b-8a66-b5a835f4f4c5"/>
      </valueIdentifier>
    </extension>
  </extension>
  <extension url="http://fhir.ch/ig/ch-emed/StructureDefinition/ch-emed-ext-last-considered-document">
    <valueIdentifier>
      <system value="urn:ietf:rfc:3986"/>
      <value value="urn:uuid:e0c06f3c-1b63-468a-9c46-e800d39b6a15"/>
    </valueIdentifier>
  </extension>
  <identifier>
    <system value="urn:ietf:rfc:3986"/>
    <value value="urn:uuid:64ac7c70-3edb-4b39-84e6-4045e196884f"/>
  </identifier>
  <status value="active"/>
  <medicationReference>
    <reference value="#MedicationParacetamolAxapharm"/>
  </medicationReference>
  <subject>
    <reference value="urn:uuid:9b00e81e-1165-4039-9d60-698ef838ae1a"/>
  </subject>
  <dateAsserted value="2023-10-01T00:00:00+02:00"/>
  <informationSource>
    <reference value="#PractitionerRoleCoxAtHug"/>
  </informationSource>
  <dosage>
    <text value="Un comprimé à avaler pendant les repas avec de l'eau le matin, le midi et le soir du 2023-10-01 au 2024-01-05."/>
    <additionalInstruction>
      <coding>
        <system value="http://snomed.info/sct"/>
        <code value="311504000"/>
        <display value="With or after food"/>
      </coding>
      <text value="À prendre pendant les repas"/>
    </additionalInstruction>
    <patientInstruction value="À prendre pendant les repas avec de l'eau"/>
    <timing>
      <repeat>
        <boundsPeriod>
          <start value="2023-10-01"/>
          <end value="2024-01-05"/>
        </boundsPeriod>
        <when value="MORN"/>
        <when value="NOON"/>
        <when value="EVE"/>
      </repeat>
    </timing>
    <route>
      <coding>
        <system value="urn:oid:0.4.0.127.0.16.1.1.2.1"/>
        <code value="20053000"/>
        <display value="Oral use"/>
      </coding>
      <text value="À avaler"/>
    </route>
    <doseAndRate>
      <doseQuantity>
        <value value="1"/>
        <unit value="comprimé"/>
        <system value="http://snomed.info/sct"/>
        <code value="732936001"/>
      </doseQuantity>
    </doseAndRate>
  </dosage>
</MedicationStatement>