<?xml version="1.0" encoding="UTF-8"?>

<Practitioner xmlns="http://hl7.org/fhir">
  <id value="PractitionerCox"/>
  <meta>
    <profile value="http://fhir.ch/ig/ch-emed-epr/StructureDefinition/ch-emed-epr-practitioner"/>
  </meta>
  <text>
    <status value="generated"/><div xmlns="http://www.w3.org/1999/xhtml"><p class="res-header-id"><b>Generated Narrative: Practitioner PractitionerCox</b></p><a name="PractitionerCox"> </a><a name="hcPractitionerCox"> </a><div style="display: inline-block; background-color: #d9e0e7; padding: 6px; margin: 4px; border: 1px solid #8da1b4; border-radius: 5px; line-height: 60%"><p style="margin-bottom: 0px"/><p style="margin-bottom: 0px">Profile: <a href="StructureDefinition-ch-emed-epr-practitioner.html">CH EMED EPR Practitioner</a></p></div><p><b>identifier</b>: <a href="https://www.gs1.org/standards/id-keys/gln" title="Global Location Number">GLN</a>/7601000234438</p><p><b>name</b>: Perry Cox </p></div>
  </text>
  <identifier>
    <system value="urn:oid:2.51.1.3"/>
    <value value="7601000234438"/>
  </identifier>
  <name>
    <family value="Cox"/>
    <given value="Perry"/>
  </name>
</Practitioner>