{
  "resourceType" : "Organization",
  "id" : "HappyHospital",
  "meta" : {
    "profile" : ["http://fhir.ch/ig/ch-core/StructureDefinition/ch-core-organization"]
  },
  "text" : {
    "status" : "generated",
    "div" : "<div xmlns=\"http://www.w3.org/1999/xhtml\"><p><b>Generated Narrative: Organization</b><a name=\"HappyHospital\"> </a></p><div style=\"display: inline-block; background-color: #d9e0e7; padding: 6px; margin: 4px; border: 1px solid #8da1b4; border-radius: 5px; line-height: 60%\"><p style=\"margin-bottom: 0px\">Resource Organization &quot;HappyHospital&quot; </p><p style=\"margin-bottom: 0px\">Profile: <a href=\"file:///home/michaela/github/ch-core/output/StructureDefinition-ch-core-organization.html\">CH Core Organization</a></p></div><p><b>name</b>: Klinik Happy Hospital</p><p><b>address</b>: Seestrasse 133 Haus C Zürich 8000 Schweiz </p></div>"
  },
  "name" : "Klinik Happy Hospital",
  "address" : [{
    "line" : ["Seestrasse 133",
    "Haus C"],
    "city" : "Zürich",
    "postalCode" : "8000",
    "country" : "Schweiz"
  }]
}