{"resourceType":"CodeSystem","id":"ch-SMC-additional-monitoring-indicator","text":{"status":"generated","div":"<div xmlns=\"http://www.w3.org/1999/xhtml\"><p class=\"res-header-id\"><b>Generated Narrative: CodeSystem ch-SMC-additional-monitoring-indicator</b></p><a name=\"ch-SMC-additional-monitoring-indicator\"> </a><a name=\"hcch-SMC-additional-monitoring-indicator\"> </a><a name=\"ch-SMC-additional-monitoring-indicator-en-US\"> </a><p>This case-insensitive code system <code>http://fhir.ch/ig/ch-epl/CodeSystem/ch-SMC-additional-monitoring-indicator</code> defines the following codes:</p><table class=\"codes\"><tr><td style=\"white-space:nowrap\"><b>Code</b></td><td><b>Display</b></td><td><b>Deutsch (German, de)</b></td></tr><tr><td style=\"white-space:nowrap\">756005001001<a name=\"ch-SMC-additional-monitoring-indicator-756005001001\"> </a></td><td>Black Triangle Warning</td><td>Schwarzes Dreieck Art. 14a AMZV</td></tr><tr><td style=\"white-space:nowrap\">756005001002<a name=\"ch-SMC-additional-monitoring-indicator-756005001002\"> </a></td><td>Black Box Warning</td><td>Black Box Warning</td></tr><tr><td style=\"white-space:nowrap\">756005001003<a name=\"ch-SMC-additional-monitoring-indicator-756005001003\"> </a></td><td>No Warning</td><td>Keine Warnung</td></tr></table></div>"},"url":"http://fhir.ch/ig/ch-epl/CodeSystem/ch-SMC-additional-monitoring-indicator","version":"1.0.0-ballot","name":"ChSMCAdditionalMonitoringIndicatorCS","title":"CH SMC - Additional Monitoring Indicator","status":"active","experimental":false,"date":"2025-05-22T14:35:11+00:00","publisher":"Federal Office of Public Health FOPH","contact":[{"name":"Federal Office of Public Health FOPH","telecom":[{"system":"url","value":"https://www.bag.admin.ch/bag/en/home/das-bag/kontakt-standort.html"}]}],"description":"CH - Standard Terms used in Switzerland (aggregations of codes of ValueSets Additional Monitoring Indicator","jurisdiction":[{"coding":[{"system":"urn:iso:std:iso:3166","code":"CH"}]}],"copyright":"CC0-1.0","caseSensitive":false,"content":"complete","count":3,"concept":[{"code":"756005001001","display":"Black Triangle Warning","designation":[{"language":"de","use":{"system":"http://snomed.info/sct","code":"900000000000003001","display":"Fully specified name"},"value":"Schwarzes Dreieck Art. 14a AMZV"},{"language":"de","use":{"system":"http://snomed.info/sct","code":"900000000000013009","display":"Synonym"},"value":"BLACK_TR"},{"use":{"system":"http://terminology.hl7.org/CodeSystem/designation-usage","code":"display"},"value":"Black Triangle Warning"}]},{"code":"756005001002","display":"Black Box Warning","designation":[{"language":"de","use":{"system":"http://snomed.info/sct","code":"900000000000003001","display":"Fully specified name"},"value":"Black Box Warning"},{"language":"de","use":{"system":"http://snomed.info/sct","code":"900000000000013009","display":"Synonym"},"value":"BBOX_W"},{"use":{"system":"http://terminology.hl7.org/CodeSystem/designation-usage","code":"display"},"value":"Black Box Warning"}]},{"code":"756005001003","display":"No Warning","designation":[{"language":"de","use":{"system":"http://snomed.info/sct","code":"900000000000003001","display":"Fully specified name"},"value":"Keine Warnung"},{"language":"de","use":{"system":"http://snomed.info/sct","code":"900000000000013009","display":"Synonym"},"value":"N"},{"use":{"system":"http://terminology.hl7.org/CodeSystem/designation-usage","code":"display"},"value":"No Warning"}]}]}