{"resourceType":"ValueSet","id":"edqm-route-of-administration","text":{"status":"generated","div":"<div xmlns=\"http://www.w3.org/1999/xhtml\"><p class=\"res-header-id\"><b>Generated Narrative: ValueSet edqm-route-of-administration</b></p><a name=\"edqm-route-of-administration\"> </a><a name=\"hcedqm-route-of-administration\"> </a><a name=\"edqm-route-of-administration-en-US\"> </a><ul><li>Include these codes as defined in <a href=\"CodeSystem-edqm-standardterms.html\"><code>http://standardterms.edqm.eu</code></a><table class=\"none\"><tr><td style=\"white-space:nowrap\"><b>Code</b></td><td><b>Display</b></td></tr><tr><td><a href=\"CodeSystem-edqm-standardterms.html#edqm-standardterms-20001000\">20001000</a></td><td>Auricular use</td></tr><tr><td><a href=\"CodeSystem-edqm-standardterms.html#edqm-standardterms-20002500\">20002500</a></td><td>Buccal use</td></tr><tr><td><a href=\"CodeSystem-edqm-standardterms.html#edqm-standardterms-20003000\">20003000</a></td><td>Cutaneous use</td></tr><tr><td><a href=\"CodeSystem-edqm-standardterms.html#edqm-standardterms-20004000\">20004000</a></td><td>Dental use</td></tr><tr><td><a href=\"CodeSystem-edqm-standardterms.html#edqm-standardterms-20006000\">20006000</a></td><td>Endocervical use</td></tr><tr><td><a href=\"CodeSystem-edqm-standardterms.html#edqm-standardterms-20007000\">20007000</a></td><td>Endosinusial use</td></tr><tr><td><a href=\"CodeSystem-edqm-standardterms.html#edqm-standardterms-20008000\">20008000</a></td><td>Endotracheopulmonary use</td></tr><tr><td><a href=\"CodeSystem-edqm-standardterms.html#edqm-standardterms-20009000\">20009000</a></td><td>Epidural use</td></tr><tr><td><a href=\"CodeSystem-edqm-standardterms.html#edqm-standardterms-20010000\">20010000</a></td><td>Epilesional use</td></tr><tr><td><a href=\"CodeSystem-edqm-standardterms.html#edqm-standardterms-20011000\">20011000</a></td><td>Extraamniotic use</td></tr><tr><td><a href=\"CodeSystem-edqm-standardterms.html#edqm-standardterms-20011500\">20011500</a></td><td>Extracorporeal use</td></tr><tr><td><a href=\"CodeSystem-edqm-standardterms.html#edqm-standardterms-20087000\">20087000</a></td><td>Extrapleural use</td></tr><tr><td><a href=\"CodeSystem-edqm-standardterms.html#edqm-standardterms-20013000\">20013000</a></td><td>Gastroenteral use</td></tr><tr><td><a href=\"CodeSystem-edqm-standardterms.html#edqm-standardterms-20013500\">20013500</a></td><td>Gastric use</td></tr><tr><td><a href=\"CodeSystem-edqm-standardterms.html#edqm-standardterms-20014000\">20014000</a></td><td>Gingival use</td></tr><tr><td><a href=\"CodeSystem-edqm-standardterms.html#edqm-standardterms-20015000\">20015000</a></td><td>Haemodialysis</td></tr><tr><td><a href=\"CodeSystem-edqm-standardterms.html#edqm-standardterms-20015500\">20015500</a></td><td>Implantation</td></tr><tr><td><a href=\"CodeSystem-edqm-standardterms.html#edqm-standardterms-20019500\">20019500</a></td><td>Infiltration</td></tr><tr><td><a href=\"CodeSystem-edqm-standardterms.html#edqm-standardterms-20020000\">20020000</a></td><td>Inhalation use</td></tr><tr><td><a href=\"CodeSystem-edqm-standardterms.html#edqm-standardterms-20021000\">20021000</a></td><td>Intestinal use</td></tr><tr><td><a href=\"CodeSystem-edqm-standardterms.html#edqm-standardterms-20022000\">20022000</a></td><td>Intraamniotic use</td></tr><tr><td><a href=\"CodeSystem-edqm-standardterms.html#edqm-standardterms-20023000\">20023000</a></td><td>Intraarterial use</td></tr><tr><td><a href=\"CodeSystem-edqm-standardterms.html#edqm-standardterms-20024000\">20024000</a></td><td>Intraarticular use</td></tr><tr><td><a href=\"CodeSystem-edqm-standardterms.html#edqm-standardterms-20025000\">20025000</a></td><td>Intrabursal use</td></tr><tr><td><a href=\"CodeSystem-edqm-standardterms.html#edqm-standardterms-20025500\">20025500</a></td><td>Intracameral use</td></tr><tr><td><a href=\"CodeSystem-edqm-standardterms.html#edqm-standardterms-20026000\">20026000</a></td><td>Intracardiac use</td></tr><tr><td><a href=\"CodeSystem-edqm-standardterms.html#edqm-standardterms-20026500\">20026500</a></td><td>Intracartilaginous use</td></tr><tr><td><a href=\"CodeSystem-edqm-standardterms.html#edqm-standardterms-20027000\">20027000</a></td><td>Intracavernous use</td></tr><tr><td><a href=\"CodeSystem-edqm-standardterms.html#edqm-standardterms-20027010\">20027010</a></td><td>Intracerebral use</td></tr><tr><td><a href=\"CodeSystem-edqm-standardterms.html#edqm-standardterms-20028000\">20028000</a></td><td>Intracervical use</td></tr><tr><td><a href=\"CodeSystem-edqm-standardterms.html#edqm-standardterms-20028300\">20028300</a></td><td>Intracholangiopancreatic use</td></tr><tr><td><a href=\"CodeSystem-edqm-standardterms.html#edqm-standardterms-20028500\">20028500</a></td><td>Intracisternal use</td></tr><tr><td><a href=\"CodeSystem-edqm-standardterms.html#edqm-standardterms-20029000\">20029000</a></td><td>Intracoronary use</td></tr><tr><td><a href=\"CodeSystem-edqm-standardterms.html#edqm-standardterms-20030000\">20030000</a></td><td>Intradermal use</td></tr><tr><td><a href=\"CodeSystem-edqm-standardterms.html#edqm-standardterms-20031000\">20031000</a></td><td>Intradiscal use</td></tr><tr><td><a href=\"CodeSystem-edqm-standardterms.html#edqm-standardterms-20031500\">20031500</a></td><td>Intraepidermal use</td></tr><tr><td><a href=\"CodeSystem-edqm-standardterms.html#edqm-standardterms-20031700\">20031700</a></td><td>Intraglandular use</td></tr><tr><td><a href=\"CodeSystem-edqm-standardterms.html#edqm-standardterms-20032000\">20032000</a></td><td>Intralesional use</td></tr><tr><td><a href=\"CodeSystem-edqm-standardterms.html#edqm-standardterms-20033000\">20033000</a></td><td>Intralymphatic use</td></tr><tr><td><a href=\"CodeSystem-edqm-standardterms.html#edqm-standardterms-20035000\">20035000</a></td><td>Intramuscular use</td></tr><tr><td><a href=\"CodeSystem-edqm-standardterms.html#edqm-standardterms-20036000\">20036000</a></td><td>Intraocular use</td></tr><tr><td><a href=\"CodeSystem-edqm-standardterms.html#edqm-standardterms-20036500\">20036500</a></td><td>Intraosseous use</td></tr><tr><td><a href=\"CodeSystem-edqm-standardterms.html#edqm-standardterms-20037000\">20037000</a></td><td>Intrapericardial use</td></tr><tr><td><a href=\"CodeSystem-edqm-standardterms.html#edqm-standardterms-20038000\">20038000</a></td><td>Intraperitoneal use</td></tr><tr><td><a href=\"CodeSystem-edqm-standardterms.html#edqm-standardterms-20039000\">20039000</a></td><td>Intrapleural use</td></tr><tr><td><a href=\"CodeSystem-edqm-standardterms.html#edqm-standardterms-20039200\">20039200</a></td><td>Intraportal use</td></tr><tr><td><a href=\"CodeSystem-edqm-standardterms.html#edqm-standardterms-20039500\">20039500</a></td><td>Intraprostatic use</td></tr><tr><td><a href=\"CodeSystem-edqm-standardterms.html#edqm-standardterms-20041000\">20041000</a></td><td>Intrasternal use</td></tr><tr><td><a href=\"CodeSystem-edqm-standardterms.html#edqm-standardterms-20042000\">20042000</a></td><td>Intrathecal use</td></tr><tr><td><a href=\"CodeSystem-edqm-standardterms.html#edqm-standardterms-20043000\">20043000</a></td><td>Intratumoral use</td></tr><tr><td><a href=\"CodeSystem-edqm-standardterms.html#edqm-standardterms-20044000\">20044000</a></td><td>Intrauterine use</td></tr><tr><td><a href=\"CodeSystem-edqm-standardterms.html#edqm-standardterms-20045000\">20045000</a></td><td>Intravenous use</td></tr><tr><td><a href=\"CodeSystem-edqm-standardterms.html#edqm-standardterms-20046000\">20046000</a></td><td>Intravesical use</td></tr><tr><td><a href=\"CodeSystem-edqm-standardterms.html#edqm-standardterms-20047000\">20047000</a></td><td>Intravitreal use</td></tr><tr><td><a href=\"CodeSystem-edqm-standardterms.html#edqm-standardterms-20047500\">20047500</a></td><td>Iontophoresis</td></tr><tr><td><a href=\"CodeSystem-edqm-standardterms.html#edqm-standardterms-20048000\">20048000</a></td><td>Laryngopharyngeal use</td></tr><tr><td><a href=\"CodeSystem-edqm-standardterms.html#edqm-standardterms-20049000\">20049000</a></td><td>Nasal use</td></tr><tr><td><a href=\"CodeSystem-edqm-standardterms.html#edqm-standardterms-20051000\">20051000</a></td><td>Ocular use</td></tr><tr><td><a href=\"CodeSystem-edqm-standardterms.html#edqm-standardterms-20053000\">20053000</a></td><td>Oral use</td></tr><tr><td><a href=\"CodeSystem-edqm-standardterms.html#edqm-standardterms-20054000\">20054000</a></td><td>Oromucosal use</td></tr><tr><td><a href=\"CodeSystem-edqm-standardterms.html#edqm-standardterms-20055000\">20055000</a></td><td>Oropharyngeal use</td></tr><tr><td><a href=\"CodeSystem-edqm-standardterms.html#edqm-standardterms-20057000\">20057000</a></td><td>Periarticular use</td></tr><tr><td><a href=\"CodeSystem-edqm-standardterms.html#edqm-standardterms-20058000\">20058000</a></td><td>Perineural use</td></tr><tr><td><a href=\"CodeSystem-edqm-standardterms.html#edqm-standardterms-20059000\">20059000</a></td><td>Periodontal use</td></tr><tr><td><a href=\"CodeSystem-edqm-standardterms.html#edqm-standardterms-20059300\">20059300</a></td><td>Periosseous use</td></tr><tr><td><a href=\"CodeSystem-edqm-standardterms.html#edqm-standardterms-20059400\">20059400</a></td><td>Peritumoral use</td></tr><tr><td><a href=\"CodeSystem-edqm-standardterms.html#edqm-standardterms-20059500\">20059500</a></td><td>Posterior juxtascleral use</td></tr><tr><td><a href=\"CodeSystem-edqm-standardterms.html#edqm-standardterms-20061000\">20061000</a></td><td>Rectal use</td></tr><tr><td><a href=\"CodeSystem-edqm-standardterms.html#edqm-standardterms-20061500\">20061500</a></td><td>Retrobulbar use</td></tr><tr><td><a href=\"CodeSystem-edqm-standardterms.html#edqm-standardterms-20062000\">20062000</a></td><td>Route of administration not applicable</td></tr><tr><td><a href=\"CodeSystem-edqm-standardterms.html#edqm-standardterms-20063000\">20063000</a></td><td>Skin scarification</td></tr><tr><td><a href=\"CodeSystem-edqm-standardterms.html#edqm-standardterms-20065000\">20065000</a></td><td>Subconjunctival use</td></tr><tr><td><a href=\"CodeSystem-edqm-standardterms.html#edqm-standardterms-20066000\">20066000</a></td><td>Subcutaneous use</td></tr><tr><td><a href=\"CodeSystem-edqm-standardterms.html#edqm-standardterms-20067000\">20067000</a></td><td>Sublingual use</td></tr><tr><td><a href=\"CodeSystem-edqm-standardterms.html#edqm-standardterms-20067500\">20067500</a></td><td>Submucosal use</td></tr><tr><td><a href=\"CodeSystem-edqm-standardterms.html#edqm-standardterms-20070000\">20070000</a></td><td>Transdermal use</td></tr><tr><td><a href=\"CodeSystem-edqm-standardterms.html#edqm-standardterms-20071000\">20071000</a></td><td>Urethral use</td></tr><tr><td><a href=\"CodeSystem-edqm-standardterms.html#edqm-standardterms-20072000\">20072000</a></td><td>Vaginal use</td></tr><tr><td><a href=\"CodeSystem-edqm-standardterms.html#edqm-standardterms-20080000\">20080000</a></td><td>Intracerebroventricular use</td></tr><tr><td><a href=\"CodeSystem-edqm-standardterms.html#edqm-standardterms-20081000\">20081000</a></td><td>Subretinal use</td></tr><tr><td><a href=\"CodeSystem-edqm-standardterms.html#edqm-standardterms-20084000\">20084000</a></td><td>Intracorneal use</td></tr><tr><td><a href=\"CodeSystem-edqm-standardterms.html#edqm-standardterms-20086000\">20086000</a></td><td>Intraputaminal use</td></tr></table></li></ul></div>"},"url":"http://fhir.ch/ig/ch-epl/ValueSet/edqm-route-of-administration","identifier":[{"use":"official","system":"urn:ietf:rfc:3986","value":"urn:oid:0.4.0.127.0.16.1.1.2.6"}],"version":"1.0.0-ballot","name":"EdqmRouteOfAdministrationVS","title":"EDQM - Route Of Administration","status":"active","experimental":false,"date":"2025-05-22T14:35:11+00:00","publisher":"Federal Office of Public Health FOPH","contact":[{"name":"Federal Office of Public Health FOPH","telecom":[{"system":"url","value":"https://www.bag.admin.ch/bag/en/home/das-bag/kontakt-standort.html"}]}],"description":"Value Set for the Route Of Administration from EDQM","jurisdiction":[{"coding":[{"system":"urn:iso:std:iso:3166","code":"CH"}]}],"copyright":"CC0-1.0","compose":{"include":[{"system":"http://standardterms.edqm.eu","concept":[{"code":"20001000","display":"Auricular use"},{"code":"20002500","display":"Buccal use"},{"code":"20003000","display":"Cutaneous use"},{"code":"20004000","display":"Dental use"},{"code":"20006000","display":"Endocervical use"},{"code":"20007000","display":"Endosinusial use"},{"code":"20008000","display":"Endotracheopulmonary use"},{"code":"20009000","display":"Epidural use"},{"code":"20010000","display":"Epilesional use"},{"code":"20011000","display":"Extraamniotic use"},{"code":"20011500","display":"Extracorporeal use"},{"code":"20087000","display":"Extrapleural use"},{"code":"20013000","display":"Gastroenteral use"},{"code":"20013500","display":"Gastric use"},{"code":"20014000","display":"Gingival use"},{"code":"20015000","display":"Haemodialysis"},{"code":"20015500","display":"Implantation"},{"code":"20019500","display":"Infiltration"},{"code":"20020000","display":"Inhalation use"},{"code":"20021000","display":"Intestinal use"},{"code":"20022000","display":"Intraamniotic use"},{"code":"20023000","display":"Intraarterial use"},{"code":"20024000","display":"Intraarticular use"},{"code":"20025000","display":"Intrabursal use"},{"code":"20025500","display":"Intracameral use"},{"code":"20026000","display":"Intracardiac use"},{"code":"20026500","display":"Intracartilaginous use"},{"code":"20027000","display":"Intracavernous use"},{"code":"20027010","display":"Intracerebral use"},{"code":"20028000","display":"Intracervical use"},{"code":"20028300","display":"Intracholangiopancreatic use"},{"code":"20028500","display":"Intracisternal use"},{"code":"20029000","display":"Intracoronary use"},{"code":"20030000","display":"Intradermal use"},{"code":"20031000","display":"Intradiscal use"},{"code":"20031500","display":"Intraepidermal use"},{"code":"20031700","display":"Intraglandular use"},{"code":"20032000","display":"Intralesional use"},{"code":"20033000","display":"Intralymphatic use"},{"code":"20035000","display":"Intramuscular use"},{"code":"20036000","display":"Intraocular use"},{"code":"20036500","display":"Intraosseous use"},{"code":"20037000","display":"Intrapericardial use"},{"code":"20038000","display":"Intraperitoneal use"},{"code":"20039000","display":"Intrapleural use"},{"code":"20039200","display":"Intraportal use"},{"code":"20039500","display":"Intraprostatic use"},{"code":"20041000","display":"Intrasternal use"},{"code":"20042000","display":"Intrathecal use"},{"code":"20043000","display":"Intratumoral use"},{"code":"20044000","display":"Intrauterine use"},{"code":"20045000","display":"Intravenous use"},{"code":"20046000","display":"Intravesical use"},{"code":"20047000","display":"Intravitreal use"},{"code":"20047500","display":"Iontophoresis"},{"code":"20048000","display":"Laryngopharyngeal use"},{"code":"20049000","display":"Nasal use"},{"code":"20051000","display":"Ocular use"},{"code":"20053000","display":"Oral use"},{"code":"20054000","display":"Oromucosal use"},{"code":"20055000","display":"Oropharyngeal use"},{"code":"20057000","display":"Periarticular use"},{"code":"20058000","display":"Perineural use"},{"code":"20059000","display":"Periodontal use"},{"code":"20059300","display":"Periosseous use"},{"code":"20059400","display":"Peritumoral use"},{"code":"20059500","display":"Posterior juxtascleral use"},{"code":"20061000","display":"Rectal use"},{"code":"20061500","display":"Retrobulbar use"},{"code":"20062000","display":"Route of administration not applicable"},{"code":"20063000","display":"Skin scarification"},{"code":"20065000","display":"Subconjunctival use"},{"code":"20066000","display":"Subcutaneous use"},{"code":"20067000","display":"Sublingual use"},{"code":"20067500","display":"Submucosal use"},{"code":"20070000","display":"Transdermal use"},{"code":"20071000","display":"Urethral use"},{"code":"20072000","display":"Vaginal use"},{"code":"20080000","display":"Intracerebroventricular use"},{"code":"20081000","display":"Subretinal use"},{"code":"20084000","display":"Intracorneal use"},{"code":"20086000","display":"Intraputaminal use"}]}]}}