{"resourceType":"ValueSet","id":"ch-other-characteristics-type","text":{"status":"generated","div":"<div xmlns=\"http://www.w3.org/1999/xhtml\"><p class=\"res-header-id\"><b>Generated Narrative: ValueSet ch-other-characteristics-type</b></p><a name=\"ch-other-characteristics-type\"> </a><a name=\"hcch-other-characteristics-type\"> </a><ul><li>Include all codes defined in <a href=\"CodeSystem-ch-other-characteristics-type.html\"><code>http://fhir.ch/ig/ch-epl/CodeSystem/ch-other-characteristics-type</code></a><span title=\"Version is not explicitly stated, which means it is fixed to the version provided in this specification\"> version &#x1F4E6;1.0.0</span></li></ul></div>"},"url":"http://fhir.ch/ig/ch-epl/ValueSet/ch-other-characteristics-type","version":"1.0.0","name":"ChOtherCharacteristicsTypeVS","title":"CH - Other Characteristics Type","status":"active","experimental":false,"date":"2025-12-11T12:35:50+00:00","publisher":"Federal Office of Public Health FOPH","contact":[{"name":"Federal Office of Public Health FOPH","telecom":[{"system":"url","value":"https://www.bag.admin.ch/bag/en/home/das-bag/kontakt-standort.html"}]}],"description":"Value Set for Other Characteristics","jurisdiction":[{"coding":[{"system":"urn:iso:std:iso:3166","code":"CH"}]}],"copyright":"CC0-1.0","compose":{"include":[{"system":"http://fhir.ch/ig/ch-epl/CodeSystem/ch-other-characteristics-type"}]}}