{"resourceType":"ValueSet","id":"edqm-combination-packaging","text":{"status":"generated","div":"<div xmlns=\"http://www.w3.org/1999/xhtml\"><p class=\"res-header-id\"><b>Generated Narrative: ValueSet edqm-combination-packaging</b></p><a name=\"edqm-combination-packaging\"> </a><a name=\"hcedqm-combination-packaging\"> </a><a name=\"edqm-combination-packaging-en-US\"> </a><ul><li>Include these codes as defined in <a href=\"CodeSystem-edqm-standardterms.html\"><code>http://standardterms.edqm.eu</code></a><table class=\"none\"><tr><td style=\"white-space:nowrap\"><b>Code</b></td><td><b>Display</b></td></tr><tr><td><a href=\"CodeSystem-edqm-standardterms.html#edqm-standardterms-14001000\">14001000</a></td><td>Cream + pessary</td></tr><tr><td><a href=\"CodeSystem-edqm-standardterms.html#edqm-standardterms-14002000\">14002000</a></td><td>Cutaneous solution + medicated sponge</td></tr><tr><td><a href=\"CodeSystem-edqm-standardterms.html#edqm-standardterms-14003000\">14003000</a></td><td>Gastro-resistant tablet + rectal suspension</td></tr><tr><td><a href=\"CodeSystem-edqm-standardterms.html#edqm-standardterms-14004000\">14004000</a></td><td>Vaginal capsule, soft + vaginal cream</td></tr><tr><td><a href=\"CodeSystem-edqm-standardterms.html#edqm-standardterms-14005000\">14005000</a></td><td>Vaginal cream + vaginal tablet</td></tr><tr><td><a href=\"CodeSystem-edqm-standardterms.html#edqm-standardterms-14006000\">14006000</a></td><td>Effervescent granules + film-coated tablet</td></tr><tr><td><a href=\"CodeSystem-edqm-standardterms.html#edqm-standardterms-14007000\">14007000</a></td><td>Effervescent tablet + film-coated tablet</td></tr><tr><td><a href=\"CodeSystem-edqm-standardterms.html#edqm-standardterms-14008000\">14008000</a></td><td>Tablet + vaginal tablet</td></tr><tr><td><a href=\"CodeSystem-edqm-standardterms.html#edqm-standardterms-14009000\">14009000</a></td><td>Cream + vaginal capsule, soft</td></tr><tr><td><a href=\"CodeSystem-edqm-standardterms.html#edqm-standardterms-14010000\">14010000</a></td><td>Cream + vaginal tablet</td></tr><tr><td><a href=\"CodeSystem-edqm-standardterms.html#edqm-standardterms-14011000\">14011000</a></td><td>Film-coated tablet + pessary</td></tr><tr><td><a href=\"CodeSystem-edqm-standardterms.html#edqm-standardterms-14012000\">14012000</a></td><td>Capsule, soft + tablet</td></tr><tr><td><a href=\"CodeSystem-edqm-standardterms.html#edqm-standardterms-14013000\">14013000</a></td><td>Capsule, hard + tablet</td></tr><tr><td><a href=\"CodeSystem-edqm-standardterms.html#edqm-standardterms-14014000\">14014000</a></td><td>Film-coated tablet + tablet</td></tr><tr><td><a href=\"CodeSystem-edqm-standardterms.html#edqm-standardterms-14015000\">14015000</a></td><td>Ointment + vaginal tablet</td></tr><tr><td><a href=\"CodeSystem-edqm-standardterms.html#edqm-standardterms-14016000\">14016000</a></td><td>Effervescent granules + gastro-resistant tablet</td></tr><tr><td><a href=\"CodeSystem-edqm-standardterms.html#edqm-standardterms-14017000\">14017000</a></td><td>Eye drops, solution + eye ointment</td></tr></table></li></ul></div>"},"url":"http://fhir.ch/ig/ch-epl/ValueSet/edqm-combination-packaging","identifier":[{"use":"official","system":"urn:ietf:rfc:3986","value":"urn:oid:0.4.0.127.0.16.1.1.2.5"}],"version":"1.0.0-ballot","name":"EdqmCombinationPackagingVS","title":"EDQM - Combination Packaging","status":"active","experimental":false,"date":"2025-05-22T14:35:11+00:00","publisher":"Federal Office of Public Health FOPH","contact":[{"name":"Federal Office of Public Health FOPH","telecom":[{"system":"url","value":"https://www.bag.admin.ch/bag/en/home/das-bag/kontakt-standort.html"}]}],"description":"Value Set for the Combination Packaging from EDQM used by SMC","jurisdiction":[{"coding":[{"system":"urn:iso:std:iso:3166","code":"CH"}]}],"copyright":"CC0-1.0","compose":{"include":[{"system":"http://standardterms.edqm.eu","concept":[{"code":"14001000","display":"Cream + pessary"},{"code":"14002000","display":"Cutaneous solution + medicated sponge"},{"code":"14003000","display":"Gastro-resistant tablet + rectal suspension"},{"code":"14004000","display":"Vaginal capsule, soft + vaginal cream"},{"code":"14005000","display":"Vaginal cream + vaginal tablet"},{"code":"14006000","display":"Effervescent granules + film-coated tablet"},{"code":"14007000","display":"Effervescent tablet + film-coated tablet"},{"code":"14008000","display":"Tablet + vaginal tablet"},{"code":"14009000","display":"Cream + vaginal capsule, soft"},{"code":"14010000","display":"Cream + vaginal tablet"},{"code":"14011000","display":"Film-coated tablet + pessary"},{"code":"14012000","display":"Capsule, soft + tablet"},{"code":"14013000","display":"Capsule, hard + tablet"},{"code":"14014000","display":"Film-coated tablet + tablet"},{"code":"14015000","display":"Ointment + vaginal tablet"},{"code":"14016000","display":"Effervescent granules + gastro-resistant tablet"},{"code":"14017000","display":"Eye drops, solution + eye ointment"}]}]}}