{"resourceType":"ValueSet","id":"ch-SMC-authorised-pharmaceutical-dose-form","text":{"status":"generated","div":"<div xmlns=\"http://www.w3.org/1999/xhtml\"><p class=\"res-header-id\"><b>Generated Narrative: ValueSet ch-SMC-authorised-pharmaceutical-dose-form</b></p><a name=\"ch-SMC-authorised-pharmaceutical-dose-form\"> </a><a name=\"hcch-SMC-authorised-pharmaceutical-dose-form\"> </a><a name=\"ch-SMC-authorised-pharmaceutical-dose-form-en-US\"> </a><p>This value set includes codes based on the following rules:</p><ul><li>Import all the codes that are contained in <a href=\"ValueSet-edqm-pharmaceutical-dose-form.html\">EDQM - Pharmaceutical Dose Form</a></li><li>Import all the codes that are contained in <a href=\"ValueSet-edqm-combined-pharmaceutical-dose-form.html\">EDQM - Combined Pharmaceutical Dose Form</a></li><li>Import all the codes that are contained in <a href=\"ValueSet-edqm-combined-term.html\">EDQM - Combined Term</a></li><li>Import all the codes that are contained in <a href=\"ValueSet-edqm-combination-packaging.html\">EDQM - Combination Packaging</a></li></ul></div>"},"url":"http://fhir.ch/ig/ch-epl/ValueSet/ch-SMC-authorised-pharmaceutical-dose-form","version":"1.0.0-ballot","name":"ChSMCAuthorisedPharmaceuticalDoseFormVS","title":"CH SMC - Authorised Pharmaceutical Dose Form","status":"active","experimental":false,"date":"2025-05-22T14:35:11+00:00","publisher":"Federal Office of Public Health FOPH","contact":[{"name":"Federal Office of Public Health FOPH","telecom":[{"system":"url","value":"https://www.bag.admin.ch/bag/en/home/das-bag/kontakt-standort.html"}]}],"description":"Value Set for the Authorised Pharmaceutical Dose Form from SMC used by FOPH","jurisdiction":[{"coding":[{"system":"urn:iso:std:iso:3166","code":"CH"}]}],"copyright":"CC0-1.0","compose":{"include":[{"valueSet":["http://fhir.ch/ig/ch-epl/ValueSet/edqm-pharmaceutical-dose-form"]},{"valueSet":["http://fhir.ch/ig/ch-epl/ValueSet/edqm-combined-pharmaceutical-dose-form"]},{"valueSet":["http://fhir.ch/ig/ch-epl/ValueSet/edqm-combined-term"]},{"valueSet":["http://fhir.ch/ig/ch-epl/ValueSet/edqm-combination-packaging"]}]}}