{"resourceType":"ValueSet","id":"ch-SMC-pediatric-use-indicator","text":{"status":"generated","div":"<div xmlns=\"http://www.w3.org/1999/xhtml\"><p class=\"res-header-id\"><b>Generated Narrative: ValueSet ch-SMC-pediatric-use-indicator</b></p><a name=\"ch-SMC-pediatric-use-indicator\"> </a><a name=\"hcch-SMC-pediatric-use-indicator\"> </a><a name=\"ch-SMC-pediatric-use-indicator-en-US\"> </a><ul><li>Include all codes defined in <a href=\"CodeSystem-ch-SMC-pediatric-use-indicator.html\"><code>http://fhir.ch/ig/ch-epl/CodeSystem/ch-SMC-pediatric-use-indicator</code></a></li></ul></div>"},"url":"http://fhir.ch/ig/ch-epl/ValueSet/ch-SMC-pediatric-use-indicator","version":"1.0.0-ballot","name":"ChSMCPediatricUseIndicatorVS","title":"CH SMC - Pediatric Use Indicator","status":"active","experimental":false,"date":"2025-05-22T14:35:11+00:00","publisher":"Federal Office of Public Health FOPH","contact":[{"name":"Federal Office of Public Health FOPH","telecom":[{"system":"url","value":"https://www.bag.admin.ch/bag/en/home/das-bag/kontakt-standort.html"}]}],"description":"Value Set for the Pediatric Use Indicator from SMC","jurisdiction":[{"coding":[{"system":"urn:iso:std:iso:3166","code":"CH"}]}],"copyright":"CC0-1.0","compose":{"include":[{"system":"http://fhir.ch/ig/ch-epl/CodeSystem/ch-SMC-pediatric-use-indicator"}]}}