{
  "resourceType": "CodeSystem",
  "id": "2.16.756.5.30.1.127.3.4",
  "meta": {
    "source": "http://art-decor.org/fhir/ValueSet/2.16.756.5.30.1.127.3.10.1.3--20191211092728"
  },
  "text": {
    "status": "generated",
    "div": "<div xmlns=\"http://www.w3.org/1999/xhtml\"><h2>SNOMED CT Swiss Extension</h2><div><p>Document class as per EPRO-FDHA Annex 3</p>\n</div><p><b>Copyright Statement:</b> This artefact includes content from SNOMED Clinical Terms® (SNOMED CT®) which is copyright of the International Health Terminology Standards Development Organisation (IHTSDO). Implementers of these artefacts must have the appropriate SNOMED CT Affiliate license - for more information contact http://www.snomed.org/snomed-ct/getsnomed-ct or info@snomed.org.</p><p>This code system urn:oid:2.16.756.5.30.1.127.3.4 defines the following codes:</p><table class=\"codes\"><tr><td style=\"white-space:nowrap\"><b>Code</b></td><td><b>Display</b></td><td><b>Definition</b></td></tr><tr><td style=\"white-space:nowrap\">2171000195109<a name=\"2.16.756.5.30.1.127.3.4-2171000195109\"> </a></td><td>Obstetrical Record (record artifact)</td><td/></tr><tr><td style=\"white-space:nowrap\">2161000195103<a name=\"2.16.756.5.30.1.127.3.4-2161000195103\"> </a></td><td>Imaging order (record articact)</td><td/></tr><tr><td style=\"white-space:nowrap\">1141000195107<a name=\"2.16.756.5.30.1.127.3.4-1141000195107\"> </a></td><td>Secret (qualifier value)</td><td/></tr></table></div>"
  },
  "extension": [
    {
      "url": "http://hl7.org/fhir/StructureDefinition/resource-effectivePeriod",
      "valuePeriod": {
        "start": "2019-12-11T08:27:28+01:00"
      }
    }
  ],
  "url": "urn:oid:2.16.756.5.30.1.127.3.4",
  "identifier": [
    {
      "use": "official",
      "system": "http://art-decor.org/ns/oids/vs",
      "value": "2.16.756.5.30.1.127.3.10.1.3"
    }
  ],
  "version": "2.0.2",
  "name": "SNOMEDCTSwissExtension",
  "title": "SNOMED CT Swiss Extension",
  "status": "active",
  "experimental": false,
  "date": "2020-04-15T15:50:17+02:00",
  "publisher": "HL7 Switzerland",
  "contact": [
    {
      "name": "HL7 Switzerland",
      "telecom": [
        {
          "system": "url",
          "value": "https://www.hl7.ch/"
        }
      ]
    }
  ],
  "description": "Document class as per EPRO-FDHA Annex 3",
  "jurisdiction": [
    {
      "coding": [
        {
          "system": "urn:iso:std:iso:3166",
          "code": "CH"
        }
      ]
    }
  ],
  "copyright": "This artefact includes content from SNOMED Clinical Terms® (SNOMED CT®) which is copyright of the International Health Terminology Standards Development Organisation (IHTSDO). Implementers of these artefacts must have the appropriate SNOMED CT Affiliate license - for more information contact http://www.snomed.org/snomed-ct/getsnomed-ct or info@snomed.org.",
  "content": "complete",
  "concept": [
    {
      "code": "2171000195109",
      "display": "Obstetrical Record (record artifact)",
      "designation": [
        {
          "language": "de-CH",
          "value": "Schwangerschafts-/ Geburtsbericht"
        },
        {
          "language": "fr-CH",
          "value": "Rapport de grossesse / de naissance"
        },
        {
          "language": "it-CH",
          "value": "Referto della gravidanza / del parto"
        },
        {
          "language": "rm-CH",
          "value": "Rapport da gravidanza / da naschientscha"
        },
        {
          "language": "en-US",
          "value": "Obstetrical Record"
        }
      ]
    },
    {
      "code": "2161000195103",
      "display": "Imaging order (record articact)",
      "designation": [
        {
          "language": "de-CH",
          "value": "Bildgebungsauftrag"
        },
        {
          "language": "fr-CH",
          "value": "Mandat d’imagerie"
        },
        {
          "language": "it-CH",
          "value": "Richiesta di immaginografia"
        },
        {
          "language": "rm-CH",
          "value": "Incumbensa da far in maletg"
        },
        {
          "language": "en-US",
          "value": "Imaging Order"
        }
      ]
    },
    {
      "code": "1141000195107",
      "display": "Secret (qualifier value)",
      "designation": [
        {
          "language": "de-CH",
          "value": "Geheim"
        },
        {
          "language": "fr-CH",
          "value": "Confidentiel"
        },
        {
          "language": "it-CH",
          "value": "Segreto"
        },
        {
          "language": "en-US",
          "value": "Secret"
        },
        {
          "language": "rm-CH",
          "value": "Secret"
        }
      ]
    }
  ]
}