{
  "resourceType" : "Bundle",
  "id" : "RDB04",
  "meta" : {
    "profile" : ["http://fhir.ch/ig/ch-vacd/StructureDefinition/ch-vacd-document-vaccination-record"]
  },
  "identifier" : {
    "system" : "urn:ietf:rfc:3986",
    "value" : "urn:uuid:RDB04"
  },
  "type" : "document",
  "timestamp" : "2021-10-28T14:00:00.390+02:00",
  "entry" : [{
    "fullUrl" : "http://test.fhir.ch/r4/Composition/RDB04-Composition",
    "resource" : {
      "resourceType" : "Composition",
      "id" : "RDB04-Composition",
      "meta" : {
        "profile" : ["http://fhir.ch/ig/ch-vacd/StructureDefinition/ch-vacd-composition-vaccination-record"]
      },
      "language" : "en-US",
      "text" : {
        "status" : "generated",
        "div" : "<div xmlns=\"http://www.w3.org/1999/xhtml\" xml:lang=\"en-US\" lang=\"en-US\"><h3>Vaccination Record</h3><p><b>Id: </b>RDB04-Composition</p><p><b>Identifier: </b><span>urn:ietf:rfc:3986#urn:uuid:f9a26a92-662e-4601-b1ae-183c8f19d3e2</span></p><p><b>Status: </b>Final</p><p><b>Code: </b><span>Immunization record (http://snomed.info/sct#41000179103)</span></p><p><b>Patient: </b><a href=\"Patient-TC-patient.html\">Patient/TC-patient</a> Wegmueller Monika</p><p><b>Date: </b>October 28, 2021</p><p><b>Authors:</b></p><table><tr><td><p><a href=\"Patient-TC-patient.html\">Patient/TC-patient</a> Wegmueller Monika</p></td></tr></table><p><b>Confidentiality: </b>null<span> Normal (qualifier value) (http://snomed.info/sct#17621005)</span></p><p><b>Sections:</b></p><table><tr><td>Immunization Administration</td></tr><tr><td>Laboratory-Serology</td></tr></table></div>"
      },
      "identifier" : {
        "system" : "urn:ietf:rfc:3986",
        "value" : "urn:uuid:f9a26a92-662e-4601-b1ae-183c8f19d3e2"
      },
      "status" : "final",
      "type" : {
        "coding" : [{
          "system" : "http://snomed.info/sct",
          "code" : "41000179103",
          "display" : "Immunization record"
        }]
      },
      "category" : [{
        "coding" : [{
          "system" : "urn:oid:2.16.756.5.30.1.127.3.10.10",
          "code" : "urn:che:epr:ch-vacd:vaccination-record:2022"
        }]
      }],
      "subject" : {
        "reference" : "Patient/TC-patient"
      },
      "date" : "2021-10-28T14:00:00.390+02:00",
      "author" : [{
        "reference" : "Patient/TC-patient"
      }],
      "title" : "Vaccination Record",
      "confidentiality" : "N",
      "_confidentiality" : {
        "extension" : [{
          "url" : "http://fhir.ch/ig/ch-core/StructureDefinition/ch-ext-epr-confidentialitycode",
          "valueCodeableConcept" : {
            "coding" : [{
              "system" : "http://snomed.info/sct",
              "code" : "17621005",
              "display" : "Normal (qualifier value)"
            }]
          }
        }]
      },
      "custodian" : {
        "reference" : "Organization/TC-ORG1"
      },
      "section" : [{
        "id" : "administration",
        "title" : "Immunization Administration",
        "code" : {
          "coding" : [{
            "system" : "http://loinc.org",
            "code" : "11369-6",
            "display" : "Hx of Immunization"
          }]
        },
        "text" : {
          "status" : "generated",
          "div" : "<div xmlns=\"http://www.w3.org/1999/xhtml\" xml:lang=\"en-US\" lang=\"en-US\"><p><b>Code: </b><span>Hx of Immunization (http://loinc.org#11369-6)</span></p><p><b>Entries:</b></p><table><tr><td><a href=\"Immunization-TCB01-IMMUN1.html\">Immunization/TCB01-IMMUN1</a></td></tr><tr><td><a href=\"Immunization-TCB01-IMMUN2.html\">Immunization/TCB01-IMMUN2</a></td></tr></table></div>"
        },
        "entry" : [{
          "reference" : "Immunization/TCB01-IMMUN1"
        },
        {
          "reference" : "Immunization/TCB01-IMMUN2"
        }]
      },
      {
        "id" : "laboratory-serology",
        "title" : "Laboratory-Serology",
        "code" : {
          "coding" : [{
            "system" : "http://loinc.org",
            "code" : "18727-8",
            "display" : "Serology studies (set)"
          }]
        },
        "text" : {
          "status" : "generated",
          "div" : "<div xmlns=\"http://www.w3.org/1999/xhtml\" xml:lang=\"en-US\" lang=\"en-US\"><p><b>Code: </b><span>Serology studies (set) (http://loinc.org#18727-8)</span></p><p><b>Entries:</b></p><table><tr><td><a href=\"Observation-TCB04-LABRES1.html\">Observation/TCB04-LABRES1</a></td></tr></table></div>"
        },
        "entry" : [{
          "reference" : "Observation/TCB04-LABRES1"
        }]
      }]
    }
  },
  {
    "fullUrl" : "http://test.fhir.ch/r4/Patient/TC-patient",
    "resource" : {
      "resourceType" : "Patient",
      "id" : "TC-patient",
      "meta" : {
        "profile" : ["http://fhir.ch/ig/ch-core/StructureDefinition/ch-core-patient-epr"]
      },
      "text" : {
        "status" : "generated",
        "div" : "<div xmlns=\"http://www.w3.org/1999/xhtml\"><a name=\"Patient_TC-patient\"> </a><p><b>Generated Narrative: Patient</b><a name=\"TC-patient\"> </a><a name=\"hcTC-patient\"> </a></p><div style=\"display: inline-block; background-color: #d9e0e7; padding: 6px; margin: 4px; border: 1px solid #8da1b4; border-radius: 5px; line-height: 60%\"><p style=\"margin-bottom: 0px\">ResourcePatient &quot;TC-patient&quot; </p><p style=\"margin-bottom: 0px\">Profile: <a href=\"http://fhir.ch/ig/ch-core/5.0.0-ballot/StructureDefinition-ch-core-patient-epr.html\">CH Core Patient EPR</a></p></div><p><b>identifier</b>: Medical record number/12345678</p><p><b>name</b>: Monika Wegmueller </p><p><b>telecom</b>: ph: tel:+41.32.685.12.34(HOME)</p><p><b>gender</b>: female</p><p><b>birthDate</b>: 1967-02-10</p><p><b>address</b>: Leidensweg 10 Specimendorf 9876 CH </p></div>"
      },
      "identifier" : [{
        "type" : {
          "coding" : [{
            "system" : "http://terminology.hl7.org/CodeSystem/v2-0203",
            "code" : "MR"
          }]
        },
        "system" : "urn:oid:1.2.3.4",
        "value" : "12345678"
      }],
      "name" : [{
        "family" : "Wegmueller",
        "given" : ["Monika"]
      }],
      "telecom" : [{
        "system" : "phone",
        "value" : "tel:+41.32.685.12.34",
        "use" : "home"
      }],
      "gender" : "female",
      "birthDate" : "1967-02-10",
      "address" : [{
        "type" : "both",
        "line" : ["Leidensweg 10"],
        "city" : "Specimendorf",
        "postalCode" : "9876",
        "country" : "CH"
      }]
    }
  },
  {
    "fullUrl" : "http://test.fhir.ch/r4/Practitioner/TC-HCP1-C1",
    "resource" : {
      "resourceType" : "Practitioner",
      "id" : "TC-HCP1-C1",
      "meta" : {
        "profile" : ["http://fhir.ch/ig/ch-core/StructureDefinition/ch-core-practitioner-epr"]
      },
      "text" : {
        "status" : "generated",
        "div" : "<div xmlns=\"http://www.w3.org/1999/xhtml\"><a name=\"Practitioner_TC-HCP1-C1\"> </a><p><b>Generated Narrative: Practitioner</b><a name=\"TC-HCP1-C1\"> </a><a name=\"hcTC-HCP1-C1\"> </a></p><div style=\"display: inline-block; background-color: #d9e0e7; padding: 6px; margin: 4px; border: 1px solid #8da1b4; border-radius: 5px; line-height: 60%\"><p style=\"margin-bottom: 0px\">ResourcePractitioner &quot;TC-HCP1-C1&quot; </p><p style=\"margin-bottom: 0px\">Profile: <a href=\"http://fhir.ch/ig/ch-core/5.0.0-ballot/StructureDefinition-ch-core-practitioner-epr.html\">CH Core Practitioner EPR</a></p></div><p><b>identifier</b>: <a href=\"https://www.gs1.org/standards/id-keys/gln\" title=\"Global Location Number\">GLN</a>/7601888888884</p><p><b>active</b>: true</p><p><b>name</b>: Peter Müller </p><p><b>telecom</b>: ph: tel:+41.32.234.55.66(WORK), fax: fax:+41.32.234.55.67(WORK), <a href=\"mailto:mailto:allzeit.bereit@gruppenpraxis.ch\">mailto:allzeit.bereit@gruppenpraxis.ch</a>, <a href=\"http://www.gruppenpraxis.ch\">http://www.gruppenpraxis.ch</a></p><p><b>address</b>: Grabenstrasse 2 Zürich 8005 CH </p></div>"
      },
      "identifier" : [{
        "system" : "urn:oid:2.51.1.3",
        "value" : "7601888888884"
      }],
      "active" : true,
      "name" : [{
        "family" : "Müller",
        "given" : ["Peter"],
        "prefix" : ["Dr. med."]
      }],
      "telecom" : [{
        "system" : "phone",
        "value" : "tel:+41.32.234.55.66",
        "use" : "work"
      },
      {
        "system" : "fax",
        "value" : "fax:+41.32.234.55.67",
        "use" : "work"
      },
      {
        "system" : "email",
        "value" : "mailto:allzeit.bereit@gruppenpraxis.ch",
        "use" : "work"
      },
      {
        "system" : "url",
        "value" : "http://www.gruppenpraxis.ch",
        "use" : "work"
      }],
      "address" : [{
        "type" : "physical",
        "line" : ["Grabenstrasse 2"],
        "city" : "Zürich",
        "postalCode" : "8005",
        "country" : "CH"
      }]
    }
  },
  {
    "fullUrl" : "http://test.fhir.ch/r4/Organization/TC-ORG1",
    "resource" : {
      "resourceType" : "Organization",
      "id" : "TC-ORG1",
      "meta" : {
        "profile" : ["http://fhir.ch/ig/ch-core/StructureDefinition/ch-core-organization-epr"]
      },
      "text" : {
        "status" : "generated",
        "div" : "<div xmlns=\"http://www.w3.org/1999/xhtml\"><a name=\"Organization_TC-ORG1\"> </a><p><b>Generated Narrative: Organization</b><a name=\"TC-ORG1\"> </a><a name=\"hcTC-ORG1\"> </a></p><div style=\"display: inline-block; background-color: #d9e0e7; padding: 6px; margin: 4px; border: 1px solid #8da1b4; border-radius: 5px; line-height: 60%\"><p style=\"margin-bottom: 0px\">ResourceOrganization &quot;TC-ORG1&quot; </p><p style=\"margin-bottom: 0px\">Profile: <a href=\"http://fhir.ch/ig/ch-core/5.0.0-ballot/StructureDefinition-ch-core-organization-epr.html\">CH Core Organization EPR</a></p></div><p><b>identifier</b>: <a href=\"https://www.gs1.org/standards/id-keys/gln\" title=\"Global Location Number\">GLN</a>/7601777777718</p><p><b>name</b>: Gruppenpraxis Müller</p><p><b>telecom</b>: ph: tel:+41.32.234.55.66(WORK), fax: fax:+41.32.234.55.67(WORK), <a href=\"mailto:mailto:bereit@gruppenpraxis.ch\">mailto:bereit@gruppenpraxis.ch</a>, <a href=\"http://www.gruppenpraxis.ch\">http://www.gruppenpraxis.ch</a></p><p><b>address</b>: Grabenstrasse 2 Zürich ZH 8005 CH </p></div>"
      },
      "identifier" : [{
        "system" : "urn:oid:2.51.1.3",
        "value" : "7601777777718"
      }],
      "name" : "Gruppenpraxis Müller",
      "telecom" : [{
        "system" : "phone",
        "value" : "tel:+41.32.234.55.66",
        "use" : "work"
      },
      {
        "system" : "fax",
        "value" : "fax:+41.32.234.55.67",
        "use" : "work"
      },
      {
        "system" : "email",
        "value" : "mailto:bereit@gruppenpraxis.ch",
        "use" : "work"
      },
      {
        "system" : "url",
        "value" : "http://www.gruppenpraxis.ch",
        "use" : "work"
      }],
      "address" : [{
        "line" : ["Grabenstrasse 2"],
        "city" : "Zürich",
        "state" : "ZH",
        "postalCode" : "8005",
        "country" : "CH"
      }]
    }
  },
  {
    "fullUrl" : "http://test.fhir.ch/r4/PractitionerRole/TC-HCP1-ORG1-ROLE-performer",
    "resource" : {
      "resourceType" : "PractitionerRole",
      "id" : "TC-HCP1-ORG1-ROLE-performer",
      "meta" : {
        "profile" : ["http://fhir.ch/ig/ch-core/StructureDefinition/ch-core-practitionerrole-epr"]
      },
      "text" : {
        "status" : "generated",
        "div" : "<div xmlns=\"http://www.w3.org/1999/xhtml\"><a name=\"PractitionerRole_TC-HCP1-ORG1-ROLE-performer\"> </a><p><b>Generated Narrative: PractitionerRole</b><a name=\"TC-HCP1-ORG1-ROLE-performer\"> </a><a name=\"hcTC-HCP1-ORG1-ROLE-performer\"> </a></p><div style=\"display: inline-block; background-color: #d9e0e7; padding: 6px; margin: 4px; border: 1px solid #8da1b4; border-radius: 5px; line-height: 60%\"><p style=\"margin-bottom: 0px\">ResourcePractitionerRole &quot;TC-HCP1-ORG1-ROLE-performer&quot; </p><p style=\"margin-bottom: 0px\">Profile: <a href=\"http://fhir.ch/ig/ch-core/5.0.0-ballot/StructureDefinition-ch-core-practitionerrole-epr.html\">CH Core PractitionerRole EPR</a></p></div><p><b>active</b>: true</p><p><b>practitioner</b>: See on this page: Practitioner/TC-HCP1-C1</p><p><b>organization</b>: See on this page: Organization/TC-ORG1</p></div>"
      },
      "active" : true,
      "practitioner" : {
        "reference" : "Practitioner/TC-HCP1-C1"
      },
      "organization" : {
        "reference" : "Organization/TC-ORG1"
      }
    }
  },
  {
    "fullUrl" : "http://test.fhir.ch/r4/PractitionerRole/TC-HCP1-ORG1-ROLE-author",
    "resource" : {
      "resourceType" : "PractitionerRole",
      "id" : "TC-HCP1-ORG1-ROLE-author",
      "meta" : {
        "profile" : ["http://fhir.ch/ig/ch-core/StructureDefinition/ch-core-practitionerrole-epr"]
      },
      "text" : {
        "status" : "generated",
        "div" : "<div xmlns=\"http://www.w3.org/1999/xhtml\"><a name=\"PractitionerRole_TC-HCP1-ORG1-ROLE-author\"> </a><p><b>Generated Narrative: PractitionerRole</b><a name=\"TC-HCP1-ORG1-ROLE-author\"> </a><a name=\"hcTC-HCP1-ORG1-ROLE-author\"> </a></p><div style=\"display: inline-block; background-color: #d9e0e7; padding: 6px; margin: 4px; border: 1px solid #8da1b4; border-radius: 5px; line-height: 60%\"><p style=\"margin-bottom: 0px\">ResourcePractitionerRole &quot;TC-HCP1-ORG1-ROLE-author&quot; </p><p style=\"margin-bottom: 0px\">Profile: <a href=\"http://fhir.ch/ig/ch-core/5.0.0-ballot/StructureDefinition-ch-core-practitionerrole-epr.html\">CH Core PractitionerRole EPR</a></p></div><p><b>active</b>: true</p><p><b>practitioner</b>: See on this page: Practitioner/TC-HCP1-C1</p><p><b>organization</b>: See on this page: Organization/TC-ORG1</p></div>"
      },
      "active" : true,
      "practitioner" : {
        "reference" : "Practitioner/TC-HCP1-C1"
      },
      "organization" : {
        "reference" : "Organization/TC-ORG1"
      }
    }
  },
  {
    "fullUrl" : "http://test.fhir.ch/r4/Organization/TC-ORG3",
    "resource" : {
      "resourceType" : "Organization",
      "id" : "TC-ORG3",
      "meta" : {
        "profile" : ["http://fhir.ch/ig/ch-core/StructureDefinition/ch-core-organization"]
      },
      "text" : {
        "status" : "generated",
        "div" : "<div xmlns=\"http://www.w3.org/1999/xhtml\"><a name=\"Organization_TC-ORG3\"> </a><p><b>Generated Narrative: Organization</b><a name=\"TC-ORG3\"> </a><a name=\"hcTC-ORG3\"> </a></p><div style=\"display: inline-block; background-color: #d9e0e7; padding: 6px; margin: 4px; border: 1px solid #8da1b4; border-radius: 5px; line-height: 60%\"><p style=\"margin-bottom: 0px\">ResourceOrganization &quot;TC-ORG3&quot; </p><p style=\"margin-bottom: 0px\">Profile: <a href=\"http://fhir.ch/ig/ch-core/5.0.0-ballot/StructureDefinition-ch-core-organization.html\">CH Core Organization</a></p></div><p><b>identifier</b>: <a href=\"https://www.gs1.org/standards/id-keys/gln\" title=\"Global Location Number\">GLN</a>/7601999999981</p><p><b>name</b>: Labor Wir Messen Alles</p><p><b>telecom</b>: ph: tel:+41.56.299.55.22(WORK), <a href=\"mailto:mailto:resultate@labor-messenalles.ch\">mailto:resultate@labor-messenalles.ch</a>, <a href=\"http://www.labor-messenalles.ch\">http://www.labor-messenalles.ch</a></p><p><b>address</b>: Messweg 1 Wissen ZG 6310 CH </p></div>"
      },
      "identifier" : [{
        "system" : "urn:oid:2.51.1.3",
        "value" : "7601999999981"
      }],
      "name" : "Labor Wir Messen Alles",
      "telecom" : [{
        "system" : "phone",
        "value" : "tel:+41.56.299.55.22",
        "use" : "work"
      },
      {
        "system" : "email",
        "value" : "mailto:resultate@labor-messenalles.ch",
        "use" : "work"
      },
      {
        "system" : "url",
        "value" : "http://www.labor-messenalles.ch",
        "use" : "work"
      }],
      "address" : [{
        "line" : ["Messweg 1"],
        "city" : "Wissen",
        "state" : "ZG",
        "postalCode" : "6310",
        "country" : "CH"
      }]
    }
  },
  {
    "fullUrl" : "http://test.fhir.ch/r4/Immunization/TCB01-IMMUN1",
    "resource" : {
      "resourceType" : "Immunization",
      "id" : "TCB01-IMMUN1",
      "meta" : {
        "profile" : ["http://fhir.ch/ig/ch-vacd/StructureDefinition/ch-vacd-immunization"]
      },
      "text" : {
        "status" : "extensions",
        "div" : "<div xmlns=\"http://www.w3.org/1999/xhtml\"><a name=\"Immunization_TCB01-IMMUN1\"> </a><p><b>Generated Narrative: Immunization</b><a name=\"TCB01-IMMUN1\"> </a><a name=\"hcTCB01-IMMUN1\"> </a></p><div style=\"display: inline-block; background-color: #d9e0e7; padding: 6px; margin: 4px; border: 1px solid #8da1b4; border-radius: 5px; line-height: 60%\"><p style=\"margin-bottom: 0px\">ResourceImmunization &quot;TCB01-IMMUN1&quot; </p><p style=\"margin-bottom: 0px\">Profile: <a href=\"StructureDefinition-ch-vacd-immunization.html\">CH VACD Immunization</a></p></div><p><b>Author of the content</b>: See on this page: PractitionerRole/TC-HCP1-ORG1-ROLE-author</p><p><b>CH VACD Extension Immunization Medication Reference</b>: See on this page: Medication/TC-IMMUN-MEDIC-FSMEIMMCC</p><p><b>identifier</b>: <code>urn:oid:2.16.756.5.30.1.402.1.3.1.1.1</code>/urn:uuid:4386ca26-6866-4322-a203-b488b84ab499</p><p><b>status</b>: completed</p><p><b>vaccineCode</b>: FSME-Immun CC <span style=\"background: LightGoldenRodYellow; margin: 4px; border: 1px solid khaki\"> (<a href=\"http://fhir.ch/ig/ch-term/3.0.0/CodeSystem-ch-vacd-swissmedic-cs.html\">CH VACD Swissmedic Authorized Vaccines</a>#450)</span></p><p><b>patient</b>: See on this page: Patient/TC-patient</p><p><b>occurrence</b>: 2021-06-22</p><p><b>recorded</b>: 2021-06-22 11:00:00+0200</p><p><b>lotNumber</b>: 12-34244</p><p><b>route</b>: Intramuscular use <span style=\"background: LightGoldenRodYellow; margin: 4px; border: 1px solid khaki\"> (standardterms.edqm.eu#20035000)</span></p><h3>Performers</h3><table class=\"grid\"><tr><td style=\"display: none\">-</td><td><b>Actor</b></td></tr><tr><td style=\"display: none\">*</td><td>See on this page: PractitionerRole/TC-HCP1-ORG1-ROLE-performer</td></tr></table><h3>ProtocolApplieds</h3><table class=\"grid\"><tr><td style=\"display: none\">-</td><td><b>TargetDisease</b></td><td><b>DoseNumber[x]</b></td></tr><tr><td style=\"display: none\">*</td><td>Tickborne encephalitis <span style=\"background: LightGoldenRodYellow; margin: 4px; border: 1px solid khaki\"> (<a href=\"https://browser.ihtsdotools.org/\">SNOWMED CT</a>#712986001)</span></td><td>1</td></tr></table></div>"
      },
      "extension" : [{
        "url" : "http://fhir.ch/ig/ch-core/StructureDefinition/ch-ext-author",
        "valueReference" : {
          "reference" : "PractitionerRole/TC-HCP1-ORG1-ROLE-author"
        }
      },
      {
        "url" : "http://fhir.ch/ig/ch-vacd/StructureDefinition/ch-vacd-ext-immunization-medication-reference",
        "valueReference" : {
          "reference" : "Medication/TC-IMMUN-MEDIC-FSMEIMMCC"
        }
      }],
      "identifier" : [{
        "system" : "urn:oid:2.16.756.5.30.1.402.1.3.1.1.1",
        "value" : "urn:uuid:4386ca26-6866-4322-a203-b488b84ab499"
      }],
      "status" : "completed",
      "vaccineCode" : {
        "coding" : [{
          "system" : "http://fhir.ch/ig/ch-vacd/CodeSystem/ch-vacd-swissmedic-cs",
          "code" : "450",
          "display" : "FSME-Immun CC"
        }]
      },
      "patient" : {
        "reference" : "Patient/TC-patient"
      },
      "occurrenceDateTime" : "2021-06-22",
      "recorded" : "2021-06-22T11:00:00.390+02:00",
      "lotNumber" : "12-34244",
      "route" : {
        "coding" : [{
          "system" : "http://standardterms.edqm.eu",
          "code" : "20035000",
          "display" : "Intramuscular use"
        }]
      },
      "performer" : [{
        "actor" : {
          "reference" : "PractitionerRole/TC-HCP1-ORG1-ROLE-performer"
        }
      }],
      "protocolApplied" : [{
        "targetDisease" : [{
          "coding" : [{
            "system" : "http://snomed.info/sct",
            "code" : "712986001",
            "display" : "Tickborne encephalitis"
          }]
        }],
        "doseNumberPositiveInt" : 1
      }]
    }
  },
  {
    "fullUrl" : "http://test.fhir.ch/r4/Medication/TC-IMMUN-MEDIC-FSMEIMMCC",
    "resource" : {
      "resourceType" : "Medication",
      "id" : "TC-IMMUN-MEDIC-FSMEIMMCC",
      "meta" : {
        "profile" : ["http://fhir.ch/ig/ch-vacd/StructureDefinition/ch-vacd-medication-for-immunization"]
      },
      "text" : {
        "status" : "generated",
        "div" : "<div xmlns=\"http://www.w3.org/1999/xhtml\"><a name=\"Medication_TC-IMMUN-MEDIC-FSMEIMMCC\"> </a><p><b>Generated Narrative: Medication</b><a name=\"TC-IMMUN-MEDIC-FSMEIMMCC\"> </a><a name=\"hcTC-IMMUN-MEDIC-FSMEIMMCC\"> </a></p><div style=\"display: inline-block; background-color: #d9e0e7; padding: 6px; margin: 4px; border: 1px solid #8da1b4; border-radius: 5px; line-height: 60%\"><p style=\"margin-bottom: 0px\">ResourceMedication &quot;TC-IMMUN-MEDIC-FSMEIMMCC&quot; </p><p style=\"margin-bottom: 0px\">Profile: <a href=\"StructureDefinition-ch-vacd-medication-for-immunization.html\">CH VACD Medication For Immunization</a></p></div><p><b>identifier</b>: <code>urn:oid:2.16.756.5.30.1.402.1.3.1.1.1</code>/01194ac7-70ad-4259-b5f4-c5ff0c1b40c5</p><p><b>code</b>: FSME-IMMUN CC Inj Susp sep Nadel <span style=\"background: LightGoldenRodYellow; margin: 4px; border: 1px solid khaki\"> (unknown#7680004500039)</span></p><p><b>status</b>: active</p><p><b>manufacturer</b>: See on this page: Organization/TC-ORG-PFIZER</p><p><b>form</b>: Suspension for injection <span style=\"background: LightGoldenRodYellow; margin: 4px; border: 1px solid khaki\"> (<a href=\"http://fhir.ch/ig/ch-term/3.0.0/CodeSystem-edqm-standardterms.html\">EDQM - Standard Terms</a>#11202000)</span></p><p><b>amount</b>: 0.5 milliliter<span style=\"background: LightGoldenRodYellow\"> (Details: UCUM code mL = 'mL')</span>/1 Syringe (unit of presentation)<span style=\"background: LightGoldenRodYellow\"> (Details: SNOWMED CT code 733020007 = 'Syringe')</span></p><h3>Ingredients</h3><table class=\"grid\"><tr><td style=\"display: none\">-</td><td><b>Item[x]</b></td></tr><tr><td style=\"display: none\">*</td><td>Immunologic substance (substance) <span style=\"background: LightGoldenRodYellow; margin: 4px; border: 1px solid khaki\"> (<a href=\"https://browser.ihtsdotools.org/\">SNOWMED CT</a>#106181007)</span></td></tr></table><h3>Batches</h3><table class=\"grid\"><tr><td style=\"display: none\">-</td><td><b>LotNumber</b></td></tr><tr><td style=\"display: none\">*</td><td>VNR1T10C</td></tr></table></div>"
      },
      "identifier" : [{
        "system" : "urn:oid:2.16.756.5.30.1.402.1.3.1.1.1",
        "value" : "01194ac7-70ad-4259-b5f4-c5ff0c1b40c5"
      }],
      "code" : {
        "coding" : [{
          "system" : "urn:oid:2.51.1.1",
          "code" : "7680004500039",
          "display" : "FSME-IMMUN CC Inj Susp sep Nadel"
        }],
        "text" : "FSME-IMMUN CC Inj Susp sep Nadel"
      },
      "status" : "active",
      "manufacturer" : {
        "reference" : "Organization/TC-ORG-PFIZER"
      },
      "form" : {
        "coding" : [{
          "system" : "urn:oid:0.4.0.127.0.16.1.1.2.1",
          "code" : "11202000",
          "display" : "Suspension for injection"
        }]
      },
      "amount" : {
        "numerator" : {
          "value" : 0.5,
          "unit" : "milliliter",
          "system" : "http://unitsofmeasure.org",
          "code" : "mL"
        },
        "denominator" : {
          "value" : 1,
          "unit" : "Syringe (unit of presentation)",
          "system" : "http://snomed.info/sct",
          "code" : "733020007"
        }
      },
      "ingredient" : [{
        "itemCodeableConcept" : {
          "coding" : [{
            "system" : "http://snomed.info/sct",
            "code" : "106181007",
            "display" : "Immunologic substance (substance)"
          }],
          "text" : "Immunologic substance (substance)"
        }
      }],
      "batch" : {
        "lotNumber" : "VNR1T10C"
      }
    }
  },
  {
    "fullUrl" : "http://test.fhir.ch/r4/Organization/TC-ORG-PFIZER",
    "resource" : {
      "resourceType" : "Organization",
      "id" : "TC-ORG-PFIZER",
      "meta" : {
        "profile" : ["http://fhir.ch/ig/ch-core/StructureDefinition/ch-core-organization"]
      },
      "text" : {
        "status" : "generated",
        "div" : "<div xmlns=\"http://www.w3.org/1999/xhtml\"><a name=\"Organization_TC-ORG-PFIZER\"> </a><p><b>Generated Narrative: Organization</b><a name=\"TC-ORG-PFIZER\"> </a><a name=\"hcTC-ORG-PFIZER\"> </a></p><div style=\"display: inline-block; background-color: #d9e0e7; padding: 6px; margin: 4px; border: 1px solid #8da1b4; border-radius: 5px; line-height: 60%\"><p style=\"margin-bottom: 0px\">ResourceOrganization &quot;TC-ORG-PFIZER&quot; </p><p style=\"margin-bottom: 0px\">Profile: <a href=\"http://fhir.ch/ig/ch-core/5.0.0-ballot/StructureDefinition-ch-core-organization.html\">CH Core Organization</a></p></div><p><b>identifier</b>: <a href=\"https://www.gs1.org/standards/id-keys/gln\" title=\"Global Location Number\">GLN</a>/7601001010604</p><p><b>name</b>: Pfizer AG</p><p><b>telecom</b>: ph: tel:+41 800 562 825(WORK), fax: fax:+41 44 583 07 00(WORK), <a href=\"mailto:mailto:customer.ch@pfizer.com\">mailto:customer.ch@pfizer.com</a>, <a href=\"https://www.pfizer.ch\">https://www.pfizer.ch</a></p><p><b>address</b>: Schärenmoosstrasse 99 Postfach Zürich ZH 8052 CH </p></div>"
      },
      "identifier" : [{
        "system" : "urn:oid:2.51.1.3",
        "value" : "7601001010604"
      }],
      "name" : "Pfizer AG",
      "telecom" : [{
        "system" : "phone",
        "value" : "tel:+41 800 562 825",
        "use" : "work"
      },
      {
        "system" : "fax",
        "value" : "fax:+41 44 583 07 00",
        "use" : "work"
      },
      {
        "system" : "email",
        "value" : "mailto:customer.ch@pfizer.com",
        "use" : "work"
      },
      {
        "system" : "url",
        "value" : "https://www.pfizer.ch",
        "use" : "work"
      }],
      "address" : [{
        "line" : ["Schärenmoosstrasse 99",
        "Postfach"],
        "city" : "Zürich",
        "state" : "ZH",
        "postalCode" : "8052",
        "country" : "CH"
      }]
    }
  },
  {
    "fullUrl" : "http://test.fhir.ch/r4/Immunization/TCB01-IMMUN2",
    "resource" : {
      "resourceType" : "Immunization",
      "id" : "TCB01-IMMUN2",
      "meta" : {
        "profile" : ["http://fhir.ch/ig/ch-vacd/StructureDefinition/ch-vacd-immunization"]
      },
      "text" : {
        "status" : "extensions",
        "div" : "<div xmlns=\"http://www.w3.org/1999/xhtml\"><a name=\"Immunization_TCB01-IMMUN2\"> </a><p><b>Generated Narrative: Immunization</b><a name=\"TCB01-IMMUN2\"> </a><a name=\"hcTCB01-IMMUN2\"> </a></p><div style=\"display: inline-block; background-color: #d9e0e7; padding: 6px; margin: 4px; border: 1px solid #8da1b4; border-radius: 5px; line-height: 60%\"><p style=\"margin-bottom: 0px\">ResourceImmunization &quot;TCB01-IMMUN2&quot; </p><p style=\"margin-bottom: 0px\">Profile: <a href=\"StructureDefinition-ch-vacd-immunization.html\">CH VACD Immunization</a></p></div><p><b>Author of the content</b>: See on this page: PractitionerRole/TC-HCP1-ORG1-ROLE-author</p><p><b>CH VACD Extension Immunization Medication Reference</b>: See on this page: Medication/TC-IMMUN-MEDIC-BOOSTRIX</p><p><b>identifier</b>: <code>urn:oid:2.16.756.5.30.1.402.1.3.1.1.1</code>/urn:uuid:ebcf6de2-ed9c-463c-8b08-cb487af8ce4e</p><p><b>status</b>: completed</p><p><b>vaccineCode</b>: Boostrix <span style=\"background: LightGoldenRodYellow; margin: 4px; border: 1px solid khaki\"> (<a href=\"http://fhir.ch/ig/ch-term/3.0.0/CodeSystem-ch-vacd-swissmedic-cs.html\">CH VACD Swissmedic Authorized Vaccines</a>#637)</span></p><p><b>patient</b>: See on this page: Patient/TC-patient</p><p><b>occurrence</b>: 2020-12-09</p><p><b>recorded</b>: 2020-12-09 11:00:00+0200</p><p><b>lotNumber</b>: AHAVB946A</p><p><b>route</b>: Intramuscular use <span style=\"background: LightGoldenRodYellow; margin: 4px; border: 1px solid khaki\"> (standardterms.edqm.eu#20035000)</span></p><h3>Performers</h3><table class=\"grid\"><tr><td style=\"display: none\">-</td><td><b>Actor</b></td></tr><tr><td style=\"display: none\">*</td><td>See on this page: PractitionerRole/TC-HCP1-ORG1-ROLE-performer</td></tr></table><h3>ProtocolApplieds</h3><table class=\"grid\"><tr><td style=\"display: none\">-</td><td><b>TargetDisease</b></td><td><b>DoseNumber[x]</b></td></tr><tr><td style=\"display: none\">*</td><td>Tetanus (disorder) <span style=\"background: LightGoldenRodYellow; margin: 4px; border: 1px solid khaki\"> (<a href=\"https://browser.ihtsdotools.org/\">SNOWMED CT</a>#76902006)</span>, Pertussis (disorder) <span style=\"background: LightGoldenRodYellow; margin: 4px; border: 1px solid khaki\"> (<a href=\"https://browser.ihtsdotools.org/\">SNOWMED CT</a>#27836007)</span>, Diphtheria caused by Corynebacterium diphtheriae (disorder) <span style=\"background: LightGoldenRodYellow; margin: 4px; border: 1px solid khaki\"> (<a href=\"https://browser.ihtsdotools.org/\">SNOWMED CT</a>#397430003)</span></td><td>1</td></tr></table></div>"
      },
      "extension" : [{
        "url" : "http://fhir.ch/ig/ch-core/StructureDefinition/ch-ext-author",
        "valueReference" : {
          "reference" : "PractitionerRole/TC-HCP1-ORG1-ROLE-author"
        }
      },
      {
        "url" : "http://fhir.ch/ig/ch-vacd/StructureDefinition/ch-vacd-ext-immunization-medication-reference",
        "valueReference" : {
          "reference" : "Medication/TC-IMMUN-MEDIC-BOOSTRIX"
        }
      }],
      "identifier" : [{
        "system" : "urn:oid:2.16.756.5.30.1.402.1.3.1.1.1",
        "value" : "urn:uuid:ebcf6de2-ed9c-463c-8b08-cb487af8ce4e"
      }],
      "status" : "completed",
      "vaccineCode" : {
        "coding" : [{
          "system" : "http://fhir.ch/ig/ch-vacd/CodeSystem/ch-vacd-swissmedic-cs",
          "code" : "637",
          "display" : "Boostrix"
        }]
      },
      "patient" : {
        "reference" : "Patient/TC-patient"
      },
      "occurrenceDateTime" : "2020-12-09",
      "recorded" : "2020-12-09T11:00:00.390+02:00",
      "lotNumber" : "AHAVB946A",
      "route" : {
        "coding" : [{
          "system" : "http://standardterms.edqm.eu",
          "code" : "20035000",
          "display" : "Intramuscular use"
        }]
      },
      "performer" : [{
        "actor" : {
          "reference" : "PractitionerRole/TC-HCP1-ORG1-ROLE-performer"
        }
      }],
      "protocolApplied" : [{
        "targetDisease" : [{
          "coding" : [{
            "system" : "http://snomed.info/sct",
            "code" : "76902006",
            "display" : "Tetanus (disorder)"
          }]
        },
        {
          "coding" : [{
            "system" : "http://snomed.info/sct",
            "code" : "27836007",
            "display" : "Pertussis (disorder)"
          }]
        },
        {
          "coding" : [{
            "system" : "http://snomed.info/sct",
            "code" : "397430003",
            "display" : "Diphtheria caused by Corynebacterium diphtheriae (disorder)"
          }]
        }],
        "doseNumberPositiveInt" : 1
      }]
    }
  },
  {
    "fullUrl" : "http://test.fhir.ch/r4/Medication/TC-IMMUN-MEDIC-BOOSTRIX",
    "resource" : {
      "resourceType" : "Medication",
      "id" : "TC-IMMUN-MEDIC-BOOSTRIX",
      "meta" : {
        "profile" : ["http://fhir.ch/ig/ch-vacd/StructureDefinition/ch-vacd-medication-for-immunization"]
      },
      "text" : {
        "status" : "generated",
        "div" : "<div xmlns=\"http://www.w3.org/1999/xhtml\"><a name=\"Medication_TC-IMMUN-MEDIC-BOOSTRIX\"> </a><p><b>Generated Narrative: Medication</b><a name=\"TC-IMMUN-MEDIC-BOOSTRIX\"> </a><a name=\"hcTC-IMMUN-MEDIC-BOOSTRIX\"> </a></p><div style=\"display: inline-block; background-color: #d9e0e7; padding: 6px; margin: 4px; border: 1px solid #8da1b4; border-radius: 5px; line-height: 60%\"><p style=\"margin-bottom: 0px\">ResourceMedication &quot;TC-IMMUN-MEDIC-BOOSTRIX&quot; </p><p style=\"margin-bottom: 0px\">Profile: <a href=\"StructureDefinition-ch-vacd-medication-for-immunization.html\">CH VACD Medication For Immunization</a></p></div><p><b>identifier</b>: <code>urn:oid:2.16.756.5.30.1.402.1.3.1.1.1</code>/ead68e47-34a6-4534-a658-b718e565fb91</p><p><b>code</b>: BOOSTRIX Inj Susp <span style=\"background: LightGoldenRodYellow; margin: 4px; border: 1px solid khaki\"> (unknown#7680006370012)</span></p><p><b>status</b>: active</p><p><b>manufacturer</b>: See on this page: Organization/TC-ORG-GSK</p><p><b>form</b>: Suspension for injection <span style=\"background: LightGoldenRodYellow; margin: 4px; border: 1px solid khaki\"> (<a href=\"http://fhir.ch/ig/ch-term/3.0.0/CodeSystem-edqm-standardterms.html\">EDQM - Standard Terms</a>#11202000)</span></p><p><b>amount</b>: 0.5 milliliter<span style=\"background: LightGoldenRodYellow\"> (Details: UCUM code mL = 'mL')</span>/1 Syringe (unit of presentation)<span style=\"background: LightGoldenRodYellow\"> (Details: SNOWMED CT code 733020007 = 'Syringe')</span></p><h3>Ingredients</h3><table class=\"grid\"><tr><td style=\"display: none\">-</td><td><b>Item[x]</b></td></tr><tr><td style=\"display: none\">*</td><td>Immunologic substance (substance) <span style=\"background: LightGoldenRodYellow; margin: 4px; border: 1px solid khaki\"> (<a href=\"https://browser.ihtsdotools.org/\">SNOWMED CT</a>#106181007)</span></td></tr></table><h3>Batches</h3><table class=\"grid\"><tr><td style=\"display: none\">-</td><td><b>LotNumber</b></td></tr><tr><td style=\"display: none\">*</td><td>AHAVB946A</td></tr></table></div>"
      },
      "identifier" : [{
        "system" : "urn:oid:2.16.756.5.30.1.402.1.3.1.1.1",
        "value" : "ead68e47-34a6-4534-a658-b718e565fb91"
      }],
      "code" : {
        "coding" : [{
          "system" : "urn:oid:2.51.1.1",
          "code" : "7680006370012",
          "display" : "BOOSTRIX Inj Susp"
        }],
        "text" : "BOOSTRIX Inj Susp"
      },
      "status" : "active",
      "manufacturer" : {
        "reference" : "Organization/TC-ORG-GSK"
      },
      "form" : {
        "coding" : [{
          "system" : "urn:oid:0.4.0.127.0.16.1.1.2.1",
          "code" : "11202000",
          "display" : "Suspension for injection"
        }]
      },
      "amount" : {
        "numerator" : {
          "value" : 0.5,
          "unit" : "milliliter",
          "system" : "http://unitsofmeasure.org",
          "code" : "mL"
        },
        "denominator" : {
          "value" : 1,
          "unit" : "Syringe (unit of presentation)",
          "system" : "http://snomed.info/sct",
          "code" : "733020007"
        }
      },
      "ingredient" : [{
        "itemCodeableConcept" : {
          "coding" : [{
            "system" : "http://snomed.info/sct",
            "code" : "106181007",
            "display" : "Immunologic substance (substance)"
          }],
          "text" : "Immunologic substance (substance)"
        }
      }],
      "batch" : {
        "lotNumber" : "AHAVB946A"
      }
    }
  },
  {
    "fullUrl" : "http://test.fhir.ch/r4/Organization/TC-ORG-GSK",
    "resource" : {
      "resourceType" : "Organization",
      "id" : "TC-ORG-GSK",
      "meta" : {
        "profile" : ["http://fhir.ch/ig/ch-core/StructureDefinition/ch-core-organization"]
      },
      "text" : {
        "status" : "generated",
        "div" : "<div xmlns=\"http://www.w3.org/1999/xhtml\"><a name=\"Organization_TC-ORG-GSK\"> </a><p><b>Generated Narrative: Organization</b><a name=\"TC-ORG-GSK\"> </a><a name=\"hcTC-ORG-GSK\"> </a></p><div style=\"display: inline-block; background-color: #d9e0e7; padding: 6px; margin: 4px; border: 1px solid #8da1b4; border-radius: 5px; line-height: 60%\"><p style=\"margin-bottom: 0px\">ResourceOrganization &quot;TC-ORG-GSK&quot; </p><p style=\"margin-bottom: 0px\">Profile: <a href=\"http://fhir.ch/ig/ch-core/5.0.0-ballot/StructureDefinition-ch-core-organization.html\">CH Core Organization</a></p></div><p><b>identifier</b>: <a href=\"https://www.gs1.org/standards/id-keys/gln\" title=\"Global Location Number\">GLN</a>/7601001000674</p><p><b>name</b>: GlaxoSmithKline AG</p><p><b>telecom</b>: ph: tel:+41 31 862 21 11(WORK), fax: fax:+41 31 862 22 00(WORK), <a href=\"mailto:mailto:swiss.info@gsk.com\">mailto:swiss.info@gsk.com</a>, <a href=\"https://www.gsk.com\">https://www.gsk.com</a></p><p><b>address</b>: Talstrasse 3-5 Münchenbuchsee BE 3053 CH </p></div>"
      },
      "identifier" : [{
        "system" : "urn:oid:2.51.1.3",
        "value" : "7601001000674"
      }],
      "name" : "GlaxoSmithKline AG",
      "telecom" : [{
        "system" : "phone",
        "value" : "tel:+41 31 862 21 11",
        "use" : "work"
      },
      {
        "system" : "fax",
        "value" : "fax:+41 31 862 22 00",
        "use" : "work"
      },
      {
        "system" : "email",
        "value" : "mailto:swiss.info@gsk.com",
        "use" : "work"
      },
      {
        "system" : "url",
        "value" : "https://www.gsk.com",
        "use" : "work"
      }],
      "address" : [{
        "line" : ["Talstrasse 3-5"],
        "city" : "Münchenbuchsee",
        "state" : "BE",
        "postalCode" : "3053",
        "country" : "CH"
      }]
    }
  },
  {
    "fullUrl" : "http://test.fhir.ch/r4/Observation/TCB04-LABRES1",
    "resource" : {
      "resourceType" : "Observation",
      "id" : "TCB04-LABRES1",
      "meta" : {
        "profile" : ["http://fhir.ch/ig/ch-vacd/StructureDefinition/ch-vacd-laboratory-serology"]
      },
      "text" : {
        "status" : "generated",
        "div" : "<div xmlns=\"http://www.w3.org/1999/xhtml\"><a name=\"Observation_TCB04-LABRES1\"> </a><p><b>Generated Narrative: Observation</b><a name=\"TCB04-LABRES1\"> </a><a name=\"hcTCB04-LABRES1\"> </a></p><div style=\"display: inline-block; background-color: #d9e0e7; padding: 6px; margin: 4px; border: 1px solid #8da1b4; border-radius: 5px; line-height: 60%\"><p style=\"margin-bottom: 0px\">ResourceObservation &quot;TCB04-LABRES1&quot; </p><p style=\"margin-bottom: 0px\">Profile: <a href=\"StructureDefinition-ch-vacd-laboratory-serology.html\">CH VACD Laboratory And Serology</a></p></div><p><b>identifier</b>: <code>urn:oid:2.16.756.5.30.1.402.1.3.1.1.2</code>/135f604f-f5c8-4e9b-a49b-5f34cdb9cf60</p><p><b>status</b>: final</p><p><b>code</b>: Hepatitis B virus surface Ab [Units/volume] in Serum <span style=\"background: LightGoldenRodYellow; margin: 4px; border: 1px solid khaki\"> (<a href=\"https://loinc.org/\">LOINC</a>#16935-9)</span></p><p><b>subject</b>: See on this page: Patient/TC-patient</p><p><b>effective</b>: 2021-10-01</p><p><b>performer</b>: See on this page: Organization/TC-ORG3</p><p><b>value</b>: 99 [iU]/L<span style=\"background: LightGoldenRodYellow\"> (Details: UCUM code [iU]/L = '[iU]/L')</span></p><p><b>interpretation</b>: Positive <span style=\"background: LightGoldenRodYellow; margin: 4px; border: 1px solid khaki\"> (<a href=\"http://terminology.hl7.org/5.5.0/CodeSystem-v3-ObservationInterpretation.html\">ObservationInterpretation</a>#POS)</span></p></div>"
      },
      "identifier" : [{
        "system" : "urn:oid:2.16.756.5.30.1.402.1.3.1.1.2",
        "value" : "135f604f-f5c8-4e9b-a49b-5f34cdb9cf60"
      }],
      "status" : "final",
      "code" : {
        "coding" : [{
          "system" : "http://loinc.org",
          "code" : "16935-9",
          "display" : "Hepatitis B virus surface Ab [Units/volume] in Serum"
        }]
      },
      "subject" : {
        "reference" : "Patient/TC-patient"
      },
      "effectiveDateTime" : "2021-10-01",
      "performer" : [{
        "reference" : "Organization/TC-ORG3"
      }],
      "valueQuantity" : {
        "value" : 99,
        "unit" : "[iU]/L",
        "system" : "http://unitsofmeasure.org",
        "code" : "[iU]/L"
      },
      "interpretation" : [{
        "coding" : [{
          "system" : "http://terminology.hl7.org/CodeSystem/v3-ObservationInterpretation",
          "code" : "POS",
          "display" : "Positive"
        }]
      }]
    }
  }]
}