{
  "resourceType" : "Condition",
  "id" : "TCF03-UNDILL2",
  "meta" : {
    "profile" : ["http://fhir.ch/ig/ch-vacd/StructureDefinition/ch-vacd-pastillnesses"]
  },
  "text" : {
    "status" : "extensions",
    "div" : "<div xmlns=\"http://www.w3.org/1999/xhtml\"><p><b>Generated Narrative: Condition</b><a name=\"TCF03-UNDILL2\"> </a><a name=\"hcTCF03-UNDILL2\"> </a></p><div style=\"display: inline-block; background-color: #d9e0e7; padding: 6px; margin: 4px; border: 1px solid #8da1b4; border-radius: 5px; line-height: 60%\"><p style=\"margin-bottom: 0px\">ResourceCondition &quot;TCF03-UNDILL2&quot; </p><p style=\"margin-bottom: 0px\">Profile: <a href=\"StructureDefinition-ch-vacd-pastillnesses.html\">CH VACD Past Illness</a></p></div><blockquote><p><b>Entry Resource Cross References</b></p><blockquote><p><b>url</b></p><code>entry</code></blockquote><p><b>value</b>: <span><code>urn:oid:2.16.756.5.30.1.402.1.3.1.1.1</code>/14802b84-6b1d-4545-930d-17ce5ca7443c</span></p><blockquote><p><b>url</b></p><code>container</code></blockquote><p><b>value</b>: <span><a href=\"http://terminology.hl7.org/5.0.0/NamingSystem-uri.html\" title=\"As defined by RFC 3986 (http://www.ietf.org/rfc/rfc3986.txt)(with many schemes defined in many RFCs). For OIDs and UUIDs, use the URN form (urn:oid:(note: lowercase) and urn:uuid:). See http://www.ietf.org/rfc/rfc3001.txt and http://www.ietf.org/rfc/rfc4122.txt \r\n\r\nThis oid is used as an identifier II.root to indicate the the extension is an absolute URI (technically, an IRI). Typically, this is used for OIDs and GUIDs. Note that when this OID is used with OIDs and GUIDs, the II.extension should start with urn:oid or urn:uuid: \r\n\r\nNote that this OID is created to aid with interconversion between CDA and FHIR - FHIR uses urn:ietf:rfc:3986 as equivalent to this OID. URIs as identifiers appear more commonly in FHIR.\r\n\r\nThis OID may also be used in CD.codeSystem.\">URI</a>/urn:uuid:fb253a1b-7e26-48db-a9c8-d605875bcdc4</span></p><blockquote><p><b>url</b></p><code>relationcode</code></blockquote><p><b>value</b>: replaces</p></blockquote><p><b>identifier</b>: <code>urn:oid:2.16.756.5.30.1.402.1.3.1.1.2</code>/70cd36a7-5bd5-41fa-bbb9-5e3d10ca43ef</p><p><b>clinicalStatus</b>: Resolved <span style=\"background: LightGoldenRodYellow; margin: 4px; border: 1px solid khaki\"> (<a href=\"http://terminology.hl7.org/5.5.0/CodeSystem-condition-clinical.html\">Condition Clinical Status Codes</a>#resolved)</span></p><p><b>verificationStatus</b>: Confirmed <span style=\"background: LightGoldenRodYellow; margin: 4px; border: 1px solid khaki\"> (<a href=\"http://terminology.hl7.org/5.5.0/CodeSystem-condition-ver-status.html\">ConditionVerificationStatus</a>#confirmed)</span></p><p><b>code</b>: Varicella (disorder) <span style=\"background: LightGoldenRodYellow; margin: 4px; border: 1px solid khaki\"> (<a href=\"https://browser.ihtsdotools.org/\">SNOWMED CT</a>#38907003)</span></p><p><b>subject</b>: <a href=\"Patient-TC-patient.html\">Patient/TC-patient</a> &quot; WEGMUELLER&quot;</p><p><b>onset</b>: 2015-05-30</p><p><b>recordedDate</b>: 2015-05-30</p><p><b>recorder</b>: <a href=\"PractitionerRole-TC-HCP1-ORG1-ROLE-author.html\">PractitionerRole/TC-HCP1-ORG1-ROLE-author</a></p><p><b>note</b>: Der Patient hatte einen milden Verlauf der Windpockenerkrankung (By Practitioner/TC-HCP1-C1 @2017-01-20)</p></div>"
  },
  "extension" : [{
    "extension" : [{
      "url" : "entry",
      "valueReference" : {
        "type" : "Condition",
        "identifier" : {
          "system" : "urn:oid:2.16.756.5.30.1.402.1.3.1.1.1",
          "value" : "14802b84-6b1d-4545-930d-17ce5ca7443c"
        }
      }
    },
    {
      "url" : "container",
      "valueReference" : {
        "type" : "Composition",
        "identifier" : {
          "system" : "urn:ietf:rfc:3986",
          "value" : "urn:uuid:fb253a1b-7e26-48db-a9c8-d605875bcdc4"
        }
      }
    },
    {
      "url" : "relationcode",
      "valueCode" : "replaces"
    }],
    "url" : "http://fhir.ch/ig/ch-core/StructureDefinition/ch-core-ext-entry-resource-cross-references"
  }],
  "identifier" : [{
    "system" : "urn:oid:2.16.756.5.30.1.402.1.3.1.1.2",
    "value" : "70cd36a7-5bd5-41fa-bbb9-5e3d10ca43ef"
  }],
  "clinicalStatus" : {
    "coding" : [{
      "system" : "http://terminology.hl7.org/CodeSystem/condition-clinical",
      "code" : "resolved",
      "display" : "Resolved"
    }]
  },
  "verificationStatus" : {
    "coding" : [{
      "system" : "http://terminology.hl7.org/CodeSystem/condition-ver-status",
      "code" : "confirmed",
      "display" : "Confirmed"
    }]
  },
  "code" : {
    "coding" : [{
      "system" : "http://snomed.info/sct",
      "code" : "38907003",
      "display" : "Varicella (disorder)"
    }]
  },
  "subject" : {
    "reference" : "Patient/TC-patient"
  },
  "onsetDateTime" : "2015-05-30",
  "recordedDate" : "2015-05-30",
  "recorder" : {
    "reference" : "PractitionerRole/TC-HCP1-ORG1-ROLE-author"
  },
  "note" : [{
    "authorReference" : {
      "reference" : "Practitioner/TC-HCP1-C1"
    },
    "time" : "2017-01-20",
    "text" : "Der Patient hatte einen milden Verlauf der Windpockenerkrankung"
  }]
}