<?xml version="1.0" encoding="UTF-8"?><ValueSet xmlns="http://hl7.org/fhir"><id value="ch-elm-interpretation-codes-sero"/><text><status value="generated"/><div xmlns="http://www.w3.org/1999/xhtml"><p class="res-header-id"><b>Generated Narrative: ValueSet ch-elm-interpretation-codes-sero</b></p><a name="ch-elm-interpretation-codes-sero"> </a><a name="hcch-elm-interpretation-codes-sero"> </a><ul><li>Include these codes as defined in <a href="http://www.snomed.org/"><code>http://snomed.info/sct</code></a><table class="none"><tr><td style="white-space:nowrap"><b>Code</b></td><td><b>Display</b></td></tr><tr><td><a href="http://snomed.info/id/1290194006">1290194006</a></td><td>Seroconversion (finding)</td></tr></table></li></ul></div></text><url value="http://fhir.ch/ig/ch-elm/ValueSet/ch-elm-interpretation-codes-sero"/><version value="1.11.0"/><name value="ChElmInterpretationCodesSero"/><title value="CH ELM Interpretation Codes SERO"/><status value="active"/><experimental value="false"/><date value="2025-08-13T07:08:59+00:00"/><publisher value="Federal Office of Public Health FOPH"/><contact><name value="Federal Office of Public Health FOPH"/><telecom><system value="url"/><value value="https://www.bag.admin.ch/bag/en/home/das-bag/kontakt-standort.html"/></telecom></contact><description value="This CH ELM value set includes the code for sero interpretation code(s)."/><jurisdiction><coding><system value="urn:iso:std:iso:3166"/><code value="CH"/></coding></jurisdiction><copyright value="CC0-1.0"/><compose><include><system value="http://snomed.info/sct"/><concept><code value="1290194006"/><display value="Seroconversion (finding)"/></concept></include></compose></ValueSet>