<?xml version="1.0" encoding="UTF-8"?><ValueSet xmlns="http://hl7.org/fhir"><id value="ch-elm-results-tub-spec"/><text><status value="generated"/><div xmlns="http://www.w3.org/1999/xhtml"><p class="res-header-id"><b>Generated Narrative: ValueSet ch-elm-results-tub-spec</b></p><a name="ch-elm-results-tub-spec"> </a><a name="hcch-elm-results-tub-spec"> </a><p>This value set includes codes based on the following rules:</p><ul/></div></text><url value="http://fhir.ch/ig/ch-elm/ValueSet/ch-elm-results-tub-spec"/><version value="1.11.0"/><name value="ChElmResultsTubSpec"/><title value="CH ELM Results Tub Spec"/><status value="active"/><experimental value="false"/><date value="2025-08-13T07:08:59+00:00"/><publisher value="Federal Office of Public Health FOPH"/><contact><name value="Federal Office of Public Health FOPH"/><telecom><system value="url"/><value value="https://www.bag.admin.ch/bag/en/home/das-bag/kontakt-standort.html"/></telecom></contact><description value="The &quot;CH ELM Results Tub Spec&quot; material group provides a curated set of codes representing specific materials. Each code within this group is selected to ensure consistency and accuracy for medical coding related to the primary LOINC codes. Clients using the &quot;CH ELM Results Tub Spec&quot; group should refer to the provided codes to ensure they capture and report material information correctly and consistently."/><jurisdiction><coding><system value="urn:iso:std:iso:3166"/><code value="CH"/></coding></jurisdiction><copyright value="CC0-1.0"/></ValueSet>