{"resourceType":"ValueSet","id":"UnitCode","meta":{"source":"http://art-decor.org/fhir/ValueSet/2.16.756.5.30.1.1.11.83--20210210222402","profile":["http://hl7.org/fhir/StructureDefinition/shareablevalueset"]},"text":{"status":"generated","div":"<div xmlns=\"http://www.w3.org/1999/xhtml\"><p>This value set includes codes based on the following rules:</p><ul><li>Include these codes as defined in <a href=\"http://www.snomed.org/\"><code>http://snomed.info/sct</code></a><table class=\"none\"><tr><td style=\"white-space:nowrap\"><b>Code</b></td><td><b>Display</b></td></tr><tr><td><a href=\"http://snomed.info/id/732981002\">732981002</a></td><td>Actuation (unit of presentation)</td></tr><tr><td><a href=\"http://snomed.info/id/732978007\">732978007</a></td><td>Ampule (unit of presentation)</td></tr><tr><td><a href=\"http://snomed.info/id/732980001\">732980001</a></td><td>Applicator (unit of presentation)</td></tr><tr><td><a href=\"http://snomed.info/id/732982009\">732982009</a></td><td>Bag (unit of presentation)</td></tr><tr><td><a href=\"http://snomed.info/id/732983004\">732983004</a></td><td>Barrel (unit of presentation)</td></tr><tr><td><a href=\"http://snomed.info/id/732984005\">732984005</a></td><td>Blister (unit of presentation)</td></tr><tr><td><a href=\"http://snomed.info/id/732985006\">732985006</a></td><td>Block (unit of presentation)</td></tr><tr><td><a href=\"http://snomed.info/id/732986007\">732986007</a></td><td>Bottle (unit of presentation)</td></tr><tr><td><a href=\"http://snomed.info/id/732987003\">732987003</a></td><td>Cachet (unit of presentation)</td></tr><tr><td><a href=\"http://snomed.info/id/732937005\">732937005</a></td><td>Capsule (unit of presentation)</td></tr><tr><td><a href=\"http://snomed.info/id/732988008\">732988008</a></td><td>Cartridge (unit of presentation)</td></tr><tr><td><a href=\"http://snomed.info/id/732989000\">732989000</a></td><td>Chewing gum (unit of presentation)</td></tr><tr><td><a href=\"http://snomed.info/id/732990009\">732990009</a></td><td>Container (unit of presentation)</td></tr><tr><td><a href=\"http://snomed.info/id/732991008\">732991008</a></td><td>Cup (unit of presentation)</td></tr><tr><td><a href=\"http://snomed.info/id/732992001\">732992001</a></td><td>Cylinder (unit of presentation)</td></tr><tr><td><a href=\"http://snomed.info/id/732993006\">732993006</a></td><td>Dressing (unit of presentation)</td></tr><tr><td><a href=\"http://snomed.info/id/732994000\">732994000</a></td><td>Drop (unit of presentation)</td></tr><tr><td><a href=\"http://snomed.info/id/732995004\">732995004</a></td><td>Film (unit of presentation)</td></tr><tr><td><a href=\"http://snomed.info/id/732996003\">732996003</a></td><td>Implant (unit of presentation)</td></tr><tr><td><a href=\"http://snomed.info/id/732997007\">732997007</a></td><td>Inhaler (unit of presentation)</td></tr><tr><td><a href=\"http://snomed.info/id/732998002\">732998002</a></td><td>Insert (unit of presentation)</td></tr><tr><td><a href=\"http://snomed.info/id/732999005\">732999005</a></td><td>Jar (unit of presentation)</td></tr><tr><td><a href=\"http://snomed.info/id/733001005\">733001005</a></td><td>Lyophilisate (unit of presentation)</td></tr><tr><td><a href=\"http://snomed.info/id/733002003\">733002003</a></td><td>Matrix (unit of presentation)</td></tr><tr><td><a href=\"http://snomed.info/id/733003008\">733003008</a></td><td>Pad (unit of presentation)</td></tr><tr><td><a href=\"http://snomed.info/id/733004002\">733004002</a></td><td>Pastille (unit of presentation)</td></tr><tr><td><a href=\"http://snomed.info/id/733005001\">733005001</a></td><td>Patch (unit of presentation)</td></tr><tr><td><a href=\"http://snomed.info/id/733006000\">733006000</a></td><td>Pen (unit of presentation)</td></tr><tr><td><a href=\"http://snomed.info/id/733007009\">733007009</a></td><td>Pessary (unit of presentation)</td></tr><tr><td><a href=\"http://snomed.info/id/733008004\">733008004</a></td><td>Pillule (unit of presentation)</td></tr><tr><td><a href=\"http://snomed.info/id/733009007\">733009007</a></td><td>Pipette (unit of presentation)</td></tr><tr><td><a href=\"http://snomed.info/id/733010002\">733010002</a></td><td>Plaster (unit of presentation)</td></tr><tr><td><a href=\"http://snomed.info/id/733011003\">733011003</a></td><td>Plug (unit of presentation)</td></tr><tr><td><a href=\"http://snomed.info/id/733012005\">733012005</a></td><td>Pouch (unit of presentation)</td></tr><tr><td><a href=\"http://snomed.info/id/733013000\">733013000</a></td><td>Sachet (unit of presentation)</td></tr><tr><td><a href=\"http://snomed.info/id/733014006\">733014006</a></td><td>Sponge (unit of presentation)</td></tr><tr><td><a href=\"http://snomed.info/id/733015007\">733015007</a></td><td>Spoonful (unit of presentation)</td></tr><tr><td><a href=\"http://snomed.info/id/733016008\">733016008</a></td><td>Stick (unit of presentation)</td></tr><tr><td><a href=\"http://snomed.info/id/733017004\">733017004</a></td><td>Straw (unit of presentation)</td></tr><tr><td><a href=\"http://snomed.info/id/733018009\">733018009</a></td><td>Strip (unit of presentation)</td></tr><tr><td><a href=\"http://snomed.info/id/733019001\">733019001</a></td><td>Suppository (unit of presentation)</td></tr><tr><td><a href=\"http://snomed.info/id/733020007\">733020007</a></td><td>Syringe (unit of presentation)</td></tr><tr><td><a href=\"http://snomed.info/id/733021006\">733021006</a></td><td>System (unit of presentation)</td></tr><tr><td><a href=\"http://snomed.info/id/732936001\">732936001</a></td><td>Tablet (unit of presentation)</td></tr><tr><td><a href=\"http://snomed.info/id/733022004\">733022004</a></td><td>Tampon (unit of presentation)</td></tr><tr><td><a href=\"http://snomed.info/id/733023009\">733023009</a></td><td>Thread (unit of presentation)</td></tr><tr><td><a href=\"http://snomed.info/id/733024003\">733024003</a></td><td>Tube (unit of presentation)</td></tr><tr><td><a href=\"http://snomed.info/id/733025002\">733025002</a></td><td>Vessel (unit of presentation)</td></tr><tr><td><a href=\"http://snomed.info/id/733026001\">733026001</a></td><td>Vial (unit of presentation)</td></tr></table></li><li>Include these codes as defined in <a href=\"http://unitsofmeasure.org\"><code>http://unitsofmeasure.org</code></a><table class=\"none\"><tr><td style=\"white-space:nowrap\"><b>Code</b></td><td><b>Display</b></td></tr><tr><td>%</td><td>percent</td></tr><tr><td>Bq</td><td>Becquerel</td></tr><tr><td>kBq</td><td>kiloBecquerel</td></tr><tr><td>MBq</td><td>megaBecquerel</td></tr><tr><td>GBq</td><td>gigaBecquerel</td></tr><tr><td>ng</td><td>nanogram</td></tr><tr><td>ug</td><td>microgram</td></tr><tr><td>mg</td><td>milligram</td></tr><tr><td>g</td><td>gram</td></tr><tr><td>kg</td><td>kilogram</td></tr><tr><td>kcal</td><td>kilocalorie</td></tr><tr><td>kJ</td><td>kilojoule</td></tr><tr><td>meq</td><td>milliequivalent</td></tr><tr><td>umol</td><td>micromole</td></tr><tr><td>mmol</td><td>millimole</td></tr><tr><td>mol</td><td>mole</td></tr><tr><td>nL</td><td>nanoliter</td></tr><tr><td>uL</td><td>microliter</td></tr><tr><td>mL</td><td>milliliter</td></tr><tr><td>L</td><td>liter</td></tr><tr><td>mm2</td><td>square millimeter</td></tr><tr><td>cm</td><td>centimeter</td></tr><tr><td>cm2</td><td>square centimeter</td></tr><tr><td>cm3</td><td>cubic centimeter</td></tr><tr><td>s</td><td>Second</td></tr><tr><td>min</td><td>Minute</td></tr><tr><td>h</td><td>Hour</td></tr><tr><td>d</td><td>Day</td></tr><tr><td>{Dose}</td><td>Dose</td></tr><tr><td>[tbs_m]</td><td>tablespoon - metric</td></tr><tr><td>10*6.{Unit}</td><td>(the number ten for arbitrary powers ^ 6) * Unit</td></tr><tr><td>10*6.[iU]</td><td>MillionInternationalUnit</td></tr><tr><td>[ppm]</td><td>Parts Per Million</td></tr><tr><td>{Package}</td><td>Package</td></tr><tr><td>{Piece}</td><td>Piece</td></tr><tr><td>[tsp_m]</td><td>teaspoon - metric</td></tr><tr><td>10*3.{Unit}</td><td>Thousand Per * Unit</td></tr><tr><td>{Unit}</td><td>Unit</td></tr><tr><td>[iU]</td><td>international unit</td></tr><tr><td>[CFU]</td><td>Colony Forming Units</td></tr></table></li></ul><p><b>Additional Language Displays</b></p><table class=\"codes\"><tr><td><b>Code</b></td><td><b>Deutsch (Schweiz) (German (Switzerland), de)</b></td><td><b>English (United States) (English (United States), en)</b></td><td><b>French (Switzerland) (fr)</b></td><td><b>Italian (Switzerland) (it)</b></td><td><b>rm</b></td></tr><tr><td>732981002</td><td>Hub</td><td>Actuation</td><td>bouffée</td><td>erogazione</td><td>Betätigung (Sprühstoss)</td></tr><tr><td>732978007</td><td>Ampulle</td><td>Ampule</td><td>ampoule</td><td>fiala</td><td>Ampulle</td></tr><tr><td>732980001</td><td>Applikator</td><td>Applicator</td><td>applicateur</td><td>applicatore</td><td>Applikator</td></tr><tr><td>732982009</td><td>Tasche</td><td>Bag</td><td>poche</td><td>sacca</td><td>Tasche</td></tr><tr><td>732983004</td><td>Kanister</td><td>Barrel</td><td>fût</td><td>fusto</td><td>Kanister</td></tr><tr><td>732984005</td><td>Blisterpackung</td><td>Blister</td><td>plaquette</td><td>blister</td><td>Blisterpackung</td></tr><tr><td>732985006</td><td>Block</td><td>Block</td><td>bloc</td><td>blocco</td><td>Block</td></tr><tr><td>732986007</td><td>Flasche</td><td>Bottle</td><td>flacon</td><td>flacone</td><td>Flasche</td></tr><tr><td>732987003</td><td>Oblatenkapsel</td><td>Cachet</td><td>cachet</td><td>cachet</td><td>Oblatenkapsel</td></tr><tr><td>732937005</td><td>Kapsel</td><td>Capsule</td><td>capsule</td><td>capsula</td><td>Kapsel</td></tr><tr><td>732988008</td><td>Patrone</td><td>Cartridge</td><td>cartouche</td><td>cartuccia</td><td>Patrone</td></tr><tr><td>732989000</td><td>Kaugummi</td><td>Chewing gum</td><td>gomme à mâcher</td><td>gomma da masticare</td><td>Kaugummi</td></tr><tr><td>732990009</td><td>Behältnis</td><td>Container</td><td>récipient</td><td>contenitore</td><td>Behältnis</td></tr><tr><td>732991008</td><td>Messbecher</td><td>Cup</td><td>godet</td><td>bicchiere dosatore</td><td>Messbecher</td></tr><tr><td>732992001</td><td>Zylinder</td><td>Cylinder</td><td>cylindre</td><td>cilindro</td><td>Zylinder</td></tr><tr><td>732993006</td><td>Verband</td><td>Dressing</td><td>compresse</td><td>garza</td><td>Verband</td></tr><tr><td>732994000</td><td>Tropfen</td><td>Drop</td><td>goutte</td><td>goccia</td><td>Tropfen</td></tr><tr><td>732995004</td><td>Film</td><td>Film</td><td>film</td><td>film</td><td>Film</td></tr><tr><td>732996003</td><td>Implantat</td><td>Implant</td><td>implant</td><td>impianto</td><td>Implantat</td></tr><tr><td>732997007</td><td>Inhalator</td><td>Inhaler</td><td>inhalateur</td><td>inalatore</td><td>Inhalator</td></tr><tr><td>732998002</td><td>Insert</td><td>Insert</td><td>insert</td><td>inserto</td><td>Insert</td></tr><tr><td>732999005</td><td>Weithalsgefäss</td><td>Jar</td><td>pot</td><td>vasetto</td><td>Weithalsgefäss</td></tr><tr><td>733001005</td><td>Lyophilisat</td><td>Lyophilisate</td><td>lyophilisat</td><td>liofilizzato</td><td>Lyophilisat</td></tr><tr><td>733002003</td><td>Matrix</td><td>Matrix</td><td>matrice</td><td>matrice</td><td>Matrix</td></tr><tr><td>733003008</td><td>Pad</td><td>Pad</td><td>tampon applicateur</td><td>tampone</td><td>Pad</td></tr><tr><td>733004002</td><td>Pastille</td><td>Pastille</td><td>pastille molle</td><td>pastiglia molle</td><td>Pastille</td></tr><tr><td>733005001</td><td>Patch</td><td>Patch</td><td>patch</td><td>cerotto</td><td>Patch</td></tr><tr><td>733006000</td><td>Pen</td><td>Pen</td><td>stylo</td><td>penna</td><td>Pen</td></tr><tr><td>733007009</td><td>Pessar</td><td>Pessary</td><td>ovule</td><td>ovulo</td><td>Pessar</td></tr><tr><td>733008004</td><td>Streukügelchen</td><td>Pillule</td><td>granule</td><td>granuli</td><td>Streukügelchen</td></tr><tr><td>733009007</td><td>Pipette</td><td>Pipette</td><td>pipette</td><td>pipetta</td><td>Pipette</td></tr><tr><td>733010002</td><td>Pflaster</td><td>Plaster</td><td>emplâtre</td><td>cerotto</td><td>Pflaster</td></tr><tr><td>733011003</td><td>Einsatz</td><td>Plug</td><td>support poreux</td><td>supporto</td><td>Einsatz</td></tr><tr><td>733012005</td><td>Beutelchen</td><td>Pouch</td><td>pochette</td><td>sachetta</td><td>Beutelchen</td></tr><tr><td>733013000</td><td>Beutel</td><td>Sachet</td><td>sachet</td><td>bustina</td><td>Beutel</td></tr><tr><td>733014006</td><td>Schwämmchen</td><td>Sponge</td><td>eponge</td><td>spugna</td><td>Schwämmchen</td></tr><tr><td>733015007</td><td>ein Löffel voll</td><td>Spoonful</td><td>cuillerée</td><td>cucciaio</td><td>ein Löffel voll</td></tr><tr><td>733016008</td><td>Stäbchen</td><td>Stick</td><td>bâton</td><td>stick</td><td>Stäbchen</td></tr><tr><td>733017004</td><td>Trinkhalm</td><td>Straw</td><td>paille</td><td>cannuccia</td><td>Trinkhalm</td></tr><tr><td>733018009</td><td>Streifen</td><td>Strip</td><td>bandelette</td><td>strip</td><td>Streifen</td></tr><tr><td>733019001</td><td>Zäpfchen</td><td>Suppository</td><td>suppositoire</td><td>supposta</td><td>Zäpfchen</td></tr><tr><td>733020007</td><td>Spritze</td><td>Syringe</td><td>seringue</td><td>siringa</td><td>Spritze</td></tr><tr><td>733021006</td><td>System</td><td>System</td><td>système</td><td>sistema</td><td>System</td></tr><tr><td>732936001</td><td>Tablette</td><td>Tablet</td><td>comprimé</td><td>compressa</td><td>Tablette</td></tr><tr><td>733022004</td><td>Tampon</td><td>Tampon</td><td>tampon diffuseur</td><td>tampone</td><td>Tampon</td></tr><tr><td>733023009</td><td>Faden</td><td>Thread</td><td>fil</td><td>filo</td><td>Faden</td></tr><tr><td>733024003</td><td>Tube</td><td>Tube</td><td>tube</td><td>tubo</td><td>Tube</td></tr><tr><td>733025002</td><td>Gefäss</td><td>Vessel</td><td>récipient étanche</td><td>recipiente a tenuta</td><td>Gefäss</td></tr><tr><td>733026001</td><td>Durchstechflasche</td><td>Vial</td><td>petit flacon</td><td>flaconcino</td><td>Durchstechflasche</td></tr><tr><td>%</td><td>%</td><td>%</td><td>%</td><td>%</td><td>%</td></tr><tr><td>Bq</td><td>Bq</td><td>Bq</td><td>Bq</td><td>Bq</td><td>Bq</td></tr><tr><td>kBq</td><td>kBq</td><td>kBq</td><td>kBq</td><td>kBq</td><td>kBq</td></tr><tr><td>MBq</td><td>MBq</td><td>MBq</td><td>MBq</td><td>MBq</td><td>MBq</td></tr><tr><td>GBq</td><td>GBq</td><td>GBq</td><td>GBq</td><td>GBq</td><td>GBq</td></tr><tr><td>ng</td><td>ng</td><td>ng</td><td>ng</td><td>ng</td><td>ng</td></tr><tr><td>ug</td><td>µg</td><td>µg</td><td>µg</td><td>µg</td><td>µg</td></tr><tr><td>mg</td><td>mg</td><td>mg</td><td>mg</td><td>mg</td><td>mg</td></tr><tr><td>g</td><td>g</td><td>g</td><td>g</td><td>g</td><td>g</td></tr><tr><td>kg</td><td>kg</td><td>kg</td><td>kg</td><td>kg</td><td>kg</td></tr><tr><td>kcal</td><td>kcal</td><td>kcal</td><td>kcal</td><td>kcal</td><td>kcal</td></tr><tr><td>kJ</td><td>kJ</td><td>kJ</td><td>kJ</td><td>kJ</td><td>kJ</td></tr><tr><td>meq</td><td>meq</td><td>meq</td><td>mEq</td><td>mEq</td><td>meq</td></tr><tr><td>umol</td><td>µmol</td><td>µmol</td><td>µmol</td><td>µmol</td><td>µmol</td></tr><tr><td>mmol</td><td>mmol</td><td>mmol</td><td>mmol</td><td>mmol</td><td>mmol</td></tr><tr><td>mol</td><td>mol</td><td>mol</td><td>mol</td><td>mol</td><td>mol</td></tr><tr><td>nL</td><td>nl</td><td>nl</td><td>nl</td><td>nl</td><td>nl</td></tr><tr><td>uL</td><td>µl</td><td>µl</td><td>µl</td><td>µl</td><td>µl</td></tr><tr><td>mL</td><td>ml</td><td>ml</td><td>ml</td><td>ml</td><td>ml</td></tr><tr><td>L</td><td>lt</td><td>lt</td><td>lt</td><td>l</td><td>lt</td></tr><tr><td>mm2</td><td>mm2</td><td>mm2</td><td>mm2</td><td>mm2</td><td>mm2</td></tr><tr><td>cm</td><td>cm</td><td>cm</td><td>cm</td><td>cm</td><td>cm</td></tr><tr><td>cm2</td><td>cm2</td><td>cm2</td><td>cm2</td><td>cm2</td><td>cm2</td></tr><tr><td>cm3</td><td>cm3</td><td>cm3</td><td>cm3</td><td>cm3</td><td>cm3</td></tr><tr><td>s</td><td>sec</td><td>sec</td><td>sec</td><td>sec</td><td>sec</td></tr><tr><td>min</td><td>min</td><td>min</td><td>min</td><td>min</td><td>min</td></tr><tr><td>h</td><td>h</td><td>h</td><td>h</td><td>h</td><td>h</td></tr><tr><td>d</td><td>d</td><td>d</td><td>d</td><td>d</td><td>d</td></tr><tr><td>{Dose}</td><td>Dos</td><td>Dose</td><td>dose</td><td>dose</td><td>Dos</td></tr><tr><td>[tbs_m]</td><td>Esslöffel</td><td>tablespoon - metric</td><td>c. à soupe</td><td>cucchiaio da minestra</td><td>Esslöffel</td></tr><tr><td>10*6.{Unit}</td><td>MioU</td><td>MioU</td><td>MioU</td><td>MioU</td><td>MioU</td></tr><tr><td>10*6.[iU]</td><td>MioUI</td><td>MillionInternationalUnit</td><td>MioUI</td><td>MioUI</td><td>MioUI</td></tr><tr><td>[ppm]</td><td>ppm</td><td>ppm</td><td>ppm</td><td>ppm</td><td>ppm</td></tr><tr><td>{Package}</td><td>Packung</td><td>Package</td><td>emballage</td><td>confezione</td><td>Packung</td></tr><tr><td>{Piece}</td><td>Stk</td><td>Piece(s)</td><td>pce</td><td>pz</td><td>Stk</td></tr><tr><td>[tsp_m]</td><td>Teelöffel</td><td>teaspoon - metric</td><td>c. à café</td><td>cucchiaino da caffè</td><td>Teelöffel</td></tr><tr><td>10*3.{Unit}</td><td>Tausend Einheiten</td><td>Thousand Per * Unit</td><td>millier d'unités</td><td>mille per unità *</td><td>Tausend Einheiten</td></tr><tr><td>{Unit}</td><td>Einheit</td><td>unit</td><td>unité(s)</td><td>unità</td><td>Einheit</td></tr><tr><td>[iU]</td><td>Internationale Einheit</td><td>international unit</td><td>unité(s) internationale(s)</td><td>unità internazionale(i)</td><td>Internationale Einheit</td></tr><tr><td>[CFU]</td><td>CFU</td><td>CFU</td><td>CFU</td><td>CFU</td><td>CFU</td></tr></table></div>"},"extension":[{"url":"http://hl7.org/fhir/StructureDefinition/resource-effectivePeriod","valuePeriod":{"start":"2021-02-10T22:24:02+01:00"}}],"url":"http://fhir.ch/ig/ch-emed/ValueSet/UnitCode","identifier":[{"use":"official","system":"urn:ietf:rfc:3986","value":"urn:oid:2.16.756.5.30.1.1.11.83"}],"version":"2.0.0","name":"UnitCode","title":"UnitCode","status":"draft","experimental":false,"date":"2022-02-11T09:56:31+01:00","publisher":"HL7 Switzerland","contact":[{"name":"HL7 Switzerland","telecom":[{"system":"url","value":"https://www.hl7.ch/"}]}],"description":"UnitCode","jurisdiction":[{"coding":[{"system":"urn:iso:std:iso:3166","code":"CH"}]}],"immutable":false,"copyright":"This artefact includes content from SNOMED Clinical Terms® (SNOMED CT®) which is copyright of the International Health Terminology Standards Development Organisation (IHTSDO). Implementers of these artefacts must have the appropriate SNOMED CT Affiliate license - for more information contact http://www.snomed.org/snomed-ct/getsnomed-ct or info@snomed.org.","compose":{"include":[{"system":"http://snomed.info/sct","concept":[{"code":"732981002","display":"Actuation (unit of presentation)","designation":[{"language":"de-CH","value":"Sprühstoss"},{"language":"de-CH","value":"Hub"},{"language":"fr-CH","value":"bouffée"},{"language":"it-CH","value":"erogazione"},{"language":"rm-CH","value":"Betätigung (Sprühstoss)"},{"language":"en-US","value":"Actuation"}]},{"code":"732978007","display":"Ampule (unit of presentation)","designation":[{"language":"de-CH","value":"Ampulle"},{"language":"fr-CH","value":"ampoule"},{"language":"it-CH","value":"fiala"},{"language":"rm-CH","value":"Ampulle"},{"language":"en-US","value":"Ampule"}]},{"code":"732980001","display":"Applicator (unit of presentation)","designation":[{"language":"de-CH","value":"Applikator"},{"language":"fr-CH","value":"applicateur"},{"language":"it-CH","value":"applicatore"},{"language":"rm-CH","value":"Applikator"},{"language":"en-US","value":"Applicator"}]},{"code":"732982009","display":"Bag (unit of presentation)","designation":[{"language":"de-CH","value":"Tasche"},{"language":"fr-CH","value":"poche"},{"language":"it-CH","value":"sacca"},{"language":"rm-CH","value":"Tasche"},{"language":"en-US","value":"Bag"}]},{"code":"732983004","display":"Barrel (unit of presentation)","designation":[{"language":"de-CH","value":"Kanister"},{"language":"fr-CH","value":"fût"},{"language":"it-CH","value":"fusto"},{"language":"rm-CH","value":"Kanister"},{"language":"en-US","value":"Barrel"}]},{"code":"732984005","display":"Blister (unit of presentation)","designation":[{"language":"de-CH","value":"Blisterpackung"},{"language":"fr-CH","value":"plaquette"},{"language":"it-CH","value":"blister"},{"language":"rm-CH","value":"Blisterpackung"},{"language":"en-US","value":"Blister"}]},{"code":"732985006","display":"Block (unit of presentation)","designation":[{"language":"de-CH","value":"Block"},{"language":"fr-CH","value":"bloc"},{"language":"it-CH","value":"blocco"},{"language":"rm-CH","value":"Block"},{"language":"en-US","value":"Block"}]},{"code":"732986007","display":"Bottle (unit of presentation)","designation":[{"language":"de-CH","value":"Flasche"},{"language":"fr-CH","value":"flacon"},{"language":"it-CH","value":"flacone"},{"language":"rm-CH","value":"Flasche"},{"language":"en-US","value":"Bottle"}]},{"code":"732987003","display":"Cachet (unit of presentation)","designation":[{"language":"de-CH","value":"Oblatenkapsel"},{"language":"fr-CH","value":"cachet"},{"language":"it-CH","value":"cachet"},{"language":"rm-CH","value":"Oblatenkapsel"},{"language":"en-US","value":"Cachet"}]},{"code":"732937005","display":"Capsule (unit of presentation)","designation":[{"language":"de-CH","value":"Kapsel"},{"language":"fr-CH","value":"capsule"},{"language":"it-CH","value":"capsula"},{"language":"rm-CH","value":"Kapsel"},{"language":"en-US","value":"Capsule"}]},{"code":"732988008","display":"Cartridge (unit of presentation)","designation":[{"language":"de-CH","value":"Patrone"},{"language":"fr-CH","value":"cartouche"},{"language":"it-CH","value":"cartuccia"},{"language":"rm-CH","value":"Patrone"},{"language":"en-US","value":"Cartridge"}]},{"code":"732989000","display":"Chewing gum (unit of presentation)","designation":[{"language":"de-CH","value":"Kaugummi"},{"language":"fr-CH","value":"gomme à mâcher"},{"language":"it-CH","value":"gomma da masticare"},{"language":"rm-CH","value":"Kaugummi"},{"language":"en-US","value":"Chewing gum"}]},{"code":"732990009","display":"Container (unit of presentation)","designation":[{"language":"de-CH","value":"Behältnis"},{"language":"fr-CH","value":"récipient"},{"language":"it-CH","value":"contenitore"},{"language":"rm-CH","value":"Behältnis"},{"language":"en-US","value":"Container"}]},{"code":"732991008","display":"Cup (unit of presentation)","designation":[{"language":"de-CH","value":"Messbecher"},{"language":"fr-CH","value":"godet"},{"language":"it-CH","value":"bicchiere dosatore"},{"language":"rm-CH","value":"Messbecher"},{"language":"en-US","value":"Cup"}]},{"code":"732992001","display":"Cylinder (unit of presentation)","designation":[{"language":"de-CH","value":"Zylinder"},{"language":"fr-CH","value":"cylindre"},{"language":"it-CH","value":"cilindro"},{"language":"rm-CH","value":"Zylinder"},{"language":"en-US","value":"Cylinder"}]},{"code":"732993006","display":"Dressing (unit of presentation)","designation":[{"language":"de-CH","value":"Verband"},{"language":"fr-CH","value":"compresse"},{"language":"it-CH","value":"garza"},{"language":"rm-CH","value":"Verband"},{"language":"en-US","value":"Dressing"}]},{"code":"732994000","display":"Drop (unit of presentation)","designation":[{"language":"de-CH","value":"Tropfen"},{"language":"fr-CH","value":"goutte"},{"language":"it-CH","value":"goccia"},{"language":"rm-CH","value":"Tropfen"},{"language":"en-US","value":"Drop"}]},{"code":"732995004","display":"Film (unit of presentation)","designation":[{"language":"de-CH","value":"Film"},{"language":"fr-CH","value":"film"},{"language":"it-CH","value":"film"},{"language":"rm-CH","value":"Film"},{"language":"en-US","value":"Film"}]},{"code":"732996003","display":"Implant (unit of presentation)","designation":[{"language":"de-CH","value":"Implantat"},{"language":"fr-CH","value":"implant"},{"language":"it-CH","value":"impianto"},{"language":"rm-CH","value":"Implantat"},{"language":"en-US","value":"Implant"}]},{"code":"732997007","display":"Inhaler (unit of presentation)","designation":[{"language":"de-CH","value":"Inhalator"},{"language":"fr-CH","value":"inhalateur"},{"language":"it-CH","value":"inalatore"},{"language":"rm-CH","value":"Inhalator"},{"language":"en-US","value":"Inhaler"}]},{"code":"732998002","display":"Insert (unit of presentation)","designation":[{"language":"de-CH","value":"Insert"},{"language":"fr-CH","value":"insert"},{"language":"it-CH","value":"inserto"},{"language":"rm-CH","value":"Insert"},{"language":"en-US","value":"Insert"}]},{"code":"732999005","display":"Jar (unit of presentation)","designation":[{"language":"de-CH","value":"Weithalsgefäss"},{"language":"fr-CH","value":"pot"},{"language":"it-CH","value":"vasetto"},{"language":"rm-CH","value":"Weithalsgefäss"},{"language":"en-US","value":"Jar"}]},{"code":"733001005","display":"Lyophilisate (unit of presentation)","designation":[{"language":"de-CH","value":"Lyophilisat"},{"language":"fr-CH","value":"lyophilisat"},{"language":"it-CH","value":"liofilizzato"},{"language":"rm-CH","value":"Lyophilisat"},{"language":"en-US","value":"Lyophilisate"}]},{"code":"733002003","display":"Matrix (unit of presentation)","designation":[{"language":"de-CH","value":"Matrix"},{"language":"fr-CH","value":"matrice"},{"language":"it-CH","value":"matrice"},{"language":"rm-CH","value":"Matrix"},{"language":"en-US","value":"Matrix"}]},{"code":"733003008","display":"Pad (unit of presentation)","designation":[{"language":"de-CH","value":"Pad"},{"language":"fr-CH","value":"tampon applicateur"},{"language":"it-CH","value":"tampone"},{"language":"rm-CH","value":"Pad"},{"language":"en-US","value":"Pad"}]},{"code":"733004002","display":"Pastille (unit of presentation)","designation":[{"language":"de-CH","value":"Pastille"},{"language":"fr-CH","value":"pastille molle"},{"language":"it-CH","value":"pastiglia molle"},{"language":"rm-CH","value":"Pastille"},{"language":"en-US","value":"Pastille"}]},{"code":"733005001","display":"Patch (unit of presentation)","designation":[{"language":"de-CH","value":"Patch"},{"language":"fr-CH","value":"patch"},{"language":"it-CH","value":"cerotto"},{"language":"rm-CH","value":"Patch"},{"language":"en-US","value":"Patch"}]},{"code":"733006000","display":"Pen (unit of presentation)","designation":[{"language":"de-CH","value":"Pen"},{"language":"fr-CH","value":"stylo"},{"language":"it-CH","value":"penna"},{"language":"rm-CH","value":"Pen"},{"language":"en-US","value":"Pen"}]},{"code":"733007009","display":"Pessary (unit of presentation)","designation":[{"language":"de-CH","value":"Pessar"},{"language":"fr-CH","value":"ovule"},{"language":"it-CH","value":"ovulo"},{"language":"rm-CH","value":"Pessar"},{"language":"en-US","value":"Pessary"}]},{"code":"733008004","display":"Pillule (unit of presentation)","designation":[{"language":"de-CH","value":"Streukügelchen"},{"language":"fr-CH","value":"granule"},{"language":"it-CH","value":"granuli"},{"language":"rm-CH","value":"Streukügelchen"},{"language":"en-US","value":"Pillule"}]},{"code":"733009007","display":"Pipette (unit of presentation)","designation":[{"language":"de-CH","value":"Pipette"},{"language":"fr-CH","value":"pipette"},{"language":"it-CH","value":"pipetta"},{"language":"rm-CH","value":"Pipette"},{"language":"en-US","value":"Pipette"}]},{"code":"733010002","display":"Plaster (unit of presentation)","designation":[{"language":"de-CH","value":"Pflaster"},{"language":"fr-CH","value":"emplâtre"},{"language":"it-CH","value":"cerotto"},{"language":"rm-CH","value":"Pflaster"},{"language":"en-US","value":"Plaster"}]},{"code":"733011003","display":"Plug (unit of presentation)","designation":[{"language":"de-CH","value":"Einsatz"},{"language":"fr-CH","value":"support poreux"},{"language":"it-CH","value":"supporto"},{"language":"rm-CH","value":"Einsatz"},{"language":"en-US","value":"Plug"}]},{"code":"733012005","display":"Pouch (unit of presentation)","designation":[{"language":"de-CH","value":"Beutelchen"},{"language":"fr-CH","value":"pochette"},{"language":"it-CH","value":"sachetta"},{"language":"rm-CH","value":"Beutelchen"},{"language":"en-US","value":"Pouch"}]},{"code":"733013000","display":"Sachet (unit of presentation)","designation":[{"language":"de-CH","value":"Beutel"},{"language":"fr-CH","value":"sachet"},{"language":"it-CH","value":"bustina"},{"language":"rm-CH","value":"Beutel"},{"language":"en-US","value":"Sachet"}]},{"code":"733014006","display":"Sponge (unit of presentation)","designation":[{"language":"de-CH","value":"Schwämmchen"},{"language":"fr-CH","value":"eponge"},{"language":"it-CH","value":"spugna"},{"language":"rm-CH","value":"Schwämmchen"},{"language":"en-US","value":"Sponge"}]},{"code":"733015007","display":"Spoonful (unit of presentation)","designation":[{"language":"de-CH","value":"ein Löffel voll"},{"language":"fr-CH","value":"cuillerée"},{"language":"it-CH","value":"cucciaio"},{"language":"rm-CH","value":"ein Löffel voll"},{"language":"en-US","value":"Spoonful"}]},{"code":"733016008","display":"Stick (unit of presentation)","designation":[{"language":"de-CH","value":"Stäbchen"},{"language":"fr-CH","value":"bâton"},{"language":"it-CH","value":"stick"},{"language":"rm-CH","value":"Stäbchen"},{"language":"en-US","value":"Stick"}]},{"code":"733017004","display":"Straw (unit of presentation)","designation":[{"language":"de-CH","value":"Trinkhalm"},{"language":"fr-CH","value":"paille"},{"language":"it-CH","value":"cannuccia"},{"language":"rm-CH","value":"Trinkhalm"},{"language":"en-US","value":"Straw"}]},{"code":"733018009","display":"Strip (unit of presentation)","designation":[{"language":"de-CH","value":"Streifen"},{"language":"fr-CH","value":"bandelette"},{"language":"it-CH","value":"strip"},{"language":"rm-CH","value":"Streifen"},{"language":"en-US","value":"Strip"}]},{"code":"733019001","display":"Suppository (unit of presentation)","designation":[{"language":"de-CH","value":"Zäpfchen"},{"language":"fr-CH","value":"suppositoire"},{"language":"it-CH","value":"supposta"},{"language":"rm-CH","value":"Zäpfchen"},{"language":"en-US","value":"Suppository"}]},{"code":"733020007","display":"Syringe (unit of presentation)","designation":[{"language":"de-CH","value":"Spritze"},{"language":"fr-CH","value":"seringue"},{"language":"it-CH","value":"siringa"},{"language":"rm-CH","value":"Spritze"},{"language":"en-US","value":"Syringe"}]},{"code":"733021006","display":"System (unit of presentation)","designation":[{"language":"de-CH","value":"System"},{"language":"fr-CH","value":"système"},{"language":"it-CH","value":"sistema"},{"language":"rm-CH","value":"System"},{"language":"en-US","value":"System"}]},{"code":"732936001","display":"Tablet (unit of presentation)","designation":[{"language":"de-CH","value":"Tablette"},{"language":"fr-CH","value":"comprimé"},{"language":"it-CH","value":"compressa"},{"language":"rm-CH","value":"Tablette"},{"language":"en-US","value":"Tablet"}]},{"code":"733022004","display":"Tampon (unit of presentation)","designation":[{"language":"de-CH","value":"Tampon"},{"language":"fr-CH","value":"tampon diffuseur"},{"language":"it-CH","value":"tampone"},{"language":"rm-CH","value":"Tampon"},{"language":"en-US","value":"Tampon"}]},{"code":"733023009","display":"Thread (unit of presentation)","designation":[{"language":"de-CH","value":"Faden"},{"language":"fr-CH","value":"fil"},{"language":"it-CH","value":"filo"},{"language":"rm-CH","value":"Faden"},{"language":"en-US","value":"Thread"}]},{"code":"733024003","display":"Tube (unit of presentation)","designation":[{"language":"de-CH","value":"Tube"},{"language":"fr-CH","value":"tube"},{"language":"it-CH","value":"tubo"},{"language":"rm-CH","value":"Tube"},{"language":"en-US","value":"Tube"}]},{"code":"733025002","display":"Vessel (unit of presentation)","designation":[{"language":"de-CH","value":"Gefäss"},{"language":"fr-CH","value":"récipient étanche"},{"language":"it-CH","value":"recipiente a tenuta"},{"language":"rm-CH","value":"Gefäss"},{"language":"en-US","value":"Vessel"}]},{"code":"733026001","display":"Vial (unit of presentation)","designation":[{"language":"de-CH","value":"Durchstechflasche"},{"language":"fr-CH","value":"petit flacon"},{"language":"it-CH","value":"flaconcino"},{"language":"rm-CH","value":"Durchstechflasche"},{"language":"en-US","value":"Vial"}]}]},{"system":"http://unitsofmeasure.org","concept":[{"code":"%","display":"percent","designation":[{"language":"de-CH","value":"%"},{"language":"fr-CH","value":"%"},{"language":"it-CH","value":"%"},{"language":"rm-CH","value":"%"},{"language":"en-US","value":"%"}]},{"code":"Bq","display":"Becquerel","designation":[{"language":"de-CH","value":"Bq"},{"language":"fr-CH","value":"Bq"},{"language":"it-CH","value":"Bq"},{"language":"rm-CH","value":"Bq"},{"language":"en-US","value":"Bq"}]},{"code":"kBq","display":"kiloBecquerel","designation":[{"language":"de-CH","value":"kBq"},{"language":"fr-CH","value":"kBq"},{"language":"it-CH","value":"kBq"},{"language":"rm-CH","value":"kBq"},{"language":"en-US","value":"kBq"}]},{"code":"MBq","display":"megaBecquerel","designation":[{"language":"de-CH","value":"MBq"},{"language":"fr-CH","value":"MBq"},{"language":"it-CH","value":"MBq"},{"language":"rm-CH","value":"MBq"},{"language":"en-US","value":"MBq"}]},{"code":"GBq","display":"gigaBecquerel","designation":[{"language":"de-CH","value":"GBq"},{"language":"fr-CH","value":"GBq"},{"language":"it-CH","value":"GBq"},{"language":"rm-CH","value":"GBq"},{"language":"en-US","value":"GBq"}]},{"code":"ng","display":"nanogram","designation":[{"language":"de-CH","value":"ng"},{"language":"fr-CH","value":"ng"},{"language":"it-CH","value":"ng"},{"language":"rm-CH","value":"ng"},{"language":"en-US","value":"ng"}]},{"code":"ug","display":"microgram","designation":[{"language":"de-CH","value":"µg"},{"language":"fr-CH","value":"µg"},{"language":"it-CH","value":"µg"},{"language":"rm-CH","value":"µg"},{"language":"en-US","value":"µg"}]},{"code":"mg","display":"milligram","designation":[{"language":"de-CH","value":"mg"},{"language":"fr-CH","value":"mg"},{"language":"it-CH","value":"mg"},{"language":"rm-CH","value":"mg"},{"language":"en-US","value":"mg"}]},{"code":"g","display":"gram","designation":[{"language":"de-CH","value":"g"},{"language":"fr-CH","value":"g"},{"language":"it-CH","value":"g"},{"language":"rm-CH","value":"g"},{"language":"en-US","value":"g"}]},{"code":"kg","display":"kilogram","designation":[{"language":"de-CH","value":"kg"},{"language":"fr-CH","value":"kg"},{"language":"it-CH","value":"kg"},{"language":"rm-CH","value":"kg"},{"language":"en-US","value":"kg"}]},{"code":"kcal","display":"kilocalorie","designation":[{"language":"de-CH","value":"kcal"},{"language":"fr-CH","value":"kcal"},{"language":"it-CH","value":"kcal"},{"language":"rm-CH","value":"kcal"},{"language":"en-US","value":"kcal"}]},{"code":"kJ","display":"kilojoule","designation":[{"language":"de-CH","value":"kJ"},{"language":"fr-CH","value":"kJ"},{"language":"it-CH","value":"kJ"},{"language":"rm-CH","value":"kJ"},{"language":"en-US","value":"kJ"}]},{"code":"meq","display":"milliequivalent","designation":[{"language":"de-CH","value":"meq"},{"language":"fr-CH","value":"mEq"},{"language":"it-CH","value":"mEq"},{"language":"rm-CH","value":"meq"},{"language":"en-US","value":"meq"}]},{"code":"umol","display":"micromole","designation":[{"language":"de-CH","value":"µmol"},{"language":"fr-CH","value":"µmol"},{"language":"it-CH","value":"µmol"},{"language":"rm-CH","value":"µmol"},{"language":"en-US","value":"µmol"}]},{"code":"mmol","display":"millimole","designation":[{"language":"de-CH","value":"mmol"},{"language":"fr-CH","value":"mmol"},{"language":"it-CH","value":"mmol"},{"language":"rm-CH","value":"mmol"},{"language":"en-US","value":"mmol"}]},{"code":"mol","display":"mole","designation":[{"language":"de-CH","value":"mol"},{"language":"fr-CH","value":"mol"},{"language":"it-CH","value":"mol"},{"language":"rm-CH","value":"mol"},{"language":"en-US","value":"mol"}]},{"code":"nL","display":"nanoliter","designation":[{"language":"de-CH","value":"nl"},{"language":"fr-CH","value":"nl"},{"language":"it-CH","value":"nl"},{"language":"rm-CH","value":"nl"},{"language":"en-US","value":"nl"}]},{"code":"uL","display":"microliter","designation":[{"language":"de-CH","value":"µl"},{"language":"fr-CH","value":"µl"},{"language":"it-CH","value":"µl"},{"language":"rm-CH","value":"µl"},{"language":"en-US","value":"µl"}]},{"code":"mL","display":"milliliter","designation":[{"language":"de-CH","value":"ml"},{"language":"fr-CH","value":"ml"},{"language":"it-CH","value":"ml"},{"language":"rm-CH","value":"ml"},{"language":"en-US","value":"ml"}]},{"code":"L","display":"liter","designation":[{"language":"de-CH","value":"lt"},{"language":"fr-CH","value":"lt"},{"language":"it-CH","value":"l"},{"language":"rm-CH","value":"lt"},{"language":"en-US","value":"lt"}]},{"code":"mm2","display":"square millimeter","designation":[{"language":"de-CH","value":"mm2"},{"language":"fr-CH","value":"mm2"},{"language":"it-CH","value":"mm2"},{"language":"rm-CH","value":"mm2"},{"language":"en-US","value":"mm2"}]},{"code":"cm","display":"centimeter","designation":[{"language":"de-CH","value":"cm"},{"language":"fr-CH","value":"cm"},{"language":"it-CH","value":"cm"},{"language":"rm-CH","value":"cm"},{"language":"en-US","value":"cm"}]},{"code":"cm2","display":"square centimeter","designation":[{"language":"de-CH","value":"cm2"},{"language":"fr-CH","value":"cm2"},{"language":"it-CH","value":"cm2"},{"language":"rm-CH","value":"cm2"},{"language":"en-US","value":"cm2"}]},{"code":"cm3","display":"cubic centimeter","designation":[{"language":"de-CH","value":"cm3"},{"language":"fr-CH","value":"cm3"},{"language":"it-CH","value":"cm3"},{"language":"rm-CH","value":"cm3"},{"language":"en-US","value":"cm3"}]},{"code":"s","display":"Second","designation":[{"language":"de-CH","value":"sec"},{"language":"fr-CH","value":"sec"},{"language":"it-CH","value":"sec"},{"language":"rm-CH","value":"sec"},{"language":"en-US","value":"sec"}]},{"code":"min","display":"Minute","designation":[{"language":"de-CH","value":"min"},{"language":"fr-CH","value":"min"},{"language":"it-CH","value":"min"},{"language":"rm-CH","value":"min"},{"language":"en-US","value":"min"}]},{"code":"h","display":"Hour","designation":[{"language":"de-CH","value":"h"},{"language":"fr-CH","value":"h"},{"language":"it-CH","value":"h"},{"language":"rm-CH","value":"h"},{"language":"en-US","value":"h"}]},{"code":"d","display":"Day","designation":[{"language":"de-CH","value":"d"},{"language":"fr-CH","value":"d"},{"language":"it-CH","value":"d"},{"language":"rm-CH","value":"d"},{"language":"en-US","value":"d"}]},{"code":"{Dose}","display":"Dose","designation":[{"language":"de-CH","value":"Dos"},{"language":"fr-CH","value":"dose"},{"language":"it-CH","value":"dose"},{"language":"rm-CH","value":"Dos"},{"language":"en-US","value":"Dose"}]},{"code":"[tbs_m]","display":"tablespoon - metric","designation":[{"language":"de-CH","value":"Esslöffel"},{"language":"fr-CH","value":"c. à soupe"},{"language":"it-CH","value":"cucchiaio da minestra"},{"language":"rm-CH","value":"Esslöffel"},{"language":"en-US","value":"tablespoon - metric"}]},{"code":"10*6.{Unit}","display":"(the number ten for arbitrary powers ^ 6) * Unit","designation":[{"language":"de-CH","value":"MioU"},{"language":"fr-CH","value":"MioU"},{"language":"it-CH","value":"MioU"},{"language":"rm-CH","value":"MioU"},{"language":"en-US","value":"MioU"}]},{"code":"10*6.[iU]","display":"MillionInternationalUnit","designation":[{"language":"de-CH","value":"MioUI"},{"language":"fr-CH","value":"MioUI"},{"language":"it-CH","value":"MioUI"},{"language":"rm-CH","value":"MioUI"},{"language":"en-US","value":"MillionInternationalUnit"}]},{"code":"[ppm]","display":"Parts Per Million","designation":[{"language":"de-CH","value":"ppm"},{"language":"fr-CH","value":"ppm"},{"language":"it-CH","value":"ppm"},{"language":"rm-CH","value":"ppm"},{"language":"en-US","value":"ppm"}]},{"code":"{Package}","display":"Package","designation":[{"language":"de-CH","value":"Packung"},{"language":"fr-CH","value":"emballage"},{"language":"it-CH","value":"confezione"},{"language":"rm-CH","value":"Packung"},{"language":"en-US","value":"Package"}]},{"code":"{Piece}","display":"Piece","designation":[{"language":"de-CH","value":"Stk"},{"language":"fr-CH","value":"pce"},{"language":"it-CH","value":"pz"},{"language":"rm-CH","value":"Stk"},{"language":"en-US","value":"Piece(s)"}]},{"code":"[tsp_m]","display":"teaspoon - metric","designation":[{"language":"de-CH","value":"Teelöffel"},{"language":"fr-CH","value":"c. à café"},{"language":"it-CH","value":"cucchiaino da caffè"},{"language":"rm-CH","value":"Teelöffel"},{"language":"en-US","value":"teaspoon - metric"}]},{"code":"10*3.{Unit}","display":"Thousand Per * Unit","designation":[{"language":"de-CH","value":"Tausend Einheiten"},{"language":"fr-CH","value":"millier d'unités"},{"language":"it-CH","value":"mille per unità *"},{"language":"rm-CH","value":"Tausend Einheiten"},{"language":"en-US","value":"Thousand Per * Unit"}]},{"code":"{Unit}","display":"Unit","designation":[{"language":"de-CH","value":"Einheit"},{"language":"fr-CH","value":"unité(s)"},{"language":"it-CH","value":"unità"},{"language":"rm-CH","value":"Einheit"},{"language":"en-US","value":"unit"}]},{"code":"[iU]","display":"international unit","designation":[{"language":"de-CH","value":"Internationale Einheit"},{"language":"fr-CH","value":"unité(s) internationale(s)"},{"language":"it-CH","value":"unità internazionale(i)"},{"language":"rm-CH","value":"Internationale Einheit"},{"language":"en-US","value":"international unit"}]},{"code":"[CFU]","display":"Colony Forming Units","designation":[{"language":"de-CH","value":"CFU"},{"language":"fr-CH","value":"CFU"},{"language":"it-CH","value":"CFU"},{"language":"rm-CH","value":"CFU"},{"language":"en-US","value":"CFU"}]}]}]}}