{"resourceType":"ActivityDefinition","id":"procedure-crp","meta":{"profile":["http://hl7.org/fhir/uv/order-catalog/StructureDefinition/LabProcedureDefinition"]},"language":"en-US","url":"http://fhir.ch/ig/ch-lab-order/ActivityDefinition/procedure-crp","identifier":[{"use":"official","value":"CRP_test"}],"version":"3.0.0-ballot","name":"CRPMeasurementProcedure","title":"Procedure - CRP measurement on in vitro blood serum","status":"active","experimental":true,"date":"2020-01-24T14:00:00+02:00","publisher":"HL7 Switzerland","contact":[{"name":"HL7 Switzerland","telecom":[{"system":"url","value":"https://www.hl7.ch"}]},{"name":"Marcel Hanselmann","telecom":[{"system":"email","value":"laborprojektgruppe@gmail.com","use":"work"}]}],"description":"CRP measurement procedure on in-vitro serum specimen","jurisdiction":[{"coding":[{"system":"urn:iso:std:iso:3166","code":"CH"}]}],"purpose":"This _ActivityDefinition_ specifies the input specimens and observations needed to perform potassium level test on serum, and the output observation.                  It is referenced by any _PlanDefinition_ representing a lab service focusing on this test.","copyright":"CC0-1.0","effectivePeriod":{"start":"2020-04-01","end":"2020-12-25"},"topic":[{"coding":[{"system":"http://loinc.org","code":"18719-5","display":"Chemistry studies (set)"}]},{"coding":[{"system":"http://snomed.info/sct","code":"275711006","display":"Serum chemistry test (procedure)"}]},{"coding":[{"system":"http://snomed.info/sct","code":"55235003","display":"C-reactive protein measurement (procedure)"}]}],"kind":"ServiceRequest","code":{"coding":[{"system":"http://loinc.org","code":"1988-5","display":"C reactive protein [Mass/volume] in Serum or Plasma"}]},"priority":"routine","specimenRequirement":[{"reference":"SpecimenDefinition/single-test-serum-venous"}],"observationResultRequirement":[{"reference":"ObservationDefinition/observation-serum-potassium"}]}