{"resourceType":"ActivityDefinition","id":"procedure-urine-uACR","meta":{"profile":["http://hl7.org/fhir/uv/order-catalog/StructureDefinition/LabProcedureDefinition"]},"language":"en-US","url":"http://fhir.ch/ig/ch-lab-order/ActivityDefinition/procedure-urine-uACR","identifier":[{"system":"urn:ietf:rfc:3986","value":"urn:oid:2.16.840.1.113883.4.642.19.7.102"}],"version":"3.0.0-ballot","title":"Procedure to assess the Urine Albumin/Creatinine Ratio (uACR)","status":"draft","experimental":false,"date":"2024-12-13T18:00:00+01:00","publisher":"HL7 Switzerland","contact":[{"name":"HL7 Switzerland","telecom":[{"system":"url","value":"https://www.hl7.ch"}]},{"name":"Marcel Hanselmann","telecom":[{"system":"email","value":"laborprojektgruppe@gmail.com","use":"work"}]}],"description":"Procedure conveying the uACR in urine albumin/creatinine ratio observation","jurisdiction":[{"coding":[{"system":"urn:iso:std:iso:3166","code":"CH"}]}],"copyright":"CC0-1.0","effectivePeriod":{"start":"2025-01-01","end":"2025-12-31"},"topic":[{"coding":[{"system":"http://loinc.org","code":"18719-5","display":"Chemistry studies (set)"}]},{"coding":[{"system":"http://snomed.info/sct","code":"275711006","display":"Serum chemistry test (procedure)"}]},{"coding":[{"system":"http://snomed.info/sct","code":"271075006","display":"Urine albumin/creatinine ratio measurement (procedure)"}]}],"library":["https://www.zkidney.com/mdrd-main"],"kind":"ServiceRequest","code":{"coding":[{"system":"http://loinc.org","code":"9318-7","display":"Albumin/Creatinine [Mass Ratio] in Urine"}]},"specimenRequirement":[{"reference":"SpecimenDefinition/specimenUrineSpot"}],"observationRequirement":[{"reference":"ObservationDefinition/observationAlbuminUrine"},{"reference":"ObservationDefinition/observationCreatinineUrine"}],"observationResultRequirement":[{"reference":"ObservationDefinition/observation-uACR"}]}