<?xml version="1.0" encoding="UTF-8"?>

<ValueSet xmlns="http://hl7.org/fhir">
  <id value="ch-elm-interpretation-codes-vs"/>
  <text>
    <status value="generated"/><div xmlns="http://www.w3.org/1999/xhtml"><ul><li>Include these codes as defined in <a href="CodeSystem-ch-elm-interpretation-codes-vs.html"><code>http://fhir.ch/ig/ch-elm/CodeSystem/ch-elm-interpretation-codes-vs</code></a><table class="none"><tr><td style="white-space:nowrap"><b>Code</b></td><td><b>Display</b></td></tr><tr><td><a href="CodeSystem-ch-elm-interpretation-codes-vs.html#ch-elm-interpretation-codes-vs-http.58.47.47fhir.46ch.47ig.47ch-elm.47ValueSet.47ch-elm-interpretation-codes-pos">http://fhir.ch/ig/ch-elm/ValueSet/ch-elm-interpretation-codes-pos</a></td><td/></tr><tr><td><a href="CodeSystem-ch-elm-interpretation-codes-vs.html#ch-elm-interpretation-codes-vs-http.58.47.47fhir.46ch.47ig.47ch-elm.47ValueSet.47ch-elm-interpretation-codes-pos-neg">http://fhir.ch/ig/ch-elm/ValueSet/ch-elm-interpretation-codes-pos-neg</a></td><td/></tr><tr><td><a href="CodeSystem-ch-elm-interpretation-codes-vs.html#ch-elm-interpretation-codes-vs-http.58.47.47fhir.46ch.47ig.47ch-elm.47ValueSet.47ch-elm-interpretation-codes-resistant-susceptible">http://fhir.ch/ig/ch-elm/ValueSet/ch-elm-interpretation-codes-resistant-susceptible</a></td><td/></tr></table></li></ul></div>
  </text>
  <url value="http://fhir.ch/ig/ch-elm/ValueSet/ch-elm-interpretation-codes-vs"/>
  <version value="1.1.1"/>
  <name value="ChElmInterpretationCodeVs"/>
  <title value="CH ELM Interpretation Codes Vs"/>
  <status value="active"/>
  <experimental value="false"/>
  <date value="2024-02-27T13:22:07+01:00"/>
  <publisher value="Federal Office of Public Health FOPH"/>
  <contact>
    <name value="Federal Office of Public Health FOPH"/>
    <telecom>
      <system value="url"/>
      <value value="https://www.bag.admin.ch/bag/en/home/das-bag/kontakt-standort.html"/>
    </telecom>
  </contact>
  <description value="This CH ELM value set includes the value set URLs as interpretation codes to map in the concept maps the leading codes."/>
  <jurisdiction>
    <coding>
      <system value="urn:iso:std:iso:3166"/>
      <code value="CHE"/>
    </coding>
  </jurisdiction>
  <copyright value="CC0-1.0"/>
  <compose>
    <include>
      <system value="http://fhir.ch/ig/ch-elm/CodeSystem/ch-elm-interpretation-codes-vs"/>
      <concept>
        <code value="http://fhir.ch/ig/ch-elm/ValueSet/ch-elm-interpretation-codes-pos"/>
      </concept>
      <concept>
        <code value="http://fhir.ch/ig/ch-elm/ValueSet/ch-elm-interpretation-codes-pos-neg"/>
      </concept>
      <concept>
        <code value="http://fhir.ch/ig/ch-elm/ValueSet/ch-elm-interpretation-codes-resistant-susceptible"/>
      </concept>
    </include>
  </compose>
</ValueSet>