<?xml version="1.0" encoding="UTF-8"?>

<CodeSystem xmlns="http://hl7.org/fhir">
  <id value="nkrs-tnmstagegroup"/>
  <text>
    <status value="generated"/><div xmlns="http://www.w3.org/1999/xhtml"><p>This code system http://fhir.ch/ig/ch-crl/CodeSystem/nkrs-tnmstagegroup defines the following codes:</p><table class="codes"><tr><td style="white-space:nowrap"><b>Code</b></td><td><b>Display</b></td></tr><tr><td style="white-space:nowrap">0<a name="nkrs-tnmstagegroup-0"> </a></td><td>Stage 0</td></tr><tr><td style="white-space:nowrap">0a<a name="nkrs-tnmstagegroup-0a"> </a></td><td>Stage 0a</td></tr><tr><td style="white-space:nowrap">0is<a name="nkrs-tnmstagegroup-0is"> </a></td><td>Stage 0is</td></tr><tr><td style="white-space:nowrap">I<a name="nkrs-tnmstagegroup-I"> </a></td><td>Stage I</td></tr><tr><td style="white-space:nowrap">IA<a name="nkrs-tnmstagegroup-IA"> </a></td><td>Stage IA</td></tr><tr><td style="white-space:nowrap">IA1<a name="nkrs-tnmstagegroup-IA1"> </a></td><td>Stage IA1</td></tr><tr><td style="white-space:nowrap">IA2<a name="nkrs-tnmstagegroup-IA2"> </a></td><td>Stage IA2</td></tr><tr><td style="white-space:nowrap">IA3<a name="nkrs-tnmstagegroup-IA3"> </a></td><td>Stage IA3</td></tr><tr><td style="white-space:nowrap">IB<a name="nkrs-tnmstagegroup-IB"> </a></td><td>Stage IB</td></tr><tr><td style="white-space:nowrap">IB1<a name="nkrs-tnmstagegroup-IB1"> </a></td><td>Stage IB1</td></tr><tr><td style="white-space:nowrap">IB2<a name="nkrs-tnmstagegroup-IB2"> </a></td><td>Stage IB2</td></tr><tr><td style="white-space:nowrap">IC<a name="nkrs-tnmstagegroup-IC"> </a></td><td>Stage IC</td></tr><tr><td style="white-space:nowrap">IS<a name="nkrs-tnmstagegroup-IS"> </a></td><td>Stage IS</td></tr><tr><td style="white-space:nowrap">II<a name="nkrs-tnmstagegroup-II"> </a></td><td>Stage II</td></tr><tr><td style="white-space:nowrap">IIA<a name="nkrs-tnmstagegroup-IIA"> </a></td><td>Stage IIA</td></tr><tr><td style="white-space:nowrap">IIA1<a name="nkrs-tnmstagegroup-IIA1"> </a></td><td>Stage IIA1</td></tr><tr><td style="white-space:nowrap">IIA2<a name="nkrs-tnmstagegroup-IIA2"> </a></td><td>Stage IIA2</td></tr><tr><td style="white-space:nowrap">IIB<a name="nkrs-tnmstagegroup-IIB"> </a></td><td>Stage IIB</td></tr><tr><td style="white-space:nowrap">IIC<a name="nkrs-tnmstagegroup-IIC"> </a></td><td>Stage IIC</td></tr><tr><td style="white-space:nowrap">III<a name="nkrs-tnmstagegroup-III"> </a></td><td>Stage III</td></tr><tr><td style="white-space:nowrap">IIIA<a name="nkrs-tnmstagegroup-IIIA"> </a></td><td>Stage IIIA</td></tr><tr><td style="white-space:nowrap">IIIA1<a name="nkrs-tnmstagegroup-IIIA1"> </a></td><td>Stage IIIA1</td></tr><tr><td style="white-space:nowrap">IIIA2<a name="nkrs-tnmstagegroup-IIIA2"> </a></td><td>Stage IIIA2</td></tr><tr><td style="white-space:nowrap">IIIB<a name="nkrs-tnmstagegroup-IIIB"> </a></td><td>Stage IIIB</td></tr><tr><td style="white-space:nowrap">IIIC<a name="nkrs-tnmstagegroup-IIIC"> </a></td><td>Stage IIIC</td></tr><tr><td style="white-space:nowrap">IIIC1<a name="nkrs-tnmstagegroup-IIIC1"> </a></td><td>Stage IIIC1</td></tr><tr><td style="white-space:nowrap">IIIC2<a name="nkrs-tnmstagegroup-IIIC2"> </a></td><td>Stage IIIC2</td></tr><tr><td style="white-space:nowrap">IIID<a name="nkrs-tnmstagegroup-IIID"> </a></td><td>Stage IIID</td></tr><tr><td style="white-space:nowrap">IV<a name="nkrs-tnmstagegroup-IV"> </a></td><td>Stage IV</td></tr><tr><td style="white-space:nowrap">IVA<a name="nkrs-tnmstagegroup-IVA"> </a></td><td>Stage IVA</td></tr><tr><td style="white-space:nowrap">IVB<a name="nkrs-tnmstagegroup-IVB"> </a></td><td>Stage IVB</td></tr><tr><td style="white-space:nowrap">IVC<a name="nkrs-tnmstagegroup-IVC"> </a></td><td>Stage IVC</td></tr></table></div>
  </text>
  <url value="http://fhir.ch/ig/ch-crl/CodeSystem/nkrs-tnmstagegroup"/>
  <version value="0.9.0"/>
  <name value="NkrsTnmStageGroup"/>
  <title value="NKRS - TNM Stage Group"/>
  <status value="active"/>
  <date value="2022-02-04T14:14:21+01:00"/>
  <publisher value="Bundesamt für Gesundheit BAG"/>
  <contact>
    <name value="Bundesamt für Gesundheit BAG"/>
    <telecom>
      <system value="url"/>
      <value value="https://www.bag.admin.ch/"/>
    </telecom>
  </contact>
  <description value="The data item records the UICC TNM stage group. &#xD;&#xA;&#xD;&#xA;**TNM stage group (Variable number: 4.17)** &#xD;&#xA;in \&#39;NATIONAL CANCER DATA DICTIONARY, V 1.1, Part A, BASIC VARIABLES for Adults, Adolescents, and Children (23.12.2019)\&#39;&#xD;&#xA;([EN](https://www.nacr.ch/assets/files/uploads/a-datadictionary-basicvariables-v1.1.pdf), &#xD;&#xA;[DE](https://www.nkrs.ch/assets/files/uploads/a-datenstruktur-variablen-der-basisdaten-v1.1.pdf), &#xD;&#xA;[FR](https://www.onec.ch/assets/files/uploads/a-dict-des-donnees-variables-de-base-v1.1.pdf), &#xD;&#xA;[IT](https://www.snrt.ch/assets/files/uploads/a-dati-oncologici-variabili-di-base-v1.1.pdf))"/>
  <jurisdiction>
    <coding>
      <system value="urn:iso:std:iso:3166"/>
      <code value="CH"/>
    </coding>
  </jurisdiction>
  <copyright value="CC-BY-SA-4.0"/>
  <caseSensitive value="true"/>
  <valueSet value="http://fhir.ch/ig/ch-crl/ValueSet/nkrs-tnmstagegroup"/>
  <content value="complete"/>
  <count value="32"/>
  <concept>
    <code value="0"/>
    <display value="Stage 0"/>
  </concept>
  <concept>
    <code value="0a"/>
    <display value="Stage 0a"/>
  </concept>
  <concept>
    <code value="0is"/>
    <display value="Stage 0is"/>
  </concept>
  <concept>
    <code value="I"/>
    <display value="Stage I"/>
  </concept>
  <concept>
    <code value="IA"/>
    <display value="Stage IA"/>
  </concept>
  <concept>
    <code value="IA1"/>
    <display value="Stage IA1"/>
  </concept>
  <concept>
    <code value="IA2"/>
    <display value="Stage IA2"/>
  </concept>
  <concept>
    <code value="IA3"/>
    <display value="Stage IA3"/>
  </concept>
  <concept>
    <code value="IB"/>
    <display value="Stage IB"/>
  </concept>
  <concept>
    <code value="IB1"/>
    <display value="Stage IB1"/>
  </concept>
  <concept>
    <code value="IB2"/>
    <display value="Stage IB2"/>
  </concept>
  <concept>
    <code value="IC"/>
    <display value="Stage IC"/>
  </concept>
  <concept>
    <code value="IS"/>
    <display value="Stage IS"/>
  </concept>
  <concept>
    <code value="II"/>
    <display value="Stage II"/>
  </concept>
  <concept>
    <code value="IIA"/>
    <display value="Stage IIA"/>
  </concept>
  <concept>
    <code value="IIA1"/>
    <display value="Stage IIA1"/>
  </concept>
  <concept>
    <code value="IIA2"/>
    <display value="Stage IIA2"/>
  </concept>
  <concept>
    <code value="IIB"/>
    <display value="Stage IIB"/>
  </concept>
  <concept>
    <code value="IIC"/>
    <display value="Stage IIC"/>
  </concept>
  <concept>
    <code value="III"/>
    <display value="Stage III"/>
  </concept>
  <concept>
    <code value="IIIA"/>
    <display value="Stage IIIA"/>
  </concept>
  <concept>
    <code value="IIIA1"/>
    <display value="Stage IIIA1"/>
  </concept>
  <concept>
    <code value="IIIA2"/>
    <display value="Stage IIIA2"/>
  </concept>
  <concept>
    <code value="IIIB"/>
    <display value="Stage IIIB"/>
  </concept>
  <concept>
    <code value="IIIC"/>
    <display value="Stage IIIC"/>
  </concept>
  <concept>
    <code value="IIIC1"/>
    <display value="Stage IIIC1"/>
  </concept>
  <concept>
    <code value="IIIC2"/>
    <display value="Stage IIIC2"/>
  </concept>
  <concept>
    <code value="IIID"/>
    <display value="Stage IIID"/>
  </concept>
  <concept>
    <code value="IV"/>
    <display value="Stage IV"/>
  </concept>
  <concept>
    <code value="IVA"/>
    <display value="Stage IVA"/>
  </concept>
  <concept>
    <code value="IVB"/>
    <display value="Stage IVB"/>
  </concept>
  <concept>
    <code value="IVC"/>
    <display value="Stage IVC"/>
  </concept>
</CodeSystem>