<?xml version="1.0" encoding="UTF-8"?>

<Observation xmlns="http://hl7.org/fhir">
  <id value="TNM-StageGroup-20181202"/>
  <meta>
    <profile value="http://fhir.ch/ig/ch-crl/StructureDefinition/ch-crl-observation-tnmstagegroup"/>
  </meta>
  <text>
    <status value="generated"/><div xmlns="http://www.w3.org/1999/xhtml"><p><b>Generated Narrative</b></p><div style="display: inline-block; background-color: #d9e0e7; padding: 6px; margin: 4px; border: 1px solid #8da1b4; border-radius: 5px; line-height: 60%"><p style="margin-bottom: 0px">Resource "TNM-StageGroup-20181202" </p><p style="margin-bottom: 0px">Profile: <a href="StructureDefinition-ch-crl-observation-tnmstagegroup.html">CH CRL Observation TNM Stage Group</a></p></div><p><b>status</b>: final</p><p><b>code</b>: Stage group.other Cancer <span style="background: LightGoldenRodYellow; margin: 4px; border: 1px solid khaki"> (<a href="https://loinc.org/">LOINC</a>#21914-7)</span></p><p><b>subject</b>: <a href="Patient-RobertMeier.html">Patient/RobertMeier</a> " MEIER"</p><p><b>effective</b>: 2018-12-02</p><p><b>value</b>: Stage I <span style="background: LightGoldenRodYellow; margin: 4px; border: 1px solid khaki"> (<a href="CodeSystem-nkrs-tnmstagegroup.html">NKRS - TNM Stage Group</a>#I)</span></p><p><b>hasMember</b>: </p><ul><li><a href="Observation-cT-20181202.html">Observation/cT-20181202</a></li><li><a href="Observation-cN-20181202.html">Observation/cN-20181202</a></li><li><a href="Observation-cM-20181202.html">Observation/cM-20181202</a></li><li><a href="Observation-pT-20181202.html">Observation/pT-20181202</a></li><li><a href="Observation-pN-20181202.html">Observation/pN-20181202</a></li><li><a href="Observation-pM-20181202.html">Observation/pM-20181202</a></li></ul></div>
  </text>
  <status value="final"/>
  <code>
    <coding>
      <system value="http://loinc.org"/>
      <code value="21914-7"/>
      <display value="Stage group.other Cancer"/>
    </coding>
  </code>
  <subject>
    <reference value="Patient/RobertMeier"/>
  </subject>
  <effectiveDateTime value="2018-12-02"/>
  <valueCodeableConcept>
    <coding>
      <system value="http://fhir.ch/ig/ch-crl/CodeSystem/nkrs-tnmstagegroup"/>
      <code value="I"/>
      <display value="Stage I"/>
    </coding>
  </valueCodeableConcept>
  <hasMember>
    <reference value="Observation/cT-20181202"/>
  </hasMember>
  <hasMember>
    <reference value="Observation/cN-20181202"/>
  </hasMember>
  <hasMember>
    <reference value="Observation/cM-20181202"/>
  </hasMember>
  <hasMember>
    <reference value="Observation/pT-20181202"/>
  </hasMember>
  <hasMember>
    <reference value="Observation/pN-20181202"/>
  </hasMember>
  <hasMember>
    <reference value="Observation/pM-20181202"/>
  </hasMember>
</Observation>