<?xml version="1.0" encoding="UTF-8"?>

<Observation xmlns="http://hl7.org/fhir">
  <id value="SentinelLymphNodeAssessment-N0"/>
  <meta>
    <profile value="http://fhir.ch/ig/ch-crl/StructureDefinition/ch-crl-observation-sentinellymphnodeassessment"/>
  </meta>
  <text>
    <status value="generated"/><div xmlns="http://www.w3.org/1999/xhtml"><p><b>Generated Narrative</b></p><div style="display: inline-block; background-color: #d9e0e7; padding: 6px; margin: 4px; border: 1px solid #8da1b4; border-radius: 5px; line-height: 60%"><p style="margin-bottom: 0px">Resource "SentinelLymphNodeAssessment-N0" </p><p style="margin-bottom: 0px">Profile: <a href="StructureDefinition-ch-crl-observation-sentinellymphnodeassessment.html">CH CRL Observation Sentinel Lymph Node Assessment</a></p></div><p><b>status</b>: final</p><p><b>code</b>: Protocol used for examination of sentinel lymph nodes <span style="background: LightGoldenRodYellow; margin: 4px; border: 1px solid khaki"> (<a href="https://loinc.org/">LOINC</a>#98278-5)</span></p><p><b>subject</b>: <a href="Patient-FranzMinimum.html">Patient/FranzMinimum</a> " MINIMUM"</p><p><b>effective</b>: 2018-12-15</p><p><b>value</b>: N0 <span style="background: LightGoldenRodYellow; margin: 4px; border: 1px solid khaki"> (<a href="CodeSystem-nkrs-sentinellymphnodeassessment.html">NKRS - Sentinel Lymph Node Assessment</a>#0)</span></p></div>
  </text>
  <status value="final"/>
  <code>
    <coding>
      <system value="http://loinc.org"/>
      <code value="98278-5"/>
      <display value="Protocol used for examination of sentinel lymph nodes"/>
    </coding>
  </code>
  <subject>
    <reference value="Patient/FranzMinimum"/>
  </subject>
  <effectiveDateTime value="2018-12-15"/>
  <valueCodeableConcept>
    <coding>
      <system value="http://fhir.ch/ig/ch-crl/CodeSystem/nkrs-sentinellymphnodeassessment"/>
      <code value="0"/>
      <display value="N0"/>
    </coding>
  </valueCodeableConcept>
</Observation>