<?xml version="1.0" encoding="UTF-8"?>

<Observation xmlns="http://hl7.org/fhir">
  <id value="pT-20181202"/>
  <meta>
    <profile value="http://fhir.ch/ig/ch-crl/StructureDefinition/ch-crl-observation-pt"/>
  </meta>
  <text>
    <status value="generated"/><div xmlns="http://www.w3.org/1999/xhtml"><p><b>Generated Narrative</b></p><div style="display: inline-block; background-color: #d9e0e7; padding: 6px; margin: 4px; border: 1px solid #8da1b4; border-radius: 5px; line-height: 60%"><p style="margin-bottom: 0px">Resource "pT-20181202" </p><p style="margin-bottom: 0px">Profile: <a href="StructureDefinition-ch-crl-observation-pt.html">CH CRL Observation pT</a></p></div><p><b>status</b>: final</p><p><b>code</b>: Primary tumor.pathology Cancer <span style="background: LightGoldenRodYellow; margin: 4px; border: 1px solid khaki"> (<a href="https://loinc.org/">LOINC</a>#21899-0)</span></p><p><b>subject</b>: <a href="Patient-RobertMeier.html">Patient/RobertMeier</a> " MEIER"</p><p><b>effective</b>: 2018-12-02</p><p><b>value</b>: pT1 <span style="background: LightGoldenRodYellow; margin: 4px; border: 1px solid khaki"> (<a href="CodeSystem-nkrs-pt.html">NKRS - pT</a>#1)</span></p></div>
  </text>
  <status value="final"/>
  <code>
    <coding>
      <system value="http://loinc.org"/>
      <code value="21899-0"/>
      <display value="Primary tumor.pathology Cancer"/>
    </coding>
  </code>
  <subject>
    <reference value="Patient/RobertMeier"/>
  </subject>
  <effectiveDateTime value="2018-12-02"/>
  <valueCodeableConcept>
    <coding>
      <system value="http://fhir.ch/ig/ch-crl/CodeSystem/nkrs-pt"/>
      <code value="1"/>
      <display value="pT1"/>
    </coding>
  </valueCodeableConcept>
</Observation>