<?xml version="1.0" encoding="UTF-8"?>

<Observation xmlns="http://hl7.org/fhir">
  <id value="WHOGradeGroup-Unknown"/>
  <meta>
    <profile value="http://fhir.ch/ig/ch-crl/StructureDefinition/ch-crl-observation-whogradegroup"/>
  </meta>
  <text>
    <status value="generated"/><div xmlns="http://www.w3.org/1999/xhtml"><p><b>Generated Narrative</b></p><div style="display: inline-block; background-color: #d9e0e7; padding: 6px; margin: 4px; border: 1px solid #8da1b4; border-radius: 5px; line-height: 60%"><p style="margin-bottom: 0px">Resource "WHOGradeGroup-Unknown" </p><p style="margin-bottom: 0px">Profile: <a href="StructureDefinition-ch-crl-observation-whogradegroup.html">CH CRL Observation WHO Grade Group</a></p></div><p><b>status</b>: final</p><p><b>code</b>: World Health Organization tumor classification (observable entity) <span style="background: LightGoldenRodYellow; margin: 4px; border: 1px solid khaki"> (<a href="https://browser.ihtsdotools.org/">SNOMED CT</a>#397005006)</span></p><p><b>subject</b>: <a href="Patient-FranzMinimum.html">Patient/FranzMinimum</a> " MINIMUM"</p><p><b>effective</b>: 2018-12-15</p><p><b>dataAbsentReason</b>: Unknown <span style="background: LightGoldenRodYellow; margin: 4px; border: 1px solid khaki"> (<a href="http://terminology.hl7.org/3.0.0/CodeSystem-data-absent-reason.html">DataAbsentReason</a>#unknown)</span></p></div>
  </text>
  <status value="final"/>
  <code>
    <coding>
      <system value="http://snomed.info/sct"/>
      <code value="397005006"/>
      <display value="World Health Organization tumor classification (observable entity)"/>
    </coding>
  </code>
  <subject>
    <reference value="Patient/FranzMinimum"/>
  </subject>
  <effectiveDateTime value="2018-12-15"/>
  <dataAbsentReason>
    <coding>
      <system value="http://terminology.hl7.org/CodeSystem/data-absent-reason"/>
      <code value="unknown"/>
      <display value="Unknown"/>
    </coding>
  </dataAbsentReason>
</Observation>