<?xml version="1.0" encoding="UTF-8"?>

<Observation xmlns="http://hl7.org/fhir">
  <id value="ChronicPulmonaryDisease-No"/>
  <meta>
    <profile value="http://fhir.ch/ig/ch-crl/StructureDefinition/ch-crl-observation-chronicpulmonarydisease"/>
  </meta>
  <text>
    <status value="generated"/><div xmlns="http://www.w3.org/1999/xhtml"><p><b>Generated Narrative</b></p><div style="display: inline-block; background-color: #d9e0e7; padding: 6px; margin: 4px; border: 1px solid #8da1b4; border-radius: 5px; line-height: 60%"><p style="margin-bottom: 0px">Resource "ChronicPulmonaryDisease-No" </p><p style="margin-bottom: 0px">Profile: <a href="StructureDefinition-ch-crl-observation-chronicpulmonarydisease.html">CH CRL Observation Chronic Pulmonary Disease</a></p></div><p><b>status</b>: final</p><p><b>code</b>: Chronic lung disease (disorder) <span style="background: LightGoldenRodYellow; margin: 4px; border: 1px solid khaki"> (<a href="https://browser.ihtsdotools.org/">SNOMED CT</a>#413839001)</span></p><p><b>subject</b>: <a href="Patient-FranzMinimum.html">Patient/FranzMinimum</a> " MINIMUM"</p><p><b>effective</b>: 2018-12-15</p><p><b>value</b>: false</p></div>
  </text>
  <status value="final"/>
  <code>
    <coding>
      <system value="http://snomed.info/sct"/>
      <code value="413839001"/>
      <display value="Chronic lung disease (disorder)"/>
    </coding>
  </code>
  <subject>
    <reference value="Patient/FranzMinimum"/>
  </subject>
  <effectiveDateTime value="2018-12-15"/>
  <valueBoolean value="false"/>
</Observation>