<?xml version="1.0" encoding="UTF-8"?>

<ValueSet xmlns="http://hl7.org/fhir">
  <id value="nkrs-treatmentgoal"/>
  <text>
    <status value="generated"/><div xmlns="http://www.w3.org/1999/xhtml"><ul><li>Include these codes as defined in <a href="http://www.snomed.org/"><code>http://snomed.info/sct</code></a><table class="none"><tr><td style="white-space:nowrap"><b>Code</b></td><td><b>Display</b></td></tr><tr><td><a href="http://snomed.info/id/373808002">373808002</a></td><td>Curative - procedure intent (qualifier value)</td></tr><tr><td><a href="http://snomed.info/id/363676003">363676003</a></td><td>Palliative - procedure intent (qualifier value)</td></tr><tr><td><a href="http://snomed.info/id/261665006">261665006</a></td><td>Unknown (qualifier value)</td></tr></table></li></ul></div>
  </text>
  <url value="http://fhir.ch/ig/ch-crl/ValueSet/nkrs-treatmentgoal"/>
  <version value="0.9.0"/>
  <name value="NkrsTreatmentGoal"/>
  <title value="NKRS - Treatment Goal"/>
  <status value="active"/>
  <date value="2022-02-04T14:14:21+01:00"/>
  <publisher value="Bundesamt für Gesundheit BAG"/>
  <contact>
    <name value="Bundesamt für Gesundheit BAG"/>
    <telecom>
      <system value="url"/>
      <value value="https://www.bag.admin.ch/"/>
    </telecom>
  </contact>
  <description value="The goal for each treatment as part of the first treatment complex."/>
  <jurisdiction>
    <coding>
      <system value="urn:iso:std:iso:3166"/>
      <code value="CH"/>
    </coding>
  </jurisdiction>
  <copyright value="CC-BY-SA-4.0"/>
  <compose>
    <include>
      <system value="http://snomed.info/sct"/>
      <concept>
        <code value="373808002"/>
        <display value="Curative - procedure intent (qualifier value)"/>
      </concept>
      <concept>
        <code value="363676003"/>
        <display value="Palliative - procedure intent (qualifier value)"/>
      </concept>
      <concept>
        <code value="261665006"/>
        <display value="Unknown (qualifier value)"/>
      </concept>
    </include>
  </compose>
</ValueSet>