<?xml version="1.0" encoding="UTF-8"?>

<ValueSet xmlns="http://hl7.org/fhir">
  <id value="nkrs-pn"/>
  <text>
    <status value="generated"/><div xmlns="http://www.w3.org/1999/xhtml"><ul><li>Include all codes defined in <a href="CodeSystem-nkrs-pn.html"><code>http://fhir.ch/ig/ch-crl/CodeSystem/nkrs-pn</code></a></li></ul></div>
  </text>
  <url value="http://fhir.ch/ig/ch-crl/ValueSet/nkrs-pn"/>
  <version value="0.9.0"/>
  <name value="NkrspN"/>
  <title value="NKRS - pN"/>
  <status value="active"/>
  <date value="2022-02-04T14:14:21+01:00"/>
  <publisher value="Bundesamt für Gesundheit BAG"/>
  <contact>
    <name value="Bundesamt für Gesundheit BAG"/>
    <telecom>
      <system value="url"/>
      <value value="https://www.bag.admin.ch/"/>
    </telecom>
  </contact>
  <description value="The data item records the absence or presence and extent of regional lymph node metastasis, based on pathological evidence after completion of surgical therapy."/>
  <jurisdiction>
    <coding>
      <system value="urn:iso:std:iso:3166"/>
      <code value="CH"/>
    </coding>
  </jurisdiction>
  <copyright value="CC-BY-SA-4.0"/>
  <compose>
    <include>
      <system value="http://fhir.ch/ig/ch-crl/CodeSystem/nkrs-pn"/>
    </include>
  </compose>
</ValueSet>