<?xml version="1.0" encoding="UTF-8"?><ImplementationGuide xmlns="http://hl7.org/fhir"><id value="ch.fhir.ig.ch-etoc"/><text><status value="extensions"/><div xmlns="http://www.w3.org/1999/xhtml"><h2>CH_eTOC</h2><p>The official URL for this implementation guide is: </p><pre>http://fhir.ch/ig/ch-etoc/ImplementationGuide/ch.fhir.ig.ch-etoc</pre><div><p>Implementation guide for eTOC based on CH ORF</p>
</div></div></text><url value="http://fhir.ch/ig/ch-etoc/ImplementationGuide/ch.fhir.ig.ch-etoc"/><version value="2.0.0-ballot"/><name value="CH_eTOC"/><title value="CH eTOC (R4)"/><status value="active"/><date value="2023-06-29"/><publisher value="HL7 Switzerland"/><contact><name value="Juerg P. Bleuer"/><telecom><system value="url"/><value value="https://www.hl7.ch"/></telecom></contact><description value="Implementation guide for eTOC based on CH ORF"/><jurisdiction><coding><system value="urn:iso:std:iso:3166"/><code value="CH"/></coding></jurisdiction><copyright value="CC0-1.0"/><packageId value="ch.fhir.ig.ch-etoc"/><license value="CC0-1.0"/><fhirVersion value="4.0.1"/><dependsOn id="hl7ext"><extension url="http://hl7.org/fhir/tools/StructureDefinition/implementationguide-dependency-comment"><valueMarkdown value="Automatically added as a dependency - all IGs depend on the HL7 Extension Pack"/></extension><uri value="http://hl7.org/fhir/extensions/ImplementationGuide/hl7.fhir.uv.extensions"/><packageId value="hl7.fhir.uv.extensions.r4"/><version value="1.0.0"/></dependsOn><dependsOn id="ch_fhir_ig_ch_epr_term"><uri value="http://fhir.ch/ig/ch-epr-term/ImplementationGuide/ch.fhir.ig.ch-epr-term"/><packageId value="ch.fhir.ig.ch-epr-term"/><version value="2.0.9"/></dependsOn><dependsOn id="hl7_terminology"><uri value="http://terminology.hl7.org/ImplementationGuide/hl7.terminology"/><packageId value="hl7.terminology"/><version value="5.1.0"/></dependsOn><dependsOn id="ch_fhir_ig_ch_orf"><uri value="http://fhir.ch/ig/ch-orf/ImplementationGuide/ch.fhir.ig.ch-orf"/><packageId value="ch.fhir.ig.ch-orf"/><version value="2.0.0-ballot"/></dependsOn><dependsOn id="ch_fhir_ig_ch_core"><uri value="http://fhir.ch/ig/ch-core/ImplementationGuide/ch.fhir.ig.ch-core"/><packageId value="ch.fhir.ig.ch-core"/><version value="4.0.0-ballot"/></dependsOn><dependsOn id="ch_fhir_ig_ch_emed"><uri value="http://fhir.ch/ig/ch-emed/ImplementationGuide/ch.fhir.ig.ch-emed"/><packageId value="ch.fhir.ig.ch-emed"/><version value="4.0.0-ballot"/></dependsOn><dependsOn id="ch_fhir_ig_ch_vacd"><uri value="http://fhir.ch/ig/ch-vacd/ImplementationGuide/ch.fhir.ig.ch-vacd"/><packageId value="ch.fhir.ig.ch-vacd"/><version value="4.0.0-ballot"/></dependsOn><dependsOn id="ch_fhir_ig_ch_allergyintolerance"><uri value="http://fhir.ch/ig/ch-allergyintolerance/ImplementationGuide/ch.fhir.ig.ch-allergyintolerance"/><packageId value="ch.fhir.ig.ch-allergyintolerance"/><version value="2.0.0-ballot"/></dependsOn><dependsOn id="hl7_fhir_uv_ips"><uri value="http://hl7.org/fhir/uv/ips/ImplementationGuide/hl7.fhir.uv.ips"/><packageId value="hl7.fhir.uv.ips"/><version value="1.0.0"/></dependsOn><definition><extension url="http://hl7.org/fhir/tools/StructureDefinition/ig-parameter"><extension url="code"><valueString value="copyrightyear"/></extension><extension url="value"><valueString value="2021+"/></extension></extension><extension url="http://hl7.org/fhir/tools/StructureDefinition/ig-parameter"><extension url="code"><valueString value="releaselabel"/></extension><extension url="value"><valueString value="ballot"/></extension></extension><extension url="http://hl7.org/fhir/tools/StructureDefinition/ig-parameter"><extension url="code"><valueString value="autoload-resources"/></extension><extension url="value"><valueString value="true"/></extension></extension><extension url="http://hl7.org/fhir/tools/StructureDefinition/ig-parameter"><extension url="code"><valueString value="path-liquid"/></extension><extension url="value"><valueString value="template/liquid"/></extension></extension><extension url="http://hl7.org/fhir/tools/StructureDefinition/ig-parameter"><extension url="code"><valueString value="path-liquid"/></extension><extension url="value"><valueString value="input/liquid"/></extension></extension><extension url="http://hl7.org/fhir/tools/StructureDefinition/ig-parameter"><extension url="code"><valueString value="path-qa"/></extension><extension url="value"><valueString value="temp/qa"/></extension></extension><extension url="http://hl7.org/fhir/tools/StructureDefinition/ig-parameter"><extension url="code"><valueString value="path-temp"/></extension><extension url="value"><valueString value="temp/pages"/></extension></extension><extension url="http://hl7.org/fhir/tools/StructureDefinition/ig-parameter"><extension url="code"><valueString value="path-output"/></extension><extension url="value"><valueString value="output"/></extension></extension><extension url="http://hl7.org/fhir/tools/StructureDefinition/ig-parameter"><extension url="code"><valueString value="path-suppressed-warnings"/></extension><extension url="value"><valueString value="input/ignoreWarnings.txt"/></extension></extension><extension url="http://hl7.org/fhir/tools/StructureDefinition/ig-parameter"><extension url="code"><valueString value="path-history"/></extension><extension url="value"><valueString value="http://fhir.ch/ig/ch-etoc/history.html"/></extension></extension><extension url="http://hl7.org/fhir/tools/StructureDefinition/ig-parameter"><extension url="code"><valueString value="template-html"/></extension><extension url="value"><valueString value="template-page.html"/></extension></extension><extension url="http://hl7.org/fhir/tools/StructureDefinition/ig-parameter"><extension url="code"><valueString value="template-md"/></extension><extension url="value"><valueString value="template-page-md.html"/></extension></extension><extension url="http://hl7.org/fhir/tools/StructureDefinition/ig-parameter"><extension url="code"><valueString value="apply-contact"/></extension><extension url="value"><valueString value="true"/></extension></extension><extension url="http://hl7.org/fhir/tools/StructureDefinition/ig-parameter"><extension url="code"><valueString value="apply-context"/></extension><extension url="value"><valueString value="true"/></extension></extension><extension url="http://hl7.org/fhir/tools/StructureDefinition/ig-parameter"><extension url="code"><valueString value="apply-copyright"/></extension><extension url="value"><valueString value="true"/></extension></extension><extension url="http://hl7.org/fhir/tools/StructureDefinition/ig-parameter"><extension url="code"><valueString value="apply-jurisdiction"/></extension><extension url="value"><valueString value="true"/></extension></extension><extension url="http://hl7.org/fhir/tools/StructureDefinition/ig-parameter"><extension url="code"><valueString value="apply-license"/></extension><extension url="value"><valueString value="true"/></extension></extension><extension url="http://hl7.org/fhir/tools/StructureDefinition/ig-parameter"><extension url="code"><valueString value="apply-publisher"/></extension><extension url="value"><valueString value="true"/></extension></extension><extension url="http://hl7.org/fhir/tools/StructureDefinition/ig-parameter"><extension url="code"><valueString value="apply-version"/></extension><extension url="value"><valueString value="true"/></extension></extension><extension url="http://hl7.org/fhir/tools/StructureDefinition/ig-parameter"><extension url="code"><valueString value="active-tables"/></extension><extension url="value"><valueString value="true"/></extension></extension><extension url="http://hl7.org/fhir/tools/StructureDefinition/ig-parameter"><extension url="code"><valueString value="fmm-definition"/></extension><extension url="value"><valueString value="http://hl7.org/fhir/versions.html#maturity"/></extension></extension><extension url="http://hl7.org/fhir/tools/StructureDefinition/ig-parameter"><extension url="code"><valueString value="propagate-status"/></extension><extension url="value"><valueString value="true"/></extension></extension><extension url="http://hl7.org/fhir/tools/StructureDefinition/ig-parameter"><extension url="code"><valueString value="excludelogbinaryformat"/></extension><extension url="value"><valueString value="true"/></extension></extension><extension url="http://hl7.org/fhir/tools/StructureDefinition/ig-parameter"><extension url="code"><valueString value="tabbed-snapshots"/></extension><extension url="value"><valueString value="true"/></extension></extension><extension url="http://hl7.org/fhir/tools/StructureDefinition/ig-internal-dependency"><valueCode value="hl7.fhir.uv.tools#current"/></extension><extension url="http://hl7.org/fhir/tools/StructureDefinition/ig-parameter"><extension url="code"><valueCode value="copyrightyear"/></extension><extension url="value"><valueString value="2021+"/></extension></extension><extension url="http://hl7.org/fhir/tools/StructureDefinition/ig-parameter"><extension url="code"><valueCode value="releaselabel"/></extension><extension url="value"><valueString value="ballot"/></extension></extension><extension url="http://hl7.org/fhir/tools/StructureDefinition/ig-parameter"><extension url="code"><valueCode value="autoload-resources"/></extension><extension url="value"><valueString value="true"/></extension></extension><extension url="http://hl7.org/fhir/tools/StructureDefinition/ig-parameter"><extension url="code"><valueCode value="path-liquid"/></extension><extension url="value"><valueString value="template/liquid"/></extension></extension><extension url="http://hl7.org/fhir/tools/StructureDefinition/ig-parameter"><extension url="code"><valueCode value="path-liquid"/></extension><extension url="value"><valueString value="input/liquid"/></extension></extension><extension url="http://hl7.org/fhir/tools/StructureDefinition/ig-parameter"><extension url="code"><valueCode value="path-qa"/></extension><extension url="value"><valueString value="temp/qa"/></extension></extension><extension url="http://hl7.org/fhir/tools/StructureDefinition/ig-parameter"><extension url="code"><valueCode value="path-temp"/></extension><extension url="value"><valueString value="temp/pages"/></extension></extension><extension url="http://hl7.org/fhir/tools/StructureDefinition/ig-parameter"><extension url="code"><valueCode value="path-output"/></extension><extension url="value"><valueString value="output"/></extension></extension><extension url="http://hl7.org/fhir/tools/StructureDefinition/ig-parameter"><extension url="code"><valueCode value="path-suppressed-warnings"/></extension><extension url="value"><valueString value="input/ignoreWarnings.txt"/></extension></extension><extension url="http://hl7.org/fhir/tools/StructureDefinition/ig-parameter"><extension url="code"><valueCode value="path-history"/></extension><extension url="value"><valueString value="http://fhir.ch/ig/ch-etoc/history.html"/></extension></extension><extension url="http://hl7.org/fhir/tools/StructureDefinition/ig-parameter"><extension url="code"><valueCode value="template-html"/></extension><extension url="value"><valueString value="template-page.html"/></extension></extension><extension url="http://hl7.org/fhir/tools/StructureDefinition/ig-parameter"><extension url="code"><valueCode value="template-md"/></extension><extension url="value"><valueString value="template-page-md.html"/></extension></extension><extension url="http://hl7.org/fhir/tools/StructureDefinition/ig-parameter"><extension url="code"><valueCode value="apply-contact"/></extension><extension url="value"><valueString value="true"/></extension></extension><extension url="http://hl7.org/fhir/tools/StructureDefinition/ig-parameter"><extension url="code"><valueCode value="apply-context"/></extension><extension url="value"><valueString value="true"/></extension></extension><extension url="http://hl7.org/fhir/tools/StructureDefinition/ig-parameter"><extension url="code"><valueCode value="apply-copyright"/></extension><extension url="value"><valueString value="true"/></extension></extension><extension url="http://hl7.org/fhir/tools/StructureDefinition/ig-parameter"><extension url="code"><valueCode value="apply-jurisdiction"/></extension><extension url="value"><valueString value="true"/></extension></extension><extension url="http://hl7.org/fhir/tools/StructureDefinition/ig-parameter"><extension url="code"><valueCode value="apply-license"/></extension><extension url="value"><valueString value="true"/></extension></extension><extension url="http://hl7.org/fhir/tools/StructureDefinition/ig-parameter"><extension url="code"><valueCode value="apply-publisher"/></extension><extension url="value"><valueString value="true"/></extension></extension><extension url="http://hl7.org/fhir/tools/StructureDefinition/ig-parameter"><extension url="code"><valueCode value="apply-version"/></extension><extension url="value"><valueString value="true"/></extension></extension><extension url="http://hl7.org/fhir/tools/StructureDefinition/ig-parameter"><extension url="code"><valueCode value="active-tables"/></extension><extension url="value"><valueString value="true"/></extension></extension><extension url="http://hl7.org/fhir/tools/StructureDefinition/ig-parameter"><extension url="code"><valueCode value="fmm-definition"/></extension><extension url="value"><valueString value="http://hl7.org/fhir/versions.html#maturity"/></extension></extension><extension url="http://hl7.org/fhir/tools/StructureDefinition/ig-parameter"><extension url="code"><valueCode value="propagate-status"/></extension><extension url="value"><valueString value="true"/></extension></extension><extension url="http://hl7.org/fhir/tools/StructureDefinition/ig-parameter"><extension url="code"><valueCode value="excludelogbinaryformat"/></extension><extension url="value"><valueString value="true"/></extension></extension><extension url="http://hl7.org/fhir/tools/StructureDefinition/ig-parameter"><extension url="code"><valueCode value="tabbed-snapshots"/></extension><extension url="value"><valueString value="true"/></extension></extension><extension url="http://hl7.org/fhir/tools/StructureDefinition/ig-parameter"><extension url="code"><valueCode value="copyrightyear"/></extension><extension url="value"><valueString value="2021+"/></extension></extension><extension url="http://hl7.org/fhir/tools/StructureDefinition/ig-parameter"><extension url="code"><valueCode value="releaselabel"/></extension><extension url="value"><valueString value="ballot"/></extension></extension><extension url="http://hl7.org/fhir/tools/StructureDefinition/ig-parameter"><extension url="code"><valueCode value="autoload-resources"/></extension><extension url="value"><valueString value="true"/></extension></extension><extension url="http://hl7.org/fhir/tools/StructureDefinition/ig-parameter"><extension url="code"><valueCode value="path-liquid"/></extension><extension url="value"><valueString value="template/liquid"/></extension></extension><extension url="http://hl7.org/fhir/tools/StructureDefinition/ig-parameter"><extension url="code"><valueCode value="path-liquid"/></extension><extension url="value"><valueString value="input/liquid"/></extension></extension><extension url="http://hl7.org/fhir/tools/StructureDefinition/ig-parameter"><extension url="code"><valueCode value="path-qa"/></extension><extension url="value"><valueString value="temp/qa"/></extension></extension><extension url="http://hl7.org/fhir/tools/StructureDefinition/ig-parameter"><extension url="code"><valueCode value="path-temp"/></extension><extension url="value"><valueString value="temp/pages"/></extension></extension><extension url="http://hl7.org/fhir/tools/StructureDefinition/ig-parameter"><extension url="code"><valueCode value="path-output"/></extension><extension url="value"><valueString value="output"/></extension></extension><extension url="http://hl7.org/fhir/tools/StructureDefinition/ig-parameter"><extension url="code"><valueCode value="path-suppressed-warnings"/></extension><extension url="value"><valueString value="input/ignoreWarnings.txt"/></extension></extension><extension url="http://hl7.org/fhir/tools/StructureDefinition/ig-parameter"><extension url="code"><valueCode value="path-history"/></extension><extension url="value"><valueString value="http://fhir.ch/ig/ch-etoc/history.html"/></extension></extension><extension url="http://hl7.org/fhir/tools/StructureDefinition/ig-parameter"><extension url="code"><valueCode value="template-html"/></extension><extension url="value"><valueString value="template-page.html"/></extension></extension><extension url="http://hl7.org/fhir/tools/StructureDefinition/ig-parameter"><extension url="code"><valueCode value="template-md"/></extension><extension url="value"><valueString value="template-page-md.html"/></extension></extension><extension url="http://hl7.org/fhir/tools/StructureDefinition/ig-parameter"><extension url="code"><valueCode value="apply-contact"/></extension><extension url="value"><valueString value="true"/></extension></extension><extension url="http://hl7.org/fhir/tools/StructureDefinition/ig-parameter"><extension url="code"><valueCode value="apply-context"/></extension><extension url="value"><valueString value="true"/></extension></extension><extension url="http://hl7.org/fhir/tools/StructureDefinition/ig-parameter"><extension url="code"><valueCode value="apply-copyright"/></extension><extension url="value"><valueString value="true"/></extension></extension><extension url="http://hl7.org/fhir/tools/StructureDefinition/ig-parameter"><extension url="code"><valueCode value="apply-jurisdiction"/></extension><extension url="value"><valueString value="true"/></extension></extension><extension url="http://hl7.org/fhir/tools/StructureDefinition/ig-parameter"><extension url="code"><valueCode value="apply-license"/></extension><extension url="value"><valueString value="true"/></extension></extension><extension url="http://hl7.org/fhir/tools/StructureDefinition/ig-parameter"><extension url="code"><valueCode value="apply-publisher"/></extension><extension url="value"><valueString value="true"/></extension></extension><extension url="http://hl7.org/fhir/tools/StructureDefinition/ig-parameter"><extension url="code"><valueCode value="apply-version"/></extension><extension url="value"><valueString value="true"/></extension></extension><extension url="http://hl7.org/fhir/tools/StructureDefinition/ig-parameter"><extension url="code"><valueCode value="active-tables"/></extension><extension url="value"><valueString value="true"/></extension></extension><extension url="http://hl7.org/fhir/tools/StructureDefinition/ig-parameter"><extension url="code"><valueCode value="fmm-definition"/></extension><extension url="value"><valueString value="http://hl7.org/fhir/versions.html#maturity"/></extension></extension><extension url="http://hl7.org/fhir/tools/StructureDefinition/ig-parameter"><extension url="code"><valueCode value="propagate-status"/></extension><extension url="value"><valueString value="true"/></extension></extension><extension url="http://hl7.org/fhir/tools/StructureDefinition/ig-parameter"><extension url="code"><valueCode value="excludelogbinaryformat"/></extension><extension url="value"><valueString value="true"/></extension></extension><extension url="http://hl7.org/fhir/tools/StructureDefinition/ig-parameter"><extension url="code"><valueCode value="tabbed-snapshots"/></extension><extension url="value"><valueString value="true"/></extension></extension><grouping id="-str-profile"><name value="Structures: Resource Profiles"/><description value="These define constraints on FHIR resources for systems conforming to this implementation guide."/></grouping><grouping id="-term-valueset"><name value="Terminology: Value Sets"/><description value="These define sets of codes used by systems conforming to this implementation guide."/></grouping><grouping id="-term-codesystem"><name value="Terminology: Code Systems"/><description value="These define new code systems used by systems conforming to this implementation guide."/></grouping><grouping id="-ex-example"><name value="Example: Example Instances"/><description value="These are example instances that show what data produced and consumed by systems conforming with this implementation guide might look like."/></grouping><resource><extension url="http://hl7.org/fhir/StructureDefinition/implementationguide-page"><valueUri value="AllergyIntolerance-AllergyIntolerance.html"/></extension><reference><reference value="AllergyIntolerance/AllergyIntolerance"/></reference><name value="Allergy / Intolerance"/><description value="Example for Allergy / Intolerance"/><exampleCanonical value="http://fhir.ch/ig/ch-etoc/StructureDefinition/ch-etoc-allergyintolerance"/><groupingId value="-ex-example"/></resource><resource><extension url="http://hl7.org/fhir/StructureDefinition/implementationguide-page"><valueUri value="Appointment-AppointmentHospitalStay.html"/></extension><reference><reference value="Appointment/AppointmentHospitalStay"/></reference><name value="Appointment Hospital Stay"/><description value="Example for Appointment"/><exampleBoolean value="true"/><groupingId value="-ex-example"/></resource><resource><extension url="http://hl7.org/fhir/StructureDefinition/implementationguide-page"><valueUri value="Observation-Biopsy.html"/></extension><reference><reference value="Observation/Biopsy"/></reference><name value="Biopsie Duodenum / Magen"/><description value="Example for Pathology result"/><exampleCanonical value="http://fhir.ch/ig/ch-etoc/StructureDefinition/ch-etoc-pahtology-observation"/><groupingId value="-ex-example"/></resource><resource><extension url="http://hl7.org/fhir/StructureDefinition/implementationguide-page"><valueUri value="Observation-BodyHeight.html"/></extension><reference><reference value="Observation/BodyHeight"/></reference><name value="Body Height 176 cm"/><description value="Example for Body Height Observation"/><exampleCanonical value="http://fhir.ch/ig/ch-etoc/StructureDefinition/ch-etoc-bodyheight-observation"/><groupingId value="-ex-example"/></resource><resource><extension url="http://hl7.org/fhir/StructureDefinition/implementationguide-page"><valueUri value="Observation-BodyWeight.html"/></extension><reference><reference value="Observation/BodyWeight"/></reference><name value="Body Weight 99 kg"/><description value="Example for Body Weight Observation"/><exampleCanonical value="http://fhir.ch/ig/ch-etoc/StructureDefinition/ch-etoc-bodyweight-observation"/><groupingId value="-ex-example"/></resource><resource><extension url="http://hl7.org/fhir/StructureDefinition/implementationguide-page"><valueUri value="Bundle-DocumentEtoc.html"/></extension><reference><reference value="Bundle/DocumentEtoc"/></reference><name value="Bundle Medical Referral"/><description value="Example for Bundle"/><exampleCanonical value="http://fhir.ch/ig/ch-etoc/StructureDefinition/ch-etoc-document"/><groupingId value="-ex-example"/></resource><resource><extension url="http://hl7.org/fhir/StructureDefinition/implementationguide-page"><valueUri value="StructureDefinition-ch-etoc-allergyintolerance.html"/></extension><reference><reference value="StructureDefinition/ch-etoc-allergyintolerance"/></reference><name value="CH eTOC Allergy Intolerance"/><description value="Definition for the Allergy Intolerance resource in the context of electronic transition of care."/><exampleBoolean value="false"/><groupingId value="-str-profile"/></resource><resource><extension url="http://hl7.org/fhir/StructureDefinition/implementationguide-page"><valueUri value="StructureDefinition-ch-etoc-bodyheight-observation.html"/></extension><reference><reference value="StructureDefinition/ch-etoc-bodyheight-observation"/></reference><name value="CH eTOC Body Height Observation"/><description value="Definition for the Body Height Observation resource in the context of CH eTOC."/><exampleBoolean value="false"/><groupingId value="-str-profile"/></resource><resource><extension url="http://hl7.org/fhir/StructureDefinition/implementationguide-page"><valueUri value="StructureDefinition-ch-etoc-bodyweight-observation.html"/></extension><reference><reference value="StructureDefinition/ch-etoc-bodyweight-observation"/></reference><name value="CH eTOC Body Weight Observation"/><description value="Definition for the Body Weight Observation resource in the context of CH eTOC."/><exampleBoolean value="false"/><groupingId value="-str-profile"/></resource><resource><extension url="http://hl7.org/fhir/StructureDefinition/implementationguide-page"><valueUri value="StructureDefinition-ch-etoc-cardiolology-observation.html"/></extension><reference><reference value="StructureDefinition/ch-etoc-cardiolology-observation"/></reference><name value="CH eTOC cardiology Observation"/><description value="Definition for the cardiology Observation resource in the context of CH eTOC."/><exampleBoolean value="false"/><groupingId value="-str-profile"/></resource><resource><extension url="http://hl7.org/fhir/StructureDefinition/implementationguide-page"><valueUri value="StructureDefinition-ch-etoc-composition.html"/></extension><reference><reference value="StructureDefinition/ch-etoc-composition"/></reference><name value="CH eTOC Composition"/><description value="Definition for the Composition resource in the context of electronic transition of care."/><exampleBoolean value="false"/><groupingId value="-str-profile"/></resource><resource><extension url="http://hl7.org/fhir/StructureDefinition/implementationguide-page"><valueUri value="StructureDefinition-ch-etoc-device.html"/></extension><reference><reference value="StructureDefinition/ch-etoc-device"/></reference><name value="CH eTOC Device"/><description value="Definition for the Device resource in the context of electronic transition of care."/><exampleBoolean value="false"/><groupingId value="-str-profile"/></resource><resource><extension url="http://hl7.org/fhir/StructureDefinition/implementationguide-page"><valueUri value="StructureDefinition-ch-etoc-document.html"/></extension><reference><reference value="StructureDefinition/ch-etoc-document"/></reference><name value="CH eTOC Document"/><description value="Definition for the Bundle (document) resource in the context of electronic transition of care."/><exampleBoolean value="false"/><groupingId value="-str-profile"/></resource><resource><extension url="http://hl7.org/fhir/StructureDefinition/implementationguide-page"><valueUri value="StructureDefinition-ch-etoc-expecteddeliverydate.html"/></extension><reference><reference value="StructureDefinition/ch-etoc-expecteddeliverydate"/></reference><name value="CH eTOC Expected Delivery Date Observation"/><description value="Definition for the Expected Delivery Date Observation resource in the context of CH eTOC."/><exampleBoolean value="false"/><groupingId value="-str-profile"/></resource><resource><extension url="http://hl7.org/fhir/StructureDefinition/implementationguide-page"><valueUri value="StructureDefinition-ch-etoc-functionalstatus.html"/></extension><reference><reference value="StructureDefinition/ch-etoc-functionalstatus"/></reference><name value="CH eTOC Functional Status Condition"/><description value="Definition for the Functional Status Condition resource in the context of electronic transition of care."/><exampleBoolean value="false"/><groupingId value="-str-profile"/></resource><resource><extension url="http://hl7.org/fhir/StructureDefinition/implementationguide-page"><valueUri value="StructureDefinition-ch-etoc-immunization.html"/></extension><reference><reference value="StructureDefinition/ch-etoc-immunization"/></reference><name value="CH eTOC immunizationstatus"/><description value="Definition for the immunizationstatus resource in the context of electronic transition of care."/><exampleBoolean value="false"/><groupingId value="-str-profile"/></resource><resource><extension url="http://hl7.org/fhir/StructureDefinition/implementationguide-page"><valueUri value="StructureDefinition-ch-etoc-lab-observation.html"/></extension><reference><reference value="StructureDefinition/ch-etoc-lab-observation"/></reference><name value="CH eTOC Lab Observation"/><description value="Definition for the Lab Observation resource in the context of CH eTOC."/><exampleBoolean value="false"/><groupingId value="-str-profile"/></resource><resource><extension url="http://hl7.org/fhir/StructureDefinition/implementationguide-page"><valueUri value="StructureDefinition-ch-etoc-illness.html"/></extension><reference><reference value="StructureDefinition/ch-etoc-illness"/></reference><name value="CH eTOC Past History of Illnesses Condition"/><description value="Definition for the Past History of Illnesses Condition resource in the context of electronic transition of care."/><exampleBoolean value="false"/><groupingId value="-str-profile"/></resource><resource><extension url="http://hl7.org/fhir/StructureDefinition/implementationguide-page"><valueUri value="StructureDefinition-ch-etoc-pahtology-observation.html"/></extension><reference><reference value="StructureDefinition/ch-etoc-pahtology-observation"/></reference><name value="CH eTOC Pathology Observation"/><description value="Definition for the Pathology Observation resource in the context of CH eTOC."/><exampleBoolean value="false"/><groupingId value="-str-profile"/></resource><resource><extension url="http://hl7.org/fhir/StructureDefinition/implementationguide-page"><valueUri value="StructureDefinition-ch-etoc-pregnancystatus.html"/></extension><reference><reference value="StructureDefinition/ch-etoc-pregnancystatus"/></reference><name value="CH eTOC Pregnancy Status Observation"/><description value="Definition for the Pregnancy Status Observation resource in the context of CH eTOC."/><exampleBoolean value="false"/><groupingId value="-str-profile"/></resource><resource><extension url="http://hl7.org/fhir/StructureDefinition/implementationguide-page"><valueUri value="StructureDefinition-ch-etoc-primary-diagnosis.html"/></extension><reference><reference value="StructureDefinition/ch-etoc-primary-diagnosis"/></reference><name value="CH eTOC Primary Diagnosis Condition"/><description value="Definition for the Primary Diagnosis Condition resource in the context of electronic tranisiton of care."/><exampleBoolean value="false"/><groupingId value="-str-profile"/></resource><resource><extension url="http://hl7.org/fhir/StructureDefinition/implementationguide-page"><valueUri value="StructureDefinition-ch-etoc-procedure.html"/></extension><reference><reference value="StructureDefinition/ch-etoc-procedure"/></reference><name value="CH eTOC Procedure"/><description value="Definition for the Procedure resource in the context of electronic transition of care."/><exampleBoolean value="false"/><groupingId value="-str-profile"/></resource><resource><extension url="http://hl7.org/fhir/StructureDefinition/implementationguide-page"><valueUri value="StructureDefinition-ch-etoc-radiolology-observation.html"/></extension><reference><reference value="StructureDefinition/ch-etoc-radiolology-observation"/></reference><name value="CH eTOC Radiology Observation"/><description value="Definition for the Radiology Observation resource in the context of CH eTOC."/><exampleBoolean value="false"/><groupingId value="-str-profile"/></resource><resource><extension url="http://hl7.org/fhir/StructureDefinition/implementationguide-page"><valueUri value="StructureDefinition-ch-etoc-secondary-diagnosis.html"/></extension><reference><reference value="StructureDefinition/ch-etoc-secondary-diagnosis"/></reference><name value="CH eTOC Secondary Diagnosis Condition"/><description value="Definition for the Secondary Diagnosis Condition resource in the context of electronic transition of care."/><exampleBoolean value="false"/><groupingId value="-str-profile"/></resource><resource><extension url="http://hl7.org/fhir/StructureDefinition/implementationguide-page"><valueUri value="StructureDefinition-ch-etoc-servicerequest.html"/></extension><reference><reference value="StructureDefinition/ch-etoc-servicerequest"/></reference><name value="CH eTOC Service Request"/><description value="Definition for the ServiceRequest resource in the context of electronic transition of care."/><exampleBoolean value="false"/><groupingId value="-str-profile"/></resource><resource><extension url="http://hl7.org/fhir/StructureDefinition/implementationguide-page"><valueUri value="StructureDefinition-ch-etoc-socialhistory.html"/></extension><reference><reference value="StructureDefinition/ch-etoc-socialhistory"/></reference><name value="CH eTOC Social History Condition"/><description value="Definition for the Social History Condition resource in the context of electronic transition of care."/><exampleBoolean value="false"/><groupingId value="-str-profile"/></resource><resource><extension url="http://hl7.org/fhir/StructureDefinition/implementationguide-page"><valueUri value="Composition-CompositionEtoc.html"/></extension><reference><reference value="Composition/CompositionEtoc"/></reference><name value="Composition Medical Referral"/><description value="Example for Composition"/><exampleCanonical value="http://fhir.ch/ig/ch-etoc/StructureDefinition/ch-etoc-composition"/><groupingId value="-ex-example"/></resource><resource><extension url="http://hl7.org/fhir/StructureDefinition/implementationguide-page"><valueUri value="ValueSet-ch-etoc-conditioncategory.html"/></extension><reference><reference value="ValueSet/ch-etoc-conditioncategory"/></reference><name value="Condition Category"/><description value="Definition for Codition Category in the context of electronic transition of care."/><exampleBoolean value="false"/><groupingId value="-term-valueset"/></resource><resource><extension url="http://hl7.org/fhir/StructureDefinition/implementationguide-page"><valueUri value="Coverage-CoverageKVG.html"/></extension><reference><reference value="Coverage/CoverageKVG"/></reference><name value="Coverage KVG"/><description value="Example for Coverage"/><exampleBoolean value="true"/><groupingId value="-ex-example"/></resource><resource><extension url="http://hl7.org/fhir/StructureDefinition/implementationguide-page"><valueUri value="Practitioner-DAtaenterer.html"/></extension><reference><reference value="Practitioner/DAtaenterer"/></reference><name value="Doris Ataenterer"/><description value="Example for Practitioner"/><exampleBoolean value="true"/><groupingId value="-ex-example"/></resource><resource><extension url="http://hl7.org/fhir/StructureDefinition/implementationguide-page"><valueUri value="PractitionerRole-DAtaentererHappyDoctors.html"/></extension><reference><reference value="PractitionerRole/DAtaentererHappyDoctors"/></reference><name value="Doris Ataenterer@Happy Doctors"/><description value="Example for PractionerRole"/><exampleBoolean value="true"/><groupingId value="-ex-example"/></resource><resource><extension url="http://hl7.org/fhir/StructureDefinition/implementationguide-page"><valueUri value="Observation-Electrocardiogram.html"/></extension><reference><reference value="Observation/Electrocardiogram"/></reference><name value="EKG"/><description value="Example for cardiology result"/><exampleCanonical value="http://fhir.ch/ig/ch-etoc/StructureDefinition/ch-etoc-cardiolology-observation"/><groupingId value="-ex-example"/></resource><resource><extension url="http://hl7.org/fhir/StructureDefinition/implementationguide-page"><valueUri value="CodeSystem-ch-etoc-conditioncategory.html"/></extension><reference><reference value="CodeSystem/ch-etoc-conditioncategory"/></reference><name value="Extension Category of Condition"/><description value="Extension of Category of Conditionin the context of CH electronic tranisiton of care."/><exampleBoolean value="false"/><groupingId value="-term-codesystem"/></resource><resource><extension url="http://hl7.org/fhir/StructureDefinition/implementationguide-page"><valueUri value="Observation-Hemoglobin.html"/></extension><reference><reference value="Observation/Hemoglobin"/></reference><name value="Haemoglobin"/><description value="Example for Lab result"/><exampleCanonical value="http://fhir.ch/ig/ch-etoc/StructureDefinition/ch-etoc-lab-observation"/><groupingId value="-ex-example"/></resource><resource><extension url="http://hl7.org/fhir/StructureDefinition/implementationguide-page"><valueUri value="Observation-HbA1c.html"/></extension><reference><reference value="Observation/HbA1c"/></reference><name value="Hb-A1c"/><description value="Example for Lab result"/><exampleCanonical value="http://fhir.ch/ig/ch-etoc/StructureDefinition/ch-etoc-lab-observation"/><groupingId value="-ex-example"/></resource><resource><extension url="http://hl7.org/fhir/StructureDefinition/implementationguide-page"><valueUri value="Organization-HappyHospital.html"/></extension><reference><reference value="Organization/HappyHospital"/></reference><name value="Klinik Happy Hospital"/><description value="Example for Organization"/><exampleBoolean value="true"/><groupingId value="-ex-example"/></resource><resource><extension url="http://hl7.org/fhir/StructureDefinition/implementationguide-page"><valueUri value="Location-LocationHospitalStay.html"/></extension><reference><reference value="Location/LocationHospitalStay"/></reference><name value="Location Hospital Stay"/><description value="Example for Location"/><exampleBoolean value="true"/><groupingId value="-ex-example"/></resource><resource><extension url="http://hl7.org/fhir/StructureDefinition/implementationguide-page"><valueUri value="PractitionerRole-MedicalDepartmentHappyHospital.html"/></extension><reference><reference value="PractitionerRole/MedicalDepartmentHappyHospital"/></reference><name value="MedicalDepartment@Happy Hospital"/><description value="Example for PractionerRole"/><exampleBoolean value="true"/><groupingId value="-ex-example"/></resource><resource><extension url="http://hl7.org/fhir/StructureDefinition/implementationguide-page"><valueUri value="Medication-MedicationEtoc1.html"/></extension><reference><reference value="Medication/MedicationEtoc1"/></reference><name value="Medication at Medical Referral"/><description value="Medication at Medical Referral"/><exampleBoolean value="true"/><groupingId value="-ex-example"/></resource><resource><extension url="http://hl7.org/fhir/StructureDefinition/implementationguide-page"><valueUri value="Medication-MedicationEtoc2.html"/></extension><reference><reference value="Medication/MedicationEtoc2"/></reference><name value="Medication at Medical Referral"/><description value="Medication at Medical Referral"/><exampleBoolean value="true"/><groupingId value="-ex-example"/></resource><resource><extension url="http://hl7.org/fhir/StructureDefinition/implementationguide-page"><valueUri value="Medication-MedicationEtoc3.html"/></extension><reference><reference value="Medication/MedicationEtoc3"/></reference><name value="Medication at Medical Referral"/><description value="Medication at Medical Referral"/><exampleBoolean value="true"/><groupingId value="-ex-example"/></resource><resource><extension url="http://hl7.org/fhir/StructureDefinition/implementationguide-page"><valueUri value="Questionnaire-ch-etoc-module-allergyIntolerance.html"/></extension><reference><reference value="Questionnaire/ch-etoc-module-allergyIntolerance"/></reference><name value="Module Questionnaire AllergyIntolerlance"/><description value="Subquestionnaire AllergyIntolerlance"/><exampleBoolean value="true"/><groupingId value="-ex-example"/></resource><resource><extension url="http://hl7.org/fhir/StructureDefinition/implementationguide-page"><valueUri value="Questionnaire-ch-etoc-module-anamnesis.html"/></extension><reference><reference value="Questionnaire/ch-etoc-module-anamnesis"/></reference><name value="Module Questionnaire Anamnesis"/><description value="Subquestionnaire Anamnesis"/><exampleBoolean value="true"/><groupingId value="-ex-example"/></resource><resource><extension url="http://hl7.org/fhir/StructureDefinition/implementationguide-page"><valueUri value="Questionnaire-ch-etoc-module-attachment.html"/></extension><reference><reference value="Questionnaire/ch-etoc-module-attachment"/></reference><name value="Module Questionnaire Attachment"/><description value="Subquestionnaire Attachment"/><exampleBoolean value="true"/><groupingId value="-ex-example"/></resource><resource><extension url="http://hl7.org/fhir/StructureDefinition/implementationguide-page"><valueUri value="Questionnaire-ch-etoc-module-cardiology.html"/></extension><reference><reference value="Questionnaire/ch-etoc-module-cardiology"/></reference><name value="Module Questionnaire Cardiology"/><description value="Subquestionnaire cardiology"/><exampleBoolean value="true"/><groupingId value="-ex-example"/></resource><resource><extension url="http://hl7.org/fhir/StructureDefinition/implementationguide-page"><valueUri value="Questionnaire-ch-etoc-module-diagnosis.html"/></extension><reference><reference value="Questionnaire/ch-etoc-module-diagnosis"/></reference><name value="Module Questionnaire Diagnosis"/><description value="Subquestionnaire Diagnosis"/><exampleBoolean value="true"/><groupingId value="-ex-example"/></resource><resource><extension url="http://hl7.org/fhir/StructureDefinition/implementationguide-page"><valueUri value="Questionnaire-ch-etoc-module-imaging.html"/></extension><reference><reference value="Questionnaire/ch-etoc-module-imaging"/></reference><name value="Module Questionnaire imaging"/><description value="Subquestionnaire imaging"/><exampleBoolean value="true"/><groupingId value="-ex-example"/></resource><resource><extension url="http://hl7.org/fhir/StructureDefinition/implementationguide-page"><valueUri value="Questionnaire-ch-etoc-module-immunizationstatus.html"/></extension><reference><reference value="Questionnaire/ch-etoc-module-immunizationstatus"/></reference><name value="Module Questionnaire immunizationstatus"/><description value="Subquestionnaire immunizationstatus"/><exampleBoolean value="true"/><groupingId value="-ex-example"/></resource><resource><extension url="http://hl7.org/fhir/StructureDefinition/implementationguide-page"><valueUri value="Questionnaire-ch-etoc-module-lab.html"/></extension><reference><reference value="Questionnaire/ch-etoc-module-lab"/></reference><name value="Module Questionnaire Lab"/><description value="Subquestionnaire Lab"/><exampleBoolean value="true"/><groupingId value="-ex-example"/></resource><resource><extension url="http://hl7.org/fhir/StructureDefinition/implementationguide-page"><valueUri value="Questionnaire-ch-etoc-module-medication.html"/></extension><reference><reference value="Questionnaire/ch-etoc-module-medication"/></reference><name value="Module Questionnaire Medication"/><description value="Subquestionnaire Medication"/><exampleBoolean value="true"/><groupingId value="-ex-example"/></resource><resource><extension url="http://hl7.org/fhir/StructureDefinition/implementationguide-page"><valueUri value="Questionnaire-ch-etoc-module-note.html"/></extension><reference><reference value="Questionnaire/ch-etoc-module-note"/></reference><name value="Module Questionnaire Note"/><description value="Subquestionnaire Note"/><exampleBoolean value="true"/><groupingId value="-ex-example"/></resource><resource><extension url="http://hl7.org/fhir/StructureDefinition/implementationguide-page"><valueUri value="Questionnaire-ch-etoc-module-pathology.html"/></extension><reference><reference value="Questionnaire/ch-etoc-module-pathology"/></reference><name value="Module Questionnaire Pathologyg"/><description value="Subquestionnaire Pathology"/><exampleBoolean value="true"/><groupingId value="-ex-example"/></resource><resource><extension url="http://hl7.org/fhir/StructureDefinition/implementationguide-page"><valueUri value="Questionnaire-ch-etoc-module-purpose.html"/></extension><reference><reference value="Questionnaire/ch-etoc-module-purpose"/></reference><name value="Module Questionnaire Purpose"/><description value="Subquestionnaire Purpose"/><exampleBoolean value="true"/><groupingId value="-ex-example"/></resource><resource><extension url="http://hl7.org/fhir/StructureDefinition/implementationguide-page"><valueUri value="Practitioner-ORderplacer.html"/></extension><reference><reference value="Practitioner/ORderplacer"/></reference><name value="Ottilie Rderplacer"/><description value="Example for Practitioner"/><exampleBoolean value="true"/><groupingId value="-ex-example"/></resource><resource><extension url="http://hl7.org/fhir/StructureDefinition/implementationguide-page"><valueUri value="PractitionerRole-ORderplacerHappyDoctors.html"/></extension><reference><reference value="PractitionerRole/ORderplacerHappyDoctors"/></reference><name value="Ottilie Rderplacer@Happy Doctors"/><description value="Example for PractionerRole"/><exampleBoolean value="true"/><groupingId value="-ex-example"/></resource><resource><extension url="http://hl7.org/fhir/StructureDefinition/implementationguide-page"><valueUri value="Practitioner-ORderfiller.html"/></extension><reference><reference value="Practitioner/ORderfiller"/></reference><name value="Otto Rderfiller"/><description value="Example for Practitioner"/><exampleBoolean value="true"/><groupingId value="-ex-example"/></resource><resource><extension url="http://hl7.org/fhir/StructureDefinition/implementationguide-page"><valueUri value="Condition-PastHistoryofIllnessesConditionEtoc.html"/></extension><reference><reference value="Condition/PastHistoryofIllnessesConditionEtoc"/></reference><name value="PastHistoryofIllnesses Medical Referral"/><description value="HistoryofIllnessesCondition"/><exampleCanonical value="http://fhir.ch/ig/ch-etoc/StructureDefinition/ch-etoc-illness"/><groupingId value="-ex-example"/></resource><resource><extension url="http://hl7.org/fhir/StructureDefinition/implementationguide-page"><valueUri value="Organization-HappyDoctors.html"/></extension><reference><reference value="Organization/HappyDoctors"/></reference><name value="Praxis Happy Doctors"/><description value="Example for Organization"/><exampleBoolean value="true"/><groupingId value="-ex-example"/></resource><resource><extension url="http://hl7.org/fhir/StructureDefinition/implementationguide-page"><valueUri value="Condition-PrimaryDiagnosis.html"/></extension><reference><reference value="Condition/PrimaryDiagnosis"/></reference><name value="Primary Diagnosis"/><description value="Example for Primary Diagnosis Condition"/><exampleCanonical value="http://fhir.ch/ig/ch-etoc/StructureDefinition/ch-etoc-primary-diagnosis"/><groupingId value="-ex-example"/></resource><resource><extension url="http://hl7.org/fhir/StructureDefinition/implementationguide-page"><valueUri value="Questionnaire-QuestionnaireEtoc.html"/></extension><reference><reference value="Questionnaire/QuestionnaireEtoc"/></reference><name value="QuestionnaireEtoc"/><description value="Definition for the Questionnaire in the context of electronic transition of care."/><exampleBoolean value="true"/><groupingId value="-ex-example"/></resource><resource><extension url="http://hl7.org/fhir/StructureDefinition/implementationguide-page"><valueUri value="QuestionnaireResponse-QuestionnaireResponseEtoc.html"/></extension><reference><reference value="QuestionnaireResponse/QuestionnaireResponseEtoc"/></reference><name value="QuestionnaireResponseEtoc"/><description value="Example for QuestionnaireResponse in the context of electronic transition of care"/><exampleBoolean value="true"/><groupingId value="-ex-example"/></resource><resource><extension url="http://hl7.org/fhir/StructureDefinition/implementationguide-page"><valueUri value="Condition-SecondaryDiagnosis1.html"/></extension><reference><reference value="Condition/SecondaryDiagnosis1"/></reference><name value="Secondary Diagnosis 1"/><description value="Example for Secondary Diagnosis Condition"/><exampleCanonical value="http://fhir.ch/ig/ch-etoc/StructureDefinition/ch-etoc-secondary-diagnosis"/><groupingId value="-ex-example"/></resource><resource><extension url="http://hl7.org/fhir/StructureDefinition/implementationguide-page"><valueUri value="Condition-SecondaryDiagnosis2.html"/></extension><reference><reference value="Condition/SecondaryDiagnosis2"/></reference><name value="Secondary Diagnosis 2"/><description value="Example for Diagnosis Condition"/><exampleCanonical value="http://fhir.ch/ig/ch-etoc/StructureDefinition/ch-etoc-secondary-diagnosis"/><groupingId value="-ex-example"/></resource><resource><extension url="http://hl7.org/fhir/StructureDefinition/implementationguide-page"><valueUri value="ServiceRequest-ServiceRequestEtoc.html"/></extension><reference><reference value="ServiceRequest/ServiceRequestEtoc"/></reference><name value="ServiceRequest Medical Referral"/><description value="Example for ServiceRequest"/><exampleCanonical value="http://fhir.ch/ig/ch-etoc/StructureDefinition/ch-etoc-servicerequest"/><groupingId value="-ex-example"/></resource><resource><extension url="http://hl7.org/fhir/StructureDefinition/implementationguide-page"><valueUri value="Patient-SUfferer.html"/></extension><reference><reference value="Patient/SUfferer"/></reference><name value="Susanna Ufferer"/><description value="Example for Patient"/><exampleBoolean value="true"/><groupingId value="-ex-example"/></resource><resource><extension url="http://hl7.org/fhir/StructureDefinition/implementationguide-page"><valueUri value="Patient-SUffererCopyReceiver.html"/></extension><reference><reference value="Patient/SUffererCopyReceiver"/></reference><name value="Susanna Ufferer Copy Receiver"/><description value="Example for Patient"/><exampleBoolean value="true"/><groupingId value="-ex-example"/></resource><resource><extension url="http://hl7.org/fhir/StructureDefinition/implementationguide-page"><valueUri value="Observation-Imaging.html"/></extension><reference><reference value="Observation/Imaging"/></reference><name value="Thx ap / seitl."/><description value="Example for imaging result"/><exampleCanonical value="http://fhir.ch/ig/ch-etoc/StructureDefinition/ch-etoc-radiolology-observation"/><groupingId value="-ex-example"/></resource><page><extension url="http://hl7.org/fhir/tools/StructureDefinition/ig-page-name"><valueUrl value="toc.html"/></extension><nameUrl value="toc.html"/><title value="Table of Contents"/><generation value="html"/><page><extension url="http://hl7.org/fhir/tools/StructureDefinition/ig-page-name"><valueUrl value="index.html"/></extension><nameUrl value="index.html"/><title value="Home"/><generation value="markdown"/></page><page><extension url="http://hl7.org/fhir/tools/StructureDefinition/ig-page-name"><valueUrl value="usecase-english.html"/></extension><nameUrl value="usecase-english.html"/><title value="Use Cases"/><generation value="markdown"/></page><page><extension url="http://hl7.org/fhir/tools/StructureDefinition/ig-page-name"><valueUrl value="usecase-german.html"/></extension><nameUrl value="usecase-german.html"/><title value="Anwendungsfälle"/><generation value="markdown"/></page><page><extension url="http://hl7.org/fhir/tools/StructureDefinition/ig-page-name"><valueUrl value="questionnaire-form.html"/></extension><nameUrl value="questionnaire-form.html"/><title value="Questionnaire"/><generation value="html"/></page><page><extension url="http://hl7.org/fhir/tools/StructureDefinition/ig-page-name"><valueUrl value="profiles.html"/></extension><nameUrl value="profiles.html"/><title value="Profiles"/><generation value="html"/></page><page><extension url="http://hl7.org/fhir/tools/StructureDefinition/ig-page-name"><valueUrl value="extensions.html"/></extension><nameUrl value="extensions.html"/><title value="Extensions"/><generation value="html"/></page><page><extension url="http://hl7.org/fhir/tools/StructureDefinition/ig-page-name"><valueUrl value="terminology.html"/></extension><nameUrl value="terminology.html"/><title value="Terminology"/><generation value="html"/></page><page><extension url="http://hl7.org/fhir/tools/StructureDefinition/ig-page-name"><valueUrl value="changelog.html"/></extension><nameUrl value="changelog.html"/><title value="Changelog"/><generation value="markdown"/></page><page><extension url="http://hl7.org/fhir/tools/StructureDefinition/ig-page-name"><valueUrl value="artifacts.html"/></extension><nameUrl value="artifacts.html"/><title value="Artifacts Summary"/><generation value="html"/><page><extension url="http://hl7.org/fhir/tools/StructureDefinition/ig-page-name"><valueUrl value="StructureDefinition-ch-etoc-allergyintolerance.html"/></extension><nameUrl value="StructureDefinition-ch-etoc-allergyintolerance.html"/><title value="CH eTOC Allergy Intolerance"/><generation value="generated"/></page><page><extension url="http://hl7.org/fhir/tools/StructureDefinition/ig-page-name"><valueUrl value="StructureDefinition-ch-etoc-bodyheight-observation.html"/></extension><nameUrl value="StructureDefinition-ch-etoc-bodyheight-observation.html"/><title value="CH eTOC Body Height Observation"/><generation value="generated"/></page><page><extension url="http://hl7.org/fhir/tools/StructureDefinition/ig-page-name"><valueUrl value="StructureDefinition-ch-etoc-bodyweight-observation.html"/></extension><nameUrl value="StructureDefinition-ch-etoc-bodyweight-observation.html"/><title value="CH eTOC Body Weight Observation"/><generation value="generated"/></page><page><extension url="http://hl7.org/fhir/tools/StructureDefinition/ig-page-name"><valueUrl value="StructureDefinition-ch-etoc-cardiolology-observation.html"/></extension><nameUrl value="StructureDefinition-ch-etoc-cardiolology-observation.html"/><title value="CH eTOC cardiology Observation"/><generation value="generated"/></page><page><extension url="http://hl7.org/fhir/tools/StructureDefinition/ig-page-name"><valueUrl value="StructureDefinition-ch-etoc-composition.html"/></extension><nameUrl value="StructureDefinition-ch-etoc-composition.html"/><title value="CH eTOC Composition"/><generation value="generated"/></page><page><extension url="http://hl7.org/fhir/tools/StructureDefinition/ig-page-name"><valueUrl value="StructureDefinition-ch-etoc-device.html"/></extension><nameUrl value="StructureDefinition-ch-etoc-device.html"/><title value="CH eTOC Device"/><generation value="generated"/></page><page><extension url="http://hl7.org/fhir/tools/StructureDefinition/ig-page-name"><valueUrl value="StructureDefinition-ch-etoc-document.html"/></extension><nameUrl value="StructureDefinition-ch-etoc-document.html"/><title value="CH eTOC Document"/><generation value="generated"/></page><page><extension url="http://hl7.org/fhir/tools/StructureDefinition/ig-page-name"><valueUrl value="StructureDefinition-ch-etoc-expecteddeliverydate.html"/></extension><nameUrl value="StructureDefinition-ch-etoc-expecteddeliverydate.html"/><title value="CH eTOC Expected Delivery Date Observation"/><generation value="generated"/></page><page><extension url="http://hl7.org/fhir/tools/StructureDefinition/ig-page-name"><valueUrl value="StructureDefinition-ch-etoc-functionalstatus.html"/></extension><nameUrl value="StructureDefinition-ch-etoc-functionalstatus.html"/><title value="CH eTOC Functional Status Condition"/><generation value="generated"/></page><page><extension url="http://hl7.org/fhir/tools/StructureDefinition/ig-page-name"><valueUrl value="StructureDefinition-ch-etoc-immunization.html"/></extension><nameUrl value="StructureDefinition-ch-etoc-immunization.html"/><title value="CH eTOC immunizationstatus"/><generation value="generated"/></page><page><extension url="http://hl7.org/fhir/tools/StructureDefinition/ig-page-name"><valueUrl value="StructureDefinition-ch-etoc-lab-observation.html"/></extension><nameUrl value="StructureDefinition-ch-etoc-lab-observation.html"/><title value="CH eTOC Lab Observation"/><generation value="generated"/></page><page><extension url="http://hl7.org/fhir/tools/StructureDefinition/ig-page-name"><valueUrl value="StructureDefinition-ch-etoc-illness.html"/></extension><nameUrl value="StructureDefinition-ch-etoc-illness.html"/><title value="CH eTOC Past History of Illnesses Condition"/><generation value="generated"/></page><page><extension url="http://hl7.org/fhir/tools/StructureDefinition/ig-page-name"><valueUrl value="StructureDefinition-ch-etoc-pahtology-observation.html"/></extension><nameUrl value="StructureDefinition-ch-etoc-pahtology-observation.html"/><title value="CH eTOC Pathology Observation"/><generation value="generated"/></page><page><extension url="http://hl7.org/fhir/tools/StructureDefinition/ig-page-name"><valueUrl value="StructureDefinition-ch-etoc-pregnancystatus.html"/></extension><nameUrl value="StructureDefinition-ch-etoc-pregnancystatus.html"/><title value="CH eTOC Pregnancy Status Observation"/><generation value="generated"/></page><page><extension url="http://hl7.org/fhir/tools/StructureDefinition/ig-page-name"><valueUrl value="StructureDefinition-ch-etoc-primary-diagnosis.html"/></extension><nameUrl value="StructureDefinition-ch-etoc-primary-diagnosis.html"/><title value="CH eTOC Primary Diagnosis Condition"/><generation value="generated"/></page><page><extension url="http://hl7.org/fhir/tools/StructureDefinition/ig-page-name"><valueUrl value="StructureDefinition-ch-etoc-procedure.html"/></extension><nameUrl value="StructureDefinition-ch-etoc-procedure.html"/><title value="CH eTOC Procedure"/><generation value="generated"/></page><page><extension url="http://hl7.org/fhir/tools/StructureDefinition/ig-page-name"><valueUrl value="StructureDefinition-ch-etoc-radiolology-observation.html"/></extension><nameUrl value="StructureDefinition-ch-etoc-radiolology-observation.html"/><title value="CH eTOC Radiology Observation"/><generation value="generated"/></page><page><extension url="http://hl7.org/fhir/tools/StructureDefinition/ig-page-name"><valueUrl value="StructureDefinition-ch-etoc-secondary-diagnosis.html"/></extension><nameUrl value="StructureDefinition-ch-etoc-secondary-diagnosis.html"/><title value="CH eTOC Secondary Diagnosis Condition"/><generation value="generated"/></page><page><extension url="http://hl7.org/fhir/tools/StructureDefinition/ig-page-name"><valueUrl value="StructureDefinition-ch-etoc-servicerequest.html"/></extension><nameUrl value="StructureDefinition-ch-etoc-servicerequest.html"/><title value="CH eTOC Service Request"/><generation value="generated"/></page><page><extension url="http://hl7.org/fhir/tools/StructureDefinition/ig-page-name"><valueUrl value="StructureDefinition-ch-etoc-socialhistory.html"/></extension><nameUrl value="StructureDefinition-ch-etoc-socialhistory.html"/><title value="CH eTOC Social History Condition"/><generation value="generated"/></page><page><extension url="http://hl7.org/fhir/tools/StructureDefinition/ig-page-name"><valueUrl value="ValueSet-ch-etoc-conditioncategory.html"/></extension><nameUrl value="ValueSet-ch-etoc-conditioncategory.html"/><title value="Condition Category"/><generation value="generated"/></page><page><extension url="http://hl7.org/fhir/tools/StructureDefinition/ig-page-name"><valueUrl value="CodeSystem-ch-etoc-conditioncategory.html"/></extension><nameUrl value="CodeSystem-ch-etoc-conditioncategory.html"/><title value="Extension Category of Condition"/><generation value="generated"/></page><page><extension url="http://hl7.org/fhir/tools/StructureDefinition/ig-page-name"><valueUrl value="AllergyIntolerance-AllergyIntolerance.html"/></extension><nameUrl value="AllergyIntolerance-AllergyIntolerance.html"/><title value="Allergy / Intolerance"/><generation value="generated"/></page><page><extension url="http://hl7.org/fhir/tools/StructureDefinition/ig-page-name"><valueUrl value="Appointment-AppointmentHospitalStay.html"/></extension><nameUrl value="Appointment-AppointmentHospitalStay.html"/><title value="Appointment Hospital Stay"/><generation value="generated"/></page><page><extension url="http://hl7.org/fhir/tools/StructureDefinition/ig-page-name"><valueUrl value="Observation-Biopsy.html"/></extension><nameUrl value="Observation-Biopsy.html"/><title value="Biopsie Duodenum / Magen"/><generation value="generated"/></page><page><extension url="http://hl7.org/fhir/tools/StructureDefinition/ig-page-name"><valueUrl value="Observation-BodyHeight.html"/></extension><nameUrl value="Observation-BodyHeight.html"/><title value="Body Height 176 cm"/><generation value="generated"/></page><page><extension url="http://hl7.org/fhir/tools/StructureDefinition/ig-page-name"><valueUrl value="Observation-BodyWeight.html"/></extension><nameUrl value="Observation-BodyWeight.html"/><title value="Body Weight 99 kg"/><generation value="generated"/></page><page><extension url="http://hl7.org/fhir/tools/StructureDefinition/ig-page-name"><valueUrl value="Bundle-DocumentEtoc.html"/></extension><nameUrl value="Bundle-DocumentEtoc.html"/><title value="Bundle Medical Referral"/><generation value="generated"/></page><page><extension url="http://hl7.org/fhir/tools/StructureDefinition/ig-page-name"><valueUrl value="Composition-CompositionEtoc.html"/></extension><nameUrl value="Composition-CompositionEtoc.html"/><title value="Composition Medical Referral"/><generation value="generated"/></page><page><extension url="http://hl7.org/fhir/tools/StructureDefinition/ig-page-name"><valueUrl value="Coverage-CoverageKVG.html"/></extension><nameUrl value="Coverage-CoverageKVG.html"/><title value="Coverage KVG"/><generation value="generated"/></page><page><extension url="http://hl7.org/fhir/tools/StructureDefinition/ig-page-name"><valueUrl value="Practitioner-DAtaenterer.html"/></extension><nameUrl value="Practitioner-DAtaenterer.html"/><title value="Doris Ataenterer"/><generation value="generated"/></page><page><extension url="http://hl7.org/fhir/tools/StructureDefinition/ig-page-name"><valueUrl value="PractitionerRole-DAtaentererHappyDoctors.html"/></extension><nameUrl value="PractitionerRole-DAtaentererHappyDoctors.html"/><title value="Doris Ataenterer@Happy Doctors"/><generation value="generated"/></page><page><extension url="http://hl7.org/fhir/tools/StructureDefinition/ig-page-name"><valueUrl value="Observation-Electrocardiogram.html"/></extension><nameUrl value="Observation-Electrocardiogram.html"/><title value="EKG"/><generation value="generated"/></page><page><extension url="http://hl7.org/fhir/tools/StructureDefinition/ig-page-name"><valueUrl value="Observation-Hemoglobin.html"/></extension><nameUrl value="Observation-Hemoglobin.html"/><title value="Haemoglobin"/><generation value="generated"/></page><page><extension url="http://hl7.org/fhir/tools/StructureDefinition/ig-page-name"><valueUrl value="Observation-HbA1c.html"/></extension><nameUrl value="Observation-HbA1c.html"/><title value="Hb-A1c"/><generation value="generated"/></page><page><extension url="http://hl7.org/fhir/tools/StructureDefinition/ig-page-name"><valueUrl value="Organization-HappyHospital.html"/></extension><nameUrl value="Organization-HappyHospital.html"/><title value="Klinik Happy Hospital"/><generation value="generated"/></page><page><extension url="http://hl7.org/fhir/tools/StructureDefinition/ig-page-name"><valueUrl value="Location-LocationHospitalStay.html"/></extension><nameUrl value="Location-LocationHospitalStay.html"/><title value="Location Hospital Stay"/><generation value="generated"/></page><page><extension url="http://hl7.org/fhir/tools/StructureDefinition/ig-page-name"><valueUrl value="PractitionerRole-MedicalDepartmentHappyHospital.html"/></extension><nameUrl value="PractitionerRole-MedicalDepartmentHappyHospital.html"/><title value="MedicalDepartment@Happy Hospital"/><generation value="generated"/></page><page><extension url="http://hl7.org/fhir/tools/StructureDefinition/ig-page-name"><valueUrl value="Medication-MedicationEtoc1.html"/></extension><nameUrl value="Medication-MedicationEtoc1.html"/><title value="Medication at Medical Referral"/><generation value="generated"/></page><page><extension url="http://hl7.org/fhir/tools/StructureDefinition/ig-page-name"><valueUrl value="Medication-MedicationEtoc2.html"/></extension><nameUrl value="Medication-MedicationEtoc2.html"/><title value="Medication at Medical Referral"/><generation value="generated"/></page><page><extension url="http://hl7.org/fhir/tools/StructureDefinition/ig-page-name"><valueUrl value="Medication-MedicationEtoc3.html"/></extension><nameUrl value="Medication-MedicationEtoc3.html"/><title value="Medication at Medical Referral"/><generation value="generated"/></page><page><extension url="http://hl7.org/fhir/tools/StructureDefinition/ig-page-name"><valueUrl value="Questionnaire-ch-etoc-module-allergyIntolerance.html"/></extension><nameUrl value="Questionnaire-ch-etoc-module-allergyIntolerance.html"/><title value="Module Questionnaire AllergyIntolerlance"/><generation value="generated"/></page><page><extension url="http://hl7.org/fhir/tools/StructureDefinition/ig-page-name"><valueUrl value="Questionnaire-ch-etoc-module-anamnesis.html"/></extension><nameUrl value="Questionnaire-ch-etoc-module-anamnesis.html"/><title value="Module Questionnaire Anamnesis"/><generation value="generated"/></page><page><extension url="http://hl7.org/fhir/tools/StructureDefinition/ig-page-name"><valueUrl value="Questionnaire-ch-etoc-module-attachment.html"/></extension><nameUrl value="Questionnaire-ch-etoc-module-attachment.html"/><title value="Module Questionnaire Attachment"/><generation value="generated"/></page><page><extension url="http://hl7.org/fhir/tools/StructureDefinition/ig-page-name"><valueUrl value="Questionnaire-ch-etoc-module-cardiology.html"/></extension><nameUrl value="Questionnaire-ch-etoc-module-cardiology.html"/><title value="Module Questionnaire Cardiology"/><generation value="generated"/></page><page><extension url="http://hl7.org/fhir/tools/StructureDefinition/ig-page-name"><valueUrl value="Questionnaire-ch-etoc-module-diagnosis.html"/></extension><nameUrl value="Questionnaire-ch-etoc-module-diagnosis.html"/><title value="Module Questionnaire Diagnosis"/><generation value="generated"/></page><page><extension url="http://hl7.org/fhir/tools/StructureDefinition/ig-page-name"><valueUrl value="Questionnaire-ch-etoc-module-imaging.html"/></extension><nameUrl value="Questionnaire-ch-etoc-module-imaging.html"/><title value="Module Questionnaire imaging"/><generation value="generated"/></page><page><extension url="http://hl7.org/fhir/tools/StructureDefinition/ig-page-name"><valueUrl value="Questionnaire-ch-etoc-module-immunizationstatus.html"/></extension><nameUrl value="Questionnaire-ch-etoc-module-immunizationstatus.html"/><title value="Module Questionnaire immunizationstatus"/><generation value="generated"/></page><page><extension url="http://hl7.org/fhir/tools/StructureDefinition/ig-page-name"><valueUrl value="Questionnaire-ch-etoc-module-lab.html"/></extension><nameUrl value="Questionnaire-ch-etoc-module-lab.html"/><title value="Module Questionnaire Lab"/><generation value="generated"/></page><page><extension url="http://hl7.org/fhir/tools/StructureDefinition/ig-page-name"><valueUrl value="Questionnaire-ch-etoc-module-medication.html"/></extension><nameUrl value="Questionnaire-ch-etoc-module-medication.html"/><title value="Module Questionnaire Medication"/><generation value="generated"/></page><page><extension url="http://hl7.org/fhir/tools/StructureDefinition/ig-page-name"><valueUrl value="Questionnaire-ch-etoc-module-note.html"/></extension><nameUrl value="Questionnaire-ch-etoc-module-note.html"/><title value="Module Questionnaire Note"/><generation value="generated"/></page><page><extension url="http://hl7.org/fhir/tools/StructureDefinition/ig-page-name"><valueUrl value="Questionnaire-ch-etoc-module-pathology.html"/></extension><nameUrl value="Questionnaire-ch-etoc-module-pathology.html"/><title value="Module Questionnaire Pathologyg"/><generation value="generated"/></page><page><extension url="http://hl7.org/fhir/tools/StructureDefinition/ig-page-name"><valueUrl value="Questionnaire-ch-etoc-module-purpose.html"/></extension><nameUrl value="Questionnaire-ch-etoc-module-purpose.html"/><title value="Module Questionnaire Purpose"/><generation value="generated"/></page><page><extension url="http://hl7.org/fhir/tools/StructureDefinition/ig-page-name"><valueUrl value="Practitioner-ORderplacer.html"/></extension><nameUrl value="Practitioner-ORderplacer.html"/><title value="Ottilie Rderplacer"/><generation value="generated"/></page><page><extension url="http://hl7.org/fhir/tools/StructureDefinition/ig-page-name"><valueUrl value="PractitionerRole-ORderplacerHappyDoctors.html"/></extension><nameUrl value="PractitionerRole-ORderplacerHappyDoctors.html"/><title value="Ottilie Rderplacer@Happy Doctors"/><generation value="generated"/></page><page><extension url="http://hl7.org/fhir/tools/StructureDefinition/ig-page-name"><valueUrl value="Practitioner-ORderfiller.html"/></extension><nameUrl value="Practitioner-ORderfiller.html"/><title value="Otto Rderfiller"/><generation value="generated"/></page><page><extension url="http://hl7.org/fhir/tools/StructureDefinition/ig-page-name"><valueUrl value="Condition-PastHistoryofIllnessesConditionEtoc.html"/></extension><nameUrl value="Condition-PastHistoryofIllnessesConditionEtoc.html"/><title value="PastHistoryofIllnesses Medical Referral"/><generation value="generated"/></page><page><extension url="http://hl7.org/fhir/tools/StructureDefinition/ig-page-name"><valueUrl value="Organization-HappyDoctors.html"/></extension><nameUrl value="Organization-HappyDoctors.html"/><title value="Praxis Happy Doctors"/><generation value="generated"/></page><page><extension url="http://hl7.org/fhir/tools/StructureDefinition/ig-page-name"><valueUrl value="Condition-PrimaryDiagnosis.html"/></extension><nameUrl value="Condition-PrimaryDiagnosis.html"/><title value="Primary Diagnosis"/><generation value="generated"/></page><page><extension url="http://hl7.org/fhir/tools/StructureDefinition/ig-page-name"><valueUrl value="Questionnaire-QuestionnaireEtoc.html"/></extension><nameUrl value="Questionnaire-QuestionnaireEtoc.html"/><title value="QuestionnaireEtoc"/><generation value="generated"/></page><page><extension url="http://hl7.org/fhir/tools/StructureDefinition/ig-page-name"><valueUrl value="QuestionnaireResponse-QuestionnaireResponseEtoc.html"/></extension><nameUrl value="QuestionnaireResponse-QuestionnaireResponseEtoc.html"/><title value="QuestionnaireResponseEtoc"/><generation value="generated"/></page><page><extension url="http://hl7.org/fhir/tools/StructureDefinition/ig-page-name"><valueUrl value="Condition-SecondaryDiagnosis1.html"/></extension><nameUrl value="Condition-SecondaryDiagnosis1.html"/><title value="Secondary Diagnosis 1"/><generation value="generated"/></page><page><extension url="http://hl7.org/fhir/tools/StructureDefinition/ig-page-name"><valueUrl value="Condition-SecondaryDiagnosis2.html"/></extension><nameUrl value="Condition-SecondaryDiagnosis2.html"/><title value="Secondary Diagnosis 2"/><generation value="generated"/></page><page><extension url="http://hl7.org/fhir/tools/StructureDefinition/ig-page-name"><valueUrl value="ServiceRequest-ServiceRequestEtoc.html"/></extension><nameUrl value="ServiceRequest-ServiceRequestEtoc.html"/><title value="ServiceRequest Medical Referral"/><generation value="generated"/></page><page><extension url="http://hl7.org/fhir/tools/StructureDefinition/ig-page-name"><valueUrl value="Patient-SUfferer.html"/></extension><nameUrl value="Patient-SUfferer.html"/><title value="Susanna Ufferer"/><generation value="generated"/></page><page><extension url="http://hl7.org/fhir/tools/StructureDefinition/ig-page-name"><valueUrl value="Patient-SUffererCopyReceiver.html"/></extension><nameUrl value="Patient-SUffererCopyReceiver.html"/><title value="Susanna Ufferer Copy Receiver"/><generation value="generated"/></page><page><extension url="http://hl7.org/fhir/tools/StructureDefinition/ig-page-name"><valueUrl value="Observation-Imaging.html"/></extension><nameUrl value="Observation-Imaging.html"/><title value="Thx ap / seitl."/><generation value="generated"/></page></page></page><parameter><code value="path-resource"/><value value="input/capabilities"/></parameter><parameter><code value="path-resource"/><value value="input/examples"/></parameter><parameter><code value="path-resource"/><value value="input/extensions"/></parameter><parameter><code value="path-resource"/><value value="input/models"/></parameter><parameter><code value="path-resource"/><value value="input/operations"/></parameter><parameter><code value="path-resource"/><value value="input/profiles"/></parameter><parameter><code value="path-resource"/><value value="input/resources"/></parameter><parameter><code value="path-resource"/><value value="input/vocabulary"/></parameter><parameter><code value="path-resource"/><value value="input/maps"/></parameter><parameter><code value="path-resource"/><value value="input/testing"/></parameter><parameter><code value="path-resource"/><value value="input/history"/></parameter><parameter><code value="path-resource"/><value value="fsh-generated/resources"/></parameter><parameter><code value="path-pages"/><value value="template/config"/></parameter><parameter><code value="path-pages"/><value value="input/images"/></parameter><parameter><code value="path-tx-cache"/><value value="input-cache/txcache"/></parameter></definition></ImplementationGuide>