<?xml version="1.0" encoding="UTF-8"?>

<Practitioner xmlns="http://hl7.org/fhir">
  <id value="ChCorePractitionerTRub"/>
  <meta>
    <profile value="http://fhir.ch/ig/ch-core/StructureDefinition/ch-core-practitioner"/>
  </meta>
  <text>
    <status value="generated"/><div xmlns="http://www.w3.org/1999/xhtml"><p class="res-header-id"><b>Generated Narrative: Practitioner ChCorePractitionerTRub</b></p><a name="ChCorePractitionerTRub"> </a><a name="hcChCorePractitionerTRub"> </a><a name="ChCorePractitionerTRub-en-US"> </a><p><b>name</b>: Rub Thomas </p></div>
  </text>
  <name>
    <family value="Thomas"/>
    <given value="Rub"/>
  </name>
</Practitioner>