<?xml version="1.0" encoding="UTF-8"?>

<MedicationStatement xmlns="http://hl7.org/fhir">
  <id value="1-1-MedStatTriatec"/>
  <meta>
    <profile value="http://fhir.ch/ig/ch-emed/StructureDefinition/ch-emed-medicationstatement-treatmentplan"/>
  </meta>
  <text>
    <status value="generated"/><div xmlns="http://www.w3.org/1999/xhtml"><p><b>Generated Narrative with Details</b></p><p><b>id</b>: 1-1-MedStatTriatec</p><p><b>meta</b>: </p><p><b>contained</b>: </p><p><b>identifier</b>: urn:uuid:c9f758a1-296c-4710-84d4-e181db8c7478</p><p><b>status</b>: completed</p><p><b>medication</b>: unknown resource contained</p><p><b>subject</b>: <a href="Patient-MonikaWegmueller.html">Generated Summary: id: MonikaWegmueller; Medical record number = 11111111; Monika Wegmüller ; gender: female; birthDate: 1943-05-15</a></p><p><b>reasonCode</b>: Bluthochdruck <span style="background: LightGoldenRodYellow">(Details )</span></p><p><b>note</b>: -</p><p><b>dosage</b>: , </p></div>
  </text>
  <contained>
    <Medication>
      <id value="med"/>
      <code>
        <coding>
          <system value="urn:oid:2.51.1.1"/>
          <code value="7680538751228"/>
          <display value="TRIATEC Tabl 2.5 mg 20 Stk"/>
        </coding>
        <text value="TRIATEC Tabl 2.5 mg"/>
      </code>
      <form>
        <coding>
          <system value="urn:oid:0.4.0.127.0.16.1.1.2.1"/>
          <code value="10219000"/>
          <display value="Tablet"/>
        </coding>
      </form>
      <amount>
        <numerator>
          <value value="20"/>
        </numerator>
        <denominator>
          <value value="1"/>
        </denominator>
      </amount>
      <ingredient>
        <itemCodeableConcept>
          <coding>
            <system value="http://snomed.info/sct"/>
            <code value="386872004"/>
            <display value="Ramipril (substance)"/>
          </coding>
          <text value="Ramipril"/>
        </itemCodeableConcept>
        <strength>
          <numerator>
            <value value="2.5"/>
            <unit value="mg"/>
          </numerator>
          <denominator>
            <value value="1"/>
            <unit value="1"/>
          </denominator>
        </strength>
      </ingredient>
    </Medication>
  </contained>
  <identifier>
    <system value="urn:ietf:rfc:3986"/>
    <value value="urn:uuid:c9f758a1-296c-4710-84d4-e181db8c7478"/>
  </identifier>
  <status value="completed"/>
  <medicationReference>
    <reference value="#med"/>
  </medicationReference>
  <subject>
    <reference value="Patient/MonikaWegmueller"/>
  </subject>
  <reasonCode>
    <text value="Bluthochdruck"/>
  </reasonCode>
  <note>
    <text value="-"/>
  </note>
  <dosage>
    <extension url="http://fhir.ch/ig/ch-emed/StructureDefinition/ch-emed-ext-dosagetype">
      <valueIdentifier>
        <value value="1.3.6.1.4.1.19376.1.5.3.1.4.7.1"/>
      </valueIdentifier>
    </extension>
    <timing>
      <repeat>
        <boundsPeriod>
          <start value="2011-11-29"/>
        </boundsPeriod>
        <when value="ACM"/>
      </repeat>
    </timing>
    <route>
      <coding>
        <system value="urn:oid:0.4.0.127.0.16.1.1.2.1"/>
        <code value="20053000"/>
        <display value="Oral use"/>
      </coding>
    </route>
    <doseAndRate>
      <doseQuantity>
        <value value="0.5"/>
      </doseQuantity>
    </doseAndRate>
  </dosage>
  <dosage>
    <text value="Morgens 1/2 Tablette nehmen"/>
  </dosage>
</MedicationStatement>