{
  "resourceType": "Bundle",
  "id": "B-D4-HCP1-C1",
  "meta": {
    "profile": [
      "http://fhir.ch/ig/ch-vacd/StructureDefinition/ch-vacd-document-immunization-administration"
    ]
  },
  "identifier": {
    "system": "urn:ietf:rfc:3986",
    "value": "urn:uuid:e254e76f-6545-43ea-a941-eed254ac58fa"
  },
  "type": "document",
  "timestamp": "2021-10-20T14:00:00.390+02:00",
  "entry": [
    {
      "fullUrl": "http://test.fhir.ch/r4/Composition/B-D4-HCP1-C1-Composition",
      "resource": {
        "resourceType": "Composition",
        "id": "B-D4-HCP1-C1-Composition",
        "meta": {
          "profile": [
            "http://fhir.ch/ig/ch-vacd/StructureDefinition/ch-vacd-composition-immunization-administration"
          ]
        },
        "language": "en-US",
        "text": {
          "status": "generated",
          "div": "<div xmlns=\"http://www.w3.org/1999/xhtml\" xml:lang=\"en-US\" lang=\"en-US\"><div class=\"hapiHeaderText\">Immunization Administration</div><table class=\"hapiPropertyTable\"><tr><td>Patient</td><td>Monika <b>WEGMUELLER</b></td></tr><tr><td>Author</td><td><div><div class=\"hapiHeaderText\">Monika <b>WEGMUELLER</b></div><table class=\"hapiPropertyTable\"><tbody><tr><td>Identifier</td><td>123.71.332.115</td></tr><tr><td>Address</td><td><span>CH-</span><span>9876 </span><span>Specimendorf</span></td></tr><tr><td>Date of birth</td><td><span>10 February 1967</span></td></tr></tbody></table></div></td></tr><tr><td>Status</td><td>FINAL</td></tr><tr><td>Language</td><td>en-US</td></tr><tr><td>Sections</td><td><table><tr><td>Medical Problems</td></tr></table></td></tr></table></div>"
        },
        "extension": [
          {
            "id": "versionNumber",
            "url": "http://fhir.ch/ig/ch-core/StructureDefinition/ch-ext-epr-versionnumber",
            "valueUnsignedInt": 1
          }
        ],
        "identifier": {
          "system": "urn:ietf:rfc:3986",
          "value": "urn:uuid:ddd50da7-3358-4d36-85cf-569ba7473dc5"
        },
        "status": "final",
        "type": {
          "coding": [
            {
              "system": "http://snomed.info/sct",
              "code": "41000179103",
              "display": "Immunization record"
            }
          ]
        },
        "subject": {
          "reference": "Patient/TC-patient"
        },
        "date": "2021-10-20T14:00:00.390+02:00",
        "author": [
          {
            "reference": "PractitionerRole/TC-HCP1-ORG1-ROLE-author"
          }
        ],
        "title": "Immunization Administration",
        "confidentiality": "N",
        "_confidentiality": {
          "extension": [
            {
              "url": "http://fhir.ch/ig/ch-core/StructureDefinition/ch-ext-epr-confidentialitycode",
              "valueCodeableConcept": {
                "coding": [
                  {
                    "system": "http://snomed.info/sct",
                    "code": "17621005",
                    "display": "Normal (qualifier value)"
                  }
                ]
              }
            }
          ]
        },
        "custodian": {
          "reference": "Organization/TC-ORG1"
        },
        "section": [
          {
            "id": "medicalproblems",
            "title": "Medical Problems",
            "code": {
              "coding": [
                {
                  "system": "http://loinc.org",
                  "code": "11450-4",
                  "display": "Problem list Reported"
                }
              ]
            },
            "text": {
              "status": "generated",
              "div": "<div xmlns=\"http://www.w3.org/1999/xhtml\" xml:lang=\"en-US\" lang=\"en-US\"><p><b>Code: </b><span>Problem list Reported (http://loinc.org#11450-4)</span></p><p><b>Entries:</b></p><table><tr><td><a href=\"Condition-TCB03-EXPRISK1.html\">Condition/TCB03-EXPRISK1</a></td></tr></table></div>"
            },
            "entry": [
              {
                "reference": "Condition/TCB03-EXPRISK1"
              }
            ]
          }
        ]
      }
    },
    {
      "fullUrl": "http://test.fhir.ch/r4/Patient/TC-patient",
      "resource": {
        "resourceType": "Patient",
        "id": "TC-patient",
        "meta": {
          "profile": [
            "http://fhir.ch/ig/ch-core/StructureDefinition/ch-core-patient-epr"
          ]
        },
        "text": {
          "status": "generated",
          "div": "<div xmlns=\"http://www.w3.org/1999/xhtml\"><p><b>Generated Narrative</b></p><div style=\"display: inline-block; background-color: #d9e0e7; padding: 6px; margin: 4px; border: 1px solid #8da1b4; border-radius: 5px; line-height: 60%\"><p style=\"margin-bottom: 0px\">Resource \"TC-patient\" </p><p style=\"margin-bottom: 0px\">Profile: <a href=\"http://fhir.ch/ig/ch-core/2.1.0/StructureDefinition-ch-core-patient-epr.html\">CH Core Patient EPR</a></p></div><p><b>identifier</b>: Medical record number: 12345678</p><p><b>name</b>: Monika Wegmueller </p><p><b>telecom</b>: ph: tel:+41.32.685.12.34(HOME)</p><p><b>gender</b>: female</p><p><b>birthDate</b>: 1967-02-10</p><p><b>address</b>: Leidensweg 10 Specimendorf 9876 CH </p></div>"
        },
        "identifier": [
          {
            "type": {
              "coding": [
                {
                  "system": "http://terminology.hl7.org/CodeSystem/v2-0203",
                  "code": "MR"
                }
              ]
            },
            "system": "urn:oid:1.2.3.4",
            "value": "12345678"
          }
        ],
        "name": [
          {
            "family": "Wegmueller",
            "given": [
              "Monika"
            ]
          }
        ],
        "telecom": [
          {
            "system": "phone",
            "value": "tel:+41.32.685.12.34",
            "use": "home"
          }
        ],
        "gender": "female",
        "birthDate": "1967-02-10",
        "address": [
          {
            "type": "both",
            "line": [
              "Leidensweg 10"
            ],
            "city": "Specimendorf",
            "postalCode": "9876",
            "country": "CH"
          }
        ]
      }
    },
    {
      "fullUrl": "http://test.fhir.ch/r4/Organization/TC-ORG1",
      "resource": {
        "resourceType": "Organization",
        "id": "TC-ORG1",
        "meta": {
          "profile": [
            "http://fhir.ch/ig/ch-core/StructureDefinition/ch-core-organization-epr"
          ]
        },
        "text": {
          "status": "generated",
          "div": "<div xmlns=\"http://www.w3.org/1999/xhtml\"><p><b>Generated Narrative</b></p><div style=\"display: inline-block; background-color: #d9e0e7; padding: 6px; margin: 4px; border: 1px solid #8da1b4; border-radius: 5px; line-height: 60%\"><p style=\"margin-bottom: 0px\">Resource \"TC-ORG1\" </p><p style=\"margin-bottom: 0px\">Profile: <a href=\"http://fhir.ch/ig/ch-core/2.1.0/StructureDefinition-ch-core-organization-epr.html\">CH Core Organization EPR</a></p></div><p><b>identifier</b>: id: 7601888888884</p><p><b>name</b>: Gruppenpraxis CH</p><p><b>telecom</b>: ph: tel:+41.32.234.55.66(WORK), fax: fax:+41.32.234.55.67(WORK), <a href=\"mailto:mailto:bereit@gruppenpraxis.ch\">mailto:bereit@gruppenpraxis.ch</a>, <a href=\"http://www.gruppenpraxis.ch\">http://www.gruppenpraxis.ch</a></p><p><b>address</b>: Doktorgasse 2 Musterhausen ZH 8888 CH </p></div>"
        },
        "identifier": [
          {
            "system": "urn:oid:2.51.1.3",
            "value": "7601888888884"
          }
        ],
        "name": "Gruppenpraxis CH",
        "telecom": [
          {
            "system": "phone",
            "value": "tel:+41.32.234.55.66",
            "use": "work"
          },
          {
            "system": "fax",
            "value": "fax:+41.32.234.55.67",
            "use": "work"
          },
          {
            "system": "email",
            "value": "mailto:bereit@gruppenpraxis.ch",
            "use": "work"
          },
          {
            "system": "url",
            "value": "http://www.gruppenpraxis.ch",
            "use": "work"
          }
        ],
        "address": [
          {
            "line": [
              "Doktorgasse 2"
            ],
            "city": "Musterhausen",
            "state": "ZH",
            "postalCode": "8888",
            "country": "CH"
          }
        ]
      }
    },
    {
      "fullUrl": "http://test.fhir.ch/r4/Practitioner/TC-HCP1-C1",
      "resource": {
        "resourceType": "Practitioner",
        "id": "TC-HCP1-C1",
        "meta": {
          "profile": [
            "http://fhir.ch/ig/ch-core/StructureDefinition/ch-core-practitioner-epr"
          ]
        },
        "text": {
          "status": "generated",
          "div": "<div xmlns=\"http://www.w3.org/1999/xhtml\"><p><b>Generated Narrative</b></p><div style=\"display: inline-block; background-color: #d9e0e7; padding: 6px; margin: 4px; border: 1px solid #8da1b4; border-radius: 5px; line-height: 60%\"><p style=\"margin-bottom: 0px\">Resource \"TC-HCP1-C1\" </p><p style=\"margin-bottom: 0px\">Profile: <a href=\"http://fhir.ch/ig/ch-core/2.1.0/StructureDefinition-ch-core-practitioner-epr.html\">CH Core Practitioner EPR</a></p></div><p><b>identifier</b>: id: 7601888888884</p><p><b>active</b>: true</p><p><b>name</b>: Allzeit Bereit </p><p><b>telecom</b>: ph: tel:+41.32.234.55.66(WORK), fax: fax:+41.32.234.55.67(WORK), <a href=\"mailto:mailto:allzeit.bereit@gruppenpraxis.ch\">mailto:allzeit.bereit@gruppenpraxis.ch</a>, <a href=\"http://www.gruppenpraxis.ch\">http://www.gruppenpraxis.ch</a></p><p><b>address</b>: Doktorgasse 2 Musterhausen 8888 CH </p></div>"
        },
        "identifier": [
          {
            "system": "urn:oid:2.51.1.3",
            "value": "7601888888884"
          }
        ],
        "active": true,
        "name": [
          {
            "family": "Bereit",
            "given": [
              "Allzeit"
            ],
            "prefix": [
              "Dr. med."
            ]
          }
        ],
        "telecom": [
          {
            "system": "phone",
            "value": "tel:+41.32.234.55.66",
            "use": "work"
          },
          {
            "system": "fax",
            "value": "fax:+41.32.234.55.67",
            "use": "work"
          },
          {
            "system": "email",
            "value": "mailto:allzeit.bereit@gruppenpraxis.ch",
            "use": "work"
          },
          {
            "system": "url",
            "value": "http://www.gruppenpraxis.ch",
            "use": "work"
          }
        ],
        "address": [
          {
            "type": "physical",
            "line": [
              "Doktorgasse 2"
            ],
            "city": "Musterhausen",
            "postalCode": "8888",
            "country": "CH"
          }
        ]
      }
    },
    {
      "fullUrl": "http://test.fhir.ch/r4/PractitionerRole/TC-HCP1-ORG1-ROLE-author",
      "resource": {
        "resourceType": "PractitionerRole",
        "id": "TC-HCP1-ORG1-ROLE-author",
        "meta": {
          "profile": [
            "http://fhir.ch/ig/ch-core/StructureDefinition/ch-core-practitionerrole-epr"
          ]
        },
        "text": {
          "status": "generated",
          "div": "<div xmlns=\"http://www.w3.org/1999/xhtml\"><p><b>Generated Narrative</b></p><div style=\"display: inline-block; background-color: #d9e0e7; padding: 6px; margin: 4px; border: 1px solid #8da1b4; border-radius: 5px; line-height: 60%\"><p style=\"margin-bottom: 0px\">Resource \"TC-HCP1-ORG1-ROLE-author\" </p><p style=\"margin-bottom: 0px\">Profile: <a href=\"http://fhir.ch/ig/ch-core/2.1.0/StructureDefinition-ch-core-practitionerrole-epr.html\">CH Core PractitionerRole EPR</a></p></div><p><b>active</b>: true</p><p><b>practitioner</b>: <a href=\"#Practitioner_TC-HCP1-C1\">See above (Practitioner/TC-HCP1-C1)</a></p><p><b>organization</b>: <a href=\"#Organization_TC-ORG1\">See above (Organization/TC-ORG1)</a></p></div>"
        },
        "active": true,
        "practitioner": {
          "reference": "Practitioner/TC-HCP1-C1"
        },
        "organization": {
          "reference": "Organization/TC-ORG1"
        }
      }
    },
    {
      "fullUrl": "http://test.fhir.ch/r4/Condition/TCB03-EXPRISK1",
      "resource": {
        "resourceType": "Condition",
        "id": "TCB03-EXPRISK1",
        "meta": {
          "profile": [
            "http://fhir.ch/ig/ch-vacd/StructureDefinition/ch-vacd-medical-problems"
          ]
        },
        "text": {
          "status": "generated",
          "div": "<div xmlns=\"http://www.w3.org/1999/xhtml\"><p><b>Generated Narrative</b></p><div style=\"display: inline-block; background-color: #d9e0e7; padding: 6px; margin: 4px; border: 1px solid #8da1b4; border-radius: 5px; line-height: 60%\"><p style=\"margin-bottom: 0px\">Resource \"TCB03-EXPRISK1\" </p><p style=\"margin-bottom: 0px\">Profile: <a href=\"StructureDefinition-ch-vacd-medical-problems.html\">CH VACD Medical Problems</a></p></div><p><b>identifier</b>: id: 30327ea1-6893-4c65-896e-c32c394f1ec6</p><p><b>clinicalStatus</b>: Active <span style=\"background: LightGoldenRodYellow; margin: 4px; border: 1px solid khaki\"> (<a href=\"http://terminology.hl7.org/3.1.0/CodeSystem-condition-clinical.html\">Condition Clinical Status Codes</a>#active)</span></p><p><b>verificationStatus</b>: Confirmed <span style=\"background: LightGoldenRodYellow; margin: 4px; border: 1px solid khaki\"> (<a href=\"http://terminology.hl7.org/3.1.0/CodeSystem-condition-ver-status.html\">ConditionVerificationStatus</a>#confirmed)</span></p><p><b>category</b>: Problem List Item <span style=\"background: LightGoldenRodYellow; margin: 4px; border: 1px solid khaki\"> (<a href=\"http://terminology.hl7.org/3.1.0/CodeSystem-condition-category.html\">Condition Category Codes</a>#problem-list-item)</span></p><p><b>code</b>: Beschäftigte im Gesundheitswesen <span style=\"background: LightGoldenRodYellow; margin: 4px; border: 1px solid khaki\"> (<a href=\"CodeSystem-ch-vacd-exposure-risks-cs.html\">Swiss Exposure Risks Codesystem</a>#213001)</span></p><p><b>subject</b>: <a href=\"#Patient_TC-patient\">See above (Patient/TC-patient)</a></p><p><b>onset</b>: 2021-10-01</p><p><b>recordedDate</b>: 2021-10-20</p><p><b>recorder</b>: <a href=\"#PractitionerRole_TC-HCP1-ORG1-ROLE-author\">See above (PractitionerRole/TC-HCP1-ORG1-ROLE-author)</a></p></div>"
        },
        "identifier": [
          {
            "system": "urn:oid:2.16.756.5.30.1.402.1.3.1.1.2",
            "value": "30327ea1-6893-4c65-896e-c32c394f1ec6"
          }
        ],
        "clinicalStatus": {
          "coding": [
            {
              "system": "http://terminology.hl7.org/CodeSystem/condition-clinical",
              "code": "active",
              "display": "Active"
            }
          ]
        },
        "verificationStatus": {
          "coding": [
            {
              "system": "http://terminology.hl7.org/CodeSystem/condition-ver-status",
              "code": "confirmed",
              "display": "Confirmed"
            }
          ]
        },
        "category": [
          {
            "coding": [
              {
                "system": "http://terminology.hl7.org/CodeSystem/condition-category",
                "code": "problem-list-item",
                "display": "Problem List Item"
              }
            ]
          }
        ],
        "code": {
          "coding": [
            {
              "system": "http://fhir.ch/ig/ch-vacd/CodeSystem/ch-vacd-exposure-risks-cs",
              "code": "213001",
              "display": "Beschäftigte im Gesundheitswesen"
            }
          ]
        },
        "subject": {
          "reference": "Patient/TC-patient"
        },
        "onsetDateTime": "2021-10-01",
        "recordedDate": "2021-10-20",
        "recorder": {
          "reference": "PractitionerRole/TC-HCP1-ORG1-ROLE-author"
        }
      }
    }
  ]
}