{
  "resourceType": "Composition",
  "id": "A-D5-P-C1-Composition",
  "meta": {
    "profile": [
      "http://fhir.ch/ig/ch-vacd/StructureDefinition/ch-vacd-composition-immunization-administration"
    ]
  },
  "language": "en-US",
  "text": {
    "status": "generated",
    "div": "<div xmlns=\"http://www.w3.org/1999/xhtml\" xml:lang=\"en-US\" lang=\"en-US\"><h3>Immunization Administration</h3><p><b>Id: </b>A-D5-P-C1-Composition</p><p><b>Identifier: </b><span>urn:ietf:rfc:3986#urn:uuid:c2e1d265-f3fa-4023-92a3-2e9efe1ca192</span></p><p><b>Status: </b>Final</p><p><b>Code: </b><span>Immunization record (http://snomed.info/sct#41000179103)</span></p><p><b>Patient: </b><a href=\"Patient-TC-patient.html\">Patient/TC-patient</a> Wegmueller Monika</p><p><b>Date: </b>September 1, 2021</p><p><b>Authors:</b></p><table><tr><td><p><a href=\"Patient-TC-patient.html\">Patient/TC-patient</a> Wegmueller Monika</p></td></tr></table><p><b>Confidentiality: </b>null<span> Normal (qualifier value) (http://snomed.info/sct#17621005)</span></p><p><b>Sections:</b></p><table><tr><td>Immunization Administration</td></tr><tr><td>Comments</td></tr></table></div>"
  },
  "extension": [
    {
      "id": "versionNumber",
      "url": "http://fhir.ch/ig/ch-core/StructureDefinition/ch-ext-epr-versionnumber",
      "valueUnsignedInt": 1
    }
  ],
  "identifier": {
    "system": "urn:ietf:rfc:3986",
    "value": "urn:uuid:c2e1d265-f3fa-4023-92a3-2e9efe1ca192"
  },
  "status": "final",
  "type": {
    "coding": [
      {
        "system": "http://snomed.info/sct",
        "code": "41000179103",
        "display": "Immunization record"
      }
    ]
  },
  "subject": {
    "reference": "Patient/TC-patient"
  },
  "date": "2021-09-01T00:00:00.390+02:00",
  "author": [
    {
      "reference": "Patient/TC-patient"
    }
  ],
  "title": "Immunization Administration",
  "confidentiality": "N",
  "_confidentiality": {
    "extension": [
      {
        "url": "http://fhir.ch/ig/ch-core/StructureDefinition/ch-ext-epr-confidentialitycode",
        "valueCodeableConcept": {
          "coding": [
            {
              "system": "http://snomed.info/sct",
              "code": "17621005",
              "display": "Normal (qualifier value)"
            }
          ]
        }
      }
    ]
  },
  "custodian": {
    "reference": "Organization/TC-ORG1"
  },
  "section": [
    {
      "id": "administration",
      "title": "Immunization Administration",
      "code": {
        "coding": [
          {
            "system": "http://loinc.org",
            "code": "11369-6",
            "display": "Hx of Immunization"
          }
        ]
      },
      "text": {
        "status": "generated",
        "div": "<div xmlns=\"http://www.w3.org/1999/xhtml\" xml:lang=\"en-US\" lang=\"en-US\"><p><b>Code: </b><span>Hx of Immunization (http://loinc.org#11369-6)</span></p><p><b>Entries:</b></p><table><tr><td><a href=\"Immunization-TCA03-IMMUN5-patient.html\">Immunization/TCA03-IMMUN5-patient</a></td></tr></table></div>"
      },
      "entry": [
        {
          "reference": "Immunization/TCA03-IMMUN5-patient"
        }
      ]
    },
    {
      "id": "Annotation",
      "title": "Comments",
      "code": {
        "coding": [
          {
            "system": "http://loinc.org",
            "code": "48767-8",
            "display": "Annotation comment Imp"
          }
        ]
      },
      "text": {
        "status": "generated",
        "div": "<div xmlns=\"http://www.w3.org/1999/xhtml\" xml:lang=\"en-US\" lang=\"en-US\"><p><b>Code: </b><span>Annotation comment [Interpretation] Narrative (http://loinc.org#48767-8)</span></p></div>"
      }
    }
  ]
}