<?xml version="1.0" encoding="UTF-8"?><ValueSet xmlns="http://hl7.org/fhir"><id value="IVR-VS-airway"/><meta><source value="http://art-decor.org/fhir/ValueSet/2.16.756.5.30.1.1.11.18--20160911143032"/><profile value="http://hl7.org/fhir/StructureDefinition/shareablevalueset"/></meta><text><status value="generated"/><div xmlns="http://www.w3.org/1999/xhtml"><ul><li>Include these codes as defined in <a href="http://www.snomed.org/"><code>http://snomed.info/sct</code></a><table class="none"><tr><td style="white-space:nowrap"><b>Code</b></td><td><b>Display</b></td></tr><tr><td><a href="http://browser.ihtsdotools.org/?perspective=full&amp;conceptId1=248553004">248553004</a></td><td>No obstruction of airway</td><td/></tr><tr><td><a href="http://browser.ihtsdotools.org/?perspective=full&amp;conceptId1=710971000">710971000</a></td><td>Maintaining clear airway</td><td/></tr><tr><td><a href="http://browser.ihtsdotools.org/?perspective=full&amp;conceptId1=230040009">230040009</a></td><td>Airway suctioning</td><td/></tr><tr><td><a href="http://browser.ihtsdotools.org/?perspective=full&amp;conceptId1=706177004">706177004</a></td><td>Inhalation therapy device</td><td/></tr><tr><td><a href="http://browser.ihtsdotools.org/?perspective=full&amp;conceptId1=74964007">74964007</a></td><td>Other</td><td/></tr></table></li></ul><p><b>Additional Language Displays</b></p><table class="codes"><tr><td><b>Code</b></td><td><b>Deutsch (Schweiz) (German (Switzerland), de)</b></td><td><b>French (Switzerland) (fr)</b></td><td><b>Italian (Switzerland) (it)</b></td></tr><tr><td>248553004</td><td>Atemwege frei</td><td>Voies aériennes libres</td><td>Vie aeree libere</td></tr><tr><td>710971000</td><td>Freimachen der Atemwege</td><td>Libération des voies aériennes</td><td>Liberazione delle vie aeree</td></tr><tr><td>230040009</td><td>Absaugen der Atemwege</td><td>Aspiration des voies aériennes</td><td>Aspirazione delle vie aeree</td></tr><tr><td>706177004</td><td>Inhalationsset</td><td>Kit de nébulisation</td><td>Set per l&#39;inalazione</td></tr><tr><td>74964007</td><td>andere</td><td>autre</td><td>altro</td></tr></table></div></text><extension url="http://hl7.org/fhir/StructureDefinition/resource-effectivePeriod"><valuePeriod><start value="2016-09-11T14:30:32+02:00"/></valuePeriod></extension><url value="http://fhir.ch/ig/ch-ems/ValueSet/IVR-VS-airway"/><identifier><use value="official"/><system value="http://art-decor.org/ns/oids/vs"/><value value="2.16.756.5.30.1.1.11.18"/></identifier><version value="1.9.0"/><name value="ECH0207Airway"/><title value="IVR valueset airway (143.11.2)"/><status value="draft"/><experimental value="false"/><date value="2020-08-25T14:08:15+02:00"/><publisher value="IVR Interverband f&#xFC;r Rettungswesen"/><contact><name value="IVR Interverband f&#xFC;r Rettungswesen"/><telecom><system value="url"/><value value="https://www.ivr-ias.ch/"/></telecom></contact><description value="listet die Massnahmen auf, mit denen die Atemwege w&#xE4;hrend dem Einsatz behandelt werden"/><jurisdiction><coding><system value="urn:iso:std:iso:3166"/><code value="CH"/></coding></jurisdiction><immutable value="false"/><copyright value="This artefact includes content from SNOMED Clinical Terms&#xAE; (SNOMED CT&#xAE;) which is copyright of the International Health Terminology Standards Development Organisation (IHTSDO). Implementers of these artefacts must have the appropriate SNOMED CT Affiliate license - for more information contact http://www.snomed.org/snomed-ct/getsnomed-ct or info@snomed.org."/><compose><include><system value="http://snomed.info/sct"/><concept><code value="248553004"/><display value="No obstruction of airway"/><designation><language value="de-CH"/><value value="Atemwege frei"/></designation><designation><language value="fr-CH"/><value value="Voies a&#xE9;riennes libres"/></designation><designation><language value="it-CH"/><value value="Vie aeree libere"/></designation></concept><concept><code value="710971000"/><display value="Maintaining clear airway"/><designation><language value="de-CH"/><value value="Freimachen der Atemwege"/></designation><designation><language value="fr-CH"/><value value="Lib&#xE9;ration des voies a&#xE9;riennes"/></designation><designation><language value="it-CH"/><value value="Liberazione delle vie aeree"/></designation></concept><concept><code value="230040009"/><display value="Airway suctioning"/><designation><language value="de-CH"/><value value="Absaugen der Atemwege"/></designation><designation><language value="fr-CH"/><value value="Aspiration des voies a&#xE9;riennes"/></designation><designation><language value="it-CH"/><value value="Aspirazione delle vie aeree"/></designation></concept><concept><code value="706177004"/><display value="Inhalation therapy device"/><designation><language value="de-CH"/><value value="Inhalationsset"/></designation><designation><language value="fr-CH"/><value value="Kit de n&#xE9;bulisation"/></designation><designation><language value="it-CH"/><value value="Set per l&#39;inalazione"/></designation></concept><concept><code value="74964007"/><display value="Other"/><designation><language value="de-CH"/><value value="andere"/></designation><designation><language value="fr-CH"/><value value="autre"/></designation><designation><language value="it-CH"/><value value="altro"/></designation></concept></include></compose></ValueSet>