<?xml version="1.0" encoding="UTF-8"?>

<!-- According to CH EMED issue #33 (https://github.com/ehealthsuisse/ch-emed/issues/33)
    https://www.ihe.net/uploadedFiles/Documents/Pharmacy/IHE_Pharmacy_Suppl_PADV.pdf
        6.3.4.3.3.12 Changed Medication Treatment Plan Item (page 39)

    Additional use case to show how the dosage can be changed:
    Initial situation:  1-1 Medication Treatment Plan document (http://build.fhir.org/ig/ehealthsuisse/ch-emed/branches/master/Bundle-1-1-MedicationTreatmentPlan.html)
                        Triatec:     0.5-0-0-0
    Dosage change:      PharmaceuticalAdvice-ChangeDosage
                        Triatec:     1-0-0-0
 -->
<Bundle xmlns="http://hl7.org/fhir">
  <id value="PharmaceuticalAdvice-ChangeDosage"/>
  <meta>
    <profile value="http://fhir.ch/ig/ch-emed/StructureDefinition/ch-emed-document-pharmaceuticaladvice"/>
  </meta>
  <identifier>
    <system value="urn:ietf:rfc:3986"/>
    <value value="urn:uuid:adab8d2d-ae14-48d6-8d15-b726d6ea82c5"/>
  </identifier>
  <type value="document"/>
  <timestamp value="2012-02-04T14:00:00+01:00"/>
  <entry>
    <fullUrl value="http://test.fhir.ch/r4/Composition/PharmaceuticalAdvice-ChangeDosage"/>
    <resource>
      <Composition>
        <id value="PharmaceuticalAdvice-ChangeDosage"/>
        <language value="de-CH"/>
        <text>
          <status value="extensions"/><div xmlns="http://www.w3.org/1999/xhtml" xml:lang="de-CH" lang="de-CH"><p><b>Generated Narrative</b></p><p><b>EPR Information Recipient</b>: <a href="#Patient_MonikaWegmuellerRecipient">See above (Patient/MonikaWegmuellerRecipient)</a></p><p><b>identifier</b>: id: urn:uuid:adab8d2d-ae14-48d6-8d15-b726d6ea82c5</p><p><b>status</b>: final</p><p><b>type</b>: <span title="Codes: {http://loinc.org 61356-2}, {http://snomed.info/sct 419891008}">Medication pharmaceutical advice.extended</span></p><p><b>date</b>: Feb 4, 2012, 2:00:00 PM</p><p><b>author</b>: </p><ul><li><a href="#Practitioner_FamilienHausarzt">See above (Practitioner/FamilienHausarzt)</a></li><li><a href="#Organization_Hausarzt">See above (Organization/Hausarzt)</a></li></ul><p><b>title</b>: Kommentar zur Medikation</p><p><b>confidentiality</b>: N</p><p><b>custodian</b>: <a href="#Organization_Custodian">See above (Organization/Custodian)</a></p></div>
        </text>
        <extension url="http://fhir.ch/ig/ch-core/StructureDefinition/ch-ext-epr-informationrecipient">
          <valueReference>
            <reference value="Patient/MonikaWegmuellerRecipient"/>
          </valueReference>
        </extension>
        <identifier>
          <system value="urn:ietf:rfc:3986"/>
          <value value="urn:uuid:adab8d2d-ae14-48d6-8d15-b726d6ea82c5"/>
        </identifier>
        <status value="final"/>
        <type>
          <coding>
            <system value="http://loinc.org"/>
            <code value="61356-2"/>
            <display value="Medication pharmaceutical advice.extended"/>
          </coding>
          <coding>
            <system value="http://snomed.info/sct"/>
            <code value="419891008"/>
            <display value="Record artifact (record artifact)"/>
          </coding>
        </type>
        <subject>
          <reference value="Patient/MonikaWegmueller"/>
        </subject>
        <date value="2012-02-04T14:00:00+01:00"/>
        <author>
          <extension url="http://fhir.ch/ig/ch-core/StructureDefinition/ch-ext-epr-time">
            <valueDateTime value="2012-02-04T14:00:00+01:00"/>
          </extension>
          <reference value="Practitioner/FamilienHausarzt"/>
        </author>
        <author>
          <reference value="Organization/Hausarzt"/>
        </author>
        <title value="Kommentar zur Medikation"/>
        <confidentiality value="N">
          <extension url="http://fhir.ch/ig/ch-core/StructureDefinition/ch-ext-epr-confidentialitycode">
            <valueCodeableConcept>
              <coding>
                <system value="http://snomed.info/sct"/>
                <code value="17621005"/>
                <display value="Normally accessible"/>
              </coding>
            </valueCodeableConcept>
          </extension>
        </confidentiality>
        <custodian>
          <reference value="Organization/Custodian"/>
        </custodian>
        <section>
          <title value="Hinweise zur Medikation"/>
          <code>
            <coding>
              <system value="http://loinc.org"/>
              <code value="61357-0"/>
              <display value="Medication pharmaceutical advice.brief"/>
            </coding>
          </code>
          <text>
            <status value="generated"/><div xmlns="http://www.w3.org/1999/xhtml">
                            <table>
                                <thead>
                                    <tr>
                                        <th>Präpartename</th>
                                        <th>Wirkstoffname</th>
                                        <th>Galenische Form</th>
                                        <th>Dosis pro Einheit</th>
                                        <th>Dosierung</th>
                                        <th>Dos.Morgen</th>
                                        <th>Dos.Mittag</th>
                                        <th>Dos.Abend</th>
                                        <th>Dos.Nacht</th>
                                        <th>Verabreichungsweg</th>
                                        <th>Anwendungsdauer</th>
                                        <th>Behandlungsgrund</th>
                                        <th>Kommentar</th>
                                    </tr>
                                </thead>
                                <tbody>
                                    <tr id="padv.1">
                                        <td id="padv.1.brandedmedication">Triatec</td>
                                        <td id="padv.1.ingredient">Ramipril</td>
                                        <td id="padv.1.packageform">Tbl</td>
                                        <td id="padv.1.dosequantity">2.5 mg</td>
                                        <td id="padv.1.dosageintakemode">Morgens 1 Tablette nehmen</td>
                                        <td id="padv.1.dosagemorning">1</td>
                                        <td id="padv.1.dosagelunch">0</td>
                                        <td id="padv.1.dosageevening">0</td>
                                        <td id="padv.1.dosagenight">0</td>
                                        <td id="padv.1.routecode">oral</td>
                                        <td id="padv.1.datefromto"/>
                                        <td id="padv.1.reason">Bluthochdruck</td>
                                        <td id="padv.1.note">Dosierungsänderung: Morgens 1 Tablette anstatt 0.5 Tablette</td>
                                    </tr>
                                </tbody>
                            </table>
                        </div>
          </text>
          <entry>
            <reference value="Observation/PharmaceuticalAdvice-DosageChange"/>
          </entry>
        </section>
      </Composition>
    </resource>
  </entry>
  <entry>
    <fullUrl value="http://test.fhir.ch/r4/Patient/MonikaWegmueller"/>
    <resource>
      <Patient>
        <id value="MonikaWegmueller"/>
        <text>
          <status value="generated"/><div xmlns="http://www.w3.org/1999/xhtml"><p><b>Generated Narrative</b></p><p><b>identifier</b>: Medical record number: 11111111</p><p><b>name</b>: Monika Wegmüller </p><p><b>gender</b>: female</p><p><b>birthDate</b>: 1943-05-15</p><p><b>address</b>: Wiesenstr. 12 Zürich 8003 CH </p></div>
        </text>
        <identifier>
          <type>
            <coding>
              <system value="http://terminology.hl7.org/CodeSystem/v2-0203"/>
              <code value="MR"/>
            </coding>
          </type>
          <system value="urn:oid:2.999"/>
          <value value="11111111"/>
        </identifier>
        <name>
          <family value="Wegm&#xFC;ller"/>
          <given value="Monika"/>
        </name>
        <gender value="female"/>
        <birthDate value="1943-05-15"/>
        <address>
          <line value="Wiesenstr. 12"/>
          <city value="Z&#xFC;rich"/>
          <postalCode value="8003"/>
          <country value="CH"/>
        </address>
      </Patient>
    </resource>
  </entry>
  <entry>
    <fullUrl value="http://test.fhir.ch/r4/Practitioner/FamilienHausarzt"/>
    <resource>
      <Practitioner>
        <id value="FamilienHausarzt"/>
        <text>
          <status value="generated"/><div xmlns="http://www.w3.org/1999/xhtml"><p><b>Generated Narrative</b></p><p><b>identifier</b>: id: 7601000234438</p><p><b>name</b>: Familien Hausarzt </p></div>
        </text>
        <identifier>
          <system value="urn:oid:2.51.1.3"/>
          <value value="7601000234438"/>
        </identifier>
        <name>
          <family value="Hausarzt"/>
          <given value="Familien"/>
        </name>
      </Practitioner>
    </resource>
  </entry>
  <entry>
    <fullUrl value="http://test.fhir.ch/r4/Organization/Hausarzt"/>
    <resource>
      <Organization>
        <id value="Hausarzt"/>
        <text>
          <status value="generated"/><div xmlns="http://www.w3.org/1999/xhtml"><p><b>Generated Narrative</b></p><p><b>identifier</b>: id: 7601000234438</p><p><b>name</b>: Hausarzt</p><p><b>address</b>: Krankenstrasse 2 Zürich 8005 CH </p></div>
        </text>
        <identifier>
          <system value="urn:oid:2.51.1.3"/>
          <value value="7601000234438"/>
        </identifier>
        <name value="Hausarzt"/>
        <address>
          <line value="Krankenstrasse 2"/>
          <city value="Z&#xFC;rich"/>
          <postalCode value="8005"/>
          <country value="CH"/>
        </address>
      </Organization>
    </resource>
  </entry>
  <entry>
    <fullUrl value="http://test.fhir.ch/r4/Organization/Custodian"/>
    <resource>
      <Organization>
        <id value="Custodian"/>
        <text>
          <status value="generated"/><div xmlns="http://www.w3.org/1999/xhtml"><p><b>Generated Narrative</b></p><p><b>identifier</b>: id: 7601000234438</p><p><b>name</b>: Hausarzt</p></div>
        </text>
        <identifier>
          <system value="urn:oid:2.51.1.3"/>
          <value value="7601000234438"/>
        </identifier>
        <name value="Hausarzt"/>
      </Organization>
    </resource>
  </entry>
  <entry>
    <fullUrl value="http://test.fhir.ch/r4/Patient/MonikaWegmuellerRecipient"/>
    <resource>
      <Patient>
        <id value="MonikaWegmuellerRecipient"/>
        <text>
          <status value="generated"/><div xmlns="http://www.w3.org/1999/xhtml"><p><b>Generated Narrative</b></p><p><b>name</b>: Monika Wegmüller </p><p><b>address</b>: Wiesenstr. 12 Zürich 8003 CH </p></div>
        </text>
        <name>
          <family value="Wegm&#xFC;ller"/>
          <given value="Monika"/>
        </name>
        <address>
          <line value="Wiesenstr. 12"/>
          <city value="Z&#xFC;rich"/>
          <postalCode value="8003"/>
          <country value="CH"/>
        </address>
      </Patient>
    </resource>
  </entry>
  <entry>
    <fullUrl value="http://test.fhir.ch/r4/Observation/PharmaceuticalAdvice-DosageChange"/>
    <resource>
      <Observation>
        <id value="PharmaceuticalAdvice-DosageChange"/>
        <text>
          <status value="extensions"/><div xmlns="http://www.w3.org/1999/xhtml"><p><b>Generated Narrative</b></p><blockquote><p><b>CH EMED Extension Treatment Plan</b></p><h3>Urls</h3><table class="grid"><tr><td>-</td></tr><tr><td>*</td></tr></table><p><b>value</b>: id: urn:uuid:c9f758a1-296c-4710-84d4-e181db8c7478</p><h3>Urls</h3><table class="grid"><tr><td>-</td></tr><tr><td>*</td></tr></table><p><b>value</b>: id: urn:uuid:c9f758a1-296c-4710-84d4-e181db8c7478</p></blockquote><p><b>CH EMED Extension MedicationStatement Changed</b>: <a href="#MedicationStatement_MedStatTriatec-ChangeDosage">See above (MedicationStatement/MedStatTriatec-ChangeDosage)</a></p><p><b>identifier</b>: id: urn:uuid:adab8d2d-ae14-48d6-8d15-b726d6ea82c5</p><p></p><p><b>code</b>: <span title="Codes: {urn:oid:1.3.6.1.4.1.19376.1.9.2.1 CHANGE}">CHANGE</span></p><p><b>subject</b>: <a href="#Patient_MonikaWegmueller">See above (Patient/MonikaWegmueller)</a></p><p><b>effective</b>: Feb 4, 2012, 2:00:00 PM</p><p><b>note</b>: Dosierungsänderung: Morgens 1 Tablette anstatt 0.5 Tablette</p></div>
        </text>
      <!--  Reference to 1-1 Medication Treatment Plan document with original dosage of 0.5-0-0-0  -->
        <extension url="http://fhir.ch/ig/ch-emed/StructureDefinition/ch-emed-ext-treatmentplan">
          <extension url="id">
            <valueIdentifier>
              <system value="urn:ietf:rfc:3986"/>
              <value value="urn:uuid:c9f758a1-296c-4710-84d4-e181db8c7478"/>
            </valueIdentifier>
          </extension>
          <extension url="externalDocumentId">
            <valueIdentifier>
              <system value="urn:ietf:rfc:3986"/>
              <value value="urn:uuid:c9f758a1-296c-4710-84d4-e181db8c7478"/>
            </valueIdentifier>
          </extension>
        </extension>
      <!--  Reference to new MedicationStatement with changed dosage of 1-0-0-0  -->
        <extension url="http://fhir.ch/ig/ch-emed/StructureDefinition/ch-emed-ext-medicationstatement-changed">
          <valueReference>
            <reference value="MedicationStatement/MedStatTriatec-ChangeDosage"/>
          </valueReference>
        </extension>
        <identifier>
          <system value="urn:ietf:rfc:3986"/>
          <value value="urn:uuid:adab8d2d-ae14-48d6-8d15-b726d6ea82c5"/>
        </identifier>
        <status value="final"/>
        <code>
          <coding>
            <system value="urn:oid:1.3.6.1.4.1.19376.1.9.2.1"/>
            <code value="CHANGE"/>
          </coding>
        </code>
        <subject>
          <reference value="Patient/MonikaWegmueller"/>
        </subject>
        <effectiveDateTime value="2012-02-04T14:00:00+01:00"/>
        <note>
          <extension url="http://hl7.org/fhir/StructureDefinition/narrativeLink">
            <valueUrl value="#padv.1.note"/>
          </extension>
          <text value="Dosierungs&#xE4;nderung: Morgens 1 Tablette anstatt 0.5 Tablette"/>
        </note>
      </Observation>
    </resource>
  </entry>
  <entry>
    <fullUrl value="http://test.fhir.ch/r4/MedicationStatement/MedStatTriatec-ChangeDosage"/>
    <resource>
      <MedicationStatement>
        <id value="MedStatTriatec-ChangeDosage"/>
        <text>
          <status value="extensions"/><div xmlns="http://www.w3.org/1999/xhtml"><p><b>Generated Narrative</b></p><p><b>Narrative Link</b>: <code>#padv.1</code></p><p><b>identifier</b>: id: urn:uuid:adab8d2d-ae14-48d6-8d15-b726d6ea82c5</p><p><b>status</b>: completed</p><p><b>medication</b>: <a name="med"> </a></p><blockquote><p><b>code</b>: <span title="Codes: {urn:oid:2.51.1.1 7680538751228}">TRIATEC Tabl 2.5 mg</span></p><p><b>form</b>: <span title="Codes: {urn:oid:0.4.0.127.0.16.1.1.2.1 10219000}">Tablet</span></p><p><b>amount</b>: 20 Tablet (unit of presentation)/1 Package</p><h3>Ingredients</h3><table class="grid"><tr><td>-</td><td><b>Item[x]</b></td><td><b>Strength</b></td></tr><tr><td>*</td><td><span title="Codes: {http://snomed.info/sct 386872004}">Ramipril</span></td><td>2.5 milligram/1 Tablet (unit of presentation)</td></tr></table></blockquote><p><b>subject</b>: <a href="#Patient_MonikaWegmueller">See above (Patient/MonikaWegmueller)</a></p><p><b>reasonCode</b>: <span title="Codes: ">Bluthochdruck</span></p><h3>Dosages</h3><table class="grid"><tr><td>-</td></tr><tr><td>*</td></tr><tr><td>*</td></tr></table></div>
        </text>
        <contained>
          <Medication>
            <id value="med"/>
            <code>
              <extension url="http://hl7.org/fhir/StructureDefinition/narrativeLink">
                <valueUrl value="#padv.1"/>
              </extension>
              <coding>
                <system value="urn:oid:2.51.1.1"/>
                <code value="7680538751228"/>
                <display value="TRIATEC Tabl 2.5 mg 20 Stk"/>
              </coding>
              <text value="TRIATEC Tabl 2.5 mg"/>
            </code>
            <form>
              <coding>
                <system value="urn:oid:0.4.0.127.0.16.1.1.2.1"/>
                <code value="10219000"/>
                <display value="Tablet"/>
              </coding>
            </form>
            <amount>
              <numerator>
                <value value="20"/>
                <unit value="Tablet (unit of presentation)"/>
                <system value="http://snomed.info/sct"/>
                <code value="732936001"/>
              </numerator>
              <denominator>
                <value value="1"/>
                <unit value="Package"/>
                <system value="http://unitsofmeasure.org"/>
                <code value="{Package}"/>
              </denominator>
            </amount>
            <ingredient>
              <itemCodeableConcept>
                <coding>
                  <system value="http://snomed.info/sct"/>
                  <code value="386872004"/>
                  <display value="Ramipril (substance)"/>
                </coding>
                <text value="Ramipril"/>
              </itemCodeableConcept>
              <strength>
                <numerator>
                  <value value="2.5"/>
                  <unit value="milligram"/>
                  <system value="http://unitsofmeasure.org"/>
                  <code value="mg"/>
                </numerator>
                <denominator>
                  <value value="1"/>
                  <unit value="Tablet (unit of presentation)"/>
                  <system value="http://snomed.info/sct"/>
                  <code value="732936001"/>
                </denominator>
              </strength>
            </ingredient>
          </Medication>
        </contained>
        <extension url="http://hl7.org/fhir/StructureDefinition/narrativeLink">
          <valueUrl value="#padv.1"/>
        </extension>
        <identifier>
          <system value="urn:ietf:rfc:3986"/>
          <value value="urn:uuid:adab8d2d-ae14-48d6-8d15-b726d6ea82c5"/>
        </identifier>
        <status value="completed"/>
        <medicationReference>
          <reference value="#med"/>
        </medicationReference>
        <subject>
          <reference value="Patient/MonikaWegmueller"/>
        </subject>
        <reasonCode>
          <extension url="http://hl7.org/fhir/StructureDefinition/narrativeLink">
            <valueUrl value="#padv.1.reason"/>
          </extension>
          <text value="Bluthochdruck"/>
        </reasonCode>
        <dosage>
          <timing>
            <repeat>
              <boundsPeriod>
                <start value="2011-11-29"/>
              </boundsPeriod>
              <when value="MORN"/>
            </repeat>
          </timing>
          <route>
            <coding>
              <system value="urn:oid:0.4.0.127.0.16.1.1.2.1"/>
              <code value="20053000"/>
              <display value="Oral use"/>
            </coding>
          </route>
          <doseAndRate>
            <doseQuantity>
              <value value="1"/>
              <unit value="Tablet (unit of presentation)"/>
              <system value="http://snomed.info/sct"/>
              <code value="732936001"/>
            </doseQuantity>
          </doseAndRate>
        </dosage>
        <dosage>
          <extension url="http://hl7.org/fhir/StructureDefinition/narrativeLink">
            <valueUrl value="#padv.1.dosageintakemode"/>
          </extension>
          <text value="Morgens 1 Tablette nehmen"/>
        </dosage>
      </MedicationStatement>
    </resource>
  </entry>
</Bundle>