<?xml version="1.0" encoding="UTF-8"?>

<Medication xmlns="http://hl7.org/fhir">
  <id value="1-1-Triatec"/>
  <meta>
    <profile value="http://fhir.ch/ig/ch-emed/StructureDefinition/ch-emed-medication"/>
  </meta>
  <text>
    <status value="generated"/><div xmlns="http://www.w3.org/1999/xhtml"><p><b>Generated Narrative</b></p><p><b>code</b>: <span title="Codes: {urn:oid:2.51.1.1 7680538751228}">TRIATEC Tabl 2.5 mg</span></p><p><b>form</b>: <span title="Codes: {urn:oid:0.4.0.127.0.16.1.1.2.1 10219000}">Tablet</span></p><p><b>amount</b>: 20 Tablet (unit of presentation)/1 Package</p><h3>Ingredients</h3><table class="grid"><tr><td>-</td><td><b>Item[x]</b></td><td><b>Strength</b></td></tr><tr><td>*</td><td><span title="Codes: {http://snomed.info/sct 386872004}">Ramipril</span></td><td>2.5 milligram/1 Tablet (unit of presentation)</td></tr></table></div>
  </text>
  <code>
    <coding>
      <system value="urn:oid:2.51.1.1"/>
      <code value="7680538751228"/>
      <display value="TRIATEC Tabl 2.5 mg 20 Stk"/>
    </coding>
    <text value="TRIATEC Tabl 2.5 mg"/>
  </code>
  <form>
    <coding>
      <system value="urn:oid:0.4.0.127.0.16.1.1.2.1"/>
      <code value="10219000"/>
      <display value="Tablet"/>
    </coding>
  </form>
  <amount>
    <numerator>
      <value value="20"/>
      <unit value="Tablet (unit of presentation)"/>
      <system value="http://snomed.info/sct"/>
      <code value="732936001"/>
    </numerator>
    <denominator>
      <value value="1"/>
      <unit value="Package"/>
      <system value="http://unitsofmeasure.org"/>
      <code value="{Package}"/>
    </denominator>
  </amount>
  <ingredient>
    <itemCodeableConcept>
      <coding>
        <system value="http://snomed.info/sct"/>
        <code value="386872004"/>
        <display value="Ramipril (substance)"/>
      </coding>
      <text value="Ramipril"/>
    </itemCodeableConcept>
    <strength>
      <numerator>
        <value value="2.5"/>
        <unit value="milligram"/>
        <system value="http://unitsofmeasure.org"/>
        <code value="mg"/>
      </numerator>
      <denominator>
        <value value="1"/>
        <unit value="Tablet (unit of presentation)"/>
        <system value="http://snomed.info/sct"/>
        <code value="732936001"/>
      </denominator>
    </strength>
  </ingredient>
</Medication>