<?xml version="1.0" encoding="UTF-8"?>

<ValueSet xmlns="http://hl7.org/fhir">
  <id value="ch-elm-results-laboratory-observation"/>
  <text>
    <status value="generated"/><div xmlns="http://www.w3.org/1999/xhtml"><p>This value set includes codes based on the following rules:</p><ul><li>Include these codes as defined in <a href="http://loinc.org"><code>http://loinc.org</code></a><table class="none"><tr><td style="white-space:nowrap"><b>Code</b></td><td><b>Display</b></td><td><b><a href="ValueSet-ch-elm-foph-patient-name-representation.html">CH ELM Results To FOPH Patient Name Representation</a></b></td></tr><tr><td><a href="https://loinc.org/14127-5/">14127-5</a></td><td>Neisseria gonorrhoeae [Presence] in Anal by Organism specific culture</td><td><span title="RELATEDTO">?</span><a href="CodeSystem-ch-elm-foph-patient-name-representation.html#ch-elm-foph-patient-name-representation-initials">initials</a></td></tr><tr><td><a href="https://loinc.org/21415-5/">21415-5</a></td><td>Neisseria gonorrhoeae DNA [Presence] in Urethra by NAA with probe detection</td><td><span title="RELATEDTO">?</span><a href="CodeSystem-ch-elm-foph-patient-name-representation.html#ch-elm-foph-patient-name-representation-initials">initials</a></td></tr><tr><td><a href="https://loinc.org/21416-3/">21416-3</a></td><td>Neisseria gonorrhoeae DNA [Presence] in Urine by NAA with probe detection</td><td><span title="RELATEDTO">?</span><a href="CodeSystem-ch-elm-foph-patient-name-representation.html#ch-elm-foph-patient-name-representation-initials">initials</a></td></tr><tr><td><a href="https://loinc.org/24111-7/">24111-7</a></td><td>Neisseria gonorrhoeae DNA [Presence] in Specimen by NAA with probe detection</td><td><span title="RELATEDTO">?</span><a href="CodeSystem-ch-elm-foph-patient-name-representation.html#ch-elm-foph-patient-name-representation-initials">initials</a></td></tr><tr><td><a href="https://loinc.org/32705-6/">32705-6</a></td><td>Neisseria gonorrhoeae DNA [Presence] in Vaginal fluid by NAA with probe detection</td><td><span title="RELATEDTO">?</span><a href="CodeSystem-ch-elm-foph-patient-name-representation.html#ch-elm-foph-patient-name-representation-initials">initials</a></td></tr><tr><td><a href="https://loinc.org/43305-2/">43305-2</a></td><td>Neisseria gonorrhoeae rRNA [Presence] in Specimen by NAA with probe detection</td><td><span title="RELATEDTO">?</span><a href="CodeSystem-ch-elm-foph-patient-name-representation.html#ch-elm-foph-patient-name-representation-initials">initials</a></td></tr><tr><td><a href="https://loinc.org/47387-6/">47387-6</a></td><td>Neisseria gonorrhoeae DNA [Presence] in Genital specimen by NAA with probe detection</td><td><span title="RELATEDTO">?</span><a href="CodeSystem-ch-elm-foph-patient-name-representation.html#ch-elm-foph-patient-name-representation-initials">initials</a></td></tr><tr><td><a href="https://loinc.org/50388-8/">50388-8</a></td><td>Neisseria gonorrhoeae rRNA [Presence] in Cervix by NAA with probe detection</td><td><span title="RELATEDTO">?</span><a href="CodeSystem-ch-elm-foph-patient-name-representation.html#ch-elm-foph-patient-name-representation-initials">initials</a></td></tr><tr><td><a href="https://loinc.org/53879-3/">53879-3</a></td><td>Neisseria gonorrhoeae rRNA [Presence] in Vaginal fluid by NAA with probe detection</td><td><span title="RELATEDTO">?</span><a href="CodeSystem-ch-elm-foph-patient-name-representation.html#ch-elm-foph-patient-name-representation-initials">initials</a></td></tr><tr><td><a href="https://loinc.org/53927-0/">53927-0</a></td><td>Neisseria gonorrhoeae rRNA [Presence] in Urethra by NAA with probe detection</td><td><span title="RELATEDTO">?</span><a href="CodeSystem-ch-elm-foph-patient-name-representation.html#ch-elm-foph-patient-name-representation-initials">initials</a></td></tr><tr><td><a href="https://loinc.org/57458-2/">57458-2</a></td><td>Neisseria gonorrhoeae rRNA [Presence] in Anal by NAA with probe detection</td><td><span title="RELATEDTO">?</span><a href="CodeSystem-ch-elm-foph-patient-name-representation.html#ch-elm-foph-patient-name-representation-initials">initials</a></td></tr><tr><td><a href="https://loinc.org/60255-7/">60255-7</a></td><td>Neisseria gonorrhoeae rRNA [Presence] in Throat by NAA with probe detection</td><td><span title="RELATEDTO">?</span><a href="CodeSystem-ch-elm-foph-patient-name-representation.html#ch-elm-foph-patient-name-representation-initials">initials</a></td></tr><tr><td><a href="https://loinc.org/60256-5/">60256-5</a></td><td>Neisseria gonorrhoeae rRNA [Presence] in Urine by NAA with probe detection</td><td><span title="RELATEDTO">?</span><a href="CodeSystem-ch-elm-foph-patient-name-representation.html#ch-elm-foph-patient-name-representation-initials">initials</a></td></tr><tr><td><a href="https://loinc.org/688-2/">688-2</a></td><td>Neisseria gonorrhoeae [Presence] in Cervix by Organism specific culture</td><td><span title="RELATEDTO">?</span><a href="CodeSystem-ch-elm-foph-patient-name-representation.html#ch-elm-foph-patient-name-representation-initials">initials</a></td></tr><tr><td><a href="https://loinc.org/691-6/">691-6</a></td><td>Neisseria gonorrhoeae [Presence] in Genital specimen by Organism specific culture</td><td><span title="RELATEDTO">?</span><a href="CodeSystem-ch-elm-foph-patient-name-representation.html#ch-elm-foph-patient-name-representation-initials">initials</a></td></tr><tr><td><a href="https://loinc.org/693-2/">693-2</a></td><td>Neisseria gonorrhoeae [Presence] in Vaginal fluid by Organism specific culture</td><td><span title="RELATEDTO">?</span><a href="CodeSystem-ch-elm-foph-patient-name-representation.html#ch-elm-foph-patient-name-representation-initials">initials</a></td></tr><tr><td><a href="https://loinc.org/694-0/">694-0</a></td><td>Neisseria gonorrhoeae [Presence] in Semen by Organism specific culture</td><td><span title="RELATEDTO">?</span><a href="CodeSystem-ch-elm-foph-patient-name-representation.html#ch-elm-foph-patient-name-representation-initials">initials</a></td></tr><tr><td><a href="https://loinc.org/696-5/">696-5</a></td><td>Neisseria gonorrhoeae [Presence] in Throat by Organism specific culture</td><td><span title="RELATEDTO">?</span><a href="CodeSystem-ch-elm-foph-patient-name-representation.html#ch-elm-foph-patient-name-representation-initials">initials</a></td></tr><tr><td><a href="https://loinc.org/697-3/">697-3</a></td><td>Neisseria gonorrhoeae [Presence] in Urethra by Organism specific culture</td><td><span title="RELATEDTO">?</span><a href="CodeSystem-ch-elm-foph-patient-name-representation.html#ch-elm-foph-patient-name-representation-initials">initials</a></td></tr><tr><td><a href="https://loinc.org/698-1/">698-1</a></td><td>Neisseria gonorrhoeae [Presence] in Specimen by Organism specific culture</td><td><span title="RELATEDTO">?</span><a href="CodeSystem-ch-elm-foph-patient-name-representation.html#ch-elm-foph-patient-name-representation-initials">initials</a></td></tr><tr><td><a href="https://loinc.org/80366-8/">80366-8</a></td><td>Neisseria gonorrhoeae rRNA [Presence] in Anorectal by NAA with probe detection</td><td><span title="RELATEDTO">?</span><a href="CodeSystem-ch-elm-foph-patient-name-representation.html#ch-elm-foph-patient-name-representation-initials">initials</a></td></tr><tr><td><a href="https://loinc.org/80368-4/">80368-4</a></td><td>Neisseria gonorrhoeae [Presence] in Anorectal by Organism specific culture</td><td><span title="RELATEDTO">?</span><a href="CodeSystem-ch-elm-foph-patient-name-representation.html#ch-elm-foph-patient-name-representation-initials">initials</a></td></tr><tr><td><a href="https://loinc.org/88224-1/">88224-1</a></td><td>Neisseria gonorrhoeae DNA [Presence] in Anorectal by NAA with probe detection</td><td><span title="RELATEDTO">?</span><a href="CodeSystem-ch-elm-foph-patient-name-representation.html#ch-elm-foph-patient-name-representation-initials">initials</a></td></tr><tr><td><a href="https://loinc.org/88225-8/">88225-8</a></td><td>Neisseria gonorrhoeae DNA [Presence] in Throat by NAA with probe detection</td><td><span title="RELATEDTO">?</span><a href="CodeSystem-ch-elm-foph-patient-name-representation.html#ch-elm-foph-patient-name-representation-initials">initials</a></td></tr><tr><td><a href="https://loinc.org/96599-6/">96599-6</a></td><td>Neisseria gonorrhoeae DNA [Presence] in Cervix by NAA with probe detection</td><td><span title="RELATEDTO">?</span><a href="CodeSystem-ch-elm-foph-patient-name-representation.html#ch-elm-foph-patient-name-representation-initials">initials</a></td></tr><tr><td><a href="https://loinc.org/14463-4/">14463-4</a></td><td>Chlamydia trachomatis [Presence] in Cervix by Organism specific culture</td><td><span title="RELATEDTO">?</span><a href="CodeSystem-ch-elm-foph-patient-name-representation.html#ch-elm-foph-patient-name-representation-initials">initials</a></td></tr><tr><td><a href="https://loinc.org/14464-2/">14464-2</a></td><td>Chlamydia trachomatis [Presence] in Vaginal fluid by Organism specific culture</td><td><span title="RELATEDTO">?</span><a href="CodeSystem-ch-elm-foph-patient-name-representation.html#ch-elm-foph-patient-name-representation-initials">initials</a></td></tr><tr><td><a href="https://loinc.org/14465-9/">14465-9</a></td><td>Chlamydia trachomatis [Presence] in Urethra by Organism specific culture</td><td><span title="RELATEDTO">?</span><a href="CodeSystem-ch-elm-foph-patient-name-representation.html#ch-elm-foph-patient-name-representation-initials">initials</a></td></tr><tr><td><a href="https://loinc.org/16600-9/">16600-9</a></td><td>Chlamydia trachomatis rRNA [Presence] in Genital specimen by probe</td><td><span title="RELATEDTO">?</span><a href="CodeSystem-ch-elm-foph-patient-name-representation.html#ch-elm-foph-patient-name-representation-initials">initials</a></td></tr><tr><td><a href="https://loinc.org/21190-4/">21190-4</a></td><td>Chlamydia trachomatis DNA [Presence] in Cervix by NAA with probe detection</td><td><span title="RELATEDTO">?</span><a href="CodeSystem-ch-elm-foph-patient-name-representation.html#ch-elm-foph-patient-name-representation-initials">initials</a></td></tr><tr><td><a href="https://loinc.org/21191-2/">21191-2</a></td><td>Chlamydia trachomatis DNA [Presence] in Urethra by NAA with probe detection</td><td><span title="RELATEDTO">?</span><a href="CodeSystem-ch-elm-foph-patient-name-representation.html#ch-elm-foph-patient-name-representation-initials">initials</a></td></tr><tr><td><a href="https://loinc.org/21613-5/">21613-5</a></td><td>Chlamydia trachomatis DNA [Presence] in Specimen by NAA with probe detection</td><td><span title="RELATEDTO">?</span><a href="CodeSystem-ch-elm-foph-patient-name-representation.html#ch-elm-foph-patient-name-representation-initials">initials</a></td></tr><tr><td><a href="https://loinc.org/23838-6/">23838-6</a></td><td>Chlamydia trachomatis rRNA [Presence] in Genital fluid by probe</td><td><span title="RELATEDTO">?</span><a href="CodeSystem-ch-elm-foph-patient-name-representation.html#ch-elm-foph-patient-name-representation-initials">initials</a></td></tr><tr><td><a href="https://loinc.org/31777-6/">31777-6</a></td><td>Chlamydia trachomatis Ag [Presence] in Specimen</td><td><span title="RELATEDTO">?</span><a href="CodeSystem-ch-elm-foph-patient-name-representation.html#ch-elm-foph-patient-name-representation-initials">initials</a></td></tr><tr><td><a href="https://loinc.org/42931-6/">42931-6</a></td><td>Chlamydia trachomatis rRNA [Presence] in Urine by NAA with probe detection</td><td><span title="RELATEDTO">?</span><a href="CodeSystem-ch-elm-foph-patient-name-representation.html#ch-elm-foph-patient-name-representation-initials">initials</a></td></tr><tr><td><a href="https://loinc.org/43304-5/">43304-5</a></td><td>Chlamydia trachomatis rRNA [Presence] in Specimen by NAA with probe detection</td><td><span title="RELATEDTO">?</span><a href="CodeSystem-ch-elm-foph-patient-name-representation.html#ch-elm-foph-patient-name-representation-initials">initials</a></td></tr><tr><td><a href="https://loinc.org/45084-1/">45084-1</a></td><td>Chlamydia trachomatis DNA [Presence] in Vaginal fluid by NAA with probe detection</td><td><span title="RELATEDTO">?</span><a href="CodeSystem-ch-elm-foph-patient-name-representation.html#ch-elm-foph-patient-name-representation-initials">initials</a></td></tr><tr><td><a href="https://loinc.org/45090-8/">45090-8</a></td><td>Chlamydia trachomatis DNA [Presence] in Anal by NAA with probe detection</td><td><span title="RELATEDTO">?</span><a href="CodeSystem-ch-elm-foph-patient-name-representation.html#ch-elm-foph-patient-name-representation-initials">initials</a></td></tr><tr><td><a href="https://loinc.org/45093-2/">45093-2</a></td><td>Chlamydia trachomatis [Presence] in Anal by Organism specific culture</td><td><span title="RELATEDTO">?</span><a href="CodeSystem-ch-elm-foph-patient-name-representation.html#ch-elm-foph-patient-name-representation-initials">initials</a></td></tr><tr><td><a href="https://loinc.org/45095-7/">45095-7</a></td><td>Chlamydia trachomatis [Presence] in Genital specimen by Organism specific culture</td><td><span title="RELATEDTO">?</span><a href="CodeSystem-ch-elm-foph-patient-name-representation.html#ch-elm-foph-patient-name-representation-initials">initials</a></td></tr><tr><td><a href="https://loinc.org/50387-0/">50387-0</a></td><td>Chlamydia trachomatis rRNA [Presence] in Cervix by NAA with probe detection</td><td><span title="RELATEDTO">?</span><a href="CodeSystem-ch-elm-foph-patient-name-representation.html#ch-elm-foph-patient-name-representation-initials">initials</a></td></tr><tr><td><a href="https://loinc.org/51578-3/">51578-3</a></td><td>Chlamydia trachomatis DNA [Presence] in Semen by NAA with probe detection</td><td><span title="RELATEDTO">?</span><a href="CodeSystem-ch-elm-foph-patient-name-representation.html#ch-elm-foph-patient-name-representation-initials">initials</a></td></tr><tr><td><a href="https://loinc.org/53925-4/">53925-4</a></td><td>Chlamydia trachomatis rRNA [Presence] in Urethra by NAA with probe detection</td><td><span title="RELATEDTO">?</span><a href="CodeSystem-ch-elm-foph-patient-name-representation.html#ch-elm-foph-patient-name-representation-initials">initials</a></td></tr><tr><td><a href="https://loinc.org/53926-2/">53926-2</a></td><td>Chlamydia trachomatis rRNA [Presence] in Vaginal fluid by NAA with probe detection</td><td><span title="RELATEDTO">?</span><a href="CodeSystem-ch-elm-foph-patient-name-representation.html#ch-elm-foph-patient-name-representation-initials">initials</a></td></tr><tr><td><a href="https://loinc.org/57287-5/">57287-5</a></td><td>Chlamydia trachomatis rRNA [Presence] in Anal by NAA with probe detection</td><td><span title="RELATEDTO">?</span><a href="CodeSystem-ch-elm-foph-patient-name-representation.html#ch-elm-foph-patient-name-representation-initials">initials</a></td></tr><tr><td><a href="https://loinc.org/6349-5/">6349-5</a></td><td>Chlamydia trachomatis [Presence] in Specimen by Organism specific culture</td><td><span title="RELATEDTO">?</span><a href="CodeSystem-ch-elm-foph-patient-name-representation.html#ch-elm-foph-patient-name-representation-initials">initials</a></td></tr><tr><td><a href="https://loinc.org/6356-0/">6356-0</a></td><td>Chlamydia trachomatis DNA [Presence] in Genital specimen by NAA with probe detection</td><td><span title="RELATEDTO">?</span><a href="CodeSystem-ch-elm-foph-patient-name-representation.html#ch-elm-foph-patient-name-representation-initials">initials</a></td></tr><tr><td><a href="https://loinc.org/6357-8/">6357-8</a></td><td>Chlamydia trachomatis DNA [Presence] in Urine by NAA with probe detection</td><td><span title="RELATEDTO">?</span><a href="CodeSystem-ch-elm-foph-patient-name-representation.html#ch-elm-foph-patient-name-representation-initials">initials</a></td></tr><tr><td><a href="https://loinc.org/80363-5/">80363-5</a></td><td>Chlamydia trachomatis DNA [Presence] in Anorectal by NAA with probe detection</td><td><span title="RELATEDTO">?</span><a href="CodeSystem-ch-elm-foph-patient-name-representation.html#ch-elm-foph-patient-name-representation-initials">initials</a></td></tr><tr><td><a href="https://loinc.org/80364-3/">80364-3</a></td><td>Chlamydia trachomatis rRNA [Presence] in Anorectal by NAA with probe detection</td><td><span title="RELATEDTO">?</span><a href="CodeSystem-ch-elm-foph-patient-name-representation.html#ch-elm-foph-patient-name-representation-initials">initials</a></td></tr><tr><td><a href="https://loinc.org/80367-6/">80367-6</a></td><td>Chlamydia trachomatis [Presence] in Anorectal by Organism specific culture</td><td><span title="RELATEDTO">?</span><a href="CodeSystem-ch-elm-foph-patient-name-representation.html#ch-elm-foph-patient-name-representation-initials">initials</a></td></tr><tr><td><a href="https://loinc.org/85827-4/">85827-4</a></td><td>Carbapenem resistance bla OXA-48-like gene [Presence] by Molecular method</td><td><span title="RELATEDTO">?</span><a href="CodeSystem-ch-elm-foph-patient-name-representation.html#ch-elm-foph-patient-name-representation-initials">initials</a></td></tr><tr><td><a href="https://loinc.org/101552-8/">101552-8</a></td><td>Campylobacter coli DNA [Presence] in Stool by NAA with probe detection</td><td><span title="RELATEDTO">?</span><a href="CodeSystem-ch-elm-foph-patient-name-representation.html#ch-elm-foph-patient-name-representation-initials">initials</a></td></tr><tr><td><a href="https://loinc.org/100343-3/">100343-3</a></td><td>Influenza virus B RNA [Presence] in Saliva (oral fluid) by NAA with probe detection</td><td><span title="RELATEDTO">?</span><a href="CodeSystem-ch-elm-foph-patient-name-representation.html#ch-elm-foph-patient-name-representation-initials">initials</a></td></tr><tr><td><a href="https://loinc.org/94500-6/">94500-6</a></td><td>SARS-CoV-2 (COVID-19) RNA [Presence] in Respiratory specimen by NAA with probe detection</td><td><span title="RELATEDTO">?</span><a href="CodeSystem-ch-elm-foph-patient-name-representation.html#ch-elm-foph-patient-name-representation-full-name">full-name</a></td></tr></table></li><li>Include these codes as defined in <a href="http://www.snomed.org/"><code>http://snomed.info/sct</code></a><table class="none"><tr><td style="white-space:nowrap"><b>Code</b></td><td><b>Display</b></td><td><b><a href="ValueSet-ch-elm-foph-patient-name-representation.html">CH ELM Results To FOPH Patient Name Representation</a></b></td></tr><tr><td><a href="http://snomed.info/id/72904005">72904005</a></td><td>Treponema pallidum (organism)</td><td><span title="RELATEDTO">?</span><a href="CodeSystem-ch-elm-foph-patient-name-representation.html#ch-elm-foph-patient-name-representation-initials">initials</a></td></tr></table></li></ul></div>
  </text>
  <url value="http://fhir.ch/ig/ch-elm/ValueSet/ch-elm-results-laboratory-observation"/>
  <version value="1.1.0"/>
  <name value="ChElmResultsLaboratoryObservation"/>
  <title value="CH ELM Results Laboratory Observation"/>
  <status value="active"/>
  <experimental value="false"/>
  <date value="2024-01-31T12:55:13+01:00"/>
  <publisher value="Federal Office of Public Health FOPH"/>
  <contact>
    <name value="Federal Office of Public Health FOPH"/>
    <telecom>
      <system value="url"/>
      <value value="https://www.bag.admin.ch/bag/en/home/das-bag/kontakt-standort.html"/>
    </telecom>
  </contact>
  <description value="This CH ELM value set includes the codes for the laboratory test results (organism)."/>
  <jurisdiction>
    <coding>
      <system value="urn:iso:std:iso:3166"/>
      <code value="CHE"/>
    </coding>
  </jurisdiction>
  <copyright value="CC0-1.0"/>
  <compose>
    <include>
      <system value="http://loinc.org"/>
      <concept>
        <code value="14127-5"/>
        <display value="Neisseria gonorrhoeae [Presence] in Anal by Organism specific culture"/>
      </concept>
      <concept>
        <code value="21415-5"/>
        <display value="Neisseria gonorrhoeae DNA [Presence] in Urethra by NAA with probe detection"/>
      </concept>
      <concept>
        <code value="21416-3"/>
        <display value="Neisseria gonorrhoeae DNA [Presence] in Urine by NAA with probe detection"/>
      </concept>
      <concept>
        <code value="24111-7"/>
        <display value="Neisseria gonorrhoeae DNA [Presence] in Specimen by NAA with probe detection"/>
      </concept>
      <concept>
        <code value="32705-6"/>
        <display value="Neisseria gonorrhoeae DNA [Presence] in Vaginal fluid by NAA with probe detection"/>
      </concept>
      <concept>
        <code value="43305-2"/>
        <display value="Neisseria gonorrhoeae rRNA [Presence] in Specimen by NAA with probe detection"/>
      </concept>
      <concept>
        <code value="47387-6"/>
        <display value="Neisseria gonorrhoeae DNA [Presence] in Genital specimen by NAA with probe detection"/>
      </concept>
      <concept>
        <code value="50388-8"/>
        <display value="Neisseria gonorrhoeae rRNA [Presence] in Cervix by NAA with probe detection"/>
      </concept>
      <concept>
        <code value="53879-3"/>
        <display value="Neisseria gonorrhoeae rRNA [Presence] in Vaginal fluid by NAA with probe detection"/>
      </concept>
      <concept>
        <code value="53927-0"/>
        <display value="Neisseria gonorrhoeae rRNA [Presence] in Urethra by NAA with probe detection"/>
      </concept>
      <concept>
        <code value="57458-2"/>
        <display value="Neisseria gonorrhoeae rRNA [Presence] in Anal by NAA with probe detection"/>
      </concept>
      <concept>
        <code value="60255-7"/>
        <display value="Neisseria gonorrhoeae rRNA [Presence] in Throat by NAA with probe detection"/>
      </concept>
      <concept>
        <code value="60256-5"/>
        <display value="Neisseria gonorrhoeae rRNA [Presence] in Urine by NAA with probe detection"/>
      </concept>
      <concept>
        <code value="688-2"/>
        <display value="Neisseria gonorrhoeae [Presence] in Cervix by Organism specific culture"/>
      </concept>
      <concept>
        <code value="691-6"/>
        <display value="Neisseria gonorrhoeae [Presence] in Genital specimen by Organism specific culture"/>
      </concept>
      <concept>
        <code value="693-2"/>
        <display value="Neisseria gonorrhoeae [Presence] in Vaginal fluid by Organism specific culture"/>
      </concept>
      <concept>
        <code value="694-0"/>
        <display value="Neisseria gonorrhoeae [Presence] in Semen by Organism specific culture"/>
      </concept>
      <concept>
        <code value="696-5"/>
        <display value="Neisseria gonorrhoeae [Presence] in Throat by Organism specific culture"/>
      </concept>
      <concept>
        <code value="697-3"/>
        <display value="Neisseria gonorrhoeae [Presence] in Urethra by Organism specific culture"/>
      </concept>
      <concept>
        <code value="698-1"/>
        <display value="Neisseria gonorrhoeae [Presence] in Specimen by Organism specific culture"/>
      </concept>
      <concept>
        <code value="80366-8"/>
        <display value="Neisseria gonorrhoeae rRNA [Presence] in Anorectal by NAA with probe detection"/>
      </concept>
      <concept>
        <code value="80368-4"/>
        <display value="Neisseria gonorrhoeae [Presence] in Anorectal by Organism specific culture"/>
      </concept>
      <concept>
        <code value="88224-1"/>
        <display value="Neisseria gonorrhoeae DNA [Presence] in Anorectal by NAA with probe detection"/>
      </concept>
      <concept>
        <code value="88225-8"/>
        <display value="Neisseria gonorrhoeae DNA [Presence] in Throat by NAA with probe detection"/>
      </concept>
      <concept>
        <code value="96599-6"/>
        <display value="Neisseria gonorrhoeae DNA [Presence] in Cervix by NAA with probe detection"/>
      </concept>
      <concept>
        <code value="14463-4"/>
        <display value="Chlamydia trachomatis [Presence] in Cervix by Organism specific culture"/>
      </concept>
      <concept>
        <code value="14464-2"/>
        <display value="Chlamydia trachomatis [Presence] in Vaginal fluid by Organism specific culture"/>
      </concept>
      <concept>
        <code value="14465-9"/>
        <display value="Chlamydia trachomatis [Presence] in Urethra by Organism specific culture"/>
      </concept>
      <concept>
        <code value="16600-9"/>
        <display value="Chlamydia trachomatis rRNA [Presence] in Genital specimen by probe"/>
      </concept>
      <concept>
        <code value="21190-4"/>
        <display value="Chlamydia trachomatis DNA [Presence] in Cervix by NAA with probe detection"/>
      </concept>
      <concept>
        <code value="21191-2"/>
        <display value="Chlamydia trachomatis DNA [Presence] in Urethra by NAA with probe detection"/>
      </concept>
      <concept>
        <code value="21613-5"/>
        <display value="Chlamydia trachomatis DNA [Presence] in Specimen by NAA with probe detection"/>
      </concept>
      <concept>
        <code value="23838-6"/>
        <display value="Chlamydia trachomatis rRNA [Presence] in Genital fluid by probe"/>
      </concept>
      <concept>
        <code value="31777-6"/>
        <display value="Chlamydia trachomatis Ag [Presence] in Specimen"/>
      </concept>
      <concept>
        <code value="42931-6"/>
        <display value="Chlamydia trachomatis rRNA [Presence] in Urine by NAA with probe detection"/>
      </concept>
      <concept>
        <code value="43304-5"/>
        <display value="Chlamydia trachomatis rRNA [Presence] in Specimen by NAA with probe detection"/>
      </concept>
      <concept>
        <code value="45084-1"/>
        <display value="Chlamydia trachomatis DNA [Presence] in Vaginal fluid by NAA with probe detection"/>
      </concept>
      <concept>
        <code value="45090-8"/>
        <display value="Chlamydia trachomatis DNA [Presence] in Anal by NAA with probe detection"/>
      </concept>
      <concept>
        <code value="45093-2"/>
        <display value="Chlamydia trachomatis [Presence] in Anal by Organism specific culture"/>
      </concept>
      <concept>
        <code value="45095-7"/>
        <display value="Chlamydia trachomatis [Presence] in Genital specimen by Organism specific culture"/>
      </concept>
      <concept>
        <code value="50387-0"/>
        <display value="Chlamydia trachomatis rRNA [Presence] in Cervix by NAA with probe detection"/>
      </concept>
      <concept>
        <code value="51578-3"/>
        <display value="Chlamydia trachomatis DNA [Presence] in Semen by NAA with probe detection"/>
      </concept>
      <concept>
        <code value="53925-4"/>
        <display value="Chlamydia trachomatis rRNA [Presence] in Urethra by NAA with probe detection"/>
      </concept>
      <concept>
        <code value="53926-2"/>
        <display value="Chlamydia trachomatis rRNA [Presence] in Vaginal fluid by NAA with probe detection"/>
      </concept>
      <concept>
        <code value="57287-5"/>
        <display value="Chlamydia trachomatis rRNA [Presence] in Anal by NAA with probe detection"/>
      </concept>
      <concept>
        <code value="6349-5"/>
        <display value="Chlamydia trachomatis [Presence] in Specimen by Organism specific culture"/>
      </concept>
      <concept>
        <code value="6356-0"/>
        <display value="Chlamydia trachomatis DNA [Presence] in Genital specimen by NAA with probe detection"/>
      </concept>
      <concept>
        <code value="6357-8"/>
        <display value="Chlamydia trachomatis DNA [Presence] in Urine by NAA with probe detection"/>
      </concept>
      <concept>
        <code value="80363-5"/>
        <display value="Chlamydia trachomatis DNA [Presence] in Anorectal by NAA with probe detection"/>
      </concept>
      <concept>
        <code value="80364-3"/>
        <display value="Chlamydia trachomatis rRNA [Presence] in Anorectal by NAA with probe detection"/>
      </concept>
      <concept>
        <code value="80367-6"/>
        <display value="Chlamydia trachomatis [Presence] in Anorectal by Organism specific culture"/>
      </concept>
      <concept>
        <code value="85827-4"/>
        <display value="Carbapenem resistance bla OXA-48-like gene [Presence] by Molecular method"/>
      </concept>
      <concept>
        <code value="101552-8"/>
        <display value="Campylobacter coli DNA [Presence] in Stool by NAA with probe detection"/>
      </concept>
      <concept>
        <code value="100343-3"/>
        <display value="Influenza virus B RNA [Presence] in Saliva (oral fluid) by NAA with probe detection"/>
      </concept>
      <concept>
        <code value="94500-6"/>
        <display value="SARS-CoV-2 (COVID-19) RNA [Presence] in Respiratory specimen by NAA with probe detection"/>
      </concept>
    </include>
    <include>
      <system value="http://snomed.info/sct"/>
      <concept>
        <code value="72904005"/>
        <display value="Treponema pallidum (organism)"/>
      </concept>
    </include>
  </compose>
</ValueSet>