<?xml version="1.0" encoding="UTF-8"?><ValueSet xmlns="http://hl7.org/fhir"><id value="ch-SMC-special-precautions-for-storage"/><text><status value="generated"/><div xmlns="http://www.w3.org/1999/xhtml"><p class="res-header-id"><b>Generated Narrative: ValueSet ch-SMC-special-precautions-for-storage</b></p><a name="ch-SMC-special-precautions-for-storage"> </a><a name="hcch-SMC-special-precautions-for-storage"> </a><a name="ch-SMC-special-precautions-for-storage-en-US"> </a><ul><li>Include all codes defined in <a href="CodeSystem-ch-SMC-special-precautions-for-storage.html"><code>http://fhir.ch/ig/ch-epl/CodeSystem/ch-SMC-special-precautions-for-storage</code></a></li></ul></div></text><url value="http://fhir.ch/ig/ch-epl/ValueSet/ch-SMC-special-precautions-for-storage"/><version value="1.0.0-ballot"/><name value="ChSMCSpecialPrecautionsForStorageVS"/><title value="CH SMC - Special Precautions for Storage"/><status value="active"/><experimental value="false"/><date value="2025-05-22T14:31:04+00:00"/><publisher value="Federal Office of Public Health FOPH"/><contact><name value="Federal Office of Public Health FOPH"/><telecom><system value="url"/><value value="https://www.bag.admin.ch/bag/en/home/das-bag/kontakt-standort.html"/></telecom></contact><description value="Value Set for the Special Precautions for Storage from SMC"/><jurisdiction><coding><system value="urn:iso:std:iso:3166"/><code value="CH"/></coding></jurisdiction><copyright value="CC0-1.0"/><compose><include><system value="http://fhir.ch/ig/ch-epl/CodeSystem/ch-SMC-special-precautions-for-storage"/></include></compose></ValueSet>