<?xml version="1.0" encoding="UTF-8"?><ValueSet xmlns="http://hl7.org/fhir"><id value="ch-epl-foph-other-characteristics-packaged-item"/><text><status value="generated"/><div xmlns="http://www.w3.org/1999/xhtml"><p class="res-header-id"><b>Generated Narrative: ValueSet ch-epl-foph-other-characteristics-packaged-item</b></p><a name="ch-epl-foph-other-characteristics-packaged-item"> </a><a name="hcch-epl-foph-other-characteristics-packaged-item"> </a><a name="ch-epl-foph-other-characteristics-packaged-item-en-US"> </a><ul><li>Include all codes defined in <a href="CodeSystem-ch-epl-foph-other-characteristics-packaged-item.html"><code>http://fhir.ch/ig/ch-epl/CodeSystem/ch-epl-foph-other-characteristics-packaged-item</code></a></li></ul></div></text><url value="http://fhir.ch/ig/ch-epl/ValueSet/ch-epl-foph-other-characteristics-packaged-item"/><version value="1.0.0-ballot"/><name value="ChEplOtherCharacteristicsPackagedItemVS"/><title value="CH EPL - Other Characteristics Packaged Item"/><status value="active"/><experimental value="false"/><date value="2025-05-22T14:31:04+00:00"/><publisher value="Federal Office of Public Health FOPH"/><contact><name value="Federal Office of Public Health FOPH"/><telecom><system value="url"/><value value="https://www.bag.admin.ch/bag/en/home/das-bag/kontakt-standort.html"/></telecom></contact><description value="Value Set for Other Characteristics of a Packaged Item from ePL used by FOPH"/><jurisdiction><coding><system value="urn:iso:std:iso:3166"/><code value="CH"/></coding></jurisdiction><copyright value="CC0-1.0"/><compose><include><system value="http://fhir.ch/ig/ch-epl/CodeSystem/ch-epl-foph-other-characteristics-packaged-item"/></include></compose></ValueSet>