<?xml version="1.0" encoding="UTF-8"?>

<ImplementationGuide xmlns="http://hl7.org/fhir">
  <id value="ch.fhir.ig.ch-etoc"/>
  <text>
    <status value="extensions"/><div xmlns="http://www.w3.org/1999/xhtml"><h2>CH_eTOC</h2><p>The official URL for this implementation guide is: </p><pre>http://fhir.ch/ig/ch-etoc/ImplementationGuide/ch.fhir.ig.ch-etoc</pre><div><p>Implementation guide for eTOC based on CH ORF</p>
</div></div>
  </text>
  <url value="http://fhir.ch/ig/ch-etoc/ImplementationGuide/ch.fhir.ig.ch-etoc"/>
  <version value="1.0.0"/>
  <name value="CH_eTOC"/>
  <title value="CH eTOC (R4)"/>
  <status value="active"/>
  <date value="2022-04-13"/>
  <publisher value="HL7 Switzerland"/>
  <contact>
    <name value="Juerg P. Bleuer"/>
    <telecom>
      <system value="url"/>
      <value value="https://www.hl7.ch"/>
    </telecom>
  </contact>
  <description value="Implementation guide for eTOC based on CH ORF"/>
  <jurisdiction>
    <coding>
      <system value="urn:iso:std:iso:3166"/>
      <code value="CH"/>
    </coding>
  </jurisdiction>
  <copyright value="CC-BY-SA-4.0"/>
  <packageId value="ch.fhir.ig.ch-etoc"/>
  <license value="CC-BY-SA-4.0"/>
  <fhirVersion value="4.0.1"/>
  <dependsOn id="ch_fhir_ig_ch_orf">
    <uri value="http://fhir.ch/ig/ch-orf/ImplementationGuide/ch.fhir.ig.ch-orf"/>
    <packageId value="ch.fhir.ig.ch-orf"/>
    <version value="1.0.0"/>
  </dependsOn>
  <dependsOn id="ch_fhir_ig_ch_core">
    <uri value="http://fhir.ch/ig/ch-core/ImplementationGuide/ch.fhir.ig.ch-core"/>
    <packageId value="ch.fhir.ig.ch-core"/>
    <version value="2.0.0"/>
  </dependsOn>
  <dependsOn id="ch_fhir_ig_ch_emed">
    <uri value="http://fhir.ch/ig/ch-emed/ImplementationGuide/ch.fhir.ig.ch-emed"/>
    <packageId value="ch.fhir.ig.ch-emed"/>
    <version value="2.0.0"/>
  </dependsOn>
  <dependsOn id="ch_fhir_ig_ch_vacd">
    <uri value="http://fhir.ch/ig/ch-vacd/ImplementationGuide/ch.fhir.ig.ch-vacd"/>
    <packageId value="ch.fhir.ig.ch-vacd"/>
    <version value="2.0.0"/>
  </dependsOn>
  <dependsOn id="ch_fhir_ig_ch_allergyintolerance">
    <uri value="http://fhir.ch/ig/ch-allergyintolerance/ImplementationGuide/ch.fhir.ig.ch-allergyintolerance"/>
    <packageId value="ch.fhir.ig.ch-allergyintolerance"/>
    <version value="1.0.0"/>
  </dependsOn>
  <dependsOn id="hl7_fhir_uv_ips">
    <uri value="http://hl7.org/fhir/uv/ips/ImplementationGuide/hl7.fhir.uv.ips"/>
    <packageId value="hl7.fhir.uv.ips"/>
    <version value="1.0.0"/>
  </dependsOn>
  <definition>
    <extension url="http://hl7.org/fhir/tools/StructureDefinition/ig-parameter">
      <extension url="code">
        <valueString value="copyrightyear"/>
      </extension>
      <extension url="value">
        <valueString value="2021+"/>
      </extension>
    </extension>
    <extension url="http://hl7.org/fhir/tools/StructureDefinition/ig-parameter">
      <extension url="code">
        <valueString value="releaselabel"/>
      </extension>
      <extension url="value">
        <valueString value="STU 1"/>
      </extension>
    </extension>
    <extension url="http://hl7.org/fhir/tools/StructureDefinition/ig-parameter">
      <extension url="code">
        <valueString value="path-liquid"/>
      </extension>
      <extension url="value">
        <valueString value="template/liquid"/>
      </extension>
    </extension>
    <extension url="http://hl7.org/fhir/tools/StructureDefinition/ig-parameter">
      <extension url="code">
        <valueString value="path-liquid"/>
      </extension>
      <extension url="value">
        <valueString value="input/liquid"/>
      </extension>
    </extension>
    <extension url="http://hl7.org/fhir/tools/StructureDefinition/ig-parameter">
      <extension url="code">
        <valueString value="path-qa"/>
      </extension>
      <extension url="value">
        <valueString value="temp/qa"/>
      </extension>
    </extension>
    <extension url="http://hl7.org/fhir/tools/StructureDefinition/ig-parameter">
      <extension url="code">
        <valueString value="path-temp"/>
      </extension>
      <extension url="value">
        <valueString value="temp/pages"/>
      </extension>
    </extension>
    <extension url="http://hl7.org/fhir/tools/StructureDefinition/ig-parameter">
      <extension url="code">
        <valueString value="path-output"/>
      </extension>
      <extension url="value">
        <valueString value="output"/>
      </extension>
    </extension>
    <extension url="http://hl7.org/fhir/tools/StructureDefinition/ig-parameter">
      <extension url="code">
        <valueString value="path-suppressed-warnings"/>
      </extension>
      <extension url="value">
        <valueString value="input/ignoreWarnings.txt"/>
      </extension>
    </extension>
    <extension url="http://hl7.org/fhir/tools/StructureDefinition/ig-parameter">
      <extension url="code">
        <valueString value="path-history"/>
      </extension>
      <extension url="value">
        <valueString value="http://fhir.ch/ig/ch-etoc/history.html"/>
      </extension>
    </extension>
    <extension url="http://hl7.org/fhir/tools/StructureDefinition/ig-parameter">
      <extension url="code">
        <valueString value="template-html"/>
      </extension>
      <extension url="value">
        <valueString value="template-page.html"/>
      </extension>
    </extension>
    <extension url="http://hl7.org/fhir/tools/StructureDefinition/ig-parameter">
      <extension url="code">
        <valueString value="template-md"/>
      </extension>
      <extension url="value">
        <valueString value="template-page-md.html"/>
      </extension>
    </extension>
    <extension url="http://hl7.org/fhir/tools/StructureDefinition/ig-parameter">
      <extension url="code">
        <valueString value="apply-contact"/>
      </extension>
      <extension url="value">
        <valueString value="true"/>
      </extension>
    </extension>
    <extension url="http://hl7.org/fhir/tools/StructureDefinition/ig-parameter">
      <extension url="code">
        <valueString value="apply-context"/>
      </extension>
      <extension url="value">
        <valueString value="true"/>
      </extension>
    </extension>
    <extension url="http://hl7.org/fhir/tools/StructureDefinition/ig-parameter">
      <extension url="code">
        <valueString value="apply-copyright"/>
      </extension>
      <extension url="value">
        <valueString value="true"/>
      </extension>
    </extension>
    <extension url="http://hl7.org/fhir/tools/StructureDefinition/ig-parameter">
      <extension url="code">
        <valueString value="apply-jurisdiction"/>
      </extension>
      <extension url="value">
        <valueString value="true"/>
      </extension>
    </extension>
    <extension url="http://hl7.org/fhir/tools/StructureDefinition/ig-parameter">
      <extension url="code">
        <valueString value="apply-license"/>
      </extension>
      <extension url="value">
        <valueString value="true"/>
      </extension>
    </extension>
    <extension url="http://hl7.org/fhir/tools/StructureDefinition/ig-parameter">
      <extension url="code">
        <valueString value="apply-publisher"/>
      </extension>
      <extension url="value">
        <valueString value="true"/>
      </extension>
    </extension>
    <extension url="http://hl7.org/fhir/tools/StructureDefinition/ig-parameter">
      <extension url="code">
        <valueString value="apply-version"/>
      </extension>
      <extension url="value">
        <valueString value="true"/>
      </extension>
    </extension>
    <extension url="http://hl7.org/fhir/tools/StructureDefinition/ig-parameter">
      <extension url="code">
        <valueString value="active-tables"/>
      </extension>
      <extension url="value">
        <valueString value="true"/>
      </extension>
    </extension>
    <extension url="http://hl7.org/fhir/tools/StructureDefinition/ig-parameter">
      <extension url="code">
        <valueString value="fmm-definition"/>
      </extension>
      <extension url="value">
        <valueString value="http://hl7.org/fhir/versions.html#maturity"/>
      </extension>
    </extension>
    <extension url="http://hl7.org/fhir/tools/StructureDefinition/ig-parameter">
      <extension url="code">
        <valueString value="propagate-status"/>
      </extension>
      <extension url="value">
        <valueString value="true"/>
      </extension>
    </extension>
    <extension url="http://hl7.org/fhir/tools/StructureDefinition/ig-parameter">
      <extension url="code">
        <valueString value="excludelogbinaryformat"/>
      </extension>
      <extension url="value">
        <valueString value="true"/>
      </extension>
    </extension>
    <resource>
      <extension url="http://hl7.org/fhir/tools/StructureDefinition/resource-information">
        <valueString value="StructureDefinition:resource"/>
      </extension>
      <reference>
        <reference value="StructureDefinition/ch-etoc-allergyintolerance"/>
      </reference>
      <name value="CH eToc Allergy Intolerance"/>
      <description value="Definition for the Allergy Intolerance resource in the context of electronic transition of care."/>
      <exampleBoolean value="false"/>
    </resource>
    <resource>
      <extension url="http://hl7.org/fhir/tools/StructureDefinition/resource-information">
        <valueString value="StructureDefinition:resource"/>
      </extension>
      <reference>
        <reference value="StructureDefinition/ch-etoc-bodyheight-observation"/>
      </reference>
      <name value="CH eToc Body Height Observation"/>
      <description value="Definition for the Body Height Observation resource in the context of CH eToc."/>
      <exampleBoolean value="false"/>
    </resource>
    <resource>
      <extension url="http://hl7.org/fhir/tools/StructureDefinition/resource-information">
        <valueString value="StructureDefinition:resource"/>
      </extension>
      <reference>
        <reference value="StructureDefinition/ch-etoc-bodyweight-observation"/>
      </reference>
      <name value="CH eToc Body Weight Observation"/>
      <description value="Definition for the Body Weight Observation resource in the context of CH eToc."/>
      <exampleBoolean value="false"/>
    </resource>
    <resource>
      <extension url="http://hl7.org/fhir/tools/StructureDefinition/resource-information">
        <valueString value="StructureDefinition:resource"/>
      </extension>
      <reference>
        <reference value="StructureDefinition/ch-etoc-cardiolology-observation"/>
      </reference>
      <name value="CH eToc Cardiology Observation"/>
      <description value="Definition for the Cardiology Observation resource in the context of CH eToc."/>
      <exampleBoolean value="false"/>
    </resource>
    <resource>
      <extension url="http://hl7.org/fhir/tools/StructureDefinition/resource-information">
        <valueString value="StructureDefinition:resource"/>
      </extension>
      <reference>
        <reference value="StructureDefinition/ch-etoc-composition"/>
      </reference>
      <name value="CH Etoc Composition"/>
      <description value="Definition for the Composition resource in the context of electronic transition of care."/>
      <exampleBoolean value="false"/>
    </resource>
    <resource>
      <extension url="http://hl7.org/fhir/tools/StructureDefinition/resource-information">
        <valueString value="StructureDefinition:resource"/>
      </extension>
      <reference>
        <reference value="StructureDefinition/ch-etoc-device"/>
      </reference>
      <name value="CH eToc Device"/>
      <description value="Definition for the Device resource in the context of electronic transition of care."/>
      <exampleBoolean value="false"/>
    </resource>
    <resource>
      <extension url="http://hl7.org/fhir/tools/StructureDefinition/resource-information">
        <valueString value="StructureDefinition:resource"/>
      </extension>
      <reference>
        <reference value="StructureDefinition/ch-etoc-document"/>
      </reference>
      <name value="CH Etoc Document"/>
      <description value="Definition for the Bundle (document) resource in the context of electronic transition of care."/>
      <exampleBoolean value="false"/>
    </resource>
    <resource>
      <extension url="http://hl7.org/fhir/tools/StructureDefinition/resource-information">
        <valueString value="StructureDefinition:resource"/>
      </extension>
      <reference>
        <reference value="StructureDefinition/ch-etoc-functionalstatus"/>
      </reference>
      <name value="CH eToc Functional Status Condition"/>
      <description value="Definition for the Functional Status Condition resource in the context of electronic transition of care."/>
      <exampleBoolean value="false"/>
    </resource>
    <resource>
      <extension url="http://hl7.org/fhir/tools/StructureDefinition/resource-information">
        <valueString value="StructureDefinition:resource"/>
      </extension>
      <reference>
        <reference value="StructureDefinition/ch-etoc-immunizationsection"/>
      </reference>
      <name value="CH eToc Immunization Section"/>
      <description value="Definition for the Immunization Section resource in the context of electronic transition of care."/>
      <exampleBoolean value="false"/>
    </resource>
    <resource>
      <extension url="http://hl7.org/fhir/tools/StructureDefinition/resource-information">
        <valueString value="StructureDefinition:resource"/>
      </extension>
      <reference>
        <reference value="StructureDefinition/ch-etoc-lab-observation"/>
      </reference>
      <name value="CH eToc Lab Observation"/>
      <description value="Definition for the Lab Observation resource in the context of CH eToc."/>
      <exampleBoolean value="false"/>
    </resource>
    <resource>
      <extension url="http://hl7.org/fhir/tools/StructureDefinition/resource-information">
        <valueString value="StructureDefinition:resource"/>
      </extension>
      <reference>
        <reference value="StructureDefinition/ch-etoc-media"/>
      </reference>
      <name value="CH Etoc Media"/>
      <description value="Definition for the Media resource in the context of electronic transition of care."/>
      <exampleBoolean value="false"/>
    </resource>
    <resource>
      <extension url="http://hl7.org/fhir/tools/StructureDefinition/resource-information">
        <valueString value="StructureDefinition:resource"/>
      </extension>
      <reference>
        <reference value="StructureDefinition/ch-etoc-medical-careplan"/>
      </reference>
      <name value="CH eToc Care Plan"/>
      <description value="Definition for the Care Plan resource in the context of electronic transition of care."/>
      <exampleBoolean value="false"/>
    </resource>
    <resource>
      <extension url="http://hl7.org/fhir/tools/StructureDefinition/resource-information">
        <valueString value="StructureDefinition:resource"/>
      </extension>
      <reference>
        <reference value="StructureDefinition/ch-etoc-ursing-careplan"/>
      </reference>
      <name value="CH eToc Care Plan"/>
      <description value="Definition for the Care Plan resource in the context of electronic transition of care."/>
      <exampleBoolean value="false"/>
    </resource>
    <resource>
      <extension url="http://hl7.org/fhir/tools/StructureDefinition/resource-information">
        <valueString value="StructureDefinition:resource"/>
      </extension>
      <reference>
        <reference value="StructureDefinition/ch-etoc-illness"/>
      </reference>
      <name value="CH eToc Past History of Illnesses Condition"/>
      <description value="Definition for the Past History of Illnesses Condition resource in the context of electronic transition of care."/>
      <exampleBoolean value="false"/>
    </resource>
    <resource>
      <extension url="http://hl7.org/fhir/tools/StructureDefinition/resource-information">
        <valueString value="StructureDefinition:resource"/>
      </extension>
      <reference>
        <reference value="StructureDefinition/ch-etoc-pahtology-observation"/>
      </reference>
      <name value="CH eToc Pathology Observation"/>
      <description value="Definition for the Pathology Observation resource in the context of CH eToc."/>
      <exampleBoolean value="false"/>
    </resource>
    <resource>
      <extension url="http://hl7.org/fhir/tools/StructureDefinition/resource-information">
        <valueString value="StructureDefinition:resource"/>
      </extension>
      <reference>
        <reference value="StructureDefinition/ch-etoc-expecteddeliverydate"/>
      </reference>
      <name value="CH eToc Expected Delivery Date Observation"/>
      <description value="Definition for the Expected Delivery Date Observation resource in the context of CH eToc."/>
      <exampleBoolean value="false"/>
    </resource>
    <resource>
      <extension url="http://hl7.org/fhir/tools/StructureDefinition/resource-information">
        <valueString value="StructureDefinition:resource"/>
      </extension>
      <reference>
        <reference value="StructureDefinition/ch-etoc-pregnancystatus"/>
      </reference>
      <name value="CH eToc Pregnancy Status Observation"/>
      <description value="Definition for the Pregnancy Status Observation resource in the context of CH eToc."/>
      <exampleBoolean value="false"/>
    </resource>
    <resource>
      <extension url="http://hl7.org/fhir/tools/StructureDefinition/resource-information">
        <valueString value="StructureDefinition:resource"/>
      </extension>
      <reference>
        <reference value="StructureDefinition/ch-etoc-primary-diagnosis"/>
      </reference>
      <name value="CH eToc Primary Diagnosis Condition"/>
      <description value="Definition for the Primary Diagnosis Condition resource in the context of CH Relectronic tranisiton of care."/>
      <exampleBoolean value="false"/>
    </resource>
    <resource>
      <extension url="http://hl7.org/fhir/tools/StructureDefinition/resource-information">
        <valueString value="StructureDefinition:resource"/>
      </extension>
      <reference>
        <reference value="StructureDefinition/ch-etoc-procedure"/>
      </reference>
      <name value="CH eToc Procedure"/>
      <description value="Definition for the Procedure resource in the context of electronic transition of care."/>
      <exampleBoolean value="false"/>
    </resource>
    <resource>
      <extension url="http://hl7.org/fhir/tools/StructureDefinition/resource-information">
        <valueString value="StructureDefinition:resource"/>
      </extension>
      <reference>
        <reference value="StructureDefinition/ch-etoc-questionnaireresponse"/>
      </reference>
      <name value="CH eTOC Questionnaire Response"/>
      <description value="Definition for the QuestionnaireResponse resource in the context of electronic transition of care."/>
      <exampleBoolean value="false"/>
    </resource>
    <resource>
      <extension url="http://hl7.org/fhir/tools/StructureDefinition/resource-information">
        <valueString value="StructureDefinition:resource"/>
      </extension>
      <reference>
        <reference value="StructureDefinition/ch-etoc-radiolology-observation"/>
      </reference>
      <name value="CH eToc Radiology Observation"/>
      <description value="Definition for the Radiology Observation resource in the context of CH eToc."/>
      <exampleBoolean value="false"/>
    </resource>
    <resource>
      <extension url="http://hl7.org/fhir/tools/StructureDefinition/resource-information">
        <valueString value="StructureDefinition:resource"/>
      </extension>
      <reference>
        <reference value="StructureDefinition/ch-etoc-secondary-diagnosis"/>
      </reference>
      <name value="CH eToc Secondary Diagnosis Condition"/>
      <description value="Definition for the Secondary Diagnosis Condition resource in the context of electronic transition of care."/>
      <exampleBoolean value="false"/>
    </resource>
    <resource>
      <extension url="http://hl7.org/fhir/tools/StructureDefinition/resource-information">
        <valueString value="StructureDefinition:resource"/>
      </extension>
      <reference>
        <reference value="StructureDefinition/ch-etoc-servicerequest"/>
      </reference>
      <name value="CH eToc Service Request"/>
      <description value="Definition for the ServiceRequest resource in the context of electronic transition of care."/>
      <exampleBoolean value="false"/>
    </resource>
    <resource>
      <extension url="http://hl7.org/fhir/tools/StructureDefinition/resource-information">
        <valueString value="StructureDefinition:resource"/>
      </extension>
      <reference>
        <reference value="StructureDefinition/ch-etoc-socialhistory"/>
      </reference>
      <name value="CH eToc Social History Condition"/>
      <description value="Definition for the Social History Condition resource in the context of electronic transition of care."/>
      <exampleBoolean value="false"/>
    </resource>
    <resource>
      <extension url="http://hl7.org/fhir/tools/StructureDefinition/resource-information">
        <valueString value="ValueSet"/>
      </extension>
      <reference>
        <reference value="ValueSet/ch-etoc-conditioncategory"/>
      </reference>
      <name value="Condition Category"/>
      <description value="Definition for Codition Category in the context of electronic transition of care."/>
      <exampleBoolean value="false"/>
    </resource>
    <resource>
      <extension url="http://hl7.org/fhir/tools/StructureDefinition/resource-information">
        <valueString value="CodeSystem"/>
      </extension>
      <reference>
        <reference value="CodeSystem/ch-etoc-conditioncategory"/>
      </reference>
      <name value="Extension Category of Condition"/>
      <description value="Extension of Category of Conditionin the context of CH electronic tranisiton of care."/>
      <exampleBoolean value="false"/>
    </resource>
    <resource>
      <extension url="http://hl7.org/fhir/tools/StructureDefinition/resource-information">
        <valueString value="Appointment"/>
      </extension>
      <reference>
        <reference value="Appointment/AppointmentHospitalStay"/>
      </reference>
      <name value="Appointment Hospital Stay"/>
      <description value="Example for Appointment"/>
      <exampleBoolean value="true"/>
    </resource>
    <resource>
      <extension url="http://hl7.org/fhir/tools/StructureDefinition/resource-information">
        <valueString value="Observation"/>
      </extension>
      <reference>
        <reference value="Observation/BodyHeight"/>
      </reference>
      <name value="Body Height 176 cm"/>
      <description value="Example for Body Height Observation"/>
      <exampleCanonical value="http://fhir.ch/ig/ch-etoc/StructureDefinition/ch-etoc-bodyheight-observation"/>
    </resource>
    <resource>
      <extension url="http://hl7.org/fhir/tools/StructureDefinition/resource-information">
        <valueString value="Observation"/>
      </extension>
      <reference>
        <reference value="Observation/BodyWeight"/>
      </reference>
      <name value="Body Weight 99 kg"/>
      <description value="Example for Body Weight Observation"/>
      <exampleCanonical value="http://fhir.ch/ig/ch-etoc/StructureDefinition/ch-etoc-bodyweight-observation"/>
    </resource>
    <resource>
      <extension url="http://hl7.org/fhir/tools/StructureDefinition/resource-information">
        <valueString value="Composition"/>
      </extension>
      <reference>
        <reference value="Composition/CompositionEtoc"/>
      </reference>
      <name value="Composition Medical Referral"/>
      <description value="Example for Composition"/>
      <exampleCanonical value="http://fhir.ch/ig/ch-etoc/StructureDefinition/ch-etoc-composition"/>
    </resource>
    <resource>
      <extension url="http://hl7.org/fhir/tools/StructureDefinition/resource-information">
        <valueString value="Coverage"/>
      </extension>
      <reference>
        <reference value="Coverage/CoverageKVG"/>
      </reference>
      <name value="Coverage KVG"/>
      <description value="Example for Coverage"/>
      <exampleBoolean value="true"/>
    </resource>
    <resource>
      <extension url="http://hl7.org/fhir/tools/StructureDefinition/resource-information">
        <valueString value="Practitioner"/>
      </extension>
      <reference>
        <reference value="Practitioner/DAtaenterer"/>
      </reference>
      <name value="Doris Ataenterer"/>
      <description value="Example for Practitioner"/>
      <exampleBoolean value="true"/>
    </resource>
    <resource>
      <extension url="http://hl7.org/fhir/tools/StructureDefinition/resource-information">
        <valueString value="PractitionerRole"/>
      </extension>
      <reference>
        <reference value="PractitionerRole/DAtaentererHappyDoctors"/>
      </reference>
      <name value="Doris Ataenterer @ Happy Doctors"/>
      <description value="Example for PractionerRole"/>
      <exampleBoolean value="true"/>
    </resource>
    <resource>
      <extension url="http://hl7.org/fhir/tools/StructureDefinition/resource-information">
        <valueString value="Bundle"/>
      </extension>
      <reference>
        <reference value="Bundle/DocumentEtoc"/>
      </reference>
      <name value="Bundle Medical Referral"/>
      <description value="Example for Bundle"/>
      <exampleCanonical value="http://fhir.ch/ig/ch-etoc/StructureDefinition/ch-etoc-document"/>
    </resource>
    <resource>
      <extension url="http://hl7.org/fhir/tools/StructureDefinition/resource-information">
        <valueString value="Organization"/>
      </extension>
      <reference>
        <reference value="Organization/HappyDoctors"/>
      </reference>
      <name value="Praxis Happy Doctors"/>
      <description value="Example for Organization"/>
      <exampleBoolean value="true"/>
    </resource>
    <resource>
      <extension url="http://hl7.org/fhir/tools/StructureDefinition/resource-information">
        <valueString value="Organization"/>
      </extension>
      <reference>
        <reference value="Organization/HappyHospital"/>
      </reference>
      <name value="Klinik Happy Hospital"/>
      <description value="Example for Organization"/>
      <exampleBoolean value="true"/>
    </resource>
    <resource>
      <extension url="http://hl7.org/fhir/tools/StructureDefinition/resource-information">
        <valueString value="Location"/>
      </extension>
      <reference>
        <reference value="Location/LocationHospitalStay"/>
      </reference>
      <name value="Location Hospital Stay"/>
      <description value="Example for Location"/>
      <exampleBoolean value="true"/>
    </resource>
    <resource>
      <extension url="http://hl7.org/fhir/tools/StructureDefinition/resource-information">
        <valueString value="Media"/>
      </extension>
      <reference>
        <reference value="Media/MediaRx"/>
      </reference>
      <name value="Media Previous Rx"/>
      <description value="Example for Media"/>
      <exampleCanonical value="http://fhir.ch/ig/ch-etoc/StructureDefinition/ch-etoc-media"/>
    </resource>
    <resource>
      <extension url="http://hl7.org/fhir/tools/StructureDefinition/resource-information">
        <valueString value="PractitionerRole"/>
      </extension>
      <reference>
        <reference value="PractitionerRole/MedicalDepartmentHappyHospital"/>
      </reference>
      <name value="MedicalDepartment @ Happy Hospital"/>
      <description value="Example for PractionerRole"/>
      <exampleBoolean value="true"/>
    </resource>
    <resource>
      <extension url="http://hl7.org/fhir/tools/StructureDefinition/resource-information">
        <valueString value="Medication"/>
      </extension>
      <reference>
        <reference value="Medication/MedicationEtoc1"/>
      </reference>
      <name value="Medication at Medical Referral"/>
      <description value="Medication at Medical Referral"/>
      <exampleBoolean value="true"/>
    </resource>
    <resource>
      <extension url="http://hl7.org/fhir/tools/StructureDefinition/resource-information">
        <valueString value="Medication"/>
      </extension>
      <reference>
        <reference value="Medication/MedicationEtoc2"/>
      </reference>
      <name value="Medication at Medical Referral"/>
      <description value="Medication at Medical Referral"/>
      <exampleBoolean value="true"/>
    </resource>
    <resource>
      <extension url="http://hl7.org/fhir/tools/StructureDefinition/resource-information">
        <valueString value="Medication"/>
      </extension>
      <reference>
        <reference value="Medication/MedicationEtoc3"/>
      </reference>
      <name value="Medication at Medical Referral"/>
      <description value="Medication at Medical Referral"/>
      <exampleBoolean value="true"/>
    </resource>
    <resource>
      <extension url="http://hl7.org/fhir/tools/StructureDefinition/resource-information">
        <valueString value="Practitioner"/>
      </extension>
      <reference>
        <reference value="Practitioner/ORderfiller"/>
      </reference>
      <name value="Otto Rderfiller"/>
      <description value="Example for Practitioner"/>
      <exampleBoolean value="true"/>
    </resource>
    <resource>
      <extension url="http://hl7.org/fhir/tools/StructureDefinition/resource-information">
        <valueString value="Practitioner"/>
      </extension>
      <reference>
        <reference value="Practitioner/ORderplacer"/>
      </reference>
      <name value="Ottilie Rderplacer"/>
      <description value="Example for Practitioner"/>
      <exampleBoolean value="true"/>
    </resource>
    <resource>
      <extension url="http://hl7.org/fhir/tools/StructureDefinition/resource-information">
        <valueString value="PractitionerRole"/>
      </extension>
      <reference>
        <reference value="PractitionerRole/ORderplacerHappyDoctors"/>
      </reference>
      <name value="Ottilie Rderplacer @ Happy Doctors"/>
      <description value="Example for PractionerRole"/>
      <exampleBoolean value="true"/>
    </resource>
    <resource>
      <extension url="http://hl7.org/fhir/tools/StructureDefinition/resource-information">
        <valueString value="Condition"/>
      </extension>
      <reference>
        <reference value="Condition/PastHistoryofIllnessesConditionEtoc"/>
      </reference>
      <name value="PastHistoryofIllnesses Medical Referral"/>
      <description value="tHistoryofIllnessesCondition"/>
      <exampleCanonical value="http://fhir.ch/ig/ch-etoc/StructureDefinition/ch-etoc-illness"/>
    </resource>
    <resource>
      <extension url="http://hl7.org/fhir/tools/StructureDefinition/resource-information">
        <valueString value="Condition"/>
      </extension>
      <reference>
        <reference value="Condition/PrimaryDiagnosis"/>
      </reference>
      <name value="Primary Diagnosis"/>
      <description value="Example for Primary Diagnosis Condition"/>
      <exampleCanonical value="http://fhir.ch/ig/ch-etoc/StructureDefinition/ch-etoc-primary-diagnosis"/>
    </resource>
    <resource>
      <extension url="http://hl7.org/fhir/tools/StructureDefinition/resource-information">
        <valueString value="Questionnaire"/>
      </extension>
      <reference>
        <reference value="Questionnaire/QuestionnaireEtoc"/>
      </reference>
      <name value="Questionnaire Electronic Transition of Care"/>
      <description value="Example for Questionnaire"/>
      <exampleBoolean value="true"/>
    </resource>
    <resource>
      <extension url="http://hl7.org/fhir/tools/StructureDefinition/resource-information">
        <valueString value="QuestionnaireResponse"/>
      </extension>
      <reference>
        <reference value="QuestionnaireResponse/QuestionnaireResponseEtoc"/>
      </reference>
      <name value="QuestionniaireResponse Radiology Order"/>
      <description value="Example for QuestionnaireResponse"/>
      <exampleBoolean value="true"/>
    </resource>
    <resource>
      <extension url="http://hl7.org/fhir/tools/StructureDefinition/resource-information">
        <valueString value="Patient"/>
      </extension>
      <reference>
        <reference value="Patient/SUfferer"/>
      </reference>
      <name value="Susanna Ufferer"/>
      <description value="Example for Patient"/>
      <exampleBoolean value="true"/>
    </resource>
    <resource>
      <extension url="http://hl7.org/fhir/tools/StructureDefinition/resource-information">
        <valueString value="Patient"/>
      </extension>
      <reference>
        <reference value="Patient/SUffererCopyReceiver"/>
      </reference>
      <name value="Susanna Ufferer Copy Receiver"/>
      <description value="Example for Patient"/>
      <exampleBoolean value="true"/>
    </resource>
    <resource>
      <extension url="http://hl7.org/fhir/tools/StructureDefinition/resource-information">
        <valueString value="Condition"/>
      </extension>
      <reference>
        <reference value="Condition/SecondaryDiagnosis1"/>
      </reference>
      <name value="Secondary Diagnosis 1"/>
      <description value="Example for Secondary Diagnosis Condition"/>
      <exampleCanonical value="http://fhir.ch/ig/ch-etoc/StructureDefinition/ch-etoc-secondary-diagnosis"/>
    </resource>
    <resource>
      <extension url="http://hl7.org/fhir/tools/StructureDefinition/resource-information">
        <valueString value="Condition"/>
      </extension>
      <reference>
        <reference value="Condition/SecondaryDiagnosis2"/>
      </reference>
      <name value="Secondary Diagnosis 2"/>
      <description value="Example for Diagnosis Condition"/>
      <exampleCanonical value="http://fhir.ch/ig/ch-etoc/StructureDefinition/ch-etoc-secondary-diagnosis"/>
    </resource>
    <resource>
      <extension url="http://hl7.org/fhir/tools/StructureDefinition/resource-information">
        <valueString value="ServiceRequest"/>
      </extension>
      <reference>
        <reference value="ServiceRequest/ServiceRequestEtoc"/>
      </reference>
      <name value="ServiceRequest Medical Referral"/>
      <description value="Example for ServiceRequest"/>
      <exampleCanonical value="http://fhir.ch/ig/ch-etoc/StructureDefinition/ch-etoc-servicerequest"/>
    </resource>
    <page>
      <nameUrl value="toc.html"/>
      <title value="Table of Contents"/>
      <generation value="html"/>
      <page>
        <nameUrl value="index.html"/>
        <title value="Home"/>
        <generation value="html"/>
      </page>
      <page>
        <nameUrl value="usecase-english.html"/>
        <title value="Use Cases"/>
        <generation value="markdown"/>
      </page>
      <page>
        <nameUrl value="usecase-german.html"/>
        <title value="Anwendungsfälle"/>
        <generation value="markdown"/>
      </page>
      <page>
        <nameUrl value="questionnaire-form.html"/>
        <title value="Questionnaire"/>
        <generation value="html"/>
      </page>
      <page>
        <nameUrl value="profiles.html"/>
        <title value="Profiles"/>
        <generation value="html"/>
      </page>
      <page>
        <nameUrl value="extensions.html"/>
        <title value="Extensions"/>
        <generation value="html"/>
      </page>
      <page>
        <nameUrl value="terminology.html"/>
        <title value="Terminology"/>
        <generation value="html"/>
      </page>
      <page>
        <nameUrl value="changelog.html"/>
        <title value="Changelog"/>
        <generation value="markdown"/>
      </page>
    </page>
    <parameter>
      <code value="path-resource"/>
      <value value="input/capabilities"/>
    </parameter>
    <parameter>
      <code value="path-resource"/>
      <value value="input/examples"/>
    </parameter>
    <parameter>
      <code value="path-resource"/>
      <value value="input/extensions"/>
    </parameter>
    <parameter>
      <code value="path-resource"/>
      <value value="input/models"/>
    </parameter>
    <parameter>
      <code value="path-resource"/>
      <value value="input/operations"/>
    </parameter>
    <parameter>
      <code value="path-resource"/>
      <value value="input/profiles"/>
    </parameter>
    <parameter>
      <code value="path-resource"/>
      <value value="input/resources"/>
    </parameter>
    <parameter>
      <code value="path-resource"/>
      <value value="input/vocabulary"/>
    </parameter>
    <parameter>
      <code value="path-resource"/>
      <value value="input/maps"/>
    </parameter>
    <parameter>
      <code value="path-resource"/>
      <value value="input/testing"/>
    </parameter>
    <parameter>
      <code value="path-resource"/>
      <value value="input/history"/>
    </parameter>
    <parameter>
      <code value="path-resource"/>
      <value value="fsh-generated/resources"/>
    </parameter>
    <parameter>
      <code value="path-pages"/>
      <value value="template/config"/>
    </parameter>
    <parameter>
      <code value="path-pages"/>
      <value value="input/images"/>
    </parameter>
    <parameter>
      <code value="path-tx-cache"/>
      <value value="input-cache/txcache"/>
    </parameter>
  </definition>
</ImplementationGuide>