{
  "resourceType": "StructureMap",
  "id": "BundleToCdaChEmedMedicationCardDocument",
  "text": {
    "status": "generated",
    "div": "<div xmlns=\"http://www.w3.org/1999/xhtml\">\n         <pre>map &quot;http://fhir.ch/ig/cda-fhir-maps/StructureMap/BundleToCdaChEmedMedicationCardDocument&quot; = &quot;BundleToCdaChEmedMedicationCardDocument&quot;\n\n// Medication Card document, 2.16.756.5.30.1.1.10.1.3\n// 2020-01-09 Oliver Egger, copyright ahdis ag, Apache License\n// CDA-CH-EMED:  https://art-decor.org/art-decor/decor-project--cdachemed-\n// FHIR CH-EMED: http://fhir.ch/ig/ch-emed/index.html\n\nuses &quot;http://hl7.org/fhir/cda/StructureDefinition/ClinicalDocument&quot; alias ClinicalDocument as target\nuses &quot;http://hl7.org/fhir/cda/StructureDefinition/AssignedAuthor&quot; alias AssignedAuthor as target\nuses &quot;http://hl7.org/fhir/cda/StructureDefinition/AssignedEntity&quot; alias AssignedEntity as target\nuses &quot;http://hl7.org/fhir/cda/StructureDefinition/Author&quot; alias Author as target\nuses &quot;http://hl7.org/fhir/cda/StructureDefinition/CustodianOrganization&quot; alias CustodianOrganization as target\nuses &quot;http://hl7.org/fhir/cda/StructureDefinition/IVL_TS&quot; alias IVL_TS as target\nuses &quot;http://hl7.org/fhir/cda/StructureDefinition/EIVL_TS&quot; alias EIVL_TS as target\nuses &quot;http://hl7.org/fhir/cda/StructureDefinition/PatientRole&quot; alias PatientRole as target\nuses &quot;http://hl7.org/fhir/cda/StructureDefinition/RecordTarget&quot; alias RecordTarget as target\nuses &quot;http://hl7.org/fhir/cda/StructureDefinition/Section&quot; alias Section as target\nuses &quot;http://hl7.org/fhir/cda/StructureDefinition/SubstanceAdministration&quot; alias SubstanceAdministration as target\nuses &quot;http://hl7.org/fhir/cda/StructureDefinition/SXPR_TS&quot; alias SXPR_TS as target\nuses &quot;http://hl7.org/fhir/cda/StructureDefinition/Supply&quot; alias Supply as target\nuses &quot;http://hl7.org/fhir/StructureDefinition/Bundle&quot; alias Bundle as source\nuses &quot;http://hl7.org/fhir/StructureDefinition/Composition&quot; alias Composition as source\nuses &quot;http://hl7.org/fhir/StructureDefinition/Patient&quot; alias Patient as source\nuses &quot;http://hl7.org/fhir/StructureDefinition/Practitioner&quot; alias Practitioner as source\nuses &quot;http://hl7.org/fhir/StructureDefinition/Organization&quot; alias Organization as source\nuses &quot;http://hl7.org/fhir/StructureDefinition/MedicationStatement&quot; alias MedicationStatement as source\nuses &quot;http://hl7.org/fhir/StructureDefinition/Dosage&quot; alias Dosage as source\n\nimports &quot;http://fhir.ch/ig/cda-fhir-maps/StructureMap/FhirToCdaTypes&quot;\nimports &quot;http://fhir.ch/ig/cda-fhir-maps/StructureMap/BundleToCda&quot;\nimports &quot;http://fhir.ch/ig/cda-fhir-maps/StructureMap/BundleToCdaCh&quot;\nimports &quot;http://fhir.ch/ig/cda-fhir-maps/StructureMap/BundleToCdaChEmed&quot;\n\n// source: http://build.fhir.org/ig/hl7ch/ch-emed/StructureDefinition-ch-emed-composition-medicationcard.html\n// target: https://art-decor.org/art-decor/decor-templates--cdachemed-?section=templates&amp;id=2.16.756.5.30.1.1.10.1.3\ngroup BundleToCdaChEmedMedicationCardDocument(source bundle : Bundle, target cda : ClinicalDocument) {\n  bundle -&gt;  cda.recordTarget as recordTarget,  cda.author as author then BundleToClinicalDocumentEmedMedicationCardDocument(bundle, recordTarget, author, cda) &quot;bundle&quot;;\n}\n\n// source: http://build.fhir.org/ig/hl7ch/ch-emed/StructureDefinition-ch-emed-composition-medicationcard.html\n// target: https://art-decor.org/art-decor/decor-templates--cdachemed-?section=templates&amp;id=2.16.756.5.30.1.1.10.1.3\ngroup CompositionClinicalDocumentChEmedMedicationCardDocument(source bundle : Bundle, source composition : Composition, target cda : ClinicalDocument) {\n  composition.section as section where $this.code.coding.where((system = 'http://loinc.org') and (code = '10160-0')) -&gt; cda.component as component then {\n    section -&gt; component.contextConductionInd = true &quot;contextConductionInd&quot;;\n    section -&gt;  component.structuredBody as structuredBody,  structuredBody.component as component,  component.section as cdasection then SectionMedicationCardSectionContentModule(bundle, section, cdasection) &quot;cdasection&quot;;\n  } &quot;SectionMedicationCardSectionContentModule&quot;;\n  composition.section as section where $this.code.coding.where((system = 'http://loinc.org') and (code = '48767-8')) -&gt; cda.component as component then {\n    section -&gt; component.contextConductionInd = true &quot;contextConductionInd&quot;;\n    section -&gt;  component.structuredBody as structuredBody,  structuredBody.component as component,  component.section as cdasection then SectionCdaRemarksCoded(bundle, section, cdasection) &quot;cdasection&quot;;\n  } &quot;SectionRemarksCoded&quot;;\n  composition.section as section where $this.code.coding.where((system = 'http://loinc.org') and (code = '55108-5')) -&gt; cda.component as component then {\n    section -&gt; component.contextConductionInd = true &quot;contextConductionInd&quot;;\n    section -&gt;  component.structuredBody as structuredBody,  structuredBody.component as component,  component.section as cdasection then SectionCdaOriginalRepresentation(bundle, section, cdasection) &quot;cdasection&quot;;\n  } &quot;SectionCdaOriginalRepresentation&quot;;\n}\n\n// _________________________ Section Level Templates _________________________\n// source: http://build.fhir.org/ig/hl7ch/ch-emed/StructureDefinition-ch-emed-composition-medicationcard.html\n// target: https://art-decor.org/art-decor/decor-templates--cdachemed-?section=templates&amp;id=2.16.756.5.30.1.1.10.3.9\ngroup SectionMedicationCardSectionContentModule(source bundle : Bundle, source section : Section, target cdasection : CdaSection) extends SectionCdaSection {\n  section -&gt;  cdasection.templateId as templateId,  templateId.root = '2.16.756.5.30.1.1.10.3.9' &quot;CH-PHARM-MedicationCardSectionContentModule&quot;;\n  section -&gt;  cdasection.templateId as templateId,  templateId.root = '1.3.6.1.4.1.19376.1.9.1.2.5' &quot;IHE-PHARM-PML&quot;;\n  section where text.exists() = false -&gt; cdasection.text = '&lt;div xmlns=\\&quot;http://www.w3.org/1999/xhtml\\&quot;&gt;&lt;span id=\\&quot;refpdf\\&quot;&gt;see pdf&lt;/span&gt;&lt;/div&gt;' &quot;Section&quot;;\n  bundle.entry as entry then {\n    entry.fullUrl where ($this in %section.entry.reference) and $this.startsWith('urn:uuid') then {\n      entry.resource as medicationStatement where $this.ofType(FHIR.MedicationStatement) -&gt;  cdasection.entry as entry,  entry.substanceAdministration as substanceAdministration then MedicationTreatmentPlanItemEntryContentModule(bundle, medicationStatement, substanceAdministration) &quot;MedicationStatement&quot;;\n    } &quot;fullUrlAsUuid&quot;;\n    entry.resource as medicationStatement where $this.ofType(FHIR.MedicationStatement) and (('MedicationStatement' + '/' + $this.id) in %section.entry.reference) -&gt;  cdasection.entry as entry,  entry.substanceAdministration as substanceAdministration then MedicationTreatmentPlanItemEntryContentModule(bundle, medicationStatement, substanceAdministration) &quot;MedicationStatement&quot;;\n  };\n}\n\n// _________________________ Header Level Templates _________________________\n// source: http://build.fhir.org/ig/hl7ch/ch-emed/StructureDefinition-ch-emed-composition-medicationcard.html\n// target: 2.16.756.5.30.1.1.10.9.42\ngroup BundleToClinicalDocumentEmedMedicationCardDocument(source bundle : Bundle, target recordTarget : RecordTarget, target author : Author, target cda : ClinicalDocument) extends BundleToClinicalDocumentCh {\n  bundle -&gt;  cda.templateId as templateId,  templateId.root = '2.16.756.5.30.1.127.1.4' &quot;exchangeFormatAccordingToTheSwissEPR&quot;;\n  bundle -&gt;  cda.templateId as templateId,  templateId.root = '1.3.6.1.4.1.19376.1.5.3.1.1.1' &quot;IHE-PCC&quot;;\n  bundle -&gt;  cda.templateId as templateId,  templateId.root = '1.3.6.1.4.1.19376.1.9.1.1.5' &quot;IHE-PHARM-PML&quot;;\n  bundle -&gt;  cda.templateId as templateId,  templateId.root = '2.16.756.5.30.1.1.10.1.3' &quot;CDA-CH-EMED-MedicationCardDocument&quot;;\n  bundle.entry as entry then {\n    entry.resource as resource where $this.ofType(FHIR.Composition) then CompositionClinicalDocumentChEmedMedicationCardDocument(bundle, resource, cda);\n  };\n}\n\n</pre>\n      </div>"
  },
  "url": "http://fhir.ch/ig/cda-fhir-maps/StructureMap/BundleToCdaChEmedMedicationCardDocument",
  "version": "0.2.0",
  "name": "BundleToCdaChEmedMedicationCardDocument",
  "status": "draft",
  "date": "2021-06-18T18:31:19+02:00",
  "publisher": "ahdis",
  "contact": [
    {
      "name": "ahdis",
      "telecom": [
        {
          "system": "url",
          "value": "http://www.ahdis.ch/"
        }
      ]
    }
  ],
  "description": "Medication Card document, 2.16.756.5.30.1.1.10.1.3 2020-01-09 Oliver Egger, copyright ahdis ag, Apache License CDA-CH-EMED:  https://art-decor.org/art-decor/decor-project--cdachemed- FHIR CH-EMED: http://fhir.ch/ig/ch-emed/index.html",
  "copyright": "CC-BY-SA-4.0",
  "structure": [
    {
      "url": "http://hl7.org/fhir/cda/StructureDefinition/ClinicalDocument",
      "mode": "target",
      "alias": "ClinicalDocument"
    },
    {
      "url": "http://hl7.org/fhir/cda/StructureDefinition/AssignedAuthor",
      "mode": "target",
      "alias": "AssignedAuthor"
    },
    {
      "url": "http://hl7.org/fhir/cda/StructureDefinition/AssignedEntity",
      "mode": "target",
      "alias": "AssignedEntity"
    },
    {
      "url": "http://hl7.org/fhir/cda/StructureDefinition/Author",
      "mode": "target",
      "alias": "Author"
    },
    {
      "url": "http://hl7.org/fhir/cda/StructureDefinition/CustodianOrganization",
      "mode": "target",
      "alias": "CustodianOrganization"
    },
    {
      "url": "http://hl7.org/fhir/cda/StructureDefinition/IVL_TS",
      "mode": "target",
      "alias": "IVL_TS"
    },
    {
      "url": "http://hl7.org/fhir/cda/StructureDefinition/EIVL_TS",
      "mode": "target",
      "alias": "EIVL_TS"
    },
    {
      "url": "http://hl7.org/fhir/cda/StructureDefinition/PatientRole",
      "mode": "target",
      "alias": "PatientRole"
    },
    {
      "url": "http://hl7.org/fhir/cda/StructureDefinition/RecordTarget",
      "mode": "target",
      "alias": "RecordTarget"
    },
    {
      "url": "http://hl7.org/fhir/cda/StructureDefinition/Section",
      "mode": "target",
      "alias": "Section"
    },
    {
      "url": "http://hl7.org/fhir/cda/StructureDefinition/SubstanceAdministration",
      "mode": "target",
      "alias": "SubstanceAdministration"
    },
    {
      "url": "http://hl7.org/fhir/cda/StructureDefinition/SXPR_TS",
      "mode": "target",
      "alias": "SXPR_TS"
    },
    {
      "url": "http://hl7.org/fhir/cda/StructureDefinition/Supply",
      "mode": "target",
      "alias": "Supply"
    },
    {
      "url": "http://hl7.org/fhir/StructureDefinition/Bundle",
      "mode": "source",
      "alias": "Bundle"
    },
    {
      "url": "http://hl7.org/fhir/StructureDefinition/Composition",
      "mode": "source",
      "alias": "Composition"
    },
    {
      "url": "http://hl7.org/fhir/StructureDefinition/Patient",
      "mode": "source",
      "alias": "Patient"
    },
    {
      "url": "http://hl7.org/fhir/StructureDefinition/Practitioner",
      "mode": "source",
      "alias": "Practitioner"
    },
    {
      "url": "http://hl7.org/fhir/StructureDefinition/Organization",
      "mode": "source",
      "alias": "Organization"
    },
    {
      "url": "http://hl7.org/fhir/StructureDefinition/MedicationStatement",
      "mode": "source",
      "alias": "MedicationStatement"
    },
    {
      "url": "http://hl7.org/fhir/StructureDefinition/Dosage",
      "mode": "source",
      "alias": "Dosage"
    }
  ],
  "import": [
    "http://fhir.ch/ig/cda-fhir-maps/StructureMap/FhirToCdaTypes",
    "http://fhir.ch/ig/cda-fhir-maps/StructureMap/BundleToCda",
    "http://fhir.ch/ig/cda-fhir-maps/StructureMap/BundleToCdaCh",
    "http://fhir.ch/ig/cda-fhir-maps/StructureMap/BundleToCdaChEmed"
  ],
  "group": [
    {
      "name": "BundleToCdaChEmedMedicationCardDocument",
      "typeMode": "none",
      "documentation": "source: http://build.fhir.org/ig/hl7ch/ch-emed/StructureDefinition-ch-emed-composition-medicationcard.html target: https://art-decor.org/art-decor/decor-templates--cdachemed-?section=templates&id=2.16.756.5.30.1.1.10.1.3",
      "input": [
        {
          "name": "bundle",
          "type": "Bundle",
          "mode": "source"
        },
        {
          "name": "cda",
          "type": "ClinicalDocument",
          "mode": "target"
        }
      ],
      "rule": [
        {
          "name": "bundle",
          "source": [
            {
              "context": "bundle"
            }
          ],
          "target": [
            {
              "context": "cda",
              "contextType": "variable",
              "element": "recordTarget",
              "variable": "recordTarget"
            },
            {
              "context": "cda",
              "contextType": "variable",
              "element": "author",
              "variable": "author"
            }
          ],
          "dependent": [
            {
              "name": "BundleToClinicalDocumentEmedMedicationCardDocument",
              "variable": [
                "bundle",
                "recordTarget",
                "author",
                "cda"
              ]
            }
          ]
        }
      ]
    },
    {
      "name": "CompositionClinicalDocumentChEmedMedicationCardDocument",
      "typeMode": "none",
      "documentation": "source: http://build.fhir.org/ig/hl7ch/ch-emed/StructureDefinition-ch-emed-composition-medicationcard.html target: https://art-decor.org/art-decor/decor-templates--cdachemed-?section=templates&id=2.16.756.5.30.1.1.10.1.3",
      "input": [
        {
          "name": "bundle",
          "type": "Bundle",
          "mode": "source"
        },
        {
          "name": "composition",
          "type": "Composition",
          "mode": "source"
        },
        {
          "name": "cda",
          "type": "ClinicalDocument",
          "mode": "target"
        }
      ],
      "rule": [
        {
          "name": "SectionMedicationCardSectionContentModule",
          "source": [
            {
              "context": "composition",
              "element": "section",
              "variable": "section",
              "condition": "$this.code.coding.where((system = 'http://loinc.org') and (code = '10160-0'))"
            }
          ],
          "target": [
            {
              "context": "cda",
              "contextType": "variable",
              "element": "component",
              "variable": "component"
            }
          ],
          "rule": [
            {
              "name": "contextConductionInd",
              "source": [
                {
                  "context": "section"
                }
              ],
              "target": [
                {
                  "context": "component",
                  "contextType": "variable",
                  "element": "contextConductionInd",
                  "transform": "copy",
                  "parameter": [
                    {
                      "valueBoolean": true
                    }
                  ]
                }
              ]
            },
            {
              "name": "cdasection",
              "source": [
                {
                  "context": "section"
                }
              ],
              "target": [
                {
                  "context": "component",
                  "contextType": "variable",
                  "element": "structuredBody",
                  "variable": "structuredBody"
                },
                {
                  "context": "structuredBody",
                  "contextType": "variable",
                  "element": "component",
                  "variable": "component"
                },
                {
                  "context": "component",
                  "contextType": "variable",
                  "element": "section",
                  "variable": "cdasection"
                }
              ],
              "dependent": [
                {
                  "name": "SectionMedicationCardSectionContentModule",
                  "variable": [
                    "bundle",
                    "section",
                    "cdasection"
                  ]
                }
              ]
            }
          ]
        },
        {
          "name": "SectionRemarksCoded",
          "source": [
            {
              "context": "composition",
              "element": "section",
              "variable": "section",
              "condition": "$this.code.coding.where((system = 'http://loinc.org') and (code = '48767-8'))"
            }
          ],
          "target": [
            {
              "context": "cda",
              "contextType": "variable",
              "element": "component",
              "variable": "component"
            }
          ],
          "rule": [
            {
              "name": "contextConductionInd",
              "source": [
                {
                  "context": "section"
                }
              ],
              "target": [
                {
                  "context": "component",
                  "contextType": "variable",
                  "element": "contextConductionInd",
                  "transform": "copy",
                  "parameter": [
                    {
                      "valueBoolean": true
                    }
                  ]
                }
              ]
            },
            {
              "name": "cdasection",
              "source": [
                {
                  "context": "section"
                }
              ],
              "target": [
                {
                  "context": "component",
                  "contextType": "variable",
                  "element": "structuredBody",
                  "variable": "structuredBody"
                },
                {
                  "context": "structuredBody",
                  "contextType": "variable",
                  "element": "component",
                  "variable": "component"
                },
                {
                  "context": "component",
                  "contextType": "variable",
                  "element": "section",
                  "variable": "cdasection"
                }
              ],
              "dependent": [
                {
                  "name": "SectionCdaRemarksCoded",
                  "variable": [
                    "bundle",
                    "section",
                    "cdasection"
                  ]
                }
              ]
            }
          ]
        },
        {
          "name": "SectionCdaOriginalRepresentation",
          "source": [
            {
              "context": "composition",
              "element": "section",
              "variable": "section",
              "condition": "$this.code.coding.where((system = 'http://loinc.org') and (code = '55108-5'))"
            }
          ],
          "target": [
            {
              "context": "cda",
              "contextType": "variable",
              "element": "component",
              "variable": "component"
            }
          ],
          "rule": [
            {
              "name": "contextConductionInd",
              "source": [
                {
                  "context": "section"
                }
              ],
              "target": [
                {
                  "context": "component",
                  "contextType": "variable",
                  "element": "contextConductionInd",
                  "transform": "copy",
                  "parameter": [
                    {
                      "valueBoolean": true
                    }
                  ]
                }
              ]
            },
            {
              "name": "cdasection",
              "source": [
                {
                  "context": "section"
                }
              ],
              "target": [
                {
                  "context": "component",
                  "contextType": "variable",
                  "element": "structuredBody",
                  "variable": "structuredBody"
                },
                {
                  "context": "structuredBody",
                  "contextType": "variable",
                  "element": "component",
                  "variable": "component"
                },
                {
                  "context": "component",
                  "contextType": "variable",
                  "element": "section",
                  "variable": "cdasection"
                }
              ],
              "dependent": [
                {
                  "name": "SectionCdaOriginalRepresentation",
                  "variable": [
                    "bundle",
                    "section",
                    "cdasection"
                  ]
                }
              ]
            }
          ]
        }
      ]
    },
    {
      "name": "SectionMedicationCardSectionContentModule",
      "extends": "SectionCdaSection",
      "typeMode": "none",
      "documentation": "_________________________ Section Level Templates _________________________ source: http://build.fhir.org/ig/hl7ch/ch-emed/StructureDefinition-ch-emed-composition-medicationcard.html target: https://art-decor.org/art-decor/decor-templates--cdachemed-?section=templates&id=2.16.756.5.30.1.1.10.3.9",
      "input": [
        {
          "name": "bundle",
          "type": "Bundle",
          "mode": "source"
        },
        {
          "name": "section",
          "type": "Section",
          "mode": "source"
        },
        {
          "name": "cdasection",
          "type": "CdaSection",
          "mode": "target"
        }
      ],
      "rule": [
        {
          "name": "CH-PHARM-MedicationCardSectionContentModule",
          "source": [
            {
              "context": "section"
            }
          ],
          "target": [
            {
              "context": "cdasection",
              "contextType": "variable",
              "element": "templateId",
              "variable": "templateId"
            },
            {
              "context": "templateId",
              "contextType": "variable",
              "element": "root",
              "transform": "copy",
              "parameter": [
                {
                  "valueString": "2.16.756.5.30.1.1.10.3.9"
                }
              ]
            }
          ]
        },
        {
          "name": "IHE-PHARM-PML",
          "source": [
            {
              "context": "section"
            }
          ],
          "target": [
            {
              "context": "cdasection",
              "contextType": "variable",
              "element": "templateId",
              "variable": "templateId"
            },
            {
              "context": "templateId",
              "contextType": "variable",
              "element": "root",
              "transform": "copy",
              "parameter": [
                {
                  "valueString": "1.3.6.1.4.1.19376.1.9.1.2.5"
                }
              ]
            }
          ]
        },
        {
          "name": "Section",
          "source": [
            {
              "context": "section",
              "condition": "text.exists() = false"
            }
          ],
          "target": [
            {
              "context": "cdasection",
              "contextType": "variable",
              "element": "text",
              "transform": "copy",
              "parameter": [
                {
                  "valueString": "<div xmlns=\"http://www.w3.org/1999/xhtml\"><span id=\"refpdf\">see pdf</span></div>"
                }
              ]
            }
          ]
        },
        {
          "name": "entry",
          "source": [
            {
              "context": "bundle",
              "element": "entry",
              "variable": "entry"
            }
          ],
          "rule": [
            {
              "name": "fullUrlAsUuid",
              "source": [
                {
                  "context": "entry",
                  "element": "fullUrl",
                  "condition": "($this in %section.entry.reference) and $this.startsWith('urn:uuid')"
                }
              ],
              "rule": [
                {
                  "name": "MedicationStatement",
                  "source": [
                    {
                      "context": "entry",
                      "element": "resource",
                      "variable": "medicationStatement",
                      "condition": "$this.ofType(FHIR.MedicationStatement)"
                    }
                  ],
                  "target": [
                    {
                      "context": "cdasection",
                      "contextType": "variable",
                      "element": "entry",
                      "variable": "entry"
                    },
                    {
                      "context": "entry",
                      "contextType": "variable",
                      "element": "substanceAdministration",
                      "variable": "substanceAdministration"
                    }
                  ],
                  "dependent": [
                    {
                      "name": "MedicationTreatmentPlanItemEntryContentModule",
                      "variable": [
                        "bundle",
                        "medicationStatement",
                        "substanceAdministration"
                      ]
                    }
                  ]
                }
              ]
            },
            {
              "name": "MedicationStatement",
              "source": [
                {
                  "context": "entry",
                  "element": "resource",
                  "variable": "medicationStatement",
                  "condition": "$this.ofType(FHIR.MedicationStatement) and (('MedicationStatement' + '/' + $this.id) in %section.entry.reference)"
                }
              ],
              "target": [
                {
                  "context": "cdasection",
                  "contextType": "variable",
                  "element": "entry",
                  "variable": "entry"
                },
                {
                  "context": "entry",
                  "contextType": "variable",
                  "element": "substanceAdministration",
                  "variable": "substanceAdministration"
                }
              ],
              "dependent": [
                {
                  "name": "MedicationTreatmentPlanItemEntryContentModule",
                  "variable": [
                    "bundle",
                    "medicationStatement",
                    "substanceAdministration"
                  ]
                }
              ]
            }
          ]
        }
      ]
    },
    {
      "name": "BundleToClinicalDocumentEmedMedicationCardDocument",
      "extends": "BundleToClinicalDocumentCh",
      "typeMode": "none",
      "documentation": "_________________________ Header Level Templates _________________________ source: http://build.fhir.org/ig/hl7ch/ch-emed/StructureDefinition-ch-emed-composition-medicationcard.html target: 2.16.756.5.30.1.1.10.9.42",
      "input": [
        {
          "name": "bundle",
          "type": "Bundle",
          "mode": "source"
        },
        {
          "name": "recordTarget",
          "type": "RecordTarget",
          "mode": "target"
        },
        {
          "name": "author",
          "type": "Author",
          "mode": "target"
        },
        {
          "name": "cda",
          "type": "ClinicalDocument",
          "mode": "target"
        }
      ],
      "rule": [
        {
          "name": "exchangeFormatAccordingToTheSwissEPR",
          "source": [
            {
              "context": "bundle"
            }
          ],
          "target": [
            {
              "context": "cda",
              "contextType": "variable",
              "element": "templateId",
              "variable": "templateId"
            },
            {
              "context": "templateId",
              "contextType": "variable",
              "element": "root",
              "transform": "copy",
              "parameter": [
                {
                  "valueString": "2.16.756.5.30.1.127.1.4"
                }
              ]
            }
          ]
        },
        {
          "name": "IHE-PCC",
          "source": [
            {
              "context": "bundle"
            }
          ],
          "target": [
            {
              "context": "cda",
              "contextType": "variable",
              "element": "templateId",
              "variable": "templateId"
            },
            {
              "context": "templateId",
              "contextType": "variable",
              "element": "root",
              "transform": "copy",
              "parameter": [
                {
                  "valueString": "1.3.6.1.4.1.19376.1.5.3.1.1.1"
                }
              ]
            }
          ]
        },
        {
          "name": "IHE-PHARM-PML",
          "source": [
            {
              "context": "bundle"
            }
          ],
          "target": [
            {
              "context": "cda",
              "contextType": "variable",
              "element": "templateId",
              "variable": "templateId"
            },
            {
              "context": "templateId",
              "contextType": "variable",
              "element": "root",
              "transform": "copy",
              "parameter": [
                {
                  "valueString": "1.3.6.1.4.1.19376.1.9.1.1.5"
                }
              ]
            }
          ]
        },
        {
          "name": "CDA-CH-EMED-MedicationCardDocument",
          "source": [
            {
              "context": "bundle"
            }
          ],
          "target": [
            {
              "context": "cda",
              "contextType": "variable",
              "element": "templateId",
              "variable": "templateId"
            },
            {
              "context": "templateId",
              "contextType": "variable",
              "element": "root",
              "transform": "copy",
              "parameter": [
                {
                  "valueString": "2.16.756.5.30.1.1.10.1.3"
                }
              ]
            }
          ]
        },
        {
          "name": "entry",
          "source": [
            {
              "context": "bundle",
              "element": "entry",
              "variable": "entry"
            }
          ],
          "rule": [
            {
              "name": "resource",
              "source": [
                {
                  "context": "entry",
                  "element": "resource",
                  "variable": "resource",
                  "condition": "$this.ofType(FHIR.Composition)"
                }
              ],
              "dependent": [
                {
                  "name": "CompositionClinicalDocumentChEmedMedicationCardDocument",
                  "variable": [
                    "bundle",
                    "resource",
                    "cda"
                  ]
                }
              ]
            }
          ]
        }
      ]
    }
  ]
}