<?xml version="1.0" encoding="UTF-8"?><ActivityDefinition xmlns="http://hl7.org/fhir"><id value="procedure-urine24h-creatinine"/><meta><profile value="http://hl7.org/fhir/uv/order-catalog/StructureDefinition/LabProcedureDefinition"/></meta><language value="en-US"/><url value="http://fhir.ch/ig/ch-lab-order/lab-compendium/ActivityDefinition/procedure-urine24h-creatinine"/><version value="2.0.0-ballot"/><name value="UrineCreatinineProcedure"/><title value="Procedure - urine creatinine - 24H urine"/><status value="draft"/><experimental value="true"/><date value="2020-02-11T14:00:00+02:00"/><publisher value="HL7 Switzerland"/><contact><name value="HL7 Switzerland"/><telecom><system value="url"/><value value="https://www.hl7.ch"/></telecom></contact><contact><name value="Marcel Hanselmann"/><telecom><system value="email"/><value value="laborprojektgruppe@gmail.com"/><use value="work"/></telecom></contact><description value="creatinine measurements on 24-hour urine specimen"/><jurisdiction><coding><system value="urn:iso:std:iso:3166"/><code value="CH"/></coding></jurisdiction><purpose value="This _ActivityDefinition_ specifies the input specimens and input and output observations for urine creatinine.              It is referenced by any _PlanDefinition_ representing a lab service incorporating this procedure."/><copyright value="CC0-1.0"/><effectivePeriod><start value="2020-04-01"/><end value="2020-12-25"/></effectivePeriod><topic><coding><system value="http://loinc.org"/><code value="18729-4"/><display value="Urinalysis studies (set)"/></coding></topic><topic><coding><system value="http://snomed.info/sct"/><code value="442564008"/><display value="Evaluation of urine specimen (procedure)"/></coding></topic><kind value="ServiceRequest"/><code><coding><system value="http://loinc.org"/><code value="65634-8"/><display value="Creatinine 24 hour urine panel - 24 hour Urine"/></coding></code><observationRequirement><reference value="ObservationDefinition/observation-collection-duration"/></observationRequirement><observationRequirement><reference value="ObservationDefinition/observation-collection-volume"/></observationRequirement><observationResultRequirement><reference value="ObservationDefinition/observation-collection-duration"/></observationResultRequirement><observationResultRequirement><reference value="ObservationDefinition/observation-collection-volume"/></observationResultRequirement><observationResultRequirement><reference value="ObservationDefinition/observation-urine24h-creatinine"/></observationResultRequirement></ActivityDefinition>