<?xml version="1.0" encoding="UTF-8"?><ActivityDefinition xmlns="http://hl7.org/fhir"><id value="procedure-crp-highsens"/><meta><profile value="http://hl7.org/fhir/uv/order-catalog/StructureDefinition/LabProcedureDefinition"/></meta><language value="en-US"/><url value="http://fhir.ch/ig/ch-lab-order/lab-compendium/ActivityDefinition/procedure-crp-highsens"/><identifier><use value="official"/><value value="CRP_test"/></identifier><version value="2.0.0"/><name value="CRPMeasurementProcedure"/><title value="Procedure - CRP measurement on in vitro blood serum"/><status value="active"/><experimental value="true"/><date value="2020-01-24T14:00:00+02:00"/><publisher value="HL7 Switzerland"/><contact><name value="HL7 Switzerland"/><telecom><system value="url"/><value value="https://www.hl7.ch"/></telecom></contact><contact><name value="Marcel Hanselmann"/><telecom><system value="email"/><value value="laborprojektgruppe@gmail.com"/><use value="work"/></telecom></contact><description value="C reactive protein [Mass/volume] in Serum or Plasma by High sensitivity method"/><jurisdiction><coding><system value="urn:iso:std:iso:3166"/><code value="CH"/></coding></jurisdiction><purpose value="This _ActivityDefinition_ specifies the input specimens and observations needed to perform potassium level test on serum, and the output observation.                  It is referenced by any _PlanDefinition_ representing a lab service focusing on this test."/><copyright value="CC0-1.0"/><effectivePeriod><start value="2020-04-01"/><end value="2020-12-25"/></effectivePeriod><topic><coding><system value="http://loinc.org"/><code value="18719-5"/><display value="Chemistry studies (set)"/></coding></topic><topic><coding><system value="http://snomed.info/sct"/><code value="275711006"/><display value="Serum chemistry test (procedure)"/></coding></topic><topic><coding><system value="http://snomed.info/sct"/><code value="711357009"/><display value="Measurement of C-reactive protein using high sensitivity technique (procedure)"/></coding></topic><kind value="ServiceRequest"/><code><coding><system value="http://loinc.org"/><code value="30522-7"/><display value="C reactive protein [Mass/volume] in Serum or Plasma by High sensitivity method"/></coding></code><priority value="routine"/><timingDuration><value value="30"/><unit value="minutes"/><system value="http://unitsofmeasure.org"/><code value="mn"/></timingDuration><specimenRequirement><reference value="SpecimenDefinition/single-test-serum-venous"/></specimenRequirement><observationResultRequirement><reference value="ObservationDefinition/observation-serum-potassium"/></observationResultRequirement></ActivityDefinition>