<?xml version="1.0" encoding="UTF-8"?><ActivityDefinition xmlns="http://hl7.org/fhir"><id value="procedure-crp-SI"/><meta><profile value="http://hl7.org/fhir/uv/order-catalog/StructureDefinition/LabProcedureDefinition"/></meta><language value="en-US"/><url value="http://fhir.ch/ig/ch-lab-order/ActivityDefinition/procedure-crp-SI"/><identifier><use value="official"/><value value="CRP_test"/></identifier><version value="3.0.0-ballot"/><name value="CRPMeasurementProcedure"/><title value="Procedure - CRP measurement on in vitro blood serum - SI-Units"/><status value="active"/><experimental value="true"/><date value="2020-01-24T14:00:00+02:00"/><publisher value="HL7 Switzerland"/><contact><name value="HL7 Switzerland"/><telecom><system value="url"/><value value="https://www.hl7.ch"/></telecom></contact><contact><name value="Marcel Hanselmann"/><telecom><system value="email"/><value value="laborprojektgruppe@gmail.com"/><use value="work"/></telecom></contact><description value="Potassium measurement procedure on in-vitro serum specimen"/><jurisdiction><coding><system value="urn:iso:std:iso:3166"/><code value="CH"/></coding></jurisdiction><purpose value="This _ActivityDefinition_ specifies the input specimens and observations needed to perform potassium level test on serum, and the output observation.                  It is referenced by any _PlanDefinition_ representing a lab service focusing on this test."/><copyright value="CC0-1.0"/><effectivePeriod><start value="2020-04-01"/><end value="2020-12-25"/></effectivePeriod><topic><coding><system value="http://loinc.org"/><code value="18719-5"/><display value="Chemistry studies (set)"/></coding></topic><topic><coding><system value="http://snomed.info/sct"/><code value="275711006"/><display value="Serum chemistry test (procedure)"/></coding></topic><topic><coding><system value="http://snomed.info/sct"/><code value="55235003"/><display value="C-reactive protein measurement (procedure)"/></coding></topic><kind value="ServiceRequest"/><code><coding><system value="http://loinc.org"/><code value="76485-2"/><display value="C reactive protein [Moles/volume] in Serum or Plasma"/></coding></code><priority value="routine"/><specimenRequirement><reference value="SpecimenDefinition/single-test-serum-venous"/></specimenRequirement><observationResultRequirement><reference value="ObservationDefinition/observation-serum-potassium"/></observationResultRequirement></ActivityDefinition>