<?xml version="1.0" encoding="UTF-8"?>

<Bundle xmlns="http://hl7.org/fhir">
  <id value="2-7-BundleProvideDocument-Response"/>
  <meta>
    <profile value="http://fhir.ch/ig/ch-epr-mhealth/StructureDefinition/ch-mhd-providedocumentbundle-comprehensive-response"/>
  </meta>
  <type value="transaction-response"/>
  <link>
    <relation value="self"/>
    <url value="http://example.com/fhir"/>
  </link>
  <entry>
    <response>
      <status value="201 Created"/>
      <location value="http://example.com/xdsretrieve?uniqueId=1.3.6.1.4.1.12559.11.13.2.1.2964&amp;repositoryUniqueId=1.1.4567332.1.2"/>
      <lastModified value="2020-10-02T11:56:15.094+00:00"/>
    </response>
  </entry>
  <entry>
    <response>
      <status value="201 Created"/>
      <location value="DocumentManifest/68a928c0-df48-4743-a291-bfb0609bbddc"/>
      <lastModified value="2020-10-02T11:56:15.094+00:00"/>
    </response>
  </entry>
  <entry>
    <response>
      <status value="201 Created"/>
      <location value="DocumentReference/50383ae5-49e5-4dea-b0e6-660cb9e7b91f"/>
      <lastModified value="2020-10-02T11:56:15.101+00:00"/>
    </response>
  </entry>
</Bundle>