{"resourceType":"CodeSystem","id":"ch-elm-results-completion-vs","text":{"status":"generated","div":"<div xmlns=\"http://www.w3.org/1999/xhtml\"><p>This case-insensitive code system <code>http://fhir.ch/ig/ch-elm/CodeSystem/ch-elm-results-completion-vs</code> defines the following codes:</p><table class=\"codes\"><tr><td style=\"white-space:nowrap\"><b>Code</b></td></tr><tr><td style=\"white-space:nowrap\">http://fhir.ch/ig/ch-elm/ValueSet/ch-elm-results-bot-spec<a name=\"ch-elm-results-completion-vs-http.58.47.47fhir.46ch.47ig.47ch-elm.47ValueSet.47ch-elm-results-bot-spec\"> </a></td></tr><tr><td style=\"white-space:nowrap\">http://fhir.ch/ig/ch-elm/ValueSet/ch-elm-results-complete-spec<a name=\"ch-elm-results-completion-vs-http.58.47.47fhir.46ch.47ig.47ch-elm.47ValueSet.47ch-elm-results-complete-spec\"> </a></td></tr><tr><td style=\"white-space:nowrap\">http://fhir.ch/ig/ch-elm/ValueSet/ch-elm-results-diph-spec<a name=\"ch-elm-results-completion-vs-http.58.47.47fhir.46ch.47ig.47ch-elm.47ValueSet.47ch-elm-results-diph-spec\"> </a></td></tr><tr><td style=\"white-space:nowrap\">http://fhir.ch/ig/ch-elm/ValueSet/ch-elm-results-geni-spec<a name=\"ch-elm-results-completion-vs-http.58.47.47fhir.46ch.47ig.47ch-elm.47ValueSet.47ch-elm-results-geni-spec\"> </a></td></tr><tr><td style=\"white-space:nowrap\">http://fhir.ch/ig/ch-elm/ValueSet/ch-elm-results-sterile-spec<a name=\"ch-elm-results-completion-vs-http.58.47.47fhir.46ch.47ig.47ch-elm.47ValueSet.47ch-elm-results-sterile-spec\"> </a></td></tr><tr><td style=\"white-space:nowrap\">http://fhir.ch/ig/ch-elm/ValueSet/ch-elm-results-tub-spec<a name=\"ch-elm-results-completion-vs-http.58.47.47fhir.46ch.47ig.47ch-elm.47ValueSet.47ch-elm-results-tub-spec\"> </a></td></tr><tr><td style=\"white-space:nowrap\">http://fhir.ch/ig/ch-elm/ValueSet/ch-elm-results-bot-org<a name=\"ch-elm-results-completion-vs-http.58.47.47fhir.46ch.47ig.47ch-elm.47ValueSet.47ch-elm-results-bot-org\"> </a></td></tr><tr><td style=\"white-space:nowrap\">http://fhir.ch/ig/ch-elm/ValueSet/ch-elm-results-bru-org<a name=\"ch-elm-results-completion-vs-http.58.47.47fhir.46ch.47ig.47ch-elm.47ValueSet.47ch-elm-results-bru-org\"> </a></td></tr><tr><td style=\"white-space:nowrap\">http://fhir.ch/ig/ch-elm/ValueSet/ch-elm-results-camp-diar-org<a name=\"ch-elm-results-completion-vs-http.58.47.47fhir.46ch.47ig.47ch-elm.47ValueSet.47ch-elm-results-camp-diar-org\"> </a></td></tr><tr><td style=\"white-space:nowrap\">http://fhir.ch/ig/ch-elm/ValueSet/ch-elm-results-camp-org<a name=\"ch-elm-results-completion-vs-http.58.47.47fhir.46ch.47ig.47ch-elm.47ValueSet.47ch-elm-results-camp-org\"> </a></td></tr><tr><td style=\"white-space:nowrap\">http://fhir.ch/ig/ch-elm/ValueSet/ch-elm-results-chol-org<a name=\"ch-elm-results-completion-vs-http.58.47.47fhir.46ch.47ig.47ch-elm.47ValueSet.47ch-elm-results-chol-org\"> </a></td></tr><tr><td style=\"white-space:nowrap\">http://fhir.ch/ig/ch-elm/ValueSet/ch-elm-results-cpe-org<a name=\"ch-elm-results-completion-vs-http.58.47.47fhir.46ch.47ig.47ch-elm.47ValueSet.47ch-elm-results-cpe-org\"> </a></td></tr><tr><td style=\"white-space:nowrap\">http://fhir.ch/ig/ch-elm/ValueSet/ch-elm-results-diph-org<a name=\"ch-elm-results-completion-vs-http.58.47.47fhir.46ch.47ig.47ch-elm.47ValueSet.47ch-elm-results-diph-org\"> </a></td></tr><tr><td style=\"white-space:nowrap\">http://fhir.ch/ig/ch-elm/ValueSet/ch-elm-results-ehec-org<a name=\"ch-elm-results-completion-vs-http.58.47.47fhir.46ch.47ig.47ch-elm.47ValueSet.47ch-elm-results-ehec-org\"> </a></td></tr><tr><td style=\"white-space:nowrap\">http://fhir.ch/ig/ch-elm/ValueSet/ch-elm-results-haem-org<a name=\"ch-elm-results-completion-vs-http.58.47.47fhir.46ch.47ig.47ch-elm.47ValueSet.47ch-elm-results-haem-org\"> </a></td></tr><tr><td style=\"white-space:nowrap\">http://fhir.ch/ig/ch-elm/ValueSet/ch-elm-results-hiv-org<a name=\"ch-elm-results-completion-vs-http.58.47.47fhir.46ch.47ig.47ch-elm.47ValueSet.47ch-elm-results-hiv-org\"> </a></td></tr><tr><td style=\"white-space:nowrap\">http://fhir.ch/ig/ch-elm/ValueSet/ch-elm-results-inf-org<a name=\"ch-elm-results-completion-vs-http.58.47.47fhir.46ch.47ig.47ch-elm.47ValueSet.47ch-elm-results-inf-org\"> </a></td></tr><tr><td style=\"white-space:nowrap\">http://fhir.ch/ig/ch-elm/ValueSet/ch-elm-results-influ-org<a name=\"ch-elm-results-completion-vs-http.58.47.47fhir.46ch.47ig.47ch-elm.47ValueSet.47ch-elm-results-influ-org\"> </a></td></tr><tr><td style=\"white-space:nowrap\">http://fhir.ch/ig/ch-elm/ValueSet/ch-elm-results-lis-org<a name=\"ch-elm-results-completion-vs-http.58.47.47fhir.46ch.47ig.47ch-elm.47ValueSet.47ch-elm-results-lis-org\"> </a></td></tr><tr><td style=\"white-space:nowrap\">http://fhir.ch/ig/ch-elm/ValueSet/ch-elm-results-mal-org<a name=\"ch-elm-results-completion-vs-http.58.47.47fhir.46ch.47ig.47ch-elm.47ValueSet.47ch-elm-results-mal-org\"> </a></td></tr><tr><td style=\"white-space:nowrap\">http://fhir.ch/ig/ch-elm/ValueSet/ch-elm-results-mea-org<a name=\"ch-elm-results-completion-vs-http.58.47.47fhir.46ch.47ig.47ch-elm.47ValueSet.47ch-elm-results-mea-org\"> </a></td></tr><tr><td style=\"white-space:nowrap\">http://fhir.ch/ig/ch-elm/ValueSet/ch-elm-results-men-org<a name=\"ch-elm-results-completion-vs-http.58.47.47fhir.46ch.47ig.47ch-elm.47ValueSet.47ch-elm-results-men-org\"> </a></td></tr><tr><td style=\"white-space:nowrap\">http://fhir.ch/ig/ch-elm/ValueSet/ch-elm-results-mpx-ctng<a name=\"ch-elm-results-completion-vs-http.58.47.47fhir.46ch.47ig.47ch-elm.47ValueSet.47ch-elm-results-mpx-ctng\"> </a></td></tr><tr><td style=\"white-space:nowrap\">http://fhir.ch/ig/ch-elm/ValueSet/ch-elm-results-mpx-sash<a name=\"ch-elm-results-completion-vs-http.58.47.47fhir.46ch.47ig.47ch-elm.47ValueSet.47ch-elm-results-mpx-sash\"> </a></td></tr><tr><td style=\"white-space:nowrap\">http://fhir.ch/ig/ch-elm/ValueSet/ch-elm-results-mpx-sashec<a name=\"ch-elm-results-completion-vs-http.58.47.47fhir.46ch.47ig.47ch-elm.47ValueSet.47ch-elm-results-mpx-sashec\"> </a></td></tr><tr><td style=\"white-space:nowrap\">http://fhir.ch/ig/ch-elm/ValueSet/ch-elm-results-pneu-org<a name=\"ch-elm-results-completion-vs-http.58.47.47fhir.46ch.47ig.47ch-elm.47ValueSet.47ch-elm-results-pneu-org\"> </a></td></tr><tr><td style=\"white-space:nowrap\">http://fhir.ch/ig/ch-elm/ValueSet/ch-elm-results-sal-org<a name=\"ch-elm-results-completion-vs-http.58.47.47fhir.46ch.47ig.47ch-elm.47ValueSet.47ch-elm-results-sal-org\"> </a></td></tr><tr><td style=\"white-space:nowrap\">http://fhir.ch/ig/ch-elm/ValueSet/ch-elm-results-shi-org<a name=\"ch-elm-results-completion-vs-http.58.47.47fhir.46ch.47ig.47ch-elm.47ValueSet.47ch-elm-results-shi-org\"> </a></td></tr><tr><td style=\"white-space:nowrap\">http://fhir.ch/ig/ch-elm/ValueSet/ch-elm-results-tub-gen-org<a name=\"ch-elm-results-completion-vs-http.58.47.47fhir.46ch.47ig.47ch-elm.47ValueSet.47ch-elm-results-tub-gen-org\"> </a></td></tr><tr><td style=\"white-space:nowrap\">http://fhir.ch/ig/ch-elm/ValueSet/ch-elm-results-tub-org<a name=\"ch-elm-results-completion-vs-http.58.47.47fhir.46ch.47ig.47ch-elm.47ValueSet.47ch-elm-results-tub-org\"> </a></td></tr></table></div>"},"url":"http://fhir.ch/ig/ch-elm/CodeSystem/ch-elm-results-completion-vs","version":"1.2.0","name":"ChElmResultsCompletionVs","title":"CH ELM Results Completion Vs","status":"active","experimental":false,"date":"2024-03-28T10:14:11+01:00","publisher":"Federal Office of Public Health FOPH","contact":[{"name":"Federal Office of Public Health FOPH","telecom":[{"system":"url","value":"https://www.bag.admin.ch/bag/en/home/das-bag/kontakt-standort.html"}]}],"description":"This CH ELM code system defines the value set URLs as codes to map in the concept maps the leading codes, which must be completed with additional codes.","jurisdiction":[{"coding":[{"system":"urn:iso:std:iso:3166","code":"CHE"}]}],"copyright":"CC0-1.0","caseSensitive":false,"content":"complete","concept":[{"code":"http://fhir.ch/ig/ch-elm/ValueSet/ch-elm-results-bot-spec"},{"code":"http://fhir.ch/ig/ch-elm/ValueSet/ch-elm-results-complete-spec"},{"code":"http://fhir.ch/ig/ch-elm/ValueSet/ch-elm-results-diph-spec"},{"code":"http://fhir.ch/ig/ch-elm/ValueSet/ch-elm-results-geni-spec"},{"code":"http://fhir.ch/ig/ch-elm/ValueSet/ch-elm-results-sterile-spec"},{"code":"http://fhir.ch/ig/ch-elm/ValueSet/ch-elm-results-tub-spec"},{"code":"http://fhir.ch/ig/ch-elm/ValueSet/ch-elm-results-bot-org"},{"code":"http://fhir.ch/ig/ch-elm/ValueSet/ch-elm-results-bru-org"},{"code":"http://fhir.ch/ig/ch-elm/ValueSet/ch-elm-results-camp-diar-org"},{"code":"http://fhir.ch/ig/ch-elm/ValueSet/ch-elm-results-camp-org"},{"code":"http://fhir.ch/ig/ch-elm/ValueSet/ch-elm-results-chol-org"},{"code":"http://fhir.ch/ig/ch-elm/ValueSet/ch-elm-results-cpe-org"},{"code":"http://fhir.ch/ig/ch-elm/ValueSet/ch-elm-results-diph-org"},{"code":"http://fhir.ch/ig/ch-elm/ValueSet/ch-elm-results-ehec-org"},{"code":"http://fhir.ch/ig/ch-elm/ValueSet/ch-elm-results-haem-org"},{"code":"http://fhir.ch/ig/ch-elm/ValueSet/ch-elm-results-hiv-org"},{"code":"http://fhir.ch/ig/ch-elm/ValueSet/ch-elm-results-inf-org"},{"code":"http://fhir.ch/ig/ch-elm/ValueSet/ch-elm-results-influ-org"},{"code":"http://fhir.ch/ig/ch-elm/ValueSet/ch-elm-results-lis-org"},{"code":"http://fhir.ch/ig/ch-elm/ValueSet/ch-elm-results-mal-org"},{"code":"http://fhir.ch/ig/ch-elm/ValueSet/ch-elm-results-mea-org"},{"code":"http://fhir.ch/ig/ch-elm/ValueSet/ch-elm-results-men-org"},{"code":"http://fhir.ch/ig/ch-elm/ValueSet/ch-elm-results-mpx-ctng"},{"code":"http://fhir.ch/ig/ch-elm/ValueSet/ch-elm-results-mpx-sash"},{"code":"http://fhir.ch/ig/ch-elm/ValueSet/ch-elm-results-mpx-sashec"},{"code":"http://fhir.ch/ig/ch-elm/ValueSet/ch-elm-results-pneu-org"},{"code":"http://fhir.ch/ig/ch-elm/ValueSet/ch-elm-results-sal-org"},{"code":"http://fhir.ch/ig/ch-elm/ValueSet/ch-elm-results-shi-org"},{"code":"http://fhir.ch/ig/ch-elm/ValueSet/ch-elm-results-tub-gen-org"},{"code":"http://fhir.ch/ig/ch-elm/ValueSet/ch-elm-results-tub-org"}]}