{"resourceType":"ValueSet","id":"ch-elm-results-laboratory-observation","text":{"status":"generated","div":"<div xmlns=\"http://www.w3.org/1999/xhtml\"><p>This value set includes codes based on the following rules:</p><ul><li>Include these codes as defined in <a href=\"http://loinc.org\"><code>http://loinc.org</code></a><table class=\"none\"><tr><td style=\"white-space:nowrap\"><b>Code</b></td><td><b>Display</b></td><td><b><a href=\"ValueSet-ch-elm-foph-patient-name-representation.html\">CH ELM Results To FOPH Patient Name Representation</a></b></td><td><b><a href=\"ValueSet-ch-elm-interpretation-codes-vs.html\">CH ELM Results To Interpretation Code</a></b></td></tr><tr><td><a href=\"https://loinc.org/100911-7/\">100911-7</a></td><td>Campylobacter sp [Presence] in Stool by Organism specific culture</td><td><span title=\"RELATEDTO\">?</span><a href=\"CodeSystem-ch-elm-foph-patient-name-representation.html#ch-elm-foph-patient-name-representation-initials\">initials</a></td><td><span title=\"RELATEDTO\">?</span><a href=\"CodeSystem-ch-elm-interpretation-codes-vs.html#ch-elm-interpretation-codes-vs-http.58.47.47fhir.46ch.47ig.47ch-elm.47ValueSet.47ch-elm-interpretation-codes-pos\">http://fhir.ch/ig/ch-elm/ValueSet/ch-elm-interpretation-codes-pos</a></td></tr><tr><td><a href=\"https://loinc.org/101423-2/\">101423-2</a></td><td>Influenza virus A H1 RNA [Presence] in Respiratory system specimen by NAA with probe detection</td><td><span title=\"RELATEDTO\">?</span><a href=\"CodeSystem-ch-elm-foph-patient-name-representation.html#ch-elm-foph-patient-name-representation-initials\">initials</a></td><td><span title=\"RELATEDTO\">?</span><a href=\"CodeSystem-ch-elm-interpretation-codes-vs.html#ch-elm-interpretation-codes-vs-http.58.47.47fhir.46ch.47ig.47ch-elm.47ValueSet.47ch-elm-interpretation-codes-pos\">http://fhir.ch/ig/ch-elm/ValueSet/ch-elm-interpretation-codes-pos</a></td></tr><tr><td><a href=\"https://loinc.org/101424-0/\">101424-0</a></td><td>Influenza virus A H3 RNA [Presence] in Respiratory system specimen by NAA with probe detection</td><td><span title=\"RELATEDTO\">?</span><a href=\"CodeSystem-ch-elm-foph-patient-name-representation.html#ch-elm-foph-patient-name-representation-initials\">initials</a></td><td><span title=\"RELATEDTO\">?</span><a href=\"CodeSystem-ch-elm-interpretation-codes-vs.html#ch-elm-interpretation-codes-vs-http.58.47.47fhir.46ch.47ig.47ch-elm.47ValueSet.47ch-elm-interpretation-codes-pos\">http://fhir.ch/ig/ch-elm/ValueSet/ch-elm-interpretation-codes-pos</a></td></tr><tr><td><a href=\"https://loinc.org/101552-8/\">101552-8</a></td><td>Campylobacter coli DNA [Presence] in Stool by NAA with probe detection</td><td><span title=\"RELATEDTO\">?</span><a href=\"CodeSystem-ch-elm-foph-patient-name-representation.html#ch-elm-foph-patient-name-representation-initials\">initials</a></td><td><span title=\"RELATEDTO\">?</span><a href=\"CodeSystem-ch-elm-interpretation-codes-vs.html#ch-elm-interpretation-codes-vs-http.58.47.47fhir.46ch.47ig.47ch-elm.47ValueSet.47ch-elm-interpretation-codes-pos\">http://fhir.ch/ig/ch-elm/ValueSet/ch-elm-interpretation-codes-pos</a></td></tr><tr><td><a href=\"https://loinc.org/101554-4/\">101554-4</a></td><td>Campylobacter jejuni DNA [Presence] in Stool by NAA with probe detection</td><td><span title=\"RELATEDTO\">?</span><a href=\"CodeSystem-ch-elm-foph-patient-name-representation.html#ch-elm-foph-patient-name-representation-initials\">initials</a></td><td><span title=\"RELATEDTO\">?</span><a href=\"CodeSystem-ch-elm-interpretation-codes-vs.html#ch-elm-interpretation-codes-vs-http.58.47.47fhir.46ch.47ig.47ch-elm.47ValueSet.47ch-elm-interpretation-codes-pos\">http://fhir.ch/ig/ch-elm/ValueSet/ch-elm-interpretation-codes-pos</a></td></tr><tr><td><a href=\"https://loinc.org/101555-1/\">101555-1</a></td><td>Campylobacter upsaliensis DNA [Presence] in Stool by NAA with probe detection</td><td><span title=\"RELATEDTO\">?</span><a href=\"CodeSystem-ch-elm-foph-patient-name-representation.html#ch-elm-foph-patient-name-representation-initials\">initials</a></td><td><span title=\"RELATEDTO\">?</span><a href=\"CodeSystem-ch-elm-interpretation-codes-vs.html#ch-elm-interpretation-codes-vs-http.58.47.47fhir.46ch.47ig.47ch-elm.47ValueSet.47ch-elm-interpretation-codes-pos\">http://fhir.ch/ig/ch-elm/ValueSet/ch-elm-interpretation-codes-pos</a></td></tr><tr><td><a href=\"https://loinc.org/103168-1/\">103168-1</a></td><td>Campylobacter coli+jejuni DNA [Presence] in Wound by NAA with probe detection</td><td><span title=\"RELATEDTO\">?</span><a href=\"CodeSystem-ch-elm-foph-patient-name-representation.html#ch-elm-foph-patient-name-representation-initials\">initials</a></td><td><span title=\"RELATEDTO\">?</span><a href=\"CodeSystem-ch-elm-interpretation-codes-vs.html#ch-elm-interpretation-codes-vs-http.58.47.47fhir.46ch.47ig.47ch-elm.47ValueSet.47ch-elm-interpretation-codes-pos\">http://fhir.ch/ig/ch-elm/ValueSet/ch-elm-interpretation-codes-pos</a></td></tr><tr><td><a href=\"https://loinc.org/14127-5/\">14127-5</a></td><td>Neisseria gonorrhoeae [Presence] in Anal by Organism specific culture</td><td><span title=\"RELATEDTO\">?</span><a href=\"CodeSystem-ch-elm-foph-patient-name-representation.html#ch-elm-foph-patient-name-representation-initials\">initials</a></td><td><span title=\"RELATEDTO\">?</span><a href=\"CodeSystem-ch-elm-interpretation-codes-vs.html#ch-elm-interpretation-codes-vs-http.58.47.47fhir.46ch.47ig.47ch-elm.47ValueSet.47ch-elm-interpretation-codes-pos\">http://fhir.ch/ig/ch-elm/ValueSet/ch-elm-interpretation-codes-pos</a></td></tr><tr><td><a href=\"https://loinc.org/14463-4/\">14463-4</a></td><td>Chlamydia trachomatis [Presence] in Cervix by Organism specific culture</td><td><span title=\"RELATEDTO\">?</span><a href=\"CodeSystem-ch-elm-foph-patient-name-representation.html#ch-elm-foph-patient-name-representation-initials\">initials</a></td><td><span title=\"RELATEDTO\">?</span><a href=\"CodeSystem-ch-elm-interpretation-codes-vs.html#ch-elm-interpretation-codes-vs-http.58.47.47fhir.46ch.47ig.47ch-elm.47ValueSet.47ch-elm-interpretation-codes-pos\">http://fhir.ch/ig/ch-elm/ValueSet/ch-elm-interpretation-codes-pos</a></td></tr><tr><td><a href=\"https://loinc.org/14464-2/\">14464-2</a></td><td>Chlamydia trachomatis [Presence] in Vaginal fluid by Organism specific culture</td><td><span title=\"RELATEDTO\">?</span><a href=\"CodeSystem-ch-elm-foph-patient-name-representation.html#ch-elm-foph-patient-name-representation-initials\">initials</a></td><td><span title=\"RELATEDTO\">?</span><a href=\"CodeSystem-ch-elm-interpretation-codes-vs.html#ch-elm-interpretation-codes-vs-http.58.47.47fhir.46ch.47ig.47ch-elm.47ValueSet.47ch-elm-interpretation-codes-pos\">http://fhir.ch/ig/ch-elm/ValueSet/ch-elm-interpretation-codes-pos</a></td></tr><tr><td><a href=\"https://loinc.org/14465-9/\">14465-9</a></td><td>Chlamydia trachomatis [Presence] in Urethra by Organism specific culture</td><td><span title=\"RELATEDTO\">?</span><a href=\"CodeSystem-ch-elm-foph-patient-name-representation.html#ch-elm-foph-patient-name-representation-initials\">initials</a></td><td><span title=\"RELATEDTO\">?</span><a href=\"CodeSystem-ch-elm-interpretation-codes-vs.html#ch-elm-interpretation-codes-vs-http.58.47.47fhir.46ch.47ig.47ch-elm.47ValueSet.47ch-elm-interpretation-codes-pos\">http://fhir.ch/ig/ch-elm/ValueSet/ch-elm-interpretation-codes-pos</a></td></tr><tr><td><a href=\"https://loinc.org/16600-9/\">16600-9</a></td><td>Chlamydia trachomatis rRNA [Presence] in Genital specimen by Probe</td><td><span title=\"RELATEDTO\">?</span><a href=\"CodeSystem-ch-elm-foph-patient-name-representation.html#ch-elm-foph-patient-name-representation-initials\">initials</a></td><td><span title=\"RELATEDTO\">?</span><a href=\"CodeSystem-ch-elm-interpretation-codes-vs.html#ch-elm-interpretation-codes-vs-http.58.47.47fhir.46ch.47ig.47ch-elm.47ValueSet.47ch-elm-interpretation-codes-pos\">http://fhir.ch/ig/ch-elm/ValueSet/ch-elm-interpretation-codes-pos</a></td></tr><tr><td><a href=\"https://loinc.org/21190-4/\">21190-4</a></td><td>Chlamydia trachomatis DNA [Presence] in Cervix by NAA with probe detection</td><td><span title=\"RELATEDTO\">?</span><a href=\"CodeSystem-ch-elm-foph-patient-name-representation.html#ch-elm-foph-patient-name-representation-initials\">initials</a></td><td><span title=\"RELATEDTO\">?</span><a href=\"CodeSystem-ch-elm-interpretation-codes-vs.html#ch-elm-interpretation-codes-vs-http.58.47.47fhir.46ch.47ig.47ch-elm.47ValueSet.47ch-elm-interpretation-codes-pos\">http://fhir.ch/ig/ch-elm/ValueSet/ch-elm-interpretation-codes-pos</a></td></tr><tr><td><a href=\"https://loinc.org/21191-2/\">21191-2</a></td><td>Chlamydia trachomatis DNA [Presence] in Urethra by NAA with probe detection</td><td><span title=\"RELATEDTO\">?</span><a href=\"CodeSystem-ch-elm-foph-patient-name-representation.html#ch-elm-foph-patient-name-representation-initials\">initials</a></td><td><span title=\"RELATEDTO\">?</span><a href=\"CodeSystem-ch-elm-interpretation-codes-vs.html#ch-elm-interpretation-codes-vs-http.58.47.47fhir.46ch.47ig.47ch-elm.47ValueSet.47ch-elm-interpretation-codes-pos\">http://fhir.ch/ig/ch-elm/ValueSet/ch-elm-interpretation-codes-pos</a></td></tr><tr><td><a href=\"https://loinc.org/21415-5/\">21415-5</a></td><td>Neisseria gonorrhoeae DNA [Presence] in Urethra by NAA with probe detection</td><td><span title=\"RELATEDTO\">?</span><a href=\"CodeSystem-ch-elm-foph-patient-name-representation.html#ch-elm-foph-patient-name-representation-initials\">initials</a></td><td><span title=\"RELATEDTO\">?</span><a href=\"CodeSystem-ch-elm-interpretation-codes-vs.html#ch-elm-interpretation-codes-vs-http.58.47.47fhir.46ch.47ig.47ch-elm.47ValueSet.47ch-elm-interpretation-codes-pos\">http://fhir.ch/ig/ch-elm/ValueSet/ch-elm-interpretation-codes-pos</a></td></tr><tr><td><a href=\"https://loinc.org/21416-3/\">21416-3</a></td><td>Neisseria gonorrhoeae DNA [Presence] in Urine by NAA with probe detection</td><td><span title=\"RELATEDTO\">?</span><a href=\"CodeSystem-ch-elm-foph-patient-name-representation.html#ch-elm-foph-patient-name-representation-initials\">initials</a></td><td><span title=\"RELATEDTO\">?</span><a href=\"CodeSystem-ch-elm-interpretation-codes-vs.html#ch-elm-interpretation-codes-vs-http.58.47.47fhir.46ch.47ig.47ch-elm.47ValueSet.47ch-elm-interpretation-codes-pos\">http://fhir.ch/ig/ch-elm/ValueSet/ch-elm-interpretation-codes-pos</a></td></tr><tr><td><a href=\"https://loinc.org/21613-5/\">21613-5</a></td><td>Chlamydia trachomatis DNA [Presence] in Specimen by NAA with probe detection</td><td><span title=\"RELATEDTO\">?</span><a href=\"CodeSystem-ch-elm-foph-patient-name-representation.html#ch-elm-foph-patient-name-representation-initials\">initials</a></td><td><span title=\"RELATEDTO\">?</span><a href=\"CodeSystem-ch-elm-interpretation-codes-vs.html#ch-elm-interpretation-codes-vs-http.58.47.47fhir.46ch.47ig.47ch-elm.47ValueSet.47ch-elm-interpretation-codes-pos\">http://fhir.ch/ig/ch-elm/ValueSet/ch-elm-interpretation-codes-pos</a></td></tr><tr><td><a href=\"https://loinc.org/23838-6/\">23838-6</a></td><td>Chlamydia trachomatis rRNA [Presence] in Genital fluid by Probe</td><td><span title=\"RELATEDTO\">?</span><a href=\"CodeSystem-ch-elm-foph-patient-name-representation.html#ch-elm-foph-patient-name-representation-initials\">initials</a></td><td><span title=\"RELATEDTO\">?</span><a href=\"CodeSystem-ch-elm-interpretation-codes-vs.html#ch-elm-interpretation-codes-vs-http.58.47.47fhir.46ch.47ig.47ch-elm.47ValueSet.47ch-elm-interpretation-codes-pos\">http://fhir.ch/ig/ch-elm/ValueSet/ch-elm-interpretation-codes-pos</a></td></tr><tr><td><a href=\"https://loinc.org/24111-7/\">24111-7</a></td><td>Neisseria gonorrhoeae DNA [Presence] in Specimen by NAA with probe detection</td><td><span title=\"RELATEDTO\">?</span><a href=\"CodeSystem-ch-elm-foph-patient-name-representation.html#ch-elm-foph-patient-name-representation-initials\">initials</a></td><td><span title=\"RELATEDTO\">?</span><a href=\"CodeSystem-ch-elm-interpretation-codes-vs.html#ch-elm-interpretation-codes-vs-http.58.47.47fhir.46ch.47ig.47ch-elm.47ValueSet.47ch-elm-interpretation-codes-pos\">http://fhir.ch/ig/ch-elm/ValueSet/ch-elm-interpretation-codes-pos</a></td></tr><tr><td><a href=\"https://loinc.org/31777-6/\">31777-6</a></td><td>Chlamydia trachomatis Ag [Presence] in Specimen</td><td><span title=\"RELATEDTO\">?</span><a href=\"CodeSystem-ch-elm-foph-patient-name-representation.html#ch-elm-foph-patient-name-representation-initials\">initials</a></td><td><span title=\"RELATEDTO\">?</span><a href=\"CodeSystem-ch-elm-interpretation-codes-vs.html#ch-elm-interpretation-codes-vs-http.58.47.47fhir.46ch.47ig.47ch-elm.47ValueSet.47ch-elm-interpretation-codes-pos\">http://fhir.ch/ig/ch-elm/ValueSet/ch-elm-interpretation-codes-pos</a></td></tr><tr><td><a href=\"https://loinc.org/31859-2/\">31859-2</a></td><td>Influenza virus A Ag [Presence] in Specimen</td><td><span title=\"RELATEDTO\">?</span><a href=\"CodeSystem-ch-elm-foph-patient-name-representation.html#ch-elm-foph-patient-name-representation-initials\">initials</a></td><td><span title=\"RELATEDTO\">?</span><a href=\"CodeSystem-ch-elm-interpretation-codes-vs.html#ch-elm-interpretation-codes-vs-http.58.47.47fhir.46ch.47ig.47ch-elm.47ValueSet.47ch-elm-interpretation-codes-pos\">http://fhir.ch/ig/ch-elm/ValueSet/ch-elm-interpretation-codes-pos</a></td></tr><tr><td><a href=\"https://loinc.org/31864-2/\">31864-2</a></td><td>Influenza virus B Ag [Presence] in Specimen</td><td><span title=\"RELATEDTO\">?</span><a href=\"CodeSystem-ch-elm-foph-patient-name-representation.html#ch-elm-foph-patient-name-representation-initials\">initials</a></td><td><span title=\"RELATEDTO\">?</span><a href=\"CodeSystem-ch-elm-interpretation-codes-vs.html#ch-elm-interpretation-codes-vs-http.58.47.47fhir.46ch.47ig.47ch-elm.47ValueSet.47ch-elm-interpretation-codes-pos\">http://fhir.ch/ig/ch-elm/ValueSet/ch-elm-interpretation-codes-pos</a></td></tr><tr><td><a href=\"https://loinc.org/32705-6/\">32705-6</a></td><td>Neisseria gonorrhoeae DNA [Presence] in Vaginal fluid by NAA with probe detection</td><td><span title=\"RELATEDTO\">?</span><a href=\"CodeSystem-ch-elm-foph-patient-name-representation.html#ch-elm-foph-patient-name-representation-initials\">initials</a></td><td><span title=\"RELATEDTO\">?</span><a href=\"CodeSystem-ch-elm-interpretation-codes-vs.html#ch-elm-interpretation-codes-vs-http.58.47.47fhir.46ch.47ig.47ch-elm.47ValueSet.47ch-elm-interpretation-codes-pos\">http://fhir.ch/ig/ch-elm/ValueSet/ch-elm-interpretation-codes-pos</a></td></tr><tr><td><a href=\"https://loinc.org/34487-9/\">34487-9</a></td><td>Influenza virus A RNA [Presence] in Specimen by NAA with probe detection</td><td><span title=\"RELATEDTO\">?</span><a href=\"CodeSystem-ch-elm-foph-patient-name-representation.html#ch-elm-foph-patient-name-representation-initials\">initials</a></td><td><span title=\"RELATEDTO\">?</span><a href=\"CodeSystem-ch-elm-interpretation-codes-vs.html#ch-elm-interpretation-codes-vs-http.58.47.47fhir.46ch.47ig.47ch-elm.47ValueSet.47ch-elm-interpretation-codes-pos\">http://fhir.ch/ig/ch-elm/ValueSet/ch-elm-interpretation-codes-pos</a></td></tr><tr><td><a href=\"https://loinc.org/38382-8/\">38382-8</a></td><td>Influenza virus B [Presence] in Specimen by Organism specific culture</td><td><span title=\"RELATEDTO\">?</span><a href=\"CodeSystem-ch-elm-foph-patient-name-representation.html#ch-elm-foph-patient-name-representation-initials\">initials</a></td><td><span title=\"RELATEDTO\">?</span><a href=\"CodeSystem-ch-elm-interpretation-codes-vs.html#ch-elm-interpretation-codes-vs-http.58.47.47fhir.46ch.47ig.47ch-elm.47ValueSet.47ch-elm-interpretation-codes-pos\">http://fhir.ch/ig/ch-elm/ValueSet/ch-elm-interpretation-codes-pos</a></td></tr><tr><td><a href=\"https://loinc.org/40982-1/\">40982-1</a></td><td>Influenza virus B RNA [Presence] in Specimen by NAA with probe detection</td><td><span title=\"RELATEDTO\">?</span><a href=\"CodeSystem-ch-elm-foph-patient-name-representation.html#ch-elm-foph-patient-name-representation-initials\">initials</a></td><td><span title=\"RELATEDTO\">?</span><a href=\"CodeSystem-ch-elm-interpretation-codes-vs.html#ch-elm-interpretation-codes-vs-http.58.47.47fhir.46ch.47ig.47ch-elm.47ValueSet.47ch-elm-interpretation-codes-pos\">http://fhir.ch/ig/ch-elm/ValueSet/ch-elm-interpretation-codes-pos</a></td></tr><tr><td><a href=\"https://loinc.org/42931-6/\">42931-6</a></td><td>Chlamydia trachomatis rRNA [Presence] in Urine by NAA with probe detection</td><td><span title=\"RELATEDTO\">?</span><a href=\"CodeSystem-ch-elm-foph-patient-name-representation.html#ch-elm-foph-patient-name-representation-initials\">initials</a></td><td><span title=\"RELATEDTO\">?</span><a href=\"CodeSystem-ch-elm-interpretation-codes-vs.html#ch-elm-interpretation-codes-vs-http.58.47.47fhir.46ch.47ig.47ch-elm.47ValueSet.47ch-elm-interpretation-codes-pos\">http://fhir.ch/ig/ch-elm/ValueSet/ch-elm-interpretation-codes-pos</a></td></tr><tr><td><a href=\"https://loinc.org/43304-5/\">43304-5</a></td><td>Chlamydia trachomatis rRNA [Presence] in Specimen by NAA with probe detection</td><td><span title=\"RELATEDTO\">?</span><a href=\"CodeSystem-ch-elm-foph-patient-name-representation.html#ch-elm-foph-patient-name-representation-initials\">initials</a></td><td><span title=\"RELATEDTO\">?</span><a href=\"CodeSystem-ch-elm-interpretation-codes-vs.html#ch-elm-interpretation-codes-vs-http.58.47.47fhir.46ch.47ig.47ch-elm.47ValueSet.47ch-elm-interpretation-codes-pos\">http://fhir.ch/ig/ch-elm/ValueSet/ch-elm-interpretation-codes-pos</a></td></tr><tr><td><a href=\"https://loinc.org/43305-2/\">43305-2</a></td><td>Neisseria gonorrhoeae rRNA [Presence] in Specimen by NAA with probe detection</td><td><span title=\"RELATEDTO\">?</span><a href=\"CodeSystem-ch-elm-foph-patient-name-representation.html#ch-elm-foph-patient-name-representation-initials\">initials</a></td><td><span title=\"RELATEDTO\">?</span><a href=\"CodeSystem-ch-elm-interpretation-codes-vs.html#ch-elm-interpretation-codes-vs-http.58.47.47fhir.46ch.47ig.47ch-elm.47ValueSet.47ch-elm-interpretation-codes-pos\">http://fhir.ch/ig/ch-elm/ValueSet/ch-elm-interpretation-codes-pos</a></td></tr><tr><td><a href=\"https://loinc.org/45084-1/\">45084-1</a></td><td>Chlamydia trachomatis DNA [Presence] in Vaginal fluid by NAA with probe detection</td><td><span title=\"RELATEDTO\">?</span><a href=\"CodeSystem-ch-elm-foph-patient-name-representation.html#ch-elm-foph-patient-name-representation-initials\">initials</a></td><td><span title=\"RELATEDTO\">?</span><a href=\"CodeSystem-ch-elm-interpretation-codes-vs.html#ch-elm-interpretation-codes-vs-http.58.47.47fhir.46ch.47ig.47ch-elm.47ValueSet.47ch-elm-interpretation-codes-pos\">http://fhir.ch/ig/ch-elm/ValueSet/ch-elm-interpretation-codes-pos</a></td></tr><tr><td><a href=\"https://loinc.org/45090-8/\">45090-8</a></td><td>Chlamydia trachomatis DNA [Presence] in Anal by NAA with probe detection</td><td><span title=\"RELATEDTO\">?</span><a href=\"CodeSystem-ch-elm-foph-patient-name-representation.html#ch-elm-foph-patient-name-representation-initials\">initials</a></td><td><span title=\"RELATEDTO\">?</span><a href=\"CodeSystem-ch-elm-interpretation-codes-vs.html#ch-elm-interpretation-codes-vs-http.58.47.47fhir.46ch.47ig.47ch-elm.47ValueSet.47ch-elm-interpretation-codes-pos\">http://fhir.ch/ig/ch-elm/ValueSet/ch-elm-interpretation-codes-pos</a></td></tr><tr><td><a href=\"https://loinc.org/45093-2/\">45093-2</a></td><td>Chlamydia trachomatis [Presence] in Anal by Organism specific culture</td><td><span title=\"RELATEDTO\">?</span><a href=\"CodeSystem-ch-elm-foph-patient-name-representation.html#ch-elm-foph-patient-name-representation-initials\">initials</a></td><td><span title=\"RELATEDTO\">?</span><a href=\"CodeSystem-ch-elm-interpretation-codes-vs.html#ch-elm-interpretation-codes-vs-http.58.47.47fhir.46ch.47ig.47ch-elm.47ValueSet.47ch-elm-interpretation-codes-pos\">http://fhir.ch/ig/ch-elm/ValueSet/ch-elm-interpretation-codes-pos</a></td></tr><tr><td><a href=\"https://loinc.org/45095-7/\">45095-7</a></td><td>Chlamydia trachomatis [Presence] in Genital specimen by Organism specific culture</td><td><span title=\"RELATEDTO\">?</span><a href=\"CodeSystem-ch-elm-foph-patient-name-representation.html#ch-elm-foph-patient-name-representation-initials\">initials</a></td><td><span title=\"RELATEDTO\">?</span><a href=\"CodeSystem-ch-elm-interpretation-codes-vs.html#ch-elm-interpretation-codes-vs-http.58.47.47fhir.46ch.47ig.47ch-elm.47ValueSet.47ch-elm-interpretation-codes-pos\">http://fhir.ch/ig/ch-elm/ValueSet/ch-elm-interpretation-codes-pos</a></td></tr><tr><td><a href=\"https://loinc.org/47387-6/\">47387-6</a></td><td>Neisseria gonorrhoeae DNA [Presence] in Genital specimen by NAA with probe detection</td><td><span title=\"RELATEDTO\">?</span><a href=\"CodeSystem-ch-elm-foph-patient-name-representation.html#ch-elm-foph-patient-name-representation-initials\">initials</a></td><td><span title=\"RELATEDTO\">?</span><a href=\"CodeSystem-ch-elm-interpretation-codes-vs.html#ch-elm-interpretation-codes-vs-http.58.47.47fhir.46ch.47ig.47ch-elm.47ValueSet.47ch-elm-interpretation-codes-pos\">http://fhir.ch/ig/ch-elm/ValueSet/ch-elm-interpretation-codes-pos</a></td></tr><tr><td><a href=\"https://loinc.org/48310-7/\">48310-7</a></td><td>Influenza virus A [Presence] in Specimen by Organism specific culture</td><td><span title=\"RELATEDTO\">?</span><a href=\"CodeSystem-ch-elm-foph-patient-name-representation.html#ch-elm-foph-patient-name-representation-initials\">initials</a></td><td><span title=\"RELATEDTO\">?</span><a href=\"CodeSystem-ch-elm-interpretation-codes-vs.html#ch-elm-interpretation-codes-vs-http.58.47.47fhir.46ch.47ig.47ch-elm.47ValueSet.47ch-elm-interpretation-codes-pos\">http://fhir.ch/ig/ch-elm/ValueSet/ch-elm-interpretation-codes-pos</a></td></tr><tr><td><a href=\"https://loinc.org/49521-8/\">49521-8</a></td><td>Influenza virus A H1 RNA [Presence] in Specimen by NAA with probe detection</td><td><span title=\"RELATEDTO\">?</span><a href=\"CodeSystem-ch-elm-foph-patient-name-representation.html#ch-elm-foph-patient-name-representation-initials\">initials</a></td><td><span title=\"RELATEDTO\">?</span><a href=\"CodeSystem-ch-elm-interpretation-codes-vs.html#ch-elm-interpretation-codes-vs-http.58.47.47fhir.46ch.47ig.47ch-elm.47ValueSet.47ch-elm-interpretation-codes-pos\">http://fhir.ch/ig/ch-elm/ValueSet/ch-elm-interpretation-codes-pos</a></td></tr><tr><td><a href=\"https://loinc.org/49524-2/\">49524-2</a></td><td>Influenza virus A H3 RNA [Presence] in Specimen by NAA with probe detection</td><td><span title=\"RELATEDTO\">?</span><a href=\"CodeSystem-ch-elm-foph-patient-name-representation.html#ch-elm-foph-patient-name-representation-initials\">initials</a></td><td><span title=\"RELATEDTO\">?</span><a href=\"CodeSystem-ch-elm-interpretation-codes-vs.html#ch-elm-interpretation-codes-vs-http.58.47.47fhir.46ch.47ig.47ch-elm.47ValueSet.47ch-elm-interpretation-codes-pos\">http://fhir.ch/ig/ch-elm/ValueSet/ch-elm-interpretation-codes-pos</a></td></tr><tr><td><a href=\"https://loinc.org/49614-1/\">49614-1</a></td><td>Campylobacter sp DNA [Identifier] in Specimen by NAA with probe detection</td><td><span title=\"RELATEDTO\">?</span><a href=\"CodeSystem-ch-elm-foph-patient-name-representation.html#ch-elm-foph-patient-name-representation-initials\">initials</a></td><td><span title=\"RELATEDTO\">?</span><a href=\"CodeSystem-ch-elm-interpretation-codes-vs.html#ch-elm-interpretation-codes-vs-http.58.47.47fhir.46ch.47ig.47ch-elm.47ValueSet.47ch-elm-interpretation-codes-pos\">http://fhir.ch/ig/ch-elm/ValueSet/ch-elm-interpretation-codes-pos</a></td></tr><tr><td><a href=\"https://loinc.org/4992-4/\">4992-4</a></td><td>Campylobacter sp rRNA [Presence] in Specimen by Probe</td><td><span title=\"RELATEDTO\">?</span><a href=\"CodeSystem-ch-elm-foph-patient-name-representation.html#ch-elm-foph-patient-name-representation-initials\">initials</a></td><td><span title=\"RELATEDTO\">?</span><a href=\"CodeSystem-ch-elm-interpretation-codes-vs.html#ch-elm-interpretation-codes-vs-http.58.47.47fhir.46ch.47ig.47ch-elm.47ValueSet.47ch-elm-interpretation-codes-pos\">http://fhir.ch/ig/ch-elm/ValueSet/ch-elm-interpretation-codes-pos</a></td></tr><tr><td><a href=\"https://loinc.org/50387-0/\">50387-0</a></td><td>Chlamydia trachomatis rRNA [Presence] in Cervix by NAA with probe detection</td><td><span title=\"RELATEDTO\">?</span><a href=\"CodeSystem-ch-elm-foph-patient-name-representation.html#ch-elm-foph-patient-name-representation-initials\">initials</a></td><td><span title=\"RELATEDTO\">?</span><a href=\"CodeSystem-ch-elm-interpretation-codes-vs.html#ch-elm-interpretation-codes-vs-http.58.47.47fhir.46ch.47ig.47ch-elm.47ValueSet.47ch-elm-interpretation-codes-pos\">http://fhir.ch/ig/ch-elm/ValueSet/ch-elm-interpretation-codes-pos</a></td></tr><tr><td><a href=\"https://loinc.org/50388-8/\">50388-8</a></td><td>Neisseria gonorrhoeae rRNA [Presence] in Cervix by NAA with probe detection</td><td><span title=\"RELATEDTO\">?</span><a href=\"CodeSystem-ch-elm-foph-patient-name-representation.html#ch-elm-foph-patient-name-representation-initials\">initials</a></td><td><span title=\"RELATEDTO\">?</span><a href=\"CodeSystem-ch-elm-interpretation-codes-vs.html#ch-elm-interpretation-codes-vs-http.58.47.47fhir.46ch.47ig.47ch-elm.47ValueSet.47ch-elm-interpretation-codes-pos\">http://fhir.ch/ig/ch-elm/ValueSet/ch-elm-interpretation-codes-pos</a></td></tr><tr><td><a href=\"https://loinc.org/51578-3/\">51578-3</a></td><td>Chlamydia trachomatis DNA [Presence] in Semen by NAA with probe detection</td><td><span title=\"RELATEDTO\">?</span><a href=\"CodeSystem-ch-elm-foph-patient-name-representation.html#ch-elm-foph-patient-name-representation-initials\">initials</a></td><td><span title=\"RELATEDTO\">?</span><a href=\"CodeSystem-ch-elm-interpretation-codes-vs.html#ch-elm-interpretation-codes-vs-http.58.47.47fhir.46ch.47ig.47ch-elm.47ValueSet.47ch-elm-interpretation-codes-pos\">http://fhir.ch/ig/ch-elm/ValueSet/ch-elm-interpretation-codes-pos</a></td></tr><tr><td><a href=\"https://loinc.org/53879-3/\">53879-3</a></td><td>Neisseria gonorrhoeae rRNA [Presence] in Vaginal fluid by NAA with probe detection</td><td><span title=\"RELATEDTO\">?</span><a href=\"CodeSystem-ch-elm-foph-patient-name-representation.html#ch-elm-foph-patient-name-representation-initials\">initials</a></td><td><span title=\"RELATEDTO\">?</span><a href=\"CodeSystem-ch-elm-interpretation-codes-vs.html#ch-elm-interpretation-codes-vs-http.58.47.47fhir.46ch.47ig.47ch-elm.47ValueSet.47ch-elm-interpretation-codes-pos\">http://fhir.ch/ig/ch-elm/ValueSet/ch-elm-interpretation-codes-pos</a></td></tr><tr><td><a href=\"https://loinc.org/53925-4/\">53925-4</a></td><td>Chlamydia trachomatis rRNA [Presence] in Urethra by NAA with probe detection</td><td><span title=\"RELATEDTO\">?</span><a href=\"CodeSystem-ch-elm-foph-patient-name-representation.html#ch-elm-foph-patient-name-representation-initials\">initials</a></td><td><span title=\"RELATEDTO\">?</span><a href=\"CodeSystem-ch-elm-interpretation-codes-vs.html#ch-elm-interpretation-codes-vs-http.58.47.47fhir.46ch.47ig.47ch-elm.47ValueSet.47ch-elm-interpretation-codes-pos\">http://fhir.ch/ig/ch-elm/ValueSet/ch-elm-interpretation-codes-pos</a></td></tr><tr><td><a href=\"https://loinc.org/53926-2/\">53926-2</a></td><td>Chlamydia trachomatis rRNA [Presence] in Vaginal fluid by NAA with probe detection</td><td><span title=\"RELATEDTO\">?</span><a href=\"CodeSystem-ch-elm-foph-patient-name-representation.html#ch-elm-foph-patient-name-representation-initials\">initials</a></td><td><span title=\"RELATEDTO\">?</span><a href=\"CodeSystem-ch-elm-interpretation-codes-vs.html#ch-elm-interpretation-codes-vs-http.58.47.47fhir.46ch.47ig.47ch-elm.47ValueSet.47ch-elm-interpretation-codes-pos\">http://fhir.ch/ig/ch-elm/ValueSet/ch-elm-interpretation-codes-pos</a></td></tr><tr><td><a href=\"https://loinc.org/53927-0/\">53927-0</a></td><td>Neisseria gonorrhoeae rRNA [Presence] in Urethra by NAA with probe detection</td><td><span title=\"RELATEDTO\">?</span><a href=\"CodeSystem-ch-elm-foph-patient-name-representation.html#ch-elm-foph-patient-name-representation-initials\">initials</a></td><td><span title=\"RELATEDTO\">?</span><a href=\"CodeSystem-ch-elm-interpretation-codes-vs.html#ch-elm-interpretation-codes-vs-http.58.47.47fhir.46ch.47ig.47ch-elm.47ValueSet.47ch-elm-interpretation-codes-pos\">http://fhir.ch/ig/ch-elm/ValueSet/ch-elm-interpretation-codes-pos</a></td></tr><tr><td><a href=\"https://loinc.org/55465-9/\">55465-9</a></td><td>Influenza virus A H1 2009 pandemic RNA [Presence] in Specimen by NAA with probe detection</td><td><span title=\"RELATEDTO\">?</span><a href=\"CodeSystem-ch-elm-foph-patient-name-representation.html#ch-elm-foph-patient-name-representation-initials\">initials</a></td><td><span title=\"RELATEDTO\">?</span><a href=\"CodeSystem-ch-elm-interpretation-codes-vs.html#ch-elm-interpretation-codes-vs-http.58.47.47fhir.46ch.47ig.47ch-elm.47ValueSet.47ch-elm-interpretation-codes-pos\">http://fhir.ch/ig/ch-elm/ValueSet/ch-elm-interpretation-codes-pos</a></td></tr><tr><td><a href=\"https://loinc.org/57287-5/\">57287-5</a></td><td>Chlamydia trachomatis rRNA [Presence] in Anal by NAA with probe detection</td><td><span title=\"RELATEDTO\">?</span><a href=\"CodeSystem-ch-elm-foph-patient-name-representation.html#ch-elm-foph-patient-name-representation-initials\">initials</a></td><td><span title=\"RELATEDTO\">?</span><a href=\"CodeSystem-ch-elm-interpretation-codes-vs.html#ch-elm-interpretation-codes-vs-http.58.47.47fhir.46ch.47ig.47ch-elm.47ValueSet.47ch-elm-interpretation-codes-pos\">http://fhir.ch/ig/ch-elm/ValueSet/ch-elm-interpretation-codes-pos</a></td></tr><tr><td><a href=\"https://loinc.org/57458-2/\">57458-2</a></td><td>Neisseria gonorrhoeae rRNA [Presence] in Anal by NAA with probe detection</td><td><span title=\"RELATEDTO\">?</span><a href=\"CodeSystem-ch-elm-foph-patient-name-representation.html#ch-elm-foph-patient-name-representation-initials\">initials</a></td><td><span title=\"RELATEDTO\">?</span><a href=\"CodeSystem-ch-elm-interpretation-codes-vs.html#ch-elm-interpretation-codes-vs-http.58.47.47fhir.46ch.47ig.47ch-elm.47ValueSet.47ch-elm-interpretation-codes-pos\">http://fhir.ch/ig/ch-elm/ValueSet/ch-elm-interpretation-codes-pos</a></td></tr><tr><td><a href=\"https://loinc.org/60255-7/\">60255-7</a></td><td>Neisseria gonorrhoeae rRNA [Presence] in Throat by NAA with probe detection</td><td><span title=\"RELATEDTO\">?</span><a href=\"CodeSystem-ch-elm-foph-patient-name-representation.html#ch-elm-foph-patient-name-representation-initials\">initials</a></td><td><span title=\"RELATEDTO\">?</span><a href=\"CodeSystem-ch-elm-interpretation-codes-vs.html#ch-elm-interpretation-codes-vs-http.58.47.47fhir.46ch.47ig.47ch-elm.47ValueSet.47ch-elm-interpretation-codes-pos\">http://fhir.ch/ig/ch-elm/ValueSet/ch-elm-interpretation-codes-pos</a></td></tr><tr><td><a href=\"https://loinc.org/60256-5/\">60256-5</a></td><td>Neisseria gonorrhoeae rRNA [Presence] in Urine by NAA with probe detection</td><td><span title=\"RELATEDTO\">?</span><a href=\"CodeSystem-ch-elm-foph-patient-name-representation.html#ch-elm-foph-patient-name-representation-initials\">initials</a></td><td><span title=\"RELATEDTO\">?</span><a href=\"CodeSystem-ch-elm-interpretation-codes-vs.html#ch-elm-interpretation-codes-vs-http.58.47.47fhir.46ch.47ig.47ch-elm.47ValueSet.47ch-elm-interpretation-codes-pos\">http://fhir.ch/ig/ch-elm/ValueSet/ch-elm-interpretation-codes-pos</a></td></tr><tr><td><a href=\"https://loinc.org/61368-7/\">61368-7</a></td><td>Campylobacter jejuni DNA [Presence] in Specimen by NAA with probe detection</td><td><span title=\"RELATEDTO\">?</span><a href=\"CodeSystem-ch-elm-foph-patient-name-representation.html#ch-elm-foph-patient-name-representation-initials\">initials</a></td><td><span title=\"RELATEDTO\">?</span><a href=\"CodeSystem-ch-elm-interpretation-codes-vs.html#ch-elm-interpretation-codes-vs-http.58.47.47fhir.46ch.47ig.47ch-elm.47ValueSet.47ch-elm-interpretation-codes-pos\">http://fhir.ch/ig/ch-elm/ValueSet/ch-elm-interpretation-codes-pos</a></td></tr><tr><td><a href=\"https://loinc.org/6329-7/\">6329-7</a></td><td>Campylobacter coli rRNA [Presence] in Specimen by Probe</td><td><span title=\"RELATEDTO\">?</span><a href=\"CodeSystem-ch-elm-foph-patient-name-representation.html#ch-elm-foph-patient-name-representation-initials\">initials</a></td><td><span title=\"RELATEDTO\">?</span><a href=\"CodeSystem-ch-elm-interpretation-codes-vs.html#ch-elm-interpretation-codes-vs-http.58.47.47fhir.46ch.47ig.47ch-elm.47ValueSet.47ch-elm-interpretation-codes-pos\">http://fhir.ch/ig/ch-elm/ValueSet/ch-elm-interpretation-codes-pos</a></td></tr><tr><td><a href=\"https://loinc.org/6333-9/\">6333-9</a></td><td>Campylobacter jejuni rRNA [Presence] in Specimen by Probe</td><td><span title=\"RELATEDTO\">?</span><a href=\"CodeSystem-ch-elm-foph-patient-name-representation.html#ch-elm-foph-patient-name-representation-initials\">initials</a></td><td><span title=\"RELATEDTO\">?</span><a href=\"CodeSystem-ch-elm-interpretation-codes-vs.html#ch-elm-interpretation-codes-vs-http.58.47.47fhir.46ch.47ig.47ch-elm.47ValueSet.47ch-elm-interpretation-codes-pos\">http://fhir.ch/ig/ch-elm/ValueSet/ch-elm-interpretation-codes-pos</a></td></tr><tr><td><a href=\"https://loinc.org/6334-7/\">6334-7</a></td><td>Campylobacter lari rRNA [Presence] in Specimen by Probe</td><td><span title=\"RELATEDTO\">?</span><a href=\"CodeSystem-ch-elm-foph-patient-name-representation.html#ch-elm-foph-patient-name-representation-initials\">initials</a></td><td><span title=\"RELATEDTO\">?</span><a href=\"CodeSystem-ch-elm-interpretation-codes-vs.html#ch-elm-interpretation-codes-vs-http.58.47.47fhir.46ch.47ig.47ch-elm.47ValueSet.47ch-elm-interpretation-codes-pos\">http://fhir.ch/ig/ch-elm/ValueSet/ch-elm-interpretation-codes-pos</a></td></tr><tr><td><a href=\"https://loinc.org/6349-5/\">6349-5</a></td><td>Chlamydia trachomatis [Presence] in Specimen by Organism specific culture</td><td><span title=\"RELATEDTO\">?</span><a href=\"CodeSystem-ch-elm-foph-patient-name-representation.html#ch-elm-foph-patient-name-representation-initials\">initials</a></td><td><span title=\"RELATEDTO\">?</span><a href=\"CodeSystem-ch-elm-interpretation-codes-vs.html#ch-elm-interpretation-codes-vs-http.58.47.47fhir.46ch.47ig.47ch-elm.47ValueSet.47ch-elm-interpretation-codes-pos\">http://fhir.ch/ig/ch-elm/ValueSet/ch-elm-interpretation-codes-pos</a></td></tr><tr><td><a href=\"https://loinc.org/6356-0/\">6356-0</a></td><td>Chlamydia trachomatis DNA [Presence] in Genital specimen by NAA with probe detection</td><td><span title=\"RELATEDTO\">?</span><a href=\"CodeSystem-ch-elm-foph-patient-name-representation.html#ch-elm-foph-patient-name-representation-initials\">initials</a></td><td><span title=\"RELATEDTO\">?</span><a href=\"CodeSystem-ch-elm-interpretation-codes-vs.html#ch-elm-interpretation-codes-vs-http.58.47.47fhir.46ch.47ig.47ch-elm.47ValueSet.47ch-elm-interpretation-codes-pos\">http://fhir.ch/ig/ch-elm/ValueSet/ch-elm-interpretation-codes-pos</a></td></tr><tr><td><a href=\"https://loinc.org/6357-8/\">6357-8</a></td><td>Chlamydia trachomatis DNA [Presence] in Urine by NAA with probe detection</td><td><span title=\"RELATEDTO\">?</span><a href=\"CodeSystem-ch-elm-foph-patient-name-representation.html#ch-elm-foph-patient-name-representation-initials\">initials</a></td><td><span title=\"RELATEDTO\">?</span><a href=\"CodeSystem-ch-elm-interpretation-codes-vs.html#ch-elm-interpretation-codes-vs-http.58.47.47fhir.46ch.47ig.47ch-elm.47ValueSet.47ch-elm-interpretation-codes-pos\">http://fhir.ch/ig/ch-elm/ValueSet/ch-elm-interpretation-codes-pos</a></td></tr><tr><td><a href=\"https://loinc.org/688-2/\">688-2</a></td><td>Neisseria gonorrhoeae [Presence] in Cervix by Organism specific culture</td><td><span title=\"RELATEDTO\">?</span><a href=\"CodeSystem-ch-elm-foph-patient-name-representation.html#ch-elm-foph-patient-name-representation-initials\">initials</a></td><td><span title=\"RELATEDTO\">?</span><a href=\"CodeSystem-ch-elm-interpretation-codes-vs.html#ch-elm-interpretation-codes-vs-http.58.47.47fhir.46ch.47ig.47ch-elm.47ValueSet.47ch-elm-interpretation-codes-pos\">http://fhir.ch/ig/ch-elm/ValueSet/ch-elm-interpretation-codes-pos</a></td></tr><tr><td><a href=\"https://loinc.org/691-6/\">691-6</a></td><td>Neisseria gonorrhoeae [Presence] in Genital specimen by Organism specific culture</td><td><span title=\"RELATEDTO\">?</span><a href=\"CodeSystem-ch-elm-foph-patient-name-representation.html#ch-elm-foph-patient-name-representation-initials\">initials</a></td><td><span title=\"RELATEDTO\">?</span><a href=\"CodeSystem-ch-elm-interpretation-codes-vs.html#ch-elm-interpretation-codes-vs-http.58.47.47fhir.46ch.47ig.47ch-elm.47ValueSet.47ch-elm-interpretation-codes-pos\">http://fhir.ch/ig/ch-elm/ValueSet/ch-elm-interpretation-codes-pos</a></td></tr><tr><td><a href=\"https://loinc.org/693-2/\">693-2</a></td><td>Neisseria gonorrhoeae [Presence] in Vaginal fluid by Organism specific culture</td><td><span title=\"RELATEDTO\">?</span><a href=\"CodeSystem-ch-elm-foph-patient-name-representation.html#ch-elm-foph-patient-name-representation-initials\">initials</a></td><td><span title=\"RELATEDTO\">?</span><a href=\"CodeSystem-ch-elm-interpretation-codes-vs.html#ch-elm-interpretation-codes-vs-http.58.47.47fhir.46ch.47ig.47ch-elm.47ValueSet.47ch-elm-interpretation-codes-pos\">http://fhir.ch/ig/ch-elm/ValueSet/ch-elm-interpretation-codes-pos</a></td></tr><tr><td><a href=\"https://loinc.org/694-0/\">694-0</a></td><td>Neisseria gonorrhoeae [Presence] in Semen by Organism specific culture</td><td><span title=\"RELATEDTO\">?</span><a href=\"CodeSystem-ch-elm-foph-patient-name-representation.html#ch-elm-foph-patient-name-representation-initials\">initials</a></td><td><span title=\"RELATEDTO\">?</span><a href=\"CodeSystem-ch-elm-interpretation-codes-vs.html#ch-elm-interpretation-codes-vs-http.58.47.47fhir.46ch.47ig.47ch-elm.47ValueSet.47ch-elm-interpretation-codes-pos\">http://fhir.ch/ig/ch-elm/ValueSet/ch-elm-interpretation-codes-pos</a></td></tr><tr><td><a href=\"https://loinc.org/696-5/\">696-5</a></td><td>Neisseria gonorrhoeae [Presence] in Throat by Organism specific culture</td><td><span title=\"RELATEDTO\">?</span><a href=\"CodeSystem-ch-elm-foph-patient-name-representation.html#ch-elm-foph-patient-name-representation-initials\">initials</a></td><td><span title=\"RELATEDTO\">?</span><a href=\"CodeSystem-ch-elm-interpretation-codes-vs.html#ch-elm-interpretation-codes-vs-http.58.47.47fhir.46ch.47ig.47ch-elm.47ValueSet.47ch-elm-interpretation-codes-pos\">http://fhir.ch/ig/ch-elm/ValueSet/ch-elm-interpretation-codes-pos</a></td></tr><tr><td><a href=\"https://loinc.org/697-3/\">697-3</a></td><td>Neisseria gonorrhoeae [Presence] in Urethra by Organism specific culture</td><td><span title=\"RELATEDTO\">?</span><a href=\"CodeSystem-ch-elm-foph-patient-name-representation.html#ch-elm-foph-patient-name-representation-initials\">initials</a></td><td><span title=\"RELATEDTO\">?</span><a href=\"CodeSystem-ch-elm-interpretation-codes-vs.html#ch-elm-interpretation-codes-vs-http.58.47.47fhir.46ch.47ig.47ch-elm.47ValueSet.47ch-elm-interpretation-codes-pos\">http://fhir.ch/ig/ch-elm/ValueSet/ch-elm-interpretation-codes-pos</a></td></tr><tr><td><a href=\"https://loinc.org/698-1/\">698-1</a></td><td>Neisseria gonorrhoeae [Presence] in Specimen by Organism specific culture</td><td><span title=\"RELATEDTO\">?</span><a href=\"CodeSystem-ch-elm-foph-patient-name-representation.html#ch-elm-foph-patient-name-representation-initials\">initials</a></td><td><span title=\"RELATEDTO\">?</span><a href=\"CodeSystem-ch-elm-interpretation-codes-vs.html#ch-elm-interpretation-codes-vs-http.58.47.47fhir.46ch.47ig.47ch-elm.47ValueSet.47ch-elm-interpretation-codes-pos\">http://fhir.ch/ig/ch-elm/ValueSet/ch-elm-interpretation-codes-pos</a></td></tr><tr><td><a href=\"https://loinc.org/71429-5/\">71429-5</a></td><td>Campylobacter sp DNA.diarrheagenic [Presence] in Stool by NAA with probe detection</td><td><span title=\"RELATEDTO\">?</span><a href=\"CodeSystem-ch-elm-foph-patient-name-representation.html#ch-elm-foph-patient-name-representation-initials\">initials</a></td><td><span title=\"RELATEDTO\">?</span><a href=\"CodeSystem-ch-elm-interpretation-codes-vs.html#ch-elm-interpretation-codes-vs-http.58.47.47fhir.46ch.47ig.47ch-elm.47ValueSet.47ch-elm-interpretation-codes-pos\">http://fhir.ch/ig/ch-elm/ValueSet/ch-elm-interpretation-codes-pos</a></td></tr><tr><td><a href=\"https://loinc.org/74785-7/\">74785-7</a></td><td>Influenza virus B Victoria lineage RNA [Presence] in Specimen by NAA with probe detection</td><td><span title=\"RELATEDTO\">?</span><a href=\"CodeSystem-ch-elm-foph-patient-name-representation.html#ch-elm-foph-patient-name-representation-initials\">initials</a></td><td><span title=\"RELATEDTO\">?</span><a href=\"CodeSystem-ch-elm-interpretation-codes-vs.html#ch-elm-interpretation-codes-vs-http.58.47.47fhir.46ch.47ig.47ch-elm.47ValueSet.47ch-elm-interpretation-codes-pos\">http://fhir.ch/ig/ch-elm/ValueSet/ch-elm-interpretation-codes-pos</a></td></tr><tr><td><a href=\"https://loinc.org/74786-5/\">74786-5</a></td><td>Influenza virus B Yamagata lineage RNA [Presence] in Specimen by NAA with probe detection</td><td><span title=\"RELATEDTO\">?</span><a href=\"CodeSystem-ch-elm-foph-patient-name-representation.html#ch-elm-foph-patient-name-representation-initials\">initials</a></td><td><span title=\"RELATEDTO\">?</span><a href=\"CodeSystem-ch-elm-interpretation-codes-vs.html#ch-elm-interpretation-codes-vs-http.58.47.47fhir.46ch.47ig.47ch-elm.47ValueSet.47ch-elm-interpretation-codes-pos\">http://fhir.ch/ig/ch-elm/ValueSet/ch-elm-interpretation-codes-pos</a></td></tr><tr><td><a href=\"https://loinc.org/76078-5/\">76078-5</a></td><td>Influenza virus A RNA [Presence] in Nasopharynx by NAA with probe detection</td><td><span title=\"RELATEDTO\">?</span><a href=\"CodeSystem-ch-elm-foph-patient-name-representation.html#ch-elm-foph-patient-name-representation-initials\">initials</a></td><td><span title=\"RELATEDTO\">?</span><a href=\"CodeSystem-ch-elm-interpretation-codes-vs.html#ch-elm-interpretation-codes-vs-http.58.47.47fhir.46ch.47ig.47ch-elm.47ValueSet.47ch-elm-interpretation-codes-pos\">http://fhir.ch/ig/ch-elm/ValueSet/ch-elm-interpretation-codes-pos</a></td></tr><tr><td><a href=\"https://loinc.org/76080-1/\">76080-1</a></td><td>Influenza virus B RNA [Presence] in Nasopharynx by NAA with probe detection</td><td><span title=\"RELATEDTO\">?</span><a href=\"CodeSystem-ch-elm-foph-patient-name-representation.html#ch-elm-foph-patient-name-representation-initials\">initials</a></td><td><span title=\"RELATEDTO\">?</span><a href=\"CodeSystem-ch-elm-interpretation-codes-vs.html#ch-elm-interpretation-codes-vs-http.58.47.47fhir.46ch.47ig.47ch-elm.47ValueSet.47ch-elm-interpretation-codes-pos\">http://fhir.ch/ig/ch-elm/ValueSet/ch-elm-interpretation-codes-pos</a></td></tr><tr><td><a href=\"https://loinc.org/77026-3/\">77026-3</a></td><td>Influenza virus A H1 RNA [Presence] in Nasopharynx by NAA with probe detection</td><td><span title=\"RELATEDTO\">?</span><a href=\"CodeSystem-ch-elm-foph-patient-name-representation.html#ch-elm-foph-patient-name-representation-initials\">initials</a></td><td><span title=\"RELATEDTO\">?</span><a href=\"CodeSystem-ch-elm-interpretation-codes-vs.html#ch-elm-interpretation-codes-vs-http.58.47.47fhir.46ch.47ig.47ch-elm.47ValueSet.47ch-elm-interpretation-codes-pos\">http://fhir.ch/ig/ch-elm/ValueSet/ch-elm-interpretation-codes-pos</a></td></tr><tr><td><a href=\"https://loinc.org/77027-1/\">77027-1</a></td><td>Influenza virus A H3 RNA [Presence] in Nasopharynx by NAA with probe detection</td><td><span title=\"RELATEDTO\">?</span><a href=\"CodeSystem-ch-elm-foph-patient-name-representation.html#ch-elm-foph-patient-name-representation-initials\">initials</a></td><td><span title=\"RELATEDTO\">?</span><a href=\"CodeSystem-ch-elm-interpretation-codes-vs.html#ch-elm-interpretation-codes-vs-http.58.47.47fhir.46ch.47ig.47ch-elm.47ValueSet.47ch-elm-interpretation-codes-pos\">http://fhir.ch/ig/ch-elm/ValueSet/ch-elm-interpretation-codes-pos</a></td></tr><tr><td><a href=\"https://loinc.org/77028-9/\">77028-9</a></td><td>Influenza virus A H1 2009 pandemic RNA [Presence] in Nasopharynx by NAA with probe detection</td><td><span title=\"RELATEDTO\">?</span><a href=\"CodeSystem-ch-elm-foph-patient-name-representation.html#ch-elm-foph-patient-name-representation-initials\">initials</a></td><td><span title=\"RELATEDTO\">?</span><a href=\"CodeSystem-ch-elm-interpretation-codes-vs.html#ch-elm-interpretation-codes-vs-http.58.47.47fhir.46ch.47ig.47ch-elm.47ValueSet.47ch-elm-interpretation-codes-pos\">http://fhir.ch/ig/ch-elm/ValueSet/ch-elm-interpretation-codes-pos</a></td></tr><tr><td><a href=\"https://loinc.org/80363-5/\">80363-5</a></td><td>Chlamydia trachomatis DNA [Presence] in Anorectal by NAA with probe detection</td><td><span title=\"RELATEDTO\">?</span><a href=\"CodeSystem-ch-elm-foph-patient-name-representation.html#ch-elm-foph-patient-name-representation-initials\">initials</a></td><td><span title=\"RELATEDTO\">?</span><a href=\"CodeSystem-ch-elm-interpretation-codes-vs.html#ch-elm-interpretation-codes-vs-http.58.47.47fhir.46ch.47ig.47ch-elm.47ValueSet.47ch-elm-interpretation-codes-pos\">http://fhir.ch/ig/ch-elm/ValueSet/ch-elm-interpretation-codes-pos</a></td></tr><tr><td><a href=\"https://loinc.org/80364-3/\">80364-3</a></td><td>Chlamydia trachomatis rRNA [Presence] in Anorectal by NAA with probe detection</td><td><span title=\"RELATEDTO\">?</span><a href=\"CodeSystem-ch-elm-foph-patient-name-representation.html#ch-elm-foph-patient-name-representation-initials\">initials</a></td><td><span title=\"RELATEDTO\">?</span><a href=\"CodeSystem-ch-elm-interpretation-codes-vs.html#ch-elm-interpretation-codes-vs-http.58.47.47fhir.46ch.47ig.47ch-elm.47ValueSet.47ch-elm-interpretation-codes-pos\">http://fhir.ch/ig/ch-elm/ValueSet/ch-elm-interpretation-codes-pos</a></td></tr><tr><td><a href=\"https://loinc.org/80366-8/\">80366-8</a></td><td>Neisseria gonorrhoeae rRNA [Presence] in Anorectal by NAA with probe detection</td><td><span title=\"RELATEDTO\">?</span><a href=\"CodeSystem-ch-elm-foph-patient-name-representation.html#ch-elm-foph-patient-name-representation-initials\">initials</a></td><td><span title=\"RELATEDTO\">?</span><a href=\"CodeSystem-ch-elm-interpretation-codes-vs.html#ch-elm-interpretation-codes-vs-http.58.47.47fhir.46ch.47ig.47ch-elm.47ValueSet.47ch-elm-interpretation-codes-pos\">http://fhir.ch/ig/ch-elm/ValueSet/ch-elm-interpretation-codes-pos</a></td></tr><tr><td><a href=\"https://loinc.org/80367-6/\">80367-6</a></td><td>Chlamydia trachomatis [Presence] in Anorectal by Organism specific culture</td><td><span title=\"RELATEDTO\">?</span><a href=\"CodeSystem-ch-elm-foph-patient-name-representation.html#ch-elm-foph-patient-name-representation-initials\">initials</a></td><td><span title=\"RELATEDTO\">?</span><a href=\"CodeSystem-ch-elm-interpretation-codes-vs.html#ch-elm-interpretation-codes-vs-http.58.47.47fhir.46ch.47ig.47ch-elm.47ValueSet.47ch-elm-interpretation-codes-pos\">http://fhir.ch/ig/ch-elm/ValueSet/ch-elm-interpretation-codes-pos</a></td></tr><tr><td><a href=\"https://loinc.org/80368-4/\">80368-4</a></td><td>Neisseria gonorrhoeae [Presence] in Anorectal by Organism specific culture</td><td><span title=\"RELATEDTO\">?</span><a href=\"CodeSystem-ch-elm-foph-patient-name-representation.html#ch-elm-foph-patient-name-representation-initials\">initials</a></td><td><span title=\"RELATEDTO\">?</span><a href=\"CodeSystem-ch-elm-interpretation-codes-vs.html#ch-elm-interpretation-codes-vs-http.58.47.47fhir.46ch.47ig.47ch-elm.47ValueSet.47ch-elm-interpretation-codes-pos\">http://fhir.ch/ig/ch-elm/ValueSet/ch-elm-interpretation-codes-pos</a></td></tr><tr><td><a href=\"https://loinc.org/81656-1/\">81656-1</a></td><td>Campylobacter coli+jejuni tuf gene [Presence] in Stool by NAA with probe detection</td><td><span title=\"RELATEDTO\">?</span><a href=\"CodeSystem-ch-elm-foph-patient-name-representation.html#ch-elm-foph-patient-name-representation-initials\">initials</a></td><td><span title=\"RELATEDTO\">?</span><a href=\"CodeSystem-ch-elm-interpretation-codes-vs.html#ch-elm-interpretation-codes-vs-http.58.47.47fhir.46ch.47ig.47ch-elm.47ValueSet.47ch-elm-interpretation-codes-pos\">http://fhir.ch/ig/ch-elm/ValueSet/ch-elm-interpretation-codes-pos</a></td></tr><tr><td><a href=\"https://loinc.org/85477-8/\">85477-8</a></td><td>Influenza virus A RNA [Presence] in Upper respiratory specimen by NAA with probe detection</td><td><span title=\"RELATEDTO\">?</span><a href=\"CodeSystem-ch-elm-foph-patient-name-representation.html#ch-elm-foph-patient-name-representation-initials\">initials</a></td><td><span title=\"RELATEDTO\">?</span><a href=\"CodeSystem-ch-elm-interpretation-codes-vs.html#ch-elm-interpretation-codes-vs-http.58.47.47fhir.46ch.47ig.47ch-elm.47ValueSet.47ch-elm-interpretation-codes-pos\">http://fhir.ch/ig/ch-elm/ValueSet/ch-elm-interpretation-codes-pos</a></td></tr><tr><td><a href=\"https://loinc.org/85478-6/\">85478-6</a></td><td>Influenza virus B RNA [Presence] in Upper respiratory specimen by NAA with probe detection</td><td><span title=\"RELATEDTO\">?</span><a href=\"CodeSystem-ch-elm-foph-patient-name-representation.html#ch-elm-foph-patient-name-representation-initials\">initials</a></td><td><span title=\"RELATEDTO\">?</span><a href=\"CodeSystem-ch-elm-interpretation-codes-vs.html#ch-elm-interpretation-codes-vs-http.58.47.47fhir.46ch.47ig.47ch-elm.47ValueSet.47ch-elm-interpretation-codes-pos\">http://fhir.ch/ig/ch-elm/ValueSet/ch-elm-interpretation-codes-pos</a></td></tr><tr><td><a href=\"https://loinc.org/85827-4/\">85827-4</a></td><td>Carbapenem resistance bla OXA-48-like gene [Presence] by Molecular method</td><td><span title=\"RELATEDTO\">?</span><a href=\"CodeSystem-ch-elm-foph-patient-name-representation.html#ch-elm-foph-patient-name-representation-initials\">initials</a></td><td><span title=\"RELATEDTO\">?</span><a href=\"CodeSystem-ch-elm-interpretation-codes-vs.html#ch-elm-interpretation-codes-vs-http.58.47.47fhir.46ch.47ig.47ch-elm.47ValueSet.47ch-elm-interpretation-codes-pos\">http://fhir.ch/ig/ch-elm/ValueSet/ch-elm-interpretation-codes-pos</a></td></tr><tr><td><a href=\"https://loinc.org/88224-1/\">88224-1</a></td><td>Neisseria gonorrhoeae DNA [Presence] in Anorectal by NAA with probe detection</td><td><span title=\"RELATEDTO\">?</span><a href=\"CodeSystem-ch-elm-foph-patient-name-representation.html#ch-elm-foph-patient-name-representation-initials\">initials</a></td><td><span title=\"RELATEDTO\">?</span><a href=\"CodeSystem-ch-elm-interpretation-codes-vs.html#ch-elm-interpretation-codes-vs-http.58.47.47fhir.46ch.47ig.47ch-elm.47ValueSet.47ch-elm-interpretation-codes-pos\">http://fhir.ch/ig/ch-elm/ValueSet/ch-elm-interpretation-codes-pos</a></td></tr><tr><td><a href=\"https://loinc.org/88225-8/\">88225-8</a></td><td>Neisseria gonorrhoeae DNA [Presence] in Throat by NAA with probe detection</td><td><span title=\"RELATEDTO\">?</span><a href=\"CodeSystem-ch-elm-foph-patient-name-representation.html#ch-elm-foph-patient-name-representation-initials\">initials</a></td><td><span title=\"RELATEDTO\">?</span><a href=\"CodeSystem-ch-elm-interpretation-codes-vs.html#ch-elm-interpretation-codes-vs-http.58.47.47fhir.46ch.47ig.47ch-elm.47ValueSet.47ch-elm-interpretation-codes-pos\">http://fhir.ch/ig/ch-elm/ValueSet/ch-elm-interpretation-codes-pos</a></td></tr><tr><td><a href=\"https://loinc.org/88592-1/\">88592-1</a></td><td>Influenza virus B RNA [Presence] in Lower respiratory specimen by NAA with probe detection</td><td><span title=\"RELATEDTO\">?</span><a href=\"CodeSystem-ch-elm-foph-patient-name-representation.html#ch-elm-foph-patient-name-representation-initials\">initials</a></td><td><span title=\"RELATEDTO\">?</span><a href=\"CodeSystem-ch-elm-interpretation-codes-vs.html#ch-elm-interpretation-codes-vs-http.58.47.47fhir.46ch.47ig.47ch-elm.47ValueSet.47ch-elm-interpretation-codes-pos\">http://fhir.ch/ig/ch-elm/ValueSet/ch-elm-interpretation-codes-pos</a></td></tr><tr><td><a href=\"https://loinc.org/88599-6/\">88599-6</a></td><td>Influenza virus A RNA [Presence] in Lower respiratory specimen by NAA with probe detection</td><td><span title=\"RELATEDTO\">?</span><a href=\"CodeSystem-ch-elm-foph-patient-name-representation.html#ch-elm-foph-patient-name-representation-initials\">initials</a></td><td><span title=\"RELATEDTO\">?</span><a href=\"CodeSystem-ch-elm-interpretation-codes-vs.html#ch-elm-interpretation-codes-vs-http.58.47.47fhir.46ch.47ig.47ch-elm.47ValueSet.47ch-elm-interpretation-codes-pos\">http://fhir.ch/ig/ch-elm/ValueSet/ch-elm-interpretation-codes-pos</a></td></tr><tr><td><a href=\"https://loinc.org/92141-1/\">92141-1</a></td><td>Influenza virus B RNA [Presence] in Respiratory system specimen by NAA with probe detection</td><td><span title=\"RELATEDTO\">?</span><a href=\"CodeSystem-ch-elm-foph-patient-name-representation.html#ch-elm-foph-patient-name-representation-initials\">initials</a></td><td><span title=\"RELATEDTO\">?</span><a href=\"CodeSystem-ch-elm-interpretation-codes-vs.html#ch-elm-interpretation-codes-vs-http.58.47.47fhir.46ch.47ig.47ch-elm.47ValueSet.47ch-elm-interpretation-codes-pos\">http://fhir.ch/ig/ch-elm/ValueSet/ch-elm-interpretation-codes-pos</a></td></tr><tr><td><a href=\"https://loinc.org/92142-9/\">92142-9</a></td><td>Influenza virus A RNA [Presence] in Respiratory system specimen by NAA with probe detection</td><td><span title=\"RELATEDTO\">?</span><a href=\"CodeSystem-ch-elm-foph-patient-name-representation.html#ch-elm-foph-patient-name-representation-initials\">initials</a></td><td><span title=\"RELATEDTO\">?</span><a href=\"CodeSystem-ch-elm-interpretation-codes-vs.html#ch-elm-interpretation-codes-vs-http.58.47.47fhir.46ch.47ig.47ch-elm.47ValueSet.47ch-elm-interpretation-codes-pos\">http://fhir.ch/ig/ch-elm/ValueSet/ch-elm-interpretation-codes-pos</a></td></tr><tr><td><a href=\"https://loinc.org/92808-5/\">92808-5</a></td><td>Influenza virus A H3 RNA [Presence] in Upper respiratory specimen by NAA with probe detection</td><td><span title=\"RELATEDTO\">?</span><a href=\"CodeSystem-ch-elm-foph-patient-name-representation.html#ch-elm-foph-patient-name-representation-initials\">initials</a></td><td><span title=\"RELATEDTO\">?</span><a href=\"CodeSystem-ch-elm-interpretation-codes-vs.html#ch-elm-interpretation-codes-vs-http.58.47.47fhir.46ch.47ig.47ch-elm.47ValueSet.47ch-elm-interpretation-codes-pos\">http://fhir.ch/ig/ch-elm/ValueSet/ch-elm-interpretation-codes-pos</a></td></tr><tr><td><a href=\"https://loinc.org/92809-3/\">92809-3</a></td><td>Influenza virus A H1 RNA [Presence] in Upper respiratory specimen by NAA with probe detection</td><td><span title=\"RELATEDTO\">?</span><a href=\"CodeSystem-ch-elm-foph-patient-name-representation.html#ch-elm-foph-patient-name-representation-initials\">initials</a></td><td><span title=\"RELATEDTO\">?</span><a href=\"CodeSystem-ch-elm-interpretation-codes-vs.html#ch-elm-interpretation-codes-vs-http.58.47.47fhir.46ch.47ig.47ch-elm.47ValueSet.47ch-elm-interpretation-codes-pos\">http://fhir.ch/ig/ch-elm/ValueSet/ch-elm-interpretation-codes-pos</a></td></tr><tr><td><a href=\"https://loinc.org/94309-2/\">94309-2</a></td><td>SARS-CoV-2 (COVID-19) RNA [Presence] in Specimen by NAA with probe detection</td><td><span title=\"RELATEDTO\">?</span><a href=\"CodeSystem-ch-elm-foph-patient-name-representation.html#ch-elm-foph-patient-name-representation-full-name\">full-name</a></td><td><span title=\"RELATEDTO\">?</span><a href=\"CodeSystem-ch-elm-interpretation-codes-vs.html#ch-elm-interpretation-codes-vs-http.58.47.47fhir.46ch.47ig.47ch-elm.47ValueSet.47ch-elm-interpretation-codes-pos-neg\">http://fhir.ch/ig/ch-elm/ValueSet/ch-elm-interpretation-codes-pos-neg</a></td></tr><tr><td><a href=\"https://loinc.org/94394-4/\">94394-4</a></td><td>Influenza virus A H3 RNA [Presence] in Lower respiratory specimen by NAA with probe detection</td><td><span title=\"RELATEDTO\">?</span><a href=\"CodeSystem-ch-elm-foph-patient-name-representation.html#ch-elm-foph-patient-name-representation-initials\">initials</a></td><td><span title=\"RELATEDTO\">?</span><a href=\"CodeSystem-ch-elm-interpretation-codes-vs.html#ch-elm-interpretation-codes-vs-http.58.47.47fhir.46ch.47ig.47ch-elm.47ValueSet.47ch-elm-interpretation-codes-pos\">http://fhir.ch/ig/ch-elm/ValueSet/ch-elm-interpretation-codes-pos</a></td></tr><tr><td><a href=\"https://loinc.org/94395-1/\">94395-1</a></td><td>Influenza virus A H1 2009 pandemic RNA [Presence] in Lower respiratory specimen by NAA with probe detection</td><td><span title=\"RELATEDTO\">?</span><a href=\"CodeSystem-ch-elm-foph-patient-name-representation.html#ch-elm-foph-patient-name-representation-initials\">initials</a></td><td><span title=\"RELATEDTO\">?</span><a href=\"CodeSystem-ch-elm-interpretation-codes-vs.html#ch-elm-interpretation-codes-vs-http.58.47.47fhir.46ch.47ig.47ch-elm.47ValueSet.47ch-elm-interpretation-codes-pos\">http://fhir.ch/ig/ch-elm/ValueSet/ch-elm-interpretation-codes-pos</a></td></tr><tr><td><a href=\"https://loinc.org/94396-9/\">94396-9</a></td><td>Influenza virus A H1 RNA [Presence] in Lower respiratory specimen by NAA with probe detection</td><td><span title=\"RELATEDTO\">?</span><a href=\"CodeSystem-ch-elm-foph-patient-name-representation.html#ch-elm-foph-patient-name-representation-initials\">initials</a></td><td><span title=\"RELATEDTO\">?</span><a href=\"CodeSystem-ch-elm-interpretation-codes-vs.html#ch-elm-interpretation-codes-vs-http.58.47.47fhir.46ch.47ig.47ch-elm.47ValueSet.47ch-elm-interpretation-codes-pos\">http://fhir.ch/ig/ch-elm/ValueSet/ch-elm-interpretation-codes-pos</a></td></tr><tr><td><a href=\"https://loinc.org/94500-6/\">94500-6</a></td><td>SARS-CoV-2 (COVID-19) RNA [Presence] in Respiratory system specimen by NAA with probe detection</td><td><span title=\"RELATEDTO\">?</span><a href=\"CodeSystem-ch-elm-foph-patient-name-representation.html#ch-elm-foph-patient-name-representation-full-name\">full-name</a></td><td><span title=\"RELATEDTO\">?</span><a href=\"CodeSystem-ch-elm-interpretation-codes-vs.html#ch-elm-interpretation-codes-vs-http.58.47.47fhir.46ch.47ig.47ch-elm.47ValueSet.47ch-elm-interpretation-codes-pos-neg\">http://fhir.ch/ig/ch-elm/ValueSet/ch-elm-interpretation-codes-pos-neg</a></td></tr><tr><td><a href=\"https://loinc.org/94759-8/\">94759-8</a></td><td>SARS-CoV-2 (COVID-19) RNA [Presence] in Nasopharynx by NAA with probe detection</td><td><span title=\"RELATEDTO\">?</span><a href=\"CodeSystem-ch-elm-foph-patient-name-representation.html#ch-elm-foph-patient-name-representation-full-name\">full-name</a></td><td><span title=\"RELATEDTO\">?</span><a href=\"CodeSystem-ch-elm-interpretation-codes-vs.html#ch-elm-interpretation-codes-vs-http.58.47.47fhir.46ch.47ig.47ch-elm.47ValueSet.47ch-elm-interpretation-codes-pos-neg\">http://fhir.ch/ig/ch-elm/ValueSet/ch-elm-interpretation-codes-pos-neg</a></td></tr><tr><td><a href=\"https://loinc.org/94845-5/\">94845-5</a></td><td>SARS-CoV-2 (COVID-19) RNA [Presence] in Saliva (oral fluid) by NAA with probe detection</td><td><span title=\"RELATEDTO\">?</span><a href=\"CodeSystem-ch-elm-foph-patient-name-representation.html#ch-elm-foph-patient-name-representation-full-name\">full-name</a></td><td><span title=\"RELATEDTO\">?</span><a href=\"CodeSystem-ch-elm-interpretation-codes-vs.html#ch-elm-interpretation-codes-vs-http.58.47.47fhir.46ch.47ig.47ch-elm.47ValueSet.47ch-elm-interpretation-codes-pos-neg\">http://fhir.ch/ig/ch-elm/ValueSet/ch-elm-interpretation-codes-pos-neg</a></td></tr><tr><td><a href=\"https://loinc.org/95406-5/\">95406-5</a></td><td>SARS-CoV-2 (COVID-19) RNA [Presence] in Nose by NAA with probe detection</td><td><span title=\"RELATEDTO\">?</span><a href=\"CodeSystem-ch-elm-foph-patient-name-representation.html#ch-elm-foph-patient-name-representation-full-name\">full-name</a></td><td><span title=\"RELATEDTO\">?</span><a href=\"CodeSystem-ch-elm-interpretation-codes-vs.html#ch-elm-interpretation-codes-vs-http.58.47.47fhir.46ch.47ig.47ch-elm.47ValueSet.47ch-elm-interpretation-codes-pos-neg\">http://fhir.ch/ig/ch-elm/ValueSet/ch-elm-interpretation-codes-pos-neg</a></td></tr><tr><td><a href=\"https://loinc.org/96599-6/\">96599-6</a></td><td>Neisseria gonorrhoeae DNA [Presence] in Cervix by NAA with probe detection</td><td><span title=\"RELATEDTO\">?</span><a href=\"CodeSystem-ch-elm-foph-patient-name-representation.html#ch-elm-foph-patient-name-representation-initials\">initials</a></td><td><span title=\"RELATEDTO\">?</span><a href=\"CodeSystem-ch-elm-interpretation-codes-vs.html#ch-elm-interpretation-codes-vs-http.58.47.47fhir.46ch.47ig.47ch-elm.47ValueSet.47ch-elm-interpretation-codes-pos\">http://fhir.ch/ig/ch-elm/ValueSet/ch-elm-interpretation-codes-pos</a></td></tr><tr><td><a href=\"https://loinc.org/96797-6/\">96797-6</a></td><td>SARS-CoV-2 (COVID-19) RNA [Presence] in Oropharyngeal wash by NAA with probe detection</td><td><span title=\"RELATEDTO\">?</span><a href=\"CodeSystem-ch-elm-foph-patient-name-representation.html#ch-elm-foph-patient-name-representation-full-name\">full-name</a></td><td><span title=\"RELATEDTO\">?</span><a href=\"CodeSystem-ch-elm-interpretation-codes-vs.html#ch-elm-interpretation-codes-vs-http.58.47.47fhir.46ch.47ig.47ch-elm.47ValueSet.47ch-elm-interpretation-codes-pos-neg\">http://fhir.ch/ig/ch-elm/ValueSet/ch-elm-interpretation-codes-pos-neg</a></td></tr><tr><td><a href=\"https://loinc.org/97513-6/\">97513-6</a></td><td>Campylobacter sp [Presence] in Specimen by Organism specific culture</td><td><span title=\"RELATEDTO\">?</span><a href=\"CodeSystem-ch-elm-foph-patient-name-representation.html#ch-elm-foph-patient-name-representation-initials\">initials</a></td><td><span title=\"RELATEDTO\">?</span><a href=\"CodeSystem-ch-elm-interpretation-codes-vs.html#ch-elm-interpretation-codes-vs-http.58.47.47fhir.46ch.47ig.47ch-elm.47ValueSet.47ch-elm-interpretation-codes-pos\">http://fhir.ch/ig/ch-elm/ValueSet/ch-elm-interpretation-codes-pos</a></td></tr></table></li><li>Include these codes as defined in <a href=\"http://www.snomed.org/\"><code>http://snomed.info/sct</code></a><table class=\"none\"><tr><td style=\"white-space:nowrap\"><b>Code</b></td><td><b>Display</b></td><td><b><a href=\"ValueSet-ch-elm-foph-patient-name-representation.html\">CH ELM Results To FOPH Patient Name Representation</a></b></td><td><b><a href=\"ValueSet-ch-elm-interpretation-codes-vs.html\">CH ELM Results To Interpretation Code</a></b></td></tr><tr><td><a href=\"http://snomed.info/id/72904005\">72904005</a></td><td>Treponema pallidum (organism)</td><td><span title=\"RELATEDTO\">?</span><a href=\"CodeSystem-ch-elm-foph-patient-name-representation.html#ch-elm-foph-patient-name-representation-initials\">initials</a></td><td><span title=\"RELATEDTO\">?</span><a href=\"CodeSystem-ch-elm-interpretation-codes-vs.html#ch-elm-interpretation-codes-vs-http.58.47.47fhir.46ch.47ig.47ch-elm.47ValueSet.47ch-elm-interpretation-codes-pos\">http://fhir.ch/ig/ch-elm/ValueSet/ch-elm-interpretation-codes-pos</a></td></tr></table></li></ul></div>"},"url":"http://fhir.ch/ig/ch-elm/ValueSet/ch-elm-results-laboratory-observation","version":"1.2.0","name":"ChElmResultsLaboratoryObservation","title":"CH ELM Results Laboratory Observation","status":"active","experimental":false,"date":"2024-03-28T10:14:11+01:00","publisher":"Federal Office of Public Health FOPH","contact":[{"name":"Federal Office of Public Health FOPH","telecom":[{"system":"url","value":"https://www.bag.admin.ch/bag/en/home/das-bag/kontakt-standort.html"}]}],"description":"This CH ELM value set includes the codes for the laboratory test results (organism).","jurisdiction":[{"coding":[{"system":"urn:iso:std:iso:3166","code":"CHE"}]}],"copyright":"CC0-1.0","compose":{"include":[{"system":"http://loinc.org","concept":[{"code":"100911-7","display":"Campylobacter sp [Presence] in Stool by Organism specific culture"},{"code":"101423-2","display":"Influenza virus A H1 RNA [Presence] in Respiratory system specimen by NAA with probe detection"},{"code":"101424-0","display":"Influenza virus A H3 RNA [Presence] in Respiratory system specimen by NAA with probe detection"},{"code":"101552-8","display":"Campylobacter coli DNA [Presence] in Stool by NAA with probe detection"},{"code":"101554-4","display":"Campylobacter jejuni DNA [Presence] in Stool by NAA with probe detection"},{"code":"101555-1","display":"Campylobacter upsaliensis DNA [Presence] in Stool by NAA with probe detection"},{"code":"103168-1","display":"Campylobacter coli+jejuni DNA [Presence] in Wound by NAA with probe detection"},{"code":"14127-5","display":"Neisseria gonorrhoeae [Presence] in Anal by Organism specific culture"},{"code":"14463-4","display":"Chlamydia trachomatis [Presence] in Cervix by Organism specific culture"},{"code":"14464-2","display":"Chlamydia trachomatis [Presence] in Vaginal fluid by Organism specific culture"},{"code":"14465-9","display":"Chlamydia trachomatis [Presence] in Urethra by Organism specific culture"},{"code":"16600-9","display":"Chlamydia trachomatis rRNA [Presence] in Genital specimen by Probe"},{"code":"21190-4","display":"Chlamydia trachomatis DNA [Presence] in Cervix by NAA with probe detection"},{"code":"21191-2","display":"Chlamydia trachomatis DNA [Presence] in Urethra by NAA with probe detection"},{"code":"21415-5","display":"Neisseria gonorrhoeae DNA [Presence] in Urethra by NAA with probe detection"},{"code":"21416-3","display":"Neisseria gonorrhoeae DNA [Presence] in Urine by NAA with probe detection"},{"code":"21613-5","display":"Chlamydia trachomatis DNA [Presence] in Specimen by NAA with probe detection"},{"code":"23838-6","display":"Chlamydia trachomatis rRNA [Presence] in Genital fluid by Probe"},{"code":"24111-7","display":"Neisseria gonorrhoeae DNA [Presence] in Specimen by NAA with probe detection"},{"code":"31777-6","display":"Chlamydia trachomatis Ag [Presence] in Specimen"},{"code":"31859-2","display":"Influenza virus A Ag [Presence] in Specimen"},{"code":"31864-2","display":"Influenza virus B Ag [Presence] in Specimen"},{"code":"32705-6","display":"Neisseria gonorrhoeae DNA [Presence] in Vaginal fluid by NAA with probe detection"},{"code":"34487-9","display":"Influenza virus A RNA [Presence] in Specimen by NAA with probe detection"},{"code":"38382-8","display":"Influenza virus B [Presence] in Specimen by Organism specific culture"},{"code":"40982-1","display":"Influenza virus B RNA [Presence] in Specimen by NAA with probe detection"},{"code":"42931-6","display":"Chlamydia trachomatis rRNA [Presence] in Urine by NAA with probe detection"},{"code":"43304-5","display":"Chlamydia trachomatis rRNA [Presence] in Specimen by NAA with probe detection"},{"code":"43305-2","display":"Neisseria gonorrhoeae rRNA [Presence] in Specimen by NAA with probe detection"},{"code":"45084-1","display":"Chlamydia trachomatis DNA [Presence] in Vaginal fluid by NAA with probe detection"},{"code":"45090-8","display":"Chlamydia trachomatis DNA [Presence] in Anal by NAA with probe detection"},{"code":"45093-2","display":"Chlamydia trachomatis [Presence] in Anal by Organism specific culture"},{"code":"45095-7","display":"Chlamydia trachomatis [Presence] in Genital specimen by Organism specific culture"},{"code":"47387-6","display":"Neisseria gonorrhoeae DNA [Presence] in Genital specimen by NAA with probe detection"},{"code":"48310-7","display":"Influenza virus A [Presence] in Specimen by Organism specific culture"},{"code":"49521-8","display":"Influenza virus A H1 RNA [Presence] in Specimen by NAA with probe detection"},{"code":"49524-2","display":"Influenza virus A H3 RNA [Presence] in Specimen by NAA with probe detection"},{"code":"49614-1","display":"Campylobacter sp DNA [Identifier] in Specimen by NAA with probe detection"},{"code":"4992-4","display":"Campylobacter sp rRNA [Presence] in Specimen by Probe"},{"code":"50387-0","display":"Chlamydia trachomatis rRNA [Presence] in Cervix by NAA with probe detection"},{"code":"50388-8","display":"Neisseria gonorrhoeae rRNA [Presence] in Cervix by NAA with probe detection"},{"code":"51578-3","display":"Chlamydia trachomatis DNA [Presence] in Semen by NAA with probe detection"},{"code":"53879-3","display":"Neisseria gonorrhoeae rRNA [Presence] in Vaginal fluid by NAA with probe detection"},{"code":"53925-4","display":"Chlamydia trachomatis rRNA [Presence] in Urethra by NAA with probe detection"},{"code":"53926-2","display":"Chlamydia trachomatis rRNA [Presence] in Vaginal fluid by NAA with probe detection"},{"code":"53927-0","display":"Neisseria gonorrhoeae rRNA [Presence] in Urethra by NAA with probe detection"},{"code":"55465-9","display":"Influenza virus A H1 2009 pandemic RNA [Presence] in Specimen by NAA with probe detection"},{"code":"57287-5","display":"Chlamydia trachomatis rRNA [Presence] in Anal by NAA with probe detection"},{"code":"57458-2","display":"Neisseria gonorrhoeae rRNA [Presence] in Anal by NAA with probe detection"},{"code":"60255-7","display":"Neisseria gonorrhoeae rRNA [Presence] in Throat by NAA with probe detection"},{"code":"60256-5","display":"Neisseria gonorrhoeae rRNA [Presence] in Urine by NAA with probe detection"},{"code":"61368-7","display":"Campylobacter jejuni DNA [Presence] in Specimen by NAA with probe detection"},{"code":"6329-7","display":"Campylobacter coli rRNA [Presence] in Specimen by Probe"},{"code":"6333-9","display":"Campylobacter jejuni rRNA [Presence] in Specimen by Probe"},{"code":"6334-7","display":"Campylobacter lari rRNA [Presence] in Specimen by Probe"},{"code":"6349-5","display":"Chlamydia trachomatis [Presence] in Specimen by Organism specific culture"},{"code":"6356-0","display":"Chlamydia trachomatis DNA [Presence] in Genital specimen by NAA with probe detection"},{"code":"6357-8","display":"Chlamydia trachomatis DNA [Presence] in Urine by NAA with probe detection"},{"code":"688-2","display":"Neisseria gonorrhoeae [Presence] in Cervix by Organism specific culture"},{"code":"691-6","display":"Neisseria gonorrhoeae [Presence] in Genital specimen by Organism specific culture"},{"code":"693-2","display":"Neisseria gonorrhoeae [Presence] in Vaginal fluid by Organism specific culture"},{"code":"694-0","display":"Neisseria gonorrhoeae [Presence] in Semen by Organism specific culture"},{"code":"696-5","display":"Neisseria gonorrhoeae [Presence] in Throat by Organism specific culture"},{"code":"697-3","display":"Neisseria gonorrhoeae [Presence] in Urethra by Organism specific culture"},{"code":"698-1","display":"Neisseria gonorrhoeae [Presence] in Specimen by Organism specific culture"},{"code":"71429-5","display":"Campylobacter sp DNA.diarrheagenic [Presence] in Stool by NAA with probe detection"},{"code":"74785-7","display":"Influenza virus B Victoria lineage RNA [Presence] in Specimen by NAA with probe detection"},{"code":"74786-5","display":"Influenza virus B Yamagata lineage RNA [Presence] in Specimen by NAA with probe detection"},{"code":"76078-5","display":"Influenza virus A RNA [Presence] in Nasopharynx by NAA with probe detection"},{"code":"76080-1","display":"Influenza virus B RNA [Presence] in Nasopharynx by NAA with probe detection"},{"code":"77026-3","display":"Influenza virus A H1 RNA [Presence] in Nasopharynx by NAA with probe detection"},{"code":"77027-1","display":"Influenza virus A H3 RNA [Presence] in Nasopharynx by NAA with probe detection"},{"code":"77028-9","display":"Influenza virus A H1 2009 pandemic RNA [Presence] in Nasopharynx by NAA with probe detection"},{"code":"80363-5","display":"Chlamydia trachomatis DNA [Presence] in Anorectal by NAA with probe detection"},{"code":"80364-3","display":"Chlamydia trachomatis rRNA [Presence] in Anorectal by NAA with probe detection"},{"code":"80366-8","display":"Neisseria gonorrhoeae rRNA [Presence] in Anorectal by NAA with probe detection"},{"code":"80367-6","display":"Chlamydia trachomatis [Presence] in Anorectal by Organism specific culture"},{"code":"80368-4","display":"Neisseria gonorrhoeae [Presence] in Anorectal by Organism specific culture"},{"code":"81656-1","display":"Campylobacter coli+jejuni tuf gene [Presence] in Stool by NAA with probe detection"},{"code":"85477-8","display":"Influenza virus A RNA [Presence] in Upper respiratory specimen by NAA with probe detection"},{"code":"85478-6","display":"Influenza virus B RNA [Presence] in Upper respiratory specimen by NAA with probe detection"},{"code":"85827-4","display":"Carbapenem resistance bla OXA-48-like gene [Presence] by Molecular method"},{"code":"88224-1","display":"Neisseria gonorrhoeae DNA [Presence] in Anorectal by NAA with probe detection"},{"code":"88225-8","display":"Neisseria gonorrhoeae DNA [Presence] in Throat by NAA with probe detection"},{"code":"88592-1","display":"Influenza virus B RNA [Presence] in Lower respiratory specimen by NAA with probe detection"},{"code":"88599-6","display":"Influenza virus A RNA [Presence] in Lower respiratory specimen by NAA with probe detection"},{"code":"92141-1","display":"Influenza virus B RNA [Presence] in Respiratory system specimen by NAA with probe detection"},{"code":"92142-9","display":"Influenza virus A RNA [Presence] in Respiratory system specimen by NAA with probe detection"},{"code":"92808-5","display":"Influenza virus A H3 RNA [Presence] in Upper respiratory specimen by NAA with probe detection"},{"code":"92809-3","display":"Influenza virus A H1 RNA [Presence] in Upper respiratory specimen by NAA with probe detection"},{"code":"94309-2","display":"SARS-CoV-2 (COVID-19) RNA [Presence] in Specimen by NAA with probe detection"},{"code":"94394-4","display":"Influenza virus A H3 RNA [Presence] in Lower respiratory specimen by NAA with probe detection"},{"code":"94395-1","display":"Influenza virus A H1 2009 pandemic RNA [Presence] in Lower respiratory specimen by NAA with probe detection"},{"code":"94396-9","display":"Influenza virus A H1 RNA [Presence] in Lower respiratory specimen by NAA with probe detection"},{"code":"94500-6","display":"SARS-CoV-2 (COVID-19) RNA [Presence] in Respiratory system specimen by NAA with probe detection"},{"code":"94759-8","display":"SARS-CoV-2 (COVID-19) RNA [Presence] in Nasopharynx by NAA with probe detection"},{"code":"94845-5","display":"SARS-CoV-2 (COVID-19) RNA [Presence] in Saliva (oral fluid) by NAA with probe detection"},{"code":"95406-5","display":"SARS-CoV-2 (COVID-19) RNA [Presence] in Nose by NAA with probe detection"},{"code":"96599-6","display":"Neisseria gonorrhoeae DNA [Presence] in Cervix by NAA with probe detection"},{"code":"96797-6","display":"SARS-CoV-2 (COVID-19) RNA [Presence] in Oropharyngeal wash by NAA with probe detection"},{"code":"97513-6","display":"Campylobacter sp [Presence] in Specimen by Organism specific culture"}]},{"system":"http://snomed.info/sct","concept":[{"code":"72904005","display":"Treponema pallidum (organism)"}]}]}}