<?xml version="1.0" encoding="UTF-8"?>

<ConceptMap xmlns="http://hl7.org/fhir">
  <id value="HCProfessionalHCProfessionSpecialisationMap"/>
  <text>
    <status value="extensions"/><div xmlns="http://www.w3.org/1999/xhtml"><h2>HCProfessionalHCProfessionSpecialisationMap (http://fhir.ch/ig/ch-epr-term/HCProfessionalHCProfessionSpecialisationMap)</h2><p>Mapping from <a href="ValueSet-HCProfessional.hcProfession.html">http://fhir.ch/ig/ch-epr-term/ValueSet/HCProfessional.hcProfession</a> to <a href="ValueSet-HCProfessional.hcSpecialisation.html">http://fhir.ch/ig/ch-epr-term/ValueSet/HCProfessional.hcSpecialisation</a></p><p>ACTIVE. Published on 23 Apr 2021, 16:06:34 by HL7 Switzerland (HL7 Switzerland: <a href="https://www.hl7.ch/">https://www.hl7.ch/</a>). This artefact includes content from SNOMED Clinical Terms® (SNOMED CT®) which is copyright of the International Health Terminology Standards Development Organisation (IHTSDO). Implementers of these artefacts must have the appropriate SNOMED CT Affiliate license - for more information contact http://www.snomed.org/snomed-ct/getsnomed-ct or info@snomed.org.</p><br/><table class="grid"><tr><td colspan="2"><b>Source Concept Details</b></td><td><b>Relationship</b></td><td colspan="2"><b>Destination Concept Details</b></td></tr><tr><td colspan="2"><b>Code</b> from <a href="http://terminology.hl7.org/2.0.0/CodeSystem-v3-snomed-CT.html" title="http://snomed.info/sct">SNOMED CT International Edition</a></td><td/><td colspan="2"><b>Code</b> from <a href="CodeSystem-2.16.756.5.30.1.127.3.5.html" title="urn:oid:2.16.756.5.30.1.127.3.5">ch-ehealth-codesystem-medreg</a></td></tr><tr><td style="border-right-width: 0px; border-bottom-style: none">46255001</td><td style="border-left-width: 0px; border-bottom-style: none">Pharmacist</td><td><a href="http://hl7.org/fhir/R4/codesystem-concept-map-equivalence.html#specializes">has specialization</a></td><td style="border-right-width: 0px">1052</td><td style="border-left-width: 0px">Community pharmacy</td></tr><tr><td style="border-right-width: 0px; border-top-style: none"/><td style="border-left-width: 0px; border-top-style: none"/><td><a href="http://hl7.org/fhir/R4/codesystem-concept-map-equivalence.html#specializes">has specialization</a></td><td style="border-right-width: 0px">1053</td><td style="border-left-width: 0px">Hospital pharmacy</td></tr></table><table class="grid"><tr><td colspan="2"><b>Source Concept Details</b></td><td><b>Relationship</b></td><td colspan="2"><b>Destination Concept Details</b></td></tr><tr><td colspan="2"><b>Code</b> from <a href="http://terminology.hl7.org/2.0.0/CodeSystem-v3-snomed-CT.html" title="http://snomed.info/sct">SNOMED CT International Edition</a></td><td/><td colspan="2"><b>Code</b> from <a href="CodeSystem-2.16.756.5.30.1.127.3.5.html" title="urn:oid:2.16.756.5.30.1.127.3.5">ch-ehealth-codesystem-medreg</a></td></tr><tr><td style="border-right-width: 0px; border-bottom-style: none">309343006</td><td style="border-left-width: 0px; border-bottom-style: none">Physician</td><td><a href="http://hl7.org/fhir/R4/codesystem-concept-map-equivalence.html#specializes">has specialization</a></td><td style="border-right-width: 0px">1002</td><td style="border-left-width: 0px">Surgery</td></tr><tr><td style="border-right-width: 0px; border-top-style: none; border-bottom-style: none"/><td style="border-left-width: 0px; border-top-style: none"/><td><a href="http://hl7.org/fhir/R4/codesystem-concept-map-equivalence.html#specializes">has specialization</a></td><td style="border-right-width: 0px">1003</td><td style="border-left-width: 0px">Gynaecology and obstetrics</td></tr><tr><td style="border-right-width: 0px; border-top-style: none; border-bottom-style: none"/><td style="border-left-width: 0px; border-top-style: none"/><td><a href="http://hl7.org/fhir/R4/codesystem-concept-map-equivalence.html#specializes">has specialization</a></td><td style="border-right-width: 0px">1004</td><td style="border-left-width: 0px">Cardiac and thoracic vascular surgery</td></tr><tr><td style="border-right-width: 0px; border-top-style: none; border-bottom-style: none"/><td style="border-left-width: 0px; border-top-style: none"/><td><a href="http://hl7.org/fhir/R4/codesystem-concept-map-equivalence.html#specializes">has specialization</a></td><td style="border-right-width: 0px">1006</td><td style="border-left-width: 0px">Paediatrics</td></tr><tr><td style="border-right-width: 0px; border-top-style: none; border-bottom-style: none"/><td style="border-left-width: 0px; border-top-style: none"/><td><a href="http://hl7.org/fhir/R4/codesystem-concept-map-equivalence.html#specializes">has specialization</a></td><td style="border-right-width: 0px">1007</td><td style="border-left-width: 0px">Ophthalmology</td></tr><tr><td style="border-right-width: 0px; border-top-style: none; border-bottom-style: none"/><td style="border-left-width: 0px; border-top-style: none"/><td><a href="http://hl7.org/fhir/R4/codesystem-concept-map-equivalence.html#specializes">has specialization</a></td><td style="border-right-width: 0px">1008</td><td style="border-left-width: 0px">Otorhinolaryngology</td></tr><tr><td style="border-right-width: 0px; border-top-style: none; border-bottom-style: none"/><td style="border-left-width: 0px; border-top-style: none"/><td><a href="http://hl7.org/fhir/R4/codesystem-concept-map-equivalence.html#specializes">has specialization</a></td><td style="border-right-width: 0px">1009</td><td style="border-left-width: 0px">Pathology</td></tr><tr><td style="border-right-width: 0px; border-top-style: none; border-bottom-style: none"/><td style="border-left-width: 0px; border-top-style: none"/><td><a href="http://hl7.org/fhir/R4/codesystem-concept-map-equivalence.html#specializes">has specialization</a></td><td style="border-right-width: 0px">1012</td><td style="border-left-width: 0px">Anaesthesiology</td></tr><tr><td style="border-right-width: 0px; border-top-style: none; border-bottom-style: none"/><td style="border-left-width: 0px; border-top-style: none"/><td><a href="http://hl7.org/fhir/R4/codesystem-concept-map-equivalence.html#specializes">has specialization</a></td><td style="border-right-width: 0px">1013</td><td style="border-left-width: 0px">Neurosurgery</td></tr><tr><td style="border-right-width: 0px; border-top-style: none; border-bottom-style: none"/><td style="border-left-width: 0px; border-top-style: none"/><td><a href="http://hl7.org/fhir/R4/codesystem-concept-map-equivalence.html#specializes">has specialization</a></td><td style="border-right-width: 0px">1014</td><td style="border-left-width: 0px">Neurology</td></tr><tr><td style="border-right-width: 0px; border-top-style: none; border-bottom-style: none"/><td style="border-left-width: 0px; border-top-style: none"/><td><a href="http://hl7.org/fhir/R4/codesystem-concept-map-equivalence.html#specializes">has specialization</a></td><td style="border-right-width: 0px">1015</td><td style="border-left-width: 0px">Orthopaedic surgery and traumatology of the locomotor apparatus</td></tr><tr><td style="border-right-width: 0px; border-top-style: none; border-bottom-style: none"/><td style="border-left-width: 0px; border-top-style: none"/><td><a href="http://hl7.org/fhir/R4/codesystem-concept-map-equivalence.html#specializes">has specialization</a></td><td style="border-right-width: 0px">1016</td><td style="border-left-width: 0px">Pneumology</td></tr><tr><td style="border-right-width: 0px; border-top-style: none; border-bottom-style: none"/><td style="border-left-width: 0px; border-top-style: none"/><td><a href="http://hl7.org/fhir/R4/codesystem-concept-map-equivalence.html#specializes">has specialization</a></td><td style="border-right-width: 0px">1017</td><td style="border-left-width: 0px">Psychiatry and psychotherapy</td></tr><tr><td style="border-right-width: 0px; border-top-style: none; border-bottom-style: none"/><td style="border-left-width: 0px; border-top-style: none"/><td><a href="http://hl7.org/fhir/R4/codesystem-concept-map-equivalence.html#specializes">has specialization</a></td><td style="border-right-width: 0px">1018</td><td style="border-left-width: 0px">Urology</td></tr><tr><td style="border-right-width: 0px; border-top-style: none; border-bottom-style: none"/><td style="border-left-width: 0px; border-top-style: none"/><td><a href="http://hl7.org/fhir/R4/codesystem-concept-map-equivalence.html#specializes">has specialization</a></td><td style="border-right-width: 0px">1019</td><td style="border-left-width: 0px">Allergology and clinical immunology</td></tr><tr><td style="border-right-width: 0px; border-top-style: none; border-bottom-style: none"/><td style="border-left-width: 0px; border-top-style: none"/><td><a href="http://hl7.org/fhir/R4/codesystem-concept-map-equivalence.html#specializes">has specialization</a></td><td style="border-right-width: 0px">1020</td><td style="border-left-width: 0px">Occupational medicine</td></tr><tr><td style="border-right-width: 0px; border-top-style: none; border-bottom-style: none"/><td style="border-left-width: 0px; border-top-style: none"/><td><a href="http://hl7.org/fhir/R4/codesystem-concept-map-equivalence.html#specializes">has specialization</a></td><td style="border-right-width: 0px">1021</td><td style="border-left-width: 0px">Dermatology and venereology</td></tr><tr><td style="border-right-width: 0px; border-top-style: none; border-bottom-style: none"/><td style="border-left-width: 0px; border-top-style: none"/><td><a href="http://hl7.org/fhir/R4/codesystem-concept-map-equivalence.html#specializes">has specialization</a></td><td style="border-right-width: 0px">1022</td><td style="border-left-width: 0px">Endocrinology – Diabetology</td></tr><tr><td style="border-right-width: 0px; border-top-style: none; border-bottom-style: none"/><td style="border-left-width: 0px; border-top-style: none"/><td><a href="http://hl7.org/fhir/R4/codesystem-concept-map-equivalence.html#specializes">has specialization</a></td><td style="border-right-width: 0px">1023</td><td style="border-left-width: 0px">Gastroenterology</td></tr><tr><td style="border-right-width: 0px; border-top-style: none; border-bottom-style: none"/><td style="border-left-width: 0px; border-top-style: none"/><td><a href="http://hl7.org/fhir/R4/codesystem-concept-map-equivalence.html#specializes">has specialization</a></td><td style="border-right-width: 0px">1024</td><td style="border-left-width: 0px">Haematology</td></tr><tr><td style="border-right-width: 0px; border-top-style: none; border-bottom-style: none"/><td style="border-left-width: 0px; border-top-style: none"/><td><a href="http://hl7.org/fhir/R4/codesystem-concept-map-equivalence.html#specializes">has specialization</a></td><td style="border-right-width: 0px">1025</td><td style="border-left-width: 0px">Cardiology</td></tr><tr><td style="border-right-width: 0px; border-top-style: none; border-bottom-style: none"/><td style="border-left-width: 0px; border-top-style: none"/><td><a href="http://hl7.org/fhir/R4/codesystem-concept-map-equivalence.html#specializes">has specialization</a></td><td style="border-right-width: 0px">1026</td><td style="border-left-width: 0px">Oral and maxillofacial surgery</td></tr><tr><td style="border-right-width: 0px; border-top-style: none; border-bottom-style: none"/><td style="border-left-width: 0px; border-top-style: none"/><td><a href="http://hl7.org/fhir/R4/codesystem-concept-map-equivalence.html#specializes">has specialization</a></td><td style="border-right-width: 0px">1027</td><td style="border-left-width: 0px">Child and adolescent psychiatry and psychotherapy</td></tr><tr><td style="border-right-width: 0px; border-top-style: none; border-bottom-style: none"/><td style="border-left-width: 0px; border-top-style: none"/><td><a href="http://hl7.org/fhir/R4/codesystem-concept-map-equivalence.html#specializes">has specialization</a></td><td style="border-right-width: 0px">1028</td><td style="border-left-width: 0px">Paediatric surgery</td></tr><tr><td style="border-right-width: 0px; border-top-style: none; border-bottom-style: none"/><td style="border-left-width: 0px; border-top-style: none"/><td><a href="http://hl7.org/fhir/R4/codesystem-concept-map-equivalence.html#specializes">has specialization</a></td><td style="border-right-width: 0px">1029</td><td style="border-left-width: 0px">Clinical pharmacology and toxicology</td></tr><tr><td style="border-right-width: 0px; border-top-style: none; border-bottom-style: none"/><td style="border-left-width: 0px; border-top-style: none"/><td><a href="http://hl7.org/fhir/R4/codesystem-concept-map-equivalence.html#specializes">has specialization</a></td><td style="border-right-width: 0px">1030</td><td style="border-left-width: 0px">Radiology</td></tr><tr><td style="border-right-width: 0px; border-top-style: none; border-bottom-style: none"/><td style="border-left-width: 0px; border-top-style: none"/><td><a href="http://hl7.org/fhir/R4/codesystem-concept-map-equivalence.html#specializes">has specialization</a></td><td style="border-right-width: 0px">1031</td><td style="border-left-width: 0px">Nuclear medicine</td></tr><tr><td style="border-right-width: 0px; border-top-style: none; border-bottom-style: none"/><td style="border-left-width: 0px; border-top-style: none"/><td><a href="http://hl7.org/fhir/R4/codesystem-concept-map-equivalence.html#specializes">has specialization</a></td><td style="border-right-width: 0px">1032</td><td style="border-left-width: 0px">Radio-oncology / radiotherapy</td></tr><tr><td style="border-right-width: 0px; border-top-style: none; border-bottom-style: none"/><td style="border-left-width: 0px; border-top-style: none"/><td><a href="http://hl7.org/fhir/R4/codesystem-concept-map-equivalence.html#specializes">has specialization</a></td><td style="border-right-width: 0px">1033</td><td style="border-left-width: 0px">Nephrology</td></tr><tr><td style="border-right-width: 0px; border-top-style: none; border-bottom-style: none"/><td style="border-left-width: 0px; border-top-style: none"/><td><a href="http://hl7.org/fhir/R4/codesystem-concept-map-equivalence.html#specializes">has specialization</a></td><td style="border-right-width: 0px">1034</td><td style="border-left-width: 0px">Physical medicine and rehabilitation</td></tr><tr><td style="border-right-width: 0px; border-top-style: none; border-bottom-style: none"/><td style="border-left-width: 0px; border-top-style: none"/><td><a href="http://hl7.org/fhir/R4/codesystem-concept-map-equivalence.html#specializes">has specialization</a></td><td style="border-right-width: 0px">1035</td><td style="border-left-width: 0px">Plastic, reconstructive and aesthetic surgery</td></tr><tr><td style="border-right-width: 0px; border-top-style: none; border-bottom-style: none"/><td style="border-left-width: 0px; border-top-style: none"/><td><a href="http://hl7.org/fhir/R4/codesystem-concept-map-equivalence.html#specializes">has specialization</a></td><td style="border-right-width: 0px">1036</td><td style="border-left-width: 0px">Prevention and public health</td></tr><tr><td style="border-right-width: 0px; border-top-style: none; border-bottom-style: none"/><td style="border-left-width: 0px; border-top-style: none"/><td><a href="http://hl7.org/fhir/R4/codesystem-concept-map-equivalence.html#specializes">has specialization</a></td><td style="border-right-width: 0px">1037</td><td style="border-left-width: 0px">Rheumatology</td></tr><tr><td style="border-right-width: 0px; border-top-style: none; border-bottom-style: none"/><td style="border-left-width: 0px; border-top-style: none"/><td><a href="http://hl7.org/fhir/R4/codesystem-concept-map-equivalence.html#specializes">has specialization</a></td><td style="border-right-width: 0px">1038</td><td style="border-left-width: 0px">Tropical and travel medicine</td></tr><tr><td style="border-right-width: 0px; border-top-style: none; border-bottom-style: none"/><td style="border-left-width: 0px; border-top-style: none"/><td><a href="http://hl7.org/fhir/R4/codesystem-concept-map-equivalence.html#specializes">has specialization</a></td><td style="border-right-width: 0px">1039</td><td style="border-left-width: 0px">Infectology</td></tr><tr><td style="border-right-width: 0px; border-top-style: none; border-bottom-style: none"/><td style="border-left-width: 0px; border-top-style: none"/><td><a href="http://hl7.org/fhir/R4/codesystem-concept-map-equivalence.html#specializes">has specialization</a></td><td style="border-right-width: 0px">1040</td><td style="border-left-width: 0px">General medical practitioner</td></tr><tr><td style="border-right-width: 0px; border-top-style: none; border-bottom-style: none"/><td style="border-left-width: 0px; border-top-style: none"/><td><a href="http://hl7.org/fhir/R4/codesystem-concept-map-equivalence.html#specializes">has specialization</a></td><td style="border-right-width: 0px">1041</td><td style="border-left-width: 0px">Angiology</td></tr><tr><td style="border-right-width: 0px; border-top-style: none; border-bottom-style: none"/><td style="border-left-width: 0px; border-top-style: none"/><td><a href="http://hl7.org/fhir/R4/codesystem-concept-map-equivalence.html#specializes">has specialization</a></td><td style="border-right-width: 0px">1042</td><td style="border-left-width: 0px">Intensive care medicine</td></tr><tr><td style="border-right-width: 0px; border-top-style: none; border-bottom-style: none"/><td style="border-left-width: 0px; border-top-style: none"/><td><a href="http://hl7.org/fhir/R4/codesystem-concept-map-equivalence.html#specializes">has specialization</a></td><td style="border-right-width: 0px">1043</td><td style="border-left-width: 0px">Medical genetics</td></tr><tr><td style="border-right-width: 0px; border-top-style: none; border-bottom-style: none"/><td style="border-left-width: 0px; border-top-style: none"/><td><a href="http://hl7.org/fhir/R4/codesystem-concept-map-equivalence.html#specializes">has specialization</a></td><td style="border-right-width: 0px">1044</td><td style="border-left-width: 0px">Medical oncology</td></tr><tr><td style="border-right-width: 0px; border-top-style: none; border-bottom-style: none"/><td style="border-left-width: 0px; border-top-style: none"/><td><a href="http://hl7.org/fhir/R4/codesystem-concept-map-equivalence.html#specializes">has specialization</a></td><td style="border-right-width: 0px">1045</td><td style="border-left-width: 0px">Pharmaceutical medicine</td></tr><tr><td style="border-right-width: 0px; border-top-style: none; border-bottom-style: none"/><td style="border-left-width: 0px; border-top-style: none"/><td><a href="http://hl7.org/fhir/R4/codesystem-concept-map-equivalence.html#specializes">has specialization</a></td><td style="border-right-width: 0px">1046</td><td style="border-left-width: 0px">Forensic medicine</td></tr><tr><td style="border-right-width: 0px; border-top-style: none; border-bottom-style: none"/><td style="border-left-width: 0px; border-top-style: none"/><td><a href="http://hl7.org/fhir/R4/codesystem-concept-map-equivalence.html#specializes">has specialization</a></td><td style="border-right-width: 0px">1051</td><td style="border-left-width: 0px">General internal medicine</td></tr><tr><td style="border-right-width: 0px; border-top-style: none; border-bottom-style: none"/><td style="border-left-width: 0px; border-top-style: none"/><td><a href="http://hl7.org/fhir/R4/codesystem-concept-map-equivalence.html#specializes">has specialization</a></td><td style="border-right-width: 0px">1059</td><td style="border-left-width: 0px">Hand surgery</td></tr><tr><td style="border-right-width: 0px; border-top-style: none; border-bottom-style: none"/><td style="border-left-width: 0px; border-top-style: none"/><td><a href="http://hl7.org/fhir/R4/codesystem-concept-map-equivalence.html#specializes">has specialization</a></td><td style="border-right-width: 0px">1060</td><td style="border-left-width: 0px">Vascular surgery</td></tr><tr><td style="border-right-width: 0px; border-top-style: none"/><td style="border-left-width: 0px; border-top-style: none"/><td><a href="http://hl7.org/fhir/R4/codesystem-concept-map-equivalence.html#specializes">has specialization</a></td><td style="border-right-width: 0px">1061</td><td style="border-left-width: 0px">Thoracic surgery</td></tr></table><table class="grid"><tr><td><b>Source Code</b></td><td><b>Relationship</b></td><td><b>Destination Code</b></td></tr><tr><td>3842006 (Chiropractor)</td><td><a href="http://hl7.org/fhir/R4/codesystem-concept-map-equivalence.html#specializes">has specialization</a></td><td>1011 (Chiropractic specialist)</td></tr></table><table class="grid"><tr><td colspan="2"><b>Source Concept Details</b></td><td><b>Relationship</b></td><td colspan="2"><b>Destination Concept Details</b></td></tr><tr><td colspan="2"><b>Code</b> from <a href="http://terminology.hl7.org/2.0.0/CodeSystem-v3-snomed-CT.html" title="http://snomed.info/sct">SNOMED CT International Edition</a></td><td/><td colspan="2"><b>Code</b> from <a href="CodeSystem-2.16.756.5.30.1.127.3.5.html" title="urn:oid:2.16.756.5.30.1.127.3.5">ch-ehealth-codesystem-medreg</a></td></tr><tr><td style="border-right-width: 0px; border-bottom-style: none">59944000</td><td style="border-left-width: 0px; border-bottom-style: none">Psychologist</td><td><a href="http://hl7.org/fhir/R4/codesystem-concept-map-equivalence.html#specializes">has specialization</a></td><td style="border-right-width: 0px">1054</td><td style="border-left-width: 0px">Psychotherapy</td></tr><tr><td style="border-right-width: 0px; border-top-style: none; border-bottom-style: none"/><td style="border-left-width: 0px; border-top-style: none"/><td><a href="http://hl7.org/fhir/R4/codesystem-concept-map-equivalence.html#specializes">has specialization</a></td><td style="border-right-width: 0px">1055</td><td style="border-left-width: 0px">Child and adolescent psychology</td></tr><tr><td style="border-right-width: 0px; border-top-style: none; border-bottom-style: none"/><td style="border-left-width: 0px; border-top-style: none"/><td><a href="http://hl7.org/fhir/R4/codesystem-concept-map-equivalence.html#specializes">has specialization</a></td><td style="border-right-width: 0px">1056</td><td style="border-left-width: 0px">Clinical psychology</td></tr><tr><td style="border-right-width: 0px; border-top-style: none; border-bottom-style: none"/><td style="border-left-width: 0px; border-top-style: none"/><td><a href="http://hl7.org/fhir/R4/codesystem-concept-map-equivalence.html#specializes">has specialization</a></td><td style="border-right-width: 0px">1057</td><td style="border-left-width: 0px">Neuropsychology</td></tr><tr><td style="border-right-width: 0px; border-top-style: none"/><td style="border-left-width: 0px; border-top-style: none"/><td><a href="http://hl7.org/fhir/R4/codesystem-concept-map-equivalence.html#specializes">has specialization</a></td><td style="border-right-width: 0px">1058</td><td style="border-left-width: 0px">Health psychology</td></tr></table><table class="grid"><tr><td colspan="2"><b>Source Concept Details</b></td><td><b>Relationship</b></td><td colspan="2"><b>Destination Concept Details</b></td></tr><tr><td colspan="2"><b>Code</b> from <a href="http://terminology.hl7.org/2.0.0/CodeSystem-v3-snomed-CT.html" title="http://snomed.info/sct">SNOMED CT International Edition</a></td><td/><td colspan="2"><b>Code</b> from <a href="CodeSystem-2.16.756.5.30.1.127.3.5.html" title="urn:oid:2.16.756.5.30.1.127.3.5">ch-ehealth-codesystem-medreg</a></td></tr><tr><td style="border-right-width: 0px; border-bottom-style: none">106289002</td><td style="border-left-width: 0px; border-bottom-style: none">Dentist</td><td><a href="http://hl7.org/fhir/R4/codesystem-concept-map-equivalence.html#specializes">has specialization</a></td><td style="border-right-width: 0px">1010</td><td style="border-left-width: 0px">Orthodontics</td></tr><tr><td style="border-right-width: 0px; border-top-style: none; border-bottom-style: none"/><td style="border-left-width: 0px; border-top-style: none"/><td><a href="http://hl7.org/fhir/R4/codesystem-concept-map-equivalence.html#specializes">has specialization</a></td><td style="border-right-width: 0px">1047</td><td style="border-left-width: 0px">Oral surgery</td></tr><tr><td style="border-right-width: 0px; border-top-style: none; border-bottom-style: none"/><td style="border-left-width: 0px; border-top-style: none"/><td><a href="http://hl7.org/fhir/R4/codesystem-concept-map-equivalence.html#specializes">has specialization</a></td><td style="border-right-width: 0px">1048</td><td style="border-left-width: 0px">Paradontology</td></tr><tr><td style="border-right-width: 0px; border-top-style: none"/><td style="border-left-width: 0px; border-top-style: none"/><td><a href="http://hl7.org/fhir/R4/codesystem-concept-map-equivalence.html#specializes">has specialization</a></td><td style="border-right-width: 0px">1049</td><td style="border-left-width: 0px">Reconstructive dentistry</td></tr></table></div>
  </text>
  <url value="http://fhir.ch/ig/ch-epr-term/HCProfessionalHCProfessionSpecialisationMap"/>
  <version value="2.0.5"/>
  <name value="HCProfessionalHCProfessionSpecialisationMap"/>
  <title value="HCProfessionalHCProfessionSpecialisationMap"/>
  <status value="active"/>
  <date value="2021-04-23T16:06:34+02:00"/>
  <publisher value="HL7 Switzerland"/>
  <contact>
    <name value="HL7 Switzerland"/>
    <telecom>
      <system value="url"/>
      <value value="https://www.hl7.ch/"/>
    </telecom>
  </contact>
  <jurisdiction>
    <coding>
      <system value="urn:iso:std:iso:3166"/>
      <code value="CH"/>
    </coding>
  </jurisdiction>
  <copyright value="This artefact includes content from SNOMED Clinical Terms&#xAE; (SNOMED CT&#xAE;) which is copyright of the International Health Terminology Standards Development Organisation (IHTSDO). Implementers of these artefacts must have the appropriate SNOMED CT Affiliate license - for more information contact http://www.snomed.org/snomed-ct/getsnomed-ct or info@snomed.org."/>
  <sourceUri value="http://fhir.ch/ig/ch-epr-term/ValueSet/HCProfessional.hcProfession"/>
  <targetUri value="http://fhir.ch/ig/ch-epr-term/ValueSet/HCProfessional.hcSpecialisation"/>
  <group>
    <source value="http://snomed.info/sct"/>
    <target value="urn:oid:2.16.756.5.30.1.127.3.5"/>
    <element>
      <code value="46255001"/>
      <display value="Pharmacist (occupation)"/>
      <target>
        <code value="1052"/>
        <display value="Community pharmacy"/>
        <equivalence value="specializes"/>
      </target>
      <target>
        <code value="1053"/>
        <display value="Hospital pharmacy"/>
        <equivalence value="specializes"/>
      </target>
    </element>
  </group>
  <group>
    <source value="http://snomed.info/sct"/>
    <target value="urn:oid:2.16.756.5.30.1.127.3.5"/>
    <element>
      <code value="309343006"/>
      <display value="Physician (occupation)"/>
      <target>
        <code value="1002"/>
        <display value="Surgery"/>
        <equivalence value="specializes"/>
      </target>
      <target>
        <code value="1003"/>
        <display value="Gynaecology and obstetrics"/>
        <equivalence value="specializes"/>
      </target>
      <target>
        <code value="1004"/>
        <display value="Cardiac and thoracic vascular surgery"/>
        <equivalence value="specializes"/>
      </target>
      <target>
        <code value="1006"/>
        <display value="Paediatrics"/>
        <equivalence value="specializes"/>
      </target>
      <target>
        <code value="1007"/>
        <display value="Ophthalmology"/>
        <equivalence value="specializes"/>
      </target>
      <target>
        <code value="1008"/>
        <display value="Otorhinolaryngology"/>
        <equivalence value="specializes"/>
      </target>
      <target>
        <code value="1009"/>
        <display value="Pathology"/>
        <equivalence value="specializes"/>
      </target>
      <target>
        <code value="1012"/>
        <display value="Anaesthesiology"/>
        <equivalence value="specializes"/>
      </target>
      <target>
        <code value="1013"/>
        <display value="Neurosurgery"/>
        <equivalence value="specializes"/>
      </target>
      <target>
        <code value="1014"/>
        <display value="Neurology"/>
        <equivalence value="specializes"/>
      </target>
      <target>
        <code value="1015"/>
        <display value="Orthopaedic surgery and traumatology of the locomotor apparatus"/>
        <equivalence value="specializes"/>
      </target>
      <target>
        <code value="1016"/>
        <display value="Pneumology"/>
        <equivalence value="specializes"/>
      </target>
      <target>
        <code value="1017"/>
        <display value="Psychiatry and psychotherapy"/>
        <equivalence value="specializes"/>
      </target>
      <target>
        <code value="1018"/>
        <display value="Urology"/>
        <equivalence value="specializes"/>
      </target>
      <target>
        <code value="1019"/>
        <display value="Allergology and clinical immunology"/>
        <equivalence value="specializes"/>
      </target>
      <target>
        <code value="1020"/>
        <display value="Occupational medicine"/>
        <equivalence value="specializes"/>
      </target>
      <target>
        <code value="1021"/>
        <display value="Dermatology and venereology"/>
        <equivalence value="specializes"/>
      </target>
      <target>
        <code value="1022"/>
        <display value="Endocrinology &#x2013; Diabetology"/>
        <equivalence value="specializes"/>
      </target>
      <target>
        <code value="1023"/>
        <display value="Gastroenterology"/>
        <equivalence value="specializes"/>
      </target>
      <target>
        <code value="1024"/>
        <display value="Haematology"/>
        <equivalence value="specializes"/>
      </target>
      <target>
        <code value="1025"/>
        <display value="Cardiology"/>
        <equivalence value="specializes"/>
      </target>
      <target>
        <code value="1026"/>
        <display value="Oral and maxillofacial surgery"/>
        <equivalence value="specializes"/>
      </target>
      <target>
        <code value="1027"/>
        <display value="Child and adolescent psychiatry and psychotherapy"/>
        <equivalence value="specializes"/>
      </target>
      <target>
        <code value="1028"/>
        <display value="Paediatric surgery"/>
        <equivalence value="specializes"/>
      </target>
      <target>
        <code value="1029"/>
        <display value="Clinical pharmacology and toxicology"/>
        <equivalence value="specializes"/>
      </target>
      <target>
        <code value="1030"/>
        <display value="Radiology"/>
        <equivalence value="specializes"/>
      </target>
      <target>
        <code value="1031"/>
        <display value="Nuclear medicine"/>
        <equivalence value="specializes"/>
      </target>
      <target>
        <code value="1032"/>
        <display value="Radio-oncology / radiotherapy"/>
        <equivalence value="specializes"/>
      </target>
      <target>
        <code value="1033"/>
        <display value="Nephrology"/>
        <equivalence value="specializes"/>
      </target>
      <target>
        <code value="1034"/>
        <display value="Physical medicine and rehabilitation"/>
        <equivalence value="specializes"/>
      </target>
      <target>
        <code value="1035"/>
        <display value="Plastic, reconstructive and aesthetic surgery"/>
        <equivalence value="specializes"/>
      </target>
      <target>
        <code value="1036"/>
        <display value="Prevention and public health"/>
        <equivalence value="specializes"/>
      </target>
      <target>
        <code value="1037"/>
        <display value="Rheumatology"/>
        <equivalence value="specializes"/>
      </target>
      <target>
        <code value="1038"/>
        <display value="Tropical and travel medicine"/>
        <equivalence value="specializes"/>
      </target>
      <target>
        <code value="1039"/>
        <display value="Infectology"/>
        <equivalence value="specializes"/>
      </target>
      <target>
        <code value="1040"/>
        <display value="General medical practitioner"/>
        <equivalence value="specializes"/>
      </target>
      <target>
        <code value="1041"/>
        <display value="Angiology"/>
        <equivalence value="specializes"/>
      </target>
      <target>
        <code value="1042"/>
        <display value="Intensive care medicine"/>
        <equivalence value="specializes"/>
      </target>
      <target>
        <code value="1043"/>
        <display value="Medical genetics"/>
        <equivalence value="specializes"/>
      </target>
      <target>
        <code value="1044"/>
        <display value="Medical oncology"/>
        <equivalence value="specializes"/>
      </target>
      <target>
        <code value="1045"/>
        <display value="Pharmaceutical medicine"/>
        <equivalence value="specializes"/>
      </target>
      <target>
        <code value="1046"/>
        <display value="Forensic medicine"/>
        <equivalence value="specializes"/>
      </target>
      <target>
        <code value="1051"/>
        <display value="General internal medicine"/>
        <equivalence value="specializes"/>
      </target>
      <target>
        <code value="1059"/>
        <display value="Hand surgery"/>
        <equivalence value="specializes"/>
      </target>
      <target>
        <code value="1060"/>
        <display value="Vascular surgery"/>
        <equivalence value="specializes"/>
      </target>
      <target>
        <code value="1061"/>
        <display value="Thoracic surgery"/>
        <equivalence value="specializes"/>
      </target>
    </element>
  </group>
  <group>
    <source value="http://snomed.info/sct"/>
    <target value="urn:oid:2.16.756.5.30.1.127.3.5"/>
    <element>
      <code value="3842006"/>
      <display value="Chiropractor (occupation)"/>
      <target>
        <code value="1011"/>
        <display value="Chiropractic specialist"/>
        <equivalence value="specializes"/>
      </target>
    </element>
  </group>
  <group>
    <source value="http://snomed.info/sct"/>
    <target value="urn:oid:2.16.756.5.30.1.127.3.5"/>
    <element>
      <code value="59944000"/>
      <display value="Psychologist (occupation)"/>
      <target>
        <code value="1054"/>
        <display value="Psychotherapy"/>
        <equivalence value="specializes"/>
      </target>
      <target>
        <code value="1055"/>
        <display value="Child and adolescent psychology"/>
        <equivalence value="specializes"/>
      </target>
      <target>
        <code value="1056"/>
        <display value="Clinical psychology"/>
        <equivalence value="specializes"/>
      </target>
      <target>
        <code value="1057"/>
        <display value="Neuropsychology"/>
        <equivalence value="specializes"/>
      </target>
      <target>
        <code value="1058"/>
        <display value="Health psychology"/>
        <equivalence value="specializes"/>
      </target>
    </element>
  </group>
  <group>
    <source value="http://snomed.info/sct"/>
    <target value="urn:oid:2.16.756.5.30.1.127.3.5"/>
    <element>
      <code value="106289002"/>
      <display value="Dentist (occupation)"/>
      <target>
        <code value="1010"/>
        <display value="Orthodontics"/>
        <equivalence value="specializes"/>
      </target>
      <target>
        <code value="1047"/>
        <display value="Oral surgery"/>
        <equivalence value="specializes"/>
      </target>
      <target>
        <code value="1048"/>
        <display value="Paradontology"/>
        <equivalence value="specializes"/>
      </target>
      <target>
        <code value="1049"/>
        <display value="Reconstructive dentistry"/>
        <equivalence value="specializes"/>
      </target>
    </element>
  </group>
</ConceptMap>