{
  "resourceType": "PractitionerRole",
  "id": "NotificationContactHansRoentgen",
  "meta": {
    "profile": [
      "http://fhir.ch/ig/ch-core/StructureDefinition/ch-core-practitionerrole"
    ]
  },
  "text": {
    "status": "generated",
    "div": "<div xmlns=\"http://www.w3.org/1999/xhtml\"><p><b>Generated Narrative</b></p><p><b>practitioner</b>: <a href=\"Practitioner-NotificationContactHansRoentgen.html\">Generated Summary: Hans Röntgen ; Phone: 044 412 00 99, hans.roentgen@kantonsspital.ch</a></p></div>"
  },
  "practitioner": {
    "reference": "Practitioner/NotificationContactHansRoentgen"
  }
}