<?xml version="1.0" encoding="UTF-8"?><CodeSystem xmlns="http://hl7.org/fhir"><id value="ch-vacd-exposure-risks-cs"/><text><status value="generated"/><div xmlns="http://www.w3.org/1999/xhtml"><p>This code system <code>http://fhir.ch/ig/ch-vacd/CodeSystem/ch-vacd-exposure-risks-cs</code> defines the following code:</p><table class="codes"><tr><td style="white-space:nowrap"><b>Code</b></td><td><b>Display</b></td></tr><tr><td style="white-space:nowrap">100002<a name="ch-vacd-exposure-risks-cs-100002"> </a></td><td>Social workers, prison staff, police with frequent contact with drug users</td></tr></table><p><b>Additional Language Displays</b></p><table class="codes"><tr><td><b>Code</b></td><td><b>Deutsch (Schweiz) (German (Switzerland), de)</b></td><td><b>English (United States) (English (United States), en)</b></td><td><b>French (Switzerland) (fr)</b></td><td><b>Italian (Switzerland) (it)</b></td><td><b>rm</b></td></tr><tr><td>100002</td><td>Sozialarbeiter, Gefängnispersonal, Polizei mit häufigem Kontakt zu Drogenkonsumenten</td><td>Social workers, prison staff, police with frequent contact with drug users</td><td>Travailleurs sociaux, personnel des prisons et de la police en contact fréquent avec des consommateurs de drogues</td><td>Social workers, prison staff, police with frequent contact with drug users</td><td>Social workers, prison staff, police with frequent contact with drug users</td></tr></table></div></text><extension url="http://hl7.org/fhir/StructureDefinition/resource-effectivePeriod"><valuePeriod><start value="2021-01-24T00:00:00+01:00"/></valuePeriod></extension><url value="http://fhir.ch/ig/ch-vacd/CodeSystem/ch-vacd-exposure-risks-cs"/><identifier><use value="official"/><system value="http://fhir.ch/ig/ch-vacd/cs/ch-vacd-exposure-risks-cs"/><value value="ch-vacd-exposure-risks-cs"/></identifier><version value="4.0.0-ballot"/><name value="SwissExposureRisksCodesystem"/><title value="Swiss Exposure Risks Codesystem"/><status value="active"/><experimental value="false"/><date value="2023-06-29T17:17:43+02:00"/><publisher value="HL7 Switzerland"/><contact><name value="HL7 Switzerland"/><telecom><system value="url"/><value value="https://www.hl7.ch/"/></telecom></contact><description value="Exposure risks codes available in Switzerland."/><jurisdiction><coding><system value="urn:iso:std:iso:3166"/><code value="CHE"/></coding></jurisdiction><copyright value="CC0-1.0"/><caseSensitive value="true"/><content value="complete"/><count value="1"/><concept><code value="100002"/><display value="Social workers, prison staff, police with frequent contact with drug users"/><designation><language value="de-CH"/><value value="Sozialarbeiter, Gefängnispersonal, Polizei mit häufigem Kontakt zu Drogenkonsumenten"/></designation><designation><language value="fr-CH"/><value value="Travailleurs sociaux, personnel des prisons et de la police en contact fréquent avec des consommateurs de drogues"/></designation><designation><language value="it-CH"/><value value="Social workers, prison staff, police with frequent contact with drug users"/></designation><designation><language value="rm-CH"/><value value="Social workers, prison staff, police with frequent contact with drug users"/></designation><designation><language value="en-US"/><value value="Social workers, prison staff, police with frequent contact with drug users"/></designation></concept></CodeSystem>