<?xml version="1.0" encoding="UTF-8"?><CodeSystem xmlns="http://hl7.org/fhir"><id value="nkrs-pt"/><text><status value="generated"/><div xmlns="http://www.w3.org/1999/xhtml"><h2>NKRS - pT</h2><div><p>This data item records the extent of the primary tumour based on pathological (histological) evidence after completion of surgical therapy.           <strong>pT (Variable number: 4.8)</strong> in          &#39;NATIONAL CANCER DATA DICTIONARY, V 1.1, Part A, BASIC VARIABLES for Adults, Adolescents, and Children&#39; see           <a href="https://www.nkrs.ch">Nationale Krebsregistrierungsstelle</a> &gt; Partner im Gesundheitswesen &gt;         <a href="https://www.nicer.org/assets/files/krebsregistrierung/datadictionary_e-g-f-i.zip">Information, Grundlagen und Datenstruktur zum KRG</a>.</p>
</div><p>This code system http://fhir.ch/ig/ch-crl/CodeSystem/nkrs-pt defines the following codes:</p><table class="codes"><tr><td style="white-space:nowrap"><b>Code</b></td><td><b>Display</b></td><td><b>Definition</b></td></tr><tr><td style="white-space:nowrap">X<a name="nkrs-pt-X"> </a></td><td>pTX</td><td/></tr><tr><td style="white-space:nowrap">0<a name="nkrs-pt-0"> </a></td><td>pT0</td><td/></tr><tr><td style="white-space:nowrap">is<a name="nkrs-pt-is"> </a></td><td>pTis</td><td/></tr><tr><td style="white-space:nowrap">is_DCIS<a name="nkrs-pt-is_DCIS"> </a></td><td>pTis_DCIS</td><td/></tr><tr><td style="white-space:nowrap">is_LCIS<a name="nkrs-pt-is_LCIS"> </a></td><td>pTis_LCIS</td><td/></tr><tr><td style="white-space:nowrap">is_Paget<a name="nkrs-pt-is_Paget"> </a></td><td>pTis_Paget</td><td/></tr><tr><td style="white-space:nowrap">is_pu<a name="nkrs-pt-is_pu"> </a></td><td>pTis_pu</td><td/></tr><tr><td style="white-space:nowrap">is(LAMN)<a name="nkrs-pt-is.40LAMN.41"> </a></td><td>pTis (LAMN)</td><td/></tr><tr><td style="white-space:nowrap">a<a name="nkrs-pt-a"> </a></td><td>pTa</td><td/></tr><tr><td style="white-space:nowrap">1<a name="nkrs-pt-1"> </a></td><td>pT1</td><td/></tr><tr><td style="white-space:nowrap">1a<a name="nkrs-pt-1a"> </a></td><td>pT1a</td><td/></tr><tr><td style="white-space:nowrap">1a1<a name="nkrs-pt-1a1"> </a></td><td>pT1a1</td><td/></tr><tr><td style="white-space:nowrap">1a2<a name="nkrs-pt-1a2"> </a></td><td>pT1a2</td><td/></tr><tr><td style="white-space:nowrap">1b<a name="nkrs-pt-1b"> </a></td><td>pT1b</td><td/></tr><tr><td style="white-space:nowrap">1b1<a name="nkrs-pt-1b1"> </a></td><td>pT1b1</td><td/></tr><tr><td style="white-space:nowrap">1b2<a name="nkrs-pt-1b2"> </a></td><td>pT1b2</td><td/></tr><tr><td style="white-space:nowrap">1c<a name="nkrs-pt-1c"> </a></td><td>pT1c</td><td/></tr><tr><td style="white-space:nowrap">1c1<a name="nkrs-pt-1c1"> </a></td><td>pT1c1</td><td/></tr><tr><td style="white-space:nowrap">1c2<a name="nkrs-pt-1c2"> </a></td><td>pT1c2</td><td/></tr><tr><td style="white-space:nowrap">1c3<a name="nkrs-pt-1c3"> </a></td><td>pT1c3</td><td/></tr><tr><td style="white-space:nowrap">1d<a name="nkrs-pt-1d"> </a></td><td>pT1d</td><td/></tr><tr><td style="white-space:nowrap">1mi<a name="nkrs-pt-1mi"> </a></td><td>pT1mi</td><td/></tr><tr><td style="white-space:nowrap">2<a name="nkrs-pt-2"> </a></td><td>pT2</td><td/></tr><tr><td style="white-space:nowrap">2a<a name="nkrs-pt-2a"> </a></td><td>pT2a</td><td/></tr><tr><td style="white-space:nowrap">2a1<a name="nkrs-pt-2a1"> </a></td><td>pT2a1</td><td/></tr><tr><td style="white-space:nowrap">2a2<a name="nkrs-pt-2a2"> </a></td><td>pT2a2</td><td/></tr><tr><td style="white-space:nowrap">2b<a name="nkrs-pt-2b"> </a></td><td>pT2b</td><td/></tr><tr><td style="white-space:nowrap">2c<a name="nkrs-pt-2c"> </a></td><td>pT2c</td><td/></tr><tr><td style="white-space:nowrap">2d<a name="nkrs-pt-2d"> </a></td><td>pT2d</td><td/></tr><tr><td style="white-space:nowrap">3<a name="nkrs-pt-3"> </a></td><td>pT3</td><td/></tr><tr><td style="white-space:nowrap">3a<a name="nkrs-pt-3a"> </a></td><td>pT3a</td><td/></tr><tr><td style="white-space:nowrap">3b<a name="nkrs-pt-3b"> </a></td><td>pT3b</td><td/></tr><tr><td style="white-space:nowrap">3c<a name="nkrs-pt-3c"> </a></td><td>pT3c</td><td/></tr><tr><td style="white-space:nowrap">3d<a name="nkrs-pt-3d"> </a></td><td>pT3d</td><td/></tr><tr><td style="white-space:nowrap">3e<a name="nkrs-pt-3e"> </a></td><td>pT3e</td><td/></tr><tr><td style="white-space:nowrap">4<a name="nkrs-pt-4"> </a></td><td>pT4</td><td/></tr><tr><td style="white-space:nowrap">4a<a name="nkrs-pt-4a"> </a></td><td>pT4a</td><td/></tr><tr><td style="white-space:nowrap">4b<a name="nkrs-pt-4b"> </a></td><td>pT4b</td><td/></tr><tr><td style="white-space:nowrap">4c<a name="nkrs-pt-4c"> </a></td><td>pT4c</td><td/></tr><tr><td style="white-space:nowrap">4d<a name="nkrs-pt-4d"> </a></td><td>pT4d</td><td/></tr><tr><td style="white-space:nowrap">4e<a name="nkrs-pt-4e"> </a></td><td>pT4e</td><td/></tr></table></div></text><url value="http://fhir.ch/ig/ch-crl/CodeSystem/nkrs-pt"/><version value="0.2.1"/><name value="NkrspT"/><title value="NKRS - pT"/><status value="draft"/><date value="2019-11-08T00:00:00+01:00"/><publisher value="NKRS - Nationale Krebsregistrierungsstelle"/><contact><name value="Foundation National Institute for Cancer Epidemiology and Registration (NICER)"/><telecom><system value="url"/><value value="https://www.nicer.org/"/></telecom></contact><description value="This data item records the extent of the primary tumour based on pathological (histological) evidence after completion of surgical therapy.           **pT (Variable number: 4.8)** in          \&#39;NATIONAL CANCER DATA DICTIONARY, V 1.1, Part A, BASIC VARIABLES for Adults, Adolescents, and Children\&#39; see           [Nationale Krebsregistrierungsstelle](https://www.nkrs.ch) &gt; Partner im Gesundheitswesen &gt;         [Information, Grundlagen und Datenstruktur zum KRG](https://www.nicer.org/assets/files/krebsregistrierung/datadictionary_e-g-f-i.zip)."/><caseSensitive value="true"/><valueSet value="http://fhir.ch/ig/ch-crl/ValueSet/nkrs-pt"/><content value="complete"/><concept><code value="X"/><display value="pTX"/></concept><concept><code value="0"/><display value="pT0"/></concept><concept><code value="is"/><display value="pTis"/></concept><concept><code value="is_DCIS"/><display value="pTis_DCIS"/></concept><concept><code value="is_LCIS"/><display value="pTis_LCIS"/></concept><concept><code value="is_Paget"/><display value="pTis_Paget"/></concept><concept><code value="is_pu"/><display value="pTis_pu"/></concept><concept><code value="is(LAMN)"/><display value="pTis (LAMN)"/></concept><concept><code value="a"/><display value="pTa"/></concept><concept><code value="1"/><display value="pT1"/></concept><concept><code value="1a"/><display value="pT1a"/></concept><concept><code value="1a1"/><display value="pT1a1"/></concept><concept><code value="1a2"/><display value="pT1a2"/></concept><concept><code value="1b"/><display value="pT1b"/></concept><concept><code value="1b1"/><display value="pT1b1"/></concept><concept><code value="1b2"/><display value="pT1b2"/></concept><concept><code value="1c"/><display value="pT1c"/></concept><concept><code value="1c1"/><display value="pT1c1"/></concept><concept><code value="1c2"/><display value="pT1c2"/></concept><concept><code value="1c3"/><display value="pT1c3"/></concept><concept><code value="1d"/><display value="pT1d"/></concept><concept><code value="1mi"/><display value="pT1mi"/></concept><concept><code value="2"/><display value="pT2"/></concept><concept><code value="2a"/><display value="pT2a"/></concept><concept><code value="2a1"/><display value="pT2a1"/></concept><concept><code value="2a2"/><display value="pT2a2"/></concept><concept><code value="2b"/><display value="pT2b"/></concept><concept><code value="2c"/><display value="pT2c"/></concept><concept><code value="2d"/><display value="pT2d"/></concept><concept><code value="3"/><display value="pT3"/></concept><concept><code value="3a"/><display value="pT3a"/></concept><concept><code value="3b"/><display value="pT3b"/></concept><concept><code value="3c"/><display value="pT3c"/></concept><concept><code value="3d"/><display value="pT3d"/></concept><concept><code value="3e"/><display value="pT3e"/></concept><concept><code value="4"/><display value="pT4"/></concept><concept><code value="4a"/><display value="pT4a"/></concept><concept><code value="4b"/><display value="pT4b"/></concept><concept><code value="4c"/><display value="pT4c"/></concept><concept><code value="4d"/><display value="pT4d"/></concept><concept><code value="4e"/><display value="pT4e"/></concept></CodeSystem>