<?xml version="1.0" encoding="UTF-8"?>

<ValueSet xmlns="http://hl7.org/fhir">
  <id value="bfs-medstats-20-encounterclass"/>
  <text>
    <status value="generated"/><div xmlns="http://www.w3.org/1999/xhtml"><h2>BFS Medizinische Statistik - 20 1.3.V01 - Behandlungsart / Type de prise en charge / Genere di trattamento</h2><div><p>BFS defines variables for medical statistic (german, french, italian) see <a href="https://www.bfs.admin.ch/bfs/de/home/statistiken/kataloge-datenbanken/publikationen.assetdetail.7066232.html">BFS</a>. Angabe der Behandlungsart</p>
</div><ul><li>Include these codes as defined in <a href="CodeSystem-bfs-medstats-20-encounterclass.html"><code>http://fhir.ch/ig/ch-core/CodeSystem/bfs-medstats-20-encounterclass</code></a><table class="none"><tr><td style="white-space:nowrap"><b>Code</b></td><td><b>Display</b></td></tr><tr><td><a href="CodeSystem-bfs-medstats-20-encounterclass.html#bfs-medstats-20-encounterclass-1">1</a></td><td>ambulant</td><td/></tr><tr><td><a href="CodeSystem-bfs-medstats-20-encounterclass.html#bfs-medstats-20-encounterclass-3">3</a></td><td>stationär</td><td/></tr><tr><td><a href="CodeSystem-bfs-medstats-20-encounterclass.html#bfs-medstats-20-encounterclass-9">9</a></td><td>unbekannt</td><td/></tr></table></li></ul><p><b>Additional Language Displays</b></p><table class="codes"><tr><td><b>Code</b></td><td><b>Deutsch (Schweiz) (German (Switzerland), de)</b></td><td><b>French (Switzerland) (fr)</b></td><td><b>Italian (Switzerland) (it)</b></td></tr><tr><td>1</td><td>ambulant</td><td>Ambulatoire</td><td>ambulatoriale</td></tr><tr><td>3</td><td>stationär</td><td>Hospitalisation</td><td>stazionario</td></tr><tr><td>9</td><td>unbekannt</td><td>Inconnu</td><td>sconosciuto</td></tr></table></div>
  </text>
  <url value="http://fhir.ch/ig/ch-core/ValueSet/bfs-medstats-20-encounterclass"/>
  <version value="1.0.0"/>
  <name value="BfsMedstats20Encounterclass"/>
  <title value="BFS Medizinische Statistik - 20 1.3.V01 - Behandlungsart / Type de prise en charge / Genere di trattamento"/>
  <status value="draft"/>
  <date value="2019-01-01T00:00:00+01:00"/>
  <publisher value="HL7 Switzerland"/>
  <contact>
    <name value="HL7 Switzerland"/>
    <telecom>
      <system value="url"/>
      <value value="https://www.hl7.ch/"/>
    </telecom>
  </contact>
  <description value="BFS defines variables for medical statistic (german, french, italian) see [BFS](https://www.bfs.admin.ch/bfs/de/home/statistiken/kataloge-datenbanken/publikationen.assetdetail.7066232.html). Angabe der Behandlungsart"/>
  <jurisdiction>
    <coding>
      <system value="urn:iso:std:iso:3166"/>
      <code value="CH"/>
    </coding>
  </jurisdiction>
  <compose>
    <include>
      <system value="http://fhir.ch/ig/ch-core/CodeSystem/bfs-medstats-20-encounterclass"/>
      <concept>
        <code value="1"/>
        <display value="ambulant"/>
        <designation>
          <language value="de-CH"/>
          <value value="ambulant"/>
        </designation>
        <designation>
          <language value="fr-CH"/>
          <value value="Ambulatoire"/>
        </designation>
        <designation>
          <language value="it-CH"/>
          <value value="ambulatoriale"/>
        </designation>
      </concept>
      <concept>
        <code value="3"/>
        <display value="stationa&#x308;r"/>
        <designation>
          <language value="de-CH"/>
          <value value="stationa&#x308;r"/>
        </designation>
        <designation>
          <language value="fr-CH"/>
          <value value="Hospitalisation"/>
        </designation>
        <designation>
          <language value="it-CH"/>
          <value value="stazionario"/>
        </designation>
      </concept>
      <concept>
        <code value="9"/>
        <display value="unbekannt"/>
        <designation>
          <language value="de-CH"/>
          <value value="unbekannt"/>
        </designation>
        <designation>
          <language value="fr-CH"/>
          <value value="Inconnu"/>
        </designation>
        <designation>
          <language value="it-CH"/>
          <value value="sconosciuto"/>
        </designation>
      </concept>
    </include>
  </compose>
</ValueSet>