{
  "resourceType" : "AllergyIntolerance",
  "id" : "CH-AllergyIntolerance-Usecase-2",
  "text" : {
    "status" : "extensions",
    "div" : "<div xmlns=\"http://www.w3.org/1999/xhtml\"><p><b>Generated Narrative: AllergyIntolerance</b><a name=\"CH-AllergyIntolerance-Usecase-2\"> </a><a name=\"hcCH-AllergyIntolerance-Usecase-2\"> </a></p><div style=\"display: inline-block; background-color: #d9e0e7; padding: 6px; margin: 4px; border: 1px solid #8da1b4; border-radius: 5px; line-height: 60%\"><p style=\"margin-bottom: 0px\">ResourceAllergyIntolerance &quot;CH-AllergyIntolerance-Usecase-2&quot; </p></div><p><b>Allergy abatement date</b>: 2022-02-07</p><p><b>clinicalStatus</b>: Active <span style=\"background: LightGoldenRodYellow; margin: 4px; border: 1px solid khaki\"> (<a href=\"http://terminology.hl7.org/5.5.0/CodeSystem-allergyintolerance-clinical.html\">AllergyIntolerance Clinical Status Codes</a>#active)</span></p><p><b>verificationStatus</b>: Unconfirmed <span style=\"background: LightGoldenRodYellow; margin: 4px; border: 1px solid khaki\"> (<a href=\"http://terminology.hl7.org/5.5.0/CodeSystem-allergyintolerance-verification.html\">AllergyIntolerance Verification Status</a>#unconfirmed)</span></p><p><b>type</b>: allergy</p><p><b>category</b>: medication</p><p><b>criticality</b>: low</p><p><b>code</b>: Allergy to thiazide (finding) <span style=\"background: LightGoldenRodYellow; margin: 4px; border: 1px solid khaki\"> (<a href=\"https://browser.ihtsdotools.org/\">SNOWMED CT</a>#860765003)</span></p><p><b>patient</b>: <a href=\"Patient-ElisabethBroennimannByBFH.html\">Patient/ElisabethBroennimannByBFH</a> &quot; BRÖNNIMANN-BERTHOLET&quot;</p><h3>Reactions</h3><table class=\"grid\"><tr><td style=\"display: none\">-</td><td><b>Substance</b></td><td><b>Manifestation</b></td><td><b>Severity</b></td><td><b>ExposureRoute</b></td></tr><tr><td style=\"display: none\">*</td><td>Hydrochlorothiazide (substance) <span style=\"background: LightGoldenRodYellow; margin: 4px; border: 1px solid khaki\"> (<a href=\"https://browser.ihtsdotools.org/\">SNOWMED CT</a>#387525002)</span></td><td>Urticaria (disorder) <span style=\"background: LightGoldenRodYellow; margin: 4px; border: 1px solid khaki\"> (<a href=\"https://browser.ihtsdotools.org/\">SNOWMED CT</a>#126485001)</span></td><td>moderate</td><td>Oral route (qualifier value) <span style=\"background: LightGoldenRodYellow; margin: 4px; border: 1px solid khaki\"> (<a href=\"https://browser.ihtsdotools.org/\">SNOWMED CT</a>#26643006)</span></td></tr></table></div>"
  },
  "extension" : [{
    "url" : "http://hl7.org/fhir/uv/ips/StructureDefinition/abatement-dateTime-uv-ips",
    "valueDateTime" : "2022-02-07"
  }],
  "clinicalStatus" : {
    "coding" : [{
      "system" : "http://terminology.hl7.org/CodeSystem/allergyintolerance-clinical",
      "code" : "active",
      "display" : "Active"
    }]
  },
  "verificationStatus" : {
    "coding" : [{
      "system" : "http://terminology.hl7.org/CodeSystem/allergyintolerance-verification",
      "code" : "unconfirmed",
      "display" : "Unconfirmed"
    }]
  },
  "type" : "allergy",
  "category" : ["medication"],
  "criticality" : "low",
  "code" : {
    "coding" : [{
      "system" : "http://snomed.info/sct",
      "code" : "860765003",
      "display" : "Allergy to thiazide (finding)"
    }]
  },
  "patient" : {
    "reference" : "Patient/ElisabethBroennimannByBFH"
  },
  "reaction" : [{
    "substance" : {
      "coding" : [{
        "system" : "http://snomed.info/sct",
        "code" : "387525002",
        "display" : "Hydrochlorothiazide (substance)"
      }]
    },
    "manifestation" : [{
      "coding" : [{
        "system" : "http://snomed.info/sct",
        "code" : "126485001",
        "display" : "Urticaria (disorder)"
      }]
    }],
    "severity" : "moderate",
    "exposureRoute" : {
      "coding" : [{
        "system" : "http://snomed.info/sct",
        "code" : "26643006",
        "display" : "Oral route (qualifier value)"
      }]
    }
  }]
}