<?xml version="1.0" encoding="UTF-8"?>

<Composition xmlns="http://hl7.org/fhir">
  <id value="C-D4-HCP2-C2-Composition"/>
  <meta>
    <profile value="http://fhir.ch/ig/ch-vacd/StructureDefinition/ch-vacd-composition-immunization-administration"/>
  </meta>
  <language value="en-US"/>
  <text>
    <status value="generated"/><div xmlns="http://www.w3.org/1999/xhtml" xml:lang="en-US" lang="en-US"><h3>Immunization Administration</h3><p><b>Id: </b>C-D4-HCP2-C2-Composition</p><p><b>Identifier: </b><span>urn:ietf:rfc:3986#urn:uuid:9686dae0-448c-49f8-9c78-2db1aa95b921</span></p><p><b>Status: </b>Final</p><p><b>Code: </b><span>Immunization record (http://snomed.info/sct#41000179103)</span></p><p><b>Patient: </b><a href="Patient-TC-patient2.html">Patient/TC-patient2</a> Knecht Lea</p><p><b>Date: </b>August 20, 2021</p><p><b>Authors:</b></p><table><tr><td><p><a href="Practitioner-TC-HCP2-C2.html">Practitioner/TC-HCP2-C2</a> Gesund Meist</p><p><a href="Organization-TC-ORG2.html">Organization/TC-ORG2</a> Praxis Dr. Gesund</p></td></tr></table><p><b>Confidentiality: </b>null<span> Normal (qualifier value) (http://snomed.info/sct#17621005)</span></p><p><b>Sections:</b></p><table><tr><td>Medical Problems</td></tr></table></div>
  </text>
  <identifier>
    <system value="urn:ietf:rfc:3986"/>
    <value value="urn:uuid:9686dae0-448c-49f8-9c78-2db1aa95b921"/>
  </identifier>
  <status value="final"/>
  <type>
    <coding>
      <system value="http://snomed.info/sct"/>
      <code value="41000179103"/>
      <display value="Immunization record"/>
    </coding>
  </type>
  <category>
    <coding>
      <system value="urn:oid:2.16.756.5.30.1.127.3.10.10"/>
      <code value="urn:che:epr:ch-vacd:immunization-administration:2022"/>
    </coding>
  </category>
  <subject>
    <reference value="Patient/TC-patient2"/>
  </subject>
  <date value="2021-08-20T00:00:00.390+02:00"/>
  <author>
    <reference value="PractitionerRole/TC-HCP2-ORG2-ROLE-author"/>
  </author>
  <title value="Immunization Administration"/>
  <confidentiality value="N">
    <extension url="http://fhir.ch/ig/ch-core/StructureDefinition/ch-ext-epr-confidentialitycode">
      <valueCodeableConcept>
        <coding>
          <system value="http://snomed.info/sct"/>
          <code value="17621005"/>
          <display value="Normal (qualifier value)"/>
        </coding>
      </valueCodeableConcept>
    </extension>
  </confidentiality>
  <custodian>
    <reference value="Organization/TC-ORG2"/>
  </custodian>
  <section id="medicalproblems">
    <title value="Medical Problems"/>
    <code>
      <coding>
        <system value="http://loinc.org"/>
        <code value="11450-4"/>
        <display value="Problem list Reported"/>
      </coding>
    </code>
    <text>
      <status value="generated"/><div xmlns="http://www.w3.org/1999/xhtml" xml:lang="en-US" lang="en-US"><p><b>Code: </b><span>Problem list Reported (http://loinc.org#11450-4)</span></p><p><b>Entries:</b></p><table><tr><td><a href="Condition-TCC04-EXPRISK1.html">Condition/TCC04-EXPRISK1</a></td></tr></table></div>
    </text>
    <entry>
      <reference value="Condition/TCC04-EXPRISK1"/>
    </entry>
  </section>
</Composition>