<?xml version="1.0" encoding="UTF-8"?><CodeSystem xmlns="http://hl7.org/fhir"><id value="EprAuditTrailConsumptionEventType"/><text><status value="generated"/><div xmlns="http://www.w3.org/1999/xhtml"><h2>EprAuditTrailConsumptionEventType</h2><div><p>Audit Trail Consumption Event Types for CH:ATC</p>
</div><p>This code system urn:oid:2.16.756.5.30.1.127.3.10.7 defines the following codes:</p><table class="codes"><tr><td style="white-space:nowrap"><b>Code</b></td><td><b>Display</b></td><td><b>Definition</b></td></tr><tr><td style="white-space:nowrap">ATC_DOC_CREATE<a name="EprAuditTrailConsumptionEventType-ATC_DOC_CREATE"> </a></td><td>Document upload</td><td/></tr><tr><td style="white-space:nowrap">ATC_DOC_READ<a name="EprAuditTrailConsumptionEventType-ATC_DOC_READ"> </a></td><td>Document retrieval</td><td/></tr><tr><td style="white-space:nowrap">ATC_DOC_UPDATE<a name="EprAuditTrailConsumptionEventType-ATC_DOC_UPDATE"> </a></td><td>Document or Document Metadata update</td><td/></tr><tr><td style="white-space:nowrap">ATC_DOC_DELETE<a name="EprAuditTrailConsumptionEventType-ATC_DOC_DELETE"> </a></td><td>Document removal</td><td/></tr><tr><td style="white-space:nowrap">ATC_POL_CREATE_AUT_PART_AL<a name="EprAuditTrailConsumptionEventType-ATC_POL_CREATE_AUT_PART_AL"> </a></td><td>Authorize participants to access level/date</td><td/></tr><tr><td style="white-space:nowrap">ATC_POL_UPDATE_AUT_PART_AL<a name="EprAuditTrailConsumptionEventType-ATC_POL_UPDATE_AUT_PART_AL"> </a></td><td>Update access level/date of authorized participants</td><td/></tr><tr><td style="white-space:nowrap">ATC_POL_REMOVE_AUT_PART_AL<a name="EprAuditTrailConsumptionEventType-ATC_POL_REMOVE_AUT_PART_AL"> </a></td><td>Remove authorization for participants to access level/date</td><td/></tr><tr><td style="white-space:nowrap">ATC_POL_DEF_CONFLEVEL<a name="EprAuditTrailConsumptionEventType-ATC_POL_DEF_CONFLEVEL"> </a></td><td>Set or update the default Confidentiality Level for new documents</td><td/></tr><tr><td style="white-space:nowrap">ATC_POL_DIS_EMER_USE<a name="EprAuditTrailConsumptionEventType-ATC_POL_DIS_EMER_USE"> </a></td><td>Disabling Emergency Access</td><td/></tr><tr><td style="white-space:nowrap">ATC_POL_ENA_EMER_USE<a name="EprAuditTrailConsumptionEventType-ATC_POL_ENA_EMER_USE"> </a></td><td>Enabling Emergency Access</td><td/></tr><tr><td style="white-space:nowrap">ATC_POL_INCL_BLACKLIST<a name="EprAuditTrailConsumptionEventType-ATC_POL_INCL_BLACKLIST"> </a></td><td>Assign a Healthcare Professional to Blacklist</td><td/></tr><tr><td style="white-space:nowrap">ATC_POL_EXL_BLACKLIST<a name="EprAuditTrailConsumptionEventType-ATC_POL_EXL_BLACKLIST"> </a></td><td>Exclude a Healthcare Professional from Blacklist</td><td/></tr><tr><td style="white-space:nowrap">ATC_LOG_READ<a name="EprAuditTrailConsumptionEventType-ATC_LOG_READ"> </a></td><td>Accessing the Patient Audit Record Repository</td><td/></tr></table></div></text><url value="urn:oid:2.16.756.5.30.1.127.3.10.7"/><version value="1.2.0"/><name value="EprAuditTrailConsumptionEventType"/><title value="EprAuditTrailConsumptionEventType"/><status value="draft"/><experimental value="false"/><date value="2019-03-01T10:14:30+01:00"/><publisher value="eHealth Suisse"/><contact><name value="eHealth Suisse"/><telecom><system value="url"/><value value="www.e-health-suisse.ch"/></telecom></contact><description value="Audit Trail Consumption Event Types for CH:ATC"/><content value="complete"/><concept><code value="ATC_DOC_CREATE"/><display value="Document upload"/></concept><concept><code value="ATC_DOC_READ"/><display value="Document retrieval"/></concept><concept><code value="ATC_DOC_UPDATE"/><display value="Document or Document Metadata update"/></concept><concept><code value="ATC_DOC_DELETE"/><display value="Document removal"/></concept><concept><code value="ATC_POL_CREATE_AUT_PART_AL"/><display value="Authorize participants to access level/date"/></concept><concept><code value="ATC_POL_UPDATE_AUT_PART_AL"/><display value="Update access level/date of authorized participants"/></concept><concept><code value="ATC_POL_REMOVE_AUT_PART_AL"/><display value="Remove authorization for participants to access level/date"/></concept><concept><code value="ATC_POL_DEF_CONFLEVEL"/><display value="Set or update the default Confidentiality Level for new documents"/></concept><concept><code value="ATC_POL_DIS_EMER_USE"/><display value="Disabling Emergency Access"/></concept><concept><code value="ATC_POL_ENA_EMER_USE"/><display value="Enabling Emergency Access"/></concept><concept><code value="ATC_POL_INCL_BLACKLIST"/><display value="Assign a Healthcare Professional to Blacklist"/></concept><concept><code value="ATC_POL_EXL_BLACKLIST"/><display value="Exclude a Healthcare Professional from Blacklist"/></concept><concept><code value="ATC_LOG_READ"/><display value="Accessing the Patient Audit Record Repository"/></concept></CodeSystem>