{
  "resourceType" : "Medication",
  "id" : "MedicationWithTwoIngredients",
  "meta" : {
    "profile" : ["http://fhir.ch/ig/ch-emed-epr/StructureDefinition/ch-emed-epr-medication"]
  },
  "text" : {
    "status" : "generated",
    "div" : "<div xmlns=\"http://www.w3.org/1999/xhtml\"><p class=\"res-header-id\"><b>Generated Narrative: Medication MedicationWithTwoIngredients</b></p><a name=\"MedicationWithTwoIngredients\"> </a><a name=\"hcMedicationWithTwoIngredients\"> </a><div style=\"display: inline-block; background-color: #d9e0e7; padding: 6px; margin: 4px; border: 1px solid #8da1b4; border-radius: 5px; line-height: 60%\"><p style=\"margin-bottom: 0px\"/><p style=\"margin-bottom: 0px\">Profile: <a href=\"StructureDefinition-ch-emed-epr-medication.html\">CH EMED EPR Medication</a></p></div><p><b>code</b>: <span title=\"Codes:{urn:oid:2.51.1.1 7680577710149}\">Exforge 10/160mg</span></p><p><b>form</b>: <span title=\"Codes:{urn:oid:0.4.0.127.0.16.1.1.2.1 10219000}\">Tablet</span></p><p><b>amount</b>: 28 Quantity<span style=\"background: LightGoldenRodYellow\"> (Details: SNOMED CT  code246205007 = 'Quantity')</span>/1 Package<span style=\"background: LightGoldenRodYellow\"> (Details: SNOMED CT  code1681000175101 = 'Package - unit of product usage')</span></p><blockquote><p><b>ingredient</b></p><p><b>item</b>: <span title=\"Codes:{http://snomed.info/sct 386864001}\">Amlodipine (substance)</span></p><p><b>strength</b>: 10 milligram<span style=\"background: LightGoldenRodYellow\"> (Details: UCUM  codemg = 'mg')</span>/1 Tablet (unit of presentation)<span style=\"background: LightGoldenRodYellow\"> (Details: SNOMED CT  code732936001 = 'Tablet (unit of presentation)')</span></p></blockquote><blockquote><p><b>ingredient</b></p><p><b>item</b>: <span title=\"Codes:{http://snomed.info/sct 386876001}\">Valsartan (substance)</span></p><p><b>strength</b>: 160 milligram<span style=\"background: LightGoldenRodYellow\"> (Details: UCUM  codemg = 'mg')</span>/1 Tablet (unit of presentation)<span style=\"background: LightGoldenRodYellow\"> (Details: SNOMED CT  code732936001 = 'Tablet (unit of presentation)')</span></p></blockquote></div>"
  },
  "code" : {
    "coding" : [{
      "system" : "urn:oid:2.51.1.1",
      "code" : "7680577710149",
      "display" : "Exforge 10/160mg"
    }],
    "text" : "Exforge 10/160mg"
  },
  "form" : {
    "coding" : [{
      "system" : "urn:oid:0.4.0.127.0.16.1.1.2.1",
      "code" : "10219000",
      "display" : "Tablet"
    }],
    "text" : "Tablet"
  },
  "amount" : {
    "numerator" : {
      "value" : 28,
      "unit" : "Quantity",
      "system" : "http://snomed.info/sct",
      "code" : "246205007"
    },
    "denominator" : {
      "value" : 1,
      "unit" : "Package",
      "system" : "http://snomed.info/sct",
      "code" : "1681000175101"
    }
  },
  "ingredient" : [{
    "itemCodeableConcept" : {
      "coding" : [{
        "system" : "http://snomed.info/sct",
        "code" : "386864001",
        "display" : "Amlodipine (substance)"
      }],
      "text" : "Amlodipine (substance)"
    },
    "strength" : {
      "numerator" : {
        "value" : 10,
        "unit" : "milligram",
        "system" : "http://unitsofmeasure.org",
        "code" : "mg"
      },
      "denominator" : {
        "value" : 1,
        "unit" : "Tablet (unit of presentation)",
        "system" : "http://snomed.info/sct",
        "code" : "732936001"
      }
    }
  },
  {
    "itemCodeableConcept" : {
      "coding" : [{
        "system" : "http://snomed.info/sct",
        "code" : "386876001",
        "display" : "Valsartan (substance)"
      }],
      "text" : "Valsartan (substance)"
    },
    "strength" : {
      "numerator" : {
        "value" : 160,
        "unit" : "milligram",
        "system" : "http://unitsofmeasure.org",
        "code" : "mg"
      },
      "denominator" : {
        "value" : 1,
        "unit" : "Tablet (unit of presentation)",
        "system" : "http://snomed.info/sct",
        "code" : "732936001"
      }
    }
  }]
}