{
  "resourceType" : "Medication",
  "id" : "MedicationMarcoumar",
  "meta" : {
    "profile" : ["http://fhir.ch/ig/ch-emed-epr/StructureDefinition/ch-emed-epr-medication"]
  },
  "language" : "fr-CH",
  "text" : {
    "status" : "generated",
    "div" : "<div xmlns=\"http://www.w3.org/1999/xhtml\" xml:lang=\"fr-CH\" lang=\"fr-CH\"><p class=\"res-header-id\"><b>Generated Narrative: Medication MedicationMarcoumar</b></p><a name=\"MedicationMarcoumar\"> </a><a name=\"hcMedicationMarcoumar\"> </a><div style=\"display: inline-block; background-color: #d9e0e7; padding: 6px; margin: 4px; border: 1px solid #8da1b4; border-radius: 5px; line-height: 60%\"><p style=\"margin-bottom: 0px\">Language: fr-CH</p><p style=\"margin-bottom: 0px\">Profile: <a href=\"StructureDefinition-ch-emed-epr-medication.html\">CH EMED EPR Medication</a></p></div><p><b>code</b>: <span title=\"Codes:{http://www.whocc.no/atc B01AA04}\">Marcoumar cpr 3mg</span></p><p><b>form</b>: <span title=\"Codes:{urn:oid:0.4.0.127.0.16.1.1.2.1 10219000}\">Comprimé</span></p><blockquote><p><b>ingredient</b></p><p><b>item</b>: <span title=\"Codes:{http://snomed.info/sct 59488002}\">Phenprocoumon</span></p><p><b>isActive</b>: true</p><p><b>strength</b>: 3 mg<span style=\"background: LightGoldenRodYellow\"> (Details: UCUM  codemg = 'mg')</span>/1 comprimé<span style=\"background: LightGoldenRodYellow\"> (Details: SNOMED CT  code732936001 = 'Tablet (unit of presentation)')</span></p></blockquote><blockquote><p><b>ingredient</b></p><p><b>item</b>: <span title=\"Codes:\">Lactosum</span></p><p><b>isActive</b>: false</p><p><b>strength</b>: 80 mg<span style=\"background: LightGoldenRodYellow\"> (Details: UCUM  codemg = 'mg')</span>/1 comprimé<span style=\"background: LightGoldenRodYellow\"> (Details: SNOMED CT  code732936001 = 'Tablet (unit of presentation)')</span></p></blockquote><blockquote><p><b>ingredient</b></p><p><b>item</b>: <span title=\"Codes:\">Maydis amylum</span></p><p><b>isActive</b>: false</p></blockquote><blockquote><p><b>ingredient</b></p><p><b>item</b>: <span title=\"Codes:\">Talcum</span></p><p><b>isActive</b>: false</p></blockquote><blockquote><p><b>ingredient</b></p><p><b>item</b>: <span title=\"Codes:\">Magnesii stearas</span></p><p><b>isActive</b>: false</p></blockquote></div>"
  },
  "code" : {
    "coding" : [{
      "system" : "http://www.whocc.no/atc",
      "code" : "B01AA04",
      "display" : "Phenprocoumon"
    }],
    "text" : "Marcoumar cpr 3mg"
  },
  "form" : {
    "coding" : [{
      "system" : "urn:oid:0.4.0.127.0.16.1.1.2.1",
      "code" : "10219000",
      "display" : "Comprimé"
    }],
    "text" : "Comprimé"
  },
  "ingredient" : [{
    "itemCodeableConcept" : {
      "coding" : [{
        "system" : "http://snomed.info/sct",
        "code" : "59488002",
        "display" : "Phenprocoumon (substance)"
      }],
      "text" : "Phenprocoumon"
    },
    "isActive" : true,
    "strength" : {
      "numerator" : {
        "value" : 3,
        "unit" : "mg",
        "system" : "http://unitsofmeasure.org",
        "code" : "mg"
      },
      "denominator" : {
        "value" : 1,
        "unit" : "comprimé",
        "system" : "http://snomed.info/sct",
        "code" : "732936001"
      }
    }
  },
  {
    "itemCodeableConcept" : {
      "text" : "Lactosum"
    },
    "isActive" : false,
    "strength" : {
      "numerator" : {
        "value" : 80,
        "unit" : "mg",
        "system" : "http://unitsofmeasure.org",
        "code" : "mg"
      },
      "denominator" : {
        "value" : 1,
        "unit" : "comprimé",
        "system" : "http://snomed.info/sct",
        "code" : "732936001"
      }
    }
  },
  {
    "itemCodeableConcept" : {
      "text" : "Maydis amylum"
    },
    "isActive" : false
  },
  {
    "itemCodeableConcept" : {
      "text" : "Talcum"
    },
    "isActive" : false
  },
  {
    "itemCodeableConcept" : {
      "text" : "Magnesii stearas"
    },
    "isActive" : false
  }]
}