{
  "resourceType" : "ImmunizationRecommendation",
  "id" : "CHCoreImmunizationRecommendationExample",
  "meta" : {
    "profile" : ["http://fhir.ch/ig/ch-core/StructureDefinition/ch-core-immunization-recommendation"]
  },
  "text" : {
    "status" : "generated",
    "div" : "<div xmlns=\"http://www.w3.org/1999/xhtml\"><p class=\"res-header-id\"><b>Generated Narrative: ImmunizationRecommendation CHCoreImmunizationRecommendationExample</b></p><a name=\"CHCoreImmunizationRecommendationExample\"> </a><a name=\"hcCHCoreImmunizationRecommendationExample\"> </a><a name=\"CHCoreImmunizationRecommendationExample-en-US\"> </a><div style=\"display: inline-block; background-color: #d9e0e7; padding: 6px; margin: 4px; border: 1px solid #8da1b4; border-radius: 5px; line-height: 60%\"><p style=\"margin-bottom: 0px\"/><p style=\"margin-bottom: 0px\">Profile: <a href=\"StructureDefinition-ch-core-immunization-recommendation.html\">CH Core Immunization Recommendation</a></p></div><p><b>patient</b>: <a href=\"Patient-ImmunizationPatientExample.html\">Monika Wegmueller  Female, DoB: 1967-02-10 ( Medical record number)</a></p><p><b>date</b>: 2021-06-01 00:00:00+0200</p><p><b>authority</b>: <a href=\"Organization-ImmunizationOrganizationExample.html\">Organization Gruppenpraxis CH</a></p><blockquote><p><b>recommendation</b></p><p><b>vaccineCode</b>: <span title=\"Codes:{http://fhir.ch/ig/ch-vacd/CodeSystem/ch-vacd-swissmedic-cs 58317}\">Fluad</span></p><p><b>targetDisease</b>: <span title=\"Codes:{http://snomed.info/sct 63650001}\">Cholera (disorder)</span></p><p><b>forecastStatus</b>: <span title=\"Codes:{http://terminology.hl7.org/CodeSystem/immunization-recommendation-status due}\">Due</span></p><p><b>forecastReason</b>: <span title=\"Codes:{http://fhir.ch/ig/ch-vacd/CodeSystem/ch-vacd-recommendation-categories-cs 41503}\">Empfohlene Impfungen für Risikogruppen</span></p><h3>DateCriterions</h3><table class=\"grid\"><tr><td style=\"display: none\">-</td><td><b>Code</b></td><td><b>Value</b></td></tr><tr><td style=\"display: none\">*</td><td><span title=\"Codes:{http://loinc.org 30980-7}\">Date vaccine due</span></td><td>2021-06-01 00:00:00+0200</td></tr></table></blockquote></div>"
  },
  "patient" : {
    "reference" : "Patient/ImmunizationPatientExample"
  },
  "date" : "2021-06-01T00:00:00+02:00",
  "authority" : {
    "reference" : "Organization/ImmunizationOrganizationExample"
  },
  "recommendation" : [{
    "vaccineCode" : [{
      "coding" : [{
        "system" : "http://fhir.ch/ig/ch-vacd/CodeSystem/ch-vacd-swissmedic-cs",
        "code" : "58317",
        "display" : "Fluad"
      }]
    }],
    "targetDisease" : {
      "coding" : [{
        "system" : "http://snomed.info/sct",
        "code" : "63650001",
        "display" : "Cholera (disorder)"
      }]
    },
    "forecastStatus" : {
      "coding" : [{
        "system" : "http://terminology.hl7.org/CodeSystem/immunization-recommendation-status",
        "code" : "due"
      }]
    },
    "forecastReason" : [{
      "coding" : [{
        "system" : "http://fhir.ch/ig/ch-vacd/CodeSystem/ch-vacd-recommendation-categories-cs",
        "code" : "41503",
        "display" : "Empfohlene Impfungen für Risikogruppen"
      }]
    }],
    "dateCriterion" : [{
      "code" : {
        "coding" : [{
          "system" : "http://loinc.org",
          "code" : "30980-7",
          "display" : "Date vaccine due"
        }]
      },
      "value" : "2021-06-01T00:00:00+02:00"
    }]
  }]
}