<?xml version="1.0" encoding="UTF-8"?><StructureMap xmlns="http://hl7.org/fhir"><id value="CdaChEmedMedicationCardDocumentToBundle"/><text><status value="generated"/><div xmlns="http://www.w3.org/1999/xhtml">
         <pre>map &quot;http://fhir.ch/ig/cda-fhir-maps/StructureMap/CdaChEmedMedicationCardDocumentToBundle&quot; = &quot;CdaChEmedMedicationCardDocumentToBundle&quot;

// Medication Card document, 2.16.756.5.30.1.1.10.1.3
// 2020-01-09 Oliver Egger, copyright ahdis ag, Apache License
// CDA-CH-EMED:  https://art-decor.org/art-decor/decor-project--cdachemed-
// FHIR CH-EMED: http://fhir.ch/ig/ch-emed/index.html

uses &quot;http://hl7.org/fhir/cda/StructureDefinition/ClinicalDocument&quot; alias ClinicalDocument as source
uses &quot;http://hl7.org/fhir/cda/StructureDefinition/AssignedAuthor&quot; alias AssignedAuthor as source
uses &quot;http://hl7.org/fhir/cda/StructureDefinition/AssignedEntity&quot; alias AssignedEntity as source
uses &quot;http://hl7.org/fhir/cda/StructureDefinition/Author&quot; alias Author as source
uses &quot;http://hl7.org/fhir/cda/StructureDefinition/CustodianOrganization&quot; alias CustodianOrganization as source
uses &quot;http://hl7.org/fhir/cda/StructureDefinition/IVL_TS&quot; alias IVL_TS as source
uses &quot;http://hl7.org/fhir/cda/StructureDefinition/EIVL_TS&quot; alias EIVL_TS as source
uses &quot;http://hl7.org/fhir/cda/StructureDefinition/Observation&quot; alias Observation as source
uses &quot;http://hl7.org/fhir/cda/StructureDefinition/PatientRole&quot; alias PatientRole as source
uses &quot;http://hl7.org/fhir/cda/StructureDefinition/RecordTarget&quot; alias RecordTarget as source
uses &quot;http://hl7.org/fhir/cda/StructureDefinition/Section&quot; alias Section as source
uses &quot;http://hl7.org/fhir/cda/StructureDefinition/SubstanceAdministration&quot; alias SubstanceAdministration as source
uses &quot;http://hl7.org/fhir/cda/StructureDefinition/SXPR_TS&quot; alias SXPR_TS as source
uses &quot;http://hl7.org/fhir/StructureDefinition/Bundle&quot; alias Bundle as target
uses &quot;http://hl7.org/fhir/StructureDefinition/Composition&quot; alias Composition as produced
uses &quot;http://hl7.org/fhir/StructureDefinition/Patient&quot; alias Patient as produced
uses &quot;http://hl7.org/fhir/StructureDefinition/Practitioner&quot; alias Practitioner as produced
uses &quot;http://hl7.org/fhir/StructureDefinition/Organization&quot; alias Organization as produced
uses &quot;http://hl7.org/fhir/StructureDefinition/MedicationStatement&quot; alias MedicationStatement as produced
uses &quot;http://hl7.org/fhir/StructureDefinition/Dosage&quot; alias Dosage as produced

imports &quot;http://fhir.ch/ig/cda-fhir-maps/StructureMap/CdaToFhirTypes&quot;
imports &quot;http://fhir.ch/ig/cda-fhir-maps/StructureMap/CdaToBundle&quot;
imports &quot;http://fhir.ch/ig/cda-fhir-maps/StructureMap/CdaChToBundle&quot;
imports &quot;http://fhir.ch/ig/cda-fhir-maps/StructureMap/CdaChEmedToBundle&quot;

// source: https://art-decor.org/art-decor/decor-templates--cdachemed-?section=templates&amp;id=2.16.756.5.30.1.1.10.1.3
// target: http://build.fhir.org/ig/hl7ch/ch-emed/StructureDefinition-ch-emed-composition-medicationcard.html
group CdaChEmedMedicationCardDocumentToBundle(source cda : ClinicalDocument, target bundle : Bundle) {
  cda -&gt;  bundle.entry as e,  e.resource = create(&#39;Composition&#39;) as composition,  composition.id = uuid() as uuid,  e.fullUrl = append(&#39;urn:uuid:&#39;, uuid),  bundle.entry as e2,  e2.resource = create(&#39;Patient&#39;) as patient,  patient share patient,  patient.id = uuid() as uuid2,  e2.fullUrl = append(&#39;urn:uuid:&#39;, uuid2) then ClinicalDocumentChEmedMedicationCardDocumentToBundle(cda, patient, composition, bundle) &quot;ClinicalDocumentToBody&quot;;
}

// source: https://art-decor.org/art-decor/decor-templates--cdachemed-?section=templates&amp;id=2.16.756.5.30.1.1.10.1.3
// target: http://build.fhir.org/ig/hl7ch/ch-emed/StructureDefinition-ch-emed-composition-medicationcard.html
group ClinicalDocumentChEmedMedicationCardDocumentToBundle(source cda : ClinicalDocument, target patient : Patient, target composition : Composition, target bundle : Bundle) extends ClinicalDocumentChToBundle {
  cda.component as component then {
    component.structuredBody as body then {
      body.component as component then {
        component.section as srcSection where (templateId.where(root = &#39;2.16.756.5.30.1.1.10.3.9&#39;)) -&gt; composition.section as tgtSection then SectionMedicationCardSectionContentModule(srcSection, patient, tgtSection, bundle);
      };
    } &quot;body&quot;;
  };
}

// _________________________ Section Level Templates _________________________
// source: http://build.fhir.org/ig/hl7ch/ch-emed/StructureDefinition-ch-emed-composition-medicationcard.html
// target: https://art-decor.org/art-decor/decor-templates--cdachemed-?section=templates&amp;id=2.16.756.5.30.1.1.10.3.9
group SectionMedicationCardSectionContentModule(source src : Section, source patient : Patient, target tgt, target bundle : Bundle) extends ClinicalDocumentSection {
  src.entry as cdaEntry where (substanceAdministration.templateId.where(root = &#39;2.16.756.5.30.1.1.10.4.34&#39;)) -&gt;  bundle.entry as e,  e.resource = create(&#39;MedicationStatement&#39;) as medicationstatement,  medicationstatement.id = uuid() as uuid,  e.fullUrl = append(&#39;urn:uuid:&#39;, uuid),  tgt.entry = create(&#39;Reference&#39;) as reference,  reference.type = &#39;MedicationStatement&#39;,  reference.reference = append(&#39;urn:uuid:&#39;, uuid) then {
    cdaEntry.substanceAdministration as substanceAdministration then MedicationTreatmentPlanItemEntryContentModule(src, substanceAdministration, patient, medicationstatement);
  } &quot;cdaEntry&quot;;
}

</pre>
      </div></text><url value="http://fhir.ch/ig/cda-fhir-maps/StructureMap/CdaChEmedMedicationCardDocumentToBundle"/><version value="0.1.0"/><name value="CdaChEmedMedicationCardDocumentToBundle"/><status value="draft"/><date value="2020-12-09T15:16:13+01:00"/><publisher value="ahdis"/><contact><name value="ahdis"/><telecom><system value="url"/><value value="http://www.ahdis.ch/"/></telecom></contact><description value="Medication Card document, 2.16.756.5.30.1.1.10.1.3 2020-01-09 Oliver Egger, copyright ahdis ag, Apache License CDA-CH-EMED:  https://art-decor.org/art-decor/decor-project--cdachemed- FHIR CH-EMED: http://fhir.ch/ig/ch-emed/index.html"/><copyright value="CC-BY-SA-4.0"/><structure><url value="http://hl7.org/fhir/cda/StructureDefinition/ClinicalDocument"/><mode value="source"/><alias value="ClinicalDocument"/></structure><structure><url value="http://hl7.org/fhir/cda/StructureDefinition/AssignedAuthor"/><mode value="source"/><alias value="AssignedAuthor"/></structure><structure><url value="http://hl7.org/fhir/cda/StructureDefinition/AssignedEntity"/><mode value="source"/><alias value="AssignedEntity"/></structure><structure><url value="http://hl7.org/fhir/cda/StructureDefinition/Author"/><mode value="source"/><alias value="Author"/></structure><structure><url value="http://hl7.org/fhir/cda/StructureDefinition/CustodianOrganization"/><mode value="source"/><alias value="CustodianOrganization"/></structure><structure><url value="http://hl7.org/fhir/cda/StructureDefinition/IVL_TS"/><mode value="source"/><alias value="IVL_TS"/></structure><structure><url value="http://hl7.org/fhir/cda/StructureDefinition/EIVL_TS"/><mode value="source"/><alias value="EIVL_TS"/></structure><structure><url value="http://hl7.org/fhir/cda/StructureDefinition/Observation"/><mode value="source"/><alias value="Observation"/></structure><structure><url value="http://hl7.org/fhir/cda/StructureDefinition/PatientRole"/><mode value="source"/><alias value="PatientRole"/></structure><structure><url value="http://hl7.org/fhir/cda/StructureDefinition/RecordTarget"/><mode value="source"/><alias value="RecordTarget"/></structure><structure><url value="http://hl7.org/fhir/cda/StructureDefinition/Section"/><mode value="source"/><alias value="Section"/></structure><structure><url value="http://hl7.org/fhir/cda/StructureDefinition/SubstanceAdministration"/><mode value="source"/><alias value="SubstanceAdministration"/></structure><structure><url value="http://hl7.org/fhir/cda/StructureDefinition/SXPR_TS"/><mode value="source"/><alias value="SXPR_TS"/></structure><structure><url value="http://hl7.org/fhir/StructureDefinition/Bundle"/><mode value="target"/><alias value="Bundle"/></structure><structure><url value="http://hl7.org/fhir/StructureDefinition/Composition"/><mode value="produced"/><alias value="Composition"/></structure><structure><url value="http://hl7.org/fhir/StructureDefinition/Patient"/><mode value="produced"/><alias value="Patient"/></structure><structure><url value="http://hl7.org/fhir/StructureDefinition/Practitioner"/><mode value="produced"/><alias value="Practitioner"/></structure><structure><url value="http://hl7.org/fhir/StructureDefinition/Organization"/><mode value="produced"/><alias value="Organization"/></structure><structure><url value="http://hl7.org/fhir/StructureDefinition/MedicationStatement"/><mode value="produced"/><alias value="MedicationStatement"/></structure><structure><url value="http://hl7.org/fhir/StructureDefinition/Dosage"/><mode value="produced"/><alias value="Dosage"/></structure><import value="http://fhir.ch/ig/cda-fhir-maps/StructureMap/CdaToFhirTypes"/><import value="http://fhir.ch/ig/cda-fhir-maps/StructureMap/CdaToBundle"/><import value="http://fhir.ch/ig/cda-fhir-maps/StructureMap/CdaChToBundle"/><import value="http://fhir.ch/ig/cda-fhir-maps/StructureMap/CdaChEmedToBundle"/><group><name value="CdaChEmedMedicationCardDocumentToBundle"/><typeMode value="none"/><documentation value="source: https://art-decor.org/art-decor/decor-templates--cdachemed-?section=templates&amp;id=2.16.756.5.30.1.1.10.1.3 target: http://build.fhir.org/ig/hl7ch/ch-emed/StructureDefinition-ch-emed-composition-medicationcard.html"/><input><name value="cda"/><type value="ClinicalDocument"/><mode value="source"/></input><input><name value="bundle"/><type value="Bundle"/><mode value="target"/></input><rule><name value="ClinicalDocumentToBody"/><source><context value="cda"/></source><target><context value="bundle"/><contextType value="variable"/><element value="entry"/><variable value="e"/></target><target><context value="e"/><contextType value="variable"/><element value="resource"/><variable value="composition"/><transform value="create"/><parameter><valueString value="Composition"/></parameter></target><target><context value="composition"/><contextType value="variable"/><element value="id"/><variable value="uuid"/><transform value="uuid"/></target><target><context value="e"/><contextType value="variable"/><element value="fullUrl"/><transform value="append"/><parameter><valueString value="urn:uuid:"/></parameter><parameter><valueId value="uuid"/></parameter></target><target><context value="bundle"/><contextType value="variable"/><element value="entry"/><variable value="e2"/></target><target><context value="e2"/><contextType value="variable"/><element value="resource"/><variable value="patient"/><transform value="create"/><parameter><valueString value="Patient"/></parameter></target><target><listMode value="share"/><listRuleId value="patient"/><transform value="copy"/><parameter><valueId value="patient"/></parameter></target><target><context value="patient"/><contextType value="variable"/><element value="id"/><variable value="uuid2"/><transform value="uuid"/></target><target><context value="e2"/><contextType value="variable"/><element value="fullUrl"/><transform value="append"/><parameter><valueString value="urn:uuid:"/></parameter><parameter><valueId value="uuid2"/></parameter></target><dependent><name value="ClinicalDocumentChEmedMedicationCardDocumentToBundle"/><variable value="cda"/><variable value="patient"/><variable value="composition"/><variable value="bundle"/></dependent></rule></group><group><name value="ClinicalDocumentChEmedMedicationCardDocumentToBundle"/><extends value="ClinicalDocumentChToBundle"/><typeMode value="none"/><documentation value="source: https://art-decor.org/art-decor/decor-templates--cdachemed-?section=templates&amp;id=2.16.756.5.30.1.1.10.1.3 target: http://build.fhir.org/ig/hl7ch/ch-emed/StructureDefinition-ch-emed-composition-medicationcard.html"/><input><name value="cda"/><type value="ClinicalDocument"/><mode value="source"/></input><input><name value="patient"/><type value="Patient"/><mode value="target"/></input><input><name value="composition"/><type value="Composition"/><mode value="target"/></input><input><name value="bundle"/><type value="Bundle"/><mode value="target"/></input><rule><name value="component"/><source><context value="cda"/><element value="component"/><variable value="component"/></source><rule><name value="body"/><source><context value="component"/><element value="structuredBody"/><variable value="body"/></source><rule><name value="component"/><source><context value="body"/><element value="component"/><variable value="component"/></source><rule><name value="section"/><source><context value="component"/><element value="section"/><variable value="srcSection"/><condition value="(templateId.where(root = &#39;2.16.756.5.30.1.1.10.3.9&#39;))"/></source><target><context value="composition"/><contextType value="variable"/><element value="section"/><variable value="tgtSection"/></target><dependent><name value="SectionMedicationCardSectionContentModule"/><variable value="srcSection"/><variable value="patient"/><variable value="tgtSection"/><variable value="bundle"/></dependent></rule></rule></rule></rule></group><group><name value="SectionMedicationCardSectionContentModule"/><extends value="ClinicalDocumentSection"/><typeMode value="none"/><documentation value="_________________________ Section Level Templates _________________________ source: http://build.fhir.org/ig/hl7ch/ch-emed/StructureDefinition-ch-emed-composition-medicationcard.html target: https://art-decor.org/art-decor/decor-templates--cdachemed-?section=templates&amp;id=2.16.756.5.30.1.1.10.3.9"/><input><name value="src"/><type value="Section"/><mode value="source"/></input><input><name value="patient"/><type value="Patient"/><mode value="source"/></input><input><name value="tgt"/><mode value="target"/></input><input><name value="bundle"/><type value="Bundle"/><mode value="target"/></input><rule><name value="cdaEntry"/><source><context value="src"/><element value="entry"/><variable value="cdaEntry"/><condition value="(substanceAdministration.templateId.where(root = &#39;2.16.756.5.30.1.1.10.4.34&#39;))"/></source><target><context value="bundle"/><contextType value="variable"/><element value="entry"/><variable value="e"/></target><target><context value="e"/><contextType value="variable"/><element value="resource"/><variable value="medicationstatement"/><transform value="create"/><parameter><valueString value="MedicationStatement"/></parameter></target><target><context value="medicationstatement"/><contextType value="variable"/><element value="id"/><variable value="uuid"/><transform value="uuid"/></target><target><context value="e"/><contextType value="variable"/><element value="fullUrl"/><transform value="append"/><parameter><valueString value="urn:uuid:"/></parameter><parameter><valueId value="uuid"/></parameter></target><target><context value="tgt"/><contextType value="variable"/><element value="entry"/><variable value="reference"/><transform value="create"/><parameter><valueString value="Reference"/></parameter></target><target><context value="reference"/><contextType value="variable"/><element value="type"/><transform value="copy"/><parameter><valueString value="MedicationStatement"/></parameter></target><target><context value="reference"/><contextType value="variable"/><element value="reference"/><transform value="append"/><parameter><valueString value="urn:uuid:"/></parameter><parameter><valueId value="uuid"/></parameter></target><rule><name value="substanceAdministration"/><source><context value="cdaEntry"/><element value="substanceAdministration"/><variable value="substanceAdministration"/></source><dependent><name value="MedicationTreatmentPlanItemEntryContentModule"/><variable value="src"/><variable value="substanceAdministration"/><variable value="patient"/><variable value="medicationstatement"/></dependent></rule></rule></group></StructureMap>