<?xml version="1.0" encoding="UTF-8"?>

<AllergyIntolerance xmlns="http://hl7.org/fhir">
  <id value="CH-AllergyIntolerance-Usecase-7"/>
  <text>
    <status value="extensions"/><div xmlns="http://www.w3.org/1999/xhtml"><p class="res-header-id"><b>Generated Narrative: AllergyIntolerance CH-AllergyIntolerance-Usecase-7</b></p><a name="CH-AllergyIntolerance-Usecase-7"> </a><a name="hcCH-AllergyIntolerance-Usecase-7"> </a><p><b>clinicalStatus</b>: <span title="Codes:{http://terminology.hl7.org/CodeSystem/allergyintolerance-clinical active}">Active</span></p><p><b>verificationStatus</b>: <span title="Codes:{http://terminology.hl7.org/CodeSystem/allergyintolerance-verification confirmed}">Confirmed</span></p><p><b>type</b>: Allergy</p><p><b>category</b>: Environment</p><p><b>criticality</b>: Low Risk</p><p><b>code</b>: <span title="Codes:{http://snomed.info/sct 1003755004}">Allergy to Hevea brasiliensis latex protein (finding)</span></p><p><b>patient</b>: <a href="Patient-ElisabethBroennimannByBFH.html">Elisabeth Brönnimann-Bertholet  Female, DoB: 1937-05-03</a></p><blockquote><p><b>reaction</b></p><p><b>AllergyIntolerance Certainty</b>: <span title="Codes:{http://terminology.hl7.org/CodeSystem/reaction-event-certainty confirmed}">Confirmed</span></p><p><b>AllergyIntolerance ExposureDescription</b>: Works in ICU</p><p><b>substance</b>: <span title="Codes:{http://snomed.info/sct 1003751008}">Hevea brasiliensis latex (substance)</span></p><p><b>manifestation</b>: <span title="Codes:{http://snomed.info/sct 271807003}">Eruption of skin (disorder)</span>, <span title="Codes:{http://snomed.info/sct 418363000}">Itching of skin (finding)</span></p><p><b>severity</b>: Mild</p><p><b>exposureRoute</b>: <span title="Codes:{http://snomed.info/sct 6064005}">Topical route (qualifier value)</span></p></blockquote></div>
  </text>
  <clinicalStatus>
    <coding>
      <system value="http://terminology.hl7.org/CodeSystem/allergyintolerance-clinical"/>
      <code value="active"/>
      <display value="Active"/>
    </coding>
  </clinicalStatus>
  <verificationStatus>
    <coding>
      <system value="http://terminology.hl7.org/CodeSystem/allergyintolerance-verification"/>
      <code value="confirmed"/>
      <display value="Confirmed"/>
    </coding>
  </verificationStatus>
  <type value="allergy"/>
  <category value="environment"/>
  <criticality value="low"/>
  <code>
    <coding>
      <system value="http://snomed.info/sct"/>
      <code value="1003755004"/>
      <display value="Allergy to Hevea brasiliensis latex protein (finding)"/>
    </coding>
  </code>
  <patient>
    <reference value="Patient/ElisabethBroennimannByBFH"/>
  </patient>
  <reaction>
    <extension url="http://hl7.org/fhir/StructureDefinition/allergyintolerance-certainty">
      <valueCodeableConcept>
        <coding>
          <system value="http://terminology.hl7.org/CodeSystem/reaction-event-certainty"/>
          <code value="confirmed"/>
          <display value="Confirmed"/>
        </coding>
      </valueCodeableConcept>
    </extension>
    <extension url="http://hl7.org/fhir/StructureDefinition/openEHR-exposureDescription">
      <valueString value="Works in ICU"/>
    </extension>
    <substance>
      <coding>
        <system value="http://snomed.info/sct"/>
        <code value="1003751008"/>
        <display value="Hevea brasiliensis latex (substance)"/>
      </coding>
    </substance>
    <manifestation>
      <coding>
        <system value="http://snomed.info/sct"/>
        <code value="271807003"/>
        <display value="Eruption of skin (disorder)"/>
      </coding>
    </manifestation>
    <manifestation>
      <coding>
        <system value="http://snomed.info/sct"/>
        <code value="418363000"/>
        <display value="Itching of skin (finding)"/>
      </coding>
    </manifestation>
    <severity value="mild"/>
    <exposureRoute>
      <coding>
        <system value="http://snomed.info/sct"/>
        <code value="6064005"/>
        <display value="Topical route (qualifier value)"/>
      </coding>
    </exposureRoute>
  </reaction>
</AllergyIntolerance>