{"resourceType":"ActivityDefinition","id":"procedure-serum-electrolyte","meta":{"profile":["http://hl7.org/fhir/uv/order-catalog/StructureDefinition/LabProcedureDefinition"]},"language":"en-US","url":"http://fhir.ch/ig/ch-lab-order/lab-compendium/ActivityDefinition/procedure-serum-electrolyte","version":"2.0.0","name":"BloodElectrolyteProcedure","title":"Procedure - blood electrolyte (serum or plasma)","status":"active","experimental":true,"date":"2020-02-11T14:00:00+02:00","publisher":"HL7 Switzerland","contact":[{"name":"HL7 Switzerland","telecom":[{"system":"url","value":"https://www.hl7.ch"}]},{"name":"Marcel Hanselmann","telecom":[{"system":"email","value":"laborprojektgruppe@gmail.com","use":"work"}]}],"description":"Na, K, Cl level measurements on serum or plasma","jurisdiction":[{"coding":[{"system":"urn:iso:std:iso:3166","code":"CH"}]}],"purpose":"This _ActivityDefinition_ specifies the input specimens and input and output observations for blood electrolyte.              It is referenced by any _PlanDefinition_ representing a lab service incorporating this procedure.","copyright":"CC0-1.0","effectivePeriod":{"start":"2020-04-01","end":"2020-12-25"},"topic":[{"coding":[{"system":"http://loinc.org","code":"18719-5","display":"Chemistry studies (set)"}]},{"coding":[{"system":"http://snomed.info/sct","code":"275711006","display":"Serum chemistry test (procedure)"}]}],"kind":"ServiceRequest","code":{"coding":[{"system":"http://loinc.org","code":"24326-1","display":"Electrolytes 1998 panel - Serum or Plasma"}]},"specimenRequirement":[{"reference":"SpecimenDefinition/single-test-serum-venous"}],"observationResultRequirement":[{"reference":"ObservationDefinition/observation-serum-sodium"},{"reference":"ObservationDefinition/observation-serum-potassium"},{"reference":"ObservationDefinition/observation-serum-chloride"}]}