{"resourceType":"ActivityDefinition","id":"procedure-d-dimer","meta":{"profile":["http://hl7.org/fhir/uv/order-catalog/StructureDefinition/LabProcedureDefinition"]},"language":"en-US","url":"http://fhir.ch/ig/ch-lab-order/lab-compendium/ActivityDefinition/procedure-d-dimer","identifier":[{"use":"official","value":"Cl_serum_test"}],"version":"2.0.0","name":"D_DimerMeasurementProcedure","title":"Procedure - d-dimer measurement on in vitro blood serum","status":"active","experimental":true,"date":"2020-01-24T14:00:00+02:00","publisher":"HL7 Switzerland","contact":[{"name":"HL7 Switzerland","telecom":[{"system":"url","value":"https://www.hl7.ch"}]},{"name":"Marcel Hanselmann","telecom":[{"system":"email","value":"laborprojektgruppe@gmail.com","use":"work"}]}],"description":"Chloride measurement procedure on in-vitro serum specimen","jurisdiction":[{"coding":[{"system":"urn:iso:std:iso:3166","code":"CH"}]}],"purpose":"This _ActivityDefinition_ specifies the input specimens and observations needed to perform chloride level test on serum, and the output observation. It is referenced by any _PlanDefinition_ representing a lab service focusing on this test.","copyright":"CC0-1.0","effectivePeriod":{"start":"2020-04-01","end":"2020-12-25"},"topic":[{"coding":[{"system":"http://loinc.org","code":"18720-3","display":"Coagulation studies (set)"}]},{"coding":[{"system":"http://snomed.info/sct","code":"86236002","display":"Circulating anticoagulant assay (procedure)"}]}],"kind":"ServiceRequest","code":{"coding":[{"system":"http://loinc.org","code":"91556-1","display":"Fibrin D-dimer DDU [Mass/volume] in Blood by Immunoassay"}]},"priority":"routine","timingDuration":{"value":30,"unit":"minutes","system":"http://unitsofmeasure.org","code":"mn"}}