{"resourceType":"PlanDefinition","id":"panel-blood-electrolyte","meta":{"profile":["http://hl7.org/fhir/uv/order-catalog/StructureDefinition/LabServiceDefinition"]},"language":"en-US","extension":[{"url":"http://hl7.org/fhir/uv/order-catalog/StructureDefinition/CatalogReference","valueReference":{"reference":"Composition/Pipette-Catalog-Header"}},{"url":"http://hl7.org/fhir/uv/order-catalog/StructureDefinition/ServiceBillingCode","valueCodeableConcept":{"coding":[{"system":"https://medcodesearch.ch/de/AL/laboratory_analyses","code":"1479.00","display":"Kalium Grosslabor"}]}},{"url":"http://hl7.org/fhir/uv/order-catalog/StructureDefinition/ServiceBillingCode","valueCodeableConcept":{"coding":[{"system":"https://medcodesearch.ch/de/AL/laboratory_analyses","code":"1574.00","display":"Natrium"}]}},{"url":"http://hl7.org/fhir/uv/order-catalog/StructureDefinition/ServiceBillingCode","valueCodeableConcept":{"coding":[{"system":"https://medcodesearch.ch/de/AL/laboratory_analyses","code":"1229.00","display":"Chlorid"}]}},{"extension":[{"url":"textualSummary","valueMarkdown":"no notable particularity for billing"},{"url":"reimbursabilitySummary","valueCode":"normal"}],"url":"http://hl7.org/fhir/uv/order-catalog/StructureDefinition/BillingSummary"},{"url":"http://hl7.org/fhir/uv/order-catalog/StructureDefinition/ScheduleSummary","valueString":"Set up: Mon-Sat (Day shift or Night shift), Sun (Day shift); Report available: 1 day"},{"url":"http://hl7.org/fhir/uv/order-catalog/StructureDefinition/LimitationSummary","valueString":"No specific limitation for this panel"}],"url":"http://fhir.ch/ig/ch-lab-order/lab-compendium/PlanDefinition/panel-blood-electrolyte","version":"2.0.0-ballot","name":"BloodElectrolytePanel","title":"Blood electrolyte panel (serum or plasma)","type":{"coding":[{"system":"http://fhir.ch/ig/ch-lab-order/lab-compendium/CodeSystem/laboratory-service-definition-type","code":"panel","display":"collection of tests and panels performed on one or more in vitro biologic specimens"}]},"status":"draft","experimental":true,"date":"2020-02-11T20:00:00+02:00","publisher":"HL7 Switzerland","contact":[{"name":"HL7 Switzerland","telecom":[{"system":"url","value":"https://www.hl7.ch"}]},{"name":"Marcel Hanselmann","telecom":[{"system":"email","value":"laborprojektgruppe@gmail.com","use":"work"}]}],"description":"Potassium measurement on serum specimen","useContext":[{"code":{"system":"http://terminology.hl7.org/CodeSystem/usage-context-type","code":"task","display":"Workflow Task"},"valueCodeableConcept":{"coding":[{"system":"http://terminology.hl7.org/CodeSystem/v3-ActCode","code":"LABOE"}]}}],"jurisdiction":[{"coding":[{"system":"urn:iso:std:iso:3166","code":"CH"}]}],"copyright":"CC0-1.0","topic":[{"coding":[{"system":"http://loinc.org","code":"18719-5","display":"Chemistry studies (set)"}]},{"coding":[{"system":"http://snomed.info/sct","code":"166312007","display":"Blood chemistry"}]}],"action":[{"extension":[{"extension":[{"extension":[{"url":"Material","valueReference":{"reference":"SpecimenDefinition/specimen-serum-plasma","display":"Serum Plasma"}}],"url":"ExclusiveGroup"}],"url":"http://hl7.org/fhir/uv/order-catalog/StructureDefinition/SpecimenRequested"}],"code":[{"coding":[{"system":"http://loinc.org","code":"24326-1","display":"Electrolytes 1998 panel - Serum or Plasma"}]}],"timingDuration":{"value":30,"unit":"minutes","system":"http://unitsofmeasure.org","code":"mn"},"definitionCanonical":"http://fhir.ch/ig/ch-lab-order/lab-compendium/ActivityDefinition/procedure-blood-electrolyte"}]}