{
  "resourceType" : "Appointment",
  "id" : "UC3-Appointment20250310",
  "language" : "de-CH",
  "text" : {
    "status" : "generated",
    "div" : "<div xmlns=\"http://www.w3.org/1999/xhtml\" xml:lang=\"de-CH\" lang=\"de-CH\"><p class=\"res-header-id\"><b>Generated Narrative: Appointment UC3-Appointment20250310</b></p><a name=\"UC3-Appointment20250310\"> </a><a name=\"hcUC3-Appointment20250310\"> </a><div style=\"display: inline-block; background-color: #d9e0e7; padding: 6px; margin: 4px; border: 1px solid #8da1b4; border-radius: 5px; line-height: 60%\"><p style=\"margin-bottom: 0px\">Language: de-CH</p></div><p><b>status</b>: Booked</p><p><b>start</b>: 2025-03-10 14:30:00+0100</p><p><b>end</b>: 2025-03-10 15:00:00+0100</p><blockquote><p><b>participant</b></p><p><b>actor</b>: <a href=\"Patient-UC3-SophieDoppelherz.html\">Sophie Doppelherz  Female, DoB: 1992-07-22 ( Medical record number)</a></p><p><b>required</b>: Required</p><p><b>status</b>: Accepted</p></blockquote><blockquote><p><b>participant</b></p><p><b>actor</b>: <a href=\"PractitionerRole-UC3-ClaudiaFruehblickAtFrauenzimmer.html\">PractitionerRole Arzt/Ärztin</a></p><p><b>required</b>: Required</p><p><b>status</b>: Accepted</p></blockquote></div>"
  },
  "status" : "booked",
  "start" : "2025-03-10T14:30:00+01:00",
  "end" : "2025-03-10T15:00:00+01:00",
  "participant" : [{
    "actor" : {
      "reference" : "Patient/UC3-SophieDoppelherz"
    },
    "required" : "required",
    "status" : "accepted"
  },
  {
    "actor" : {
      "reference" : "PractitionerRole/UC3-ClaudiaFruehblickAtFrauenzimmer"
    },
    "required" : "required",
    "status" : "accepted"
  }]
}