{
  "resourceType" : "Observation",
  "id" : "UC1-GestationalAgeInDays-20250205",
  "language" : "de-CH",
  "text" : {
    "status" : "generated",
    "div" : "<div xmlns=\"http://www.w3.org/1999/xhtml\" xml:lang=\"de-CH\" lang=\"de-CH\"><p class=\"res-header-id\"><b>Generated Narrative: Observation UC1-GestationalAgeInDays-20250205</b></p><a name=\"UC1-GestationalAgeInDays-20250205\"> </a><a name=\"hcUC1-GestationalAgeInDays-20250205\"> </a><div style=\"display: inline-block; background-color: #d9e0e7; padding: 6px; margin: 4px; border: 1px solid #8da1b4; border-radius: 5px; line-height: 60%\"><p style=\"margin-bottom: 0px\">Language: de-CH</p></div><p><b>status</b>: Final</p><p><b>code</b>: <span title=\"Codes:{http://loinc.org 49052-4}\">Gestational age in days</span></p><p><b>subject</b>: <a href=\"Patient-UC1-KatrinKinderlieb.html\">Katrin Emily Kinderlieb Female, DoB: 1986-01-18 ( urn:oid:2.16.756.5.30.1.123.100.1.1.1#80756015090002647590)</a></p><p><b>encounter</b>: <a href=\"Encounter-UC1-EncounterMother20250205.html\">Encounter: status = finished; class = ambulatory (ActCode#AMB); period = 2025-02-05 --&gt; 2025-02-05</a></p><p><b>effective</b>: 2025-02-05</p><p><b>performer</b>: <a href=\"PractitionerRole-UC1-PetraSectionataAtFrauenzimmer.html\">PractitionerRole Arzt/Ärztin</a></p><p><b>value</b>: 259 day<span style=\"background: LightGoldenRodYellow\"> (Details: UCUM  coded = 'd')</span></p></div>"
  },
  "status" : "final",
  "code" : {
    "coding" : [{
      "system" : "http://loinc.org",
      "code" : "49052-4",
      "display" : "Gestational age in days"
    }]
  },
  "subject" : {
    "reference" : "Patient/UC1-KatrinKinderlieb"
  },
  "encounter" : {
    "reference" : "Encounter/UC1-EncounterMother20250205"
  },
  "effectiveDateTime" : "2025-02-05",
  "performer" : [{
    "reference" : "PractitionerRole/UC1-PetraSectionataAtFrauenzimmer"
  }],
  "valueQuantity" : {
    "value" : 259,
    "unit" : "day",
    "system" : "http://unitsofmeasure.org",
    "code" : "d"
  }
}