{
  "resourceType" : "Observation",
  "id" : "UC1-Urate-20250205",
  "language" : "de-CH",
  "text" : {
    "status" : "generated",
    "div" : "<div xmlns=\"http://www.w3.org/1999/xhtml\" xml:lang=\"de-CH\" lang=\"de-CH\"><p class=\"res-header-id\"><b>Generated Narrative: Observation UC1-Urate-20250205</b></p><a name=\"UC1-Urate-20250205\"> </a><a name=\"hcUC1-Urate-20250205\"> </a><div style=\"display: inline-block; background-color: #d9e0e7; padding: 6px; margin: 4px; border: 1px solid #8da1b4; border-radius: 5px; line-height: 60%\"><p style=\"margin-bottom: 0px\">Language: de-CH</p></div><p><b>status</b>: Final</p><p><b>category</b>: <span title=\"Codes:{http://terminology.hl7.org/CodeSystem/observation-category laboratory}\">Laboratory</span></p><p><b>code</b>: <span title=\"Codes:{http://loinc.org 3084-1}\">Urate [Mass/volume] in Serum or Plasma</span></p><p><b>subject</b>: <a href=\"Patient-UC1-KatrinKinderlieb.html\">Katrin Emily Kinderlieb Female, DoB: 1986-01-18 ( urn:oid:2.16.756.5.30.1.123.100.1.1.1#80756015090002647590)</a></p><p><b>effective</b>: 2025-02-05</p><p><b>performer</b>: <a href=\"Organization-UC1-LaborPipette.html\">Organization Labor Pipette</a></p><p><b>value</b>: 6.3 milligram per deciliter<span style=\"background: LightGoldenRodYellow\"> (Details: UCUM  codemg/dL = 'mg/dL')</span></p><p><b>interpretation</b>: <span title=\"Codes:{http://terminology.hl7.org/CodeSystem/v3-ObservationInterpretation H}\">High</span></p></div>"
  },
  "status" : "final",
  "category" : [{
    "coding" : [{
      "system" : "http://terminology.hl7.org/CodeSystem/observation-category",
      "code" : "laboratory",
      "display" : "Laboratory"
    }]
  }],
  "code" : {
    "coding" : [{
      "system" : "http://loinc.org",
      "code" : "3084-1",
      "display" : "Urate [Mass/volume] in Serum or Plasma"
    }]
  },
  "subject" : {
    "reference" : "Patient/UC1-KatrinKinderlieb"
  },
  "effectiveDateTime" : "2025-02-05",
  "performer" : [{
    "reference" : "Organization/UC1-LaborPipette"
  }],
  "valueQuantity" : {
    "value" : 6.3,
    "unit" : "milligram per deciliter",
    "system" : "http://unitsofmeasure.org",
    "code" : "mg/dL"
  },
  "interpretation" : [{
    "coding" : [{
      "system" : "http://terminology.hl7.org/CodeSystem/v3-ObservationInterpretation",
      "code" : "H",
      "display" : "High"
    }]
  }]
}