{
  "resourceType" : "PractitionerRole",
  "id" : "e1b736e3-10bb-41aa-8d17-c7ba28895880",
  "language" : "de-CH",
  "text" : {
    "status" : "generated",
    "div" : "<div xmlns=\"http://www.w3.org/1999/xhtml\" xml:lang=\"de-CH\" lang=\"de-CH\"><p class=\"res-header-id\"><b>Generated Narrative: PractitionerRole e1b736e3-10bb-41aa-8d17-c7ba28895880</b></p><a name=\"e1b736e3-10bb-41aa-8d17-c7ba28895880\"> </a><a name=\"hce1b736e3-10bb-41aa-8d17-c7ba28895880\"> </a><div style=\"display: inline-block; background-color: #d9e0e7; padding: 6px; margin: 4px; border: 1px solid #8da1b4; border-radius: 5px; line-height: 60%\"><p style=\"margin-bottom: 0px\">Language: de-CH</p></div><p><b>practitioner</b>: <a href=\"Bundle-UC2-Document.html#urn-uuid-c314ae56-7edb-4ef9-b38a-216c9a979374\">Ruth Ohazwei</a></p><p><b>organization</b>: <a href=\"Bundle-UC2-Document.html#urn-uuid-fbe019f1-6574-40be-940f-d03da0c743db\">Geburtsklinik</a></p><p><b>code</b>: <span title=\"Codes:{http://snomed.info/sct 309453006}\">Registrierte Hebamme</span></p></div>"
  },
  "practitioner" : {
    "reference" : "urn:uuid:c314ae56-7edb-4ef9-b38a-216c9a979374",
    "display" : "Ruth Ohazwei"
  },
  "organization" : {
    "reference" : "urn:uuid:fbe019f1-6574-40be-940f-d03da0c743db",
    "display" : "Geburtsklinik"
  },
  "code" : [{
    "coding" : [{
      "system" : "http://snomed.info/sct",
      "code" : "309453006",
      "display" : "Registrierte Hebamme"
    }]
  }]
}