{"resourceType":"ValueSet","id":"ch-ig-example-translation","text":{"status":"generated","div":"<div xmlns=\"http://www.w3.org/1999/xhtml\"><p class=\"res-header-id\"><b>Generated Narrative: ValueSet ch-ig-example-translation</b></p><a name=\"ch-ig-example-translation\"> </a><a name=\"hcch-ig-example-translation\"> </a><a name=\"ch-ig-example-translation-en-US\"> </a><ul><li>Include all codes defined in <a href=\"CodeSystem-ch-ig-example-translation.html\"><code>http://fhir.ch/ig/ch-ig/CodeSystem/ch-ig-example-translation</code></a></li></ul></div>"},"url":"http://fhir.ch/ig/ch-ig/ValueSet/ch-ig-example-translation","version":"1.2.2","name":"ChIgExampleTranslation","title":"CH IG Example Translation","status":"draft","experimental":false,"date":"2025-05-21T09:54:02+00:00","publisher":"HL7 Switzerland","contact":[{"name":"HL7 Switzerland","telecom":[{"system":"url","value":"https://www.hl7.ch/"}]}],"description":"CH IG Example Tranlation value set is just an example with translated values!","jurisdiction":[{"coding":[{"system":"urn:iso:std:iso:3166","code":"CHE"}]}],"copyright":"CC0-1.0","compose":{"include":[{"system":"http://fhir.ch/ig/ch-ig/CodeSystem/ch-ig-example-translation"}]}}