{"resourceType":"ValueSet","id":"PpqmConsentIdentifierType","text":{"status":"generated","div":"<div xmlns=\"http://www.w3.org/1999/xhtml\"><p class=\"res-header-id\"><b>Generated Narrative: ValueSet PpqmConsentIdentifierType</b></p><a name=\"PpqmConsentIdentifierType\"> </a><a name=\"hcPpqmConsentIdentifierType\"> </a><ul><li>Include all codes defined in <a href=\"CodeSystem-PpqmConsentIdentifierType.html\"><code>http://fhir.ch/ig/ch-epr-fhir/CodeSystem/PpqmConsentIdentifierType</code></a><span title=\"Version is not explicitly stated, which means it is fixed to the version provided in this specification\"> version &#x1F4E6;5.0.0</span></li></ul></div>"},"url":"http://fhir.ch/ig/ch-epr-fhir/ValueSet/PpqmConsentIdentifierType","version":"5.0.0","name":"PpqmConsentIdentifierType","title":"CH PPQm Consent Identifier Type","status":"active","experimental":false,"date":"2025-12-18T15:42:00+00:00","publisher":"eHealth Suisse","contact":[{"name":"eHealth Suisse","telecom":[{"system":"url","value":"https://www.e-health-suisse.ch"}]},{"name":"eHealth Suisse","telecom":[{"system":"url","value":"https://www.e-health-suisse.ch","use":"work"}]}],"description":"Value Set for CH:PPQm Consent Identifier Types","jurisdiction":[{"coding":[{"system":"urn:iso:std:iso:3166","code":"CH"}]}],"copyright":"CC0-1.0","compose":{"include":[{"system":"http://fhir.ch/ig/ch-epr-fhir/CodeSystem/PpqmConsentIdentifierType"}]}}