<?xml version="1.0" encoding="UTF-8"?>

<ValueSet xmlns="http://hl7.org/fhir">
  <id value="SubmissionSet.Author.AuthorRole"/>
  <meta>
    <source value="http://art-decor.org/fhir/ValueSet/2.16.756.5.30.1.127.3.10.1.41--20190608122925"/>
    <profile value="http://hl7.org/fhir/StructureDefinition/shareablevalueset"/>
  </meta>
  <text>
    <status value="generated"/><div xmlns="http://www.w3.org/1999/xhtml"><h2>SubmissionSet.Author.AuthorRole</h2><div><p>SubmissionSet.Author.AuthorRole</p>
</div><p>This value set includes codes from the following code systems:</p><ul><li>Include these codes as defined in <a href="CodeSystem-2.16.756.5.30.1.127.3.10.6.html"><code>urn:oid:2.16.756.5.30.1.127.3.10.6</code></a><table class="none"><tr><td style="white-space:nowrap"><b>Code</b></td><td><b>Display</b></td></tr><tr><td><a href="CodeSystem-2.16.756.5.30.1.127.3.10.6.html#2.16.756.5.30.1.127.3.10.6-HCP">HCP</a></td><td>Healthcare professional</td><td/></tr><tr><td><a href="CodeSystem-2.16.756.5.30.1.127.3.10.6.html#2.16.756.5.30.1.127.3.10.6-PAT">PAT</a></td><td>Patient</td><td/></tr><tr><td><a href="CodeSystem-2.16.756.5.30.1.127.3.10.6.html#2.16.756.5.30.1.127.3.10.6-ASS">ASS</a></td><td>Assistant</td><td/></tr><tr><td><a href="CodeSystem-2.16.756.5.30.1.127.3.10.6.html#2.16.756.5.30.1.127.3.10.6-REP">REP</a></td><td>Representative</td><td/></tr><tr><td><a href="CodeSystem-2.16.756.5.30.1.127.3.10.6.html#2.16.756.5.30.1.127.3.10.6-TCU">TCU</a></td><td>Technical user</td><td/></tr></table></li></ul><p><b>Additional Language Displays</b></p><table class="codes"><tr><td><b>Code</b></td><td><b>Deutsch (Schweiz) (German (Switzerland), de)</b></td><td><b>English (United States) (English (United States), en)</b></td><td><b>French (Switzerland) (fr)</b></td><td><b>Italian (Switzerland) (it)</b></td><td><b>rm</b></td></tr><tr><td>HCP</td><td>Gesundheitsfachperson</td><td>Healthcare professional</td><td>Professionnel de la santé</td><td>Professionista della salute</td><td>TODO</td></tr><tr><td>PAT</td><td>Patient</td><td>Patient</td><td>Patient</td><td>Paziente</td><td>TODO</td></tr><tr><td>ASS</td><td>Hilfsperson</td><td>Assistant</td><td>Assistant</td><td>Assistente</td><td>TODO</td></tr><tr><td>REP</td><td>Stellvertretung</td><td>Representative</td><td>Représentant</td><td>Rappresentante</td><td>TODO</td></tr><tr><td>TCU</td><td>Technischer Nutzer</td><td>Technical user</td><td>Utilisateur technique</td><td>Utente tecnico</td><td>TODO</td></tr></table></div>
  </text>
  <extension url="http://hl7.org/fhir/StructureDefinition/resource-effectivePeriod">
    <valuePeriod>
      <start value="2019-06-08T06:29:25-04:00"/>
    </valuePeriod>
  </extension>
  <url value="http://fhir.ch/ig/ch-epr-term/ValueSet/SubmissionSet.Author.AuthorRole"/>
  <identifier>
    <use value="official"/>
    <system value="http://art-decor.org/ns/oids/vs"/>
    <value value="2.16.756.5.30.1.127.3.10.1.41"/>
  </identifier>
  <version value="2.0.0"/>
  <name value="SubmissionSet.Author.AuthorRole"/>
  <title value="SubmissionSet.Author.AuthorRole"/>
  <status value="active"/>
  <experimental value="false"/>
  <date value="2019-09-17T06:00:48-04:00"/>
  <publisher value="eHealth Suisse"/>
  <contact>
    <name value="eHealth Suisse"/>
    <telecom>
      <system value="url"/>
      <value value="www.e-health-suisse.ch"/>
    </telecom>
  </contact>
  <description value="SubmissionSet.Author.AuthorRole"/>
  <immutable value="false"/>
  <compose>
    <include>
      <system value="urn:oid:2.16.756.5.30.1.127.3.10.6"/>
      <concept>
        <code value="HCP"/>
        <display value="Healthcare professional"/>
        <designation>
          <language value="de-CH"/>
          <value value="Gesundheitsfachperson"/>
        </designation>
        <designation>
          <language value="fr-CH"/>
          <value value="Professionnel de la sant&#xE9;"/>
        </designation>
        <designation>
          <language value="it-CH"/>
          <value value="Professionista della salute"/>
        </designation>
        <designation>
          <language value="rm-CH"/>
          <value value="TODO"/>
        </designation>
        <designation>
          <language value="en-US"/>
          <value value="Healthcare professional"/>
        </designation>
      </concept>
      <concept>
        <code value="PAT"/>
        <display value="Patient"/>
        <designation>
          <language value="de-CH"/>
          <value value="Patient"/>
        </designation>
        <designation>
          <language value="fr-CH"/>
          <value value="Patient"/>
        </designation>
        <designation>
          <language value="it-CH"/>
          <value value="Paziente"/>
        </designation>
        <designation>
          <language value="rm-CH"/>
          <value value="TODO"/>
        </designation>
        <designation>
          <language value="en-US"/>
          <value value="Patient"/>
        </designation>
      </concept>
      <concept>
        <code value="ASS"/>
        <display value="Assistant"/>
        <designation>
          <language value="de-CH"/>
          <value value="Hilfsperson"/>
        </designation>
        <designation>
          <language value="fr-CH"/>
          <value value="Assistant"/>
        </designation>
        <designation>
          <language value="it-CH"/>
          <value value="Assistente"/>
        </designation>
        <designation>
          <language value="rm-CH"/>
          <value value="TODO"/>
        </designation>
        <designation>
          <language value="en-US"/>
          <value value="Assistant"/>
        </designation>
      </concept>
      <concept>
        <code value="REP"/>
        <display value="Representative"/>
        <designation>
          <language value="de-CH"/>
          <value value="Stellvertretung"/>
        </designation>
        <designation>
          <language value="fr-CH"/>
          <value value="Repr&#xE9;sentant"/>
        </designation>
        <designation>
          <language value="it-CH"/>
          <value value="Rappresentante"/>
        </designation>
        <designation>
          <language value="rm-CH"/>
          <value value="TODO"/>
        </designation>
        <designation>
          <language value="en-US"/>
          <value value="Representative"/>
        </designation>
      </concept>
      <concept>
        <code value="TCU"/>
        <display value="Technical user"/>
        <designation>
          <language value="de-CH"/>
          <value value="Technischer Nutzer"/>
        </designation>
        <designation>
          <language value="fr-CH"/>
          <value value="Utilisateur technique"/>
        </designation>
        <designation>
          <language value="it-CH"/>
          <value value="Utente tecnico"/>
        </designation>
        <designation>
          <language value="rm-CH"/>
          <value value="TODO"/>
        </designation>
        <designation>
          <language value="en-US"/>
          <value value="Technical user"/>
        </designation>
      </concept>
    </include>
  </compose>
</ValueSet>