{
  "resourceType" : "Composition",
  "id" : "UC1-Composition1",
  "meta" : {
    "profile" : ["http://fhir.ch/ig/ch-ips/StructureDefinition/ch-ips-composition"]
  },
  "language" : "de-CH",
  "text" : {
    "status" : "generated",
    "div" : "<div xmlns=\"http://www.w3.org/1999/xhtml\" xml:lang=\"de-CH\" lang=\"de-CH\"><p class=\"res-header-id\"><b>Generated Narrative: Composition UC1-Composition1</b></p><a name=\"UC1-Composition1\"> </a><a name=\"hcUC1-Composition1\"> </a><a name=\"UC1-Composition1-en-US\"> </a><div style=\"display: inline-block; background-color: #d9e0e7; padding: 6px; margin: 4px; border: 1px solid #8da1b4; border-radius: 5px; line-height: 60%\"><p style=\"margin-bottom: 0px\">Language: de-CH</p><p style=\"margin-bottom: 0px\">Profile: <a href=\"StructureDefinition-ch-ips-composition.html\">CH IPS Composition</a></p></div><p><b>identifier</b>: <a href=\"http://terminology.hl7.org/5.5.0/NamingSystem-uri.html\" title=\"As defined by RFC 3986 (http://www.ietf.org/rfc/rfc3986.txt)(with many schemes defined in many RFCs). For OIDs and UUIDs, use the URN form (urn:oid:(note: lowercase) and urn:uuid:). See http://www.ietf.org/rfc/rfc3001.txt and http://www.ietf.org/rfc/rfc4122.txt \r\n\r\nThis oid is used as an identifier II.root to indicate the the extension is an absolute URI (technically, an IRI). Typically, this is used for OIDs and GUIDs. Note that when this OID is used with OIDs and GUIDs, the II.extension should start with urn:oid or urn:uuid: \r\n\r\nNote that this OID is created to aid with interconversion between CDA and FHIR - FHIR uses urn:ietf:rfc:3986 as equivalent to this OID. URIs as identifiers appear more commonly in FHIR.\r\n\r\nThis OID may also be used in CD.codeSystem.\">Uniform Resource Identifier (URI)</a>/urn:uuid:22f9773e-1a6b-4561-8642-849f15b43b02</p><p><b>status</b>: Final</p><p><b>type</b>: <span title=\"Codes:{http://loinc.org 60591-5}\">Patient summary Document</span></p><p><b>date</b>: 2024-01-11 10:00:00+0100</p><p><b>author</b>: <a href=\"PractitionerRole-FamilienHausarztAtHausarzt.html\">PractitionerRole</a></p><p><b>title</b>: Patient Summary for IPS Switerland</p><p><b>confidentiality</b>: normal</p><h3>Attesters</h3><table class=\"grid\"><tr><td style=\"display: none\">-</td><td><b>Mode</b></td><td><b>Party</b></td></tr><tr><td style=\"display: none\">*</td><td>Legal</td><td><a href=\"Practitioner-FamilienHausarzt.html\">Practitioner Familien Hausarzt </a></td></tr></table><p><b>custodian</b>: <a href=\"Organization-Hausarzt.html\">Organization Hausarzt</a></p><h3>Events</h3><table class=\"grid\"><tr><td style=\"display: none\">-</td><td><b>Code</b></td><td><b>Period</b></td></tr><tr><td style=\"display: none\">*</td><td><span title=\"Codes:{http://terminology.hl7.org/CodeSystem/v3-ActClass PCPR}\">care provision</span></td><td>?? --&gt; 2024-01-11 10:00:00+0100</td></tr></table></div>"
  },
  "identifier" : {
    "system" : "urn:ietf:rfc:3986",
    "value" : "urn:uuid:22f9773e-1a6b-4561-8642-849f15b43b02"
  },
  "status" : "final",
  "type" : {
    "coding" : [{
      "system" : "http://loinc.org",
      "code" : "60591-5",
      "display" : "Patient summary Document"
    }]
  },
  "subject" : {
    "reference" : "Patient/MonikaWegmueller"
  },
  "date" : "2024-01-11T10:00:00+01:00",
  "author" : [{
    "reference" : "PractitionerRole/FamilienHausarztAtHausarzt"
  }],
  "title" : "Patient Summary for IPS Switerland",
  "confidentiality" : "N",
  "_confidentiality" : {
    "extension" : [{
      "url" : "http://fhir.ch/ig/ch-core/StructureDefinition/ch-ext-epr-confidentialitycode",
      "valueCodeableConcept" : {
        "coding" : [{
          "system" : "http://snomed.info/sct",
          "code" : "17621005",
          "display" : "Normal (qualifier value)"
        }]
      }
    }]
  },
  "attester" : [{
    "mode" : "legal",
    "party" : {
      "reference" : "Practitioner/FamilienHausarzt"
    }
  }],
  "custodian" : {
    "reference" : "Organization/Hausarzt"
  },
  "event" : [{
    "code" : [{
      "coding" : [{
        "system" : "http://terminology.hl7.org/CodeSystem/v3-ActClass",
        "code" : "PCPR",
        "display" : "care provision"
      }]
    }],
    "period" : {
      "end" : "2024-01-11T10:00:00+01:00"
    }
  }],
  "section" : [{
    "title" : "Medikation",
    "code" : {
      "coding" : [{
        "system" : "http://loinc.org",
        "code" : "10160-0",
        "display" : "History of Medication use Narrative"
      }]
    },
    "text" : {
      "status" : "generated",
      "div" : "<div xmlns=\"http://www.w3.org/1999/xhtml\"><ul><li>Metformin</li><li>Candesartan</li></ul></div>"
    },
    "entry" : [{
      "reference" : "MedicationStatement/MedStatMetformin"
    },
    {
      "reference" : "MedicationStatement/MedStatCandesartan"
    }]
  },
  {
    "title" : "Allergien und Intoleranzen",
    "code" : {
      "coding" : [{
        "system" : "http://loinc.org",
        "code" : "48765-2",
        "display" : "Allergies and adverse reactions Document"
      }]
    },
    "text" : {
      "status" : "generated",
      "div" : "<div xmlns=\"http://www.w3.org/1999/xhtml\">Allergien und Intoleranzen nicht erfragt</div>"
    },
    "emptyReason" : {
      "coding" : [{
        "system" : "http://terminology.hl7.org/CodeSystem/list-empty-reason",
        "code" : "notasked",
        "display" : "Not Asked"
      }]
    }
  },
  {
    "title" : "Problemliste",
    "code" : {
      "coding" : [{
        "system" : "http://loinc.org",
        "code" : "11450-4",
        "display" : "Problem list - Reported"
      }]
    },
    "text" : {
      "status" : "generated",
      "div" : "<div xmlns=\"http://www.w3.org/1999/xhtml\"><ul><li>Diabetes mellitus Typ 2</li><li>Bluthochdruck</li><li>Koronare Herzkrankheit</li></ul></div>"
    },
    "entry" : [{
      "reference" : "Condition/DiabetesMellitus"
    },
    {
      "reference" : "Condition/HighBloodPressure"
    },
    {
      "reference" : "Condition/CoronaryHeartDisease"
    }]
  },
  {
    "title" : "Behandlungsverlauf",
    "code" : {
      "coding" : [{
        "system" : "http://loinc.org",
        "code" : "47519-4",
        "display" : "History of Procedures Document"
      }]
    },
    "text" : {
      "status" : "generated",
      "div" : "<div xmlns=\"http://www.w3.org/1999/xhtml\"><ul><li>Stent (27.09.2022) aufgrund koronarer Herzkrankheit</li></ul></div>"
    },
    "entry" : [{
      "reference" : "Procedure/StentPlacement"
    }]
  }]
}