<?xml version="1.0" encoding="UTF-8"?>

<DocumentReference xmlns="http://hl7.org/fhir">
  <id value="1-DocumentReferenceResponseFailed"/>
  <meta>
    <versionId value="2"/>
    <lastUpdated value="2023-10-10T13:30:25.00+02:00"/>
    <profile value="http://fhir.ch/ig/ch-elm/StructureDefinition/PublishDocumentReferenceResponse"/>
  </meta>
  <contained>
    <OperationOutcome>
      <id value="1-OperationOutcome"/>
      <issue>
        <severity value="error"/>
        <code value="not-supported"/>
        <details>
          <text value="unknown type of laboratory report"/>
        </details>
      </issue>
    </OperationOutcome>
  </contained>
  <extension url="http://fhir.ch/ig/ch-elm/StructureDefinition/ch-ext-elm-status">
    <extension url="status">
      <valueCode value="failed"/>
    </extension>
    <extension url="outcome">
      <valueReference>
        <reference value="#1-OperationOutcome"/>
      </valueReference>
    </extension>
  </extension>
  <identifier>
    <system value="urn:ietf:rfc:3986"/>
    <value value="urn:uuid:1901332d-6012-443f-9690-9291adb2e19d"/>
  </identifier>
  <status value="current"/>
  <date value="2023-10-10T13:30:18.668+02:00"/>
  <content>
    <attachment>
      <url value="urn:uuid:1901332d-6012-443f-9690-9291adb2e19d"/>
    </attachment>
  </content>
</DocumentReference>