{"resourceType":"ValueSet","id":"ech-7-cantonflabbreviation","text":{"status":"generated","div":"<div xmlns=\"http://www.w3.org/1999/xhtml\"><ul><li>Include all codes defined in <a href=\"CodeSystem-ech-7-cantonflabbreviation.html\"><code>http://fhir.ch/ig/ch-core/CodeSystem/ech-7-cantonflabbreviation</code></a></li></ul></div>"},"url":"http://fhir.ch/ig/ch-core/ValueSet/ech-7-cantonflabbreviation","version":"3.0.0","name":"ECH007CantonFLAbbreviation","title":"eCH-0007 Canton Abbreviation incl. FL (Fürstentum Liechtenstein)","status":"active","experimental":false,"date":"2024-05-16T11:02:13+00:00","publisher":"HL7 Switzerland","contact":[{"name":"HL7 Switzerland","telecom":[{"system":"url","value":"https://www.hl7.ch/"}]},{"name":"HL7 Switzerland","telecom":[{"system":"url","value":"https://www.hl7.ch/","use":"work"}]}],"description":"eCH-0007: Analogous to cantonAbbreviation, but contains the entry 'FL' for the Principality of Liechtenstein in addition to the actual cantons. ","jurisdiction":[{"coding":[{"system":"urn:iso:std:iso:3166","code":"CH"}]}],"copyright":"CC0-1.0","compose":{"include":[{"system":"http://fhir.ch/ig/ch-core/CodeSystem/ech-7-cantonflabbreviation"}]}}