<?xml version="1.0" encoding="UTF-8"?>

<Observation xmlns="http://hl7.org/fhir">
  <id value="ObservationParacetamolAxapharmPrePadvChangePml"/>
  <meta>
    <profile value="http://fhir.ch/ig/ch-emed-epr/StructureDefinition/ch-emed-epr-observation-list"/>
  </meta>
  <language value="fr-CH"/>
  <text>
    <status value="extensions"/><div xmlns="http://www.w3.org/1999/xhtml" xml:lang="fr-CH" lang="fr-CH"><p class="res-header-id"><b>Generated Narrative: Observation ObservationParacetamolAxapharmPrePadvChangePml</b></p><a name="ObservationParacetamolAxapharmPrePadvChangePml"> </a><a name="hcObservationParacetamolAxapharmPrePadvChangePml"> </a><a name="ObservationParacetamolAxapharmPrePadvChangePml-en-US"> </a><div style="display: inline-block; background-color: #d9e0e7; padding: 6px; margin: 4px; border: 1px solid #8da1b4; border-radius: 5px; line-height: 60%"><p style="margin-bottom: 0px">Language: fr-CH</p><p style="margin-bottom: 0px">Profile: <a href="StructureDefinition-ch-emed-epr-observation-list.html">PML Observation</a></p></div><blockquote><p><b>CH EMED Extension Prescription</b></p><ul><li>id: <a href="http://terminology.hl7.org/6.1.0/NamingSystem-uri.html" title="As defined by RFC 3986 (http://www.ietf.org/rfc/rfc3986.txt)(with many schemes defined in many RFCs). For OIDs and UUIDs, use the URN form (urn:oid:(note: lowercase) and urn:uuid:). See http://www.ietf.org/rfc/rfc3001.txt and http://www.ietf.org/rfc/rfc4122.txt 

This oid is used as an identifier II.root to indicate the the extension is an absolute URI (technically, an IRI). Typically, this is used for OIDs and GUIDs. Note that when this OID is used with OIDs and GUIDs, the II.extension should start with urn:oid or urn:uuid: 

Note that this OID is created to aid with interconversion between CDA and FHIR - FHIR uses urn:ietf:rfc:3986 as equivalent to this OID. URIs as identifiers appear more commonly in FHIR.

This OID may also be used in CD.codeSystem.">Uniform Resource Identifier (URI)</a>/urn:uuid:ac8ad5cd-aa46-49d6-a5ec-fbc48a9287b4</li><li>externalDocumentId: <a href="http://terminology.hl7.org/6.1.0/NamingSystem-uri.html" title="As defined by RFC 3986 (http://www.ietf.org/rfc/rfc3986.txt)(with many schemes defined in many RFCs). For OIDs and UUIDs, use the URN form (urn:oid:(note: lowercase) and urn:uuid:). See http://www.ietf.org/rfc/rfc3001.txt and http://www.ietf.org/rfc/rfc4122.txt 

This oid is used as an identifier II.root to indicate the the extension is an absolute URI (technically, an IRI). Typically, this is used for OIDs and GUIDs. Note that when this OID is used with OIDs and GUIDs, the II.extension should start with urn:oid or urn:uuid: 

Note that this OID is created to aid with interconversion between CDA and FHIR - FHIR uses urn:ietf:rfc:3986 as equivalent to this OID. URIs as identifiers appear more commonly in FHIR.

This OID may also be used in CD.codeSystem.">Uniform Resource Identifier (URI)</a>/urn:uuid:e0c06f3c-1b63-468a-9c46-e800d39b6a15</li></ul></blockquote><p><b>CH EMED Extension MedicationRequest Changed</b>: <a href="Bundle-BundleUtc6bPml.html#urn-uuid-a62e5440-c82c-4270-92fb-d50cd515198a">Bundle: identifier = UUID:90561ab0-6b84-4c46-8d97-f205e028b1a5; type = document; timestamp = 2023-10-01 00:00:00+0200</a></p><blockquote><p><b>CH EMED Extension Pharmaceutical Advice</b></p><ul><li>id: <a href="http://terminology.hl7.org/6.1.0/NamingSystem-uri.html" title="As defined by RFC 3986 (http://www.ietf.org/rfc/rfc3986.txt)(with many schemes defined in many RFCs). For OIDs and UUIDs, use the URN form (urn:oid:(note: lowercase) and urn:uuid:). See http://www.ietf.org/rfc/rfc3001.txt and http://www.ietf.org/rfc/rfc4122.txt 

This oid is used as an identifier II.root to indicate the the extension is an absolute URI (technically, an IRI). Typically, this is used for OIDs and GUIDs. Note that when this OID is used with OIDs and GUIDs, the II.extension should start with urn:oid or urn:uuid: 

Note that this OID is created to aid with interconversion between CDA and FHIR - FHIR uses urn:ietf:rfc:3986 as equivalent to this OID. URIs as identifiers appear more commonly in FHIR.

This OID may also be used in CD.codeSystem.">Uniform Resource Identifier (URI)</a>/urn:uuid:7e64e4bf-65d9-40d4-a2b5-e7ddc254f08d</li><li>externalDocumentId: <a href="http://terminology.hl7.org/6.1.0/NamingSystem-uri.html" title="As defined by RFC 3986 (http://www.ietf.org/rfc/rfc3986.txt)(with many schemes defined in many RFCs). For OIDs and UUIDs, use the URN form (urn:oid:(note: lowercase) and urn:uuid:). See http://www.ietf.org/rfc/rfc3001.txt and http://www.ietf.org/rfc/rfc4122.txt 

This oid is used as an identifier II.root to indicate the the extension is an absolute URI (technically, an IRI). Typically, this is used for OIDs and GUIDs. Note that when this OID is used with OIDs and GUIDs, the II.extension should start with urn:oid or urn:uuid: 

Note that this OID is created to aid with interconversion between CDA and FHIR - FHIR uses urn:ietf:rfc:3986 as equivalent to this OID. URIs as identifiers appear more commonly in FHIR.

This OID may also be used in CD.codeSystem.">Uniform Resource Identifier (URI)</a>/urn:uuid:6c5a6e38-3782-499c-986f-086e7121828d</li></ul></blockquote><p><b>identifier</b>: <a href="http://terminology.hl7.org/6.1.0/NamingSystem-uri.html" title="As defined by RFC 3986 (http://www.ietf.org/rfc/rfc3986.txt)(with many schemes defined in many RFCs). For OIDs and UUIDs, use the URN form (urn:oid:(note: lowercase) and urn:uuid:). See http://www.ietf.org/rfc/rfc3001.txt and http://www.ietf.org/rfc/rfc4122.txt 

This oid is used as an identifier II.root to indicate the the extension is an absolute URI (technically, an IRI). Typically, this is used for OIDs and GUIDs. Note that when this OID is used with OIDs and GUIDs, the II.extension should start with urn:oid or urn:uuid: 

Note that this OID is created to aid with interconversion between CDA and FHIR - FHIR uses urn:ietf:rfc:3986 as equivalent to this OID. URIs as identifiers appear more commonly in FHIR.

This OID may also be used in CD.codeSystem.">Uniform Resource Identifier (URI)</a>/urn:uuid:383ed95d-95d3-4599-b975-9db806359c0d</p><p><b>status</b>: Final</p><p><b>code</b>: <span title="Codes:{urn:oid:1.3.6.1.4.1.19376.1.9.2.1 CHANGE}">CHANGE</span></p><p><b>subject</b>: <a href="Bundle-BundleUtc1Pml.html#urn-uuid-9b00e81e-1165-4039-9d60-698ef838ae1a">Bundle: identifier = UUID:87f151e3-9e67-48aa-8cfe-f816ae5fc084; type = document; timestamp = 2023-10-01 00:00:00+0200</a></p><p><b>issued</b>: 2023-10-04 00:00:00+0200</p><p><b>performer</b>: <a href="Bundle-BundleUtc6bPml.html#urn-uuid-213d609a-1164-459a-bb10-727516ae3d0c">Bundle: identifier = UUID:90561ab0-6b84-4c46-8d97-f205e028b1a5; type = document; timestamp = 2023-10-01 00:00:00+0200</a></p><p><b>note</b>: Difficulté à perndre le comprimé pelliculé, substitution par un comprimé effervescent.</p></div>
  </text>
  <extension url="http://fhir.ch/ig/ch-emed/StructureDefinition/ch-emed-ext-prescription">
    <extension url="id">
      <valueIdentifier>
        <system value="urn:ietf:rfc:3986"/>
        <value value="urn:uuid:ac8ad5cd-aa46-49d6-a5ec-fbc48a9287b4"/>
      </valueIdentifier>
    </extension>
    <extension url="externalDocumentId">
      <valueIdentifier>
        <system value="urn:ietf:rfc:3986"/>
        <value value="urn:uuid:e0c06f3c-1b63-468a-9c46-e800d39b6a15"/>
      </valueIdentifier>
    </extension>
  </extension>
  <extension url="http://fhir.ch/ig/ch-emed/StructureDefinition/ch-emed-ext-medicationrequest-changed">
    <valueReference>
      <reference value="urn:uuid:a62e5440-c82c-4270-92fb-d50cd515198a"/>
    </valueReference>
  </extension>
  <extension url="http://fhir.ch/ig/ch-emed/StructureDefinition/ch-emed-ext-pharmaceuticaladvice">
    <extension url="id">
      <valueIdentifier>
        <system value="urn:ietf:rfc:3986"/>
        <value value="urn:uuid:7e64e4bf-65d9-40d4-a2b5-e7ddc254f08d"/>
      </valueIdentifier>
    </extension>
    <extension url="externalDocumentId">
      <valueIdentifier>
        <system value="urn:ietf:rfc:3986"/>
        <value value="urn:uuid:6c5a6e38-3782-499c-986f-086e7121828d"/>
      </valueIdentifier>
    </extension>
  </extension>
  <identifier>
    <system value="urn:ietf:rfc:3986"/>
    <value value="urn:uuid:383ed95d-95d3-4599-b975-9db806359c0d"/>
  </identifier>
  <status value="final"/>
  <code>
    <coding>
      <system value="urn:oid:1.3.6.1.4.1.19376.1.9.2.1"/>
      <code value="CHANGE"/>
    </coding>
  </code>
  <subject>
    <reference value="urn:uuid:9b00e81e-1165-4039-9d60-698ef838ae1a"/>
  </subject>
  <issued value="2023-10-04T00:00:00+02:00"/>
  <performer>
    <reference value="urn:uuid:213d609a-1164-459a-bb10-727516ae3d0c"/>
  </performer>
  <note>
    <text value="Difficulté à perndre le comprimé pelliculé, substitution par un comprimé effervescent."/>
  </note>
</Observation>