{
  "resourceType" : "Appointment",
  "id" : "AppointmentPending",
  "meta" : {
    "profile" : ["http://fhir.ch/ig/ch-orf/StructureDefinition/ch-orf-appointment"]
  },
  "text" : {
    "status" : "generated",
    "div" : "<div xmlns=\"http://www.w3.org/1999/xhtml\"><p class=\"res-header-id\"><b>Generated Narrative: Appointment AppointmentPending</b></p><a name=\"AppointmentPending\"> </a><a name=\"hcAppointmentPending\"> </a><div style=\"display: inline-block; background-color: #d9e0e7; padding: 6px; margin: 4px; border: 1px solid #8da1b4; border-radius: 5px; line-height: 60%\"><p style=\"margin-bottom: 0px\"/><p style=\"margin-bottom: 0px\">Profile: <a href=\"StructureDefinition-ch-orf-appointment.html\">CH ORF Appointment</a></p></div><p><b>status</b>: Pending</p><p><b>start</b>: 2019-04-01 12:00:00+0000</p><p><b>end</b>: 2019-04-01 12:30:00+0000</p><p><b>patientInstruction</b>: Patient-oriented instructions</p><h3>Participants</h3><table class=\"grid\"><tr><td style=\"display: none\">-</td><td><b>Actor</b></td><td><b>Status</b></td></tr><tr><td style=\"display: none\">*</td><td><a href=\"Location-LocationOfAppointment.html\">Location Appointment-Location</a></td><td>Tentative</td></tr></table></div>"
  },
  "status" : "pending",
  "start" : "2019-04-01T12:00:00.000+00:00",
  "end" : "2019-04-01T12:30:00.000+00:00",
  "patientInstruction" : "Patient-oriented instructions",
  "participant" : [{
    "actor" : {
      "reference" : "Location/LocationOfAppointment"
    },
    "status" : "tentative"
  }]
}