{
  "resourceType" : "Organization",
  "id" : "OrganizationSpitalTrubschachen",
  "meta" : {
    "profile" : ["http://fhir.ch/ig/ch-core/StructureDefinition/ch-core-organization"]
  },
  "text" : {
    "status" : "generated",
    "div" : "<div xmlns=\"http://www.w3.org/1999/xhtml\"><p class=\"res-header-id\"><b>Generated Narrative: Organization OrganizationSpitalTrubschachen</b></p><a name=\"OrganizationSpitalTrubschachen\"> </a><a name=\"hcOrganizationSpitalTrubschachen\"> </a><a name=\"OrganizationSpitalTrubschachen-en-US\"> </a><div style=\"display: inline-block; background-color: #d9e0e7; padding: 6px; margin: 4px; border: 1px solid #8da1b4; border-radius: 5px; line-height: 60%\"><p style=\"margin-bottom: 0px\"/><p style=\"margin-bottom: 0px\">Profile: <a href=\"http://fhir.ch/ig/ch-core/6.0.0-ballot/StructureDefinition-ch-core-organization.html\">CH Core Organization</a></p></div><p><b>name</b>: Spital Trubschachen</p></div>"
  },
  "name" : "Spital Trubschachen"
}