{
  "resourceType" : "Organization",
  "id" : "Kantonsspital",
  "meta" : {
    "profile" : ["http://fhir.ch/ig/ch-core/StructureDefinition/ch-core-organization"]
  },
  "text" : {
    "status" : "generated",
    "div" : "<div xmlns=\"http://www.w3.org/1999/xhtml\"><p><b>Generated Narrative: Organization</b><a name=\"Kantonsspital\"> </a><a name=\"hcKantonsspital\"> </a></p><div style=\"display: inline-block; background-color: #d9e0e7; padding: 6px; margin: 4px; border: 1px solid #8da1b4; border-radius: 5px; line-height: 60%\"><p style=\"margin-bottom: 0px\">ResourceOrganization &quot;Kantonsspital&quot; </p><p style=\"margin-bottom: 0px\">Profile: <a href=\"http://fhir.ch/ig/ch-core/5.0.0-ballot/StructureDefinition-ch-core-organization.html\">CH Core Organization</a></p></div><p><b>name</b>: Kantonsspital</p><p><b>address</b>: Kantonsstrasse 14 Postfach 14 Zürich 8000 Schweiz </p></div>"
  },
  "name" : "Kantonsspital",
  "address" : [{
    "line" : ["Kantonsstrasse 14",
    "Postfach 14"],
    "city" : "Zürich",
    "postalCode" : "8000",
    "country" : "Schweiz"
  }]
}