{
  "resourceType" : "Practitioner",
  "id" : "CopyReceiverSabineMeier",
  "meta" : {
    "profile" : ["http://fhir.ch/ig/ch-core/StructureDefinition/ch-core-practitioner"]
  },
  "text" : {
    "status" : "generated",
    "div" : "<div xmlns=\"http://www.w3.org/1999/xhtml\"><p><b>Generated Narrative: Practitioner</b><a name=\"CopyReceiverSabineMeier\"> </a></p><div style=\"display: inline-block; background-color: #d9e0e7; padding: 6px; margin: 4px; border: 1px solid #8da1b4; border-radius: 5px; line-height: 60%\"><p style=\"margin-bottom: 0px\">Resource Practitioner &quot;CopyReceiverSabineMeier&quot; </p><p style=\"margin-bottom: 0px\">Profile: <a href=\"http://fhir.ch/ig/ch-core/4.0.0-ballot/StructureDefinition-ch-core-practitioner.html\">CH Core Practitioner</a></p></div><p><b>name</b>: Sabine Meier </p><p><b>telecom</b>: ph: 044 333 22 11, <a href=\"mailto:sabine.meier@praxisseeblick.ch\">sabine.meier@praxisseeblick.ch</a></p></div>"
  },
  "name" : [{
    "family" : "Meier",
    "given" : ["Sabine"],
    "prefix" : ["Dr. med."],
    "_prefix" : [{
      "extension" : [{
        "url" : "http://hl7.org/fhir/StructureDefinition/iso21090-EN-qualifier",
        "valueCode" : "AC"
      }]
    }]
  }],
  "telecom" : [{
    "system" : "phone",
    "value" : "044 333 22 11"
  },
  {
    "system" : "email",
    "value" : "sabine.meier@praxisseeblick.ch"
  }]
}