{
  "resourceType" : "ValueSet",
  "id" : "ch-orf-vs-encounterclass",
  "text" : {
    "status" : "extensions",
    "div" : "<div xmlns=\"http://www.w3.org/1999/xhtml\"><ul><li>Include these codes as defined in <a href=\"http://terminology.hl7.org/5.5.0/CodeSystem-v3-ActCode.html\"><code>http://terminology.hl7.org/CodeSystem/v3-ActCode</code></a><table class=\"none\"><tr><td style=\"white-space:nowrap\"><b>Code</b></td><td><b>Display</b></td><td><b>Definition</b></td></tr><tr><td><a href=\"http://terminology.hl7.org/5.5.0/CodeSystem-v3-ActCode.html#v3-ActCode-AMB\">AMB</a></td><td style=\"color: #cccccc\">ambulatory</td><td>A comprehensive term for health care provided in a healthcare facility (e.g. a practitioneraTMs office, clinic setting, or hospital) on a nonresident basis. The term ambulatory usually implies that the patient has come to the location and is not assigned to a bed. Sometimes referred to as an outpatient encounter.</td></tr><tr><td><a href=\"http://terminology.hl7.org/5.5.0/CodeSystem-v3-ActCode.html#v3-ActCode-IMP\">IMP</a></td><td style=\"color: #cccccc\">inpatient encounter</td><td>A patient encounter where a patient is admitted by a hospital or equivalent facility, assigned to a location where patients generally stay at least overnight and provided with room, board, and continuous nursing service.</td></tr><tr><td><a href=\"http://terminology.hl7.org/5.5.0/CodeSystem-v3-ActCode.html#v3-ActCode-EMER\">EMER</a></td><td style=\"color: #cccccc\">emergency</td><td>A patient encounter that takes place at a dedicated healthcare service delivery location where the patient receives immediate evaluation and treatment, provided until the patient can be discharged or responsibility for the patient's care is transferred elsewhere (for example, the patient could be admitted as an inpatient or transferred to another facility.)</td></tr></table></li></ul></div>"
  },
  "url" : "http://fhir.ch/ig/ch-orf/ValueSet/ch-orf-vs-encounterclass",
  "version" : "3.0.0-ballot",
  "name" : "ChOrfEncounterClass",
  "title" : "Encounter Class",
  "status" : "active",
  "experimental" : false,
  "date" : "2024-05-17T06:38:56+00:00",
  "publisher" : "HL7 Switzerland",
  "contact" : [{
    "name" : "HL7 Switzerland",
    "telecom" : [{
      "system" : "url",
      "value" : "https://www.hl7.ch/"
    }]
  }],
  "description" : "Value Set for CH ORF Encounter Class",
  "jurisdiction" : [{
    "coding" : [{
      "system" : "urn:iso:std:iso:3166",
      "code" : "CH"
    }]
  }],
  "copyright" : "CC0-1.0",
  "compose" : {
    "include" : [{
      "system" : "http://terminology.hl7.org/CodeSystem/v3-ActCode",
      "concept" : [{
        "code" : "AMB"
      },
      {
        "code" : "IMP"
      },
      {
        "code" : "EMER"
      }]
    }]
  }
}