{
  "resourceType": "ValueSet",
  "id": "ch-orf-vs-coverageidentifiertype",
  "text": {
    "status": "generated",
    "div": "<div xmlns=\"http://www.w3.org/1999/xhtml\"><ul><li>Include all codes defined in <a href=\"CodeSystem-ch-orf-cs-coverageidentifiertype.html\"><code>http://fhir.ch/ig/ch-orf/CodeSystem/ch-orf-cs-coverageidentifiertype</code></a></li></ul></div>"
  },
  "url": "http://fhir.ch/ig/ch-orf/ValueSet/ch-orf-vs-coverageidentifiertype",
  "version": "1.0.0",
  "name": "ChOrfCoverageIdentifierType",
  "title": "Coverage Identifier Type",
  "status": "active",
  "date": "2022-02-22T11:05:43+01:00",
  "publisher": "HL7 Switzerland",
  "contact": [
    {
      "name": "HL7 Switzerland",
      "telecom": [
        {
          "system": "url",
          "value": "https://www.hl7.ch/"
        }
      ]
    }
  ],
  "description": "Value Set for CH ORF Coverage Identifier Type",
  "jurisdiction": [
    {
      "coding": [
        {
          "system": "urn:iso:std:iso:3166",
          "code": "CH"
        }
      ]
    }
  ],
  "copyright": "CC-BY-SA-4.0",
  "compose": {
    "include": [
      {
        "system": "http://fhir.ch/ig/ch-orf/CodeSystem/ch-orf-cs-coverageidentifiertype"
      }
    ]
  }
}