<?xml version="1.0" encoding="UTF-8"?><ImplementationGuide xmlns="http://hl7.org/fhir"><id value="ch.fhir.ig.ch-orf"/><text><status value="additional"/><div xmlns="http://www.w3.org/1999/xhtml">
      ImplementationGuide for CH-ORF
    </div></text><url value="http://fhir.ch/ig/ch-orf/ImplementationGuide/ch.fhir.ig.ch-orf"/><version value="0.9.1"/><name value="CH_ORF"/><title value="CH-ORF"/><status value="active"/><experimental value="false"/><date value="2018-05-14T00:00:00+02:00"/><publisher value="eHealth Suisse"/><contact><name value="eHealth Suisse"/><telecom><system value="url"/><value value="https://www.e-health-suisse.ch/"/></telecom></contact><contact><name value="Oliver Egger"/><telecom><system value="email"/><value value="oliver.egger@ahdis.ch"/></telecom></contact><description value="ImplementationGuide for CH:ORF"/><jurisdiction><coding><system value="urn:iso:std:iso:3166"/><code value="CH"/></coding></jurisdiction><copyright value="CC-BY-SA-4.0"/><packageId value="ch.fhir.ig.ch-orf"/><license value="CC-BY-SA-4.0"/><fhirVersion value="4.0.1"/><dependsOn><uri value="http://fhir.ch/ig/ch-core"/><packageId value="ch.fhir.ig.ch-core"/><version value="current"/></dependsOn><dependsOn><uri value="http://hl7.org/fhir/uv/sdc"/><packageId value="hl7.fhir.uv.sdc"/><version value="current"/></dependsOn><definition><grouping><name value="CH:ORF"/></grouping><resource><extension url="http://hl7.org/fhir/StructureDefinition/implementationguide-page"><valueUri value="Bundle-referral-min.html"/></extension><reference><reference value="Bundle/referral-min"/></reference><name value="Referral minimal"/><exampleCanonical value="http://fhir.ch/ig/ch-orf/StructureDefinition/ch-orf-document"/></resource><resource><extension url="http://hl7.org/fhir/StructureDefinition/implementationguide-page"><valueUri value="CodeSystem-minimaldataset.html"/></extension><reference><reference value="CodeSystem/minimaldataset"/></reference><name value="Minimal Data Set for questionnaires"/><exampleBoolean value="false"/></resource><resource><extension url="http://hl7.org/fhir/StructureDefinition/implementationguide-page"><valueUri value="Composition-referral-min.html"/></extension><reference><reference value="Composition/referral-min"/></reference><name value="Referral minimal"/><exampleCanonical value="http://fhir.ch/ig/ch-orf/StructureDefinition/ch-orf-composition"/></resource><resource><extension url="http://hl7.org/fhir/StructureDefinition/implementationguide-page"><valueUri value="Patient-FranzMuster.html"/></extension><reference><reference value="Patient/FranzMuster"/></reference><exampleBoolean value="true"/></resource><resource><extension url="http://hl7.org/fhir/StructureDefinition/implementationguide-page"><valueUri value="Practitioner-AgparMarc.html"/></extension><reference><reference value="Practitioner/AgparMarc"/></reference><exampleBoolean value="true"/></resource><resource><extension url="http://hl7.org/fhir/StructureDefinition/implementationguide-page"><valueUri value="Questionnaire-ebida-order-1.html"/></extension><reference><reference value="Questionnaire/ebida-order-1"/></reference><name value="Ebida Order"/><exampleCanonical value="http://fhir.ch/ig/ch-orf/StructureDefinition/ch-orf-questionnaire"/></resource><resource><extension url="http://hl7.org/fhir/StructureDefinition/implementationguide-page"><valueUri value="Questionnaire-lab-order-chemogram.html"/></extension><reference><reference value="Questionnaire/lab-order-chemogram"/></reference><name value="lab order chemogram"/><exampleCanonical value="http://fhir.ch/ig/ch-orf/StructureDefinition/ch-orf-questionnaire"/></resource><resource><extension url="http://hl7.org/fhir/StructureDefinition/implementationguide-page"><valueUri value="Questionnaire-referral-min.html"/></extension><reference><reference value="Questionnaire/referral-min"/></reference><name value="Referral minimal"/><exampleCanonical value="http://fhir.ch/ig/ch-orf/StructureDefinition/ch-orf-questionnaire"/></resource><resource><extension url="http://hl7.org/fhir/StructureDefinition/implementationguide-page"><valueUri value="QuestionnaireResponse-referral-min.html"/></extension><reference><reference value="QuestionnaireResponse/referral-min"/></reference><name value="Referral Response minimal"/><exampleCanonical value="http://fhir.ch/ig/ch-orf/StructureDefinition/ch-orf-questionnaireresponse"/></resource><resource><extension url="http://hl7.org/fhir/StructureDefinition/implementationguide-page"><valueUri value="ServiceRequest-referral-min.html"/></extension><reference><reference value="ServiceRequest/referral-min"/></reference><name value="Referral Response minimal"/><exampleCanonical value="http://fhir.ch/ig/ch-orf/StructureDefinition/ch-orf-servicerequest"/></resource><resource><extension url="http://hl7.org/fhir/StructureDefinition/implementationguide-page"><valueUri value="StructureDefinition-ch-orf-composition.html"/></extension><reference><reference value="StructureDefinition/ch-orf-composition"/></reference><exampleBoolean value="false"/></resource><resource><extension url="http://hl7.org/fhir/StructureDefinition/implementationguide-page"><valueUri value="StructureDefinition-ch-orf-dataentryperson.html"/></extension><reference><reference value="StructureDefinition/ch-orf-dataentryperson"/></reference><exampleBoolean value="false"/></resource><resource><extension url="http://hl7.org/fhir/StructureDefinition/implementationguide-page"><valueUri value="StructureDefinition-ch-orf-precedentdocument.html"/></extension><reference><reference value="StructureDefinition/ch-orf-precedentdocument"/></reference><exampleBoolean value="false"/></resource><resource><extension url="http://hl7.org/fhir/StructureDefinition/implementationguide-page"><valueUri value="StructureDefinition-ch-orf-requestreceiver.html"/></extension><reference><reference value="StructureDefinition/ch-orf-requestreceiver"/></reference><exampleBoolean value="false"/></resource><resource><extension url="http://hl7.org/fhir/StructureDefinition/implementationguide-page"><valueUri value="StructureDefinition-ch-orf-responsereceiver.html"/></extension><reference><reference value="StructureDefinition/ch-orf-responsereceiver"/></reference><exampleBoolean value="false"/></resource><resource><extension url="http://hl7.org/fhir/StructureDefinition/implementationguide-page"><valueUri value="StructureDefinition-ch-orf-urgentnoficationcontactforrequest.html"/></extension><reference><reference value="StructureDefinition/ch-orf-urgentnoficationcontactforrequest"/></reference><exampleBoolean value="false"/></resource><resource><extension url="http://hl7.org/fhir/StructureDefinition/implementationguide-page"><valueUri value="StructureDefinition-ch-orf-urgentnoficationcontactforresponse.html"/></extension><reference><reference value="StructureDefinition/ch-orf-urgentnoficationcontactforresponse"/></reference><exampleBoolean value="false"/></resource><resource><extension url="http://hl7.org/fhir/StructureDefinition/implementationguide-page"><valueUri value="StructureDefinition-ch-orf-document.html"/></extension><reference><reference value="StructureDefinition/ch-orf-document"/></reference><exampleBoolean value="false"/></resource><resource><extension url="http://hl7.org/fhir/StructureDefinition/implementationguide-page"><valueUri value="StructureDefinition-ch-orf-questionnaire.html"/></extension><reference><reference value="StructureDefinition/ch-orf-questionnaire"/></reference><exampleBoolean value="false"/></resource><resource><extension url="http://hl7.org/fhir/StructureDefinition/implementationguide-page"><valueUri value="StructureDefinition-ch-orf-questionnaireresponse.html"/></extension><reference><reference value="StructureDefinition/ch-orf-questionnaireresponse"/></reference><exampleBoolean value="false"/></resource><resource><extension url="http://hl7.org/fhir/StructureDefinition/implementationguide-page"><valueUri value="StructureDefinition-ch-orf-servicerequest.html"/></extension><reference><reference value="StructureDefinition/ch-orf-servicerequest"/></reference><exampleBoolean value="false"/></resource><resource><extension url="http://hl7.org/fhir/StructureDefinition/implementationguide-page"><valueUri value="StructureDefinition-ch-orf-visitnumber.html"/></extension><reference><reference value="StructureDefinition/ch-orf-visitnumber"/></reference><exampleBoolean value="false"/></resource><resource><extension url="http://hl7.org/fhir/StructureDefinition/implementationguide-page"><valueUri value="StructureMap-map-orf.html"/></extension><reference><reference value="StructureMap/map-orf"/></reference><exampleBoolean value="false"/></resource><resource><extension url="http://hl7.org/fhir/StructureDefinition/implementationguide-page"><valueUri value="ValueSet-minimaldataset.html"/></extension><reference><reference value="ValueSet/minimaldataset"/></reference><name value="Minimal Data Set for questionnaires"/><exampleBoolean value="false"/></resource><page><nameUrl value="index.html"/><title value="IG Templage Homepage"/><generation value="html"/></page><parameter><code value="generate-json"/><value value="true"/></parameter><parameter><code value="generate-xml"/><value value="true"/></parameter><parameter><code value="generate-turtle"/><value value="true"/></parameter></definition></ImplementationGuide>