<?xml version="1.0" encoding="UTF-8"?>

<Observation xmlns="http://hl7.org/fhir">
  <id value="UC1-AbdominalCircumference-20250205"/>
  <language value="de-CH"/>
  <text>
    <status value="generated"/><div xmlns="http://www.w3.org/1999/xhtml" xml:lang="de-CH" lang="de-CH"><p class="res-header-id"><b>Generated Narrative: Observation UC1-AbdominalCircumference-20250205</b></p><a name="UC1-AbdominalCircumference-20250205"> </a><a name="hcUC1-AbdominalCircumference-20250205"> </a><div style="display: inline-block; background-color: #d9e0e7; padding: 6px; margin: 4px; border: 1px solid #8da1b4; border-radius: 5px; line-height: 60%"><p style="margin-bottom: 0px">Language: de-CH</p></div><p><b>status</b>: Final</p><p><b>code</b>: <span title="Codes:{http://snomed.info/sct 3941000175104}">Birth abdominal circumference (observable entity)</span></p><p><b>subject</b>: <a href="Patient-UC1-KatrinKinderlieb.html">Katrin Emily Kinderlieb Female, DoB: 1986-01-18 ( urn:oid:2.16.756.5.30.1.123.100.1.1.1#80756015090002647590)</a></p><p><b>encounter</b>: <a href="Encounter-UC1-EncounterMother20250205.html">Encounter: status = finished; class = ambulatory (ActCode#AMB); period = 2025-02-05 --&gt; 2025-02-05</a></p><p><b>effective</b>: 2025-02-05</p><p><b>performer</b>: <a href="PractitionerRole-UC1-PetraSectionataAtFrauenzimmer.html">PractitionerRole Arzt/Ärztin</a></p><p><b>value</b>: 160 centimeter<span style="background: LightGoldenRodYellow"> (Details: UCUM  codecm = 'cm')</span></p></div>
  </text>
  <status value="final"/>
  <code>
    <coding>
      <system value="http://snomed.info/sct"/>
      <code value="3941000175104"/>
      <display value="Birth abdominal circumference (observable entity)"/>
    </coding>
  </code>
  <subject>
    <reference value="Patient/UC1-KatrinKinderlieb"/>
  </subject>
  <encounter>
    <reference value="Encounter/UC1-EncounterMother20250205"/>
  </encounter>
  <effectiveDateTime value="2025-02-05"/>
  <performer>
    <reference value="PractitionerRole/UC1-PetraSectionataAtFrauenzimmer"/>
  </performer>
  <valueQuantity>
    <value value="160"/>
    <unit value="centimeter"/>
    <system value="http://unitsofmeasure.org"/>
    <code value="cm"/>
  </valueQuantity>
</Observation>