<?xml version="1.0" encoding="UTF-8"?>

<Organization xmlns="http://hl7.org/fhir">
  <id value="UC1-LaborPipette"/>
  <language value="de-CH"/>
  <text>
    <status value="generated"/><div xmlns="http://www.w3.org/1999/xhtml" xml:lang="de-CH" lang="de-CH"><p class="res-header-id"><b>Generated Narrative: Organization UC1-LaborPipette</b></p><a name="UC1-LaborPipette"> </a><a name="hcUC1-LaborPipette"> </a><div style="display: inline-block; background-color: #d9e0e7; padding: 6px; margin: 4px; border: 1px solid #8da1b4; border-radius: 5px; line-height: 60%"><p style="margin-bottom: 0px">Language: de-CH</p></div><p><b>name</b>: Labor Pipette</p></div>
  </text>
  <name value="Labor Pipette"/>
</Organization>