<?xml version="1.0" encoding="UTF-8"?>

<Practitioner xmlns="http://hl7.org/fhir">
  <id value="UC3-ClaudiaFruehblick"/>
  <language value="de-CH"/>
  <text>
    <status value="generated"/><div xmlns="http://www.w3.org/1999/xhtml" xml:lang="de-CH" lang="de-CH"><p class="res-header-id"><b>Generated Narrative: Practitioner UC3-ClaudiaFruehblick</b></p><a name="UC3-ClaudiaFruehblick"> </a><a name="hcUC3-ClaudiaFruehblick"> </a><div style="display: inline-block; background-color: #d9e0e7; padding: 6px; margin: 4px; border: 1px solid #8da1b4; border-radius: 5px; line-height: 60%"><p style="margin-bottom: 0px">Language: de-CH</p></div><p><b>identifier</b>: <a href="https://www.gs1.org/standards/id-keys/gln" title="Global Location Number">GLN</a>/7601000239891</p><p><b>name</b>: Claudia Frühblick </p></div>
  </text>
  <identifier>
    <system value="urn:oid:2.51.1.3"/>
    <value value="7601000239891"/>
  </identifier>
  <name>
    <family value="Frühblick"/>
    <given value="Claudia"/>
    <prefix value="Dr. med."/>
  </name>
</Practitioner>