{"resourceType":"CodeSystem","id":"ch-elm-observation-profile-vs","text":{"status":"generated","div":"<div xmlns=\"http://www.w3.org/1999/xhtml\"><p class=\"res-header-id\"><b>Generated Narrative: CodeSystem ch-elm-observation-profile-vs</b></p><a name=\"ch-elm-observation-profile-vs\"> </a><a name=\"hcch-elm-observation-profile-vs\"> </a><p>This case-insensitive code system <code>http://fhir.ch/ig/ch-elm/CodeSystem/ch-elm-observation-profile-vs</code> defines the following codes:</p><table class=\"codes\"><tr><td style=\"white-space:nowrap\"><b>Code</b></td></tr><tr><td style=\"white-space:nowrap\">http://fhir.ch/ig/ch-elm/StructureDefinition/ch-elm-observation-txt<a name=\"ch-elm-observation-profile-vs-http.58.47.47fhir.46ch.47ig.47ch-elm.47StructureDefinition.47ch-elm-observation-txt\"> </a></td></tr><tr><td style=\"white-space:nowrap\">http://fhir.ch/ig/ch-elm/StructureDefinition/ch-elm-observation-rto<a name=\"ch-elm-observation-profile-vs-http.58.47.47fhir.46ch.47ig.47ch-elm.47StructureDefinition.47ch-elm-observation-rto\"> </a></td></tr><tr><td style=\"white-space:nowrap\">http://fhir.ch/ig/ch-elm/StructureDefinition/ch-elm-observation-geno<a name=\"ch-elm-observation-profile-vs-http.58.47.47fhir.46ch.47ig.47ch-elm.47StructureDefinition.47ch-elm-observation-geno\"> </a></td></tr><tr><td style=\"white-space:nowrap\">http://fhir.ch/ig/ch-elm/StructureDefinition/ch-elm-observation-hiv-rec<a name=\"ch-elm-observation-profile-vs-http.58.47.47fhir.46ch.47ig.47ch-elm.47StructureDefinition.47ch-elm-observation-hiv-rec\"> </a></td></tr><tr><td style=\"white-space:nowrap\">http://fhir.ch/ig/ch-elm/StructureDefinition/ch-elm-observation-pq-virl<a name=\"ch-elm-observation-profile-vs-http.58.47.47fhir.46ch.47ig.47ch-elm.47StructureDefinition.47ch-elm-observation-pq-virl\"> </a></td></tr><tr><td style=\"white-space:nowrap\">http://fhir.ch/ig/ch-elm/StructureDefinition/ch-elm-observation-component-conc<a name=\"ch-elm-observation-profile-vs-http.58.47.47fhir.46ch.47ig.47ch-elm.47StructureDefinition.47ch-elm-observation-component-conc\"> </a></td></tr><tr><td style=\"white-space:nowrap\">http://fhir.ch/ig/ch-elm/StructureDefinition/ch-elm-observation-pq-ab<a name=\"ch-elm-observation-profile-vs-http.58.47.47fhir.46ch.47ig.47ch-elm.47StructureDefinition.47ch-elm-observation-pq-ab\"> </a></td></tr></table></div>"},"url":"http://fhir.ch/ig/ch-elm/CodeSystem/ch-elm-observation-profile-vs","version":"1.10.0","name":"ChElmObservationProfileVs","title":"CH ELM Observation Profile Vs","status":"active","experimental":false,"date":"2025-06-23T21:17:45+00:00","publisher":"Federal Office of Public Health FOPH","contact":[{"name":"Federal Office of Public Health FOPH","telecom":[{"system":"url","value":"https://www.bag.admin.ch/bag/en/home/das-bag/kontakt-standort.html"}]}],"description":"The codes contained in this code system represent URLs of Profile Observations that can be used as target codes in ConceptMaps. These profiles defines the Observation in relation to the leading code.","jurisdiction":[{"coding":[{"system":"urn:iso:std:iso:3166","code":"CH"}]}],"copyright":"CC0-1.0","caseSensitive":false,"content":"complete","concept":[{"code":"http://fhir.ch/ig/ch-elm/StructureDefinition/ch-elm-observation-txt"},{"code":"http://fhir.ch/ig/ch-elm/StructureDefinition/ch-elm-observation-rto"},{"code":"http://fhir.ch/ig/ch-elm/StructureDefinition/ch-elm-observation-geno"},{"code":"http://fhir.ch/ig/ch-elm/StructureDefinition/ch-elm-observation-hiv-rec"},{"code":"http://fhir.ch/ig/ch-elm/StructureDefinition/ch-elm-observation-pq-virl"},{"code":"http://fhir.ch/ig/ch-elm/StructureDefinition/ch-elm-observation-component-conc"},{"code":"http://fhir.ch/ig/ch-elm/StructureDefinition/ch-elm-observation-pq-ab"}]}