{"resourceType":"CodeSystem","id":"ch-elm-interpretation-codes-vs","text":{"status":"generated","div":"<div xmlns=\"http://www.w3.org/1999/xhtml\"><p>This case-insensitive code system <code>http://fhir.ch/ig/ch-elm/CodeSystem/ch-elm-interpretation-codes-vs</code> defines the following codes:</p><table class=\"codes\"><tr><td style=\"white-space:nowrap\"><b>Code</b></td></tr><tr><td style=\"white-space:nowrap\">http://fhir.ch/ig/ch-elm/ValueSet/ch-elm-interpretation-codes-pos<a name=\"ch-elm-interpretation-codes-vs-http.58.47.47fhir.46ch.47ig.47ch-elm.47ValueSet.47ch-elm-interpretation-codes-pos\"> </a></td></tr><tr><td style=\"white-space:nowrap\">http://fhir.ch/ig/ch-elm/ValueSet/ch-elm-interpretation-codes-pos-neg<a name=\"ch-elm-interpretation-codes-vs-http.58.47.47fhir.46ch.47ig.47ch-elm.47ValueSet.47ch-elm-interpretation-codes-pos-neg\"> </a></td></tr><tr><td style=\"white-space:nowrap\">http://fhir.ch/ig/ch-elm/ValueSet/ch-elm-interpretation-codes-resistant-susceptible<a name=\"ch-elm-interpretation-codes-vs-http.58.47.47fhir.46ch.47ig.47ch-elm.47ValueSet.47ch-elm-interpretation-codes-resistant-susceptible\"> </a></td></tr></table></div>"},"url":"http://fhir.ch/ig/ch-elm/CodeSystem/ch-elm-interpretation-codes-vs","version":"1.1.1","name":"ChElmInterpretationCodeVs","title":"CH ELM Interpretation Codes Vs","status":"active","experimental":false,"date":"2024-02-27T13:26:20+01:00","publisher":"Federal Office of Public Health FOPH","contact":[{"name":"Federal Office of Public Health FOPH","telecom":[{"system":"url","value":"https://www.bag.admin.ch/bag/en/home/das-bag/kontakt-standort.html"}]}],"description":"This CH ELM code system defines the value set URLs as Interpretation Codes to map in the concept maps the leading codes.","jurisdiction":[{"coding":[{"system":"urn:iso:std:iso:3166","code":"CHE"}]}],"copyright":"CC0-1.0","caseSensitive":false,"content":"complete","concept":[{"code":"http://fhir.ch/ig/ch-elm/ValueSet/ch-elm-interpretation-codes-pos"},{"code":"http://fhir.ch/ig/ch-elm/ValueSet/ch-elm-interpretation-codes-pos-neg"},{"code":"http://fhir.ch/ig/ch-elm/ValueSet/ch-elm-interpretation-codes-resistant-susceptible"}]}