{"resourceType":"ConceptMap","id":"ch-elm-results-susc-to-component-interpretation-code","text":{"status":"generated","div":"<div xmlns=\"http://www.w3.org/1999/xhtml\"><p class=\"res-header-id\"><b>Generated Narrative: ConceptMap ch-elm-results-susc-to-component-interpretation-code</b></p><a name=\"ch-elm-results-susc-to-component-interpretation-code\"> </a><a name=\"hcch-elm-results-susc-to-component-interpretation-code\"> </a><a name=\"ch-elm-results-susc-to-component-interpretation-code-en-US\"> </a><p>Mapping from <a href=\"ValueSet-ch-elm-results-laboratory-observation-susc.html\">CH ELM Results Laboratory Observation Susceptibility</a> to <a href=\"ValueSet-ch-elm-interpretation-codes-vs.html\">CH ELM Interpretation Codes Vs</a></p><br/><p><b>Group 1 </b>Mapping from <a href=\"http://terminology.hl7.org/6.1.0/CodeSystem-v3-loinc.html\">Logical Observation Identifiers, Names and Codes (LOINC)</a> to <a href=\"CodeSystem-ch-elm-interpretation-codes-vs.html\">CH ELM Interpretation Codes Vs</a></p><table class=\"grid\"><tr><td><b>Source Code</b></td><td><b>Relationship</b></td><td><b>Target Code</b></td></tr><tr><td>29579-0 (Mycobacterial susceptibility panel by Method for Slow-growing mycobacteria)</td><td><a href=\"http://hl7.org/fhir/R5/codesystem-concept-map-relationship.html#relatedto\" title=\"relatedto\">is related to</a></td><td>http://fhir.ch/ig/ch-elm/ValueSet/ch-elm-interpretation-codes-res-sus</td></tr></table></div>"},"url":"http://fhir.ch/ig/ch-elm/ConceptMap/ch-elm-results-susc-to-component-interpretation-code","version":"1.9.0","name":"ChElmResultsSuscToComponentInterpretationCode","title":"CH ELM Results Susceptibility To Component Interpretation Code","status":"active","experimental":false,"date":"2025-03-18T17:14:46+00:00","publisher":"Federal Office of Public Health FOPH","contact":[{"name":"Federal Office of Public Health FOPH","telecom":[{"system":"url","value":"https://www.bag.admin.ch/bag/en/home/das-bag/kontakt-standort.html"}]}],"description":"This CH ELM concept map specifies the ValuesSet for component.code for each leading code.","jurisdiction":[{"coding":[{"system":"urn:iso:std:iso:3166","code":"CH"}]}],"copyright":"CC0-1.0","sourceCanonical":"http://fhir.ch/ig/ch-elm/ValueSet/ch-elm-results-laboratory-observation-susc","targetCanonical":"http://fhir.ch/ig/ch-elm/ValueSet/ch-elm-interpretation-codes-vs","group":[{"source":"http://loinc.org","target":"http://fhir.ch/ig/ch-elm/CodeSystem/ch-elm-interpretation-codes-vs","element":[{"code":"29579-0","display":"Mycobacterial susceptibility panel by Method for Slow-growing mycobacteria","target":[{"code":"http://fhir.ch/ig/ch-elm/ValueSet/ch-elm-interpretation-codes-res-sus","equivalence":"relatedto"}]}]}]}