{"resourceType":"ConceptMap","id":"ch-elm-results-to-foph-patient-name-representation","text":{"status":"extensions","div":"<div xmlns=\"http://www.w3.org/1999/xhtml\"><p>Mapping from <a href=\"ValueSet-ch-elm-results-laboratory-observation.html\">CH ELM Results Laboratory Observation</a> to <a href=\"ValueSet-ch-elm-foph-patient-name-representation.html\">CH ELM FOPH Patient Name Representation</a></p><p>ACTIVE. Published on 2024-01-31 12:59:55+0100 by Federal Office of Public Health FOPH (Federal Office of Public Health FOPH: <a href=\"https://www.bag.admin.ch/bag/en/home/das-bag/kontakt-standort.html\">https://www.bag.admin.ch/bag/e...</a>). CC0-1.0</p><div><p>This CH ELM concept map specifies the required mode of patient representation for each leading code. It determines whether the full name, initials, or a unique code (e.g., for HIV patients) should be used, based on the specific LOINC code associated with the laboratory data. This ensures consistent and appropriate handling of patient identity in accordance with the type of pathogen reported.</p>\n</div><br/><p><b>Group 1</b>Mapping from <a href=\"http://terminology.hl7.org/5.3.0/CodeSystem-v3-loinc.html\">Logical Observation Identifiers, Names and Codes (LOINC)</a> to <a href=\"CodeSystem-ch-elm-foph-patient-name-representation.html\">CH ELM FOPH Patient Name Representation</a></p><table class=\"grid\"><tr><td><b>Source Code</b></td><td><b>Relationship</b></td><td><b>Target Code</b></td></tr><tr><td>14127-5 (Neisseria gonorrhoeae [Presence] in Anal by Organism specific culture)</td><td><a href=\"http://hl7.org/fhir/R4/codesystem-concept-map-equivalence.html#null\"/></td><td>initials</td></tr><tr><td>21415-5 (Neisseria gonorrhoeae DNA [Presence] in Urethra by NAA with probe detection)</td><td><a href=\"http://hl7.org/fhir/R4/codesystem-concept-map-equivalence.html#null\"/></td><td>initials</td></tr><tr><td>21416-3 (Neisseria gonorrhoeae DNA [Presence] in Urine by NAA with probe detection)</td><td><a href=\"http://hl7.org/fhir/R4/codesystem-concept-map-equivalence.html#null\"/></td><td>initials</td></tr><tr><td>24111-7 (Neisseria gonorrhoeae DNA [Presence] in Specimen by NAA with probe detection)</td><td><a href=\"http://hl7.org/fhir/R4/codesystem-concept-map-equivalence.html#null\"/></td><td>initials</td></tr><tr><td>32705-6 (Neisseria gonorrhoeae DNA [Presence] in Vaginal fluid by NAA with probe detection)</td><td><a href=\"http://hl7.org/fhir/R4/codesystem-concept-map-equivalence.html#null\"/></td><td>initials</td></tr><tr><td>43305-2 (Neisseria gonorrhoeae rRNA [Presence] in Specimen by NAA with probe detection)</td><td><a href=\"http://hl7.org/fhir/R4/codesystem-concept-map-equivalence.html#null\"/></td><td>initials</td></tr><tr><td>47387-6 (Neisseria gonorrhoeae DNA [Presence] in Genital specimen by NAA with probe detection)</td><td><a href=\"http://hl7.org/fhir/R4/codesystem-concept-map-equivalence.html#null\"/></td><td>initials</td></tr><tr><td>50388-8 (Neisseria gonorrhoeae rRNA [Presence] in Cervix by NAA with probe detection)</td><td><a href=\"http://hl7.org/fhir/R4/codesystem-concept-map-equivalence.html#null\"/></td><td>initials</td></tr><tr><td>53879-3 (Neisseria gonorrhoeae rRNA [Presence] in Vaginal fluid by NAA with probe detection)</td><td><a href=\"http://hl7.org/fhir/R4/codesystem-concept-map-equivalence.html#null\"/></td><td>initials</td></tr><tr><td>53927-0 (Neisseria gonorrhoeae rRNA [Presence] in Urethra by NAA with probe detection)</td><td><a href=\"http://hl7.org/fhir/R4/codesystem-concept-map-equivalence.html#null\"/></td><td>initials</td></tr><tr><td>57458-2 (Neisseria gonorrhoeae rRNA [Presence] in Anal by NAA with probe detection)</td><td><a href=\"http://hl7.org/fhir/R4/codesystem-concept-map-equivalence.html#null\"/></td><td>initials</td></tr><tr><td>60255-7 (Neisseria gonorrhoeae rRNA [Presence] in Throat by NAA with probe detection)</td><td><a href=\"http://hl7.org/fhir/R4/codesystem-concept-map-equivalence.html#null\"/></td><td>initials</td></tr><tr><td>60256-5 (Neisseria gonorrhoeae rRNA [Presence] in Urine by NAA with probe detection)</td><td><a href=\"http://hl7.org/fhir/R4/codesystem-concept-map-equivalence.html#null\"/></td><td>initials</td></tr><tr><td>688-2 (Neisseria gonorrhoeae [Presence] in Cervix by Organism specific culture)</td><td><a href=\"http://hl7.org/fhir/R4/codesystem-concept-map-equivalence.html#null\"/></td><td>initials</td></tr><tr><td>691-6 (Neisseria gonorrhoeae [Presence] in Genital specimen by Organism specific culture)</td><td><a href=\"http://hl7.org/fhir/R4/codesystem-concept-map-equivalence.html#null\"/></td><td>initials</td></tr><tr><td>693-2 (Neisseria gonorrhoeae [Presence] in Vaginal fluid by Organism specific culture)</td><td><a href=\"http://hl7.org/fhir/R4/codesystem-concept-map-equivalence.html#null\"/></td><td>initials</td></tr><tr><td>694-0 (Neisseria gonorrhoeae [Presence] in Semen by Organism specific culture)</td><td><a href=\"http://hl7.org/fhir/R4/codesystem-concept-map-equivalence.html#null\"/></td><td>initials</td></tr><tr><td>696-5 (Neisseria gonorrhoeae [Presence] in Throat by Organism specific culture)</td><td><a href=\"http://hl7.org/fhir/R4/codesystem-concept-map-equivalence.html#null\"/></td><td>initials</td></tr><tr><td>697-3 (Neisseria gonorrhoeae [Presence] in Urethra by Organism specific culture)</td><td><a href=\"http://hl7.org/fhir/R4/codesystem-concept-map-equivalence.html#null\"/></td><td>initials</td></tr><tr><td>698-1 (Neisseria gonorrhoeae [Presence] in Specimen by Organism specific culture)</td><td><a href=\"http://hl7.org/fhir/R4/codesystem-concept-map-equivalence.html#null\"/></td><td>initials</td></tr><tr><td>80366-8 (Neisseria gonorrhoeae rRNA [Presence] in Anorectal by NAA with probe detection)</td><td><a href=\"http://hl7.org/fhir/R4/codesystem-concept-map-equivalence.html#null\"/></td><td>initials</td></tr><tr><td>80368-4 (Neisseria gonorrhoeae [Presence] in Anorectal by Organism specific culture)</td><td><a href=\"http://hl7.org/fhir/R4/codesystem-concept-map-equivalence.html#null\"/></td><td>initials</td></tr><tr><td>88224-1 (Neisseria gonorrhoeae DNA [Presence] in Anorectal by NAA with probe detection)</td><td><a href=\"http://hl7.org/fhir/R4/codesystem-concept-map-equivalence.html#null\"/></td><td>initials</td></tr><tr><td>88225-8 (Neisseria gonorrhoeae DNA [Presence] in Throat by NAA with probe detection)</td><td><a href=\"http://hl7.org/fhir/R4/codesystem-concept-map-equivalence.html#null\"/></td><td>initials</td></tr><tr><td>96599-6 (Neisseria gonorrhoeae DNA [Presence] in Cervix by NAA with probe detection)</td><td><a href=\"http://hl7.org/fhir/R4/codesystem-concept-map-equivalence.html#null\"/></td><td>initials</td></tr><tr><td>14463-4 (Chlamydia trachomatis [Presence] in Cervix by Organism specific culture)</td><td><a href=\"http://hl7.org/fhir/R4/codesystem-concept-map-equivalence.html#null\"/></td><td>initials</td></tr><tr><td>14464-2 (Chlamydia trachomatis [Presence] in Vaginal fluid by Organism specific culture)</td><td><a href=\"http://hl7.org/fhir/R4/codesystem-concept-map-equivalence.html#null\"/></td><td>initials</td></tr><tr><td>14465-9 (Chlamydia trachomatis [Presence] in Urethra by Organism specific culture)</td><td><a href=\"http://hl7.org/fhir/R4/codesystem-concept-map-equivalence.html#null\"/></td><td>initials</td></tr><tr><td>16600-9 (Chlamydia trachomatis rRNA [Presence] in Genital specimen by probe)</td><td><a href=\"http://hl7.org/fhir/R4/codesystem-concept-map-equivalence.html#null\"/></td><td>initials</td></tr><tr><td>21190-4 (Chlamydia trachomatis DNA [Presence] in Cervix by NAA with probe detection)</td><td><a href=\"http://hl7.org/fhir/R4/codesystem-concept-map-equivalence.html#null\"/></td><td>initials</td></tr><tr><td>21191-2 (Chlamydia trachomatis DNA [Presence] in Urethra by NAA with probe detection)</td><td><a href=\"http://hl7.org/fhir/R4/codesystem-concept-map-equivalence.html#null\"/></td><td>initials</td></tr><tr><td>21613-5 (Chlamydia trachomatis DNA [Presence] in Specimen by NAA with probe detection)</td><td><a href=\"http://hl7.org/fhir/R4/codesystem-concept-map-equivalence.html#null\"/></td><td>initials</td></tr><tr><td>23838-6 (Chlamydia trachomatis rRNA [Presence] in Genital fluid by probe)</td><td><a href=\"http://hl7.org/fhir/R4/codesystem-concept-map-equivalence.html#null\"/></td><td>initials</td></tr><tr><td>31777-6 (Chlamydia trachomatis Ag [Presence] in Specimen)</td><td><a href=\"http://hl7.org/fhir/R4/codesystem-concept-map-equivalence.html#null\"/></td><td>initials</td></tr><tr><td>42931-6 (Chlamydia trachomatis rRNA [Presence] in Urine by NAA with probe detection)</td><td><a href=\"http://hl7.org/fhir/R4/codesystem-concept-map-equivalence.html#null\"/></td><td>initials</td></tr><tr><td>43304-5 (Chlamydia trachomatis rRNA [Presence] in Specimen by NAA with probe detection)</td><td><a href=\"http://hl7.org/fhir/R4/codesystem-concept-map-equivalence.html#null\"/></td><td>initials</td></tr><tr><td>45084-1 (Chlamydia trachomatis DNA [Presence] in Vaginal fluid by NAA with probe detection)</td><td><a href=\"http://hl7.org/fhir/R4/codesystem-concept-map-equivalence.html#null\"/></td><td>initials</td></tr><tr><td>45090-8 (Chlamydia trachomatis DNA [Presence] in Anal by NAA with probe detection)</td><td><a href=\"http://hl7.org/fhir/R4/codesystem-concept-map-equivalence.html#null\"/></td><td>initials</td></tr><tr><td>45093-2 (Chlamydia trachomatis [Presence] in Anal by Organism specific culture)</td><td><a href=\"http://hl7.org/fhir/R4/codesystem-concept-map-equivalence.html#null\"/></td><td>initials</td></tr><tr><td>45095-7 (Chlamydia trachomatis [Presence] in Genital specimen by Organism specific culture)</td><td><a href=\"http://hl7.org/fhir/R4/codesystem-concept-map-equivalence.html#null\"/></td><td>initials</td></tr><tr><td>50387-0 (Chlamydia trachomatis rRNA [Presence] in Cervix by NAA with probe detection)</td><td><a href=\"http://hl7.org/fhir/R4/codesystem-concept-map-equivalence.html#null\"/></td><td>initials</td></tr><tr><td>51578-3 (Chlamydia trachomatis DNA [Presence] in Semen by NAA with probe detection)</td><td><a href=\"http://hl7.org/fhir/R4/codesystem-concept-map-equivalence.html#null\"/></td><td>initials</td></tr><tr><td>53925-4 (Chlamydia trachomatis rRNA [Presence] in Urethra by NAA with probe detection)</td><td><a href=\"http://hl7.org/fhir/R4/codesystem-concept-map-equivalence.html#null\"/></td><td>initials</td></tr><tr><td>53926-2 (Chlamydia trachomatis rRNA [Presence] in Vaginal fluid by NAA with probe detection)</td><td><a href=\"http://hl7.org/fhir/R4/codesystem-concept-map-equivalence.html#null\"/></td><td>initials</td></tr><tr><td>57287-5 (Chlamydia trachomatis rRNA [Presence] in Anal by NAA with probe detection)</td><td><a href=\"http://hl7.org/fhir/R4/codesystem-concept-map-equivalence.html#null\"/></td><td>initials</td></tr><tr><td>6349-5 (Chlamydia trachomatis [Presence] in Specimen by Organism specific culture)</td><td><a href=\"http://hl7.org/fhir/R4/codesystem-concept-map-equivalence.html#null\"/></td><td>initials</td></tr><tr><td>6356-0 (Chlamydia trachomatis DNA [Presence] in Genital specimen by NAA with probe detection)</td><td><a href=\"http://hl7.org/fhir/R4/codesystem-concept-map-equivalence.html#null\"/></td><td>initials</td></tr><tr><td>6357-8 (Chlamydia trachomatis DNA [Presence] in Urine by NAA with probe detection)</td><td><a href=\"http://hl7.org/fhir/R4/codesystem-concept-map-equivalence.html#null\"/></td><td>initials</td></tr><tr><td>80363-5 (Chlamydia trachomatis DNA [Presence] in Anorectal by NAA with probe detection)</td><td><a href=\"http://hl7.org/fhir/R4/codesystem-concept-map-equivalence.html#null\"/></td><td>initials</td></tr><tr><td>80364-3 (Chlamydia trachomatis rRNA [Presence] in Anorectal by NAA with probe detection)</td><td><a href=\"http://hl7.org/fhir/R4/codesystem-concept-map-equivalence.html#null\"/></td><td>initials</td></tr><tr><td>80367-6 (Chlamydia trachomatis [Presence] in Anorectal by Organism specific culture)</td><td><a href=\"http://hl7.org/fhir/R4/codesystem-concept-map-equivalence.html#null\"/></td><td>initials</td></tr><tr><td>85827-4 (Carbapenem resistance bla OXA-48-like gene [Presence] by Molecular method)</td><td><a href=\"http://hl7.org/fhir/R4/codesystem-concept-map-equivalence.html#null\"/></td><td>initials</td></tr><tr><td>101552-8 (Campylobacter coli DNA [Presence] in Stool by NAA with probe detection)</td><td><a href=\"http://hl7.org/fhir/R4/codesystem-concept-map-equivalence.html#null\"/></td><td>initials</td></tr><tr><td>100343-3 (Influenza virus B RNA [Presence] in Saliva (oral fluid) by NAA with probe detection)</td><td><a href=\"http://hl7.org/fhir/R4/codesystem-concept-map-equivalence.html#null\"/></td><td>initials</td></tr><tr><td>94500-6 (SARS-CoV-2 (COVID-19) RNA [Presence] in Respiratory specimen by NAA with probe detection)</td><td><a href=\"http://hl7.org/fhir/R4/codesystem-concept-map-equivalence.html#null\"/></td><td>full-name</td></tr></table><hr/><p><b>Group 2</b>Mapping from <a href=\"http://hl7.org/fhir/R4/codesystem-snomedct.html\">SNOMED CT (all versions)</a> to <a href=\"CodeSystem-ch-elm-foph-patient-name-representation.html\">CH ELM FOPH Patient Name Representation</a></p><table class=\"grid\"><tr><td><b>Source Code</b></td><td><b>Relationship</b></td><td><b>Target Code</b></td></tr><tr><td>72904005 (Treponema pallidum (organism))</td><td><a href=\"http://hl7.org/fhir/R4/codesystem-concept-map-equivalence.html#null\"/></td><td>initials</td></tr></table></div>"},"url":"http://fhir.ch/ig/ch-elm/ConceptMap/ch-elm-results-to-foph-patient-name-representation","version":"1.1.0","name":"ChElmResultsToFophPatientNameRepresentation","title":"CH ELM Results To FOPH Patient Name Representation","status":"active","experimental":false,"date":"2024-01-31T12:59:55+01:00","publisher":"Federal Office of Public Health FOPH","contact":[{"name":"Federal Office of Public Health FOPH","telecom":[{"system":"url","value":"https://www.bag.admin.ch/bag/en/home/das-bag/kontakt-standort.html"}]}],"description":"This CH ELM concept map specifies the required mode of patient representation for each leading code. It determines whether the full name, initials, or a unique code (e.g., for HIV patients) should be used, based on the specific LOINC code associated with the laboratory data. This ensures consistent and appropriate handling of patient identity in accordance with the type of pathogen reported.","jurisdiction":[{"coding":[{"system":"urn:iso:std:iso:3166","code":"CHE"}]}],"copyright":"CC0-1.0","sourceCanonical":"http://fhir.ch/ig/ch-elm/ValueSet/ch-elm-results-laboratory-observation","targetCanonical":"http://fhir.ch/ig/ch-elm/ValueSet/ch-elm-foph-patient-name-representation","group":[{"source":"http://loinc.org","target":"http://fhir.ch/ig/ch-elm/CodeSystem/ch-elm-foph-patient-name-representation","element":[{"code":"14127-5","display":"Neisseria gonorrhoeae [Presence] in Anal by Organism specific culture","target":[{"modifierExtension":[{"url":"http://hl7.org/fhir/1.0/StructureDefinition/extension-ConceptMap.element.target.equivalence","valueCode":"relatedto"}],"code":"initials","equivalence":"relatedto"}]},{"code":"21415-5","display":"Neisseria gonorrhoeae DNA [Presence] in Urethra by NAA with probe detection","target":[{"modifierExtension":[{"url":"http://hl7.org/fhir/1.0/StructureDefinition/extension-ConceptMap.element.target.equivalence","valueCode":"relatedto"}],"code":"initials","equivalence":"relatedto"}]},{"code":"21416-3","display":"Neisseria gonorrhoeae DNA [Presence] in Urine by NAA with probe detection","target":[{"modifierExtension":[{"url":"http://hl7.org/fhir/1.0/StructureDefinition/extension-ConceptMap.element.target.equivalence","valueCode":"relatedto"}],"code":"initials","equivalence":"relatedto"}]},{"code":"24111-7","display":"Neisseria gonorrhoeae DNA [Presence] in Specimen by NAA with probe detection","target":[{"modifierExtension":[{"url":"http://hl7.org/fhir/1.0/StructureDefinition/extension-ConceptMap.element.target.equivalence","valueCode":"relatedto"}],"code":"initials","equivalence":"relatedto"}]},{"code":"32705-6","display":"Neisseria gonorrhoeae DNA [Presence] in Vaginal fluid by NAA with probe detection","target":[{"modifierExtension":[{"url":"http://hl7.org/fhir/1.0/StructureDefinition/extension-ConceptMap.element.target.equivalence","valueCode":"relatedto"}],"code":"initials","equivalence":"relatedto"}]},{"code":"43305-2","display":"Neisseria gonorrhoeae rRNA [Presence] in Specimen by NAA with probe detection","target":[{"modifierExtension":[{"url":"http://hl7.org/fhir/1.0/StructureDefinition/extension-ConceptMap.element.target.equivalence","valueCode":"relatedto"}],"code":"initials","equivalence":"relatedto"}]},{"code":"47387-6","display":"Neisseria gonorrhoeae DNA [Presence] in Genital specimen by NAA with probe detection","target":[{"modifierExtension":[{"url":"http://hl7.org/fhir/1.0/StructureDefinition/extension-ConceptMap.element.target.equivalence","valueCode":"relatedto"}],"code":"initials","equivalence":"relatedto"}]},{"code":"50388-8","display":"Neisseria gonorrhoeae rRNA [Presence] in Cervix by NAA with probe detection","target":[{"modifierExtension":[{"url":"http://hl7.org/fhir/1.0/StructureDefinition/extension-ConceptMap.element.target.equivalence","valueCode":"relatedto"}],"code":"initials","equivalence":"relatedto"}]},{"code":"53879-3","display":"Neisseria gonorrhoeae rRNA [Presence] in Vaginal fluid by NAA with probe detection","target":[{"modifierExtension":[{"url":"http://hl7.org/fhir/1.0/StructureDefinition/extension-ConceptMap.element.target.equivalence","valueCode":"relatedto"}],"code":"initials","equivalence":"relatedto"}]},{"code":"53927-0","display":"Neisseria gonorrhoeae rRNA [Presence] in Urethra by NAA with probe detection","target":[{"modifierExtension":[{"url":"http://hl7.org/fhir/1.0/StructureDefinition/extension-ConceptMap.element.target.equivalence","valueCode":"relatedto"}],"code":"initials","equivalence":"relatedto"}]},{"code":"57458-2","display":"Neisseria gonorrhoeae rRNA [Presence] in Anal by NAA with probe detection","target":[{"modifierExtension":[{"url":"http://hl7.org/fhir/1.0/StructureDefinition/extension-ConceptMap.element.target.equivalence","valueCode":"relatedto"}],"code":"initials","equivalence":"relatedto"}]},{"code":"60255-7","display":"Neisseria gonorrhoeae rRNA [Presence] in Throat by NAA with probe detection","target":[{"modifierExtension":[{"url":"http://hl7.org/fhir/1.0/StructureDefinition/extension-ConceptMap.element.target.equivalence","valueCode":"relatedto"}],"code":"initials","equivalence":"relatedto"}]},{"code":"60256-5","display":"Neisseria gonorrhoeae rRNA [Presence] in Urine by NAA with probe detection","target":[{"modifierExtension":[{"url":"http://hl7.org/fhir/1.0/StructureDefinition/extension-ConceptMap.element.target.equivalence","valueCode":"relatedto"}],"code":"initials","equivalence":"relatedto"}]},{"code":"688-2","display":"Neisseria gonorrhoeae [Presence] in Cervix by Organism specific culture","target":[{"modifierExtension":[{"url":"http://hl7.org/fhir/1.0/StructureDefinition/extension-ConceptMap.element.target.equivalence","valueCode":"relatedto"}],"code":"initials","equivalence":"relatedto"}]},{"code":"691-6","display":"Neisseria gonorrhoeae [Presence] in Genital specimen by Organism specific culture","target":[{"modifierExtension":[{"url":"http://hl7.org/fhir/1.0/StructureDefinition/extension-ConceptMap.element.target.equivalence","valueCode":"relatedto"}],"code":"initials","equivalence":"relatedto"}]},{"code":"693-2","display":"Neisseria gonorrhoeae [Presence] in Vaginal fluid by Organism specific culture","target":[{"modifierExtension":[{"url":"http://hl7.org/fhir/1.0/StructureDefinition/extension-ConceptMap.element.target.equivalence","valueCode":"relatedto"}],"code":"initials","equivalence":"relatedto"}]},{"code":"694-0","display":"Neisseria gonorrhoeae [Presence] in Semen by Organism specific culture","target":[{"modifierExtension":[{"url":"http://hl7.org/fhir/1.0/StructureDefinition/extension-ConceptMap.element.target.equivalence","valueCode":"relatedto"}],"code":"initials","equivalence":"relatedto"}]},{"code":"696-5","display":"Neisseria gonorrhoeae [Presence] in Throat by Organism specific culture","target":[{"modifierExtension":[{"url":"http://hl7.org/fhir/1.0/StructureDefinition/extension-ConceptMap.element.target.equivalence","valueCode":"relatedto"}],"code":"initials","equivalence":"relatedto"}]},{"code":"697-3","display":"Neisseria gonorrhoeae [Presence] in Urethra by Organism specific culture","target":[{"modifierExtension":[{"url":"http://hl7.org/fhir/1.0/StructureDefinition/extension-ConceptMap.element.target.equivalence","valueCode":"relatedto"}],"code":"initials","equivalence":"relatedto"}]},{"code":"698-1","display":"Neisseria gonorrhoeae [Presence] in Specimen by Organism specific culture","target":[{"modifierExtension":[{"url":"http://hl7.org/fhir/1.0/StructureDefinition/extension-ConceptMap.element.target.equivalence","valueCode":"relatedto"}],"code":"initials","equivalence":"relatedto"}]},{"code":"80366-8","display":"Neisseria gonorrhoeae rRNA [Presence] in Anorectal by NAA with probe detection","target":[{"modifierExtension":[{"url":"http://hl7.org/fhir/1.0/StructureDefinition/extension-ConceptMap.element.target.equivalence","valueCode":"relatedto"}],"code":"initials","equivalence":"relatedto"}]},{"code":"80368-4","display":"Neisseria gonorrhoeae [Presence] in Anorectal by Organism specific culture","target":[{"modifierExtension":[{"url":"http://hl7.org/fhir/1.0/StructureDefinition/extension-ConceptMap.element.target.equivalence","valueCode":"relatedto"}],"code":"initials","equivalence":"relatedto"}]},{"code":"88224-1","display":"Neisseria gonorrhoeae DNA [Presence] in Anorectal by NAA with probe detection","target":[{"modifierExtension":[{"url":"http://hl7.org/fhir/1.0/StructureDefinition/extension-ConceptMap.element.target.equivalence","valueCode":"relatedto"}],"code":"initials","equivalence":"relatedto"}]},{"code":"88225-8","display":"Neisseria gonorrhoeae DNA [Presence] in Throat by NAA with probe detection","target":[{"modifierExtension":[{"url":"http://hl7.org/fhir/1.0/StructureDefinition/extension-ConceptMap.element.target.equivalence","valueCode":"relatedto"}],"code":"initials","equivalence":"relatedto"}]},{"code":"96599-6","display":"Neisseria gonorrhoeae DNA [Presence] in Cervix by NAA with probe detection","target":[{"modifierExtension":[{"url":"http://hl7.org/fhir/1.0/StructureDefinition/extension-ConceptMap.element.target.equivalence","valueCode":"relatedto"}],"code":"initials","equivalence":"relatedto"}]},{"code":"14463-4","display":"Chlamydia trachomatis [Presence] in Cervix by Organism specific culture","target":[{"modifierExtension":[{"url":"http://hl7.org/fhir/1.0/StructureDefinition/extension-ConceptMap.element.target.equivalence","valueCode":"relatedto"}],"code":"initials","equivalence":"relatedto"}]},{"code":"14464-2","display":"Chlamydia trachomatis [Presence] in Vaginal fluid by Organism specific culture","target":[{"modifierExtension":[{"url":"http://hl7.org/fhir/1.0/StructureDefinition/extension-ConceptMap.element.target.equivalence","valueCode":"relatedto"}],"code":"initials","equivalence":"relatedto"}]},{"code":"14465-9","display":"Chlamydia trachomatis [Presence] in Urethra by Organism specific culture","target":[{"modifierExtension":[{"url":"http://hl7.org/fhir/1.0/StructureDefinition/extension-ConceptMap.element.target.equivalence","valueCode":"relatedto"}],"code":"initials","equivalence":"relatedto"}]},{"code":"16600-9","display":"Chlamydia trachomatis rRNA [Presence] in Genital specimen by probe","target":[{"modifierExtension":[{"url":"http://hl7.org/fhir/1.0/StructureDefinition/extension-ConceptMap.element.target.equivalence","valueCode":"relatedto"}],"code":"initials","equivalence":"relatedto"}]},{"code":"21190-4","display":"Chlamydia trachomatis DNA [Presence] in Cervix by NAA with probe detection","target":[{"modifierExtension":[{"url":"http://hl7.org/fhir/1.0/StructureDefinition/extension-ConceptMap.element.target.equivalence","valueCode":"relatedto"}],"code":"initials","equivalence":"relatedto"}]},{"code":"21191-2","display":"Chlamydia trachomatis DNA [Presence] in Urethra by NAA with probe detection","target":[{"modifierExtension":[{"url":"http://hl7.org/fhir/1.0/StructureDefinition/extension-ConceptMap.element.target.equivalence","valueCode":"relatedto"}],"code":"initials","equivalence":"relatedto"}]},{"code":"21613-5","display":"Chlamydia trachomatis DNA [Presence] in Specimen by NAA with probe detection","target":[{"modifierExtension":[{"url":"http://hl7.org/fhir/1.0/StructureDefinition/extension-ConceptMap.element.target.equivalence","valueCode":"relatedto"}],"code":"initials","equivalence":"relatedto"}]},{"code":"23838-6","display":"Chlamydia trachomatis rRNA [Presence] in Genital fluid by probe","target":[{"modifierExtension":[{"url":"http://hl7.org/fhir/1.0/StructureDefinition/extension-ConceptMap.element.target.equivalence","valueCode":"relatedto"}],"code":"initials","equivalence":"relatedto"}]},{"code":"31777-6","display":"Chlamydia trachomatis Ag [Presence] in Specimen","target":[{"modifierExtension":[{"url":"http://hl7.org/fhir/1.0/StructureDefinition/extension-ConceptMap.element.target.equivalence","valueCode":"relatedto"}],"code":"initials","equivalence":"relatedto"}]},{"code":"42931-6","display":"Chlamydia trachomatis rRNA [Presence] in Urine by NAA with probe detection","target":[{"modifierExtension":[{"url":"http://hl7.org/fhir/1.0/StructureDefinition/extension-ConceptMap.element.target.equivalence","valueCode":"relatedto"}],"code":"initials","equivalence":"relatedto"}]},{"code":"43304-5","display":"Chlamydia trachomatis rRNA [Presence] in Specimen by NAA with probe detection","target":[{"modifierExtension":[{"url":"http://hl7.org/fhir/1.0/StructureDefinition/extension-ConceptMap.element.target.equivalence","valueCode":"relatedto"}],"code":"initials","equivalence":"relatedto"}]},{"code":"45084-1","display":"Chlamydia trachomatis DNA [Presence] in Vaginal fluid by NAA with probe detection","target":[{"modifierExtension":[{"url":"http://hl7.org/fhir/1.0/StructureDefinition/extension-ConceptMap.element.target.equivalence","valueCode":"relatedto"}],"code":"initials","equivalence":"relatedto"}]},{"code":"45090-8","display":"Chlamydia trachomatis DNA [Presence] in Anal by NAA with probe detection","target":[{"modifierExtension":[{"url":"http://hl7.org/fhir/1.0/StructureDefinition/extension-ConceptMap.element.target.equivalence","valueCode":"relatedto"}],"code":"initials","equivalence":"relatedto"}]},{"code":"45093-2","display":"Chlamydia trachomatis [Presence] in Anal by Organism specific culture","target":[{"modifierExtension":[{"url":"http://hl7.org/fhir/1.0/StructureDefinition/extension-ConceptMap.element.target.equivalence","valueCode":"relatedto"}],"code":"initials","equivalence":"relatedto"}]},{"code":"45095-7","display":"Chlamydia trachomatis [Presence] in Genital specimen by Organism specific culture","target":[{"modifierExtension":[{"url":"http://hl7.org/fhir/1.0/StructureDefinition/extension-ConceptMap.element.target.equivalence","valueCode":"relatedto"}],"code":"initials","equivalence":"relatedto"}]},{"code":"50387-0","display":"Chlamydia trachomatis rRNA [Presence] in Cervix by NAA with probe detection","target":[{"modifierExtension":[{"url":"http://hl7.org/fhir/1.0/StructureDefinition/extension-ConceptMap.element.target.equivalence","valueCode":"relatedto"}],"code":"initials","equivalence":"relatedto"}]},{"code":"51578-3","display":"Chlamydia trachomatis DNA [Presence] in Semen by NAA with probe detection","target":[{"modifierExtension":[{"url":"http://hl7.org/fhir/1.0/StructureDefinition/extension-ConceptMap.element.target.equivalence","valueCode":"relatedto"}],"code":"initials","equivalence":"relatedto"}]},{"code":"53925-4","display":"Chlamydia trachomatis rRNA [Presence] in Urethra by NAA with probe detection","target":[{"modifierExtension":[{"url":"http://hl7.org/fhir/1.0/StructureDefinition/extension-ConceptMap.element.target.equivalence","valueCode":"relatedto"}],"code":"initials","equivalence":"relatedto"}]},{"code":"53926-2","display":"Chlamydia trachomatis rRNA [Presence] in Vaginal fluid by NAA with probe detection","target":[{"modifierExtension":[{"url":"http://hl7.org/fhir/1.0/StructureDefinition/extension-ConceptMap.element.target.equivalence","valueCode":"relatedto"}],"code":"initials","equivalence":"relatedto"}]},{"code":"57287-5","display":"Chlamydia trachomatis rRNA [Presence] in Anal by NAA with probe detection","target":[{"modifierExtension":[{"url":"http://hl7.org/fhir/1.0/StructureDefinition/extension-ConceptMap.element.target.equivalence","valueCode":"relatedto"}],"code":"initials","equivalence":"relatedto"}]},{"code":"6349-5","display":"Chlamydia trachomatis [Presence] in Specimen by Organism specific culture","target":[{"modifierExtension":[{"url":"http://hl7.org/fhir/1.0/StructureDefinition/extension-ConceptMap.element.target.equivalence","valueCode":"relatedto"}],"code":"initials","equivalence":"relatedto"}]},{"code":"6356-0","display":"Chlamydia trachomatis DNA [Presence] in Genital specimen by NAA with probe detection","target":[{"modifierExtension":[{"url":"http://hl7.org/fhir/1.0/StructureDefinition/extension-ConceptMap.element.target.equivalence","valueCode":"relatedto"}],"code":"initials","equivalence":"relatedto"}]},{"code":"6357-8","display":"Chlamydia trachomatis DNA [Presence] in Urine by NAA with probe detection","target":[{"modifierExtension":[{"url":"http://hl7.org/fhir/1.0/StructureDefinition/extension-ConceptMap.element.target.equivalence","valueCode":"relatedto"}],"code":"initials","equivalence":"relatedto"}]},{"code":"80363-5","display":"Chlamydia trachomatis DNA [Presence] in Anorectal by NAA with probe detection","target":[{"modifierExtension":[{"url":"http://hl7.org/fhir/1.0/StructureDefinition/extension-ConceptMap.element.target.equivalence","valueCode":"relatedto"}],"code":"initials","equivalence":"relatedto"}]},{"code":"80364-3","display":"Chlamydia trachomatis rRNA [Presence] in Anorectal by NAA with probe detection","target":[{"modifierExtension":[{"url":"http://hl7.org/fhir/1.0/StructureDefinition/extension-ConceptMap.element.target.equivalence","valueCode":"relatedto"}],"code":"initials","equivalence":"relatedto"}]},{"code":"80367-6","display":"Chlamydia trachomatis [Presence] in Anorectal by Organism specific culture","target":[{"modifierExtension":[{"url":"http://hl7.org/fhir/1.0/StructureDefinition/extension-ConceptMap.element.target.equivalence","valueCode":"relatedto"}],"code":"initials","equivalence":"relatedto"}]},{"code":"85827-4","display":"Carbapenem resistance bla OXA-48-like gene [Presence] by Molecular method","target":[{"modifierExtension":[{"url":"http://hl7.org/fhir/1.0/StructureDefinition/extension-ConceptMap.element.target.equivalence","valueCode":"relatedto"}],"code":"initials","equivalence":"relatedto"}]},{"code":"101552-8","display":"Campylobacter coli DNA [Presence] in Stool by NAA with probe detection","target":[{"modifierExtension":[{"url":"http://hl7.org/fhir/1.0/StructureDefinition/extension-ConceptMap.element.target.equivalence","valueCode":"relatedto"}],"code":"initials","equivalence":"relatedto"}]},{"code":"100343-3","display":"Influenza virus B RNA [Presence] in Saliva (oral fluid) by NAA with probe detection","target":[{"modifierExtension":[{"url":"http://hl7.org/fhir/1.0/StructureDefinition/extension-ConceptMap.element.target.equivalence","valueCode":"relatedto"}],"code":"initials","equivalence":"relatedto"}]},{"code":"94500-6","display":"SARS-CoV-2 (COVID-19) RNA [Presence] in Respiratory specimen by NAA with probe detection","target":[{"modifierExtension":[{"url":"http://hl7.org/fhir/1.0/StructureDefinition/extension-ConceptMap.element.target.equivalence","valueCode":"relatedto"}],"code":"full-name","equivalence":"relatedto"}]}]},{"source":"http://snomed.info/sct","target":"http://fhir.ch/ig/ch-elm/CodeSystem/ch-elm-foph-patient-name-representation","element":[{"code":"72904005","display":"Treponema pallidum (organism)","target":[{"modifierExtension":[{"url":"http://hl7.org/fhir/1.0/StructureDefinition/extension-ConceptMap.element.target.equivalence","valueCode":"relatedto"}],"code":"initials","equivalence":"relatedto"}]}]}]}