{"resourceType":"ValueSet","id":"ch-elm-results-leg-org","text":{"status":"generated","div":"<div xmlns=\"http://www.w3.org/1999/xhtml\"><p class=\"res-header-id\"><b>Generated Narrative: ValueSet ch-elm-results-leg-org</b></p><a name=\"ch-elm-results-leg-org\"> </a><a name=\"hcch-elm-results-leg-org\"> </a><a name=\"ch-elm-results-leg-org-en-US\"> </a><ul><li>Include these codes as defined in <a href=\"http://www.snomed.org/\"><code>http://snomed.info/sct</code></a><table class=\"none\"><tr><td style=\"white-space:nowrap\"><b>Code</b></td><td><b>Display</b></td></tr><tr><td><a href=\"http://snomed.info/id/103465003\">103465003</a></td><td>Legionella pneumophila serogroup 3 (organism)</td></tr><tr><td><a href=\"http://snomed.info/id/89605004\">89605004</a></td><td>Legionella longbeachae (organism)</td></tr><tr><td><a href=\"http://snomed.info/id/116380009\">116380009</a></td><td>Legionella micdadei (organism)</td></tr><tr><td><a href=\"http://snomed.info/id/7527002\">7527002</a></td><td>Genus Legionella (organism)</td></tr><tr><td><a href=\"http://snomed.info/id/103463005\">103463005</a></td><td>Legionella pneumophila serogroup 1 (organism)</td></tr><tr><td><a href=\"http://snomed.info/id/113721003\">113721003</a></td><td>Legionella gormanii (organism)</td></tr><tr><td><a href=\"http://snomed.info/id/103467006\">103467006</a></td><td>Legionella pneumophila serogroup 5 (organism)</td></tr><tr><td><a href=\"http://snomed.info/id/116379006\">116379006</a></td><td>Legionella maceachernii (organism)</td></tr><tr><td><a href=\"http://snomed.info/id/131325006\">131325006</a></td><td>Legionella pneumophilia serogroup 13 (organism)</td></tr><tr><td><a href=\"http://snomed.info/id/18214000\">18214000</a></td><td>Legionella anisa (organism)</td></tr><tr><td><a href=\"http://snomed.info/id/103469009\">103469009</a></td><td>Legionella pneumophila serogroup 7 (organism)</td></tr><tr><td><a href=\"http://snomed.info/id/450611004\">450611004</a></td><td>Legionella bozemanae (organism)</td></tr><tr><td><a href=\"http://snomed.info/id/58923007\">58923007</a></td><td>Legionella cincinnatiensis (organism)</td></tr><tr><td><a href=\"http://snomed.info/id/131322009\">131322009</a></td><td>Legionella pneumophilia serogroup 10 (organism)</td></tr><tr><td><a href=\"http://snomed.info/id/131324005\">131324005</a></td><td>Legionella pneumophilia serogroup 12 (organism)</td></tr><tr><td><a href=\"http://snomed.info/id/103448007\">103448007</a></td><td>Legionella brunensis (organism)</td></tr><tr><td><a href=\"http://snomed.info/id/103464004\">103464004</a></td><td>Legionella pneumophila serogroup 2 (organism)</td></tr><tr><td><a href=\"http://snomed.info/id/103468001\">103468001</a></td><td>Legionella pneumophila serogroup 6 (organism)</td></tr><tr><td><a href=\"http://snomed.info/id/80897008\">80897008</a></td><td>Legionella pneumophila (organism)</td></tr></table></li></ul></div>"},"url":"http://fhir.ch/ig/ch-elm/ValueSet/ch-elm-results-leg-org","version":"1.5.0","name":"ChElmResultsLegOrg","title":"CH ELM Results Leg Org","status":"active","experimental":false,"date":"2024-09-24T11:18:39+00:00","publisher":"Federal Office of Public Health FOPH","contact":[{"name":"Federal Office of Public Health FOPH","telecom":[{"system":"url","value":"https://www.bag.admin.ch/bag/en/home/das-bag/kontakt-standort.html"}]}],"description":"The \"CH ELM Results Leg Org\" organism group provides a curated set of codes representing specific organisms. Each code within this group has been selected to ensure precise representation and consistency in relation to the primary LOINC codes. Clients utilizing the \"CH ELM Results Leg Org\" group should refer to the provided codes to accurately and uniformly capture and report organism-related information.","jurisdiction":[{"coding":[{"system":"urn:iso:std:iso:3166","code":"CHE"}]}],"copyright":"CC0-1.0","compose":{"include":[{"system":"http://snomed.info/sct","concept":[{"code":"103465003","display":"Legionella pneumophila serogroup 3 (organism)"},{"code":"89605004","display":"Legionella longbeachae (organism)"},{"code":"116380009","display":"Legionella micdadei (organism)"},{"code":"7527002","display":"Genus Legionella (organism)"},{"code":"103463005","display":"Legionella pneumophila serogroup 1 (organism)"},{"code":"113721003","display":"Legionella gormanii (organism)"},{"code":"103467006","display":"Legionella pneumophila serogroup 5 (organism)"},{"code":"116379006","display":"Legionella maceachernii (organism)"},{"code":"131325006","display":"Legionella pneumophilia serogroup 13 (organism)"},{"code":"18214000","display":"Legionella anisa (organism)"},{"code":"103469009","display":"Legionella pneumophila serogroup 7 (organism)"},{"code":"450611004","display":"Legionella bozemanae (organism)"},{"code":"58923007","display":"Legionella cincinnatiensis (organism)"},{"code":"131322009","display":"Legionella pneumophilia serogroup 10 (organism)"},{"code":"131324005","display":"Legionella pneumophilia serogroup 12 (organism)"},{"code":"103448007","display":"Legionella brunensis (organism)"},{"code":"103464004","display":"Legionella pneumophila serogroup 2 (organism)"},{"code":"103468001","display":"Legionella pneumophila serogroup 6 (organism)"},{"code":"80897008","display":"Legionella pneumophila (organism)"}]}]}}