{"resourceType":"ValueSet","id":"ch-elm-lab-specimen-types","text":{"status":"generated","div":"<div xmlns=\"http://www.w3.org/1999/xhtml\"><ul><li>Include these codes as defined in <a href=\"http://www.snomed.org/\"><code>http://snomed.info/sct</code></a><table class=\"none\"><tr><td style=\"white-space:nowrap\"><b>Code</b></td><td><b>Display</b></td></tr><tr><td><a href=\"http://snomed.info/id/257261003\">257261003</a></td><td>Swab</td></tr><tr><td><a href=\"http://snomed.info/id/123038009\">123038009</a></td><td>Specimen</td></tr><tr><td><a href=\"http://snomed.info/id/258500001\">258500001</a></td><td>Nasopharyngeal swab</td></tr><tr><td><a href=\"http://snomed.info/id/461911000124106\">461911000124106</a></td><td>Oropharyngeal swab</td></tr><tr><td><a href=\"http://snomed.info/id/258529004\">258529004</a></td><td>Throat swab</td></tr><tr><td><a href=\"http://snomed.info/id/258607008\">258607008</a></td><td>Bronchoalveolar lavage fluid</td></tr><tr><td><a href=\"http://snomed.info/id/119339001\">119339001</a></td><td>Faeces specimen</td></tr><tr><td><a href=\"http://snomed.info/id/119334006\">119334006</a></td><td>Sputum specimen</td></tr><tr><td><a href=\"http://snomed.info/id/119297000\">119297000</a></td><td>Blood specimen</td></tr><tr><td><a href=\"http://snomed.info/id/119342007\">119342007</a></td><td>Saliva specimen</td></tr><tr><td><a href=\"http://snomed.info/id/447154002\">447154002</a></td><td>Specimen from nose</td></tr><tr><td><a href=\"http://snomed.info/id/119371008\">119371008</a></td><td>Specimen from abscess</td></tr><tr><td><a href=\"http://snomed.info/id/447955000\">447955000</a></td><td>Specimen from rectum</td></tr><tr><td><a href=\"http://snomed.info/id/168139001\">168139001</a></td><td>Peritoneal fluid</td></tr><tr><td><a href=\"http://snomed.info/id/119399004\">119399004</a></td><td>Specimen from eye</td></tr><tr><td><a href=\"http://snomed.info/id/119401005\">119401005</a></td><td>Specimen from conjunctiva</td></tr><tr><td><a href=\"http://snomed.info/id/258415003\">258415003</a></td><td>Biopsy specimen</td></tr><tr><td><a href=\"http://snomed.info/id/119395005\">119395005</a></td><td>Specimen from uterine cervix</td></tr><tr><td><a href=\"http://snomed.info/id/119344008\">119344008</a></td><td>Specimen from genital system</td></tr><tr><td><a href=\"http://snomed.info/id/258450006\">258450006</a></td><td>Cerebrospinal fluid specimen</td></tr><tr><td><a href=\"http://snomed.info/id/258589002\">258589002</a></td><td>Lymph node specimen</td></tr><tr><td><a href=\"http://snomed.info/id/258426009\">258426009</a></td><td>Placental membrane tissue specimen</td></tr><tr><td><a href=\"http://snomed.info/id/57711000052109\">57711000052109</a></td><td>Specimen obtained by puncture procedure</td></tr><tr><td><a href=\"http://snomed.info/id/119347001\">119347001</a></td><td>Seminal fluid</td></tr><tr><td><a href=\"http://snomed.info/id/122575003\">122575003</a></td><td>Urine specimen</td></tr><tr><td><a href=\"http://snomed.info/id/119394009\">119394009</a></td><td>Specimen from vagina</td></tr><tr><td><a href=\"http://snomed.info/id/119365002\">119365002</a></td><td>Specimen from wound</td></tr><tr><td><a href=\"http://snomed.info/id/119393003\">119393003</a></td><td>Specimen from urethra</td></tr><tr><td><a href=\"http://snomed.info/id/119364003\">119364003</a></td><td>Serum specimen</td></tr><tr><td><a href=\"http://snomed.info/id/309051001\">309051001</a></td><td>Body fluid specimen</td></tr><tr><td><a href=\"http://snomed.info/id/430304001\">430304001</a></td><td>Specimen from unspecified body site</td></tr><tr><td><a href=\"http://snomed.info/id/309132009\">309132009</a></td><td>Prostate biopsy specimen</td></tr><tr><td><a href=\"http://snomed.info/id/472904006\">472904006</a></td><td>Swab from abdomen</td></tr><tr><td><a href=\"http://snomed.info/id/258527002\">258527002</a></td><td>Anal swab</td></tr><tr><td><a href=\"http://snomed.info/id/445160003\">445160003</a></td><td>Swab of eye</td></tr><tr><td><a href=\"http://snomed.info/id/119300005\">119300005</a></td><td>Specimen from blood product</td></tr><tr><td><a href=\"http://snomed.info/id/119391001\">119391001</a></td><td>Specimen from bronchus</td></tr><tr><td><a href=\"http://snomed.info/id/258454002\">258454002</a></td><td>Dialysis fluid specimen</td></tr><tr><td><a href=\"http://snomed.info/id/122643008\">122643008</a></td><td>Tissue specimen from large intestine</td></tr><tr><td><a href=\"http://snomed.info/id/119323008\">119323008</a></td><td>Pus specimen</td></tr><tr><td><a href=\"http://snomed.info/id/119378002\">119378002</a></td><td>Endocardial specimen</td></tr><tr><td><a href=\"http://snomed.info/id/119373006\">119373006</a></td><td>Amniotic fluid specimen</td></tr><tr><td><a href=\"http://snomed.info/id/119341000\">119341000</a></td><td>Bile specimen</td></tr><tr><td><a href=\"http://snomed.info/id/119332005\">119332005</a></td><td>Synovial fluid specimen</td></tr><tr><td><a href=\"http://snomed.info/id/258508008\">258508008</a></td><td>Genital swab</td></tr><tr><td><a href=\"http://snomed.info/id/119376003\">119376003</a></td><td>Tissue specimen</td></tr><tr><td><a href=\"http://snomed.info/id/608969007\">608969007</a></td><td>Specimen from skin</td></tr><tr><td><a href=\"http://snomed.info/id/119398007\">119398007</a></td><td>Specimen from brain</td></tr><tr><td><a href=\"http://snomed.info/id/119303007\">119303007</a></td><td>Microbial isolate specimen</td></tr><tr><td><a href=\"http://snomed.info/id/430268003\">430268003</a></td><td>Specimen from bone</td></tr><tr><td><a href=\"http://snomed.info/id/445447003\">445447003</a></td><td>Specimen from trachea obtained by aspiration</td></tr><tr><td><a href=\"http://snomed.info/id/399492000\">399492000</a></td><td>Tissue specimen from lung</td></tr><tr><td><a href=\"http://snomed.info/id/258459007\">258459007</a></td><td>Gastric fluid sample</td></tr><tr><td><a href=\"http://snomed.info/id/119359002\">119359002</a></td><td>Bone marrow specimen</td></tr><tr><td><a href=\"http://snomed.info/id/122556008\">122556008</a></td><td>Cord blood specimen</td></tr><tr><td><a href=\"http://snomed.info/id/309165001\">309165001</a></td><td>Ear sample</td></tr><tr><td><a href=\"http://snomed.info/id/119343002\">119343002</a></td><td>Pancreatic fluid specimen</td></tr><tr><td><a href=\"http://snomed.info/id/119361006\">119361006</a></td><td>Plasma specimen</td></tr><tr><td><a href=\"http://snomed.info/id/122736005\">122736005</a></td><td>Tissue specimen from placenta</td></tr><tr><td><a href=\"http://snomed.info/id/418564007\">418564007</a></td><td>Pleural fluid specimen</td></tr><tr><td><a href=\"http://snomed.info/id/119386002\">119386002</a></td><td>Specimen from prostate</td></tr><tr><td><a href=\"http://snomed.info/id/119295008\">119295008</a></td><td>Specimen obtained by aspiration</td></tr><tr><td><a href=\"http://snomed.info/id/119389009\">119389009</a></td><td>Specimen from throat</td></tr><tr><td><a href=\"http://snomed.info/id/119396006\">119396006</a></td><td>Specimen from endometrium</td></tr><tr><td><a href=\"http://snomed.info/id/258465007\">258465007</a></td><td>Lacrimal fluid sample</td></tr><tr><td><a href=\"http://snomed.info/id/119369008\">119369008</a></td><td>Specimen from ulcer</td></tr><tr><td><a href=\"http://snomed.info/id/119324002\">119324002</a></td><td>Specimen of unknown material</td></tr><tr><td><a href=\"http://snomed.info/id/258520000\">258520000</a></td><td>Vaginal swab</td></tr><tr><td><a href=\"http://snomed.info/id/258580003\">258580003</a></td><td>Whole blood sample</td></tr><tr><td><a href=\"http://snomed.info/id/258531008\">258531008</a></td><td>Wound swab</td></tr><tr><td><a href=\"http://snomed.info/id/119368000\">119368000</a></td><td>Specimen from cyst</td></tr></table></li></ul></div>"},"url":"http://fhir.ch/ig/ch-elm/ValueSet/ch-elm-lab-specimen-types","version":"1.0.0-trialuse","name":"ChElmLabSpecimenTypes","title":"CH ELM Lab Specimen Types","status":"active","experimental":false,"date":"2023-09-13T14:50:01+02:00","publisher":"Federal Office of Public Health FOPH","contact":[{"name":"Federal Office of Public Health FOPH","telecom":[{"system":"url","value":"https://www.bag.admin.ch/bag/en/home/das-bag/kontakt-standort.html"}]}],"description":"This CH ELM value set includes the codes for the laboratory specimen.","jurisdiction":[{"coding":[{"system":"urn:iso:std:iso:3166","code":"CHE"}]}],"copyright":"CC0-1.0","compose":{"include":[{"system":"http://snomed.info/sct","concept":[{"code":"257261003","display":"Swab"},{"code":"123038009","display":"Specimen"},{"code":"258500001","display":"Nasopharyngeal swab"},{"code":"461911000124106","display":"Oropharyngeal swab"},{"code":"258529004","display":"Throat swab"},{"code":"258607008","display":"Bronchoalveolar lavage fluid"},{"code":"119339001","display":"Faeces specimen"},{"code":"119334006","display":"Sputum specimen"},{"code":"119297000","display":"Blood specimen"},{"code":"119342007","display":"Saliva specimen"},{"code":"447154002","display":"Specimen from nose"},{"code":"119371008","display":"Specimen from abscess"},{"code":"447955000","display":"Specimen from rectum"},{"code":"168139001","display":"Peritoneal fluid"},{"code":"119399004","display":"Specimen from eye"},{"code":"119401005","display":"Specimen from conjunctiva"},{"code":"258415003","display":"Biopsy specimen"},{"code":"119395005","display":"Specimen from uterine cervix"},{"code":"119344008","display":"Specimen from genital system"},{"code":"258450006","display":"Cerebrospinal fluid specimen"},{"code":"258589002","display":"Lymph node specimen"},{"code":"258426009","display":"Placental membrane tissue specimen"},{"code":"57711000052109","display":"Specimen obtained by puncture procedure"},{"code":"119347001","display":"Seminal fluid"},{"code":"122575003","display":"Urine specimen"},{"code":"119394009","display":"Specimen from vagina"},{"code":"119365002","display":"Specimen from wound"},{"code":"119393003","display":"Specimen from urethra"},{"code":"119364003","display":"Serum specimen"},{"code":"309051001","display":"Body fluid specimen"},{"code":"430304001","display":"Specimen from unspecified body site"},{"code":"309132009","display":"Prostate biopsy specimen"},{"code":"472904006","display":"Swab from abdomen"},{"code":"258527002","display":"Anal swab"},{"code":"445160003","display":"Swab of eye"},{"code":"119300005","display":"Specimen from blood product"},{"code":"119391001","display":"Specimen from bronchus"},{"code":"258454002","display":"Dialysis fluid specimen"},{"code":"122643008","display":"Tissue specimen from large intestine"},{"code":"119323008","display":"Pus specimen"},{"code":"119378002","display":"Endocardial specimen"},{"code":"119373006","display":"Amniotic fluid specimen"},{"code":"119341000","display":"Bile specimen"},{"code":"119332005","display":"Synovial fluid specimen"},{"code":"258508008","display":"Genital swab"},{"code":"119376003","display":"Tissue specimen"},{"code":"608969007","display":"Specimen from skin"},{"code":"119398007","display":"Specimen from brain"},{"code":"119303007","display":"Microbial isolate specimen"},{"code":"430268003","display":"Specimen from bone"},{"code":"445447003","display":"Specimen from trachea obtained by aspiration"},{"code":"399492000","display":"Tissue specimen from lung"},{"code":"258459007","display":"Gastric fluid sample"},{"code":"119359002","display":"Bone marrow specimen"},{"code":"122556008","display":"Cord blood specimen"},{"code":"309165001","display":"Ear sample"},{"code":"119343002","display":"Pancreatic fluid specimen"},{"code":"119361006","display":"Plasma specimen"},{"code":"122736005","display":"Tissue specimen from placenta"},{"code":"418564007","display":"Pleural fluid specimen"},{"code":"119386002","display":"Specimen from prostate"},{"code":"119295008","display":"Specimen obtained by aspiration"},{"code":"119389009","display":"Specimen from throat"},{"code":"119396006","display":"Specimen from endometrium"},{"code":"258465007","display":"Lacrimal fluid sample"},{"code":"119369008","display":"Specimen from ulcer"},{"code":"119324002","display":"Specimen of unknown material"},{"code":"258520000","display":"Vaginal swab"},{"code":"258580003","display":"Whole blood sample"},{"code":"258531008","display":"Wound swab"},{"code":"119368000","display":"Specimen from cyst"}]}]}}