{"resourceType":"ValueSet","id":"ch-elm-results-hanta-org","text":{"status":"generated","div":"<div xmlns=\"http://www.w3.org/1999/xhtml\"><p class=\"res-header-id\"><b>Generated Narrative: ValueSet ch-elm-results-hanta-org</b></p><a name=\"ch-elm-results-hanta-org\"> </a><a name=\"hcch-elm-results-hanta-org\"> </a><ul><li>Include these codes as defined in <a href=\"http://www.snomed.org/\"><code>http://snomed.info/sct</code></a><span title=\"Version is not explicitly stated. No matching Code System found\"> version Not Stated (use latest from terminology server)</span><table class=\"none\"><tr><td style=\"white-space:nowrap\"><b>Code</b></td><td><b>Display</b></td></tr><tr><td><a href=\"http://snomed.info/id/35439004\">35439004</a></td><td>Seoul virus (organism)</td></tr><tr><td><a href=\"http://snomed.info/id/40754006\">40754006</a></td><td>Puumala virus (organism)</td></tr><tr><td><a href=\"http://snomed.info/id/116663002\">116663002</a></td><td>Sin Nombre virus (organism)</td></tr><tr><td><a href=\"http://snomed.info/id/35439004\">35439004</a></td><td>Seoul virus (organism)</td></tr><tr><td><a href=\"http://snomed.info/id/49445003\">49445003</a></td><td>Genus Hantavirus (organism)</td></tr><tr><td><a href=\"http://snomed.info/id/116662007\">116662007</a></td><td>Dobrava-Belgrade virus (organism)</td></tr><tr><td><a href=\"http://snomed.info/id/52779006\">52779006</a></td><td>Hantaan virus (organism)</td></tr></table></li></ul></div>"},"url":"http://fhir.ch/ig/ch-elm/ValueSet/ch-elm-results-hanta-org","version":"1.13.1","name":"ChElmResultsHantaOrg","title":"CH ELM Results Hanta Org","status":"active","experimental":false,"date":"2026-01-21T11:21:00+00:00","publisher":"Federal Office of Public Health FOPH","contact":[{"name":"Federal Office of Public Health FOPH","telecom":[{"system":"url","value":"https://www.bag.admin.ch/bag/en/home/das-bag/kontakt-standort.html"}]}],"description":"The \"CH ELM Results Hanta Org\" organism group provides a curated set of codes representing specific organisms. Each code within this group has been selected to ensure precise representation and consistency in relation to the primary LOINC codes. Clients utilizing the \"CH ELM Results Hanta Org\" group should refer to the provided codes to accurately and uniformly capture and report organism-related information.","jurisdiction":[{"coding":[{"system":"urn:iso:std:iso:3166","code":"CH"}]}],"copyright":"CC0-1.0","compose":{"include":[{"system":"http://snomed.info/sct","concept":[{"code":"35439004","display":"Seoul virus (organism)"},{"code":"40754006","display":"Puumala virus (organism)"},{"code":"116663002","display":"Sin Nombre virus (organism)"},{"code":"35439004","display":"Seoul virus (organism)"},{"code":"49445003","display":"Genus Hantavirus (organism)"},{"code":"116662007","display":"Dobrava-Belgrade virus (organism)"},{"code":"52779006","display":"Hantaan virus (organism)"}]}]}}