{"resourceType":"ValueSet","id":"ch-elm-results-virus-cult-org","text":{"status":"generated","div":"<div xmlns=\"http://www.w3.org/1999/xhtml\"><p class=\"res-header-id\"><b>Generated Narrative: ValueSet ch-elm-results-virus-cult-org</b></p><a name=\"ch-elm-results-virus-cult-org\"> </a><a name=\"hcch-elm-results-virus-cult-org\"> </a><ul><li>Include these codes as defined in <a href=\"http://www.snomed.org/\"><code>http://snomed.info/sct</code></a><table class=\"none\"><tr><td style=\"white-space:nowrap\"><b>Code</b></td><td><b>Display</b></td></tr><tr><td><a href=\"http://snomed.info/id/32323003\">32323003</a></td><td>Tick-borne encephalitis virus (organism)</td></tr><tr><td><a href=\"http://snomed.info/id/34348001\">34348001</a></td><td>Dengue virus (organism)</td></tr><tr><td><a href=\"http://snomed.info/id/49445003\">49445003</a></td><td>Genus Hantavirus (organism)</td></tr><tr><td><a href=\"http://snomed.info/id/2423009\">2423009</a></td><td>Chikungunya virus (organism)</td></tr><tr><td><a href=\"http://snomed.info/id/57311007\">57311007</a></td><td>West Nile virus (organism)</td></tr></table></li></ul></div>"},"url":"http://fhir.ch/ig/ch-elm/ValueSet/ch-elm-results-virus-cult-org","version":"1.10.0","name":"ChElmResultsVirusCultOrg","title":"CH ELM Results Virus Cult Org","status":"active","experimental":false,"date":"2025-06-23T21:17:45+00:00","publisher":"Federal Office of Public Health FOPH","contact":[{"name":"Federal Office of Public Health FOPH","telecom":[{"system":"url","value":"https://www.bag.admin.ch/bag/en/home/das-bag/kontakt-standort.html"}]}],"description":"The \"CH ELM Results Virus Cult Org\" organism group provides a curated set of codes representing specific organisms. Each code within this group has been selected to ensure precise representation and consistency in relation to the primary LOINC codes. Clients utilizing the \"CH ELM Results Virus Cult Org\" group should refer to the provided codes to accurately and uniformly capture and report organism-related information.","jurisdiction":[{"coding":[{"system":"urn:iso:std:iso:3166","code":"CH"}]}],"copyright":"CC0-1.0","compose":{"include":[{"system":"http://snomed.info/sct","concept":[{"code":"32323003","display":"Tick-borne encephalitis virus (organism)"},{"code":"34348001","display":"Dengue virus (organism)"},{"code":"49445003","display":"Genus Hantavirus (organism)"},{"code":"2423009","display":"Chikungunya virus (organism)"},{"code":"57311007","display":"West Nile virus (organism)"}]}]}}