{"resourceType":"ValueSet","id":"ch-elm-expecting-specimen-specification","text":{"status":"generated","div":"<div xmlns=\"http://www.w3.org/1999/xhtml\"><p class=\"res-header-id\"><b>Generated Narrative: ValueSet ch-elm-expecting-specimen-specification</b></p><a name=\"ch-elm-expecting-specimen-specification\"> </a><a name=\"hcch-elm-expecting-specimen-specification\"> </a><a name=\"ch-elm-expecting-specimen-specification-en-US\"> </a><ul><li>Include these codes as defined in <a href=\"http://loinc.org\"><code>http://loinc.org</code></a><table class=\"none\"><tr><td style=\"white-space:nowrap\"><b>Code</b></td><td><b>Display</b></td><td><b><a href=\"ValueSet-ch-elm-results-completion-vs.html\">CH ELM Expecting Specimen Specification To Results Completion Vs</a></b></td></tr><tr><td><a href=\"https://loinc.org/16134-9/\">16134-9</a></td><td>Neisseria meningitidis [Presence] in Specimen by Organism specific culture</td><td><span title=\"RELATEDTO\">?</span><a href=\"CodeSystem-ch-elm-results-completion-vs.html#ch-elm-results-completion-vs-http.58.47.47fhir.46ch.47ig.47ch-elm.47ValueSet.47ch-elm-results-sterile-spec\">http://fhir.ch/ig/ch-elm/ValueSet/ch-elm-results-sterile-spec</a></td></tr><tr><td><a href=\"https://loinc.org/21613-5/\">21613-5</a></td><td>Chlamydia trachomatis DNA [Presence] in Specimen by NAA with probe detection</td><td><span title=\"RELATEDTO\">?</span><a href=\"CodeSystem-ch-elm-results-completion-vs.html#ch-elm-results-completion-vs-http.58.47.47fhir.46ch.47ig.47ch-elm.47ValueSet.47ch-elm-results-geni-spec\">http://fhir.ch/ig/ch-elm/ValueSet/ch-elm-results-geni-spec</a></td></tr><tr><td><a href=\"https://loinc.org/29907-3/\">29907-3</a></td><td>Haemophilus influenzae B DNA [Presence] in Specimen by NAA with probe detection</td><td><span title=\"RELATEDTO\">?</span><a href=\"CodeSystem-ch-elm-results-completion-vs.html#ch-elm-results-completion-vs-http.58.47.47fhir.46ch.47ig.47ch-elm.47ValueSet.47ch-elm-results-sterile-spec\">http://fhir.ch/ig/ch-elm/ValueSet/ch-elm-results-sterile-spec</a></td></tr><tr><td><a href=\"https://loinc.org/31777-6/\">31777-6</a></td><td>Chlamydia trachomatis Ag [Presence] in Specimen</td><td><span title=\"RELATEDTO\">?</span><a href=\"CodeSystem-ch-elm-results-completion-vs.html#ch-elm-results-completion-vs-http.58.47.47fhir.46ch.47ig.47ch-elm.47ValueSet.47ch-elm-results-geni-spec\">http://fhir.ch/ig/ch-elm/ValueSet/ch-elm-results-geni-spec</a></td></tr><tr><td><a href=\"https://loinc.org/31912-9/\">31912-9</a></td><td>Neisseria meningitidis Ag [Presence] in Specimen</td><td><span title=\"RELATEDTO\">?</span><a href=\"CodeSystem-ch-elm-results-completion-vs.html#ch-elm-results-completion-vs-http.58.47.47fhir.46ch.47ig.47ch-elm.47ValueSet.47ch-elm-results-sterile-spec\">http://fhir.ch/ig/ch-elm/ValueSet/ch-elm-results-sterile-spec</a></td></tr><tr><td><a href=\"https://loinc.org/31969-9/\">31969-9</a></td><td>Streptococcus pneumoniae Ag [Presence] in Specimen</td><td><span title=\"RELATEDTO\">?</span><a href=\"CodeSystem-ch-elm-results-completion-vs.html#ch-elm-results-completion-vs-http.58.47.47fhir.46ch.47ig.47ch-elm.47ValueSet.47ch-elm-results-sterile-spec\">http://fhir.ch/ig/ch-elm/ValueSet/ch-elm-results-sterile-spec</a></td></tr><tr><td><a href=\"https://loinc.org/38353-9/\">38353-9</a></td><td>Streptococcus sp identified in Specimen by Organism specific culture</td><td><span title=\"RELATEDTO\">?</span><a href=\"CodeSystem-ch-elm-results-completion-vs.html#ch-elm-results-completion-vs-http.58.47.47fhir.46ch.47ig.47ch-elm.47ValueSet.47ch-elm-results-sterile-spec\">http://fhir.ch/ig/ch-elm/ValueSet/ch-elm-results-sterile-spec</a></td></tr><tr><td><a href=\"https://loinc.org/43304-5/\">43304-5</a></td><td>Chlamydia trachomatis rRNA [Presence] in Specimen by NAA with probe detection</td><td><span title=\"RELATEDTO\">?</span><a href=\"CodeSystem-ch-elm-results-completion-vs.html#ch-elm-results-completion-vs-http.58.47.47fhir.46ch.47ig.47ch-elm.47ValueSet.47ch-elm-results-geni-spec\">http://fhir.ch/ig/ch-elm/ValueSet/ch-elm-results-geni-spec</a></td></tr><tr><td><a href=\"https://loinc.org/49671-1/\">49671-1</a></td><td>Neisseria meningitidis DNA [Presence] in Specimen by NAA with probe detection</td><td><span title=\"RELATEDTO\">?</span><a href=\"CodeSystem-ch-elm-results-completion-vs.html#ch-elm-results-completion-vs-http.58.47.47fhir.46ch.47ig.47ch-elm.47ValueSet.47ch-elm-results-sterile-spec\">http://fhir.ch/ig/ch-elm/ValueSet/ch-elm-results-sterile-spec</a></td></tr><tr><td><a href=\"https://loinc.org/49672-9/\">49672-9</a></td><td>Streptococcus pneumoniae DNA [Presence] in Specimen by NAA with probe detection</td><td><span title=\"RELATEDTO\">?</span><a href=\"CodeSystem-ch-elm-results-completion-vs.html#ch-elm-results-completion-vs-http.58.47.47fhir.46ch.47ig.47ch-elm.47ValueSet.47ch-elm-results-sterile-spec\">http://fhir.ch/ig/ch-elm/ValueSet/ch-elm-results-sterile-spec</a></td></tr><tr><td><a href=\"https://loinc.org/58473-0/\">58473-0</a></td><td>Haemophilus influenzae serotype DNA [Identifier] in Specimen by NAA with probe detection</td><td><span title=\"RELATEDTO\">?</span><a href=\"CodeSystem-ch-elm-results-completion-vs.html#ch-elm-results-completion-vs-http.58.47.47fhir.46ch.47ig.47ch-elm.47ValueSet.47ch-elm-results-sterile-spec\">http://fhir.ch/ig/ch-elm/ValueSet/ch-elm-results-sterile-spec</a></td></tr><tr><td><a href=\"https://loinc.org/61366-1/\">61366-1</a></td><td>Haemophilus influenzae DNA [Presence] in Specimen by NAA with probe detection</td><td><span title=\"RELATEDTO\">?</span><a href=\"CodeSystem-ch-elm-results-completion-vs.html#ch-elm-results-completion-vs-http.58.47.47fhir.46ch.47ig.47ch-elm.47ValueSet.47ch-elm-results-sterile-spec\">http://fhir.ch/ig/ch-elm/ValueSet/ch-elm-results-sterile-spec</a></td></tr><tr><td><a href=\"https://loinc.org/61369-5/\">61369-5</a></td><td>Listeria monocytogenes DNA [Presence] in Specimen by NAA with probe detection</td><td><span title=\"RELATEDTO\">?</span><a href=\"CodeSystem-ch-elm-results-completion-vs.html#ch-elm-results-completion-vs-http.58.47.47fhir.46ch.47ig.47ch-elm.47ValueSet.47ch-elm-results-sterile-spec\">http://fhir.ch/ig/ch-elm/ValueSet/ch-elm-results-sterile-spec</a></td></tr><tr><td><a href=\"https://loinc.org/6349-5/\">6349-5</a></td><td>Chlamydia trachomatis [Presence] in Specimen by Organism specific culture</td><td><span title=\"RELATEDTO\">?</span><a href=\"CodeSystem-ch-elm-results-completion-vs.html#ch-elm-results-completion-vs-http.58.47.47fhir.46ch.47ig.47ch-elm.47ValueSet.47ch-elm-results-geni-spec\">http://fhir.ch/ig/ch-elm/ValueSet/ch-elm-results-geni-spec</a></td></tr><tr><td><a href=\"https://loinc.org/6600-1/\">6600-1</a></td><td>Haemophilus sp identified in Specimen by Organism specific culture</td><td><span title=\"RELATEDTO\">?</span><a href=\"CodeSystem-ch-elm-results-completion-vs.html#ch-elm-results-completion-vs-http.58.47.47fhir.46ch.47ig.47ch-elm.47ValueSet.47ch-elm-results-sterile-spec\">http://fhir.ch/ig/ch-elm/ValueSet/ch-elm-results-sterile-spec</a></td></tr><tr><td><a href=\"https://loinc.org/6609-2/\">6609-2</a></td><td>Listeria sp identified in Specimen by Organism specific culture</td><td><span title=\"RELATEDTO\">?</span><a href=\"CodeSystem-ch-elm-results-completion-vs.html#ch-elm-results-completion-vs-http.58.47.47fhir.46ch.47ig.47ch-elm.47ValueSet.47ch-elm-results-sterile-spec\">http://fhir.ch/ig/ch-elm/ValueSet/ch-elm-results-sterile-spec</a></td></tr><tr><td><a href=\"https://loinc.org/69410-9/\">69410-9</a></td><td>Haemophilus influenzae [Identifier] in Specimen by Organism specific culture</td><td><span title=\"RELATEDTO\">?</span><a href=\"CodeSystem-ch-elm-results-completion-vs.html#ch-elm-results-completion-vs-http.58.47.47fhir.46ch.47ig.47ch-elm.47ValueSet.47ch-elm-results-sterile-spec\">http://fhir.ch/ig/ch-elm/ValueSet/ch-elm-results-sterile-spec</a></td></tr></table></li></ul></div>"},"url":"http://fhir.ch/ig/ch-elm/ValueSet/ch-elm-expecting-specimen-specification","version":"1.7.0","name":"ChElmExpectingSpecimenSpecification","title":"CH ELM Expecting Specimen Specification","status":"active","experimental":false,"date":"2024-11-28T14:18:34+00:00","publisher":"Federal Office of Public Health FOPH","contact":[{"name":"Federal Office of Public Health FOPH","telecom":[{"system":"url","value":"https://www.bag.admin.ch/bag/en/home/das-bag/kontakt-standort.html"}]}],"description":"This CH ELM value set includes the leading codes for the laboratory test results, which have to be completed by another code for the expecting specimen.","jurisdiction":[{"coding":[{"system":"urn:iso:std:iso:3166","code":"CHE"}]}],"copyright":"CC0-1.0","compose":{"include":[{"system":"http://loinc.org","concept":[{"code":"16134-9","display":"Neisseria meningitidis [Presence] in Specimen by Organism specific culture"},{"code":"21613-5","display":"Chlamydia trachomatis DNA [Presence] in Specimen by NAA with probe detection"},{"code":"29907-3","display":"Haemophilus influenzae B DNA [Presence] in Specimen by NAA with probe detection"},{"code":"31777-6","display":"Chlamydia trachomatis Ag [Presence] in Specimen"},{"code":"31912-9","display":"Neisseria meningitidis Ag [Presence] in Specimen"},{"code":"31969-9","display":"Streptococcus pneumoniae Ag [Presence] in Specimen"},{"code":"38353-9","display":"Streptococcus sp identified in Specimen by Organism specific culture"},{"code":"43304-5","display":"Chlamydia trachomatis rRNA [Presence] in Specimen by NAA with probe detection"},{"code":"49671-1","display":"Neisseria meningitidis DNA [Presence] in Specimen by NAA with probe detection"},{"code":"49672-9","display":"Streptococcus pneumoniae DNA [Presence] in Specimen by NAA with probe detection"},{"code":"58473-0","display":"Haemophilus influenzae serotype DNA [Identifier] in Specimen by NAA with probe detection"},{"code":"61366-1","display":"Haemophilus influenzae DNA [Presence] in Specimen by NAA with probe detection"},{"code":"61369-5","display":"Listeria monocytogenes DNA [Presence] in Specimen by NAA with probe detection"},{"code":"6349-5","display":"Chlamydia trachomatis [Presence] in Specimen by Organism specific culture"},{"code":"6600-1","display":"Haemophilus sp identified in Specimen by Organism specific culture"},{"code":"6609-2","display":"Listeria sp identified in Specimen by Organism specific culture"},{"code":"69410-9","display":"Haemophilus influenzae [Identifier] in Specimen by Organism specific culture"}]}]}}