{"resourceType":"ValueSet","id":"ch-elm-results-camp-diar-org","text":{"status":"generated","div":"<div xmlns=\"http://www.w3.org/1999/xhtml\"><p class=\"res-header-id\"><b>Generated Narrative: ValueSet ch-elm-results-camp-diar-org</b></p><a name=\"ch-elm-results-camp-diar-org\"> </a><a name=\"hcch-elm-results-camp-diar-org\"> </a><ul><li>Include these codes as defined in <a href=\"http://www.snomed.org/\"><code>http://snomed.info/sct</code></a><span title=\"Version is not explicity stated. No matching Code System found\"> version Not Stated (use latest from terminology server)</span><table class=\"none\"><tr><td style=\"white-space:nowrap\"><b>Code</b></td><td><b>Display</b></td></tr><tr><td><a href=\"http://snomed.info/id/9041007\">9041007</a></td><td>Campylobacter hyointestinalis (organism)</td></tr><tr><td><a href=\"http://snomed.info/id/116386003\">116386003</a></td><td>Campylobacter lari (organism)</td></tr><tr><td><a href=\"http://snomed.info/id/103427005\">103427005</a></td><td>Campylobacter upsaliensis (organism)</td></tr><tr><td><a href=\"http://snomed.info/id/703009006\">703009006</a></td><td>Campylobacter jejuni or Campylobacter coli (finding)</td></tr><tr><td><a href=\"http://snomed.info/id/40614002\">40614002</a></td><td>Campylobacter coli (organism)</td></tr><tr><td><a href=\"http://snomed.info/id/66543000\">66543000</a></td><td>Campylobacter jejuni (organism)</td></tr></table></li></ul></div>"},"url":"http://fhir.ch/ig/ch-elm/ValueSet/ch-elm-results-camp-diar-org","version":"1.13.0","name":"ChElmResultsCampDiarOrg","title":"CH ELM Results Camp Diar Org","status":"active","experimental":false,"date":"2025-11-25T09:58:53+00:00","publisher":"Federal Office of Public Health FOPH","contact":[{"name":"Federal Office of Public Health FOPH","telecom":[{"system":"url","value":"https://www.bag.admin.ch/bag/en/home/das-bag/kontakt-standort.html"}]}],"description":"The \"CH ELM Results Camp Diar Org\" organism group provides a curated set of codes representing specific organisms. Each code within this group has been selected to ensure precise representation and consistency in relation to the primary LOINC codes. Clients utilizing the \"CH ELM Results Camp Diar Org\" group should refer to the provided codes to accurately and uniformly capture and report organism-related information.","jurisdiction":[{"coding":[{"system":"urn:iso:std:iso:3166","code":"CH"}]}],"copyright":"CC0-1.0","compose":{"include":[{"system":"http://snomed.info/sct","concept":[{"code":"9041007","display":"Campylobacter hyointestinalis (organism)"},{"code":"116386003","display":"Campylobacter lari (organism)"},{"code":"103427005","display":"Campylobacter upsaliensis (organism)"},{"code":"703009006","display":"Campylobacter jejuni or Campylobacter coli (finding)"},{"code":"40614002","display":"Campylobacter coli (organism)"},{"code":"66543000","display":"Campylobacter jejuni (organism)"}]}]}}