{"resourceType":"ValueSet","id":"ch-elm-results-haem-org","text":{"status":"generated","div":"<div xmlns=\"http://www.w3.org/1999/xhtml\"><p class=\"res-header-id\"><b>Generated Narrative: ValueSet ch-elm-results-haem-org</b></p><a name=\"ch-elm-results-haem-org\"> </a><a name=\"hcch-elm-results-haem-org\"> </a><ul><li>Include these codes as defined in <a href=\"http://www.snomed.org/\"><code>http://snomed.info/sct</code></a><table class=\"none\"><tr><td style=\"white-space:nowrap\"><b>Code</b></td><td><b>Display</b></td></tr><tr><td><a href=\"http://snomed.info/id/103442008\">103442008</a></td><td>Haemophilus influenzae type b (organism)</td></tr><tr><td><a href=\"http://snomed.info/id/115407004\">115407004</a></td><td>Haemophilus influenzae, not b (organism)</td></tr><tr><td><a href=\"http://snomed.info/id/103441001\">103441001</a></td><td>Haemophilus influenzae type a (organism)</td></tr><tr><td><a href=\"http://snomed.info/id/103444009\">103444009</a></td><td>Haemophilus influenzae type d (organism)</td></tr><tr><td><a href=\"http://snomed.info/id/44470000\">44470000</a></td><td>Haemophilus influenzae (organism)</td></tr><tr><td><a href=\"http://snomed.info/id/103443003\">103443003</a></td><td>Haemophilus influenzae type c (organism)</td></tr><tr><td><a href=\"http://snomed.info/id/103446006\">103446006</a></td><td>Haemophilus influenzae type f (organism)</td></tr><tr><td><a href=\"http://snomed.info/id/103445005\">103445005</a></td><td>Haemophilus influenzae type e (organism)</td></tr></table></li></ul></div>"},"url":"http://fhir.ch/ig/ch-elm/ValueSet/ch-elm-results-haem-org","version":"1.11.0","name":"ChElmResultsHaemOrg","title":"CH ELM Results Haem Org","status":"active","experimental":false,"date":"2025-08-13T07:34:00+00:00","publisher":"Federal Office of Public Health FOPH","contact":[{"name":"Federal Office of Public Health FOPH","telecom":[{"system":"url","value":"https://www.bag.admin.ch/bag/en/home/das-bag/kontakt-standort.html"}]}],"description":"The \"CH ELM Results Haem Org\" organism group provides a curated set of codes representing specific organisms. Each code within this group has been selected to ensure precise representation and consistency in relation to the primary LOINC codes. Clients utilizing the \"CH ELM Results Haem Org\" group should refer to the provided codes to accurately and uniformly capture and report organism-related information.","jurisdiction":[{"coding":[{"system":"urn:iso:std:iso:3166","code":"CH"}]}],"copyright":"CC0-1.0","compose":{"include":[{"system":"http://snomed.info/sct","concept":[{"code":"103442008","display":"Haemophilus influenzae type b (organism)"},{"code":"115407004","display":"Haemophilus influenzae, not b (organism)"},{"code":"103441001","display":"Haemophilus influenzae type a (organism)"},{"code":"103444009","display":"Haemophilus influenzae type d (organism)"},{"code":"44470000","display":"Haemophilus influenzae (organism)"},{"code":"103443003","display":"Haemophilus influenzae type c (organism)"},{"code":"103446006","display":"Haemophilus influenzae type f (organism)"},{"code":"103445005","display":"Haemophilus influenzae type e (organism)"}]}]}}