{"resourceType":"ValueSet","id":"ch-elm-results-laboratory-observation-geno","text":{"status":"generated","div":"<div xmlns=\"http://www.w3.org/1999/xhtml\"><p class=\"res-header-id\"><b>Generated Narrative: ValueSet ch-elm-results-laboratory-observation-geno</b></p><a name=\"ch-elm-results-laboratory-observation-geno\"> </a><a name=\"hcch-elm-results-laboratory-observation-geno\"> </a><ul><li>Include these codes as defined in <a href=\"http://loinc.org\"><code>http://loinc.org</code></a><span title=\"Version is not explicity stated. No matching Code System found\"> version Not Stated (use latest from terminology server)</span><table class=\"none\"><tr><td style=\"white-space:nowrap\"><b>Code</b></td><td><b>Display</b></td><td><b><a href=\"ValueSet-ch-elm-results-component-vs.html\">CH ELM Results Genotype To Component Code</a></b></td><td><b><a href=\"ValueSet-ch-elm-interpretation-codes-vs.html\">CH ELM Results Genotyping To Component Interpretation Code</a></b></td></tr><tr><td><a href=\"https://loinc.org/94053-6/\">94053-6</a></td><td>Mycobacterium tuberculosis complex resistance panel by Molecular genetics method</td><td><span title=\"RELATEDTO\">?</span><a href=\"CodeSystem-ch-elm-results-component-vs.html#ch-elm-results-component-vs-http.58.47.47fhir.46ch.47ig.47ch-elm.47ValueSet.47ch-elm-results-component-gene-tb\">http://fhir.ch/ig/ch-elm/ValueSet/ch-elm-results-component-gene-tb</a></td><td><span title=\"RELATEDTO\">?</span><a href=\"CodeSystem-ch-elm-interpretation-codes-vs.html#ch-elm-interpretation-codes-vs-http.58.47.47fhir.46ch.47ig.47ch-elm.47ValueSet.47ch-elm-interpretation-codes-pos-neg\">http://fhir.ch/ig/ch-elm/ValueSet/ch-elm-interpretation-codes-pos-neg</a></td></tr></table></li></ul></div>"},"url":"http://fhir.ch/ig/ch-elm/ValueSet/ch-elm-results-laboratory-observation-geno","version":"1.13.0","name":"ChElmResultsLaboratoryObservationGeno","title":"CH ELM Results Laboratory Observation Genotyping","status":"active","experimental":false,"date":"2025-11-25T09:58:53+00:00","publisher":"Federal Office of Public Health FOPH","contact":[{"name":"Federal Office of Public Health FOPH","telecom":[{"system":"url","value":"https://www.bag.admin.ch/bag/en/home/das-bag/kontakt-standort.html"}]}],"description":"This CH ELM value set includes the codes for the laboratory genotyping test results.","jurisdiction":[{"coding":[{"system":"urn:iso:std:iso:3166","code":"CH"}]}],"copyright":"CC0-1.0","compose":{"include":[{"system":"http://loinc.org","concept":[{"code":"94053-6","display":"Mycobacterium tuberculosis complex resistance panel by Molecular genetics method"}]}]}}