{"resourceType":"ValueSet","id":"ch-elm-interpretation-codes-pos-neg","text":{"status":"extensions","div":"<div xmlns=\"http://www.w3.org/1999/xhtml\"><p class=\"res-header-id\"><b>Generated Narrative: ValueSet ch-elm-interpretation-codes-pos-neg</b></p><a name=\"ch-elm-interpretation-codes-pos-neg\"> </a><a name=\"hcch-elm-interpretation-codes-pos-neg\"> </a><a name=\"ch-elm-interpretation-codes-pos-neg-en-US\"> </a><ul><li>Include these codes as defined in <a href=\"http://terminology.hl7.org/6.1.0/CodeSystem-v3-ObservationInterpretation.html\"><code>http://terminology.hl7.org/CodeSystem/v3-ObservationInterpretation</code></a><table class=\"none\"><tr><td style=\"white-space:nowrap\"><b>Code</b></td><td><b>Display</b></td><td><b>Definition</b></td></tr><tr><td><a href=\"http://terminology.hl7.org/6.1.0/CodeSystem-v3-ObservationInterpretation.html#v3-ObservationInterpretation-NEG\">NEG</a></td><td>Negative</td><td>An absence finding of the specified component / analyte, organism or clinical sign based on the established threshold of the performed test or procedure.<br/><br/>\\[Note: Negative does not necessarily imply the complete absence of the specified item.\\]</td></tr><tr><td><a href=\"http://terminology.hl7.org/6.1.0/CodeSystem-v3-ObservationInterpretation.html#v3-ObservationInterpretation-POS\">POS</a></td><td>Positive</td><td>A presence finding of the specified component / analyte, organism or clinical sign based on the established threshold of the performed test or procedure.</td></tr></table></li></ul></div>"},"url":"http://fhir.ch/ig/ch-elm/ValueSet/ch-elm-interpretation-codes-pos-neg","version":"1.9.1","name":"ChElmInterpretationCodesPosNeg","title":"CH ELM Interpretation Codes Positive and Negative","status":"active","experimental":false,"date":"2025-03-26T08:01:17+00:00","publisher":"Federal Office of Public Health FOPH","contact":[{"name":"Federal Office of Public Health FOPH","telecom":[{"system":"url","value":"https://www.bag.admin.ch/bag/en/home/das-bag/kontakt-standort.html"}]}],"description":"This CH ELM value set includes the code for positive and negative interpretation code(s).","jurisdiction":[{"coding":[{"system":"urn:iso:std:iso:3166","code":"CH"}]}],"copyright":"CC0-1.0","compose":{"include":[{"system":"http://terminology.hl7.org/CodeSystem/v3-ObservationInterpretation","concept":[{"code":"NEG","display":"Negative"},{"code":"POS","display":"Positive"}]}]}}