<?xml version="1.0" encoding="UTF-8"?>

<MedicationStatement xmlns="http://hl7.org/fhir">
  <id value="2-7-MedStatNorvasc"/>
  <meta>
    <profile value="http://fhir.ch/ig/ch-emed/StructureDefinition/ch-emed-medicationstatement-card"/>
  </meta>
  <text>
    <status value="extensions"/><div xmlns="http://www.w3.org/1999/xhtml"><p class="res-header-id"><b>Generated Narrative: MedicationStatement 2-7-MedStatNorvasc</b></p><a name="2-7-MedStatNorvasc"> </a><a name="hc2-7-MedStatNorvasc"> </a><a name="2-7-MedStatNorvasc-en-US"> </a><div style="display: inline-block; background-color: #d9e0e7; padding: 6px; margin: 4px; border: 1px solid #8da1b4; border-radius: 5px; line-height: 60%"><p style="margin-bottom: 0px"/><p style="margin-bottom: 0px">Profile: <a href="StructureDefinition-ch-emed-medicationstatement-card.html">CH EMED MedicationStatement (CARD)</a></p></div><blockquote><p><b>CH EMED Extension Treatment Plan</b></p><ul><li>id: <a href="http://terminology.hl7.org/6.3.0/NamingSystem-uri.html" title="As defined by RFC 3986 (http://www.ietf.org/rfc/rfc3986.txt)(with many schemes defined in many RFCs). For OIDs and UUIDs, use the URN form (urn:oid:(note: lowercase) and urn:uuid:). See http://www.ietf.org/rfc/rfc3001.txt and http://www.ietf.org/rfc/rfc4122.txt 

This oid is used as an identifier II.root to indicate the the extension is an absolute URI (technically, an IRI). Typically, this is used for OIDs and GUIDs. Note that when this OID is used with OIDs and GUIDs, the II.extension should start with urn:oid or urn:uuid: 

Note that this OID is created to aid with interconversion between CDA and FHIR - FHIR uses urn:ietf:rfc:3986 as equivalent to this OID. URIs as identifiers appear more commonly in FHIR.

This OID may also be used in CD.codeSystem.">Uniform Resource Identifier (URI)</a>/urn:uuid:0e9a0b8a-8306-4e35-bb92-0ba424696349</li><li>externalDocumentId: <a href="http://terminology.hl7.org/6.3.0/NamingSystem-uri.html" title="As defined by RFC 3986 (http://www.ietf.org/rfc/rfc3986.txt)(with many schemes defined in many RFCs). For OIDs and UUIDs, use the URN form (urn:oid:(note: lowercase) and urn:uuid:). See http://www.ietf.org/rfc/rfc3001.txt and http://www.ietf.org/rfc/rfc4122.txt 

This oid is used as an identifier II.root to indicate the the extension is an absolute URI (technically, an IRI). Typically, this is used for OIDs and GUIDs. Note that when this OID is used with OIDs and GUIDs, the II.extension should start with urn:oid or urn:uuid: 

Note that this OID is created to aid with interconversion between CDA and FHIR - FHIR uses urn:ietf:rfc:3986 as equivalent to this OID. URIs as identifiers appear more commonly in FHIR.

This OID may also be used in CD.codeSystem.">Uniform Resource Identifier (URI)</a>/urn:uuid:0e9a0b8a-8306-4e35-bb92-0ba424696349</li></ul></blockquote><p><b>identifier</b>: <a href="http://terminology.hl7.org/6.3.0/NamingSystem-uri.html" title="As defined by RFC 3986 (http://www.ietf.org/rfc/rfc3986.txt)(with many schemes defined in many RFCs). For OIDs and UUIDs, use the URN form (urn:oid:(note: lowercase) and urn:uuid:). See http://www.ietf.org/rfc/rfc3001.txt and http://www.ietf.org/rfc/rfc4122.txt 

This oid is used as an identifier II.root to indicate the the extension is an absolute URI (technically, an IRI). Typically, this is used for OIDs and GUIDs. Note that when this OID is used with OIDs and GUIDs, the II.extension should start with urn:oid or urn:uuid: 

Note that this OID is created to aid with interconversion between CDA and FHIR - FHIR uses urn:ietf:rfc:3986 as equivalent to this OID. URIs as identifiers appear more commonly in FHIR.

This OID may also be used in CD.codeSystem.">Uniform Resource Identifier (URI)</a>/urn:uuid:92f5d646-2b51-4266-84e3-a50f531ca287</p><p><b>status</b>: Active</p><p><b>medication</b>: <a href="#hc2-7-MedStatNorvasc/Norvasc">Medication NORVASC Tabl 10 mg</a></p><p><b>subject</b>: <a href="Patient-MonikaWegmueller.html">Monika Wegmüller  Female, DoB: 1943-05-15 ( Medical record number)</a></p><p><b>dateAsserted</b>: 2012-02-04 14:00:00+0100</p><p><b>informationSource</b>: <a href="PractitionerRole-FamilienHausarztAtHausarzt.html">PractitionerRole</a></p><p><b>reasonCode</b>: <span title="Codes:">Bluthochdruck</span></p><blockquote><p><b>dosage</b></p><p><b>patientInstruction</b>: -</p><p><b>timing</b>: Morning, Evening, Once</p><p><b>route</b>: <span title="Codes:{urn:oid:0.4.0.127.0.16.1.1.2.1 20053000}">zum Einnehmen</span></p><h3>DoseAndRates</h3><table class="grid"><tr><td style="display: none">-</td><td><b>Dose[x]</b></td></tr><tr><td style="display: none">*</td><td>1 Tablet (unit of presentation)<span style="background: LightGoldenRodYellow"> (Details: SNOMED CT  code732936001 = 'Tablet (unit of presentation)')</span></td></tr></table></blockquote><hr/><blockquote><p class="res-header-id"><b>Generated Narrative: Medication #Norvasc</b></p><a name="2-7-MedStatNorvasc/Norvasc"> </a><a name="hc2-7-MedStatNorvasc/Norvasc"> </a><a name="2-7-MedStatNorvasc/Norvasc-en-US"> </a><div style="display: inline-block; background-color: #d9e0e7; padding: 6px; margin: 4px; border: 1px solid #8da1b4; border-radius: 5px; line-height: 60%"><p style="margin-bottom: 0px"/><p style="margin-bottom: 0px">Profile: <a href="StructureDefinition-ch-emed-medication.html">CH EMED Medication</a></p></div><p><b>code</b>: <span title="Codes:{urn:oid:2.51.1.1 7680500440334}">NORVASC Tabl 10 mg</span></p><p><b>form</b>: <span title="Codes:{urn:oid:0.4.0.127.0.16.1.1.2.1 10219000}">Tablette</span></p><p><b>amount</b>: 20 Tablet (unit of presentation)<span style="background: LightGoldenRodYellow"> (Details: SNOMED CT  code732936001 = 'Tablet (unit of presentation)')</span>/1 Package - unit of product usage (qualifier value)<span style="background: LightGoldenRodYellow"> (Details: SNOMED CT  code1681000175101 = 'Package - unit of product usage')</span></p><h3>Ingredients</h3><table class="grid"><tr><td style="display: none">-</td><td><b>Item[x]</b></td><td><b>Strength</b></td></tr><tr><td style="display: none">*</td><td><span title="Codes:{http://snomed.info/sct 386864001}">Amlodipine</span></td><td>10 milligram<span style="background: LightGoldenRodYellow"> (Details: UCUM  codemg = 'mg')</span>/1 Tablet (unit of presentation)<span style="background: LightGoldenRodYellow"> (Details: SNOMED CT  code732936001 = 'Tablet (unit of presentation)')</span></td></tr></table></blockquote></div>
  </text>
  <contained>
    <Medication>
      <id value="Norvasc"/>
      <meta>
        <profile value="http://fhir.ch/ig/ch-emed/StructureDefinition/ch-emed-medication"/>
      </meta>
      <code>
        <coding>
          <system value="urn:oid:2.51.1.1"/>
          <code value="7680500440334"/>
          <display value="NORVASC Tabl 10 mg"/>
        </coding>
        <text value="NORVASC Tabl 10 mg"/>
      </code>
      <form>
        <coding>
          <system value="urn:oid:0.4.0.127.0.16.1.1.2.1"/>
          <code value="10219000"/>
          <display value="Tablet"/>
        </coding>
        <text value="Tablette"/>
      </form>
      <amount>
        <numerator>
          <value value="20"/>
          <unit value="Tablet (unit of presentation)"/>
          <system value="http://snomed.info/sct"/>
          <code value="732936001"/>
        </numerator>
        <denominator>
          <value value="1"/>
          <unit value="Package - unit of product usage (qualifier value)"/>
          <system value="http://snomed.info/sct"/>
          <code value="1681000175101"/>
        </denominator>
      </amount>
      <ingredient>
        <itemCodeableConcept>
          <coding>
            <system value="http://snomed.info/sct"/>
            <code value="386864001"/>
            <display value="Amlodipine (substance)"/>
          </coding>
          <text value="Amlodipine"/>
        </itemCodeableConcept>
        <strength>
          <numerator>
            <value value="10"/>
            <unit value="milligram"/>
            <system value="http://unitsofmeasure.org"/>
            <code value="mg"/>
          </numerator>
          <denominator>
            <value value="1"/>
            <unit value="Tablet (unit of presentation)"/>
            <system value="http://snomed.info/sct"/>
            <code value="732936001"/>
          </denominator>
        </strength>
      </ingredient>
    </Medication>
  </contained>
  <extension url="http://fhir.ch/ig/ch-emed/StructureDefinition/ch-emed-ext-treatmentplan">
    <extension url="id">
      <valueIdentifier>
        <system value="urn:ietf:rfc:3986"/>
        <value value="urn:uuid:0e9a0b8a-8306-4e35-bb92-0ba424696349"/>
      </valueIdentifier>
    </extension>
    <extension url="externalDocumentId">
      <valueIdentifier>
        <system value="urn:ietf:rfc:3986"/>
        <value value="urn:uuid:0e9a0b8a-8306-4e35-bb92-0ba424696349"/>
      </valueIdentifier>
    </extension>
  </extension>
  <identifier>
    <system value="urn:ietf:rfc:3986"/>
    <value value="urn:uuid:92f5d646-2b51-4266-84e3-a50f531ca287"/>
  </identifier>
  <status value="active"/>
  <medicationReference>
    <reference value="#Norvasc"/>
  </medicationReference>
  <subject>
    <reference value="Patient/MonikaWegmueller"/>
  </subject>
  <dateAsserted value="2012-02-04T14:00:00+01:00"/>
  <informationSource>
    <reference value="PractitionerRole/FamilienHausarztAtHausarzt"/>
  </informationSource>
  <reasonCode>
    <text value="Bluthochdruck"/>
  </reasonCode>
  <dosage>
    <patientInstruction value="-"/>
    <timing>
      <repeat>
        <boundsPeriod>
          <start value="2012-02-04"/>
        </boundsPeriod>
        <when value="MORN"/>
        <when value="EVE"/>
      </repeat>
    </timing>
    <route>
      <coding>
        <system value="urn:oid:0.4.0.127.0.16.1.1.2.1"/>
        <code value="20053000"/>
        <display value="Oral use"/>
      </coding>
      <text value="zum Einnehmen"/>
    </route>
    <doseAndRate>
      <doseQuantity>
        <value value="1"/>
        <unit value="Tablet (unit of presentation)"/>
        <system value="http://snomed.info/sct"/>
        <code value="732936001"/>
      </doseQuantity>
    </doseAndRate>
  </dosage>
</MedicationStatement>