{
  "resourceType" : "Practitioner",
  "id" : "HanspeterWengerByBFH",
  "meta" : {
    "source" : "https://www.ti.bfh.ch/de/bachelor/medizininformatik.html",
    "profile" : ["http://fhir.ch/ig/ch-core/StructureDefinition/ch-core-practitioner"]
  },
  "text" : {
    "status" : "generated",
    "div" : "<div xmlns=\"http://www.w3.org/1999/xhtml\"><p><b>Generated Narrative: Practitioner</b><a name=\"HanspeterWengerByBFH\"> </a></p><div style=\"display: inline-block; background-color: #d9e0e7; padding: 6px; margin: 4px; border: 1px solid #8da1b4; border-radius: 5px; line-height: 60%\"><p style=\"margin-bottom: 0px\">Resource Practitioner &quot;HanspeterWengerByBFH&quot; </p><p style=\"margin-bottom: 0px\">Information Source: https://www.ti.bfh.ch/de/bachelor/medizininformatik.html!</p><p style=\"margin-bottom: 0px\">Profile: <a href=\"StructureDefinition-ch-core-practitioner.html\">CH Core Practitioner</a></p></div><p><b>identifier</b>: id:\u00a07601000050717, id:\u00a0Q123456</p><p><b>name</b>: Hanspeter Wenger </p><p><b>gender</b>: male</p><p><b>birthDate</b>: 1965-12-13</p></div>"
  },
  "identifier" : [{
    "system" : "urn:oid:2.51.1.3",
    "value" : "7601000050717"
  },
  {
    "system" : "urn:oid:2.16.756.5.30.1.123.100.2.1.1",
    "value" : "Q123456"
  }],
  "name" : [{
    "family" : "Wenger",
    "given" : ["Hanspeter"],
    "prefix" : ["Herr",
    "Dr. med."],
    "_prefix" : [null,
    {
      "extension" : [{
        "url" : "http://hl7.org/fhir/StructureDefinition/iso21090-EN-qualifier",
        "valueCode" : "AC"
      }]
    }]
  }],
  "gender" : "male",
  "birthDate" : "1965-12-13"
}