{
  "resourceType" : "ValueSet",
  "id" : "bfs-medstats-28-dischargedestination",
  "text" : {
    "status" : "generated",
    "div" : "<div xmlns=\"http://www.w3.org/1999/xhtml\"><ul><li>Include these codes as defined in <a href=\"CodeSystem-bfs-medstats-28-dischargedestination.html\"><code>http://fhir.ch/ig/ch-core/CodeSystem/bfs-medstats-28-dischargedestination</code></a><table class=\"none\"><tr><td style=\"white-space:nowrap\"><b>Code</b></td><td><b>Display</b></td><td><b>Deutsch (Schweiz) (German (Switzerland), de)</b></td><td><b>French (Switzerland) (fr)</b></td><td><b>Italian (Switzerland) (it)</b></td></tr><tr><td><a href=\"CodeSystem-bfs-medstats-28-dischargedestination.html#bfs-medstats-28-dischargedestination-1\">1</a></td><td>Zuhause</td><td>Zuhause</td><td>Domicile</td><td>domicilio</td></tr><tr><td><a href=\"CodeSystem-bfs-medstats-28-dischargedestination.html#bfs-medstats-28-dischargedestination-2\">2</a></td><td>Krankenheim, Pflegeheim</td><td>Krankenheim, Pflegeheim</td><td>établ. de santé non hospit. médicalisé</td><td>casa di cura</td></tr><tr><td><a href=\"CodeSystem-bfs-medstats-28-dischargedestination.html#bfs-medstats-28-dischargedestination-3\">3</a></td><td>Altersheim, andere sozialmed. Institution</td><td>Altersheim, andere sozialmed. Institution</td><td>id. non médicalisé</td><td>casa per anziani, altro stabilimento sanitario non ospedaliero</td></tr><tr><td><a href=\"CodeSystem-bfs-medstats-28-dischargedestination.html#bfs-medstats-28-dischargedestination-4\">4</a></td><td>Psychiatrische Klinik, anderer Betrieb</td><td>Psychiatrische Klinik, anderer Betrieb</td><td>institution psychiatrique, autre établissement</td><td>clinica psichiatrica, altro istituto</td></tr><tr><td><a href=\"CodeSystem-bfs-medstats-28-dischargedestination.html#bfs-medstats-28-dischargedestination-44\">44</a></td><td>Psychiatrische Abteilung/Klinik, gleicher Betrieb</td><td>Psychiatrische Abteilung/Klinik, gleicher Betrieb</td><td>division/clinique psychiatrique, même établissement</td><td>reparto psichiatrico / clinica psichiatrica, stesso istituto</td></tr><tr><td><a href=\"CodeSystem-bfs-medstats-28-dischargedestination.html#bfs-medstats-28-dischargedestination-5\">5</a></td><td>Rehabilitationsklinik, anderer Betrieb</td><td>Rehabilitationsklinik, anderer Betrieb</td><td>institution de réadaptation, autre établissement</td><td>clinica di riabilitazione, altro istituto</td></tr><tr><td><a href=\"CodeSystem-bfs-medstats-28-dischargedestination.html#bfs-medstats-28-dischargedestination-55\">55</a></td><td>Rehabilitations- abteilung/-klinik, gleicher Betrieb</td><td>Rehabilitations- abteilung/-klinik, gleicher Betrieb</td><td>Division/clinique de réadaptation, même établissement</td><td>reparto di riabilitazione / clinica di riabilitazione, stesso istituto</td></tr><tr><td><a href=\"CodeSystem-bfs-medstats-28-dischargedestination.html#bfs-medstats-28-dischargedestination-6\">6</a></td><td>anderes Krankenhaus (Akutspital) oder Geburtshaus</td><td>anderes Krankenhaus (Akutspital) oder Geburtshaus</td><td>Autre hôpital (soins aigus) ou maison de naissance</td><td>altro stabilimento ospedaliero (ospedale acuto) o casa per partorienti</td></tr><tr><td><a href=\"CodeSystem-bfs-medstats-28-dischargedestination.html#bfs-medstats-28-dischargedestination-66\">66</a></td><td>Akutabteilung/-klinik, gleicher Betrieb</td><td>Akutabteilung/-klinik, gleicher Betrieb</td><td>division/clinique de soins aigus, même établissement</td><td>reparto acuto / ospedale acuto, stesso istituto</td></tr><tr><td><a href=\"CodeSystem-bfs-medstats-28-dischargedestination.html#bfs-medstats-28-dischargedestination-7\">7</a></td><td>Strafvollzugsanstalt</td><td>Strafvollzugsanstalt</td><td>institution d’exécution des peines</td><td>penitenziario</td></tr><tr><td><a href=\"CodeSystem-bfs-medstats-28-dischargedestination.html#bfs-medstats-28-dischargedestination-8\">8</a></td><td>andere</td><td>andere</td><td>Autre</td><td>altro</td></tr><tr><td><a href=\"CodeSystem-bfs-medstats-28-dischargedestination.html#bfs-medstats-28-dischargedestination-9\">9</a></td><td>unbekannt</td><td>unbekannt</td><td>Inconnu</td><td>sconosciuto</td></tr><tr><td><a href=\"CodeSystem-bfs-medstats-28-dischargedestination.html#bfs-medstats-28-dischargedestination-0\">0</a></td><td>Todesfall</td><td>Todesfall</td><td>décédé</td><td>decesso</td></tr></table></li></ul></div>"
  },
  "url" : "http://fhir.ch/ig/ch-core/ValueSet/bfs-medstats-28-dischargedestination",
  "version" : "4.0.1",
  "name" : "BfsMedstats28Dischargedestination",
  "title" : "BFS Medizinische Statistik - 28 1.5.V03 - Aufenthalt nach Austritt / Séjour après la sortie / Destinazione dopo l’uscita",
  "status" : "active",
  "experimental" : false,
  "date" : "2019-01-01",
  "publisher" : "HL7 Switzerland",
  "contact" : [{
    "name" : "HL7 Switzerland",
    "telecom" : [{
      "system" : "url",
      "value" : "https://www.hl7.ch/"
    }]
  },
  {
    "name" : "HL7 Switzerland",
    "telecom" : [{
      "system" : "url",
      "value" : "https://www.hl7.ch/",
      "use" : "work"
    }]
  }],
  "description" : "BFS defines variables for medical statistic (german, french, italian) see [BFS](https://www.bfs.admin.ch/bfs/de/home/statistiken/kataloge-datenbanken/publikationen.assetdetail.7066232.html). Wohin wurde der Patient entlassen?",
  "jurisdiction" : [{
    "coding" : [{
      "system" : "urn:iso:std:iso:3166",
      "code" : "CH"
    }]
  }],
  "copyright" : "CC0-1.0",
  "compose" : {
    "include" : [{
      "system" : "http://fhir.ch/ig/ch-core/CodeSystem/bfs-medstats-28-dischargedestination",
      "concept" : [{
        "code" : "1",
        "display" : "Zuhause",
        "designation" : [{
          "language" : "de-CH",
          "value" : "Zuhause"
        },
        {
          "language" : "fr-CH",
          "value" : "Domicile"
        },
        {
          "language" : "it-CH",
          "value" : "domicilio"
        }]
      },
      {
        "code" : "2",
        "display" : "Krankenheim, Pflegeheim",
        "designation" : [{
          "language" : "de-CH",
          "value" : "Krankenheim, Pflegeheim"
        },
        {
          "language" : "fr-CH",
          "value" : "établ. de santé non hospit. médicalisé"
        },
        {
          "language" : "it-CH",
          "value" : "casa di cura"
        }]
      },
      {
        "code" : "3",
        "display" : "Altersheim, andere sozialmed. Institution",
        "designation" : [{
          "language" : "de-CH",
          "value" : "Altersheim, andere sozialmed. Institution"
        },
        {
          "language" : "fr-CH",
          "value" : "id. non médicalisé"
        },
        {
          "language" : "it-CH",
          "value" : "casa per anziani, altro stabilimento sanitario non ospedaliero"
        }]
      },
      {
        "code" : "4",
        "display" : "Psychiatrische Klinik, anderer Betrieb",
        "designation" : [{
          "language" : "de-CH",
          "value" : "Psychiatrische Klinik, anderer Betrieb"
        },
        {
          "language" : "fr-CH",
          "value" : "institution psychiatrique, autre établissement"
        },
        {
          "language" : "it-CH",
          "value" : "clinica psichiatrica, altro istituto"
        }]
      },
      {
        "code" : "44",
        "display" : "Psychiatrische Abteilung/Klinik, gleicher Betrieb",
        "designation" : [{
          "language" : "de-CH",
          "value" : "Psychiatrische Abteilung/Klinik, gleicher Betrieb"
        },
        {
          "language" : "fr-CH",
          "value" : "division/clinique psychiatrique, même établissement"
        },
        {
          "language" : "it-CH",
          "value" : "reparto psichiatrico / clinica psichiatrica, stesso istituto"
        }]
      },
      {
        "code" : "5",
        "display" : "Rehabilitationsklinik, anderer Betrieb",
        "designation" : [{
          "language" : "de-CH",
          "value" : "Rehabilitationsklinik, anderer Betrieb"
        },
        {
          "language" : "fr-CH",
          "value" : "institution de réadaptation, autre établissement"
        },
        {
          "language" : "it-CH",
          "value" : "clinica di riabilitazione, altro istituto"
        }]
      },
      {
        "code" : "55",
        "display" : "Rehabilitations- abteilung/-klinik, gleicher Betrieb",
        "designation" : [{
          "language" : "de-CH",
          "value" : "Rehabilitations- abteilung/-klinik, gleicher Betrieb"
        },
        {
          "language" : "fr-CH",
          "value" : "Division/clinique de réadaptation, même établissement"
        },
        {
          "language" : "it-CH",
          "value" : "reparto di riabilitazione / clinica di riabilitazione, stesso istituto"
        }]
      },
      {
        "code" : "6",
        "display" : "anderes Krankenhaus (Akutspital) oder Geburtshaus",
        "designation" : [{
          "language" : "de-CH",
          "value" : "anderes Krankenhaus (Akutspital) oder Geburtshaus"
        },
        {
          "language" : "fr-CH",
          "value" : "Autre hôpital (soins aigus) ou maison de naissance"
        },
        {
          "language" : "it-CH",
          "value" : "altro stabilimento ospedaliero (ospedale acuto) o casa per partorienti"
        }]
      },
      {
        "code" : "66",
        "display" : "Akutabteilung/-klinik, gleicher Betrieb",
        "designation" : [{
          "language" : "de-CH",
          "value" : "Akutabteilung/-klinik, gleicher Betrieb"
        },
        {
          "language" : "fr-CH",
          "value" : "division/clinique de soins aigus, même établissement"
        },
        {
          "language" : "it-CH",
          "value" : "reparto acuto / ospedale acuto, stesso istituto"
        }]
      },
      {
        "code" : "7",
        "display" : "Strafvollzugsanstalt",
        "designation" : [{
          "language" : "de-CH",
          "value" : "Strafvollzugsanstalt"
        },
        {
          "language" : "fr-CH",
          "value" : "institution d’exécution des peines"
        },
        {
          "language" : "it-CH",
          "value" : "penitenziario"
        }]
      },
      {
        "code" : "8",
        "display" : "andere",
        "designation" : [{
          "language" : "de-CH",
          "value" : "andere"
        },
        {
          "language" : "fr-CH",
          "value" : "Autre"
        },
        {
          "language" : "it-CH",
          "value" : "altro"
        }]
      },
      {
        "code" : "9",
        "display" : "unbekannt",
        "designation" : [{
          "language" : "de-CH",
          "value" : "unbekannt"
        },
        {
          "language" : "fr-CH",
          "value" : "Inconnu"
        },
        {
          "language" : "it-CH",
          "value" : "sconosciuto"
        }]
      },
      {
        "code" : "0",
        "display" : "Todesfall",
        "designation" : [{
          "language" : "de-CH",
          "value" : "Todesfall"
        },
        {
          "language" : "fr-CH",
          "value" : "décédé"
        },
        {
          "language" : "it-CH",
          "value" : "decesso"
        }]
      }]
    }]
  }
}