<?xml version="1.0" encoding="UTF-8"?><CapabilityStatement xmlns="http://hl7.org/fhir"><id value="ch-elm-documentrecipient"/><text><status value="extensions"/><div xmlns="http://www.w3.org/1999/xhtml"><h2>CH_ELM_CapabilityStatement_DocumentRecipient</h2><div><p>Document Recipient implementing  Publish</p>
</div><table><tr><td>Mode</td><td>SERVER</td></tr><tr><td>Description</td><td/></tr><tr><td>Transaction</td><td></td></tr><tr><td>System History</td><td></td></tr><tr><td>System Search</td><td></td></tr></table><table><tr><th><b>Resource Type</b></th><th><b>Profile</b></th><th><b title="GET a resource (read interaction)">Read</b></th><th><b title="GET all set of resources of the type (search interaction)">Search</b></th><th><b title="PUT a new resource version (update interaction)">Update</b></th><th><b title="POST a new resource (create interaction)">Create</b></th></tr><tr><td>DocumentReference</td><td><a href="http://fhir.ch/ig/ch-elm/StructureDefinition/PublishDocumentReference">http://fhir.ch/ig/ch-elm/StructureDefinition/PublishDocumentReference</a></td><td>y</td><td></td><td></td><td>y</td></tr></table></div></text><url value="http://fhir.ch/ig/ch-elm/CapabilityStatement/ch-elm-documentrecipient"/><version value="1.0.0-trialuse"/><name value="CH_ELM_CapabilityStatement_DocumentRecipient"/><title value="Document Recipient implementing  Publish Option"/><status value="active"/><experimental value="false"/><date value="2023-09-13T14:45:41+02:00"/><publisher value="Federal Office of Public Health FOPH"/><contact><name value="Federal Office of Public Health FOPH"/><telecom><system value="url"/><value value="https://www.bag.admin.ch/bag/en/home/das-bag/kontakt-standort.html"/></telecom></contact><description value="Document Recipient implementing  Publish"/><jurisdiction><coding><system value="urn:iso:std:iso:3166"/><code value="CHE"/></coding></jurisdiction><copyright value="CC0-1.0"/><kind value="requirements"/><fhirVersion value="4.0.1"/><format value="application/fhir+xml"/><format value="application/fhir+json"/><rest><mode value="server"/><security><description value="TLS with client ceritifcare required"/></security><resource><type value="DocumentReference"/><profile value="http://fhir.ch/ig/ch-elm/StructureDefinition/PublishDocumentReference"/><interaction><code value="create"/></interaction><interaction><code value="read"/></interaction></resource></rest></CapabilityStatement>