{
  "resourceType" : "Medication",
  "id" : "TriatecWithCodeNotFromVS",
  "meta" : {
    "profile" : ["http://fhir.ch/ig/ch-emed/StructureDefinition/ch-emed-medication"]
  },
  "text" : {
    "status" : "generated",
    "div" : "<div xmlns=\"http://www.w3.org/1999/xhtml\"><p class=\"res-header-id\"><b>Generated Narrative: Medication TriatecWithCodeNotFromVS</b></p><a name=\"TriatecWithCodeNotFromVS\"> </a><a name=\"hcTriatecWithCodeNotFromVS\"> </a><a name=\"TriatecWithCodeNotFromVS-en-US\"> </a><p><b>code</b>: <span title=\"Codes:{urn:oid:2.51.1.1 7680538751228}\">TRIATEC Tabl 2.5 mg</span></p><p><b>form</b>: <span title=\"Codes:{urn:oid:0.4.0.127.0.16.1.1.2.1 10219000}\">Tablette</span></p><p><b>amount</b>: 20 Tablet (unit of presentation)<span style=\"background: LightGoldenRodYellow\"> (Details: SNOMED CT  code732936001 = 'Tablet (unit of presentation)')</span>/1 Package - unit of product usage (qualifier value)<span style=\"background: LightGoldenRodYellow\"> (Details: SNOMED CT  code1681000175101 = 'Package - unit of product usage')</span></p><h3>Ingredients</h3><table class=\"grid\"><tr><td style=\"display: none\">-</td><td><b>Item[x]</b></td><td><b>Strength</b></td></tr><tr><td style=\"display: none\">*</td><td><span title=\"Codes:{http://snomed.info/sct 408050008}\">Ramipril</span></td><td>2.5 milligram<span style=\"background: LightGoldenRodYellow\"> (Details: UCUM  codemg = 'mg')</span>/1 Tablet (unit of presentation)<span style=\"background: LightGoldenRodYellow\"> (Details: SNOMED CT  code732936001 = 'Tablet (unit of presentation)')</span></td></tr></table></div>"
  },
  "code" : {
    "coding" : [{
      "system" : "urn:oid:2.51.1.1",
      "code" : "7680538751228",
      "display" : "TRIATEC Tabl 2.5 mg 20 Stk"
    }],
    "text" : "TRIATEC Tabl 2.5 mg"
  },
  "form" : {
    "coding" : [{
      "system" : "urn:oid:0.4.0.127.0.16.1.1.2.1",
      "code" : "10219000",
      "display" : "Tablet"
    }],
    "text" : "Tablette"
  },
  "amount" : {
    "numerator" : {
      "value" : 20,
      "unit" : "Tablet (unit of presentation)",
      "system" : "http://snomed.info/sct",
      "code" : "732936001"
    },
    "denominator" : {
      "value" : 1,
      "unit" : "Package - unit of product usage (qualifier value)",
      "system" : "http://snomed.info/sct",
      "code" : "1681000175101"
    }
  },
  "ingredient" : [{
    "itemCodeableConcept" : {
      "coding" : [{
        "system" : "http://snomed.info/sct",
        "code" : "408050008",
        "display" : "Ramipril 2.5 mg oral tablet"
      }],
      "text" : "Ramipril"
    },
    "strength" : {
      "numerator" : {
        "value" : 2.5,
        "unit" : "milligram",
        "system" : "http://unitsofmeasure.org",
        "code" : "mg"
      },
      "denominator" : {
        "value" : 1,
        "unit" : "Tablet (unit of presentation)",
        "system" : "http://snomed.info/sct",
        "code" : "732936001"
      }
    }
  }]
}