<?xml version="1.0" encoding="UTF-8"?>

<ConceptMap xmlns="http://hl7.org/fhir">
  <id value="ch-elm-expecting-organism-specification-to-results-completion-vs"/>
  <text>
    <status value="extensions"/><div xmlns="http://www.w3.org/1999/xhtml"><p>Mapping from <a href="ValueSet-ch-elm-expecting-organism-specification.html">CH ELM Expecting Organism Specification</a> to <a href="ValueSet-ch-elm-results-completion-vs.html">CH ELM Results Completion Vs</a></p><p>ACTIVE. Published on 2024-06-17 08:47:24+0000 by Federal Office of Public Health FOPH  (Federal Office of Public Health FOPH: <a href="https://www.bag.admin.ch/bag/en/home/das-bag/kontakt-standort.html">https://www.bag.admin.ch/bag/e...</a>). CC0-1.0</p><div><p>This CH ELM concept map shows which leading codes have to be completed by an additional code to specify the organism. The target code shows the URL of the value set containing the permitted codes for the organism specification.</p>
</div><br/><p><b>Group 1 </b>Mapping from <a href="http://terminology.hl7.org/5.3.0/CodeSystem-v3-loinc.html">Logical Observation Identifiers, Names and Codes (LOINC)</a> to <a href="CodeSystem-ch-elm-results-completion-vs.html">CH ELM Results Completion Vs</a></p><table class="grid"><tr><td><b>Source Code</b></td><td><b>Relationship</b></td><td><b>Target Code</b></td></tr><tr><td>100911-7 (Campylobacter sp [Presence] in Stool by Organism specific culture)</td><td><a href="http://hl7.org/fhir/R4/codesystem-concept-map-equivalence.html#relatedto" title="relatedto">is related to</a></td><td>http://fhir.ch/ig/ch-elm/ValueSet/ch-elm-results-camp-org</td></tr><tr><td>101219-4 (Legionella sp DNA [Presence] in Specimen by NAA with probe detection)</td><td><a href="http://hl7.org/fhir/R4/codesystem-concept-map-equivalence.html#relatedto" title="relatedto">is related to</a></td><td>http://fhir.ch/ig/ch-elm/ValueSet/ch-elm-results-leg-org</td></tr><tr><td>101427-3 (Shigella sp DNA [Presence] in Stool by NAA with probe detection)</td><td><a href="http://hl7.org/fhir/R4/codesystem-concept-map-equivalence.html#relatedto" title="relatedto">is related to</a></td><td>http://fhir.ch/ig/ch-elm/ValueSet/ch-elm-results-shi-org</td></tr><tr><td>26621-3 (Legionella sp Ag [Presence] in Specimen)</td><td><a href="http://hl7.org/fhir/R4/codesystem-concept-map-equivalence.html#relatedto" title="relatedto">is related to</a></td><td>http://fhir.ch/ig/ch-elm/ValueSet/ch-elm-results-leg-org</td></tr><tr><td>32781-7 (Legionella sp Ag [Presence] in Urine)</td><td><a href="http://hl7.org/fhir/R4/codesystem-concept-map-equivalence.html#relatedto" title="relatedto">is related to</a></td><td>http://fhir.ch/ig/ch-elm/ValueSet/ch-elm-results-leg-org</td></tr><tr><td>38394-3 (Legionella sp identified in Urine by Organism specific culture)</td><td><a href="http://hl7.org/fhir/R4/codesystem-concept-map-equivalence.html#relatedto" title="relatedto">is related to</a></td><td>http://fhir.ch/ig/ch-elm/ValueSet/ch-elm-results-leg-org</td></tr><tr><td>46454-5 (Shigella sp [Presence] in Specimen by Organism specific culture)</td><td><a href="http://hl7.org/fhir/R4/codesystem-concept-map-equivalence.html#relatedto" title="relatedto">is related to</a></td><td>http://fhir.ch/ig/ch-elm/ValueSet/ch-elm-results-shi-org</td></tr><tr><td>46455-2 (Shigella sp DNA [Presence] in Specimen by NAA with probe detection)</td><td><a href="http://hl7.org/fhir/R4/codesystem-concept-map-equivalence.html#relatedto" title="relatedto">is related to</a></td><td>http://fhir.ch/ig/ch-elm/ValueSet/ch-elm-results-shi-org</td></tr><tr><td>47085-6 (Plasmodium sp DNA [Presence] in Blood by NAA with probe detection)</td><td><a href="http://hl7.org/fhir/R4/codesystem-concept-map-equivalence.html#relatedto" title="relatedto">is related to</a></td><td>http://fhir.ch/ig/ch-elm/ValueSet/ch-elm-results-mal-org</td></tr><tr><td>49614-1 (Campylobacter sp DNA [Identifier] in Specimen by NAA with probe detection)</td><td><a href="http://hl7.org/fhir/R4/codesystem-concept-map-equivalence.html#relatedto" title="relatedto">is related to</a></td><td>http://fhir.ch/ig/ch-elm/ValueSet/ch-elm-results-camp-org</td></tr><tr><td>4992-4 (Campylobacter sp rRNA [Presence] in Specimen by Probe)</td><td><a href="http://hl7.org/fhir/R4/codesystem-concept-map-equivalence.html#relatedto" title="relatedto">is related to</a></td><td>http://fhir.ch/ig/ch-elm/ValueSet/ch-elm-results-camp-org</td></tr><tr><td>50687-3 (Plasmodium sp Ag [Presence] in Blood)</td><td><a href="http://hl7.org/fhir/R4/codesystem-concept-map-equivalence.html#relatedto" title="relatedto">is related to</a></td><td>http://fhir.ch/ig/ch-elm/ValueSet/ch-elm-results-mal-org</td></tr><tr><td>51587-4 (Plasmodium sp [Presence] in Blood by Light microscopy)</td><td><a href="http://hl7.org/fhir/R4/codesystem-concept-map-equivalence.html#relatedto" title="relatedto">is related to</a></td><td>http://fhir.ch/ig/ch-elm/ValueSet/ch-elm-results-mal-org</td></tr><tr><td>589-2 (Legionella sp identified in Bronchial specimen by Organism specific culture)</td><td><a href="http://hl7.org/fhir/R4/codesystem-concept-map-equivalence.html#relatedto" title="relatedto">is related to</a></td><td>http://fhir.ch/ig/ch-elm/ValueSet/ch-elm-results-leg-org</td></tr><tr><td>590-0 (Legionella sp identified in Sputum by Organism specific culture)</td><td><a href="http://hl7.org/fhir/R4/codesystem-concept-map-equivalence.html#relatedto" title="relatedto">is related to</a></td><td>http://fhir.ch/ig/ch-elm/ValueSet/ch-elm-results-leg-org</td></tr><tr><td>593-4 (Legionella sp identified in Specimen by Organism specific culture)</td><td><a href="http://hl7.org/fhir/R4/codesystem-concept-map-equivalence.html#relatedto" title="relatedto">is related to</a></td><td>http://fhir.ch/ig/ch-elm/ValueSet/ch-elm-results-leg-org</td></tr><tr><td>70569-9 (Plasmodium sp Ag [Identifier] in Blood by Rapid immunoassay)</td><td><a href="http://hl7.org/fhir/R4/codesystem-concept-map-equivalence.html#relatedto" title="relatedto">is related to</a></td><td>http://fhir.ch/ig/ch-elm/ValueSet/ch-elm-results-mal-org</td></tr><tr><td>71429-5 (Campylobacter sp DNA.diarrheagenic [Presence] in Stool by NAA with probe detection)</td><td><a href="http://hl7.org/fhir/R4/codesystem-concept-map-equivalence.html#relatedto" title="relatedto">is related to</a></td><td>http://fhir.ch/ig/ch-elm/ValueSet/ch-elm-results-camp-diar-org</td></tr><tr><td>82300-5 (Shigella sp [Presence] in Stool by Culture)</td><td><a href="http://hl7.org/fhir/R4/codesystem-concept-map-equivalence.html#relatedto" title="relatedto">is related to</a></td><td>http://fhir.ch/ig/ch-elm/ValueSet/ch-elm-results-shi-org</td></tr><tr><td>85827-4 (Carbapenem resistance bla OXA-48-like gene [Presence] by Molecular method)</td><td><a href="http://hl7.org/fhir/R4/codesystem-concept-map-equivalence.html#relatedto" title="relatedto">is related to</a></td><td>http://fhir.ch/ig/ch-elm/ValueSet/ch-elm-results-cpe-org</td></tr><tr><td>97513-6 (Campylobacter sp [Presence] in Specimen by Organism specific culture)</td><td><a href="http://hl7.org/fhir/R4/codesystem-concept-map-equivalence.html#relatedto" title="relatedto">is related to</a></td><td>http://fhir.ch/ig/ch-elm/ValueSet/ch-elm-results-camp-org</td></tr></table></div>
  </text>
  <url value="http://fhir.ch/ig/ch-elm/ConceptMap/ch-elm-expecting-organism-specification-to-results-completion-vs"/>
  <version value="1.3.1"/>
  <name value="ChElmExpectingOrganismSpecificationToResultsCompletionVs"/>
  <title value="CH ELM Expecting Organism Specification To Results Completion Vs"/>
  <status value="active"/>
  <experimental value="false"/>
  <date value="2024-06-17T08:47:24+00:00"/>
  <publisher value="Federal Office of Public Health FOPH"/>
  <contact>
    <name value="Federal Office of Public Health FOPH"/>
    <telecom>
      <system value="url"/>
      <value value="https://www.bag.admin.ch/bag/en/home/das-bag/kontakt-standort.html"/>
    </telecom>
  </contact>
  <description value="This CH ELM concept map shows which leading codes have to be completed by an additional code to specify the organism. The target code shows the URL of the value set containing the permitted codes for the organism specification."/>
  <jurisdiction>
    <coding>
      <system value="urn:iso:std:iso:3166"/>
      <code value="CHE"/>
    </coding>
  </jurisdiction>
  <copyright value="CC0-1.0"/>
  <sourceCanonical value="http://fhir.ch/ig/ch-elm/ValueSet/ch-elm-expecting-organism-specification"/>
  <targetCanonical value="http://fhir.ch/ig/ch-elm/ValueSet/ch-elm-results-completion-vs"/>
  <group>
    <source value="http://loinc.org"/>
    <target value="http://fhir.ch/ig/ch-elm/CodeSystem/ch-elm-results-completion-vs"/>
    <element>
      <code value="100911-7"/>
      <display value="Campylobacter sp [Presence] in Stool by Organism specific culture"/>
      <target>
        <modifierExtension url="http://hl7.org/fhir/1.0/StructureDefinition/extension-ConceptMap.element.target.equivalence">
          <valueCode value="relatedto"/>
        </modifierExtension>
        <code value="http://fhir.ch/ig/ch-elm/ValueSet/ch-elm-results-camp-org"/>
        <equivalence value="relatedto"/>
      </target>
    </element>
    <element>
      <code value="101219-4"/>
      <display value="Legionella sp DNA [Presence] in Specimen by NAA with probe detection"/>
      <target>
        <modifierExtension url="http://hl7.org/fhir/1.0/StructureDefinition/extension-ConceptMap.element.target.equivalence">
          <valueCode value="relatedto"/>
        </modifierExtension>
        <code value="http://fhir.ch/ig/ch-elm/ValueSet/ch-elm-results-leg-org"/>
        <equivalence value="relatedto"/>
      </target>
    </element>
    <element>
      <code value="101427-3"/>
      <display value="Shigella sp DNA [Presence] in Stool by NAA with probe detection"/>
      <target>
        <modifierExtension url="http://hl7.org/fhir/1.0/StructureDefinition/extension-ConceptMap.element.target.equivalence">
          <valueCode value="relatedto"/>
        </modifierExtension>
        <code value="http://fhir.ch/ig/ch-elm/ValueSet/ch-elm-results-shi-org"/>
        <equivalence value="relatedto"/>
      </target>
    </element>
    <element>
      <code value="26621-3"/>
      <display value="Legionella sp Ag [Presence] in Specimen"/>
      <target>
        <modifierExtension url="http://hl7.org/fhir/1.0/StructureDefinition/extension-ConceptMap.element.target.equivalence">
          <valueCode value="relatedto"/>
        </modifierExtension>
        <code value="http://fhir.ch/ig/ch-elm/ValueSet/ch-elm-results-leg-org"/>
        <equivalence value="relatedto"/>
      </target>
    </element>
    <element>
      <code value="32781-7"/>
      <display value="Legionella sp Ag [Presence] in Urine"/>
      <target>
        <modifierExtension url="http://hl7.org/fhir/1.0/StructureDefinition/extension-ConceptMap.element.target.equivalence">
          <valueCode value="relatedto"/>
        </modifierExtension>
        <code value="http://fhir.ch/ig/ch-elm/ValueSet/ch-elm-results-leg-org"/>
        <equivalence value="relatedto"/>
      </target>
    </element>
    <element>
      <code value="38394-3"/>
      <display value="Legionella sp identified in Urine by Organism specific culture"/>
      <target>
        <modifierExtension url="http://hl7.org/fhir/1.0/StructureDefinition/extension-ConceptMap.element.target.equivalence">
          <valueCode value="relatedto"/>
        </modifierExtension>
        <code value="http://fhir.ch/ig/ch-elm/ValueSet/ch-elm-results-leg-org"/>
        <equivalence value="relatedto"/>
      </target>
    </element>
    <element>
      <code value="46454-5"/>
      <display value="Shigella sp [Presence] in Specimen by Organism specific culture"/>
      <target>
        <modifierExtension url="http://hl7.org/fhir/1.0/StructureDefinition/extension-ConceptMap.element.target.equivalence">
          <valueCode value="relatedto"/>
        </modifierExtension>
        <code value="http://fhir.ch/ig/ch-elm/ValueSet/ch-elm-results-shi-org"/>
        <equivalence value="relatedto"/>
      </target>
    </element>
    <element>
      <code value="46455-2"/>
      <display value="Shigella sp DNA [Presence] in Specimen by NAA with probe detection"/>
      <target>
        <modifierExtension url="http://hl7.org/fhir/1.0/StructureDefinition/extension-ConceptMap.element.target.equivalence">
          <valueCode value="relatedto"/>
        </modifierExtension>
        <code value="http://fhir.ch/ig/ch-elm/ValueSet/ch-elm-results-shi-org"/>
        <equivalence value="relatedto"/>
      </target>
    </element>
    <element>
      <code value="47085-6"/>
      <display value="Plasmodium sp DNA [Presence] in Blood by NAA with probe detection"/>
      <target>
        <modifierExtension url="http://hl7.org/fhir/1.0/StructureDefinition/extension-ConceptMap.element.target.equivalence">
          <valueCode value="relatedto"/>
        </modifierExtension>
        <code value="http://fhir.ch/ig/ch-elm/ValueSet/ch-elm-results-mal-org"/>
        <equivalence value="relatedto"/>
      </target>
    </element>
    <element>
      <code value="49614-1"/>
      <display value="Campylobacter sp DNA [Identifier] in Specimen by NAA with probe detection"/>
      <target>
        <modifierExtension url="http://hl7.org/fhir/1.0/StructureDefinition/extension-ConceptMap.element.target.equivalence">
          <valueCode value="relatedto"/>
        </modifierExtension>
        <code value="http://fhir.ch/ig/ch-elm/ValueSet/ch-elm-results-camp-org"/>
        <equivalence value="relatedto"/>
      </target>
    </element>
    <element>
      <code value="4992-4"/>
      <display value="Campylobacter sp rRNA [Presence] in Specimen by Probe"/>
      <target>
        <modifierExtension url="http://hl7.org/fhir/1.0/StructureDefinition/extension-ConceptMap.element.target.equivalence">
          <valueCode value="relatedto"/>
        </modifierExtension>
        <code value="http://fhir.ch/ig/ch-elm/ValueSet/ch-elm-results-camp-org"/>
        <equivalence value="relatedto"/>
      </target>
    </element>
    <element>
      <code value="50687-3"/>
      <display value="Plasmodium sp Ag [Presence] in Blood"/>
      <target>
        <modifierExtension url="http://hl7.org/fhir/1.0/StructureDefinition/extension-ConceptMap.element.target.equivalence">
          <valueCode value="relatedto"/>
        </modifierExtension>
        <code value="http://fhir.ch/ig/ch-elm/ValueSet/ch-elm-results-mal-org"/>
        <equivalence value="relatedto"/>
      </target>
    </element>
    <element>
      <code value="51587-4"/>
      <display value="Plasmodium sp [Presence] in Blood by Light microscopy"/>
      <target>
        <modifierExtension url="http://hl7.org/fhir/1.0/StructureDefinition/extension-ConceptMap.element.target.equivalence">
          <valueCode value="relatedto"/>
        </modifierExtension>
        <code value="http://fhir.ch/ig/ch-elm/ValueSet/ch-elm-results-mal-org"/>
        <equivalence value="relatedto"/>
      </target>
    </element>
    <element>
      <code value="589-2"/>
      <display value="Legionella sp identified in Bronchial specimen by Organism specific culture"/>
      <target>
        <modifierExtension url="http://hl7.org/fhir/1.0/StructureDefinition/extension-ConceptMap.element.target.equivalence">
          <valueCode value="relatedto"/>
        </modifierExtension>
        <code value="http://fhir.ch/ig/ch-elm/ValueSet/ch-elm-results-leg-org"/>
        <equivalence value="relatedto"/>
      </target>
    </element>
    <element>
      <code value="590-0"/>
      <display value="Legionella sp identified in Sputum by Organism specific culture"/>
      <target>
        <modifierExtension url="http://hl7.org/fhir/1.0/StructureDefinition/extension-ConceptMap.element.target.equivalence">
          <valueCode value="relatedto"/>
        </modifierExtension>
        <code value="http://fhir.ch/ig/ch-elm/ValueSet/ch-elm-results-leg-org"/>
        <equivalence value="relatedto"/>
      </target>
    </element>
    <element>
      <code value="593-4"/>
      <display value="Legionella sp identified in Specimen by Organism specific culture"/>
      <target>
        <modifierExtension url="http://hl7.org/fhir/1.0/StructureDefinition/extension-ConceptMap.element.target.equivalence">
          <valueCode value="relatedto"/>
        </modifierExtension>
        <code value="http://fhir.ch/ig/ch-elm/ValueSet/ch-elm-results-leg-org"/>
        <equivalence value="relatedto"/>
      </target>
    </element>
    <element>
      <code value="70569-9"/>
      <display value="Plasmodium sp Ag [Identifier] in Blood by Rapid immunoassay"/>
      <target>
        <modifierExtension url="http://hl7.org/fhir/1.0/StructureDefinition/extension-ConceptMap.element.target.equivalence">
          <valueCode value="relatedto"/>
        </modifierExtension>
        <code value="http://fhir.ch/ig/ch-elm/ValueSet/ch-elm-results-mal-org"/>
        <equivalence value="relatedto"/>
      </target>
    </element>
    <element>
      <code value="71429-5"/>
      <display value="Campylobacter sp DNA.diarrheagenic [Presence] in Stool by NAA with probe detection"/>
      <target>
        <modifierExtension url="http://hl7.org/fhir/1.0/StructureDefinition/extension-ConceptMap.element.target.equivalence">
          <valueCode value="relatedto"/>
        </modifierExtension>
        <code value="http://fhir.ch/ig/ch-elm/ValueSet/ch-elm-results-camp-diar-org"/>
        <equivalence value="relatedto"/>
      </target>
    </element>
    <element>
      <code value="82300-5"/>
      <display value="Shigella sp [Presence] in Stool by Culture"/>
      <target>
        <modifierExtension url="http://hl7.org/fhir/1.0/StructureDefinition/extension-ConceptMap.element.target.equivalence">
          <valueCode value="relatedto"/>
        </modifierExtension>
        <code value="http://fhir.ch/ig/ch-elm/ValueSet/ch-elm-results-shi-org"/>
        <equivalence value="relatedto"/>
      </target>
    </element>
    <element>
      <code value="85827-4"/>
      <display value="Carbapenem resistance bla OXA-48-like gene [Presence] by Molecular method"/>
      <target>
        <modifierExtension url="http://hl7.org/fhir/1.0/StructureDefinition/extension-ConceptMap.element.target.equivalence">
          <valueCode value="relatedto"/>
        </modifierExtension>
        <code value="http://fhir.ch/ig/ch-elm/ValueSet/ch-elm-results-cpe-org"/>
        <equivalence value="relatedto"/>
      </target>
    </element>
    <element>
      <code value="97513-6"/>
      <display value="Campylobacter sp [Presence] in Specimen by Organism specific culture"/>
      <target>
        <modifierExtension url="http://hl7.org/fhir/1.0/StructureDefinition/extension-ConceptMap.element.target.equivalence">
          <valueCode value="relatedto"/>
        </modifierExtension>
        <code value="http://fhir.ch/ig/ch-elm/ValueSet/ch-elm-results-camp-org"/>
        <equivalence value="relatedto"/>
      </target>
    </element>
  </group>
</ConceptMap>