{
  "resourceType" : "Bundle",
  "id" : "RDC05",
  "meta" : {
    "profile" : ["http://fhir.ch/ig/ch-vacd/StructureDefinition/ch-vacd-document-vaccination-record"]
  },
  "identifier" : {
    "system" : "urn:ietf:rfc:3986",
    "value" : "urn:uuid:RDC05"
  },
  "type" : "document",
  "timestamp" : "2021-09-11T00:00:00.390+02:00",
  "entry" : [{
    "fullUrl" : "http://test.fhir.ch/r4/Composition/RDC05-Composition",
    "resource" : {
      "resourceType" : "Composition",
      "id" : "RDC05-Composition",
      "meta" : {
        "profile" : ["http://fhir.ch/ig/ch-vacd/StructureDefinition/ch-vacd-composition-vaccination-record"]
      },
      "language" : "en-US",
      "text" : {
        "status" : "generated",
        "div" : "<div xmlns=\"http://www.w3.org/1999/xhtml\" xml:lang=\"en-US\" lang=\"en-US\"><h3>Vaccination Record</h3><p><b>Id: </b>RDC05-Composition</p><p><b>Identifier: </b><span>urn:ietf:rfc:3986#urn:uuid:09cb062b-ae01-44c8-9814-eca4c8e1b90c</span></p><p><b>Status: </b>Final</p><p><b>Code: </b><span>Immunization record (http://snomed.info/sct#41000179103)</span></p><p><b>Patient: </b><a href=\"Patient-TC-patient.html\">Patient/TC-patient</a> Wegmueller Monika</p><p><b>Date: </b>September 11, 2021</p><p><b>Authors:</b></p><table><tr><td><p><a href=\"Patient-TC-patient.html\">Patient/TC-patient</a> Wegmueller Monika</p></td></tr></table><p><b>Confidentiality: </b>null<span> Normal (qualifier value) (http://snomed.info/sct#17621005)</span></p><p><b>Sections:</b></p><table><tr><td>Previous illnesses</td></tr></table></div>"
      },
      "identifier" : {
        "system" : "urn:ietf:rfc:3986",
        "value" : "urn:uuid:09cb062b-ae01-44c8-9814-eca4c8e1b90c"
      },
      "status" : "final",
      "type" : {
        "coding" : [{
          "system" : "http://snomed.info/sct",
          "code" : "41000179103",
          "display" : "Immunization record"
        }]
      },
      "subject" : {
        "reference" : "Patient/TC-patient"
      },
      "date" : "2021-09-11T00:00:00.390+02:00",
      "author" : [{
        "reference" : "Patient/TC-patient"
      }],
      "title" : "Vaccination Record",
      "confidentiality" : "N",
      "_confidentiality" : {
        "extension" : [{
          "url" : "http://fhir.ch/ig/ch-core/StructureDefinition/ch-ext-epr-confidentialitycode",
          "valueCodeableConcept" : {
            "coding" : [{
              "system" : "http://snomed.info/sct",
              "code" : "17621005",
              "display" : "Normal (qualifier value)"
            }]
          }
        }]
      },
      "custodian" : {
        "reference" : "Organization/TC-ORG1"
      },
      "section" : [{
        "id" : "pastillnesses",
        "title" : "Previous illnesses",
        "code" : {
          "coding" : [{
            "system" : "http://loinc.org",
            "code" : "11348-0",
            "display" : "Hx of Past illness"
          }]
        },
        "text" : {
          "status" : "generated",
          "div" : "<div xmlns=\"http://www.w3.org/1999/xhtml\" xml:lang=\"en-US\" lang=\"en-US\"><p><b>Code: </b><span>Hx of Past illness (http://loinc.org#11348-0)</span></p><p><b>Entries:</b></p><table><tr><td><a href=\"Condition-TCC05-UNDILL3.html\">Condition/TCC05-UNDILL3</a></td></tr></table></div>"
        },
        "entry" : [{
          "reference" : "Condition/TCC05-UNDILL3"
        }]
      }]
    }
  },
  {
    "fullUrl" : "http://test.fhir.ch/r4/Patient/TC-patient",
    "resource" : {
      "resourceType" : "Patient",
      "id" : "TC-patient",
      "meta" : {
        "profile" : ["http://fhir.ch/ig/ch-core/StructureDefinition/ch-core-patient-epr"]
      },
      "text" : {
        "status" : "generated",
        "div" : "<div xmlns=\"http://www.w3.org/1999/xhtml\"><p><b>Generated Narrative: Patient</b><a name=\"TC-patient\"> </a></p><div style=\"display: inline-block; background-color: #d9e0e7; padding: 6px; margin: 4px; border: 1px solid #8da1b4; border-radius: 5px; line-height: 60%\"><p style=\"margin-bottom: 0px\">Resource Patient &quot;TC-patient&quot; </p><p style=\"margin-bottom: 0px\">Profile: <a href=\"http://fhir.ch/ig/ch-core/4.0.1/StructureDefinition-ch-core-patient-epr.html\">CH Core Patient EPR</a></p></div><p><b>identifier</b>: Medical record number:\u00a012345678</p><p><b>name</b>: Monika Wegmueller </p><p><b>telecom</b>: ph: tel:+41.32.685.12.34(HOME)</p><p><b>gender</b>: female</p><p><b>birthDate</b>: 1967-02-10</p><p><b>address</b>: Leidensweg 10 Specimendorf 9876 CH </p></div>"
      },
      "identifier" : [{
        "type" : {
          "coding" : [{
            "system" : "http://terminology.hl7.org/CodeSystem/v2-0203",
            "code" : "MR"
          }]
        },
        "system" : "urn:oid:1.2.3.4",
        "value" : "12345678"
      }],
      "name" : [{
        "family" : "Wegmueller",
        "given" : ["Monika"]
      }],
      "telecom" : [{
        "system" : "phone",
        "value" : "tel:+41.32.685.12.34",
        "use" : "home"
      }],
      "gender" : "female",
      "birthDate" : "1967-02-10",
      "address" : [{
        "type" : "both",
        "line" : ["Leidensweg 10"],
        "city" : "Specimendorf",
        "postalCode" : "9876",
        "country" : "CH"
      }]
    }
  },
  {
    "fullUrl" : "http://test.fhir.ch/r4/Practitioner/TC-HCP1-C1",
    "resource" : {
      "resourceType" : "Practitioner",
      "id" : "TC-HCP1-C1",
      "meta" : {
        "profile" : ["http://fhir.ch/ig/ch-core/StructureDefinition/ch-core-practitioner-epr"]
      },
      "text" : {
        "status" : "generated",
        "div" : "<div xmlns=\"http://www.w3.org/1999/xhtml\"><p><b>Generated Narrative: Practitioner</b><a name=\"TC-HCP1-C1\"> </a></p><div style=\"display: inline-block; background-color: #d9e0e7; padding: 6px; margin: 4px; border: 1px solid #8da1b4; border-radius: 5px; line-height: 60%\"><p style=\"margin-bottom: 0px\">Resource Practitioner &quot;TC-HCP1-C1&quot; </p><p style=\"margin-bottom: 0px\">Profile: <a href=\"http://fhir.ch/ig/ch-core/4.0.1/StructureDefinition-ch-core-practitioner-epr.html\">CH Core Practitioner EPR</a></p></div><p><b>identifier</b>: id:\u00a07601888888884</p><p><b>active</b>: true</p><p><b>name</b>: Peter Müller </p><p><b>telecom</b>: ph: tel:+41.32.234.55.66(WORK), fax: fax:+41.32.234.55.67(WORK), <a href=\"mailto:mailto:allzeit.bereit@gruppenpraxis.ch\">mailto:allzeit.bereit@gruppenpraxis.ch</a>, <a href=\"http://www.gruppenpraxis.ch\">http://www.gruppenpraxis.ch</a></p><p><b>address</b>: Grabenstrasse 2 Zürich 8005 CH </p></div>"
      },
      "identifier" : [{
        "system" : "urn:oid:2.51.1.3",
        "value" : "7601888888884"
      }],
      "active" : true,
      "name" : [{
        "family" : "Müller",
        "given" : ["Peter"],
        "prefix" : ["Dr. med."]
      }],
      "telecom" : [{
        "system" : "phone",
        "value" : "tel:+41.32.234.55.66",
        "use" : "work"
      },
      {
        "system" : "fax",
        "value" : "fax:+41.32.234.55.67",
        "use" : "work"
      },
      {
        "system" : "email",
        "value" : "mailto:allzeit.bereit@gruppenpraxis.ch",
        "use" : "work"
      },
      {
        "system" : "url",
        "value" : "http://www.gruppenpraxis.ch",
        "use" : "work"
      }],
      "address" : [{
        "type" : "physical",
        "line" : ["Grabenstrasse 2"],
        "city" : "Zürich",
        "postalCode" : "8005",
        "country" : "CH"
      }]
    }
  },
  {
    "fullUrl" : "http://test.fhir.ch/r4/Organization/TC-ORG1",
    "resource" : {
      "resourceType" : "Organization",
      "id" : "TC-ORG1",
      "meta" : {
        "profile" : ["http://fhir.ch/ig/ch-core/StructureDefinition/ch-core-organization-epr"]
      },
      "text" : {
        "status" : "generated",
        "div" : "<div xmlns=\"http://www.w3.org/1999/xhtml\"><p><b>Generated Narrative: Organization</b><a name=\"TC-ORG1\"> </a></p><div style=\"display: inline-block; background-color: #d9e0e7; padding: 6px; margin: 4px; border: 1px solid #8da1b4; border-radius: 5px; line-height: 60%\"><p style=\"margin-bottom: 0px\">Resource Organization &quot;TC-ORG1&quot; </p><p style=\"margin-bottom: 0px\">Profile: <a href=\"http://fhir.ch/ig/ch-core/4.0.1/StructureDefinition-ch-core-organization-epr.html\">CH Core Organization EPR</a></p></div><p><b>identifier</b>: id:\u00a07601777777718</p><p><b>name</b>: Gruppenpraxis Müller</p><p><b>telecom</b>: ph: tel:+41.32.234.55.66(WORK), fax: fax:+41.32.234.55.67(WORK), <a href=\"mailto:mailto:bereit@gruppenpraxis.ch\">mailto:bereit@gruppenpraxis.ch</a>, <a href=\"http://www.gruppenpraxis.ch\">http://www.gruppenpraxis.ch</a></p><p><b>address</b>: Grabenstrasse 2 Zürich ZH 8005 CH </p></div>"
      },
      "identifier" : [{
        "system" : "urn:oid:2.51.1.3",
        "value" : "7601777777718"
      }],
      "name" : "Gruppenpraxis Müller",
      "telecom" : [{
        "system" : "phone",
        "value" : "tel:+41.32.234.55.66",
        "use" : "work"
      },
      {
        "system" : "fax",
        "value" : "fax:+41.32.234.55.67",
        "use" : "work"
      },
      {
        "system" : "email",
        "value" : "mailto:bereit@gruppenpraxis.ch",
        "use" : "work"
      },
      {
        "system" : "url",
        "value" : "http://www.gruppenpraxis.ch",
        "use" : "work"
      }],
      "address" : [{
        "line" : ["Grabenstrasse 2"],
        "city" : "Zürich",
        "state" : "ZH",
        "postalCode" : "8005",
        "country" : "CH"
      }]
    }
  },
  {
    "fullUrl" : "http://test.fhir.ch/r4/PractitionerRole/TC-HCP1-ORG1-ROLE-author",
    "resource" : {
      "resourceType" : "PractitionerRole",
      "id" : "TC-HCP1-ORG1-ROLE-author",
      "meta" : {
        "profile" : ["http://fhir.ch/ig/ch-core/StructureDefinition/ch-core-practitionerrole-epr"]
      },
      "text" : {
        "status" : "generated",
        "div" : "<div xmlns=\"http://www.w3.org/1999/xhtml\"><p><b>Generated Narrative: PractitionerRole</b><a name=\"TC-HCP1-ORG1-ROLE-author\"> </a></p><div style=\"display: inline-block; background-color: #d9e0e7; padding: 6px; margin: 4px; border: 1px solid #8da1b4; border-radius: 5px; line-height: 60%\"><p style=\"margin-bottom: 0px\">Resource PractitionerRole &quot;TC-HCP1-ORG1-ROLE-author&quot; </p><p style=\"margin-bottom: 0px\">Profile: <a href=\"http://fhir.ch/ig/ch-core/4.0.1/StructureDefinition-ch-core-practitionerrole-epr.html\">CH Core PractitionerRole EPR</a></p></div><p><b>active</b>: true</p><p><b>practitioner</b>: <a href=\"#Practitioner_TC-HCP1-C1\">See above (Practitioner/TC-HCP1-C1)</a></p><p><b>organization</b>: <a href=\"#Organization_TC-ORG1\">See above (Organization/TC-ORG1)</a></p></div>"
      },
      "active" : true,
      "practitioner" : {
        "reference" : "Practitioner/TC-HCP1-C1"
      },
      "organization" : {
        "reference" : "Organization/TC-ORG1"
      }
    }
  },
  {
    "fullUrl" : "http://test.fhir.ch/r4/Condition/TCC05-UNDILL3",
    "resource" : {
      "resourceType" : "Condition",
      "id" : "TCC05-UNDILL3",
      "meta" : {
        "profile" : ["http://fhir.ch/ig/ch-vacd/StructureDefinition/ch-vacd-pastillnesses"]
      },
      "text" : {
        "status" : "generated",
        "div" : "<div xmlns=\"http://www.w3.org/1999/xhtml\"><p><b>Generated Narrative: Condition</b><a name=\"TCC05-UNDILL3\"> </a></p><div style=\"display: inline-block; background-color: #d9e0e7; padding: 6px; margin: 4px; border: 1px solid #8da1b4; border-radius: 5px; line-height: 60%\"><p style=\"margin-bottom: 0px\">Resource Condition &quot;TCC05-UNDILL3&quot; </p><p style=\"margin-bottom: 0px\">Profile: <a href=\"StructureDefinition-ch-vacd-pastillnesses.html\">CH VACD Past Illness</a></p></div><p><b>identifier</b>: id:\u00a019ba4bcf-71cb-4777-99d9-300cbe9bb771</p><p><b>clinicalStatus</b>: Resolved <span style=\"background: LightGoldenRodYellow; margin: 4px; border: 1px solid khaki\"> (<a href=\"http://terminology.hl7.org/5.4.0/CodeSystem-condition-clinical.html\">Condition Clinical Status Codes</a>#resolved)</span></p><p><b>verificationStatus</b>: Refuted <span style=\"background: LightGoldenRodYellow; margin: 4px; border: 1px solid khaki\"> (<a href=\"http://terminology.hl7.org/5.4.0/CodeSystem-condition-ver-status.html\">ConditionVerificationStatus</a>#refuted)</span></p><p><b>code</b>: Measles (disorder) <span style=\"background: LightGoldenRodYellow; margin: 4px; border: 1px solid khaki\"> (<a href=\"https://browser.ihtsdotools.org/\">SNOMED CT</a>#14189004)</span></p><p><b>subject</b>: <a href=\"#Patient_TC-patient\">See above (Patient/TC-patient)</a></p><p><b>onset</b>: 2015-07-30</p><p><b>abatement</b>: 2021-09-10</p><p><b>recordedDate</b>: 2021-09-10</p><p><b>recorder</b>: <a href=\"#PractitionerRole_TC-HCP1-ORG1-ROLE-author\">See above (PractitionerRole/TC-HCP1-ORG1-ROLE-author)</a></p></div>"
      },
      "identifier" : [{
        "system" : "urn:oid:2.16.756.5.30.1.402.1.3.1.1.2",
        "value" : "19ba4bcf-71cb-4777-99d9-300cbe9bb771"
      }],
      "clinicalStatus" : {
        "coding" : [{
          "system" : "http://terminology.hl7.org/CodeSystem/condition-clinical",
          "code" : "resolved",
          "display" : "Resolved"
        }]
      },
      "verificationStatus" : {
        "coding" : [{
          "system" : "http://terminology.hl7.org/CodeSystem/condition-ver-status",
          "code" : "refuted",
          "display" : "Refuted"
        }]
      },
      "code" : {
        "coding" : [{
          "system" : "http://snomed.info/sct",
          "code" : "14189004",
          "display" : "Measles (disorder)"
        }]
      },
      "subject" : {
        "reference" : "Patient/TC-patient"
      },
      "onsetDateTime" : "2015-07-30",
      "abatementDateTime" : "2021-09-10",
      "recordedDate" : "2021-09-10",
      "recorder" : {
        "reference" : "PractitionerRole/TC-HCP1-ORG1-ROLE-author"
      }
    }
  }]
}