{
  "resourceType" : "Condition",
  "id" : "TCF03-UNDILL1",
  "meta" : {
    "profile" : ["http://fhir.ch/ig/ch-vacd/StructureDefinition/ch-vacd-pastillnesses"]
  },
  "text" : {
    "status" : "generated",
    "div" : "<div xmlns=\"http://www.w3.org/1999/xhtml\"><p class=\"res-header-id\"><b>Generated Narrative: Condition TCF03-UNDILL1</b></p><a name=\"TCF03-UNDILL1\"> </a><a name=\"hcTCF03-UNDILL1\"> </a><a name=\"TCF03-UNDILL1-en-US\"> </a><p><b>identifier</b>: <code>urn:oid:2.16.756.5.30.1.402.1.3.1.1.2</code>/14802b84-6b1d-4545-930d-17ce5ca7443c</p><p><b>clinicalStatus</b>: <span title=\"Codes:{http://terminology.hl7.org/CodeSystem/condition-clinical resolved}\">Resolved</span></p><p><b>verificationStatus</b>: <span title=\"Codes:{http://terminology.hl7.org/CodeSystem/condition-ver-status confirmed}\">Confirmed</span></p><p><b>code</b>: <span title=\"Codes:{http://snomed.info/sct 38907003}\">Varicella (disorder)</span></p><p><b>subject</b>: <a href=\"Patient-TC-patient.html\">Monika Wegmueller  Female, DoB: 1967-02-10 ( Medical record number)</a></p><p><b>onset</b>: 2015-05-30</p><p><b>recordedDate</b>: 2015-05-30</p><p><b>recorder</b>: <a href=\"PractitionerRole-TC-HCP1-ORG1-ROLE-author.html\">PractitionerRole</a></p></div>"
  },
  "identifier" : [{
    "system" : "urn:oid:2.16.756.5.30.1.402.1.3.1.1.2",
    "value" : "14802b84-6b1d-4545-930d-17ce5ca7443c"
  }],
  "clinicalStatus" : {
    "coding" : [{
      "system" : "http://terminology.hl7.org/CodeSystem/condition-clinical",
      "code" : "resolved",
      "display" : "Resolved"
    }]
  },
  "verificationStatus" : {
    "coding" : [{
      "system" : "http://terminology.hl7.org/CodeSystem/condition-ver-status",
      "code" : "confirmed",
      "display" : "Confirmed"
    }]
  },
  "code" : {
    "coding" : [{
      "system" : "http://snomed.info/sct",
      "code" : "38907003",
      "display" : "Varicella (disorder)"
    }]
  },
  "subject" : {
    "reference" : "Patient/TC-patient"
  },
  "onsetDateTime" : "2015-05-30",
  "recordedDate" : "2015-05-30",
  "recorder" : {
    "reference" : "PractitionerRole/TC-HCP1-ORG1-ROLE-author"
  }
}