{
  "resourceType" : "Condition",
  "id" : "8-8-Condition",
  "meta" : {
    "profile" : ["http://fhir.ch/ig/ch-vacd/StructureDefinition/ch-vacd-pastillnesses"]
  },
  "text" : {
    "status" : "generated",
    "div" : "<div xmlns=\"http://www.w3.org/1999/xhtml\"><p><b>Generated Narrative: Condition</b><a name=\"8-8-Condition\"> </a></p><div style=\"display: inline-block; background-color: #d9e0e7; padding: 6px; margin: 4px; border: 1px solid #8da1b4; border-radius: 5px; line-height: 60%\"><p style=\"margin-bottom: 0px\">Resource Condition &quot;8-8-Condition&quot; </p><p style=\"margin-bottom: 0px\">Profile: <a href=\"StructureDefinition-ch-vacd-pastillnesses.html\">CH VACD Past Illness</a></p></div><p><b>clinicalStatus</b>: Resolved <span style=\"background: LightGoldenRodYellow; margin: 4px; border: 1px solid khaki\"> (<a href=\"http://terminology.hl7.org/5.1.0/CodeSystem-condition-clinical.html\">Condition Clinical Status Codes</a>#resolved)</span></p><p><b>code</b>: Measles (disorder) <span style=\"background: LightGoldenRodYellow; margin: 4px; border: 1px solid khaki\"> (<a href=\"https://browser.ihtsdotools.org/\">SNOMED CT</a>#14189004)</span></p><p><b>subject</b>: <a href=\"Patient-3-2-Patient.html\">Patient/3-2-Patient</a> &quot; WEGMUELLER&quot;</p><p><b>onset</b>: 1966-11-30 00:00:00+0100</p><p><b>recordedDate</b>: 1999-04-01 00:00:00+0200</p><p><b>recorder</b>: <a href=\"PractitionerRole-6-4-PractitionerRole.html\">PractitionerRole/6-4-PractitionerRole</a></p></div>"
  },
  "clinicalStatus" : {
    "coding" : [{
      "system" : "http://terminology.hl7.org/CodeSystem/condition-clinical",
      "code" : "resolved",
      "display" : "Resolved"
    }]
  },
  "code" : {
    "coding" : [{
      "system" : "http://snomed.info/sct",
      "code" : "14189004",
      "display" : "Measles (disorder)"
    }]
  },
  "subject" : {
    "reference" : "Patient/3-2-Patient"
  },
  "onsetDateTime" : "1966-11-30T00:00:00+01:00",
  "recordedDate" : "1999-04-01T00:00:00+02:00",
  "recorder" : {
    "reference" : "PractitionerRole/6-4-PractitionerRole"
  }
}