{
  "resourceType" : "Immunization",
  "id" : "7-5-Immunization",
  "meta" : {
    "profile" : ["http://fhir.ch/ig/ch-vacd/StructureDefinition/ch-vacd-immunization"]
  },
  "text" : {
    "status" : "generated",
    "div" : "<div xmlns=\"http://www.w3.org/1999/xhtml\"><p><b>Generated Narrative: Immunization</b><a name=\"7-5-Immunization\"> </a></p><div style=\"display: inline-block; background-color: #d9e0e7; padding: 6px; margin: 4px; border: 1px solid #8da1b4; border-radius: 5px; line-height: 60%\"><p style=\"margin-bottom: 0px\">Resource Immunization &quot;7-5-Immunization&quot; </p><p style=\"margin-bottom: 0px\">Profile: <a href=\"StructureDefinition-ch-vacd-immunization.html\">CH VACD Immunization</a></p></div><p><b>identifier</b>: id: 45678</p><p><b>status</b>: completed</p><p><b>vaccineCode</b>: MMR-II <span style=\"background: LightGoldenRodYellow; margin: 4px; border: 1px solid khaki\"> (<a href=\"CodeSystem-ch-vacd-swissmedic-cs.html\">Swiss Medic Authorized Vaccines Codesystem</a>#268)</span></p><p><b>patient</b>: <a href=\"Patient-3-1-Patient.html\">Patient/3-1-Patient</a> &quot; WEGMUELLER&quot;</p><p><b>occurrence</b>: 2016-03-05 00:00:00+0100</p><p><b>recorded</b>: 2016-03-05 00:00:00+0100</p><p><b>lotNumber</b>: 12-34244</p><p><b>route</b>: Intramuscular use <span style=\"background: LightGoldenRodYellow; margin: 4px; border: 1px solid khaki\"> (standardterms.edqm.eu#20035000)</span></p><h3>Performers</h3><table class=\"grid\"><tr><td>-</td><td><b>Actor</b></td></tr><tr><td>*</td><td><a href=\"PractitionerRole-6-3-PractitionerRole.html\">PractitionerRole/6-3-PractitionerRole</a></td></tr></table><h3>ProtocolApplieds</h3><table class=\"grid\"><tr><td>-</td><td><b>TargetDisease</b></td><td><b>DoseNumber[x]</b></td></tr><tr><td>*</td><td>Measles (disorder) <span style=\"background: LightGoldenRodYellow; margin: 4px; border: 1px solid khaki\"> (<a href=\"https://browser.ihtsdotools.org/\">SNOMED CT</a>#14189004)</span>, Mumps (disorder) <span style=\"background: LightGoldenRodYellow; margin: 4px; border: 1px solid khaki\"> (<a href=\"https://browser.ihtsdotools.org/\">SNOMED CT</a>#36989005)</span>, Rubella (disorder) <span style=\"background: LightGoldenRodYellow; margin: 4px; border: 1px solid khaki\"> (<a href=\"https://browser.ihtsdotools.org/\">SNOMED CT</a>#36653000)</span></td><td>1</td></tr></table></div>"
  },
  "identifier" : [{
    "system" : "urn:oid:2.16.756.5.30.1.147.1.3.1",
    "value" : "45678"
  }],
  "status" : "completed",
  "vaccineCode" : {
    "coding" : [{
      "system" : "http://fhir.ch/ig/ch-vacd/CodeSystem/ch-vacd-swissmedic-cs",
      "code" : "268",
      "display" : "MMR-II"
    }]
  },
  "patient" : {
    "reference" : "Patient/3-1-Patient"
  },
  "occurrenceDateTime" : "2016-03-05T00:00:00+01:00",
  "recorded" : "2016-03-05T00:00:00+01:00",
  "lotNumber" : "12-34244",
  "route" : {
    "coding" : [{
      "system" : "http://standardterms.edqm.eu",
      "code" : "20035000",
      "display" : "Intramuscular use"
    }]
  },
  "performer" : [{
    "actor" : {
      "reference" : "PractitionerRole/6-3-PractitionerRole"
    }
  }],
  "protocolApplied" : [{
    "targetDisease" : [{
      "coding" : [{
        "system" : "http://snomed.info/sct",
        "code" : "14189004",
        "display" : "Measles (disorder)"
      }]
    },
    {
      "coding" : [{
        "system" : "http://snomed.info/sct",
        "code" : "36989005",
        "display" : "Mumps (disorder)"
      }]
    },
    {
      "coding" : [{
        "system" : "http://snomed.info/sct",
        "code" : "36653000",
        "display" : "Rubella (disorder)"
      }]
    }],
    "doseNumberPositiveInt" : 1
  }]
}