{
  "resourceType" : "Immunization",
  "id" : "TCF01-IMMUN3",
  "meta" : {
    "profile" : ["http://fhir.ch/ig/ch-vacd/StructureDefinition/ch-vacd-immunization"]
  },
  "text" : {
    "status" : "extensions",
    "div" : "<div xmlns=\"http://www.w3.org/1999/xhtml\"><p><b>Generated Narrative: Immunization</b><a name=\"TCF01-IMMUN3\"> </a></p><div style=\"display: inline-block; background-color: #d9e0e7; padding: 6px; margin: 4px; border: 1px solid #8da1b4; border-radius: 5px; line-height: 60%\"><p style=\"margin-bottom: 0px\">Resource Immunization &quot;TCF01-IMMUN3&quot; </p><p style=\"margin-bottom: 0px\">Profile: <a href=\"StructureDefinition-ch-vacd-immunization.html\">CH VACD Immunization</a></p></div><p><b>Author of the content</b>: <a href=\"Patient-TC-patient.html\">Patient/TC-patient</a> &quot; WEGMUELLER&quot;</p><p><b>CH VACD Extension Immunization Medication Reference</b>: <a href=\"Medication-TC-IMMUN-MEDIC-HAVRIX1440.html\">Medication/TC-IMMUN-MEDIC-HAVRIX1440</a></p><p><b>identifier</b>: id:\u00a094bdf3b1-0c04-42d3-9901-7e68f124f5ff</p><p><b>status</b>: completed</p><p><b>vaccineCode</b>: Havrix 1440 <span style=\"background: LightGoldenRodYellow; margin: 4px; border: 1px solid khaki\"> (<a href=\"CodeSystem-ch-vacd-swissmedic-cs.html\">Swiss Medic Authorized Vaccines Codesystem</a>#558)</span></p><p><b>patient</b>: <a href=\"Patient-TC-patient.html\">Patient/TC-patient</a> &quot; WEGMUELLER&quot;</p><p><b>occurrence</b>: 2021-05-27</p><p><b>recorded</b>: 2021-05-27 00:00:00+0200</p><p><b>lotNumber</b>: AHAVB946A</p><p><b>route</b>: Intramuscular use <span style=\"background: LightGoldenRodYellow; margin: 4px; border: 1px solid khaki\"> (standardterms.edqm.eu#20035000)</span></p><h3>Performers</h3><table class=\"grid\"><tr><td style=\"display: none\">-</td><td><b>Actor</b></td></tr><tr><td style=\"display: none\">*</td><td><a href=\"PractitionerRole-TC-HCP1-ORG1-ROLE-performer.html\">PractitionerRole/TC-HCP1-ORG1-ROLE-performer</a></td></tr></table><p><b>note</b>: Der Patient hat diese Impfung ohne jegliche Nebenwirkungen gut vertragen. (By Practitioner/TC-HCP1-C1 @2021-06-02)</p><h3>ProtocolApplieds</h3><table class=\"grid\"><tr><td style=\"display: none\">-</td><td><b>TargetDisease</b></td><td><b>DoseNumber[x]</b></td></tr><tr><td style=\"display: none\">*</td><td>Viral hepatitis, type A (disorder) <span style=\"background: LightGoldenRodYellow; margin: 4px; border: 1px solid khaki\"> (<a href=\"https://browser.ihtsdotools.org/\">SNOMED CT</a>#40468003)</span></td><td>1</td></tr></table></div>"
  },
  "extension" : [{
    "url" : "http://fhir.ch/ig/ch-core/StructureDefinition/ch-ext-author",
    "valueReference" : {
      "reference" : "Patient/TC-patient"
    }
  },
  {
    "url" : "http://fhir.ch/ig/ch-vacd/StructureDefinition/ch-vacd-ext-immunization-medication-reference",
    "valueReference" : {
      "reference" : "Medication/TC-IMMUN-MEDIC-HAVRIX1440"
    }
  }],
  "identifier" : [{
    "system" : "urn:oid:2.16.756.5.30.1.402.1.3.1.1.1",
    "value" : "94bdf3b1-0c04-42d3-9901-7e68f124f5ff"
  }],
  "status" : "completed",
  "vaccineCode" : {
    "coding" : [{
      "system" : "http://fhir.ch/ig/ch-vacd/CodeSystem/ch-vacd-swissmedic-cs",
      "code" : "558",
      "display" : "Havrix 1440"
    }]
  },
  "patient" : {
    "reference" : "Patient/TC-patient"
  },
  "occurrenceDateTime" : "2021-05-27",
  "recorded" : "2021-05-27T00:00:00.390+02:00",
  "lotNumber" : "AHAVB946A",
  "route" : {
    "coding" : [{
      "system" : "http://standardterms.edqm.eu",
      "code" : "20035000",
      "display" : "Intramuscular use"
    }]
  },
  "performer" : [{
    "actor" : {
      "reference" : "PractitionerRole/TC-HCP1-ORG1-ROLE-performer"
    }
  }],
  "note" : [{
    "authorReference" : {
      "reference" : "Practitioner/TC-HCP1-C1"
    },
    "time" : "2021-06-02",
    "text" : "Der Patient hat diese Impfung ohne jegliche Nebenwirkungen gut vertragen."
  }],
  "protocolApplied" : [{
    "targetDisease" : [{
      "coding" : [{
        "system" : "http://snomed.info/sct",
        "code" : "40468003",
        "display" : "Viral hepatitis, type A (disorder)"
      }]
    }],
    "doseNumberPositiveInt" : 1
  }]
}