{
  "resourceType" : "Medication",
  "id" : "TC-IMMUN-MEDIC-GARDASIL9",
  "meta" : {
    "profile" : ["http://fhir.ch/ig/ch-vacd/StructureDefinition/ch-vacd-medication-for-immunization"]
  },
  "text" : {
    "status" : "generated",
    "div" : "<div xmlns=\"http://www.w3.org/1999/xhtml\"><p><b>Generated Narrative: Medication</b><a name=\"TC-IMMUN-MEDIC-GARDASIL9\"> </a></p><div style=\"display: inline-block; background-color: #d9e0e7; padding: 6px; margin: 4px; border: 1px solid #8da1b4; border-radius: 5px; line-height: 60%\"><p style=\"margin-bottom: 0px\">Resource Medication &quot;TC-IMMUN-MEDIC-GARDASIL9&quot; </p><p style=\"margin-bottom: 0px\">Profile: <a href=\"StructureDefinition-ch-vacd-medication-for-immunization.html\">CH VACD Medication For Immunization</a></p></div><p><b>code</b>: GARDASIL 9 Inj Susp Fertspr <span style=\"background: LightGoldenRodYellow; margin: 4px; border: 1px solid khaki\"> (unknown#7680653870019)</span></p><p><b>status</b>: active</p><p><b>manufacturer</b>: <a href=\"Organization-TC-ORG-MSD.html\">Organization/TC-ORG-MSD</a> &quot;MSD Merck Sharp &amp; Dohme AG&quot;</p><p><b>form</b>: Suspension for injection <span style=\"background: LightGoldenRodYellow; margin: 4px; border: 1px solid khaki\"> (<a href=\"http://fhir.ch/ig/ch-emed/3.0.0/CodeSystem-edqm-standardterms.html\">EDQM - Standard Terms</a>#11202000)</span></p><p><b>amount</b>: 0.5 milliliter<span style=\"background: LightGoldenRodYellow\"> (Details: UCUM code mL = 'mL')</span>/1 Syringe (unit of presentation)<span style=\"background: LightGoldenRodYellow\"> (Details: SNOMED CT code 733020007 = 'Syringe')</span></p><h3>Ingredients</h3><table class=\"grid\"><tr><td>-</td><td><b>Item[x]</b></td></tr><tr><td>*</td><td>Immunologic substance (substance) <span style=\"background: LightGoldenRodYellow; margin: 4px; border: 1px solid khaki\"> (<a href=\"https://browser.ihtsdotools.org/\">SNOMED CT</a>#106181007)</span></td></tr></table><h3>Batches</h3><table class=\"grid\"><tr><td>-</td><td><b>LotNumber</b></td></tr><tr><td>*</td><td>A69FE297A</td></tr></table></div>"
  },
  "code" : {
    "coding" : [{
      "system" : "urn:oid:2.51.1.1",
      "code" : "7680653870019",
      "display" : "GARDASIL 9 Inj Susp Fertspr"
    }],
    "text" : "GARDASIL 9 Inj Susp Fertspr"
  },
  "status" : "active",
  "manufacturer" : {
    "reference" : "Organization/TC-ORG-MSD"
  },
  "form" : {
    "coding" : [{
      "system" : "urn:oid:0.4.0.127.0.16.1.1.2.1",
      "code" : "11202000",
      "display" : "Suspension for injection"
    }]
  },
  "amount" : {
    "numerator" : {
      "value" : 0.5,
      "unit" : "milliliter",
      "system" : "http://unitsofmeasure.org",
      "code" : "mL"
    },
    "denominator" : {
      "value" : 1,
      "unit" : "Syringe (unit of presentation)",
      "system" : "http://snomed.info/sct",
      "code" : "733020007"
    }
  },
  "ingredient" : [{
    "itemCodeableConcept" : {
      "coding" : [{
        "system" : "http://snomed.info/sct",
        "code" : "106181007",
        "display" : "Immunologic substance (substance)"
      }],
      "text" : "Immunologic substance (substance)"
    }
  }],
  "batch" : {
    "lotNumber" : "A69FE297A"
  }
}