{
  "resourceType" : "Organization",
  "id" : "5-1-Organization",
  "meta" : {
    "profile" : ["http://fhir.ch/ig/ch-core/StructureDefinition/ch-core-organization-epr"]
  },
  "text" : {
    "status" : "generated",
    "div" : "<div xmlns=\"http://www.w3.org/1999/xhtml\"><p class=\"res-header-id\"><b>Generated Narrative: Organization 5-1-Organization</b></p><a name=\"5-1-Organization\"> </a><a name=\"hc5-1-Organization\"> </a><a name=\"5-1-Organization-en-US\"> </a><p><b>identifier</b>: <a href=\"https://www.gs1.org/standards/id-keys/gln\" title=\"Global Location Number\">GLN</a>/7601888888884</p><p><b>name</b>: Gruppenpraxis CH</p><p><b>telecom</b>: ph: tel:+41.32.234.55.66(Work), fax: fax:+41.32.234.55.67(Work), <a href=\"mailto:mailto:bereit@gruppenpraxis.ch\">mailto:bereit@gruppenpraxis.ch</a>, <a href=\"http://www.gruppenpraxis.ch\">http://www.gruppenpraxis.ch</a></p><p><b>address</b>: Doktorgasse 2 Musterhausen ZH 8888 CH </p></div>"
  },
  "identifier" : [{
    "system" : "urn:oid:2.51.1.3",
    "value" : "7601888888884"
  }],
  "name" : "Gruppenpraxis CH",
  "telecom" : [{
    "system" : "phone",
    "value" : "tel:+41.32.234.55.66",
    "use" : "work"
  },
  {
    "system" : "fax",
    "value" : "fax:+41.32.234.55.67",
    "use" : "work"
  },
  {
    "system" : "email",
    "value" : "mailto:bereit@gruppenpraxis.ch",
    "use" : "work"
  },
  {
    "system" : "url",
    "value" : "http://www.gruppenpraxis.ch",
    "use" : "work"
  }],
  "address" : [{
    "line" : ["Doktorgasse 2"],
    "city" : "Musterhausen",
    "state" : "ZH",
    "postalCode" : "8888",
    "country" : "CH"
  }]
}