{
  "resourceType" : "Organization",
  "id" : "TC-ORG2",
  "meta" : {
    "profile" : ["http://fhir.ch/ig/ch-core/StructureDefinition/ch-core-organization-epr"]
  },
  "text" : {
    "status" : "generated",
    "div" : "<div xmlns=\"http://www.w3.org/1999/xhtml\"><p class=\"res-header-id\"><b>Generated Narrative: Organization TC-ORG2</b></p><a name=\"TC-ORG2\"> </a><a name=\"hcTC-ORG2\"> </a><a name=\"TC-ORG2-en-US\"> </a><p><b>identifier</b>: <a href=\"https://www.gs1.org/standards/id-keys/gln\" title=\"Global Location Number\">GLN</a>/7601999999912</p><p><b>name</b>: Praxis Dr. G. Meier</p><p><b>telecom</b>: ph: tel:+41.32.234.77.88(Work), fax: fax:+41.32.234.77.89(Work), <a href=\"mailto:mailto:leitung@praxis-gesund.ch\">mailto:leitung@praxis-gesund.ch</a>, <a href=\"http://www.praxis-gesund.ch\">http://www.praxis-gesund.ch</a></p><p><b>address</b>: Werthgasse 34 Bern ZH 3000 CH </p></div>"
  },
  "identifier" : [{
    "system" : "urn:oid:2.51.1.3",
    "value" : "7601999999912"
  }],
  "name" : "Praxis Dr. G. Meier",
  "telecom" : [{
    "system" : "phone",
    "value" : "tel:+41.32.234.77.88",
    "use" : "work"
  },
  {
    "system" : "fax",
    "value" : "fax:+41.32.234.77.89",
    "use" : "work"
  },
  {
    "system" : "email",
    "value" : "mailto:leitung@praxis-gesund.ch",
    "use" : "work"
  },
  {
    "system" : "url",
    "value" : "http://www.praxis-gesund.ch",
    "use" : "work"
  }],
  "address" : [{
    "line" : ["Werthgasse 34"],
    "city" : "Bern",
    "state" : "ZH",
    "postalCode" : "3000",
    "country" : "CH"
  }]
}