<?xml version="1.0" encoding="UTF-8"?>

<Encounter xmlns="http://hl7.org/fhir">
  <id value="EncounterAmbulantBroennimann"/>
  <meta>
    <source value="https://www.ti.bfh.ch/de/bachelor/medizininformatik.html"/>
    <profile value="http://fhir.ch/ig/ch-core/StructureDefinition/ch-core-encounter"/>
  </meta>
  <text>
    <status value="generated"/><div xmlns="http://www.w3.org/1999/xhtml"><p><b>Generated Narrative: Encounter</b><a name="EncounterAmbulantBroennimann"> </a></p><div style="display: inline-block; background-color: #d9e0e7; padding: 6px; margin: 4px; border: 1px solid #8da1b4; border-radius: 5px; line-height: 60%"><p style="margin-bottom: 0px">Resource Encounter &quot;EncounterAmbulantBroennimann&quot; </p><p style="margin-bottom: 0px">Information Source: https://www.ti.bfh.ch/de/bachelor/medizininformatik.html!</p><p style="margin-bottom: 0px">Profile: <a href="StructureDefinition-ch-core-encounter.html">CH Core Encounter</a></p></div><p><b>identifier</b>: Visit number: 1234</p><p><b>status</b>: finished</p><p><b>class</b>: ambulatory (Details: http://terminology.hl7.org/CodeSystem/v3-ActCode code AMB = 'ambulatory', stated as 'ambulatory')</p><p><b>priority</b>: angemeldet, geplant <span style="background: LightGoldenRodYellow; margin: 4px; border: 1px solid khaki"> (<a href="CodeSystem-bfs-medstats-18-admittype.html">BFS Medizinische Statistik - 18 1.2.V03 - Eintrittsart / Mode d’admission / Genere di ricovero</a>#2)</span></p><p><b>subject</b>: <a href="Patient-ElisabethBroennimannByBFH.html">Patient/ElisabethBroennimannByBFH</a> &quot; BRÖNNIMANN-BERTHOLET&quot;</p><p><b>period</b>: 2019-04-22 16:00:00+0200 --&gt; 2019-04-22 16:15:00+0200</p><h3>Hospitalizations</h3><table class="grid"><tr><td>-</td><td><b>Extension</b></td><td><b>AdmitSource</b></td><td><b>DischargeDisposition</b></td></tr><tr><td>*</td><td>, , </td><td>Zuhause <span style="background: LightGoldenRodYellow; margin: 4px; border: 1px solid khaki"> (<a href="CodeSystem-bfs-medstats-17-admitsource.html">BFS Medizinische Statistik - 17 1.2.V02 - Aufenthaltsort vor dem Eintritt / Séjour avant l’admission / Luogo di soggiorno prima dell’ammissione</a>#1)</span></td><td>geheilt/kein Behandlungsbedarf <span style="background: LightGoldenRodYellow; margin: 4px; border: 1px solid khaki"> (<a href="CodeSystem-bfs-medstats-29-dischargeencounter.html">BFS Medizinische Statistik - 29 1.5.V04 - Behandlung nach Austritt / Prise en charge après la sortie / Trattamento dopo l’uscita</a>#1)</span></td></tr></table></div>
  </text>
  <identifier>
    <type>
      <coding>
        <system value="http://terminology.hl7.org/CodeSystem/v2-0203"/>
        <code value="VN"/>
        <display value="Visit number"/>
      </coding>
    </type>
    <system value="http://www.ti.bfh.ch/example/fallnummerdomain"/>
    <value value="1234"/>
  </identifier>
  <status value="finished"/>
  <class>
    <system value="http://terminology.hl7.org/CodeSystem/v3-ActCode"/>
    <code value="AMB"/>
    <display value="ambulatory"/>
  </class>
  <priority>
    <coding>
      <system value="http://fhir.ch/ig/ch-core/CodeSystem/bfs-medstats-18-admittype"/>
      <code value="2"/>
      <display value="angemeldet, geplant"/>
    </coding>
  </priority>
  <subject>
    <reference value="Patient/ElisabethBroennimannByBFH"/>
  </subject>
  <period>
    <start value="2019-04-22T16:00:00+02:00"/>
    <end value="2019-04-22T16:15:00+02:00"/>
  </period>
  <hospitalization>
    <extension url="http://fhir.ch/ig/ch-core/StructureDefinition/ch-ext-bfs-ms-admitrole">
      <valueCoding>
        <system value="http://fhir.ch/ig/ch-core/CodeSystem/bfs-medstats-19-admitrole"/>
        <code value="1"/>
        <display value="selbst, Angehörige"/>
      </valueCoding>
    </extension>
    <extension url="http://fhir.ch/ig/ch-core/StructureDefinition/ch-ext-bfs-ms-dischargedecision">
      <valueCoding>
        <system value="http://fhir.ch/ig/ch-core/CodeSystem/bfs-medstats-27-dischargedecision"/>
        <code value="1"/>
        <display value="auf Initiative des Behandelnden"/>
      </valueCoding>
    </extension>
    <extension url="http://fhir.ch/ig/ch-core/StructureDefinition/ch-ext-bfs-ms-dischargedestination">
      <valueCoding>
        <system value="http://fhir.ch/ig/ch-core/CodeSystem/bfs-medstats-28-dischargedestination"/>
        <code value="1"/>
        <display value="Zuhause"/>
      </valueCoding>
    </extension>
    <admitSource>
      <coding>
        <system value="http://fhir.ch/ig/ch-core/CodeSystem/bfs-medstats-17-admitsource"/>
        <code value="1"/>
        <display value="Zuhause"/>
      </coding>
    </admitSource>
    <dischargeDisposition>
      <coding>
        <system value="http://fhir.ch/ig/ch-core/CodeSystem/bfs-medstats-29-dischargeencounter"/>
        <code value="1"/>
        <display value="geheilt/kein Behandlungsbedarf"/>
      </coding>
    </dischargeDisposition>
  </hospitalization>
</Encounter>