<?xml version="1.0" encoding="UTF-8"?><ValueSet xmlns="http://hl7.org/fhir"><id value="DocumentEntry.sourcePatientInfo.PID-8"/><meta><source value="http://art-decor.org/fhir/ValueSet/2.16.840.1.113883.4.642.3.1--20210401170431"/><profile value="http://hl7.org/fhir/StructureDefinition/shareablevalueset"/></meta><text><status value="extensions"/><div xmlns="http://www.w3.org/1999/xhtml"><ul><li>Include these codes as defined in <a href="http://hl7.org/fhir/R4/codesystem-administrative-gender.html"><code>http://hl7.org/fhir/administrative-gender</code></a><table class="none"><tr><td style="white-space:nowrap"><b>Code</b></td><td><b>Display</b></td><td><b>Definition</b></td></tr><tr><td><a href="http://hl7.org/fhir/R4/codesystem-administrative-gender.html#administrative-gender-female">female</a></td><td>Female</td><td>Female.</td></tr><tr><td><a href="http://hl7.org/fhir/R4/codesystem-administrative-gender.html#administrative-gender-male">male</a></td><td>Male</td><td>Male.</td></tr><tr><td><a href="http://hl7.org/fhir/R4/codesystem-administrative-gender.html#administrative-gender-other">other</a></td><td>Other</td><td>Other.</td></tr><tr><td><a href="http://hl7.org/fhir/R4/codesystem-administrative-gender.html#administrative-gender-unknown">unknown</a></td><td>Unknown</td><td>Unknown.</td></tr></table></li></ul><p><b>Additional Language Displays</b></p><table class="codes"><tr><td><b>Code</b></td><td><b>Deutsch (Schweiz) (German (Switzerland), de)</b></td><td><b>English (United States) (English (United States), en)</b></td><td><b>French (Switzerland) (fr)</b></td><td><b>Italian (Switzerland) (it)</b></td><td><b>rm</b></td></tr><tr><td>female</td><td>Weiblich</td><td>Female</td><td>Féminin</td><td>Femminile</td><td>Feminin</td></tr><tr><td>male</td><td>Männlich</td><td>Male</td><td>Masculin</td><td>Maschile</td><td>Masculin</td></tr><tr><td>other</td><td>Anderes</td><td>Other</td><td>Autre</td><td>Altro</td><td>Auter</td></tr><tr><td>unknown</td><td>Unbekannt</td><td>Unknown</td><td>Inconnu</td><td>Sconosciuto</td><td>Nunenconuschent</td></tr></table></div></text><extension url="http://hl7.org/fhir/StructureDefinition/resource-effectivePeriod"><valuePeriod><start value="2021-04-01T17:04:31+01:00"/></valuePeriod></extension><url value="http://fhir.ch/ig/ch-epr-term/ValueSet/DocumentEntry.sourcePatientInfo.PID-8"/><identifier><use value="official"/><system value="urn:ietf:rfc:3986"/><value value="urn:oid:2.16.840.1.113883.4.642.3.1"/></identifier><version value="2.0.6"/><name value="DocumentEntrySourcePatientInfoPID8"/><title value="DocumentEntry.sourcePatientInfo.PID-8"/><status value="active"/><experimental value="false"/><date value="2021-12-22T09:03:49+01:00"/><publisher value="HL7 Switzerland"/><contact><name value="HL7 Switzerland"/><telecom><system value="url"/><value value="https://www.hl7.ch/"/></telecom></contact><description value="Patient’s gender as per Annex 3; EPRO-FDHA."/><jurisdiction><coding><system value="urn:iso:std:iso:3166"/><code value="CH"/></coding></jurisdiction><immutable value="false"/><copyright value="CC-BY-SA-4.0"/><compose><include><system value="http://hl7.org/fhir/administrative-gender"/><concept><code value="female"/><display value="Female"/><designation><language value="de-CH"/><value value="Weiblich"/></designation><designation><language value="fr-CH"/><value value="Féminin"/></designation><designation><language value="it-CH"/><value value="Femminile"/></designation><designation><language value="en-US"/><value value="Female"/></designation><designation><language value="rm-CH"/><value value="Feminin"/></designation></concept><concept><code value="male"/><display value="Male"/><designation><language value="de-CH"/><value value="Männlich"/></designation><designation><language value="fr-CH"/><value value="Masculin"/></designation><designation><language value="it-CH"/><value value="Maschile"/></designation><designation><language value="en-US"/><value value="Male"/></designation><designation><language value="rm-CH"/><value value="Masculin"/></designation></concept><concept><code value="other"/><display value="Other"/><designation><language value="de-CH"/><value value="Anderes"/></designation><designation><language value="fr-CH"/><value value="Autre"/></designation><designation><language value="it-CH"/><value value="Altro"/></designation><designation><language value="en-US"/><value value="Other"/></designation><designation><language value="rm-CH"/><value value="Auter"/></designation></concept><concept><code value="unknown"/><display value="Unknown"/><designation><language value="de-CH"/><value value="Unbekannt"/></designation><designation><language value="fr-CH"/><value value="Inconnu"/></designation><designation><language value="it-CH"/><value value="Sconosciuto"/></designation><designation><language value="en-US"/><value value="Unknown"/></designation><designation><language value="rm-CH"/><value value="Nunenconuschent"/></designation></concept></include></compose></ValueSet>