<?xml version="1.0" encoding="UTF-8"?><CapabilityStatement xmlns="http://hl7.org/fhir"><id value="CH.mCSD.DataSource"/><text><status value="extensions"/><div xmlns="http://www.w3.org/1999/xhtml"><p class="res-header-id"><b>Generated Narrative: CapabilityStatement CH.mCSD.DataSource</b></p><a name="CH.mCSD.DataSource"> </a><a name="hcCH.mCSD.DataSource"> </a><h2 id="title">mCSD Data Source (client)</h2><ul><li>Implementation Guide Version: 5.0.0 </li><li>FHIR Version: 4.0.1 </li><li>Supported Formats: <code>application/fhir+xml</code>, <code>application/fhir+json</code></li><li>Published on: 2024-03-18 </li><li>Published by: eHealth Suisse </li></ul><blockquote class="impl-note"><p><strong>Note to Implementers: FHIR Capabilities</strong></p><p>Any FHIR capability may be 'allowed' by the system unless explicitly marked as 'SHALL NOT'. A few items are marked as MAY in the Implementation Guide to highlight their potential relevance to the use case.</p></blockquote><h2 id="rest">FHIR RESTful Capabilities</h2><div class="panel panel-default"><div class="panel-heading"><h3 id="mode1" class="panel-title">Mode: <code>client</code></h3></div><div class="panel-body"><div><p>IHE ITI mCSD ITI-130 endpoint</p>
</div><div class="lead"><em>Summary of System-wide Interactions</em></div><ul><li>Supports the <code>transaction</code>interaction.</li></ul></div></div><h3 id="resourcesCap1">Capabilities by Resource/Profile</h3><h4 id="resourcesSummary1">Summary</h4><p>The summary table lists the resources that are part of this configuration, and for each resource it lists:</p><ul><li>The relevant profiles (if any)</li><li>The interactions supported by each resource (<b><span class="bg-info">R</span></b>ead, <b><span class="bg-info">S</span></b>earch, <b><span class="bg-info">U</span></b>pdate, and <b><span class="bg-info">C</span></b>reate, are always shown, while <b><span class="bg-info">VR</span></b>ead, <b><span class="bg-info">P</span></b>atch, <b><span class="bg-info">D</span></b>elete, <b><span class="bg-info">H</span></b>istory on <b><span class="bg-info">I</span></b>nstance, or <b><span class="bg-info">H</span></b>istory on <b><span class="bg-info">T</span></b>ype are only present if at least one of the resources has support for them.</li><li><span>The required, recommended, and some optional search parameters (if any). </span></li><li>The linked resources enabled for <code>_include</code></li><li>The other resources enabled for <code>_revinclude</code></li><li>The operations on the resource (if any)</li></ul><div class="table-responsive"><table class="table table-condensed table-hover"><thead><tr><th><b>Resource Type</b></th><th><b>Profile</b></th><th class="text-center"><b title="GET a resource (read interaction)">R</b></th><th class="text-center"><b title="GET all set of resources of the type (search interaction)">S</b></th><th class="text-center"><b title="PUT a new resource version (update interaction)">U</b></th><th class="text-center"><b title="POST a new resource (create interaction)">C</b></th><th class="text-center"><b title="DELETE a resource (delete interaction)">D</b></th><th><b title="Required and recommended search parameters">Searches</b></th><th><code><b>_include</b></code></th><th><code><b>_revinclude</b></code></th><th><b>Operations</b></th></tr></thead><tbody><tr><td><a href="#Organization1-1">Organization</a></td><td><a href="StructureDefinition-CH.mCSD.Organization.html">http://fhir.ch/ig/ch-epr-fhir/StructureDefinition/CH.mCSD.Organization</a></td><td class="text-center"/><td class="text-center"/><td class="text-center">y</td><td class="text-center">y</td><td class="text-center">y</td><td></td><td/><td/><td/></tr><tr><td><a href="#Practitioner1-2">Practitioner</a></td><td><a href="StructureDefinition-CH.mCSD.Feed.Practitioner.html">http://fhir.ch/ig/ch-epr-fhir/StructureDefinition/CH.mCSD.Feed.Practitioner</a></td><td class="text-center"/><td class="text-center"/><td class="text-center">y</td><td class="text-center">y</td><td class="text-center">y</td><td></td><td/><td/><td/></tr><tr><td><a href="#PractitionerRole1-3">PractitionerRole</a></td><td><a href="StructureDefinition-CH.mCSD.PractitionerRole.html">http://fhir.ch/ig/ch-epr-fhir/StructureDefinition/CH.mCSD.PractitionerRole</a></td><td class="text-center"/><td class="text-center"/><td class="text-center">y</td><td class="text-center">y</td><td class="text-center">y</td><td></td><td/><td/><td/></tr></tbody></table></div><hr/><div class="panel panel-default"><div class="panel-heading"><h4 id="Organization1-1" class="panel-title"><span style="float: right;">Resource Conformance: supported </span>Organization</h4></div><div class="panel-body"><div class="container"><div class="row"><div class="col-lg-6"><span class="lead">Base System Profile</span><br/><a href="StructureDefinition-CH.mCSD.Organization.html">CH mCSD Organization</a></div><div class="col-lg-3"><span class="lead">Profile Conformance</span><br/><b>SHALL</b></div><div class="col-lg-3"><span class="lead">Reference Policy</span><br/></div></div><p/><div class="row"><div class="col-lg-6"><span class="lead">Interaction summary</span><br/><ul><li>Supports <code>create</code>, <code>update</code>, <code>delete</code>.</li></ul></div></div><p/></div></div></div><div class="panel panel-default"><div class="panel-heading"><h4 id="Practitioner1-2" class="panel-title"><span style="float: right;">Resource Conformance: supported </span>Practitioner</h4></div><div class="panel-body"><div class="container"><div class="row"><div class="col-lg-6"><span class="lead">Base System Profile</span><br/><a href="StructureDefinition-CH.mCSD.Feed.Practitioner.html">CH mCSD Feed Practitioner</a></div><div class="col-lg-3"><span class="lead">Profile Conformance</span><br/><b>SHALL</b></div><div class="col-lg-3"><span class="lead">Reference Policy</span><br/></div></div><p/><div class="row"><div class="col-lg-6"><span class="lead">Interaction summary</span><br/><ul><li>Supports <code>create</code>, <code>update</code>, <code>delete</code>.</li></ul></div></div><p/></div></div></div><div class="panel panel-default"><div class="panel-heading"><h4 id="PractitionerRole1-3" class="panel-title"><span style="float: right;">Resource Conformance: supported </span>PractitionerRole</h4></div><div class="panel-body"><div class="container"><div class="row"><div class="col-lg-6"><span class="lead">Base System Profile</span><br/><a href="StructureDefinition-CH.mCSD.PractitionerRole.html">CH mCSD PractitionerRole</a></div><div class="col-lg-3"><span class="lead">Profile Conformance</span><br/><b>SHALL</b></div><div class="col-lg-3"><span class="lead">Reference Policy</span><br/></div></div><p/><div class="row"><div class="col-lg-6"><span class="lead">Interaction summary</span><br/><ul><li>Supports <code>create</code>, <code>update</code>, <code>delete</code>.</li></ul></div></div><p/></div></div></div></div></text><url value="http://fhir.ch/ig/ch-epr-fhir/CapabilityStatement/CH.mCSD.DataSource"/><version value="5.0.0"/><name value="CH_mCSD_Data_Source"/><title value="mCSD Data Source (client)"/><status value="active"/><experimental value="false"/><date value="2024-03-18"/><publisher value="eHealth Suisse"/><contact><name value="eHealth Suisse"/><telecom><system value="url"/><value value="https://www.e-health-suisse.ch"/></telecom></contact><contact><name value="eHealth Suisse"/><telecom><system value="url"/><value value="https://www.e-health-suisse.ch"/><use value="work"/></telecom></contact><description value="CapabilityStatement for Data Source Actor in the IHE IT Infrastructure Technical Framework Supplement IHE mCSD."/><jurisdiction><coding><system value="urn:iso:std:iso:3166"/><code value="CH"/></coding></jurisdiction><copyright value="CC0-1.0"/><kind value="requirements"/><fhirVersion value="4.0.1"/><format value="application/fhir+xml"/><format value="application/fhir+json"/><rest><mode value="client"/><documentation value="IHE ITI mCSD ITI-130 endpoint"/><resource><type value="Organization"/><profile value="http://fhir.ch/ig/ch-epr-fhir/StructureDefinition/CH.mCSD.Organization"/><interaction><code value="create"/></interaction><interaction><code value="update"/></interaction><interaction><code value="delete"/></interaction><versioning value="no-version"/></resource><resource><type value="Practitioner"/><profile value="http://fhir.ch/ig/ch-epr-fhir/StructureDefinition/CH.mCSD.Feed.Practitioner"/><interaction><code value="create"/></interaction><interaction><code value="update"/></interaction><interaction><code value="delete"/></interaction><versioning value="no-version"/></resource><resource><type value="PractitionerRole"/><profile value="http://fhir.ch/ig/ch-epr-fhir/StructureDefinition/CH.mCSD.PractitionerRole"/><interaction><code value="create"/></interaction><interaction><code value="update"/></interaction><interaction><code value="delete"/></interaction><versioning value="no-version"/></resource><interaction><code value="transaction"/></interaction></rest></CapabilityStatement>