<?xml version="1.0" encoding="UTF-8"?><ValueSet xmlns="http://hl7.org/fhir"><id value="PpqmActorIdentifierType"/><text><status value="generated"/><div xmlns="http://www.w3.org/1999/xhtml"><p class="res-header-id"><b>Generated Narrative: ValueSet PpqmActorIdentifierType</b></p><a name="PpqmActorIdentifierType"> </a><a name="hcPpqmActorIdentifierType"> </a><a name="PpqmActorIdentifierType-en-US"> </a><ul><li>Include these codes as defined in <code>urn:ietf:rfc:3986</code><table class="none"><tr><td style="white-space:nowrap"><b>Code</b></td><td><b>Display</b></td></tr><tr><td>urn:e-health-suisse:2015:epr-spid</td><td>EPR-SPID</td></tr><tr><td>urn:e-health-suisse:representative-id</td><td>Representative ID</td></tr><tr><td>urn:gs1:gln</td><td>GLN</td></tr><tr><td>urn:oasis:names:tc:xspa:1.0:subject:organization-id</td><td>Organization ID</td></tr></table></li></ul></div></text><url value="http://fhir.ch/ig/ch-epr-fhir/ValueSet/PpqmActorIdentifierType"/><version value="4.0.1"/><name value="PpqmActorIdentifierType"/><title value="CH PPQm Actor Identifier Type"/><status value="active"/><experimental value="false"/><date value="2024-12-18T12:16:22+00:00"/><publisher value="eHealth Suisse"/><contact><name value="eHealth Suisse"/><telecom><system value="url"/><value value="https://www.e-health-suisse.ch"/></telecom></contact><description value="Actor Identifier Types for CH:PPQm"/><jurisdiction><coding><system value="urn:iso:std:iso:3166"/><code value="CH"/></coding></jurisdiction><copyright value="CC0-1.0"/><compose><include><system value="urn:ietf:rfc:3986"/><concept><code value="urn:e-health-suisse:2015:epr-spid"/><display value="EPR-SPID"/></concept><concept><code value="urn:e-health-suisse:representative-id"/><display value="Representative ID"/></concept><concept><code value="urn:gs1:gln"/><display value="GLN"/></concept><concept><code value="urn:oasis:names:tc:xspa:1.0:subject:organization-id"/><display value="Organization ID"/></concept></include></compose></ValueSet>