<?xml version="1.0" encoding="UTF-8"?><ValueSet xmlns="http://hl7.org/fhir"><id value="ch-elm-results-component-antibiotic-tb"/><text><status value="generated"/><div xmlns="http://www.w3.org/1999/xhtml"><p class="res-header-id"><b>Generated Narrative: ValueSet ch-elm-results-component-antibiotic-tb</b></p><a name="ch-elm-results-component-antibiotic-tb"> </a><a name="hcch-elm-results-component-antibiotic-tb"> </a><a name="ch-elm-results-component-antibiotic-tb-en-US"> </a><ul><li>Include these codes as defined in <a href="http://loinc.org"><code>http://loinc.org</code></a><table class="none"><tr><td style="white-space:nowrap"><b>Code</b></td><td><b>Display</b></td></tr><tr><td><a href="https://loinc.org/18934-0/">18934-0</a></td><td>Isoniazid [Susceptibility]</td></tr><tr><td><a href="https://loinc.org/18921-7/">18921-7</a></td><td>Ethambutol [Susceptibility]</td></tr><tr><td><a href="https://loinc.org/18974-6/">18974-6</a></td><td>rifAMPin [Susceptibility]</td></tr><tr><td><a href="https://loinc.org/18973-8/">18973-8</a></td><td>Pyrazinamide [Susceptibility]</td></tr></table></li></ul></div></text><url value="http://fhir.ch/ig/ch-elm/ValueSet/ch-elm-results-component-antibiotic-tb"/><version value="1.9.0"/><name value="ChElmResultsComponentAntibioticTb"/><title value="CH ELM Results Antibiotic Tb"/><status value="active"/><experimental value="false"/><date value="2025-03-18T17:04:45+00:00"/><publisher value="Federal Office of Public Health FOPH"/><contact><name value="Federal Office of Public Health FOPH"/><telecom><system value="url"/><value value="https://www.bag.admin.ch/bag/en/home/das-bag/kontakt-standort.html"/></telecom></contact><description value="The &quot;ch elm results antibiotic tb&quot; group provides a curated set of codes representing specific antibiotics. Each code within this group is selected to ensure consistency and accuracy for medical coding related to the primary LOINC codes. Clients using the &quot;ch elm results antibiotic tb&quot; group should refer to the provided codes to ensure they capture and report antibiotic information correctly and consistently"/><jurisdiction><coding><system value="urn:iso:std:iso:3166"/><code value="CH"/></coding></jurisdiction><copyright value="CC0-1.0"/><compose><include><system value="http://loinc.org"/><concept><code value="18934-0"/><display value="Isoniazid [Susceptibility]"/></concept><concept><code value="18921-7"/><display value="Ethambutol [Susceptibility]"/></concept><concept><code value="18974-6"/><display value="rifAMPin [Susceptibility]"/></concept><concept><code value="18973-8"/><display value="Pyrazinamide [Susceptibility]"/></concept></include></compose></ValueSet>