<?xml version="1.0" encoding="UTF-8"?><ValueSet xmlns="http://hl7.org/fhir"><id value="ch-elm-results-tub-org"/><text><status value="generated"/><div xmlns="http://www.w3.org/1999/xhtml"><p class="res-header-id"><b>Generated Narrative: ValueSet ch-elm-results-tub-org</b></p><a name="ch-elm-results-tub-org"> </a><a name="hcch-elm-results-tub-org"> </a><a name="ch-elm-results-tub-org-en-US"> </a><ul><li>Include these codes as defined in <a href="http://www.snomed.org/"><code>http://snomed.info/sct</code></a><table class="none"><tr><td style="white-space:nowrap"><b>Code</b></td><td><b>Display</b></td></tr><tr><td><a href="http://snomed.info/id/113861009">113861009</a></td><td>Mycobacterium tuberculosis (organism)</td></tr><tr><td><a href="http://snomed.info/id/113858008">113858008</a></td><td>Mycobacterium tuberculosis complex (organism)</td></tr><tr><td><a href="http://snomed.info/id/51320008">51320008</a></td><td>Mycobacterium africanum (organism)</td></tr><tr><td><a href="http://snomed.info/id/27142009">27142009</a></td><td>Mycobacterium bovis (organism)</td></tr><tr><td><a href="http://snomed.info/id/33610009">33610009</a></td><td>BCG variant of Mycobacterium bovis (organism)</td></tr><tr><td><a href="http://snomed.info/id/430579009">430579009</a></td><td>Mycobacterium caprae (organism)</td></tr><tr><td><a href="http://snomed.info/id/110379001">110379001</a></td><td>Mycobacterium, non-tuberculosis (organism)</td></tr></table></li></ul></div></text><url value="http://fhir.ch/ig/ch-elm/ValueSet/ch-elm-results-tub-org"/><version value="1.9.0"/><name value="ChElmResultsTubOrg"/><title value="CH ELM Results Tub Org"/><status value="active"/><experimental value="false"/><date value="2025-03-18T17:04:45+00:00"/><publisher value="Federal Office of Public Health FOPH"/><contact><name value="Federal Office of Public Health FOPH"/><telecom><system value="url"/><value value="https://www.bag.admin.ch/bag/en/home/das-bag/kontakt-standort.html"/></telecom></contact><description value="The &quot;CH ELM Results Tub Org&quot; organism group provides a curated set of codes representing specific organisms. Each code within this group has been selected to ensure precise representation and consistency in relation to the primary LOINC codes. Clients utilizing the &quot;CH ELM Results Tub Org&quot; group should refer to the provided codes to accurately and uniformly capture and report organism-related information."/><jurisdiction><coding><system value="urn:iso:std:iso:3166"/><code value="CH"/></coding></jurisdiction><copyright value="CC0-1.0"/><compose><include><system value="http://snomed.info/sct"/><concept><code value="113861009"/><display value="Mycobacterium tuberculosis (organism)"/></concept><concept><code value="113858008"/><display value="Mycobacterium tuberculosis complex (organism)"/></concept><concept><code value="51320008"/><display value="Mycobacterium africanum (organism)"/></concept><concept><code value="27142009"/><display value="Mycobacterium bovis (organism)"/></concept><concept><code value="33610009"/><display value="BCG variant of Mycobacterium bovis (organism)"/></concept><concept><code value="430579009"/><display value="Mycobacterium caprae (organism)"/></concept><concept><code value="110379001"/><display value="Mycobacterium, non-tuberculosis (organism)"/></concept></include></compose></ValueSet>