<?xml version="1.0" encoding="UTF-8"?>

<Procedure xmlns="http://hl7.org/fhir">
  <id value="RemoveCatheter-20210704-14200210624"/>
  <meta>
    <profile value="http://fhir.ch/ig/swissnoso/StructureDefinition/swissnoso-procedure-remove-catheter"/>
  </meta>
  <text>
    <status value="generated"/><div xmlns="http://www.w3.org/1999/xhtml"><p><b>Generated Narrative</b></p><div style="display: inline-block; background-color: #d9e0e7; padding: 6px; margin: 4px; border: 1px solid #8da1b4; border-radius: 5px; line-height: 60%"><p style="margin-bottom: 0px">Resource "RemoveCatheter-20210704-14200210624" </p><p style="margin-bottom: 0px">Profile: <a href="StructureDefinition-swissnoso-procedure-remove-catheter.html">Swissnoso Procedure Remove Catheter</a></p></div><p><b>status</b>: completed</p><p><b>code</b>: Removal of urinary bladder catheter (procedure) <span style="background: LightGoldenRodYellow; margin: 4px; border: 1px solid khaki"> (<a href="https://browser.ihtsdotools.org/">SNOMED CT</a>#43748006)</span></p><p><b>subject</b>: <a href="Patient-AnnaMeier.html">Patient/AnnaMeier</a></p><p><b>encounter</b>: <a href="Encounter-Encounter-14200210624.html">Encounter/Encounter-14200210624</a></p><p><b>performed</b>: 2021-07-04</p><p><b>reasonReference</b>: <a href="Procedure-InsertCatheter-20210701-14200210624.html">Procedure/InsertCatheter-20210701-14200210624</a></p></div>
  </text>
  <status value="completed"/>
  <code>
    <coding>
      <system value="http://snomed.info/sct"/>
      <code value="43748006"/>
      <display value="Removal of urinary bladder catheter (procedure)"/>
    </coding>
  </code>
  <subject>
    <reference value="Patient/AnnaMeier"/>
  </subject>
  <encounter>
    <reference value="Encounter/Encounter-14200210624"/>
  </encounter>
  <performedDateTime value="2021-07-04"/>
  <reasonReference>
    <reference value="Procedure/InsertCatheter-20210701-14200210624"/>
  </reasonReference>
</Procedure>