{
  "resourceType" : "ValueSet",
  "id" : "ch-elm-interpretation-codes-vs",
  "text" : {
    "status" : "generated",
    "div" : "<div xmlns=\"http://www.w3.org/1999/xhtml\"><ul><li>Include these codes as defined in <a href=\"CodeSystem-ch-elm-interpretation-codes-vs.html\"><code>http://fhir.ch/ig/ch-elm/CodeSystem/ch-elm-interpretation-codes-vs</code></a><table class=\"none\"><tr><td style=\"white-space:nowrap\"><b>Code</b></td><td><b>Display</b></td></tr><tr><td><a href=\"CodeSystem-ch-elm-interpretation-codes-vs.html#ch-elm-interpretation-codes-vs-http.58.47.47fhir.46ch.47ig.47ch-elm.47ValueSet.47ch-elm-interpretation-codes-pos\">http://fhir.ch/ig/ch-elm/ValueSet/ch-elm-interpretation-codes-pos</a></td><td/></tr><tr><td><a href=\"CodeSystem-ch-elm-interpretation-codes-vs.html#ch-elm-interpretation-codes-vs-http.58.47.47fhir.46ch.47ig.47ch-elm.47ValueSet.47ch-elm-interpretation-codes-pos-neg\">http://fhir.ch/ig/ch-elm/ValueSet/ch-elm-interpretation-codes-pos-neg</a></td><td/></tr><tr><td><a href=\"CodeSystem-ch-elm-interpretation-codes-vs.html#ch-elm-interpretation-codes-vs-http.58.47.47fhir.46ch.47ig.47ch-elm.47ValueSet.47ch-elm-interpretation-codes-resistant-susceptible\">http://fhir.ch/ig/ch-elm/ValueSet/ch-elm-interpretation-codes-resistant-susceptible</a></td><td/></tr></table></li></ul></div>"
  },
  "url" : "http://fhir.ch/ig/ch-elm/ValueSet/ch-elm-interpretation-codes-vs",
  "version" : "1.2.0",
  "name" : "ChElmInterpretationCodesVs",
  "title" : "CH ELM Interpretation Codes Vs",
  "status" : "active",
  "experimental" : false,
  "date" : "2024-03-28T10:14:11+01:00",
  "publisher" : "Federal Office of Public Health FOPH",
  "contact" : [{
    "name" : "Federal Office of Public Health FOPH",
    "telecom" : [{
      "system" : "url",
      "value" : "https://www.bag.admin.ch/bag/en/home/das-bag/kontakt-standort.html"
    }]
  }],
  "description" : "This CH ELM value set includes the value set URLs as interpretation codes to map in the concept maps the leading codes.",
  "jurisdiction" : [{
    "coding" : [{
      "system" : "urn:iso:std:iso:3166",
      "code" : "CHE"
    }]
  }],
  "copyright" : "CC0-1.0",
  "compose" : {
    "include" : [{
      "system" : "http://fhir.ch/ig/ch-elm/CodeSystem/ch-elm-interpretation-codes-vs",
      "concept" : [{
        "code" : "http://fhir.ch/ig/ch-elm/ValueSet/ch-elm-interpretation-codes-pos"
      },
      {
        "code" : "http://fhir.ch/ig/ch-elm/ValueSet/ch-elm-interpretation-codes-pos-neg"
      },
      {
        "code" : "http://fhir.ch/ig/ch-elm/ValueSet/ch-elm-interpretation-codes-resistant-susceptible"
      }]
    }]
  }
}