<?xml version="1.0" encoding="UTF-8"?><ValueSet xmlns="http://hl7.org/fhir"><id value="ch-elm-results-mpx-sashec"/><text><status value="generated"/><div xmlns="http://www.w3.org/1999/xhtml"><p class="res-header-id"><b>Generated Narrative: ValueSet ch-elm-results-mpx-sashec</b></p><a name="ch-elm-results-mpx-sashec"> </a><a name="hcch-elm-results-mpx-sashec"> </a><a name="ch-elm-results-mpx-sashec-en-US"> </a><p>This value set includes codes based on the following rules:</p><ul/></div></text><url value="http://fhir.ch/ig/ch-elm/ValueSet/ch-elm-results-mpx-sashec"/><version value="1.9.1"/><name value="ChElmResultsMpxSashec"/><title value="CH ELM Results Mpx Sashec"/><status value="active"/><experimental value="false"/><date value="2025-03-26T07:47:08+00:00"/><publisher value="Federal Office of Public Health FOPH"/><contact><name value="Federal Office of Public Health FOPH"/><telecom><system value="url"/><value value="https://www.bag.admin.ch/bag/en/home/das-bag/kontakt-standort.html"/></telecom></contact><description value="The &quot;CH ELM Results Mpx Sashec&quot; organism group provides a curated set of codes representing specific organisms. Each code within this group has been selected to ensure precise representation and consistency in relation to the primary LOINC codes. Clients utilizing the &quot;CH ELM Results Mpx Sashec&quot; group should refer to the provided codes to accurately and uniformly capture and report organism-related information."/><jurisdiction><coding><system value="urn:iso:std:iso:3166"/><code value="CH"/></coding></jurisdiction><copyright value="CC0-1.0"/></ValueSet>