<?xml version="1.0" encoding="UTF-8"?><ValueSet xmlns="http://hl7.org/fhir"><id value="ch-elm-results-laboratory-observation-geno"/><text><status value="generated"/><div xmlns="http://www.w3.org/1999/xhtml"><p class="res-header-id"><b>Generated Narrative: ValueSet ch-elm-results-laboratory-observation-geno</b></p><a name="ch-elm-results-laboratory-observation-geno"> </a><a name="hcch-elm-results-laboratory-observation-geno"> </a><a name="ch-elm-results-laboratory-observation-geno-en-US"> </a><ul><li>Include these codes as defined in <a href="http://loinc.org"><code>http://loinc.org</code></a><table class="none"><tr><td style="white-space:nowrap"><b>Code</b></td><td><b>Display</b></td><td><b><a href="ValueSet-ch-elm-results-component-vs.html">CH ELM Results Genotype To Component Code</a></b></td><td><b><a href="ValueSet-ch-elm-interpretation-codes-vs.html">CH ELM Results Genotyping To Component Interpretation Code</a></b></td></tr><tr><td><a href="https://loinc.org/94053-6/">94053-6</a></td><td>Mycobacterium tuberculosis complex resistance panel by Molecular genetics method</td><td><span title="RELATEDTO">?</span><a href="CodeSystem-ch-elm-results-component-vs.html#ch-elm-results-component-vs-http.58.47.47fhir.46ch.47ig.47ch-elm.47ValueSet.47ch-elm-results-component-gene-tb">http://fhir.ch/ig/ch-elm/ValueSet/ch-elm-results-component-gene-tb</a></td><td><span title="RELATEDTO">?</span><a href="CodeSystem-ch-elm-interpretation-codes-vs.html#ch-elm-interpretation-codes-vs-http.58.47.47fhir.46ch.47ig.47ch-elm.47ValueSet.47ch-elm-interpretation-codes-pos-neg">http://fhir.ch/ig/ch-elm/ValueSet/ch-elm-interpretation-codes-pos-neg</a></td></tr></table></li></ul></div></text><url value="http://fhir.ch/ig/ch-elm/ValueSet/ch-elm-results-laboratory-observation-geno"/><version value="1.9.1"/><name value="ChElmResultsLaboratoryObservationGeno"/><title value="CH ELM Results Laboratory Observation Genotyping"/><status value="active"/><experimental value="false"/><date value="2025-03-26T07:47:08+00:00"/><publisher value="Federal Office of Public Health FOPH"/><contact><name value="Federal Office of Public Health FOPH"/><telecom><system value="url"/><value value="https://www.bag.admin.ch/bag/en/home/das-bag/kontakt-standort.html"/></telecom></contact><description value="This CH ELM value set includes the codes for the laboratory genotyping test results."/><jurisdiction><coding><system value="urn:iso:std:iso:3166"/><code value="CH"/></coding></jurisdiction><copyright value="CC0-1.0"/><compose><include><system value="http://loinc.org"/><concept><code value="94053-6"/><display value="Mycobacterium tuberculosis complex resistance panel by Molecular genetics method"/></concept></include></compose></ValueSet>