<?xml version="1.0" encoding="UTF-8"?><CodeSystem xmlns="http://hl7.org/fhir"><id value="ch-elm-results-component-vs"/><text><status value="generated"/><div xmlns="http://www.w3.org/1999/xhtml"><p class="res-header-id"><b>Generated Narrative: CodeSystem ch-elm-results-component-vs</b></p><a name="ch-elm-results-component-vs"> </a><a name="hcch-elm-results-component-vs"> </a><p>This case-insensitive code system <code>http://fhir.ch/ig/ch-elm/CodeSystem/ch-elm-results-component-vs</code> defines the following codes:</p><table class="codes"><tr><td style="white-space:nowrap"><b>Code</b></td></tr><tr><td style="white-space:nowrap">http://fhir.ch/ig/ch-elm/ValueSet/ch-elm-results-component-gene-cpe<a name="ch-elm-results-component-vs-http.58.47.47fhir.46ch.47ig.47ch-elm.47ValueSet.47ch-elm-results-component-gene-cpe"> </a></td></tr><tr><td style="white-space:nowrap">http://fhir.ch/ig/ch-elm/ValueSet/ch-elm-results-component-gene-tb<a name="ch-elm-results-component-vs-http.58.47.47fhir.46ch.47ig.47ch-elm.47ValueSet.47ch-elm-results-component-gene-tb"> </a></td></tr><tr><td style="white-space:nowrap">http://fhir.ch/ig/ch-elm/ValueSet/ch-elm-results-component-antibiotic-cpe<a name="ch-elm-results-component-vs-http.58.47.47fhir.46ch.47ig.47ch-elm.47ValueSet.47ch-elm-results-component-antibiotic-cpe"> </a></td></tr><tr><td style="white-space:nowrap">http://fhir.ch/ig/ch-elm/ValueSet/ch-elm-results-component-antibiotic-tb<a name="ch-elm-results-component-vs-http.58.47.47fhir.46ch.47ig.47ch-elm.47ValueSet.47ch-elm-results-component-antibiotic-tb"> </a></td></tr></table></div></text><url value="http://fhir.ch/ig/ch-elm/CodeSystem/ch-elm-results-component-vs"/><version value="1.10.0"/><name value="ChElmResultsComponentVs"/><title value="CH ELM Results Component Vs"/><status value="active"/><experimental value="false"/><date value="2025-06-23T21:17:45+00:00"/><publisher value="Federal Office of Public Health FOPH"/><contact><name value="Federal Office of Public Health FOPH"/><telecom><system value="url"/><value value="https://www.bag.admin.ch/bag/en/home/das-bag/kontakt-standort.html"/></telecom></contact><description value="This CH ELM value set includes the value set URLs as codes to map in the concept maps the leading codes."/><jurisdiction><coding><system value="urn:iso:std:iso:3166"/><code value="CH"/></coding></jurisdiction><copyright value="CC0-1.0"/><caseSensitive value="false"/><content value="complete"/><concept><code value="http://fhir.ch/ig/ch-elm/ValueSet/ch-elm-results-component-gene-cpe"/></concept><concept><code value="http://fhir.ch/ig/ch-elm/ValueSet/ch-elm-results-component-gene-tb"/></concept><concept><code value="http://fhir.ch/ig/ch-elm/ValueSet/ch-elm-results-component-antibiotic-cpe"/></concept><concept><code value="http://fhir.ch/ig/ch-elm/ValueSet/ch-elm-results-component-antibiotic-tb"/></concept></CodeSystem>