<?xml version="1.0" encoding="UTF-8"?><CodeSystem xmlns="http://hl7.org/fhir"><id value="ch-elm-foph-code-reserve"/><text><status value="generated"/><div xmlns="http://www.w3.org/1999/xhtml"><p class="res-header-id"><b>Generated Narrative: CodeSystem ch-elm-foph-code-reserve</b></p><a name="ch-elm-foph-code-reserve"> </a><a name="hcch-elm-foph-code-reserve"> </a><p>This case-insensitive code system <code>urn:oid:2.16.756.5.30.1.129.1.5.1</code> provides <b>a fragment</b> that includes following codes:</p><table class="codes"><tr><td style="white-space:nowrap"><b>Code</b></td><td><b>Display</b></td></tr><tr><td style="white-space:nowrap">EP-100700-4<a name="ch-elm-foph-code-reserve-EP-100700-4"> </a></td><td>FOPH emerging pathogen placeholder</td></tr><tr><td style="white-space:nowrap">EP-100100-7<a name="ch-elm-foph-code-reserve-EP-100100-7"> </a></td><td>FOPH emerging pathogen placeholder</td></tr><tr><td style="white-space:nowrap">EP-101000-8<a name="ch-elm-foph-code-reserve-EP-101000-8"> </a></td><td>FOPH emerging pathogen placeholder</td></tr><tr><td style="white-space:nowrap">EP-100500-8<a name="ch-elm-foph-code-reserve-EP-100500-8"> </a></td><td>FOPH emerging pathogen placeholder</td></tr><tr><td style="white-space:nowrap">EP-100200-5<a name="ch-elm-foph-code-reserve-EP-100200-5"> </a></td><td>FOPH emerging pathogen placeholder</td></tr><tr><td style="white-space:nowrap">EP-100900-0<a name="ch-elm-foph-code-reserve-EP-100900-0"> </a></td><td>FOPH emerging pathogen placeholder</td></tr><tr><td style="white-space:nowrap">EP-100300-3<a name="ch-elm-foph-code-reserve-EP-100300-3"> </a></td><td>FOPH emerging pathogen placeholder</td></tr><tr><td style="white-space:nowrap">EP-100800-2<a name="ch-elm-foph-code-reserve-EP-100800-2"> </a></td><td>FOPH emerging pathogen placeholder</td></tr><tr><td style="white-space:nowrap">EP-100600-6<a name="ch-elm-foph-code-reserve-EP-100600-6"> </a></td><td>FOPH emerging pathogen placeholder</td></tr><tr><td style="white-space:nowrap">EP-100400-1<a name="ch-elm-foph-code-reserve-EP-100400-1"> </a></td><td>FOPH emerging pathogen placeholder</td></tr></table></div></text><url value="urn:oid:2.16.756.5.30.1.129.1.5.1"/><version value="1.13.0"/><name value="ChElmFophCodeReserve"/><title value="CH ELM FOPH Code Reserve"/><status value="active"/><experimental value="false"/><date value="2025-11-25T09:58:53+00:00"/><publisher value="Federal Office of Public Health FOPH"/><contact><name value="Federal Office of Public Health FOPH"/><telecom><system value="url"/><value value="https://www.bag.admin.ch/bag/en/home/das-bag/kontakt-standort.html"/></telecom></contact><description value="This code system contains proprietary placeholder codes for use in situations of emerging pathogens for which no other code exist."/><jurisdiction><coding><system value="urn:iso:std:iso:3166"/><code value="CH"/></coding></jurisdiction><copyright value="CC0-1.0"/><caseSensitive value="false"/><content value="fragment"/><concept><code value="EP-100700-4"/><display value="FOPH emerging pathogen placeholder"/></concept><concept><code value="EP-100100-7"/><display value="FOPH emerging pathogen placeholder"/></concept><concept><code value="EP-101000-8"/><display value="FOPH emerging pathogen placeholder"/></concept><concept><code value="EP-100500-8"/><display value="FOPH emerging pathogen placeholder"/></concept><concept><code value="EP-100200-5"/><display value="FOPH emerging pathogen placeholder"/></concept><concept><code value="EP-100900-0"/><display value="FOPH emerging pathogen placeholder"/></concept><concept><code value="EP-100300-3"/><display value="FOPH emerging pathogen placeholder"/></concept><concept><code value="EP-100800-2"/><display value="FOPH emerging pathogen placeholder"/></concept><concept><code value="EP-100600-6"/><display value="FOPH emerging pathogen placeholder"/></concept><concept><code value="EP-100400-1"/><display value="FOPH emerging pathogen placeholder"/></concept></CodeSystem>