<?xml version="1.0" encoding="UTF-8"?><ConceptMap xmlns="http://hl7.org/fhir"><id value="ch-elm-results-to-foph-patient-name-representation"/><text><status value="extensions"/><div xmlns="http://www.w3.org/1999/xhtml"><p>Mapping from <a href="ValueSet-ch-elm-results-laboratory-observation.html">CH ELM Results Laboratory Observation</a> to <a href="ValueSet-ch-elm-foph-patient-name-representation.html">CH ELM FOPH Patient Name Representation</a></p><p>ACTIVE. Published on 2024-05-17 13:32:20+0000 by Federal Office of Public Health FOPH  (Federal Office of Public Health FOPH: <a href="https://www.bag.admin.ch/bag/en/home/das-bag/kontakt-standort.html">https://www.bag.admin.ch/bag/e...</a>). CC0-1.0</p><div><p>This CH ELM concept map specifies the required mode of patient representation for each leading code. It determines whether the full name, initials, or a unique code (e.g., for HIV patients) should be used, based on the specific LOINC code associated with the laboratory data. This ensures consistent and appropriate handling of patient identity in accordance with the type of pathogen reported.</p>
</div><br/><p><b>Group 1 </b>Mapping from <a href="http://terminology.hl7.org/5.3.0/CodeSystem-v3-loinc.html">Logical Observation Identifiers, Names and Codes (LOINC)</a> to <a href="CodeSystem-ch-elm-foph-patient-name-representation.html">CH ELM FOPH Patient Name Representation</a></p><table class="grid"><tr><td><b>Source Code</b></td><td><b>Relationship</b></td><td><b>Target Code</b></td></tr><tr><td>100383-9 (Monkeypox virus DNA [Presence] in Specimen by NAA with probe detection)</td><td><a href="http://hl7.org/fhir/R4/codesystem-concept-map-equivalence.html#relatedto" title="relatedto">is related to</a></td><td>full-name</td></tr><tr><td>100749-1 (Legionella pneumophila serogroup 1 [Presence] in Specimen by NAA with probe detection)</td><td><a href="http://hl7.org/fhir/R4/codesystem-concept-map-equivalence.html#relatedto" title="relatedto">is related to</a></td><td>full-name</td></tr><tr><td>100911-7 (Campylobacter sp [Presence] in Stool by Organism specific culture)</td><td><a href="http://hl7.org/fhir/R4/codesystem-concept-map-equivalence.html#relatedto" title="relatedto">is related to</a></td><td>initials</td></tr><tr><td>101219-4 (Legionella sp DNA [Presence] in Specimen by NAA with probe detection)</td><td><a href="http://hl7.org/fhir/R4/codesystem-concept-map-equivalence.html#relatedto" title="relatedto">is related to</a></td><td>full-name</td></tr><tr><td>101307-7 (Plasmodium vivax+ovale DNA [Presence] in Blood by NAA with non-probe detection)</td><td><a href="http://hl7.org/fhir/R4/codesystem-concept-map-equivalence.html#relatedto" title="relatedto">is related to</a></td><td>initials</td></tr><tr><td>101423-2 (Influenza virus A H1 RNA [Presence] in Respiratory system specimen by NAA with probe detection)</td><td><a href="http://hl7.org/fhir/R4/codesystem-concept-map-equivalence.html#relatedto" title="relatedto">is related to</a></td><td>initials</td></tr><tr><td>101424-0 (Influenza virus A H3 RNA [Presence] in Respiratory system specimen by NAA with probe detection)</td><td><a href="http://hl7.org/fhir/R4/codesystem-concept-map-equivalence.html#relatedto" title="relatedto">is related to</a></td><td>initials</td></tr><tr><td>101427-3 (Shigella sp DNA [Presence] in Stool by NAA with probe detection)</td><td><a href="http://hl7.org/fhir/R4/codesystem-concept-map-equivalence.html#relatedto" title="relatedto">is related to</a></td><td>full-name</td></tr><tr><td>101552-8 (Campylobacter coli DNA [Presence] in Stool by NAA with probe detection)</td><td><a href="http://hl7.org/fhir/R4/codesystem-concept-map-equivalence.html#relatedto" title="relatedto">is related to</a></td><td>initials</td></tr><tr><td>101554-4 (Campylobacter jejuni DNA [Presence] in Stool by NAA with probe detection)</td><td><a href="http://hl7.org/fhir/R4/codesystem-concept-map-equivalence.html#relatedto" title="relatedto">is related to</a></td><td>initials</td></tr><tr><td>101555-1 (Campylobacter upsaliensis DNA [Presence] in Stool by NAA with probe detection)</td><td><a href="http://hl7.org/fhir/R4/codesystem-concept-map-equivalence.html#relatedto" title="relatedto">is related to</a></td><td>initials</td></tr><tr><td>103168-1 (Campylobacter coli+jejuni DNA [Presence] in Wound by NAA with probe detection)</td><td><a href="http://hl7.org/fhir/R4/codesystem-concept-map-equivalence.html#relatedto" title="relatedto">is related to</a></td><td>initials</td></tr><tr><td>11259-9 (Hepatitis C virus RNA [Presence] in Serum or Plasma by NAA with probe detection)</td><td><a href="http://hl7.org/fhir/R4/codesystem-concept-map-equivalence.html#relatedto" title="relatedto">is related to</a></td><td>full-name</td></tr><tr><td>13952-7 (Hepatitis B virus core Ab [Presence] in Serum or Plasma by Immunoassay)</td><td><a href="http://hl7.org/fhir/R4/codesystem-concept-map-equivalence.html#relatedto" title="relatedto">is related to</a></td><td>full-name</td></tr><tr><td>13954-3 (Hepatitis B virus e Ag [Presence] in Serum or Plasma by Immunoassay)</td><td><a href="http://hl7.org/fhir/R4/codesystem-concept-map-equivalence.html#relatedto" title="relatedto">is related to</a></td><td>full-name</td></tr><tr><td>14127-5 (Neisseria gonorrhoeae [Presence] in Anal by Organism specific culture)</td><td><a href="http://hl7.org/fhir/R4/codesystem-concept-map-equivalence.html#relatedto" title="relatedto">is related to</a></td><td>initials-or-vctcode</td></tr><tr><td>14463-4 (Chlamydia trachomatis [Presence] in Cervix by Organism specific culture)</td><td><a href="http://hl7.org/fhir/R4/codesystem-concept-map-equivalence.html#relatedto" title="relatedto">is related to</a></td><td>initials-or-vctcode</td></tr><tr><td>14464-2 (Chlamydia trachomatis [Presence] in Vaginal fluid by Organism specific culture)</td><td><a href="http://hl7.org/fhir/R4/codesystem-concept-map-equivalence.html#relatedto" title="relatedto">is related to</a></td><td>initials-or-vctcode</td></tr><tr><td>14465-9 (Chlamydia trachomatis [Presence] in Urethra by Organism specific culture)</td><td><a href="http://hl7.org/fhir/R4/codesystem-concept-map-equivalence.html#relatedto" title="relatedto">is related to</a></td><td>initials-or-vctcode</td></tr><tr><td>16600-9 (Chlamydia trachomatis rRNA [Presence] in Genital specimen by Probe)</td><td><a href="http://hl7.org/fhir/R4/codesystem-concept-map-equivalence.html#relatedto" title="relatedto">is related to</a></td><td>initials-or-vctcode</td></tr><tr><td>17057-1 (Legionella pneumophila Ag [Presence] in Specimen)</td><td><a href="http://hl7.org/fhir/R4/codesystem-concept-map-equivalence.html#relatedto" title="relatedto">is related to</a></td><td>full-name</td></tr><tr><td>21190-4 (Chlamydia trachomatis DNA [Presence] in Cervix by NAA with probe detection)</td><td><a href="http://hl7.org/fhir/R4/codesystem-concept-map-equivalence.html#relatedto" title="relatedto">is related to</a></td><td>initials-or-vctcode</td></tr><tr><td>21191-2 (Chlamydia trachomatis DNA [Presence] in Urethra by NAA with probe detection)</td><td><a href="http://hl7.org/fhir/R4/codesystem-concept-map-equivalence.html#relatedto" title="relatedto">is related to</a></td><td>initials-or-vctcode</td></tr><tr><td>21363-7 (Legionella pneumophila DNA [Presence] in Specimen by NAA with probe detection)</td><td><a href="http://hl7.org/fhir/R4/codesystem-concept-map-equivalence.html#relatedto" title="relatedto">is related to</a></td><td>full-name</td></tr><tr><td>21415-5 (Neisseria gonorrhoeae DNA [Presence] in Urethra by NAA with probe detection)</td><td><a href="http://hl7.org/fhir/R4/codesystem-concept-map-equivalence.html#relatedto" title="relatedto">is related to</a></td><td>initials-or-vctcode</td></tr><tr><td>21416-3 (Neisseria gonorrhoeae DNA [Presence] in Urine by NAA with probe detection)</td><td><a href="http://hl7.org/fhir/R4/codesystem-concept-map-equivalence.html#relatedto" title="relatedto">is related to</a></td><td>initials-or-vctcode</td></tr><tr><td>21613-5 (Chlamydia trachomatis DNA [Presence] in Specimen by NAA with probe detection)</td><td><a href="http://hl7.org/fhir/R4/codesystem-concept-map-equivalence.html#relatedto" title="relatedto">is related to</a></td><td>initials-or-vctcode</td></tr><tr><td>23838-6 (Chlamydia trachomatis rRNA [Presence] in Genital fluid by Probe)</td><td><a href="http://hl7.org/fhir/R4/codesystem-concept-map-equivalence.html#relatedto" title="relatedto">is related to</a></td><td>initials-or-vctcode</td></tr><tr><td>24111-7 (Neisseria gonorrhoeae DNA [Presence] in Specimen by NAA with probe detection)</td><td><a href="http://hl7.org/fhir/R4/codesystem-concept-map-equivalence.html#relatedto" title="relatedto">is related to</a></td><td>initials-or-vctcode</td></tr><tr><td>24113-3 (Hepatitis B virus core IgM Ab [Presence] in Serum or Plasma by Immunoassay)</td><td><a href="http://hl7.org/fhir/R4/codesystem-concept-map-equivalence.html#relatedto" title="relatedto">is related to</a></td><td>full-name</td></tr><tr><td>26621-3 (Legionella sp Ag [Presence] in Specimen)</td><td><a href="http://hl7.org/fhir/R4/codesystem-concept-map-equivalence.html#relatedto" title="relatedto">is related to</a></td><td>full-name</td></tr><tr><td>29610-3 (Hepatitis B virus DNA [Presence] in Serum or Plasma by NAA with probe detection)</td><td><a href="http://hl7.org/fhir/R4/codesystem-concept-map-equivalence.html#relatedto" title="relatedto">is related to</a></td><td>full-name</td></tr><tr><td>31204-1 (Hepatitis B virus core IgM Ab [Presence] in Serum)</td><td><a href="http://hl7.org/fhir/R4/codesystem-concept-map-equivalence.html#relatedto" title="relatedto">is related to</a></td><td>full-name</td></tr><tr><td>31777-6 (Chlamydia trachomatis Ag [Presence] in Specimen)</td><td><a href="http://hl7.org/fhir/R4/codesystem-concept-map-equivalence.html#relatedto" title="relatedto">is related to</a></td><td>initials-or-vctcode</td></tr><tr><td>31844-4 (Hepatitis B virus e Ag [Presence] in Serum)</td><td><a href="http://hl7.org/fhir/R4/codesystem-concept-map-equivalence.html#relatedto" title="relatedto">is related to</a></td><td>full-name</td></tr><tr><td>31859-2 (Influenza virus A Ag [Presence] in Specimen)</td><td><a href="http://hl7.org/fhir/R4/codesystem-concept-map-equivalence.html#relatedto" title="relatedto">is related to</a></td><td>initials</td></tr><tr><td>31864-2 (Influenza virus B Ag [Presence] in Specimen)</td><td><a href="http://hl7.org/fhir/R4/codesystem-concept-map-equivalence.html#relatedto" title="relatedto">is related to</a></td><td>initials</td></tr><tr><td>31868-3 (Legionella pneumophila 1 Ag [Presence] in Urine)</td><td><a href="http://hl7.org/fhir/R4/codesystem-concept-map-equivalence.html#relatedto" title="relatedto">is related to</a></td><td>full-name</td></tr><tr><td>31869-1 (Legionella pneumophila Ag [Presence] in Sputum)</td><td><a href="http://hl7.org/fhir/R4/codesystem-concept-map-equivalence.html#relatedto" title="relatedto">is related to</a></td><td>full-name</td></tr><tr><td>31870-9 (Legionella pneumophila Ag [Presence] in Urine)</td><td><a href="http://hl7.org/fhir/R4/codesystem-concept-map-equivalence.html#relatedto" title="relatedto">is related to</a></td><td>full-name</td></tr><tr><td>32705-6 (Neisseria gonorrhoeae DNA [Presence] in Vaginal fluid by NAA with probe detection)</td><td><a href="http://hl7.org/fhir/R4/codesystem-concept-map-equivalence.html#relatedto" title="relatedto">is related to</a></td><td>initials-or-vctcode</td></tr><tr><td>32781-7 (Legionella sp Ag [Presence] in Urine)</td><td><a href="http://hl7.org/fhir/R4/codesystem-concept-map-equivalence.html#relatedto" title="relatedto">is related to</a></td><td>full-name</td></tr><tr><td>34487-9 (Influenza virus A RNA [Presence] in Specimen by NAA with probe detection)</td><td><a href="http://hl7.org/fhir/R4/codesystem-concept-map-equivalence.html#relatedto" title="relatedto">is related to</a></td><td>initials</td></tr><tr><td>38382-8 (Influenza virus B [Presence] in Specimen by Organism specific culture)</td><td><a href="http://hl7.org/fhir/R4/codesystem-concept-map-equivalence.html#relatedto" title="relatedto">is related to</a></td><td>initials</td></tr><tr><td>38394-3 (Legionella sp identified in Urine by Organism specific culture)</td><td><a href="http://hl7.org/fhir/R4/codesystem-concept-map-equivalence.html#relatedto" title="relatedto">is related to</a></td><td>full-name</td></tr><tr><td>39007-0 (Hepatitis B virus e Ag [Presence] in Specimen)</td><td><a href="http://hl7.org/fhir/R4/codesystem-concept-map-equivalence.html#relatedto" title="relatedto">is related to</a></td><td>full-name</td></tr><tr><td>40982-1 (Influenza virus B RNA [Presence] in Specimen by NAA with probe detection)</td><td><a href="http://hl7.org/fhir/R4/codesystem-concept-map-equivalence.html#relatedto" title="relatedto">is related to</a></td><td>initials</td></tr><tr><td>41447-4 (Plasmodium falciparum DNA [Presence] in Blood by NAA with probe detection)</td><td><a href="http://hl7.org/fhir/R4/codesystem-concept-map-equivalence.html#relatedto" title="relatedto">is related to</a></td><td>initials</td></tr><tr><td>41448-2 (Plasmodium malariae DNA [Presence] in Blood by NAA with probe detection)</td><td><a href="http://hl7.org/fhir/R4/codesystem-concept-map-equivalence.html#relatedto" title="relatedto">is related to</a></td><td>initials</td></tr><tr><td>41449-0 (Plasmodium ovale DNA [Presence] in Blood by NAA with probe detection)</td><td><a href="http://hl7.org/fhir/R4/codesystem-concept-map-equivalence.html#relatedto" title="relatedto">is related to</a></td><td>initials</td></tr><tr><td>41450-8 (Plasmodium vivax DNA [Presence] in Blood by NAA with probe detection)</td><td><a href="http://hl7.org/fhir/R4/codesystem-concept-map-equivalence.html#relatedto" title="relatedto">is related to</a></td><td>initials</td></tr><tr><td>42931-6 (Chlamydia trachomatis rRNA [Presence] in Urine by NAA with probe detection)</td><td><a href="http://hl7.org/fhir/R4/codesystem-concept-map-equivalence.html#relatedto" title="relatedto">is related to</a></td><td>initials-or-vctcode</td></tr><tr><td>43304-5 (Chlamydia trachomatis rRNA [Presence] in Specimen by NAA with probe detection)</td><td><a href="http://hl7.org/fhir/R4/codesystem-concept-map-equivalence.html#relatedto" title="relatedto">is related to</a></td><td>initials-or-vctcode</td></tr><tr><td>43305-2 (Neisseria gonorrhoeae rRNA [Presence] in Specimen by NAA with probe detection)</td><td><a href="http://hl7.org/fhir/R4/codesystem-concept-map-equivalence.html#relatedto" title="relatedto">is related to</a></td><td>initials-or-vctcode</td></tr><tr><td>45084-1 (Chlamydia trachomatis DNA [Presence] in Vaginal fluid by NAA with probe detection)</td><td><a href="http://hl7.org/fhir/R4/codesystem-concept-map-equivalence.html#relatedto" title="relatedto">is related to</a></td><td>initials-or-vctcode</td></tr><tr><td>45090-8 (Chlamydia trachomatis DNA [Presence] in Anal by NAA with probe detection)</td><td><a href="http://hl7.org/fhir/R4/codesystem-concept-map-equivalence.html#relatedto" title="relatedto">is related to</a></td><td>initials-or-vctcode</td></tr><tr><td>45093-2 (Chlamydia trachomatis [Presence] in Anal by Organism specific culture)</td><td><a href="http://hl7.org/fhir/R4/codesystem-concept-map-equivalence.html#relatedto" title="relatedto">is related to</a></td><td>initials-or-vctcode</td></tr><tr><td>45095-7 (Chlamydia trachomatis [Presence] in Genital specimen by Organism specific culture)</td><td><a href="http://hl7.org/fhir/R4/codesystem-concept-map-equivalence.html#relatedto" title="relatedto">is related to</a></td><td>initials-or-vctcode</td></tr><tr><td>46454-5 (Shigella sp [Presence] in Specimen by Organism specific culture)</td><td><a href="http://hl7.org/fhir/R4/codesystem-concept-map-equivalence.html#relatedto" title="relatedto">is related to</a></td><td>full-name</td></tr><tr><td>46455-2 (Shigella sp DNA [Presence] in Specimen by NAA with probe detection)</td><td><a href="http://hl7.org/fhir/R4/codesystem-concept-map-equivalence.html#relatedto" title="relatedto">is related to</a></td><td>full-name</td></tr><tr><td>47085-6 (Plasmodium sp DNA [Presence] in Blood by NAA with probe detection)</td><td><a href="http://hl7.org/fhir/R4/codesystem-concept-map-equivalence.html#relatedto" title="relatedto">is related to</a></td><td>initials</td></tr><tr><td>47387-6 (Neisseria gonorrhoeae DNA [Presence] in Genital specimen by NAA with probe detection)</td><td><a href="http://hl7.org/fhir/R4/codesystem-concept-map-equivalence.html#relatedto" title="relatedto">is related to</a></td><td>initials-or-vctcode</td></tr><tr><td>48310-7 (Influenza virus A [Presence] in Specimen by Organism specific culture)</td><td><a href="http://hl7.org/fhir/R4/codesystem-concept-map-equivalence.html#relatedto" title="relatedto">is related to</a></td><td>initials</td></tr><tr><td>49521-8 (Influenza virus A H1 RNA [Presence] in Specimen by NAA with probe detection)</td><td><a href="http://hl7.org/fhir/R4/codesystem-concept-map-equivalence.html#relatedto" title="relatedto">is related to</a></td><td>initials</td></tr><tr><td>49524-2 (Influenza virus A H3 RNA [Presence] in Specimen by NAA with probe detection)</td><td><a href="http://hl7.org/fhir/R4/codesystem-concept-map-equivalence.html#relatedto" title="relatedto">is related to</a></td><td>initials</td></tr><tr><td>49614-1 (Campylobacter sp DNA [Identifier] in Specimen by NAA with probe detection)</td><td><a href="http://hl7.org/fhir/R4/codesystem-concept-map-equivalence.html#relatedto" title="relatedto">is related to</a></td><td>initials</td></tr><tr><td>4992-4 (Campylobacter sp rRNA [Presence] in Specimen by Probe)</td><td><a href="http://hl7.org/fhir/R4/codesystem-concept-map-equivalence.html#relatedto" title="relatedto">is related to</a></td><td>initials</td></tr><tr><td>5007-0 (Hepatitis B virus DNA [Presence] in Blood by NAA with probe detection)</td><td><a href="http://hl7.org/fhir/R4/codesystem-concept-map-equivalence.html#relatedto" title="relatedto">is related to</a></td><td>full-name</td></tr><tr><td>5009-6 (Hepatitis B virus DNA [Presence] in Specimen by NAA with probe detection)</td><td><a href="http://hl7.org/fhir/R4/codesystem-concept-map-equivalence.html#relatedto" title="relatedto">is related to</a></td><td>full-name</td></tr><tr><td>5010-4 (Hepatitis C virus RNA [Presence] in Blood by NAA with probe detection)</td><td><a href="http://hl7.org/fhir/R4/codesystem-concept-map-equivalence.html#relatedto" title="relatedto">is related to</a></td><td>full-name</td></tr><tr><td>5012-0 (Hepatitis C virus RNA [Presence] in Specimen by NAA with probe detection)</td><td><a href="http://hl7.org/fhir/R4/codesystem-concept-map-equivalence.html#relatedto" title="relatedto">is related to</a></td><td>full-name</td></tr><tr><td>50387-0 (Chlamydia trachomatis rRNA [Presence] in Cervix by NAA with probe detection)</td><td><a href="http://hl7.org/fhir/R4/codesystem-concept-map-equivalence.html#relatedto" title="relatedto">is related to</a></td><td>initials-or-vctcode</td></tr><tr><td>50388-8 (Neisseria gonorrhoeae rRNA [Presence] in Cervix by NAA with probe detection)</td><td><a href="http://hl7.org/fhir/R4/codesystem-concept-map-equivalence.html#relatedto" title="relatedto">is related to</a></td><td>initials-or-vctcode</td></tr><tr><td>50687-3 (Plasmodium sp Ag [Presence] in Blood)</td><td><a href="http://hl7.org/fhir/R4/codesystem-concept-map-equivalence.html#relatedto" title="relatedto">is related to</a></td><td>initials</td></tr><tr><td>51578-3 (Chlamydia trachomatis DNA [Presence] in Semen by NAA with probe detection)</td><td><a href="http://hl7.org/fhir/R4/codesystem-concept-map-equivalence.html#relatedto" title="relatedto">is related to</a></td><td>initials-or-vctcode</td></tr><tr><td>51587-4 (Plasmodium sp [Presence] in Blood by Light microscopy)</td><td><a href="http://hl7.org/fhir/R4/codesystem-concept-map-equivalence.html#relatedto" title="relatedto">is related to</a></td><td>initials</td></tr><tr><td>5195-3 (Hepatitis B virus surface Ag [Presence] in Serum)</td><td><a href="http://hl7.org/fhir/R4/codesystem-concept-map-equivalence.html#relatedto" title="relatedto">is related to</a></td><td>full-name</td></tr><tr><td>5196-1 (Hepatitis B virus surface Ag [Presence] in Serum or Plasma by Immunoassay)</td><td><a href="http://hl7.org/fhir/R4/codesystem-concept-map-equivalence.html#relatedto" title="relatedto">is related to</a></td><td>full-name</td></tr><tr><td>5199-5 (Hepatitis C virus Ab [Presence] in Serum by Immunoblot)</td><td><a href="http://hl7.org/fhir/R4/codesystem-concept-map-equivalence.html#relatedto" title="relatedto">is related to</a></td><td>full-name</td></tr><tr><td>53879-3 (Neisseria gonorrhoeae rRNA [Presence] in Vaginal fluid by NAA with probe detection)</td><td><a href="http://hl7.org/fhir/R4/codesystem-concept-map-equivalence.html#relatedto" title="relatedto">is related to</a></td><td>initials-or-vctcode</td></tr><tr><td>53925-4 (Chlamydia trachomatis rRNA [Presence] in Urethra by NAA with probe detection)</td><td><a href="http://hl7.org/fhir/R4/codesystem-concept-map-equivalence.html#relatedto" title="relatedto">is related to</a></td><td>initials-or-vctcode</td></tr><tr><td>53926-2 (Chlamydia trachomatis rRNA [Presence] in Vaginal fluid by NAA with probe detection)</td><td><a href="http://hl7.org/fhir/R4/codesystem-concept-map-equivalence.html#relatedto" title="relatedto">is related to</a></td><td>initials-or-vctcode</td></tr><tr><td>53927-0 (Neisseria gonorrhoeae rRNA [Presence] in Urethra by NAA with probe detection)</td><td><a href="http://hl7.org/fhir/R4/codesystem-concept-map-equivalence.html#relatedto" title="relatedto">is related to</a></td><td>initials-or-vctcode</td></tr><tr><td>55465-9 (Influenza virus A H1 2009 pandemic RNA [Presence] in Specimen by NAA with probe detection)</td><td><a href="http://hl7.org/fhir/R4/codesystem-concept-map-equivalence.html#relatedto" title="relatedto">is related to</a></td><td>initials</td></tr><tr><td>57287-5 (Chlamydia trachomatis rRNA [Presence] in Anal by NAA with probe detection)</td><td><a href="http://hl7.org/fhir/R4/codesystem-concept-map-equivalence.html#relatedto" title="relatedto">is related to</a></td><td>initials-or-vctcode</td></tr><tr><td>57458-2 (Neisseria gonorrhoeae rRNA [Presence] in Anal by NAA with probe detection)</td><td><a href="http://hl7.org/fhir/R4/codesystem-concept-map-equivalence.html#relatedto" title="relatedto">is related to</a></td><td>initials-or-vctcode</td></tr><tr><td>589-2 (Legionella sp identified in Bronchial specimen by Organism specific culture)</td><td><a href="http://hl7.org/fhir/R4/codesystem-concept-map-equivalence.html#relatedto" title="relatedto">is related to</a></td><td>full-name</td></tr><tr><td>590-0 (Legionella sp identified in Sputum by Organism specific culture)</td><td><a href="http://hl7.org/fhir/R4/codesystem-concept-map-equivalence.html#relatedto" title="relatedto">is related to</a></td><td>full-name</td></tr><tr><td>593-4 (Legionella sp identified in Specimen by Organism specific culture)</td><td><a href="http://hl7.org/fhir/R4/codesystem-concept-map-equivalence.html#relatedto" title="relatedto">is related to</a></td><td>full-name</td></tr><tr><td>60255-7 (Neisseria gonorrhoeae rRNA [Presence] in Throat by NAA with probe detection)</td><td><a href="http://hl7.org/fhir/R4/codesystem-concept-map-equivalence.html#relatedto" title="relatedto">is related to</a></td><td>initials-or-vctcode</td></tr><tr><td>60256-5 (Neisseria gonorrhoeae rRNA [Presence] in Urine by NAA with probe detection)</td><td><a href="http://hl7.org/fhir/R4/codesystem-concept-map-equivalence.html#relatedto" title="relatedto">is related to</a></td><td>initials-or-vctcode</td></tr><tr><td>61368-7 (Campylobacter jejuni DNA [Presence] in Specimen by NAA with probe detection)</td><td><a href="http://hl7.org/fhir/R4/codesystem-concept-map-equivalence.html#relatedto" title="relatedto">is related to</a></td><td>initials</td></tr><tr><td>6329-7 (Campylobacter coli rRNA [Presence] in Specimen by Probe)</td><td><a href="http://hl7.org/fhir/R4/codesystem-concept-map-equivalence.html#relatedto" title="relatedto">is related to</a></td><td>initials</td></tr><tr><td>6333-9 (Campylobacter jejuni rRNA [Presence] in Specimen by Probe)</td><td><a href="http://hl7.org/fhir/R4/codesystem-concept-map-equivalence.html#relatedto" title="relatedto">is related to</a></td><td>initials</td></tr><tr><td>6334-7 (Campylobacter lari rRNA [Presence] in Specimen by Probe)</td><td><a href="http://hl7.org/fhir/R4/codesystem-concept-map-equivalence.html#relatedto" title="relatedto">is related to</a></td><td>initials</td></tr><tr><td>6349-5 (Chlamydia trachomatis [Presence] in Specimen by Organism specific culture)</td><td><a href="http://hl7.org/fhir/R4/codesystem-concept-map-equivalence.html#relatedto" title="relatedto">is related to</a></td><td>initials-or-vctcode</td></tr><tr><td>6356-0 (Chlamydia trachomatis DNA [Presence] in Genital specimen by NAA with probe detection)</td><td><a href="http://hl7.org/fhir/R4/codesystem-concept-map-equivalence.html#relatedto" title="relatedto">is related to</a></td><td>initials-or-vctcode</td></tr><tr><td>6357-8 (Chlamydia trachomatis DNA [Presence] in Urine by NAA with probe detection)</td><td><a href="http://hl7.org/fhir/R4/codesystem-concept-map-equivalence.html#relatedto" title="relatedto">is related to</a></td><td>initials-or-vctcode</td></tr><tr><td>688-2 (Neisseria gonorrhoeae [Presence] in Cervix by Organism specific culture)</td><td><a href="http://hl7.org/fhir/R4/codesystem-concept-map-equivalence.html#relatedto" title="relatedto">is related to</a></td><td>initials-or-vctcode</td></tr><tr><td>691-6 (Neisseria gonorrhoeae [Presence] in Genital specimen by Organism specific culture)</td><td><a href="http://hl7.org/fhir/R4/codesystem-concept-map-equivalence.html#relatedto" title="relatedto">is related to</a></td><td>initials-or-vctcode</td></tr><tr><td>693-2 (Neisseria gonorrhoeae [Presence] in Vaginal fluid by Organism specific culture)</td><td><a href="http://hl7.org/fhir/R4/codesystem-concept-map-equivalence.html#relatedto" title="relatedto">is related to</a></td><td>initials-or-vctcode</td></tr><tr><td>694-0 (Neisseria gonorrhoeae [Presence] in Semen by Organism specific culture)</td><td><a href="http://hl7.org/fhir/R4/codesystem-concept-map-equivalence.html#relatedto" title="relatedto">is related to</a></td><td>initials-or-vctcode</td></tr><tr><td>696-5 (Neisseria gonorrhoeae [Presence] in Throat by Organism specific culture)</td><td><a href="http://hl7.org/fhir/R4/codesystem-concept-map-equivalence.html#relatedto" title="relatedto">is related to</a></td><td>initials-or-vctcode</td></tr><tr><td>697-3 (Neisseria gonorrhoeae [Presence] in Urethra by Organism specific culture)</td><td><a href="http://hl7.org/fhir/R4/codesystem-concept-map-equivalence.html#relatedto" title="relatedto">is related to</a></td><td>initials-or-vctcode</td></tr><tr><td>698-1 (Neisseria gonorrhoeae [Presence] in Specimen by Organism specific culture)</td><td><a href="http://hl7.org/fhir/R4/codesystem-concept-map-equivalence.html#relatedto" title="relatedto">is related to</a></td><td>initials-or-vctcode</td></tr><tr><td>70242-3 (Shigella species+EIEC invasion plasmid antigen H ipaH gene [Presence] in Stool by NAA with probe detection)</td><td><a href="http://hl7.org/fhir/R4/codesystem-concept-map-equivalence.html#relatedto" title="relatedto">is related to</a></td><td>full-name</td></tr><tr><td>70568-1 (Plasmodium knowlesi DNA [Presence] in Blood by NAA with probe detection)</td><td><a href="http://hl7.org/fhir/R4/codesystem-concept-map-equivalence.html#relatedto" title="relatedto">is related to</a></td><td>initials</td></tr><tr><td>70569-9 (Plasmodium sp Ag [Identifier] in Blood by Rapid immunoassay)</td><td><a href="http://hl7.org/fhir/R4/codesystem-concept-map-equivalence.html#relatedto" title="relatedto">is related to</a></td><td>initials</td></tr><tr><td>71429-5 (Campylobacter sp DNA.diarrheagenic [Presence] in Stool by NAA with probe detection)</td><td><a href="http://hl7.org/fhir/R4/codesystem-concept-map-equivalence.html#relatedto" title="relatedto">is related to</a></td><td>initials</td></tr><tr><td>74785-7 (Influenza virus B Victoria lineage RNA [Presence] in Specimen by NAA with probe detection)</td><td><a href="http://hl7.org/fhir/R4/codesystem-concept-map-equivalence.html#relatedto" title="relatedto">is related to</a></td><td>initials</td></tr><tr><td>74786-5 (Influenza virus B Yamagata lineage RNA [Presence] in Specimen by NAA with probe detection)</td><td><a href="http://hl7.org/fhir/R4/codesystem-concept-map-equivalence.html#relatedto" title="relatedto">is related to</a></td><td>initials</td></tr><tr><td>76078-5 (Influenza virus A RNA [Presence] in Nasopharynx by NAA with probe detection)</td><td><a href="http://hl7.org/fhir/R4/codesystem-concept-map-equivalence.html#relatedto" title="relatedto">is related to</a></td><td>initials</td></tr><tr><td>76080-1 (Influenza virus B RNA [Presence] in Nasopharynx by NAA with probe detection)</td><td><a href="http://hl7.org/fhir/R4/codesystem-concept-map-equivalence.html#relatedto" title="relatedto">is related to</a></td><td>initials</td></tr><tr><td>76772-3 (Plasmodium falciparum Ag [Presence] in Blood by Rapid immunoassay)</td><td><a href="http://hl7.org/fhir/R4/codesystem-concept-map-equivalence.html#relatedto" title="relatedto">is related to</a></td><td>initials</td></tr><tr><td>77026-3 (Influenza virus A H1 RNA [Presence] in Nasopharynx by NAA with probe detection)</td><td><a href="http://hl7.org/fhir/R4/codesystem-concept-map-equivalence.html#relatedto" title="relatedto">is related to</a></td><td>initials</td></tr><tr><td>77027-1 (Influenza virus A H3 RNA [Presence] in Nasopharynx by NAA with probe detection)</td><td><a href="http://hl7.org/fhir/R4/codesystem-concept-map-equivalence.html#relatedto" title="relatedto">is related to</a></td><td>initials</td></tr><tr><td>77028-9 (Influenza virus A H1 2009 pandemic RNA [Presence] in Nasopharynx by NAA with probe detection)</td><td><a href="http://hl7.org/fhir/R4/codesystem-concept-map-equivalence.html#relatedto" title="relatedto">is related to</a></td><td>initials</td></tr><tr><td>79189-7 (Hepatitis C virus core Ag [Presence] in Serum or Plasma by Immunoassay)</td><td><a href="http://hl7.org/fhir/R4/codesystem-concept-map-equivalence.html#relatedto" title="relatedto">is related to</a></td><td>full-name</td></tr><tr><td>80363-5 (Chlamydia trachomatis DNA [Presence] in Anorectal by NAA with probe detection)</td><td><a href="http://hl7.org/fhir/R4/codesystem-concept-map-equivalence.html#relatedto" title="relatedto">is related to</a></td><td>initials-or-vctcode</td></tr><tr><td>80364-3 (Chlamydia trachomatis rRNA [Presence] in Anorectal by NAA with probe detection)</td><td><a href="http://hl7.org/fhir/R4/codesystem-concept-map-equivalence.html#relatedto" title="relatedto">is related to</a></td><td>initials-or-vctcode</td></tr><tr><td>80366-8 (Neisseria gonorrhoeae rRNA [Presence] in Anorectal by NAA with probe detection)</td><td><a href="http://hl7.org/fhir/R4/codesystem-concept-map-equivalence.html#relatedto" title="relatedto">is related to</a></td><td>initials-or-vctcode</td></tr><tr><td>80367-6 (Chlamydia trachomatis [Presence] in Anorectal by Organism specific culture)</td><td><a href="http://hl7.org/fhir/R4/codesystem-concept-map-equivalence.html#relatedto" title="relatedto">is related to</a></td><td>initials-or-vctcode</td></tr><tr><td>80368-4 (Neisseria gonorrhoeae [Presence] in Anorectal by Organism specific culture)</td><td><a href="http://hl7.org/fhir/R4/codesystem-concept-map-equivalence.html#relatedto" title="relatedto">is related to</a></td><td>initials-or-vctcode</td></tr><tr><td>81656-1 (Campylobacter coli+jejuni tuf gene [Presence] in Stool by NAA with probe detection)</td><td><a href="http://hl7.org/fhir/R4/codesystem-concept-map-equivalence.html#relatedto" title="relatedto">is related to</a></td><td>initials</td></tr><tr><td>82300-5 (Shigella sp [Presence] in Stool by Culture)</td><td><a href="http://hl7.org/fhir/R4/codesystem-concept-map-equivalence.html#relatedto" title="relatedto">is related to</a></td><td>full-name</td></tr><tr><td>85477-8 (Influenza virus A RNA [Presence] in Upper respiratory specimen by NAA with probe detection)</td><td><a href="http://hl7.org/fhir/R4/codesystem-concept-map-equivalence.html#relatedto" title="relatedto">is related to</a></td><td>initials</td></tr><tr><td>85478-6 (Influenza virus B RNA [Presence] in Upper respiratory specimen by NAA with probe detection)</td><td><a href="http://hl7.org/fhir/R4/codesystem-concept-map-equivalence.html#relatedto" title="relatedto">is related to</a></td><td>initials</td></tr><tr><td>85827-4 (Carbapenem resistance bla OXA-48-like gene [Presence] by Molecular method)</td><td><a href="http://hl7.org/fhir/R4/codesystem-concept-map-equivalence.html#relatedto" title="relatedto">is related to</a></td><td>initials</td></tr><tr><td>88224-1 (Neisseria gonorrhoeae DNA [Presence] in Anorectal by NAA with probe detection)</td><td><a href="http://hl7.org/fhir/R4/codesystem-concept-map-equivalence.html#relatedto" title="relatedto">is related to</a></td><td>initials-or-vctcode</td></tr><tr><td>88225-8 (Neisseria gonorrhoeae DNA [Presence] in Throat by NAA with probe detection)</td><td><a href="http://hl7.org/fhir/R4/codesystem-concept-map-equivalence.html#relatedto" title="relatedto">is related to</a></td><td>initials-or-vctcode</td></tr><tr><td>88590-5 (Legionella pneumophila DNA [Presence] in Lower respiratory specimen by NAA with probe detection)</td><td><a href="http://hl7.org/fhir/R4/codesystem-concept-map-equivalence.html#relatedto" title="relatedto">is related to</a></td><td>full-name</td></tr><tr><td>88592-1 (Influenza virus B RNA [Presence] in Lower respiratory specimen by NAA with probe detection)</td><td><a href="http://hl7.org/fhir/R4/codesystem-concept-map-equivalence.html#relatedto" title="relatedto">is related to</a></td><td>initials</td></tr><tr><td>88599-6 (Influenza virus A RNA [Presence] in Lower respiratory specimen by NAA with probe detection)</td><td><a href="http://hl7.org/fhir/R4/codesystem-concept-map-equivalence.html#relatedto" title="relatedto">is related to</a></td><td>initials</td></tr><tr><td>92141-1 (Influenza virus B RNA [Presence] in Respiratory system specimen by NAA with probe detection)</td><td><a href="http://hl7.org/fhir/R4/codesystem-concept-map-equivalence.html#relatedto" title="relatedto">is related to</a></td><td>initials</td></tr><tr><td>92142-9 (Influenza virus A RNA [Presence] in Respiratory system specimen by NAA with probe detection)</td><td><a href="http://hl7.org/fhir/R4/codesystem-concept-map-equivalence.html#relatedto" title="relatedto">is related to</a></td><td>initials</td></tr><tr><td>92145-2 (Legionella pneumophila DNA [Presence] in Respiratory system specimen by NAA with probe detection)</td><td><a href="http://hl7.org/fhir/R4/codesystem-concept-map-equivalence.html#relatedto" title="relatedto">is related to</a></td><td>full-name</td></tr><tr><td>92808-5 (Influenza virus A H3 RNA [Presence] in Upper respiratory specimen by NAA with probe detection)</td><td><a href="http://hl7.org/fhir/R4/codesystem-concept-map-equivalence.html#relatedto" title="relatedto">is related to</a></td><td>initials</td></tr><tr><td>92809-3 (Influenza virus A H1 RNA [Presence] in Upper respiratory specimen by NAA with probe detection)</td><td><a href="http://hl7.org/fhir/R4/codesystem-concept-map-equivalence.html#relatedto" title="relatedto">is related to</a></td><td>initials</td></tr><tr><td>94309-2 (SARS-CoV-2 (COVID-19) RNA [Presence] in Specimen by NAA with probe detection)</td><td><a href="http://hl7.org/fhir/R4/codesystem-concept-map-equivalence.html#relatedto" title="relatedto">is related to</a></td><td>full-name</td></tr><tr><td>94394-4 (Influenza virus A H3 RNA [Presence] in Lower respiratory specimen by NAA with probe detection)</td><td><a href="http://hl7.org/fhir/R4/codesystem-concept-map-equivalence.html#relatedto" title="relatedto">is related to</a></td><td>initials</td></tr><tr><td>94395-1 (Influenza virus A H1 2009 pandemic RNA [Presence] in Lower respiratory specimen by NAA with probe detection)</td><td><a href="http://hl7.org/fhir/R4/codesystem-concept-map-equivalence.html#relatedto" title="relatedto">is related to</a></td><td>initials</td></tr><tr><td>94396-9 (Influenza virus A H1 RNA [Presence] in Lower respiratory specimen by NAA with probe detection)</td><td><a href="http://hl7.org/fhir/R4/codesystem-concept-map-equivalence.html#relatedto" title="relatedto">is related to</a></td><td>initials</td></tr><tr><td>94500-6 (SARS-CoV-2 (COVID-19) RNA [Presence] in Respiratory system specimen by NAA with probe detection)</td><td><a href="http://hl7.org/fhir/R4/codesystem-concept-map-equivalence.html#relatedto" title="relatedto">is related to</a></td><td>full-name</td></tr><tr><td>94759-8 (SARS-CoV-2 (COVID-19) RNA [Presence] in Nasopharynx by NAA with probe detection)</td><td><a href="http://hl7.org/fhir/R4/codesystem-concept-map-equivalence.html#relatedto" title="relatedto">is related to</a></td><td>full-name</td></tr><tr><td>94845-5 (SARS-CoV-2 (COVID-19) RNA [Presence] in Saliva (oral fluid) by NAA with probe detection)</td><td><a href="http://hl7.org/fhir/R4/codesystem-concept-map-equivalence.html#relatedto" title="relatedto">is related to</a></td><td>full-name</td></tr><tr><td>95406-5 (SARS-CoV-2 (COVID-19) RNA [Presence] in Nose by NAA with probe detection)</td><td><a href="http://hl7.org/fhir/R4/codesystem-concept-map-equivalence.html#relatedto" title="relatedto">is related to</a></td><td>full-name</td></tr><tr><td>96599-6 (Neisseria gonorrhoeae DNA [Presence] in Cervix by NAA with probe detection)</td><td><a href="http://hl7.org/fhir/R4/codesystem-concept-map-equivalence.html#relatedto" title="relatedto">is related to</a></td><td>initials-or-vctcode</td></tr><tr><td>96797-6 (SARS-CoV-2 (COVID-19) RNA [Presence] in Oropharyngeal wash by NAA with probe detection)</td><td><a href="http://hl7.org/fhir/R4/codesystem-concept-map-equivalence.html#relatedto" title="relatedto">is related to</a></td><td>full-name</td></tr><tr><td>97513-6 (Campylobacter sp [Presence] in Specimen by Organism specific culture)</td><td><a href="http://hl7.org/fhir/R4/codesystem-concept-map-equivalence.html#relatedto" title="relatedto">is related to</a></td><td>initials</td></tr></table><hr/><p><b>Group 2 </b>Mapping from <a href="http://hl7.org/fhir/R4/codesystem-snomedct.html">SNOMED CT (all versions)</a> to <a href="CodeSystem-ch-elm-foph-patient-name-representation.html">CH ELM FOPH Patient Name Representation</a></p><table class="grid"><tr><td><b>Source Code</b></td><td><b>Relationship</b></td><td><b>Target Code</b></td></tr><tr><td>72904005 (Treponema pallidum (organism))</td><td><a href="http://hl7.org/fhir/R4/codesystem-concept-map-equivalence.html#relatedto" title="relatedto">is related to</a></td><td>initials-or-vctcode</td></tr></table></div></text><url value="http://fhir.ch/ig/ch-elm/ConceptMap/ch-elm-results-to-foph-patient-name-representation"/><version value="1.3.0"/><name value="ChElmResultsToFophPatientNameRepresentation"/><title value="CH ELM Results To FOPH Patient Name Representation"/><status value="active"/><experimental value="false"/><date value="2024-05-17T13:32:20+00:00"/><publisher value="Federal Office of Public Health FOPH"/><contact><name value="Federal Office of Public Health FOPH"/><telecom><system value="url"/><value value="https://www.bag.admin.ch/bag/en/home/das-bag/kontakt-standort.html"/></telecom></contact><description value="This CH ELM concept map specifies the required mode of patient representation for each leading code. It determines whether the full name, initials, or a unique code (e.g., for HIV patients) should be used, based on the specific LOINC code associated with the laboratory data. This ensures consistent and appropriate handling of patient identity in accordance with the type of pathogen reported."/><jurisdiction><coding><system value="urn:iso:std:iso:3166"/><code value="CHE"/></coding></jurisdiction><copyright value="CC0-1.0"/><sourceCanonical value="http://fhir.ch/ig/ch-elm/ValueSet/ch-elm-results-laboratory-observation"/><targetCanonical value="http://fhir.ch/ig/ch-elm/ValueSet/ch-elm-foph-patient-name-representation"/><group><source value="http://loinc.org"/><target value="http://fhir.ch/ig/ch-elm/CodeSystem/ch-elm-foph-patient-name-representation"/><element><code value="100383-9"/><display value="Monkeypox virus DNA [Presence] in Specimen by NAA with probe detection"/><target><modifierExtension url="http://hl7.org/fhir/1.0/StructureDefinition/extension-ConceptMap.element.target.equivalence"><valueCode value="relatedto"/></modifierExtension><code value="full-name"/><equivalence value="relatedto"/></target></element><element><code value="100749-1"/><display value="Legionella pneumophila serogroup 1 [Presence] in Specimen by NAA with probe detection"/><target><modifierExtension url="http://hl7.org/fhir/1.0/StructureDefinition/extension-ConceptMap.element.target.equivalence"><valueCode value="relatedto"/></modifierExtension><code value="full-name"/><equivalence value="relatedto"/></target></element><element><code value="100911-7"/><display value="Campylobacter sp [Presence] in Stool by Organism specific culture"/><target><modifierExtension url="http://hl7.org/fhir/1.0/StructureDefinition/extension-ConceptMap.element.target.equivalence"><valueCode value="relatedto"/></modifierExtension><code value="initials"/><equivalence value="relatedto"/></target></element><element><code value="101219-4"/><display value="Legionella sp DNA [Presence] in Specimen by NAA with probe detection"/><target><modifierExtension url="http://hl7.org/fhir/1.0/StructureDefinition/extension-ConceptMap.element.target.equivalence"><valueCode value="relatedto"/></modifierExtension><code value="full-name"/><equivalence value="relatedto"/></target></element><element><code value="101307-7"/><display value="Plasmodium vivax+ovale DNA [Presence] in Blood by NAA with non-probe detection"/><target><modifierExtension url="http://hl7.org/fhir/1.0/StructureDefinition/extension-ConceptMap.element.target.equivalence"><valueCode value="relatedto"/></modifierExtension><code value="initials"/><equivalence value="relatedto"/></target></element><element><code value="101423-2"/><display value="Influenza virus A H1 RNA [Presence] in Respiratory system specimen by NAA with probe detection"/><target><modifierExtension url="http://hl7.org/fhir/1.0/StructureDefinition/extension-ConceptMap.element.target.equivalence"><valueCode value="relatedto"/></modifierExtension><code value="initials"/><equivalence value="relatedto"/></target></element><element><code value="101424-0"/><display value="Influenza virus A H3 RNA [Presence] in Respiratory system specimen by NAA with probe detection"/><target><modifierExtension url="http://hl7.org/fhir/1.0/StructureDefinition/extension-ConceptMap.element.target.equivalence"><valueCode value="relatedto"/></modifierExtension><code value="initials"/><equivalence value="relatedto"/></target></element><element><code value="101427-3"/><display value="Shigella sp DNA [Presence] in Stool by NAA with probe detection"/><target><modifierExtension url="http://hl7.org/fhir/1.0/StructureDefinition/extension-ConceptMap.element.target.equivalence"><valueCode value="relatedto"/></modifierExtension><code value="full-name"/><equivalence value="relatedto"/></target></element><element><code value="101552-8"/><display value="Campylobacter coli DNA [Presence] in Stool by NAA with probe detection"/><target><modifierExtension url="http://hl7.org/fhir/1.0/StructureDefinition/extension-ConceptMap.element.target.equivalence"><valueCode value="relatedto"/></modifierExtension><code value="initials"/><equivalence value="relatedto"/></target></element><element><code value="101554-4"/><display value="Campylobacter jejuni DNA [Presence] in Stool by NAA with probe detection"/><target><modifierExtension url="http://hl7.org/fhir/1.0/StructureDefinition/extension-ConceptMap.element.target.equivalence"><valueCode value="relatedto"/></modifierExtension><code value="initials"/><equivalence value="relatedto"/></target></element><element><code value="101555-1"/><display value="Campylobacter upsaliensis DNA [Presence] in Stool by NAA with probe detection"/><target><modifierExtension url="http://hl7.org/fhir/1.0/StructureDefinition/extension-ConceptMap.element.target.equivalence"><valueCode value="relatedto"/></modifierExtension><code value="initials"/><equivalence value="relatedto"/></target></element><element><code value="103168-1"/><display value="Campylobacter coli+jejuni DNA [Presence] in Wound by NAA with probe detection"/><target><modifierExtension url="http://hl7.org/fhir/1.0/StructureDefinition/extension-ConceptMap.element.target.equivalence"><valueCode value="relatedto"/></modifierExtension><code value="initials"/><equivalence value="relatedto"/></target></element><element><code value="11259-9"/><display value="Hepatitis C virus RNA [Presence] in Serum or Plasma by NAA with probe detection"/><target><modifierExtension url="http://hl7.org/fhir/1.0/StructureDefinition/extension-ConceptMap.element.target.equivalence"><valueCode value="relatedto"/></modifierExtension><code value="full-name"/><equivalence value="relatedto"/></target></element><element><code value="13952-7"/><display value="Hepatitis B virus core Ab [Presence] in Serum or Plasma by Immunoassay"/><target><modifierExtension url="http://hl7.org/fhir/1.0/StructureDefinition/extension-ConceptMap.element.target.equivalence"><valueCode value="relatedto"/></modifierExtension><code value="full-name"/><equivalence value="relatedto"/></target></element><element><code value="13954-3"/><display value="Hepatitis B virus e Ag [Presence] in Serum or Plasma by Immunoassay"/><target><modifierExtension url="http://hl7.org/fhir/1.0/StructureDefinition/extension-ConceptMap.element.target.equivalence"><valueCode value="relatedto"/></modifierExtension><code value="full-name"/><equivalence value="relatedto"/></target></element><element><code value="14127-5"/><display value="Neisseria gonorrhoeae [Presence] in Anal by Organism specific culture"/><target><modifierExtension url="http://hl7.org/fhir/1.0/StructureDefinition/extension-ConceptMap.element.target.equivalence"><valueCode value="relatedto"/></modifierExtension><code value="initials-or-vctcode"/><equivalence value="relatedto"/></target></element><element><code value="14463-4"/><display value="Chlamydia trachomatis [Presence] in Cervix by Organism specific culture"/><target><modifierExtension url="http://hl7.org/fhir/1.0/StructureDefinition/extension-ConceptMap.element.target.equivalence"><valueCode value="relatedto"/></modifierExtension><code value="initials-or-vctcode"/><equivalence value="relatedto"/></target></element><element><code value="14464-2"/><display value="Chlamydia trachomatis [Presence] in Vaginal fluid by Organism specific culture"/><target><modifierExtension url="http://hl7.org/fhir/1.0/StructureDefinition/extension-ConceptMap.element.target.equivalence"><valueCode value="relatedto"/></modifierExtension><code value="initials-or-vctcode"/><equivalence value="relatedto"/></target></element><element><code value="14465-9"/><display value="Chlamydia trachomatis [Presence] in Urethra by Organism specific culture"/><target><modifierExtension url="http://hl7.org/fhir/1.0/StructureDefinition/extension-ConceptMap.element.target.equivalence"><valueCode value="relatedto"/></modifierExtension><code value="initials-or-vctcode"/><equivalence value="relatedto"/></target></element><element><code value="16600-9"/><display value="Chlamydia trachomatis rRNA [Presence] in Genital specimen by Probe"/><target><modifierExtension url="http://hl7.org/fhir/1.0/StructureDefinition/extension-ConceptMap.element.target.equivalence"><valueCode value="relatedto"/></modifierExtension><code value="initials-or-vctcode"/><equivalence value="relatedto"/></target></element><element><code value="17057-1"/><display value="Legionella pneumophila Ag [Presence] in Specimen"/><target><modifierExtension url="http://hl7.org/fhir/1.0/StructureDefinition/extension-ConceptMap.element.target.equivalence"><valueCode value="relatedto"/></modifierExtension><code value="full-name"/><equivalence value="relatedto"/></target></element><element><code value="21190-4"/><display value="Chlamydia trachomatis DNA [Presence] in Cervix by NAA with probe detection"/><target><modifierExtension url="http://hl7.org/fhir/1.0/StructureDefinition/extension-ConceptMap.element.target.equivalence"><valueCode value="relatedto"/></modifierExtension><code value="initials-or-vctcode"/><equivalence value="relatedto"/></target></element><element><code value="21191-2"/><display value="Chlamydia trachomatis DNA [Presence] in Urethra by NAA with probe detection"/><target><modifierExtension url="http://hl7.org/fhir/1.0/StructureDefinition/extension-ConceptMap.element.target.equivalence"><valueCode value="relatedto"/></modifierExtension><code value="initials-or-vctcode"/><equivalence value="relatedto"/></target></element><element><code value="21363-7"/><display value="Legionella pneumophila DNA [Presence] in Specimen by NAA with probe detection"/><target><modifierExtension url="http://hl7.org/fhir/1.0/StructureDefinition/extension-ConceptMap.element.target.equivalence"><valueCode value="relatedto"/></modifierExtension><code value="full-name"/><equivalence value="relatedto"/></target></element><element><code value="21415-5"/><display value="Neisseria gonorrhoeae DNA [Presence] in Urethra by NAA with probe detection"/><target><modifierExtension url="http://hl7.org/fhir/1.0/StructureDefinition/extension-ConceptMap.element.target.equivalence"><valueCode value="relatedto"/></modifierExtension><code value="initials-or-vctcode"/><equivalence value="relatedto"/></target></element><element><code value="21416-3"/><display value="Neisseria gonorrhoeae DNA [Presence] in Urine by NAA with probe detection"/><target><modifierExtension url="http://hl7.org/fhir/1.0/StructureDefinition/extension-ConceptMap.element.target.equivalence"><valueCode value="relatedto"/></modifierExtension><code value="initials-or-vctcode"/><equivalence value="relatedto"/></target></element><element><code value="21613-5"/><display value="Chlamydia trachomatis DNA [Presence] in Specimen by NAA with probe detection"/><target><modifierExtension url="http://hl7.org/fhir/1.0/StructureDefinition/extension-ConceptMap.element.target.equivalence"><valueCode value="relatedto"/></modifierExtension><code value="initials-or-vctcode"/><equivalence value="relatedto"/></target></element><element><code value="23838-6"/><display value="Chlamydia trachomatis rRNA [Presence] in Genital fluid by Probe"/><target><modifierExtension url="http://hl7.org/fhir/1.0/StructureDefinition/extension-ConceptMap.element.target.equivalence"><valueCode value="relatedto"/></modifierExtension><code value="initials-or-vctcode"/><equivalence value="relatedto"/></target></element><element><code value="24111-7"/><display value="Neisseria gonorrhoeae DNA [Presence] in Specimen by NAA with probe detection"/><target><modifierExtension url="http://hl7.org/fhir/1.0/StructureDefinition/extension-ConceptMap.element.target.equivalence"><valueCode value="relatedto"/></modifierExtension><code value="initials-or-vctcode"/><equivalence value="relatedto"/></target></element><element><code value="24113-3"/><display value="Hepatitis B virus core IgM Ab [Presence] in Serum or Plasma by Immunoassay"/><target><modifierExtension url="http://hl7.org/fhir/1.0/StructureDefinition/extension-ConceptMap.element.target.equivalence"><valueCode value="relatedto"/></modifierExtension><code value="full-name"/><equivalence value="relatedto"/></target></element><element><code value="26621-3"/><display value="Legionella sp Ag [Presence] in Specimen"/><target><modifierExtension url="http://hl7.org/fhir/1.0/StructureDefinition/extension-ConceptMap.element.target.equivalence"><valueCode value="relatedto"/></modifierExtension><code value="full-name"/><equivalence value="relatedto"/></target></element><element><code value="29610-3"/><display value="Hepatitis B virus DNA [Presence] in Serum or Plasma by NAA with probe detection"/><target><modifierExtension url="http://hl7.org/fhir/1.0/StructureDefinition/extension-ConceptMap.element.target.equivalence"><valueCode value="relatedto"/></modifierExtension><code value="full-name"/><equivalence value="relatedto"/></target></element><element><code value="31204-1"/><display value="Hepatitis B virus core IgM Ab [Presence] in Serum"/><target><modifierExtension url="http://hl7.org/fhir/1.0/StructureDefinition/extension-ConceptMap.element.target.equivalence"><valueCode value="relatedto"/></modifierExtension><code value="full-name"/><equivalence value="relatedto"/></target></element><element><code value="31777-6"/><display value="Chlamydia trachomatis Ag [Presence] in Specimen"/><target><modifierExtension url="http://hl7.org/fhir/1.0/StructureDefinition/extension-ConceptMap.element.target.equivalence"><valueCode value="relatedto"/></modifierExtension><code value="initials-or-vctcode"/><equivalence value="relatedto"/></target></element><element><code value="31844-4"/><display value="Hepatitis B virus e Ag [Presence] in Serum"/><target><modifierExtension url="http://hl7.org/fhir/1.0/StructureDefinition/extension-ConceptMap.element.target.equivalence"><valueCode value="relatedto"/></modifierExtension><code value="full-name"/><equivalence value="relatedto"/></target></element><element><code value="31859-2"/><display value="Influenza virus A Ag [Presence] in Specimen"/><target><modifierExtension url="http://hl7.org/fhir/1.0/StructureDefinition/extension-ConceptMap.element.target.equivalence"><valueCode value="relatedto"/></modifierExtension><code value="initials"/><equivalence value="relatedto"/></target></element><element><code value="31864-2"/><display value="Influenza virus B Ag [Presence] in Specimen"/><target><modifierExtension url="http://hl7.org/fhir/1.0/StructureDefinition/extension-ConceptMap.element.target.equivalence"><valueCode value="relatedto"/></modifierExtension><code value="initials"/><equivalence value="relatedto"/></target></element><element><code value="31868-3"/><display value="Legionella pneumophila 1 Ag [Presence] in Urine"/><target><modifierExtension url="http://hl7.org/fhir/1.0/StructureDefinition/extension-ConceptMap.element.target.equivalence"><valueCode value="relatedto"/></modifierExtension><code value="full-name"/><equivalence value="relatedto"/></target></element><element><code value="31869-1"/><display value="Legionella pneumophila Ag [Presence] in Sputum"/><target><modifierExtension url="http://hl7.org/fhir/1.0/StructureDefinition/extension-ConceptMap.element.target.equivalence"><valueCode value="relatedto"/></modifierExtension><code value="full-name"/><equivalence value="relatedto"/></target></element><element><code value="31870-9"/><display value="Legionella pneumophila Ag [Presence] in Urine"/><target><modifierExtension url="http://hl7.org/fhir/1.0/StructureDefinition/extension-ConceptMap.element.target.equivalence"><valueCode value="relatedto"/></modifierExtension><code value="full-name"/><equivalence value="relatedto"/></target></element><element><code value="32705-6"/><display value="Neisseria gonorrhoeae DNA [Presence] in Vaginal fluid by NAA with probe detection"/><target><modifierExtension url="http://hl7.org/fhir/1.0/StructureDefinition/extension-ConceptMap.element.target.equivalence"><valueCode value="relatedto"/></modifierExtension><code value="initials-or-vctcode"/><equivalence value="relatedto"/></target></element><element><code value="32781-7"/><display value="Legionella sp Ag [Presence] in Urine"/><target><modifierExtension url="http://hl7.org/fhir/1.0/StructureDefinition/extension-ConceptMap.element.target.equivalence"><valueCode value="relatedto"/></modifierExtension><code value="full-name"/><equivalence value="relatedto"/></target></element><element><code value="34487-9"/><display value="Influenza virus A RNA [Presence] in Specimen by NAA with probe detection"/><target><modifierExtension url="http://hl7.org/fhir/1.0/StructureDefinition/extension-ConceptMap.element.target.equivalence"><valueCode value="relatedto"/></modifierExtension><code value="initials"/><equivalence value="relatedto"/></target></element><element><code value="38382-8"/><display value="Influenza virus B [Presence] in Specimen by Organism specific culture"/><target><modifierExtension url="http://hl7.org/fhir/1.0/StructureDefinition/extension-ConceptMap.element.target.equivalence"><valueCode value="relatedto"/></modifierExtension><code value="initials"/><equivalence value="relatedto"/></target></element><element><code value="38394-3"/><display value="Legionella sp identified in Urine by Organism specific culture"/><target><modifierExtension url="http://hl7.org/fhir/1.0/StructureDefinition/extension-ConceptMap.element.target.equivalence"><valueCode value="relatedto"/></modifierExtension><code value="full-name"/><equivalence value="relatedto"/></target></element><element><code value="39007-0"/><display value="Hepatitis B virus e Ag [Presence] in Specimen"/><target><modifierExtension url="http://hl7.org/fhir/1.0/StructureDefinition/extension-ConceptMap.element.target.equivalence"><valueCode value="relatedto"/></modifierExtension><code value="full-name"/><equivalence value="relatedto"/></target></element><element><code value="40982-1"/><display value="Influenza virus B RNA [Presence] in Specimen by NAA with probe detection"/><target><modifierExtension url="http://hl7.org/fhir/1.0/StructureDefinition/extension-ConceptMap.element.target.equivalence"><valueCode value="relatedto"/></modifierExtension><code value="initials"/><equivalence value="relatedto"/></target></element><element><code value="41447-4"/><display value="Plasmodium falciparum DNA [Presence] in Blood by NAA with probe detection"/><target><modifierExtension url="http://hl7.org/fhir/1.0/StructureDefinition/extension-ConceptMap.element.target.equivalence"><valueCode value="relatedto"/></modifierExtension><code value="initials"/><equivalence value="relatedto"/></target></element><element><code value="41448-2"/><display value="Plasmodium malariae DNA [Presence] in Blood by NAA with probe detection"/><target><modifierExtension url="http://hl7.org/fhir/1.0/StructureDefinition/extension-ConceptMap.element.target.equivalence"><valueCode value="relatedto"/></modifierExtension><code value="initials"/><equivalence value="relatedto"/></target></element><element><code value="41449-0"/><display value="Plasmodium ovale DNA [Presence] in Blood by NAA with probe detection"/><target><modifierExtension url="http://hl7.org/fhir/1.0/StructureDefinition/extension-ConceptMap.element.target.equivalence"><valueCode value="relatedto"/></modifierExtension><code value="initials"/><equivalence value="relatedto"/></target></element><element><code value="41450-8"/><display value="Plasmodium vivax DNA [Presence] in Blood by NAA with probe detection"/><target><modifierExtension url="http://hl7.org/fhir/1.0/StructureDefinition/extension-ConceptMap.element.target.equivalence"><valueCode value="relatedto"/></modifierExtension><code value="initials"/><equivalence value="relatedto"/></target></element><element><code value="42931-6"/><display value="Chlamydia trachomatis rRNA [Presence] in Urine by NAA with probe detection"/><target><modifierExtension url="http://hl7.org/fhir/1.0/StructureDefinition/extension-ConceptMap.element.target.equivalence"><valueCode value="relatedto"/></modifierExtension><code value="initials-or-vctcode"/><equivalence value="relatedto"/></target></element><element><code value="43304-5"/><display value="Chlamydia trachomatis rRNA [Presence] in Specimen by NAA with probe detection"/><target><modifierExtension url="http://hl7.org/fhir/1.0/StructureDefinition/extension-ConceptMap.element.target.equivalence"><valueCode value="relatedto"/></modifierExtension><code value="initials-or-vctcode"/><equivalence value="relatedto"/></target></element><element><code value="43305-2"/><display value="Neisseria gonorrhoeae rRNA [Presence] in Specimen by NAA with probe detection"/><target><modifierExtension url="http://hl7.org/fhir/1.0/StructureDefinition/extension-ConceptMap.element.target.equivalence"><valueCode value="relatedto"/></modifierExtension><code value="initials-or-vctcode"/><equivalence value="relatedto"/></target></element><element><code value="45084-1"/><display value="Chlamydia trachomatis DNA [Presence] in Vaginal fluid by NAA with probe detection"/><target><modifierExtension url="http://hl7.org/fhir/1.0/StructureDefinition/extension-ConceptMap.element.target.equivalence"><valueCode value="relatedto"/></modifierExtension><code value="initials-or-vctcode"/><equivalence value="relatedto"/></target></element><element><code value="45090-8"/><display value="Chlamydia trachomatis DNA [Presence] in Anal by NAA with probe detection"/><target><modifierExtension url="http://hl7.org/fhir/1.0/StructureDefinition/extension-ConceptMap.element.target.equivalence"><valueCode value="relatedto"/></modifierExtension><code value="initials-or-vctcode"/><equivalence value="relatedto"/></target></element><element><code value="45093-2"/><display value="Chlamydia trachomatis [Presence] in Anal by Organism specific culture"/><target><modifierExtension url="http://hl7.org/fhir/1.0/StructureDefinition/extension-ConceptMap.element.target.equivalence"><valueCode value="relatedto"/></modifierExtension><code value="initials-or-vctcode"/><equivalence value="relatedto"/></target></element><element><code value="45095-7"/><display value="Chlamydia trachomatis [Presence] in Genital specimen by Organism specific culture"/><target><modifierExtension url="http://hl7.org/fhir/1.0/StructureDefinition/extension-ConceptMap.element.target.equivalence"><valueCode value="relatedto"/></modifierExtension><code value="initials-or-vctcode"/><equivalence value="relatedto"/></target></element><element><code value="46454-5"/><display value="Shigella sp [Presence] in Specimen by Organism specific culture"/><target><modifierExtension url="http://hl7.org/fhir/1.0/StructureDefinition/extension-ConceptMap.element.target.equivalence"><valueCode value="relatedto"/></modifierExtension><code value="full-name"/><equivalence value="relatedto"/></target></element><element><code value="46455-2"/><display value="Shigella sp DNA [Presence] in Specimen by NAA with probe detection"/><target><modifierExtension url="http://hl7.org/fhir/1.0/StructureDefinition/extension-ConceptMap.element.target.equivalence"><valueCode value="relatedto"/></modifierExtension><code value="full-name"/><equivalence value="relatedto"/></target></element><element><code value="47085-6"/><display value="Plasmodium sp DNA [Presence] in Blood by NAA with probe detection"/><target><modifierExtension url="http://hl7.org/fhir/1.0/StructureDefinition/extension-ConceptMap.element.target.equivalence"><valueCode value="relatedto"/></modifierExtension><code value="initials"/><equivalence value="relatedto"/></target></element><element><code value="47387-6"/><display value="Neisseria gonorrhoeae DNA [Presence] in Genital specimen by NAA with probe detection"/><target><modifierExtension url="http://hl7.org/fhir/1.0/StructureDefinition/extension-ConceptMap.element.target.equivalence"><valueCode value="relatedto"/></modifierExtension><code value="initials-or-vctcode"/><equivalence value="relatedto"/></target></element><element><code value="48310-7"/><display value="Influenza virus A [Presence] in Specimen by Organism specific culture"/><target><modifierExtension url="http://hl7.org/fhir/1.0/StructureDefinition/extension-ConceptMap.element.target.equivalence"><valueCode value="relatedto"/></modifierExtension><code value="initials"/><equivalence value="relatedto"/></target></element><element><code value="49521-8"/><display value="Influenza virus A H1 RNA [Presence] in Specimen by NAA with probe detection"/><target><modifierExtension url="http://hl7.org/fhir/1.0/StructureDefinition/extension-ConceptMap.element.target.equivalence"><valueCode value="relatedto"/></modifierExtension><code value="initials"/><equivalence value="relatedto"/></target></element><element><code value="49524-2"/><display value="Influenza virus A H3 RNA [Presence] in Specimen by NAA with probe detection"/><target><modifierExtension url="http://hl7.org/fhir/1.0/StructureDefinition/extension-ConceptMap.element.target.equivalence"><valueCode value="relatedto"/></modifierExtension><code value="initials"/><equivalence value="relatedto"/></target></element><element><code value="49614-1"/><display value="Campylobacter sp DNA [Identifier] in Specimen by NAA with probe detection"/><target><modifierExtension url="http://hl7.org/fhir/1.0/StructureDefinition/extension-ConceptMap.element.target.equivalence"><valueCode value="relatedto"/></modifierExtension><code value="initials"/><equivalence value="relatedto"/></target></element><element><code value="4992-4"/><display value="Campylobacter sp rRNA [Presence] in Specimen by Probe"/><target><modifierExtension url="http://hl7.org/fhir/1.0/StructureDefinition/extension-ConceptMap.element.target.equivalence"><valueCode value="relatedto"/></modifierExtension><code value="initials"/><equivalence value="relatedto"/></target></element><element><code value="5007-0"/><display value="Hepatitis B virus DNA [Presence] in Blood by NAA with probe detection"/><target><modifierExtension url="http://hl7.org/fhir/1.0/StructureDefinition/extension-ConceptMap.element.target.equivalence"><valueCode value="relatedto"/></modifierExtension><code value="full-name"/><equivalence value="relatedto"/></target></element><element><code value="5009-6"/><display value="Hepatitis B virus DNA [Presence] in Specimen by NAA with probe detection"/><target><modifierExtension url="http://hl7.org/fhir/1.0/StructureDefinition/extension-ConceptMap.element.target.equivalence"><valueCode value="relatedto"/></modifierExtension><code value="full-name"/><equivalence value="relatedto"/></target></element><element><code value="5010-4"/><display value="Hepatitis C virus RNA [Presence] in Blood by NAA with probe detection"/><target><modifierExtension url="http://hl7.org/fhir/1.0/StructureDefinition/extension-ConceptMap.element.target.equivalence"><valueCode value="relatedto"/></modifierExtension><code value="full-name"/><equivalence value="relatedto"/></target></element><element><code value="5012-0"/><display value="Hepatitis C virus RNA [Presence] in Specimen by NAA with probe detection"/><target><modifierExtension url="http://hl7.org/fhir/1.0/StructureDefinition/extension-ConceptMap.element.target.equivalence"><valueCode value="relatedto"/></modifierExtension><code value="full-name"/><equivalence value="relatedto"/></target></element><element><code value="50387-0"/><display value="Chlamydia trachomatis rRNA [Presence] in Cervix by NAA with probe detection"/><target><modifierExtension url="http://hl7.org/fhir/1.0/StructureDefinition/extension-ConceptMap.element.target.equivalence"><valueCode value="relatedto"/></modifierExtension><code value="initials-or-vctcode"/><equivalence value="relatedto"/></target></element><element><code value="50388-8"/><display value="Neisseria gonorrhoeae rRNA [Presence] in Cervix by NAA with probe detection"/><target><modifierExtension url="http://hl7.org/fhir/1.0/StructureDefinition/extension-ConceptMap.element.target.equivalence"><valueCode value="relatedto"/></modifierExtension><code value="initials-or-vctcode"/><equivalence value="relatedto"/></target></element><element><code value="50687-3"/><display value="Plasmodium sp Ag [Presence] in Blood"/><target><modifierExtension url="http://hl7.org/fhir/1.0/StructureDefinition/extension-ConceptMap.element.target.equivalence"><valueCode value="relatedto"/></modifierExtension><code value="initials"/><equivalence value="relatedto"/></target></element><element><code value="51578-3"/><display value="Chlamydia trachomatis DNA [Presence] in Semen by NAA with probe detection"/><target><modifierExtension url="http://hl7.org/fhir/1.0/StructureDefinition/extension-ConceptMap.element.target.equivalence"><valueCode value="relatedto"/></modifierExtension><code value="initials-or-vctcode"/><equivalence value="relatedto"/></target></element><element><code value="51587-4"/><display value="Plasmodium sp [Presence] in Blood by Light microscopy"/><target><modifierExtension url="http://hl7.org/fhir/1.0/StructureDefinition/extension-ConceptMap.element.target.equivalence"><valueCode value="relatedto"/></modifierExtension><code value="initials"/><equivalence value="relatedto"/></target></element><element><code value="5195-3"/><display value="Hepatitis B virus surface Ag [Presence] in Serum"/><target><modifierExtension url="http://hl7.org/fhir/1.0/StructureDefinition/extension-ConceptMap.element.target.equivalence"><valueCode value="relatedto"/></modifierExtension><code value="full-name"/><equivalence value="relatedto"/></target></element><element><code value="5196-1"/><display value="Hepatitis B virus surface Ag [Presence] in Serum or Plasma by Immunoassay"/><target><modifierExtension url="http://hl7.org/fhir/1.0/StructureDefinition/extension-ConceptMap.element.target.equivalence"><valueCode value="relatedto"/></modifierExtension><code value="full-name"/><equivalence value="relatedto"/></target></element><element><code value="5199-5"/><display value="Hepatitis C virus Ab [Presence] in Serum by Immunoblot"/><target><modifierExtension url="http://hl7.org/fhir/1.0/StructureDefinition/extension-ConceptMap.element.target.equivalence"><valueCode value="relatedto"/></modifierExtension><code value="full-name"/><equivalence value="relatedto"/></target></element><element><code value="53879-3"/><display value="Neisseria gonorrhoeae rRNA [Presence] in Vaginal fluid by NAA with probe detection"/><target><modifierExtension url="http://hl7.org/fhir/1.0/StructureDefinition/extension-ConceptMap.element.target.equivalence"><valueCode value="relatedto"/></modifierExtension><code value="initials-or-vctcode"/><equivalence value="relatedto"/></target></element><element><code value="53925-4"/><display value="Chlamydia trachomatis rRNA [Presence] in Urethra by NAA with probe detection"/><target><modifierExtension url="http://hl7.org/fhir/1.0/StructureDefinition/extension-ConceptMap.element.target.equivalence"><valueCode value="relatedto"/></modifierExtension><code value="initials-or-vctcode"/><equivalence value="relatedto"/></target></element><element><code value="53926-2"/><display value="Chlamydia trachomatis rRNA [Presence] in Vaginal fluid by NAA with probe detection"/><target><modifierExtension url="http://hl7.org/fhir/1.0/StructureDefinition/extension-ConceptMap.element.target.equivalence"><valueCode value="relatedto"/></modifierExtension><code value="initials-or-vctcode"/><equivalence value="relatedto"/></target></element><element><code value="53927-0"/><display value="Neisseria gonorrhoeae rRNA [Presence] in Urethra by NAA with probe detection"/><target><modifierExtension url="http://hl7.org/fhir/1.0/StructureDefinition/extension-ConceptMap.element.target.equivalence"><valueCode value="relatedto"/></modifierExtension><code value="initials-or-vctcode"/><equivalence value="relatedto"/></target></element><element><code value="55465-9"/><display value="Influenza virus A H1 2009 pandemic RNA [Presence] in Specimen by NAA with probe detection"/><target><modifierExtension url="http://hl7.org/fhir/1.0/StructureDefinition/extension-ConceptMap.element.target.equivalence"><valueCode value="relatedto"/></modifierExtension><code value="initials"/><equivalence value="relatedto"/></target></element><element><code value="57287-5"/><display value="Chlamydia trachomatis rRNA [Presence] in Anal by NAA with probe detection"/><target><modifierExtension url="http://hl7.org/fhir/1.0/StructureDefinition/extension-ConceptMap.element.target.equivalence"><valueCode value="relatedto"/></modifierExtension><code value="initials-or-vctcode"/><equivalence value="relatedto"/></target></element><element><code value="57458-2"/><display value="Neisseria gonorrhoeae rRNA [Presence] in Anal by NAA with probe detection"/><target><modifierExtension url="http://hl7.org/fhir/1.0/StructureDefinition/extension-ConceptMap.element.target.equivalence"><valueCode value="relatedto"/></modifierExtension><code value="initials-or-vctcode"/><equivalence value="relatedto"/></target></element><element><code value="589-2"/><display value="Legionella sp identified in Bronchial specimen by Organism specific culture"/><target><modifierExtension url="http://hl7.org/fhir/1.0/StructureDefinition/extension-ConceptMap.element.target.equivalence"><valueCode value="relatedto"/></modifierExtension><code value="full-name"/><equivalence value="relatedto"/></target></element><element><code value="590-0"/><display value="Legionella sp identified in Sputum by Organism specific culture"/><target><modifierExtension url="http://hl7.org/fhir/1.0/StructureDefinition/extension-ConceptMap.element.target.equivalence"><valueCode value="relatedto"/></modifierExtension><code value="full-name"/><equivalence value="relatedto"/></target></element><element><code value="593-4"/><display value="Legionella sp identified in Specimen by Organism specific culture"/><target><modifierExtension url="http://hl7.org/fhir/1.0/StructureDefinition/extension-ConceptMap.element.target.equivalence"><valueCode value="relatedto"/></modifierExtension><code value="full-name"/><equivalence value="relatedto"/></target></element><element><code value="60255-7"/><display value="Neisseria gonorrhoeae rRNA [Presence] in Throat by NAA with probe detection"/><target><modifierExtension url="http://hl7.org/fhir/1.0/StructureDefinition/extension-ConceptMap.element.target.equivalence"><valueCode value="relatedto"/></modifierExtension><code value="initials-or-vctcode"/><equivalence value="relatedto"/></target></element><element><code value="60256-5"/><display value="Neisseria gonorrhoeae rRNA [Presence] in Urine by NAA with probe detection"/><target><modifierExtension url="http://hl7.org/fhir/1.0/StructureDefinition/extension-ConceptMap.element.target.equivalence"><valueCode value="relatedto"/></modifierExtension><code value="initials-or-vctcode"/><equivalence value="relatedto"/></target></element><element><code value="61368-7"/><display value="Campylobacter jejuni DNA [Presence] in Specimen by NAA with probe detection"/><target><modifierExtension url="http://hl7.org/fhir/1.0/StructureDefinition/extension-ConceptMap.element.target.equivalence"><valueCode value="relatedto"/></modifierExtension><code value="initials"/><equivalence value="relatedto"/></target></element><element><code value="6329-7"/><display value="Campylobacter coli rRNA [Presence] in Specimen by Probe"/><target><modifierExtension url="http://hl7.org/fhir/1.0/StructureDefinition/extension-ConceptMap.element.target.equivalence"><valueCode value="relatedto"/></modifierExtension><code value="initials"/><equivalence value="relatedto"/></target></element><element><code value="6333-9"/><display value="Campylobacter jejuni rRNA [Presence] in Specimen by Probe"/><target><modifierExtension url="http://hl7.org/fhir/1.0/StructureDefinition/extension-ConceptMap.element.target.equivalence"><valueCode value="relatedto"/></modifierExtension><code value="initials"/><equivalence value="relatedto"/></target></element><element><code value="6334-7"/><display value="Campylobacter lari rRNA [Presence] in Specimen by Probe"/><target><modifierExtension url="http://hl7.org/fhir/1.0/StructureDefinition/extension-ConceptMap.element.target.equivalence"><valueCode value="relatedto"/></modifierExtension><code value="initials"/><equivalence value="relatedto"/></target></element><element><code value="6349-5"/><display value="Chlamydia trachomatis [Presence] in Specimen by Organism specific culture"/><target><modifierExtension url="http://hl7.org/fhir/1.0/StructureDefinition/extension-ConceptMap.element.target.equivalence"><valueCode value="relatedto"/></modifierExtension><code value="initials-or-vctcode"/><equivalence value="relatedto"/></target></element><element><code value="6356-0"/><display value="Chlamydia trachomatis DNA [Presence] in Genital specimen by NAA with probe detection"/><target><modifierExtension url="http://hl7.org/fhir/1.0/StructureDefinition/extension-ConceptMap.element.target.equivalence"><valueCode value="relatedto"/></modifierExtension><code value="initials-or-vctcode"/><equivalence value="relatedto"/></target></element><element><code value="6357-8"/><display value="Chlamydia trachomatis DNA [Presence] in Urine by NAA with probe detection"/><target><modifierExtension url="http://hl7.org/fhir/1.0/StructureDefinition/extension-ConceptMap.element.target.equivalence"><valueCode value="relatedto"/></modifierExtension><code value="initials-or-vctcode"/><equivalence value="relatedto"/></target></element><element><code value="688-2"/><display value="Neisseria gonorrhoeae [Presence] in Cervix by Organism specific culture"/><target><modifierExtension url="http://hl7.org/fhir/1.0/StructureDefinition/extension-ConceptMap.element.target.equivalence"><valueCode value="relatedto"/></modifierExtension><code value="initials-or-vctcode"/><equivalence value="relatedto"/></target></element><element><code value="691-6"/><display value="Neisseria gonorrhoeae [Presence] in Genital specimen by Organism specific culture"/><target><modifierExtension url="http://hl7.org/fhir/1.0/StructureDefinition/extension-ConceptMap.element.target.equivalence"><valueCode value="relatedto"/></modifierExtension><code value="initials-or-vctcode"/><equivalence value="relatedto"/></target></element><element><code value="693-2"/><display value="Neisseria gonorrhoeae [Presence] in Vaginal fluid by Organism specific culture"/><target><modifierExtension url="http://hl7.org/fhir/1.0/StructureDefinition/extension-ConceptMap.element.target.equivalence"><valueCode value="relatedto"/></modifierExtension><code value="initials-or-vctcode"/><equivalence value="relatedto"/></target></element><element><code value="694-0"/><display value="Neisseria gonorrhoeae [Presence] in Semen by Organism specific culture"/><target><modifierExtension url="http://hl7.org/fhir/1.0/StructureDefinition/extension-ConceptMap.element.target.equivalence"><valueCode value="relatedto"/></modifierExtension><code value="initials-or-vctcode"/><equivalence value="relatedto"/></target></element><element><code value="696-5"/><display value="Neisseria gonorrhoeae [Presence] in Throat by Organism specific culture"/><target><modifierExtension url="http://hl7.org/fhir/1.0/StructureDefinition/extension-ConceptMap.element.target.equivalence"><valueCode value="relatedto"/></modifierExtension><code value="initials-or-vctcode"/><equivalence value="relatedto"/></target></element><element><code value="697-3"/><display value="Neisseria gonorrhoeae [Presence] in Urethra by Organism specific culture"/><target><modifierExtension url="http://hl7.org/fhir/1.0/StructureDefinition/extension-ConceptMap.element.target.equivalence"><valueCode value="relatedto"/></modifierExtension><code value="initials-or-vctcode"/><equivalence value="relatedto"/></target></element><element><code value="698-1"/><display value="Neisseria gonorrhoeae [Presence] in Specimen by Organism specific culture"/><target><modifierExtension url="http://hl7.org/fhir/1.0/StructureDefinition/extension-ConceptMap.element.target.equivalence"><valueCode value="relatedto"/></modifierExtension><code value="initials-or-vctcode"/><equivalence value="relatedto"/></target></element><element><code value="70242-3"/><display value="Shigella species+EIEC invasion plasmid antigen H ipaH gene [Presence] in Stool by NAA with probe detection"/><target><modifierExtension url="http://hl7.org/fhir/1.0/StructureDefinition/extension-ConceptMap.element.target.equivalence"><valueCode value="relatedto"/></modifierExtension><code value="full-name"/><equivalence value="relatedto"/></target></element><element><code value="70568-1"/><display value="Plasmodium knowlesi DNA [Presence] in Blood by NAA with probe detection"/><target><modifierExtension url="http://hl7.org/fhir/1.0/StructureDefinition/extension-ConceptMap.element.target.equivalence"><valueCode value="relatedto"/></modifierExtension><code value="initials"/><equivalence value="relatedto"/></target></element><element><code value="70569-9"/><display value="Plasmodium sp Ag [Identifier] in Blood by Rapid immunoassay"/><target><modifierExtension url="http://hl7.org/fhir/1.0/StructureDefinition/extension-ConceptMap.element.target.equivalence"><valueCode value="relatedto"/></modifierExtension><code value="initials"/><equivalence value="relatedto"/></target></element><element><code value="71429-5"/><display value="Campylobacter sp DNA.diarrheagenic [Presence] in Stool by NAA with probe detection"/><target><modifierExtension url="http://hl7.org/fhir/1.0/StructureDefinition/extension-ConceptMap.element.target.equivalence"><valueCode value="relatedto"/></modifierExtension><code value="initials"/><equivalence value="relatedto"/></target></element><element><code value="74785-7"/><display value="Influenza virus B Victoria lineage RNA [Presence] in Specimen by NAA with probe detection"/><target><modifierExtension url="http://hl7.org/fhir/1.0/StructureDefinition/extension-ConceptMap.element.target.equivalence"><valueCode value="relatedto"/></modifierExtension><code value="initials"/><equivalence value="relatedto"/></target></element><element><code value="74786-5"/><display value="Influenza virus B Yamagata lineage RNA [Presence] in Specimen by NAA with probe detection"/><target><modifierExtension url="http://hl7.org/fhir/1.0/StructureDefinition/extension-ConceptMap.element.target.equivalence"><valueCode value="relatedto"/></modifierExtension><code value="initials"/><equivalence value="relatedto"/></target></element><element><code value="76078-5"/><display value="Influenza virus A RNA [Presence] in Nasopharynx by NAA with probe detection"/><target><modifierExtension url="http://hl7.org/fhir/1.0/StructureDefinition/extension-ConceptMap.element.target.equivalence"><valueCode value="relatedto"/></modifierExtension><code value="initials"/><equivalence value="relatedto"/></target></element><element><code value="76080-1"/><display value="Influenza virus B RNA [Presence] in Nasopharynx by NAA with probe detection"/><target><modifierExtension url="http://hl7.org/fhir/1.0/StructureDefinition/extension-ConceptMap.element.target.equivalence"><valueCode value="relatedto"/></modifierExtension><code value="initials"/><equivalence value="relatedto"/></target></element><element><code value="76772-3"/><display value="Plasmodium falciparum Ag [Presence] in Blood by Rapid immunoassay"/><target><modifierExtension url="http://hl7.org/fhir/1.0/StructureDefinition/extension-ConceptMap.element.target.equivalence"><valueCode value="relatedto"/></modifierExtension><code value="initials"/><equivalence value="relatedto"/></target></element><element><code value="77026-3"/><display value="Influenza virus A H1 RNA [Presence] in Nasopharynx by NAA with probe detection"/><target><modifierExtension url="http://hl7.org/fhir/1.0/StructureDefinition/extension-ConceptMap.element.target.equivalence"><valueCode value="relatedto"/></modifierExtension><code value="initials"/><equivalence value="relatedto"/></target></element><element><code value="77027-1"/><display value="Influenza virus A H3 RNA [Presence] in Nasopharynx by NAA with probe detection"/><target><modifierExtension url="http://hl7.org/fhir/1.0/StructureDefinition/extension-ConceptMap.element.target.equivalence"><valueCode value="relatedto"/></modifierExtension><code value="initials"/><equivalence value="relatedto"/></target></element><element><code value="77028-9"/><display value="Influenza virus A H1 2009 pandemic RNA [Presence] in Nasopharynx by NAA with probe detection"/><target><modifierExtension url="http://hl7.org/fhir/1.0/StructureDefinition/extension-ConceptMap.element.target.equivalence"><valueCode value="relatedto"/></modifierExtension><code value="initials"/><equivalence value="relatedto"/></target></element><element><code value="79189-7"/><display value="Hepatitis C virus core Ag [Presence] in Serum or Plasma by Immunoassay"/><target><modifierExtension url="http://hl7.org/fhir/1.0/StructureDefinition/extension-ConceptMap.element.target.equivalence"><valueCode value="relatedto"/></modifierExtension><code value="full-name"/><equivalence value="relatedto"/></target></element><element><code value="80363-5"/><display value="Chlamydia trachomatis DNA [Presence] in Anorectal by NAA with probe detection"/><target><modifierExtension url="http://hl7.org/fhir/1.0/StructureDefinition/extension-ConceptMap.element.target.equivalence"><valueCode value="relatedto"/></modifierExtension><code value="initials-or-vctcode"/><equivalence value="relatedto"/></target></element><element><code value="80364-3"/><display value="Chlamydia trachomatis rRNA [Presence] in Anorectal by NAA with probe detection"/><target><modifierExtension url="http://hl7.org/fhir/1.0/StructureDefinition/extension-ConceptMap.element.target.equivalence"><valueCode value="relatedto"/></modifierExtension><code value="initials-or-vctcode"/><equivalence value="relatedto"/></target></element><element><code value="80366-8"/><display value="Neisseria gonorrhoeae rRNA [Presence] in Anorectal by NAA with probe detection"/><target><modifierExtension url="http://hl7.org/fhir/1.0/StructureDefinition/extension-ConceptMap.element.target.equivalence"><valueCode value="relatedto"/></modifierExtension><code value="initials-or-vctcode"/><equivalence value="relatedto"/></target></element><element><code value="80367-6"/><display value="Chlamydia trachomatis [Presence] in Anorectal by Organism specific culture"/><target><modifierExtension url="http://hl7.org/fhir/1.0/StructureDefinition/extension-ConceptMap.element.target.equivalence"><valueCode value="relatedto"/></modifierExtension><code value="initials-or-vctcode"/><equivalence value="relatedto"/></target></element><element><code value="80368-4"/><display value="Neisseria gonorrhoeae [Presence] in Anorectal by Organism specific culture"/><target><modifierExtension url="http://hl7.org/fhir/1.0/StructureDefinition/extension-ConceptMap.element.target.equivalence"><valueCode value="relatedto"/></modifierExtension><code value="initials-or-vctcode"/><equivalence value="relatedto"/></target></element><element><code value="81656-1"/><display value="Campylobacter coli+jejuni tuf gene [Presence] in Stool by NAA with probe detection"/><target><modifierExtension url="http://hl7.org/fhir/1.0/StructureDefinition/extension-ConceptMap.element.target.equivalence"><valueCode value="relatedto"/></modifierExtension><code value="initials"/><equivalence value="relatedto"/></target></element><element><code value="82300-5"/><display value="Shigella sp [Presence] in Stool by Culture"/><target><modifierExtension url="http://hl7.org/fhir/1.0/StructureDefinition/extension-ConceptMap.element.target.equivalence"><valueCode value="relatedto"/></modifierExtension><code value="full-name"/><equivalence value="relatedto"/></target></element><element><code value="85477-8"/><display value="Influenza virus A RNA [Presence] in Upper respiratory specimen by NAA with probe detection"/><target><modifierExtension url="http://hl7.org/fhir/1.0/StructureDefinition/extension-ConceptMap.element.target.equivalence"><valueCode value="relatedto"/></modifierExtension><code value="initials"/><equivalence value="relatedto"/></target></element><element><code value="85478-6"/><display value="Influenza virus B RNA [Presence] in Upper respiratory specimen by NAA with probe detection"/><target><modifierExtension url="http://hl7.org/fhir/1.0/StructureDefinition/extension-ConceptMap.element.target.equivalence"><valueCode value="relatedto"/></modifierExtension><code value="initials"/><equivalence value="relatedto"/></target></element><element><code value="85827-4"/><display value="Carbapenem resistance bla OXA-48-like gene [Presence] by Molecular method"/><target><modifierExtension url="http://hl7.org/fhir/1.0/StructureDefinition/extension-ConceptMap.element.target.equivalence"><valueCode value="relatedto"/></modifierExtension><code value="initials"/><equivalence value="relatedto"/></target></element><element><code value="88224-1"/><display value="Neisseria gonorrhoeae DNA [Presence] in Anorectal by NAA with probe detection"/><target><modifierExtension url="http://hl7.org/fhir/1.0/StructureDefinition/extension-ConceptMap.element.target.equivalence"><valueCode value="relatedto"/></modifierExtension><code value="initials-or-vctcode"/><equivalence value="relatedto"/></target></element><element><code value="88225-8"/><display value="Neisseria gonorrhoeae DNA [Presence] in Throat by NAA with probe detection"/><target><modifierExtension url="http://hl7.org/fhir/1.0/StructureDefinition/extension-ConceptMap.element.target.equivalence"><valueCode value="relatedto"/></modifierExtension><code value="initials-or-vctcode"/><equivalence value="relatedto"/></target></element><element><code value="88590-5"/><display value="Legionella pneumophila DNA [Presence] in Lower respiratory specimen by NAA with probe detection"/><target><modifierExtension url="http://hl7.org/fhir/1.0/StructureDefinition/extension-ConceptMap.element.target.equivalence"><valueCode value="relatedto"/></modifierExtension><code value="full-name"/><equivalence value="relatedto"/></target></element><element><code value="88592-1"/><display value="Influenza virus B RNA [Presence] in Lower respiratory specimen by NAA with probe detection"/><target><modifierExtension url="http://hl7.org/fhir/1.0/StructureDefinition/extension-ConceptMap.element.target.equivalence"><valueCode value="relatedto"/></modifierExtension><code value="initials"/><equivalence value="relatedto"/></target></element><element><code value="88599-6"/><display value="Influenza virus A RNA [Presence] in Lower respiratory specimen by NAA with probe detection"/><target><modifierExtension url="http://hl7.org/fhir/1.0/StructureDefinition/extension-ConceptMap.element.target.equivalence"><valueCode value="relatedto"/></modifierExtension><code value="initials"/><equivalence value="relatedto"/></target></element><element><code value="92141-1"/><display value="Influenza virus B RNA [Presence] in Respiratory system specimen by NAA with probe detection"/><target><modifierExtension url="http://hl7.org/fhir/1.0/StructureDefinition/extension-ConceptMap.element.target.equivalence"><valueCode value="relatedto"/></modifierExtension><code value="initials"/><equivalence value="relatedto"/></target></element><element><code value="92142-9"/><display value="Influenza virus A RNA [Presence] in Respiratory system specimen by NAA with probe detection"/><target><modifierExtension url="http://hl7.org/fhir/1.0/StructureDefinition/extension-ConceptMap.element.target.equivalence"><valueCode value="relatedto"/></modifierExtension><code value="initials"/><equivalence value="relatedto"/></target></element><element><code value="92145-2"/><display value="Legionella pneumophila DNA [Presence] in Respiratory system specimen by NAA with probe detection"/><target><modifierExtension url="http://hl7.org/fhir/1.0/StructureDefinition/extension-ConceptMap.element.target.equivalence"><valueCode value="relatedto"/></modifierExtension><code value="full-name"/><equivalence value="relatedto"/></target></element><element><code value="92808-5"/><display value="Influenza virus A H3 RNA [Presence] in Upper respiratory specimen by NAA with probe detection"/><target><modifierExtension url="http://hl7.org/fhir/1.0/StructureDefinition/extension-ConceptMap.element.target.equivalence"><valueCode value="relatedto"/></modifierExtension><code value="initials"/><equivalence value="relatedto"/></target></element><element><code value="92809-3"/><display value="Influenza virus A H1 RNA [Presence] in Upper respiratory specimen by NAA with probe detection"/><target><modifierExtension url="http://hl7.org/fhir/1.0/StructureDefinition/extension-ConceptMap.element.target.equivalence"><valueCode value="relatedto"/></modifierExtension><code value="initials"/><equivalence value="relatedto"/></target></element><element><code value="94309-2"/><display value="SARS-CoV-2 (COVID-19) RNA [Presence] in Specimen by NAA with probe detection"/><target><modifierExtension url="http://hl7.org/fhir/1.0/StructureDefinition/extension-ConceptMap.element.target.equivalence"><valueCode value="relatedto"/></modifierExtension><code value="full-name"/><equivalence value="relatedto"/></target></element><element><code value="94394-4"/><display value="Influenza virus A H3 RNA [Presence] in Lower respiratory specimen by NAA with probe detection"/><target><modifierExtension url="http://hl7.org/fhir/1.0/StructureDefinition/extension-ConceptMap.element.target.equivalence"><valueCode value="relatedto"/></modifierExtension><code value="initials"/><equivalence value="relatedto"/></target></element><element><code value="94395-1"/><display value="Influenza virus A H1 2009 pandemic RNA [Presence] in Lower respiratory specimen by NAA with probe detection"/><target><modifierExtension url="http://hl7.org/fhir/1.0/StructureDefinition/extension-ConceptMap.element.target.equivalence"><valueCode value="relatedto"/></modifierExtension><code value="initials"/><equivalence value="relatedto"/></target></element><element><code value="94396-9"/><display value="Influenza virus A H1 RNA [Presence] in Lower respiratory specimen by NAA with probe detection"/><target><modifierExtension url="http://hl7.org/fhir/1.0/StructureDefinition/extension-ConceptMap.element.target.equivalence"><valueCode value="relatedto"/></modifierExtension><code value="initials"/><equivalence value="relatedto"/></target></element><element><code value="94500-6"/><display value="SARS-CoV-2 (COVID-19) RNA [Presence] in Respiratory system specimen by NAA with probe detection"/><target><modifierExtension url="http://hl7.org/fhir/1.0/StructureDefinition/extension-ConceptMap.element.target.equivalence"><valueCode value="relatedto"/></modifierExtension><code value="full-name"/><equivalence value="relatedto"/></target></element><element><code value="94759-8"/><display value="SARS-CoV-2 (COVID-19) RNA [Presence] in Nasopharynx by NAA with probe detection"/><target><modifierExtension url="http://hl7.org/fhir/1.0/StructureDefinition/extension-ConceptMap.element.target.equivalence"><valueCode value="relatedto"/></modifierExtension><code value="full-name"/><equivalence value="relatedto"/></target></element><element><code value="94845-5"/><display value="SARS-CoV-2 (COVID-19) RNA [Presence] in Saliva (oral fluid) by NAA with probe detection"/><target><modifierExtension url="http://hl7.org/fhir/1.0/StructureDefinition/extension-ConceptMap.element.target.equivalence"><valueCode value="relatedto"/></modifierExtension><code value="full-name"/><equivalence value="relatedto"/></target></element><element><code value="95406-5"/><display value="SARS-CoV-2 (COVID-19) RNA [Presence] in Nose by NAA with probe detection"/><target><modifierExtension url="http://hl7.org/fhir/1.0/StructureDefinition/extension-ConceptMap.element.target.equivalence"><valueCode value="relatedto"/></modifierExtension><code value="full-name"/><equivalence value="relatedto"/></target></element><element><code value="96599-6"/><display value="Neisseria gonorrhoeae DNA [Presence] in Cervix by NAA with probe detection"/><target><modifierExtension url="http://hl7.org/fhir/1.0/StructureDefinition/extension-ConceptMap.element.target.equivalence"><valueCode value="relatedto"/></modifierExtension><code value="initials-or-vctcode"/><equivalence value="relatedto"/></target></element><element><code value="96797-6"/><display value="SARS-CoV-2 (COVID-19) RNA [Presence] in Oropharyngeal wash by NAA with probe detection"/><target><modifierExtension url="http://hl7.org/fhir/1.0/StructureDefinition/extension-ConceptMap.element.target.equivalence"><valueCode value="relatedto"/></modifierExtension><code value="full-name"/><equivalence value="relatedto"/></target></element><element><code value="97513-6"/><display value="Campylobacter sp [Presence] in Specimen by Organism specific culture"/><target><modifierExtension url="http://hl7.org/fhir/1.0/StructureDefinition/extension-ConceptMap.element.target.equivalence"><valueCode value="relatedto"/></modifierExtension><code value="initials"/><equivalence value="relatedto"/></target></element></group><group><source value="http://snomed.info/sct"/><target value="http://fhir.ch/ig/ch-elm/CodeSystem/ch-elm-foph-patient-name-representation"/><element><code value="72904005"/><display value="Treponema pallidum (organism)"/><target><modifierExtension url="http://hl7.org/fhir/1.0/StructureDefinition/extension-ConceptMap.element.target.equivalence"><valueCode value="relatedto"/></modifierExtension><code value="initials-or-vctcode"/><equivalence value="relatedto"/></target></element></group></ConceptMap>