<?xml version="1.0" encoding="UTF-8"?><ValueSet xmlns="http://hl7.org/fhir"><id value="ch-elm-results-laboratory-observation-susc"/><text><status value="generated"/><div xmlns="http://www.w3.org/1999/xhtml"><p class="res-header-id"><b>Generated Narrative: ValueSet ch-elm-results-laboratory-observation-susc</b></p><a name="ch-elm-results-laboratory-observation-susc"> </a><a name="hcch-elm-results-laboratory-observation-susc"> </a><ul><li>Include these codes as defined in <a href="http://loinc.org"><code>http://loinc.org</code></a><span title="Version is not explicity stated. No matching Code System found"> version Not Stated (use latest from terminology server)</span><table class="none"><tr><td style="white-space:nowrap"><b>Code</b></td><td><b>Display</b></td><td><b><a href="ValueSet-ch-elm-results-component-vs.html">CH ELM Results Susceptibility To Component Code</a></b></td><td><b><a href="ValueSet-ch-elm-interpretation-codes-vs.html">CH ELM Results Susceptibility To Component Interpretation Code</a></b></td><td><b><a href="ValueSet-ch-elm-observation-profile-vs.html">CH ELM Results Susceptibility To Component Observation Profile</a></b></td></tr><tr><td><a href="https://loinc.org/29579-0/">29579-0</a></td><td>Mycobacterial susceptibility panel by Method for Slow-growing mycobacteria</td><td><span title="RELATEDTO">?</span><a href="CodeSystem-ch-elm-results-component-vs.html#ch-elm-results-component-vs-http.58.47.47fhir.46ch.47ig.47ch-elm.47ValueSet.47ch-elm-results-component-antibiotic-tb">http://fhir.ch/ig/ch-elm/ValueSet/ch-elm-results-component-antibiotic-tb</a></td><td><span title="RELATEDTO">?</span><a href="CodeSystem-ch-elm-interpretation-codes-vs.html#ch-elm-interpretation-codes-vs-http.58.47.47fhir.46ch.47ig.47ch-elm.47ValueSet.47ch-elm-interpretation-codes-res-sus">http://fhir.ch/ig/ch-elm/ValueSet/ch-elm-interpretation-codes-res-sus</a></td><td><span title="RELATEDTO">?</span><a href="CodeSystem-ch-elm-observation-profile-vs.html#ch-elm-observation-profile-vs-http.58.47.47fhir.46ch.47ig.47ch-elm.47StructureDefinition.47ch-elm-observation-component-conc">http://fhir.ch/ig/ch-elm/StructureDefinition/ch-elm-observation-component-conc</a></td></tr></table></li></ul></div></text><url value="http://fhir.ch/ig/ch-elm/ValueSet/ch-elm-results-laboratory-observation-susc"/><version value="1.12.0"/><name value="ChElmResultsLaboratoryObservationSusc"/><title value="CH ELM Results Laboratory Observation Susceptibility"/><status value="active"/><experimental value="false"/><date value="2025-10-21T11:52:21+00:00"/><publisher value="Federal Office of Public Health FOPH"/><contact><name value="Federal Office of Public Health FOPH"/><telecom><system value="url"/><value value="https://www.bag.admin.ch/bag/en/home/das-bag/kontakt-standort.html"/></telecom></contact><description value="This CH ELM value set includes the codes for the laboratory Susceptibility test results."/><jurisdiction><coding><system value="urn:iso:std:iso:3166"/><code value="CH"/></coding></jurisdiction><copyright value="CC0-1.0"/><compose><include><system value="http://loinc.org"/><concept><code value="29579-0"/><display value="Mycobacterial susceptibility panel by Method for Slow-growing mycobacteria"/></concept></include></compose></ValueSet>