<?xml version="1.0" encoding="UTF-8"?><ValueSet xmlns="http://hl7.org/fhir"><id value="ch-elm-interpretation-codes-vs"/><text><status value="generated"/><div xmlns="http://www.w3.org/1999/xhtml"><p class="res-header-id"><b>Generated Narrative: ValueSet ch-elm-interpretation-codes-vs</b></p><a name="ch-elm-interpretation-codes-vs"> </a><a name="hcch-elm-interpretation-codes-vs"> </a><ul><li>Include these codes as defined in <a href="CodeSystem-ch-elm-interpretation-codes-vs.html"><code>http://fhir.ch/ig/ch-elm/CodeSystem/ch-elm-interpretation-codes-vs</code></a><span title="Version is not explicitly stated, which means it is fixed to the version provided in this specification"> version 📦1.13.1</span><table class="none"><tr><td style="white-space:nowrap"><b>Code</b></td><td><b>Display</b></td></tr><tr><td><a href="CodeSystem-ch-elm-interpretation-codes-vs.html#ch-elm-interpretation-codes-vs-http.58.47.47fhir.46ch.47ig.47ch-elm.47ValueSet.47ch-elm-interpretation-codes-avidity">http://fhir.ch/ig/ch-elm/ValueSet/ch-elm-interpretation-codes-avidity</a></td><td/></tr><tr><td><a href="CodeSystem-ch-elm-interpretation-codes-vs.html#ch-elm-interpretation-codes-vs-http.58.47.47fhir.46ch.47ig.47ch-elm.47ValueSet.47ch-elm-interpretation-codes-pos">http://fhir.ch/ig/ch-elm/ValueSet/ch-elm-interpretation-codes-pos</a></td><td/></tr><tr><td><a href="CodeSystem-ch-elm-interpretation-codes-vs.html#ch-elm-interpretation-codes-vs-http.58.47.47fhir.46ch.47ig.47ch-elm.47ValueSet.47ch-elm-interpretation-codes-pos-neg">http://fhir.ch/ig/ch-elm/ValueSet/ch-elm-interpretation-codes-pos-neg</a></td><td/></tr><tr><td><a href="CodeSystem-ch-elm-interpretation-codes-vs.html#ch-elm-interpretation-codes-vs-http.58.47.47fhir.46ch.47ig.47ch-elm.47ValueSet.47ch-elm-interpretation-codes-res">http://fhir.ch/ig/ch-elm/ValueSet/ch-elm-interpretation-codes-res</a></td><td/></tr><tr><td><a href="CodeSystem-ch-elm-interpretation-codes-vs.html#ch-elm-interpretation-codes-vs-http.58.47.47fhir.46ch.47ig.47ch-elm.47ValueSet.47ch-elm-interpretation-codes-res-sus">http://fhir.ch/ig/ch-elm/ValueSet/ch-elm-interpretation-codes-res-sus</a></td><td/></tr><tr><td><a href="CodeSystem-ch-elm-interpretation-codes-vs.html#ch-elm-interpretation-codes-vs-http.58.47.47fhir.46ch.47ig.47ch-elm.47ValueSet.47ch-elm-interpretation-codes-sero">http://fhir.ch/ig/ch-elm/ValueSet/ch-elm-interpretation-codes-sero</a></td><td/></tr><tr><td><a href="CodeSystem-ch-elm-interpretation-codes-vs.html#ch-elm-interpretation-codes-vs-http.58.47.47fhir.46ch.47ig.47ch-elm.47ValueSet.47ch-elm-interpretation-codes-titer">http://fhir.ch/ig/ch-elm/ValueSet/ch-elm-interpretation-codes-titer</a></td><td/></tr></table></li></ul></div></text><url value="http://fhir.ch/ig/ch-elm/ValueSet/ch-elm-interpretation-codes-vs"/><version value="1.13.1"/><name value="ChElmInterpretationCodesVs"/><title value="CH ELM Interpretation Codes Vs"/><status value="active"/><experimental value="false"/><date value="2026-01-21T11:21:00+00:00"/><publisher value="Federal Office of Public Health FOPH"/><contact><name value="Federal Office of Public Health FOPH"/><telecom><system value="url"/><value value="https://www.bag.admin.ch/bag/en/home/das-bag/kontakt-standort.html"/></telecom></contact><description value="This CH ELM value set includes the value set URLs as interpretation codes to map in the concept maps the leading codes."/><jurisdiction><coding><system value="urn:iso:std:iso:3166"/><code value="CH"/></coding></jurisdiction><copyright value="CC0-1.0"/><compose><include><system value="http://fhir.ch/ig/ch-elm/CodeSystem/ch-elm-interpretation-codes-vs"/><concept><code value="http://fhir.ch/ig/ch-elm/ValueSet/ch-elm-interpretation-codes-avidity"/></concept><concept><code value="http://fhir.ch/ig/ch-elm/ValueSet/ch-elm-interpretation-codes-pos"/></concept><concept><code value="http://fhir.ch/ig/ch-elm/ValueSet/ch-elm-interpretation-codes-pos-neg"/></concept><concept><code value="http://fhir.ch/ig/ch-elm/ValueSet/ch-elm-interpretation-codes-res"/></concept><concept><code value="http://fhir.ch/ig/ch-elm/ValueSet/ch-elm-interpretation-codes-res-sus"/></concept><concept><code value="http://fhir.ch/ig/ch-elm/ValueSet/ch-elm-interpretation-codes-sero"/></concept><concept><code value="http://fhir.ch/ig/ch-elm/ValueSet/ch-elm-interpretation-codes-titer"/></concept></include></compose></ValueSet>