<?xml version="1.0" encoding="UTF-8"?><ValueSet xmlns="http://hl7.org/fhir"><id value="ch-elm-expecting-specimen-specification"/><text><status value="generated"/><div xmlns="http://www.w3.org/1999/xhtml"><p class="res-header-id"><b>Generated Narrative: ValueSet ch-elm-expecting-specimen-specification</b></p><a name="ch-elm-expecting-specimen-specification"> </a><a name="hcch-elm-expecting-specimen-specification"> </a><ul><li>Include these codes as defined in <a href="http://loinc.org"><code>http://loinc.org</code></a><span title="Version is not explicity stated. No matching Code System found"> version Not Stated (use latest from terminology server)</span><table class="none"><tr><td style="white-space:nowrap"><b>Code</b></td><td><b>Display</b></td><td><b><a href="ValueSet-ch-elm-results-completion-vs.html">CH ELM Expecting Specimen Specification To Results Completion Vs</a></b></td></tr><tr><td><a href="https://loinc.org/16134-9/">16134-9</a></td><td>Neisseria meningitidis [Presence] in Specimen by Organism specific culture</td><td><span title="RELATEDTO">?</span><a href="CodeSystem-ch-elm-results-completion-vs.html#ch-elm-results-completion-vs-http.58.47.47fhir.46ch.47ig.47ch-elm.47ValueSet.47ch-elm-results-sterile-spec">http://fhir.ch/ig/ch-elm/ValueSet/ch-elm-results-sterile-spec</a></td></tr><tr><td><a href="https://loinc.org/21613-5/">21613-5</a></td><td>Chlamydia trachomatis DNA [Presence] in Specimen by NAA with probe detection</td><td><span title="RELATEDTO">?</span><a href="CodeSystem-ch-elm-results-completion-vs.html#ch-elm-results-completion-vs-http.58.47.47fhir.46ch.47ig.47ch-elm.47ValueSet.47ch-elm-results-geni-spec">http://fhir.ch/ig/ch-elm/ValueSet/ch-elm-results-geni-spec</a></td></tr><tr><td><a href="https://loinc.org/29907-3/">29907-3</a></td><td>Haemophilus influenzae B DNA [Presence] in Specimen by NAA with probe detection</td><td><span title="RELATEDTO">?</span><a href="CodeSystem-ch-elm-results-completion-vs.html#ch-elm-results-completion-vs-http.58.47.47fhir.46ch.47ig.47ch-elm.47ValueSet.47ch-elm-results-sterile-spec">http://fhir.ch/ig/ch-elm/ValueSet/ch-elm-results-sterile-spec</a></td></tr><tr><td><a href="https://loinc.org/31777-6/">31777-6</a></td><td>Chlamydia trachomatis Ag [Presence] in Specimen</td><td><span title="RELATEDTO">?</span><a href="CodeSystem-ch-elm-results-completion-vs.html#ch-elm-results-completion-vs-http.58.47.47fhir.46ch.47ig.47ch-elm.47ValueSet.47ch-elm-results-geni-spec">http://fhir.ch/ig/ch-elm/ValueSet/ch-elm-results-geni-spec</a></td></tr><tr><td><a href="https://loinc.org/31912-9/">31912-9</a></td><td>Neisseria meningitidis Ag [Presence] in Specimen</td><td><span title="RELATEDTO">?</span><a href="CodeSystem-ch-elm-results-completion-vs.html#ch-elm-results-completion-vs-http.58.47.47fhir.46ch.47ig.47ch-elm.47ValueSet.47ch-elm-results-sterile-spec">http://fhir.ch/ig/ch-elm/ValueSet/ch-elm-results-sterile-spec</a></td></tr><tr><td><a href="https://loinc.org/31969-9/">31969-9</a></td><td>Streptococcus pneumoniae Ag [Presence] in Specimen</td><td><span title="RELATEDTO">?</span><a href="CodeSystem-ch-elm-results-completion-vs.html#ch-elm-results-completion-vs-http.58.47.47fhir.46ch.47ig.47ch-elm.47ValueSet.47ch-elm-results-sterile-spec">http://fhir.ch/ig/ch-elm/ValueSet/ch-elm-results-sterile-spec</a></td></tr><tr><td><a href="https://loinc.org/38353-9/">38353-9</a></td><td>Streptococcus sp identified in Specimen by Organism specific culture</td><td><span title="RELATEDTO">?</span><a href="CodeSystem-ch-elm-results-completion-vs.html#ch-elm-results-completion-vs-http.58.47.47fhir.46ch.47ig.47ch-elm.47ValueSet.47ch-elm-results-sterile-spec">http://fhir.ch/ig/ch-elm/ValueSet/ch-elm-results-sterile-spec</a></td></tr><tr><td><a href="https://loinc.org/43304-5/">43304-5</a></td><td>Chlamydia trachomatis rRNA [Presence] in Specimen by NAA with probe detection</td><td><span title="RELATEDTO">?</span><a href="CodeSystem-ch-elm-results-completion-vs.html#ch-elm-results-completion-vs-http.58.47.47fhir.46ch.47ig.47ch-elm.47ValueSet.47ch-elm-results-geni-spec">http://fhir.ch/ig/ch-elm/ValueSet/ch-elm-results-geni-spec</a></td></tr><tr><td><a href="https://loinc.org/49671-1/">49671-1</a></td><td>Neisseria meningitidis DNA [Presence] in Specimen by NAA with probe detection</td><td><span title="RELATEDTO">?</span><a href="CodeSystem-ch-elm-results-completion-vs.html#ch-elm-results-completion-vs-http.58.47.47fhir.46ch.47ig.47ch-elm.47ValueSet.47ch-elm-results-sterile-spec">http://fhir.ch/ig/ch-elm/ValueSet/ch-elm-results-sterile-spec</a></td></tr><tr><td><a href="https://loinc.org/49672-9/">49672-9</a></td><td>Streptococcus pneumoniae DNA [Presence] in Specimen by NAA with probe detection</td><td><span title="RELATEDTO">?</span><a href="CodeSystem-ch-elm-results-completion-vs.html#ch-elm-results-completion-vs-http.58.47.47fhir.46ch.47ig.47ch-elm.47ValueSet.47ch-elm-results-sterile-spec">http://fhir.ch/ig/ch-elm/ValueSet/ch-elm-results-sterile-spec</a></td></tr><tr><td><a href="https://loinc.org/58473-0/">58473-0</a></td><td>Haemophilus influenzae serotype DNA [Identifier] in Specimen by NAA with probe detection</td><td><span title="RELATEDTO">?</span><a href="CodeSystem-ch-elm-results-completion-vs.html#ch-elm-results-completion-vs-http.58.47.47fhir.46ch.47ig.47ch-elm.47ValueSet.47ch-elm-results-sterile-spec">http://fhir.ch/ig/ch-elm/ValueSet/ch-elm-results-sterile-spec</a></td></tr><tr><td><a href="https://loinc.org/61366-1/">61366-1</a></td><td>Haemophilus influenzae DNA [Presence] in Specimen by NAA with probe detection</td><td><span title="RELATEDTO">?</span><a href="CodeSystem-ch-elm-results-completion-vs.html#ch-elm-results-completion-vs-http.58.47.47fhir.46ch.47ig.47ch-elm.47ValueSet.47ch-elm-results-sterile-spec">http://fhir.ch/ig/ch-elm/ValueSet/ch-elm-results-sterile-spec</a></td></tr><tr><td><a href="https://loinc.org/61369-5/">61369-5</a></td><td>Listeria monocytogenes DNA [Presence] in Specimen by NAA with probe detection</td><td><span title="RELATEDTO">?</span><a href="CodeSystem-ch-elm-results-completion-vs.html#ch-elm-results-completion-vs-http.58.47.47fhir.46ch.47ig.47ch-elm.47ValueSet.47ch-elm-results-sterile-spec">http://fhir.ch/ig/ch-elm/ValueSet/ch-elm-results-sterile-spec</a></td></tr><tr><td><a href="https://loinc.org/6349-5/">6349-5</a></td><td>Chlamydia trachomatis [Presence] in Specimen by Organism specific culture</td><td><span title="RELATEDTO">?</span><a href="CodeSystem-ch-elm-results-completion-vs.html#ch-elm-results-completion-vs-http.58.47.47fhir.46ch.47ig.47ch-elm.47ValueSet.47ch-elm-results-geni-spec">http://fhir.ch/ig/ch-elm/ValueSet/ch-elm-results-geni-spec</a></td></tr><tr><td><a href="https://loinc.org/6600-1/">6600-1</a></td><td>Haemophilus sp identified in Specimen by Organism specific culture</td><td><span title="RELATEDTO">?</span><a href="CodeSystem-ch-elm-results-completion-vs.html#ch-elm-results-completion-vs-http.58.47.47fhir.46ch.47ig.47ch-elm.47ValueSet.47ch-elm-results-sterile-spec">http://fhir.ch/ig/ch-elm/ValueSet/ch-elm-results-sterile-spec</a></td></tr><tr><td><a href="https://loinc.org/6609-2/">6609-2</a></td><td>Listeria sp identified in Specimen by Organism specific culture</td><td><span title="RELATEDTO">?</span><a href="CodeSystem-ch-elm-results-completion-vs.html#ch-elm-results-completion-vs-http.58.47.47fhir.46ch.47ig.47ch-elm.47ValueSet.47ch-elm-results-sterile-spec">http://fhir.ch/ig/ch-elm/ValueSet/ch-elm-results-sterile-spec</a></td></tr><tr><td><a href="https://loinc.org/69410-9/">69410-9</a></td><td>Haemophilus influenzae [Identifier] in Specimen by Organism specific culture</td><td><span title="RELATEDTO">?</span><a href="CodeSystem-ch-elm-results-completion-vs.html#ch-elm-results-completion-vs-http.58.47.47fhir.46ch.47ig.47ch-elm.47ValueSet.47ch-elm-results-sterile-spec">http://fhir.ch/ig/ch-elm/ValueSet/ch-elm-results-sterile-spec</a></td></tr></table></li></ul></div></text><url value="http://fhir.ch/ig/ch-elm/ValueSet/ch-elm-expecting-specimen-specification"/><version value="1.12.0"/><name value="ChElmExpectingSpecimenSpecification"/><title value="CH ELM Expecting Specimen Specification"/><status value="active"/><experimental value="false"/><date value="2025-10-21T11:52:21+00:00"/><publisher value="Federal Office of Public Health FOPH"/><contact><name value="Federal Office of Public Health FOPH"/><telecom><system value="url"/><value value="https://www.bag.admin.ch/bag/en/home/das-bag/kontakt-standort.html"/></telecom></contact><description value="This CH ELM value set includes the leading codes for the laboratory test results, which have to be completed by another code for the expecting specimen."/><jurisdiction><coding><system value="urn:iso:std:iso:3166"/><code value="CH"/></coding></jurisdiction><copyright value="CC0-1.0"/><compose><include><system value="http://loinc.org"/><concept><code value="16134-9"/><display value="Neisseria meningitidis [Presence] in Specimen by Organism specific culture"/></concept><concept><code value="21613-5"/><display value="Chlamydia trachomatis DNA [Presence] in Specimen by NAA with probe detection"/></concept><concept><code value="29907-3"/><display value="Haemophilus influenzae B DNA [Presence] in Specimen by NAA with probe detection"/></concept><concept><code value="31777-6"/><display value="Chlamydia trachomatis Ag [Presence] in Specimen"/></concept><concept><code value="31912-9"/><display value="Neisseria meningitidis Ag [Presence] in Specimen"/></concept><concept><code value="31969-9"/><display value="Streptococcus pneumoniae Ag [Presence] in Specimen"/></concept><concept><code value="38353-9"/><display value="Streptococcus sp identified in Specimen by Organism specific culture"/></concept><concept><code value="43304-5"/><display value="Chlamydia trachomatis rRNA [Presence] in Specimen by NAA with probe detection"/></concept><concept><code value="49671-1"/><display value="Neisseria meningitidis DNA [Presence] in Specimen by NAA with probe detection"/></concept><concept><code value="49672-9"/><display value="Streptococcus pneumoniae DNA [Presence] in Specimen by NAA with probe detection"/></concept><concept><code value="58473-0"/><display value="Haemophilus influenzae serotype DNA [Identifier] in Specimen by NAA with probe detection"/></concept><concept><code value="61366-1"/><display value="Haemophilus influenzae DNA [Presence] in Specimen by NAA with probe detection"/></concept><concept><code value="61369-5"/><display value="Listeria monocytogenes DNA [Presence] in Specimen by NAA with probe detection"/></concept><concept><code value="6349-5"/><display value="Chlamydia trachomatis [Presence] in Specimen by Organism specific culture"/></concept><concept><code value="6600-1"/><display value="Haemophilus sp identified in Specimen by Organism specific culture"/></concept><concept><code value="6609-2"/><display value="Listeria sp identified in Specimen by Organism specific culture"/></concept><concept><code value="69410-9"/><display value="Haemophilus influenzae [Identifier] in Specimen by Organism specific culture"/></concept></include></compose></ValueSet>