<?xml version="1.0" encoding="UTF-8"?><ValueSet xmlns="http://hl7.org/fhir"><id value="ch-elm-interpretation-codes-pos"/><text><status value="extensions"/><div xmlns="http://www.w3.org/1999/xhtml"><p class="res-header-id"><b>Generated Narrative: ValueSet ch-elm-interpretation-codes-pos</b></p><a name="ch-elm-interpretation-codes-pos"> </a><a name="hcch-elm-interpretation-codes-pos"> </a><ul><li>Include these codes as defined in <a href="http://terminology.hl7.org/6.3.0/CodeSystem-v3-ObservationInterpretation.html"><code>http://terminology.hl7.org/CodeSystem/v3-ObservationInterpretation</code></a><span title="Version is not explicitly stated, which means it is fixed to 3.0.0, the version found through the package references"> version 📦3.0.0</span><table class="none"><tr><td style="white-space:nowrap"><b>Code</b></td><td><b>Display</b></td><td><b>Definition</b></td></tr><tr><td><a href="http://terminology.hl7.org/6.3.0/CodeSystem-v3-ObservationInterpretation.html#v3-ObservationInterpretation-POS">POS</a></td><td>Positive</td><td>A presence finding of the specified component / analyte, organism or clinical sign based on the established threshold of the performed test or procedure.</td></tr></table></li></ul></div></text><url value="http://fhir.ch/ig/ch-elm/ValueSet/ch-elm-interpretation-codes-pos"/><version value="1.12.0"/><name value="ChElmInterpretationCodesPos"/><title value="CH ELM Interpretation Codes Positive"/><status value="active"/><experimental value="false"/><date value="2025-10-21T11:52:21+00:00"/><publisher value="Federal Office of Public Health FOPH"/><contact><name value="Federal Office of Public Health FOPH"/><telecom><system value="url"/><value value="https://www.bag.admin.ch/bag/en/home/das-bag/kontakt-standort.html"/></telecom></contact><description value="This CH ELM value set includes the code for positive interpretation code(s)."/><jurisdiction><coding><system value="urn:iso:std:iso:3166"/><code value="CH"/></coding></jurisdiction><copyright value="CC0-1.0"/><compose><include><system value="http://terminology.hl7.org/CodeSystem/v3-ObservationInterpretation"/><concept><code value="POS"/><display value="Positive"/></concept></include></compose></ValueSet>