<?xml version="1.0" encoding="UTF-8"?><ValueSet xmlns="http://hl7.org/fhir"><id value="ch-elm-results-hanta-org"/><text><status value="generated"/><div xmlns="http://www.w3.org/1999/xhtml"><p class="res-header-id"><b>Generated Narrative: ValueSet ch-elm-results-hanta-org</b></p><a name="ch-elm-results-hanta-org"> </a><a name="hcch-elm-results-hanta-org"> </a><ul><li>Include these codes as defined in <a href="http://www.snomed.org/"><code>http://snomed.info/sct</code></a><table class="none"><tr><td style="white-space:nowrap"><b>Code</b></td><td><b>Display</b></td></tr><tr><td><a href="http://snomed.info/id/35439004">35439004</a></td><td>Seoul virus (organism)</td></tr><tr><td><a href="http://snomed.info/id/40754006">40754006</a></td><td>Puumala virus (organism)</td></tr><tr><td><a href="http://snomed.info/id/116663002">116663002</a></td><td>Sin Nombre virus (organism)</td></tr><tr><td><a href="http://snomed.info/id/35439004">35439004</a></td><td>Seoul virus (organism)</td></tr><tr><td><a href="http://snomed.info/id/49445003">49445003</a></td><td>Genus Hantavirus (organism)</td></tr><tr><td><a href="http://snomed.info/id/116662007">116662007</a></td><td>Dobrava-Belgrade virus (organism)</td></tr><tr><td><a href="http://snomed.info/id/52779006">52779006</a></td><td>Hantaan virus (organism)</td></tr></table></li></ul></div></text><url value="http://fhir.ch/ig/ch-elm/ValueSet/ch-elm-results-hanta-org"/><version value="1.10.0"/><name value="ChElmResultsHantaOrg"/><title value="CH ELM Results Hanta Org"/><status value="active"/><experimental value="false"/><date value="2025-06-23T21:17:45+00:00"/><publisher value="Federal Office of Public Health FOPH"/><contact><name value="Federal Office of Public Health FOPH"/><telecom><system value="url"/><value value="https://www.bag.admin.ch/bag/en/home/das-bag/kontakt-standort.html"/></telecom></contact><description value="The &quot;CH ELM Results Hanta Org&quot; organism group provides a curated set of codes representing specific organisms. Each code within this group has been selected to ensure precise representation and consistency in relation to the primary LOINC codes. Clients utilizing the &quot;CH ELM Results Hanta Org&quot; group should refer to the provided codes to accurately and uniformly capture and report organism-related information."/><jurisdiction><coding><system value="urn:iso:std:iso:3166"/><code value="CH"/></coding></jurisdiction><copyright value="CC0-1.0"/><compose><include><system value="http://snomed.info/sct"/><concept><code value="35439004"/><display value="Seoul virus (organism)"/></concept><concept><code value="40754006"/><display value="Puumala virus (organism)"/></concept><concept><code value="116663002"/><display value="Sin Nombre virus (organism)"/></concept><concept><code value="35439004"/><display value="Seoul virus (organism)"/></concept><concept><code value="49445003"/><display value="Genus Hantavirus (organism)"/></concept><concept><code value="116662007"/><display value="Dobrava-Belgrade virus (organism)"/></concept><concept><code value="52779006"/><display value="Hantaan virus (organism)"/></concept></include></compose></ValueSet>