<?xml version="1.0" encoding="UTF-8"?><ValueSet xmlns="http://hl7.org/fhir"><id value="ch-elm-results-sal-org"/><text><status value="generated"/><div xmlns="http://www.w3.org/1999/xhtml"><p class="res-header-id"><b>Generated Narrative: ValueSet ch-elm-results-sal-org</b></p><a name="ch-elm-results-sal-org"> </a><a name="hcch-elm-results-sal-org"> </a><ul><li>Include these codes as defined in <a href="http://www.snomed.org/"><code>http://snomed.info/sct</code></a><span title="Version is not explicity stated. No matching Code System found"> version Not Stated (use latest from terminology server)</span><table class="none"><tr><td style="white-space:nowrap"><b>Code</b></td><td><b>Display</b></td></tr><tr><td><a href="http://snomed.info/id/85908006">85908006</a></td><td>Salmonella Paratyphi B (organism)</td></tr><tr><td><a href="http://snomed.info/id/79128009">79128009</a></td><td>Salmonella Paratyphi A (organism)</td></tr><tr><td><a href="http://snomed.info/id/5595000">5595000</a></td><td>Salmonella Typhi (organism)</td></tr><tr><td><a href="http://snomed.info/id/1179072002">1179072002</a></td><td>Salmonella group C (organism)</td></tr><tr><td><a href="http://snomed.info/id/73525009">73525009</a></td><td>Salmonella Enteritidis (organism)</td></tr><tr><td><a href="http://snomed.info/id/398467008">398467008</a></td><td>Salmonella group O:4 (organism)</td></tr><tr><td><a href="http://snomed.info/id/32488009">32488009</a></td><td>Salmonella Paratyphi C (organism)</td></tr><tr><td><a href="http://snomed.info/id/27268008">27268008</a></td><td>Genus Salmonella (organism)</td></tr><tr><td><a href="http://snomed.info/id/1179032006">1179032006</a></td><td>Salmonella group D (organism)</td></tr><tr><td><a href="http://snomed.info/id/50136005">50136005</a></td><td>Salmonella Typhimurium (organism)</td></tr></table></li></ul></div></text><url value="http://fhir.ch/ig/ch-elm/ValueSet/ch-elm-results-sal-org"/><version value="1.12.0"/><name value="ChElmResultsSalOrg"/><title value="CH ELM Results Sal Org"/><status value="active"/><experimental value="false"/><date value="2025-10-21T11:52:21+00:00"/><publisher value="Federal Office of Public Health FOPH"/><contact><name value="Federal Office of Public Health FOPH"/><telecom><system value="url"/><value value="https://www.bag.admin.ch/bag/en/home/das-bag/kontakt-standort.html"/></telecom></contact><description value="The &quot;CH ELM Results Sal Org&quot; organism group provides a curated set of codes representing specific organisms. Each code within this group has been selected to ensure precise representation and consistency in relation to the primary LOINC codes. Clients utilizing the &quot;CH ELM Results Sal Org&quot; group should refer to the provided codes to accurately and uniformly capture and report organism-related information."/><jurisdiction><coding><system value="urn:iso:std:iso:3166"/><code value="CH"/></coding></jurisdiction><copyright value="CC0-1.0"/><compose><include><system value="http://snomed.info/sct"/><concept><code value="85908006"/><display value="Salmonella Paratyphi B (organism)"/></concept><concept><code value="79128009"/><display value="Salmonella Paratyphi A (organism)"/></concept><concept><code value="5595000"/><display value="Salmonella Typhi (organism)"/></concept><concept><code value="1179072002"/><display value="Salmonella group C (organism)"/></concept><concept><code value="73525009"/><display value="Salmonella Enteritidis (organism)"/></concept><concept><code value="398467008"/><display value="Salmonella group O:4 (organism)"/></concept><concept><code value="32488009"/><display value="Salmonella Paratyphi C (organism)"/></concept><concept><code value="27268008"/><display value="Genus Salmonella (organism)"/></concept><concept><code value="1179032006"/><display value="Salmonella group D (organism)"/></concept><concept><code value="50136005"/><display value="Salmonella Typhimurium (organism)"/></concept></include></compose></ValueSet>