<?xml version="1.0" encoding="UTF-8"?><ValueSet xmlns="http://hl7.org/fhir"><id value="ch-elm-results-bru-org"/><text><status value="generated"/><div xmlns="http://www.w3.org/1999/xhtml"><p class="res-header-id"><b>Generated Narrative: ValueSet ch-elm-results-bru-org</b></p><a name="ch-elm-results-bru-org"> </a><a name="hcch-elm-results-bru-org"> </a><a name="ch-elm-results-bru-org-en-US"> </a><ul><li>Include these codes as defined in <a href="http://www.snomed.org/"><code>http://snomed.info/sct</code></a><table class="none"><tr><td style="white-space:nowrap"><b>Code</b></td><td><b>Display</b></td></tr><tr><td><a href="http://snomed.info/id/72829003">72829003</a></td><td>Brucella melitensis (organism)</td></tr><tr><td><a href="http://snomed.info/id/38025008">38025008</a></td><td>Brucella canis (organism)</td></tr><tr><td><a href="http://snomed.info/id/24224000">24224000</a></td><td>Brucella abortus (organism)</td></tr><tr><td><a href="http://snomed.info/id/48317004">48317004</a></td><td>Brucella suis (organism)</td></tr><tr><td><a href="http://snomed.info/id/26250004">26250004</a></td><td>Genus Brucella (organism)</td></tr></table></li></ul></div></text><url value="http://fhir.ch/ig/ch-elm/ValueSet/ch-elm-results-bru-org"/><version value="1.8.0"/><name value="ChElmResultsBruOrg"/><title value="CH ELM Results Bru Org"/><status value="active"/><experimental value="false"/><date value="2025-02-04T09:19:33+00:00"/><publisher value="Federal Office of Public Health FOPH"/><contact><name value="Federal Office of Public Health FOPH"/><telecom><system value="url"/><value value="https://www.bag.admin.ch/bag/en/home/das-bag/kontakt-standort.html"/></telecom></contact><description value="The &quot;CH ELM Results Bru Org&quot; organism group provides a curated set of codes representing specific organisms. Each code within this group has been selected to ensure precise representation and consistency in relation to the primary LOINC codes. Clients utilizing the &quot;CH ELM Results Bru Org&quot; group should refer to the provided codes to accurately and uniformly capture and report organism-related information."/><jurisdiction><coding><system value="urn:iso:std:iso:3166"/><code value="CHE"/></coding></jurisdiction><copyright value="CC0-1.0"/><compose><include><system value="http://snomed.info/sct"/><concept><code value="72829003"/><display value="Brucella melitensis (organism)"/></concept><concept><code value="38025008"/><display value="Brucella canis (organism)"/></concept><concept><code value="24224000"/><display value="Brucella abortus (organism)"/></concept><concept><code value="48317004"/><display value="Brucella suis (organism)"/></concept><concept><code value="26250004"/><display value="Genus Brucella (organism)"/></concept></include></compose></ValueSet>