<?xml version="1.0" encoding="UTF-8"?><ValueSet xmlns="http://hl7.org/fhir"><id value="ch-elm-results-lis-org"/><text><status value="generated"/><div xmlns="http://www.w3.org/1999/xhtml"><p class="res-header-id"><b>Generated Narrative: ValueSet ch-elm-results-lis-org</b></p><a name="ch-elm-results-lis-org"> </a><a name="hcch-elm-results-lis-org"> </a><a name="ch-elm-results-lis-org-en-US"> </a><ul><li>Include these codes as defined in <a href="http://www.snomed.org/"><code>http://snomed.info/sct</code></a><table class="none"><tr><td style="white-space:nowrap"><b>Code</b></td><td><b>Display</b></td></tr><tr><td><a href="http://snomed.info/id/450542001">450542001</a></td><td>Listeria monocytogenes serotype 3c (organism)</td></tr><tr><td><a href="http://snomed.info/id/258381003">258381003</a></td><td>Group 4 (qualifier value)</td></tr><tr><td><a href="http://snomed.info/id/450536000">450536000</a></td><td>Listeria monocytogenes serotype 1/2a (organism)</td></tr><tr><td><a href="http://snomed.info/id/450547007">450547007</a></td><td>Listeria monocytogenes serotype 4e (organism)</td></tr><tr><td><a href="http://snomed.info/id/36094007">36094007</a></td><td>Listeria monocytogenes (organism)</td></tr><tr><td><a href="http://snomed.info/id/450541008">450541008</a></td><td>Listeria monocytogenes serotype 3b (organism)</td></tr><tr><td><a href="http://snomed.info/id/450539007">450539007</a></td><td>Listeria monocytogenes serotype 4b (organism)</td></tr><tr><td><a href="http://snomed.info/id/450548002">450548002</a></td><td>Listeria monocytogenes serotype 7 (organism)</td></tr><tr><td><a href="http://snomed.info/id/450540009">450540009</a></td><td>Listeria monocytogenes serotype 3a (organism)</td></tr><tr><td><a href="http://snomed.info/id/258366009">258366009</a></td><td>Group 1 (qualifier value)</td></tr><tr><td><a href="http://snomed.info/id/450538004">450538004</a></td><td>Listeria monocytogenes serotype 1/2c (organism)</td></tr><tr><td><a href="http://snomed.info/id/450537009">450537009</a></td><td>Listeria monocytogenes serotype 1/2b (organism)</td></tr><tr><td><a href="http://snomed.info/id/450546003">450546003</a></td><td>Listeria monocytogenes serotype 4d (organism)</td></tr><tr><td><a href="http://snomed.info/id/258370001">258370001</a></td><td>Group 2 (qualifier value)</td></tr><tr><td><a href="http://snomed.info/id/258374005">258374005</a></td><td>Group 3 (qualifier value)</td></tr></table></li></ul></div></text><url value="http://fhir.ch/ig/ch-elm/ValueSet/ch-elm-results-lis-org"/><version value="1.7.0"/><name value="ChElmResultsLisOrg"/><title value="CH ELM Results Lis Org"/><status value="active"/><experimental value="false"/><date value="2024-11-28T14:18:34+00:00"/><publisher value="Federal Office of Public Health FOPH"/><contact><name value="Federal Office of Public Health FOPH"/><telecom><system value="url"/><value value="https://www.bag.admin.ch/bag/en/home/das-bag/kontakt-standort.html"/></telecom></contact><description value="The &quot;CH ELM Results Lis Org&quot; organism group provides a curated set of codes representing specific organisms. Each code within this group has been selected to ensure precise representation and consistency in relation to the primary LOINC codes. Clients utilizing the &quot;CH ELM Results Lis Org&quot; group should refer to the provided codes to accurately and uniformly capture and report organism-related information."/><jurisdiction><coding><system value="urn:iso:std:iso:3166"/><code value="CHE"/></coding></jurisdiction><copyright value="CC0-1.0"/><compose><include><system value="http://snomed.info/sct"/><concept><code value="450542001"/><display value="Listeria monocytogenes serotype 3c (organism)"/></concept><concept><code value="258381003"/><display value="Group 4 (qualifier value)"/></concept><concept><code value="450536000"/><display value="Listeria monocytogenes serotype 1/2a (organism)"/></concept><concept><code value="450547007"/><display value="Listeria monocytogenes serotype 4e (organism)"/></concept><concept><code value="36094007"/><display value="Listeria monocytogenes (organism)"/></concept><concept><code value="450541008"/><display value="Listeria monocytogenes serotype 3b (organism)"/></concept><concept><code value="450539007"/><display value="Listeria monocytogenes serotype 4b (organism)"/></concept><concept><code value="450548002"/><display value="Listeria monocytogenes serotype 7 (organism)"/></concept><concept><code value="450540009"/><display value="Listeria monocytogenes serotype 3a (organism)"/></concept><concept><code value="258366009"/><display value="Group 1 (qualifier value)"/></concept><concept><code value="450538004"/><display value="Listeria monocytogenes serotype 1/2c (organism)"/></concept><concept><code value="450537009"/><display value="Listeria monocytogenes serotype 1/2b (organism)"/></concept><concept><code value="450546003"/><display value="Listeria monocytogenes serotype 4d (organism)"/></concept><concept><code value="258370001"/><display value="Group 2 (qualifier value)"/></concept><concept><code value="258374005"/><display value="Group 3 (qualifier value)"/></concept></include></compose></ValueSet>