<?xml version="1.0" encoding="UTF-8"?><ValueSet xmlns="http://hl7.org/fhir"><id value="ch-elm-results-complete-spec"/><text><status value="generated"/><div xmlns="http://www.w3.org/1999/xhtml"><p class="res-header-id"><b>Generated Narrative: ValueSet ch-elm-results-complete-spec</b></p><a name="ch-elm-results-complete-spec"> </a><a name="hcch-elm-results-complete-spec"> </a><a name="ch-elm-results-complete-spec-en-US"> </a><ul><li>Include these codes as defined in <a href="http://www.snomed.org/"><code>http://snomed.info/sct</code></a><table class="none"><tr><td style="white-space:nowrap"><b>Code</b></td><td><b>Display</b></td></tr><tr><td><a href="http://snomed.info/id/122592007">122592007</a></td><td>Acellular blood (serum or plasma) specimen (specimen)</td></tr><tr><td><a href="http://snomed.info/id/119396006">119396006</a></td><td>Specimen from endometrium (specimen)</td></tr><tr><td><a href="http://snomed.info/id/119341000">119341000</a></td><td>Bile specimen (specimen)</td></tr><tr><td><a href="http://snomed.info/id/397129002">397129002</a></td><td>Specimen from vulva (specimen)</td></tr><tr><td><a href="http://snomed.info/id/258603007">258603007</a></td><td>Specimen from respiratory system (specimen)</td></tr><tr><td><a href="http://snomed.info/id/309051001">309051001</a></td><td>Body fluid specimen (specimen)</td></tr><tr><td><a href="http://snomed.info/id/418932006">418932006</a></td><td>Oral Swab (specimen)</td></tr><tr><td><a href="http://snomed.info/id/119401005">119401005</a></td><td>Specimen from conjunctiva (specimen)</td></tr><tr><td><a href="http://snomed.info/id/119378002">119378002</a></td><td>Endocardial specimen (specimen)</td></tr><tr><td><a href="http://snomed.info/id/119347001">119347001</a></td><td>Seminal fluid specimen (specimen)</td></tr><tr><td><a href="http://snomed.info/id/119339001">119339001</a></td><td>Stool specimen (specimen)</td></tr><tr><td><a href="http://snomed.info/id/258580003">258580003</a></td><td>Whole blood specimen (specimen)</td></tr><tr><td><a href="http://snomed.info/id/119389009">119389009</a></td><td>Specimen from throat (specimen)</td></tr><tr><td><a href="http://snomed.info/id/258527002">258527002</a></td><td>Anal swab (specimen)</td></tr><tr><td><a href="http://snomed.info/id/119386002">119386002</a></td><td>Specimen from prostate (specimen)</td></tr><tr><td><a href="http://snomed.info/id/258454002">258454002</a></td><td>Dialysate specimen (specimen)</td></tr><tr><td><a href="http://snomed.info/id/430268003">430268003</a></td><td>Specimen from bone (specimen)</td></tr><tr><td><a href="http://snomed.info/id/119395005">119395005</a></td><td>Specimen from uterine cervix (specimen)</td></tr><tr><td><a href="http://snomed.info/id/309066003">309066003</a></td><td>Skin biopsy specimen (specimen)</td></tr><tr><td><a href="http://snomed.info/id/258542004">258542004</a></td><td>Heart valve specimen (specimen)</td></tr><tr><td><a href="http://snomed.info/id/122575003">122575003</a></td><td>Urine specimen (specimen)</td></tr><tr><td><a href="http://snomed.info/id/258465007">258465007</a></td><td>Lacrimal fluid specimen (specimen)</td></tr><tr><td><a href="http://snomed.info/id/119359002">119359002</a></td><td>Bone marrow specimen (specimen)</td></tr><tr><td><a href="http://snomed.info/id/257261003">257261003</a></td><td>Swab (specimen)</td></tr><tr><td><a href="http://snomed.info/id/119361006">119361006</a></td><td>Plasma specimen (specimen)</td></tr><tr><td><a href="http://snomed.info/id/119368000">119368000</a></td><td>Specimen from cyst (specimen)</td></tr><tr><td><a href="http://snomed.info/id/258500001">258500001</a></td><td>Nasopharyngeal swab (specimen)</td></tr><tr><td><a href="http://snomed.info/id/168139001">168139001</a></td><td>Peritoneal fluid specimen (specimen)</td></tr><tr><td><a href="http://snomed.info/id/119300005">119300005</a></td><td>Specimen from blood product (specimen)</td></tr><tr><td><a href="http://snomed.info/id/258604001">258604001</a></td><td>Upper respiratory specimen</td></tr><tr><td><a href="http://snomed.info/id/119393003">119393003</a></td><td>Specimen from urethra (specimen)</td></tr><tr><td><a href="http://snomed.info/id/119364003">119364003</a></td><td>Serum specimen (specimen)</td></tr><tr><td><a href="http://snomed.info/id/418564007">418564007</a></td><td>Pleural fluid specimen (specimen)</td></tr><tr><td><a href="http://snomed.info/id/119303007">119303007</a></td><td>Microbial isolate specimen (specimen)</td></tr><tr><td><a href="http://snomed.info/id/119369008">119369008</a></td><td>Specimen from ulcer (specimen)</td></tr><tr><td><a href="http://snomed.info/id/119391001">119391001</a></td><td>Specimen from bronchus (specimen)</td></tr><tr><td><a href="http://snomed.info/id/119323008">119323008</a></td><td>Pus specimen (specimen)</td></tr><tr><td><a href="http://snomed.info/id/258606004">258606004</a></td><td>Lower respiratory tract specimen</td></tr><tr><td><a href="http://snomed.info/id/399492000">399492000</a></td><td>Tissue specimen from lung (specimen)</td></tr><tr><td><a href="http://snomed.info/id/119332005">119332005</a></td><td>Synovial fluid specimen (specimen)</td></tr><tr><td><a href="http://snomed.info/id/258589002">258589002</a></td><td>Lymph node specimen (specimen)</td></tr><tr><td><a href="http://snomed.info/id/3040001000004107">3040001000004107</a></td><td>Paraffin embedded tissue block specimen (specimen)</td></tr><tr><td><a href="http://snomed.info/id/119295008">119295008</a></td><td>Specimen obtained by aspiration (specimen)</td></tr><tr><td><a href="http://snomed.info/id/447154002">447154002</a></td><td>Specimen from nose (specimen)</td></tr><tr><td><a href="http://snomed.info/id/119399004">119399004</a></td><td>Specimen from eye (specimen)</td></tr><tr><td><a href="http://snomed.info/id/119297000">119297000</a></td><td>Blood specimen (specimen)</td></tr><tr><td><a href="http://snomed.info/id/119394009">119394009</a></td><td>Specimen from vagina (specimen)</td></tr><tr><td><a href="http://snomed.info/id/122736005">122736005</a></td><td>Tissue specimen from placenta (specimen)</td></tr><tr><td><a href="http://snomed.info/id/119344008">119344008</a></td><td>Specimen from genital system (specimen)</td></tr><tr><td><a href="http://snomed.info/id/447955000">447955000</a></td><td>Specimen from rectum (specimen)</td></tr><tr><td><a href="http://snomed.info/id/119376003">119376003</a></td><td>Tissue specimen (specimen)</td></tr><tr><td><a href="http://snomed.info/id/119343002">119343002</a></td><td>Pancreatic fluid specimen (specimen)</td></tr><tr><td><a href="http://snomed.info/id/472904006">472904006</a></td><td>Swab from abdomen (specimen)</td></tr><tr><td><a href="http://snomed.info/id/122643008">122643008</a></td><td>Tissue specimen from large intestine (specimen)</td></tr><tr><td><a href="http://snomed.info/id/119324002">119324002</a></td><td>Specimen of unknown material (specimen)</td></tr><tr><td><a href="http://snomed.info/id/122571007">122571007</a></td><td>Pericardial fluid specimen (specimen)</td></tr><tr><td><a href="http://snomed.info/id/309165001">309165001</a></td><td>Ear specimen (specimen)</td></tr><tr><td><a href="http://snomed.info/id/258459007">258459007</a></td><td>Gastric fluid specimen (specimen)</td></tr><tr><td><a href="http://snomed.info/id/608969007">608969007</a></td><td>Specimen from skin (specimen)</td></tr><tr><td><a href="http://snomed.info/id/122556008">122556008</a></td><td>Cord blood specimen (specimen)</td></tr><tr><td><a href="http://snomed.info/id/258450006">258450006</a></td><td>Cerebrospinal fluid specimen (specimen)</td></tr><tr><td><a href="http://snomed.info/id/258607008">258607008</a></td><td>Bronchoalveolar lavage fluid specimen (specimen)</td></tr><tr><td><a href="http://snomed.info/id/258415003">258415003</a></td><td>Biopsy specimen (specimen)</td></tr><tr><td><a href="http://snomed.info/id/445447003">445447003</a></td><td>Specimen from trachea obtained by aspiration (specimen)</td></tr><tr><td><a href="http://snomed.info/id/119398007">119398007</a></td><td>Specimen from brain (specimen)</td></tr><tr><td><a href="http://snomed.info/id/119342007">119342007</a></td><td>Saliva specimen (specimen)</td></tr><tr><td><a href="http://snomed.info/id/119365002">119365002</a></td><td>Specimen from wound (specimen)</td></tr><tr><td><a href="http://snomed.info/id/119334006">119334006</a></td><td>Sputum specimen (specimen)</td></tr><tr><td><a href="http://snomed.info/id/119373006">119373006</a></td><td>Amniotic fluid specimen (specimen)</td></tr><tr><td><a href="http://snomed.info/id/119371008">119371008</a></td><td>Specimen from abscess (specimen)</td></tr></table></li></ul></div></text><url value="http://fhir.ch/ig/ch-elm/ValueSet/ch-elm-results-complete-spec"/><version value="1.8.0"/><name value="ChElmResultsCompleteSpec"/><title value="CH ELM Results Complete Spec"/><status value="active"/><experimental value="false"/><date value="2025-02-04T09:10:33+00:00"/><publisher value="Federal Office of Public Health FOPH"/><contact><name value="Federal Office of Public Health FOPH"/><telecom><system value="url"/><value value="https://www.bag.admin.ch/bag/en/home/das-bag/kontakt-standort.html"/></telecom></contact><description value="The &quot;CH ELM Results Complete Spec&quot; material group provides a curated set of codes representing specific materials. Each code within this group is selected to ensure consistency and accuracy for medical coding related to the primary LOINC codes. Clients using the &quot;CH ELM Results Complete Spec&quot; group should refer to the provided codes to ensure they capture and report material information correctly and consistently."/><jurisdiction><coding><system value="urn:iso:std:iso:3166"/><code value="CHE"/></coding></jurisdiction><copyright value="CC0-1.0"/><compose><include><system value="http://snomed.info/sct"/><concept><code value="122592007"/><display value="Acellular blood (serum or plasma) specimen (specimen)"/></concept><concept><code value="119396006"/><display value="Specimen from endometrium (specimen)"/></concept><concept><code value="119341000"/><display value="Bile specimen (specimen)"/></concept><concept><code value="397129002"/><display value="Specimen from vulva (specimen)"/></concept><concept><code value="258603007"/><display value="Specimen from respiratory system (specimen)"/></concept><concept><code value="309051001"/><display value="Body fluid specimen (specimen)"/></concept><concept><code value="418932006"/><display value="Oral Swab (specimen)"/></concept><concept><code value="119401005"/><display value="Specimen from conjunctiva (specimen)"/></concept><concept><code value="119378002"/><display value="Endocardial specimen (specimen)"/></concept><concept><code value="119347001"/><display value="Seminal fluid specimen (specimen)"/></concept><concept><code value="119339001"/><display value="Stool specimen (specimen)"/></concept><concept><code value="258580003"/><display value="Whole blood specimen (specimen)"/></concept><concept><code value="119389009"/><display value="Specimen from throat (specimen)"/></concept><concept><code value="258527002"/><display value="Anal swab (specimen)"/></concept><concept><code value="119386002"/><display value="Specimen from prostate (specimen)"/></concept><concept><code value="258454002"/><display value="Dialysate specimen (specimen)"/></concept><concept><code value="430268003"/><display value="Specimen from bone (specimen)"/></concept><concept><code value="119395005"/><display value="Specimen from uterine cervix (specimen)"/></concept><concept><code value="309066003"/><display value="Skin biopsy specimen (specimen)"/></concept><concept><code value="258542004"/><display value="Heart valve specimen (specimen)"/></concept><concept><code value="122575003"/><display value="Urine specimen (specimen)"/></concept><concept><code value="258465007"/><display value="Lacrimal fluid specimen (specimen)"/></concept><concept><code value="119359002"/><display value="Bone marrow specimen (specimen)"/></concept><concept><code value="257261003"/><display value="Swab (specimen)"/></concept><concept><code value="119361006"/><display value="Plasma specimen (specimen)"/></concept><concept><code value="119368000"/><display value="Specimen from cyst (specimen)"/></concept><concept><code value="258500001"/><display value="Nasopharyngeal swab (specimen)"/></concept><concept><code value="168139001"/><display value="Peritoneal fluid specimen (specimen)"/></concept><concept><code value="119300005"/><display value="Specimen from blood product (specimen)"/></concept><concept><code value="258604001"/><display value="Upper respiratory specimen"/></concept><concept><code value="119393003"/><display value="Specimen from urethra (specimen)"/></concept><concept><code value="119364003"/><display value="Serum specimen (specimen)"/></concept><concept><code value="418564007"/><display value="Pleural fluid specimen (specimen)"/></concept><concept><code value="119303007"/><display value="Microbial isolate specimen (specimen)"/></concept><concept><code value="119369008"/><display value="Specimen from ulcer (specimen)"/></concept><concept><code value="119391001"/><display value="Specimen from bronchus (specimen)"/></concept><concept><code value="119323008"/><display value="Pus specimen (specimen)"/></concept><concept><code value="258606004"/><display value="Lower respiratory tract specimen"/></concept><concept><code value="399492000"/><display value="Tissue specimen from lung (specimen)"/></concept><concept><code value="119332005"/><display value="Synovial fluid specimen (specimen)"/></concept><concept><code value="258589002"/><display value="Lymph node specimen (specimen)"/></concept><concept><code value="3040001000004107"/><display value="Paraffin embedded tissue block specimen (specimen)"/></concept><concept><code value="119295008"/><display value="Specimen obtained by aspiration (specimen)"/></concept><concept><code value="447154002"/><display value="Specimen from nose (specimen)"/></concept><concept><code value="119399004"/><display value="Specimen from eye (specimen)"/></concept><concept><code value="119297000"/><display value="Blood specimen (specimen)"/></concept><concept><code value="119394009"/><display value="Specimen from vagina (specimen)"/></concept><concept><code value="122736005"/><display value="Tissue specimen from placenta (specimen)"/></concept><concept><code value="119344008"/><display value="Specimen from genital system (specimen)"/></concept><concept><code value="447955000"/><display value="Specimen from rectum (specimen)"/></concept><concept><code value="119376003"/><display value="Tissue specimen (specimen)"/></concept><concept><code value="119343002"/><display value="Pancreatic fluid specimen (specimen)"/></concept><concept><code value="472904006"/><display value="Swab from abdomen (specimen)"/></concept><concept><code value="122643008"/><display value="Tissue specimen from large intestine (specimen)"/></concept><concept><code value="119324002"/><display value="Specimen of unknown material (specimen)"/></concept><concept><code value="122571007"/><display value="Pericardial fluid specimen (specimen)"/></concept><concept><code value="309165001"/><display value="Ear specimen (specimen)"/></concept><concept><code value="258459007"/><display value="Gastric fluid specimen (specimen)"/></concept><concept><code value="608969007"/><display value="Specimen from skin (specimen)"/></concept><concept><code value="122556008"/><display value="Cord blood specimen (specimen)"/></concept><concept><code value="258450006"/><display value="Cerebrospinal fluid specimen (specimen)"/></concept><concept><code value="258607008"/><display value="Bronchoalveolar lavage fluid specimen (specimen)"/></concept><concept><code value="258415003"/><display value="Biopsy specimen (specimen)"/></concept><concept><code value="445447003"/><display value="Specimen from trachea obtained by aspiration (specimen)"/></concept><concept><code value="119398007"/><display value="Specimen from brain (specimen)"/></concept><concept><code value="119342007"/><display value="Saliva specimen (specimen)"/></concept><concept><code value="119365002"/><display value="Specimen from wound (specimen)"/></concept><concept><code value="119334006"/><display value="Sputum specimen (specimen)"/></concept><concept><code value="119373006"/><display value="Amniotic fluid specimen (specimen)"/></concept><concept><code value="119371008"/><display value="Specimen from abscess (specimen)"/></concept></include></compose></ValueSet>