<?xml version="1.0" encoding="UTF-8"?>

<ConceptMap xmlns="http://hl7.org/fhir">
  <id value="ch-elm-expecting-organism-specification-to-results-completion-vs"/>
  <text>
    <status value="generated"/><div xmlns="http://www.w3.org/1999/xhtml"><p class="res-header-id"><b>Generated Narrative: ConceptMap ch-elm-expecting-organism-specification-to-results-completion-vs</b></p><a name="ch-elm-expecting-organism-specification-to-results-completion-vs"> </a><a name="hcch-elm-expecting-organism-specification-to-results-completion-vs"> </a><a name="ch-elm-expecting-organism-specification-to-results-completion-vs-en-US"> </a><p>Mapping from <a href="ValueSet-ch-elm-expecting-organism-specification.html">CH ELM Expecting Organism Specification</a> to <a href="ValueSet-ch-elm-results-completion-vs.html">CH ELM Results Completion Vs</a></p><br/><p><b>Group 1 </b>Mapping from <a href="http://terminology.hl7.org/5.5.0/CodeSystem-v3-loinc.html">Logical Observation Identifiers, Names and Codes (LOINC)</a> to <a href="CodeSystem-ch-elm-results-completion-vs.html">CH ELM Results Completion Vs</a></p><table class="grid"><tr><td><b>Source Code</b></td><td><b>Relationship</b></td><td><b>Target Code</b></td></tr><tr><td>100911-7 (Campylobacter sp [Presence] in Stool by Organism specific culture)</td><td><a href="http://hl7.org/fhir/extensions/5.1.0/CodeSystem-concept-map-equivalence.html#relatedto" title="relatedto">is related to</a></td><td>http://fhir.ch/ig/ch-elm/ValueSet/ch-elm-results-camp-org</td></tr><tr><td>101219-4 (Legionella sp DNA [Presence] in Specimen by NAA with probe detection)</td><td><a href="http://hl7.org/fhir/extensions/5.1.0/CodeSystem-concept-map-equivalence.html#relatedto" title="relatedto">is related to</a></td><td>http://fhir.ch/ig/ch-elm/ValueSet/ch-elm-results-leg-org</td></tr><tr><td>101427-3 (Shigella sp DNA [Presence] in Stool by NAA with probe detection)</td><td><a href="http://hl7.org/fhir/extensions/5.1.0/CodeSystem-concept-map-equivalence.html#relatedto" title="relatedto">is related to</a></td><td>http://fhir.ch/ig/ch-elm/ValueSet/ch-elm-results-shi-org</td></tr><tr><td>104376-9 (Diphtheria toxin DNA [Presence] in Specimen by NAA with probe detection)</td><td><a href="http://hl7.org/fhir/extensions/5.1.0/CodeSystem-concept-map-equivalence.html#relatedto" title="relatedto">is related to</a></td><td>http://fhir.ch/ig/ch-elm/ValueSet/ch-elm-results-diph-org</td></tr><tr><td>14357-8 (Microscopic observation [Identifier] in Cerebral spinal fluid by Gram stain)</td><td><a href="http://hl7.org/fhir/extensions/5.1.0/CodeSystem-concept-map-equivalence.html#relatedto" title="relatedto">is related to</a></td><td>http://fhir.ch/ig/ch-elm/ValueSet/ch-elm-results-men-org</td></tr><tr><td>17563-8 (Salmonella sp identified in Specimen by Organism specific culture)</td><td><a href="http://hl7.org/fhir/extensions/5.1.0/CodeSystem-concept-map-equivalence.html#relatedto" title="relatedto">is related to</a></td><td>http://fhir.ch/ig/ch-elm/ValueSet/ch-elm-results-sal-org</td></tr><tr><td>22826-2 (Influenza virus A identified in Specimen by Bioassay)</td><td><a href="http://hl7.org/fhir/extensions/5.1.0/CodeSystem-concept-map-equivalence.html#relatedto" title="relatedto">is related to</a></td><td>http://fhir.ch/ig/ch-elm/ValueSet/ch-elm-results-influenza-hxny-org</td></tr><tr><td>24102-6 (Corynebacterium toxin [Presence] in Specimen by Immune diffusion (ID))</td><td><a href="http://hl7.org/fhir/extensions/5.1.0/CodeSystem-concept-map-equivalence.html#relatedto" title="relatedto">is related to</a></td><td>http://fhir.ch/ig/ch-elm/ValueSet/ch-elm-results-diph-org</td></tr><tr><td>32781-7 (Legionella sp Ag [Presence] in Urine)</td><td><a href="http://hl7.org/fhir/extensions/5.1.0/CodeSystem-concept-map-equivalence.html#relatedto" title="relatedto">is related to</a></td><td>http://fhir.ch/ig/ch-elm/ValueSet/ch-elm-results-leg-org</td></tr><tr><td>38353-9 (Streptococcus sp identified in Specimen by Organism specific culture)</td><td><a href="http://hl7.org/fhir/extensions/5.1.0/CodeSystem-concept-map-equivalence.html#relatedto" title="relatedto">is related to</a></td><td>http://fhir.ch/ig/ch-elm/ValueSet/ch-elm-results-pneu-org</td></tr><tr><td>39025-2 (Influenza virus A hemagglutinin cDNA [Identifier] in Specimen by Sequencing)</td><td><a href="http://hl7.org/fhir/extensions/5.1.0/CodeSystem-concept-map-equivalence.html#relatedto" title="relatedto">is related to</a></td><td>http://fhir.ch/ig/ch-elm/ValueSet/ch-elm-results-influenza-hxny-org</td></tr><tr><td>41625-5 (Brucella sp DNA [Identifier] in Specimen by NAA with probe detection)</td><td><a href="http://hl7.org/fhir/extensions/5.1.0/CodeSystem-concept-map-equivalence.html#relatedto" title="relatedto">is related to</a></td><td>http://fhir.ch/ig/ch-elm/ValueSet/ch-elm-results-bru-org</td></tr><tr><td>43389-6 (Streptococcus sp identified in Isolate by Organism specific culture)</td><td><a href="http://hl7.org/fhir/extensions/5.1.0/CodeSystem-concept-map-equivalence.html#relatedto" title="relatedto">is related to</a></td><td>http://fhir.ch/ig/ch-elm/ValueSet/ch-elm-results-pneu-org</td></tr><tr><td>46454-5 (Shigella sp [Presence] in Specimen by Organism specific culture)</td><td><a href="http://hl7.org/fhir/extensions/5.1.0/CodeSystem-concept-map-equivalence.html#relatedto" title="relatedto">is related to</a></td><td>http://fhir.ch/ig/ch-elm/ValueSet/ch-elm-results-shi-org</td></tr><tr><td>46455-2 (Shigella sp DNA [Presence] in Specimen by NAA with probe detection)</td><td><a href="http://hl7.org/fhir/extensions/5.1.0/CodeSystem-concept-map-equivalence.html#relatedto" title="relatedto">is related to</a></td><td>http://fhir.ch/ig/ch-elm/ValueSet/ch-elm-results-shi-org</td></tr><tr><td>46732-4 (Francisella tularensis subtype [Identifier] in Specimen by NAA with probe detection)</td><td><a href="http://hl7.org/fhir/extensions/5.1.0/CodeSystem-concept-map-equivalence.html#relatedto" title="relatedto">is related to</a></td><td>http://fhir.ch/ig/ch-elm/ValueSet/ch-elm-results-tul-org</td></tr><tr><td>47085-6 (Plasmodium sp DNA [Presence] in Blood by NAA with probe detection)</td><td><a href="http://hl7.org/fhir/extensions/5.1.0/CodeSystem-concept-map-equivalence.html#relatedto" title="relatedto">is related to</a></td><td>http://fhir.ch/ig/ch-elm/ValueSet/ch-elm-results-mal-org</td></tr><tr><td>49612-5 (Salmonella sp DNA [Presence] in Specimen by NAA with probe detection)</td><td><a href="http://hl7.org/fhir/extensions/5.1.0/CodeSystem-concept-map-equivalence.html#relatedto" title="relatedto">is related to</a></td><td>http://fhir.ch/ig/ch-elm/ValueSet/ch-elm-results-sal-org</td></tr><tr><td>50687-3 (Plasmodium sp Ag [Presence] in Blood)</td><td><a href="http://hl7.org/fhir/extensions/5.1.0/CodeSystem-concept-map-equivalence.html#relatedto" title="relatedto">is related to</a></td><td>http://fhir.ch/ig/ch-elm/ValueSet/ch-elm-results-mal-org</td></tr><tr><td>50697-2 (Influenza virus A Ag [Identifier] in Isolate)</td><td><a href="http://hl7.org/fhir/extensions/5.1.0/CodeSystem-concept-map-equivalence.html#relatedto" title="relatedto">is related to</a></td><td>http://fhir.ch/ig/ch-elm/ValueSet/ch-elm-results-influenza-hxny-org</td></tr><tr><td>51587-4 (Plasmodium sp [Presence] in Blood by Light microscopy)</td><td><a href="http://hl7.org/fhir/extensions/5.1.0/CodeSystem-concept-map-equivalence.html#relatedto" title="relatedto">is related to</a></td><td>http://fhir.ch/ig/ch-elm/ValueSet/ch-elm-results-mal-org</td></tr><tr><td>552-0 (Brucella sp identified in Specimen by Organism specific culture)</td><td><a href="http://hl7.org/fhir/extensions/5.1.0/CodeSystem-concept-map-equivalence.html#relatedto" title="relatedto">is related to</a></td><td>http://fhir.ch/ig/ch-elm/ValueSet/ch-elm-results-bru-org</td></tr><tr><td>58473-0 (Haemophilus influenzae serotype DNA [Identifier] in Specimen by NAA with probe detection)</td><td><a href="http://hl7.org/fhir/extensions/5.1.0/CodeSystem-concept-map-equivalence.html#relatedto" title="relatedto">is related to</a></td><td>http://fhir.ch/ig/ch-elm/ValueSet/ch-elm-results-haem-org</td></tr><tr><td>589-2 (Legionella sp identified in Bronchial specimen by Organism specific culture)</td><td><a href="http://hl7.org/fhir/extensions/5.1.0/CodeSystem-concept-map-equivalence.html#relatedto" title="relatedto">is related to</a></td><td>http://fhir.ch/ig/ch-elm/ValueSet/ch-elm-results-leg-org</td></tr><tr><td>590-0 (Legionella sp identified in Sputum by Organism specific culture)</td><td><a href="http://hl7.org/fhir/extensions/5.1.0/CodeSystem-concept-map-equivalence.html#relatedto" title="relatedto">is related to</a></td><td>http://fhir.ch/ig/ch-elm/ValueSet/ch-elm-results-leg-org</td></tr><tr><td>593-4 (Legionella sp identified in Specimen by Organism specific culture)</td><td><a href="http://hl7.org/fhir/extensions/5.1.0/CodeSystem-concept-map-equivalence.html#relatedto" title="relatedto">is related to</a></td><td>http://fhir.ch/ig/ch-elm/ValueSet/ch-elm-results-leg-org</td></tr><tr><td>59423-4 (Influenza virus A hemagglutinin type RNA [Identifier] in Specimen by NAA with probe detection)</td><td><a href="http://hl7.org/fhir/extensions/5.1.0/CodeSystem-concept-map-equivalence.html#relatedto" title="relatedto">is related to</a></td><td>http://fhir.ch/ig/ch-elm/ValueSet/ch-elm-results-influenza-hxny-org</td></tr><tr><td>60422-3 (Measles virus genotype [Identifier] in Specimen by NAA with probe detection)</td><td><a href="http://hl7.org/fhir/extensions/5.1.0/CodeSystem-concept-map-equivalence.html#relatedto" title="relatedto">is related to</a></td><td>http://fhir.ch/ig/ch-elm/ValueSet/ch-elm-results-mea-org</td></tr><tr><td>65756-9 (Salmonella sp serovar [Type] in Isolate)</td><td><a href="http://hl7.org/fhir/extensions/5.1.0/CodeSystem-concept-map-equivalence.html#relatedto" title="relatedto">is related to</a></td><td>http://fhir.ch/ig/ch-elm/ValueSet/ch-elm-results-sal-org-complete</td></tr><tr><td>6578-9 (Vibrio sp identified in Blood by Organism specific culture)</td><td><a href="http://hl7.org/fhir/extensions/5.1.0/CodeSystem-concept-map-equivalence.html#relatedto" title="relatedto">is related to</a></td><td>http://fhir.ch/ig/ch-elm/ValueSet/ch-elm-results-chol-org</td></tr><tr><td>6579-7 (Vibrio sp identified in Stool by Organism specific culture)</td><td><a href="http://hl7.org/fhir/extensions/5.1.0/CodeSystem-concept-map-equivalence.html#relatedto" title="relatedto">is related to</a></td><td>http://fhir.ch/ig/ch-elm/ValueSet/ch-elm-results-chol-org</td></tr><tr><td>6581-3 (Vibrio sp identified in Specimen by Organism specific culture)</td><td><a href="http://hl7.org/fhir/extensions/5.1.0/CodeSystem-concept-map-equivalence.html#relatedto" title="relatedto">is related to</a></td><td>http://fhir.ch/ig/ch-elm/ValueSet/ch-elm-results-chol-org</td></tr><tr><td>6584-7 (Virus identified in Specimen by Culture)</td><td><a href="http://hl7.org/fhir/extensions/5.1.0/CodeSystem-concept-map-equivalence.html#relatedto" title="relatedto">is related to</a></td><td>http://fhir.ch/ig/ch-elm/ValueSet/ch-elm-results-virus-cult-org</td></tr><tr><td>6600-1 (Haemophilus sp identified in Specimen by Organism specific culture)</td><td><a href="http://hl7.org/fhir/extensions/5.1.0/CodeSystem-concept-map-equivalence.html#relatedto" title="relatedto">is related to</a></td><td>http://fhir.ch/ig/ch-elm/ValueSet/ch-elm-results-haem-org</td></tr><tr><td>6604-3 (Influenza virus identified in Specimen by Organism specific culture)</td><td><a href="http://hl7.org/fhir/extensions/5.1.0/CodeSystem-concept-map-equivalence.html#relatedto" title="relatedto">is related to</a></td><td>http://fhir.ch/ig/ch-elm/ValueSet/ch-elm-results-influenza-hxny-org</td></tr><tr><td>6609-2 (Listeria sp identified in Specimen by Organism specific culture)</td><td><a href="http://hl7.org/fhir/extensions/5.1.0/CodeSystem-concept-map-equivalence.html#relatedto" title="relatedto">is related to</a></td><td>http://fhir.ch/ig/ch-elm/ValueSet/ch-elm-results-lis-org</td></tr><tr><td>70569-9 (Plasmodium sp Ag [Identifier] in Blood by Rapid immunoassay)</td><td><a href="http://hl7.org/fhir/extensions/5.1.0/CodeSystem-concept-map-equivalence.html#relatedto" title="relatedto">is related to</a></td><td>http://fhir.ch/ig/ch-elm/ValueSet/ch-elm-results-mal-org</td></tr><tr><td>74037-3 (Transmissible spongiform encephalopathy [Identifier] in Brain by Light microscopy)</td><td><a href="http://hl7.org/fhir/extensions/5.1.0/CodeSystem-concept-map-equivalence.html#relatedto" title="relatedto">is related to</a></td><td>http://fhir.ch/ig/ch-elm/ValueSet/ch-elm-results-cjd-org</td></tr><tr><td>75756-7 (Bacteria identified in Isolate by MS.MALDI-TOF)</td><td><a href="http://hl7.org/fhir/extensions/5.1.0/CodeSystem-concept-map-equivalence.html#relatedto" title="relatedto">is related to</a></td><td>http://fhir.ch/ig/ch-elm/ValueSet/ch-elm-results-maldi-tof-org</td></tr><tr><td>7899-8 (Hantavirus RNA [Presence] in Serum by NAA with probe detection)</td><td><a href="http://hl7.org/fhir/extensions/5.1.0/CodeSystem-concept-map-equivalence.html#relatedto" title="relatedto">is related to</a></td><td>http://fhir.ch/ig/ch-elm/ValueSet/ch-elm-results-hanta-org</td></tr><tr><td>82300-5 (Shigella sp [Presence] in Stool by Culture)</td><td><a href="http://hl7.org/fhir/extensions/5.1.0/CodeSystem-concept-map-equivalence.html#relatedto" title="relatedto">is related to</a></td><td>http://fhir.ch/ig/ch-elm/ValueSet/ch-elm-results-shi-org</td></tr><tr><td>82301-3 (Salmonella sp [Presence] in Stool by Culture)</td><td><a href="http://hl7.org/fhir/extensions/5.1.0/CodeSystem-concept-map-equivalence.html#relatedto" title="relatedto">is related to</a></td><td>http://fhir.ch/ig/ch-elm/ValueSet/ch-elm-results-sal-org</td></tr><tr><td>86520-4 (Hantavirus RNA [Presence] in Blood by NAA with probe detection)</td><td><a href="http://hl7.org/fhir/extensions/5.1.0/CodeSystem-concept-map-equivalence.html#relatedto" title="relatedto">is related to</a></td><td>http://fhir.ch/ig/ch-elm/ValueSet/ch-elm-results-hanta-org</td></tr><tr><td>88585-5 (Legionella sp identified in Lower respiratory specimen by Organism specific culture)</td><td><a href="http://hl7.org/fhir/extensions/5.1.0/CodeSystem-concept-map-equivalence.html#relatedto" title="relatedto">is related to</a></td><td>http://fhir.ch/ig/ch-elm/ValueSet/ch-elm-results-leg-org</td></tr><tr><td>88588-9 (Legionella sp DNA [Identifier] in Lower respiratory specimen by NAA with probe detection)</td><td><a href="http://hl7.org/fhir/extensions/5.1.0/CodeSystem-concept-map-equivalence.html#relatedto" title="relatedto">is related to</a></td><td>http://fhir.ch/ig/ch-elm/ValueSet/ch-elm-results-leg-org</td></tr><tr><td>90066-2 (Corynebacterium sp identified in Isolate by Organism specific culture)</td><td><a href="http://hl7.org/fhir/extensions/5.1.0/CodeSystem-concept-map-equivalence.html#relatedto" title="relatedto">is related to</a></td><td>http://fhir.ch/ig/ch-elm/ValueSet/ch-elm-results-diph-org</td></tr><tr><td>92786-3 (Corynebacterium sp DNA [Presence] by NAA with probe detection in Positive blood culture)</td><td><a href="http://hl7.org/fhir/extensions/5.1.0/CodeSystem-concept-map-equivalence.html#relatedto" title="relatedto">is related to</a></td><td>http://fhir.ch/ig/ch-elm/ValueSet/ch-elm-results-diph-org</td></tr><tr><td>93385-3 (Salmonella sp DNA [Presence] by NAA with probe detection in Positive blood culture)</td><td><a href="http://hl7.org/fhir/extensions/5.1.0/CodeSystem-concept-map-equivalence.html#relatedto" title="relatedto">is related to</a></td><td>http://fhir.ch/ig/ch-elm/ValueSet/ch-elm-results-sal-org</td></tr><tr><td>97313-1 (Salmonella sp DNA [Presence] in Stool by NAA with probe detection)</td><td><a href="http://hl7.org/fhir/extensions/5.1.0/CodeSystem-concept-map-equivalence.html#relatedto" title="relatedto">is related to</a></td><td>http://fhir.ch/ig/ch-elm/ValueSet/ch-elm-results-sal-org</td></tr><tr><td>97513-6 (Campylobacter sp [Presence] in Specimen by Organism specific culture)</td><td><a href="http://hl7.org/fhir/extensions/5.1.0/CodeSystem-concept-map-equivalence.html#relatedto" title="relatedto">is related to</a></td><td>http://fhir.ch/ig/ch-elm/ValueSet/ch-elm-results-camp-org</td></tr></table></div>
  </text>
  <url value="http://fhir.ch/ig/ch-elm/ConceptMap/ch-elm-expecting-organism-specification-to-results-completion-vs"/>
  <version value="1.8.0"/>
  <name value="ChElmExpectingOrganismSpecificationToResultsCompletionVs"/>
  <title value="CH ELM Expecting Organism Specification To Results Completion Vs"/>
  <status value="active"/>
  <experimental value="false"/>
  <date value="2025-02-04T09:10:33+00:00"/>
  <publisher value="Federal Office of Public Health FOPH"/>
  <contact>
    <name value="Federal Office of Public Health FOPH"/>
    <telecom>
      <system value="url"/>
      <value value="https://www.bag.admin.ch/bag/en/home/das-bag/kontakt-standort.html"/>
    </telecom>
  </contact>
  <description value="This CH ELM concept map shows which leading codes have to be completed by an additional code to specify the organism. The target code shows the URL of the value set containing the permitted codes for the organism specification."/>
  <jurisdiction>
    <coding>
      <system value="urn:iso:std:iso:3166"/>
      <code value="CHE"/>
    </coding>
  </jurisdiction>
  <copyright value="CC0-1.0"/>
  <sourceCanonical value="http://fhir.ch/ig/ch-elm/ValueSet/ch-elm-expecting-organism-specification"/>
  <targetCanonical value="http://fhir.ch/ig/ch-elm/ValueSet/ch-elm-results-completion-vs"/>
  <group>
    <source value="http://loinc.org"/>
    <target value="http://fhir.ch/ig/ch-elm/CodeSystem/ch-elm-results-completion-vs"/>
    <element>
      <code value="100911-7"/>
      <display value="Campylobacter sp [Presence] in Stool by Organism specific culture"/>
      <target>
        <code value="http://fhir.ch/ig/ch-elm/ValueSet/ch-elm-results-camp-org"/>
        <equivalence value="relatedto"/>
      </target>
    </element>
    <element>
      <code value="101219-4"/>
      <display value="Legionella sp DNA [Presence] in Specimen by NAA with probe detection"/>
      <target>
        <code value="http://fhir.ch/ig/ch-elm/ValueSet/ch-elm-results-leg-org"/>
        <equivalence value="relatedto"/>
      </target>
    </element>
    <element>
      <code value="101427-3"/>
      <display value="Shigella sp DNA [Presence] in Stool by NAA with probe detection"/>
      <target>
        <code value="http://fhir.ch/ig/ch-elm/ValueSet/ch-elm-results-shi-org"/>
        <equivalence value="relatedto"/>
      </target>
    </element>
    <element>
      <code value="104376-9"/>
      <display value="Diphtheria toxin DNA [Presence] in Specimen by NAA with probe detection"/>
      <target>
        <code value="http://fhir.ch/ig/ch-elm/ValueSet/ch-elm-results-diph-org"/>
        <equivalence value="relatedto"/>
      </target>
    </element>
    <element>
      <code value="14357-8"/>
      <display value="Microscopic observation [Identifier] in Cerebral spinal fluid by Gram stain"/>
      <target>
        <code value="http://fhir.ch/ig/ch-elm/ValueSet/ch-elm-results-men-org"/>
        <equivalence value="relatedto"/>
      </target>
    </element>
    <element>
      <code value="17563-8"/>
      <display value="Salmonella sp identified in Specimen by Organism specific culture"/>
      <target>
        <code value="http://fhir.ch/ig/ch-elm/ValueSet/ch-elm-results-sal-org"/>
        <equivalence value="relatedto"/>
      </target>
    </element>
    <element>
      <code value="22826-2"/>
      <display value="Influenza virus A identified in Specimen by Bioassay"/>
      <target>
        <code value="http://fhir.ch/ig/ch-elm/ValueSet/ch-elm-results-influenza-hxny-org"/>
        <equivalence value="relatedto"/>
      </target>
    </element>
    <element>
      <code value="24102-6"/>
      <display value="Corynebacterium toxin [Presence] in Specimen by Immune diffusion (ID)"/>
      <target>
        <code value="http://fhir.ch/ig/ch-elm/ValueSet/ch-elm-results-diph-org"/>
        <equivalence value="relatedto"/>
      </target>
    </element>
    <element>
      <code value="32781-7"/>
      <display value="Legionella sp Ag [Presence] in Urine"/>
      <target>
        <code value="http://fhir.ch/ig/ch-elm/ValueSet/ch-elm-results-leg-org"/>
        <equivalence value="relatedto"/>
      </target>
    </element>
    <element>
      <code value="38353-9"/>
      <display value="Streptococcus sp identified in Specimen by Organism specific culture"/>
      <target>
        <code value="http://fhir.ch/ig/ch-elm/ValueSet/ch-elm-results-pneu-org"/>
        <equivalence value="relatedto"/>
      </target>
    </element>
    <element>
      <code value="39025-2"/>
      <display value="Influenza virus A hemagglutinin cDNA [Identifier] in Specimen by Sequencing"/>
      <target>
        <code value="http://fhir.ch/ig/ch-elm/ValueSet/ch-elm-results-influenza-hxny-org"/>
        <equivalence value="relatedto"/>
      </target>
    </element>
    <element>
      <code value="41625-5"/>
      <display value="Brucella sp DNA [Identifier] in Specimen by NAA with probe detection"/>
      <target>
        <code value="http://fhir.ch/ig/ch-elm/ValueSet/ch-elm-results-bru-org"/>
        <equivalence value="relatedto"/>
      </target>
    </element>
    <element>
      <code value="43389-6"/>
      <display value="Streptococcus sp identified in Isolate by Organism specific culture"/>
      <target>
        <code value="http://fhir.ch/ig/ch-elm/ValueSet/ch-elm-results-pneu-org"/>
        <equivalence value="relatedto"/>
      </target>
    </element>
    <element>
      <code value="46454-5"/>
      <display value="Shigella sp [Presence] in Specimen by Organism specific culture"/>
      <target>
        <code value="http://fhir.ch/ig/ch-elm/ValueSet/ch-elm-results-shi-org"/>
        <equivalence value="relatedto"/>
      </target>
    </element>
    <element>
      <code value="46455-2"/>
      <display value="Shigella sp DNA [Presence] in Specimen by NAA with probe detection"/>
      <target>
        <code value="http://fhir.ch/ig/ch-elm/ValueSet/ch-elm-results-shi-org"/>
        <equivalence value="relatedto"/>
      </target>
    </element>
    <element>
      <code value="46732-4"/>
      <display value="Francisella tularensis subtype [Identifier] in Specimen by NAA with probe detection"/>
      <target>
        <code value="http://fhir.ch/ig/ch-elm/ValueSet/ch-elm-results-tul-org"/>
        <equivalence value="relatedto"/>
      </target>
    </element>
    <element>
      <code value="47085-6"/>
      <display value="Plasmodium sp DNA [Presence] in Blood by NAA with probe detection"/>
      <target>
        <code value="http://fhir.ch/ig/ch-elm/ValueSet/ch-elm-results-mal-org"/>
        <equivalence value="relatedto"/>
      </target>
    </element>
    <element>
      <code value="49612-5"/>
      <display value="Salmonella sp DNA [Presence] in Specimen by NAA with probe detection"/>
      <target>
        <code value="http://fhir.ch/ig/ch-elm/ValueSet/ch-elm-results-sal-org"/>
        <equivalence value="relatedto"/>
      </target>
    </element>
    <element>
      <code value="50687-3"/>
      <display value="Plasmodium sp Ag [Presence] in Blood"/>
      <target>
        <code value="http://fhir.ch/ig/ch-elm/ValueSet/ch-elm-results-mal-org"/>
        <equivalence value="relatedto"/>
      </target>
    </element>
    <element>
      <code value="50697-2"/>
      <display value="Influenza virus A Ag [Identifier] in Isolate"/>
      <target>
        <code value="http://fhir.ch/ig/ch-elm/ValueSet/ch-elm-results-influenza-hxny-org"/>
        <equivalence value="relatedto"/>
      </target>
    </element>
    <element>
      <code value="51587-4"/>
      <display value="Plasmodium sp [Presence] in Blood by Light microscopy"/>
      <target>
        <code value="http://fhir.ch/ig/ch-elm/ValueSet/ch-elm-results-mal-org"/>
        <equivalence value="relatedto"/>
      </target>
    </element>
    <element>
      <code value="552-0"/>
      <display value="Brucella sp identified in Specimen by Organism specific culture"/>
      <target>
        <code value="http://fhir.ch/ig/ch-elm/ValueSet/ch-elm-results-bru-org"/>
        <equivalence value="relatedto"/>
      </target>
    </element>
    <element>
      <code value="58473-0"/>
      <display value="Haemophilus influenzae serotype DNA [Identifier] in Specimen by NAA with probe detection"/>
      <target>
        <code value="http://fhir.ch/ig/ch-elm/ValueSet/ch-elm-results-haem-org"/>
        <equivalence value="relatedto"/>
      </target>
    </element>
    <element>
      <code value="589-2"/>
      <display value="Legionella sp identified in Bronchial specimen by Organism specific culture"/>
      <target>
        <code value="http://fhir.ch/ig/ch-elm/ValueSet/ch-elm-results-leg-org"/>
        <equivalence value="relatedto"/>
      </target>
    </element>
    <element>
      <code value="590-0"/>
      <display value="Legionella sp identified in Sputum by Organism specific culture"/>
      <target>
        <code value="http://fhir.ch/ig/ch-elm/ValueSet/ch-elm-results-leg-org"/>
        <equivalence value="relatedto"/>
      </target>
    </element>
    <element>
      <code value="593-4"/>
      <display value="Legionella sp identified in Specimen by Organism specific culture"/>
      <target>
        <code value="http://fhir.ch/ig/ch-elm/ValueSet/ch-elm-results-leg-org"/>
        <equivalence value="relatedto"/>
      </target>
    </element>
    <element>
      <code value="59423-4"/>
      <display value="Influenza virus A hemagglutinin type RNA [Identifier] in Specimen by NAA with probe detection"/>
      <target>
        <code value="http://fhir.ch/ig/ch-elm/ValueSet/ch-elm-results-influenza-hxny-org"/>
        <equivalence value="relatedto"/>
      </target>
    </element>
    <element>
      <code value="60422-3"/>
      <display value="Measles virus genotype [Identifier] in Specimen by NAA with probe detection"/>
      <target>
        <code value="http://fhir.ch/ig/ch-elm/ValueSet/ch-elm-results-mea-org"/>
        <equivalence value="relatedto"/>
      </target>
    </element>
    <element>
      <code value="65756-9"/>
      <display value="Salmonella sp serovar [Type] in Isolate"/>
      <target>
        <code value="http://fhir.ch/ig/ch-elm/ValueSet/ch-elm-results-sal-org-complete"/>
        <equivalence value="relatedto"/>
      </target>
    </element>
    <element>
      <code value="6578-9"/>
      <display value="Vibrio sp identified in Blood by Organism specific culture"/>
      <target>
        <code value="http://fhir.ch/ig/ch-elm/ValueSet/ch-elm-results-chol-org"/>
        <equivalence value="relatedto"/>
      </target>
    </element>
    <element>
      <code value="6579-7"/>
      <display value="Vibrio sp identified in Stool by Organism specific culture"/>
      <target>
        <code value="http://fhir.ch/ig/ch-elm/ValueSet/ch-elm-results-chol-org"/>
        <equivalence value="relatedto"/>
      </target>
    </element>
    <element>
      <code value="6581-3"/>
      <display value="Vibrio sp identified in Specimen by Organism specific culture"/>
      <target>
        <code value="http://fhir.ch/ig/ch-elm/ValueSet/ch-elm-results-chol-org"/>
        <equivalence value="relatedto"/>
      </target>
    </element>
    <element>
      <code value="6584-7"/>
      <display value="Virus identified in Specimen by Culture"/>
      <target>
        <code value="http://fhir.ch/ig/ch-elm/ValueSet/ch-elm-results-virus-cult-org"/>
        <equivalence value="relatedto"/>
      </target>
    </element>
    <element>
      <code value="6600-1"/>
      <display value="Haemophilus sp identified in Specimen by Organism specific culture"/>
      <target>
        <code value="http://fhir.ch/ig/ch-elm/ValueSet/ch-elm-results-haem-org"/>
        <equivalence value="relatedto"/>
      </target>
    </element>
    <element>
      <code value="6604-3"/>
      <display value="Influenza virus identified in Specimen by Organism specific culture"/>
      <target>
        <code value="http://fhir.ch/ig/ch-elm/ValueSet/ch-elm-results-influenza-hxny-org"/>
        <equivalence value="relatedto"/>
      </target>
    </element>
    <element>
      <code value="6609-2"/>
      <display value="Listeria sp identified in Specimen by Organism specific culture"/>
      <target>
        <code value="http://fhir.ch/ig/ch-elm/ValueSet/ch-elm-results-lis-org"/>
        <equivalence value="relatedto"/>
      </target>
    </element>
    <element>
      <code value="70569-9"/>
      <display value="Plasmodium sp Ag [Identifier] in Blood by Rapid immunoassay"/>
      <target>
        <code value="http://fhir.ch/ig/ch-elm/ValueSet/ch-elm-results-mal-org"/>
        <equivalence value="relatedto"/>
      </target>
    </element>
    <element>
      <code value="74037-3"/>
      <display value="Transmissible spongiform encephalopathy [Identifier] in Brain by Light microscopy"/>
      <target>
        <code value="http://fhir.ch/ig/ch-elm/ValueSet/ch-elm-results-cjd-org"/>
        <equivalence value="relatedto"/>
      </target>
    </element>
    <element>
      <code value="75756-7"/>
      <display value="Bacteria identified in Isolate by MS.MALDI-TOF"/>
      <target>
        <code value="http://fhir.ch/ig/ch-elm/ValueSet/ch-elm-results-maldi-tof-org"/>
        <equivalence value="relatedto"/>
      </target>
    </element>
    <element>
      <code value="7899-8"/>
      <display value="Hantavirus RNA [Presence] in Serum by NAA with probe detection"/>
      <target>
        <code value="http://fhir.ch/ig/ch-elm/ValueSet/ch-elm-results-hanta-org"/>
        <equivalence value="relatedto"/>
      </target>
    </element>
    <element>
      <code value="82300-5"/>
      <display value="Shigella sp [Presence] in Stool by Culture"/>
      <target>
        <code value="http://fhir.ch/ig/ch-elm/ValueSet/ch-elm-results-shi-org"/>
        <equivalence value="relatedto"/>
      </target>
    </element>
    <element>
      <code value="82301-3"/>
      <display value="Salmonella sp [Presence] in Stool by Culture"/>
      <target>
        <code value="http://fhir.ch/ig/ch-elm/ValueSet/ch-elm-results-sal-org"/>
        <equivalence value="relatedto"/>
      </target>
    </element>
    <element>
      <code value="86520-4"/>
      <display value="Hantavirus RNA [Presence] in Blood by NAA with probe detection"/>
      <target>
        <code value="http://fhir.ch/ig/ch-elm/ValueSet/ch-elm-results-hanta-org"/>
        <equivalence value="relatedto"/>
      </target>
    </element>
    <element>
      <code value="88585-5"/>
      <display value="Legionella sp identified in Lower respiratory specimen by Organism specific culture"/>
      <target>
        <code value="http://fhir.ch/ig/ch-elm/ValueSet/ch-elm-results-leg-org"/>
        <equivalence value="relatedto"/>
      </target>
    </element>
    <element>
      <code value="88588-9"/>
      <display value="Legionella sp DNA [Identifier] in Lower respiratory specimen by NAA with probe detection"/>
      <target>
        <code value="http://fhir.ch/ig/ch-elm/ValueSet/ch-elm-results-leg-org"/>
        <equivalence value="relatedto"/>
      </target>
    </element>
    <element>
      <code value="90066-2"/>
      <display value="Corynebacterium sp identified in Isolate by Organism specific culture"/>
      <target>
        <code value="http://fhir.ch/ig/ch-elm/ValueSet/ch-elm-results-diph-org"/>
        <equivalence value="relatedto"/>
      </target>
    </element>
    <element>
      <code value="92786-3"/>
      <display value="Corynebacterium sp DNA [Presence] by NAA with probe detection in Positive blood culture"/>
      <target>
        <code value="http://fhir.ch/ig/ch-elm/ValueSet/ch-elm-results-diph-org"/>
        <equivalence value="relatedto"/>
      </target>
    </element>
    <element>
      <code value="93385-3"/>
      <display value="Salmonella sp DNA [Presence] by NAA with probe detection in Positive blood culture"/>
      <target>
        <code value="http://fhir.ch/ig/ch-elm/ValueSet/ch-elm-results-sal-org"/>
        <equivalence value="relatedto"/>
      </target>
    </element>
    <element>
      <code value="97313-1"/>
      <display value="Salmonella sp DNA [Presence] in Stool by NAA with probe detection"/>
      <target>
        <code value="http://fhir.ch/ig/ch-elm/ValueSet/ch-elm-results-sal-org"/>
        <equivalence value="relatedto"/>
      </target>
    </element>
    <element>
      <code value="97513-6"/>
      <display value="Campylobacter sp [Presence] in Specimen by Organism specific culture"/>
      <target>
        <code value="http://fhir.ch/ig/ch-elm/ValueSet/ch-elm-results-camp-org"/>
        <equivalence value="relatedto"/>
      </target>
    </element>
  </group>
</ConceptMap>