<?xml version="1.0" encoding="UTF-8"?>

<Immunization xmlns="http://hl7.org/fhir">
  <id value="TCD01-IMMUN1"/>
  <meta>
    <profile value="http://fhir.ch/ig/ch-vacd/StructureDefinition/ch-vacd-immunization"/>
  </meta>
  <text>
    <status value="extensions"/><div xmlns="http://www.w3.org/1999/xhtml"><p><b>Generated Narrative: Immunization</b><a name="TCD01-IMMUN1"> </a></p><div style="display: inline-block; background-color: #d9e0e7; padding: 6px; margin: 4px; border: 1px solid #8da1b4; border-radius: 5px; line-height: 60%"><p style="margin-bottom: 0px">Resource Immunization &quot;TCD01-IMMUN1&quot; </p><p style="margin-bottom: 0px">Profile: <a href="StructureDefinition-ch-vacd-immunization.html">CH VACD Immunization</a></p></div><p><b>Author of the content</b>: <a href="PractitionerRole-TC-HCP1-ORG1-ROLE-author.html">PractitionerRole/TC-HCP1-ORG1-ROLE-author</a></p><p><b>CH VACD Extension Immunization Medication Reference</b>: <a href="Medication-TC-IMMUN-MEDIC-FSMEIMMCC.html">Medication/TC-IMMUN-MEDIC-FSMEIMMCC</a></p><p><b>identifier</b>: id: urn:uuid:4386ca26-6866-4322-a203-b488b84ab499</p><p><b>status</b>: completed</p><p><b>vaccineCode</b>: FSME-Immun CC <span style="background: LightGoldenRodYellow; margin: 4px; border: 1px solid khaki"> (<a href="CodeSystem-ch-vacd-swissmedic-cs.html">Swiss Medic Authorized Vaccines Codesystem</a>#450)</span></p><p><b>patient</b>: <a href="Patient-TC-patient.html">Patient/TC-patient</a> &quot; WEGMUELLER&quot;</p><p><b>occurrence</b>: 2021-06-22</p><p><b>recorded</b>: 2021-06-22 11:00:00+0200</p><p><b>lotNumber</b>: 12-34244</p><p><b>route</b>: Intramuscular use <span style="background: LightGoldenRodYellow; margin: 4px; border: 1px solid khaki"> (standardterms.edqm.eu#20035000)</span></p><h3>Performers</h3><table class="grid"><tr><td>-</td><td><b>Actor</b></td></tr><tr><td>*</td><td><a href="PractitionerRole-TC-HCP1-ORG1-ROLE-performer.html">PractitionerRole/TC-HCP1-ORG1-ROLE-performer</a></td></tr></table><h3>ProtocolApplieds</h3><table class="grid"><tr><td>-</td><td><b>TargetDisease</b></td><td><b>DoseNumber[x]</b></td></tr><tr><td>*</td><td>Tickborne encephalitis <span style="background: LightGoldenRodYellow; margin: 4px; border: 1px solid khaki"> (<a href="https://browser.ihtsdotools.org/">SNOMED CT</a>#712986001)</span></td><td>1</td></tr></table></div>
  </text>
  <extension url="http://fhir.ch/ig/ch-core/StructureDefinition/ch-ext-author">
    <valueReference>
      <reference value="PractitionerRole/TC-HCP1-ORG1-ROLE-author"/>
    </valueReference>
  </extension>
  <extension url="http://fhir.ch/ig/ch-vacd/StructureDefinition/ch-vacd-ext-immunization-medication-reference">
    <valueReference>
      <reference value="Medication/TC-IMMUN-MEDIC-FSMEIMMCC"/>
    </valueReference>
  </extension>
  <identifier>
    <system value="urn:oid:2.16.756.5.30.1.402.1.3.1.1.1"/>
    <value value="urn:uuid:4386ca26-6866-4322-a203-b488b84ab499"/>
  </identifier>
  <status value="completed"/>
  <vaccineCode>
    <coding>
      <system value="http://fhir.ch/ig/ch-vacd/CodeSystem/ch-vacd-swissmedic-cs"/>
      <code value="450"/>
      <display value="FSME-Immun CC"/>
    </coding>
  </vaccineCode>
  <patient>
    <reference value="Patient/TC-patient"/>
  </patient>
  <occurrenceDateTime value="2021-06-22"/>
  <recorded value="2021-06-22T11:00:00.390+02:00"/>
  <lotNumber value="12-34244"/>
  <route>
    <coding>
      <system value="http://standardterms.edqm.eu"/>
      <code value="20035000"/>
      <display value="Intramuscular use"/>
    </coding>
  </route>
  <performer>
    <actor>
      <reference value="PractitionerRole/TC-HCP1-ORG1-ROLE-performer"/>
    </actor>
  </performer>
  <protocolApplied>
    <targetDisease>
      <coding>
        <system value="http://snomed.info/sct"/>
        <code value="712986001"/>
        <display value="Tickborne encephalitis"/>
      </coding>
    </targetDisease>
    <doseNumberPositiveInt value="1"/>
  </protocolApplied>
</Immunization>