<?xml version="1.0" encoding="UTF-8"?>

<PractitionerRole xmlns="http://hl7.org/fhir">
  <id value="TC-HCP2-ORG2-ROLE-author"/>
  <meta>
    <profile value="http://fhir.ch/ig/ch-core/StructureDefinition/ch-core-practitionerrole-epr"/>
  </meta>
  <text>
    <status value="generated"/><div xmlns="http://www.w3.org/1999/xhtml"><p><b>Generated Narrative: PractitionerRole</b><a name="TC-HCP2-ORG2-ROLE-author"> </a></p><div style="display: inline-block; background-color: #d9e0e7; padding: 6px; margin: 4px; border: 1px solid #8da1b4; border-radius: 5px; line-height: 60%"><p style="margin-bottom: 0px">Resource PractitionerRole &quot;TC-HCP2-ORG2-ROLE-author&quot; </p><p style="margin-bottom: 0px">Profile: <a href="http://fhir.ch/ig/ch-core/4.0.0-ballot/StructureDefinition-ch-core-practitionerrole-epr.html">CH Core PractitionerRole EPR</a></p></div><p><b>active</b>: true</p><p><b>practitioner</b>: <a href="Practitioner-TC-HCP2-C2.html">Practitioner/TC-HCP2-C2</a> &quot; MEIER&quot;</p><p><b>organization</b>: <a href="Organization-TC-ORG2.html">Organization/TC-ORG2</a> &quot;Praxis Dr. G. Meier&quot;</p></div>
  </text>
  <active value="true"/>
  <practitioner>
    <reference value="Practitioner/TC-HCP2-C2"/>
  </practitioner>
  <organization>
    <reference value="Organization/TC-ORG2"/>
  </organization>
</PractitionerRole>