{
  "resourceType": "Bundle",
  "id": "RDC02",
  "meta": {
    "profile": [
      "http://fhir.ch/ig/ch-vacd/StructureDefinition/ch-vacd-document-vaccination-record"
    ]
  },
  "identifier": {
    "system": "urn:ietf:rfc:3986",
    "value": "urn:uuid:b006fbc2-df85-4e3a-adc1-21aeff29e6d0"
  },
  "type": "document",
  "timestamp": "2021-12-08T10:00:00.390+02:00",
  "entry": [
    {
      "fullUrl": "http://test.fhir.ch/r4/Composition/RDC02-Composition",
      "resource": {
        "resourceType": "Composition",
        "id": "RDC02-Composition",
        "meta": {
          "profile": [
            "http://fhir.ch/ig/ch-vacd/StructureDefinition/ch-vacd-composition-vaccination-record"
          ]
        },
        "language": "en-US",
        "text": {
          "status": "generated",
          "div": "<div xmlns=\"http://www.w3.org/1999/xhtml\" xml:lang=\"en-US\" lang=\"en-US\"><h3>Vaccination Record</h3><p><b>Id: </b>RDC02-Composition</p><p><b>Identifier: </b><span>urn:ietf:rfc:3986#urn:uuid:b006fbc2-df85-4e3a-adc1-21aeff29e6d0</span></p><p><b>Status: </b>Final</p><p><b>Code: </b><span>Immunization record (http://snomed.info/sct#41000179103)</span></p><p><b>Patient: </b><a href=\"Patient-TC-patient.html\">Patient/TC-patient</a> Wegmueller Monika</p><p><b>Date: </b>December 8, 2021</p><p><b>Authors:</b></p><table><tr><td><p><a href=\"Patient-TC-patient.html\">Patient/TC-patient</a> Wegmueller Monika</p></td></tr></table><p><b>Confidentiality: </b>null<span> Normal (qualifier value) (http://snomed.info/sct#17621005)</span></p><p><b>Sections:</b></p><table><tr><td>Immunization Administration</td></tr></table></div>"
        },
        "extension": [
          {
            "id": "versionNumber",
            "url": "http://fhir.ch/ig/ch-core/StructureDefinition/ch-ext-epr-versionnumber",
            "valueUnsignedInt": 1
          }
        ],
        "identifier": {
          "system": "urn:ietf:rfc:3986",
          "value": "urn:uuid:b006fbc2-df85-4e3a-adc1-21aeff29e6d0"
        },
        "status": "final",
        "type": {
          "coding": [
            {
              "system": "http://snomed.info/sct",
              "code": "41000179103",
              "display": "Immunization record"
            }
          ]
        },
        "subject": {
          "reference": "Patient/TC-patient"
        },
        "date": "2021-12-08T10:00:00.390+02:00",
        "author": [
          {
            "reference": "Patient/TC-patient"
          }
        ],
        "title": "Vaccination Record",
        "confidentiality": "N",
        "_confidentiality": {
          "extension": [
            {
              "url": "http://fhir.ch/ig/ch-core/StructureDefinition/ch-ext-epr-confidentialitycode",
              "valueCodeableConcept": {
                "coding": [
                  {
                    "system": "http://snomed.info/sct",
                    "code": "17621005",
                    "display": "Normal (qualifier value)"
                  }
                ]
              }
            }
          ]
        },
        "custodian": {
          "reference": "Organization/TC-ORG1"
        },
        "section": [
          {
            "id": "administration",
            "title": "Immunization Administration",
            "code": {
              "coding": [
                {
                  "system": "http://loinc.org",
                  "code": "11369-6",
                  "display": "Hx of Immunization"
                }
              ]
            },
            "text": {
              "status": "generated",
              "div": "<div xmlns=\"http://www.w3.org/1999/xhtml\" xml:lang=\"en-US\" lang=\"en-US\"><p><b>Code: </b><span>Hx of Immunization (http://loinc.org#11369-6)</span></p><p><b>Entries:</b></p><table><tr><td><a href=\"Immunization-TCC02-IMMUN4-HCP1-ORG1-ROLE.html\">Immunization/TCC02-IMMUN4-HCP1-ORG1-ROLE</a></td></tr></table></div>"
            },
            "entry": [
              {
                "reference": "Immunization/TCC02-IMMUN4-HCP1-ORG1-ROLE"
              }
            ]
          }
        ]
      }
    },
    {
      "fullUrl": "http://test.fhir.ch/r4/Patient/TC-patient",
      "resource": {
        "resourceType": "Patient",
        "id": "TC-patient",
        "meta": {
          "profile": [
            "http://fhir.ch/ig/ch-core/StructureDefinition/ch-core-patient-epr"
          ]
        },
        "text": {
          "status": "generated",
          "div": "<div xmlns=\"http://www.w3.org/1999/xhtml\"><p><b>Generated Narrative</b></p><div style=\"display: inline-block; background-color: #d9e0e7; padding: 6px; margin: 4px; border: 1px solid #8da1b4; border-radius: 5px; line-height: 60%\"><p style=\"margin-bottom: 0px\">Resource \"TC-patient\" </p><p style=\"margin-bottom: 0px\">Profile: <a href=\"http://fhir.ch/ig/ch-core/StructureDefinition-ch-core-patient-epr.html\">CH Core Patient Profile EPR</a></p></div><p><b>identifier</b>: id: 123.71.332.115, id: 8077560000000000000000</p><p><b>name</b>: Monika Wegmueller </p><p><b>telecom</b>: ph: tel:+41.32.685.12.34(HOME)</p><p><b>gender</b>: female</p><p><b>birthDate</b>: 1967-02-10</p><p><b>address</b>: Leidensweg 10 Specimendorf 9876 CH </p></div>"
        },
        "identifier": [
          {
            "system": "urn:oid:2.16.756.5.31",
            "value": "123.71.332.115"
          },
          {
            "system": "urn:oid:2.16.756.5.30.1.123.100.1.1.1",
            "value": "8077560000000000000000"
          }
        ],
        "name": [
          {
            "family": "Wegmueller",
            "given": [
              "Monika"
            ]
          }
        ],
        "telecom": [
          {
            "system": "phone",
            "value": "tel:+41.32.685.12.34",
            "use": "home"
          }
        ],
        "gender": "female",
        "birthDate": "1967-02-10",
        "address": [
          {
            "type": "both",
            "line": [
              "Leidensweg 10"
            ],
            "city": "Specimendorf",
            "postalCode": "9876",
            "country": "CH"
          }
        ]
      }
    },
    {
      "fullUrl": "http://test.fhir.ch/r4/Practitioner/TC-HCP2-C2",
      "resource": {
        "resourceType": "Practitioner",
        "id": "TC-HCP2-C2",
        "meta": {
          "profile": [
            "http://fhir.ch/ig/ch-core/StructureDefinition/ch-core-practitioner-epr"
          ]
        },
        "text": {
          "status": "generated",
          "div": "<div xmlns=\"http://www.w3.org/1999/xhtml\"><p><b>Generated Narrative</b></p><div style=\"display: inline-block; background-color: #d9e0e7; padding: 6px; margin: 4px; border: 1px solid #8da1b4; border-radius: 5px; line-height: 60%\"><p style=\"margin-bottom: 0px\">Resource \"TC-HCP2-C2\" </p><p style=\"margin-bottom: 0px\">Profile: <a href=\"http://fhir.ch/ig/ch-core/StructureDefinition-ch-core-practitioner-epr.html\">CH Core Practitioner Profile EPR</a></p></div><p><b>identifier</b>: id: 7609999999990</p><p><b>active</b>: true</p><p><b>name</b>: Meist Gesund </p><p><b>telecom</b>: ph: tel:+41.32.234.77.88(WORK), fax: fax:+41.32.234.77.89(WORK), <a href=\"mailto:mailto:leitung@praxis-gesund.ch\">mailto:leitung@praxis-gesund.ch</a>, <a href=\"http://www.praxis-gesund.ch\">http://www.praxis-gesund.ch</a></p><p><b>address</b>: Aerztehaus Beispielen ZH 7890 CH </p></div>"
        },
        "identifier": [
          {
            "system": "urn:oid:2.51.1.3",
            "value": "7609999999990"
          }
        ],
        "active": true,
        "name": [
          {
            "family": "Gesund",
            "given": [
              "Meist"
            ],
            "prefix": [
              "Dr. med."
            ]
          }
        ],
        "telecom": [
          {
            "system": "phone",
            "value": "tel:+41.32.234.77.88",
            "use": "work"
          },
          {
            "system": "fax",
            "value": "fax:+41.32.234.77.89",
            "use": "work"
          },
          {
            "system": "email",
            "value": "mailto:leitung@praxis-gesund.ch",
            "use": "work"
          },
          {
            "system": "url",
            "value": "http://www.praxis-gesund.ch",
            "use": "work"
          }
        ],
        "address": [
          {
            "type": "physical",
            "line": [
              "Aerztehaus"
            ],
            "city": "Beispielen",
            "state": "ZH",
            "postalCode": "7890",
            "country": "CH"
          }
        ]
      }
    },
    {
      "fullUrl": "http://test.fhir.ch/r4/Organization/TC-ORG2",
      "resource": {
        "resourceType": "Organization",
        "id": "TC-ORG2",
        "meta": {
          "profile": [
            "http://fhir.ch/ig/ch-core/StructureDefinition/ch-core-organization-epr"
          ]
        },
        "text": {
          "status": "generated",
          "div": "<div xmlns=\"http://www.w3.org/1999/xhtml\"><p><b>Generated Narrative</b></p><div style=\"display: inline-block; background-color: #d9e0e7; padding: 6px; margin: 4px; border: 1px solid #8da1b4; border-radius: 5px; line-height: 60%\"><p style=\"margin-bottom: 0px\">Resource \"TC-ORG2\" </p><p style=\"margin-bottom: 0px\">Profile: <a href=\"http://fhir.ch/ig/ch-core/StructureDefinition-ch-core-organization-epr.html\">CH Core Organization Profile EPR</a></p></div><p><b>identifier</b>: id: 7609999999991</p><p><b>name</b>: Praxis Dr. Gesund</p><p><b>telecom</b>: ph: tel:+41.32.234.77.88(WORK), fax: fax:+41.32.234.77.89(WORK), <a href=\"mailto:mailto:leitung@praxis-gesund.ch\">mailto:leitung@praxis-gesund.ch</a>, <a href=\"http://www.praxis-gesund.ch\">http://www.praxis-gesund.ch</a></p><p><b>address</b>: Aerztehaus Beispielen ZH 7890 CH </p></div>"
        },
        "identifier": [
          {
            "system": "urn:oid:2.51.1.3",
            "value": "7609999999991"
          }
        ],
        "name": "Praxis Dr. Gesund",
        "telecom": [
          {
            "system": "phone",
            "value": "tel:+41.32.234.77.88",
            "use": "work"
          },
          {
            "system": "fax",
            "value": "fax:+41.32.234.77.89",
            "use": "work"
          },
          {
            "system": "email",
            "value": "mailto:leitung@praxis-gesund.ch",
            "use": "work"
          },
          {
            "system": "url",
            "value": "http://www.praxis-gesund.ch",
            "use": "work"
          }
        ],
        "address": [
          {
            "line": [
              "Aerztehaus"
            ],
            "city": "Beispielen",
            "state": "ZH",
            "postalCode": "7890",
            "country": "CH"
          }
        ]
      }
    },
    {
      "fullUrl": "http://test.fhir.ch/r4/PractitionerRole/TC-HCP2-ORG2-ROLE-performer",
      "resource": {
        "resourceType": "PractitionerRole",
        "id": "TC-HCP2-ORG2-ROLE-performer",
        "meta": {
          "profile": [
            "http://fhir.ch/ig/ch-core/StructureDefinition/ch-core-practitionerrole-epr"
          ]
        },
        "text": {
          "status": "generated",
          "div": "<div xmlns=\"http://www.w3.org/1999/xhtml\"><p><b>Generated Narrative</b></p><div style=\"display: inline-block; background-color: #d9e0e7; padding: 6px; margin: 4px; border: 1px solid #8da1b4; border-radius: 5px; line-height: 60%\"><p style=\"margin-bottom: 0px\">Resource \"TC-HCP2-ORG2-ROLE-performer\" </p><p style=\"margin-bottom: 0px\">Profile: <a href=\"http://fhir.ch/ig/ch-core/StructureDefinition-ch-core-practitionerrole-epr.html\">CH Core Practitioner Role Profile EPR</a></p></div><p><b>active</b>: true</p><p><b>practitioner</b>: <a href=\"#Practitioner_TC-HCP2-C2\">See above (Practitioner/TC-HCP2-C2)</a></p><p><b>organization</b>: <a href=\"#Organization_TC-ORG2\">See above (Organization/TC-ORG2)</a></p></div>"
        },
        "active": true,
        "practitioner": {
          "reference": "Practitioner/TC-HCP2-C2"
        },
        "organization": {
          "reference": "Organization/TC-ORG2"
        }
      }
    },
    {
      "fullUrl": "http://test.fhir.ch/r4/Practitioner/TC-HCP1-C1",
      "resource": {
        "resourceType": "Practitioner",
        "id": "TC-HCP1-C1",
        "meta": {
          "profile": [
            "http://fhir.ch/ig/ch-core/StructureDefinition/ch-core-practitioner-epr"
          ]
        },
        "text": {
          "status": "generated",
          "div": "<div xmlns=\"http://www.w3.org/1999/xhtml\"><p><b>Generated Narrative</b></p><div style=\"display: inline-block; background-color: #d9e0e7; padding: 6px; margin: 4px; border: 1px solid #8da1b4; border-radius: 5px; line-height: 60%\"><p style=\"margin-bottom: 0px\">Resource \"TC-HCP1-C1\" </p><p style=\"margin-bottom: 0px\">Profile: <a href=\"http://fhir.ch/ig/ch-core/StructureDefinition-ch-core-practitioner-epr.html\">CH Core Practitioner Profile EPR</a></p></div><p><b>identifier</b>: id: 7608888888888</p><p><b>active</b>: true</p><p><b>name</b>: Allzeit Bereit </p><p><b>telecom</b>: ph: tel:+41.32.234.55.66(WORK), fax: fax:+41.32.234.55.67(WORK), <a href=\"mailto:mailto:allzeit.bereit@gruppenpraxis.ch\">mailto:allzeit.bereit@gruppenpraxis.ch</a>, <a href=\"http://www.gruppenpraxis.ch\">http://www.gruppenpraxis.ch</a></p><p><b>address</b>: Doktorgasse 2 Musterhausen 8888 CH </p></div>"
        },
        "identifier": [
          {
            "system": "urn:oid:2.51.1.3",
            "value": "7608888888888"
          }
        ],
        "active": true,
        "name": [
          {
            "family": "Bereit",
            "given": [
              "Allzeit"
            ],
            "prefix": [
              "Dr. med."
            ]
          }
        ],
        "telecom": [
          {
            "system": "phone",
            "value": "tel:+41.32.234.55.66",
            "use": "work"
          },
          {
            "system": "fax",
            "value": "fax:+41.32.234.55.67",
            "use": "work"
          },
          {
            "system": "email",
            "value": "mailto:allzeit.bereit@gruppenpraxis.ch",
            "use": "work"
          },
          {
            "system": "url",
            "value": "http://www.gruppenpraxis.ch",
            "use": "work"
          }
        ],
        "address": [
          {
            "type": "physical",
            "line": [
              "Doktorgasse 2"
            ],
            "city": "Musterhausen",
            "postalCode": "8888",
            "country": "CH"
          }
        ]
      }
    },
    {
      "fullUrl": "http://test.fhir.ch/r4/Organization/TC-ORG1",
      "resource": {
        "resourceType": "Organization",
        "id": "TC-ORG1",
        "meta": {
          "profile": [
            "http://fhir.ch/ig/ch-core/StructureDefinition/ch-core-organization-epr"
          ]
        },
        "text": {
          "status": "generated",
          "div": "<div xmlns=\"http://www.w3.org/1999/xhtml\"><p><b>Generated Narrative</b></p><div style=\"display: inline-block; background-color: #d9e0e7; padding: 6px; margin: 4px; border: 1px solid #8da1b4; border-radius: 5px; line-height: 60%\"><p style=\"margin-bottom: 0px\">Resource \"TC-ORG1\" </p><p style=\"margin-bottom: 0px\">Profile: <a href=\"http://fhir.ch/ig/ch-core/StructureDefinition-ch-core-organization-epr.html\">CH Core Organization Profile EPR</a></p></div><p><b>identifier</b>: id: 7608888888888</p><p><b>name</b>: Gruppenpraxis CH</p><p><b>telecom</b>: ph: tel:+41.32.234.55.66(WORK), fax: fax:+41.32.234.55.67(WORK), <a href=\"mailto:mailto:bereit@gruppenpraxis.ch\">mailto:bereit@gruppenpraxis.ch</a>, <a href=\"http://www.gruppenpraxis.ch\">http://www.gruppenpraxis.ch</a></p><p><b>address</b>: Doktorgasse 2 Musterhausen ZH 8888 CH </p></div>"
        },
        "identifier": [
          {
            "system": "urn:oid:2.51.1.3",
            "value": "7608888888888"
          }
        ],
        "name": "Gruppenpraxis CH",
        "telecom": [
          {
            "system": "phone",
            "value": "tel:+41.32.234.55.66",
            "use": "work"
          },
          {
            "system": "fax",
            "value": "fax:+41.32.234.55.67",
            "use": "work"
          },
          {
            "system": "email",
            "value": "mailto:bereit@gruppenpraxis.ch",
            "use": "work"
          },
          {
            "system": "url",
            "value": "http://www.gruppenpraxis.ch",
            "use": "work"
          }
        ],
        "address": [
          {
            "line": [
              "Doktorgasse 2"
            ],
            "city": "Musterhausen",
            "state": "ZH",
            "postalCode": "8888",
            "country": "CH"
          }
        ]
      }
    },
    {
      "fullUrl": "http://test.fhir.ch/r4/PractitionerRole/TC-HCP1-ORG1-ROLE-author",
      "resource": {
        "resourceType": "PractitionerRole",
        "id": "TC-HCP1-ORG1-ROLE-author",
        "meta": {
          "profile": [
            "http://fhir.ch/ig/ch-core/StructureDefinition/ch-core-practitionerrole-epr"
          ]
        },
        "text": {
          "status": "generated",
          "div": "<div xmlns=\"http://www.w3.org/1999/xhtml\"><p><b>Generated Narrative</b></p><div style=\"display: inline-block; background-color: #d9e0e7; padding: 6px; margin: 4px; border: 1px solid #8da1b4; border-radius: 5px; line-height: 60%\"><p style=\"margin-bottom: 0px\">Resource \"TC-HCP1-ORG1-ROLE-author\" </p><p style=\"margin-bottom: 0px\">Profile: <a href=\"http://fhir.ch/ig/ch-core/StructureDefinition-ch-core-practitionerrole-epr.html\">CH Core Practitioner Role Profile EPR</a></p></div><p><b>active</b>: true</p><p><b>practitioner</b>: <a href=\"#Practitioner_TC-HCP1-C1\">See above (Practitioner/TC-HCP1-C1)</a></p><p><b>organization</b>: <a href=\"#Organization_TC-ORG1\">See above (Organization/TC-ORG1)</a></p></div>"
        },
        "active": true,
        "practitioner": {
          "reference": "Practitioner/TC-HCP1-C1"
        },
        "organization": {
          "reference": "Organization/TC-ORG1"
        }
      }
    },
    {
      "fullUrl": "http://test.fhir.ch/r4/Immunization/TCC02-IMMUN4-HCP1-ORG1-ROLE",
      "resource": {
        "resourceType": "Immunization",
        "id": "TCC02-IMMUN4-HCP1-ORG1-ROLE",
        "meta": {
          "profile": [
            "http://fhir.ch/ig/ch-vacd/StructureDefinition/ch-vacd-immunization"
          ]
        },
        "text": {
          "status": "extensions",
          "div": "<div xmlns=\"http://www.w3.org/1999/xhtml\"><p><b>Generated Narrative</b></p><div style=\"display: inline-block; background-color: #d9e0e7; padding: 6px; margin: 4px; border: 1px solid #8da1b4; border-radius: 5px; line-height: 60%\"><p style=\"margin-bottom: 0px\">Resource \"TCC02-IMMUN4-HCP1-ORG1-ROLE\" </p><p style=\"margin-bottom: 0px\">Profile: <a href=\"StructureDefinition-ch-vacd-immunization.html\">CH VACD Immunization Profile</a></p></div><p><b>CH VACD Extension Immunization Recorder Reference</b>: <a href=\"#PractitionerRole_TC-HCP1-ORG1-ROLE-author\">See above (PractitionerRole/TC-HCP1-ORG1-ROLE-author)</a></p><p><b>CH VACD Extension Immunization Medication Reference</b>: <a href=\"#Medication_TC-IMMUN-MEDIC-FSMEIMMCC\">See above (Medication/TC-IMMUN-MEDIC-FSMEIMMCC)</a></p><p><b>identifier</b>: id: fe53381d-ade3-4a95-8bd1-033b76eadec2</p><p><b>status</b>: completed</p><p><b>vaccineCode</b>: FSME-Immun CC <span style=\"background: LightGoldenRodYellow; margin: 4px; border: 1px solid khaki\"> (<a href=\"CodeSystem-ch-vacd-swissmedic-cs.html\">Swiss Medic Authorized Vaccines Codesystem</a>#450)</span></p><p><b>patient</b>: <a href=\"#Patient_TC-patient\">See above (Patient/TC-patient)</a></p><p><b>occurrence</b>: 2021-07-30</p><p><b>recorded</b>: 2021-08-21T00:00:00.39+02:00</p><p><b>lotNumber</b>: ABC-7524GHA</p><p><b>route</b>: Intramuscular use <span style=\"background: LightGoldenRodYellow; margin: 4px; border: 1px solid khaki\"> (standardterms.edqm.eu#20035000)</span></p><h3>Performers</h3><table class=\"grid\"><tr><td>-</td><td><b>Actor</b></td></tr><tr><td>*</td><td><a href=\"#PractitionerRole_TC-HCP2-ORG2-ROLE-performer\">See above (PractitionerRole/TC-HCP2-ORG2-ROLE-performer)</a></td></tr></table><h3>ProtocolApplieds</h3><table class=\"grid\"><tr><td>-</td><td><b>TargetDisease</b></td><td><b>DoseNumber[x]</b></td></tr><tr><td>*</td><td>Central European encephalitis (disorder) <span style=\"background: LightGoldenRodYellow; margin: 4px; border: 1px solid khaki\"> (<a href=\"https://browser.ihtsdotools.org/\">SNOMED CT</a>#16901001)</span></td><td>1</td></tr></table></div>"
        },
        "extension": [
          {
            "url": "http://fhir.ch/ig/ch-vacd/StructureDefinition/ch-vacd-ext-immunization-recorder-reference",
            "valueReference": {
              "reference": "PractitionerRole/TC-HCP1-ORG1-ROLE-author"
            }
          },
          {
            "url": "http://fhir.ch/ig/ch-vacd/StructureDefinition/ch-vacd-ext-immunization-medication-reference",
            "valueReference": {
              "reference": "Medication/TC-IMMUN-MEDIC-FSMEIMMCC"
            }
          }
        ],
        "identifier": [
          {
            "system": "urn:oid:2.16.756.5.30.1.402.1.3.1.1.1",
            "value": "fe53381d-ade3-4a95-8bd1-033b76eadec2"
          }
        ],
        "status": "completed",
        "vaccineCode": {
          "coding": [
            {
              "system": "http://fhir.ch/ig/ch-vacd/CodeSystem/ch-vacd-swissmedic-cs",
              "code": "450",
              "display": "FSME-Immun CC"
            }
          ]
        },
        "patient": {
          "reference": "Patient/TC-patient"
        },
        "occurrenceDateTime": "2021-07-30",
        "recorded": "2021-08-21T00:00:00.390+02:00",
        "lotNumber": "ABC-7524GHA",
        "route": {
          "coding": [
            {
              "system": "http://standardterms.edqm.eu",
              "code": "20035000",
              "display": "Intramuscular use"
            }
          ]
        },
        "performer": [
          {
            "actor": {
              "reference": "PractitionerRole/TC-HCP2-ORG2-ROLE-performer"
            }
          }
        ],
        "protocolApplied": [
          {
            "targetDisease": [
              {
                "coding": [
                  {
                    "system": "http://snomed.info/sct",
                    "code": "16901001",
                    "display": "Central European encephalitis (disorder)"
                  }
                ]
              }
            ],
            "doseNumberPositiveInt": 1
          }
        ]
      }
    },
    {
      "fullUrl": "http://test.fhir.ch/r4/Medication/TC-IMMUN-MEDIC-FSMEIMMCC",
      "resource": {
        "resourceType": "Medication",
        "id": "TC-IMMUN-MEDIC-FSMEIMMCC",
        "meta": {
          "profile": [
            "http://fhir.ch/ig/ch-vacd/StructureDefinition/ch-vacd-medication-for-immunization"
          ]
        },
        "text": {
          "status": "generated",
          "div": "<div xmlns=\"http://www.w3.org/1999/xhtml\"><p><b>Generated Narrative</b></p><div style=\"display: inline-block; background-color: #d9e0e7; padding: 6px; margin: 4px; border: 1px solid #8da1b4; border-radius: 5px; line-height: 60%\"><p style=\"margin-bottom: 0px\">Resource \"TC-IMMUN-MEDIC-FSMEIMMCC\" </p><p style=\"margin-bottom: 0px\">Profile: <a href=\"StructureDefinition-ch-vacd-medication-for-immunization.html\">CH VACD Medication For Immunization Profile</a></p></div><p><b>identifier</b>: id: 7680004500039</p><p><b>code</b>: Immunologic substance (substance) <span style=\"background: LightGoldenRodYellow; margin: 4px; border: 1px solid khaki\"> (<a href=\"https://browser.ihtsdotools.org/\">SNOMED CT</a>#106181007)</span></p><p><b>status</b>: active</p><p><b>manufacturer</b>: <a href=\"#Organization_TC-ORG-PFIZER\">See above (Organization/TC-ORG-PFIZER)</a></p><p><b>form</b>: Suspension for injection <span style=\"background: LightGoldenRodYellow; margin: 4px; border: 1px solid khaki\"> (<a href=\"https://browser.ihtsdotools.org/\">SNOMED CT</a>#385220007)</span></p><p><b>amount</b>: 0.5 milliliter<span style=\"background: LightGoldenRodYellow\"> (Details: UCUM code ml = 'ml')</span>/1 Syringe (unit of presentation)<span style=\"background: LightGoldenRodYellow\"> (Details: SNOMED CT code 733020007 = 'Syringe')</span></p><h3>Batches</h3><table class=\"grid\"><tr><td>-</td><td><b>LotNumber</b></td></tr><tr><td>*</td><td>VNR1T10C</td></tr></table></div>"
        },
        "identifier": [
          {
            "system": "urn:oid:2.51.1.1",
            "value": "7680004500039"
          }
        ],
        "code": {
          "coding": [
            {
              "system": "http://snomed.info/sct",
              "code": "106181007",
              "display": "Immunologic substance (substance)"
            }
          ]
        },
        "status": "active",
        "manufacturer": {
          "reference": "Organization/TC-ORG-PFIZER"
        },
        "form": {
          "coding": [
            {
              "system": "http://snomed.info/sct",
              "code": "385220007",
              "display": "Suspension for injection"
            }
          ]
        },
        "amount": {
          "numerator": {
            "value": 0.5,
            "unit": "milliliter",
            "system": "http://unitsofmeasure.org",
            "code": "ml"
          },
          "denominator": {
            "value": 1,
            "unit": "Syringe (unit of presentation)",
            "system": "http://snomed.info/sct",
            "code": "733020007"
          }
        },
        "batch": {
          "lotNumber": "VNR1T10C"
        }
      }
    },
    {
      "fullUrl": "http://test.fhir.ch/r4/Organization/TC-ORG-PFIZER",
      "resource": {
        "resourceType": "Organization",
        "id": "TC-ORG-PFIZER",
        "meta": {
          "profile": [
            "http://fhir.ch/ig/ch-core/StructureDefinition/ch-core-organization"
          ]
        },
        "text": {
          "status": "generated",
          "div": "<div xmlns=\"http://www.w3.org/1999/xhtml\"><p><b>Generated Narrative</b></p><div style=\"display: inline-block; background-color: #d9e0e7; padding: 6px; margin: 4px; border: 1px solid #8da1b4; border-radius: 5px; line-height: 60%\"><p style=\"margin-bottom: 0px\">Resource \"TC-ORG-PFIZER\" </p><p style=\"margin-bottom: 0px\">Profile: <a href=\"http://fhir.ch/ig/ch-core/StructureDefinition-ch-core-organization.html\">CH Core Organization Profile</a></p></div><p><b>identifier</b>: id: 7601001010604</p><p><b>name</b>: Pfizer AG</p><p><b>telecom</b>: ph: tel:+41 800 562 825(WORK), fax: fax:+41 44 583 07 00(WORK), <a href=\"mailto:mailto:customer.ch@pfizer.com\">mailto:customer.ch@pfizer.com</a>, <a href=\"https://www.pfizer.ch\">https://www.pfizer.ch</a></p><p><b>address</b>: Schärenmoosstrasse 99 Postfach Zürich ZH 8052 CH </p></div>"
        },
        "identifier": [
          {
            "system": "urn:oid:2.51.1.3",
            "value": "7601001010604"
          }
        ],
        "name": "Pfizer AG",
        "telecom": [
          {
            "system": "phone",
            "value": "tel:+41 800 562 825",
            "use": "work"
          },
          {
            "system": "fax",
            "value": "fax:+41 44 583 07 00",
            "use": "work"
          },
          {
            "system": "email",
            "value": "mailto:customer.ch@pfizer.com",
            "use": "work"
          },
          {
            "system": "url",
            "value": "https://www.pfizer.ch",
            "use": "work"
          }
        ],
        "address": [
          {
            "line": [
              "Schärenmoosstrasse 99",
              "Postfach"
            ],
            "city": "Zürich",
            "state": "ZH",
            "postalCode": "8052",
            "country": "CH"
          }
        ]
      }
    }
  ]
}