{
  "resourceType": "Bundle",
  "id": "D-D4-HCP2-C2",
  "meta": {
    "profile": [
      "http://fhir.ch/ig/ch-vacd/StructureDefinition/ch-vacd-document-immunization-administration"
    ]
  },
  "identifier": {
    "system": "urn:ietf:rfc:3986",
    "value": "urn:uuid:cb155588-9718-42b0-9e2e-f50f8bab5bcf"
  },
  "type": "document",
  "timestamp": "2021-12-08T10:00:00.390+02:00",
  "entry": [
    {
      "fullUrl": "http://test.fhir.ch/r4/Composition/D-D4-HCP2-C2-Composition",
      "resource": {
        "resourceType": "Composition",
        "id": "D-D4-HCP2-C2-Composition",
        "meta": {
          "profile": [
            "http://fhir.ch/ig/ch-vacd/StructureDefinition/ch-vacd-composition-immunization-administration"
          ]
        },
        "language": "en-US",
        "text": {
          "status": "generated",
          "div": "<div xmlns=\"http://www.w3.org/1999/xhtml\" xml:lang=\"en-US\" lang=\"en-US\"><h3>Immunization Administration</h3><p><b>Id: </b>D-D4-HCP2-C2-Composition</p><p><b>Identifier: </b><span>urn:ietf:rfc:3986#urn:uuid:cb155588-9718-42b0-9e2e-f50f8bab5bcf</span></p><p><b>Status: </b>Final</p><p><b>Code: </b><span>Immunization record (http://snomed.info/sct#41000179103)</span></p><p><b>Patient: </b><a href=\"Patient-TC-patient.html\">Patient/TC-patient</a> Wegmueller Monika</p><p><b>Date: </b>October 6, 2021</p><p><b>Authors:</b></p><table><tr><td><p><a href=\"Practitioner-TC-HCP2-C2.html\">Practitioner/TC-HCP2-C2</a> Gesund Meist</p><p><a href=\"Organization-TC-ORG2.html\">Organization/TC-ORG2</a> Praxis Dr. Gesund</p></td></tr></table><p><b>Confidentiality: </b>null<span> Normal (qualifier value) (http://snomed.info/sct#17621005)</span></p><p><b>Sections:</b></p><table><tr><td>Immunization Administration</td></tr><tr><td>Previous illnesses</td></tr><tr><td>Medical Problems</td></tr></table></div>"
        },
        "extension": [
          {
            "id": "versionNumber",
            "url": "http://fhir.ch/ig/ch-core/StructureDefinition/ch-ext-epr-versionnumber",
            "valueUnsignedInt": 1
          }
        ],
        "identifier": {
          "system": "urn:ietf:rfc:3986",
          "value": "urn:uuid:cb155588-9718-42b0-9e2e-f50f8bab5bcf"
        },
        "status": "final",
        "type": {
          "coding": [
            {
              "system": "http://snomed.info/sct",
              "code": "41000179103",
              "display": "Immunization record"
            }
          ]
        },
        "subject": {
          "reference": "Patient/TC-patient"
        },
        "date": "2021-10-06T00:00:00.390+02:00",
        "author": [
          {
            "reference": "PractitionerRole/TC-HCP2-ORG2-ROLE-author"
          }
        ],
        "title": "Immunization Administration",
        "confidentiality": "N",
        "_confidentiality": {
          "extension": [
            {
              "url": "http://fhir.ch/ig/ch-core/StructureDefinition/ch-ext-epr-confidentialitycode",
              "valueCodeableConcept": {
                "coding": [
                  {
                    "system": "http://snomed.info/sct",
                    "code": "17621005",
                    "display": "Normal (qualifier value)"
                  }
                ]
              }
            }
          ]
        },
        "custodian": {
          "reference": "Organization/TC-ORG1"
        },
        "section": [
          {
            "id": "administration",
            "title": "Immunization Administration",
            "code": {
              "coding": [
                {
                  "system": "http://loinc.org",
                  "code": "11369-6",
                  "display": "Hx of Immunization"
                }
              ]
            },
            "text": {
              "status": "generated",
              "div": "<div xmlns=\"http://www.w3.org/1999/xhtml\" xml:lang=\"en-US\" lang=\"en-US\"><p><b>Code: </b><span>Hx of Immunization (http://loinc.org#11369-6)</span></p><p><b>Entries:</b></p><table><tr><td><a href=\"Immunization-TCD01-IMMUN3.html\">Immunization/TCD01-IMMUN3</a></td></tr><tr><td><a href=\"Immunization-TCD01-IMMUN4.html\">Immunization/TCD01-IMMUN4</a></td></tr><tr><td><a href=\"Immunization-TCD01-IMMUN5.html\">Immunization/TCD01-IMMUN5</a></td></tr></table></div>"
            },
            "entry": [
              {
                "reference": "Immunization/TCD01-IMMUN3"
              },
              {
                "reference": "Immunization/TCD01-IMMUN4"
              },
              {
                "reference": "Immunization/TCD01-IMMUN5"
              }
            ]
          },
          {
            "id": "pastillnesses",
            "title": "Previous illnesses",
            "code": {
              "coding": [
                {
                  "system": "http://loinc.org",
                  "code": "11348-0",
                  "display": "Hx of Past illness"
                }
              ]
            },
            "text": {
              "status": "generated",
              "div": "<div xmlns=\"http://www.w3.org/1999/xhtml\" xml:lang=\"en-US\" lang=\"en-US\"><p><b>Code: </b><span>Hx of Past illness (http://loinc.org#11348-0)</span></p><p><b>Entries:</b></p><table><tr><td><a href=\"Condition-TCD02-UNDILL1.html\">Condition/TCD02-UNDILL1</a></td></tr></table></div>"
            },
            "entry": [
              {
                "reference": "Condition/TCD02-UNDILL1"
              }
            ]
          },
          {
            "id": "medicalproblems",
            "title": "Medical Problems",
            "code": {
              "coding": [
                {
                  "system": "http://loinc.org",
                  "code": "11450-4",
                  "display": "Problem list Reported"
                }
              ]
            },
            "text": {
              "status": "generated",
              "div": "<div xmlns=\"http://www.w3.org/1999/xhtml\" xml:lang=\"en-US\" lang=\"en-US\"><p><b>Code: </b><span>Problem list Reported (http://loinc.org#11450-4)</span></p><p><b>Entries:</b></p><table><tr><td><a href=\"Condition-TCD02-EXPRISK1.html\">Condition/TCD02-EXPRISK1</a></td></tr></table></div>"
            },
            "entry": [
              {
                "reference": "Condition/TCD02-EXPRISK1"
              }
            ]
          }
        ]
      }
    },
    {
      "fullUrl": "http://test.fhir.ch/r4/Patient/TC-patient",
      "resource": {
        "resourceType": "Patient",
        "id": "TC-patient",
        "meta": {
          "profile": [
            "http://fhir.ch/ig/ch-core/StructureDefinition/ch-core-patient-epr"
          ]
        },
        "text": {
          "status": "generated",
          "div": "<div xmlns=\"http://www.w3.org/1999/xhtml\"><p><b>Generated Narrative</b></p><div style=\"display: inline-block; background-color: #d9e0e7; padding: 6px; margin: 4px; border: 1px solid #8da1b4; border-radius: 5px; line-height: 60%\"><p style=\"margin-bottom: 0px\">Resource \"TC-patient\" </p><p style=\"margin-bottom: 0px\">Profile: <a href=\"http://fhir.ch/ig/ch-core/StructureDefinition-ch-core-patient-epr.html\">CH Core Patient Profile EPR</a></p></div><p><b>identifier</b>: id: 123.71.332.115, id: 8077560000000000000000</p><p><b>name</b>: Monika Wegmueller </p><p><b>telecom</b>: ph: tel:+41.32.685.12.34(HOME)</p><p><b>gender</b>: female</p><p><b>birthDate</b>: 1967-02-10</p><p><b>address</b>: Leidensweg 10 Specimendorf 9876 CH </p></div>"
        },
        "identifier": [
          {
            "system": "urn:oid:2.16.756.5.31",
            "value": "123.71.332.115"
          },
          {
            "system": "urn:oid:2.16.756.5.30.1.123.100.1.1.1",
            "value": "8077560000000000000000"
          }
        ],
        "name": [
          {
            "family": "Wegmueller",
            "given": [
              "Monika"
            ]
          }
        ],
        "telecom": [
          {
            "system": "phone",
            "value": "tel:+41.32.685.12.34",
            "use": "home"
          }
        ],
        "gender": "female",
        "birthDate": "1967-02-10",
        "address": [
          {
            "type": "both",
            "line": [
              "Leidensweg 10"
            ],
            "city": "Specimendorf",
            "postalCode": "9876",
            "country": "CH"
          }
        ]
      }
    },
    {
      "fullUrl": "http://test.fhir.ch/r4/Organization/TC-ORG1",
      "resource": {
        "resourceType": "Organization",
        "id": "TC-ORG1",
        "meta": {
          "profile": [
            "http://fhir.ch/ig/ch-core/StructureDefinition/ch-core-organization-epr"
          ]
        },
        "text": {
          "status": "generated",
          "div": "<div xmlns=\"http://www.w3.org/1999/xhtml\"><p><b>Generated Narrative</b></p><div style=\"display: inline-block; background-color: #d9e0e7; padding: 6px; margin: 4px; border: 1px solid #8da1b4; border-radius: 5px; line-height: 60%\"><p style=\"margin-bottom: 0px\">Resource \"TC-ORG1\" </p><p style=\"margin-bottom: 0px\">Profile: <a href=\"http://fhir.ch/ig/ch-core/StructureDefinition-ch-core-organization-epr.html\">CH Core Organization Profile EPR</a></p></div><p><b>identifier</b>: id: 7608888888888</p><p><b>name</b>: Gruppenpraxis CH</p><p><b>telecom</b>: ph: tel:+41.32.234.55.66(WORK), fax: fax:+41.32.234.55.67(WORK), <a href=\"mailto:mailto:bereit@gruppenpraxis.ch\">mailto:bereit@gruppenpraxis.ch</a>, <a href=\"http://www.gruppenpraxis.ch\">http://www.gruppenpraxis.ch</a></p><p><b>address</b>: Doktorgasse 2 Musterhausen ZH 8888 CH </p></div>"
        },
        "identifier": [
          {
            "system": "urn:oid:2.51.1.3",
            "value": "7608888888888"
          }
        ],
        "name": "Gruppenpraxis CH",
        "telecom": [
          {
            "system": "phone",
            "value": "tel:+41.32.234.55.66",
            "use": "work"
          },
          {
            "system": "fax",
            "value": "fax:+41.32.234.55.67",
            "use": "work"
          },
          {
            "system": "email",
            "value": "mailto:bereit@gruppenpraxis.ch",
            "use": "work"
          },
          {
            "system": "url",
            "value": "http://www.gruppenpraxis.ch",
            "use": "work"
          }
        ],
        "address": [
          {
            "line": [
              "Doktorgasse 2"
            ],
            "city": "Musterhausen",
            "state": "ZH",
            "postalCode": "8888",
            "country": "CH"
          }
        ]
      }
    },
    {
      "fullUrl": "http://test.fhir.ch/r4/Practitioner/TC-HCP2-C2",
      "resource": {
        "resourceType": "Practitioner",
        "id": "TC-HCP2-C2",
        "meta": {
          "profile": [
            "http://fhir.ch/ig/ch-core/StructureDefinition/ch-core-practitioner-epr"
          ]
        },
        "text": {
          "status": "generated",
          "div": "<div xmlns=\"http://www.w3.org/1999/xhtml\"><p><b>Generated Narrative</b></p><div style=\"display: inline-block; background-color: #d9e0e7; padding: 6px; margin: 4px; border: 1px solid #8da1b4; border-radius: 5px; line-height: 60%\"><p style=\"margin-bottom: 0px\">Resource \"TC-HCP2-C2\" </p><p style=\"margin-bottom: 0px\">Profile: <a href=\"http://fhir.ch/ig/ch-core/StructureDefinition-ch-core-practitioner-epr.html\">CH Core Practitioner Profile EPR</a></p></div><p><b>identifier</b>: id: 7609999999990</p><p><b>active</b>: true</p><p><b>name</b>: Meist Gesund </p><p><b>telecom</b>: ph: tel:+41.32.234.77.88(WORK), fax: fax:+41.32.234.77.89(WORK), <a href=\"mailto:mailto:leitung@praxis-gesund.ch\">mailto:leitung@praxis-gesund.ch</a>, <a href=\"http://www.praxis-gesund.ch\">http://www.praxis-gesund.ch</a></p><p><b>address</b>: Aerztehaus Beispielen ZH 7890 CH </p></div>"
        },
        "identifier": [
          {
            "system": "urn:oid:2.51.1.3",
            "value": "7609999999990"
          }
        ],
        "active": true,
        "name": [
          {
            "family": "Gesund",
            "given": [
              "Meist"
            ],
            "prefix": [
              "Dr. med."
            ]
          }
        ],
        "telecom": [
          {
            "system": "phone",
            "value": "tel:+41.32.234.77.88",
            "use": "work"
          },
          {
            "system": "fax",
            "value": "fax:+41.32.234.77.89",
            "use": "work"
          },
          {
            "system": "email",
            "value": "mailto:leitung@praxis-gesund.ch",
            "use": "work"
          },
          {
            "system": "url",
            "value": "http://www.praxis-gesund.ch",
            "use": "work"
          }
        ],
        "address": [
          {
            "type": "physical",
            "line": [
              "Aerztehaus"
            ],
            "city": "Beispielen",
            "state": "ZH",
            "postalCode": "7890",
            "country": "CH"
          }
        ]
      }
    },
    {
      "fullUrl": "http://test.fhir.ch/r4/Organization/TC-ORG2",
      "resource": {
        "resourceType": "Organization",
        "id": "TC-ORG2",
        "meta": {
          "profile": [
            "http://fhir.ch/ig/ch-core/StructureDefinition/ch-core-organization-epr"
          ]
        },
        "text": {
          "status": "generated",
          "div": "<div xmlns=\"http://www.w3.org/1999/xhtml\"><p><b>Generated Narrative</b></p><div style=\"display: inline-block; background-color: #d9e0e7; padding: 6px; margin: 4px; border: 1px solid #8da1b4; border-radius: 5px; line-height: 60%\"><p style=\"margin-bottom: 0px\">Resource \"TC-ORG2\" </p><p style=\"margin-bottom: 0px\">Profile: <a href=\"http://fhir.ch/ig/ch-core/StructureDefinition-ch-core-organization-epr.html\">CH Core Organization Profile EPR</a></p></div><p><b>identifier</b>: id: 7609999999991</p><p><b>name</b>: Praxis Dr. Gesund</p><p><b>telecom</b>: ph: tel:+41.32.234.77.88(WORK), fax: fax:+41.32.234.77.89(WORK), <a href=\"mailto:mailto:leitung@praxis-gesund.ch\">mailto:leitung@praxis-gesund.ch</a>, <a href=\"http://www.praxis-gesund.ch\">http://www.praxis-gesund.ch</a></p><p><b>address</b>: Aerztehaus Beispielen ZH 7890 CH </p></div>"
        },
        "identifier": [
          {
            "system": "urn:oid:2.51.1.3",
            "value": "7609999999991"
          }
        ],
        "name": "Praxis Dr. Gesund",
        "telecom": [
          {
            "system": "phone",
            "value": "tel:+41.32.234.77.88",
            "use": "work"
          },
          {
            "system": "fax",
            "value": "fax:+41.32.234.77.89",
            "use": "work"
          },
          {
            "system": "email",
            "value": "mailto:leitung@praxis-gesund.ch",
            "use": "work"
          },
          {
            "system": "url",
            "value": "http://www.praxis-gesund.ch",
            "use": "work"
          }
        ],
        "address": [
          {
            "line": [
              "Aerztehaus"
            ],
            "city": "Beispielen",
            "state": "ZH",
            "postalCode": "7890",
            "country": "CH"
          }
        ]
      }
    },
    {
      "fullUrl": "http://test.fhir.ch/r4/PractitionerRole/TC-HCP2-ORG2-ROLE-performer",
      "resource": {
        "resourceType": "PractitionerRole",
        "id": "TC-HCP2-ORG2-ROLE-performer",
        "meta": {
          "profile": [
            "http://fhir.ch/ig/ch-core/StructureDefinition/ch-core-practitionerrole-epr"
          ]
        },
        "text": {
          "status": "generated",
          "div": "<div xmlns=\"http://www.w3.org/1999/xhtml\"><p><b>Generated Narrative</b></p><div style=\"display: inline-block; background-color: #d9e0e7; padding: 6px; margin: 4px; border: 1px solid #8da1b4; border-radius: 5px; line-height: 60%\"><p style=\"margin-bottom: 0px\">Resource \"TC-HCP2-ORG2-ROLE-performer\" </p><p style=\"margin-bottom: 0px\">Profile: <a href=\"http://fhir.ch/ig/ch-core/StructureDefinition-ch-core-practitionerrole-epr.html\">CH Core Practitioner Role Profile EPR</a></p></div><p><b>active</b>: true</p><p><b>practitioner</b>: <a href=\"#Practitioner_TC-HCP2-C2\">See above (Practitioner/TC-HCP2-C2)</a></p><p><b>organization</b>: <a href=\"#Organization_TC-ORG2\">See above (Organization/TC-ORG2)</a></p></div>"
        },
        "active": true,
        "practitioner": {
          "reference": "Practitioner/TC-HCP2-C2"
        },
        "organization": {
          "reference": "Organization/TC-ORG2"
        }
      }
    },
    {
      "fullUrl": "http://test.fhir.ch/r4/PractitionerRole/TC-HCP2-ORG2-ROLE-author",
      "resource": {
        "resourceType": "PractitionerRole",
        "id": "TC-HCP2-ORG2-ROLE-author",
        "meta": {
          "profile": [
            "http://fhir.ch/ig/ch-core/StructureDefinition/ch-core-practitionerrole-epr"
          ]
        },
        "text": {
          "status": "generated",
          "div": "<div xmlns=\"http://www.w3.org/1999/xhtml\"><p><b>Generated Narrative</b></p><div style=\"display: inline-block; background-color: #d9e0e7; padding: 6px; margin: 4px; border: 1px solid #8da1b4; border-radius: 5px; line-height: 60%\"><p style=\"margin-bottom: 0px\">Resource \"TC-HCP2-ORG2-ROLE-author\" </p><p style=\"margin-bottom: 0px\">Profile: <a href=\"http://fhir.ch/ig/ch-core/StructureDefinition-ch-core-practitionerrole-epr.html\">CH Core Practitioner Role Profile EPR</a></p></div><p><b>active</b>: true</p><p><b>practitioner</b>: <a href=\"#Practitioner_TC-HCP2-C2\">See above (Practitioner/TC-HCP2-C2)</a></p><p><b>organization</b>: <a href=\"#Organization_TC-ORG2\">See above (Organization/TC-ORG2)</a></p></div>"
        },
        "active": true,
        "practitioner": {
          "reference": "Practitioner/TC-HCP2-C2"
        },
        "organization": {
          "reference": "Organization/TC-ORG2"
        }
      }
    },
    {
      "fullUrl": "http://test.fhir.ch/r4/Immunization/TCD01-IMMUN3",
      "resource": {
        "resourceType": "Immunization",
        "id": "TCD01-IMMUN3",
        "meta": {
          "profile": [
            "http://fhir.ch/ig/ch-vacd/StructureDefinition/ch-vacd-immunization"
          ]
        },
        "text": {
          "status": "extensions",
          "div": "<div xmlns=\"http://www.w3.org/1999/xhtml\"><p><b>Generated Narrative</b></p><div style=\"display: inline-block; background-color: #d9e0e7; padding: 6px; margin: 4px; border: 1px solid #8da1b4; border-radius: 5px; line-height: 60%\"><p style=\"margin-bottom: 0px\">Resource \"TCD01-IMMUN3\" </p><p style=\"margin-bottom: 0px\">Profile: <a href=\"StructureDefinition-ch-vacd-immunization.html\">CH VACD Immunization Profile</a></p></div><p><b>CH VACD Extension Immunization Recorder Reference</b>: <a href=\"#PractitionerRole_TC-HCP2-ORG2-ROLE-author\">See above (PractitionerRole/TC-HCP2-ORG2-ROLE-author)</a></p><p><b>CH VACD Extension Immunization Medication Reference</b>: <a href=\"#Medication_TC-IMMUN-MEDIC-BOOSTRIX\">See above (Medication/TC-IMMUN-MEDIC-BOOSTRIX)</a></p><p><b>identifier</b>: id: urn:uuid:58457607-9160-4d0a-9a79-55495755a677</p><p><b>status</b>: completed</p><p><b>vaccineCode</b>: Boostrix <span style=\"background: LightGoldenRodYellow; margin: 4px; border: 1px solid khaki\"> (<a href=\"CodeSystem-ch-vacd-swissmedic-cs.html\">Swiss Medic Authorized Vaccines Codesystem</a>#637)</span></p><p><b>patient</b>: <a href=\"#Patient_TC-patient\">See above (Patient/TC-patient)</a></p><p><b>occurrence</b>: 2020-12-09</p><p><b>recorded</b>: 2020-12-09T11:00:00.39+02:00</p><p><b>lotNumber</b>: AHAVB946A</p><p><b>route</b>: Intramuscular use <span style=\"background: LightGoldenRodYellow; margin: 4px; border: 1px solid khaki\"> (standardterms.edqm.eu#20035000)</span></p><h3>Performers</h3><table class=\"grid\"><tr><td>-</td><td><b>Actor</b></td></tr><tr><td>*</td><td><a href=\"#PractitionerRole_TC-HCP2-ORG2-ROLE-performer\">See above (PractitionerRole/TC-HCP2-ORG2-ROLE-performer)</a></td></tr></table><h3>ProtocolApplieds</h3><table class=\"grid\"><tr><td>-</td><td><b>TargetDisease</b></td><td><b>DoseNumber[x]</b></td></tr><tr><td>*</td><td>Tetanus (disorder) <span style=\"background: LightGoldenRodYellow; margin: 4px; border: 1px solid khaki\"> (<a href=\"https://browser.ihtsdotools.org/\">SNOMED CT</a>#76902006)</span>, Pertussis (disorder) <span style=\"background: LightGoldenRodYellow; margin: 4px; border: 1px solid khaki\"> (<a href=\"https://browser.ihtsdotools.org/\">SNOMED CT</a>#27836007)</span>, Diphtheria caused by Corynebacterium diphtheriae (disorder) <span style=\"background: LightGoldenRodYellow; margin: 4px; border: 1px solid khaki\"> (<a href=\"https://browser.ihtsdotools.org/\">SNOMED CT</a>#397430003)</span></td><td>1</td></tr></table></div>"
        },
        "extension": [
          {
            "url": "http://fhir.ch/ig/ch-vacd/StructureDefinition/ch-vacd-ext-immunization-recorder-reference",
            "valueReference": {
              "reference": "PractitionerRole/TC-HCP2-ORG2-ROLE-author"
            }
          },
          {
            "url": "http://fhir.ch/ig/ch-vacd/StructureDefinition/ch-vacd-ext-immunization-medication-reference",
            "valueReference": {
              "reference": "Medication/TC-IMMUN-MEDIC-BOOSTRIX"
            }
          }
        ],
        "identifier": [
          {
            "system": "urn:oid:2.16.756.5.30.1.402.1.3.1.1.1",
            "value": "urn:uuid:58457607-9160-4d0a-9a79-55495755a677"
          }
        ],
        "status": "completed",
        "vaccineCode": {
          "coding": [
            {
              "system": "http://fhir.ch/ig/ch-vacd/CodeSystem/ch-vacd-swissmedic-cs",
              "code": "637",
              "display": "Boostrix"
            }
          ]
        },
        "patient": {
          "reference": "Patient/TC-patient"
        },
        "occurrenceDateTime": "2020-12-09",
        "recorded": "2020-12-09T11:00:00.390+02:00",
        "lotNumber": "AHAVB946A",
        "route": {
          "coding": [
            {
              "system": "http://standardterms.edqm.eu",
              "code": "20035000",
              "display": "Intramuscular use"
            }
          ]
        },
        "performer": [
          {
            "actor": {
              "reference": "PractitionerRole/TC-HCP2-ORG2-ROLE-performer"
            }
          }
        ],
        "protocolApplied": [
          {
            "targetDisease": [
              {
                "coding": [
                  {
                    "system": "http://snomed.info/sct",
                    "code": "76902006",
                    "display": "Tetanus (disorder)"
                  }
                ]
              },
              {
                "coding": [
                  {
                    "system": "http://snomed.info/sct",
                    "code": "27836007",
                    "display": "Pertussis (disorder)"
                  }
                ]
              },
              {
                "coding": [
                  {
                    "system": "http://snomed.info/sct",
                    "code": "397430003",
                    "display": "Diphtheria caused by Corynebacterium diphtheriae (disorder)"
                  }
                ]
              }
            ],
            "doseNumberPositiveInt": 1
          }
        ]
      }
    },
    {
      "fullUrl": "http://test.fhir.ch/r4/Medication/TC-IMMUN-MEDIC-BOOSTRIX",
      "resource": {
        "resourceType": "Medication",
        "id": "TC-IMMUN-MEDIC-BOOSTRIX",
        "meta": {
          "profile": [
            "http://fhir.ch/ig/ch-vacd/StructureDefinition/ch-vacd-medication-for-immunization"
          ]
        },
        "text": {
          "status": "generated",
          "div": "<div xmlns=\"http://www.w3.org/1999/xhtml\"><p><b>Generated Narrative</b></p><div style=\"display: inline-block; background-color: #d9e0e7; padding: 6px; margin: 4px; border: 1px solid #8da1b4; border-radius: 5px; line-height: 60%\"><p style=\"margin-bottom: 0px\">Resource \"TC-IMMUN-MEDIC-BOOSTRIX\" </p><p style=\"margin-bottom: 0px\">Profile: <a href=\"StructureDefinition-ch-vacd-medication-for-immunization.html\">CH VACD Medication For Immunization Profile</a></p></div><p><b>identifier</b>: id: 7680006370012</p><p><b>code</b>: Immunologic substance (substance) <span style=\"background: LightGoldenRodYellow; margin: 4px; border: 1px solid khaki\"> (<a href=\"https://browser.ihtsdotools.org/\">SNOMED CT</a>#106181007)</span></p><p><b>status</b>: active</p><p><b>manufacturer</b>: <a href=\"#Organization_TC-ORG-GSK\">See above (Organization/TC-ORG-GSK)</a></p><p><b>form</b>: Suspension for injection <span style=\"background: LightGoldenRodYellow; margin: 4px; border: 1px solid khaki\"> (<a href=\"https://browser.ihtsdotools.org/\">SNOMED CT</a>#385220007)</span></p><p><b>amount</b>: 0.5 milliliter<span style=\"background: LightGoldenRodYellow\"> (Details: UCUM code ml = 'ml')</span>/1 Syringe (unit of presentation)<span style=\"background: LightGoldenRodYellow\"> (Details: SNOMED CT code 733020007 = 'Syringe')</span></p><h3>Batches</h3><table class=\"grid\"><tr><td>-</td><td><b>LotNumber</b></td></tr><tr><td>*</td><td>AHAVB946A</td></tr></table></div>"
        },
        "identifier": [
          {
            "system": "urn:oid:2.51.1.1",
            "value": "7680006370012"
          }
        ],
        "code": {
          "coding": [
            {
              "system": "http://snomed.info/sct",
              "code": "106181007",
              "display": "Immunologic substance (substance)"
            }
          ]
        },
        "status": "active",
        "manufacturer": {
          "reference": "Organization/TC-ORG-GSK"
        },
        "form": {
          "coding": [
            {
              "system": "http://snomed.info/sct",
              "code": "385220007",
              "display": "Suspension for injection"
            }
          ]
        },
        "amount": {
          "numerator": {
            "value": 0.5,
            "unit": "milliliter",
            "system": "http://unitsofmeasure.org",
            "code": "ml"
          },
          "denominator": {
            "value": 1,
            "unit": "Syringe (unit of presentation)",
            "system": "http://snomed.info/sct",
            "code": "733020007"
          }
        },
        "batch": {
          "lotNumber": "AHAVB946A"
        }
      }
    },
    {
      "fullUrl": "http://test.fhir.ch/r4/Immunization/TCD01-IMMUN4",
      "resource": {
        "resourceType": "Immunization",
        "id": "TCD01-IMMUN4",
        "meta": {
          "profile": [
            "http://fhir.ch/ig/ch-vacd/StructureDefinition/ch-vacd-immunization"
          ]
        },
        "text": {
          "status": "extensions",
          "div": "<div xmlns=\"http://www.w3.org/1999/xhtml\"><p><b>Generated Narrative</b></p><div style=\"display: inline-block; background-color: #d9e0e7; padding: 6px; margin: 4px; border: 1px solid #8da1b4; border-radius: 5px; line-height: 60%\"><p style=\"margin-bottom: 0px\">Resource \"TCD01-IMMUN4\" </p><p style=\"margin-bottom: 0px\">Profile: <a href=\"StructureDefinition-ch-vacd-immunization.html\">CH VACD Immunization Profile</a></p></div><p><b>CH VACD Extension Immunization Recorder Reference</b>: <a href=\"#PractitionerRole_TC-HCP2-ORG2-ROLE-author\">See above (PractitionerRole/TC-HCP2-ORG2-ROLE-author)</a></p><p><b>CH VACD Extension Immunization Medication Reference</b>: <a href=\"#Medication_TC-IMMUN-MEDIC-PRIORIX\">See above (Medication/TC-IMMUN-MEDIC-PRIORIX)</a></p><p><b>identifier</b>: id: urn:uuid:58457607-9160-4d0a-9a79-55495755a677</p><p><b>status</b>: completed</p><p><b>vaccineCode</b>: Priorix <span style=\"background: LightGoldenRodYellow; margin: 4px; border: 1px solid khaki\"> (<a href=\"CodeSystem-ch-vacd-swissmedic-cs.html\">Swiss Medic Authorized Vaccines Codesystem</a>#615)</span></p><p><b>patient</b>: <a href=\"#Patient_TC-patient\">See above (Patient/TC-patient)</a></p><p><b>occurrence</b>: 2020-12-09</p><p><b>recorded</b>: 2020-12-09T11:00:00.39+02:00</p><p><b>lotNumber</b>: A69FE297A</p><p><b>route</b>: Intramuscular use <span style=\"background: LightGoldenRodYellow; margin: 4px; border: 1px solid khaki\"> (standardterms.edqm.eu#20035000)</span></p><h3>Performers</h3><table class=\"grid\"><tr><td>-</td><td><b>Actor</b></td></tr><tr><td>*</td><td><a href=\"#PractitionerRole_TC-HCP2-ORG2-ROLE-performer\">See above (PractitionerRole/TC-HCP2-ORG2-ROLE-performer)</a></td></tr></table><h3>ProtocolApplieds</h3><table class=\"grid\"><tr><td>-</td><td><b>TargetDisease</b></td><td><b>DoseNumber[x]</b></td></tr><tr><td>*</td><td>Mumps (disorder) <span style=\"background: LightGoldenRodYellow; margin: 4px; border: 1px solid khaki\"> (<a href=\"https://browser.ihtsdotools.org/\">SNOMED CT</a>#36989005)</span></td><td>1</td></tr></table></div>"
        },
        "extension": [
          {
            "url": "http://fhir.ch/ig/ch-vacd/StructureDefinition/ch-vacd-ext-immunization-recorder-reference",
            "valueReference": {
              "reference": "PractitionerRole/TC-HCP2-ORG2-ROLE-author"
            }
          },
          {
            "url": "http://fhir.ch/ig/ch-vacd/StructureDefinition/ch-vacd-ext-immunization-medication-reference",
            "valueReference": {
              "reference": "Medication/TC-IMMUN-MEDIC-PRIORIX"
            }
          }
        ],
        "identifier": [
          {
            "system": "urn:oid:2.16.756.5.30.1.402.1.3.1.1.1",
            "value": "urn:uuid:58457607-9160-4d0a-9a79-55495755a677"
          }
        ],
        "status": "completed",
        "vaccineCode": {
          "coding": [
            {
              "system": "http://fhir.ch/ig/ch-vacd/CodeSystem/ch-vacd-swissmedic-cs",
              "code": "615",
              "display": "Priorix"
            }
          ]
        },
        "patient": {
          "reference": "Patient/TC-patient"
        },
        "occurrenceDateTime": "2020-12-09",
        "recorded": "2020-12-09T11:00:00.390+02:00",
        "lotNumber": "A69FE297A",
        "route": {
          "coding": [
            {
              "system": "http://standardterms.edqm.eu",
              "code": "20035000",
              "display": "Intramuscular use"
            }
          ]
        },
        "performer": [
          {
            "actor": {
              "reference": "PractitionerRole/TC-HCP2-ORG2-ROLE-performer"
            }
          }
        ],
        "protocolApplied": [
          {
            "targetDisease": [
              {
                "coding": [
                  {
                    "system": "http://snomed.info/sct",
                    "code": "36989005",
                    "display": "Mumps (disorder)"
                  }
                ]
              }
            ],
            "doseNumberPositiveInt": 1
          }
        ]
      }
    },
    {
      "fullUrl": "http://test.fhir.ch/r4/Medication/TC-IMMUN-MEDIC-PRIORIX",
      "resource": {
        "resourceType": "Medication",
        "id": "TC-IMMUN-MEDIC-PRIORIX",
        "meta": {
          "profile": [
            "http://fhir.ch/ig/ch-vacd/StructureDefinition/ch-vacd-medication-for-immunization"
          ]
        },
        "text": {
          "status": "generated",
          "div": "<div xmlns=\"http://www.w3.org/1999/xhtml\"><p><b>Generated Narrative</b></p><div style=\"display: inline-block; background-color: #d9e0e7; padding: 6px; margin: 4px; border: 1px solid #8da1b4; border-radius: 5px; line-height: 60%\"><p style=\"margin-bottom: 0px\">Resource \"TC-IMMUN-MEDIC-PRIORIX\" </p><p style=\"margin-bottom: 0px\">Profile: <a href=\"StructureDefinition-ch-vacd-medication-for-immunization.html\">CH VACD Medication For Immunization Profile</a></p></div><p><b>identifier</b>: id: 7680006150010</p><p><b>code</b>: Immunologic substance (substance) <span style=\"background: LightGoldenRodYellow; margin: 4px; border: 1px solid khaki\"> (<a href=\"https://browser.ihtsdotools.org/\">SNOMED CT</a>#106181007)</span></p><p><b>status</b>: active</p><p><b>manufacturer</b>: <a href=\"#Organization_TC-ORG-GSK\">See above (Organization/TC-ORG-GSK)</a></p><p><b>form</b>: Suspension for injection <span style=\"background: LightGoldenRodYellow; margin: 4px; border: 1px solid khaki\"> (<a href=\"https://browser.ihtsdotools.org/\">SNOMED CT</a>#385220007)</span></p><p><b>amount</b>: 0.5 milliliter<span style=\"background: LightGoldenRodYellow\"> (Details: UCUM code ml = 'ml')</span>/1 Syringe (unit of presentation)<span style=\"background: LightGoldenRodYellow\"> (Details: SNOMED CT code 733020007 = 'Syringe')</span></p><h3>Batches</h3><table class=\"grid\"><tr><td>-</td><td><b>LotNumber</b></td></tr><tr><td>*</td><td>A69FE297A</td></tr></table></div>"
        },
        "identifier": [
          {
            "system": "urn:oid:2.51.1.1",
            "value": "7680006150010"
          }
        ],
        "code": {
          "coding": [
            {
              "system": "http://snomed.info/sct",
              "code": "106181007",
              "display": "Immunologic substance (substance)"
            }
          ]
        },
        "status": "active",
        "manufacturer": {
          "reference": "Organization/TC-ORG-GSK"
        },
        "form": {
          "coding": [
            {
              "system": "http://snomed.info/sct",
              "code": "385220007",
              "display": "Suspension for injection"
            }
          ]
        },
        "amount": {
          "numerator": {
            "value": 0.5,
            "unit": "milliliter",
            "system": "http://unitsofmeasure.org",
            "code": "ml"
          },
          "denominator": {
            "value": 1,
            "unit": "Syringe (unit of presentation)",
            "system": "http://snomed.info/sct",
            "code": "733020007"
          }
        },
        "batch": {
          "lotNumber": "A69FE297A"
        }
      }
    },
    {
      "fullUrl": "http://test.fhir.ch/r4/Organization/TC-ORG-GSK",
      "resource": {
        "resourceType": "Organization",
        "id": "TC-ORG-GSK",
        "meta": {
          "profile": [
            "http://fhir.ch/ig/ch-core/StructureDefinition/ch-core-organization"
          ]
        },
        "text": {
          "status": "generated",
          "div": "<div xmlns=\"http://www.w3.org/1999/xhtml\"><p><b>Generated Narrative</b></p><div style=\"display: inline-block; background-color: #d9e0e7; padding: 6px; margin: 4px; border: 1px solid #8da1b4; border-radius: 5px; line-height: 60%\"><p style=\"margin-bottom: 0px\">Resource \"TC-ORG-GSK\" </p><p style=\"margin-bottom: 0px\">Profile: <a href=\"http://fhir.ch/ig/ch-core/StructureDefinition-ch-core-organization.html\">CH Core Organization Profile</a></p></div><p><b>identifier</b>: id: 7601001000674</p><p><b>name</b>: GlaxoSmithKline AG</p><p><b>telecom</b>: ph: tel:+41 31 862 21 11(WORK), fax: fax:+41 31 862 22 00(WORK), <a href=\"mailto:mailto:swiss.info@gsk.com\">mailto:swiss.info@gsk.com</a>, <a href=\"https://www.gsk.com\">https://www.gsk.com</a></p><p><b>address</b>: Talstrasse 3-5 Münchenbuchsee BE 3053 CH </p></div>"
        },
        "identifier": [
          {
            "system": "urn:oid:2.51.1.3",
            "value": "7601001000674"
          }
        ],
        "name": "GlaxoSmithKline AG",
        "telecom": [
          {
            "system": "phone",
            "value": "tel:+41 31 862 21 11",
            "use": "work"
          },
          {
            "system": "fax",
            "value": "fax:+41 31 862 22 00",
            "use": "work"
          },
          {
            "system": "email",
            "value": "mailto:swiss.info@gsk.com",
            "use": "work"
          },
          {
            "system": "url",
            "value": "https://www.gsk.com",
            "use": "work"
          }
        ],
        "address": [
          {
            "line": [
              "Talstrasse 3-5"
            ],
            "city": "Münchenbuchsee",
            "state": "BE",
            "postalCode": "3053",
            "country": "CH"
          }
        ]
      }
    },
    {
      "fullUrl": "http://test.fhir.ch/r4/Immunization/TCD01-IMMUN5",
      "resource": {
        "resourceType": "Immunization",
        "id": "TCD01-IMMUN5",
        "meta": {
          "profile": [
            "http://fhir.ch/ig/ch-vacd/StructureDefinition/ch-vacd-immunization"
          ]
        },
        "text": {
          "status": "extensions",
          "div": "<div xmlns=\"http://www.w3.org/1999/xhtml\"><p><b>Generated Narrative</b></p><div style=\"display: inline-block; background-color: #d9e0e7; padding: 6px; margin: 4px; border: 1px solid #8da1b4; border-radius: 5px; line-height: 60%\"><p style=\"margin-bottom: 0px\">Resource \"TCD01-IMMUN5\" </p><p style=\"margin-bottom: 0px\">Profile: <a href=\"StructureDefinition-ch-vacd-immunization.html\">CH VACD Immunization Profile</a></p></div><p><b>CH VACD Extension Immunization Recorder Reference</b>: <a href=\"#PractitionerRole_TC-HCP2-ORG2-ROLE-author\">See above (PractitionerRole/TC-HCP2-ORG2-ROLE-author)</a></p><p><b>CH VACD Extension Immunization Medication Reference</b>: <a href=\"#Medication_TC-IMMUN-MEDIC-GARDASIL9\">See above (Medication/TC-IMMUN-MEDIC-GARDASIL9)</a></p><p><b>identifier</b>: id: urn:uuid:cc632c23-ffb4-4cd9-a090-61afd0746aff</p><p><b>status</b>: completed</p><p><b>vaccineCode</b>: Gardasil 9 <span style=\"background: LightGoldenRodYellow; margin: 4px; border: 1px solid khaki\"> (<a href=\"CodeSystem-ch-vacd-swissmedic-cs.html\">Swiss Medic Authorized Vaccines Codesystem</a>#65387)</span></p><p><b>patient</b>: <a href=\"#Patient_TC-patient\">See above (Patient/TC-patient)</a></p><p><b>occurrence</b>: 2021-03-29</p><p><b>recorded</b>: 2021-03-29T11:00:00.39+02:00</p><p><b>lotNumber</b>: 12435</p><p><b>route</b>: Intramuscular use <span style=\"background: LightGoldenRodYellow; margin: 4px; border: 1px solid khaki\"> (standardterms.edqm.eu#20035000)</span></p><h3>Performers</h3><table class=\"grid\"><tr><td>-</td><td><b>Actor</b></td></tr><tr><td>*</td><td><a href=\"#PractitionerRole_TC-HCP2-ORG2-ROLE-performer\">See above (PractitionerRole/TC-HCP2-ORG2-ROLE-performer)</a></td></tr></table><h3>ProtocolApplieds</h3><table class=\"grid\"><tr><td>-</td><td><b>TargetDisease</b></td><td><b>DoseNumber[x]</b></td></tr><tr><td>*</td><td>Human papillomavirus infection (disorder) <span style=\"background: LightGoldenRodYellow; margin: 4px; border: 1px solid khaki\"> (<a href=\"https://browser.ihtsdotools.org/\">SNOMED CT</a>#240532009)</span></td><td>1</td></tr></table></div>"
        },
        "extension": [
          {
            "url": "http://fhir.ch/ig/ch-vacd/StructureDefinition/ch-vacd-ext-immunization-recorder-reference",
            "valueReference": {
              "reference": "PractitionerRole/TC-HCP2-ORG2-ROLE-author"
            }
          },
          {
            "url": "http://fhir.ch/ig/ch-vacd/StructureDefinition/ch-vacd-ext-immunization-medication-reference",
            "valueReference": {
              "reference": "Medication/TC-IMMUN-MEDIC-GARDASIL9"
            }
          }
        ],
        "identifier": [
          {
            "system": "urn:oid:2.16.756.5.30.1.402.1.3.1.1.1",
            "value": "urn:uuid:cc632c23-ffb4-4cd9-a090-61afd0746aff"
          }
        ],
        "status": "completed",
        "vaccineCode": {
          "coding": [
            {
              "system": "http://fhir.ch/ig/ch-vacd/CodeSystem/ch-vacd-swissmedic-cs",
              "code": "65387",
              "display": "Gardasil 9"
            }
          ]
        },
        "patient": {
          "reference": "Patient/TC-patient"
        },
        "occurrenceDateTime": "2021-03-29",
        "recorded": "2021-03-29T11:00:00.390+02:00",
        "lotNumber": "12435",
        "route": {
          "coding": [
            {
              "system": "http://standardterms.edqm.eu",
              "code": "20035000",
              "display": "Intramuscular use"
            }
          ]
        },
        "performer": [
          {
            "actor": {
              "reference": "PractitionerRole/TC-HCP2-ORG2-ROLE-performer"
            }
          }
        ],
        "protocolApplied": [
          {
            "targetDisease": [
              {
                "coding": [
                  {
                    "system": "http://snomed.info/sct",
                    "code": "240532009",
                    "display": "Human papillomavirus infection (disorder)"
                  }
                ]
              }
            ],
            "doseNumberPositiveInt": 1
          }
        ]
      }
    },
    {
      "fullUrl": "http://test.fhir.ch/r4/Medication/TC-IMMUN-MEDIC-GARDASIL9",
      "resource": {
        "resourceType": "Medication",
        "id": "TC-IMMUN-MEDIC-GARDASIL9",
        "meta": {
          "profile": [
            "http://fhir.ch/ig/ch-vacd/StructureDefinition/ch-vacd-medication-for-immunization"
          ]
        },
        "text": {
          "status": "generated",
          "div": "<div xmlns=\"http://www.w3.org/1999/xhtml\"><p><b>Generated Narrative</b></p><div style=\"display: inline-block; background-color: #d9e0e7; padding: 6px; margin: 4px; border: 1px solid #8da1b4; border-radius: 5px; line-height: 60%\"><p style=\"margin-bottom: 0px\">Resource \"TC-IMMUN-MEDIC-GARDASIL9\" </p><p style=\"margin-bottom: 0px\">Profile: <a href=\"StructureDefinition-ch-vacd-medication-for-immunization.html\">CH VACD Medication For Immunization Profile</a></p></div><p><b>identifier</b>: id: 7680653870019</p><p><b>code</b>: Immunologic substance (substance) <span style=\"background: LightGoldenRodYellow; margin: 4px; border: 1px solid khaki\"> (<a href=\"https://browser.ihtsdotools.org/\">SNOMED CT</a>#106181007)</span></p><p><b>status</b>: active</p><p><b>manufacturer</b>: <a href=\"#Organization_TC-ORG-MSD\">See above (Organization/TC-ORG-MSD)</a></p><p><b>form</b>: Suspension for injection <span style=\"background: LightGoldenRodYellow; margin: 4px; border: 1px solid khaki\"> (<a href=\"https://browser.ihtsdotools.org/\">SNOMED CT</a>#385220007)</span></p><p><b>amount</b>: 0.5 milliliter<span style=\"background: LightGoldenRodYellow\"> (Details: UCUM code ml = 'ml')</span>/1 Syringe (unit of presentation)<span style=\"background: LightGoldenRodYellow\"> (Details: SNOMED CT code 733020007 = 'Syringe')</span></p><h3>Batches</h3><table class=\"grid\"><tr><td>-</td><td><b>LotNumber</b></td></tr><tr><td>*</td><td>A69FE297A</td></tr></table></div>"
        },
        "identifier": [
          {
            "system": "urn:oid:2.51.1.1",
            "value": "7680653870019"
          }
        ],
        "code": {
          "coding": [
            {
              "system": "http://snomed.info/sct",
              "code": "106181007",
              "display": "Immunologic substance (substance)"
            }
          ]
        },
        "status": "active",
        "manufacturer": {
          "reference": "Organization/TC-ORG-MSD"
        },
        "form": {
          "coding": [
            {
              "system": "http://snomed.info/sct",
              "code": "385220007",
              "display": "Suspension for injection"
            }
          ]
        },
        "amount": {
          "numerator": {
            "value": 0.5,
            "unit": "milliliter",
            "system": "http://unitsofmeasure.org",
            "code": "ml"
          },
          "denominator": {
            "value": 1,
            "unit": "Syringe (unit of presentation)",
            "system": "http://snomed.info/sct",
            "code": "733020007"
          }
        },
        "batch": {
          "lotNumber": "A69FE297A"
        }
      }
    },
    {
      "fullUrl": "http://test.fhir.ch/r4/Organization/TC-ORG-MSD",
      "resource": {
        "resourceType": "Organization",
        "id": "TC-ORG-MSD",
        "meta": {
          "profile": [
            "http://fhir.ch/ig/ch-core/StructureDefinition/ch-core-organization"
          ]
        },
        "text": {
          "status": "generated",
          "div": "<div xmlns=\"http://www.w3.org/1999/xhtml\"><p><b>Generated Narrative</b></p><div style=\"display: inline-block; background-color: #d9e0e7; padding: 6px; margin: 4px; border: 1px solid #8da1b4; border-radius: 5px; line-height: 60%\"><p style=\"margin-bottom: 0px\">Resource \"TC-ORG-MSD\" </p><p style=\"margin-bottom: 0px\">Profile: <a href=\"http://fhir.ch/ig/ch-core/StructureDefinition-ch-core-organization.html\">CH Core Organization Profile</a></p></div><p><b>identifier</b>: id: 7601001000674</p><p><b>name</b>: MSD Merck Sharp &amp; Dohme AG</p><p><b>telecom</b>: ph: tel:+41 58 618 30 30(WORK), <a href=\"mailto:mailto:msd.kundendienst@msd.com\">mailto:msd.kundendienst@msd.com</a>, <a href=\"https://www.msd.ch\">https://www.msd.ch</a></p><p><b>address</b>: Werftestrasse 4 Lucerne LU 6005 CH </p></div>"
        },
        "identifier": [
          {
            "system": "urn:oid:2.51.1.3",
            "value": "7601001000674"
          }
        ],
        "name": "MSD Merck Sharp & Dohme AG",
        "telecom": [
          {
            "system": "phone",
            "value": "tel:+41 58 618 30 30",
            "use": "work"
          },
          {
            "system": "email",
            "value": "mailto:msd.kundendienst@msd.com",
            "use": "work"
          },
          {
            "system": "url",
            "value": "https://www.msd.ch",
            "use": "work"
          }
        ],
        "address": [
          {
            "line": [
              "Werftestrasse 4"
            ],
            "city": "Lucerne",
            "state": "LU",
            "postalCode": "6005",
            "country": "CH"
          }
        ]
      }
    },
    {
      "fullUrl": "http://test.fhir.ch/r4/Condition/TCD02-UNDILL1",
      "resource": {
        "resourceType": "Condition",
        "id": "TCD02-UNDILL1",
        "meta": {
          "profile": [
            "http://fhir.ch/ig/ch-vacd/StructureDefinition/ch-vacd-pastillnesses"
          ]
        },
        "text": {
          "status": "generated",
          "div": "<div xmlns=\"http://www.w3.org/1999/xhtml\"><p><b>Generated Narrative</b></p><div style=\"display: inline-block; background-color: #d9e0e7; padding: 6px; margin: 4px; border: 1px solid #8da1b4; border-radius: 5px; line-height: 60%\"><p style=\"margin-bottom: 0px\">Resource \"TCD02-UNDILL1\" </p><p style=\"margin-bottom: 0px\">Profile: <a href=\"StructureDefinition-ch-vacd-pastillnesses.html\">CH VACD Past Illness Profile</a></p></div><p><b>identifier</b>: id: e82fe9ba-40f5-4d3d-beb4-51853b90e980</p><p><b>clinicalStatus</b>: Active <span style=\"background: LightGoldenRodYellow; margin: 4px; border: 1px solid khaki\"> (<a href=\"http://terminology.hl7.org/3.0.0/CodeSystem-condition-clinical.html\">Condition Clinical Status Codes</a>#active)</span></p><p><b>verificationStatus</b>: Confirmed <span style=\"background: LightGoldenRodYellow; margin: 4px; border: 1px solid khaki\"> (<a href=\"http://terminology.hl7.org/3.0.0/CodeSystem-condition-ver-status.html\">ConditionVerificationStatus</a>#confirmed)</span></p><p><b>code</b>: Varicella (disorder) <span style=\"background: LightGoldenRodYellow; margin: 4px; border: 1px solid khaki\"> (<a href=\"https://browser.ihtsdotools.org/\">SNOMED CT</a>#38907003)</span></p><p><b>subject</b>: <a href=\"#Patient_TC-patient\">See above (Patient/TC-patient)</a></p><p><b>onset</b>: 2015-05-30</p><p><b>recordedDate</b>: 2015-05-30</p><p><b>recorder</b>: <a href=\"#PractitionerRole_TC-HCP2-ORG2-ROLE-author\">See above (PractitionerRole/TC-HCP2-ORG2-ROLE-author)</a></p></div>"
        },
        "identifier": [
          {
            "system": "urn:oid:2.16.756.5.30.1.402.1.3.1.1.2",
            "value": "e82fe9ba-40f5-4d3d-beb4-51853b90e980"
          }
        ],
        "clinicalStatus": {
          "coding": [
            {
              "system": "http://terminology.hl7.org/CodeSystem/condition-clinical",
              "code": "active",
              "display": "Active"
            }
          ]
        },
        "verificationStatus": {
          "coding": [
            {
              "system": "http://terminology.hl7.org/CodeSystem/condition-ver-status",
              "code": "confirmed",
              "display": "Confirmed"
            }
          ]
        },
        "code": {
          "coding": [
            {
              "system": "http://snomed.info/sct",
              "code": "38907003",
              "display": "Varicella (disorder)"
            }
          ]
        },
        "subject": {
          "reference": "Patient/TC-patient"
        },
        "onsetDateTime": "2015-05-30",
        "recordedDate": "2015-05-30",
        "recorder": {
          "reference": "PractitionerRole/TC-HCP2-ORG2-ROLE-author"
        }
      }
    },
    {
      "fullUrl": "http://test.fhir.ch/r4/Condition/TCD02-EXPRISK1",
      "resource": {
        "resourceType": "Condition",
        "id": "TCD02-EXPRISK1",
        "meta": {
          "profile": [
            "http://fhir.ch/ig/ch-vacd/StructureDefinition/ch-vacd-medical-problems"
          ]
        },
        "text": {
          "status": "generated",
          "div": "<div xmlns=\"http://www.w3.org/1999/xhtml\"><p><b>Generated Narrative</b></p><div style=\"display: inline-block; background-color: #d9e0e7; padding: 6px; margin: 4px; border: 1px solid #8da1b4; border-radius: 5px; line-height: 60%\"><p style=\"margin-bottom: 0px\">Resource \"TCD02-EXPRISK1\" </p><p style=\"margin-bottom: 0px\">Profile: <a href=\"StructureDefinition-ch-vacd-medical-problems.html\">CH VACD Medical Problems Profile</a></p></div><p><b>identifier</b>: id: 08cdc406-9a12-4370-8a2a-811039792b13</p><p><b>clinicalStatus</b>: Active <span style=\"background: LightGoldenRodYellow; margin: 4px; border: 1px solid khaki\"> (<a href=\"http://terminology.hl7.org/3.0.0/CodeSystem-condition-clinical.html\">Condition Clinical Status Codes</a>#active)</span></p><p><b>verificationStatus</b>: Confirmed <span style=\"background: LightGoldenRodYellow; margin: 4px; border: 1px solid khaki\"> (<a href=\"http://terminology.hl7.org/3.0.0/CodeSystem-condition-ver-status.html\">ConditionVerificationStatus</a>#confirmed)</span></p><p><b>code</b>: Beschäftigte im Gesundheitswesen <span style=\"background: LightGoldenRodYellow; margin: 4px; border: 1px solid khaki\"> (<a href=\"CodeSystem-ch-vacd-exposure-risks-cs.html\">Swiss Exposure Risks Codesystem</a>#213001)</span></p><p><b>subject</b>: <a href=\"#Patient_TC-patient\">See above (Patient/TC-patient)</a></p><p><b>onset</b>: 2021-10-01</p><p><b>recordedDate</b>: 2021-10-20</p><p><b>recorder</b>: <a href=\"#PractitionerRole_TC-HCP2-ORG2-ROLE-author\">See above (PractitionerRole/TC-HCP2-ORG2-ROLE-author)</a></p></div>"
        },
        "identifier": [
          {
            "system": "urn:oid:2.16.756.5.30.1.402.1.3.1.1.2",
            "value": "08cdc406-9a12-4370-8a2a-811039792b13"
          }
        ],
        "clinicalStatus": {
          "coding": [
            {
              "system": "http://terminology.hl7.org/CodeSystem/condition-clinical",
              "code": "active",
              "display": "Active"
            }
          ]
        },
        "verificationStatus": {
          "coding": [
            {
              "system": "http://terminology.hl7.org/CodeSystem/condition-ver-status",
              "code": "confirmed",
              "display": "Confirmed"
            }
          ]
        },
        "code": {
          "coding": [
            {
              "system": "urn:oid:2.16.756.5.30.1.127.3.3.2",
              "code": "213001",
              "display": "Beschäftigte im Gesundheitswesen"
            }
          ]
        },
        "subject": {
          "reference": "Patient/TC-patient"
        },
        "onsetDateTime": "2021-10-01",
        "recordedDate": "2021-10-20",
        "recorder": {
          "reference": "PractitionerRole/TC-HCP2-ORG2-ROLE-author"
        }
      }
    }
  ]
}