{
  "resourceType": "Condition",
  "id": "TCD02-UNDILL1-2",
  "meta": {
    "profile": [
      "http://fhir.ch/ig/ch-vacd/StructureDefinition/ch-vacd-pastillnesses"
    ]
  },
  "text": {
    "status": "extensions",
    "div": "<div xmlns=\"http://www.w3.org/1999/xhtml\"><p><b>Generated Narrative</b></p><div style=\"display: inline-block; background-color: #d9e0e7; padding: 6px; margin: 4px; border: 1px solid #8da1b4; border-radius: 5px; line-height: 60%\"><p style=\"margin-bottom: 0px\">Resource \"TCD02-UNDILL1-2\" </p><p style=\"margin-bottom: 0px\">Profile: <a href=\"StructureDefinition-ch-vacd-pastillnesses.html\">CH VACD Past Illness Profile</a></p></div><blockquote><p><b>CH VACD Extension Merging Conflict Entry Reference</b></p><p><b>value</b>: <a href=\"Condition-TCB02-UNDILL1-2.html\">Condition/TCB02-UNDILL1-2</a></p><p><b>value</b>: duplicate</p></blockquote><p><b>identifier</b>: id: e82fe9ba-40f5-4d3d-beb4-51853b90e980</p><p><b>clinicalStatus</b>: Active <span style=\"background: LightGoldenRodYellow; margin: 4px; border: 1px solid khaki\"> (<a href=\"http://terminology.hl7.org/3.0.0/CodeSystem-condition-clinical.html\">Condition Clinical Status Codes</a>#active)</span></p><p><b>verificationStatus</b>: Confirmed <span style=\"background: LightGoldenRodYellow; margin: 4px; border: 1px solid khaki\"> (<a href=\"http://terminology.hl7.org/3.0.0/CodeSystem-condition-ver-status.html\">ConditionVerificationStatus</a>#confirmed)</span></p><p><b>code</b>: Varicella (disorder) <span style=\"background: LightGoldenRodYellow; margin: 4px; border: 1px solid khaki\"> (<a href=\"https://browser.ihtsdotools.org/\">SNOMED CT</a>#38907003)</span></p><p><b>subject</b>: <a href=\"Patient-TC-patient.html\">Patient/TC-patient</a> \" WEGMUELLER\"</p><p><b>onset</b>: 2015-05-30</p><p><b>recordedDate</b>: 2015-05-30</p><p><b>recorder</b>: <a href=\"PractitionerRole-TC-HCP2-ORG2-ROLE-author.html\">PractitionerRole/TC-HCP2-ORG2-ROLE-author</a></p></div>"
  },
  "extension": [
    {
      "extension": [
        {
          "url": "entry",
          "valueReference": {
            "reference": "Condition/TCB02-UNDILL1-2"
          }
        },
        {
          "url": "conflict",
          "valueCode": "duplicate"
        }
      ],
      "url": "http://fhir.ch/ig/ch-vacd/StructureDefinition/ch-vacd-ext-merging-conflict-entry-reference"
    }
  ],
  "identifier": [
    {
      "system": "urn:oid:2.16.756.5.30.1.402.1.3.1.1.2",
      "value": "e82fe9ba-40f5-4d3d-beb4-51853b90e980"
    }
  ],
  "clinicalStatus": {
    "coding": [
      {
        "system": "http://terminology.hl7.org/CodeSystem/condition-clinical",
        "code": "active",
        "display": "Active"
      }
    ]
  },
  "verificationStatus": {
    "coding": [
      {
        "system": "http://terminology.hl7.org/CodeSystem/condition-ver-status",
        "code": "confirmed",
        "display": "Confirmed"
      }
    ]
  },
  "code": {
    "coding": [
      {
        "system": "http://snomed.info/sct",
        "code": "38907003",
        "display": "Varicella (disorder)"
      }
    ]
  },
  "subject": {
    "reference": "Patient/TC-patient"
  },
  "onsetDateTime": "2015-05-30",
  "recordedDate": "2015-05-30",
  "recorder": {
    "reference": "PractitionerRole/TC-HCP2-ORG2-ROLE-author"
  }
}