{
  "resourceType": "Immunization",
  "id": "TCA02-IMMUN4-HCP2-ORG2-ROLE",
  "meta": {
    "profile": [
      "http://fhir.ch/ig/ch-vacd/StructureDefinition/ch-vacd-immunization"
    ]
  },
  "text": {
    "status": "extensions",
    "div": "<div xmlns=\"http://www.w3.org/1999/xhtml\"><p><b>Generated Narrative</b></p><div style=\"display: inline-block; background-color: #d9e0e7; padding: 6px; margin: 4px; border: 1px solid #8da1b4; border-radius: 5px; line-height: 60%\"><p style=\"margin-bottom: 0px\">Resource \"TCA02-IMMUN4-HCP2-ORG2-ROLE\" </p><p style=\"margin-bottom: 0px\">Profile: <a href=\"StructureDefinition-ch-vacd-immunization.html\">CH VACD Immunization Profile</a></p></div><p><b>CH VACD Extension Immunization Recorder Reference</b>: <a href=\"PractitionerRole-TC-HCP2-ORG2-ROLE-author.html\">PractitionerRole/TC-HCP2-ORG2-ROLE-author</a></p><p><b>CH VACD Extension Immunization Medication Reference</b>: <a href=\"Medication-TC-IMMUN-MEDIC-HAVRIX1440.html\">Medication/TC-IMMUN-MEDIC-HAVRIX1440</a></p><p><b>identifier</b>: id: 1829245678</p><p><b>status</b>: completed</p><p><b>vaccineCode</b>: Havrix 1440 <span style=\"background: LightGoldenRodYellow; margin: 4px; border: 1px solid khaki\"> (<a href=\"CodeSystem-ch-vacd-swissmedic-cs.html\">Swiss Medic Authorized Vaccines Codesystem</a>#558)</span></p><p><b>patient</b>: <a href=\"Patient-TC-patient.html\">Patient/TC-patient</a> \" WEGMUELLER\"</p><p><b>occurrence</b>: 2021-08-20</p><p><b>recorded</b>: 2021-08-20T00:00:00.39+02:00</p><p><b>lotNumber</b>: AHAVB946A</p><p><b>route</b>: Intramuscular use <span style=\"background: LightGoldenRodYellow; margin: 4px; border: 1px solid khaki\"> (standardterms.edqm.eu#20035000)</span></p><h3>Performers</h3><table class=\"grid\"><tr><td>-</td><td><b>Actor</b></td></tr><tr><td>*</td><td><a href=\"PractitionerRole-TC-HCP2-ORG2-ROLE-performer.html\">PractitionerRole/TC-HCP2-ORG2-ROLE-performer</a></td></tr></table><h3>ProtocolApplieds</h3><table class=\"grid\"><tr><td>-</td><td><b>TargetDisease</b></td><td><b>DoseNumber[x]</b></td></tr><tr><td>*</td><td>Viral hepatitis, type A (disorder) <span style=\"background: LightGoldenRodYellow; margin: 4px; border: 1px solid khaki\"> (<a href=\"https://browser.ihtsdotools.org/\">SNOMED CT</a>#40468003)</span></td><td>2</td></tr></table></div>"
  },
  "extension": [
    {
      "url": "http://fhir.ch/ig/ch-vacd/StructureDefinition/ch-vacd-ext-immunization-recorder-reference",
      "valueReference": {
        "reference": "PractitionerRole/TC-HCP2-ORG2-ROLE-author"
      }
    },
    {
      "url": "http://fhir.ch/ig/ch-vacd/StructureDefinition/ch-vacd-ext-immunization-medication-reference",
      "valueReference": {
        "reference": "Medication/TC-IMMUN-MEDIC-HAVRIX1440"
      }
    }
  ],
  "identifier": [
    {
      "system": "urn:oid:2.16.756.5.30.1.402.1.3.1.1.1",
      "value": "1829245678"
    }
  ],
  "status": "completed",
  "vaccineCode": {
    "coding": [
      {
        "system": "http://fhir.ch/ig/ch-vacd/CodeSystem/ch-vacd-swissmedic-cs",
        "code": "558",
        "display": "Havrix 1440"
      }
    ]
  },
  "patient": {
    "reference": "Patient/TC-patient"
  },
  "occurrenceDateTime": "2021-08-20",
  "recorded": "2021-08-20T00:00:00.390+02:00",
  "lotNumber": "AHAVB946A",
  "route": {
    "coding": [
      {
        "system": "http://standardterms.edqm.eu",
        "code": "20035000",
        "display": "Intramuscular use"
      }
    ]
  },
  "performer": [
    {
      "actor": {
        "reference": "PractitionerRole/TC-HCP2-ORG2-ROLE-performer"
      }
    }
  ],
  "protocolApplied": [
    {
      "targetDisease": [
        {
          "coding": [
            {
              "system": "http://snomed.info/sct",
              "code": "40468003",
              "display": "Viral hepatitis, type A (disorder)"
            }
          ]
        }
      ],
      "doseNumberPositiveInt": 2
    }
  ]
}