"Id","Path","Slice Name","Alias(s)","Label","Min","Max","Must Support?","Is Modifier?","Is Summary?","Type(s)","Short","Definition","Comments","Requirements","Default Value","Meaning When Missing","Fixed Value","Pattern","Example","Minimum Value","Maximum Value","Maximum Length","Binding Strength","Binding Description","Binding Value Set","Code","Slicing Discriminator","Slicing Description","Slicing Ordered","Slicing Rules","Base Path","Base Min","Base Max","Condition(s)","Constraint(s)","Mapping: HL7 v2 Mapping","Mapping: RIM Mapping"
"Quantity","Quantity","","","",0,*,"","","","null {[]} {[]}
","A fixed quantity (no comparator)","The comparator is not used on a SimpleQuantity","The context of use may frequently define what kind of quantity this is and therefore what kind of units can be used. The context of use may also restrict the values for the comparator.","","","","","","","","",,,,,"",,,,"Quantity",0,*,"ele-1
","ele-1:All FHIR elements must have a @value or children {hasValue() or (children().count() > id.count())}
qty-3:If a code for the unit is present, the system SHALL also be present {code.empty() or system.exists()}sqty-1:The comparator is not used on a SimpleQuantity {comparator.empty()}","SN (see also Range) or CQ","n/a","PQ, IVL<PQ>, MO, CO, depending on the values"
"Quantity.id","Quantity.id","","","",0,1,"","","","string {[]} {[]}
","✕ This element is not supported","Implementers should not set or read this element. 
This element is only kept as optional to allow submission of documents that would contain a value, 
since those documents are still readable by others.
The meaning of this element is undefined in this profile.","","","","","","","","","",,,,,"",,,,"Element.id",0,1,"","","n/a"
"Quantity.extension","Quantity.extension","","","",0,*,"","","","Extension {[]} {[]}
","✕ This element is not supported","Implementers should not set or read this element. 
This element is only kept as optional to allow submission of documents that would contain a value, 
since those documents are still readable by others.
The meaning of this element is undefined in this profile.","","","","","","","","","",,,,,"","value:url}
","Extensions are always sliced by (at least) url",,"open","Element.extension",0,*,"","ele-1:All FHIR elements must have a @value or children {hasValue() or (children().count() > id.count())}
ext-1:Must have either extensions or value[x], not both {extension.exists() != value.exists()}"
"Quantity.value","Quantity.value","","","",1,1,"","","Y","decimal {[]} {[]}
","Numerical value (with implicit precision)","The value of the measured amount. The value includes an implicit precision in the presentation of the value.","The implicit precision in the value should always be honored. Monetary values have their own rules for handling precision (refer to standard accounting text books).","Precision is handled implicitly in almost all cases of measurement.","","","","","","","",,,,,"",,,,"Quantity.value",0,1,"","ele-1:All FHIR elements must have a @value or children {hasValue() or (children().count() > id.count())}
amount-quantity-int-or-simple-decimal:An amount quantity should be either an integer, or a decimal that ends with '.25', '.5', or '.75' for non-scientific units (like tablets, pillules, ampules, etc.) {$this.toString().contains('.').not() or $this.toString().endsWith('.25') or $this.toString().endsWith('.5') or $this.toString().endsWith('.75')}","SN.2  / CQ - N/A","PQ.value, CO.value, MO.value, IVL.high or IVL.low depending on the value"
"Quantity.comparator","Quantity.comparator","","","",0,0,"","Y","Y","code {[]} {[]}
","< | <= | >= | > - how to understand the value","Not allowed to be used in this context","...All modifiers SHALL be documented in the profile, in order to be usable.","Need a framework for handling measures where the value is <5ug/L or >400mg/L due to the limitations of measuring methodology.","","If there is no comparator, then there is no modification of the value","","","","","",,"required","How the Quantity should be understood and represented.","http://hl7.org/fhir/ValueSet/quantity-comparator|4.0.1","",,,,"Quantity.comparator",0,1,"","ele-1:All FHIR elements must have a @value or children {hasValue() or (children().count() > id.count())}
","SN.1  / CQ.1","IVL properties"
"Quantity.unit","Quantity.unit","","","",1,1,"","","Y","string {[]} {[]}
","Unit representation","A human-readable form of the unit.","","There are many representations for units of measure and in many contexts, particular representations are fixed and required. I.e. mcg for micrograms.","","","","","","","",,,,,"",,,,"Quantity.unit",0,1,"","ele-1:All FHIR elements must have a @value or children {hasValue() or (children().count() > id.count())}
","(see OBX.6 etc.) / CQ.2","PQ.unit"
"Quantity.system","Quantity.system","","","",1,1,"","","Y","uri {[]} {[]}
","System that defines coded unit form","The identification of the system that provides the coded form of the unit.","","Need to know the system that defines the coded form of the unit.","","","","","","","",,,,,"",,,,"Quantity.system",0,1,"qty-3
","ele-1:All FHIR elements must have a @value or children {hasValue() or (children().count() > id.count())}
","(see OBX.6 etc.) / CQ.2","CO.codeSystem, PQ.translation.codeSystem"
"Quantity.code","Quantity.code","","","",1,1,"","","Y","code {[]} {[]}
","Coded form of the unit","A computer processable form of the unit in some unit representation system.","The preferred system is UCUM, but SNOMED CT can also be used (for customary units) or ISO 4217 for currency.  The context of use may additionally require a code from a particular system.","Need a computable form of the unit that is fixed across all forms. UCUM provides this for quantities, but SNOMED CT provides many units of interest.","","","","","","","",,"required","","http://fhir.ch/ig/ch-emed-epr/ValueSet/ch-emed-epr-amount-quantity-unit-code","",,,,"Quantity.code",0,1,"","ele-1:All FHIR elements must have a @value or children {hasValue() or (children().count() > id.count())}
","(see OBX.6 etc.) / CQ.2","PQ.code, MO.currency, PQ.translation.code"
