{
  "resourceType": "Observation",
  "id": "pT-20181215",
  "meta": {
    "profile": [
      "http://fhir.ch/ig/ch-crl/StructureDefinition/ch-crl-observation-pt"
    ]
  },
  "text": {
    "status": "generated",
    "div": "<div xmlns=\"http://www.w3.org/1999/xhtml\"><p><b>Generated Narrative with Details</b></p><p><b>id</b>: pT-20181215</p><p><b>meta</b>: </p><p><b>status</b>: final</p><p><b>code</b>: Primary tumor.pathology Cancer <span style=\"background: LightGoldenRodYellow\">(Details : {LOINC code '21899-0' = 'Primary tumor.pathology Cancer', given as 'Primary tumor.pathology Cancer'})</span></p><p><b>subject</b>: <a href=\"Patient-RobertMeier.html\">Generated Summary: id: RobertMeier; 756.9217.0023.43; Robert Meier ; gender: male; birthDate: 1955-01-27; </a></p><p><b>effective</b>: 15.12.2018 00:00:00</p><p><b>value</b>: pT3 <span style=\"background: LightGoldenRodYellow\">(Details : {http://fhir.ch/ig/ch-crl/CodeSystem/nkrs-pt code '3' = 'pT3', given as 'pT3'})</span></p></div>"
  },
  "status": "final",
  "code": {
    "coding": [
      {
        "system": "http://loinc.org",
        "code": "21899-0",
        "display": "Primary tumor.pathology Cancer"
      }
    ]
  },
  "subject": {
    "reference": "Patient/RobertMeier"
  },
  "effectiveDateTime": "2018-12-15",
  "valueCodeableConcept": {
    "coding": [
      {
        "system": "http://fhir.ch/ig/ch-crl/CodeSystem/nkrs-pt",
        "code": "3",
        "display": "pT3"
      }
    ]
  }
}