{
  "resourceType" : "CapabilityStatement",
  "id" : "CH.MHD.DocumentRecipient",
  "text" : {
    "status" : "extensions",
    "div" : "<div xmlns=\"http://www.w3.org/1999/xhtml\"><h2>CH_MHD_DocumentRecipient</h2><div><p>CapabilityStatement for Actor MHD Document Recipient (server).</p>\n</div><table><tr><td>Mode</td><td>SERVER</td></tr><tr><td>Description</td><td><div><p>MHD server accepts the document and metadata sent from the Document Source [ITI-65].</p>\n</div></td></tr><tr><td>Transaction</td><td>y</td></tr><tr><td>System History</td><td></td></tr><tr><td>System Search</td><td></td></tr></table><table><tr><th><b>Resource Type</b></th><th><b>Profile</b></th><th><b title=\"GET a resource (read interaction)\">Read</b></th><th><b title=\"GET all set of resources of the type (search interaction)\">Search</b></th><th><b title=\"PUT a new resource version (update interaction)\">Update</b></th><th><b title=\"POST a new resource (create interaction)\">Create</b></th></tr></table></div>"
  },
  "url" : "http://fhir.ch/ig/ch-epr-mhealth/CapabilityStatement/CH.MHD.DocumentRecipient",
  "version" : "3.0.0-ballot",
  "name" : "CH_MHD_DocumentRecipient",
  "title" : "MHD Document Recipient (server)",
  "status" : "draft",
  "date" : "2020-07-08",
  "publisher" : "eHealth Suisse",
  "contact" : [{
    "name" : "eHealth Suisse",
    "telecom" : [{
      "system" : "url",
      "value" : "https://www.e-health-suisse.ch"
    }]
  }],
  "description" : "CapabilityStatement for Actor MHD Document Recipient (server).",
  "jurisdiction" : [{
    "coding" : [{
      "system" : "urn:iso:std:iso:3166",
      "code" : "CH"
    }]
  }],
  "copyright" : "CC0-1.0",
  "kind" : "requirements",
  "fhirVersion" : "4.0.1",
  "format" : ["application/fhir+xml",
  "application/fhir+json"],
  "rest" : [{
    "mode" : "server",
    "documentation" : "MHD server accepts the document and metadata sent from the Document Source [ITI-65].",
    "security" : {
      "cors" : false,
      "description" : "TLS SHALL be used together with IUA extended access token"
    },
    "interaction" : [{
      "code" : "transaction",
      "documentation" : "http://fhir.ch/ig/ch-epr-mhealth/StructureDefinition/ch-mhd-providedocumentbundle-comprehensive"
    }]
  }]
}