<?xml version="1.0" encoding="UTF-8"?>

<Composition xmlns="http://hl7.org/fhir">
  <id value="2-5-Composition"/>
  <meta>
    <profile value="http://fhir.ch/ig/ch-emed/StructureDefinition/ch-emed-composition-medicationtreatmentplan"/>
  </meta>
  <language value="de-CH"/>
  <text>
    <status value="generated"/><div xmlns="http://www.w3.org/1999/xhtml" xml:lang="de-CH" lang="de-CH"><p class="res-header-id"><b>Generated Narrative: Composition 2-5-Composition</b></p><a name="2-5-Composition"> </a><a name="hc2-5-Composition"> </a><div style="display: inline-block; background-color: #d9e0e7; padding: 6px; margin: 4px; border: 1px solid #8da1b4; border-radius: 5px; line-height: 60%"><p style="margin-bottom: 0px">Language: de-CH</p><p style="margin-bottom: 0px">Profile: <a href="StructureDefinition-ch-emed-composition-medicationtreatmentplan.html">CH EMED Medication Treatment Plan Composition</a></p></div><p><b>identifier</b>: <a href="http://terminology.hl7.org/6.5.0/NamingSystem-uri.html" title="As defined by RFC 3986 (http://www.ietf.org/rfc/rfc3986.txt)(with many schemes defined in many RFCs). For OIDs and UUIDs, use the URN form (urn:oid:(note: lowercase) and urn:uuid:). See http://www.ietf.org/rfc/rfc3001.txt and http://www.ietf.org/rfc/rfc4122.txt 

This oid is used as an identifier II.root to indicate the the extension is an absolute URI (technically, an IRI). Typically, this is used for OIDs and GUIDs. Note that when this OID is used with OIDs and GUIDs, the II.extension should start with urn:oid or urn:uuid: 

Note that this OID is created to aid with interconversion between CDA and FHIR - FHIR uses urn:ietf:rfc:3986 as equivalent to this OID. URIs as identifiers appear more commonly in FHIR.

This OID may also be used in CD.codeSystem.">Uniform Resource Identifier (URI)</a>/urn:uuid:0e9a0b8a-8306-4e35-bb92-0ba424696349</p><p><b>status</b>: Final</p><p><b>type</b>: <span title="Codes:{http://loinc.org 77603-9}, {http://snomed.info/sct 761931002}">Medication treatment plan.extended Document</span></p><p><b>date</b>: 2012-02-04 14:00:00+0100</p><p><b>author</b>: </p><ul><li><a href="PractitionerRole-FamilienHausarztAtHausarzt.html">PractitionerRole</a></li><li><a href="Device-ExampleDevice.html">Device</a></li></ul><p><b>title</b>: Therapieentscheid Medikation</p><p><b>confidentiality</b>: normal</p></div>
  </text>
  <identifier>
    <system value="urn:ietf:rfc:3986"/>
    <value value="urn:uuid:0e9a0b8a-8306-4e35-bb92-0ba424696349"/>
  </identifier>
  <status value="final"/>
  <type>
    <coding>
      <system value="http://loinc.org"/>
      <code value="77603-9"/>
      <display value="Medication treatment plan.extended Document"/>
    </coding>
    <coding>
      <system value="http://snomed.info/sct"/>
      <code value="761931002"/>
      <display value="Medication treatment plan report (record artifact)"/>
    </coding>
  </type>
  <subject>
    <reference value="Patient/MonikaWegmueller"/>
  </subject>
  <date value="2012-02-04T14:00:00+01:00"/>
  <author>
    <reference value="PractitionerRole/FamilienHausarztAtHausarzt"/>
  </author>
  <author>
    <reference value="Device/ExampleDevice"/>
  </author>
  <title value="Therapieentscheid Medikation"/>
  <confidentiality value="N">
    <extension url="http://fhir.ch/ig/ch-core/StructureDefinition/ch-ext-epr-confidentialitycode">
      <valueCodeableConcept>
        <coding>
          <system value="http://snomed.info/sct"/>
          <code value="17621005"/>
          <display value="Normal (qualifier value)"/>
        </coding>
      </valueCodeableConcept>
    </extension>
  </confidentiality>
  <section>
    <title value="Medikamentöser Behandlungsplan"/>
    <code>
      <coding>
        <system value="http://loinc.org"/>
        <code value="77604-7"/>
        <display value="Medication treatment plan.brief Document"/>
      </coding>
    </code>
    <text>
      <status value="generated"/><div xmlns="http://www.w3.org/1999/xhtml"><table><thead><tr><th>Präpartename</th><th>Wirkstoffname</th><th>Galenische Form</th><th>Dosis pro Einheit</th><th>Dos.Morgen</th><th>Dos.Mittag</th><th>Dos.Abend</th><th>Dos.Nacht</th><th>Verabreichungsweg</th><th>Kommentar</th><th>Anwendungsdauer</th><th>Behandlungsgrund</th></tr></thead><tbody><tr id="mtp.1"><td id="mtp.1.brandedmedication">Norvasc</td><td id="mtp.1.ingredient">Amlodipin</td><td id="mtp.1.packageform">Tbl</td><td id="mtp.1.dosequantity">10 mg</td><td id="mtp.1.dosagemorning">1</td><td id="mtp.1.dosagelunch">0</td><td id="mtp.1.dosageevening">1</td><td id="mtp.1.dosagenight">0</td><td id="mtp.1.routecode">oral</td><td id="mtp.1.note"/><td id="mtp.1.datefromto"/><td id="mtp.1.reason">Bluthochdruck</td></tr></tbody></table></div>
    </text>
    <entry>
      <reference value="MedicationStatement/2-5-MedStatNorvasc"/>
    </entry>
  </section>
</Composition>