<?xml version="1.0" encoding="UTF-8"?>

<Medication xmlns="http://hl7.org/fhir">
  <id value="TriatecWithLocalCodes"/>
  <meta>
    <profile value="http://fhir.ch/ig/ch-emed/StructureDefinition/ch-emed-medication-medicationdispense"/>
    <profile value="http://fhir.ch/ig/ch-emed/StructureDefinition/ch-emed-medication"/>
  </meta>
  <text>
    <status value="generated"/><div xmlns="http://www.w3.org/1999/xhtml"><p class="res-header-id"><b>Generated Narrative: Medication TriatecWithLocalCodes</b></p><a name="TriatecWithLocalCodes"> </a><a name="hcTriatecWithLocalCodes"> </a><div style="display: inline-block; background-color: #d9e0e7; padding: 6px; margin: 4px; border: 1px solid #8da1b4; border-radius: 5px; line-height: 60%"><p style="margin-bottom: 0px"/><p style="margin-bottom: 0px">Profiles: <a href="StructureDefinition-ch-emed-medication-medicationdispense.html">CH EMED Medication (MedicationDispense)</a>, <a href="StructureDefinition-ch-emed-medication.html">CH EMED Medication</a></p></div><p><b>code</b>: <span title="Codes:{urn:oid:2.51.1.1 7680538751228}, {http://example.com/localcode Local Code}">TRIATEC Tabl 2.5 mg</span></p><p><b>form</b>: <span title="Codes:{urn:oid:0.4.0.127.0.16.1.1.2.1 10219000}">Tablette</span></p><p><b>amount</b>: 20 Tablet (unit of presentation)<span style="background: LightGoldenRodYellow"> (Details: SNOMED CT  code732936001 = 'Tablet (unit of presentation)')</span>/1 Package - unit of product usage (qualifier value)<span style="background: LightGoldenRodYellow"> (Details: SNOMED CT  code1681000175101 = 'Package - unit of product usage')</span></p><h3>Ingredients</h3><table class="grid"><tr><td style="display: none">-</td><td><b>Item[x]</b></td><td><b>Strength</b></td></tr><tr><td style="display: none">*</td><td><span title="Codes:{http://snomed.info/sct 386872004}">Ramipril</span></td><td>2.5 milligram<span style="background: LightGoldenRodYellow"> (Details: UCUM  codemg = 'mg')</span>/1 Tablet (unit of presentation)<span style="background: LightGoldenRodYellow"> (Details: SNOMED CT  code732936001 = 'Tablet (unit of presentation)')</span></td></tr></table></div>
  </text>
  <code>
    <coding>
      <system value="urn:oid:2.51.1.1"/>
      <code value="7680538751228"/>
      <display value="TRIATEC Tabl 2.5 mg 20 Stk"/>
    </coding>
    <coding>
      <system value="http://example.com/localcode"/>
      <code value="Local Code"/>
      <display value="Triatec"/>
    </coding>
    <text value="TRIATEC Tabl 2.5 mg"/>
  </code>
  <form>
    <coding>
      <system value="urn:oid:0.4.0.127.0.16.1.1.2.1"/>
      <code value="10219000"/>
      <display value="Tablet"/>
    </coding>
    <text value="Tablette"/>
  </form>
  <amount>
    <numerator>
      <value value="20"/>
      <unit value="Tablet (unit of presentation)"/>
      <system value="http://snomed.info/sct"/>
      <code value="732936001"/>
    </numerator>
    <denominator>
      <value value="1"/>
      <unit value="Package - unit of product usage (qualifier value)"/>
      <system value="http://snomed.info/sct"/>
      <code value="1681000175101"/>
    </denominator>
  </amount>
  <ingredient>
    <itemCodeableConcept>
      <coding>
        <system value="http://snomed.info/sct"/>
        <code value="386872004"/>
        <display value="Ramipril (substance)"/>
      </coding>
      <text value="Ramipril"/>
    </itemCodeableConcept>
    <strength>
      <numerator>
        <value value="2.5"/>
        <unit value="milligram"/>
        <system value="http://unitsofmeasure.org"/>
        <code value="mg"/>
      </numerator>
      <denominator>
        <value value="1"/>
        <unit value="Tablet (unit of presentation)"/>
        <system value="http://snomed.info/sct"/>
        <code value="732936001"/>
      </denominator>
    </strength>
  </ingredient>
</Medication>