<?xml version="1.0" encoding="UTF-8"?>

<Patient xmlns="http://hl7.org/fhir">
  <id value="MaxMoser"/>
  <meta>
    <profile value="http://fhir.ch/ig/ch-core/StructureDefinition/ch-core-patient-epr"/>
  </meta>
  <text>
    <status value="generated"/><div xmlns="http://www.w3.org/1999/xhtml"><p class="res-header-id"><b>Generated Narrative: Patient MaxMoser</b></p><a name="MaxMoser"> </a><a name="hcMaxMoser"> </a><div style="display: inline-block; background-color: #d9e0e7; padding: 6px; margin: 4px; border: 1px solid #8da1b4; border-radius: 5px; line-height: 60%"><p style="margin-bottom: 0px"/><p style="margin-bottom: 0px">Profile: <a href="http://fhir.ch/ig/ch-core/6.0.0/StructureDefinition-ch-core-patient-epr.html">CH Core Patient EPR</a></p></div><p style="border: 1px #661aff solid; background-color: #e6e6ff; padding: 10px;">Max Moser  Male, DoB: 1988-11-27 ( Medical record number)</p><hr/><table class="grid"><tr><td style="background-color: #f3f5da" title="Ways to contact the Patient">Contact Detail</td><td colspan="3">Schneefeld 5a Bern 3006 CH </td></tr></table></div>
  </text>
  <identifier>
    <type>
      <coding>
        <system value="http://terminology.hl7.org/CodeSystem/v2-0203"/>
        <code value="MR"/>
      </coding>
    </type>
    <system value="urn:oid:2.999.1"/>
    <value value="123456"/>
  </identifier>
  <name>
    <family value="Moser"/>
    <given value="Max"/>
  </name>
  <gender value="male"/>
  <birthDate value="1988-11-27"/>
  <address>
    <line value="Schneefeld 5a"/>
    <city value="Bern"/>
    <postalCode value="3006"/>
    <country value="CH"/>
  </address>
</Patient>