{
  "resourceType" : "CodeSystem",
  "id" : "ech-46-emailcategory",
  "text" : {
    "status" : "generated",
    "div" : "<div xmlns=\"http://www.w3.org/1999/xhtml\"><p>This case-sensitive code system <code>http://fhir.ch/ig/ch-core/CodeSystem/ech-46-emailcategory</code> defines the following codes:</p><table class=\"codes\"><tr><td style=\"white-space:nowrap\"><b>Code</b></td><td><b>Display</b></td></tr><tr><td style=\"white-space:nowrap\">1<a name=\"ech-46-emailcategory-1\"> </a></td><td>private</td></tr><tr><td style=\"white-space:nowrap\">2<a name=\"ech-46-emailcategory-2\"> </a></td><td>business</td></tr></table><p><b>Additional Language Displays</b></p><table class=\"codes\"><tr><td><b>Code</b></td><td><b>Deutsch (Schweiz) (German (Switzerland), de)</b></td><td><b>French (Switzerland) (fr)</b></td></tr><tr><td>1</td><td>private Email-Adresse</td><td>adresse E-Mail privée</td></tr><tr><td>2</td><td>geschäftliche Email-Adresse</td><td>adresse E-Mail commerciale</td></tr></table></div>"
  },
  "url" : "http://fhir.ch/ig/ch-core/CodeSystem/ech-46-emailcategory",
  "version" : "4.0.1",
  "name" : "ECH46EmailCategory",
  "title" : "eCH-0046 Email Category",
  "status" : "active",
  "experimental" : false,
  "date" : "2023-03-10",
  "publisher" : "HL7 Switzerland",
  "contact" : [{
    "name" : "HL7 Switzerland",
    "telecom" : [{
      "system" : "url",
      "value" : "https://www.hl7.ch/"
    }]
  },
  {
    "name" : "HL7 Switzerland",
    "telecom" : [{
      "system" : "url",
      "value" : "https://www.hl7.ch/",
      "use" : "work"
    }]
  }],
  "description" : "eCH-0046 defines different types for e-mail categories. See https://www.ech.ch/de/ech/ech-0046/5.0 4.3.1 emailCategory",
  "jurisdiction" : [{
    "coding" : [{
      "system" : "urn:iso:std:iso:3166",
      "code" : "CH"
    }]
  }],
  "copyright" : "CC0-1.0",
  "caseSensitive" : true,
  "content" : "complete",
  "concept" : [{
    "code" : "1",
    "display" : "private",
    "designation" : [{
      "language" : "de-CH",
      "value" : "private Email-Adresse"
    },
    {
      "language" : "fr-CH",
      "value" : "adresse E-Mail privée"
    }]
  },
  {
    "code" : "2",
    "display" : "business",
    "designation" : [{
      "language" : "de-CH",
      "value" : "geschäftliche Email-Adresse"
    },
    {
      "language" : "fr-CH",
      "value" : "adresse E-Mail commerciale"
    }]
  }]
}