{
  "resourceType" : "Condition",
  "id" : "Urticaria",
  "meta" : {
    "profile" : ["http://fhir.ch/ig/ch-core/StructureDefinition/ch-core-condition"]
  },
  "text" : {
    "status" : "generated",
    "div" : "<div xmlns=\"http://www.w3.org/1999/xhtml\"><p class=\"res-header-id\"><b>Generated Narrative: Condition Urticaria</b></p><a name=\"Urticaria\"> </a><a name=\"hcUrticaria\"> </a><a name=\"Urticaria-en-US\"> </a><p><b>clinicalStatus</b>: <span title=\"Codes:{http://terminology.hl7.org/CodeSystem/condition-clinical active}\">Active</span></p><p><b>verificationStatus</b>: <span title=\"Codes:{http://terminology.hl7.org/CodeSystem/condition-ver-status unconfirmed}\">Unconfirmed</span></p><p><b>category</b>: <span title=\"Codes:{http://terminology.hl7.org/CodeSystem/condition-category problem-list-item}\">Problem List Item</span></p><p><b>severity</b>: <span title=\"Codes:{http://snomed.info/sct 6736007}\">Moderate (severity modifier) (qualifier value)</span></p><p><b>code</b>: <span title=\"Codes:{http://snomed.info/sct 126485001}\">Urticaria (disorder)</span></p><p><b>subject</b>: <a href=\"Patient-ElisabethBroennimannByBFH.html\">Elisabeth Brönnimann-Bertholet  Female, DoB: 1937-05-03 ( urn:oid:2.16.756.5.30.1.123.100.1.1.1#80756015090002647590)</a></p><p><b>onset</b>: 2021-12</p></div>"
  },
  "clinicalStatus" : {
    "coding" : [{
      "system" : "http://terminology.hl7.org/CodeSystem/condition-clinical",
      "code" : "active"
    }]
  },
  "verificationStatus" : {
    "coding" : [{
      "system" : "http://terminology.hl7.org/CodeSystem/condition-ver-status",
      "code" : "unconfirmed"
    }]
  },
  "category" : [{
    "coding" : [{
      "system" : "http://terminology.hl7.org/CodeSystem/condition-category",
      "code" : "problem-list-item"
    }]
  }],
  "severity" : {
    "coding" : [{
      "system" : "http://snomed.info/sct",
      "code" : "6736007",
      "display" : "Moderate (severity modifier) (qualifier value)"
    }]
  },
  "code" : {
    "coding" : [{
      "system" : "http://snomed.info/sct",
      "code" : "126485001",
      "display" : "Urticaria (disorder)"
    }]
  },
  "subject" : {
    "reference" : "Patient/ElisabethBroennimannByBFH"
  },
  "onsetDateTime" : "2021-12"
}