{
  "resourceType" : "ValueSet",
  "id" : "bfs-medstats-27-dischargedecision",
  "text" : {
    "status" : "generated",
    "div" : "<div xmlns=\"http://www.w3.org/1999/xhtml\"><ul><li>Include these codes as defined in <a href=\"CodeSystem-bfs-medstats-27-dischargedecision.html\"><code>http://fhir.ch/ig/ch-core/CodeSystem/bfs-medstats-27-dischargedecision</code></a><table class=\"none\"><tr><td style=\"white-space:nowrap\"><b>Code</b></td><td><b>Display</b></td><td><b>Deutsch (Schweiz) (German (Switzerland), de)</b></td><td><b>French (Switzerland) (fr)</b></td><td><b>Italian (Switzerland) (it)</b></td></tr><tr><td><a href=\"CodeSystem-bfs-medstats-27-dischargedecision.html#bfs-medstats-27-dischargedecision-1\">1</a></td><td>auf Initiative des Behandelnden</td><td>auf Initiative des Behandelnden</td><td>Sur l’initiative du traitant</td><td>su iniziativa del curante</td></tr><tr><td><a href=\"CodeSystem-bfs-medstats-27-dischargedecision.html#bfs-medstats-27-dischargedecision-2\">2</a></td><td>auf Initiative des Patienten (gegen Ansicht des Behandelnden)</td><td>auf Initiative des Patienten (gegen Ansicht des Behandelnden)</td><td>Sur l’initiative du patient (contre l’avis traitant)</td><td>su iniziativa del paziente (contro il parere del curante)</td></tr><tr><td><a href=\"CodeSystem-bfs-medstats-27-dischargedecision.html#bfs-medstats-27-dischargedecision-3\">3</a></td><td>auf Initiative einer Drittperson</td><td>auf Initiative einer Drittperson</td><td>Sur l’initiative d’une tierce personne</td><td>su iniziativa di terzi</td></tr><tr><td><a href=\"CodeSystem-bfs-medstats-27-dischargedecision.html#bfs-medstats-27-dischargedecision-4\">4</a></td><td>interner Übertritt</td><td>interner Übertritt</td><td>Transfert interne</td><td>trasferimento interno</td></tr><tr><td><a href=\"CodeSystem-bfs-medstats-27-dischargedecision.html#bfs-medstats-27-dischargedecision-5\">5</a></td><td>gestorben</td><td>gestorben</td><td>Décédé</td><td>decesso</td></tr><tr><td><a href=\"CodeSystem-bfs-medstats-27-dischargedecision.html#bfs-medstats-27-dischargedecision-8\">8</a></td><td>andere</td><td>andere</td><td>Autre</td><td>altro</td></tr><tr><td><a href=\"CodeSystem-bfs-medstats-27-dischargedecision.html#bfs-medstats-27-dischargedecision-9\">9</a></td><td>unbekannt</td><td>unbekannt</td><td>Inconnu</td><td>sconosciuto</td></tr></table></li></ul></div>"
  },
  "url" : "http://fhir.ch/ig/ch-core/ValueSet/bfs-medstats-27-dischargedecision",
  "version" : "4.0.1",
  "name" : "BfsMedstats27Dischargedecision",
  "title" : "BFS Medizinische Statistik - 27 1.5.V02 - Entscheid für Austritt / Décision de sortie / Décisione dell’uscita",
  "status" : "active",
  "experimental" : false,
  "date" : "2019-01-01",
  "publisher" : "HL7 Switzerland",
  "contact" : [{
    "name" : "HL7 Switzerland",
    "telecom" : [{
      "system" : "url",
      "value" : "https://www.hl7.ch/"
    }]
  },
  {
    "name" : "HL7 Switzerland",
    "telecom" : [{
      "system" : "url",
      "value" : "https://www.hl7.ch/",
      "use" : "work"
    }]
  }],
  "description" : "BFS defines variables for medical statistic (german, french, italian) see [BFS](https://www.bfs.admin.ch/bfs/de/home/statistiken/kataloge-datenbanken/publikationen.assetdetail.7066232.html). Wer hat den Klinikaustritt veranlasst?",
  "jurisdiction" : [{
    "coding" : [{
      "system" : "urn:iso:std:iso:3166",
      "code" : "CH"
    }]
  }],
  "copyright" : "CC0-1.0",
  "compose" : {
    "include" : [{
      "system" : "http://fhir.ch/ig/ch-core/CodeSystem/bfs-medstats-27-dischargedecision",
      "concept" : [{
        "code" : "1",
        "display" : "auf Initiative des Behandelnden",
        "designation" : [{
          "language" : "de-CH",
          "value" : "auf Initiative des Behandelnden"
        },
        {
          "language" : "fr-CH",
          "value" : "Sur l’initiative du traitant"
        },
        {
          "language" : "it-CH",
          "value" : "su iniziativa del curante"
        }]
      },
      {
        "code" : "2",
        "display" : "auf Initiative des Patienten (gegen Ansicht des Behandelnden)",
        "designation" : [{
          "language" : "de-CH",
          "value" : "auf Initiative des Patienten (gegen Ansicht des Behandelnden)"
        },
        {
          "language" : "fr-CH",
          "value" : "Sur l’initiative du patient (contre l’avis traitant)"
        },
        {
          "language" : "it-CH",
          "value" : "su iniziativa del paziente (contro il parere del curante)"
        }]
      },
      {
        "code" : "3",
        "display" : "auf Initiative einer Drittperson",
        "designation" : [{
          "language" : "de-CH",
          "value" : "auf Initiative einer Drittperson"
        },
        {
          "language" : "fr-CH",
          "value" : "Sur l’initiative d’une tierce personne"
        },
        {
          "language" : "it-CH",
          "value" : "su iniziativa di terzi"
        }]
      },
      {
        "code" : "4",
        "display" : "interner Übertritt",
        "designation" : [{
          "language" : "de-CH",
          "value" : "interner Übertritt"
        },
        {
          "language" : "fr-CH",
          "value" : "Transfert interne"
        },
        {
          "language" : "it-CH",
          "value" : "trasferimento interno"
        }]
      },
      {
        "code" : "5",
        "display" : "gestorben",
        "designation" : [{
          "language" : "de-CH",
          "value" : "gestorben"
        },
        {
          "language" : "fr-CH",
          "value" : "Décédé"
        },
        {
          "language" : "it-CH",
          "value" : "decesso"
        }]
      },
      {
        "code" : "8",
        "display" : "andere",
        "designation" : [{
          "language" : "de-CH",
          "value" : "andere"
        },
        {
          "language" : "fr-CH",
          "value" : "Autre"
        },
        {
          "language" : "it-CH",
          "value" : "altro"
        }]
      },
      {
        "code" : "9",
        "display" : "unbekannt",
        "designation" : [{
          "language" : "de-CH",
          "value" : "unbekannt"
        },
        {
          "language" : "fr-CH",
          "value" : "Inconnu"
        },
        {
          "language" : "it-CH",
          "value" : "sconosciuto"
        }]
      }]
    }]
  }
}