{
  "resourceType" : "ValueSet",
  "id" : "ech-46-internetcategory",
  "text" : {
    "status" : "generated",
    "div" : "<div xmlns=\"http://www.w3.org/1999/xhtml\"><ul><li>Include all codes defined in <a href=\"CodeSystem-ech-46-internetcategory.html\"><code>http://fhir.ch/ig/ch-core/CodeSystem/ech-46-internetcategory</code></a></li></ul></div>"
  },
  "url" : "http://fhir.ch/ig/ch-core/ValueSet/ech-46-internetcategory",
  "version" : "4.0.0-ballot",
  "name" : "ECH46InternetCategory",
  "title" : "eCH-0046 Internet Category",
  "status" : "active",
  "experimental" : false,
  "date" : "2023-03-10",
  "publisher" : "HL7 Switzerland",
  "contact" : [{
    "name" : "HL7 Switzerland",
    "telecom" : [{
      "system" : "url",
      "value" : "https://www.hl7.ch/"
    }]
  },
  {
    "name" : "HL7 Switzerland",
    "telecom" : [{
      "system" : "url",
      "value" : "https://www.hl7.ch/",
      "use" : "work"
    }]
  }],
  "description" : "eCH-0046 defines these types of internet categories",
  "jurisdiction" : [{
    "coding" : [{
      "system" : "urn:iso:std:iso:3166",
      "code" : "CH"
    }]
  }],
  "copyright" : "CC0-1.0",
  "compose" : {
    "include" : [{
      "system" : "http://fhir.ch/ig/ch-core/CodeSystem/ech-46-internetcategory"
    }]
  }
}