<?xml version="1.0" encoding="UTF-8"?><ValueSet xmlns="http://hl7.org/fhir"><id value="ch-vacd-risks-social-vs"/><text><status value="generated"/><div xmlns="http://www.w3.org/1999/xhtml"><p class="res-header-id"><b>Generated Narrative: ValueSet ch-vacd-risks-social-vs</b></p><a name="ch-vacd-risks-social-vs"> </a><a name="hcch-vacd-risks-social-vs"> </a><p>This value set includes codes based on the following rules:</p><ul><li>Include these codes as defined in <a href="http://www.snomed.org/"><code>http://snomed.info/sct</code></a><span title="Version is not explicitly stated. No matching Code System found"> version Not Stated (use latest from terminology server)</span><table class="none"><tr><td style="white-space:nowrap"><b>Code</b></td><td><b>Display</b></td></tr><tr><td><a href="http://snomed.info/id/373068000">373068000</a></td><td>Undetermined (qualifier value)</td></tr><tr><td><a href="http://snomed.info/id/105568001">105568001</a></td><td>In prison (finding)</td></tr><tr><td><a href="http://snomed.info/id/169449001">169449001</a></td><td>Trying to conceive (finding)</td></tr><tr><td><a href="http://snomed.info/id/224224003">224224003</a></td><td>Lives in staffed home (finding)</td></tr><tr><td><a href="http://snomed.info/id/1237572006">1237572006</a></td><td>Lives in home for intellectually disabled people (finding)</td></tr><tr><td><a href="http://snomed.info/id/1255626009">1255626009</a></td><td>Has contact with injecting drug user (situation)</td></tr></table></li><li>Include these codes as defined in <a href="http://www.snomed.org/"><code>http://snomed.info/sct</code></a><span title="Version is explicitly stated to be http://snomed.info/sct/2011000195101"> version 📍</span><table class="none"><tr><td style="white-space:nowrap"><b>Code</b></td><td><b>Display</b></td></tr><tr><td><a href="http://snomed.info/id/1342377006">1342377006</a></td><td>Has contact with wild bird (situation)</td></tr><tr><td><a href="http://snomed.info/id/1342378001">1342378001</a></td><td>Has contact with poultry bird (situation)</td></tr><tr><td><a href="http://snomed.info/id/72281000195108">72281000195108</a></td><td>Contact with human alphaherpesvirus 3 risk patient (finding)</td></tr><tr><td><a href="http://snomed.info/id/72291000195105">72291000195105</a></td><td>Residence or stay in Switzerland except Geneva and Ticino (finding)</td></tr><tr><td><a href="http://snomed.info/id/102311000195108">102311000195108</a></td><td>Residence or stay in Switzerland except Ticino (finding)</td></tr></table></li></ul><p><b>Additional Language Displays</b></p><table class="codes"><tr><td><b>Code</b></td><td><b>Deutsch (Schweiz) (German (Switzerland), de)</b></td><td><b>English (United States) (English (United States), en)</b></td><td><b>French (Switzerland) (fr)</b></td><td><b>Italian (Switzerland) (it)</b></td><td><b>rm</b></td></tr><tr><td>373068000</td><td>Nicht bekannt</td><td>Undetermined</td><td>Indéterminé</td><td>Indeterminato</td><td>Nunenconuschent</td></tr><tr><td>105568001</td><td>Im Gefängnis</td><td>In prison</td><td>en prison</td><td>in prigione</td><td>en praschun</td></tr><tr><td>169449001</td><td>Versuch, schwanger zu werden</td><td>Trying to conceive</td><td>tentative de tomber enceinte</td><td>tentativo di gravidanza</td><td>emprova da vegnir en speranza</td></tr><tr><td>224224003</td><td>Bewohner / Bewohnerinn von Gemeinschaftseinrichtungen</td><td>Lives in staffed home</td><td>pensionnaire d'une institution communautaire</td><td>persona residente in una struttura collettiva</td><td>abitanta u abitant d'instituziuns communablas</td></tr><tr><td>1237572006</td><td>Lebt in Heim für geistig behinderte Menschen</td><td>Lives in home for intellectually disabled people</td><td>vit dans un foyer pour personnes vivant avec un handicap mental</td><td>vive in una struttura per disabili mentali</td><td>viva en ina chasa per persunas cun impediments spiertals</td></tr><tr><td>1255626009</td><td>Kontakt zu Drogenkonsumenten</td><td>Has contact with injecting drug user</td><td>contact avec des consommateurs de drogue</td><td>contatto con consumatori di stupefacenti</td><td>contact cun consuments da drogas</td></tr><tr><td>1342377006</td><td>Kontakt zu Wildvögeln</td><td>Has contact with wild bird</td><td>contact avec des oiseaux sauvages</td><td>contatto con uccelli selvatici</td><td>contact cun utschels selvadis</td></tr><tr><td>1342378001</td><td>Kontakt zu Geflügelvögeln</td><td>Has contact with poultry bird</td><td>contact avec les oiseaux de volaille</td><td>contatto con uccelli da cortile</td><td>contact cun utschels da giaglinom</td></tr><tr><td>72281000195108</td><td>Kontakt zu Varizella-Zoster-Risikopatienten</td><td>Contact with human alphaherpesvirus 3 risk patient</td><td>contact avec des patients à risque de varicelle-zona</td><td>contatto con un paziente a rischio di varicella-zoster</td><td>contact cun pazients periclitads da la virola selvadia</td></tr><tr><td>72291000195105</td><td>Wohnort oder Aufenthalt in Schweiz ausser Genf und Tessin</td><td>Residence or stay in Switzerland except Geneva and Ticino</td><td>domicile ou séjour en Suisse hors Genève et Tessin</td><td>domicilio o soggiorno in Svizzera, esclusi Ginevra e Ticino</td><td>lieu da domicil u da dimora en Svizra senza Genevra e Tessin</td></tr><tr><td>102311000195108</td><td>Wohnort oder Aufenthalt in Schweiz ausser Tessin</td><td>Residence or stay in Switzerland except Ticino</td><td>domicile ou séjour en Suisse sauf Tessin</td><td>residenza o soggiorno in Svizzera eccezione di Ticino</td><td>lieu da domicil u da dimora en Svizra senza Tessin</td></tr></table></div></text><url value="http://fhir.ch/ig/ch-vacd/ValueSet/ch-vacd-risks-social-vs"/><version value="6.0.0"/><name value="SwissSocialRisksForImmunizations"/><title value="Swiss Social Risks For Immunizations"/><status value="active"/><experimental value="false"/><date value="2025-12-16T09:56:56+00:00"/><publisher value="HL7 Switzerland"/><contact><name value="HL7 Switzerland"/><telecom><system value="url"/><value value="https://www.hl7.ch/"/></telecom></contact><description value="The social exposition risks used in Switzerland."/><jurisdiction><coding><system value="urn:iso:std:iso:3166"/><code value="CHE"/></coding></jurisdiction><copyright value="CC0-1.0"/><compose><include><system value="http://snomed.info/sct"/><concept><code value="373068000"/><display value="Undetermined (qualifier value)"/><designation><language value="de-CH"/><value value="Nicht bekannt"/></designation><designation><language value="fr-CH"/><value value="Indéterminé"/></designation><designation><language value="it-CH"/><value value="Indeterminato"/></designation><designation><language value="rm-CH"/><value value="Nunenconuschent"/></designation><designation><language value="en-US"/><value value="Undetermined"/></designation></concept><concept><code value="105568001"/><display value="In prison (finding)"/><designation><language value="de-CH"/><value value="Im Gefängnis"/></designation><designation><language value="fr-CH"/><value value="en prison"/></designation><designation><language value="it-CH"/><value value="in prigione"/></designation><designation><language value="rm-CH"/><value value="en praschun"/></designation><designation><language value="en-US"/><value value="In prison"/></designation></concept><concept><code value="169449001"/><display value="Trying to conceive (finding)"/><designation><language value="de-CH"/><value value="Versuch, schwanger zu werden"/></designation><designation><language value="fr-CH"/><value value="tentative de tomber enceinte"/></designation><designation><language value="it-CH"/><value value="tentativo di gravidanza"/></designation><designation><language value="rm-CH"/><value value="emprova da vegnir en speranza"/></designation><designation><language value="en-US"/><value value="Trying to conceive"/></designation></concept><concept><code value="224224003"/><display value="Lives in staffed home (finding)"/><designation><language value="de-CH"/><value value="Bewohner / Bewohnerinn von Gemeinschaftseinrichtungen"/></designation><designation><language value="fr-CH"/><value value="pensionnaire d'une institution communautaire"/></designation><designation><language value="it-CH"/><value value="persona residente in una struttura collettiva"/></designation><designation><language value="rm-CH"/><value value="abitanta u abitant d'instituziuns communablas"/></designation><designation><language value="en-US"/><value value="Lives in staffed home"/></designation></concept><concept><code value="1237572006"/><display value="Lives in home for intellectually disabled people (finding)"/><designation><language value="de-CH"/><value value="Lebt in Heim für geistig behinderte Menschen"/></designation><designation><language value="fr-CH"/><value value="vit dans un foyer pour personnes vivant avec un handicap mental"/></designation><designation><language value="it-CH"/><value value="vive in una struttura per disabili mentali"/></designation><designation><language value="rm-CH"/><value value="viva en ina chasa per persunas cun impediments spiertals"/></designation><designation><language value="en-US"/><value value="Lives in home for intellectually disabled people"/></designation></concept><concept><code value="1255626009"/><display value="Has contact with injecting drug user (situation)"/><designation><language value="de-CH"/><value value="Kontakt zu Drogenkonsumenten"/></designation><designation><language value="fr-CH"/><value value="contact avec des consommateurs de drogue"/></designation><designation><language value="it-CH"/><value value="contatto con consumatori di stupefacenti"/></designation><designation><language value="rm-CH"/><value value="contact cun consuments da drogas"/></designation><designation><language value="en-US"/><value value="Has contact with injecting drug user"/></designation></concept></include><include><system value="http://snomed.info/sct"/><version value="http://snomed.info/sct/2011000195101"/><concept><code value="1342377006"/><display value="Has contact with wild bird (situation)"/><designation><language value="de-CH"/><value value="Kontakt zu Wildvögeln"/></designation><designation><language value="fr-CH"/><value value="contact avec des oiseaux sauvages"/></designation><designation><language value="it-CH"/><value value="contatto con uccelli selvatici"/></designation><designation><language value="rm-CH"/><value value="contact cun utschels selvadis"/></designation><designation><language value="en-US"/><value value="Has contact with wild bird"/></designation></concept><concept><code value="1342378001"/><display value="Has contact with poultry bird (situation)"/><designation><language value="de-CH"/><value value="Kontakt zu Geflügelvögeln"/></designation><designation><language value="fr-CH"/><value value="contact avec les oiseaux de volaille"/></designation><designation><language value="it-CH"/><value value="contatto con uccelli da cortile"/></designation><designation><language value="rm-CH"/><value value="contact cun utschels da giaglinom"/></designation><designation><language value="en-US"/><value value="Has contact with poultry bird"/></designation></concept><concept><code value="72281000195108"/><display value="Contact with human alphaherpesvirus 3 risk patient (finding)"/><designation><language value="de-CH"/><value value="Kontakt zu Varizella-Zoster-Risikopatienten"/></designation><designation><language value="fr-CH"/><value value="contact avec des patients à risque de varicelle-zona"/></designation><designation><language value="it-CH"/><value value="contatto con un paziente a rischio di varicella-zoster"/></designation><designation><language value="rm-CH"/><value value="contact cun pazients periclitads da la virola selvadia"/></designation><designation><language value="en-US"/><value value="Contact with human alphaherpesvirus 3 risk patient"/></designation></concept><concept><extension url="http://hl7.org/fhir/StructureDefinition/valueset-deprecated"><valueBoolean value="true"/></extension><code value="72291000195105"/><display value="Residence or stay in Switzerland except Geneva and Ticino (finding)"/><designation><language value="de-CH"/><value value="Wohnort oder Aufenthalt in Schweiz ausser Genf und Tessin"/></designation><designation><language value="fr-CH"/><value value="domicile ou séjour en Suisse hors Genève et Tessin"/></designation><designation><language value="it-CH"/><value value="domicilio o soggiorno in Svizzera, esclusi Ginevra e Ticino"/></designation><designation><language value="rm-CH"/><value value="lieu da domicil u da dimora en Svizra senza Genevra e Tessin"/></designation><designation><language value="en-US"/><value value="Residence or stay in Switzerland except Geneva and Ticino"/></designation></concept><concept><code value="102311000195108"/><display value="Residence or stay in Switzerland except Ticino (finding)"/><designation><language value="de-CH"/><value value="Wohnort oder Aufenthalt in Schweiz ausser Tessin"/></designation><designation><language value="fr-CH"/><value value="domicile ou séjour en Suisse sauf Tessin"/></designation><designation><language value="it-CH"/><value value="residenza o soggiorno in Svizzera eccezione di Ticino"/></designation><designation><language value="rm-CH"/><value value="lieu da domicil u da dimora en Svizra senza Tessin"/></designation><designation><language value="en-US"/><value value="Residence or stay in Switzerland except Ticino"/></designation></concept></include></compose></ValueSet>