<?xml version="1.0" encoding="UTF-8"?><ValueSet xmlns="http://hl7.org/fhir"><id value="ch-vacd-vaccines-snomedct-vs"/><meta><profile value="http://hl7.org/fhir/StructureDefinition/shareablevalueset"/></meta><text><status value="generated"/><div xmlns="http://www.w3.org/1999/xhtml"><ul><li>Include these codes as defined in <a href="http://www.snomed.org/"><code>http://snomed.info/sct</code></a> version <code>http://snomed.info/sct/2011000195101</code><table class="none"><tr><td style="white-space:nowrap"><b>Code</b></td><td><b>Display</b></td><td><b><a href="ValueSet-ch-vacd-targetdiseasesandillnessesundergoneforimmunization-vs.html">Snomed CT VaccineCode To TargetDisease Mapping</a></b></td></tr><tr><td><a href="http://snomed.info/id/787859002">787859002</a></td><td>Vaccine product (medicinal product)</td><td/></tr><tr><td><a href="http://snomed.info/id/871717007">871717007</a></td><td>Vaccine product containing only Yellow fever virus antigen (medicinal product)</td><td><span title="RELATEDTO">?</span><a href="http://snomed.info/id/16541001">16541001</a></td></tr><tr><td><a href="http://snomed.info/id/871719005">871719005</a></td><td>Vaccine product containing only Tick-borne encephalitis virus antigen (medicinal product)</td><td/></tr><tr><td><a href="http://snomed.info/id/871724008">871724008</a></td><td>Vaccine product containing only Japanese encephalitis virus antigen (medicinal product)</td><td><span title="RELATEDTO">?</span><a href="http://snomed.info/id/52947006">52947006</a></td></tr><tr><td><a href="http://snomed.info/id/871726005">871726005</a></td><td>Vaccine product containing only Rabies lyssavirus antigen (medicinal product)</td><td><span title="RELATEDTO">?</span><a href="http://snomed.info/id/14168008">14168008</a></td></tr><tr><td><a href="http://snomed.info/id/871737006">871737006</a></td><td>Vaccine product containing only Mumps orthorubulavirus antigen (medicinal product)</td><td><span title="RELATEDTO">?</span><a href="http://snomed.info/id/36989005">36989005</a></td></tr><tr><td><a href="http://snomed.info/id/871739009">871739009</a></td><td>Vaccine product containing only Human poliovirus antigen (medicinal product)</td><td><span title="RELATEDTO">?</span><a href="http://snomed.info/id/398102009">398102009</a></td></tr><tr><td><a href="http://snomed.info/id/871742003">871742003</a></td><td>Vaccine product containing only Clostridium tetani antigen (medicinal product)</td><td><span title="RELATEDTO">?</span><a href="http://snomed.info/id/76902006">76902006</a></td></tr><tr><td><a href="http://snomed.info/id/871751006">871751006</a></td><td>Vaccine product containing only Hepatitis A virus antigen (medicinal product)</td><td><span title="RELATEDTO">?</span><a href="http://snomed.info/id/40468003">40468003</a></td></tr><tr><td><a href="http://snomed.info/id/871761004">871761004</a></td><td>Vaccine product containing only Rotavirus antigen (medicinal product)</td><td><span title="RELATEDTO">?</span><a href="http://snomed.info/id/18624000">18624000</a></td></tr><tr><td><a href="http://snomed.info/id/871764007">871764007</a></td><td>Vaccine product containing only Haemophilus influenzae type B antigen (medicinal product)</td><td><span title="RELATEDTO">?</span><a href="http://snomed.info/id/709410003">709410003</a></td></tr><tr><td><a href="http://snomed.info/id/871765008">871765008</a></td><td>Vaccine product containing only Measles morbillivirus antigen (medicinal product)</td><td><span title="RELATEDTO">?</span><a href="http://snomed.info/id/14189004">14189004</a></td></tr><tr><td><a href="http://snomed.info/id/871803007">871803007</a></td><td>Vaccine product containing only Hepatitis A and Hepatitis B virus antigens (medicinal product)</td><td><span title="RELATEDTO">?</span><a href="http://snomed.info/id/66071002">66071002</a><br/><span title="RELATEDTO">?</span><a href="http://snomed.info/id/40468003">40468003</a></td></tr><tr><td><a href="http://snomed.info/id/871822003">871822003</a></td><td>Vaccine product containing only Hepatitis B virus antigen (medicinal product)</td><td><span title="RELATEDTO">?</span><a href="http://snomed.info/id/66071002">66071002</a></td></tr><tr><td><a href="http://snomed.info/id/871826000">871826000</a></td><td>Vaccine product containing only Clostridium tetani and Corynebacterium diphtheriae antigens (medicinal product)</td><td><span title="RELATEDTO">?</span><a href="http://snomed.info/id/76902006">76902006</a><br/><span title="RELATEDTO">?</span><a href="http://snomed.info/id/397430003">397430003</a></td></tr><tr><td><a href="http://snomed.info/id/871831003">871831003</a></td><td>Vaccine product containing only Measles morbillivirus and Mumps orthorubulavirus and Rubella virus antigens (medicinal product)</td><td><span title="RELATEDTO">?</span><a href="http://snomed.info/id/36653000">36653000</a><br/><span title="RELATEDTO">?</span><a href="http://snomed.info/id/14189004">14189004</a><br/><span title="RELATEDTO">?</span><a href="http://snomed.info/id/36989005">36989005</a></td></tr><tr><td><a href="http://snomed.info/id/871837004">871837004</a></td><td>Vaccine product containing only Clostridium tetani and Corynebacterium diphtheriae and Human poliovirus antigens (medicinal product)</td><td><span title="RELATEDTO">?</span><a href="http://snomed.info/id/398102009">398102009</a><br/><span title="RELATEDTO">?</span><a href="http://snomed.info/id/76902006">76902006</a><br/><span title="RELATEDTO">?</span><a href="http://snomed.info/id/397430003">397430003</a></td></tr><tr><td><a href="http://snomed.info/id/871866001">871866001</a></td><td>Vaccine product containing only Neisseria meningitidis serogroup C antigen (medicinal product)</td><td><span title="RELATEDTO">?</span><a href="http://snomed.info/id/23511006">23511006</a></td></tr><tr><td><a href="http://snomed.info/id/871873006">871873006</a></td><td>Vaccine product containing only Neisseria meningitidis serogroup A, C, W135 and Y antigens (medicinal product)</td><td><span title="RELATEDTO">?</span><a href="http://snomed.info/id/23511006">23511006</a></td></tr><tr><td><a href="http://snomed.info/id/871875004">871875004</a></td><td>Vaccine product containing only Bordetella pertussis and Clostridium tetani and Corynebacterium diphtheriae antigens (medicinal product)</td><td><span title="RELATEDTO">?</span><a href="http://snomed.info/id/76902006">76902006</a><br/><span title="RELATEDTO">?</span><a href="http://snomed.info/id/27836007">27836007</a><br/><span title="RELATEDTO">?</span><a href="http://snomed.info/id/397430003">397430003</a></td></tr><tr><td><a href="http://snomed.info/id/871878002">871878002</a></td><td>Vaccine product containing only Bordetella pertussis and Clostridium tetani and Corynebacterium diphtheriae and Human poliovirus antigens (medicinal product)</td><td><span title="RELATEDTO">?</span><a href="http://snomed.info/id/398102009">398102009</a><br/><span title="RELATEDTO">?</span><a href="http://snomed.info/id/76902006">76902006</a><br/><span title="RELATEDTO">?</span><a href="http://snomed.info/id/27836007">27836007</a><br/><span title="RELATEDTO">?</span><a href="http://snomed.info/id/397430003">397430003</a></td></tr><tr><td><a href="http://snomed.info/id/871887006">871887006</a></td><td>Vaccine product containing only Bordetella pertussis and Clostridium tetani and Corynebacterium diphtheriae and Haemophilus influenzae type B and Human poliovirus antigens (medicinal product)</td><td><span title="RELATEDTO">?</span><a href="http://snomed.info/id/709410003">709410003</a><br/><span title="RELATEDTO">?</span><a href="http://snomed.info/id/398102009">398102009</a><br/><span title="RELATEDTO">?</span><a href="http://snomed.info/id/76902006">76902006</a><br/><span title="RELATEDTO">?</span><a href="http://snomed.info/id/27836007">27836007</a><br/><span title="RELATEDTO">?</span><a href="http://snomed.info/id/397430003">397430003</a></td></tr><tr><td><a href="http://snomed.info/id/871895005">871895005</a></td><td>Vaccine product containing only Bordetella pertussis and Clostridium tetani and Corynebacterium diphtheriae and Haemophilus influenzae type B and Hepatitis B virus and Human poliovirus antigens (medicinal product)</td><td><span title="RELATEDTO">?</span><a href="http://snomed.info/id/709410003">709410003</a><br/><span title="RELATEDTO">?</span><a href="http://snomed.info/id/66071002">66071002</a><br/><span title="RELATEDTO">?</span><a href="http://snomed.info/id/398102009">398102009</a><br/><span title="RELATEDTO">?</span><a href="http://snomed.info/id/76902006">76902006</a><br/><span title="RELATEDTO">?</span><a href="http://snomed.info/id/27836007">27836007</a><br/><span title="RELATEDTO">?</span><a href="http://snomed.info/id/397430003">397430003</a></td></tr><tr><td><a href="http://snomed.info/id/871908002">871908002</a></td><td>Vaccine product containing only Human alphaherpesvirus 3 and Measles morbillivirus and Mumps orthorubulavirus and Rubella virus antigens (medicinal product)</td><td><span title="RELATEDTO">?</span><a href="http://snomed.info/id/38907003">38907003</a><br/><span title="RELATEDTO">?</span><a href="http://snomed.info/id/36653000">36653000</a><br/><span title="RELATEDTO">?</span><a href="http://snomed.info/id/14189004">14189004</a><br/><span title="RELATEDTO">?</span><a href="http://snomed.info/id/36989005">36989005</a></td></tr><tr><td><a href="http://snomed.info/id/871919004">871919004</a></td><td>Vaccine product containing only live attenuated Human alphaherpesvirus 3 antigen (medicinal product)</td><td><span title="RELATEDTO">?</span><a href="http://snomed.info/id/38907003">38907003</a><br/><span title="RELATEDTO">?</span><a href="http://snomed.info/id/4740000">4740000</a></td></tr><tr><td><a href="http://snomed.info/id/1052328007">1052328007</a></td><td>Vaccine product containing only Streptococcus pneumoniae Danish serotype 4, 6B, 9V, 14, 18C, 19F, and 23F capsular polysaccharide antigens conjugated (medicinal product)</td><td><span title="RELATEDTO">?</span><a href="http://snomed.info/id/16814004">16814004</a></td></tr><tr><td><a href="http://snomed.info/id/1119254000">1119254000</a></td><td>Vaccine product containing only Streptococcus pneumoniae Danish serotype 1, 3, 4, 5, 6A, 6B, 7F, 9V, 14, 18C, 19A, 19F, and 23F capsular polysaccharide antigens (medicinal product)</td><td><span title="RELATEDTO">?</span><a href="http://snomed.info/id/16814004">16814004</a></td></tr><tr><td><a href="http://snomed.info/id/1156183006">1156183006</a></td><td>Vaccine product containing only Human alphaherpesvirus 3 recombinant surface glycoprotein E antigen (medicinal product)</td><td><span title="RELATEDTO">?</span><a href="http://snomed.info/id/4740000">4740000</a></td></tr><tr><td><a href="http://snomed.info/id/961000221100">961000221100</a></td><td>Vaccine product containing only Salmonella enterica subspecies enterica serovar Typhi antigen (medicinal product)</td><td><span title="RELATEDTO">?</span><a href="http://snomed.info/id/4834000">4834000</a></td></tr><tr><td><a href="http://snomed.info/id/981000221107">981000221107</a></td><td>Streptococcus pneumoniae Danish serotype 1, 2, 3, 4, 5, 6B, 7F, 8, 9N, 9V, 10A, 11A, 12F, 14, 15B, 17F, 18C, 19A, 19F, 20, 22F, 23F, and 33F capsular polysaccharide antigens only vaccine product</td><td><span title="RELATEDTO">?</span><a href="http://snomed.info/id/16814004">16814004</a></td></tr><tr><td><a href="http://snomed.info/id/991000221105">991000221105</a></td><td>Vaccine product containing only Vibrio cholerae antigen (medicinal product)</td><td><span title="RELATEDTO">?</span><a href="http://snomed.info/id/63650001">63650001</a></td></tr><tr><td><a href="http://snomed.info/id/1181000221105">1181000221105</a></td><td>Vaccine product containing only Influenza virus antigen (medicinal product)</td><td><span title="RELATEDTO">?</span><a href="http://snomed.info/id/719590007">719590007</a><br/><span title="RELATEDTO">?</span><a href="http://snomed.info/id/719865001">719865001</a></td></tr><tr><td><a href="http://snomed.info/id/1861000221106">1861000221106</a></td><td>Vaccine product containing only live attenuated Mycobacterium bovis antigen (medicinal product)</td><td><span title="RELATEDTO">?</span><a href="http://snomed.info/id/56717001">56717001</a><br/><span title="RELATEDTO">?</span><a href="http://snomed.info/id/240532009">240532009</a></td></tr><tr><td><a href="http://snomed.info/id/1991000221106">1991000221106</a></td><td>Vaccine product containing only Human papillomavirus 16 and 18 antigens (medicinal product)</td><td/></tr><tr><td><a href="http://snomed.info/id/2001000221108">2001000221108</a></td><td>Vaccine product containing only Human papillomavirus 6, 11, 16 and 18 antigens (medicinal product)</td><td><span title="RELATEDTO">?</span><a href="http://snomed.info/id/240532009">240532009</a></td></tr><tr><td><a href="http://snomed.info/id/1119349007">1119349007</a></td><td>Vaccine product containing only Severe acute respiratory syndrome coronavirus 2 messenger ribonucleic acid (medicinal product)</td><td><span title="RELATEDTO">?</span><a href="http://snomed.info/id/840539006">840539006</a></td></tr><tr><td><a href="http://snomed.info/id/29061000087103">29061000087103</a></td><td>Vaccine product containing only recombinant non-replicating viral vector encoding Severe acute respiratory syndrome coronavirus 2 spike protein (medicinal product)</td><td><span title="RELATEDTO">?</span><a href="http://snomed.info/id/840539006">840539006</a></td></tr><tr><td><a href="http://snomed.info/id/1162643001">1162643001</a></td><td>Vaccine product containing only severe acute respiratory syndrome coronavirus 2 recombinant spike protein antigen (medicinal product)</td><td><span title="RELATEDTO">?</span><a href="http://snomed.info/id/840539006">840539006</a></td></tr><tr><td><a href="http://snomed.info/id/1209197008">1209197008</a></td><td>Vaccine product containing only Human papillomavirus 6, 11, 16, 18, 31, 33, 45, 52 and 58 antigens (medicinal product)</td><td/></tr><tr><td><a href="http://snomed.info/id/1981000221108">1981000221108</a></td><td>Vaccine product containing only Neisseria meningitidis serogroup B antigen (medicinal product)</td><td/></tr><tr><td><a href="http://snomed.info/id/836389008">836389008</a></td><td>Vaccine product containing Vaccinia virus antigen (medicinal product)</td><td/></tr><tr><td><a href="http://snomed.info/id/1119220001">1119220001</a></td><td>Vaccine product containing only Streptococcus pneumoniae Danish serotype 1, 2, 3, 4, 5, 6B, 7F, 8, 9N, 9V, 10A, 11A, 12F, 14, 15B, 17F, 18C, 19A, 19F, 20, 22F, 23F, and 33F capsular polysaccharide antigens (medicinal product)</td><td/></tr></table></li></ul><p><b>Additional Language Displays</b></p><table class="codes"><tr><td><b>Code</b></td><td><b>Deutsch (Schweiz) (German (Switzerland), de)</b></td><td><b>English (United States) (English (United States), en)</b></td><td><b>French (Switzerland) (fr)</b></td><td><b>Italian (Switzerland) (it)</b></td><td><b>rm</b></td></tr><tr><td>787859002</td><td>Unbekannter Impfstoff</td><td>Vaccine unknown</td><td>vaccin inconnu</td><td>vaccino sconosciuto</td><td>vaccin nunenconuschent</td></tr><tr><td>871717007</td><td>Gelbfieber-Impfstoff</td><td>Yellow fever vaccine</td><td>vaccin contre la fièvre jaune</td><td>vaccino contro la febbre gialla</td><td>vaccin cunter la fevra melna</td></tr><tr><td>871719005</td><td>Zeckenenzephalitis-Impfstoff</td><td>Tick-borne encephalitis vaccine</td><td>vaccin contre l'encéphalite à tiques</td><td>vaccino contro la meningoencefalite da zecche</td><td>vaccin cunter l'encefalitis da zeccas</td></tr><tr><td>871724008</td><td>Japanische-Enzephalitis-Impfstoff</td><td>Japanese encephalitis virus vaccine</td><td>vaccin contre l'encéphalite japonaise</td><td>vaccino contro l’encefalite giapponese</td><td>vaccin cunter l'encefalitis giapunaisa</td></tr><tr><td>871726005</td><td>Tollwut-Impfstoff</td><td>Rabies vaccine</td><td>vaccin antirabique</td><td>vaccino contro la rabbia</td><td>vaccin cunter la frenesia</td></tr><tr><td>871737006</td><td>Mumps-Impfstoff</td><td>Mumps vaccine</td><td>vaccin contre les oreillons</td><td>vaccino contro la parotite</td><td>vaccin cunter il glandun</td></tr><tr><td>871739009</td><td>Poliomyelitis-Impfstoff</td><td>Human poliovirus antigen only vaccine product</td><td>vaccin contre la poliomyélite</td><td>vaccino contro la poliomielite</td><td>vaccin cunter poliomielitis</td></tr><tr><td>871742003</td><td>Tetanus-Impfstoff</td><td>Tetanus vaccine</td><td>vaccin contre le tétanos</td><td>vaccino contro il tetano</td><td>vaccin cunter tetanus</td></tr><tr><td>871751006</td><td>Hepatitis A-Impfstoff</td><td>Hepatitis A vaccine</td><td>vaccin contre l'hépatite A</td><td>vaccino contro l’epatite A</td><td>vaccin cunter hepatitis A</td></tr><tr><td>871761004</td><td>Rotavirus-Impfstoff</td><td>Rotavirus vaccine</td><td>vaccin contre les rotavirus</td><td>vaccino contro i rotavirus</td><td>vaccin cunter il rotavirus</td></tr><tr><td>871764007</td><td>Haemophilus influenzae B-Impfstoff</td><td>Haemophilus influenzae type B vaccine</td><td>vaccin contre Haemophilus influenzae de type B</td><td>vaccino contro l’Haemophilus influenzae di tipo B</td><td>vaccin cunter hemofilus influenza B</td></tr><tr><td>871765008</td><td>Masern-Impfstoff</td><td>Measles vaccine</td><td>vaccin contre la rougeole</td><td>vaccino contro il morbillo</td><td>vaccin cunter il virustgel</td></tr><tr><td>871803007</td><td>Hepatitis A- und B-Impfstoff</td><td>Hepatitis A and B vaccine</td><td>vaccin contre les hépatites A et B</td><td>vaccino contro l’epatite A e B</td><td>vaccin cunter hepatitis A e B</td></tr><tr><td>871822003</td><td>Hepatitis B-Impfstoff</td><td>Hepatitis B vaccine</td><td>vaccin contre l'hépatite B</td><td>vaccino contro l’epatite B</td><td>vaccin cunter hepatitis B</td></tr><tr><td>871826000</td><td>Diphterie- und Tetanus-Impfstoff</td><td>Diphtheria and tetanus vaccine</td><td>vaccin contre la diphtérie et le tétanos</td><td>vaccino contro la difterite e il tetano</td><td>vaccin cunter difteria e tetanus</td></tr><tr><td>871831003</td><td>Masern-, Mumps- und Röteln-Impfstoff</td><td>Measles and mumps and rubella vaccine</td><td>vaccin contre la rougeole, les oreillons et la rubéole</td><td>vaccino contro il morbillo, la parotite e la rosolia</td><td>vaccin cunter il virustgel, il glandun e la rubella</td></tr><tr><td>871837004</td><td>Diphterie-, Poliomyelitis- und Tetanus-Impfstoff</td><td>Diphtheria and poliomyelitis and tetanus vaccine</td><td>vaccin contre la diphtérie, la poliomyélite et le tétanos</td><td>vaccino contro la difterite, il tetano e la poliomielite</td><td>vaccin cunter difteria, poliomielitis e tetanus</td></tr><tr><td>871866001</td><td>Meningokokken-C-Impfstoff</td><td>Meningitis C vaccine</td><td>vaccin contre les méningocoques C</td><td>vaccino contro la meningite C</td><td>vaccin cunter meningococcus C</td></tr><tr><td>871873006</td><td>Meningokokken-A, C-, W135- und Y-Impfstoff</td><td>Meningitis A, C, W135 and Y vaccine</td><td>vaccin contre les méningocoques de types A, C, W135 et Y</td><td>vaccino contro la meningite A, C, W135 e Y</td><td>vaccin cunter meningococcus A, C, W135 ed Y</td></tr><tr><td>871875004</td><td>Diphterie-, Pertussis- und Tetanus-Impfstoff</td><td>Diphtheria and pertussis and tetanus vaccine</td><td>vaccin contre la diphtérie, la coqueluche et le tétanos</td><td>vaccino contro la difterite, il tetano e la pertosse</td><td>vaccin cunter difteria, la tuss chanina e tetanus</td></tr><tr><td>871878002</td><td>Diphterie-, Pertussis-, Poliomyelitis- und Tetanus-Impfstoff</td><td>Diphtheria and pertussis and poliomyelitis and tetanus vaccine</td><td>vaccin contre la diphtérie, la coqueluche, la poliomyélite et le tétanos</td><td>vaccino contro la difterite, il tetano, la pertosse e la poliomielite</td><td>vaccin cunter difteria, la tuss chanina, poliomielitis e tetanus</td></tr><tr><td>871887006</td><td>Diphtherie-, Haemophilus influenzae B-, Pertussis-, Poliomyelitis- und Tetanus-Impfstoff</td><td>Diphtheria and Haemophilus influenzae type B and pertussis and poliomyelitis and tetanus vaccine</td><td>vaccin contre la diphtérie, Haemophilus influenzae de type B, la coqueluche, la poliomyélite et le tétanos</td><td>vaccino contro la difterite, il tetano, la pertosse, la poliomielite e l’Haemophilus influenzae di tipo B</td><td>vaccin cunter difteria, hemofilus influenza B, la tuss chanina, poliomielitis e tetanus</td></tr><tr><td>871895005</td><td>Diphtherie-, Haemophilus influenzae B-, Hepatitis B-, Pertussis-, Poliomyelitis- und Tetanus-Impfstoff</td><td>Diphtheria and Haemophilus influenzae type B and hepatitis B and pertussis and poliomyelitis and tetanus vaccine</td><td>vaccin contre la diphtérie, Haemophilus influenzae de type B, l'hépatite B, la coqueluche, la poliomyélite et le tétanos</td><td>vaccino contro la difterite, il tetano, la pertosse, la poliomielite, l’Haemophilus influenzae di tipo B e l’epatite B</td><td>vaccin cunter difteria, hemofilus influenza B, hepatitis B, la tuss chanina, poliomielitis e tetanus</td></tr><tr><td>871908002</td><td>Masern-, Mumps-, Röteln- und Windpocken-Impfstoff</td><td>Measles and mumps and rubella and varicella virus vaccine</td><td>vaccin contre la rougeole, les oreillons, la rubéole et la varicelle</td><td>vaccino contro il morbillo, la parotite, la rosolia e la varicella</td><td>vaccin cunter il virustgel, il glandun, la rubella e la virola selvadia</td></tr><tr><td>871919004</td><td>Attenuierter Varizella-Zoster-Lebendimpfstoff</td><td>Live attenuated Varicella-zoster vaccine</td><td>vaccin à virus varicelle-zona vivant atténué</td><td>vaccino vivo attenuato contro il virus varicella-zoster</td><td>vaccin viv attenuà cunter la virola selvadia</td></tr><tr><td>1052328007</td><td>7-valenter Pneumokokken-Konjugatimpfstoff</td><td>Pneumococcal 7-valent conjugate vaccine</td><td>vaccin antipneumoccique conjugué 7-valent</td><td>vaccino coniugato eptavalente contro gli pneumococchi</td><td>vaccin cunter pneumococcus fusiunà valenza 7</td></tr><tr><td>1119254000</td><td>13-valenter Pneumokokken-Impfstoff</td><td>Pneumococcal 13-valent conjugate vaccine</td><td>vaccin antipneumococcique 13-valent</td><td>vaccino 13-valente contro gli pneumococchi</td><td>vaccin cunter pneumococcus fusiunà valenza 13</td></tr><tr><td>1156183006</td><td>Rekombinanter Varizella-Zoster-Glykoprotein-E-Impfstoff</td><td>Recombinant Varicella-zoster glycoprotein E vaccine</td><td>vaccin varicelle-zona recombinant à glycoprotéine E</td><td>vaccino con antigene glicoproteina E ricombinante del virus varicella-zoster</td><td>vaccin cunter la virola selvadia cun antigens dal glicoprotein E recumbinant</td></tr><tr><td>961000221100</td><td>Typhus-Impfstoff</td><td>Typhoid vaccine</td><td>vaccin contre la fièvre typhoïde</td><td>vaccino contro la febbre tifoide</td><td>vaccin cunter tifus</td></tr><tr><td>981000221107</td><td>23-valenter Pneumokokken-Konjugatimpfstoff</td><td>Pneumococcal 23-valent conjugate vaccine</td><td>vaccin antipneumococcique conjugué 23-valent</td><td>vaccino coniugato 23-valente contro gli pneumococchi</td><td>vaccin cunter pneumococcus fusiunà valenza 23</td></tr><tr><td>991000221105</td><td>Cholera-Impfstoff</td><td>Cholera vaccine</td><td>vaccin contre le choléra</td><td>vaccino contro il colera</td><td>vaccin cunter colera</td></tr><tr><td>1181000221105</td><td>Influenza-Impfstoff</td><td>Influenza vaccine</td><td>vaccin contre la grippe</td><td>vaccino contro l’influenza</td><td>vaccin cunter la grippa</td></tr><tr><td>1861000221106</td><td>BCG (Bacillus Calmette-Guérin)-Impfstoff</td><td>BCG (Bacillus Calmette-Guerin) vaccine</td><td>vaccin BCG (bacille de Calmette-Guérin)</td><td>vaccino BCG (bacillo di Calmette-Guérin)</td><td>vaccin cunter BCG (Bacillus Calmette-Guérin)</td></tr><tr><td>1991000221106</td><td>Impfstoff gegen humanes Papillomavirus 16 und 18</td><td>Human papillomavirus 16 and 18 vaccine</td><td>vaccin contre les papillomavirus humains 16 et 18</td><td>vaccino contro il papillomavirus umano tipi 16 e 18</td><td>vaccin cunter ils papillomavirus umans 16 e 18</td></tr><tr><td>2001000221108</td><td>Impfstoff gegen humanes Papillomavirus 6, 11, 16 und 18</td><td>Human papillomavirus 6, 11, 16 and 18 vaccine</td><td>vaccin contre les papillomavirus humains 6, 11, 16 et 18</td><td>vaccino contro il papillomavirus umano tipi 6, 11, 16 e 18</td><td>vaccin cunter ils papillomavirus umans 6, 11, 16 e 18</td></tr><tr><td>1119349007</td><td>mRNA-Impfstoff gegen COVID-19</td><td>COVID-19 mRNA vaccine</td><td>vaccin à ARNm contre le COVID-19</td><td>vaccino a mRNA anti-COVID-19</td><td>vaccin cunter COVID-19 mRNA</td></tr><tr><td>29061000087103</td><td>Nicht replizierender viraler Vektorimpfstoff gegen COVID-19</td><td>COVID-19 non-replicating viral vector vaccine</td><td>vaccin à vecteur viral non réplicatif contre le COVID-19</td><td>vaccino a vettore virale non replicante anti-COVID-19</td><td>vaccin cunter COVID-19 vectorial viral betg replitgant</td></tr><tr><td>1162643001</td><td>Covid-19 rekombinanter Spike-Protein-Antigen-Impfstoff</td><td>COVID-19 recombinant spike protein antigen vaccine</td><td>vaccin antigénique à protéine Spike recombinante contre le COVID-19</td><td>vaccino antigenico anti-COVID-19 con proteina spike ricombinante</td><td>vaccin cunter COVID-19 cun antigens dal protein spike recumbinant</td></tr><tr><td>1209197008</td><td>Impfstoff gegen die humanen Papillomaviren 6, 11, 16, 18, 31, 33, 45, 52 und 58</td><td>Human papillomavirus 6, 11, 16, 18, 31, 33, 45, 52 and 58 vaccine</td><td>vaccin contre le papillomavirus humain 6, 11, 16, 18, 31, 33, 45, 52 and 58</td><td>vaccino contro i papillomavirus umani 6, 11, 16, 18, 31, 33, 45, 52 e 58</td><td>vaccin cunter ils papillomavirus umans 6, 11, 16, 18, 31, 33, 45, 52 e 58</td></tr><tr><td>1981000221108</td><td>Meningokokken-B-Impfstoff</td><td>Meningitis B vaccine</td><td>vaccin contre les méningocoques B</td><td>vaccino contro la meningite B</td><td>vaccin cunter meningococcus B</td></tr><tr><td>836389008</td><td>Pocken-Impfstoff</td><td>Vaccinia virus antigen-containing vaccine product</td><td>vaccin contre la variole</td><td>vaccino antivaiolo</td><td>vaccin cunter la virola</td></tr><tr><td>1119220001</td><td>23-valenter Pneumokokken-Impfstoff</td><td>Pneumococcal 23-valent vaccine</td><td>vaccin antipneumococcique 23-valent</td><td>vaccino 23-valente contro gli pneumococchi</td><td>vaccin cunter pneumococcus fusiunà valenza 23</td></tr></table></div></text><extension url="http://hl7.org/fhir/StructureDefinition/resource-effectivePeriod"><valuePeriod><start value="2021-01-24T00:00:00+01:00"/></valuePeriod></extension><url value="http://fhir.ch/ig/ch-vacd/ValueSet/ch-vacd-vaccines-snomedct-vs"/><identifier><use value="official"/><system value="http://e-health-suisse.ch/ns/vs"/><value value="ch-vacd-vaccines-snomedct-vs"/></identifier><version value="4.0.0-ballot"/><name value="SnomedCTForVaccineCode"/><title value="Snomed CT for vaccine code"/><status value="active"/><experimental value="false"/><date value="2023-06-29T17:22:50+02:00"/><publisher value="HL7 Switzerland"/><contact><name value="HL7 Switzerland"/><telecom><system value="url"/><value value="https://www.hl7.ch/"/></telecom></contact><description value="The list of vaccine products in Snomed CT list."/><jurisdiction><coding><system value="urn:iso:std:iso:3166"/><code value="CHE"/></coding></jurisdiction><copyright value="CC0-1.0"/><compose><include><system value="http://snomed.info/sct"/><version value="http://snomed.info/sct/2011000195101"/><concept><code value="787859002"/><display value="Vaccine product (medicinal product)"/><designation><language value="de-CH"/><value value="Unbekannter Impfstoff"/></designation><designation><language value="fr-CH"/><value value="vaccin inconnu"/></designation><designation><language value="it-CH"/><value value="vaccino sconosciuto"/></designation><designation><language value="rm-CH"/><value value="vaccin nunenconuschent"/></designation><designation><language value="en-US"/><value value="Vaccine unknown"/></designation></concept><concept><code value="871717007"/><display value="Vaccine product containing only Yellow fever virus antigen (medicinal product)"/><designation><language value="de-CH"/><value value="Gelbfieber-Impfstoff"/></designation><designation><language value="fr-CH"/><value value="vaccin contre la fièvre jaune"/></designation><designation><language value="it-CH"/><value value="vaccino contro la febbre gialla"/></designation><designation><language value="rm-CH"/><value value="vaccin cunter la fevra melna"/></designation><designation><language value="en-US"/><value value="Yellow fever vaccine"/></designation></concept><concept><code value="871719005"/><display value="Vaccine product containing only Tick-borne encephalitis virus antigen (medicinal product)"/><designation><language value="de-CH"/><value value="Zeckenenzephalitis-Impfstoff"/></designation><designation><language value="fr-CH"/><value value="vaccin contre l'encéphalite à tiques"/></designation><designation><language value="it-CH"/><value value="vaccino contro la meningoencefalite da zecche"/></designation><designation><language value="rm-CH"/><value value="vaccin cunter l'encefalitis da zeccas"/></designation><designation><language value="en-US"/><value value="Tick-borne encephalitis vaccine"/></designation></concept><concept><code value="871724008"/><display value="Vaccine product containing only Japanese encephalitis virus antigen (medicinal product)"/><designation><language value="de-CH"/><value value="Japanische-Enzephalitis-Impfstoff"/></designation><designation><language value="fr-CH"/><value value="vaccin contre l'encéphalite japonaise"/></designation><designation><language value="it-CH"/><value value="vaccino contro l’encefalite giapponese"/></designation><designation><language value="rm-CH"/><value value="vaccin cunter l'encefalitis giapunaisa"/></designation><designation><language value="en-US"/><value value="Japanese encephalitis virus vaccine"/></designation></concept><concept><code value="871726005"/><display value="Vaccine product containing only Rabies lyssavirus antigen (medicinal product)"/><designation><language value="de-CH"/><value value="Tollwut-Impfstoff"/></designation><designation><language value="fr-CH"/><value value="vaccin antirabique"/></designation><designation><language value="it-CH"/><value value="vaccino contro la rabbia"/></designation><designation><language value="rm-CH"/><value value="vaccin cunter la frenesia"/></designation><designation><language value="en-US"/><value value="Rabies vaccine"/></designation></concept><concept><code value="871737006"/><display value="Vaccine product containing only Mumps orthorubulavirus antigen (medicinal product)"/><designation><language value="de-CH"/><value value="Mumps-Impfstoff"/></designation><designation><language value="fr-CH"/><value value="vaccin contre les oreillons"/></designation><designation><language value="it-CH"/><value value="vaccino contro la parotite"/></designation><designation><language value="rm-CH"/><value value="vaccin cunter il glandun"/></designation><designation><language value="en-US"/><value value="Mumps vaccine"/></designation></concept><concept><code value="871739009"/><display value="Vaccine product containing only Human poliovirus antigen (medicinal product)"/><designation><language value="de-CH"/><value value="Poliomyelitis-Impfstoff"/></designation><designation><language value="fr-CH"/><value value="vaccin contre la poliomyélite"/></designation><designation><language value="it-CH"/><value value="vaccino contro la poliomielite"/></designation><designation><language value="rm-CH"/><value value="vaccin cunter poliomielitis"/></designation><designation><language value="en-US"/><value value="Human poliovirus antigen only vaccine product"/></designation></concept><concept><code value="871742003"/><display value="Vaccine product containing only Clostridium tetani antigen (medicinal product)"/><designation><language value="de-CH"/><value value="Tetanus-Impfstoff"/></designation><designation><language value="fr-CH"/><value value="vaccin contre le tétanos"/></designation><designation><language value="it-CH"/><value value="vaccino contro il tetano"/></designation><designation><language value="rm-CH"/><value value="vaccin cunter tetanus"/></designation><designation><language value="en-US"/><value value="Tetanus vaccine"/></designation></concept><concept><code value="871751006"/><display value="Vaccine product containing only Hepatitis A virus antigen (medicinal product)"/><designation><language value="de-CH"/><value value="Hepatitis A-Impfstoff"/></designation><designation><language value="fr-CH"/><value value="vaccin contre l'hépatite A"/></designation><designation><language value="it-CH"/><value value="vaccino contro l’epatite A"/></designation><designation><language value="rm-CH"/><value value="vaccin cunter hepatitis A"/></designation><designation><language value="en-US"/><value value="Hepatitis A vaccine"/></designation></concept><concept><code value="871761004"/><display value="Vaccine product containing only Rotavirus antigen (medicinal product)"/><designation><language value="de-CH"/><value value="Rotavirus-Impfstoff"/></designation><designation><language value="fr-CH"/><value value="vaccin contre les rotavirus"/></designation><designation><language value="it-CH"/><value value="vaccino contro i rotavirus"/></designation><designation><language value="rm-CH"/><value value="vaccin cunter il rotavirus"/></designation><designation><language value="en-US"/><value value="Rotavirus vaccine"/></designation></concept><concept><code value="871764007"/><display value="Vaccine product containing only Haemophilus influenzae type B antigen (medicinal product)"/><designation><language value="de-CH"/><value value="Haemophilus influenzae B-Impfstoff"/></designation><designation><language value="fr-CH"/><value value="vaccin contre Haemophilus influenzae de type B"/></designation><designation><language value="it-CH"/><value value="vaccino contro l’Haemophilus influenzae di tipo B"/></designation><designation><language value="rm-CH"/><value value="vaccin cunter hemofilus influenza B"/></designation><designation><language value="en-US"/><value value="Haemophilus influenzae type B vaccine"/></designation></concept><concept><code value="871765008"/><display value="Vaccine product containing only Measles morbillivirus antigen (medicinal product)"/><designation><language value="de-CH"/><value value="Masern-Impfstoff"/></designation><designation><language value="fr-CH"/><value value="vaccin contre la rougeole"/></designation><designation><language value="it-CH"/><value value="vaccino contro il morbillo"/></designation><designation><language value="rm-CH"/><value value="vaccin cunter il virustgel"/></designation><designation><language value="en-US"/><value value="Measles vaccine"/></designation></concept><concept><code value="871803007"/><display value="Vaccine product containing only Hepatitis A and Hepatitis B virus antigens (medicinal product)"/><designation><language value="de-CH"/><value value="Hepatitis A- und B-Impfstoff"/></designation><designation><language value="fr-CH"/><value value="vaccin contre les hépatites A et B"/></designation><designation><language value="it-CH"/><value value="vaccino contro l’epatite A e B"/></designation><designation><language value="rm-CH"/><value value="vaccin cunter hepatitis A e B"/></designation><designation><language value="en-US"/><value value="Hepatitis A and B vaccine"/></designation></concept><concept><code value="871822003"/><display value="Vaccine product containing only Hepatitis B virus antigen (medicinal product)"/><designation><language value="de-CH"/><value value="Hepatitis B-Impfstoff"/></designation><designation><language value="fr-CH"/><value value="vaccin contre l'hépatite B"/></designation><designation><language value="it-CH"/><value value="vaccino contro l’epatite B"/></designation><designation><language value="rm-CH"/><value value="vaccin cunter hepatitis B"/></designation><designation><language value="en-US"/><value value="Hepatitis B vaccine"/></designation></concept><concept><code value="871826000"/><display value="Vaccine product containing only Clostridium tetani and Corynebacterium diphtheriae antigens (medicinal product)"/><designation><language value="de-CH"/><value value="Diphterie- und Tetanus-Impfstoff"/></designation><designation><language value="fr-CH"/><value value="vaccin contre la diphtérie et le tétanos"/></designation><designation><language value="it-CH"/><value value="vaccino contro la difterite e il tetano"/></designation><designation><language value="rm-CH"/><value value="vaccin cunter difteria e tetanus"/></designation><designation><language value="en-US"/><value value="Diphtheria and tetanus vaccine"/></designation></concept><concept><code value="871831003"/><display value="Vaccine product containing only Measles morbillivirus and Mumps orthorubulavirus and Rubella virus antigens (medicinal product)"/><designation><language value="de-CH"/><value value="Masern-, Mumps- und Röteln-Impfstoff"/></designation><designation><language value="fr-CH"/><value value="vaccin contre la rougeole, les oreillons et la rubéole"/></designation><designation><language value="it-CH"/><value value="vaccino contro il morbillo, la parotite e la rosolia"/></designation><designation><language value="rm-CH"/><value value="vaccin cunter il virustgel, il glandun e la rubella"/></designation><designation><language value="en-US"/><value value="Measles and mumps and rubella vaccine"/></designation></concept><concept><code value="871837004"/><display value="Vaccine product containing only Clostridium tetani and Corynebacterium diphtheriae and Human poliovirus antigens (medicinal product)"/><designation><language value="de-CH"/><value value="Diphterie-, Poliomyelitis- und Tetanus-Impfstoff"/></designation><designation><language value="fr-CH"/><value value="vaccin contre la diphtérie, la poliomyélite et le tétanos"/></designation><designation><language value="it-CH"/><value value="vaccino contro la difterite, il tetano e la poliomielite"/></designation><designation><language value="rm-CH"/><value value="vaccin cunter difteria, poliomielitis e tetanus"/></designation><designation><language value="en-US"/><value value="Diphtheria and poliomyelitis and tetanus vaccine"/></designation></concept><concept><code value="871866001"/><display value="Vaccine product containing only Neisseria meningitidis serogroup C antigen (medicinal product)"/><designation><language value="de-CH"/><value value="Meningokokken-C-Impfstoff"/></designation><designation><language value="fr-CH"/><value value="vaccin contre les méningocoques C"/></designation><designation><language value="it-CH"/><value value="vaccino contro la meningite C"/></designation><designation><language value="rm-CH"/><value value="vaccin cunter meningococcus C"/></designation><designation><language value="en-US"/><value value="Meningitis C vaccine"/></designation></concept><concept><code value="871873006"/><display value="Vaccine product containing only Neisseria meningitidis serogroup A, C, W135 and Y antigens (medicinal product)"/><designation><language value="de-CH"/><value value="Meningokokken-A, C-, W135- und Y-Impfstoff"/></designation><designation><language value="fr-CH"/><value value="vaccin contre les méningocoques de types A, C, W135 et Y"/></designation><designation><language value="it-CH"/><value value="vaccino contro la meningite A, C, W135 e Y"/></designation><designation><language value="rm-CH"/><value value="vaccin cunter meningococcus A, C, W135 ed Y"/></designation><designation><language value="en-US"/><value value="Meningitis A, C, W135 and Y vaccine"/></designation></concept><concept><code value="871875004"/><display value="Vaccine product containing only Bordetella pertussis and Clostridium tetani and Corynebacterium diphtheriae antigens (medicinal product)"/><designation><language value="de-CH"/><value value="Diphterie-, Pertussis- und Tetanus-Impfstoff"/></designation><designation><language value="fr-CH"/><value value="vaccin contre la diphtérie, la coqueluche et le tétanos"/></designation><designation><language value="it-CH"/><value value="vaccino contro la difterite, il tetano e la pertosse"/></designation><designation><language value="rm-CH"/><value value="vaccin cunter difteria, la tuss chanina e tetanus"/></designation><designation><language value="en-US"/><value value="Diphtheria and pertussis and tetanus vaccine"/></designation></concept><concept><code value="871878002"/><display value="Vaccine product containing only Bordetella pertussis and Clostridium tetani and Corynebacterium diphtheriae and Human poliovirus antigens (medicinal product)"/><designation><language value="de-CH"/><value value="Diphterie-, Pertussis-, Poliomyelitis- und Tetanus-Impfstoff"/></designation><designation><language value="fr-CH"/><value value="vaccin contre la diphtérie, la coqueluche, la poliomyélite et le tétanos"/></designation><designation><language value="it-CH"/><value value="vaccino contro la difterite, il tetano, la pertosse e la poliomielite"/></designation><designation><language value="rm-CH"/><value value="vaccin cunter difteria, la tuss chanina, poliomielitis e tetanus"/></designation><designation><language value="en-US"/><value value="Diphtheria and pertussis and poliomyelitis and tetanus vaccine"/></designation></concept><concept><code value="871887006"/><display value="Vaccine product containing only Bordetella pertussis and Clostridium tetani and Corynebacterium diphtheriae and Haemophilus influenzae type B and Human poliovirus antigens (medicinal product)"/><designation><language value="de-CH"/><value value="Diphtherie-, Haemophilus influenzae B-, Pertussis-, Poliomyelitis- und Tetanus-Impfstoff"/></designation><designation><language value="fr-CH"/><value value="vaccin contre la diphtérie, Haemophilus influenzae de type B, la coqueluche, la poliomyélite et le tétanos"/></designation><designation><language value="it-CH"/><value value="vaccino contro la difterite, il tetano, la pertosse, la poliomielite e l’Haemophilus influenzae di tipo B"/></designation><designation><language value="rm-CH"/><value value="vaccin cunter difteria, hemofilus influenza B, la tuss chanina, poliomielitis e tetanus"/></designation><designation><language value="en-US"/><value value="Diphtheria and Haemophilus influenzae type B and pertussis and poliomyelitis and tetanus vaccine"/></designation></concept><concept><code value="871895005"/><display value="Vaccine product containing only Bordetella pertussis and Clostridium tetani and Corynebacterium diphtheriae and Haemophilus influenzae type B and Hepatitis B virus and Human poliovirus antigens (medicinal product)"/><designation><language value="de-CH"/><value value="Diphtherie-, Haemophilus influenzae B-, Hepatitis B-, Pertussis-, Poliomyelitis- und Tetanus-Impfstoff"/></designation><designation><language value="fr-CH"/><value value="vaccin contre la diphtérie, Haemophilus influenzae de type B, l'hépatite B, la coqueluche, la poliomyélite et le tétanos"/></designation><designation><language value="it-CH"/><value value="vaccino contro la difterite, il tetano, la pertosse, la poliomielite, l’Haemophilus influenzae di tipo B e l’epatite B"/></designation><designation><language value="rm-CH"/><value value="vaccin cunter difteria, hemofilus influenza B, hepatitis B, la tuss chanina, poliomielitis e tetanus"/></designation><designation><language value="en-US"/><value value="Diphtheria and Haemophilus influenzae type B and hepatitis B and pertussis and poliomyelitis and tetanus vaccine"/></designation></concept><concept><code value="871908002"/><display value="Vaccine product containing only Human alphaherpesvirus 3 and Measles morbillivirus and Mumps orthorubulavirus and Rubella virus antigens (medicinal product)"/><designation><language value="de-CH"/><value value="Masern-, Mumps-, Röteln- und Windpocken-Impfstoff"/></designation><designation><language value="fr-CH"/><value value="vaccin contre la rougeole, les oreillons, la rubéole et la varicelle"/></designation><designation><language value="it-CH"/><value value="vaccino contro il morbillo, la parotite, la rosolia e la varicella"/></designation><designation><language value="rm-CH"/><value value="vaccin cunter il virustgel, il glandun, la rubella e la virola selvadia"/></designation><designation><language value="en-US"/><value value="Measles and mumps and rubella and varicella virus vaccine"/></designation></concept><concept><code value="871919004"/><display value="Vaccine product containing only live attenuated Human alphaherpesvirus 3 antigen (medicinal product)"/><designation><language value="de-CH"/><value value="Attenuierter Varizella-Zoster-Lebendimpfstoff"/></designation><designation><language value="fr-CH"/><value value="vaccin à virus varicelle-zona vivant atténué"/></designation><designation><language value="it-CH"/><value value="vaccino vivo attenuato contro il virus varicella-zoster"/></designation><designation><language value="rm-CH"/><value value="vaccin viv attenuà cunter la virola selvadia"/></designation><designation><language value="en-US"/><value value="Live attenuated Varicella-zoster vaccine"/></designation></concept><concept><code value="1052328007"/><display value="Vaccine product containing only Streptococcus pneumoniae Danish serotype 4, 6B, 9V, 14, 18C, 19F, and 23F capsular polysaccharide antigens conjugated (medicinal product)"/><designation><language value="de-CH"/><value value="7-valenter Pneumokokken-Konjugatimpfstoff"/></designation><designation><language value="fr-CH"/><value value="vaccin antipneumoccique conjugué 7-valent"/></designation><designation><language value="it-CH"/><value value="vaccino coniugato eptavalente contro gli pneumococchi"/></designation><designation><language value="rm-CH"/><value value="vaccin cunter pneumococcus fusiunà valenza 7"/></designation><designation><language value="en-US"/><value value="Pneumococcal 7-valent conjugate vaccine"/></designation></concept><concept><code value="1119254000"/><display value="Vaccine product containing only Streptococcus pneumoniae Danish serotype 1, 3, 4, 5, 6A, 6B, 7F, 9V, 14, 18C, 19A, 19F, and 23F capsular polysaccharide antigens (medicinal product)"/><designation><language value="de-CH"/><value value="13-valenter Pneumokokken-Impfstoff"/></designation><designation><language value="fr-CH"/><value value="vaccin antipneumococcique 13-valent"/></designation><designation><language value="it-CH"/><value value="vaccino 13-valente contro gli pneumococchi"/></designation><designation><language value="rm-CH"/><value value="vaccin cunter pneumococcus fusiunà valenza 13"/></designation><designation><language value="en-US"/><value value="Pneumococcal 13-valent conjugate vaccine"/></designation></concept><concept><code value="1156183006"/><display value="Vaccine product containing only Human alphaherpesvirus 3 recombinant surface glycoprotein E antigen (medicinal product)"/><designation><language value="de-CH"/><value value="Rekombinanter Varizella-Zoster-Glykoprotein-E-Impfstoff"/></designation><designation><language value="fr-CH"/><value value="vaccin varicelle-zona recombinant à glycoprotéine E"/></designation><designation><language value="it-CH"/><value value="vaccino con antigene glicoproteina E ricombinante del virus varicella-zoster"/></designation><designation><language value="rm-CH"/><value value="vaccin cunter la virola selvadia cun antigens dal glicoprotein E recumbinant"/></designation><designation><language value="en-US"/><value value="Recombinant Varicella-zoster glycoprotein E vaccine"/></designation></concept><concept><code value="961000221100"/><display value="Vaccine product containing only Salmonella enterica subspecies enterica serovar Typhi antigen (medicinal product)"/><designation><language value="de-CH"/><value value="Typhus-Impfstoff"/></designation><designation><language value="fr-CH"/><value value="vaccin contre la fièvre typhoïde"/></designation><designation><language value="it-CH"/><value value="vaccino contro la febbre tifoide"/></designation><designation><language value="rm-CH"/><value value="vaccin cunter tifus"/></designation><designation><language value="en-US"/><value value="Typhoid vaccine"/></designation></concept><concept><code value="981000221107"/><display value="Streptococcus pneumoniae Danish serotype 1, 2, 3, 4, 5, 6B, 7F, 8, 9N, 9V, 10A, 11A, 12F, 14, 15B, 17F, 18C, 19A, 19F, 20, 22F, 23F, and 33F capsular polysaccharide antigens only vaccine product"/><designation><language value="de-CH"/><value value="23-valenter Pneumokokken-Konjugatimpfstoff"/></designation><designation><language value="fr-CH"/><value value="vaccin antipneumococcique conjugué 23-valent"/></designation><designation><language value="it-CH"/><value value="vaccino coniugato 23-valente contro gli pneumococchi"/></designation><designation><language value="rm-CH"/><value value="vaccin cunter pneumococcus fusiunà valenza 23"/></designation><designation><language value="en-US"/><value value="Pneumococcal 23-valent conjugate vaccine"/></designation></concept><concept><code value="991000221105"/><display value="Vaccine product containing only Vibrio cholerae antigen (medicinal product)"/><designation><language value="de-CH"/><value value="Cholera-Impfstoff"/></designation><designation><language value="fr-CH"/><value value="vaccin contre le choléra"/></designation><designation><language value="it-CH"/><value value="vaccino contro il colera"/></designation><designation><language value="rm-CH"/><value value="vaccin cunter colera"/></designation><designation><language value="en-US"/><value value="Cholera vaccine"/></designation></concept><concept><code value="1181000221105"/><display value="Vaccine product containing only Influenza virus antigen (medicinal product)"/><designation><language value="de-CH"/><value value="Influenza-Impfstoff"/></designation><designation><language value="fr-CH"/><value value="vaccin contre la grippe"/></designation><designation><language value="it-CH"/><value value="vaccino contro l’influenza"/></designation><designation><language value="rm-CH"/><value value="vaccin cunter la grippa"/></designation><designation><language value="en-US"/><value value="Influenza vaccine"/></designation></concept><concept><code value="1861000221106"/><display value="Vaccine product containing only live attenuated Mycobacterium bovis antigen (medicinal product)"/><designation><language value="de-CH"/><value value="BCG (Bacillus Calmette-Guérin)-Impfstoff"/></designation><designation><language value="fr-CH"/><value value="vaccin BCG (bacille de Calmette-Guérin)"/></designation><designation><language value="it-CH"/><value value="vaccino BCG (bacillo di Calmette-Guérin)"/></designation><designation><language value="rm-CH"/><value value="vaccin cunter BCG (Bacillus Calmette-Guérin)"/></designation><designation><language value="en-US"/><value value="BCG (Bacillus Calmette-Guerin) vaccine"/></designation></concept><concept><code value="1991000221106"/><display value="Vaccine product containing only Human papillomavirus 16 and 18 antigens (medicinal product)"/><designation><language value="de-CH"/><value value="Impfstoff gegen humanes Papillomavirus 16 und 18"/></designation><designation><language value="fr-CH"/><value value="vaccin contre les papillomavirus humains 16 et 18"/></designation><designation><language value="it-CH"/><value value="vaccino contro il papillomavirus umano tipi 16 e 18"/></designation><designation><language value="rm-CH"/><value value="vaccin cunter ils papillomavirus umans 16 e 18"/></designation><designation><language value="en-US"/><value value="Human papillomavirus 16 and 18 vaccine"/></designation></concept><concept><code value="2001000221108"/><display value="Vaccine product containing only Human papillomavirus 6, 11, 16 and 18 antigens (medicinal product)"/><designation><language value="de-CH"/><value value="Impfstoff gegen humanes Papillomavirus 6, 11, 16 und 18"/></designation><designation><language value="fr-CH"/><value value="vaccin contre les papillomavirus humains 6, 11, 16 et 18"/></designation><designation><language value="it-CH"/><value value="vaccino contro il papillomavirus umano tipi 6, 11, 16 e 18"/></designation><designation><language value="rm-CH"/><value value="vaccin cunter ils papillomavirus umans 6, 11, 16 e 18"/></designation><designation><language value="en-US"/><value value="Human papillomavirus 6, 11, 16 and 18 vaccine"/></designation></concept><concept><code value="1119349007"/><display value="Vaccine product containing only Severe acute respiratory syndrome coronavirus 2 messenger ribonucleic acid (medicinal product)"/><designation><language value="de-CH"/><value value="mRNA-Impfstoff gegen COVID-19"/></designation><designation><language value="fr-CH"/><value value="vaccin à ARNm contre le COVID-19"/></designation><designation><language value="it-CH"/><value value="vaccino a mRNA anti-COVID-19"/></designation><designation><language value="rm-CH"/><value value="vaccin cunter COVID-19 mRNA"/></designation><designation><language value="en-US"/><value value="COVID-19 mRNA vaccine"/></designation></concept><concept><code value="29061000087103"/><display value="Vaccine product containing only recombinant non-replicating viral vector encoding Severe acute respiratory syndrome coronavirus 2 spike protein (medicinal product)"/><designation><language value="de-CH"/><value value="Nicht replizierender viraler Vektorimpfstoff gegen COVID-19"/></designation><designation><language value="fr-CH"/><value value="vaccin à vecteur viral non réplicatif contre le COVID-19"/></designation><designation><language value="it-CH"/><value value="vaccino a vettore virale non replicante anti-COVID-19"/></designation><designation><language value="rm-CH"/><value value="vaccin cunter COVID-19 vectorial viral betg replitgant"/></designation><designation><language value="en-US"/><value value="COVID-19 non-replicating viral vector vaccine"/></designation></concept><concept><code value="1162643001"/><display value="Vaccine product containing only severe acute respiratory syndrome coronavirus 2 recombinant spike protein antigen (medicinal product)"/><designation><language value="de-CH"/><value value="Covid-19 rekombinanter Spike-Protein-Antigen-Impfstoff"/></designation><designation><language value="fr-CH"/><value value="vaccin antigénique à protéine Spike recombinante contre le COVID-19"/></designation><designation><language value="it-CH"/><value value="vaccino antigenico anti-COVID-19 con proteina spike ricombinante"/></designation><designation><language value="rm-CH"/><value value="vaccin cunter COVID-19 cun antigens dal protein spike recumbinant"/></designation><designation><language value="en-US"/><value value="COVID-19 recombinant spike protein antigen vaccine"/></designation></concept><concept><code value="1209197008"/><display value="Vaccine product containing only Human papillomavirus 6, 11, 16, 18, 31, 33, 45, 52 and 58 antigens (medicinal product)"/><designation><language value="de-CH"/><value value="Impfstoff gegen die humanen Papillomaviren 6, 11, 16, 18, 31, 33, 45, 52 und 58"/></designation><designation><language value="fr-CH"/><value value="vaccin contre le papillomavirus humain 6, 11, 16, 18, 31, 33, 45, 52 and 58"/></designation><designation><language value="it-CH"/><value value="vaccino contro i papillomavirus umani 6, 11, 16, 18, 31, 33, 45, 52 e 58"/></designation><designation><language value="rm-CH"/><value value="vaccin cunter ils papillomavirus umans 6, 11, 16, 18, 31, 33, 45, 52 e 58"/></designation><designation><language value="en-US"/><value value="Human papillomavirus 6, 11, 16, 18, 31, 33, 45, 52 and 58 vaccine"/></designation></concept><concept><code value="1981000221108"/><display value="Vaccine product containing only Neisseria meningitidis serogroup B antigen (medicinal product)"/><designation><language value="de-CH"/><value value="Meningokokken-B-Impfstoff"/></designation><designation><language value="fr-CH"/><value value="vaccin contre les méningocoques B"/></designation><designation><language value="it-CH"/><value value="vaccino contro la meningite B"/></designation><designation><language value="rm-CH"/><value value="vaccin cunter meningococcus B"/></designation><designation><language value="en-US"/><value value="Meningitis B vaccine"/></designation></concept><concept><code value="836389008"/><display value="Vaccine product containing Vaccinia virus antigen (medicinal product)"/><designation><language value="de-CH"/><value value="Pocken-Impfstoff"/></designation><designation><language value="fr-CH"/><value value="vaccin contre la variole"/></designation><designation><language value="it-CH"/><value value="vaccino antivaiolo"/></designation><designation><language value="rm-CH"/><value value="vaccin cunter la virola"/></designation><designation><language value="en-US"/><value value="Vaccinia virus antigen-containing vaccine product"/></designation></concept><concept><code value="1119220001"/><display value="Vaccine product containing only Streptococcus pneumoniae Danish serotype 1, 2, 3, 4, 5, 6B, 7F, 8, 9N, 9V, 10A, 11A, 12F, 14, 15B, 17F, 18C, 19A, 19F, 20, 22F, 23F, and 33F capsular polysaccharide antigens (medicinal product)"/><designation><language value="de-CH"/><value value="23-valenter Pneumokokken-Impfstoff"/></designation><designation><language value="fr-CH"/><value value="vaccin antipneumococcique 23-valent"/></designation><designation><language value="it-CH"/><value value="vaccino 23-valente contro gli pneumococchi"/></designation><designation><language value="rm-CH"/><value value="vaccin cunter pneumococcus fusiunà valenza 23"/></designation><designation><language value="en-US"/><value value="Pneumococcal 23-valent vaccine"/></designation></concept></include></compose></ValueSet>