<?xml version="1.0" encoding="UTF-8"?><ValueSet xmlns="http://hl7.org/fhir"><id value="ch-vacd-immunization-allergyintolerances-vs"/><meta><profile value="http://hl7.org/fhir/StructureDefinition/shareablevalueset"/></meta><text><status value="generated"/><div xmlns="http://www.w3.org/1999/xhtml"><p>This value set includes codes based on the following rules:</p><ul><li>Include these codes as defined in <a href="http://www.snomed.org/"><code>http://snomed.info/sct</code></a> version <code>http://snomed.info/sct/2011000195101</code><table class="none"><tr><td style="white-space:nowrap"><b>Code</b></td><td><b>Display</b></td></tr><tr><td><a href="http://snomed.info/id/716186003">716186003</a></td><td>No known allergy (situation)</td></tr></table></li><li>Include these codes as defined in <a href="http://www.snomed.org/"><code>http://snomed.info/sct</code></a> version <code>http://snomed.info/sct/2011000195101</code><table class="none"><tr><td style="white-space:nowrap"><b>Code</b></td><td><b>Display</b></td></tr><tr><td><a href="http://snomed.info/id/213020009">213020009</a></td><td>Allergy to egg protein (finding)</td></tr><tr><td><a href="http://snomed.info/id/24079001">24079001</a></td><td>Atopic dermatitis (disorder)</td></tr><tr><td><a href="http://snomed.info/id/416098002">416098002</a></td><td>Allergy to drug (finding)</td></tr></table></li><li>Include these codes as defined in <a href="http://www.snomed.org/"><code>http://snomed.info/sct</code></a> version <code>http://snomed.info/sct/2011000195101</code><table class="none"><tr><td style="white-space:nowrap"><b>Code</b></td><td><b>Display</b></td></tr><tr><td><a href="http://snomed.info/id/863903001">863903001</a></td><td>Allergy to component of vaccine product (finding)</td></tr><tr><td><a href="http://snomed.info/id/293104008">293104008</a></td><td>Adverse reaction to component of vaccine product (disorder)</td></tr><tr><td><a href="http://snomed.info/id/219082005">219082005</a></td><td>Adverse reaction to component of vaccine product containing Vibrio cholerae antigen (disorder)</td></tr><tr><td><a href="http://snomed.info/id/1142181004">1142181004</a></td><td>Adverse reaction to component of vaccine product containing only Severe acute respiratory syndrome coronavirus 2 messenger ribonucleic acid (disorder)</td></tr><tr><td><a href="http://snomed.info/id/1157106007">1157106007</a></td><td>Adverse reaction to component of vaccine product containing only recombinant non-replicating viral vector encoding Severe acute respiratory syndrome coronavirus 2 spike protein (disorder)</td></tr><tr><td><a href="http://snomed.info/id/1162639000">1162639000</a></td><td>Adverse reaction to component of vaccine product containing only acellular Bordetella pertussis, Clostridium tetani, Corynebacterium diphtheriae, Haemophilus influenzae type B, Hepatitis B virus and inactivated Human poliovirus antigens (disorder)</td></tr><tr><td><a href="http://snomed.info/id/293108006">293108006</a></td><td>Adverse reaction to component of vaccine product containing only Clostridium tetani and Corynebacterium diphtheriae antigens (disorder)</td></tr><tr><td><a href="http://snomed.info/id/293109003">293109003</a></td><td>Adverse reaction to component of vaccine product containing only Bordetella pertussis and Clostridium tetani and Corynebacterium diphtheriae antigens (disorder)</td></tr><tr><td><a href="http://snomed.info/id/293127000">293127000</a></td><td>Adverse reaction to component of vaccine product containing Haemophilus influenzae type B antigen (disorder)</td></tr><tr><td><a href="http://snomed.info/id/293126009">293126009</a></td><td>Adverse reaction to component of vaccine product containing Hepatitis A virus antigen (disorder)</td></tr><tr><td><a href="http://snomed.info/id/293110008">293110008</a></td><td>Adverse reaction to component of vaccine product containing Hepatitis B virus antigen (disorder)</td></tr><tr><td><a href="http://snomed.info/id/420113004">420113004</a></td><td>Adverse reaction to component of vaccine product containing Influenza virus antigen (disorder)</td></tr><tr><td><a href="http://snomed.info/id/293125008">293125008</a></td><td>Adverse reaction to component of vaccine product containing only Measles morbillivirus and Mumps orthorubulavirus and Rubella virus antigens (disorder)</td></tr><tr><td><a href="http://snomed.info/id/219096004">219096004</a></td><td>Adverse reaction to component of vaccine product containing Measles morbillivirus antigen (disorder)</td></tr><tr><td><a href="http://snomed.info/id/219088009">219088009</a></td><td>Adverse reaction to component of vaccine product containing Neisseria meningitidis antigen (disorder)</td></tr><tr><td><a href="http://snomed.info/id/293114004">293114004</a></td><td>Adverse reaction to component of vaccine product containing Mumps orthorubulavirus antigen (disorder)</td></tr><tr><td><a href="http://snomed.info/id/293116002">293116002</a></td><td>Adverse reaction to component of vaccine product containing Streptococcus pneumoniae antigen (disorder)</td></tr><tr><td><a href="http://snomed.info/id/293117006">293117006</a></td><td>Adverse reaction to component of vaccine product containing Human poliovirus antigen (disorder)</td></tr><tr><td><a href="http://snomed.info/id/293118001">293118001</a></td><td>Adverse reaction to component of vaccine product containing Rabies lyssavirus antigen (disorder)</td></tr><tr><td><a href="http://snomed.info/id/219084006">219084006</a></td><td>Adverse reaction to component of vaccine product containing Clostridium tetani antigen (disorder)</td></tr><tr><td><a href="http://snomed.info/id/219076007">219076007</a></td><td>Adverse reaction to component of vaccine product containing Bacillus Calmette-Guerin antigen (disorder)</td></tr><tr><td><a href="http://snomed.info/id/293122006">293122006</a></td><td>Adverse reaction to component of vaccine product containing Salmonella enterica subspecies enterica serovar Typhi antigen (disorder)</td></tr><tr><td><a href="http://snomed.info/id/219095000">219095000</a></td><td>Adverse reaction to component of vaccine product containing Yellow fever virus antigen (disorder)</td></tr><tr><td><a href="http://snomed.info/id/1162644007">1162644007</a></td><td>Adverse reaction to component of vaccine product containing only severe acute respiratory syndrome coronavirus 2 recombinant spike protein antigen (disorder)</td></tr><tr><td><a href="http://snomed.info/id/1217476001">1217476001</a></td><td>Anaphylaxis caused by component of vaccine product (disorder)</td></tr><tr><td><a href="http://snomed.info/id/293120003">293120003</a></td><td>Adverse reaction to component of vaccine product containing Vaccinia virus antigen (disorder)</td></tr></table></li><li>Include these codes as defined in <code>http://fhir.ch/ig/ch-vacd/cs/ch-vacd-allergyintolerance-cs</code><table class="none"><tr><td style="white-space:nowrap"><b>Code</b></td><td><b>Display</b></td></tr><tr><td>allergyvaccinevarizella</td><td>Adverse reaction to component of vaccine product containing varicella antigen</td></tr><tr><td>allergyvaccinehpv</td><td>Adverse reaction to component of vaccine product containing human papillomavirus antigen</td></tr><tr><td>allergyvaccineherpeszoster</td><td>Adverse reaction to component of vaccine product containing Herpes zoster</td></tr><tr><td>allergyvaccinefsme</td><td>Adverse reaction to component of vaccine product containing tick-borne encephalitis virus antigen</td></tr></table></li></ul><p><b>Additional Language Displays</b></p><table class="codes"><tr><td><b>Code</b></td><td><b>Deutsch (Schweiz) (German (Switzerland), de)</b></td><td><b>English (United States) (English (United States), en)</b></td><td><b>French (Switzerland) (fr)</b></td><td><b>Italian (Switzerland) (it)</b></td><td><b>rm</b></td></tr><tr><td>716186003</td><td>Keine Allergie bekannt</td><td>No known allergy</td><td>pas d'allergie connue</td><td>nessuna allergia nota</td><td>nagina allergia enconuschenta</td></tr><tr><td>213020009</td><td>Allergie gegen Hühnereiweiss</td><td>Allergy to egg protein</td><td>allergie aux protéines de l'œuf</td><td>allergia alle proteine dell'uovo</td><td>allergia cunter alv d'ov da giaglina</td></tr><tr><td>24079001</td><td>Atopische Dermatitis</td><td>Atopic dermatitis</td><td>dermite atopique</td><td>dermatite atopica</td><td>dermatitis atopica</td></tr><tr><td>416098002</td><td>Medikamenten-Allergie</td><td>Allergy to drug</td><td>allergie aux médicaments</td><td>allergia ai farmaci</td><td>allergia cunter medicaments</td></tr><tr><td>863903001</td><td>Allergie gegen Bestandteil eines Impfstoffs</td><td>Allergy to component of vaccine product</td><td>allergie à un composant du vaccin</td><td>allergia a un componente del vaccino</td><td>allergia cunter ina cumponenta d'in vaccin</td></tr><tr><td>293104008</td><td>Unerwünschte Wirkung eines Impfstoffs</td><td>Vaccine adverse reaction</td><td>effet indésirable à un vaccin</td><td>reazione avversa a un vaccino</td><td>effect nungiavischà d'in vaccin</td></tr><tr><td>219082005</td><td>Unerwünschte Wirkung eines Cholera-Impfstoffs</td><td>Cholera vaccine adverse reaction</td><td>effet indésirable d'un vaccin contre le choléra</td><td>reazione avversa al vaccino contro il colera</td><td>effect nungiavischà d'in vaccin cunter colera</td></tr><tr><td>1142181004</td><td>Unerwünschte Wirkung eines mRNA-Impfstoffs gegen COVID-19</td><td>COVID-19 mRNA vaccine adverse reaction</td><td>effet indésirable d'un vaccin à ARNm contre la COVID-19</td><td>reazione avversa al vaccino a mRNA anti-COVID-19</td><td>effect nungiavischà d'in vaccin cunter COVID-19 mRNA</td></tr><tr><td>1157106007</td><td>Unerwünschte Wirkung eines nicht replizierenden viralen Vektorimpfstoffs gegen COVID-19</td><td>COVID-19 non-replicating viral vector vaccine adverse reaction</td><td>effet indésirable d'un vaccin à vecteur viral recombinant non réplicatif contre le COVID-19</td><td>reazione avversa al vaccino a vettore virale non replicante anti-COVID-19</td><td>effect nungiavischà d'in vaccin vectorial viral betg replitgant cunter COVID-19</td></tr><tr><td>1162639000</td><td>Unerwünschte Wirkung eines Diphtherie-, Pertussis (azellulär)-, Haemophilus influenzae B-, Hepatitis B- und Poliomyelitis sowie Tetanus (inaktiviert)-Impfstoffs</td><td>Diphtheria and acellular pertussis and Haemophilus influenzae type B and hepatitis B and inactivated poliomyelitis and tetanus vaccine adverse reaction</td><td>effet indésirable d'un vaccin contre la diphtérie, la coqueluche (acellulaire), Haemophilus influenzae de type B, l'hépatite B, la poliomyélite (inactivé) et le tétanos</td><td>reazione avversa al vaccino contro la difterite, il tetano, la pertosse (acellulare), la poliomielite (inattivato), l’Haemophilus influenzae di tipo B e l’epatite B</td><td>effect nungiavischà d'in vaccin (inactivà) cunter difteria, la tuss chanina (acellulara), hemofilus influenza B, hepatitis B e poliomielitis sco er tetanus</td></tr><tr><td>293108006</td><td>Unerwünschte Wirkung eines Diphtherie- und Tetanus-Impfstoffs</td><td>Diphtheria and tetanus vaccine adverse reaction</td><td>effet indésirable du vaccin contre la diphtérie et le tétanos</td><td>reazione avversa al vaccino contro la difterite e il tetano</td><td>effect nungiavischà d'in vaccin cunter difteria e tetanus</td></tr><tr><td>293109003</td><td>Unerwünschte Wirkung eines Diphtherie-, Pertussis und Tetanus-Impfstoffs</td><td>Diphtheria, pertussis, and tetanus vaccine adverse reaction</td><td>effet indésirable du vaccin contre la diphtérie, le tétanos et la coqueluche</td><td>reazione avversa al vaccino contro la difterite, il tetano e la pertosse</td><td>effect nungiavischà d'in vaccin cunter difteria, la tuss chanina e tetanus</td></tr><tr><td>293127000</td><td>Unerwünschte Wirkung eines Haemophilus influenzae B-Impfstoffs</td><td>Haemophilus influenzae Type B vaccine adverse reaction</td><td>effet indésirable du vaccin contre Haemophilus influenzae de type B</td><td>reazione avversa al vaccino contro l’Haemophilus influenzae di tipo B</td><td>effect nungiavischà d'in vaccin cunter hemofilus influenza B</td></tr><tr><td>293126009</td><td>Unerwünschte Wirkung eines Hepatitis A-Impfstoffs</td><td>Hepatitis A vaccine adverse reaction</td><td>effet indésirable du vaccin contre l'hépatite A</td><td>reazione avversa al vaccino contro l’epatite A</td><td>effect nungiavischà d'in vaccin cunter hepatitis A</td></tr><tr><td>293110008</td><td>Unerwünschte Wirkung eines Hepatitis B-Impfstoffs</td><td>Hepatitis B vaccine adverse reaction</td><td>effet indésirable du vaccin contre l'hépatite B</td><td>reazione avversa al vaccino contro l’epatite B</td><td>effect nungiavischà d'in vaccin cunter hepatitis B</td></tr><tr><td>420113004</td><td>Unerwünschte Wirkung eines Influenzavirus-Impfstoffs</td><td>Influenza virus vaccine adverse reaction</td><td>effet indésirable du vaccin contre l'influenza</td><td>reazione avversa al vaccino contro l’influenza</td><td>effect nungiavischà d'in vaccin cunter la grippa</td></tr><tr><td>293125008</td><td>Unerwünschte Wirkung eines Masern-, Mumps- und Röteln-Impfstoffs</td><td>Measles and mumps and rubella vaccine adverse reaction</td><td>effet indésirable du vaccin contre la rougeole, les oreillons et la rubéole</td><td>reazione avversa al vaccino contro il morbillo, la parotite e la rosolia</td><td>effect nungiavischà d'in vaccin cunter il virustgel, il glandun e la rubella</td></tr><tr><td>219096004</td><td>Unerwünschte Wirkung eines Masern-Impfstoffs</td><td>Measles vaccine adverse reaction</td><td>effet indésirable du vaccin antirougeoleux</td><td>reazione avversa al vaccino contro il morbillo</td><td>effect nungiavischà d'in vaccin cunter il virustgel</td></tr><tr><td>219088009</td><td>Unerwünschte Wirkung eines Meningokokken-Impfstoffs</td><td>Meningococcal vaccine adverse reaction</td><td>effet indésirable du vaccin contre les méningocoques</td><td>reazione avversa al vaccino contro i meningococchi</td><td>effect nungiavischà d'in vaccin cunter meningococcus</td></tr><tr><td>293114004</td><td>Unerwünschte Wirkung eines Mumps-Impfstoffs</td><td>Mumps vaccine adverse reaction</td><td>effet indésirable du vaccin contre les oreillons</td><td>reazione avversa al vaccino contro la parotite</td><td>effect nungiavischà d'in vaccin cunter il glandun</td></tr><tr><td>293116002</td><td>Unerwünschte Wirkung eines Pneumokokken-Impfstoffs</td><td>Pneumococcal vaccine adverse reaction</td><td>effet indésirable du vaccin contre les pneumocoques</td><td>reazione avversa al vaccino contro gli pneumococchi</td><td>effect nungiavischà d'in vaccin cunter pneumococcus</td></tr><tr><td>293117006</td><td>Unerwünschte Wirkung eines Poliomyelitis-Impfstoffs</td><td>Poliomyelitis vaccine adverse reaction</td><td>effet indésirable du vaccin contre la poliomyélite</td><td>reazione avversa al vaccino contro la poliomielite</td><td>effect nungiavischà d'in vaccin cunter poliomielitis</td></tr><tr><td>293118001</td><td>Unerwünschte Wirkung eines Tollwut-Impfstoffs</td><td>Rabies vaccine adverse reaction</td><td>effet indésirable du vaccin contre la rage</td><td>reazione avversa al vaccino contro la rabbia</td><td>effect nungiavischà d'in vaccin cunter la frenesia</td></tr><tr><td>219084006</td><td>Unerwünschte Wirkung eines Tetanus-Impfstoffs</td><td>Tetanus vaccine adverse reaction</td><td>effet indésirable du vaccin contre le tétanos</td><td>reazione avversa al vaccino contro il tetano</td><td>effect nungiavischà d'in vaccin cunter tetanus</td></tr><tr><td>219076007</td><td>Unerwünschte Wirkung eines Tuberkulose-Impfstoffs</td><td>Adverse reaction to component of vaccine product containing Bacillus Calmette-Guerin antigen (disorder)</td><td>effet indésirable du vaccin contre la tuberculose</td><td>reazione avversa al vaccino contro la tubercolosi</td><td>effect nungiavischà d'in vaccin cunter tuberculosa</td></tr><tr><td>293122006</td><td>Unerwünschte Wirkung eines Typhus-Impfstoffs</td><td>Typhoid vaccine adverse reaction</td><td>effet indésirable du vaccin contre la fièvre typhoïde</td><td>reazione avversa al vaccino contro la febbre tifoide</td><td>effect nungiavischà d'in vaccin cunter tifus</td></tr><tr><td>219095000</td><td>Unerwünschte Wirkung eines Gelbfieber-Impfstoffs</td><td>Yellow fever vaccine adverse reaction</td><td>effet indésirable du vaccin contre la fièvre jaune</td><td>reazione avversa al vaccino contro la febbre gialla</td><td>effect nungiavischà d'in vaccin cunter la fevra melna</td></tr><tr><td>1162644007</td><td>Unerwünschte Wirkung eines Covid-19-rekombinanten Spike-Protein-Antigen-Impfstoffs</td><td>COVID-19 recombinant spike protein antigen vaccine adverse reaction</td><td>effet indésirable du vaccin antigénique à protéine Spike recombinante contre le COVID-19</td><td>reazione avversa al vaccino anti-COVID-19 ricombinante con antigene della proteina spike</td><td>effect nungiavischà d'in vaccin cunter COVID-19 cun antigens dal protein spike recumbinant</td></tr><tr><td>1217476001</td><td>Anaphylaktische Reaktion auf einen Impfstoff</td><td>Anaphylaxis due to vaccine</td><td>réaction anaphylactique due au vaccin</td><td>anafilassi dovuta al vaccino</td><td>reacziun anafilactica sin in vaccin</td></tr><tr><td>293120003</td><td>Unerwünschte Wirkung eines Pocken-Impfstoffs</td><td>Smallpox vaccine adverse reactionerse reaction</td><td>effet indésirable d'un vaccin contre la variole</td><td>effetto indesiderato di un vaccino antivaiolo</td><td>effect nungiavischà d'in vaccin cunter la virola</td></tr><tr><td>allergyvaccinevarizella</td><td>Unerwünschte Wirkung eines Varizellen-Impfstoffs</td><td>Adverse reaction to component of vaccine product containing varicella antigen</td><td>Effet indésirable du vaccin contre la varicelle</td><td>Adverse reaction to component of vaccine product containing varicella antigen</td><td>Unerwünschte Wirkung eines Varizellen-Impfstoffs</td></tr><tr><td>allergyvaccinehpv</td><td>Unerwünschte Wirkung eines Humanen-Papillomaviren-Impfstoffs</td><td>Adverse reaction to component of vaccine product containing human papillomavirus antigen</td><td>Effet indésirable du vaccin contre le papillomavirus humain</td><td>Adverse reaction to component of vaccine product containing human papillomavirus antigen</td><td>Unerwünschte Wirkung eines Humanen-Papillomaviren-Impfstoffs</td></tr><tr><td>allergyvaccineherpeszoster</td><td>Unerwünschte Wirkung eines Herpes-Zoster-Impfstoffs</td><td>Adverse reaction to component of vaccine product containing Herpes zoster</td><td>Effet indésirable du vaccin contre le zona</td><td>Adverse reaction to component of vaccine product containing Herpes zoster</td><td>Unerwünschte Wirkung eines Herpes-Zoster-Impfstoffs</td></tr><tr><td>allergyvaccinefsme</td><td>Unerwünschte Wirkung eines FSME-Impfstoffs</td><td>Adverse reaction to component of vaccine product containing tick-borne encephalitis virus antigen</td><td>Effet indésirable du vaccin contre la FSME</td><td>Adverse reaction to component of vaccine product containing tick-borne encephalitis virus antigen</td><td>Unerwünschte Wirkung eines FSME-Impfstoffs</td></tr></table></div></text><extension url="http://hl7.org/fhir/StructureDefinition/resource-effectivePeriod"><valuePeriod><start value="2018-04-19T00:00:00+01:00"/></valuePeriod></extension><url value="http://fhir.ch/ig/ch-vacd/ValueSet/ch-vacd-immunization-allergyintolerances-vs"/><identifier><use value="official"/><system value="http://art-decor.org/ns/oids/vs"/><value value="2.16.756.5.30.1.1.11.76"/></identifier><version value="4.0.0-ballot"/><name value="AllergiesAndIntolerancesForImmunization"/><title value="Allergies and Intolerance values for Immunization"/><status value="draft"/><experimental value="false"/><date value="2023-06-29T17:22:50+02:00"/><publisher value="HL7 Switzerland"/><contact><name value="HL7 Switzerland"/><telecom><system value="url"/><value value="https://www.hl7.ch/"/></telecom></contact><description value="The allergies and adverse reactions which have an influence on the immunization recommendations."/><jurisdiction><coding><system value="urn:iso:std:iso:3166"/><code value="CHE"/></coding></jurisdiction><immutable value="false"/><copyright value="This artefact includes content from SNOMED Clinical Terms® (SNOMED CT®) which is copyright of the International Health Terminology Standards Development Organisation (IHTSDO). Implementers of these artefacts must have the appropriate SNOMED CT Affiliate license - for more information contact http://www.snomed.org/snomed-ct/getsnomed-ct or info@snomed.org."/><compose><include><system value="http://snomed.info/sct"/><version value="http://snomed.info/sct/2011000195101"/><concept><code value="716186003"/><display value="No known allergy (situation)"/><designation><language value="de-CH"/><value value="Keine Allergie bekannt"/></designation><designation><language value="fr-CH"/><value value="pas d'allergie connue"/></designation><designation><language value="it-CH"/><value value="nessuna allergia nota"/></designation><designation><language value="rm-CH"/><value value="nagina allergia enconuschenta"/></designation><designation><language value="en-US"/><value value="No known allergy"/></designation></concept></include><include><system value="http://snomed.info/sct"/><version value="http://snomed.info/sct/2011000195101"/><concept><code value="213020009"/><display value="Allergy to egg protein (finding)"/><designation><language value="de-CH"/><value value="Allergie gegen Hühnereiweiss"/></designation><designation><language value="fr-CH"/><value value="allergie aux protéines de l'œuf"/></designation><designation><language value="it-CH"/><value value="allergia alle proteine dell'uovo"/></designation><designation><language value="rm-CH"/><value value="allergia cunter alv d'ov da giaglina"/></designation><designation><language value="en-US"/><value value="Allergy to egg protein"/></designation></concept><concept><code value="24079001"/><display value="Atopic dermatitis (disorder)"/><designation><language value="de-CH"/><value value="Atopische Dermatitis"/></designation><designation><language value="fr-CH"/><value value="dermite atopique"/></designation><designation><language value="it-CH"/><value value="dermatite atopica"/></designation><designation><language value="rm-CH"/><value value="dermatitis atopica"/></designation><designation><language value="en-US"/><value value="Atopic dermatitis"/></designation></concept><concept><code value="416098002"/><display value="Allergy to drug (finding)"/><designation><language value="de-CH"/><value value="Medikamenten-Allergie"/></designation><designation><language value="fr-CH"/><value value="allergie aux médicaments"/></designation><designation><language value="it-CH"/><value value="allergia ai farmaci"/></designation><designation><language value="rm-CH"/><value value="allergia cunter medicaments"/></designation><designation><language value="en-US"/><value value="Allergy to drug"/></designation></concept></include><include><system value="http://snomed.info/sct"/><version value="http://snomed.info/sct/2011000195101"/><concept><code value="863903001"/><display value="Allergy to component of vaccine product (finding)"/><designation><language value="de-CH"/><value value="Allergie gegen Bestandteil eines Impfstoffs"/></designation><designation><language value="fr-CH"/><value value="allergie à un composant du vaccin"/></designation><designation><language value="it-CH"/><value value="allergia a un componente del vaccino"/></designation><designation><language value="rm-CH"/><value value="allergia cunter ina cumponenta d'in vaccin"/></designation><designation><language value="en-US"/><value value="Allergy to component of vaccine product"/></designation></concept><concept><code value="293104008"/><display value="Adverse reaction to component of vaccine product (disorder)"/><designation><language value="de-CH"/><value value="Unerwünschte Wirkung eines Impfstoffs"/></designation><designation><language value="fr-CH"/><value value="effet indésirable à un vaccin"/></designation><designation><language value="it-CH"/><value value="reazione avversa a un vaccino"/></designation><designation><language value="rm-CH"/><value value="effect nungiavischà d'in vaccin"/></designation><designation><language value="en-US"/><value value="Vaccine adverse reaction"/></designation></concept><concept><code value="219082005"/><display value="Adverse reaction to component of vaccine product containing Vibrio cholerae antigen (disorder)"/><designation><language value="de-CH"/><value value="Unerwünschte Wirkung eines Cholera-Impfstoffs"/></designation><designation><language value="fr-CH"/><value value="effet indésirable d'un vaccin contre le choléra"/></designation><designation><language value="it-CH"/><value value="reazione avversa al vaccino contro il colera"/></designation><designation><language value="rm-CH"/><value value="effect nungiavischà d'in vaccin cunter colera"/></designation><designation><language value="en-US"/><value value="Cholera vaccine adverse reaction"/></designation></concept><concept><code value="1142181004"/><display value="Adverse reaction to component of vaccine product containing only Severe acute respiratory syndrome coronavirus 2 messenger ribonucleic acid (disorder)"/><designation><language value="de-CH"/><value value="Unerwünschte Wirkung eines mRNA-Impfstoffs gegen COVID-19"/></designation><designation><language value="fr-CH"/><value value="effet indésirable d'un vaccin à ARNm contre la COVID-19"/></designation><designation><language value="it-CH"/><value value="reazione avversa al vaccino a mRNA anti-COVID-19"/></designation><designation><language value="rm-CH"/><value value="effect nungiavischà d'in vaccin cunter COVID-19 mRNA"/></designation><designation><language value="en-US"/><value value="COVID-19 mRNA vaccine adverse reaction"/></designation></concept><concept><code value="1157106007"/><display value="Adverse reaction to component of vaccine product containing only recombinant non-replicating viral vector encoding Severe acute respiratory syndrome coronavirus 2 spike protein (disorder)"/><designation><language value="de-CH"/><value value="Unerwünschte Wirkung eines nicht replizierenden viralen Vektorimpfstoffs gegen COVID-19"/></designation><designation><language value="fr-CH"/><value value="effet indésirable d'un vaccin à vecteur viral recombinant non réplicatif contre le COVID-19"/></designation><designation><language value="it-CH"/><value value="reazione avversa al vaccino a vettore virale non replicante anti-COVID-19"/></designation><designation><language value="rm-CH"/><value value="effect nungiavischà d'in vaccin vectorial viral betg replitgant cunter COVID-19"/></designation><designation><language value="en-US"/><value value="COVID-19 non-replicating viral vector vaccine adverse reaction"/></designation></concept><concept><code value="1162639000"/><display value="Adverse reaction to component of vaccine product containing only acellular Bordetella pertussis, Clostridium tetani, Corynebacterium diphtheriae, Haemophilus influenzae type B, Hepatitis B virus and inactivated Human poliovirus antigens (disorder)"/><designation><language value="de-CH"/><value value="Unerwünschte Wirkung eines Diphtherie-, Pertussis (azellulär)-, Haemophilus influenzae B-, Hepatitis B- und Poliomyelitis sowie Tetanus (inaktiviert)-Impfstoffs"/></designation><designation><language value="fr-CH"/><value value="effet indésirable d'un vaccin contre la diphtérie, la coqueluche (acellulaire), Haemophilus influenzae de type B, l'hépatite B, la poliomyélite (inactivé) et le tétanos"/></designation><designation><language value="it-CH"/><value value="reazione avversa al vaccino contro la difterite, il tetano, la pertosse (acellulare), la poliomielite (inattivato), l’Haemophilus influenzae di tipo B e l’epatite B"/></designation><designation><language value="rm-CH"/><value value="effect nungiavischà d'in vaccin (inactivà) cunter difteria, la tuss chanina (acellulara), hemofilus influenza B, hepatitis B e poliomielitis sco er tetanus"/></designation><designation><language value="en-US"/><value value="Diphtheria and acellular pertussis and Haemophilus influenzae type B and hepatitis B and inactivated poliomyelitis and tetanus vaccine adverse reaction"/></designation></concept><concept><code value="293108006"/><display value="Adverse reaction to component of vaccine product containing only Clostridium tetani and Corynebacterium diphtheriae antigens (disorder)"/><designation><language value="de-CH"/><value value="Unerwünschte Wirkung eines Diphtherie- und Tetanus-Impfstoffs"/></designation><designation><language value="fr-CH"/><value value="effet indésirable du vaccin contre la diphtérie et le tétanos"/></designation><designation><language value="it-CH"/><value value="reazione avversa al vaccino contro la difterite e il tetano"/></designation><designation><language value="rm-CH"/><value value="effect nungiavischà d'in vaccin cunter difteria e tetanus"/></designation><designation><language value="en-US"/><value value="Diphtheria and tetanus vaccine adverse reaction"/></designation></concept><concept><code value="293109003"/><display value="Adverse reaction to component of vaccine product containing only Bordetella pertussis and Clostridium tetani and Corynebacterium diphtheriae antigens (disorder)"/><designation><language value="de-CH"/><value value="Unerwünschte Wirkung eines Diphtherie-, Pertussis und Tetanus-Impfstoffs"/></designation><designation><language value="fr-CH"/><value value="effet indésirable du vaccin contre la diphtérie, le tétanos et la coqueluche"/></designation><designation><language value="it-CH"/><value value="reazione avversa al vaccino contro la difterite, il tetano e la pertosse"/></designation><designation><language value="rm-CH"/><value value="effect nungiavischà d'in vaccin cunter difteria, la tuss chanina e tetanus"/></designation><designation><language value="en-US"/><value value="Diphtheria, pertussis, and tetanus vaccine adverse reaction"/></designation></concept><concept><code value="293127000"/><display value="Adverse reaction to component of vaccine product containing Haemophilus influenzae type B antigen (disorder)"/><designation><language value="de-CH"/><value value="Unerwünschte Wirkung eines Haemophilus influenzae B-Impfstoffs"/></designation><designation><language value="fr-CH"/><value value="effet indésirable du vaccin contre Haemophilus influenzae de type B"/></designation><designation><language value="it-CH"/><value value="reazione avversa al vaccino contro l’Haemophilus influenzae di tipo B"/></designation><designation><language value="rm-CH"/><value value="effect nungiavischà d'in vaccin cunter hemofilus influenza B"/></designation><designation><language value="en-US"/><value value="Haemophilus influenzae Type B vaccine adverse reaction"/></designation></concept><concept><code value="293126009"/><display value="Adverse reaction to component of vaccine product containing Hepatitis A virus antigen (disorder)"/><designation><language value="de-CH"/><value value="Unerwünschte Wirkung eines Hepatitis A-Impfstoffs"/></designation><designation><language value="fr-CH"/><value value="effet indésirable du vaccin contre l'hépatite A"/></designation><designation><language value="it-CH"/><value value="reazione avversa al vaccino contro l’epatite A"/></designation><designation><language value="rm-CH"/><value value="effect nungiavischà d'in vaccin cunter hepatitis A"/></designation><designation><language value="en-US"/><value value="Hepatitis A vaccine adverse reaction"/></designation></concept><concept><code value="293110008"/><display value="Adverse reaction to component of vaccine product containing Hepatitis B virus antigen (disorder)"/><designation><language value="de-CH"/><value value="Unerwünschte Wirkung eines Hepatitis B-Impfstoffs"/></designation><designation><language value="fr-CH"/><value value="effet indésirable du vaccin contre l'hépatite B"/></designation><designation><language value="it-CH"/><value value="reazione avversa al vaccino contro l’epatite B"/></designation><designation><language value="rm-CH"/><value value="effect nungiavischà d'in vaccin cunter hepatitis B"/></designation><designation><language value="en-US"/><value value="Hepatitis B vaccine adverse reaction"/></designation></concept><concept><code value="420113004"/><display value="Adverse reaction to component of vaccine product containing Influenza virus antigen (disorder)"/><designation><language value="de-CH"/><value value="Unerwünschte Wirkung eines Influenzavirus-Impfstoffs"/></designation><designation><language value="fr-CH"/><value value="effet indésirable du vaccin contre l'influenza"/></designation><designation><language value="it-CH"/><value value="reazione avversa al vaccino contro l’influenza"/></designation><designation><language value="rm-CH"/><value value="effect nungiavischà d'in vaccin cunter la grippa"/></designation><designation><language value="en-US"/><value value="Influenza virus vaccine adverse reaction"/></designation></concept><concept><code value="293125008"/><display value="Adverse reaction to component of vaccine product containing only Measles morbillivirus and Mumps orthorubulavirus and Rubella virus antigens (disorder)"/><designation><language value="de-CH"/><value value="Unerwünschte Wirkung eines Masern-, Mumps- und Röteln-Impfstoffs"/></designation><designation><language value="fr-CH"/><value value="effet indésirable du vaccin contre la rougeole, les oreillons et la rubéole"/></designation><designation><language value="it-CH"/><value value="reazione avversa al vaccino contro il morbillo, la parotite e la rosolia"/></designation><designation><language value="rm-CH"/><value value="effect nungiavischà d'in vaccin cunter il virustgel, il glandun e la rubella"/></designation><designation><language value="en-US"/><value value="Measles and mumps and rubella vaccine adverse reaction"/></designation></concept><concept><code value="219096004"/><display value="Adverse reaction to component of vaccine product containing Measles morbillivirus antigen (disorder)"/><designation><language value="de-CH"/><value value="Unerwünschte Wirkung eines Masern-Impfstoffs"/></designation><designation><language value="fr-CH"/><value value="effet indésirable du vaccin antirougeoleux"/></designation><designation><language value="it-CH"/><value value="reazione avversa al vaccino contro il morbillo"/></designation><designation><language value="rm-CH"/><value value="effect nungiavischà d'in vaccin cunter il virustgel"/></designation><designation><language value="en-US"/><value value="Measles vaccine adverse reaction"/></designation></concept><concept><code value="219088009"/><display value="Adverse reaction to component of vaccine product containing Neisseria meningitidis antigen (disorder)"/><designation><language value="de-CH"/><value value="Unerwünschte Wirkung eines Meningokokken-Impfstoffs"/></designation><designation><language value="fr-CH"/><value value="effet indésirable du vaccin contre les méningocoques"/></designation><designation><language value="it-CH"/><value value="reazione avversa al vaccino contro i meningococchi"/></designation><designation><language value="rm-CH"/><value value="effect nungiavischà d'in vaccin cunter meningococcus"/></designation><designation><language value="en-US"/><value value="Meningococcal vaccine adverse reaction"/></designation></concept><concept><code value="293114004"/><display value="Adverse reaction to component of vaccine product containing Mumps orthorubulavirus antigen (disorder)"/><designation><language value="de-CH"/><value value="Unerwünschte Wirkung eines Mumps-Impfstoffs"/></designation><designation><language value="fr-CH"/><value value="effet indésirable du vaccin contre les oreillons"/></designation><designation><language value="it-CH"/><value value="reazione avversa al vaccino contro la parotite"/></designation><designation><language value="rm-CH"/><value value="effect nungiavischà d'in vaccin cunter il glandun"/></designation><designation><language value="en-US"/><value value="Mumps vaccine adverse reaction"/></designation></concept><concept><code value="293116002"/><display value="Adverse reaction to component of vaccine product containing Streptococcus pneumoniae antigen (disorder)"/><designation><language value="de-CH"/><value value="Unerwünschte Wirkung eines Pneumokokken-Impfstoffs"/></designation><designation><language value="fr-CH"/><value value="effet indésirable du vaccin contre les pneumocoques"/></designation><designation><language value="it-CH"/><value value="reazione avversa al vaccino contro gli pneumococchi"/></designation><designation><language value="rm-CH"/><value value="effect nungiavischà d'in vaccin cunter pneumococcus"/></designation><designation><language value="en-US"/><value value="Pneumococcal vaccine adverse reaction"/></designation></concept><concept><code value="293117006"/><display value="Adverse reaction to component of vaccine product containing Human poliovirus antigen (disorder)"/><designation><language value="de-CH"/><value value="Unerwünschte Wirkung eines Poliomyelitis-Impfstoffs"/></designation><designation><language value="fr-CH"/><value value="effet indésirable du vaccin contre la poliomyélite"/></designation><designation><language value="it-CH"/><value value="reazione avversa al vaccino contro la poliomielite"/></designation><designation><language value="rm-CH"/><value value="effect nungiavischà d'in vaccin cunter poliomielitis"/></designation><designation><language value="en-US"/><value value="Poliomyelitis vaccine adverse reaction"/></designation></concept><concept><code value="293118001"/><display value="Adverse reaction to component of vaccine product containing Rabies lyssavirus antigen (disorder)"/><designation><language value="de-CH"/><value value="Unerwünschte Wirkung eines Tollwut-Impfstoffs"/></designation><designation><language value="fr-CH"/><value value="effet indésirable du vaccin contre la rage"/></designation><designation><language value="it-CH"/><value value="reazione avversa al vaccino contro la rabbia"/></designation><designation><language value="rm-CH"/><value value="effect nungiavischà d'in vaccin cunter la frenesia"/></designation><designation><language value="en-US"/><value value="Rabies vaccine adverse reaction"/></designation></concept><concept><code value="219084006"/><display value="Adverse reaction to component of vaccine product containing Clostridium tetani antigen (disorder)"/><designation><language value="de-CH"/><value value="Unerwünschte Wirkung eines Tetanus-Impfstoffs"/></designation><designation><language value="fr-CH"/><value value="effet indésirable du vaccin contre le tétanos"/></designation><designation><language value="it-CH"/><value value="reazione avversa al vaccino contro il tetano"/></designation><designation><language value="rm-CH"/><value value="effect nungiavischà d'in vaccin cunter tetanus"/></designation><designation><language value="en-US"/><value value="Tetanus vaccine adverse reaction"/></designation></concept><concept><code value="219076007"/><display value="Adverse reaction to component of vaccine product containing Bacillus Calmette-Guerin antigen (disorder)"/><designation><language value="de-CH"/><value value="Unerwünschte Wirkung eines Tuberkulose-Impfstoffs"/></designation><designation><language value="fr-CH"/><value value="effet indésirable du vaccin contre la tuberculose"/></designation><designation><language value="it-CH"/><value value="reazione avversa al vaccino contro la tubercolosi"/></designation><designation><language value="rm-CH"/><value value="effect nungiavischà d'in vaccin cunter tuberculosa"/></designation><designation><language value="en-US"/><value value="Adverse reaction to component of vaccine product containing Bacillus Calmette-Guerin antigen (disorder)"/></designation></concept><concept><code value="293122006"/><display value="Adverse reaction to component of vaccine product containing Salmonella enterica subspecies enterica serovar Typhi antigen (disorder)"/><designation><language value="de-CH"/><value value="Unerwünschte Wirkung eines Typhus-Impfstoffs"/></designation><designation><language value="fr-CH"/><value value="effet indésirable du vaccin contre la fièvre typhoïde"/></designation><designation><language value="it-CH"/><value value="reazione avversa al vaccino contro la febbre tifoide"/></designation><designation><language value="rm-CH"/><value value="effect nungiavischà d'in vaccin cunter tifus"/></designation><designation><language value="en-US"/><value value="Typhoid vaccine adverse reaction"/></designation></concept><concept><code value="219095000"/><display value="Adverse reaction to component of vaccine product containing Yellow fever virus antigen (disorder)"/><designation><language value="de-CH"/><value value="Unerwünschte Wirkung eines Gelbfieber-Impfstoffs"/></designation><designation><language value="fr-CH"/><value value="effet indésirable du vaccin contre la fièvre jaune"/></designation><designation><language value="it-CH"/><value value="reazione avversa al vaccino contro la febbre gialla"/></designation><designation><language value="rm-CH"/><value value="effect nungiavischà d'in vaccin cunter la fevra melna"/></designation><designation><language value="en-US"/><value value="Yellow fever vaccine adverse reaction"/></designation></concept><concept><code value="1162644007"/><display value="Adverse reaction to component of vaccine product containing only severe acute respiratory syndrome coronavirus 2 recombinant spike protein antigen (disorder)"/><designation><language value="de-CH"/><value value="Unerwünschte Wirkung eines Covid-19-rekombinanten Spike-Protein-Antigen-Impfstoffs"/></designation><designation><language value="fr-CH"/><value value="effet indésirable du vaccin antigénique à protéine Spike recombinante contre le COVID-19"/></designation><designation><language value="it-CH"/><value value="reazione avversa al vaccino anti-COVID-19 ricombinante con antigene della proteina spike"/></designation><designation><language value="rm-CH"/><value value="effect nungiavischà d'in vaccin cunter COVID-19 cun antigens dal protein spike recumbinant"/></designation><designation><language value="en-US"/><value value="COVID-19 recombinant spike protein antigen vaccine adverse reaction"/></designation></concept><concept><code value="1217476001"/><display value="Anaphylaxis caused by component of vaccine product (disorder)"/><designation><language value="de-CH"/><value value="Anaphylaktische Reaktion auf einen Impfstoff"/></designation><designation><language value="fr-CH"/><value value="réaction anaphylactique due au vaccin"/></designation><designation><language value="it-CH"/><value value="anafilassi dovuta al vaccino"/></designation><designation><language value="rm-CH"/><value value="reacziun anafilactica sin in vaccin"/></designation><designation><language value="en-US"/><value value="Anaphylaxis due to vaccine"/></designation></concept><concept><code value="293120003"/><display value="Adverse reaction to component of vaccine product containing Vaccinia virus antigen (disorder)"/><designation><language value="de-CH"/><value value="Unerwünschte Wirkung eines Pocken-Impfstoffs"/></designation><designation><language value="fr-CH"/><value value="effet indésirable d'un vaccin contre la variole"/></designation><designation><language value="it-CH"/><value value="effetto indesiderato di un vaccino antivaiolo"/></designation><designation><language value="rm-CH"/><value value="effect nungiavischà d'in vaccin cunter la virola"/></designation><designation><language value="en-US"/><value value="Smallpox vaccine adverse reactionerse reaction"/></designation></concept></include><include><system value="http://fhir.ch/ig/ch-vacd/cs/ch-vacd-allergyintolerance-cs"/><concept><code value="allergyvaccinevarizella"/><display value="Adverse reaction to component of vaccine product containing varicella antigen"/><designation><language value="de-CH"/><value value="Unerwünschte Wirkung eines Varizellen-Impfstoffs"/></designation><designation><language value="fr-CH"/><value value="Effet indésirable du vaccin contre la varicelle"/></designation><designation><language value="it-CH"/><value value="Adverse reaction to component of vaccine product containing varicella antigen"/></designation><designation><language value="rm-CH"/><value value="Unerwünschte Wirkung eines Varizellen-Impfstoffs"/></designation><designation><language value="en-US"/><value value="Adverse reaction to component of vaccine product containing varicella antigen"/></designation></concept><concept><code value="allergyvaccinehpv"/><display value="Adverse reaction to component of vaccine product containing human papillomavirus antigen"/><designation><language value="de-CH"/><value value="Unerwünschte Wirkung eines Humanen-Papillomaviren-Impfstoffs"/></designation><designation><language value="fr-CH"/><value value="Effet indésirable du vaccin contre le papillomavirus humain"/></designation><designation><language value="it-CH"/><value value="Adverse reaction to component of vaccine product containing human papillomavirus antigen"/></designation><designation><language value="rm-CH"/><value value="Unerwünschte Wirkung eines Humanen-Papillomaviren-Impfstoffs"/></designation><designation><language value="en-US"/><value value="Adverse reaction to component of vaccine product containing human papillomavirus antigen"/></designation></concept><concept><code value="allergyvaccineherpeszoster"/><display value="Adverse reaction to component of vaccine product containing Herpes zoster"/><designation><language value="de-CH"/><value value="Unerwünschte Wirkung eines Herpes-Zoster-Impfstoffs"/></designation><designation><language value="fr-CH"/><value value="Effet indésirable du vaccin contre le zona"/></designation><designation><language value="it-CH"/><value value="Adverse reaction to component of vaccine product containing Herpes zoster"/></designation><designation><language value="rm-CH"/><value value="Unerwünschte Wirkung eines Herpes-Zoster-Impfstoffs"/></designation><designation><language value="en-US"/><value value="Adverse reaction to component of vaccine product containing Herpes zoster"/></designation></concept><concept><code value="allergyvaccinefsme"/><display value="Adverse reaction to component of vaccine product containing tick-borne encephalitis virus antigen"/><designation><language value="de-CH"/><value value="Unerwünschte Wirkung eines FSME-Impfstoffs"/></designation><designation><language value="fr-CH"/><value value="Effet indésirable du vaccin contre la FSME"/></designation><designation><language value="it-CH"/><value value="Adverse reaction to component of vaccine product containing tick-borne encephalitis virus antigen"/></designation><designation><language value="rm-CH"/><value value="Unerwünschte Wirkung eines FSME-Impfstoffs"/></designation><designation><language value="en-US"/><value value="Adverse reaction to component of vaccine product containing tick-borne encephalitis virus antigen"/></designation></concept></include></compose></ValueSet>