<?xml version="1.0" encoding="UTF-8"?><ValueSet xmlns="http://hl7.org/fhir"><id value="ch-vacd-risks-social-vs"/><meta><profile value="http://hl7.org/fhir/StructureDefinition/shareablevalueset"/></meta><text><status value="generated"/><div xmlns="http://www.w3.org/1999/xhtml"><p>This value set includes codes based on the following rules:</p><ul><li>Include these codes as defined in <a href="http://www.snomed.org/"><code>http://snomed.info/sct</code></a><table class="none"><tr><td style="white-space:nowrap"><b>Code</b></td><td><b>Display</b></td></tr><tr><td><a href="http://snomed.info/id/373068000">373068000</a></td><td>Undetermined (qualifier value)</td></tr><tr><td><a href="http://snomed.info/id/105568001">105568001</a></td><td>In prison (finding)</td></tr><tr><td><a href="http://snomed.info/id/169449001">169449001</a></td><td>Trying to conceive (finding)</td></tr><tr><td><a href="http://snomed.info/id/224224003">224224003</a></td><td>Lives in staffed home (finding)</td></tr><tr><td><a href="http://snomed.info/id/1237572006">1237572006</a></td><td>Lives in home for intellectually disabled people (finding)</td></tr><tr><td><a href="http://snomed.info/id/1255626009">1255626009</a></td><td>Has contact with injecting drug user (situation)</td></tr></table></li><li>Include these codes as defined in <a href="http://www.snomed.org/"><code>http://snomed.info/sct</code></a> version <code>http://snomed.info/sct/2011000195101</code><table class="none"><tr><td style="white-space:nowrap"><b>Code</b></td><td><b>Display</b></td></tr><tr><td><a href="http://snomed.info/id/72281000195108">72281000195108</a></td><td>Contact with human alphaherpesvirus 3 risk patient (finding)</td></tr><tr><td><a href="http://snomed.info/id/72291000195105">72291000195105</a></td><td>Residence or stay in Switzerland except Geneva and Ticino (finding)</td></tr></table></li></ul><p><b>Additional Language Displays</b></p><table class="codes"><tr><td><b>Code</b></td><td><b>Deutsch (Schweiz) (German (Switzerland), de)</b></td><td><b>English (United States) (English (United States), en)</b></td><td><b>French (Switzerland) (fr)</b></td><td><b>Italian (Switzerland) (it)</b></td><td><b>rm</b></td></tr><tr><td>373068000</td><td>Nicht bekannt</td><td>Undetermined (qualifier value)</td><td>Indéterminé</td><td>Indeterminato</td><td>Nunenconuschent</td></tr><tr><td>105568001</td><td>Im Gefängnis</td><td>In prison (finding)</td><td>en prison</td><td>in prigione</td><td>en praschun</td></tr><tr><td>169449001</td><td>Versuch, schwanger zu werden</td><td>Trying to conceive (finding)</td><td>tentative de tomber enceinte</td><td>tentativo di gravidanza</td><td>emprova da vegnir en speranza</td></tr><tr><td>224224003</td><td>Bewohner / Bewohnerinn von Gemeinschaftseinrichtungen</td><td>Lives in staffed home (finding)</td><td>pensionnaire d'une institution communautaire</td><td>persona residente in una struttura collettiva</td><td>abitanta u abitant d'instituziuns communablas</td></tr><tr><td>1237572006</td><td>Lebt in Heim für geistig behinderte Menschen</td><td>Lives in home for intellectually disabled people (finding)</td><td>vit dans un foyer pour personnes vivant avec un handicap mental</td><td>vive in una struttura per disabili mentali</td><td>viva en ina chasa per persunas cun impediments spiertals</td></tr><tr><td>1255626009</td><td>Kontakt zu Drogenkonsumenten</td><td>Has contact with injecting drug user (situation)</td><td>contact avec des consommateurs de drogue</td><td>contatto con consumatori di stupefacenti</td><td>contact cun consuments da drogas</td></tr><tr><td>72281000195108</td><td>Kontakt zu Varizella-Zoster-Risikopatienten</td><td>Contact with human alphaherpesvirus 3 risk patient (finding)</td><td>contact avec des patients à risque de varicelle-zona</td><td>contatto con un paziente a rischio di varicella-zoster</td><td>contact cun pazients periclitads da la virola selvadia</td></tr><tr><td>72291000195105</td><td>Wohnort oder Aufenthalt in Schweiz ausser Genf und Tessin</td><td>Residence or stay in Switzerland except Geneva and Ticino (finding)</td><td>domicile ou séjour en Suisse hors Genève et Tessin</td><td>domicilio o soggiorno in Svizzera, esclusi Ginevra e Ticino</td><td>lieu da domicil u da dimora en Svizra senza Genevra e Tessin</td></tr></table></div></text><extension url="http://hl7.org/fhir/StructureDefinition/resource-effectivePeriod"><valuePeriod><start value="2021-01-24T00:00:00+01:00"/></valuePeriod></extension><url value="http://fhir.ch/ig/ch-vacd/ValueSet/ch-vacd-risks-social-vs"/><identifier><use value="official"/><system value="http://e-health-suisse.ch/ns/vs"/><value value="ch-vacd-risks-social-vs"/></identifier><version value="4.0.1"/><name value="SwissSocialRisksForImmunizations"/><title value="Swiss Social Risks For Immunizations"/><status value="active"/><experimental value="false"/><date value="2023-12-28T11:15:40+01:00"/><publisher value="HL7 Switzerland"/><contact><name value="HL7 Switzerland"/><telecom><system value="url"/><value value="https://www.hl7.ch/"/></telecom></contact><description value="The social exposition risks used in Switzerland."/><jurisdiction><coding><system value="urn:iso:std:iso:3166"/><code value="CHE"/></coding></jurisdiction><copyright value="CC0-1.0"/><compose><include><system value="http://snomed.info/sct"/><concept><code value="373068000"/><display value="Undetermined (qualifier value)"/><designation><language value="de-CH"/><value value="Nicht bekannt"/></designation><designation><language value="fr-CH"/><value value="Indéterminé"/></designation><designation><language value="it-CH"/><value value="Indeterminato"/></designation><designation><language value="rm-CH"/><value value="Nunenconuschent"/></designation><designation><language value="en-US"/><value value="Undetermined (qualifier value)"/></designation></concept><concept><code value="105568001"/><display value="In prison (finding)"/><designation><language value="de-CH"/><value value="Im Gefängnis"/></designation><designation><language value="fr-CH"/><value value="en prison"/></designation><designation><language value="it-CH"/><value value="in prigione"/></designation><designation><language value="rm-CH"/><value value="en praschun"/></designation><designation><language value="en-US"/><value value="In prison (finding)"/></designation></concept><concept><code value="169449001"/><display value="Trying to conceive (finding)"/><designation><language value="de-CH"/><value value="Versuch, schwanger zu werden"/></designation><designation><language value="fr-CH"/><value value="tentative de tomber enceinte"/></designation><designation><language value="it-CH"/><value value="tentativo di gravidanza"/></designation><designation><language value="rm-CH"/><value value="emprova da vegnir en speranza"/></designation><designation><language value="en-US"/><value value="Trying to conceive (finding)"/></designation></concept><concept><code value="224224003"/><display value="Lives in staffed home (finding)"/><designation><language value="de-CH"/><value value="Bewohner / Bewohnerinn von Gemeinschaftseinrichtungen"/></designation><designation><language value="fr-CH"/><value value="pensionnaire d'une institution communautaire"/></designation><designation><language value="it-CH"/><value value="persona residente in una struttura collettiva"/></designation><designation><language value="rm-CH"/><value value="abitanta u abitant d'instituziuns communablas"/></designation><designation><language value="en-US"/><value value="Lives in staffed home (finding)"/></designation></concept><concept><code value="1237572006"/><display value="Lives in home for intellectually disabled people (finding)"/><designation><language value="de-CH"/><value value="Lebt in Heim für geistig behinderte Menschen"/></designation><designation><language value="fr-CH"/><value value="vit dans un foyer pour personnes vivant avec un handicap mental"/></designation><designation><language value="it-CH"/><value value="vive in una struttura per disabili mentali"/></designation><designation><language value="rm-CH"/><value value="viva en ina chasa per persunas cun impediments spiertals"/></designation><designation><language value="en-US"/><value value="Lives in home for intellectually disabled people (finding)"/></designation></concept><concept><code value="1255626009"/><display value="Has contact with injecting drug user (situation)"/><designation><language value="de-CH"/><value value="Kontakt zu Drogenkonsumenten"/></designation><designation><language value="fr-CH"/><value value="contact avec des consommateurs de drogue"/></designation><designation><language value="it-CH"/><value value="contatto con consumatori di stupefacenti"/></designation><designation><language value="rm-CH"/><value value="contact cun consuments da drogas"/></designation><designation><language value="en-US"/><value value="Has contact with injecting drug user (situation)"/></designation></concept></include><include><system value="http://snomed.info/sct"/><version value="http://snomed.info/sct/2011000195101"/><concept><code value="72281000195108"/><display value="Contact with human alphaherpesvirus 3 risk patient (finding)"/><designation><language value="de-CH"/><value value="Kontakt zu Varizella-Zoster-Risikopatienten"/></designation><designation><language value="fr-CH"/><value value="contact avec des patients à risque de varicelle-zona"/></designation><designation><language value="it-CH"/><value value="contatto con un paziente a rischio di varicella-zoster"/></designation><designation><language value="rm-CH"/><value value="contact cun pazients periclitads da la virola selvadia"/></designation><designation><language value="en-US"/><value value="Contact with human alphaherpesvirus 3 risk patient (finding)"/></designation></concept><concept><code value="72291000195105"/><display value="Residence or stay in Switzerland except Geneva and Ticino (finding)"/><designation><language value="de-CH"/><value value="Wohnort oder Aufenthalt in Schweiz ausser Genf und Tessin"/></designation><designation><language value="fr-CH"/><value value="domicile ou séjour en Suisse hors Genève et Tessin"/></designation><designation><language value="it-CH"/><value value="domicilio o soggiorno in Svizzera, esclusi Ginevra e Ticino"/></designation><designation><language value="rm-CH"/><value value="lieu da domicil u da dimora en Svizra senza Genevra e Tessin"/></designation><designation><language value="en-US"/><value value="Residence or stay in Switzerland except Geneva and Ticino (finding)"/></designation></concept></include></compose></ValueSet>