{
  "resourceType" : "Observation",
  "id" : "Result-CBC",
  "meta" : {
    "profile" : ["http://fhir.ch/ig/ch-lab-report/StructureDefinition/ch-lab-observation-cbc"]
  },
  "text" : {
    "status" : "generated",
    "div" : "<div xmlns=\"http://www.w3.org/1999/xhtml\"><p class=\"res-header-id\"><b>Generated Narrative: Observation Result-CBC</b></p><a name=\"Result-CBC\"> </a><a name=\"hcResult-CBC\"> </a><div style=\"display: inline-block; background-color: #d9e0e7; padding: 6px; margin: 4px; border: 1px solid #8da1b4; border-radius: 5px; line-height: 60%\"><p style=\"margin-bottom: 0px\"/><p style=\"margin-bottom: 0px\">Profile: <a href=\"StructureDefinition-ch-lab-observation-cbc.html\">CH LAB-Report Observation Results CBC Panel - Blood by Automated count, Results in sliced component</a></p></div><p><b>status</b>: Final</p><p><b>category</b>: <span title=\"Codes:{http://terminology.hl7.org/CodeSystem/observation-category laboratory}\">Laboratory</span></p><p><b>code</b>: <span title=\"Codes:{http://loinc.org 58410-2}\">CBC panel - Blood by Automated count</span></p><p><b>subject</b>: <a href=\"Bundle-LabResultReport-4-sepsis.html#urn-uuid-14fbf29b-5dac-483e-b543-15031f12344b\">Katarina Keller</a></p><p><b>effective</b>: 2024-04-23 11:24:26+0100</p><p><b>performer</b>: <a href=\"Bundle-LabResultReport-1-tvt.html#urn-uuid-12328339-f7d6-4bb6-80e4-89fd03ce5052\">BeatBunsen</a></p><blockquote><p><b>component</b></p><p><b>code</b>: <span title=\"Codes:{http://loinc.org 6690-2}\">Leukocytes [#/volume] in Blood by Automated count</span></p><p><b>value</b>: 2.9 10*9/L<span style=\"background: LightGoldenRodYellow\"> (Details: UCUM  code10*9/L = '10*9/L')</span></p></blockquote><blockquote><p><b>component</b></p><p><b>code</b>: <span title=\"Codes:{http://loinc.org 789-8}\">Erythrocytes [#/volume] in Blood by Automated count</span></p><p><b>value</b>: 4.35 10*12/L<span style=\"background: LightGoldenRodYellow\"> (Details: UCUM  code10*12/L = '10*12/L')</span></p></blockquote><blockquote><p><b>component</b></p><p><b>code</b>: <span title=\"Codes:{http://loinc.org 718-7}\">Hemoglobin [Mass/volume] in Blood</span></p><p><b>value</b>: 107 g/L<span style=\"background: LightGoldenRodYellow\"> (Details: UCUM  codeg/dL = 'g/dL')</span></p></blockquote><blockquote><p><b>component</b></p><p><b>code</b>: <span title=\"Codes:{http://loinc.org 4544-3}\">Hematocrit [Volume Fraction] of Blood by Automated count</span></p><p><b>value</b>: 33 %<span style=\"background: LightGoldenRodYellow\"> (Details: UCUM  code% = '%')</span></p></blockquote><blockquote><p><b>component</b></p><p><b>code</b>: <span title=\"Codes:{http://loinc.org 787-2}\">MCV [Entitic mean volume] in Red Blood Cells by Automated count</span></p><p><b>value</b>: 75.9 fL<span style=\"background: LightGoldenRodYellow\"> (Details: UCUM  codefL = 'fL')</span></p></blockquote><blockquote><p><b>component</b></p><p><b>code</b>: <span title=\"Codes:{http://loinc.org 785-6}\">MCH [Entitic mass] by Automated count</span></p><p><b>value</b>: 24.6 pg<span style=\"background: LightGoldenRodYellow\"> (Details: UCUM  codepg = 'pg')</span></p></blockquote><blockquote><p><b>component</b></p><p><b>code</b>: <span title=\"Codes:{http://loinc.org 786-4}\">MCHC [Entitic Mass/volume] in Red Blood Cells by Automated count</span></p><p><b>value</b>: 324 g/L<span style=\"background: LightGoldenRodYellow\"> (Details: UCUM  codeg/dL = 'g/dL')</span></p></blockquote><blockquote><p><b>component</b></p><p><b>code</b>: <span title=\"Codes:{http://loinc.org 777-3}\">Platelets [#/volume] in Blood by Automated count</span></p><p><b>value</b>: 113 10*9/L<span style=\"background: LightGoldenRodYellow\"> (Details: UCUM  code10^9/L = '10^9/L')</span></p></blockquote></div>"
  },
  "status" : "final",
  "category" : [{
    "coding" : [{
      "system" : "http://terminology.hl7.org/CodeSystem/observation-category",
      "code" : "laboratory"
    }]
  }],
  "code" : {
    "coding" : [{
      "system" : "http://loinc.org",
      "code" : "58410-2"
    }]
  },
  "subject" : {
    "reference" : "urn:uuid:14fbf29b-5dac-483e-b543-15031f12344b",
    "display" : "Katarina Keller"
  },
  "effectiveDateTime" : "2024-04-23T11:24:26+01:00",
  "performer" : [{
    "reference" : "urn:uuid:12328339-f7d6-4bb6-80e4-89fd03ce5052",
    "display" : "BeatBunsen"
  }],
  "component" : [{
    "code" : {
      "coding" : [{
        "system" : "http://loinc.org",
        "code" : "6690-2"
      }]
    },
    "valueQuantity" : {
      "value" : 2.9,
      "unit" : "10*9/L",
      "system" : "http://unitsofmeasure.org",
      "code" : "10*9/L"
    }
  },
  {
    "code" : {
      "coding" : [{
        "system" : "http://loinc.org",
        "code" : "789-8"
      }]
    },
    "valueQuantity" : {
      "value" : 4.35,
      "unit" : "10*12/L",
      "system" : "http://unitsofmeasure.org",
      "code" : "10*12/L"
    }
  },
  {
    "code" : {
      "coding" : [{
        "system" : "http://loinc.org",
        "code" : "718-7"
      }]
    },
    "valueQuantity" : {
      "value" : 107,
      "unit" : "g/L",
      "system" : "http://unitsofmeasure.org",
      "code" : "g/dL"
    }
  },
  {
    "code" : {
      "coding" : [{
        "system" : "http://loinc.org",
        "code" : "4544-3"
      }]
    },
    "valueQuantity" : {
      "value" : 33,
      "unit" : "%",
      "system" : "http://unitsofmeasure.org",
      "code" : "%"
    }
  },
  {
    "code" : {
      "coding" : [{
        "system" : "http://loinc.org",
        "code" : "787-2"
      }]
    },
    "valueQuantity" : {
      "value" : 75.9,
      "unit" : "fL",
      "system" : "http://unitsofmeasure.org",
      "code" : "fL"
    }
  },
  {
    "code" : {
      "coding" : [{
        "system" : "http://loinc.org",
        "code" : "785-6"
      }]
    },
    "valueQuantity" : {
      "value" : 24.6,
      "unit" : "pg",
      "system" : "http://unitsofmeasure.org",
      "code" : "pg"
    }
  },
  {
    "code" : {
      "coding" : [{
        "system" : "http://loinc.org",
        "code" : "786-4"
      }]
    },
    "valueQuantity" : {
      "value" : 324,
      "unit" : "g/L",
      "system" : "http://unitsofmeasure.org",
      "code" : "g/dL"
    }
  },
  {
    "code" : {
      "coding" : [{
        "system" : "http://loinc.org",
        "code" : "777-3"
      }]
    },
    "valueQuantity" : {
      "value" : 113,
      "unit" : "10*9/L",
      "system" : "http://unitsofmeasure.org",
      "code" : "10^9/L"
    }
  }]
}