{
  "resourceType" : "Observation",
  "id" : "Observation-eGFR-CKD-EPI-2009-cr",
  "meta" : {
    "profile" : ["http://fhir.ch/ig/ch-lab-report/StructureDefinition/ch-lab-observation-egfr-ckd-epi-2009"]
  },
  "text" : {
    "status" : "generated",
    "div" : "<div xmlns=\"http://www.w3.org/1999/xhtml\"><p class=\"res-header-id\"><b>Generated Narrative: Observation Observation-eGFR-CKD-EPI-2009-cr</b></p><a name=\"Observation-eGFR-CKD-EPI-2009-cr\"> </a><a name=\"hcObservation-eGFR-CKD-EPI-2009-cr\"> </a><a name=\"Observation-eGFR-CKD-EPI-2009-cr-en-US\"> </a><div style=\"display: inline-block; background-color: #d9e0e7; padding: 6px; margin: 4px; border: 1px solid #8da1b4; border-radius: 5px; line-height: 60%\"><p style=\"margin-bottom: 0px\"/><p style=\"margin-bottom: 0px\">Profile: <a href=\"StructureDefinition-ch-lab-observation-egfr-ckd-epi-2009.html\">CH LAB Observation Results: eGFR-CKD-EPI(ASR) 2009 Profile for blacks and non-blacks</a></p></div><p><b>identifier</b>: <code>http://example.org/Labor-Pipette/labvalues</code>/1304-03720-eGFR_CKD_EPI-cr</p><p><b>status</b>: Final</p><p><b>category</b>: <span title=\"Codes:{http://terminology.hl7.org/CodeSystem/observation-category laboratory}\">Laboratory</span></p><p><b>code</b>: <span title=\"Codes:{http://loinc.org 62238-1}\">Glomerular filtration rate [Volume Rate/Area] in Serum, Plasma or Blood by Creatinine-based formula (CKD-EPI)/1.73 sq M</span></p><p><b>subject</b>: <a href=\"Bundle-LabResultReport-1-tvt.html#urn-uuid-6b8a0365-5022-403b-a5a5-8d8680d701ef\">Hans Guggindieluft</a></p><p><b>effective</b>: 2024-04-23 11:24:26+0100</p><p><b>issued</b>: 2024-04-24 11:24:26+0100</p><p><b>performer</b>: <a href=\"Bundle-LabResultReport-1-tvt.html#urn-uuid-017e8e32-2f3b-4bef-baf1-92c7278a7048\">Marc Mustermann</a></p><p><b>interpretation</b>: <span title=\"Codes:{http://terminology.hl7.org/CodeSystem/v3-ObservationInterpretation N}\">interpretation of results should be assigned based upon the level of kindey function</span></p><p><b>note</b>: All estimation formulas have their limitations: Only valid in steady state, i.e. not in acute renal failure, with abnormal muscle mass of the patient, with\nheavy meat consumption, dialysis and other conditions.</p><blockquote><p><b>component</b></p><p><b>code</b>: <span title=\"Codes:{http://loinc.org 88293-6}\">Glomerular filtration rate [Volume Rate/Area] in Serum, Plasma or Blood by Creatinine-based formula (CKD-EPI)/1.73 sq M among black population</span></p><p><b>value</b>: &gt;60 mL/min/1.73m2<span style=\"background: LightGoldenRodYellow\"> (Details: UCUM  codemL/min = 'mL/min')</span></p><h3>ReferenceRanges</h3><table class=\"grid\"><tr><td style=\"display: none\">-</td><td><b>Low</b></td><td><b>AppliesTo</b></td><td><b>Age</b></td></tr><tr><td style=\"display: none\">*</td><td>60 mL/min/1.73m2<span style=\"background: LightGoldenRodYellow\"> (Details: UCUM  codemL/min = 'mL/min')</span></td><td><span title=\"Codes:\">black/african-american</span></td><td>18-? yrs</td></tr></table></blockquote><blockquote><p><b>component</b></p><p><b>code</b>: <span title=\"Codes:{http://loinc.org 88294-4}\">Glomerular filtration rate [Volume Rate/Area] in Serum, Plasma or Blood by Creatinine-based formula (CKD-EPI)/1.73 sq M among non black population</span></p><p><b>value</b>: &gt;60 mL/min/1.73m2<span style=\"background: LightGoldenRodYellow\"> (Details: UCUM  codemL/min = 'mL/min')</span></p><h3>ReferenceRanges</h3><table class=\"grid\"><tr><td style=\"display: none\">-</td><td><b>Low</b></td><td><b>AppliesTo</b></td><td><b>Age</b></td></tr><tr><td style=\"display: none\">*</td><td>60 mL/min/1.73m2<span style=\"background: LightGoldenRodYellow\"> (Details: UCUM  codemL/min = 'mL/min')</span></td><td><span title=\"Codes:\">non-black/african-american</span></td><td>18-? yrs</td></tr></table></blockquote></div>"
  },
  "identifier" : [{
    "system" : "http://example.org/Labor-Pipette/labvalues",
    "value" : "1304-03720-eGFR_CKD_EPI-cr"
  }],
  "status" : "final",
  "category" : [{
    "coding" : [{
      "system" : "http://terminology.hl7.org/CodeSystem/observation-category",
      "code" : "laboratory"
    }]
  }],
  "code" : {
    "coding" : [{
      "system" : "http://loinc.org",
      "code" : "62238-1",
      "display" : "Glomerular filtration rate [Volume Rate/Area] in Serum, Plasma or Blood by Creatinine-based formula (CKD-EPI)/1.73 sq M"
    }]
  },
  "subject" : {
    "reference" : "urn:uuid:6b8a0365-5022-403b-a5a5-8d8680d701ef",
    "display" : "Hans Guggindieluft"
  },
  "effectiveDateTime" : "2024-04-23T11:24:26+01:00",
  "issued" : "2024-04-24T11:24:26+01:00",
  "performer" : [{
    "reference" : "urn:uuid:017e8e32-2f3b-4bef-baf1-92c7278a7048",
    "display" : "Marc Mustermann"
  }],
  "interpretation" : [{
    "coding" : [{
      "system" : "http://terminology.hl7.org/CodeSystem/v3-ObservationInterpretation",
      "code" : "N",
      "display" : "Normal"
    }],
    "text" : "interpretation of results should be assigned based upon the level of kindey function"
  }],
  "note" : [{
    "text" : "All estimation formulas have their limitations: Only valid in steady state, i.e. not in acute renal failure, with abnormal muscle mass of the patient, with\nheavy meat consumption, dialysis and other conditions."
  }],
  "component" : [{
    "code" : {
      "coding" : [{
        "system" : "http://loinc.org",
        "code" : "88293-6"
      }]
    },
    "valueQuantity" : {
      "value" : 60,
      "comparator" : ">",
      "unit" : "mL/min/1.73m2",
      "system" : "http://unitsofmeasure.org",
      "code" : "mL/min"
    },
    "referenceRange" : [{
      "low" : {
        "value" : 60,
        "unit" : "mL/min/1.73m2",
        "system" : "http://unitsofmeasure.org",
        "code" : "mL/min"
      },
      "appliesTo" : [{
        "text" : "black/african-american"
      }],
      "age" : {
        "low" : {
          "value" : 18,
          "unit" : "yrs",
          "system" : "http://unitsofmeasure.org",
          "code" : "a"
        }
      }
    }]
  },
  {
    "code" : {
      "coding" : [{
        "system" : "http://loinc.org",
        "code" : "88294-4"
      }]
    },
    "valueQuantity" : {
      "value" : 60,
      "comparator" : ">",
      "unit" : "mL/min/1.73m2",
      "system" : "http://unitsofmeasure.org",
      "code" : "mL/min"
    },
    "referenceRange" : [{
      "low" : {
        "value" : 60,
        "unit" : "mL/min/1.73m2",
        "system" : "http://unitsofmeasure.org",
        "code" : "mL/min"
      },
      "appliesTo" : [{
        "text" : "non-black/african-american"
      }],
      "age" : {
        "low" : {
          "value" : 18,
          "unit" : "yrs",
          "system" : "http://unitsofmeasure.org",
          "code" : "a"
        }
      }
    }]
  }]
}