{
  "resourceType" : "Observation",
  "id" : "ExampleObservationRDW-CV",
  "meta" : {
    "profile" : ["http://fhir.ch/ig/ch-lab-report/StructureDefinition/ch-lab-observation-results-ery-dist-width-ratio"]
  },
  "text" : {
    "status" : "generated",
    "div" : "<div xmlns=\"http://www.w3.org/1999/xhtml\"><p><b>Generated Narrative: Observation</b><a name=\"ExampleObservationRDW-CV\"> </a><a name=\"hcExampleObservationRDW-CV\"> </a></p><div style=\"display: inline-block; background-color: #d9e0e7; padding: 6px; margin: 4px; border: 1px solid #8da1b4; border-radius: 5px; line-height: 60%\"><p style=\"margin-bottom: 0px\">ResourceObservation &quot;ExampleObservationRDW-CV&quot; </p><p style=\"margin-bottom: 0px\">Profile: <a href=\"StructureDefinition-ch-lab-observation-results-ery-dist-width-ratio.html\">CH LAB Observation Results: Erythrocyte distribution width [Ratio] by Automated count</a></p></div><p><b>status</b>: final</p><p><b>category</b>: Laboratory <span style=\"background: LightGoldenRodYellow; margin: 4px; border: 1px solid khaki\"> (<a href=\"http://terminology.hl7.org/5.5.0/CodeSystem-observation-category.html\">Observation Category Codes</a>#laboratory)</span></p><p><b>code</b>: Erythrocyte distribution width [Ratio] by Automated count <span style=\"background: LightGoldenRodYellow; margin: 4px; border: 1px solid khaki\"> (<a href=\"https://loinc.org/\">LOINC</a>#788-0)</span></p><p><b>subject</b>: <a href=\"Bundle-LabResultReport-1-tvt.html#urn-uuid-6b8a0365-5022-403b-a5a5-8d8680d701ef\">urn:uuid:6b8a0365-5022-403b-a5a5-8d8680d701ef: Hans Guggindieluft</a></p><p><b>effective</b>: 2024-04-23 11:24:26+0100</p><p><b>issued</b>: Apr 24, 2024, 10:24:26\u202fAM</p><p><b>performer</b>: <a href=\"Bundle-LabResultReport-1-tvt.html#urn-uuid-12328339-f7d6-4bb6-80e4-89fd03ce5052\">urn:uuid:12328339-f7d6-4bb6-80e4-89fd03ce5052: Eva Erlenmeyer</a></p><p><b>value</b>: 15.2 %<span style=\"background: LightGoldenRodYellow\"> (Details: UCUM code % = '%')</span></p></div>"
  },
  "status" : "final",
  "category" : [{
    "coding" : [{
      "system" : "http://terminology.hl7.org/CodeSystem/observation-category",
      "code" : "laboratory"
    }]
  }],
  "code" : {
    "coding" : [{
      "system" : "http://loinc.org",
      "code" : "788-0",
      "display" : "Erythrocyte distribution width [Ratio] by Automated count"
    }]
  },
  "subject" : {
    "reference" : "urn:uuid:6b8a0365-5022-403b-a5a5-8d8680d701ef",
    "display" : "Hans Guggindieluft"
  },
  "effectiveDateTime" : "2024-04-23T11:24:26+01:00",
  "issued" : "2024-04-24T11:24:26+01:00",
  "performer" : [{
    "reference" : "urn:uuid:12328339-f7d6-4bb6-80e4-89fd03ce5052",
    "display" : "Eva Erlenmeyer"
  }],
  "valueQuantity" : {
    "value" : 15.2,
    "unit" : "%",
    "system" : "http://unitsofmeasure.org",
    "code" : "%"
  }
}