{
  "resourceType" : "ValueSet",
  "id" : "ch-lab-report-lab-study-types",
  "text" : {
    "status" : "generated",
    "div" : "<div xmlns=\"http://www.w3.org/1999/xhtml\"><ul><li>Include these codes as defined in <a href=\"http://loinc.org\"><code>http://loinc.org</code></a><table class=\"none\"><tr><td style=\"white-space:nowrap\"><b>Code</b></td><td><b>Display</b></td></tr><tr><td><a href=\"https://loinc.org/18717-9/\">18717-9</a></td><td>Blood bank studies (set)</td></tr><tr><td><a href=\"https://loinc.org/18767-4/\">18767-4</a></td><td>Blood gas studies (set)</td></tr><tr><td><a href=\"https://loinc.org/18768-2/\">18768-2</a></td><td>Cell counts+Differential studies (set)</td></tr><tr><td><a href=\"https://loinc.org/18719-5/\">18719-5</a></td><td>Chemistry studies (set)</td></tr><tr><td><a href=\"https://loinc.org/26437-4/\">26437-4</a></td><td>Chemistry challenge studies (set)</td></tr><tr><td><a href=\"https://loinc.org/18720-3/\">18720-3</a></td><td>Coagulation studies (set)</td></tr><tr><td><a href=\"https://loinc.org/26438-2/\">26438-2</a></td><td>Cytology studies (set)</td></tr><tr><td><a href=\"https://loinc.org/18722-9/\">18722-9</a></td><td>Fertility studies (set)</td></tr><tr><td><a href=\"https://loinc.org/18723-7/\">18723-7</a></td><td>Hematology studies (set)</td></tr><tr><td><a href=\"https://loinc.org/18724-5/\">18724-5</a></td><td>HLA studies (set)</td></tr><tr><td><a href=\"https://loinc.org/18725-2/\">18725-2</a></td><td>Microbiology studies (set)</td></tr><tr><td><a href=\"https://loinc.org/18769-0/\">18769-0</a></td><td>Microbial susceptibility tests Set</td></tr><tr><td><a href=\"https://loinc.org/26435-8/\">26435-8</a></td><td>Molecular pathology studies (set)</td></tr><tr><td><a href=\"https://loinc.org/18727-8/\">18727-8</a></td><td>Serology studies (set)</td></tr><tr><td><a href=\"https://loinc.org/56874-1/\">56874-1</a></td><td>Serology and blood bank studies (set)</td></tr><tr><td><a href=\"https://loinc.org/26439-0/\">26439-0</a></td><td>Surgical pathology studies (set)</td></tr><tr><td><a href=\"https://loinc.org/18721-1/\">18721-1</a></td><td>Therapeutic drug monitoring studies (set)</td></tr><tr><td><a href=\"https://loinc.org/18728-6/\">18728-6</a></td><td>Toxicology studies (set)</td></tr><tr><td><a href=\"https://loinc.org/18729-4/\">18729-4</a></td><td>Urinalysis studies (set)</td></tr></table></li></ul></div>"
  },
  "url" : "http://fhir.ch/ig/ch-lab-report/ValueSet/ch-lab-report-lab-study-types",
  "version" : "0.1.1",
  "name" : "LabStudyTypesEuVs",
  "title" : "Lab Study Types in Switzerland",
  "status" : "active",
  "experimental" : false,
  "date" : "2023-12-28T12:16:59+01:00",
  "publisher" : "HL7 Switzerland",
  "contact" : [{
    "name" : "HL7 Switzerland",
    "telecom" : [{
      "system" : "url",
      "value" : "https://www.hl7.ch"
    }]
  },
  {
    "name" : "Marcel Hanselmann",
    "telecom" : [{
      "system" : "email",
      "value" : "laborprojektgruppe@gmail.com",
      "use" : "work"
    }]
  }],
  "description" : "This value set includes the codes for the lab specialties.",
  "jurisdiction" : [{
    "coding" : [{
      "system" : "urn:iso:std:iso:3166",
      "code" : "CHE"
    }]
  }],
  "copyright" : "CC0-1.0",
  "compose" : {
    "include" : [{
      "system" : "http://loinc.org",
      "concept" : [{
        "code" : "18717-9",
        "display" : "Blood bank studies (set)"
      },
      {
        "code" : "18767-4",
        "display" : "Blood gas studies (set)"
      },
      {
        "code" : "18768-2",
        "display" : "Cell counts+Differential studies (set)"
      },
      {
        "code" : "18719-5",
        "display" : "Chemistry studies (set)"
      },
      {
        "code" : "26437-4",
        "display" : "Chemistry challenge studies (set)"
      },
      {
        "code" : "18720-3",
        "display" : "Coagulation studies (set)"
      },
      {
        "code" : "26438-2",
        "display" : "Cytology studies (set)"
      },
      {
        "code" : "18722-9",
        "display" : "Fertility studies (set)"
      },
      {
        "code" : "18723-7",
        "display" : "Hematology studies (set)"
      },
      {
        "code" : "18724-5",
        "display" : "HLA studies (set)"
      },
      {
        "code" : "18725-2",
        "display" : "Microbiology studies (set)"
      },
      {
        "code" : "18769-0",
        "display" : "Microbial susceptibility tests Set"
      },
      {
        "code" : "26435-8",
        "display" : "Molecular pathology studies (set)"
      },
      {
        "code" : "18727-8",
        "display" : "Serology studies (set)"
      },
      {
        "code" : "56874-1",
        "display" : "Serology and blood bank studies (set)"
      },
      {
        "code" : "26439-0",
        "display" : "Surgical pathology studies (set)"
      },
      {
        "code" : "18721-1",
        "display" : "Therapeutic drug monitoring studies (set)"
      },
      {
        "code" : "18728-6",
        "display" : "Toxicology studies (set)"
      },
      {
        "code" : "18729-4",
        "display" : "Urinalysis studies (set)"
      }]
    }]
  }
}