<?xml version="1.0" encoding="UTF-8"?><CapabilityStatement xmlns="http://hl7.org/fhir"><id value="CH.ATNA.AuditRecordRepository"/><text><status value="extensions"/><div xmlns="http://www.w3.org/1999/xhtml"><p class="res-header-id"><b>Generated Narrative: CapabilityStatement CH.ATNA.AuditRecordRepository</b></p><a name="CH.ATNA.AuditRecordRepository"> </a><a name="hcCH.ATNA.AuditRecordRepository"> </a><a name="CH.ATNA.AuditRecordRepository-en-US"> </a><h2 id="title">ATNA Audit Record Repository (server)</h2><ul><li>Implementation Guide Version: 5.0.0-ballot </li><li>FHIR Version: 4.0.1 </li><li>Supported Formats: <code>application/fhir+xml</code>, <code>application/fhir+json</code></li><li>Supported Patch Formats: </li><li>Published on: 2024-01-08 </li><li>Published by: eHealth Suisse </li></ul><blockquote class="impl-note"><p><strong>Note to Implementers: FHIR Capabilities</strong></p><p>Any FHIR capability may be 'allowed' by the system unless explicitly marked as 'SHALL NOT'. A few items are marked as MAY in the Implementation Guide to highlight their potential relevance to the use case.</p></blockquote><h2 id="rest">FHIR RESTful Capabilities</h2><div class="panel panel-default"><div class="panel-heading"><h3 id="mode1" class="panel-title">Mode: <code>server</code></h3></div><div class="panel-body"><div><p>IHE ITI ATNA ITI-20 endpoint</p>
</div><div class="lead"><em>Summary of System-wide Interactions</em></div><ul><li>Supports the <code>batch</code>interaction described as follows:<div><p>ITI-20 Send Audit Bundle Request Message - FHIR Feed Interaction</p>
</div></li></ul></div></div><h3 id="resourcesCap1">Capabilities by Resource/Profile</h3><h4 id="resourcesSummary1">Summary</h4><p>The summary table lists the resources that are part of this configuration, and for each resource it lists:</p><ul><li>The relevant profiles (if any)</li><li>The interactions supported by each resource (<b><span class="bg-info">R</span></b>ead, <b><span class="bg-info">S</span></b>earch, <b><span class="bg-info">U</span></b>pdate, and <b><span class="bg-info">C</span></b>reate, are always shown, while <b><span class="bg-info">VR</span></b>ead, <b><span class="bg-info">P</span></b>atch, <b><span class="bg-info">D</span></b>elete, <b><span class="bg-info">H</span></b>istory on <b><span class="bg-info">I</span></b>nstance, or <b><span class="bg-info">H</span></b>istory on <b><span class="bg-info">T</span></b>ype are only present if at least one of the resources has support for them.</li><li><span>The required, recommended, and some optional search parameters (if any). </span></li><li>The linked resources enabled for <code>_include</code></li><li>The other resources enabled for <code>_revinclude</code></li><li>The operations on the resource (if any)</li></ul><div class="table-responsive"><table class="table table-condensed table-hover"><thead><tr><th><b>Resource Type</b></th><th><b>Profile</b></th><th class="text-center"><b title="GET a resource (read interaction)">R</b></th><th class="text-center"><b title="GET all set of resources of the type (search interaction)">S</b></th><th class="text-center"><b title="PUT a new resource version (update interaction)">U</b></th><th class="text-center"><b title="POST a new resource (create interaction)">C</b></th><th><b title="Required and recommended search parameters">Searches</b></th><th><code><b>_include</b></code></th><th><code><b>_revinclude</b></code></th><th><b>Operations</b></th></tr></thead><tbody><tr><td><a href="#AuditEvent1-1">AuditEvent</a></td><td>Supported Profiles<br/>  <a href="StructureDefinition-ChAuditEventIti65Recipient.html">CH Audit Event for [ITI-65] Document Recipient</a><br/>  <a href="StructureDefinition-ChAuditEventIti65Source.html">CH Audit Event for [ITI-65] Document Source</a><br/>  <a href="StructureDefinition-ChAuditEventIti67Consumer.html">CH Audit Event for [ITI-67] Document Consumer</a><br/>  <a href="StructureDefinition-ChAuditEventIti67Responder.html">CH Audit Event for [ITI-67] Document Responder</a><br/>  <a href="StructureDefinition-ChAuditEventIti68Consumer.html">CH Audit Event for [ITI-68] Document Consumer</a><br/>  <a href="StructureDefinition-ChAuditEventIti68Responder.html">CH Audit Event for [ITI-68] Document Responder</a><br/>  <a href="StructureDefinition-ch-mhd-updatedocumentmetadata-audit-responder.html">CH Audit Event for [CH:MHD-1] Document Responder</a><br/>  <a href="StructureDefinition-ch-mhd-updatedocumentmetadata-audit-source.html">CH Audit Event for [CH:MHD-1] Document Source</a><br/>  <a href="StructureDefinition-ChAuditEventIti83Consumer.html">CH Audit Event for [ITI-83] Patient Identifier Cross-reference Consumer</a><br/>  <a href="StructureDefinition-ChAuditEventIti83Manager.html">CH Audit Event for [ITI-83] Patient Identifier Cross-reference Manager</a><br/>  <a href="StructureDefinition-ChAuditEventIti104Source.html">CH Audit Event for [ITI-104] Patient Identity Source</a><br/>  <a href="StructureDefinition-ChAuditEventIti104ManagerCreate.html">CH Audit Event for [ITI-104] Patient Identifier Cross-reference Manager / Create patient</a><br/>  <a href="StructureDefinition-ChAuditEventIti104ManagerUpdate.html">CH Audit Event for [ITI-104] Patient Identifier Cross-reference Manager / Update patient</a><br/>  <a href="StructureDefinition-ChAuditEventIti119Consumer.html">CH Audit Event for [ITI-119] Patient Demographics Consumer</a><br/>  <a href="StructureDefinition-ChAuditEventIti119Supplier.html">CH Audit Event for [ITI-119] Patient Demographics Supplier</a><br/>  <a href="StructureDefinition-ChAuditEventIti90Read.html">CH Audit Event for [ITI-90] Query Client &amp; Directory / Read</a><br/>  <a href="StructureDefinition-ChAuditEventIti90Query.html">CH Audit Event for [ITI-90] Query Client &amp; Directory / Query</a><br/>  <a href="StructureDefinition-ChAuditEventIti130Create.html">CH Audit Event for [ITI-130] Data Source &amp; Directory / Create</a><br/>  <a href="StructureDefinition-ChAuditEventIti130Update.html">CH Audit Event for [ITI-130] Data Source &amp; Directory / Update</a><br/>  <a href="StructureDefinition-ChAuditEventIti130Delete.html">CH Audit Event for [ITI-130] Data Source &amp; Directory / Delete</a><br/>  <a href="StructureDefinition-ChAuditEventPpq3Create.html">CH Audit Event for [PPQ-3] Create privacy policy</a><br/>  <a href="StructureDefinition-ChAuditEventPpq3Update.html">CH Audit Event for [PPQ-3] Update privacy policy</a><br/>  <a href="StructureDefinition-ChAuditEventPpq3Delete.html">CH Audit Event for [PPQ-3] Delete privacy policy</a><br/>  <a href="StructureDefinition-ChAuditEventPpq5Consumer.html">CH Audit Event for [PPQ-5] Policy Consumer</a><br/>  <a href="StructureDefinition-ChAuditEventPpq5Repository.html">CH Audit Event for [PPQ-5] Policy Repository</a></td><td class="text-center"></td><td class="text-center"></td><td class="text-center"></td><td class="text-center">y</td><td></td><td/><td/><td/></tr></tbody></table></div><hr/><div class="panel panel-default"><div class="panel-heading"><h4 id="AuditEvent1-1" class="panel-title"><span style="float: right;">Resource Conformance: supported </span>AuditEvent</h4></div><div class="panel-body"><div class="container"><div class="row"><div class="col-lg-4"><span class="lead">Core FHIR Resource</span><br/><a href="http://hl7.org/fhir/R4/auditevent.html">AuditEvent</a></div><div class="col-lg-4"><span class="lead">Reference Policy</span><br/></div><div class="col-lg-4"><span class="lead">Interaction summary</span><br/><ul><li>Supports <code>create</code>.</li></ul></div></div><p/><div class="row"><div class="col-6"><span class="lead">Supported Profiles</span><p><a href="StructureDefinition-ChAuditEventIti65Recipient.html">CH Audit Event for [ITI-65] Document Recipient</a><br/><a href="StructureDefinition-ChAuditEventIti65Source.html">CH Audit Event for [ITI-65] Document Source</a><br/><a href="StructureDefinition-ChAuditEventIti67Consumer.html">CH Audit Event for [ITI-67] Document Consumer</a><br/><a href="StructureDefinition-ChAuditEventIti67Responder.html">CH Audit Event for [ITI-67] Document Responder</a><br/><a href="StructureDefinition-ChAuditEventIti68Consumer.html">CH Audit Event for [ITI-68] Document Consumer</a><br/><a href="StructureDefinition-ChAuditEventIti68Responder.html">CH Audit Event for [ITI-68] Document Responder</a><br/><a href="StructureDefinition-ch-mhd-updatedocumentmetadata-audit-responder.html">CH Audit Event for [CH:MHD-1] Document Responder</a><br/><a href="StructureDefinition-ch-mhd-updatedocumentmetadata-audit-source.html">CH Audit Event for [CH:MHD-1] Document Source</a><br/><a href="StructureDefinition-ChAuditEventIti83Consumer.html">CH Audit Event for [ITI-83] Patient Identifier Cross-reference Consumer</a><br/><a href="StructureDefinition-ChAuditEventIti83Manager.html">CH Audit Event for [ITI-83] Patient Identifier Cross-reference Manager</a><br/><a href="StructureDefinition-ChAuditEventIti104Source.html">CH Audit Event for [ITI-104] Patient Identity Source</a><br/><a href="StructureDefinition-ChAuditEventIti104ManagerCreate.html">CH Audit Event for [ITI-104] Patient Identifier Cross-reference Manager / Create patient</a><br/><a href="StructureDefinition-ChAuditEventIti104ManagerUpdate.html">CH Audit Event for [ITI-104] Patient Identifier Cross-reference Manager / Update patient</a><br/><a href="StructureDefinition-ChAuditEventIti119Consumer.html">CH Audit Event for [ITI-119] Patient Demographics Consumer</a><br/><a href="StructureDefinition-ChAuditEventIti119Supplier.html">CH Audit Event for [ITI-119] Patient Demographics Supplier</a><br/><a href="StructureDefinition-ChAuditEventIti90Read.html">CH Audit Event for [ITI-90] Query Client &amp; Directory / Read</a><br/><a href="StructureDefinition-ChAuditEventIti90Query.html">CH Audit Event for [ITI-90] Query Client &amp; Directory / Query</a><br/><a href="StructureDefinition-ChAuditEventIti130Create.html">CH Audit Event for [ITI-130] Data Source &amp; Directory / Create</a><br/><a href="StructureDefinition-ChAuditEventIti130Update.html">CH Audit Event for [ITI-130] Data Source &amp; Directory / Update</a><br/><a href="StructureDefinition-ChAuditEventIti130Delete.html">CH Audit Event for [ITI-130] Data Source &amp; Directory / Delete</a><br/><a href="StructureDefinition-ChAuditEventPpq3Create.html">CH Audit Event for [PPQ-3] Create privacy policy</a><br/><a href="StructureDefinition-ChAuditEventPpq3Update.html">CH Audit Event for [PPQ-3] Update privacy policy</a><br/><a href="StructureDefinition-ChAuditEventPpq3Delete.html">CH Audit Event for [PPQ-3] Delete privacy policy</a><br/><a href="StructureDefinition-ChAuditEventPpq5Consumer.html">CH Audit Event for [PPQ-5] Policy Consumer</a><br/><a href="StructureDefinition-ChAuditEventPpq5Repository.html">CH Audit Event for [PPQ-5] Policy Repository</a></p></div></div><p/></div></div></div></div></text><url value="http://fhir.ch/ig/ch-epr-fhir/CapabilityStatement/CH.ATNA.AuditRecordRepository"/><version value="5.0.0-ballot"/><name value="CH_ATNA_Audit_Record_Repository"/><title value="ATNA Audit Record Repository (server)"/><status value="active"/><experimental value="false"/><date value="2024-01-08"/><publisher value="eHealth Suisse"/><contact><name value="eHealth Suisse"/><telecom><system value="url"/><value value="https://www.e-health-suisse.ch"/></telecom></contact><contact><name value="eHealth Suisse"/><telecom><system value="url"/><value value="https://www.e-health-suisse.ch"/><use value="work"/></telecom></contact><description value="CapabilityStatement for Server Actor in the IHE IT Infrastructure Technical Framework Supplement Add RESTful ATNA."/><jurisdiction><coding><system value="urn:iso:std:iso:3166"/><code value="CH"/></coding></jurisdiction><copyright value="CC0-1.0"/><kind value="requirements"/><fhirVersion value="4.0.1"/><format value="application/fhir+xml"/><format value="application/fhir+json"/><rest><mode value="server"/><documentation value="IHE ITI ATNA ITI-20 endpoint"/><resource><type value="AuditEvent"/><supportedProfile value="http://fhir.ch/ig/ch-epr-fhir/StructureDefinition/ChAuditEventIti65Recipient"/><supportedProfile value="http://fhir.ch/ig/ch-epr-fhir/StructureDefinition/ChAuditEventIti65Source"/><supportedProfile value="http://fhir.ch/ig/ch-epr-fhir/StructureDefinition/ChAuditEventIti67Consumer"/><supportedProfile value="http://fhir.ch/ig/ch-epr-fhir/StructureDefinition/ChAuditEventIti67Responder"/><supportedProfile value="http://fhir.ch/ig/ch-epr-fhir/StructureDefinition/ChAuditEventIti68Consumer"/><supportedProfile value="http://fhir.ch/ig/ch-epr-fhir/StructureDefinition/ChAuditEventIti68Responder"/><supportedProfile value="http://fhir.ch/ig/ch-epr-fhir/StructureDefinition/ch-mhd-updatedocumentmetadata-audit-responder"/><supportedProfile value="http://fhir.ch/ig/ch-epr-fhir/StructureDefinition/ch-mhd-updatedocumentmetadata-audit-source"/><supportedProfile value="http://fhir.ch/ig/ch-epr-fhir/StructureDefinition/ChAuditEventIti83Consumer"/><supportedProfile value="http://fhir.ch/ig/ch-epr-fhir/StructureDefinition/ChAuditEventIti83Manager"/><supportedProfile value="http://fhir.ch/ig/ch-epr-fhir/StructureDefinition/ChAuditEventIti104Source"/><supportedProfile value="http://fhir.ch/ig/ch-epr-fhir/StructureDefinition/ChAuditEventIti104ManagerCreate"/><supportedProfile value="http://fhir.ch/ig/ch-epr-fhir/StructureDefinition/ChAuditEventIti104ManagerUpdate"/><supportedProfile value="http://fhir.ch/ig/ch-epr-fhir/StructureDefinition/ChAuditEventIti119Consumer"/><supportedProfile value="http://fhir.ch/ig/ch-epr-fhir/StructureDefinition/ChAuditEventIti119Supplier"/><supportedProfile value="http://fhir.ch/ig/ch-epr-fhir/StructureDefinition/ChAuditEventIti90Read"/><supportedProfile value="http://fhir.ch/ig/ch-epr-fhir/StructureDefinition/ChAuditEventIti90Query"/><supportedProfile value="http://fhir.ch/ig/ch-epr-fhir/StructureDefinition/ChAuditEventIti130Create"/><supportedProfile value="http://fhir.ch/ig/ch-epr-fhir/StructureDefinition/ChAuditEventIti130Update"/><supportedProfile value="http://fhir.ch/ig/ch-epr-fhir/StructureDefinition/ChAuditEventIti130Delete"/><supportedProfile value="http://fhir.ch/ig/ch-epr-fhir/StructureDefinition/ChAuditEventPpq3Create"/><supportedProfile value="http://fhir.ch/ig/ch-epr-fhir/StructureDefinition/ChAuditEventPpq3Update"/><supportedProfile value="http://fhir.ch/ig/ch-epr-fhir/StructureDefinition/ChAuditEventPpq3Delete"/><supportedProfile value="http://fhir.ch/ig/ch-epr-fhir/StructureDefinition/ChAuditEventPpq5Consumer"/><supportedProfile value="http://fhir.ch/ig/ch-epr-fhir/StructureDefinition/ChAuditEventPpq5Repository"/><interaction><code value="create"/></interaction><versioning value="no-version"/></resource><interaction><code value="batch"/><documentation value="ITI-20 Send Audit Bundle Request Message - FHIR Feed Interaction"/></interaction></rest></CapabilityStatement>