{
  "resourceType" : "Bundle",
  "id" : "2-1-MedicationList",
  "meta" : {
    "lastUpdated" : "2020-03-10T12:31:59.738+00:00",
    "profile" : ["http://fhir.ch/ig/ch-emed/StructureDefinition/ch-emed-document-medicationlist"]
  },
  "identifier" : {
    "system" : "urn:ietf:rfc:3986",
    "value" : "urn:uuid:17931678-20b4-11e6-b67b-9e71128cae77"
  },
  "type" : "document",
  "timestamp" : "2012-02-04T13:55:00+01:00",
  "entry" : [{
    "fullUrl" : "http://test.fhir.ch/r4/Composition/2-1-Composition",
    "resource" : {
      "resourceType" : "Composition",
      "id" : "2-1-Composition",
      "meta" : {
        "profile" : ["http://fhir.ch/ig/ch-emed/StructureDefinition/ch-emed-composition-medicationlist"]
      },
      "language" : "de-CH",
      "text" : {
        "status" : "generated",
        "div" : "<div xmlns=\"http://www.w3.org/1999/xhtml\" xml:lang=\"de-CH\" lang=\"de-CH\"><p><b>Generated Narrative: Composition</b><a name=\"2-1-Composition\"> </a></p><div style=\"display: inline-block; background-color: #d9e0e7; padding: 6px; margin: 4px; border: 1px solid #8da1b4; border-radius: 5px; line-height: 60%\"><p style=\"margin-bottom: 0px\">Resource Composition &quot;2-1-Composition&quot;  (Language &quot;de-CH&quot;) </p><p style=\"margin-bottom: 0px\">Profile: <a href=\"StructureDefinition-ch-emed-composition-medicationlist.html\">CH EMED Medication List Composition</a></p></div><p><b>identifier</b>: id:\u00a0urn:uuid:17931678-20b4-11e6-b67b-9e71128cae77</p><p><b>status</b>: final</p><p><b>type</b>: Medication summary Document <span style=\"background: LightGoldenRodYellow; margin: 4px; border: 1px solid khaki\"> (<a href=\"https://loinc.org/\">LOINC</a>#56445-0; <a href=\"https://browser.ihtsdotools.org/\">SNOMED CT</a>#721912009 &quot;Medication summary document (record artifact)&quot;)</span></p><p><b>date</b>: 2012-02-04 13:55:00+0100</p><p><b>author</b>: <a href=\"#Device_ExampleDevice\">See above (Device/ExampleDevice)</a></p><p><b>title</b>: Medikationsliste</p><p><b>confidentiality</b>: N</p></div>"
      },
      "identifier" : {
        "system" : "urn:ietf:rfc:3986",
        "value" : "urn:uuid:17931678-20b4-11e6-b67b-9e71128cae77"
      },
      "status" : "final",
      "type" : {
        "coding" : [{
          "system" : "http://loinc.org",
          "code" : "56445-0",
          "display" : "Medication summary Document"
        },
        {
          "system" : "http://snomed.info/sct",
          "code" : "721912009",
          "display" : "Medication summary document (record artifact)"
        }]
      },
      "subject" : {
        "reference" : "Patient/MonikaWegmueller"
      },
      "date" : "2012-02-04T13:55:00+01:00",
      "author" : [{
        "reference" : "Device/ExampleDevice"
      }],
      "title" : "Medikationsliste",
      "confidentiality" : "N",
      "_confidentiality" : {
        "extension" : [{
          "url" : "http://fhir.ch/ig/ch-core/StructureDefinition/ch-ext-epr-confidentialitycode",
          "valueCodeableConcept" : {
            "coding" : [{
              "system" : "http://snomed.info/sct",
              "version" : "http://snomed.info/sct/2011000195101",
              "code" : "17621005",
              "display" : "Normal (qualifier value)"
            }]
          }
        }]
      },
      "section" : [{
        "title" : "Medikamentenliste",
        "code" : {
          "coding" : [{
            "system" : "http://loinc.org",
            "code" : "10160-0",
            "display" : "History of Medication use Narrative"
          }]
        },
        "text" : {
          "status" : "generated",
          "div" : "<div xmlns=\"http://www.w3.org/1999/xhtml\"><table><thead><tr><th>Präpartename</th><th>Wirkstoffname</th><th>Galenische Form</th><th>Dosis pro Einheit</th><th>Dos.Morgen</th><th>Dos.Mittag</th><th>Dos.Abend</th><th>Dos.Nacht</th><th>Verabreichungsweg</th><th>Kommentar</th><th>Anwendungsdauer</th><th>Behandlungsgrund</th></tr></thead><tbody><tr id=\"mtp.1\"><td id=\"mtp.1.brandedmedication\">Triatec</td><td id=\"mtp.1.ingredient\">Ramipril</td><td id=\"mtp.1.packageform\">Tbl</td><td id=\"mtp.1.dosequantity\">2.5 mg</td><td id=\"mtp.1.dosagemorning\">0.5</td><td id=\"mtp.1.dosagelunch\">0</td><td id=\"mtp.1.dosageevening\">0</td><td id=\"mtp.1.dosagenight\">0</td><td id=\"mtp.1.routecode\">oral</td><td id=\"mtp.1.note\"/><td id=\"mtp.1.datefromto\"/><td id=\"mtp.1.reason\">Bluthochdruck</td></tr></tbody></table></div>"
        },
        "entry" : [{
          "reference" : "MedicationStatement/2-1-MedStatTriatec"
        },
        {
          "reference" : "MedicationDispense/2-1-MedDispTriatec"
        }]
      }]
    }
  },
  {
    "fullUrl" : "http://test.fhir.ch/r4/Device/ExampleDevice",
    "resource" : {
      "resourceType" : "Device",
      "id" : "ExampleDevice",
      "text" : {
        "status" : "generated",
        "div" : "<div xmlns=\"http://www.w3.org/1999/xhtml\"><p><b>Generated Narrative: Device</b><a name=\"ExampleDevice\"> </a></p><div style=\"display: inline-block; background-color: #d9e0e7; padding: 6px; margin: 4px; border: 1px solid #8da1b4; border-radius: 5px; line-height: 60%\"><p style=\"margin-bottom: 0px\">Resource Device &quot;ExampleDevice&quot; </p></div><h3>DeviceNames</h3><table class=\"grid\"><tr><td>-</td><td><b>Name</b></td><td><b>Type</b></td></tr><tr><td>*</td><td>Device name</td><td>manufacturer-name</td></tr></table></div>"
      },
      "deviceName" : [{
        "name" : "Device name",
        "type" : "manufacturer-name"
      }]
    }
  },
  {
    "fullUrl" : "http://test.fhir.ch/r4/Patient/MonikaWegmueller",
    "resource" : {
      "resourceType" : "Patient",
      "id" : "MonikaWegmueller",
      "meta" : {
        "profile" : ["http://fhir.ch/ig/ch-core/StructureDefinition/ch-core-patient-epr"]
      },
      "text" : {
        "status" : "generated",
        "div" : "<div xmlns=\"http://www.w3.org/1999/xhtml\"><p><b>Generated Narrative: Patient</b><a name=\"MonikaWegmueller\"> </a></p><div style=\"display: inline-block; background-color: #d9e0e7; padding: 6px; margin: 4px; border: 1px solid #8da1b4; border-radius: 5px; line-height: 60%\"><p style=\"margin-bottom: 0px\">Resource Patient &quot;MonikaWegmueller&quot; </p><p style=\"margin-bottom: 0px\">Profile: <a href=\"http://fhir.ch/ig/ch-core/4.0.0-ballot/StructureDefinition-ch-core-patient-epr.html\">CH Core Patient EPR</a></p></div><p><b>identifier</b>: Medical record number: 11111111</p><p><b>name</b>: Monika Wegmüller </p><p><b>gender</b>: female</p><p><b>birthDate</b>: 1943-05-15</p><p><b>address</b>: Wiesenstr. 12 Zürich 8003 CH </p></div>"
      },
      "identifier" : [{
        "type" : {
          "coding" : [{
            "system" : "http://terminology.hl7.org/CodeSystem/v2-0203",
            "code" : "MR"
          }]
        },
        "system" : "urn:oid:2.999.1",
        "value" : "11111111"
      }],
      "name" : [{
        "family" : "Wegmüller",
        "given" : ["Monika"]
      }],
      "gender" : "female",
      "birthDate" : "1943-05-15",
      "address" : [{
        "line" : ["Wiesenstr. 12"],
        "city" : "Zürich",
        "postalCode" : "8003",
        "country" : "CH"
      }]
    }
  },
  {
    "fullUrl" : "http://test.fhir.ch/r4/PractitionerRole/FamilienHausarztAtHausarzt",
    "resource" : {
      "resourceType" : "PractitionerRole",
      "id" : "FamilienHausarztAtHausarzt",
      "meta" : {
        "profile" : ["http://fhir.ch/ig/ch-emed/StructureDefinition/ch-emed-practitionerrole"]
      },
      "text" : {
        "status" : "generated",
        "div" : "<div xmlns=\"http://www.w3.org/1999/xhtml\"><p><b>Generated Narrative: PractitionerRole</b><a name=\"FamilienHausarztAtHausarzt\"> </a></p><div style=\"display: inline-block; background-color: #d9e0e7; padding: 6px; margin: 4px; border: 1px solid #8da1b4; border-radius: 5px; line-height: 60%\"><p style=\"margin-bottom: 0px\">Resource PractitionerRole &quot;FamilienHausarztAtHausarzt&quot; </p><p style=\"margin-bottom: 0px\">Profile: <a href=\"StructureDefinition-ch-emed-practitionerrole.html\">CH EMED PractitionerRole</a></p></div><p><b>practitioner</b>: <a href=\"#Practitioner_FamilienHausarzt\">See above (Practitioner/FamilienHausarzt)</a></p><p><b>organization</b>: <a href=\"#Organization_Hausarzt\">See above (Organization/Hausarzt)</a></p></div>"
      },
      "practitioner" : {
        "reference" : "Practitioner/FamilienHausarzt"
      },
      "organization" : {
        "reference" : "Organization/Hausarzt"
      }
    }
  },
  {
    "fullUrl" : "http://test.fhir.ch/r4/Practitioner/FamilienHausarzt",
    "resource" : {
      "resourceType" : "Practitioner",
      "id" : "FamilienHausarzt",
      "meta" : {
        "profile" : ["http://fhir.ch/ig/ch-emed/StructureDefinition/ch-emed-practitioner"]
      },
      "text" : {
        "status" : "generated",
        "div" : "<div xmlns=\"http://www.w3.org/1999/xhtml\"><p><b>Generated Narrative: Practitioner</b><a name=\"FamilienHausarzt\"> </a></p><div style=\"display: inline-block; background-color: #d9e0e7; padding: 6px; margin: 4px; border: 1px solid #8da1b4; border-radius: 5px; line-height: 60%\"><p style=\"margin-bottom: 0px\">Resource Practitioner &quot;FamilienHausarzt&quot; </p><p style=\"margin-bottom: 0px\">Profile: <a href=\"StructureDefinition-ch-emed-practitioner.html\">CH EMED Practitioner</a></p></div><p><b>identifier</b>: id:\u00a07601000234438</p><p><b>name</b>: Familien Hausarzt </p></div>"
      },
      "identifier" : [{
        "system" : "urn:oid:2.51.1.3",
        "value" : "7601000234438"
      }],
      "name" : [{
        "family" : "Hausarzt",
        "given" : ["Familien"]
      }]
    }
  },
  {
    "fullUrl" : "http://test.fhir.ch/r4/Organization/Hausarzt",
    "resource" : {
      "resourceType" : "Organization",
      "id" : "Hausarzt",
      "meta" : {
        "profile" : ["http://fhir.ch/ig/ch-emed/StructureDefinition/ch-emed-organization"]
      },
      "text" : {
        "status" : "generated",
        "div" : "<div xmlns=\"http://www.w3.org/1999/xhtml\"><p><b>Generated Narrative: Organization</b><a name=\"Hausarzt\"> </a></p><div style=\"display: inline-block; background-color: #d9e0e7; padding: 6px; margin: 4px; border: 1px solid #8da1b4; border-radius: 5px; line-height: 60%\"><p style=\"margin-bottom: 0px\">Resource Organization &quot;Hausarzt&quot; </p><p style=\"margin-bottom: 0px\">Profile: <a href=\"StructureDefinition-ch-emed-organization.html\">CH EMED Organization</a></p></div><p><b>identifier</b>: id:\u00a07601000234438</p><p><b>name</b>: Hausarzt</p><p><b>address</b>: Krankenstrasse 2 Zürich 8005 CH </p></div>"
      },
      "identifier" : [{
        "system" : "urn:oid:2.51.1.3",
        "value" : "7601000234438"
      }],
      "name" : "Hausarzt",
      "address" : [{
        "line" : ["Krankenstrasse 2"],
        "city" : "Zürich",
        "postalCode" : "8005",
        "country" : "CH"
      }]
    }
  },
  {
    "fullUrl" : "http://test.fhir.ch/r4/MedicationStatement/2-1-MedStatTriatec",
    "resource" : {
      "resourceType" : "MedicationStatement",
      "id" : "2-1-MedStatTriatec",
      "meta" : {
        "profile" : ["http://fhir.ch/ig/ch-emed/StructureDefinition/ch-emed-medicationstatement-list"]
      },
      "text" : {
        "status" : "generated",
        "div" : "<div xmlns=\"http://www.w3.org/1999/xhtml\"><p><b>Generated Narrative: MedicationStatement</b><a name=\"2-1-MedStatTriatec\"> </a></p><div style=\"display: inline-block; background-color: #d9e0e7; padding: 6px; margin: 4px; border: 1px solid #8da1b4; border-radius: 5px; line-height: 60%\"><p style=\"margin-bottom: 0px\">Resource MedicationStatement &quot;2-1-MedStatTriatec&quot; </p><p style=\"margin-bottom: 0px\">Profile: <a href=\"StructureDefinition-ch-emed-medicationstatement-list.html\">CH EMED MedicationStatement (LIST)</a></p></div><p><b>identifier</b>: id:\u00a0urn:uuid:c9f758a1-296c-4710-84d4-e181db8c7478</p><p><b>status</b>: active</p><p><b>medication</b>: <a name=\"Triatec\"> </a></p><blockquote><p/><p><a name=\"Triatec\"> </a></p><p><b>code</b>: TRIATEC Tabl 2.5 mg <span style=\"background: LightGoldenRodYellow; margin: 4px; border: 1px solid khaki\"> (unknown#7680538751228 &quot;TRIATEC Tabl 2.5 mg 20 Stk&quot;)</span></p><p><b>form</b>: Tablette <span style=\"background: LightGoldenRodYellow; margin: 4px; border: 1px solid khaki\"> (<a href=\"CodeSystem-edqm-standardterms.html\">EDQM - Standard Terms</a>#10219000 &quot;Tablet&quot;)</span></p><p><b>amount</b>: 20 Tablet (unit of presentation)<span style=\"background: LightGoldenRodYellow\"> (Details: SNOMED CT code 732936001 = 'Tablet (unit of presentation)')</span>/1 Package<span style=\"background: LightGoldenRodYellow\"> (Details: UCUM code {Package} = '{Package}')</span></p><h3>Ingredients</h3><table class=\"grid\"><tr><td>-</td><td><b>Item[x]</b></td><td><b>Strength</b></td></tr><tr><td>*</td><td>Ramipril <span style=\"background: LightGoldenRodYellow; margin: 4px; border: 1px solid khaki\"> (<a href=\"https://browser.ihtsdotools.org/\">SNOMED CT[??]</a>#386872004 &quot;Ramipril (substance)&quot;)</span></td><td>2.5 milligram<span style=\"background: LightGoldenRodYellow\"> (Details: UCUM code mg = 'mg')</span>/1 Tablet (unit of presentation)<span style=\"background: LightGoldenRodYellow\"> (Details: SNOMED CT code 732936001 = 'Tablet (unit of presentation)')</span></td></tr></table></blockquote><p><b>subject</b>: <a href=\"#Patient_MonikaWegmueller\">See above (Patient/MonikaWegmueller)</a></p><p><b>informationSource</b>: <a href=\"#PractitionerRole_FamilienHausarztAtHausarzt\">See above (PractitionerRole/FamilienHausarztAtHausarzt)</a></p><p><b>reasonCode</b>: Bluthochdruck <span style=\"background: LightGoldenRodYellow; margin: 4px; border: 1px solid khaki\"> ()</span></p><blockquote><p><b>dosage</b></p><p><b>patientInstruction</b>: -</p><p><b>timing</b>: Starting 2011-11-29, , ?ngen-6?</p><p><b>route</b>: zum Einnehmen <span style=\"background: LightGoldenRodYellow; margin: 4px; border: 1px solid khaki\"> (<a href=\"CodeSystem-edqm-standardterms.html\">EDQM - Standard Terms</a>#20053000 &quot;Oral use&quot;)</span></p><blockquote><p><b>doseAndRate</b></p></blockquote></blockquote><hr/><blockquote><p><b>Generated Narrative: Medication #Triatec</b><a name=\"Triatec\"> </a></p><p><b>code</b>: TRIATEC Tabl 2.5 mg <span style=\"background: LightGoldenRodYellow; margin: 4px; border: 1px solid khaki\"> (unknown#7680538751228 &quot;TRIATEC Tabl 2.5 mg 20 Stk&quot;)</span></p><p><b>form</b>: Tablette <span style=\"background: LightGoldenRodYellow; margin: 4px; border: 1px solid khaki\"> (<a href=\"CodeSystem-edqm-standardterms.html\">EDQM - Standard Terms</a>#10219000 &quot;Tablet&quot;)</span></p><p><b>amount</b>: 20 Tablet (unit of presentation)<span style=\"background: LightGoldenRodYellow\"> (Details: SNOMED CT code 732936001 = 'Tablet (unit of presentation)')</span>/1 Package<span style=\"background: LightGoldenRodYellow\"> (Details: UCUM code {Package} = '{Package}')</span></p><h3>Ingredients</h3><table class=\"grid\"><tr><td>-</td><td><b>Item[x]</b></td><td><b>Strength</b></td></tr><tr><td>*</td><td>Ramipril <span style=\"background: LightGoldenRodYellow; margin: 4px; border: 1px solid khaki\"> (<a href=\"https://browser.ihtsdotools.org/\">SNOMED CT[??]</a>#386872004 &quot;Ramipril (substance)&quot;)</span></td><td>2.5 milligram<span style=\"background: LightGoldenRodYellow\"> (Details: UCUM code mg = 'mg')</span>/1 Tablet (unit of presentation)<span style=\"background: LightGoldenRodYellow\"> (Details: SNOMED CT code 732936001 = 'Tablet (unit of presentation)')</span></td></tr></table></blockquote></div>"
      },
      "contained" : [{
        "resourceType" : "Medication",
        "id" : "Triatec",
        "meta" : {
          "profile" : ["http://fhir.ch/ig/ch-emed/StructureDefinition/ch-emed-medication"]
        },
        "code" : {
          "coding" : [{
            "system" : "urn:oid:2.51.1.1",
            "code" : "7680538751228",
            "display" : "TRIATEC Tabl 2.5 mg 20 Stk"
          }],
          "text" : "TRIATEC Tabl 2.5 mg"
        },
        "form" : {
          "coding" : [{
            "system" : "urn:oid:0.4.0.127.0.16.1.1.2.1",
            "code" : "10219000",
            "display" : "Tablet"
          }],
          "text" : "Tablette"
        },
        "amount" : {
          "numerator" : {
            "value" : 20,
            "unit" : "Tablet (unit of presentation)",
            "system" : "http://snomed.info/sct",
            "code" : "732936001"
          },
          "denominator" : {
            "value" : 1,
            "unit" : "Package",
            "system" : "http://unitsofmeasure.org",
            "code" : "{Package}"
          }
        },
        "ingredient" : [{
          "itemCodeableConcept" : {
            "coding" : [{
              "system" : "http://snomed.info/sct",
              "version" : "http://snomed.info/sct/2011000195101",
              "code" : "386872004",
              "display" : "Ramipril (substance)"
            }],
            "text" : "Ramipril"
          },
          "strength" : {
            "numerator" : {
              "value" : 2.5,
              "unit" : "milligram",
              "system" : "http://unitsofmeasure.org",
              "code" : "mg"
            },
            "denominator" : {
              "value" : 1,
              "unit" : "Tablet (unit of presentation)",
              "system" : "http://snomed.info/sct",
              "code" : "732936001"
            }
          }
        }]
      }],
      "identifier" : [{
        "system" : "urn:ietf:rfc:3986",
        "value" : "urn:uuid:c9f758a1-296c-4710-84d4-e181db8c7478"
      }],
      "status" : "active",
      "medicationReference" : {
        "reference" : "#Triatec"
      },
      "subject" : {
        "reference" : "Patient/MonikaWegmueller"
      },
      "informationSource" : {
        "reference" : "PractitionerRole/FamilienHausarztAtHausarzt"
      },
      "reasonCode" : [{
        "text" : "Bluthochdruck"
      }],
      "dosage" : [{
        "patientInstruction" : "-",
        "timing" : {
          "repeat" : {
            "boundsPeriod" : {
              "start" : "2011-11-29"
            },
            "when" : ["MORN"]
          }
        },
        "route" : {
          "coding" : [{
            "system" : "urn:oid:0.4.0.127.0.16.1.1.2.1",
            "code" : "20053000",
            "display" : "Oral use"
          }],
          "text" : "zum Einnehmen"
        },
        "doseAndRate" : [{
          "doseQuantity" : {
            "value" : 0.5,
            "unit" : "Tablet (unit of presentation)",
            "system" : "http://snomed.info/sct",
            "code" : "732936001"
          }
        }]
      }]
    }
  },
  {
    "fullUrl" : "http://test.fhir.ch/r4/MedicationDispense/2-1-MedDispTriatec",
    "resource" : {
      "resourceType" : "MedicationDispense",
      "id" : "2-1-MedDispTriatec",
      "meta" : {
        "profile" : ["http://fhir.ch/ig/ch-emed/StructureDefinition/ch-emed-medicationdispense-list"]
      },
      "text" : {
        "status" : "extensions",
        "div" : "<div xmlns=\"http://www.w3.org/1999/xhtml\"><p><b>Generated Narrative: MedicationDispense</b><a name=\"2-1-MedDispTriatec\"> </a></p><div style=\"display: inline-block; background-color: #d9e0e7; padding: 6px; margin: 4px; border: 1px solid #8da1b4; border-radius: 5px; line-height: 60%\"><p style=\"margin-bottom: 0px\">Resource MedicationDispense &quot;2-1-MedDispTriatec&quot; </p><p style=\"margin-bottom: 0px\">Profile: <a href=\"StructureDefinition-ch-emed-medicationdispense-list.html\">CH EMED MedicationDispense (LIST)</a></p></div><blockquote><p><b>CH EMED Extension Treatment Plan</b></p><blockquote><p><b>url</b></p><a href=\"http://hl7.org/fhir/R4/datatypes.html#id\">id</a></blockquote><p><b>value</b>: id:\u00a0urn:uuid:c9f758a1-296c-4710-84d4-e181db8c7478</p><blockquote><p><b>url</b></p><code>externalDocumentId</code></blockquote><p><b>value</b>: id:\u00a0urn:uuid:c9f758a1-296c-4710-84d4-e181db8c7478</p></blockquote><p><b>identifier</b>: id:\u00a0urn:uuid:488bd23a-20c6-11e6-b67b-9e71128cae77</p><p><b>status</b>: completed</p><p><b>medication</b>: <a name=\"Triatec\"> </a></p><blockquote><p/><p><a name=\"Triatec\"> </a></p><p><b>code</b>: TRIATEC Tabl 2.5 mg <span style=\"background: LightGoldenRodYellow; margin: 4px; border: 1px solid khaki\"> (unknown#7680538751228 &quot;TRIATEC Tabl 2.5 mg 20 Stk&quot;)</span></p><p><b>form</b>: Tablette <span style=\"background: LightGoldenRodYellow; margin: 4px; border: 1px solid khaki\"> (<a href=\"CodeSystem-edqm-standardterms.html\">EDQM - Standard Terms</a>#10219000 &quot;Tablet&quot;)</span></p><p><b>amount</b>: 20 Tablet (unit of presentation)<span style=\"background: LightGoldenRodYellow\"> (Details: SNOMED CT code 732936001 = 'Tablet (unit of presentation)')</span>/1 Package<span style=\"background: LightGoldenRodYellow\"> (Details: UCUM code {Package} = '{Package}')</span></p><h3>Ingredients</h3><table class=\"grid\"><tr><td>-</td><td><b>Item[x]</b></td><td><b>Strength</b></td></tr><tr><td>*</td><td>Ramipril <span style=\"background: LightGoldenRodYellow; margin: 4px; border: 1px solid khaki\"> (<a href=\"https://browser.ihtsdotools.org/\">SNOMED CT[??]</a>#386872004 &quot;Ramipril (substance)&quot;)</span></td><td>2.5 milligram<span style=\"background: LightGoldenRodYellow\"> (Details: UCUM code mg = 'mg')</span>/1 Tablet (unit of presentation)<span style=\"background: LightGoldenRodYellow\"> (Details: SNOMED CT code 732936001 = 'Tablet (unit of presentation)')</span></td></tr></table></blockquote><p><b>subject</b>: <a href=\"#Patient_MonikaWegmueller\">See above (Patient/MonikaWegmueller)</a></p><h3>Performers</h3><table class=\"grid\"><tr><td>-</td><td><b>Actor</b></td></tr><tr><td>*</td><td><a href=\"#PractitionerRole_FamilienHausarztAtHausarzt\">See above (PractitionerRole/FamilienHausarztAtHausarzt)</a></td></tr></table><p><b>quantity</b>: 1 Package<span style=\"background: LightGoldenRodYellow\"> (Details: UCUM code {Package} = '{Package}')</span></p><p><b>whenHandedOver</b>: 2011-11-29 11:01:00+0100</p><blockquote><p><b>dosageInstruction</b></p><p><b>patientInstruction</b>: -</p><p><b>timing</b>: Starting 2011-11-29, , ?ngen-6?</p><p><b>route</b>: zum Einnehmen <span style=\"background: LightGoldenRodYellow; margin: 4px; border: 1px solid khaki\"> (<a href=\"CodeSystem-edqm-standardterms.html\">EDQM - Standard Terms</a>#20053000 &quot;Oral use&quot;)</span></p><blockquote><p><b>doseAndRate</b></p></blockquote></blockquote><h3>Substitutions</h3><table class=\"grid\"><tr><td>-</td><td><b>WasSubstituted</b></td><td><b>Type</b></td></tr><tr><td>*</td><td>true</td><td>equivalent <span style=\"background: LightGoldenRodYellow; margin: 4px; border: 1px solid khaki\"> (<a href=\"http://terminology.hl7.org/5.1.0/CodeSystem-v3-substanceAdminSubstitution.html\">Substance Admin Substitution</a>#E)</span></td></tr></table><hr/><blockquote><p><b>Generated Narrative: Medication #Triatec</b><a name=\"Triatec\"> </a></p><p><b>code</b>: TRIATEC Tabl 2.5 mg <span style=\"background: LightGoldenRodYellow; margin: 4px; border: 1px solid khaki\"> (unknown#7680538751228 &quot;TRIATEC Tabl 2.5 mg 20 Stk&quot;)</span></p><p><b>form</b>: Tablette <span style=\"background: LightGoldenRodYellow; margin: 4px; border: 1px solid khaki\"> (<a href=\"CodeSystem-edqm-standardterms.html\">EDQM - Standard Terms</a>#10219000 &quot;Tablet&quot;)</span></p><p><b>amount</b>: 20 Tablet (unit of presentation)<span style=\"background: LightGoldenRodYellow\"> (Details: SNOMED CT code 732936001 = 'Tablet (unit of presentation)')</span>/1 Package<span style=\"background: LightGoldenRodYellow\"> (Details: UCUM code {Package} = '{Package}')</span></p><h3>Ingredients</h3><table class=\"grid\"><tr><td>-</td><td><b>Item[x]</b></td><td><b>Strength</b></td></tr><tr><td>*</td><td>Ramipril <span style=\"background: LightGoldenRodYellow; margin: 4px; border: 1px solid khaki\"> (<a href=\"https://browser.ihtsdotools.org/\">SNOMED CT[??]</a>#386872004 &quot;Ramipril (substance)&quot;)</span></td><td>2.5 milligram<span style=\"background: LightGoldenRodYellow\"> (Details: UCUM code mg = 'mg')</span>/1 Tablet (unit of presentation)<span style=\"background: LightGoldenRodYellow\"> (Details: SNOMED CT code 732936001 = 'Tablet (unit of presentation)')</span></td></tr></table></blockquote></div>"
      },
      "contained" : [{
        "resourceType" : "Medication",
        "id" : "Triatec",
        "meta" : {
          "profile" : ["http://fhir.ch/ig/ch-emed/StructureDefinition/ch-emed-medication"]
        },
        "code" : {
          "coding" : [{
            "system" : "urn:oid:2.51.1.1",
            "code" : "7680538751228",
            "display" : "TRIATEC Tabl 2.5 mg 20 Stk"
          }],
          "text" : "TRIATEC Tabl 2.5 mg"
        },
        "form" : {
          "coding" : [{
            "system" : "urn:oid:0.4.0.127.0.16.1.1.2.1",
            "code" : "10219000",
            "display" : "Tablet"
          }],
          "text" : "Tablette"
        },
        "amount" : {
          "numerator" : {
            "value" : 20,
            "unit" : "Tablet (unit of presentation)",
            "system" : "http://snomed.info/sct",
            "code" : "732936001"
          },
          "denominator" : {
            "value" : 1,
            "unit" : "Package",
            "system" : "http://unitsofmeasure.org",
            "code" : "{Package}"
          }
        },
        "ingredient" : [{
          "itemCodeableConcept" : {
            "coding" : [{
              "system" : "http://snomed.info/sct",
              "version" : "http://snomed.info/sct/2011000195101",
              "code" : "386872004",
              "display" : "Ramipril (substance)"
            }],
            "text" : "Ramipril"
          },
          "strength" : {
            "numerator" : {
              "value" : 2.5,
              "unit" : "milligram",
              "system" : "http://unitsofmeasure.org",
              "code" : "mg"
            },
            "denominator" : {
              "value" : 1,
              "unit" : "Tablet (unit of presentation)",
              "system" : "http://snomed.info/sct",
              "code" : "732936001"
            }
          }
        }]
      }],
      "extension" : [{
        "extension" : [{
          "url" : "id",
          "valueIdentifier" : {
            "system" : "urn:ietf:rfc:3986",
            "value" : "urn:uuid:c9f758a1-296c-4710-84d4-e181db8c7478"
          }
        },
        {
          "url" : "externalDocumentId",
          "valueIdentifier" : {
            "system" : "urn:ietf:rfc:3986",
            "value" : "urn:uuid:c9f758a1-296c-4710-84d4-e181db8c7478"
          }
        }],
        "url" : "http://fhir.ch/ig/ch-emed/StructureDefinition/ch-emed-ext-treatmentplan"
      }],
      "identifier" : [{
        "system" : "urn:ietf:rfc:3986",
        "value" : "urn:uuid:488bd23a-20c6-11e6-b67b-9e71128cae77"
      }],
      "status" : "completed",
      "medicationReference" : {
        "reference" : "#Triatec"
      },
      "subject" : {
        "reference" : "Patient/MonikaWegmueller"
      },
      "performer" : [{
        "actor" : {
          "reference" : "PractitionerRole/FamilienHausarztAtHausarzt"
        }
      }],
      "quantity" : {
        "value" : 1,
        "unit" : "Package",
        "system" : "http://unitsofmeasure.org",
        "code" : "{Package}"
      },
      "whenHandedOver" : "2011-11-29T11:01:00+01:00",
      "dosageInstruction" : [{
        "patientInstruction" : "-",
        "timing" : {
          "repeat" : {
            "boundsPeriod" : {
              "start" : "2011-11-29"
            },
            "when" : ["MORN"]
          }
        },
        "route" : {
          "coding" : [{
            "system" : "urn:oid:0.4.0.127.0.16.1.1.2.1",
            "code" : "20053000",
            "display" : "Oral use"
          }],
          "text" : "zum Einnehmen"
        },
        "doseAndRate" : [{
          "doseQuantity" : {
            "value" : 0.5,
            "unit" : "Tablet (unit of presentation)",
            "system" : "http://snomed.info/sct",
            "code" : "732936001"
          }
        }]
      }],
      "substitution" : {
        "wasSubstituted" : true,
        "type" : {
          "coding" : [{
            "system" : "http://terminology.hl7.org/CodeSystem/v3-substanceAdminSubstitution",
            "code" : "E",
            "display" : "equivalent"
          }]
        }
      }
    }
  }]
}