URL,Version,Status,OIDs,Name,Title,Descriptino,Used
http://fhir.ch/ig/ch-vacd/CodeSystem/ch-vacd-allergyintolerance-cs,4.0.1,active,,SwissAllergyIntoleranceCodesystem,Swiss AllergyIntolerance Codesystem,"AllergyIntolerance codes in Switzerland.",
http://fhir.ch/ig/ch-vacd/CodeSystem/ch-vacd-basic-immunization-cs,4.0.1,active,,BasicImmunizationCodesystem,Basic Immunization codes,"Clinical Decision Support Event",
http://fhir.ch/ig/ch-vacd/CodeSystem/ch-vacd-clinical-decision-support-event-cs,4.0.1,active,,ClinicalDecisionSupportEvent,CDS Event,"Clinical Decision Support Event",
http://fhir.ch/ig/ch-vacd/CodeSystem/ch-vacd-entry-conflict-cs,4.0.1,active,,EntryConflictCodesystem,Entry Conflict Code System,"The entry conflict codesystem",
http://fhir.ch/ig/ch-vacd/CodeSystem/ch-vacd-exposure-risks-cs,4.0.1,active,,SwissExposureRisksCodesystem,Swiss Exposure Risks Codesystem,"Exposure risks codes available in Switzerland.",
http://fhir.ch/ig/ch-vacd/CodeSystem/ch-vacd-myvaccines-cs,4.0.1,active,,OldSwissVaccinesCodesystem,Old Swiss Vaccines Codesystem,"Old vaccines codes earlier available in Switzerland.",
http://fhir.ch/ig/ch-vacd/CodeSystem/ch-vacd-recommendation-categories-cs,4.0.1,active,"2.16.756.5.30.1.127.3.3.4",SwissImmunizationRecommendationCategoriesCodesystem,Swiss Immunization Recommendation Categories Codesystem,"Immunization recommendation categories available in Switzerland.",
http://fhir.ch/ig/ch-vacd/CodeSystem/ch-vacd-recommendation-forecast-status-cs,4.0.1,active,,SwissRecommendationForecastStatusCodesystem,Swiss Recommendation Forecast Status Codesystem,"Swiss Recommendation Forecast Status Codesystem",
http://fhir.ch/ig/ch-vacd/CodeSystem/ch-vacd-swissmedic-cs,4.0.1,active,,SwissMedicAuthorizedVaccinesCodesystem,Swiss Medic Authorized Vaccines Codesystem,"The vaccines swissmedic has given an autorization number.",
