URL,Version,Status,OIDs,Name,Title,Descriptino,Uses,Used,Sources
http://fhir.ch/ig/ch-vacd/ValueSet/ch-vacd-basic-immunization-vs,5.0.0,active,,BasicImmunizationCode,Basic Immunization Codes,"The codes for declaring basic immunization.",,"Internal"
http://fhir.ch/ig/ch-vacd/ValueSet/ch-vacd-entry-conflict-vs,5.0.0,active,,CHVACDEntryConflictCode,Entry Conflict Codes,"The codes for declaring document entry conflicts",,"Internal"
http://fhir.ch/ig/ch-vacd/ValueSet/ch-vacd-immunization-allergyintolerances-vs,5.0.0,draft,,AllergiesAndIntolerancesForImmunization,Allergies and Intolerance values for Immunization,"The allergies and adverse reactions which have an influence on the immunization recommendations.",,"SCT"
http://fhir.ch/ig/ch-vacd/ValueSet/ch-vacd-laboratory-serology-vs,5.0.0,active,,LaboratorySerologyImmunization,Laboratory Serology for Immunization,"Laboratory Serology for immunization",,"LOINC"
http://fhir.ch/ig/ch-vacd/ValueSet/ch-vacd-risks-medical-vs,5.0.0,active,,SwissMedicalRisksForImmunizations,Swiss Medical Risks For Immunizations,"The medical risks used in Switzerland.",,"SCT"
http://fhir.ch/ig/ch-vacd/ValueSet/ch-vacd-risks-occupation-vs,5.0.0,active,,SwissOccupationRisksForImmunizations,Swiss Occupation Risks For Immunizations,"The occupation exposition risks used in Switzerland.",,"SCT,Internal"
http://fhir.ch/ig/ch-vacd/ValueSet/ch-vacd-risks-preillness-vs,5.0.0,active,,SwissPreillnessRisksForImmunizations,Swiss Preillness Risks For Immunizations,"The preillness risks used in Switzerland.",,"SCT"
http://fhir.ch/ig/ch-vacd/ValueSet/ch-vacd-risks-social-vs,5.0.0,active,,SwissSocialRisksForImmunizations,Swiss Social Risks For Immunizations,"The social exposition risks used in Switzerland.",,"SCT"
http://fhir.ch/ig/ch-vacd/ValueSet/ch-vacd-risks-vs,5.0.0,active,,SwissRisksForImmunizations,Swiss Risks For Immunizations,"The medical and exposition risks used in Switzerland.",,
