<?xml version="1.0" encoding="UTF-8"?><ValueSet xmlns="http://hl7.org/fhir"><id value="ch-orf-vs-personalrelation"/><text><status value="generated"/><div xmlns="http://www.w3.org/1999/xhtml"><ul><li>Include these codes as defined in <a href="http://www.snomed.org/"><code>http://snomed.info/sct</code></a><table class="none"><tr><td style="white-space:nowrap"><b>Code</b></td><td><b>Display</b></td></tr><tr><td><a href="http://snomed.info/id/66089001">66089001</a></td><td>Daughter (person)</td></tr><tr><td><a href="http://snomed.info/id/65616008">65616008</a></td><td>Son (person)</td></tr><tr><td><a href="http://snomed.info/id/127849001">127849001</a></td><td>Husband (person)</td></tr><tr><td><a href="http://snomed.info/id/127850001">127850001</a></td><td>Wife (person)</td></tr><tr><td><a href="http://snomed.info/id/394921008">394921008</a></td><td>Cohabitee (person)</td></tr><tr><td><a href="http://snomed.info/id/70924004">70924004</a></td><td>Brother (person)</td></tr><tr><td><a href="http://snomed.info/id/27733009">27733009</a></td><td>Sister (person)</td></tr><tr><td><a href="http://snomed.info/id/72705000">72705000</a></td><td>Mother (person)</td></tr><tr><td><a href="http://snomed.info/id/66839005">66839005</a></td><td>Father (person)</td></tr><tr><td><a href="http://snomed.info/id/48385004">48385004</a></td><td>Acquaintance (person)</td></tr></table></li></ul></div></text><url value="http://fhir.ch/ig/ch-orf/ValueSet/ch-orf-vs-personalrelation"/><version value="2.0.1"/><name value="ChOrfVsPersonalRelation"/><title value="Personal Relation"/><status value="active"/><experimental value="false"/><date value="2023-12-28T11:41:33+01:00"/><publisher value="HL7 Switzerland"/><contact><name value="HL7 Switzerland"/><telecom><system value="url"/><value value="https://www.hl7.ch/"/></telecom></contact><description value="Value Set for Personal Relation"/><jurisdiction><coding><system value="urn:iso:std:iso:3166"/><code value="CH"/></coding></jurisdiction><copyright value="CC0-1.0"/><compose><include><system value="http://snomed.info/sct"/><concept><code value="66089001"/><display value="Daughter (person)"/></concept><concept><code value="65616008"/><display value="Son (person)"/></concept><concept><code value="127849001"/><display value="Husband (person)"/></concept><concept><code value="127850001"/><display value="Wife (person)"/></concept><concept><code value="394921008"/><display value="Cohabitee (person)"/></concept><concept><code value="70924004"/><display value="Brother (person)"/></concept><concept><code value="27733009"/><display value="Sister (person)"/></concept><concept><code value="72705000"/><display value="Mother (person)"/></concept><concept><code value="66839005"/><display value="Father (person)"/></concept><concept><code value="48385004"/><display value="Acquaintance (person)"/></concept></include></compose></ValueSet>