<?xml version="1.0" encoding="UTF-8"?><ValueSet xmlns="http://hl7.org/fhir"><id value="ch-orf-vs-desiredaccommodation"/><text><status value="generated"/><div xmlns="http://www.w3.org/1999/xhtml"><ul><li>Include these codes as defined in <a href="http://fhir.ch/ig/ch-core/4.0.1/CodeSystem-bfs-medstats-21-encountertype.html"><code>http://fhir.ch/ig/ch-core/CodeSystem/bfs-medstats-21-encountertype</code></a><table class="none"><tr><td style="white-space:nowrap"><b>Code</b></td><td><b>Display</b></td></tr><tr><td><a href="http://fhir.ch/ig/ch-core/4.0.1/CodeSystem-bfs-medstats-21-encountertype.html#bfs-medstats-21-encountertype-1">1</a></td><td>allgemein</td></tr><tr><td><a href="http://fhir.ch/ig/ch-core/4.0.1/CodeSystem-bfs-medstats-21-encountertype.html#bfs-medstats-21-encountertype-2">2</a></td><td>halbprivat</td></tr><tr><td><a href="http://fhir.ch/ig/ch-core/4.0.1/CodeSystem-bfs-medstats-21-encountertype.html#bfs-medstats-21-encountertype-3">3</a></td><td>privat</td></tr></table></li></ul></div></text><url value="http://fhir.ch/ig/ch-orf/ValueSet/ch-orf-vs-desiredaccommodation"/><version value="2.0.1"/><name value="ChOrfVsDesiredAccommodation"/><title value="Desired Accomodation"/><status value="active"/><experimental value="false"/><date value="2023-12-28T11:41:33+01:00"/><publisher value="HL7 Switzerland"/><contact><name value="HL7 Switzerland"/><telecom><system value="url"/><value value="https://www.hl7.ch/"/></telecom></contact><description value="Value Set for CH ORF Desired Accomodation"/><jurisdiction><coding><system value="urn:iso:std:iso:3166"/><code value="CH"/></coding></jurisdiction><copyright value="CC0-1.0"/><compose><include><system value="http://fhir.ch/ig/ch-core/CodeSystem/bfs-medstats-21-encountertype"/><concept><code value="1"/><display value="allgemein"/></concept><concept><code value="2"/><display value="halbprivat"/></concept><concept><code value="3"/><display value="privat"/></concept></include></compose></ValueSet>