{"resourceType":"StructureDefinition","id":"ch-core-address-ech-11-placeofbirth","text":{"status":"extensions","div":"<div xmlns=\"http://www.w3.org/1999/xhtml\"><table border=\"0\" cellpadding=\"0\" cellspacing=\"0\" style=\"border: 0px #F0F0F0 solid; font-size: 11px; font-family: verdana; vertical-align: top;\"><tr style=\"border: 1px #F0F0F0 solid; font-size: 11px; font-family: verdana; vertical-align: top\"><th style=\"vertical-align: top; text-align : left; background-color: white; border: 0px #F0F0F0 solid; padding:0px 4px 0px 4px\" class=\"hierarchy\"><a href=\"https://build.fhir.org/ig/FHIR/ig-guidance/readingIgs.html#table-views\" title=\"The logical name of the element\">Name</a></th><th style=\"vertical-align: top; text-align : left; background-color: white; border: 0px #F0F0F0 solid; padding:0px 4px 0px 4px\" class=\"hierarchy\"><a href=\"https://build.fhir.org/ig/FHIR/ig-guidance/readingIgs.html#table-views\" title=\"Information about the use of the element\">Flags</a></th><th style=\"vertical-align: top; text-align : left; background-color: white; border: 0px #F0F0F0 solid; padding:0px 4px 0px 4px\" class=\"hierarchy\"><a href=\"https://build.fhir.org/ig/FHIR/ig-guidance/readingIgs.html#table-views\" title=\"Minimum and Maximum # of times the the element can appear in the instance\">Card.</a></th><th style=\"width: 100px\" class=\"hierarchy\"><a href=\"https://build.fhir.org/ig/FHIR/ig-guidance/readingIgs.html#table-views\" title=\"Reference to the type of the element\">Type</a></th><th style=\"vertical-align: top; text-align : left; background-color: white; border: 0px #F0F0F0 solid; padding:0px 4px 0px 4px\" class=\"hierarchy\"><a href=\"https://build.fhir.org/ig/FHIR/ig-guidance/readingIgs.html#table-views\" title=\"Additional information about the element\">Description &amp; Constraints</a><span style=\"float: right\"><a href=\"https://build.fhir.org/ig/FHIR/ig-guidance/readingIgs.html#table-views\" title=\"Legend for this format\"><img src=\"http://hl7.org/fhir/R4/help16.png\" alt=\"doco\" style=\"background-color: inherit\"/></a></span></th></tr><tr style=\"border: 0px #F0F0F0 solid; padding:0px; vertical-align: top; background-color: white\"><td style=\"vertical-align: top; text-align : left; background-color: white; border: 0px #F0F0F0 solid; padding:0px 4px 0px 4px; white-space: nowrap; background-image: url(tbl_bck1.png)\" class=\"hierarchy\"><img src=\"tbl_spacer.png\" alt=\".\" style=\"background-color: inherit\" class=\"hierarchy\"/><img src=\"icon_element.gif\" alt=\".\" style=\"background-color: white; background-color: inherit\" title=\"Element\" class=\"hierarchy\"/> <a href=\"StructureDefinition-ch-core-address-ech-11-placeofbirth-definitions.html#Address\">Address</a><a name=\"Address\"> </a></td><td style=\"vertical-align: top; text-align : left; background-color: white; border: 0px #F0F0F0 solid; padding:0px 4px 0px 4px\" class=\"hierarchy\"/><td style=\"vertical-align: top; text-align : left; background-color: white; border: 0px #F0F0F0 solid; padding:0px 4px 0px 4px\" class=\"hierarchy\">0..*</td><td style=\"vertical-align: top; text-align : left; background-color: white; border: 0px #F0F0F0 solid; padding:0px 4px 0px 4px\" class=\"hierarchy\"><a href=\"StructureDefinition-ch-core-address.html\">CHCoreAddress</a></td><td style=\"vertical-align: top; text-align : left; background-color: white; border: 0px #F0F0F0 solid; padding:0px 4px 0px 4px\" class=\"hierarchy\">An address expressed using postal conventions (as opposed to GPS or other location definition formats)<br/></td></tr>\r\n<tr style=\"border: 0px #F0F0F0 solid; padding:0px; vertical-align: top; background-color: #F7F7F7\"><td style=\"vertical-align: top; text-align : left; background-color: #F7F7F7; border: 0px #F0F0F0 solid; padding:0px 4px 0px 4px; white-space: nowrap; background-image: url(tbl_bck10.png)\" class=\"hierarchy\"><img src=\"tbl_spacer.png\" alt=\".\" style=\"background-color: inherit\" class=\"hierarchy\"/><img src=\"tbl_vjoin.png\" alt=\".\" style=\"background-color: inherit\" class=\"hierarchy\"/><img src=\"icon_primitive.png\" alt=\".\" style=\"background-color: #F7F7F7; background-color: inherit\" title=\"Primitive Data Type\" class=\"hierarchy\"/> <span style=\"text-decoration:line-through\" title=\"The purpose of this address.\">use</span><a name=\"Address.use\"> </a></td><td style=\"vertical-align: top; text-align : left; background-color: #F7F7F7; border: 0px #F0F0F0 solid; padding:0px 4px 0px 4px\" class=\"hierarchy\"/><td style=\"vertical-align: top; text-align : left; background-color: #F7F7F7; border: 0px #F0F0F0 solid; padding:0px 4px 0px 4px\" class=\"hierarchy\"><span style=\"text-decoration:line-through\"/><span style=\"text-decoration:line-through\">0</span><span style=\"text-decoration:line-through\">..</span><span style=\"text-decoration:line-through\">0</span></td><td style=\"vertical-align: top; text-align : left; background-color: #F7F7F7; border: 0px #F0F0F0 solid; padding:0px 4px 0px 4px\" class=\"hierarchy\"/><td style=\"vertical-align: top; text-align : left; background-color: #F7F7F7; border: 0px #F0F0F0 solid; padding:0px 4px 0px 4px\" class=\"hierarchy\"/></tr>\r\n<tr style=\"border: 0px #F0F0F0 solid; padding:0px; vertical-align: top; background-color: white\"><td style=\"vertical-align: top; text-align : left; background-color: white; border: 0px #F0F0F0 solid; padding:0px 4px 0px 4px; white-space: nowrap; background-image: url(tbl_bck10.png)\" class=\"hierarchy\"><img src=\"tbl_spacer.png\" alt=\".\" style=\"background-color: inherit\" class=\"hierarchy\"/><img src=\"tbl_vjoin.png\" alt=\".\" style=\"background-color: inherit\" class=\"hierarchy\"/><img src=\"icon_primitive.png\" alt=\".\" style=\"background-color: white; background-color: inherit\" title=\"Primitive Data Type\" class=\"hierarchy\"/> <span style=\"text-decoration:line-through\">type</span><a name=\"Address.type\"> </a></td><td style=\"vertical-align: top; text-align : left; background-color: white; border: 0px #F0F0F0 solid; padding:0px 4px 0px 4px\" class=\"hierarchy\"/><td style=\"vertical-align: top; text-align : left; background-color: white; border: 0px #F0F0F0 solid; padding:0px 4px 0px 4px\" class=\"hierarchy\"><span style=\"text-decoration:line-through\"/><span style=\"text-decoration:line-through\">0</span><span style=\"text-decoration:line-through\">..</span><span style=\"text-decoration:line-through\">0</span></td><td style=\"vertical-align: top; text-align : left; background-color: white; border: 0px #F0F0F0 solid; padding:0px 4px 0px 4px\" class=\"hierarchy\"/><td style=\"vertical-align: top; text-align : left; background-color: white; border: 0px #F0F0F0 solid; padding:0px 4px 0px 4px\" class=\"hierarchy\"/></tr>\r\n<tr style=\"border: 0px #F0F0F0 solid; padding:0px; vertical-align: top; background-color: #F7F7F7\"><td style=\"vertical-align: top; text-align : left; background-color: #F7F7F7; border: 0px #F0F0F0 solid; padding:0px 4px 0px 4px; white-space: nowrap; background-image: url(tbl_bck10.png)\" class=\"hierarchy\"><img src=\"tbl_spacer.png\" alt=\".\" style=\"background-color: inherit\" class=\"hierarchy\"/><img src=\"tbl_vjoin.png\" alt=\".\" style=\"background-color: inherit\" class=\"hierarchy\"/><img src=\"icon_primitive.png\" alt=\".\" style=\"background-color: #F7F7F7; background-color: inherit\" title=\"Primitive Data Type\" class=\"hierarchy\"/> <span style=\"text-decoration:line-through\" title=\"Specifies the entire address as it should be displayed e.g. on a postal label. This may be provided instead of or as well as the specific parts.\">text</span><a name=\"Address.text\"> </a></td><td style=\"vertical-align: top; text-align : left; background-color: #F7F7F7; border: 0px #F0F0F0 solid; padding:0px 4px 0px 4px\" class=\"hierarchy\"/><td style=\"vertical-align: top; text-align : left; background-color: #F7F7F7; border: 0px #F0F0F0 solid; padding:0px 4px 0px 4px\" class=\"hierarchy\"><span style=\"text-decoration:line-through\"/><span style=\"text-decoration:line-through\">0</span><span style=\"text-decoration:line-through\">..</span><span style=\"text-decoration:line-through\">0</span></td><td style=\"vertical-align: top; text-align : left; background-color: #F7F7F7; border: 0px #F0F0F0 solid; padding:0px 4px 0px 4px\" class=\"hierarchy\"/><td style=\"vertical-align: top; text-align : left; background-color: #F7F7F7; border: 0px #F0F0F0 solid; padding:0px 4px 0px 4px\" class=\"hierarchy\"/></tr>\r\n<tr style=\"border: 0px #F0F0F0 solid; padding:0px; vertical-align: top; background-color: white\"><td style=\"vertical-align: top; text-align : left; background-color: white; border: 0px #F0F0F0 solid; padding:0px 4px 0px 4px; white-space: nowrap; background-image: url(tbl_bck10.png)\" class=\"hierarchy\"><img src=\"tbl_spacer.png\" alt=\".\" style=\"background-color: inherit\" class=\"hierarchy\"/><img src=\"tbl_vjoin.png\" alt=\".\" style=\"background-color: inherit\" class=\"hierarchy\"/><img src=\"icon_primitive.png\" alt=\".\" style=\"background-color: white; background-color: inherit\" title=\"Primitive Data Type\" class=\"hierarchy\"/> <span style=\"text-decoration:line-through\" title=\"This component contains the house number, apartment number, street name, street direction,  P.O. Box number, delivery hints, and similar address information.\">line</span><a name=\"Address.line\"> </a></td><td style=\"vertical-align: top; text-align : left; background-color: white; border: 0px #F0F0F0 solid; padding:0px 4px 0px 4px\" class=\"hierarchy\"/><td style=\"vertical-align: top; text-align : left; background-color: white; border: 0px #F0F0F0 solid; padding:0px 4px 0px 4px\" class=\"hierarchy\"><span style=\"text-decoration:line-through\"/><span style=\"text-decoration:line-through\">0</span><span style=\"text-decoration:line-through\">..</span><span style=\"text-decoration:line-through\">0</span></td><td style=\"vertical-align: top; text-align : left; background-color: white; border: 0px #F0F0F0 solid; padding:0px 4px 0px 4px\" class=\"hierarchy\"/><td style=\"vertical-align: top; text-align : left; background-color: white; border: 0px #F0F0F0 solid; padding:0px 4px 0px 4px\" class=\"hierarchy\"/></tr>\r\n<tr style=\"border: 0px #F0F0F0 solid; padding:0px; vertical-align: top; background-color: #F7F7F7\"><td style=\"vertical-align: top; text-align : left; background-color: #F7F7F7; border: 0px #F0F0F0 solid; padding:0px 4px 0px 4px; white-space: nowrap; background-image: url(tbl_bck11.png)\" class=\"hierarchy\"><img src=\"tbl_spacer.png\" alt=\".\" style=\"background-color: inherit\" class=\"hierarchy\"/><img src=\"tbl_vjoin.png\" alt=\".\" style=\"background-color: inherit\" class=\"hierarchy\"/><img src=\"icon_primitive.png\" alt=\".\" style=\"background-color: #F7F7F7; background-color: inherit\" title=\"Primitive Data Type\" class=\"hierarchy\"/> <a href=\"StructureDefinition-ch-core-address-ech-11-placeofbirth-definitions.html#Address.city\" title=\"optional if country is not Switzerland\">city</a><a name=\"Address.city\"> </a></td><td style=\"vertical-align: top; text-align : left; background-color: #F7F7F7; border: 0px #F0F0F0 solid; padding:0px 4px 0px 4px\" class=\"hierarchy\"><span style=\"padding-left: 3px; padding-right: 3px; color: black; null\" title=\"This element is included in summaries\">Σ</span></td><td style=\"vertical-align: top; text-align : left; background-color: #F7F7F7; border: 0px #F0F0F0 solid; padding:0px 4px 0px 4px\" class=\"hierarchy\">0..1</td><td style=\"vertical-align: top; text-align : left; background-color: #F7F7F7; border: 0px #F0F0F0 solid; padding:0px 4px 0px 4px\" class=\"hierarchy\"><a href=\"http://hl7.org/fhir/R4/datatypes.html#string\">string</a></td><td style=\"vertical-align: top; text-align : left; background-color: #F7F7F7; border: 0px #F0F0F0 solid; padding:0px 4px 0px 4px\" class=\"hierarchy\">Place of Birth (municipality)</td></tr>\r\n<tr style=\"border: 0px #F0F0F0 solid; padding:0px; vertical-align: top; background-color: white\"><td style=\"vertical-align: top; text-align : left; background-color: white; border: 0px #F0F0F0 solid; padding:0px 4px 0px 4px; white-space: nowrap; background-image: url(tbl_bck104.png)\" class=\"hierarchy\"><img src=\"tbl_spacer.png\" alt=\".\" style=\"background-color: inherit\" class=\"hierarchy\"/><img src=\"tbl_vline.png\" alt=\".\" style=\"background-color: inherit\" class=\"hierarchy\"/><img src=\"tbl_vjoin_end.png\" alt=\".\" style=\"background-color: inherit\" class=\"hierarchy\"/><img src=\"icon_slice_item.png\" alt=\".\" style=\"background-color: white; background-color: inherit\" title=\"Slice Item\" class=\"hierarchy\"/> <a href=\"StructureDefinition-ch-core-address-ech-11-placeofbirth-definitions.html#Address.city.extension:bfs\" title=\"Slice bfs\">extension:bfs</a><a name=\"Address.city.extension\"> </a></td><td style=\"vertical-align: top; text-align : left; background-color: white; border: 0px #F0F0F0 solid; padding:0px 4px 0px 4px\" class=\"hierarchy\"/><td style=\"vertical-align: top; text-align : left; background-color: white; border: 0px #F0F0F0 solid; padding:0px 4px 0px 4px\" class=\"hierarchy\"><span style=\"opacity: 0.5\">0</span><span style=\"opacity: 0.5\">..</span><span style=\"opacity: 0.5\">1</span></td><td style=\"vertical-align: top; text-align : left; background-color: white; border: 0px #F0F0F0 solid; padding:0px 4px 0px 4px\" class=\"hierarchy\"><a style=\"opacity: 0.5\" href=\"StructureDefinition-ch-ext-ech-7-municipalityid.html\" title=\"Extension\">ECH007MunicipalityId</a></td><td style=\"vertical-align: top; text-align : left; background-color: white; border: 0px #F0F0F0 solid; padding:0px 4px 0px 4px\" class=\"hierarchy\"><span style=\"opacity: 0.5\">Extension</span></td></tr>\r\n<tr style=\"border: 0px #F0F0F0 solid; padding:0px; vertical-align: top; background-color: #F7F7F7\"><td style=\"vertical-align: top; text-align : left; background-color: #F7F7F7; border: 0px #F0F0F0 solid; padding:0px 4px 0px 4px; white-space: nowrap; background-image: url(tbl_bck10.png)\" class=\"hierarchy\"><img src=\"tbl_spacer.png\" alt=\".\" style=\"background-color: inherit\" class=\"hierarchy\"/><img src=\"tbl_vjoin.png\" alt=\".\" style=\"background-color: inherit\" class=\"hierarchy\"/><img src=\"icon_primitive.png\" alt=\".\" style=\"background-color: #F7F7F7; background-color: inherit\" title=\"Primitive Data Type\" class=\"hierarchy\"/> <span style=\"text-decoration:line-through\" title=\"The name of the administrative area (county).\">district</span><a name=\"Address.district\"> </a></td><td style=\"vertical-align: top; text-align : left; background-color: #F7F7F7; border: 0px #F0F0F0 solid; padding:0px 4px 0px 4px\" class=\"hierarchy\"><span style=\"text-decoration:line-through\" title=\"This element is included in summaries\">Σ</span></td><td style=\"vertical-align: top; text-align : left; background-color: #F7F7F7; border: 0px #F0F0F0 solid; padding:0px 4px 0px 4px\" class=\"hierarchy\"><span style=\"text-decoration:line-through\"/><span style=\"text-decoration:line-through\">0</span><span style=\"text-decoration:line-through\">..</span><span style=\"text-decoration:line-through\">0</span></td><td style=\"vertical-align: top; text-align : left; background-color: #F7F7F7; border: 0px #F0F0F0 solid; padding:0px 4px 0px 4px\" class=\"hierarchy\"/><td style=\"vertical-align: top; text-align : left; background-color: #F7F7F7; border: 0px #F0F0F0 solid; padding:0px 4px 0px 4px\" class=\"hierarchy\"/></tr>\r\n<tr style=\"border: 0px #F0F0F0 solid; padding:0px; vertical-align: top; background-color: white\"><td style=\"vertical-align: top; text-align : left; background-color: white; border: 0px #F0F0F0 solid; padding:0px 4px 0px 4px; white-space: nowrap; background-image: url(tbl_bck10.png)\" class=\"hierarchy\"><img src=\"tbl_spacer.png\" alt=\".\" style=\"background-color: inherit\" class=\"hierarchy\"/><img src=\"tbl_vjoin.png\" alt=\".\" style=\"background-color: inherit\" class=\"hierarchy\"/><img src=\"icon_primitive.png\" alt=\".\" style=\"background-color: white; background-color: inherit\" title=\"Primitive Data Type\" class=\"hierarchy\"/> <a href=\"StructureDefinition-ch-core-address-ech-11-placeofbirth-definitions.html#Address.state\" title=\"Canton 2 letter abbreviation\">state</a><a name=\"Address.state\"> </a></td><td style=\"vertical-align: top; text-align : left; background-color: white; border: 0px #F0F0F0 solid; padding:0px 4px 0px 4px\" class=\"hierarchy\"><span style=\"padding-left: 3px; padding-right: 3px; color: black; null\" title=\"This element is included in summaries\">Σ</span></td><td style=\"vertical-align: top; text-align : left; background-color: white; border: 0px #F0F0F0 solid; padding:0px 4px 0px 4px\" class=\"hierarchy\">0..1</td><td style=\"vertical-align: top; text-align : left; background-color: white; border: 0px #F0F0F0 solid; padding:0px 4px 0px 4px\" class=\"hierarchy\"><a href=\"http://hl7.org/fhir/R4/datatypes.html#string\">string</a></td><td style=\"vertical-align: top; text-align : left; background-color: white; border: 0px #F0F0F0 solid; padding:0px 4px 0px 4px\" class=\"hierarchy\">Canton</td></tr>\r\n<tr style=\"border: 0px #F0F0F0 solid; padding:0px; vertical-align: top; background-color: #F7F7F7\"><td style=\"vertical-align: top; text-align : left; background-color: #F7F7F7; border: 0px #F0F0F0 solid; padding:0px 4px 0px 4px; white-space: nowrap; background-image: url(tbl_bck10.png)\" class=\"hierarchy\"><img src=\"tbl_spacer.png\" alt=\".\" style=\"background-color: inherit\" class=\"hierarchy\"/><img src=\"tbl_vjoin.png\" alt=\".\" style=\"background-color: inherit\" class=\"hierarchy\"/><img src=\"icon_primitive.png\" alt=\".\" style=\"background-color: #F7F7F7; background-color: inherit\" title=\"Primitive Data Type\" class=\"hierarchy\"/> <span style=\"text-decoration:line-through\" title=\"A postal code designating a region defined by the postal service.\">postalCode</span><a name=\"Address.postalCode\"> </a></td><td style=\"vertical-align: top; text-align : left; background-color: #F7F7F7; border: 0px #F0F0F0 solid; padding:0px 4px 0px 4px\" class=\"hierarchy\"/><td style=\"vertical-align: top; text-align : left; background-color: #F7F7F7; border: 0px #F0F0F0 solid; padding:0px 4px 0px 4px\" class=\"hierarchy\"><span style=\"text-decoration:line-through\"/><span style=\"text-decoration:line-through\">0</span><span style=\"text-decoration:line-through\">..</span><span style=\"text-decoration:line-through\">0</span></td><td style=\"vertical-align: top; text-align : left; background-color: #F7F7F7; border: 0px #F0F0F0 solid; padding:0px 4px 0px 4px\" class=\"hierarchy\"/><td style=\"vertical-align: top; text-align : left; background-color: #F7F7F7; border: 0px #F0F0F0 solid; padding:0px 4px 0px 4px\" class=\"hierarchy\"/></tr>\r\n<tr style=\"border: 0px #F0F0F0 solid; padding:0px; vertical-align: top; background-color: white\"><td style=\"vertical-align: top; text-align : left; background-color: white; border: 0px #F0F0F0 solid; padding:0px 4px 0px 4px; white-space: nowrap; background-image: url(tbl_bck10.png)\" class=\"hierarchy\"><img src=\"tbl_spacer.png\" alt=\".\" style=\"background-color: inherit\" class=\"hierarchy\"/><img src=\"tbl_vjoin.png\" alt=\".\" style=\"background-color: inherit\" class=\"hierarchy\"/><img src=\"icon_primitive.png\" alt=\".\" style=\"background-color: white; background-color: inherit\" title=\"Primitive Data Type\" class=\"hierarchy\"/> <a href=\"StructureDefinition-ch-core-address-ech-11-placeofbirth-definitions.html#Address.country\" title=\"Country if place of Birth is not Switzerland\">country</a><a name=\"Address.country\"> </a></td><td style=\"vertical-align: top; text-align : left; background-color: white; border: 0px #F0F0F0 solid; padding:0px 4px 0px 4px\" class=\"hierarchy\"><span style=\"padding-left: 3px; padding-right: 3px; color: black; null\" title=\"This element is included in summaries\">Σ</span></td><td style=\"vertical-align: top; text-align : left; background-color: white; border: 0px #F0F0F0 solid; padding:0px 4px 0px 4px\" class=\"hierarchy\">0..1</td><td style=\"vertical-align: top; text-align : left; background-color: white; border: 0px #F0F0F0 solid; padding:0px 4px 0px 4px\" class=\"hierarchy\"><a href=\"http://hl7.org/fhir/R4/datatypes.html#string\">string</a></td><td style=\"vertical-align: top; text-align : left; background-color: white; border: 0px #F0F0F0 solid; padding:0px 4px 0px 4px\" class=\"hierarchy\">Country if place of Birth is not Switzerland</td></tr>\r\n<tr style=\"border: 0px #F0F0F0 solid; padding:0px; vertical-align: top; background-color: #F7F7F7\"><td style=\"vertical-align: top; text-align : left; background-color: #F7F7F7; border: 0px #F0F0F0 solid; padding:0px 4px 0px 4px; white-space: nowrap; background-image: url(tbl_bck00.png)\" class=\"hierarchy\"><img src=\"tbl_spacer.png\" alt=\".\" style=\"background-color: inherit\" class=\"hierarchy\"/><img src=\"tbl_vjoin_end.png\" alt=\".\" style=\"background-color: inherit\" class=\"hierarchy\"/><img src=\"icon_datatype.gif\" alt=\".\" style=\"background-color: #F7F7F7; background-color: inherit\" title=\"Data Type\" class=\"hierarchy\"/> <span style=\"text-decoration:line-through\" title=\"Time period when address was/is in use.\">period</span><a name=\"Address.period\"> </a></td><td style=\"vertical-align: top; text-align : left; background-color: #F7F7F7; border: 0px #F0F0F0 solid; padding:0px 4px 0px 4px\" class=\"hierarchy\"/><td style=\"vertical-align: top; text-align : left; background-color: #F7F7F7; border: 0px #F0F0F0 solid; padding:0px 4px 0px 4px\" class=\"hierarchy\"><span style=\"text-decoration:line-through\"/><span style=\"text-decoration:line-through\">0</span><span style=\"text-decoration:line-through\">..</span><span style=\"text-decoration:line-through\">0</span></td><td style=\"vertical-align: top; text-align : left; background-color: #F7F7F7; border: 0px #F0F0F0 solid; padding:0px 4px 0px 4px\" class=\"hierarchy\"/><td style=\"vertical-align: top; text-align : left; background-color: #F7F7F7; border: 0px #F0F0F0 solid; padding:0px 4px 0px 4px\" class=\"hierarchy\"/></tr>\r\n<tr><td colspan=\"5\" class=\"hierarchy\"><br/><a href=\"https://build.fhir.org/ig/FHIR/ig-guidance/readingIgs.html#table-views\" title=\"Legend for this format\"><img src=\"http://hl7.org/fhir/R4/help16.png\" alt=\"doco\" style=\"background-color: inherit\"/> Documentation for this format</a></td></tr></table></div>"},"url":"http://fhir.ch/ig/ch-core/StructureDefinition/ch-core-address-ech-11-placeofbirth","version":"3.0.0","name":"CHCoreAddressEch11PlaceOfBirth","title":"Address for Place of Birth","status":"active","date":"2018-11-21T00:00:00+10:00","publisher":"HL7 Switzerland","contact":[{"name":"HL7 Switzerland","telecom":[{"system":"url","value":"https://www.hl7.ch/"}]}],"description":"PlaceOfBirth for ech-11","jurisdiction":[{"coding":[{"system":"urn:iso:std:iso:3166","code":"CH"}]}],"copyright":"CC-BY-SA-4.0","fhirVersion":"4.0.1","mapping":[{"identity":"eCH-0011","uri":"http://www.ech.ch/standards/39485","name":"eCH-0011 Datenstandard Personendaten"},{"identity":"eCH","uri":"https://www.ech.ch/","name":"eCH Standards"},{"identity":"CDA-CH-V2","uri":"http://e-health-wiki.ch/index.php/Ehscda:CDA-CH_2017_(specification)","name":"CDA-CH 2020 V2.1"},{"identity":"v2","uri":"http://hl7.org/v2","name":"HL7 v2 Mapping"},{"identity":"rim","uri":"http://hl7.org/v3","name":"RIM Mapping"},{"identity":"servd","uri":"http://www.omg.org/spec/ServD/1.0/","name":"ServD"},{"identity":"vcard","uri":"http://w3.org/vcard","name":"vCard Mapping"}],"kind":"complex-type","abstract":false,"type":"Address","baseDefinition":"http://fhir.ch/ig/ch-core/StructureDefinition/ch-core-address","derivation":"constraint","snapshot":{"element":[{"id":"Address","path":"Address","short":"An address expressed using postal conventions (as opposed to GPS or other location definition formats)","definition":"An address expressed using postal conventions (as opposed to GPS or other location definition formats).  This data type may be used to convey addresses for use in delivering mail as well as for visiting locations which might not be valid for mail delivery.  There are a variety of postal address formats defined around the world.","comment":"Note: address is intended to describe postal addresses for administrative purposes, not to describe absolute geographical coordinates.  Postal addresses are often used as proxies for physical locations (also see the [Location](http://hl7.org/fhir/R4/location.html#) resource).","min":0,"max":"*","base":{"path":"Address","min":0,"max":"*"},"condition":["ele-1"],"isModifier":false,"mapping":[{"identity":"rim","map":"n/a"},{"identity":"v2","map":"XAD"},{"identity":"rim","map":"AD"},{"identity":"servd","map":"Address"},{"identity":"eCH","map":"eCH-0010: 5.5 addressInformation"},{"identity":"CDA-CH-V2","map":"https://art-decor.org/art-decor/decor-templates--hl7chcda-?section=templates&id=2.16.756.5.30.1.1.10.9.35"},{"identity":"eCH-0011","map":"3.3.2 placeOfBirth"}]},{"id":"Address.id","path":"Address.id","representation":["xmlAttr"],"short":"Unique id for inter-element referencing","definition":"Unique id for the element within a resource (for internal references). This may be any string value that does not contain spaces.","min":0,"max":"1","base":{"path":"Element.id","min":0,"max":"1"},"type":[{"extension":[{"url":"http://hl7.org/fhir/StructureDefinition/structuredefinition-fhir-type","valueUrl":"string"}],"code":"http://hl7.org/fhirpath/System.String"}],"isModifier":false,"isSummary":false,"mapping":[{"identity":"rim","map":"n/a"}]},{"id":"Address.extension","path":"Address.extension","slicing":{"discriminator":[{"type":"value","path":"url"}],"description":"Extensions are always sliced by (at least) url","rules":"open"},"short":"Additional content defined by implementations","definition":"May be used to represent additional information that is not part of the basic definition of the element. To make the use of extensions safe and manageable, there is a strict set of governance  applied to the definition and use of extensions. Though any implementer can define an extension, there is a set of requirements that SHALL be met as part of the definition of the extension.","comment":"There can be no stigma associated with the use of extensions by any application, project, or standard - regardless of the institution or jurisdiction that uses or defines the extensions.  The use of extensions is what allows the FHIR specification to retain a core level of simplicity for everyone.","alias":["extensions","user content"],"min":0,"max":"*","base":{"path":"Element.extension","min":0,"max":"*"},"type":[{"code":"Extension"}],"constraint":[{"key":"ele-1","severity":"error","human":"All FHIR elements must have a @value or children","expression":"hasValue() or (children().count() > id.count())","source":"http://hl7.org/fhir/StructureDefinition/Element"},{"key":"ext-1","severity":"error","human":"Must have either extensions or value[x], not both","expression":"extension.exists() != value.exists()","source":"http://hl7.org/fhir/StructureDefinition/Extension"}],"isModifier":false,"isSummary":false,"mapping":[{"identity":"rim","map":"n/a"}]},{"id":"Address.use","path":"Address.use","short":"home | work | temp | old | billing - purpose of this address","definition":"The purpose of this address.","comment":"Applications can assume that an address is current unless it explicitly says that it is temporary or old.","requirements":"Allows an appropriate address to be chosen from a list of many.","min":0,"max":"0","base":{"path":"Address.use","min":0,"max":"1"},"type":[{"code":"code"}],"example":[{"label":"General","valueCode":"home"}],"constraint":[{"key":"ele-1","severity":"error","human":"All FHIR elements must have a @value or children","expression":"hasValue() or (children().count() > id.count())","source":"http://hl7.org/fhir/StructureDefinition/Element"}],"isModifier":true,"isModifierReason":"This is labeled as \"Is Modifier\" because applications should not mistake a temporary or old address etc.for a current/permanent one","isSummary":true,"binding":{"extension":[{"url":"http://hl7.org/fhir/StructureDefinition/elementdefinition-bindingName","valueString":"AddressUse"}],"strength":"required","description":"The use of an address.","valueSet":"http://hl7.org/fhir/ValueSet/address-use|4.0.1"},"mapping":[{"identity":"v2","map":"XAD.7"},{"identity":"rim","map":"unique(./use)"},{"identity":"servd","map":"./AddressPurpose"}]},{"id":"Address.type","path":"Address.type","short":"postal | physical | both","definition":"Distinguishes between physical addresses (those you can visit) and mailing addresses (e.g. PO Boxes and care-of addresses). Most addresses are both.","comment":"The definition of Address states that \"address is intended to describe postal addresses, not physical locations\". However, many applications track whether an address has a dual purpose of being a location that can be visited as well as being a valid delivery destination, and Postal addresses are often used as proxies for physical locations (also see the [Location](http://hl7.org/fhir/R4/location.html#) resource).","min":0,"max":"0","base":{"path":"Address.type","min":0,"max":"1"},"type":[{"code":"code"}],"example":[{"label":"General","valueCode":"both"}],"constraint":[{"key":"ele-1","severity":"error","human":"All FHIR elements must have a @value or children","expression":"hasValue() or (children().count() > id.count())","source":"http://hl7.org/fhir/StructureDefinition/Element"}],"isModifier":false,"isSummary":true,"binding":{"extension":[{"url":"http://hl7.org/fhir/StructureDefinition/elementdefinition-bindingName","valueString":"AddressType"}],"strength":"required","description":"The type of an address (physical / postal).","valueSet":"http://hl7.org/fhir/ValueSet/address-type|4.0.1"},"mapping":[{"identity":"v2","map":"XAD.18"},{"identity":"rim","map":"unique(./use)"},{"identity":"vcard","map":"address type parameter"}]},{"id":"Address.text","path":"Address.text","short":"Text representation of the address","definition":"Specifies the entire address as it should be displayed e.g. on a postal label. This may be provided instead of or as well as the specific parts.","comment":"Can provide both a text representation and parts. Applications updating an address SHALL ensure that  when both text and parts are present,  no content is included in the text that isn't found in a part.","requirements":"A renderable, unencoded form.","min":0,"max":"0","base":{"path":"Address.text","min":0,"max":"1"},"type":[{"code":"string"}],"example":[{"label":"General","valueString":"137 Nowhere Street, Erewhon 9132"}],"constraint":[{"key":"ele-1","severity":"error","human":"All FHIR elements must have a @value or children","expression":"hasValue() or (children().count() > id.count())","source":"http://hl7.org/fhir/StructureDefinition/Element"}],"isModifier":false,"isSummary":true,"mapping":[{"identity":"v2","map":"XAD.1 + XAD.2 + XAD.3 + XAD.4 + XAD.5 + XAD.6"},{"identity":"rim","map":"./formatted"},{"identity":"vcard","map":"address label parameter"}]},{"id":"Address.line","path":"Address.line","short":"Street name, number, direction & P.O. Box etc.","definition":"This component contains the house number, apartment number, street name, street direction,  P.O. Box number, delivery hints, and similar address information.","min":0,"max":"0","base":{"path":"Address.line","min":0,"max":"*"},"type":[{"code":"string"}],"orderMeaning":"The order in which lines should appear in an address label","example":[{"label":"General","valueString":"137 Nowhere Street"}],"constraint":[{"key":"ele-1","severity":"error","human":"All FHIR elements must have a @value or children","expression":"hasValue() or (children().count() > id.count())","source":"http://hl7.org/fhir/StructureDefinition/Element"}],"isModifier":false,"isSummary":true,"mapping":[{"identity":"v2","map":"XAD.1 + XAD.2 (note: XAD.1 and XAD.2 have different meanings for a company address than for a person address)"},{"identity":"rim","map":"AD.part[parttype = AL]"},{"identity":"vcard","map":"street"},{"identity":"servd","map":"./StreetAddress (newline delimitted)"}]},{"id":"Address.line.id","path":"Address.line.id","representation":["xmlAttr"],"short":"xml:id (or equivalent in JSON)","definition":"unique id for the element within a resource (for internal references)","min":0,"max":"1","base":{"path":"Element.id","min":0,"max":"1"},"type":[{"extension":[{"url":"http://hl7.org/fhir/StructureDefinition/structuredefinition-fhir-type","valueUrl":"string"}],"code":"http://hl7.org/fhirpath/System.String"}],"isModifier":false,"isSummary":false},{"id":"Address.line.extension","path":"Address.line.extension","slicing":{"discriminator":[{"type":"value","path":"url"},{"type":"value","path":"value"}],"ordered":true,"rules":"open"},"short":"Extension","definition":"An Extension","min":0,"max":"*","base":{"path":"Element.extension","min":0,"max":"*"},"type":[{"code":"Extension"}],"constraint":[{"key":"ele-1","severity":"error","human":"All FHIR elements must have a @value or children","expression":"hasValue() or (children().count() > id.count())","source":"http://hl7.org/fhir/StructureDefinition/Element"},{"key":"ext-1","severity":"error","human":"Must have either extensions or value[x], not both","expression":"extension.exists() != value.exists()","source":"http://hl7.org/fhir/StructureDefinition/Extension"}],"isModifier":false,"isSummary":false},{"id":"Address.line.extension:addressLine1","path":"Address.line.extension","sliceName":"addressLine1","short":"Extension","definition":"eCH-0010: Extension to define line types for an address","min":0,"max":"1","base":{"path":"Element.extension","min":0,"max":"*"},"type":[{"code":"Extension","profile":["http://fhir.ch/ig/ch-core/StructureDefinition/ch-ext-ech-10-linetype"]}],"condition":["ele-1"],"constraint":[{"key":"ele-1","severity":"error","human":"All FHIR elements must have a @value or children","expression":"hasValue() or (children().count() > id.count())","source":"http://hl7.org/fhir/StructureDefinition/Element"},{"key":"ext-1","severity":"error","human":"Must have either extensions or value[x], not both","expression":"extension.exists() != value.exists()","source":"http://hl7.org/fhir/StructureDefinition/Extension"}],"isModifier":false,"mapping":[{"identity":"eCH","map":"eCH-0010: 5.12 addressLine1"},{"identity":"CDA-CH-V2","map":"hl7:streetAddressLine (0..1)"}]},{"id":"Address.line.extension:addressLine1.id","path":"Address.line.extension.id","representation":["xmlAttr"],"short":"Unique id for inter-element referencing","definition":"Unique id for the element within a resource (for internal references). This may be any string value that does not contain spaces.","min":0,"max":"1","base":{"path":"Element.id","min":0,"max":"1"},"type":[{"extension":[{"url":"http://hl7.org/fhir/StructureDefinition/structuredefinition-fhir-type","valueUrl":"string"}],"code":"http://hl7.org/fhirpath/System.String"}],"isModifier":false,"isSummary":false,"mapping":[{"identity":"rim","map":"n/a"}]},{"id":"Address.line.extension:addressLine1.extension","path":"Address.line.extension.extension","slicing":{"discriminator":[{"type":"value","path":"url"}],"description":"Extensions are always sliced by (at least) url","rules":"open"},"short":"Extension","definition":"An Extension","min":0,"max":"0","base":{"path":"Element.extension","min":0,"max":"*"},"type":[{"code":"Extension"}],"constraint":[{"key":"ele-1","severity":"error","human":"All FHIR elements must have a @value or children","expression":"hasValue() or (children().count() > id.count())","source":"http://hl7.org/fhir/StructureDefinition/Element"},{"key":"ext-1","severity":"error","human":"Must have either extensions or value[x], not both","expression":"extension.exists() != value.exists()","source":"http://hl7.org/fhir/StructureDefinition/Extension"}],"isModifier":false,"isSummary":false},{"id":"Address.line.extension:addressLine1.url","path":"Address.line.extension.url","representation":["xmlAttr"],"short":"identifies the meaning of the extension","definition":"Source of the definition for the extension code - a logical name or a URL.","comment":"The definition may point directly to a computable or human-readable definition of the extensibility codes, or it may be a logical URI as declared in some other specification. The definition SHALL be a URI for the Structure Definition defining the extension.","min":1,"max":"1","base":{"path":"Extension.url","min":1,"max":"1"},"type":[{"code":"uri"}],"fixedUri":"http://fhir.ch/ig/ch-core/StructureDefinition/ch-ext-ech-10-linetype","isModifier":false,"isSummary":false,"mapping":[{"identity":"rim","map":"N/A"}]},{"id":"Address.line.extension:addressLine1.value[x]","path":"Address.line.extension.value[x]","slicing":{"discriminator":[{"type":"type","path":"$this"}],"ordered":false,"rules":"closed"},"short":"Value of extension","definition":"Value of extension - must be one of a constrained set of the data types (see [Extensibility](http://hl7.org/fhir/R4/extensibility.html) for a list).","min":0,"max":"1","base":{"path":"Extension.value[x]","min":0,"max":"1"},"type":[{"code":"code"}],"constraint":[{"key":"ele-1","severity":"error","human":"All FHIR elements must have a @value or children","expression":"hasValue() or (children().count() > id.count())","source":"http://hl7.org/fhir/StructureDefinition/Element"}],"isModifier":false,"isSummary":false,"mapping":[{"identity":"rim","map":"N/A"}]},{"id":"Address.line.extension:addressLine1.value[x]:valueCode","path":"Address.line.extension.value[x]","sliceName":"valueCode","short":"Value of extension","definition":"Value of extension - may be a resource or one of a constrained set of the data types (see        Extensibility in the spec for list).","min":1,"max":"1","base":{"path":"Extension.value[x]","min":0,"max":"1"},"type":[{"code":"code"}],"fixedCode":"addressLine1","constraint":[{"key":"ele-1","severity":"error","human":"All FHIR elements must have a @value or children","expression":"hasValue() or (children().count() > id.count())","source":"http://hl7.org/fhir/StructureDefinition/Element"}],"isModifier":false,"isSummary":false,"binding":{"strength":"required","description":"A set of codes advising a system or user which name in a set of names to select for a          given purpose.","valueSet":"http://fhir.ch/ig/ch-core/ValueSet/ech-10-linetype"},"mapping":[{"identity":"rim","map":"N/A"}]},{"id":"Address.line.extension:addressLine2","path":"Address.line.extension","sliceName":"addressLine2","short":"Extension","definition":"eCH-0010: Extension to define line types for an address","min":0,"max":"1","base":{"path":"Element.extension","min":0,"max":"*"},"type":[{"code":"Extension","profile":["http://fhir.ch/ig/ch-core/StructureDefinition/ch-ext-ech-10-linetype"]}],"condition":["ele-1"],"constraint":[{"key":"ele-1","severity":"error","human":"All FHIR elements must have a @value or children","expression":"hasValue() or (children().count() > id.count())","source":"http://hl7.org/fhir/StructureDefinition/Element"},{"key":"ext-1","severity":"error","human":"Must have either extensions or value[x], not both","expression":"extension.exists() != value.exists()","source":"http://hl7.org/fhir/StructureDefinition/Extension"}],"isModifier":false,"mapping":[{"identity":"eCH","map":"eCH-0010: 5.12 addressLine2"},{"identity":"CDA-CH-V2","map":"hl7:streetAddressLine (0..1)"}]},{"id":"Address.line.extension:addressLine2.id","path":"Address.line.extension.id","representation":["xmlAttr"],"short":"Unique id for inter-element referencing","definition":"Unique id for the element within a resource (for internal references). This may be any string value that does not contain spaces.","min":0,"max":"1","base":{"path":"Element.id","min":0,"max":"1"},"type":[{"extension":[{"url":"http://hl7.org/fhir/StructureDefinition/structuredefinition-fhir-type","valueUrl":"string"}],"code":"http://hl7.org/fhirpath/System.String"}],"isModifier":false,"isSummary":false,"mapping":[{"identity":"rim","map":"n/a"}]},{"id":"Address.line.extension:addressLine2.extension","path":"Address.line.extension.extension","slicing":{"discriminator":[{"type":"value","path":"url"}],"description":"Extensions are always sliced by (at least) url","rules":"open"},"short":"Extension","definition":"An Extension","min":0,"max":"0","base":{"path":"Element.extension","min":0,"max":"*"},"type":[{"code":"Extension"}],"constraint":[{"key":"ele-1","severity":"error","human":"All FHIR elements must have a @value or children","expression":"hasValue() or (children().count() > id.count())","source":"http://hl7.org/fhir/StructureDefinition/Element"},{"key":"ext-1","severity":"error","human":"Must have either extensions or value[x], not both","expression":"extension.exists() != value.exists()","source":"http://hl7.org/fhir/StructureDefinition/Extension"}],"isModifier":false,"isSummary":false},{"id":"Address.line.extension:addressLine2.url","path":"Address.line.extension.url","representation":["xmlAttr"],"short":"identifies the meaning of the extension","definition":"Source of the definition for the extension code - a logical name or a URL.","comment":"The definition may point directly to a computable or human-readable definition of the extensibility codes, or it may be a logical URI as declared in some other specification. The definition SHALL be a URI for the Structure Definition defining the extension.","min":1,"max":"1","base":{"path":"Extension.url","min":1,"max":"1"},"type":[{"code":"uri"}],"fixedUri":"http://fhir.ch/ig/ch-core/StructureDefinition/ch-ext-ech-10-linetype","isModifier":false,"isSummary":false,"mapping":[{"identity":"rim","map":"N/A"}]},{"id":"Address.line.extension:addressLine2.value[x]","path":"Address.line.extension.value[x]","slicing":{"discriminator":[{"type":"type","path":"$this"}],"ordered":false,"rules":"closed"},"short":"Value of extension","definition":"Value of extension - must be one of a constrained set of the data types (see [Extensibility](http://hl7.org/fhir/R4/extensibility.html) for a list).","min":0,"max":"1","base":{"path":"Extension.value[x]","min":0,"max":"1"},"type":[{"code":"code"}],"constraint":[{"key":"ele-1","severity":"error","human":"All FHIR elements must have a @value or children","expression":"hasValue() or (children().count() > id.count())","source":"http://hl7.org/fhir/StructureDefinition/Element"}],"isModifier":false,"isSummary":false,"mapping":[{"identity":"rim","map":"N/A"}]},{"id":"Address.line.extension:addressLine2.value[x]:valueCode","path":"Address.line.extension.value[x]","sliceName":"valueCode","short":"Value of extension","definition":"Value of extension - may be a resource or one of a constrained set of the data types (see        Extensibility in the spec for list).","min":1,"max":"1","base":{"path":"Extension.value[x]","min":0,"max":"1"},"type":[{"code":"code"}],"fixedCode":"addressLine2","constraint":[{"key":"ele-1","severity":"error","human":"All FHIR elements must have a @value or children","expression":"hasValue() or (children().count() > id.count())","source":"http://hl7.org/fhir/StructureDefinition/Element"}],"isModifier":false,"isSummary":false,"binding":{"strength":"required","description":"A set of codes advising a system or user which name in a set of names to select for a          given purpose.","valueSet":"http://fhir.ch/ig/ch-core/ValueSet/ech-10-linetype"},"mapping":[{"identity":"rim","map":"N/A"}]},{"id":"Address.line.extension:street","path":"Address.line.extension","sliceName":"street","short":"Extension","definition":"eCH-0010: Extension to define line types for an address","min":0,"max":"1","base":{"path":"Element.extension","min":0,"max":"*"},"type":[{"code":"Extension","profile":["http://fhir.ch/ig/ch-core/StructureDefinition/ch-ext-ech-10-linetype"]}],"condition":["ele-1"],"constraint":[{"key":"ele-1","severity":"error","human":"All FHIR elements must have a @value or children","expression":"hasValue() or (children().count() > id.count())","source":"http://hl7.org/fhir/StructureDefinition/Element"},{"key":"ext-1","severity":"error","human":"Must have either extensions or value[x], not both","expression":"extension.exists() != value.exists()","source":"http://hl7.org/fhir/StructureDefinition/Extension"}],"isModifier":false,"mapping":[{"identity":"eCH","map":"eCH-0010: 5.13 street"},{"identity":"CDA-CH-V2","map":"hl7:streetAddressLine (0..1)"}]},{"id":"Address.line.extension:street.id","path":"Address.line.extension.id","representation":["xmlAttr"],"short":"Unique id for inter-element referencing","definition":"Unique id for the element within a resource (for internal references). This may be any string value that does not contain spaces.","min":0,"max":"1","base":{"path":"Element.id","min":0,"max":"1"},"type":[{"extension":[{"url":"http://hl7.org/fhir/StructureDefinition/structuredefinition-fhir-type","valueUrl":"string"}],"code":"http://hl7.org/fhirpath/System.String"}],"isModifier":false,"isSummary":false,"mapping":[{"identity":"rim","map":"n/a"}]},{"id":"Address.line.extension:street.extension","path":"Address.line.extension.extension","slicing":{"discriminator":[{"type":"value","path":"url"}],"description":"Extensions are always sliced by (at least) url","rules":"open"},"short":"Extension","definition":"An Extension","min":0,"max":"0","base":{"path":"Element.extension","min":0,"max":"*"},"type":[{"code":"Extension"}],"constraint":[{"key":"ele-1","severity":"error","human":"All FHIR elements must have a @value or children","expression":"hasValue() or (children().count() > id.count())","source":"http://hl7.org/fhir/StructureDefinition/Element"},{"key":"ext-1","severity":"error","human":"Must have either extensions or value[x], not both","expression":"extension.exists() != value.exists()","source":"http://hl7.org/fhir/StructureDefinition/Extension"}],"isModifier":false,"isSummary":false},{"id":"Address.line.extension:street.url","path":"Address.line.extension.url","representation":["xmlAttr"],"short":"identifies the meaning of the extension","definition":"Source of the definition for the extension code - a logical name or a URL.","comment":"The definition may point directly to a computable or human-readable definition of the extensibility codes, or it may be a logical URI as declared in some other specification. The definition SHALL be a URI for the Structure Definition defining the extension.","min":1,"max":"1","base":{"path":"Extension.url","min":1,"max":"1"},"type":[{"code":"uri"}],"fixedUri":"http://fhir.ch/ig/ch-core/StructureDefinition/ch-ext-ech-10-linetype","isModifier":false,"isSummary":false,"mapping":[{"identity":"rim","map":"N/A"}]},{"id":"Address.line.extension:street.value[x]","path":"Address.line.extension.value[x]","slicing":{"discriminator":[{"type":"type","path":"$this"}],"ordered":false,"rules":"closed"},"short":"Value of extension","definition":"Value of extension - must be one of a constrained set of the data types (see [Extensibility](http://hl7.org/fhir/R4/extensibility.html) for a list).","min":0,"max":"1","base":{"path":"Extension.value[x]","min":0,"max":"1"},"type":[{"code":"code"}],"constraint":[{"key":"ele-1","severity":"error","human":"All FHIR elements must have a @value or children","expression":"hasValue() or (children().count() > id.count())","source":"http://hl7.org/fhir/StructureDefinition/Element"}],"isModifier":false,"isSummary":false,"mapping":[{"identity":"rim","map":"N/A"}]},{"id":"Address.line.extension:street.value[x]:valueCode","path":"Address.line.extension.value[x]","sliceName":"valueCode","short":"Value of extension","definition":"Value of extension - may be a resource or one of a constrained set of the data types (see        Extensibility in the spec for list).","min":1,"max":"1","base":{"path":"Extension.value[x]","min":0,"max":"1"},"type":[{"code":"code"}],"fixedCode":"street","constraint":[{"key":"ele-1","severity":"error","human":"All FHIR elements must have a @value or children","expression":"hasValue() or (children().count() > id.count())","source":"http://hl7.org/fhir/StructureDefinition/Element"}],"isModifier":false,"isSummary":false,"binding":{"strength":"required","description":"A set of codes advising a system or user which name in a set of names to select for a          given purpose.","valueSet":"http://fhir.ch/ig/ch-core/ValueSet/ech-10-linetype"},"mapping":[{"identity":"rim","map":"N/A"}]},{"id":"Address.line.extension:houseNumber","path":"Address.line.extension","sliceName":"houseNumber","short":"houseNumber part of the street line","definition":"The number of a building, house or lot alongside the street. Also known as \"primary street number\". This does not number the street but rather the building.","min":0,"max":"1","base":{"path":"Element.extension","min":0,"max":"*"},"type":[{"code":"Extension","profile":["http://hl7.org/fhir/StructureDefinition/iso21090-ADXP-houseNumber"]}],"condition":["ele-1"],"constraint":[{"key":"ele-1","severity":"error","human":"All FHIR elements must have a @value or children","expression":"hasValue() or (children().count() > id.count())","source":"http://hl7.org/fhir/StructureDefinition/Element"},{"key":"ext-1","severity":"error","human":"Must have either extensions or value[x], not both","expression":"extension.exists() != value.exists()","source":"http://hl7.org/fhir/StructureDefinition/Extension"}],"isModifier":false,"mapping":[{"identity":"rim","map":"ADXP[partType=BNR]"},{"identity":"eCH","map":"eCH-0010: 5.14 houseNumber"},{"identity":"CDA-CH-V2","map":"hl7:houseNumber (0..1)"}]},{"id":"Address.line.extension:unitID","path":"Address.line.extension","sliceName":"unitID","short":"unitID, dwellingNumber part of the street line","definition":"The number or name of a specific unit contained within a building or complex, as assigned by that building or complex.","min":0,"max":"1","base":{"path":"Element.extension","min":0,"max":"*"},"type":[{"code":"Extension","profile":["http://hl7.org/fhir/StructureDefinition/iso21090-ADXP-unitID"]}],"condition":["ele-1"],"constraint":[{"key":"ele-1","severity":"error","human":"All FHIR elements must have a @value or children","expression":"hasValue() or (children().count() > id.count())","source":"http://hl7.org/fhir/StructureDefinition/Element"},{"key":"ext-1","severity":"error","human":"Must have either extensions or value[x], not both","expression":"extension.exists() != value.exists()","source":"http://hl7.org/fhir/StructureDefinition/Extension"}],"isModifier":false,"mapping":[{"identity":"rim","map":"ADXP[partType=UNID]"},{"identity":"eCH","map":"eCH-0010: 5.15 dwellingNumber"},{"identity":"CDA-CH-V2","map":"hl7:additionalLocator (0..1)"}]},{"id":"Address.line.extension:postOfficeBoxText","path":"Address.line.extension","sliceName":"postOfficeBoxText","short":"Postbox addresses need an postbox text and optional postbox number","definition":"eCH-0010: Extension to define line types for an address","min":0,"max":"1","base":{"path":"Element.extension","min":0,"max":"*"},"type":[{"code":"Extension","profile":["http://fhir.ch/ig/ch-core/StructureDefinition/ch-ext-ech-10-linetype"]}],"condition":["ele-1"],"constraint":[{"key":"ele-1","severity":"error","human":"All FHIR elements must have a @value or children","expression":"hasValue() or (children().count() > id.count())","source":"http://hl7.org/fhir/StructureDefinition/Element"},{"key":"ext-1","severity":"error","human":"Must have either extensions or value[x], not both","expression":"extension.exists() != value.exists()","source":"http://hl7.org/fhir/StructureDefinition/Extension"}],"isModifier":false,"mapping":[{"identity":"eCH","map":"eCH-0010: 5.17 postOfficeBoxText"},{"identity":"CDA-CH-V2","map":"hl7:streetAddressLine (0..1)"}]},{"id":"Address.line.extension:postOfficeBoxText.id","path":"Address.line.extension.id","representation":["xmlAttr"],"short":"Unique id for inter-element referencing","definition":"Unique id for the element within a resource (for internal references). This may be any string value that does not contain spaces.","min":0,"max":"1","base":{"path":"Element.id","min":0,"max":"1"},"type":[{"extension":[{"url":"http://hl7.org/fhir/StructureDefinition/structuredefinition-fhir-type","valueUrl":"string"}],"code":"http://hl7.org/fhirpath/System.String"}],"isModifier":false,"isSummary":false,"mapping":[{"identity":"rim","map":"n/a"}]},{"id":"Address.line.extension:postOfficeBoxText.extension","path":"Address.line.extension.extension","slicing":{"discriminator":[{"type":"value","path":"url"}],"description":"Extensions are always sliced by (at least) url","rules":"open"},"short":"Extension","definition":"An Extension","min":0,"max":"0","base":{"path":"Element.extension","min":0,"max":"*"},"type":[{"code":"Extension"}],"constraint":[{"key":"ele-1","severity":"error","human":"All FHIR elements must have a @value or children","expression":"hasValue() or (children().count() > id.count())","source":"http://hl7.org/fhir/StructureDefinition/Element"},{"key":"ext-1","severity":"error","human":"Must have either extensions or value[x], not both","expression":"extension.exists() != value.exists()","source":"http://hl7.org/fhir/StructureDefinition/Extension"}],"isModifier":false,"isSummary":false},{"id":"Address.line.extension:postOfficeBoxText.url","path":"Address.line.extension.url","representation":["xmlAttr"],"short":"identifies the meaning of the extension","definition":"Source of the definition for the extension code - a logical name or a URL.","comment":"The definition may point directly to a computable or human-readable definition of the extensibility codes, or it may be a logical URI as declared in some other specification. The definition SHALL be a URI for the Structure Definition defining the extension.","min":1,"max":"1","base":{"path":"Extension.url","min":1,"max":"1"},"type":[{"code":"uri"}],"fixedUri":"http://fhir.ch/ig/ch-core/StructureDefinition/ch-ext-ech-10-linetype","isModifier":false,"isSummary":false,"mapping":[{"identity":"rim","map":"N/A"}]},{"id":"Address.line.extension:postOfficeBoxText.value[x]","path":"Address.line.extension.value[x]","slicing":{"discriminator":[{"type":"type","path":"$this"}],"ordered":false,"rules":"closed"},"short":"Value of extension","definition":"Value of extension - must be one of a constrained set of the data types (see [Extensibility](http://hl7.org/fhir/R4/extensibility.html) for a list).","min":0,"max":"1","base":{"path":"Extension.value[x]","min":0,"max":"1"},"type":[{"code":"code"}],"constraint":[{"key":"ele-1","severity":"error","human":"All FHIR elements must have a @value or children","expression":"hasValue() or (children().count() > id.count())","source":"http://hl7.org/fhir/StructureDefinition/Element"}],"isModifier":false,"isSummary":false,"mapping":[{"identity":"rim","map":"N/A"}]},{"id":"Address.line.extension:postOfficeBoxText.value[x]:valueCode","path":"Address.line.extension.value[x]","sliceName":"valueCode","short":"Value of extension","definition":"Value of extension - may be a resource or one of a constrained set of the data types (see        Extensibility in the spec for list).","min":1,"max":"1","base":{"path":"Extension.value[x]","min":0,"max":"1"},"type":[{"code":"code"}],"fixedCode":"postOfficeBoxText","constraint":[{"key":"ele-1","severity":"error","human":"All FHIR elements must have a @value or children","expression":"hasValue() or (children().count() > id.count())","source":"http://hl7.org/fhir/StructureDefinition/Element"}],"isModifier":false,"isSummary":false,"binding":{"strength":"required","description":"A set of codes advising a system or user which name in a set of names to select for a          given purpose.","valueSet":"http://fhir.ch/ig/ch-core/ValueSet/ech-10-linetype"},"mapping":[{"identity":"rim","map":"N/A"}]},{"id":"Address.line.extension:postOfficeBoxNumber","path":"Address.line.extension","sliceName":"postOfficeBoxNumber","short":"Optional postOfficeBoxNumber as a separate part of the postOfficeBoxText","definition":"A numbered box located in a post station.","min":0,"max":"1","base":{"path":"Element.extension","min":0,"max":"*"},"type":[{"code":"Extension","profile":["http://hl7.org/fhir/StructureDefinition/iso21090-ADXP-postBox"]}],"condition":["ele-1"],"constraint":[{"key":"ele-1","severity":"error","human":"All FHIR elements must have a @value or children","expression":"hasValue() or (children().count() > id.count())","source":"http://hl7.org/fhir/StructureDefinition/Element"},{"key":"ext-1","severity":"error","human":"Must have either extensions or value[x], not both","expression":"extension.exists() != value.exists()","source":"http://hl7.org/fhir/StructureDefinition/Extension"}],"isModifier":false,"mapping":[{"identity":"rim","map":"ADXP[partType=POB]"},{"identity":"eCH","map":"eCH-0010: 5.16 postOfficeBoxNumber"},{"identity":"CDA-CH-V2","map":"hl7:postBox (0..1 C)"}]},{"id":"Address.line.value","path":"Address.line.value","representation":["xmlAttr"],"short":"Primitive value for string","definition":"The actual value","min":0,"max":"1","base":{"path":"string.value","min":0,"max":"1"},"type":[{"extension":[{"url":"http://hl7.org/fhir/StructureDefinition/structuredefinition-fhir-type","valueUrl":"string"},{"url":"http://hl7.org/fhir/StructureDefinition/regex","valueString":"[ \\r\\n\\t\\S]+"}],"code":"http://hl7.org/fhirpath/System.String"}],"maxLength":1048576,"isModifier":false,"isSummary":false},{"id":"Address.city","path":"Address.city","short":"Place of Birth (municipality)","definition":"optional if country is not Switzerland","alias":["Municpality"],"min":0,"max":"1","base":{"path":"Address.city","min":0,"max":"1"},"type":[{"code":"string"}],"example":[{"label":"General","valueString":"Erewhon"}],"constraint":[{"key":"ele-1","severity":"error","human":"All FHIR elements must have a @value or children","expression":"hasValue() or (children().count() > id.count())","source":"http://hl7.org/fhir/StructureDefinition/Element"}],"isModifier":false,"isSummary":true,"mapping":[{"identity":"v2","map":"XAD.3"},{"identity":"rim","map":"AD.part[parttype = CTY]"},{"identity":"vcard","map":"locality"},{"identity":"servd","map":"./Jurisdiction"},{"identity":"eCH","map":"eCH-0010: 5.23 town"},{"identity":"CDA-CH-V2","map":"hl7:city (1..1 R)"},{"identity":"eCH-0011","map":"Place of Birth (BFS-323, BFS-324)"}]},{"id":"Address.city.id","path":"Address.city.id","representation":["xmlAttr"],"short":"xml:id (or equivalent in JSON)","definition":"unique id for the element within a resource (for internal references)","min":0,"max":"1","base":{"path":"Element.id","min":0,"max":"1"},"type":[{"extension":[{"url":"http://hl7.org/fhir/StructureDefinition/structuredefinition-fhir-type","valueUrl":"string"}],"code":"http://hl7.org/fhirpath/System.String"}],"isModifier":false,"isSummary":false},{"id":"Address.city.extension","path":"Address.city.extension","slicing":{"discriminator":[{"type":"value","path":"url"}],"rules":"open"},"short":"Extension","definition":"An Extension","min":0,"max":"*","base":{"path":"Element.extension","min":0,"max":"*"},"type":[{"code":"Extension"}],"constraint":[{"key":"ele-1","severity":"error","human":"All FHIR elements must have a @value or children","expression":"hasValue() or (children().count() > id.count())","source":"http://hl7.org/fhir/StructureDefinition/Element"},{"key":"ext-1","severity":"error","human":"Must have either extensions or value[x], not both","expression":"extension.exists() != value.exists()","source":"http://hl7.org/fhir/StructureDefinition/Extension"}],"isModifier":false,"isSummary":false},{"id":"Address.city.extension:bfs","path":"Address.city.extension","sliceName":"bfs","short":"Extension","definition":"Extension for eCH-0011 - bfs number (ministry of statistics number)","min":0,"max":"1","base":{"path":"Element.extension","min":0,"max":"*"},"type":[{"code":"Extension","profile":["http://fhir.ch/ig/ch-core/StructureDefinition/ch-ext-ech-7-municipalityid"]}],"condition":["ele-1"],"constraint":[{"key":"ele-1","severity":"error","human":"All FHIR elements must have a @value or children","expression":"hasValue() or (children().count() > id.count())","source":"http://hl7.org/fhir/StructureDefinition/Element"},{"key":"ext-1","severity":"error","human":"Must have either extensions or value[x], not both","expression":"extension.exists() != value.exists()","source":"http://hl7.org/fhir/StructureDefinition/Extension"}],"isModifier":false,"mapping":[{"identity":"eCH-0011","map":"placeOfBirth - BFS Number for municipality Switzerland - BFS-323"}]},{"id":"Address.city.value","path":"Address.city.value","representation":["xmlAttr"],"short":"Primitive value for string","definition":"The actual value","min":0,"max":"1","base":{"path":"string.value","min":0,"max":"1"},"type":[{"extension":[{"url":"http://hl7.org/fhir/StructureDefinition/structuredefinition-fhir-type","valueUrl":"string"},{"url":"http://hl7.org/fhir/StructureDefinition/regex","valueString":"[ \\r\\n\\t\\S]+"}],"code":"http://hl7.org/fhirpath/System.String"}],"maxLength":1048576,"isModifier":false,"isSummary":false},{"id":"Address.district","path":"Address.district","short":"District name (aka county)","definition":"The name of the administrative area (county).","comment":"District is sometimes known as county, but in some regions 'county' is used in place of city (municipality), so county name should be conveyed in city instead.","alias":["County"],"min":0,"max":"0","base":{"path":"Address.district","min":0,"max":"1"},"type":[{"code":"string"}],"example":[{"label":"General","valueString":"Madison"}],"constraint":[{"key":"ele-1","severity":"error","human":"All FHIR elements must have a @value or children","expression":"hasValue() or (children().count() > id.count())","source":"http://hl7.org/fhir/StructureDefinition/Element"}],"isModifier":false,"isSummary":true,"mapping":[{"identity":"v2","map":"XAD.9"},{"identity":"rim","map":"AD.part[parttype = CNT | CPA]"},{"identity":"eCH","map":"eCH-0010: 5.22 locality"}]},{"id":"Address.state","path":"Address.state","short":"Canton","definition":"Canton 2 letter abbreviation","alias":["Province","Territory"],"min":0,"max":"1","base":{"path":"Address.state","min":0,"max":"1"},"type":[{"code":"string"}],"constraint":[{"key":"ele-1","severity":"error","human":"All FHIR elements must have a @value or children","expression":"hasValue() or (children().count() > id.count())","source":"http://hl7.org/fhir/StructureDefinition/Element"}],"isModifier":false,"isSummary":true,"mapping":[{"identity":"v2","map":"XAD.4"},{"identity":"rim","map":"AD.part[parttype = STA]"},{"identity":"vcard","map":"region"},{"identity":"servd","map":"./Region"},{"identity":"eCH","map":"eCH-0010: 5.22 locality"},{"identity":"CDA-CH-V2","map":"hl7:state (0..1)"}]},{"id":"Address.postalCode","path":"Address.postalCode","short":"Postal code for area","definition":"A postal code designating a region defined by the postal service.","alias":["Zip"],"min":0,"max":"0","base":{"path":"Address.postalCode","min":0,"max":"1"},"type":[{"code":"string"}],"example":[{"label":"General","valueString":"9132"}],"constraint":[{"key":"ele-1","severity":"error","human":"All FHIR elements must have a @value or children","expression":"hasValue() or (children().count() > id.count())","source":"http://hl7.org/fhir/StructureDefinition/Element"}],"isModifier":false,"isSummary":true,"mapping":[{"identity":"v2","map":"XAD.5"},{"identity":"rim","map":"AD.part[parttype = ZIP]"},{"identity":"vcard","map":"code"},{"identity":"servd","map":"./PostalIdentificationCode"},{"identity":"eCH","map":"eCH-0010: 5.18 swissZipCode, 5.19 swissZipCodeAddOn, 5.20 swissZipCodeId, 5.21 foreignZipCode"},{"identity":"CDA-CH-V2","map":"hl7:postalCode (1..1 R)"}]},{"id":"Address.country","path":"Address.country","short":"Country if place of Birth is not Switzerland","definition":"Country if place of Birth is not Switzerland","comment":"ISO 3166 3 letter codes can be used in place of a human readable country name.","min":0,"max":"1","base":{"path":"Address.country","min":0,"max":"1"},"type":[{"code":"string"}],"constraint":[{"key":"ele-1","severity":"error","human":"All FHIR elements must have a @value or children","expression":"hasValue() or (children().count() > id.count())","source":"http://hl7.org/fhir/StructureDefinition/Element"}],"isModifier":false,"isSummary":true,"mapping":[{"identity":"v2","map":"XAD.6"},{"identity":"rim","map":"AD.part[parttype = CNT]"},{"identity":"vcard","map":"country"},{"identity":"servd","map":"./Country"},{"identity":"eCH","map":"eCH-0010: 5.24 country"},{"identity":"CDA-CH-V2","map":"hl7:country (1..1 R)"},{"identity":"eCH-0011","map":"BFS-322"}]},{"id":"Address.country.id","path":"Address.country.id","representation":["xmlAttr"],"short":"xml:id (or equivalent in JSON)","definition":"unique id for the element within a resource (for internal references)","min":0,"max":"1","base":{"path":"Element.id","min":0,"max":"1"},"type":[{"extension":[{"url":"http://hl7.org/fhir/StructureDefinition/structuredefinition-fhir-type","valueUrl":"string"}],"code":"http://hl7.org/fhirpath/System.String"}],"isModifier":false,"isSummary":false},{"id":"Address.country.extension","path":"Address.country.extension","slicing":{"discriminator":[{"type":"value","path":"url"}],"rules":"open"},"short":"Extension","definition":"An Extension","min":0,"max":"*","base":{"path":"Element.extension","min":0,"max":"*"},"type":[{"code":"Extension"}],"constraint":[{"key":"ele-1","severity":"error","human":"All FHIR elements must have a @value or children","expression":"hasValue() or (children().count() > id.count())","source":"http://hl7.org/fhir/StructureDefinition/Element"},{"key":"ext-1","severity":"error","human":"Must have either extensions or value[x], not both","expression":"extension.exists() != value.exists()","source":"http://hl7.org/fhir/StructureDefinition/Extension"}],"isModifier":false,"isSummary":false},{"id":"Address.country.extension:countrycode","path":"Address.country.extension","sliceName":"countrycode","short":"ISO Country Alpha-2 or ISO Country Alpha-3 code","definition":"The content of the country code element (if present) SHALL be selected EITHER from ValueSet ISO Country Alpha-2 http://hl7.org/fhir/ValueSet/iso3166-1-2 OR MAY be selected from ISO Country Alpha-3 Value Set http://hl7.org/fhir/ValueSet/iso3166-1-3, if the country is not specified in value Set ISO Country Alpha-2 http://hl7.org/fhir/ValueSet/iso3166-1-2.","min":0,"max":"1","base":{"path":"Element.extension","min":0,"max":"*"},"type":[{"code":"Extension","profile":["http://hl7.org/fhir/StructureDefinition/iso21090-SC-coding"]}],"condition":["ele-1"],"constraint":[{"key":"ele-1","severity":"error","human":"All FHIR elements must have a @value or children","expression":"hasValue() or (children().count() > id.count())","source":"http://hl7.org/fhir/StructureDefinition/Element"},{"key":"ext-1","severity":"error","human":"Must have either extensions or value[x], not both","expression":"extension.exists() != value.exists()","source":"http://hl7.org/fhir/StructureDefinition/Extension"},{"key":"ch-addr-1","severity":"error","human":"ISO Country Alpha-2 or ISO Country Alpha-3 code","expression":"((valueCoding.code.length()=2) and valueCoding.code.memberOf('http://hl7.org/fhir/ValueSet/iso3166-1-2')) or ((valueCoding.code.length() = 3) and valueCoding.code.memberOf('http://hl7.org/fhir/ValueSet/iso3166-1-3'))","source":"http://fhir.ch/ig/ch-core/StructureDefinition/ch-core-address"}],"isModifier":false,"mapping":[{"identity":"rim","map":"SC.code"}]},{"id":"Address.country.value","path":"Address.country.value","representation":["xmlAttr"],"short":"Primitive value for string","definition":"The actual value","min":0,"max":"1","base":{"path":"string.value","min":0,"max":"1"},"type":[{"extension":[{"url":"http://hl7.org/fhir/StructureDefinition/structuredefinition-fhir-type","valueUrl":"string"},{"url":"http://hl7.org/fhir/StructureDefinition/regex","valueString":"[ \\r\\n\\t\\S]+"}],"code":"http://hl7.org/fhirpath/System.String"}],"maxLength":1048576,"isModifier":false,"isSummary":false},{"id":"Address.period","path":"Address.period","short":"Time period when address was/is in use","definition":"Time period when address was/is in use.","requirements":"Allows addresses to be placed in historical context.","min":0,"max":"0","base":{"path":"Address.period","min":0,"max":"1"},"type":[{"code":"Period"}],"example":[{"label":"General","valuePeriod":{"start":"2010-03-23","end":"2010-07-01"}}],"constraint":[{"key":"ele-1","severity":"error","human":"All FHIR elements must have a @value or children","expression":"hasValue() or (children().count() > id.count())","source":"http://hl7.org/fhir/StructureDefinition/Element"}],"isModifier":false,"isSummary":true,"mapping":[{"identity":"v2","map":"XAD.12 / XAD.13 + XAD.14"},{"identity":"rim","map":"./usablePeriod[type=\"IVL<TS>\"]"},{"identity":"servd","map":"./StartDate and ./EndDate"}]}]},"differential":{"element":[{"id":"Address","path":"Address","short":"An address expressed using postal conventions (as opposed to GPS or other location definition formats)","min":0,"max":"*","mapping":[{"identity":"eCH-0011","map":"3.3.2 placeOfBirth"}]},{"id":"Address.use","path":"Address.use","short":"home | work | temp | old | billing - purpose of this address","definition":"The purpose of this address.","comment":"Applications can assume that an address is current unless it explicitly says that it is temporary or old.","requirements":"Allows an appropriate address to be chosen from a list of many.","min":0,"max":"0","type":[{"code":"code"}]},{"id":"Address.type","path":"Address.type","short":"postal | physical | both","min":0,"max":"0","type":[{"code":"code"}]},{"id":"Address.text","path":"Address.text","short":"Text representation of the address","definition":"Specifies the entire address as it should be displayed e.g. on a postal label. This may be provided instead of or as well as the specific parts.","comment":"Can provide both a text representation and parts. Applications updating an address SHALL ensure that  when both text and parts are present,  no content is included in the text that isn't found in a part.","requirements":"A renderable, unencoded form.","min":0,"max":"0","type":[{"code":"string"}]},{"id":"Address.line","path":"Address.line","short":"Street name, number, direction & P.O. Box etc.","definition":"This component contains the house number, apartment number, street name, street direction,  P.O. Box number, delivery hints, and similar address information.","min":0,"max":"0","type":[{"code":"string"}]},{"id":"Address.city","path":"Address.city","short":"Place of Birth (municipality)","definition":"optional if country is not Switzerland","alias":["Municpality"],"min":0,"max":"1","type":[{"code":"string"}],"isSummary":true,"mapping":[{"identity":"eCH-0011","map":"Place of Birth (BFS-323, BFS-324)"}]},{"id":"Address.city.extension:bfs","path":"Address.city.extension","sliceName":"bfs","mapping":[{"identity":"eCH-0011","map":"placeOfBirth - BFS Number for municipality Switzerland - BFS-323"}]},{"id":"Address.district","path":"Address.district","short":"District name (aka county)","definition":"The name of the administrative area (county).","comment":"District is sometimes known as county, but in some regions 'county' is used in place of city (municipality), so county name should be conveyed in city instead.","alias":["County"],"min":0,"max":"0","type":[{"code":"string"}],"isSummary":true,"mapping":[{"identity":"rim","map":"AD.part[parttype = CNT | CPA]"}]},{"id":"Address.state","path":"Address.state","short":"Canton","definition":"Canton 2 letter abbreviation","alias":["Province","Territory"],"min":0,"max":"1","type":[{"code":"string"}],"isSummary":true,"mapping":[{"identity":"v2","map":"XAD.4"},{"identity":"rim","map":"AD.part[parttype = STA]"},{"identity":"vcard","map":"region"},{"identity":"servd","map":"./Region"}]},{"id":"Address.postalCode","path":"Address.postalCode","short":"Postal code for area","definition":"A postal code designating a region defined by the postal service.","alias":["Zip"],"min":0,"max":"0","type":[{"code":"string"}]},{"id":"Address.country","path":"Address.country","short":"Country if place of Birth is not Switzerland","definition":"Country if place of Birth is not Switzerland","min":0,"max":"1","type":[{"code":"string"}],"isSummary":true,"mapping":[{"identity":"eCH-0011","map":"BFS-322"}]},{"id":"Address.period","path":"Address.period","short":"Time period when address was/is in use","definition":"Time period when address was/is in use.","requirements":"Allows addresses to be placed in historical context.","min":0,"max":"0","type":[{"code":"Period"}]}]}}