<?xml version="1.0" encoding="UTF-8"?>

<CodeSystem xmlns="http://hl7.org/fhir">
  <id value="ihe-pharmaceuticaladvicestatuslist"/>
  <meta>
    <source value="http://art-decor.org/fhir/ValueSet/2.16.756.5.30.1.1.11.4--20200106135719"/>
  </meta>
  <text>
    <status value="generated"/><div xmlns="http://www.w3.org/1999/xhtml"><p>This code system <code>urn:oid:1.3.6.1.4.1.19376.1.9.2.1</code> defines the following codes:</p><table class="codes"><tr><td style="white-space:nowrap"><b>Code</b></td></tr><tr><td style="white-space:nowrap">OK<a name="ihe-pharmaceuticaladvicestatuslist-OK"> </a></td></tr><tr><td style="white-space:nowrap">CHANGE<a name="ihe-pharmaceuticaladvicestatuslist-CHANGE"> </a></td></tr><tr><td style="white-space:nowrap">REFUSE<a name="ihe-pharmaceuticaladvicestatuslist-REFUSE"> </a></td></tr><tr><td style="white-space:nowrap">CANCEL<a name="ihe-pharmaceuticaladvicestatuslist-CANCEL"> </a></td></tr><tr><td style="white-space:nowrap">SUSPEND<a name="ihe-pharmaceuticaladvicestatuslist-SUSPEND"> </a></td></tr><tr><td style="white-space:nowrap">COMMENT<a name="ihe-pharmaceuticaladvicestatuslist-COMMENT"> </a></td></tr></table></div>
  </text>
  <url value="urn:oid:1.3.6.1.4.1.19376.1.9.2.1"/>
  <version value="3.0.0"/>
  <name value="IHEPharmaceuticalAdviceStatusList"/>
  <title value="IHE Pharmaceutical Advice Status List"/>
  <status value="active"/>
  <experimental value="false"/>
  <date value="2022-12-21T12:57:16+01:00"/>
  <publisher value="HL7 Switzerland"/>
  <contact>
    <name value="HL7 Switzerland"/>
    <telecom>
      <system value="url"/>
      <value value="https://www.hl7.ch/"/>
    </telecom>
  </contact>
  <description value="IHE Pharmaceutical Advice Status List"/>
  <jurisdiction>
    <coding>
      <system value="urn:iso:std:iso:3166"/>
      <code value="CH"/>
    </coding>
  </jurisdiction>
  <copyright value="CC-BY-SA-4.0"/>
  <caseSensitive value="true"/>
  <content value="complete"/>
  <concept>
    <code value="OK"/>
    <display value="OK"/>
  </concept>
  <concept>
    <code value="CHANGE"/>
    <display value="CHANGE"/>
  </concept>
  <concept>
    <code value="REFUSE"/>
    <display value="REFUSE"/>
  </concept>
  <concept>
    <code value="CANCEL"/>
    <display value="CANCEL"/>
  </concept>
  <concept>
    <code value="SUSPEND"/>
    <display value="SUSPEND"/>
  </concept>
  <concept>
    <code value="COMMENT"/>
    <display value="COMMENT"/>
  </concept>
</CodeSystem>