<?xml version="1.0" encoding="UTF-8"?>

<ConceptMap xmlns="http://hl7.org/fhir">
  <id value="DocumentEntryClassCodeToDocumentEntryTypeCode"/>
  <text>
    <status value="extensions"/><div xmlns="http://www.w3.org/1999/xhtml"><p>Mapping from <a href="ValueSet-DocumentEntry.classCode.html">DocumentEntry.classCode</a> to <a href="ValueSet-DocumentEntry.typeCode.html">DocumentEntry.typeCode</a></p><p>ACTIVE. Published on 2023-06-27 18:08:17+0200 by HL7 Switzerland (HL7 Switzerland: <a href="https://www.hl7.ch/">https://www.hl7.ch/</a>). This artefact includes content from SNOMED Clinical Terms® (SNOMED CT®) which is copyright of the International Health Terminology Standards Development Organisation (IHTSDO). Implementers of these artefacts must have the appropriate SNOMED CT Affiliate license - for more information contact http://www.snomed.org/snomed-ct/getsnomed-ct or info@snomed.org.</p><div><p>Mapping DocumentEntryClassCodeToDocumentEntryTypeCode</p>
</div><br/><p><b>Group 1</b>Mapping from <a href="http://hl7.org/fhir/R4/codesystem-snomedct.html">SNOMED CT (all versions)</a> to <a href="http://hl7.org/fhir/R4/codesystem-snomedct.html">SNOMED CT (all versions)</a></p><table class="grid"><tr><td colspan="2"><b>Source Concept Details</b></td><td><b>Relationship</b></td><td colspan="2"><b>Target Concept Details</b></td><td colspan="2"><b>Properties</b></td></tr><tr><td colspan="2"><b>Codes</b> from <a href="http://hl7.org/fhir/R4/codesystem-snomedct.html" title="http://snomed.info/sct">SNOMED CT (all versions)</a></td><td/><td colspan="2"><b>Codes</b> from <a href="http://hl7.org/fhir/R4/codesystem-snomedct.html" title="http://snomed.info/sct">SNOMED CT (all versions)</a></td></tr><tr><td style="border-right-width: 0px; border-bottom-style: none">371531000</td><td style="border-left-width: 0px; border-bottom-style: none">Report of clinical encounter (record artifact)</td><td><a href="http://hl7.org/fhir/R4/codesystem-concept-map-equivalence.html#specializes" title="specializes">has specialization</a></td><td style="border-right-width: 0px">371530004</td><td style="border-left-width: 0px">Clinical consultation report (record artifact)</td></tr><tr><td style="border-right-width: 0px; border-top-style: none; border-bottom-style: none"/><td style="border-left-width: 0px; border-top-style: none; border-bottom-style: none"/><td><a href="http://hl7.org/fhir/R4/codesystem-concept-map-equivalence.html#specializes" title="specializes">has specialization</a></td><td style="border-right-width: 0px">371529009</td><td style="border-left-width: 0px">History and physical report (record artifact)</td></tr><tr><td style="border-right-width: 0px; border-top-style: none; border-bottom-style: none"/><td style="border-left-width: 0px; border-top-style: none; border-bottom-style: none"/><td><a href="http://hl7.org/fhir/R4/codesystem-concept-map-equivalence.html#specializes" title="specializes">has specialization</a></td><td style="border-right-width: 0px">371532007</td><td style="border-left-width: 0px">Progress report (record artifact)</td></tr><tr><td style="border-right-width: 0px; border-top-style: none"/><td style="border-top-style: none; border-left-width: 0px"/><td><a href="http://hl7.org/fhir/R4/codesystem-concept-map-equivalence.html#specializes" title="specializes">has specialization</a></td><td style="border-right-width: 0px">419891008</td><td style="border-left-width: 0px">Record artifact (record artifact)</td></tr></table><hr/><p><b>Group 2</b>Mapping from <a href="http://hl7.org/fhir/R4/codesystem-snomedct.html">SNOMED CT (all versions)</a> to <a href="http://hl7.org/fhir/R4/codesystem-snomedct.html">SNOMED CT (all versions)</a></p><table class="grid"><tr><td><b>Source Code</b></td><td><b>Relationship</b></td><td><b>Target Code</b></td></tr><tr><td>721927009 (Referral note (record artifact))</td><td><a href="http://hl7.org/fhir/R4/codesystem-concept-map-equivalence.html#specializes" title="specializes">has specialization</a></td><td>419891008 (Record artifact (record artifact))</td></tr></table><hr/><p><b>Group 3</b>Mapping from <a href="http://hl7.org/fhir/R4/codesystem-snomedct.html">SNOMED CT (all versions)</a> to <a href="http://hl7.org/fhir/R4/codesystem-snomedct.html">SNOMED CT (all versions)</a></p><table class="grid"><tr><td colspan="2"><b>Source Concept Details</b></td><td><b>Relationship</b></td><td colspan="2"><b>Target Concept Details</b></td><td colspan="2"><b>Properties</b></td></tr><tr><td colspan="2"><b>Codes</b> from <a href="http://hl7.org/fhir/R4/codesystem-snomedct.html" title="http://snomed.info/sct">SNOMED CT (all versions)</a></td><td/><td colspan="2"><b>Codes</b> from <a href="http://hl7.org/fhir/R4/codesystem-snomedct.html" title="http://snomed.info/sct">SNOMED CT (all versions)</a></td></tr><tr><td style="border-right-width: 0px; border-bottom-style: none">721963009</td><td style="border-left-width: 0px; border-bottom-style: none">Order (record artifact)</td><td><a href="http://hl7.org/fhir/R4/codesystem-concept-map-equivalence.html#specializes" title="specializes">has specialization</a></td><td style="border-right-width: 0px">721965002</td><td style="border-left-width: 0px">Laboratory order (record artifact)</td></tr><tr><td style="border-right-width: 0px; border-top-style: none; border-bottom-style: none"/><td style="border-left-width: 0px; border-top-style: none; border-bottom-style: none"/><td><a href="http://hl7.org/fhir/R4/codesystem-concept-map-equivalence.html#specializes" title="specializes">has specialization</a></td><td style="border-right-width: 0px">721966001</td><td style="border-left-width: 0px">Pathology order (record artifact)</td></tr><tr><td style="border-right-width: 0px; border-top-style: none; border-bottom-style: none"/><td style="border-left-width: 0px; border-top-style: none; border-bottom-style: none"/><td><a href="http://hl7.org/fhir/R4/codesystem-concept-map-equivalence.html#specializes" title="specializes">has specialization</a></td><td style="border-right-width: 0px">2161000195103</td><td style="border-left-width: 0px">Imaging order (record artifact)</td></tr><tr><td style="border-right-width: 0px; border-top-style: none"/><td style="border-top-style: none; border-left-width: 0px"/><td><a href="http://hl7.org/fhir/R4/codesystem-concept-map-equivalence.html#specializes" title="specializes">has specialization</a></td><td style="border-right-width: 0px">419891008</td><td style="border-left-width: 0px">Record artifact (record artifact)</td></tr></table><hr/><p><b>Group 4</b>Mapping from <a href="http://hl7.org/fhir/R4/codesystem-snomedct.html">SNOMED CT (all versions)</a> to <a href="http://hl7.org/fhir/R4/codesystem-snomedct.html">SNOMED CT (all versions)</a></p><table class="grid"><tr><td colspan="2"><b>Source Concept Details</b></td><td><b>Relationship</b></td><td colspan="2"><b>Target Concept Details</b></td><td colspan="2"><b>Properties</b></td></tr><tr><td colspan="2"><b>Codes</b> from <a href="http://hl7.org/fhir/R4/codesystem-snomedct.html" title="http://snomed.info/sct">SNOMED CT (all versions)</a></td><td/><td colspan="2"><b>Codes</b> from <a href="http://hl7.org/fhir/R4/codesystem-snomedct.html" title="http://snomed.info/sct">SNOMED CT (all versions)</a></td></tr><tr><td style="border-right-width: 0px; border-bottom-style: none">422735006</td><td style="border-left-width: 0px; border-bottom-style: none">Summary clinical document (record artifact)</td><td><a href="http://hl7.org/fhir/R4/codesystem-concept-map-equivalence.html#specializes" title="specializes">has specialization</a></td><td style="border-right-width: 0px">373942005</td><td style="border-left-width: 0px">Discharge summary (record artifact)</td></tr><tr><td style="border-right-width: 0px; border-top-style: none; border-bottom-style: none"/><td style="border-left-width: 0px; border-top-style: none; border-bottom-style: none"/><td><a href="http://hl7.org/fhir/R4/codesystem-concept-map-equivalence.html#specializes" title="specializes">has specialization</a></td><td style="border-right-width: 0px">371535009</td><td style="border-left-width: 0px">Transfer summary report (record artifact)</td></tr><tr><td style="border-right-width: 0px; border-top-style: none; border-bottom-style: none"/><td style="border-left-width: 0px; border-top-style: none; border-bottom-style: none"/><td><a href="http://hl7.org/fhir/R4/codesystem-concept-map-equivalence.html#specializes" title="specializes">has specialization</a></td><td style="border-right-width: 0px">721912009</td><td style="border-left-width: 0px">Medication summary document (record artifact)</td></tr><tr><td style="border-right-width: 0px; border-top-style: none"/><td style="border-top-style: none; border-left-width: 0px"/><td><a href="http://hl7.org/fhir/R4/codesystem-concept-map-equivalence.html#specializes" title="specializes">has specialization</a></td><td style="border-right-width: 0px">419891008</td><td style="border-left-width: 0px">Record artifact (record artifact)</td></tr></table><hr/><p><b>Group 5</b>Mapping from <a href="http://hl7.org/fhir/R4/codesystem-snomedct.html">SNOMED CT (all versions)</a> to <a href="http://hl7.org/fhir/R4/codesystem-snomedct.html">SNOMED CT (all versions)</a></p><table class="grid"><tr><td colspan="2"><b>Source Concept Details</b></td><td><b>Relationship</b></td><td colspan="2"><b>Target Concept Details</b></td><td colspan="2"><b>Properties</b></td></tr><tr><td colspan="2"><b>Codes</b> from <a href="http://hl7.org/fhir/R4/codesystem-snomedct.html" title="http://snomed.info/sct">SNOMED CT (all versions)</a></td><td/><td colspan="2"><b>Codes</b> from <a href="http://hl7.org/fhir/R4/codesystem-snomedct.html" title="http://snomed.info/sct">SNOMED CT (all versions)</a></td></tr><tr><td style="border-right-width: 0px; border-bottom-style: none">371525003</td><td style="border-left-width: 0px; border-bottom-style: none">Clinical procedure report (record artifact)</td><td><a href="http://hl7.org/fhir/R4/codesystem-concept-map-equivalence.html#specializes" title="specializes">has specialization</a></td><td style="border-right-width: 0px">371526002</td><td style="border-left-width: 0px">Operative report (record artifact)</td></tr><tr><td style="border-right-width: 0px; border-top-style: none; border-bottom-style: none"/><td style="border-left-width: 0px; border-top-style: none; border-bottom-style: none"/><td><a href="http://hl7.org/fhir/R4/codesystem-concept-map-equivalence.html#specializes" title="specializes">has specialization</a></td><td style="border-right-width: 0px">4241000179101</td><td style="border-left-width: 0px">Laboratory report (record artifact)</td></tr><tr><td style="border-right-width: 0px; border-top-style: none; border-bottom-style: none"/><td style="border-left-width: 0px; border-top-style: none; border-bottom-style: none"/><td><a href="http://hl7.org/fhir/R4/codesystem-concept-map-equivalence.html#specializes" title="specializes">has specialization</a></td><td style="border-right-width: 0px">371528001</td><td style="border-left-width: 0px">Pathology report (record artifact)</td></tr><tr><td style="border-right-width: 0px; border-top-style: none; border-bottom-style: none"/><td style="border-left-width: 0px; border-top-style: none; border-bottom-style: none"/><td><a href="http://hl7.org/fhir/R4/codesystem-concept-map-equivalence.html#specializes" title="specializes">has specialization</a></td><td style="border-right-width: 0px">4201000179104</td><td style="border-left-width: 0px">Imaging report (record artifact)</td></tr><tr><td style="border-right-width: 0px; border-top-style: none; border-bottom-style: none"/><td style="border-left-width: 0px; border-top-style: none; border-bottom-style: none"/><td><a href="http://hl7.org/fhir/R4/codesystem-concept-map-equivalence.html#specializes" title="specializes">has specialization</a></td><td style="border-right-width: 0px">900000000000471006</td><td style="border-left-width: 0px">Image reference (foundation metadata concept)</td></tr><tr><td style="border-right-width: 0px; border-top-style: none; border-bottom-style: none"/><td style="border-left-width: 0px; border-top-style: none; border-bottom-style: none"/><td><a href="http://hl7.org/fhir/R4/codesystem-concept-map-equivalence.html#specializes" title="specializes">has specialization</a></td><td style="border-right-width: 0px">787148009</td><td style="border-left-width: 0px">Digital representation of specimen (record artifact)</td></tr><tr><td style="border-right-width: 0px; border-top-style: none"/><td style="border-top-style: none; border-left-width: 0px"/><td><a href="http://hl7.org/fhir/R4/codesystem-concept-map-equivalence.html#specializes" title="specializes">has specialization</a></td><td style="border-right-width: 0px">419891008</td><td style="border-left-width: 0px">Record artifact (record artifact)</td></tr></table><hr/><p><b>Group 6</b>Mapping from <a href="http://hl7.org/fhir/R4/codesystem-snomedct.html">SNOMED CT (all versions)</a> to <a href="http://hl7.org/fhir/R4/codesystem-snomedct.html">SNOMED CT (all versions)</a></p><table class="grid"><tr><td colspan="2"><b>Source Concept Details</b></td><td><b>Relationship</b></td><td colspan="2"><b>Target Concept Details</b></td><td colspan="2"><b>Properties</b></td></tr><tr><td colspan="2"><b>Codes</b> from <a href="http://hl7.org/fhir/R4/codesystem-snomedct.html" title="http://snomed.info/sct">SNOMED CT (all versions)</a></td><td/><td colspan="2"><b>Codes</b> from <a href="http://hl7.org/fhir/R4/codesystem-snomedct.html" title="http://snomed.info/sct">SNOMED CT (all versions)</a></td></tr><tr><td style="border-right-width: 0px; border-bottom-style: none">734163000</td><td style="border-left-width: 0px; border-bottom-style: none">Care plan (record artifact)</td><td><a href="http://hl7.org/fhir/R4/codesystem-concept-map-equivalence.html#specializes" title="specializes">has specialization</a></td><td style="border-right-width: 0px">737427001</td><td style="border-left-width: 0px">Clinical management plan (record artifact)</td></tr><tr><td style="border-right-width: 0px; border-top-style: none; border-bottom-style: none"/><td style="border-left-width: 0px; border-top-style: none; border-bottom-style: none"/><td><a href="http://hl7.org/fhir/R4/codesystem-concept-map-equivalence.html#specializes" title="specializes">has specialization</a></td><td style="border-right-width: 0px">773130005</td><td style="border-left-width: 0px">Nursing care plan (record artifact)</td></tr><tr><td style="border-right-width: 0px; border-top-style: none; border-bottom-style: none"/><td style="border-left-width: 0px; border-top-style: none; border-bottom-style: none"/><td><a href="http://hl7.org/fhir/R4/codesystem-concept-map-equivalence.html#specializes" title="specializes">has specialization</a></td><td style="border-right-width: 0px">736055001</td><td style="border-left-width: 0px">Rehabilitation care plan (record artifact)</td></tr><tr><td style="border-right-width: 0px; border-top-style: none"/><td style="border-top-style: none; border-left-width: 0px"/><td><a href="http://hl7.org/fhir/R4/codesystem-concept-map-equivalence.html#specializes" title="specializes">has specialization</a></td><td style="border-right-width: 0px">419891008</td><td style="border-left-width: 0px">Record artifact (record artifact)</td></tr></table><hr/><p><b>Group 7</b>Mapping from <a href="http://hl7.org/fhir/R4/codesystem-snomedct.html">SNOMED CT (all versions)</a> to <a href="http://hl7.org/fhir/R4/codesystem-snomedct.html">SNOMED CT (all versions)</a></p><table class="grid"><tr><td colspan="2"><b>Source Concept Details</b></td><td><b>Relationship</b></td><td colspan="2"><b>Target Concept Details</b></td><td colspan="2"><b>Properties</b></td></tr><tr><td colspan="2"><b>Codes</b> from <a href="http://hl7.org/fhir/R4/codesystem-snomedct.html" title="http://snomed.info/sct">SNOMED CT (all versions)</a></td><td/><td colspan="2"><b>Codes</b> from <a href="http://hl7.org/fhir/R4/codesystem-snomedct.html" title="http://snomed.info/sct">SNOMED CT (all versions)</a></td></tr><tr><td style="border-right-width: 0px; border-bottom-style: none">440545006</td><td style="border-left-width: 0px; border-bottom-style: none">Prescription record (record artifact)</td><td><a href="http://hl7.org/fhir/R4/codesystem-concept-map-equivalence.html#specializes" title="specializes">has specialization</a></td><td style="border-right-width: 0px">761938008</td><td style="border-left-width: 0px">Medicinal prescription record (record artifact)</td></tr><tr><td style="border-right-width: 0px; border-top-style: none; border-bottom-style: none"/><td style="border-left-width: 0px; border-top-style: none; border-bottom-style: none"/><td><a href="http://hl7.org/fhir/R4/codesystem-concept-map-equivalence.html#specializes" title="specializes">has specialization</a></td><td style="border-right-width: 0px">765492005</td><td style="border-left-width: 0px">Non-drug prescription record (record artifact)</td></tr><tr><td style="border-right-width: 0px; border-top-style: none"/><td style="border-top-style: none; border-left-width: 0px"/><td><a href="http://hl7.org/fhir/R4/codesystem-concept-map-equivalence.html#specializes" title="specializes">has specialization</a></td><td style="border-right-width: 0px">419891008</td><td style="border-left-width: 0px">Record artifact (record artifact)</td></tr></table><hr/><p><b>Group 8</b>Mapping from <a href="http://hl7.org/fhir/R4/codesystem-snomedct.html">SNOMED CT (all versions)</a> to <a href="http://hl7.org/fhir/R4/codesystem-snomedct.html">SNOMED CT (all versions)</a></p><table class="grid"><tr><td colspan="2"><b>Source Concept Details</b></td><td><b>Relationship</b></td><td colspan="2"><b>Target Concept Details</b></td><td colspan="2"><b>Properties</b></td></tr><tr><td colspan="2"><b>Codes</b> from <a href="http://hl7.org/fhir/R4/codesystem-snomedct.html" title="http://snomed.info/sct">SNOMED CT (all versions)</a></td><td/><td colspan="2"><b>Codes</b> from <a href="http://hl7.org/fhir/R4/codesystem-snomedct.html" title="http://snomed.info/sct">SNOMED CT (all versions)</a></td></tr><tr><td style="border-right-width: 0px; border-bottom-style: none">184216000</td><td style="border-left-width: 0px; border-bottom-style: none">Patient record type (record artifact)</td><td><a href="http://hl7.org/fhir/R4/codesystem-concept-map-equivalence.html#specializes" title="specializes">has specialization</a></td><td style="border-right-width: 0px">722446000</td><td style="border-left-width: 0px">Allergy record (record artifact)</td></tr><tr><td style="border-right-width: 0px; border-top-style: none; border-bottom-style: none"/><td style="border-left-width: 0px; border-top-style: none; border-bottom-style: none"/><td><a href="http://hl7.org/fhir/R4/codesystem-concept-map-equivalence.html#specializes" title="specializes">has specialization</a></td><td style="border-right-width: 0px">41000179103</td><td style="border-left-width: 0px">Immunization record (record artifact)</td></tr><tr><td style="border-right-width: 0px; border-top-style: none"/><td style="border-top-style: none; border-left-width: 0px"/><td><a href="http://hl7.org/fhir/R4/codesystem-concept-map-equivalence.html#specializes" title="specializes">has specialization</a></td><td style="border-right-width: 0px">419891008</td><td style="border-left-width: 0px">Record artifact (record artifact)</td></tr></table><hr/><p><b>Group 9</b>Mapping from <a href="http://hl7.org/fhir/R4/codesystem-snomedct.html">SNOMED CT (all versions)</a> to <a href="http://hl7.org/fhir/R4/codesystem-snomedct.html">SNOMED CT (all versions)</a></p><table class="grid"><tr><td><b>Source Code</b></td><td><b>Relationship</b></td><td><b>Target Code</b></td></tr><tr><td>371537001 (Consent report (record artifact))</td><td><a href="http://hl7.org/fhir/R4/codesystem-concept-map-equivalence.html#specializes" title="specializes">has specialization</a></td><td>419891008 (Record artifact (record artifact))</td></tr></table><hr/><p><b>Group 10</b>Mapping from <a href="http://hl7.org/fhir/R4/codesystem-snomedct.html">SNOMED CT (all versions)</a> to <a href="http://hl7.org/fhir/R4/codesystem-snomedct.html">SNOMED CT (all versions)</a></p><table class="grid"><tr><td><b>Source Code</b></td><td><b>Relationship</b></td><td><b>Target Code</b></td></tr><tr><td>371538006 (Advance directive report (record artifact))</td><td><a href="http://hl7.org/fhir/R4/codesystem-concept-map-equivalence.html#specializes" title="specializes">has specialization</a></td><td>419891008 (Record artifact (record artifact))</td></tr></table><hr/><p><b>Group 11</b>Mapping from <a href="http://hl7.org/fhir/R4/codesystem-snomedct.html">SNOMED CT (all versions)</a> to <a href="http://hl7.org/fhir/R4/codesystem-snomedct.html">SNOMED CT (all versions)</a></p><table class="grid"><tr><td><b>Source Code</b></td><td><b>Relationship</b></td><td><b>Target Code</b></td></tr><tr><td>722160009 (Audit trail report (record artifact))</td><td><a href="http://hl7.org/fhir/R4/codesystem-concept-map-equivalence.html#specializes" title="specializes">has specialization</a></td><td>419891008 (Record artifact (record artifact))</td></tr></table><hr/><p><b>Group 12</b>Mapping from <a href="http://hl7.org/fhir/R4/codesystem-snomedct.html">SNOMED CT (all versions)</a> to <a href="http://hl7.org/fhir/R4/codesystem-snomedct.html">SNOMED CT (all versions)</a></p><table class="grid"><tr><td><b>Source Code</b></td><td><b>Relationship</b></td><td><b>Target Code</b></td></tr><tr><td>722216001 (Emergency medical identification record (record artifact))</td><td><a href="http://hl7.org/fhir/R4/codesystem-concept-map-equivalence.html#specializes" title="specializes">has specialization</a></td><td>419891008 (Record artifact (record artifact))</td></tr></table><hr/><p><b>Group 13</b>Mapping from <a href="http://hl7.org/fhir/R4/codesystem-snomedct.html">SNOMED CT (all versions)</a> to <a href="http://hl7.org/fhir/R4/codesystem-snomedct.html">SNOMED CT (all versions)</a></p><table class="grid"><tr><td><b>Source Code</b></td><td><b>Relationship</b></td><td><b>Target Code</b></td></tr><tr><td>772790007 (Organ donor card (record artifact))</td><td><a href="http://hl7.org/fhir/R4/codesystem-concept-map-equivalence.html#specializes" title="specializes">has specialization</a></td><td>419891008 (Record artifact (record artifact))</td></tr></table><hr/><p><b>Group 14</b>Mapping from <a href="http://hl7.org/fhir/R4/codesystem-snomedct.html">SNOMED CT (all versions)</a> to <a href="http://hl7.org/fhir/R4/codesystem-snomedct.html">SNOMED CT (all versions)</a></p><table class="grid"><tr><td colspan="2"><b>Source Concept Details</b></td><td><b>Relationship</b></td><td colspan="2"><b>Target Concept Details</b></td><td colspan="2"><b>Properties</b></td></tr><tr><td colspan="2"><b>Codes</b> from <a href="http://hl7.org/fhir/R4/codesystem-snomedct.html" title="http://snomed.info/sct">SNOMED CT (all versions)</a></td><td/><td colspan="2"><b>Codes</b> from <a href="http://hl7.org/fhir/R4/codesystem-snomedct.html" title="http://snomed.info/sct">SNOMED CT (all versions)</a></td></tr><tr><td style="border-right-width: 0px; border-bottom-style: none">405624007</td><td style="border-left-width: 0px; border-bottom-style: none">Administrative documentation (record artifact)</td><td><a href="http://hl7.org/fhir/R4/codesystem-concept-map-equivalence.html#specializes" title="specializes">has specialization</a></td><td style="border-right-width: 0px">772786005</td><td style="border-left-width: 0px">Medical certificate (record artifact)</td></tr><tr><td style="border-right-width: 0px; border-top-style: none"/><td style="border-top-style: none; border-left-width: 0px"/><td><a href="http://hl7.org/fhir/R4/codesystem-concept-map-equivalence.html#specializes" title="specializes">has specialization</a></td><td style="border-right-width: 0px">419891008</td><td style="border-left-width: 0px">Record artifact (record artifact)</td></tr></table><hr/><p><b>Group 15</b>Mapping from <a href="http://hl7.org/fhir/R4/codesystem-snomedct.html">SNOMED CT (all versions)</a> to <a href="http://hl7.org/fhir/R4/codesystem-snomedct.html">SNOMED CT (all versions)</a></p><table class="grid"><tr><td colspan="2"><b>Source Concept Details</b></td><td><b>Relationship</b></td><td colspan="2"><b>Target Concept Details</b></td><td colspan="2"><b>Properties</b></td></tr><tr><td colspan="2"><b>Codes</b> from <a href="http://hl7.org/fhir/R4/codesystem-snomedct.html" title="http://snomed.info/sct">SNOMED CT (all versions)</a></td><td/><td colspan="2"><b>Codes</b> from <a href="http://hl7.org/fhir/R4/codesystem-snomedct.html" title="http://snomed.info/sct">SNOMED CT (all versions)</a></td></tr><tr><td style="border-right-width: 0px; border-bottom-style: none">417319006</td><td style="border-left-width: 0px; border-bottom-style: none">Record of health event (record artifact)</td><td><a href="http://hl7.org/fhir/R4/codesystem-concept-map-equivalence.html#specializes" title="specializes">has specialization</a></td><td style="border-right-width: 0px">445300006</td><td style="border-left-width: 0px">Emergency department record (record artifact)</td></tr><tr><td style="border-right-width: 0px; border-top-style: none; border-bottom-style: none"/><td style="border-left-width: 0px; border-top-style: none; border-bottom-style: none"/><td><a href="http://hl7.org/fhir/R4/codesystem-concept-map-equivalence.html#specializes" title="specializes">has specialization</a></td><td style="border-right-width: 0px">445418005</td><td style="border-left-width: 0px">Professional allied to medicine clinical report (record artifact)</td></tr><tr><td style="border-right-width: 0px; border-top-style: none"/><td style="border-top-style: none; border-left-width: 0px"/><td><a href="http://hl7.org/fhir/R4/codesystem-concept-map-equivalence.html#specializes" title="specializes">has specialization</a></td><td style="border-right-width: 0px">419891008</td><td style="border-left-width: 0px">Record artifact (record artifact)</td></tr></table><hr/><p><b>Group 16</b>Mapping from <a href="http://hl7.org/fhir/R4/codesystem-snomedct.html">SNOMED CT (all versions)</a> to <a href="http://hl7.org/fhir/R4/codesystem-snomedct.html">SNOMED CT (all versions)</a></p><table class="grid"><tr><td><b>Source Code</b></td><td><b>Relationship</b></td><td><b>Target Code</b></td></tr><tr><td>2171000195109 (Obstetrical record (record artifact))</td><td><a href="http://hl7.org/fhir/R4/codesystem-concept-map-equivalence.html#specializes" title="specializes">has specialization</a></td><td>419891008 (Record artifact (record artifact))</td></tr></table><hr/><p><b>Group 17</b>Mapping from <a href="http://hl7.org/fhir/R4/codesystem-snomedct.html">SNOMED CT (all versions)</a> to <a href="http://hl7.org/fhir/R4/codesystem-snomedct.html">SNOMED CT (all versions)</a></p><table class="grid"><tr><td><b>Source Code</b></td><td><b>Relationship</b></td><td><b>Target Code</b></td></tr><tr><td>419891008 (Record artifact (record artifact))</td><td><a href="http://hl7.org/fhir/R4/codesystem-concept-map-equivalence.html#specializes" title="specializes">has specialization</a></td><td>419891008 (Record artifact (record artifact))</td></tr></table></div>
  </text>
  <url value="http://fhir.ch/ig/ch-epr-term/ConceptMap/DocumentEntryClassCodeToDocumentEntryTypeCode"/>
  <version value="2.0.9"/>
  <name value="DocumentEntryClassCodeToDocumentEntryTypeCode"/>
  <title value="DocumentEntryClassCodeToDocumentEntryTypeCode"/>
  <status value="active"/>
  <date value="2023-06-27T18:08:17+02:00"/>
  <publisher value="HL7 Switzerland"/>
  <contact>
    <name value="HL7 Switzerland"/>
    <telecom>
      <system value="url"/>
      <value value="https://www.hl7.ch/"/>
    </telecom>
  </contact>
  <description value="Mapping DocumentEntryClassCodeToDocumentEntryTypeCode"/>
  <jurisdiction>
    <coding>
      <system value="urn:iso:std:iso:3166"/>
      <code value="CH"/>
    </coding>
  </jurisdiction>
  <copyright value="This artefact includes content from SNOMED Clinical Terms® (SNOMED CT®) which is copyright of the International Health Terminology Standards Development Organisation (IHTSDO). Implementers of these artefacts must have the appropriate SNOMED CT Affiliate license - for more information contact http://www.snomed.org/snomed-ct/getsnomed-ct or info@snomed.org."/>
  <sourceUri value="http://fhir.ch/ig/ch-epr-term/ValueSet/DocumentEntry.classCode"/>
  <targetUri value="http://fhir.ch/ig/ch-epr-term/ValueSet/DocumentEntry.typeCode"/>
  <group>
    <source value="http://snomed.info/sct"/>
    <target value="http://snomed.info/sct"/>
    <element>
      <code value="371531000"/>
      <display value="Report of clinical encounter (record artifact)"/>
      <target>
        <code value="371530004"/>
        <display value="Clinical consultation report (record artifact)"/>
        <equivalence value="specializes"/>
      </target>
      <target>
        <code value="371529009"/>
        <display value="History and physical report (record artifact)"/>
        <equivalence value="specializes"/>
      </target>
      <target>
        <code value="371532007"/>
        <display value="Progress report (record artifact)"/>
        <equivalence value="specializes"/>
      </target>
      <target>
        <code value="419891008"/>
        <display value="Record artifact (record artifact)"/>
        <equivalence value="specializes"/>
      </target>
    </element>
  </group>
  <group>
    <source value="http://snomed.info/sct"/>
    <target value="http://snomed.info/sct"/>
    <element>
      <code value="721927009"/>
      <display value="Referral note (record artifact)"/>
      <target>
        <code value="419891008"/>
        <display value="Record artifact (record artifact)"/>
        <equivalence value="specializes"/>
      </target>
    </element>
  </group>
  <group>
    <source value="http://snomed.info/sct"/>
    <target value="http://snomed.info/sct"/>
    <element>
      <code value="721963009"/>
      <display value="Order (record artifact)"/>
      <target>
        <code value="721965002"/>
        <display value="Laboratory order (record artifact)"/>
        <equivalence value="specializes"/>
      </target>
      <target>
        <code value="721966001"/>
        <display value="Pathology order (record artifact)"/>
        <equivalence value="specializes"/>
      </target>
      <target>
        <code value="2161000195103"/>
        <display value="Imaging order (record artifact)"/>
        <equivalence value="specializes"/>
      </target>
      <target>
        <code value="419891008"/>
        <display value="Record artifact (record artifact)"/>
        <equivalence value="specializes"/>
      </target>
    </element>
  </group>
  <group>
    <source value="http://snomed.info/sct"/>
    <target value="http://snomed.info/sct"/>
    <element>
      <code value="422735006"/>
      <display value="Summary clinical document (record artifact)"/>
      <target>
        <code value="373942005"/>
        <display value="Discharge summary (record artifact)"/>
        <equivalence value="specializes"/>
      </target>
      <target>
        <code value="371535009"/>
        <display value="Transfer summary report (record artifact)"/>
        <equivalence value="specializes"/>
      </target>
      <target>
        <code value="721912009"/>
        <display value="Medication summary document (record artifact)"/>
        <equivalence value="specializes"/>
      </target>
      <target>
        <code value="419891008"/>
        <display value="Record artifact (record artifact)"/>
        <equivalence value="specializes"/>
      </target>
    </element>
  </group>
  <group>
    <source value="http://snomed.info/sct"/>
    <target value="http://snomed.info/sct"/>
    <element>
      <code value="371525003"/>
      <display value="Clinical procedure report (record artifact)"/>
      <target>
        <code value="371526002"/>
        <display value="Operative report (record artifact)"/>
        <equivalence value="specializes"/>
      </target>
      <target>
        <code value="4241000179101"/>
        <display value="Laboratory report (record artifact)"/>
        <equivalence value="specializes"/>
      </target>
      <target>
        <code value="371528001"/>
        <display value="Pathology report (record artifact)"/>
        <equivalence value="specializes"/>
      </target>
      <target>
        <code value="4201000179104"/>
        <display value="Imaging report (record artifact)"/>
        <equivalence value="specializes"/>
      </target>
      <target>
        <code value="900000000000471006"/>
        <display value="Image reference (foundation metadata concept)"/>
        <equivalence value="specializes"/>
      </target>
      <target>
        <code value="787148009"/>
        <display value="Digital representation of specimen (record artifact)"/>
        <equivalence value="specializes"/>
      </target>
      <target>
        <code value="419891008"/>
        <display value="Record artifact (record artifact)"/>
        <equivalence value="specializes"/>
      </target>
    </element>
  </group>
  <group>
    <source value="http://snomed.info/sct"/>
    <target value="http://snomed.info/sct"/>
    <element>
      <code value="734163000"/>
      <display value="Care plan (record artifact)"/>
      <target>
        <code value="737427001"/>
        <display value="Clinical management plan (record artifact)"/>
        <equivalence value="specializes"/>
      </target>
      <target>
        <code value="773130005"/>
        <display value="Nursing care plan (record artifact)"/>
        <equivalence value="specializes"/>
      </target>
      <target>
        <code value="736055001"/>
        <display value="Rehabilitation care plan (record artifact)"/>
        <equivalence value="specializes"/>
      </target>
      <target>
        <code value="419891008"/>
        <display value="Record artifact (record artifact)"/>
        <equivalence value="specializes"/>
      </target>
    </element>
  </group>
  <group>
    <source value="http://snomed.info/sct"/>
    <target value="http://snomed.info/sct"/>
    <element>
      <code value="440545006"/>
      <display value="Prescription record (record artifact)"/>
      <target>
        <code value="761938008"/>
        <display value="Medicinal prescription record (record artifact)"/>
        <equivalence value="specializes"/>
      </target>
      <target>
        <code value="765492005"/>
        <display value="Non-drug prescription record (record artifact)"/>
        <equivalence value="specializes"/>
      </target>
      <target>
        <code value="419891008"/>
        <display value="Record artifact (record artifact)"/>
        <equivalence value="specializes"/>
      </target>
    </element>
  </group>
  <group>
    <source value="http://snomed.info/sct"/>
    <target value="http://snomed.info/sct"/>
    <element>
      <code value="184216000"/>
      <display value="Patient record type (record artifact)"/>
      <target>
        <code value="722446000"/>
        <display value="Allergy record (record artifact)"/>
        <equivalence value="specializes"/>
      </target>
      <target>
        <code value="41000179103"/>
        <display value="Immunization record (record artifact)"/>
        <equivalence value="specializes"/>
      </target>
      <target>
        <code value="419891008"/>
        <display value="Record artifact (record artifact)"/>
        <equivalence value="specializes"/>
      </target>
    </element>
  </group>
  <group>
    <source value="http://snomed.info/sct"/>
    <target value="http://snomed.info/sct"/>
    <element>
      <code value="371537001"/>
      <display value="Consent report (record artifact)"/>
      <target>
        <code value="419891008"/>
        <display value="Record artifact (record artifact)"/>
        <equivalence value="specializes"/>
      </target>
    </element>
  </group>
  <group>
    <source value="http://snomed.info/sct"/>
    <target value="http://snomed.info/sct"/>
    <element>
      <code value="371538006"/>
      <display value="Advance directive report (record artifact)"/>
      <target>
        <code value="419891008"/>
        <display value="Record artifact (record artifact)"/>
        <equivalence value="specializes"/>
      </target>
    </element>
  </group>
  <group>
    <source value="http://snomed.info/sct"/>
    <target value="http://snomed.info/sct"/>
    <element>
      <code value="722160009"/>
      <display value="Audit trail report (record artifact)"/>
      <target>
        <code value="419891008"/>
        <display value="Record artifact (record artifact)"/>
        <equivalence value="specializes"/>
      </target>
    </element>
  </group>
  <group>
    <source value="http://snomed.info/sct"/>
    <target value="http://snomed.info/sct"/>
    <element>
      <code value="722216001"/>
      <display value="Emergency medical identification record (record artifact)"/>
      <target>
        <code value="419891008"/>
        <display value="Record artifact (record artifact)"/>
        <equivalence value="specializes"/>
      </target>
    </element>
  </group>
  <group>
    <source value="http://snomed.info/sct"/>
    <target value="http://snomed.info/sct"/>
    <element>
      <code value="772790007"/>
      <display value="Organ donor card (record artifact)"/>
      <target>
        <code value="419891008"/>
        <display value="Record artifact (record artifact)"/>
        <equivalence value="specializes"/>
      </target>
    </element>
  </group>
  <group>
    <source value="http://snomed.info/sct"/>
    <target value="http://snomed.info/sct"/>
    <element>
      <code value="405624007"/>
      <display value="Administrative documentation (record artifact)"/>
      <target>
        <code value="772786005"/>
        <display value="Medical certificate (record artifact)"/>
        <equivalence value="specializes"/>
      </target>
      <target>
        <code value="419891008"/>
        <display value="Record artifact (record artifact)"/>
        <equivalence value="specializes"/>
      </target>
    </element>
  </group>
  <group>
    <source value="http://snomed.info/sct"/>
    <target value="http://snomed.info/sct"/>
    <element>
      <code value="417319006"/>
      <display value="Record of health event (record artifact)"/>
      <target>
        <code value="445300006"/>
        <display value="Emergency department record (record artifact)"/>
        <equivalence value="specializes"/>
      </target>
      <target>
        <code value="445418005"/>
        <display value="Professional allied to medicine clinical report (record artifact)"/>
        <equivalence value="specializes"/>
      </target>
      <target>
        <code value="419891008"/>
        <display value="Record artifact (record artifact)"/>
        <equivalence value="specializes"/>
      </target>
    </element>
  </group>
  <group>
    <source value="http://snomed.info/sct"/>
    <target value="http://snomed.info/sct"/>
    <element>
      <code value="2171000195109"/>
      <display value="Obstetrical record (record artifact)"/>
      <target>
        <code value="419891008"/>
        <display value="Record artifact (record artifact)"/>
        <equivalence value="specializes"/>
      </target>
    </element>
  </group>
  <group>
    <source value="http://snomed.info/sct"/>
    <target value="http://snomed.info/sct"/>
    <element>
      <code value="419891008"/>
      <display value="Record artifact (record artifact)"/>
      <target>
        <code value="419891008"/>
        <display value="Record artifact (record artifact)"/>
        <equivalence value="specializes"/>
      </target>
    </element>
  </group>
</ConceptMap>