<?xml version="1.0" encoding="UTF-8"?>

<Observation xmlns="http://hl7.org/fhir">
  <id value="NumberExaminedRegionalLymphNodes-20181215"/>
  <meta>
    <profile value="http://fhir.ch/ig/ch-crl/StructureDefinition/ch-crl-observation-numberexaminedregionallymphnodes"/>
  </meta>
  <text>
    <status value="generated"/><div xmlns="http://www.w3.org/1999/xhtml"><p><b>Generated Narrative with Details</b></p><p><b>id</b>: NumberExaminedRegionalLymphNodes-20181215</p><p><b>meta</b>: </p><p><b>status</b>: final</p><p><b>code</b>: Regional lymph nodes examined [#] Specimen <span style="background: LightGoldenRodYellow">(Details : {LOINC code '21894-1' = 'Regional lymph nodes examined [#] Specimen', given as 'Regional lymph nodes examined [#] Specimen'})</span></p><p><b>subject</b>: <a href="Patient-RobertMeier.html">Generated Summary: id: RobertMeier; 756.9217.0023.43; Robert Meier ; gender: male; birthDate: 1955-01-27; </a></p><p><b>effective</b>: 15.12.2018, 00:00:00</p><p><b>value</b>: 18</p></div>
  </text>
  <status value="final"/>
  <code>
    <coding>
      <system value="http://loinc.org"/>
      <code value="21894-1"/>
      <display value="Regional lymph nodes examined [#] Specimen"/>
    </coding>
  </code>
  <subject>
    <reference value="Patient/RobertMeier"/>
  </subject>
  <effectiveDateTime value="2018-12-15"/>
  <valueQuantity>
    <value value="18"/>
  </valueQuantity>
</Observation>