<?xml version="1.0" encoding="UTF-8"?>

<ValueSet xmlns="http://hl7.org/fhir">
  <id value="nkrs-icdo3histologicalgrade"/>
  <text>
    <status value="generated"/><div xmlns="http://www.w3.org/1999/xhtml"><h2>NKRS - ICD-O-3 Histological Grade</h2><div><p>The data item describes the neoplasm’s resemblance to normal (parent) tissue according to ICD-O.</p>
</div><p>This value set includes codes from the following code systems:</p><ul><li>Include all codes defined in <a href="CodeSystem-nkrs-icdo3histologicalgrade.html"><code>http://fhir.ch/ig/ch-crl/CodeSystem/nkrs-icdo3histologicalgrade</code></a></li></ul></div>
  </text>
  <url value="http://fhir.ch/ig/ch-crl/ValueSet/nkrs-icdo3histologicalgrade"/>
  <version value="0.2.1"/>
  <name value="NkrsIcdO3HistologicalGrade"/>
  <title value="NKRS - ICD-O-3 Histological Grade"/>
  <status value="draft"/>
  <date value="2019-11-08T00:00:00+01:00"/>
  <publisher value="NKRS - Nationale Krebsregistrierungsstelle"/>
  <contact>
    <name value="Foundation National Institute for Cancer Epidemiology and Registration (NICER)"/>
    <telecom>
      <system value="url"/>
      <value value="https://www.nicer.org/"/>
    </telecom>
  </contact>
  <description value="The data item describes the neoplasm&#x2019;s resemblance to normal (parent) tissue according to ICD-O."/>
  <compose>
    <include>
      <system value="http://fhir.ch/ig/ch-crl/CodeSystem/nkrs-icdo3histologicalgrade"/>
    </include>
  </compose>
</ValueSet>