URL,Version,Status,OIDs,Name,Title,Descriptino,Uses,Used,Sources
http://fhir.ch/ig/ch-allergyintolerance/ValueSet/CHAllergyIntoleranceConditionValueSet,3.1.0,active,,CHAllergyIntoleranceConditionValueSet,CH AllergyIntolerance Condition,"CH AllergyIntolerance condition value set. This value set includes codes from SNOMED Clinical Terms®  values  for values from the manifestation of reactions value set PLUS findings for the documentation of allergy or intolerances in conditions as problem-list or as encounter-diagnosis as well as its absence (no know allergies)","StructureDefinition/ch-core-condition","SCT"
http://fhir.ch/ig/ch-allergyintolerance/ValueSet/CHAllergyIntoleranceReactionManifestationValueSet,3.1.0,active,,CHAllergyIntoleranceReactionManifestationValueSet,CH AllergyIntolerance Reaction Manifestation,"CH AllergyIntolerance reaction manifestation value set, including codes values according to the Allergy Reaction (GPS) - IPS value set from SNOMED Clinical Terms®  for the documentation of manifestation of allergy or intolerance reactions","StructureDefinition/ch-core-allergyintolerance","SCT"
http://fhir.ch/ig/ch-allergyintolerance/ValueSet/CHAllergyIntoleranceReactionSubstanceValueSet,3.1.0,active,,CHAllergyIntoleranceReactionSubstanceValueSet,CH AllergyIntolerance Reaction Substance,"CH AllergyIntolerance reation substance value set. This value set includes codes from SNOMED Clinical Terms® substances for the documentation of substancies of allergy or intolerance reactions","StructureDefinition/ch-core-allergyintolerance","SCT"
http://fhir.ch/ig/ch-allergyintolerance/ValueSet/CHAllergyIntoleranceValueSet,3.1.0,active,,CHAllergyIntoleranceValueSet,CH AllergyIntolerance,"CH AllergyIntolerance coding value set. This value set includes codes values  from SNOMED Clinical Terms® for no known [xy] allergies AND findings AND substances for the documentation of allergy or intolerance","StructureDefinition/ch-core-allergyintolerance","SCT"
http://fhir.ch/ig/ch-core/ValueSet/bfs-medstats-17-admitsource,3.1.0,active,,BfsMedstats17Admitsource,BFS Medizinische Statistik - 17 1.2.V02 - Aufenthaltsort vor dem Eintritt / Séjour avant l’admission / Luogo di soggiorno prima dell’ammissione,"BFS defines variables for medical statistic (german, french, italian) see [BFS](https://www.bfs.admin.ch/bfs/de/home/statistiken/kataloge-datenbanken/publikationen.assetdetail.7066232.html). Unmittelbarer Aufenthaltsort vor dem Eintritt. Wo befand sich BFS der Patient / die Patientin?","StructureDefinition/ch-core-encounter","ch.fhir.ig.ch-term"
http://fhir.ch/ig/ch-core/ValueSet/bfs-medstats-18-admittype,3.1.0,active,,BfsMedstats18Admittype,BFS Medizinische Statistik - 18 1.2.V03 - Eintrittsart / Mode d’admission / Genere di ricovero,"BFS defines variables for medical statistic (german, french, italian) see [BFS](https://www.bfs.admin.ch/bfs/de/home/statistiken/kataloge-datenbanken/publikationen.assetdetail.7066232.html). Beschreibung der Umstände des Eintritts. Wie wurde der BFS Patient / die Patientin aufgenommen?","StructureDefinition/ch-core-encounter","ch.fhir.ig.ch-term"
http://fhir.ch/ig/ch-core/ValueSet/bfs-medstats-19-admitrole,3.1.0,active,,BfsMedstats19Admitrole,BFS Medizinische Statistik - 19 1.2.V04 - Einweisende Instanz / Décision d’envoi / Istanza ricoverante,"BFS defines variables for medical statistic (german, french, italian) see [BFS](https://www.bfs.admin.ch/bfs/de/home/statistiken/kataloge-datenbanken/publikationen.assetdetail.7066232.html). Unmittelbarer Aufenthaltsort vor dem Eintritt. Wo befand sich BFS der Patient / die Patientin?","StructureDefinition/ch-ext-bfs-ms-admitrole","ch.fhir.ig.ch-term"
http://fhir.ch/ig/ch-core/ValueSet/bfs-medstats-21-encountertype,3.1.0,active,,BfsMedstats21Encountertype,BFS Medizinische Statistik - 21 1.3.V02 - Klasse / Classe / Classe,"BFS defines variables for medical statistic (german, french, italian) see [BFS](https://www.bfs.admin.ch/bfs/de/home/statistiken/kataloge-datenbanken/publikationen.assetdetail.7066232.html). Im Rahmen des Spitalaufenthaltes belegte Liegeklasse, nicht BFS die Versicherungskategorie. Bei Wechsel der Klasse ist die im Wesentlichen beanspruchte Klasse anzugeben.","StructureDefinition/ch-core-coverage","ch.fhir.ig.ch-term"
http://fhir.ch/ig/ch-core/ValueSet/bfs-medstats-27-dischargedecision,3.1.0,active,,BfsMedstats27Dischargedecision,BFS Medizinische Statistik - 27 1.5.V02 - Entscheid für Austritt / Décision de sortie / Décisione dell’uscita,"BFS defines variables for medical statistic (german, french, italian) see [BFS](https://www.bfs.admin.ch/bfs/de/home/statistiken/kataloge-datenbanken/publikationen.assetdetail.7066232.html). Wer hat den Klinikaustritt veranlasst?","StructureDefinition/ch-ext-bfs-ms-dischargedecision","ch.fhir.ig.ch-term"
http://fhir.ch/ig/ch-core/ValueSet/bfs-medstats-28-dischargedestination,3.1.0,active,,BfsMedstats28Dischargedestination,BFS Medizinische Statistik - 28 1.5.V03 - Aufenthalt nach Austritt / Séjour après la sortie / Destinazione dopo l’uscita,"BFS defines variables for medical statistic (german, french, italian) see [BFS](https://www.bfs.admin.ch/bfs/de/home/statistiken/kataloge-datenbanken/publikationen.assetdetail.7066232.html). Wohin wurde der Patient entlassen?","StructureDefinition/ch-ext-bfs-ms-dischargedestination","ch.fhir.ig.ch-term"
http://fhir.ch/ig/ch-core/ValueSet/bfs-medstats-29-dischargeencounter,3.1.0,active,,BfsMedstats29Dischargeencounter,BFS Medizinische Statistik - 29 1.5.V04 - Behandlung nach Austritt / Prise en charge après la sortie / Trattamento dopo l’uscita,"BFS defines variables for medical statistic (german, french, italian) see [BFS](https://www.bfs.admin.ch/bfs/de/home/statistiken/kataloge-datenbanken/publikationen.assetdetail.7066232.html). Behandlung, Pflege, Rehabilitation nach dem Spitalaufenthalt. Es geht darum, den Behandlungserfolg resp. den Abhängigkeitsgrad bei Austritt anzugeben. Nur die am besten zutreffende Kategorie auswählen.","StructureDefinition/ch-core-encounter","ch.fhir.ig.ch-term"
http://fhir.ch/ig/ch-core/ValueSet/ch-core-encounter-participation-type,3.1.0,active,,ChCoreEncounterParticipationType,ChCoreEncounterParticipationType,"This value set defines a set of codes that can be used to indicate how an individual participates in an encounter. In Switzerland the primary care physician is added to the extensible base ValueSet.","StructureDefinition/ch-core-encounter","THO (V3)"
http://fhir.ch/ig/ch-core/ValueSet/ch-core-maritalstatus,3.1.0,active,,ChCoreMaritalStatus,ChCoreMaritalStatus,"MaritalStatus combined by fhir and eCH-11. See [maritalData - Zivilstandsangaben eCH-11](https://www.bfs.admin.ch/bfs/de/home/statistiken/kataloge-datenbanken/publikationen.assetdetail.349276.html) and/or [BFS Amtlicher Katalog der Merkmale](https://www.bfs.admin.ch/bfs/de/home/statistiken/kataloge-datenbanken/publikationen.assetdetail.349276.html).","StructureDefinition/ch-core-patient,StructureDefinition/ch-core-patient-epr","ch.fhir.ig.ch-term"
http://fhir.ch/ig/ch-core/ValueSet/ech-10-linetype,3.1.0,active,,ECH10AddressLine,eCH-010 Address Line Type,"eCH-010 defines different address lines (addressLine1,2 and street)","StructureDefinition/ch-core-address-ech-10,StructureDefinition/ch-core-address-ech-11-placeofbirth,StructureDefinition/ch-core-address-ech-11-placeoforigin,StructureDefinition/ch-ext-ech-10-linetype,StructureDefinition/ch-core-address","ch.fhir.ig.ch-term"
http://fhir.ch/ig/ch-core/ValueSet/ech-11-firstnamedatatype,3.1.0,active,,ECH11FirstNameDataTypes,eCH-011 FirstNameDataTypes,"eCH-011 defines different nameData Types, this ValueSet is the subset for the firstnames","StructureDefinition/ch-ext-ech-11-firstname","ch.fhir.ig.ch-term"
http://fhir.ch/ig/ch-core/ValueSet/ech-11-maritaldata-separation,3.1.0,active,,ECH11MaritaldataSeparation,eCH-011 MaritalData Separation,"eCH-011 defines maritalData separation types","StructureDefinition/ch-ext-ech-11-maritaldata-separation","ch.fhir.ig.ch-term"
http://fhir.ch/ig/ch-core/ValueSet/ech-11-namedatatype,3.1.0,active,,ECH11NameDataTypes,eCH-011 NameDataTypes,"eCH-011 defines different nameData Types, this ValueSet is the subset for the family name","StructureDefinition/ch-ext-ech-11-name","ch.fhir.ig.ch-term"
http://fhir.ch/ig/ch-core/ValueSet/ech-46-emailcategory,3.1.0,active,,ECH46EmailCategory,eCH-0046 Email Category,"eCH-0046 defines these types of e-mail categories","StructureDefinition/ch-ext-ech-46-emailcategory","ch.fhir.ig.ch-term"
http://fhir.ch/ig/ch-core/ValueSet/ech-46-internetcategory,3.1.0,active,,ECH46InternetCategory,eCH-0046 Internet Category,"eCH-0046 defines these types of internet categories","StructureDefinition/ch-ext-ech-46-internetcategory","ch.fhir.ig.ch-term"
http://fhir.ch/ig/ch-core/ValueSet/ech-46-phonecategory,3.1.0,active,,ECH46PhoneCategory,eCH-0046 Phone Category,"eCH-0046 defines these types of phone categories","StructureDefinition/ch-ext-ech-46-phonecategory","ch.fhir.ig.ch-term"
http://fhir.ch/ig/ch-core/ValueSet/ech-7-cantonabbreviation,3.1.0,active,,ECH007CantonAbbreviation,eCH-0007 Canton Abbreviation,"eCH-0007: Each municipality has a unique cantonal affiliation, which can be defined by the cantonal abbreviation commonly used in Switzerland.","StructureDefinition/ch-core-address-ech-10,StructureDefinition/ch-core-address-ech-11-placeofbirth,StructureDefinition/ch-core-address-ech-11-placeoforigin,StructureDefinition/ch-core-address","ch.fhir.ig.ch-term"
http://fhir.ch/ig/ch-term/ValueSet/ActSubstanceAdminSubstitutionCode,3.1.0,active,,ActSubstanceAdminSubstitutionCode,ActSubstanceAdminSubstitutionCode,"ActSubstanceAdminSubstitutionCode","StructureDefinition/ch-core-medicationrequest,StructureDefinition/ch-core-medicationdispense","THO (V3)"
http://fhir.ch/ig/ch-term/ValueSet/ActivePharmaceuticalIngredient,3.1.0,active,"2.16.756.5.30.1.1.11.82",ActivePharmaceuticalIngredient,ActivePharmaceuticalIngredient,"ActivePharmaceuticalIngredient","StructureDefinition/ch-core-medication","SCT"
http://fhir.ch/ig/ch-term/ValueSet/DocumentEntry.classCode,3.1.0,active,"2.16.756.5.30.1.127.3.10.1.3",DocumentEntryClassCode,DocumentEntry.classCode,"Document class as per EPRO-FDHA Annex 3","StructureDefinition/ch-core-documentreference-epr,StructureDefinition/ch-core-documentreference","SCT"
http://fhir.ch/ig/ch-term/ValueSet/DocumentEntry.confidentialityCode,3.1.0,active,"2.16.756.5.30.1.127.3.10.1.5",DocumentEntryConfidentialityCode,DocumentEntry.confidentialityCode,"Document confidentiality as per Annex; EPRO-FDHA.","StructureDefinition/ch-core-documentreference-epr,StructureDefinition/ch-ext-epr-confidentialitycode,StructureDefinition/ch-core-documentreference","SCT"
http://fhir.ch/ig/ch-term/ValueSet/DocumentEntry.formatCode,3.1.0,active,"2.16.756.5.30.1.127.3.10.1.9",DocumentEntryFormatCode,DocumentEntry.formatCode,"Document format as per Annex; EPRO-FDHA.         This unambiguous code defines the format of the XDS document. Together with the mimetype, this should provide the potential consumer with sufficient information as to whether they are in a position to process the document.","StructureDefinition/ch-core-documentreference-epr,StructureDefinition/ch-core-documentreference","ihe.formatcode.fhir,ch.fhir.ig.ch-term,Other"
http://fhir.ch/ig/ch-term/ValueSet/DocumentEntry.healthcareFacilityTypeCode,3.1.0,active,"2.16.756.5.30.1.127.3.10.1.11",DocumentEntryHealthcareFacilityTypeCode,DocumentEntry.healthcareFacilityTypeCode,"Type of healthcare facility as per Annex 3; EPRO-FDHA.       This code describes the type of healthcare facility in which the document was compiled during the treatment process. In conjunction with the authorisation control, the patient can use this information to assign all documents from a specific type of healthcare facility to a specific confidentiality level in their rights and attributes, for example.","StructureDefinition/ch-core-organization,StructureDefinition/ch-core-documentreference-epr,StructureDefinition/ch-core-documentreference,StructureDefinition/ch-core-organization-epr","SCT"
http://fhir.ch/ig/ch-term/ValueSet/DocumentEntry.languageCode,3.1.0,active,"2.16.756.5.30.1.127.3.10.1.13",DocumentEntryLanguageCode,DocumentEntry.languageCode,"Document language as per Annex 3 EPRO-FDHA. Defines the language in which the document was written.","StructureDefinition/ch-core-documentreference-epr,StructureDefinition/ch-core-documentreference","hl7.terminology,ch.fhir.ig.ch-term"
http://fhir.ch/ig/ch-term/ValueSet/DocumentEntry.practiceSettingCode,3.1.0,active,"2.16.756.5.30.1.127.3.10.1.18",DocumentEntryPracticeSettingCode,DocumentEntry.practiceSettingCode,"Medical specialisation of the data captured in the document as per Annex 3; EPRO-FDHA.       This attribute assigns the contents of a document to a medical specialisation. It is conceivable that this information will assist the patient with setting or changing the confidentiality level of documents, which is relevant for controlling access.","StructureDefinition/ch-core-documentreference-epr,StructureDefinition/ch-core-documentreference","SCT"
http://fhir.ch/ig/ch-term/ValueSet/DocumentEntry.typeCode,3.1.0,active,"2.16.756.5.30.1.127.3.10.1.27",DocumentEntryTypeCode,DocumentEntry.typeCode,"Type of document as per Annex 3 EPRO-FDHA.     The code defines a document’s type (e.g. discharge report, laboratory report). Each document type should be assigned to precisely one document class.","StructureDefinition/ch-core-composition-epr,StructureDefinition/ch-core-documentreference-epr,StructureDefinition/ch-core-documentreference","SCT"
http://fhir.ch/ig/ch-term/ValueSet/HCProfessional.hcProfession,3.1.0,active,"2.16.756.5.30.1.127.3.10.8.1",HCProfessionalHcProfession,HCProfessional.hcProfession,"HCProfessional.hcProfession","StructureDefinition/ch-core-practitionerrole-epr,StructureDefinition/ch-core-practitionerrole","SCT,ch.fhir.ig.ch-term"
http://fhir.ch/ig/ch-term/ValueSet/HCProfessional.hcSpecialisation,3.1.0,active,"2.16.756.5.30.1.127.3.10.8.2",HCProfessionalHcSpecialisation,HCProfessional.hcSpecialisation,"HCProfessional.hcSpecialisation","StructureDefinition/ch-core-practitionerrole-epr,StructureDefinition/ch-core-practitionerrole","ch.fhir.ig.ch-term"
http://fhir.ch/ig/ch-term/ValueSet/UnitCode,3.1.0,active,"2.16.756.5.30.1.1.11.83",UnitCode,UnitCode,"UnitCode","StructureDefinition/ch-core-quantity-with-emed-units","UCUM,SCT"
http://fhir.ch/ig/ch-term/ValueSet/condition-category,3.1.0,active,,ConditionCategoryCodes,Condition Category Codes,"Additional codes for condition category.","StructureDefinition/ch-core-condition","ch.fhir.ig.ch-term"
http://fhir.ch/ig/ch-term/ValueSet/edqm-administrationmethod,3.1.0,active,,AdministrationMethodEDQM,EDQM - Administration Method,"ValueSet Administration method from EDQM, AME, see https://standardterms.edqm.eu/#","StructureDefinition/ch-core-medicationadministration,StructureDefinition/ch-core-dosage","ch.fhir.ig.ch-term"
http://fhir.ch/ig/ch-term/ValueSet/edqm-pharmaceuticaldoseform,3.1.0,active,"2.16.756.5.30.1.1.11.3",PharmaceuticalDoseFormEDQM,EDQM - Pharmaceutical Dose Form,"Valueset Pharmaceutical Dose Form from EDQM, PDF, export20.5.2021, see https://standardterms.edqm.eu/#","StructureDefinition/ch-core-medication","ch.fhir.ig.ch-term"
http://fhir.ch/ig/ch-term/ValueSet/edqm-routeofadministration,3.1.0,active,"2.16.756.5.30.1.1.11.2",RouteOfAdministrationEDQM,EDQM - RouteOfAdministration,"Valueset RouteOfAdministration from EDQM, ROA, export 1.6.2021, see https://standardterms.edqm.eu/#","StructureDefinition/ch-core-medicationadministration,StructureDefinition/ch-core-dosage","ch.fhir.ig.ch-term"
http://fhir.ch/ig/ch-term/ValueSet/mainguarantor,3.1.0,active,,MainGuarantor,Main Guarantor,"Codes for the different types of a main guarantor.","StructureDefinition/ch-core-coverage","ch.fhir.ig.ch-term"
http://fhir.ch/ig/ch-term/ValueSet/servicerequest-category,3.1.0,active,,ServiceRequestCategory,ServiceRequest Category,"Codes for the category of service request used to define the requested service.","StructureDefinition/ch-core-servicerequest","ch.fhir.ig.ch-term"
http://fhir.ch/ig/ch-vacd/ValueSet/ch-vacd-ch-vaccination-plan-immunizations-vs,3.1.0,active,,SwissVaccinationPlanImmunizations,CH VACD Swiss Vaccination Plan Immunizations,"Immunization procedures for recommendations according to the vaccination plan.","StructureDefinition/ch-core-immunization-recommendation","SCT"
http://fhir.ch/ig/ch-vacd/ValueSet/ch-vacd-recommendation-categories-vs,3.1.0,active,,SwissImmunizationRecommendationCategories,CH VACD Recommendation Categories for Immunizations,"Immunization recommendation categories.","StructureDefinition/ch-core-immunization-recommendation","SCT,ch.fhir.ig.ch-term"
http://fhir.ch/ig/ch-vacd/ValueSet/ch-vacd-recommendation-forecast-status-vs,3.1.0,active,,SwissRecommendationForecastStatus,CH VACD Swiss Recommendation Forecast Status,"Immunization recommendation forecast status values.","StructureDefinition/ch-core-immunization-recommendation","ch.fhir.ig.ch-term"
http://fhir.ch/ig/ch-vacd/ValueSet/ch-vacd-route-of-administration-vs,3.1.0,active,,RouteOfAdministrationImmunization,CH VACD Route of Administration for Immunization,"The route of immunization administration codes. This list is only a sublist of the List used for eMedication.","StructureDefinition/ch-core-immunization","Other"
http://fhir.ch/ig/ch-vacd/ValueSet/ch-vacd-targetdiseasesandillnessesundergoneforimmunization-vs,3.1.0,active,,ChVacdTargetDiseasesAndIllnessesUndergoneForImmunization,CH VACD Target disease and illnesses undergone for immunization,"This valueset contains all entries defining target deseases or illnesses undergone for immunization reasons.","StructureDefinition/ch-core-immunization,StructureDefinition/ch-core-immunization-recommendation","SCT"
http://fhir.ch/ig/ch-vacd/ValueSet/ch-vacd-vaccines-snomedct-vs,3.1.0,active,,SnomedCTForVaccineCode,CH VACD Snomed CT for vaccine code,"The list of vaccine products in Snomed CT list.","StructureDefinition/ch-core-immunization","SCT"
http://fhir.ch/ig/ch-vacd/ValueSet/ch-vacd-vaccines-vs,3.1.0,active,,SwissVaccines,CH VACD Swissmedic code for vaccine code,"The list of vaccines available (Swissmedic authorized) or earlier available in Switzerland.","StructureDefinition/ch-core-immunization","SCT,ch.fhir.ig.ch-term"
http://hl7.org/fhir/ValueSet/additional-instruction-codes,4.0.1,draft,"2.16.840.1.113883.4.642.3.95",SNOMEDCTAdditionalDosageInstructions,SNOMED CT Additional Dosage Instructions,"This value set includes all SNOMED CT Additional Dosage Instructions.","StructureDefinition/ch-core-dosage","SCT"
http://hl7.org/fhir/ValueSet/address-type,4.0.1,active,"2.16.840.1.113883.4.642.3.69",AddressType,AddressType,"The type of an address (physical / postal).","StructureDefinition/ch-core-address-ech-10,StructureDefinition/ch-core-address-ech-11-placeofbirth,StructureDefinition/ch-core-address-ech-11-placeoforigin,StructureDefinition/ch-core-address","hl7.fhir.r4.core"
http://hl7.org/fhir/ValueSet/address-use,4.0.1,active,"2.16.840.1.113883.4.642.3.67",AddressUse,AddressUse,"The use of an address.","StructureDefinition/ch-core-address-ech-10,StructureDefinition/ch-core-address-ech-11-placeofbirth,StructureDefinition/ch-core-address-ech-11-placeoforigin,StructureDefinition/ch-core-address","hl7.fhir.r4.core"
http://hl7.org/fhir/ValueSet/administrative-gender,4.0.1,active,"2.16.840.1.113883.4.642.3.1",AdministrativeGender,AdministrativeGender,"The gender of a person used for administrative purposes.","StructureDefinition/ch-core-patient,StructureDefinition/ch-core-practitioner-epr,StructureDefinition/ch-core-practitioner,StructureDefinition/ch-core-patient-epr","hl7.fhir.r4.core"
http://hl7.org/fhir/ValueSet/allergy-intolerance-category,4.0.1,draft,"2.16.840.1.113883.4.642.3.133",AllergyIntoleranceCategory,AllergyIntoleranceCategory,"Category of an identified substance associated with allergies or intolerances.","StructureDefinition/ch-core-allergyintolerance","hl7.fhir.r4.core"
http://hl7.org/fhir/ValueSet/allergy-intolerance-criticality,4.0.1,draft,"2.16.840.1.113883.4.642.3.129",AllergyIntoleranceCriticality,AllergyIntoleranceCriticality,"Estimate of the potential clinical harm, or seriousness, of a reaction to an identified substance.","StructureDefinition/ch-core-allergyintolerance","hl7.fhir.r4.core"
http://hl7.org/fhir/ValueSet/allergy-intolerance-type,4.0.1,draft,"2.16.840.1.113883.4.642.3.131",AllergyIntoleranceType,AllergyIntoleranceType,"Identification of the underlying physiological mechanism for a Reaction Risk.","StructureDefinition/ch-core-allergyintolerance","hl7.fhir.r4.core"
http://hl7.org/fhir/ValueSet/allergyintolerance-clinical,4.0.1,draft,"2.16.840.1.113883.4.642.3.1372",AllergyIntoleranceClinicalStatusCodes,AllergyIntolerance Clinical Status Codes,"Preferred value set for AllergyIntolerance Clinical Status.","StructureDefinition/ch-core-allergyintolerance","THO"
http://hl7.org/fhir/ValueSet/allergyintolerance-verification,4.0.1,draft,"2.16.840.1.113883.4.642.3.1370",AllergyIntoleranceVerificationStatusCodes,AllergyIntolerance Verification Status Codes,"Preferred value set for AllergyIntolerance Verification Status.","StructureDefinition/ch-core-allergyintolerance","THO"
http://hl7.org/fhir/ValueSet/approach-site-codes,4.0.1,draft,"2.16.840.1.113883.4.642.3.346",SNOMEDCTAnatomicalStructureForAdministrationSiteCodes,SNOMED CT Anatomical Structure for Administration Site Codes,"This value set includes Anatomical Structure codes from SNOMED CT - provided as an exemplar.","StructureDefinition/ch-core-medicationadministration,StructureDefinition/ch-core-dosage","SCT"
http://hl7.org/fhir/ValueSet/body-site,4.0.1,draft,"2.16.840.1.113883.4.642.3.141",SNOMEDCTBodyStructures,SNOMED CT Body Structures,"This value set includes all codes from [SNOMED CT](http://snomed.info/sct) where concept is-a 442083009 (Anatomical or acquired body site (body structure)).","StructureDefinition/ch-core-condition,StructureDefinition/ch-core-servicerequest","SCT"
http://hl7.org/fhir/ValueSet/bundle-type,4.0.1,active,"2.16.840.1.113883.4.642.3.620",BundleType,BundleType,"Indicates the purpose of a bundle - how it is intended to be used.","StructureDefinition/ch-core-document,StructureDefinition/ch-core-document-epr","hl7.fhir.r4.core"
http://hl7.org/fhir/ValueSet/composition-attestation-mode,4.0.1,draft,"2.16.840.1.113883.4.642.3.238",CompositionAttestationMode,CompositionAttestationMode,"The way in which a person authenticated a composition.","StructureDefinition/ch-core-composition-epr,StructureDefinition/ch-core-composition","hl7.fhir.r4.core"
http://hl7.org/fhir/ValueSet/composition-status,4.0.1,draft,"2.16.840.1.113883.4.642.3.241",CompositionStatus,CompositionStatus,"The workflow/clinical status of the composition.","StructureDefinition/ch-core-composition-epr,StructureDefinition/ch-core-documentreference-epr,StructureDefinition/ch-core-documentreference,StructureDefinition/ch-core-composition","hl7.fhir.r4.core"
http://hl7.org/fhir/ValueSet/condition-category,4.0.1,draft,"2.16.840.1.113883.4.642.3.162",ConditionCategoryCodes,Condition Category Codes,"Preferred value set for Condition Categories.","StructureDefinition/ch-core-condition","THO"
http://hl7.org/fhir/ValueSet/condition-clinical,4.0.1,draft,"2.16.840.1.113883.4.642.3.164",ConditionClinicalStatusCodes,Condition Clinical Status Codes,"Preferred value set for Condition Clinical Status.","StructureDefinition/ch-core-condition","THO"
http://hl7.org/fhir/ValueSet/condition-code,4.0.1,draft,"2.16.840.1.113883.4.642.3.161",Condition/Problem/DiagnosisCodes,Condition/Problem/Diagnosis Codes,"Example value set for Condition/Problem/Diagnosis codes.","StructureDefinition/ch-core-condition,StructureDefinition/ch-core-medicationstatement,StructureDefinition/ch-core-medicationrequest","SCT"
http://hl7.org/fhir/ValueSet/condition-severity,4.0.1,draft,"2.16.840.1.113883.4.642.3.168",Condition/DiagnosisSeverity,Condition/Diagnosis Severity,"Preferred value set for Condition/Diagnosis severity grading.","StructureDefinition/ch-core-condition","SCT"
http://hl7.org/fhir/ValueSet/condition-stage,4.0.1,draft,"2.16.840.1.113883.4.642.3.170",ConditionStage,Condition Stage,"Example value set for stages of cancer and other conditions.","StructureDefinition/ch-core-condition","SCT"
http://hl7.org/fhir/ValueSet/condition-stage-type,4.0.1,draft,"2.16.840.1.113883.4.642.3.171",ConditionStageType,Condition Stage Type,"Example value set for the type of stages of cancer and other conditions","StructureDefinition/ch-core-condition","SCT"
http://hl7.org/fhir/ValueSet/condition-ver-status,4.0.1,draft,"2.16.840.1.113883.4.642.3.166",ConditionVerificationStatus,ConditionVerificationStatus,"The verification status to support or decline the clinical status of the condition or diagnosis.","StructureDefinition/ch-core-condition","THO"
http://hl7.org/fhir/ValueSet/consent-action,4.0.1,draft,"2.16.840.1.113883.4.642.3.753",ConsentActionCodes,Consent Action Codes,"This value set includes sample Consent Action codes.","StructureDefinition/ch-core-epr-consent","THO"
http://hl7.org/fhir/ValueSet/consent-category,4.0.1,draft,"2.16.840.1.113883.4.642.3.751",ConsentCategoryCodes,Consent Category Codes,"This value set includes sample Consent Directive Type codes, including several consent directive related LOINC codes; HL7 VALUE SET: ActConsentType(2.16.840.1.113883.1.11.19897); examples of US realm consent directive legal descriptions and references to online and/or downloadable forms such as the SSA-827 Authorization to Disclose Information to the Social Security Administration; and other anticipated consent directives related to participation in a clinical trial, medical procedures, reproductive procedures; health care directive (Living Will); advance directive, do not resuscitate (DNR); Physician Orders for Life-Sustaining Treatment (POLST)","StructureDefinition/ch-core-epr-consent","LOINC,THO"
http://hl7.org/fhir/ValueSet/consent-content-class,4.0.1,draft,"2.16.840.1.113883.4.642.3.747",ConsentContentClass,Consent Content Class,"This value set includes the FHIR resource types, along with some other important content class codes","StructureDefinition/ch-core-epr-consent","hl7.fhir.r4.core,Other"
http://hl7.org/fhir/ValueSet/consent-content-code,4.0.1,draft,"2.16.840.1.113883.4.642.3.748",ConsentContentCodes,Consent Content Codes,"This example value set contains all LOINC code","StructureDefinition/ch-core-epr-consent","LOINC"
http://hl7.org/fhir/ValueSet/consent-data-meaning,4.0.1,draft,"2.16.840.1.113883.4.642.3.759",ConsentDataMeaning,ConsentDataMeaning,"How a resource reference is interpreted when testing consent restrictions.","StructureDefinition/ch-core-epr-consent","hl7.fhir.r4.core"
http://hl7.org/fhir/ValueSet/consent-policy,4.0.1,draft,"2.16.840.1.113883.4.642.3.1014",ConsentPolicyRuleCodes,Consent PolicyRule Codes,"This value set includes sample Regulatory consent policy types from the US and other regions.","StructureDefinition/ch-core-epr-consent","THO"
http://hl7.org/fhir/ValueSet/consent-provision-type,4.0.1,draft,"2.16.840.1.113883.4.642.3.757",ConsentProvisionType,ConsentProvisionType,"How a rule statement is applied, such as adding additional consent or removing consent.","StructureDefinition/ch-core-epr-consent","hl7.fhir.r4.core"
http://hl7.org/fhir/ValueSet/consent-scope,4.0.1,draft,"2.16.840.1.113883.4.642.3.761",ConsentScopeCodes,Consent Scope Codes,"This value set includes the four Consent scope codes.","StructureDefinition/ch-core-epr-consent","THO"
http://hl7.org/fhir/ValueSet/consent-state-codes,4.0.1,draft,"2.16.840.1.113883.4.642.3.755",ConsentState,ConsentState,"Indicates the state of the consent.","StructureDefinition/ch-core-epr-consent","hl7.fhir.r4.core"
http://hl7.org/fhir/ValueSet/contact-point-system,4.0.1,active,"2.16.840.1.113883.4.642.3.71",ContactPointSystem,ContactPointSystem,"Telecommunications form for contact point.","StructureDefinition/ch-core-patient,StructureDefinition/ch-core-organization,StructureDefinition/ch-core-practitioner-epr,StructureDefinition/ch-core-practitioner,StructureDefinition/ch-core-location,StructureDefinition/ch-core-contactpoint-ech-46-phone,StructureDefinition/ch-core-patient-epr,StructureDefinition/ch-core-contactpoint-ech-46-email,StructureDefinition/ch-core-organization-epr,StructureDefinition/ch-core-contactpoint-ech-46-internet","hl7.fhir.r4.core"
http://hl7.org/fhir/ValueSet/contact-point-use,4.0.1,active,"2.16.840.1.113883.4.642.3.73",ContactPointUse,ContactPointUse,"Use of contact point.","StructureDefinition/ch-core-patient,StructureDefinition/ch-core-organization,StructureDefinition/ch-core-practitioner-epr,StructureDefinition/ch-core-practitioner,StructureDefinition/ch-core-location,StructureDefinition/ch-core-contactpoint-ech-46-phone,StructureDefinition/ch-core-patient-epr,StructureDefinition/ch-core-contactpoint-ech-46-email,StructureDefinition/ch-core-organization-epr,StructureDefinition/ch-core-contactpoint-ech-46-internet","hl7.fhir.r4.core"
http://hl7.org/fhir/ValueSet/contactentity-type,4.0.1,draft,"2.16.840.1.113883.4.642.3.416",ContactEntityType,Contact entity type,"This example value set defines a set of codes that can be used to indicate the purpose for which you would contact a contact party.","StructureDefinition/ch-core-organization,StructureDefinition/ch-core-organization-epr","THO"
http://hl7.org/fhir/ValueSet/coverage-copay-type,4.0.1,draft,"2.16.840.1.113883.4.642.3.527",CoverageCopayTypeCodes,Coverage Copay Type Codes,"This value set includes sample Coverage Copayment Type codes.","StructureDefinition/ch-core-coverage","THO"
http://hl7.org/fhir/ValueSet/coverage-financial-exception,4.0.1,draft,"2.16.840.1.113883.4.642.3.1328",ExampleCoverageFinancialExceptionCodes,Example Coverage Financial Exception Codes,"This value set includes Example Coverage Financial Exception Codes.","StructureDefinition/ch-core-coverage","THO"
http://hl7.org/fhir/ValueSet/days-of-week,4.0.1,active,"2.16.840.1.113883.4.642.3.512",DaysOfWeek,DaysOfWeek,"The days of the week.","StructureDefinition/ch-core-location,StructureDefinition/ch-core-practitionerrole-epr,StructureDefinition/ch-core-practitionerrole","hl7.fhir.r4.core"
http://hl7.org/fhir/ValueSet/diagnosis-role,4.0.1,draft,"2.16.840.1.113883.4.642.3.49",DiagnosisRole,DiagnosisRole,"This value set defines a set of codes that can be used to express the role of a diagnosis on the Encounter or EpisodeOfCare record.","StructureDefinition/ch-core-encounter","THO"
http://hl7.org/fhir/ValueSet/doc-section-codes,4.0.1,draft,"2.16.840.1.113883.4.642.3.237",DocumentSectionCodes,Document Section Codes,"Document section codes (LOINC codes used in CCDA sections).","StructureDefinition/ch-core-composition-epr,StructureDefinition/ch-core-composition","LOINC"
http://hl7.org/fhir/ValueSet/doc-typecodes,4.0.1,draft,"2.16.840.1.113883.4.642.3.240",FHIRDocumentTypeCodes,FHIR Document Type Codes,"FHIR Document Codes - all LOINC codes where scale type = 'DOC'.","StructureDefinition/ch-core-composition","LOINC"
http://hl7.org/fhir/ValueSet/document-classcodes,4.0.1,active,"2.16.840.1.113883.3.88.12.80.46",DocumentClassValueSet,Document Class Value Set,"This is the code specifying the high-level kind of document (e.g. Prescription, Discharge Summary, Report, etc.). Note: Class code for documents comes from LOINC, and is based upon one of the following:The type of service described by the document. It is described at a very high level in Section 7.3 of the LOINC Manual. The type study performed. It was determined by identifying modalities for study reports. The section of the chart where the document is placed. It was determined from the SETs created for Claims Attachment requests.","StructureDefinition/ch-core-composition-epr,StructureDefinition/ch-core-composition","LOINC"
http://hl7.org/fhir/ValueSet/document-reference-status,4.0.1,draft,"2.16.840.1.113883.4.642.3.7",DocumentReferenceStatus,DocumentReferenceStatus,"The status of the document reference.","StructureDefinition/ch-core-documentreference-epr,StructureDefinition/ch-core-documentreference","hl7.fhir.r4.core"
http://hl7.org/fhir/ValueSet/document-relationship-type,4.0.1,draft,"2.16.840.1.113883.4.642.3.244",DocumentRelationshipType,DocumentRelationshipType,"The type of relationship between documents.","StructureDefinition/ch-core-composition-epr,StructureDefinition/ch-core-documentreference-epr,StructureDefinition/ch-core-documentreference,StructureDefinition/ch-core-ext-entry-resource-cross-references,StructureDefinition/ch-core-composition","hl7.fhir.r4.core"
http://hl7.org/fhir/ValueSet/dose-rate-type,4.0.1,draft,"2.16.840.1.113883.4.642.3.981",DoseAndRateType,DoseAndRateType,"The kind of dose or rate specified.","StructureDefinition/ch-core-dosage","THO"
http://hl7.org/fhir/ValueSet/encounter-diet,4.0.1,draft,"2.16.840.1.113883.4.642.3.255",Diet,Diet,"This value set defines a set of codes that can be used to indicate dietary preferences or restrictions a patient may have.","StructureDefinition/ch-core-encounter","THO"
http://hl7.org/fhir/ValueSet/encounter-location-status,4.0.1,draft,"2.16.840.1.113883.4.642.3.262",EncounterLocationStatus,EncounterLocationStatus,"The status of the location.","StructureDefinition/ch-core-encounter","hl7.fhir.r4.core"
http://hl7.org/fhir/ValueSet/encounter-reason,4.0.1,draft,"2.16.840.1.113883.4.642.3.261",EncounterReasonCodes,Encounter Reason Codes,"This examples value set defines the set of codes that can be used to indicate reasons for an encounter.","StructureDefinition/ch-core-encounter","SCT"
http://hl7.org/fhir/ValueSet/encounter-special-arrangements,4.0.1,draft,"2.16.840.1.113883.4.642.3.253",SpecialArrangements,Special arrangements,"This value set defines a set of codes that can be used to indicate the kinds of special arrangements in place for a patients visit.","StructureDefinition/ch-core-encounter","THO"
http://hl7.org/fhir/ValueSet/encounter-special-courtesy,4.0.1,draft,"2.16.840.1.113883.4.642.3.252",SpecialCourtesy,Special courtesy,"This value set defines a set of codes that can be used to indicate special courtesies provided to the patient.","StructureDefinition/ch-core-encounter","THO (V3)"
http://hl7.org/fhir/ValueSet/encounter-status,4.0.1,draft,"2.16.840.1.113883.4.642.3.246",EncounterStatus,EncounterStatus,"Current state of the encounter.","StructureDefinition/ch-core-encounter","hl7.fhir.r4.core"
http://hl7.org/fhir/ValueSet/encounter-type,4.0.1,draft,"2.16.840.1.113883.4.642.3.248",EncounterType,Encounter type,"This example value set defines a set of codes that can be used to indicate the type of encounter: a specific code indicating type of service provided.","StructureDefinition/ch-core-encounter","THO"
http://hl7.org/fhir/ValueSet/fm-status,4.0.1,draft,"2.16.840.1.113883.4.642.3.592",FinancialResourceStatusCodes,Financial Resource Status Codes,"This value set includes Status codes.","StructureDefinition/ch-core-coverage","hl7.fhir.r4.core"
http://hl7.org/fhir/ValueSet/http-verb,4.0.1,active,"2.16.840.1.113883.4.642.3.624",HTTPVerb,HTTPVerb,"HTTP verbs (in the HTTP command line). See [HTTP rfc](https://tools.ietf.org/html/rfc7231) for details.","StructureDefinition/ch-core-document,StructureDefinition/ch-core-document-epr","hl7.fhir.r4.core"
http://hl7.org/fhir/ValueSet/identifier-type,4.0.1,active,"2.16.840.1.113883.4.642.3.45",Identifier Type Codes,IdentifierType,"A coded type for an identifier that can be used to determine which identifier to use for a specific purpose.","StructureDefinition/ch-core-composition-epr,StructureDefinition/ch-core-veka-identifier,StructureDefinition/ch-core-epr-spid-identifier,StructureDefinition/ch-core-ahvn13-identifier,StructureDefinition/ch-core-ber-identifier,StructureDefinition/ch-core-gln-identifier,StructureDefinition/ch-core-encounter,StructureDefinition/ch-core-uidb-identifier,StructureDefinition/ch-core-patient-epr,StructureDefinition/ch-core-zsr-identifier,StructureDefinition/ch-core-patient,StructureDefinition/ch-core-document,StructureDefinition/ch-core-document-epr","THO (V2)"
http://hl7.org/fhir/ValueSet/identifier-use,4.0.1,active,"2.16.840.1.113883.4.642.3.57",IdentifierUse,IdentifierUse,"Identifies the purpose for this identifier, if known .","StructureDefinition/ch-core-composition-epr,StructureDefinition/ch-core-veka-identifier,StructureDefinition/ch-core-epr-spid-identifier,StructureDefinition/ch-core-ahvn13-identifier,StructureDefinition/ch-core-ber-identifier,StructureDefinition/ch-core-gln-identifier,StructureDefinition/ch-core-encounter,StructureDefinition/ch-core-uidb-identifier,StructureDefinition/ch-core-patient-epr,StructureDefinition/ch-core-zsr-identifier,StructureDefinition/ch-core-patient,StructureDefinition/ch-core-document,StructureDefinition/ch-core-document-epr","hl7.fhir.r4.core"
http://hl7.org/fhir/ValueSet/immunization-function,4.0.1,draft,"2.16.840.1.113883.4.642.3.995",ImmunizationFunctionCodes,Immunization Function Codes,"The value set to instantiate this attribute should be drawn from a terminologically robust code system that consists of or contains concepts to support describing the function a practitioner or organization may play in the immunization event. This value set is provided as a suggestive example.","StructureDefinition/ch-core-immunization","THO (V2)"
http://hl7.org/fhir/ValueSet/immunization-funding-source,4.0.1,draft,"2.16.840.1.113883.4.642.3.293",ImmunizationFundingSource,Immunization Funding Source,"The value set to instantiate this attribute should be drawn from a terminologically robust code system that consists of or contains concepts to support describing the source of the vaccine administered. This value set is provided as a suggestive example.","StructureDefinition/ch-core-immunization","THO"
http://hl7.org/fhir/ValueSet/immunization-origin,4.0.1,draft,"2.16.840.1.113883.4.642.3.296",ImmunizationOriginCodes,Immunization Origin Codes,"The value set to instantiate this attribute should be drawn from a terminologically robust code system that consists of or contains concepts to support describing the source of the data when the report of the immunization event is not based on information from the person, entity or organization who administered the vaccine. This value set is provided as a suggestive example.","StructureDefinition/ch-core-immunization","THO"
http://hl7.org/fhir/ValueSet/immunization-program-eligibility,4.0.1,draft,"2.16.840.1.113883.4.642.3.291",ImmunizationProgramEligibility,Immunization Program Eligibility,"The value set to instantiate this attribute should be drawn from a terminologically robust code system that consists of or contains concepts to support describing the patient's eligibility for a vaccination program. This value set is provided as a suggestive example.","StructureDefinition/ch-core-immunization","THO"
http://hl7.org/fhir/ValueSet/immunization-reason,4.0.1,draft,"2.16.840.1.113883.4.642.3.290",ImmunizationReasonCodes,Immunization Reason Codes,"The value set to instantiate this attribute should be drawn from a terminologically robust code system that consists of or contains concepts to support describing the reason why a dose of vaccine was administered. This value set is provided as a suggestive example.","StructureDefinition/ch-core-immunization","SCT"
http://hl7.org/fhir/ValueSet/immunization-recommendation-date-criterion,4.0.1,draft,"2.16.840.1.113883.4.642.3.308",ImmunizationRecommendationDateCriterionCodes,Immunization Recommendation Date Criterion Codes,"The value set to instantiate this attribute should be drawn from a terminologically robust code system that consists of or contains concepts to support the definition of dates relevant to recommendations for future doses of vaccines. This value set is provided as a suggestive example.","StructureDefinition/ch-core-immunization-recommendation","LOINC"
http://hl7.org/fhir/ValueSet/immunization-site,4.0.1,draft,"2.16.840.1.113883.4.642.3.288",CodesForImmunizationSiteOfAdministration,Codes for Immunization Site of Administration,"The value set to instantiate this attribute should be drawn from a terminologically robust code system that consists of or contains concepts to support describing the body site where the vaccination occurred. This value set is provided as a suggestive example.","StructureDefinition/ch-core-immunization","THO (V3)"
http://hl7.org/fhir/ValueSet/immunization-status,4.0.1,draft,"2.16.840.1.113883.4.642.3.295",ImmunizationStatusCodes,Immunization Status Codes,"The value set to instantiate this attribute should be drawn from a terminologically robust code system that consists of or contains concepts to support describing the current status of the administered dose of vaccine.","StructureDefinition/ch-core-immunization","hl7.fhir.r4.core"
http://hl7.org/fhir/ValueSet/immunization-status-reason,4.0.1,draft,"2.16.840.1.113883.4.642.3.992",ImmunizationStatusReasonCodes,Immunization Status Reason Codes,"The value set to instantiate this attribute should be drawn from a terminologically robust code system that consists of or contains concepts to support describing the reason why a dose of vaccine was not administered. This value set is provided as a suggestive example.","StructureDefinition/ch-core-immunization","THO (V3),SCT"
http://hl7.org/fhir/ValueSet/immunization-subpotent-reason,4.0.1,draft,"2.16.840.1.113883.4.642.3.993",ImmunizationSubpotentReason,Immunization Subpotent Reason,"The value set to instantiate this attribute should be drawn from a terminologically robust code system that consists of or contains concepts to support describing the reason why a dose is considered to be subpotent. This value set is provided as a suggestive example.","StructureDefinition/ch-core-immunization","THO"
http://hl7.org/fhir/ValueSet/languages,4.0.1,draft,"2.16.840.1.113883.4.642.3.20",CommonLanguages,Common Languages,"This value set includes common codes from BCP-47 (http://tools.ietf.org/html/bcp47)","StructureDefinition/ch-core-organization,StructureDefinition/ch-core-composition-epr,StructureDefinition/ch-core-medicationstatement,StructureDefinition/ch-core-allergyintolerance,StructureDefinition/ch-core-patient-epr,StructureDefinition/ch-core-medicationdispense,StructureDefinition/ch-core-composition,StructureDefinition/ch-core-practitionerrole,StructureDefinition/ch-core-condition,StructureDefinition/ch-core-immunization-recommendation,StructureDefinition/ch-core-practitioner,StructureDefinition/ch-core-location,StructureDefinition/ch-core-document-epr,StructureDefinition/ch-core-medicationadministration,StructureDefinition/ch-core-servicerequest,StructureDefinition/ch-core-epr-consent,StructureDefinition/ch-core-immunization,StructureDefinition/ch-core-encounter,StructureDefinition/ch-core-practitionerrole-epr,StructureDefinition/ch-core-organization-epr,StructureDefinition/ch-core-patient,StructureDefinition/ch-core-practitioner-epr,StructureDefinition/ch-core-documentreference-epr,StructureDefinition/ch-core-medicationrequest,StructureDefinition/ch-core-document,StructureDefinition/ch-core-documentreference,StructureDefinition/ch-core-medication,StructureDefinition/ch-core-coverage","hl7.terminology"
http://hl7.org/fhir/ValueSet/link-type,4.0.1,active,"2.16.840.1.113883.4.642.3.423",LinkType,LinkType,"The type of link between this patient resource and another patient resource.","StructureDefinition/ch-core-patient,StructureDefinition/ch-core-patient-epr","hl7.fhir.r4.core"
http://hl7.org/fhir/ValueSet/list-empty-reason,4.0.1,draft,"2.16.840.1.113883.4.642.3.322",ListEmptyReasons,List Empty Reasons,"General reasons for a list to be empty. Reasons are either related to a summary list (i.e. problem or medication list) or to a workflow related list (i.e. consultation list).","StructureDefinition/ch-core-composition-epr,StructureDefinition/ch-core-composition","THO"
http://hl7.org/fhir/ValueSet/list-mode,4.0.1,draft,"2.16.840.1.113883.4.642.3.318",ListMode,ListMode,"The processing mode that applies to this list.","StructureDefinition/ch-core-composition-epr,StructureDefinition/ch-core-composition","hl7.fhir.r4.core"
http://hl7.org/fhir/ValueSet/list-order,4.0.1,draft,"2.16.840.1.113883.4.642.3.324",ListOrderCodes,List Order Codes,"Base values for the order of the items in a list resource.","StructureDefinition/ch-core-composition-epr,StructureDefinition/ch-core-composition","THO"
http://hl7.org/fhir/ValueSet/location-mode,4.0.1,draft,"2.16.840.1.113883.4.642.3.330",LocationMode,LocationMode,"Indicates whether a resource instance represents a specific location or a class of locations.","StructureDefinition/ch-core-location","hl7.fhir.r4.core"
http://hl7.org/fhir/ValueSet/location-physical-type,4.0.1,draft,"2.16.840.1.113883.4.642.3.328",LocationType,Location type,"This example value set defines a set of codes that can be used to indicate the physical form of the Location.","StructureDefinition/ch-core-location,StructureDefinition/ch-core-encounter","THO"
http://hl7.org/fhir/ValueSet/location-status,4.0.1,draft,"2.16.840.1.113883.4.642.3.332",LocationStatus,LocationStatus,"Indicates whether the location is still in use.","StructureDefinition/ch-core-location","hl7.fhir.r4.core"
http://hl7.org/fhir/ValueSet/manifestation-or-symptom,4.0.1,draft,"2.16.840.1.113883.4.642.3.169",ManifestationAndSymptomCodes,Manifestation and Symptom Codes,"Example value set for Manifestation and Symptom codes.","StructureDefinition/ch-core-condition","SCT"
http://hl7.org/fhir/ValueSet/med-admin-perform-function,4.0.1,draft,"2.16.840.1.113883.4.642.3.349",MedicationAdministration Performer Function Codes,Medication administration  performer  function  codes,"MedicationAdministration Performer Function Codes","StructureDefinition/ch-core-medicationadministration","THO"
http://hl7.org/fhir/ValueSet/medication-admin-category,4.0.1,draft,"2.16.840.1.113883.4.642.3.347",MedicationAdministration Category Codes,Medication administration  category  codes,"MedicationAdministration Category Codes","StructureDefinition/ch-core-medicationadministration","THO"
http://hl7.org/fhir/ValueSet/medication-admin-status,4.0.1,draft,"2.16.840.1.113883.4.642.3.340",MedicationAdministration Status Codes,Medication administration  status  codes,"MedicationAdministration Status Codes","StructureDefinition/ch-core-medicationadministration","THO"
http://hl7.org/fhir/ValueSet/medication-as-needed-reason,4.0.1,draft,"2.16.840.1.113883.4.642.3.96",SNOMEDCTMedicationAsNeededReasonCodes,SNOMED CT Medication As Needed Reason Codes,"This value set includes all clinical findings from SNOMED CT - provided as an exemplar value set.","StructureDefinition/ch-core-servicerequest,StructureDefinition/ch-core-dosage","SCT"
http://hl7.org/fhir/ValueSet/medication-codes,4.0.1,draft,"2.16.840.1.113883.4.642.3.375",SNOMEDCTMedicationCodes,SNOMED CT Medication Codes,"This value set includes all drug or medicament substance codes and all pharmaceutical/biologic products from SNOMED CT - provided as an exemplar value set.","StructureDefinition/ch-core-medicationstatement,StructureDefinition/ch-core-medicationrequest,StructureDefinition/ch-core-medicationadministration,StructureDefinition/ch-core-medicationdispense,StructureDefinition/ch-core-medication","SCT"
http://hl7.org/fhir/ValueSet/medication-statement-category,4.0.1,draft,"2.16.840.1.113883.4.642.3.370",Medication usage category codes,Medication usage category codes,"Medication Status Codes","StructureDefinition/ch-core-medicationstatement","THO"
http://hl7.org/fhir/ValueSet/medication-statement-status,4.0.1,draft,"2.16.840.1.113883.4.642.3.367",Medication Status Codes,Medication  status  codes,"Medication Status Codes","StructureDefinition/ch-core-medicationstatement","hl7.fhir.r4.core"
http://hl7.org/fhir/ValueSet/medication-status,4.0.1,draft,"2.16.840.1.113883.4.642.3.376",Medication Status Codes,Medication  status  codes,"Medication Status Codes","StructureDefinition/ch-core-medication","hl7.fhir.r4.core"
http://hl7.org/fhir/ValueSet/medicationdispense-category,4.0.1,draft,"2.16.840.1.113883.4.642.3.1314",MedicationDispense Category Codes,Medication dispense  category  codes,"MedicationDispense Category Codes","StructureDefinition/ch-core-medicationdispense","THO"
http://hl7.org/fhir/ValueSet/medicationdispense-performer-function,4.0.1,draft,"2.16.840.1.113883.4.642.3.1318",MedicationDispense Performer Function Codes,Medication dispense  performer  function  codes,"MedicationDispense Performer Function Codes","StructureDefinition/ch-core-medicationdispense","THO"
http://hl7.org/fhir/ValueSet/medicationdispense-status,4.0.1,draft,"2.16.840.1.113883.4.642.3.1312",MedicationDispense Status Codes,Medication dispense  status  codes,"MedicationDispense Status Codes","StructureDefinition/ch-core-medicationdispense","THO"
http://hl7.org/fhir/ValueSet/medicationdispense-status-reason,4.0.1,draft,"2.16.840.1.113883.4.642.3.1316",MedicationDispense Status Reason Codes,Medication dispense  status  reason  codes,"MedicationDispense Status Codes","StructureDefinition/ch-core-medicationdispense","THO"
http://hl7.org/fhir/ValueSet/medicationrequest-category,4.0.1,draft,"2.16.840.1.113883.4.642.3.1322",medicationRequest Category Codes,Medication request  category  codes,"MedicationRequest Category Codes","StructureDefinition/ch-core-medicationrequest","THO"
http://hl7.org/fhir/ValueSet/medicationrequest-course-of-therapy,4.0.1,draft,"2.16.840.1.113883.4.642.3.1326",medicationRequest Course of Therapy Codes,Medication request  course of  therapy  codes,"MedicationRequest Course of Therapy Codes","StructureDefinition/ch-core-medicationrequest","THO"
http://hl7.org/fhir/ValueSet/medicationrequest-intent,4.0.1,draft,"2.16.840.1.113883.4.642.3.1321",medicationRequest Intent,Medication request  intent,"MedicationRequest Intent Codes","StructureDefinition/ch-core-medicationrequest","hl7.fhir.r4.core"
http://hl7.org/fhir/ValueSet/medicationrequest-status,4.0.1,draft,"2.16.840.1.113883.4.642.3.1320",medicationrequest Status,Medicationrequest  status,"MedicationRequest Status Codes","StructureDefinition/ch-core-medicationrequest","hl7.fhir.r4.core"
http://hl7.org/fhir/ValueSet/medicationrequest-status-reason,4.0.1,draft,"2.16.840.1.113883.4.642.3.1324",medicationRequest Status Reason Codes,Medication request  status  reason  codes,"MedicationRequest Status Reason Codes","StructureDefinition/ch-core-medicationrequest","THO"
http://hl7.org/fhir/ValueSet/mimetypes,4.0.1,active,"2.16.840.1.113883.4.642.3.1024",Mime Types,MimeType,"This value set includes all possible codes from BCP-13 (http://tools.ietf.org/html/bcp13)","StructureDefinition/ch-core-documentreference-epr,StructureDefinition/ch-core-documentreference","Other"
http://hl7.org/fhir/ValueSet/name-use,4.0.1,active,"2.16.840.1.113883.4.642.3.65",NameUse,NameUse,"The use of a human name.","StructureDefinition/ch-core-humanname","hl7.fhir.r4.core"
http://hl7.org/fhir/ValueSet/participant-role,4.0.1,draft,"2.16.840.1.113883.4.642.3.152",ParticipantRoles,Participant Roles,"Roles of participants that may be included in a care team.  Defined as: Is a Person, Healthcare professional (occupation) or Healthcare related organization (qualifier value).","StructureDefinition/ch-core-servicerequest","SCT"
http://hl7.org/fhir/ValueSet/patient-contactrelationship,4.0.1,active,"2.16.840.1.113883.4.642.3.1130",PatientContactRelationship,Patient Contact Relationship ,"The nature of the relationship between the patient and the contact person.","StructureDefinition/ch-core-patient,StructureDefinition/ch-core-patient-epr","THO (V2)"
http://hl7.org/fhir/ValueSet/performer-role,4.0.1,draft,"2.16.840.1.113883.4.642.3.433",ProcedurePerformerRoleCodes,Procedure Performer Role Codes,"This example value set defines the set of codes that can be used to indicate a role of a procedure performer.","StructureDefinition/ch-core-medicationrequest","SCT"
http://hl7.org/fhir/ValueSet/procedure-code,4.0.1,draft,"2.16.840.1.113883.4.642.3.427",ProcedureCodes(SNOMEDCT),Procedure Codes (SNOMED CT),"Procedure Code: All SNOMED CT procedure codes.","StructureDefinition/ch-core-servicerequest","SCT"
http://hl7.org/fhir/ValueSet/procedure-reason,4.0.1,draft,"2.16.840.1.113883.4.642.3.432",ProcedureReasonCodes,Procedure Reason Codes,"This example value set defines the set of codes that can be used to indicate a reason for a procedure.","StructureDefinition/ch-core-servicerequest","SCT"
http://hl7.org/fhir/ValueSet/quantity-comparator,4.0.1,active,"2.16.840.1.113883.4.642.3.59",QuantityComparator,QuantityComparator,"How the Quantity should be understood and represented.","StructureDefinition/ch-core-quantity-with-emed-units","hl7.fhir.r4.core"
http://hl7.org/fhir/ValueSet/reaction-event-severity,4.0.1,draft,"2.16.840.1.113883.4.642.3.135",AllergyIntoleranceSeverity,AllergyIntoleranceSeverity,"Clinical assessment of the severity of a reaction event as a whole, potentially considering multiple different manifestations.","StructureDefinition/ch-core-allergyintolerance","hl7.fhir.r4.core"
http://hl7.org/fhir/ValueSet/reason-medication-given-codes,4.0.1,draft,"2.16.840.1.113883.4.642.3.344",ReasonMedicationGivenCodes,Reason Medication Given Codes,"This value set is provided as an example. The value set to instantiate this attribute should be drawn from a robust terminology code system that consists of or contains concepts to support the medication process.","StructureDefinition/ch-core-medicationadministration","THO"
http://hl7.org/fhir/ValueSet/reason-medication-not-given-codes,4.0.1,draft,"2.16.840.1.113883.4.642.3.342",SNOMEDCTReasonMedicationNotGivenCodes,SNOMED CT Reason Medication Not Given Codes,"This value set includes all medication refused, medication not administered, and non-administration of necessary drug or medicine codes from SNOMED CT - provided as an exemplar value set.","StructureDefinition/ch-core-medicationadministration","SCT"
http://hl7.org/fhir/ValueSet/reason-medication-status-codes,4.0.1,draft,"2.16.840.1.113883.4.642.3.369",SNOMEDCTDrugTherapyStatusCodes,SNOMED CT Drug Therapy Status codes ,"This value set includes some taken and not taken reason codes from SNOMED CT - provided as an exemplar","StructureDefinition/ch-core-medicationstatement","SCT"
http://hl7.org/fhir/ValueSet/request-intent,4.0.1,draft,"2.16.840.1.113883.4.642.3.113",RequestIntent,RequestIntent,"Codes indicating the degree of authority/intentionality associated with a request.","StructureDefinition/ch-core-servicerequest","hl7.fhir.r4.core"
http://hl7.org/fhir/ValueSet/request-priority,4.0.1,draft,"2.16.840.1.113883.4.642.3.115",RequestPriority,Request priority,"The clinical priority of a diagnostic order.","StructureDefinition/ch-core-medicationrequest,StructureDefinition/ch-core-servicerequest","hl7.fhir.r4.core"
http://hl7.org/fhir/ValueSet/request-status,4.0.1,draft,"2.16.840.1.113883.4.642.3.111",RequestStatus,RequestStatus,"Codes identifying the lifecycle stage of a request.","StructureDefinition/ch-core-servicerequest","hl7.fhir.r4.core"
http://hl7.org/fhir/ValueSet/resource-types,4.0.1,active,"2.16.840.1.113883.4.642.3.27",ResourceType,ResourceType,"One of the resource types defined as part of this version of FHIR.","StructureDefinition/ch-core-composition-epr,StructureDefinition/ch-core-documentreference-epr,StructureDefinition/ch-core-ext-entry-resource-cross-references,StructureDefinition/ch-core-composition,StructureDefinition/ch-ext-author","hl7.fhir.r4.core"
http://hl7.org/fhir/ValueSet/route-codes,4.0.1,draft,"2.16.840.1.113883.4.642.3.98",SNOMEDCTRouteCodes,SNOMED CT Route Codes,"This value set includes all Route codes from SNOMED CT - provided as an exemplar.","StructureDefinition/ch-core-allergyintolerance","SCT"
http://hl7.org/fhir/ValueSet/search-entry-mode,4.0.1,active,"2.16.840.1.113883.4.642.3.622",SearchEntryMode,SearchEntryMode,"Why an entry is in the result set - whether it's included as a match or because of an _include requirement, or to convey information or warning information about the search process.","StructureDefinition/ch-core-document,StructureDefinition/ch-core-document-epr","hl7.fhir.r4.core"
http://hl7.org/fhir/ValueSet/security-labels,4.0.1,active,"2.16.840.1.113883.4.642.3.47",All Security Labels,SecurityLabels,"A single value set for all security labels defined by FHIR.","StructureDefinition/ch-core-epr-consent",
http://hl7.org/fhir/ValueSet/security-role-type,4.0.1,draft,"2.16.840.1.113883.4.642.3.978",SecurityRoleType,SecurityRoleType,"This example FHIR value set is comprised of example Actor Type codes, which can be used to value FHIR agents, actors, and other role         elements such as those specified in financial transactions. The FHIR Actor value set is based on    DICOM Audit Message, C402;   ASTM Standard, E1762-95 [2013]; selected codes and          derived actor roles from HL7 RoleClass OID 2.16.840.1.113883.5.110;    HL7 Role Code 2.16.840.1.113883.5.111, including AgentRoleType;          HL7 ParticipationType OID: 2.16.840.1.113883.5.90; and    HL7 ParticipationFunction codes OID: 2.16.840.1.113883.5.88.           This value set includes, by reference, role codes from external code systems: NUCC Health Care Provider Taxonomy OID: 2.16.840.1.113883.6.101;          North American Industry Classification System [NAICS]OID: 2.16.840.1.113883.6.85; IndustryClassificationSystem 2.16.840.1.113883.1.11.16039;          and US Census Occupation Code OID: 2.16.840.1.113883.6.243 for relevant recipient or custodian codes not included in this value set.            If no source is indicated in the definition comments, then these are example FHIR codes.          It can be extended with appropriate roles described by SNOMED as well as those described in the HL7 Role Based Access Control Catalog and the          HL7 Healthcare (Security and Privacy) Access Control Catalog.            In Role-Based Access Control (RBAC), permissions are operations on an object that a user wishes to access. Permissions are grouped into roles.          A role characterizes the functions a user is allowed to perform. Roles are assigned to users. If the user's role has the appropriate permissions          to access an object, then that user is granted access to the object. FHIR readily enables RBAC, as FHIR Resources are object types and the CRUDE          events (the FHIR equivalent to permissions in the RBAC scheme) are operations on those objects.          In Attribute-Based Access Control (ABAC), a user requests to perform operations on objects. That user's access request is granted or denied          based on a set of access control policies that are specified in terms of attributes and conditions. FHIR readily enables ABAC, as instances of          a Resource in FHIR (again, Resources are object types) can have attributes associated with them. These attributes include security tags,          environment conditions, and a host of user and object characteristics, which are the same attributes as those used in ABAC. Attributes help          define the access control policies that determine the operations a user may perform on a Resource (in FHIR) or object (in ABAC). For example,          a tag (or attribute) may specify that the identified Resource (object) is not to be further disclosed without explicit consent from the patient.","StructureDefinition/ch-core-epr-consent","THO (V3),THO,DICOM"
http://hl7.org/fhir/ValueSet/service-type,4.0.1,draft,"2.16.840.1.113883.4.642.3.518",ServiceType,Service type,"This value set defines an example set of codes of service-types.","StructureDefinition/ch-core-encounter","THO"
http://hl7.org/fhir/ValueSet/servicerequest-orderdetail,4.0.1,draft,"2.16.840.1.113883.4.642.3.435",ServiceRequestOrderDetailsCodes,Service Request Order Details Codes,"An example value set of Codified order entry details concepts.  These concepts only make sense in the context of what is being ordered.  This example is for a patient ventilation order","StructureDefinition/ch-core-servicerequest","SCT"
http://hl7.org/fhir/ValueSet/subscriber-relationship,4.0.1,draft,"2.16.840.1.113883.4.642.3.1385",SubscriberRelationshipCodes,SubscriberPolicyholder Relationship Codes,"This value set includes codes for the relationship between the Subscriber and the Beneficiary (insured/covered party/patient).","StructureDefinition/ch-core-coverage","THO"
http://hl7.org/fhir/ValueSet/vaccine-code,4.0.1,active,"2.16.840.1.113883.3.88.12.80.22",VaccineAdministeredValueSet,Vaccine Administered Value Set,"This identifies the vaccine substance administered - CVX codes.","StructureDefinition/ch-core-immunization-recommendation","hl7.terminology,Other"
http://terminology.hl7.org/ValueSet/v2-0092,2.0.0,active,"2.16.840.1.113883.21.40",Hl7VSReAdmissionIndicator,hl7VS-re-admissionIndicator,"Value Set of codes which are used to specify that a patient is being re-admitted to a healthcare facility from which they were discharged, and indicates the circumstances around such re-admission.","StructureDefinition/ch-core-encounter","THO (V2)"
http://terminology.hl7.org/ValueSet/v2-0116,2.0.0,active,"2.16.840.1.113883.21.51",Hl7VSBedStatus,hl7VS-bedStatus,"Value Set of codes that specify the state of a bed in an inpatient setting, and is used to determine if a patient may be assigned to it or not.","StructureDefinition/ch-core-location","THO (V2)"
http://terminology.hl7.org/ValueSet/v2-2.7-0360,0360,active,,v2.0360.2.7,v2 table 0360, Version 2.7,"FHIR Value set/code system definition for HL7 v2 table 0360 ver 2.9 ( Degree/License/Certificate)","StructureDefinition/ch-core-practitioner-epr,StructureDefinition/ch-core-practitioner","THO (V2)"
http://terminology.hl7.org/ValueSet/v3-ActCode,3.0.0,active,,ActCode,v3 Code System ActCode,"A code specifying the particular kind of Act that the Act-instance represents within its class.  Constraints:  The kind of Act (e.g. physical examination, serum potassium, inpatient encounter, charge financial transaction, etc.) is specified with a code from one of several, typically external, coding systems.  The coding system will depend on the class of Act, such as LOINC for observations, etc. Conceptually, the Act.code must be a specialization of the Act.classCode. This is why the structure of ActClass domain should be reflected in the superstructure of the ActCode domain and then individual codes or externally referenced vocabularies subordinated under these domains that reflect the ActClass structure. Act.classCode and Act.code are not modifiers of each other but the Act.code concept should really imply the Act.classCode concept. For a negative example, it is not appropriate to use an Act.code ""potassium"" together with and Act.classCode for ""laboratory observation"" to somehow mean ""potassium laboratory observation"" and then use the same Act.code for ""potassium"" together with Act.classCode for ""medication"" to mean ""substitution of potassium"". This mutually modifying use of Act.code and Act.classCode is not permitted.","StructureDefinition/ch-core-composition-epr,StructureDefinition/ch-core-documentreference-epr,StructureDefinition/ch-core-documentreference,StructureDefinition/ch-core-composition","THO (V3)"
http://terminology.hl7.org/ValueSet/v3-ActEncounterCode,3.0.0,active,"2.16.840.1.113883.1.11.13955",ActEncounterCode,ActEncounterCode,"Domain provides codes that qualify the ActEncounterClass (ENC)","StructureDefinition/ch-core-encounter","THO (V3)"
http://terminology.hl7.org/ValueSet/v3-ActPharmacySupplyType,3.0.0,active,"2.16.840.1.113883.1.11.16208",ActPharmacySupplyType,ActPharmacySupplyType,"Identifies types of dispensing events","StructureDefinition/ch-core-medicationdispense","THO (V3)"
http://terminology.hl7.org/ValueSet/v3-ActSubstanceAdminSubstitutionCode,3.0.0,active,"2.16.840.1.113883.1.11.16621",ActSubstanceAdminSubstitutionCode,ActSubstanceAdminSubstitutionCode,"***No description***","StructureDefinition/ch-core-medicationrequest,StructureDefinition/ch-emed-ext-substitution","THO (V3)"
http://terminology.hl7.org/ValueSet/v3-ConfidentialityClassification,2014-03-26,active,"2.16.840.1.113883.1.11.10228",v3.ConfidentialityClassification,V3 Value SetConfidentialityClassification," Set of codes used to value Act.Confidentiality and Role.Confidentiality attribute in accordance with the definition for concept domain ""Confidentiality"".","StructureDefinition/ch-core-composition-epr,StructureDefinition/ch-core-composition","THO (V3)"
http://terminology.hl7.org/ValueSet/v3-PurposeOfUse,3.1.0,active,"2.16.840.1.113883.1.11.20448",PurposeOfUse,PurposeOfUse,"Supports communication of purpose of use at a general level.","StructureDefinition/ch-core-epr-consent","THO (V3)"
http://terminology.hl7.org/ValueSet/v3-ServiceDeliveryLocationRoleType,3.0.0,active,"2.16.840.1.113883.1.11.17660",ServiceDeliveryLocationRoleType,ServiceDeliveryLocationRoleType,"A role of a place that further classifies the setting (e.g., accident site, road side, work site, community location) in which services are delivered.","StructureDefinition/ch-core-location,StructureDefinition/ch-core-servicerequest","THO (V3)"
http://terminology.hl7.org/ValueSet/v3-SubstanceAdminSubstitutionReason,3.0.0,active,"2.16.840.1.113883.1.11.19377",SubstanceAdminSubstitutionReason,SubstanceAdminSubstitutionReason,"***No description***","StructureDefinition/ch-core-medicationrequest,StructureDefinition/ch-core-medicationdispense","THO (V3)"
