<?xml version="1.0" encoding="UTF-8"?>

<Observation xmlns="http://hl7.org/fhir">
  <id value="PharmaceuticalAdvice-ChangeMedicament"/>
  <meta>
    <profile value="http://fhir.ch/ig/ch-emed/StructureDefinition/ch-emed-observation"/>
  </meta>
  <text>
    <status value="extensions"/><div xmlns="http://www.w3.org/1999/xhtml"><p><b>Generated Narrative: Observation</b><a name="PharmaceuticalAdvice-ChangeMedicament"> </a></p><div style="display: inline-block; background-color: #d9e0e7; padding: 6px; margin: 4px; border: 1px solid #8da1b4; border-radius: 5px; line-height: 60%"><p style="margin-bottom: 0px">Resource Observation &quot;PharmaceuticalAdvice-ChangeMedicament&quot; </p><p style="margin-bottom: 0px">Profile: <a href="StructureDefinition-ch-emed-observation.html">CH EMED Observation (PADV)</a></p></div><blockquote><p><b>CH EMED Extension Prescription</b></p><blockquote><p><b>url</b></p><a href="http://hl7.org/fhir/R4/datatypes.html#id">id</a></blockquote><p><b>value</b>: id: <a href="http://terminology.hl7.org/5.4.0/NamingSystem-uri.html">#</a>urn:uuid:d41d72ba-2100-11e6-b67b-9e71128cae77</p><blockquote><p><b>url</b></p><code>externalDocumentId</code></blockquote><p><b>value</b>: id: <a href="http://terminology.hl7.org/5.4.0/NamingSystem-uri.html">#</a>urn:uuid:d41d72ba-2100-11e6-b67b-9e71128cae77</p></blockquote><p><b>CH EMED Extension MedicationRequest Changed</b>: <a href="MedicationRequest-MedReq-ChangeMedication.html">MedicationRequest/MedReq-ChangeMedication</a></p><p><b>identifier</b>: id: <a href="http://terminology.hl7.org/5.4.0/NamingSystem-uri.html">#</a>urn:uuid:9a34302b-49d1-4098-adf8-cea5302ab26b</p><p><b>status</b>: final</p><p><b>code</b>: CHANGE <span style="background: LightGoldenRodYellow; margin: 4px; border: 1px solid khaki"> (<a href="CodeSystem-ihe-pharmaceuticaladvicestatuslist.html">IHE Pharmaceutical Advice Status List</a>#CHANGE)</span></p><p><b>subject</b>: <a href="Patient-MonikaWegmueller.html">Patient/MonikaWegmueller</a> &quot; WEGMÜLLER&quot;</p><p><b>effective</b>: 2012-02-04 14:00:00+0100</p><p><b>issued</b>: Feb 4, 2012, 2:00:00 PM</p><p><b>performer</b>: <a href="PractitionerRole-FamilienHausarztAtHausarzt.html">PractitionerRole/FamilienHausarztAtHausarzt</a></p><p><b>note</b>: Generika: Amlodipin anstatt Norvasc</p></div>
  </text>
  <extension url="http://fhir.ch/ig/ch-emed/StructureDefinition/ch-emed-ext-prescription">
    <extension url="id">
      <valueIdentifier>
        <system value="urn:ietf:rfc:3986"/>
        <value value="urn:uuid:d41d72ba-2100-11e6-b67b-9e71128cae77"/>
      </valueIdentifier>
    </extension>
    <extension url="externalDocumentId">
      <valueIdentifier>
        <system value="urn:ietf:rfc:3986"/>
        <value value="urn:uuid:d41d72ba-2100-11e6-b67b-9e71128cae77"/>
      </valueIdentifier>
    </extension>
  </extension>
  <extension url="http://fhir.ch/ig/ch-emed/StructureDefinition/ch-emed-ext-medicationrequest-changed">
    <valueReference>
      <reference value="MedicationRequest/MedReq-ChangeMedication"/>
    </valueReference>
  </extension>
  <identifier>
    <system value="urn:ietf:rfc:3986"/>
    <value value="urn:uuid:9a34302b-49d1-4098-adf8-cea5302ab26b"/>
  </identifier>
  <status value="final"/>
  <code>
    <coding>
      <system value="urn:oid:1.3.6.1.4.1.19376.1.9.2.1"/>
      <code value="CHANGE"/>
    </coding>
  </code>
  <subject>
    <reference value="Patient/MonikaWegmueller"/>
  </subject>
  <effectiveDateTime value="2012-02-04T14:00:00+01:00"/>
  <issued value="2012-02-04T14:00:00+01:00"/>
  <performer>
    <reference value="PractitionerRole/FamilienHausarztAtHausarzt"/>
  </performer>
  <note>
    <text value="Generika: Amlodipin anstatt Norvasc"/>
  </note>
</Observation>