<?xml version="1.0" encoding="UTF-8"?>

<CodeSystem xmlns="http://hl7.org/fhir">
  <id value="nkrs-tnmstagegroup"/>
  <text>
    <status value="generated"/><div xmlns="http://www.w3.org/1999/xhtml"><h2>NKRS - TNM Stage Group</h2><div><p>The data item records the UICC TNM stage group.           <strong>TNM stage group (Variable number: 4.17)</strong> in          'NATIONAL CANCER DATA DICTIONARY, V 1.1, Part A, BASIC VARIABLES for Adults, Adolescents, and Children' see           <a href="https://www.nkrs.ch">Nationale Krebsregistrierungsstelle</a> &gt; Partner im Gesundheitswesen &gt;         <a href="https://www.nicer.org/assets/files/krebsregistrierung/datadictionary_e-g-f-i.zip">Information, Grundlagen und Datenstruktur zum KRG</a>.</p>
</div><p>This code system http://fhir.ch/ig/ch-crl/CodeSystem/nkrs-tnmstagegroup defines the following codes:</p><table class="codes"><tr><td style="white-space:nowrap"><b>Code</b></td><td><b>Display</b></td><td><b>Definition</b></td></tr><tr><td style="white-space:nowrap">0<a name="nkrs-tnmstagegroup-0"> </a></td><td>Stage 0</td><td/></tr><tr><td style="white-space:nowrap">0a<a name="nkrs-tnmstagegroup-0a"> </a></td><td>Stage 0a</td><td/></tr><tr><td style="white-space:nowrap">0is<a name="nkrs-tnmstagegroup-0is"> </a></td><td>Stage 0is</td><td/></tr><tr><td style="white-space:nowrap">I<a name="nkrs-tnmstagegroup-I"> </a></td><td>Stage I</td><td/></tr><tr><td style="white-space:nowrap">IA<a name="nkrs-tnmstagegroup-IA"> </a></td><td>Stage IA</td><td/></tr><tr><td style="white-space:nowrap">IA1<a name="nkrs-tnmstagegroup-IA1"> </a></td><td>Stage IA1</td><td/></tr><tr><td style="white-space:nowrap">IA2<a name="nkrs-tnmstagegroup-IA2"> </a></td><td>Stage IA2</td><td/></tr><tr><td style="white-space:nowrap">IA3<a name="nkrs-tnmstagegroup-IA3"> </a></td><td>Stage IA3</td><td/></tr><tr><td style="white-space:nowrap">IB<a name="nkrs-tnmstagegroup-IB"> </a></td><td>Stage IB</td><td/></tr><tr><td style="white-space:nowrap">IB1<a name="nkrs-tnmstagegroup-IB1"> </a></td><td>Stage IB1</td><td/></tr><tr><td style="white-space:nowrap">IB2<a name="nkrs-tnmstagegroup-IB2"> </a></td><td>Stage IB2</td><td/></tr><tr><td style="white-space:nowrap">IC<a name="nkrs-tnmstagegroup-IC"> </a></td><td>Stage IC</td><td/></tr><tr><td style="white-space:nowrap">IS<a name="nkrs-tnmstagegroup-IS"> </a></td><td>Stage IS</td><td/></tr><tr><td style="white-space:nowrap">II<a name="nkrs-tnmstagegroup-II"> </a></td><td>Stage II</td><td/></tr><tr><td style="white-space:nowrap">IIA<a name="nkrs-tnmstagegroup-IIA"> </a></td><td>Stage IIA</td><td/></tr><tr><td style="white-space:nowrap">IIA1<a name="nkrs-tnmstagegroup-IIA1"> </a></td><td>Stage IIA1</td><td/></tr><tr><td style="white-space:nowrap">IIA2<a name="nkrs-tnmstagegroup-IIA2"> </a></td><td>Stage IIA2</td><td/></tr><tr><td style="white-space:nowrap">IIB<a name="nkrs-tnmstagegroup-IIB"> </a></td><td>Stage IIB</td><td/></tr><tr><td style="white-space:nowrap">IIC<a name="nkrs-tnmstagegroup-IIC"> </a></td><td>Stage IIC</td><td/></tr><tr><td style="white-space:nowrap">III<a name="nkrs-tnmstagegroup-III"> </a></td><td>Stage III</td><td/></tr><tr><td style="white-space:nowrap">IIIA<a name="nkrs-tnmstagegroup-IIIA"> </a></td><td>Stage IIIA</td><td/></tr><tr><td style="white-space:nowrap">IIIA1<a name="nkrs-tnmstagegroup-IIIA1"> </a></td><td>Stage IIIA1</td><td/></tr><tr><td style="white-space:nowrap">IIIA2<a name="nkrs-tnmstagegroup-IIIA2"> </a></td><td>Stage IIIA2</td><td/></tr><tr><td style="white-space:nowrap">IIIB<a name="nkrs-tnmstagegroup-IIIB"> </a></td><td>Stage IIIB</td><td/></tr><tr><td style="white-space:nowrap">IIIC<a name="nkrs-tnmstagegroup-IIIC"> </a></td><td>Stage IIIC</td><td/></tr><tr><td style="white-space:nowrap">IIIC1<a name="nkrs-tnmstagegroup-IIIC1"> </a></td><td>Stage IIIC1</td><td/></tr><tr><td style="white-space:nowrap">IIIC2<a name="nkrs-tnmstagegroup-IIIC2"> </a></td><td>Stage IIIC2</td><td/></tr><tr><td style="white-space:nowrap">IV<a name="nkrs-tnmstagegroup-IV"> </a></td><td>Stage IV</td><td/></tr><tr><td style="white-space:nowrap">IVA<a name="nkrs-tnmstagegroup-IVA"> </a></td><td>Stage IVA</td><td/></tr><tr><td style="white-space:nowrap">IVB<a name="nkrs-tnmstagegroup-IVB"> </a></td><td>Stage IVB</td><td/></tr><tr><td style="white-space:nowrap">IVC<a name="nkrs-tnmstagegroup-IVC"> </a></td><td>Stage IVC</td><td/></tr><tr><td style="white-space:nowrap">A<a name="nkrs-tnmstagegroup-A"> </a></td><td>Stage A</td><td/></tr><tr><td style="white-space:nowrap">AP<a name="nkrs-tnmstagegroup-AP"> </a></td><td>Stage AP</td><td/></tr><tr><td style="white-space:nowrap">B<a name="nkrs-tnmstagegroup-B"> </a></td><td>Stage B</td><td/></tr><tr><td style="white-space:nowrap">BP<a name="nkrs-tnmstagegroup-BP"> </a></td><td>Stage BP</td><td/></tr><tr><td style="white-space:nowrap">C<a name="nkrs-tnmstagegroup-C"> </a></td><td>Stage C</td><td/></tr><tr><td style="white-space:nowrap">CP<a name="nkrs-tnmstagegroup-CP"> </a></td><td>Stage CP</td><td/></tr></table></div>
  </text>
  <url value="http://fhir.ch/ig/ch-crl/CodeSystem/nkrs-tnmstagegroup"/>
  <version value="0.2.0"/>
  <name value="NkrsTnmStageGroup"/>
  <title value="NKRS - TNM Stage Group"/>
  <status value="draft"/>
  <date value="2019-11-08T00:00:00+01:00"/>
  <publisher value="NKRS - Nationale Krebsregistrierungsstelle"/>
  <contact>
    <name value="Foundation National Institute for Cancer Epidemiology and Registration (NICER)"/>
    <telecom>
      <system value="url"/>
      <value value="https://www.nicer.org/"/>
    </telecom>
  </contact>
  <description value="The data item records the UICC TNM stage group.           **TNM stage group (Variable number: 4.17)** in          \&#39;NATIONAL CANCER DATA DICTIONARY, V 1.1, Part A, BASIC VARIABLES for Adults, Adolescents, and Children\&#39; see           [Nationale Krebsregistrierungsstelle](https://www.nkrs.ch) &gt; Partner im Gesundheitswesen &gt;         [Information, Grundlagen und Datenstruktur zum KRG](https://www.nicer.org/assets/files/krebsregistrierung/datadictionary_e-g-f-i.zip)."/>
  <caseSensitive value="true"/>
  <valueSet value="http://fhir.ch/ig/ch-crl/ValueSet/nkrs-tnmstagegroup"/>
  <content value="complete"/>
  <concept>
    <code value="0"/>
    <display value="Stage 0"/>
  </concept>
  <concept>
    <code value="0a"/>
    <display value="Stage 0a"/>
  </concept>
  <concept>
    <code value="0is"/>
    <display value="Stage 0is"/>
  </concept>
  <concept>
    <code value="I"/>
    <display value="Stage I"/>
  </concept>
  <concept>
    <code value="IA"/>
    <display value="Stage IA"/>
  </concept>
  <concept>
    <code value="IA1"/>
    <display value="Stage IA1"/>
  </concept>
  <concept>
    <code value="IA2"/>
    <display value="Stage IA2"/>
  </concept>
  <concept>
    <code value="IA3"/>
    <display value="Stage IA3"/>
  </concept>
  <concept>
    <code value="IB"/>
    <display value="Stage IB"/>
  </concept>
  <concept>
    <code value="IB1"/>
    <display value="Stage IB1"/>
  </concept>
  <concept>
    <code value="IB2"/>
    <display value="Stage IB2"/>
  </concept>
  <concept>
    <code value="IC"/>
    <display value="Stage IC"/>
  </concept>
  <concept>
    <code value="IS"/>
    <display value="Stage IS"/>
  </concept>
  <concept>
    <code value="II"/>
    <display value="Stage II"/>
  </concept>
  <concept>
    <code value="IIA"/>
    <display value="Stage IIA"/>
  </concept>
  <concept>
    <code value="IIA1"/>
    <display value="Stage IIA1"/>
  </concept>
  <concept>
    <code value="IIA2"/>
    <display value="Stage IIA2"/>
  </concept>
  <concept>
    <code value="IIB"/>
    <display value="Stage IIB"/>
  </concept>
  <concept>
    <code value="IIC"/>
    <display value="Stage IIC"/>
  </concept>
  <concept>
    <code value="III"/>
    <display value="Stage III"/>
  </concept>
  <concept>
    <code value="IIIA"/>
    <display value="Stage IIIA"/>
  </concept>
  <concept>
    <code value="IIIA1"/>
    <display value="Stage IIIA1"/>
  </concept>
  <concept>
    <code value="IIIA2"/>
    <display value="Stage IIIA2"/>
  </concept>
  <concept>
    <code value="IIIB"/>
    <display value="Stage IIIB"/>
  </concept>
  <concept>
    <code value="IIIC"/>
    <display value="Stage IIIC"/>
  </concept>
  <concept>
    <code value="IIIC1"/>
    <display value="Stage IIIC1"/>
  </concept>
  <concept>
    <code value="IIIC2"/>
    <display value="Stage IIIC2"/>
  </concept>
  <concept>
    <code value="IV"/>
    <display value="Stage IV"/>
  </concept>
  <concept>
    <code value="IVA"/>
    <display value="Stage IVA"/>
  </concept>
  <concept>
    <code value="IVB"/>
    <display value="Stage IVB"/>
  </concept>
  <concept>
    <code value="IVC"/>
    <display value="Stage IVC"/>
  </concept>
  <concept>
    <code value="A"/>
    <display value="Stage A"/>
  </concept>
  <concept>
    <code value="AP"/>
    <display value="Stage AP"/>
  </concept>
  <concept>
    <code value="B"/>
    <display value="Stage B"/>
  </concept>
  <concept>
    <code value="BP"/>
    <display value="Stage BP"/>
  </concept>
  <concept>
    <code value="C"/>
    <display value="Stage C"/>
  </concept>
  <concept>
    <code value="CP"/>
    <display value="Stage CP"/>
  </concept>
</CodeSystem>