<?xml version="1.0" encoding="UTF-8"?>

<Observation xmlns="http://hl7.org/fhir">
  <id value="TNM-StageGroup"/>
  <meta>
    <profile value="http://fhir.ch/ig/ch-crl/StructureDefinition/ch-crl-observation-tnmstagegroup"/>
  </meta>
  <text>
    <status value="generated"/><div xmlns="http://www.w3.org/1999/xhtml"><p><b>Generated Narrative with Details</b></p><p><b>id</b>: TNM-StageGroup</p><p><b>meta</b>: </p><p><b>status</b>: final</p><p><b>code</b>: Stage group.other Cancer <span style="background: LightGoldenRodYellow">(Details : {LOINC code '21914-7' = 'Stage group.other Cancer', given as 'Stage group.other Cancer'})</span></p><p><b>subject</b>: <a href="Patient-FranzMinimum.html">Generated Summary: id: FranzMinimum; 756.9217.0769.85; Franz Minimum ; gender: male; birthDate: 1950-03-04; </a></p><p><b>effective</b>: 15.12.2018 00:00:00</p><p><b>value</b>: Stage IV <span style="background: LightGoldenRodYellow">(Details : {http://fhir.ch/ig/ch-crl/CodeSystem/nkrs-tnmstagegroup code 'IV' = 'Stage IV', given as 'Stage IV'})</span></p><p><b>hasMember</b>: </p><ul><li><a href="Observation-cT.html">Generated Summary: id: cT; <span title="Codes: {http://loinc.org 21905-5}">Primary tumor.clinical [Class] Cancer</span>; effective: 15.12.2018 00:00:00; <span title="Codes: {http://fhir.ch/ig/ch-crl/CodeSystem/nkrs-ct 1}">cT1</span></a></li><li><a href="Observation-cN.html">Generated Summary: id: cN; <span title="Codes: {http://loinc.org 21906-3}">Regional lymph nodes.clinical [Class] Cancer</span>; effective: 15.12.2018 00:00:00; <span title="Codes: {http://fhir.ch/ig/ch-crl/CodeSystem/nkrs-cn 2}">cN2</span></a></li><li><a href="Observation-cM.html">Generated Summary: id: cM; <span title="Codes: {http://loinc.org 21907-1}">Distant metastases.clinical [Class] Cancer</span>; effective: 15.12.2018 00:00:00; <span title="Codes: {http://fhir.ch/ig/ch-crl/CodeSystem/nkrs-cm 0}">cM0</span></a></li><li><a href="Observation-pT.html">Generated Summary: id: pT; <span title="Codes: {http://loinc.org 21899-0}">Primary tumor.pathology Cancer</span>; effective: 15.12.2018 00:00:00; <span title="Codes: {http://fhir.ch/ig/ch-crl/CodeSystem/nkrs-pt 1b2}">pT1b2</span></a></li><li><a href="Observation-pN.html">Generated Summary: id: pN; <span title="Codes: {http://loinc.org 21900-6}">Regional lymph nodes.pathology [Class] Cancer</span>; effective: 15.12.2018 00:00:00; <span title="Codes: {http://fhir.ch/ig/ch-crl/CodeSystem/nkrs-pn 1(sn)}">pN1(sn)</span></a></li><li><a href="Observation-pM-unknown.html">Generated Summary: id: pM-unknown; <span title="Codes: {http://loinc.org 21901-4}">Distant metastases.pathology [Class] Cancer</span>; effective: 15.12.2018 00:00:00; <span title="Codes: {http://terminology.hl7.org/CodeSystem/data-absent-reason unknown}">Unknown</span></a></li></ul></div>
  </text>
  <status value="final"/>
  <code>
    <coding>
      <system value="http://loinc.org"/>
      <code value="21914-7"/>
      <display value="Stage group.other Cancer"/>
    </coding>
  </code>
  <subject>
    <reference value="Patient/FranzMinimum"/>
  </subject>
  <effectiveDateTime value="2018-12-15"/>
  <valueCodeableConcept>
    <coding>
      <system value="http://fhir.ch/ig/ch-crl/CodeSystem/nkrs-tnmstagegroup"/>
      <code value="IV"/>
      <display value="Stage IV"/>
    </coding>
  </valueCodeableConcept>
  <hasMember>
    <reference value="Observation/cT"/>
  </hasMember>
  <hasMember>
    <reference value="Observation/cN"/>
  </hasMember>
  <hasMember>
    <reference value="Observation/cM"/>
  </hasMember>
  <hasMember>
    <reference value="Observation/pT"/>
  </hasMember>
  <hasMember>
    <reference value="Observation/pN"/>
  </hasMember>
  <hasMember>
    <reference value="Observation/pM-unknown"/>
  </hasMember>
</Observation>