{
  "resourceType" : "NamingSystem",
  "id" : "IDN",
  "text" : {
    "status" : "generated",
    "div" : "<div xmlns=\"http://www.w3.org/1999/xhtml\"><p class=\"res-header-id\"><b>Generated Narrative: NamingSystem IDN</b></p><a name=\"IDN\"> </a><a name=\"hcIDN\"> </a><a name=\"IDN-en-US\"> </a><h3>Summary</h3><table class=\"grid\"><tr><td>Defining URL</td><td>http://fhir.ch/ig/ch-elm/NamingSystem/IDN</td></tr><tr><td>Version</td><td>1.8.0</td></tr><tr><td>Name</td><td>IDN</td></tr><tr><td>Status</td><td>active</td></tr><tr><td>Definition</td><td><div><p>The IDN is a unique identification number generated for each person with health insurance in Liechtenstein.\nFor more details please visit https://www.llv.li/de/privatpersonen/gesundheit-vorsorge-und-pflege/elektronisches-gesundheitsdossier/datenschutzhinweis.</p>\n</div></td></tr><tr><td>Publisher</td><td>Federal Office of Public Health FOPH</td></tr><tr><td>Copyright</td><td><div><p>CC0-1.0</p>\n</div></td></tr></table><h3>Identifiers</h3><table class=\"grid\"><tr><td><b>Type</b></td><td><b>Value</b></td><td><b>Preferred</b></td></tr><tr><td>OID</td><td>2.16.438.10.20.10.10.1.2.1</td><td>true</td></tr></table></div>"
  },
  "extension" : [{
    "url" : "http://hl7.org/fhir/5.0/StructureDefinition/extension-NamingSystem.url",
    "valueUri" : "http://fhir.ch/ig/ch-elm/NamingSystem/IDN"
  },
  {
    "url" : "http://hl7.org/fhir/5.0/StructureDefinition/extension-NamingSystem.version",
    "valueString" : "1.8.0"
  }],
  "name" : "IDN",
  "status" : "active",
  "kind" : "identifier",
  "date" : "2023-10-18",
  "publisher" : "Federal Office of Public Health FOPH",
  "contact" : [{
    "name" : "Federal Office of Public Health FOPH",
    "telecom" : [{
      "system" : "url",
      "value" : "https://www.bag.admin.ch/bag/en/home/das-bag/kontakt-standort.html"
    }]
  }],
  "description" : "The IDN is a unique identification number generated for each person with health insurance in Liechtenstein. \nFor more details please visit https://www.llv.li/de/privatpersonen/gesundheit-vorsorge-und-pflege/elektronisches-gesundheitsdossier/datenschutzhinweis.",
  "jurisdiction" : [{
    "coding" : [{
      "system" : "urn:iso:std:iso:3166",
      "code" : "CHE"
    }]
  }],
  "uniqueId" : [{
    "type" : "oid",
    "value" : "2.16.438.10.20.10.10.1.2.1",
    "preferred" : true
  }]
}