{
  "resourceType" : "ValueSet",
  "id" : "ch-elm-results-inf-org",
  "text" : {
    "status" : "generated",
    "div" : "<div xmlns=\"http://www.w3.org/1999/xhtml\"><p class=\"res-header-id\"><b>Generated Narrative: ValueSet ch-elm-results-inf-org</b></p><a name=\"ch-elm-results-inf-org\"> </a><a name=\"hcch-elm-results-inf-org\"> </a><a name=\"ch-elm-results-inf-org-en-US\"> </a><p>This value set includes codes based on the following rules:</p><ul/></div>"
  },
  "url" : "http://fhir.ch/ig/ch-elm/ValueSet/ch-elm-results-inf-org",
  "version" : "1.8.0",
  "name" : "ChElmResultsInfOrg",
  "title" : "CH ELM Results Inf Org",
  "status" : "active",
  "experimental" : false,
  "date" : "2025-02-04T09:10:33+00:00",
  "publisher" : "Federal Office of Public Health FOPH",
  "contact" : [{
    "name" : "Federal Office of Public Health FOPH",
    "telecom" : [{
      "system" : "url",
      "value" : "https://www.bag.admin.ch/bag/en/home/das-bag/kontakt-standort.html"
    }]
  }],
  "description" : "The \"CH ELM Results Inf Org\" organism group provides a curated set of codes representing specific organisms. Each code within this group has been selected to ensure precise representation and consistency in relation to the primary LOINC codes. Clients utilizing the \"CH ELM Results Inf Org\" group should refer to the provided codes to accurately and uniformly capture and report organism-related information.",
  "jurisdiction" : [{
    "coding" : [{
      "system" : "urn:iso:std:iso:3166",
      "code" : "CHE"
    }]
  }],
  "copyright" : "CC0-1.0"
}