{
  "resourceType" : "ValueSet",
  "id" : "ch-elm-observation-profile-vs",
  "text" : {
    "status" : "generated",
    "div" : "<div xmlns=\"http://www.w3.org/1999/xhtml\"><p class=\"res-header-id\"><b>Generated Narrative: ValueSet ch-elm-observation-profile-vs</b></p><a name=\"ch-elm-observation-profile-vs\"> </a><a name=\"hcch-elm-observation-profile-vs\"> </a><a name=\"ch-elm-observation-profile-vs-en-US\"> </a><ul><li>Include these codes as defined in <a href=\"CodeSystem-ch-elm-observation-profile-vs.html\"><code>http://fhir.ch/ig/ch-elm/CodeSystem/ch-elm-observation-profile-vs</code></a><table class=\"none\"><tr><td style=\"white-space:nowrap\"><b>Code</b></td><td><b>Display</b></td></tr><tr><td><a href=\"CodeSystem-ch-elm-observation-profile-vs.html#ch-elm-observation-profile-vs-http.58.47.47fhir.46ch.47ig.47ch-elm.47StructureDefinition.47ch-elm-observation-txt\">http://fhir.ch/ig/ch-elm/StructureDefinition/ch-elm-observation-txt</a></td><td/></tr><tr><td><a href=\"CodeSystem-ch-elm-observation-profile-vs.html#ch-elm-observation-profile-vs-http.58.47.47fhir.46ch.47ig.47ch-elm.47StructureDefinition.47ch-elm-observation-rto\">http://fhir.ch/ig/ch-elm/StructureDefinition/ch-elm-observation-rto</a></td><td/></tr><tr><td><a href=\"CodeSystem-ch-elm-observation-profile-vs.html#ch-elm-observation-profile-vs-http.58.47.47fhir.46ch.47ig.47ch-elm.47StructureDefinition.47ch-elm-observation-pq-virl\">http://fhir.ch/ig/ch-elm/StructureDefinition/ch-elm-observation-pq-virl</a></td><td/></tr></table></li></ul></div>"
  },
  "url" : "http://fhir.ch/ig/ch-elm/ValueSet/ch-elm-observation-profile-vs",
  "version" : "1.8.0",
  "name" : "ChElmObservationProfileVs",
  "title" : "CH ELM Observation Profile Vs",
  "status" : "active",
  "experimental" : false,
  "date" : "2025-02-04T09:10:33+00:00",
  "publisher" : "Federal Office of Public Health FOPH",
  "contact" : [{
    "name" : "Federal Office of Public Health FOPH",
    "telecom" : [{
      "system" : "url",
      "value" : "https://www.bag.admin.ch/bag/en/home/das-bag/kontakt-standort.html"
    }]
  }],
  "description" : "This CH ELM value set includes the profile URLs as codes to map in the concept maps the leading codes, which specify how the observation value must be provided.",
  "jurisdiction" : [{
    "coding" : [{
      "system" : "urn:iso:std:iso:3166",
      "code" : "CHE"
    }]
  }],
  "copyright" : "CC0-1.0",
  "compose" : {
    "include" : [{
      "system" : "http://fhir.ch/ig/ch-elm/CodeSystem/ch-elm-observation-profile-vs",
      "concept" : [{
        "code" : "http://fhir.ch/ig/ch-elm/StructureDefinition/ch-elm-observation-txt"
      },
      {
        "code" : "http://fhir.ch/ig/ch-elm/StructureDefinition/ch-elm-observation-rto"
      },
      {
        "code" : "http://fhir.ch/ig/ch-elm/StructureDefinition/ch-elm-observation-pq-virl"
      }]
    }]
  }
}