{
  "resourceType": "MessageHeader",
  "id": "MessageHeaderUC44371",
  "meta": {
    "profile": [
      "http://fhir.ch/ig/swissnoso/StructureDefinition/swissnoso-messageheader-cauti-surveillance"
    ]
  },
  "text": {
    "status": "generated",
    "div": "<div xmlns=\"http://www.w3.org/1999/xhtml\"><p><b>Generated Narrative</b></p><div style=\"display: inline-block; background-color: #d9e0e7; padding: 6px; margin: 4px; border: 1px solid #8da1b4; border-radius: 5px; line-height: 60%\"><p style=\"margin-bottom: 0px\">Resource \"MessageHeaderUC44371\" </p><p style=\"margin-bottom: 0px\">Profile: <a href=\"StructureDefinition-swissnoso-messageheader-cauti-surveillance.html\">Swissnoso MessageHeader CAUTI Surveillance</a></p></div><p><b>event</b>: <a href=\"http://fhir.ch/ig/swissnoso/cauti-surveillance\">http://fhir.ch/ig/swissnoso/cauti-surveillance</a></p><h3>Sources</h3><table class=\"grid\"><tr><td>-</td><td><b>Endpoint</b></td></tr><tr><td>*</td><td><a href=\"http://example.ch/fhir\">http://example.ch/fhir</a></td></tr></table><p><b>focus</b>: </p><ul><li><a href=\"Procedure-InsertCatheter-20210708-44371210708.html\">Procedure/InsertCatheter-20210708-44371210708</a></li><li><a href=\"Procedure-RemoveCatheter-20210709-44371210708.html\">Procedure/RemoveCatheter-20210709-44371210708</a></li><li><a href=\"Procedure-Microbiology1-20210709-44371210708.html\">Procedure/Microbiology1-20210709-44371210708</a></li><li><a href=\"Procedure-Microbiology2-20210714-44371210708.html\">Procedure/Microbiology2-20210714-44371210708</a></li><li><a href=\"Observation-NumberOfDifferentGerms-20210709-44371210708.html\">Observation/NumberOfDifferentGerms-20210709-44371210708</a></li><li><a href=\"Observation-NumberOfDifferentGerms-20210714-44371210708.html\">Observation/NumberOfDifferentGerms-20210714-44371210708</a></li></ul></div>"
  },
  "eventUri": "http://fhir.ch/ig/swissnoso/cauti-surveillance",
  "source": {
    "endpoint": "http://example.ch/fhir"
  },
  "focus": [
    {
      "reference": "Procedure/InsertCatheter-20210708-44371210708"
    },
    {
      "reference": "Procedure/RemoveCatheter-20210709-44371210708"
    },
    {
      "reference": "Procedure/Microbiology1-20210709-44371210708"
    },
    {
      "reference": "Procedure/Microbiology2-20210714-44371210708"
    },
    {
      "reference": "Observation/NumberOfDifferentGerms-20210709-44371210708"
    },
    {
      "reference": "Observation/NumberOfDifferentGerms-20210714-44371210708"
    }
  ]
}