{"resourceType":"ValueSet","id":"bfs-medstats-17-admitsource","text":{"status":"generated","div":"<div xmlns=\"http://www.w3.org/1999/xhtml\"><h2>BFS Medizinische Statistik - 17 1.2.V02 - Aufenthaltsort vor dem Eintritt / Séjour avant l’admission / Luogo di soggiorno prima dell’ammissione</h2><div><p>BFS defines variables for medical statistic (german, french, italian) see <a href=\"https://www.bfs.admin.ch/bfs/de/home/statistiken/kataloge-datenbanken/publikationen.assetdetail.7066232.html\">BFS</a>. Unmittelbarer Aufenthaltsort vor dem Eintritt. Wo befand sich BFS der Patient / die Patientin?</p>\n</div><ul><li>Include these codes as defined in <a href=\"CodeSystem-bfs-medstats-17-admitsource.html\"><code>http://fhir.ch/ig/ch-core/CodeSystem/bfs-medstats-17-admitsource</code></a><table class=\"none\"><tr><td style=\"white-space:nowrap\"><b>Code</b></td><td><b>Display</b></td></tr><tr><td><a href=\"CodeSystem-bfs-medstats-17-admitsource.html#bfs-medstats-17-admitsource-1\">1</a></td><td>Zuhause</td><td/></tr><tr><td><a href=\"CodeSystem-bfs-medstats-17-admitsource.html#bfs-medstats-17-admitsource-2\">2</a></td><td>Zuhause mit SPITEX Versorgung</td><td/></tr><tr><td><a href=\"CodeSystem-bfs-medstats-17-admitsource.html#bfs-medstats-17-admitsource-3\">3</a></td><td>Krankenheim, Pflegeheim</td><td/></tr><tr><td><a href=\"CodeSystem-bfs-medstats-17-admitsource.html#bfs-medstats-17-admitsource-4\">4</a></td><td>Altersheim, andere sozialmed. Institutionen</td><td/></tr><tr><td><a href=\"CodeSystem-bfs-medstats-17-admitsource.html#bfs-medstats-17-admitsource-5\">5</a></td><td>Psychiatrische Klinik, anderer Betrieb</td><td/></tr><tr><td><a href=\"CodeSystem-bfs-medstats-17-admitsource.html#bfs-medstats-17-admitsource-55\">55</a></td><td>Psychiatrische Abteilung/Klinik, gleicher Betrieb</td><td/></tr><tr><td><a href=\"CodeSystem-bfs-medstats-17-admitsource.html#bfs-medstats-17-admitsource-6\">6</a></td><td>anderes Krankenhaus (Akutspital) oder Geburtshaus</td><td/></tr><tr><td><a href=\"CodeSystem-bfs-medstats-17-admitsource.html#bfs-medstats-17-admitsource-66\">66</a></td><td>Akutabteilung/-klinik, gleicher Betrieb</td><td/></tr><tr><td><a href=\"CodeSystem-bfs-medstats-17-admitsource.html#bfs-medstats-17-admitsource-7\">7</a></td><td>Strafvollzugsanstalt</td><td/></tr><tr><td><a href=\"CodeSystem-bfs-medstats-17-admitsource.html#bfs-medstats-17-admitsource-8\">8</a></td><td>andere</td><td/></tr><tr><td><a href=\"CodeSystem-bfs-medstats-17-admitsource.html#bfs-medstats-17-admitsource-83\">83</a></td><td>Rehabilitationsklinik, anderer Betrieb</td><td/></tr><tr><td><a href=\"CodeSystem-bfs-medstats-17-admitsource.html#bfs-medstats-17-admitsource-84\">84</a></td><td>Rehabilitations- abteilung/-klinik, gleicher Betrieb</td><td/></tr><tr><td><a href=\"CodeSystem-bfs-medstats-17-admitsource.html#bfs-medstats-17-admitsource-9\">9</a></td><td>unbekannt</td><td/></tr></table></li></ul><p><b>Additional Language Displays</b></p><table class=\"codes\"><tr><td><b>Code</b></td><td><b>Deutsch (Schweiz) (German (Switzerland), de)</b></td><td><b>French (Switzerland) (fr)</b></td><td><b>Italian (Switzerland) (it)</b></td></tr><tr><td>1</td><td>Zuhause</td><td>Domicile</td><td>domicilio</td></tr><tr><td>2</td><td>Zuhause mit SPITEX Versorgung</td><td>Domicile avec soins à domicile</td><td>domicilio con assistenza SPITEX</td></tr><tr><td>3</td><td>Krankenheim, Pflegeheim</td><td>Etablissement de santé non hospitalier médicalisé</td><td>casa di cura</td></tr><tr><td>4</td><td>Altersheim, andere sozialmed. Institutionen</td><td>Etablissement de santé non hospitalier non médicalisé</td><td>casa per anziani, altro istituto sanitario non ospedaliero</td></tr><tr><td>5</td><td>Psychiatrische Klinik, anderer Betrieb</td><td>Clinique psychiatrique, autre établissement</td><td>clinica psichiatrica, altro istituto</td></tr><tr><td>55</td><td>Psychiatrische Abteilung/Klinik, gleicher Betrieb</td><td>Division/clinique psychiatrique, même établissement</td><td>reparto psichiatrico / clinica psichiatrica, stesso istituto</td></tr><tr><td>6</td><td>anderes Krankenhaus (Akutspital) oder Geburtshaus</td><td>Autre hôpital (soins aigus) ou maison de naissance</td><td>altro istituto ospedaliero (ospedale acuto) o casa per partorienti</td></tr><tr><td>66</td><td>Akutabteilung/-klinik, gleicher Betrieb</td><td>Division/Clinique de soins aigus, même établissement</td><td>reparto acuto / ospedale acuto, stesso istituto</td></tr><tr><td>7</td><td>Strafvollzugsanstalt</td><td>Institution d’exécution des peines</td><td>penitenziario</td></tr><tr><td>8</td><td>andere</td><td>Autre</td><td>altro</td></tr><tr><td>83</td><td>Rehabilitationsklinik, anderer Betrieb</td><td>Clinique de réadaptation, autre établissement</td><td>clinica di riabilitazione, altro istituto</td></tr><tr><td>84</td><td>Rehabilitations- abteilung/-klinik, gleicher Betrieb</td><td>Division/clinique de réadaptation, même établissement</td><td>reparto di riabilitazione / clinica di riabilitazione, stesso istituto</td></tr><tr><td>9</td><td>unbekannt</td><td>Inconnu</td><td>sconosciuto</td></tr></table></div>"},"url":"http://fhir.ch/ig/ch-core/ValueSet/bfs-medstats-17-admitsource","version":"1.0.0","name":"BfsMedstats17Admitsource","title":"BFS Medizinische Statistik - 17 1.2.V02 - Aufenthaltsort vor dem Eintritt / Séjour avant l’admission / Luogo di soggiorno prima dell’ammissione","status":"draft","date":"2019-01-01T00:00:00+01:00","publisher":"HL7 Switzerland","contact":[{"name":"HL7 Switzerland","telecom":[{"system":"url","value":"https://www.hl7.ch/"}]}],"description":"BFS defines variables for medical statistic (german, french, italian) see [BFS](https://www.bfs.admin.ch/bfs/de/home/statistiken/kataloge-datenbanken/publikationen.assetdetail.7066232.html). Unmittelbarer Aufenthaltsort vor dem Eintritt. Wo befand sich BFS der Patient / die Patientin?","jurisdiction":[{"coding":[{"system":"urn:iso:std:iso:3166","code":"CH"}]}],"compose":{"include":[{"system":"http://fhir.ch/ig/ch-core/CodeSystem/bfs-medstats-17-admitsource","concept":[{"code":"1","display":"Zuhause","designation":[{"language":"de-CH","value":"Zuhause"},{"language":"fr-CH","value":"Domicile"},{"language":"it-CH","value":"domicilio"}]},{"code":"2","display":"Zuhause mit SPITEX Versorgung","designation":[{"language":"de-CH","value":"Zuhause mit SPITEX Versorgung"},{"language":"fr-CH","value":"Domicile avec soins à domicile"},{"language":"it-CH","value":"domicilio con assistenza SPITEX"}]},{"code":"3","display":"Krankenheim, Pflegeheim","designation":[{"language":"de-CH","value":"Krankenheim, Pflegeheim"},{"language":"fr-CH","value":"Etablissement de santé non hospitalier médicalisé"},{"language":"it-CH","value":"casa di cura"}]},{"code":"4","display":"Altersheim, andere sozialmed. Institutionen","designation":[{"language":"de-CH","value":"Altersheim, andere sozialmed. Institutionen"},{"language":"fr-CH","value":"Etablissement de santé non hospitalier non médicalisé"},{"language":"it-CH","value":"casa per anziani, altro istituto sanitario non ospedaliero"}]},{"code":"5","display":"Psychiatrische Klinik, anderer Betrieb","designation":[{"language":"de-CH","value":"Psychiatrische Klinik, anderer Betrieb"},{"language":"fr-CH","value":"Clinique psychiatrique, autre établissement"},{"language":"it-CH","value":"clinica psichiatrica, altro istituto"}]},{"code":"55","display":"Psychiatrische Abteilung/Klinik, gleicher Betrieb","designation":[{"language":"de-CH","value":"Psychiatrische Abteilung/Klinik, gleicher Betrieb"},{"language":"fr-CH","value":"Division/clinique psychiatrique, même établissement"},{"language":"it-CH","value":"reparto psichiatrico / clinica psichiatrica, stesso istituto"}]},{"code":"6","display":"anderes Krankenhaus (Akutspital) oder Geburtshaus","designation":[{"language":"de-CH","value":"anderes Krankenhaus (Akutspital) oder Geburtshaus"},{"language":"fr-CH","value":"Autre hôpital (soins aigus) ou maison de naissance"},{"language":"it-CH","value":"altro istituto ospedaliero (ospedale acuto) o casa per partorienti"}]},{"code":"66","display":"Akutabteilung/-klinik, gleicher Betrieb","designation":[{"language":"de-CH","value":"Akutabteilung/-klinik, gleicher Betrieb"},{"language":"fr-CH","value":"Division/Clinique de soins aigus, même établissement"},{"language":"it-CH","value":"reparto acuto / ospedale acuto, stesso istituto"}]},{"code":"7","display":"Strafvollzugsanstalt","designation":[{"language":"de-CH","value":"Strafvollzugsanstalt"},{"language":"fr-CH","value":"Institution d’exécution des peines"},{"language":"it-CH","value":"penitenziario"}]},{"code":"8","display":"andere","designation":[{"language":"de-CH","value":"andere"},{"language":"fr-CH","value":"Autre"},{"language":"it-CH","value":"altro"}]},{"code":"83","display":"Rehabilitationsklinik, anderer Betrieb","designation":[{"language":"de-CH","value":"Rehabilitationsklinik, anderer Betrieb"},{"language":"fr-CH","value":"Clinique de réadaptation, autre établissement"},{"language":"it-CH","value":"clinica di riabilitazione, altro istituto"}]},{"code":"84","display":"Rehabilitations- abteilung/-klinik, gleicher Betrieb","designation":[{"language":"de-CH","value":"Rehabilitations- abteilung/-klinik, gleicher Betrieb"},{"language":"fr-CH","value":"Division/clinique de réadaptation, même établissement"},{"language":"it-CH","value":"reparto di riabilitazione / clinica di riabilitazione, stesso istituto"}]},{"code":"9","display":"unbekannt","designation":[{"language":"de-CH","value":"unbekannt"},{"language":"fr-CH","value":"Inconnu"},{"language":"it-CH","value":"sconosciuto"}]}]}]}}