<?xml version="1.0" encoding="UTF-8"?><ValueSet xmlns="http://hl7.org/fhir"><id value="ch-elm-results-geni-spec"/><text><status value="generated"/><div xmlns="http://www.w3.org/1999/xhtml"><p class="res-header-id"><b>Generated Narrative: ValueSet ch-elm-results-geni-spec</b></p><a name="ch-elm-results-geni-spec"> </a><a name="hcch-elm-results-geni-spec"> </a><a name="ch-elm-results-geni-spec-en-US"> </a><ul><li>Include these codes as defined in <a href="http://www.snomed.org/"><code>http://snomed.info/sct</code></a><table class="none"><tr><td style="white-space:nowrap"><b>Code</b></td><td><b>Display</b></td></tr><tr><td><a href="http://snomed.info/id/119396006">119396006</a></td><td>Specimen from endometrium (specimen)</td></tr><tr><td><a href="http://snomed.info/id/119324002">119324002</a></td><td>Specimen of unknown material (specimen)</td></tr><tr><td><a href="http://snomed.info/id/119395005">119395005</a></td><td>Specimen from uterine cervix (specimen)</td></tr><tr><td><a href="http://snomed.info/id/258527002">258527002</a></td><td>Anal swab (specimen)</td></tr><tr><td><a href="http://snomed.info/id/122575003">122575003</a></td><td>Urine specimen (specimen)</td></tr><tr><td><a href="http://snomed.info/id/257261003">257261003</a></td><td>Swab (specimen)</td></tr><tr><td><a href="http://snomed.info/id/119393003">119393003</a></td><td>Specimen from urethra (specimen)</td></tr><tr><td><a href="http://snomed.info/id/119347001">119347001</a></td><td>Seminal fluid specimen (specimen)</td></tr><tr><td><a href="http://snomed.info/id/119394009">119394009</a></td><td>Specimen from vagina (specimen)</td></tr><tr><td><a href="http://snomed.info/id/119344008">119344008</a></td><td>Specimen from genital system (specimen)</td></tr></table></li></ul></div></text><url value="http://fhir.ch/ig/ch-elm/ValueSet/ch-elm-results-geni-spec"/><version value="1.6.0"/><name value="ChElmResultsGeniSpec"/><title value="CH ELM Results Geni Spec"/><status value="active"/><experimental value="false"/><date value="2024-10-31T11:08:34+00:00"/><publisher value="Federal Office of Public Health FOPH"/><contact><name value="Federal Office of Public Health FOPH"/><telecom><system value="url"/><value value="https://www.bag.admin.ch/bag/en/home/das-bag/kontakt-standort.html"/></telecom></contact><description value="The &quot;CH ELM Results Geni Spec&quot; material group provides a curated set of codes representing specific materials. Each code within this group is selected to ensure consistency and accuracy for medical coding related to the primary LOINC codes. Clients using the &quot;CH ELM Results Geni Spec&quot; group should refer to the provided codes to ensure they capture and report material information correctly and consistently."/><jurisdiction><coding><system value="urn:iso:std:iso:3166"/><code value="CHE"/></coding></jurisdiction><copyright value="CC0-1.0"/><compose><include><system value="http://snomed.info/sct"/><concept><code value="119396006"/><display value="Specimen from endometrium (specimen)"/></concept><concept><code value="119324002"/><display value="Specimen of unknown material (specimen)"/></concept><concept><code value="119395005"/><display value="Specimen from uterine cervix (specimen)"/></concept><concept><code value="258527002"/><display value="Anal swab (specimen)"/></concept><concept><code value="122575003"/><display value="Urine specimen (specimen)"/></concept><concept><code value="257261003"/><display value="Swab (specimen)"/></concept><concept><code value="119393003"/><display value="Specimen from urethra (specimen)"/></concept><concept><code value="119347001"/><display value="Seminal fluid specimen (specimen)"/></concept><concept><code value="119394009"/><display value="Specimen from vagina (specimen)"/></concept><concept><code value="119344008"/><display value="Specimen from genital system (specimen)"/></concept></include></compose></ValueSet>