{
  "resourceType" : "Practitioner",
  "id" : "ORderplacer",
  "meta" : {
    "profile" : ["http://fhir.ch/ig/ch-core/StructureDefinition/ch-core-practitioner"]
  },
  "text" : {
    "status" : "generated",
    "div" : "<div xmlns=\"http://www.w3.org/1999/xhtml\"><p><b>Generated Narrative: Practitioner</b><a name=\"ORderplacer\"> </a><a name=\"hcORderplacer\"> </a></p><div style=\"display: inline-block; background-color: #d9e0e7; padding: 6px; margin: 4px; border: 1px solid #8da1b4; border-radius: 5px; line-height: 60%\"><p style=\"margin-bottom: 0px\">ResourcePractitioner &quot;ORderplacer&quot; </p><p style=\"margin-bottom: 0px\">Profile: <a href=\"http://fhir.ch/ig/ch-core/5.0.0-ballot/StructureDefinition-ch-core-practitioner.html\">CH Core Practitioner</a></p></div><p><b>identifier</b>: <a href=\"https://www.gs1.org/standards/id-keys/gln\" title=\"Global Location Number\">GLN</a>/7601000050717</p><p><b>name</b>: Ottilie Rderplacer (Official)</p><p><b>telecom</b>: <a href=\"tel:+41443332211\">+41 44 333 22 11</a>, <a href=\"mailto:o.rderplacer@happydoctors.ch\">o.rderplacer@happydoctors.ch</a></p></div>"
  },
  "identifier" : [{
    "system" : "urn:oid:2.51.1.3",
    "value" : "7601000050717"
  }],
  "name" : [{
    "use" : "official",
    "family" : "Rderplacer",
    "given" : ["Ottilie"],
    "prefix" : ["Dr. med."],
    "_prefix" : [{
      "extension" : [{
        "url" : "http://hl7.org/fhir/StructureDefinition/iso21090-EN-qualifier",
        "valueCode" : "AC"
      }]
    }]
  }],
  "telecom" : [{
    "system" : "phone",
    "value" : "+41 44 333 22 11"
  },
  {
    "system" : "email",
    "value" : "o.rderplacer@happydoctors.ch"
  }]
}