<?xml version="1.0" encoding="UTF-8"?><ValueSet xmlns="http://hl7.org/fhir"><id value="ch-elm-results-diph-org"/><text><status value="generated"/><div xmlns="http://www.w3.org/1999/xhtml"><p class="res-header-id"><b>Generated Narrative: ValueSet ch-elm-results-diph-org</b></p><a name="ch-elm-results-diph-org"> </a><a name="hcch-elm-results-diph-org"> </a><ul><li>Include these codes as defined in <a href="http://www.snomed.org/"><code>http://snomed.info/sct</code></a><table class="none"><tr><td style="white-space:nowrap"><b>Code</b></td><td><b>Display</b></td></tr><tr><td><a href="http://snomed.info/id/55084001">55084001</a></td><td>Corynebacterium pseudotuberculosis (organism)</td></tr><tr><td><a href="http://snomed.info/id/243255007">243255007</a></td><td>Corynebacterium diphtheriae var belfanti (organism)</td></tr><tr><td><a href="http://snomed.info/id/70876001">70876001</a></td><td>Corynebacterium diphtheriae type intermedius (organism)</td></tr><tr><td><a href="http://snomed.info/id/13755001">13755001</a></td><td>Corynebacterium diphtheriae type mitis (organism)</td></tr><tr><td><a href="http://snomed.info/id/5851001">5851001</a></td><td>Corynebacterium diphtheriae (organism)</td></tr><tr><td><a href="http://snomed.info/id/77086004">77086004</a></td><td>Genus Corynebacterium (organism)</td></tr><tr><td><a href="http://snomed.info/id/83675005">83675005</a></td><td>Corynebacterium diphtheriae type gravis (organism)</td></tr><tr><td><a href="http://snomed.info/id/103428000">103428000</a></td><td>Corynebacterium ulcerans (organism)</td></tr></table></li></ul></div></text><url value="http://fhir.ch/ig/ch-elm/ValueSet/ch-elm-results-diph-org"/><version value="1.10.0"/><name value="ChElmResultsDiphOrg"/><title value="CH ELM Results Diph Org"/><status value="active"/><experimental value="false"/><date value="2025-06-23T21:08:30+00:00"/><publisher value="Federal Office of Public Health FOPH"/><contact><name value="Federal Office of Public Health FOPH"/><telecom><system value="url"/><value value="https://www.bag.admin.ch/bag/en/home/das-bag/kontakt-standort.html"/></telecom></contact><description value="The &quot;CH ELM Results Diph Org&quot; organism group provides a curated set of codes representing specific organisms. Each code within this group has been selected to ensure precise representation and consistency in relation to the primary LOINC codes. Clients utilizing the &quot;CH ELM Results Diph Org&quot; group should refer to the provided codes to accurately and uniformly capture and report organism-related information."/><jurisdiction><coding><system value="urn:iso:std:iso:3166"/><code value="CH"/></coding></jurisdiction><copyright value="CC0-1.0"/><compose><include><system value="http://snomed.info/sct"/><concept><code value="55084001"/><display value="Corynebacterium pseudotuberculosis (organism)"/></concept><concept><code value="243255007"/><display value="Corynebacterium diphtheriae var belfanti (organism)"/></concept><concept><code value="70876001"/><display value="Corynebacterium diphtheriae type intermedius (organism)"/></concept><concept><code value="13755001"/><display value="Corynebacterium diphtheriae type mitis (organism)"/></concept><concept><code value="5851001"/><display value="Corynebacterium diphtheriae (organism)"/></concept><concept><code value="77086004"/><display value="Genus Corynebacterium (organism)"/></concept><concept><code value="83675005"/><display value="Corynebacterium diphtheriae type gravis (organism)"/></concept><concept><code value="103428000"/><display value="Corynebacterium ulcerans (organism)"/></concept></include></compose></ValueSet>