{"resourceType":"ValueSet","id":"nkrs-venousinvasion","text":{"status":"generated","div":"<div xmlns=\"http://www.w3.org/1999/xhtml\"><h2>NKRS - Venous Invasion</h2><div><p>The data item indicates the presence or absence of tumour cells in the walls of venous blood vessels, as noted microscopically by the pathologist.</p>\n</div><p>This value set includes codes from the following code systems:</p><ul><li>Include all codes defined in <a href=\"CodeSystem-nkrs-venousinvasion.html\"><code>http://fhir.ch/ig/ch-crl/CodeSystem/nkrs-venousinvasion</code></a></li></ul></div>"},"url":"http://fhir.ch/ig/ch-crl/ValueSet/nkrs-venousinvasion","version":"0.2.0","name":"NkrsVenousInvasion","title":"NKRS - Venous Invasion","status":"draft","date":"2019-11-08T00:00:00+01:00","publisher":"NKRS - Nationale Krebsregistrierungsstelle","contact":[{"name":"Foundation National Institute for Cancer Epidemiology and Registration (NICER)","telecom":[{"system":"url","value":"https://www.nicer.org/"}]}],"description":"The data item indicates the presence or absence of tumour cells in the walls of venous blood vessels, as noted microscopically by the pathologist.","compose":{"include":[{"system":"http://fhir.ch/ig/ch-crl/CodeSystem/nkrs-venousinvasion"}]}}