"Id","Path","Slice Name","Alias(s)","Label","Min","Max","Must Support?","Is Modifier?","Is Summary?","Type(s)","Short","Definition","Comments","Requirements","Default Value","Meaning When Missing","Fixed Value","Pattern","Example","Minimum Value","Maximum Value","Maximum Length","Binding Strength","Binding Description","Binding Value Set","Code","Slicing Discriminator","Slicing Description","Slicing Ordered","Slicing Rules","Base Path","Base Min","Base Max","Condition(s)","Constraint(s)","Mapping: FiveWs Pattern Mapping","Mapping: IDMP Mapping","Mapping: RIM Mapping"
"PackagedProductDefinition","PackagedProductDefinition","","","",0,*,"","","","null {[]} {[]}
","CH IDMP PackagedProductDefinition","A medically related item or items, in a container or package.","","","","","","","","","",,,,,"",,,,"PackagedProductDefinition",0,*,"","dom-2:If the resource is contained in another resource, it SHALL NOT contain nested Resources {contained.contained.empty()}
dom-3:If the resource is contained in another resource, it SHALL be referred to from elsewhere in the resource or SHALL refer to the containing resource {contained.where((('#'+id in (%resource.descendants().reference | %resource.descendants().ofType(canonical) | %resource.descendants().ofType(uri) | %resource.descendants().ofType(url))) or descendants().where(reference = '#').exists() or descendants().where(ofType(canonical) = '#').exists() or descendants().where(ofType(canonical) = '#').exists()).not()).trace('unmatched', id).empty()}dom-4:If a resource is contained in another resource, it SHALL NOT have a meta.versionId or a meta.lastUpdated {contained.meta.versionId.empty() and contained.meta.lastUpdated.empty()}dom-5:If a resource is contained in another resource, it SHALL NOT have a security label {contained.meta.security.empty()}dom-6:A resource should have narrative for robust management {text.`div`.exists()}","administrative.medication","Packaged Medicinal Product","Entity, Role, or Act"
"PackagedProductDefinition.id","PackagedProductDefinition.id","","","",0,1,"","","Y","id {[]} {[]}
","Logical id of this artifact","The logical id of the resource, as used in the URL for the resource. Once assigned, this value never changes.","Within the context of the FHIR RESTful interactions, the resource has an id except for cases like the create and conditional update. Otherwise, the use of the resouce id depends on the given use case.","","","","","","","","",,,,,"",,,,"Resource.id",0,1,"",""
"PackagedProductDefinition.meta","PackagedProductDefinition.meta","","","",0,1,"","","Y","Meta {[]} {[]}
","Metadata about the resource","The metadata about the resource. This is content that is maintained by the infrastructure. Changes to the content might not always be associated with version changes to the resource.","","","","","","","","","",,,,,"",,,,"Resource.meta",0,1,"","ele-1:All FHIR elements must have a @value or children {hasValue() or (children().count() > id.count())}
"
"PackagedProductDefinition.implicitRules","PackagedProductDefinition.implicitRules","","","",0,1,"","Y","Y","uri {[]} {[]}
","A set of rules under which this content was created","A reference to a set of rules that were followed when the resource was constructed, and which must be understood when processing the content. Often, this is a reference to an implementation guide that defines the special rules along with other profiles etc.","Asserting this rule set restricts the content to be only understood by a limited set of trading partners. This inherently limits the usefulness of the data in the long term. However, the existing health eco-system is highly fractured, and not yet ready to define, collect, and exchange data in a generally computable sense. Wherever possible, implementers and/or specification writers should avoid using this element. Often, when used, the URL is a reference to an implementation guide that defines these special rules as part of its narrative along with other profiles, value sets, etc.","","","","","","","","",,,,,"",,,,"Resource.implicitRules",0,1,"","ele-1:All FHIR elements must have a @value or children {hasValue() or (children().count() > id.count())}
"
"PackagedProductDefinition.language","PackagedProductDefinition.language","","","",0,1,"","","","code {[]} {[]}
","Language of the resource content","The base language in which the resource is written.","Language is provided to support indexing and accessibility (typically, services such as text to speech use the language tag). The html language tag in the narrative applies  to the narrative. The language tag on the resource may be used to specify the language of other presentations generated from the data in the resource. Not all the content has to be in the base language. The Resource.language should not be assumed to apply to the narrative automatically. If a language is specified, it should it also be specified on the div element in the html (see rules in HTML5 for information about the relationship between xml:lang and the html lang attribute).","","","","","","","","",,"required","IETF language tag for a human language","http://hl7.org/fhir/ValueSet/all-languages|5.0.0","",,,,"Resource.language",0,1,"","ele-1:All FHIR elements must have a @value or children {hasValue() or (children().count() > id.count())}
"
"PackagedProductDefinition.text","PackagedProductDefinition.text","","narrative
htmlxhtmldisplay","",0,1,"","","","Narrative {[]} {[]}
","Text summary of the resource, for human interpretation","A human-readable narrative that contains a summary of the resource and can be used to represent the content of the resource to a human. The narrative need not encode all the structured data, but is required to contain sufficient detail to make it ""clinically safe"" for a human to just read the narrative. Resource definitions may define what content should be represented in the narrative to ensure clinical safety.","Contained resources do not have a narrative. Resources that are not contained SHOULD have a narrative. In some cases, a resource may only have text with little or no additional discrete data (as long as all minOccurs=1 elements are satisfied).  This may be necessary for data from legacy systems where information is captured as a ""text blob"" or where text is additionally entered raw or narrated and encoded information is added later.","","","","","","","","",,,,,"",,,,"DomainResource.text",0,1,"dom-6
","ele-1:All FHIR elements must have a @value or children {hasValue() or (children().count() > id.count())}
","Act.text?"
"PackagedProductDefinition.contained","PackagedProductDefinition.contained","","inline resources
anonymous resourcescontained resources","",0,*,"","","","Resource {[]} {[]}
","Contained, inline Resources","These resources do not have an independent existence apart from the resource that contains them - they cannot be identified independently, nor can they have their own independent transaction scope. This is allowed to be a Parameters resource if and only if it is referenced by a resource that provides context/meaning.","This should never be done when the content can be identified properly, as once identification is lost, it is extremely difficult (and context dependent) to restore it again. Contained resources may have profiles and tags in their meta elements, but SHALL NOT have security labels.","","","","","","","","",,,,,"",,,,"DomainResource.contained",0,*,"dom-2
dom-4dom-3dom-5","","N/A"
"PackagedProductDefinition.extension","PackagedProductDefinition.extension","","extensions
user content","",0,*,"","","","Extension {[]} {[]}
","Additional content defined by implementations","May be used to represent additional information that is not part of the basic definition of the resource. To make the use of extensions safe and managable, there is a strict set of governance applied to the definition and use of extensions. Though any implementer can define an extension, there is a set of requirements that SHALL be met as part of the definition of the extension.","There can be no stigma associated with the use of extensions by any application, project, or standard - regardless of the institution or jurisdiction that uses or defines the extensions.  The use of extensions is what allows the FHIR specification to retain a core level of simplicity for everyone.","","","","","","","","",,,,,"",,,,"DomainResource.extension",0,*,"","ele-1:All FHIR elements must have a @value or children {hasValue() or (children().count() > id.count())}
ext-1:Must have either extensions or value[x], not both {extension.exists() != value.exists()}","N/A"
"PackagedProductDefinition.modifierExtension","PackagedProductDefinition.modifierExtension","","extensions
user content","",0,*,"","Y","Y","Extension {[]} {[]}
","Extensions that cannot be ignored","May be used to represent additional information that is not part of the basic definition of the resource and that modifies the understanding of the element that contains it and/or the understanding of the containing element's descendants. Usually modifier elements provide negation or qualification. To make the use of extensions safe and managable, there is a strict set of governance applied to the definition and use of extensions. Though any implementer is allowed to define an extension, there is a set of requirements that SHALL be met as part of the definition of the extension. Applications processing a resource are required to check for modifier extensions.

Modifier extensions SHALL NOT change the meaning of any elements on Resource or DomainResource (including cannot change the meaning of modifierExtension itself).","There can be no stigma associated with the use of extensions by any application, project, or standard - regardless of the institution or jurisdiction that uses or defines the extensions.  The use of extensions is what allows the FHIR specification to retain a core level of simplicity for everyone.","Modifier extensions allow for extensions that *cannot* be safely ignored to be clearly distinguished from the vast majority of extensions which can be safely ignored.  This promotes interoperability by eliminating the need for implementers to prohibit the presence of extensions. For further information, see the [definition of modifier extensions](http://hl7.org/fhir/R5/extensibility.html#modifierExtension).","","","","","","","",,,,,"",,,,"DomainResource.modifierExtension",0,*,"","ele-1:All FHIR elements must have a @value or children {hasValue() or (children().count() > id.count())}
ext-1:Must have either extensions or value[x], not both {extension.exists() != value.exists()}","N/A"
"PackagedProductDefinition.identifier","PackagedProductDefinition.identifier","","","",0,*,"","","Y","Identifier {[]} {[]}
","A unique identifier for this package as whole - not for the content of the package","A unique identifier for this package as whole - not the the content of the package. Unique instance identifiers assigned to a package by manufacturers, regulators, drug catalogue custodians or other organizations.","","","","","","","","","",,,,,"",,,,"PackagedProductDefinition.identifier",0,*,"","ele-1:All FHIR elements must have a @value or children {hasValue() or (children().count() > id.count())}
","FiveWs.class","Packaged Medicinal Product.PCID"
"PackagedProductDefinition.name","PackagedProductDefinition.name","","","",0,1,"","","Y","string {[]} {[]}
","A name for this package. Typically as listed in a drug formulary, catalogue, inventory etc","A name for this package. Typically what it would be listed as in a drug formulary or catalogue, inventory etc.","","","","","","","","","",,,,,"",,,,"PackagedProductDefinition.name",0,1,"","ele-1:All FHIR elements must have a @value or children {hasValue() or (children().count() > id.count())}
","n/a"
"PackagedProductDefinition.type","PackagedProductDefinition.type","","","",0,1,"","","Y","CodeableConcept {[]} {[]}
","A high level category e.g. medicinal product, raw material, shipping container etc","A high level category e.g. medicinal product, raw material, shipping/transport container, etc.","","","","","","","","","",,"example","A high level categorisation of a package.","http://hl7.org/fhir/ValueSet/package-type|5.0.0","",,,,"PackagedProductDefinition.type",0,1,"","ele-1:All FHIR elements must have a @value or children {hasValue() or (children().count() > id.count())}
","n/a"
"PackagedProductDefinition.packageFor","PackagedProductDefinition.packageFor","","","",0,*,"","","Y","Reference {[]} {[CanonicalType[http://fhir.ch/ig/ch-epl/StructureDefinition/ch-idmp-medicinalproductdefinition]]}
","The product that this is a pack for","The product this package model relates to, not the contents of the package (for which see package.containedItem).","","","","","","","","","",,,,,"",,,,"PackagedProductDefinition.packageFor",0,*,"","ele-1:All FHIR elements must have a @value or children {hasValue() or (children().count() > id.count())}
","(the link from Packaged Medicinal Product to Medicinal Product)"
"PackagedProductDefinition.status","PackagedProductDefinition.status","","","",0,1,"","Y","Y","CodeableConcept {[]} {[]}
","The status within the lifecycle of this item. High level - not intended to duplicate details elsewhere e.g. legal status, or authorization/marketing status","The status within the lifecycle of this item. A high level status, this is not intended to duplicate details carried elsewhere such as legal status, or authorization or marketing status.","","","","","","","","","",,"preferred","The lifecycle status of an artifact.","http://hl7.org/fhir/ValueSet/publication-status|5.0.0","",,,,"PackagedProductDefinition.status",0,1,"","ele-1:All FHIR elements must have a @value or children {hasValue() or (children().count() > id.count())}
","n/a"
"PackagedProductDefinition.statusDate","PackagedProductDefinition.statusDate","","","",0,1,"","","Y","dateTime {[]} {[]}
","The date at which the given status became applicable","The date at which the given status became applicable.","","","","","","","","","",,,,,"",,,,"PackagedProductDefinition.statusDate",0,1,"","ele-1:All FHIR elements must have a @value or children {hasValue() or (children().count() > id.count())}
","n/a"
"PackagedProductDefinition.containedItemQuantity","PackagedProductDefinition.containedItemQuantity","","","",0,*,"","","Y","Quantity {[]} {[]}
","A total of the complete count of contained items of a particular type/form, independent of sub-packaging or organization. This can be considered as the pack size. See also packaging.containedItem.amount (especially the long definition)","A total of the complete count of contained items of a particular type/form, independent of sub-packaging or organization. This can be considered as the pack size. This attribute differs from containedItem.amount in that it can give a single aggregated count of all tablet types in a pack, even when these are different manufactured items. For example a pill pack of 21 tablets plus 7 sugar tablets, can be denoted here as '28 tablets'. This attribute is repeatable so that the different item types in one pack type can be counted (e.g. a count of vials and count of syringes). Each repeat must have different units, so that it is clear what the different sets of counted items are, and it is not intended to allow different counts of similar items (e.g. not '2 tubes and 3 tubes'). Repeats are not to be used to represent different pack sizes (e.g. 20 pack vs. 50 pack) - which would be different instances of this resource.","","","","","","","","","",,,,,"",,,,"PackagedProductDefinition.containedItemQuantity",0,*,"","ele-1:All FHIR elements must have a @value or children {hasValue() or (children().count() > id.count())}
","n/a"
"PackagedProductDefinition.description","PackagedProductDefinition.description","","","",0,1,"","","Y","markdown {[]} {[]}
","Textual description (this is not the name of the package or product)","Textual description. Note that this is not the name of the package or product.","","","","","","","","","",,,,,"",,,,"PackagedProductDefinition.description",0,1,"","ele-1:All FHIR elements must have a @value or children {hasValue() or (children().count() > id.count())}
","Packaged Medicinal Product.description"
"PackagedProductDefinition.legalStatusOfSupply","PackagedProductDefinition.legalStatusOfSupply","","","",0,*,"","","Y","BackboneElement {[]} {[]}
","The legal status of supply of the packaged item as classified by the regulator","The legal status of supply of the packaged item as classified by the regulator.","","","","","","","","","",,,,,"",,,,"PackagedProductDefinition.legalStatusOfSupply",0,*,"","ele-1:All FHIR elements must have a @value or children {hasValue() or (children().count() > id.count())}
","Marketing Authorization.Legal Status of Supply (for a package)"
"PackagedProductDefinition.legalStatusOfSupply.id","PackagedProductDefinition.legalStatusOfSupply.id","","","",0,1,"","","","string {[]} {[]}
","Unique id for inter-element referencing","Unique id for the element within a resource (for internal references). This may be any string value that does not contain spaces.","","","","","","","","","",,,,,"",,,,"Element.id",0,1,"ele-1
","","n/a"
"PackagedProductDefinition.legalStatusOfSupply.extension","PackagedProductDefinition.legalStatusOfSupply.extension","","extensions
user content","",0,*,"","","","Extension {[]} {[]}
","Additional content defined by implementations","May be used to represent additional information that is not part of the basic definition of the element. To make the use of extensions safe and managable, there is a strict set of governance applied to the definition and use of extensions. Though any implementer can define an extension, there is a set of requirements that SHALL be met as part of the definition of the extension.","There can be no stigma associated with the use of extensions by any application, project, or standard - regardless of the institution or jurisdiction that uses or defines the extensions.  The use of extensions is what allows the FHIR specification to retain a core level of simplicity for everyone.","","","","","","","","",,,,,"",,,,"Element.extension",0,*,"","ele-1:All FHIR elements must have a @value or children {hasValue() or (children().count() > id.count())}
ext-1:Must have either extensions or value[x], not both {extension.exists() != value.exists()}","n/a"
"PackagedProductDefinition.legalStatusOfSupply.modifierExtension","PackagedProductDefinition.legalStatusOfSupply.modifierExtension","","extensions
user contentmodifiers","",0,*,"","Y","Y","Extension {[]} {[]}
","Extensions that cannot be ignored even if unrecognized","May be used to represent additional information that is not part of the basic definition of the element and that modifies the understanding of the element in which it is contained and/or the understanding of the containing element's descendants. Usually modifier elements provide negation or qualification. To make the use of extensions safe and managable, there is a strict set of governance applied to the definition and use of extensions. Though any implementer can define an extension, there is a set of requirements that SHALL be met as part of the definition of the extension. Applications processing a resource are required to check for modifier extensions.

Modifier extensions SHALL NOT change the meaning of any elements on Resource or DomainResource (including cannot change the meaning of modifierExtension itself).","There can be no stigma associated with the use of extensions by any application, project, or standard - regardless of the institution or jurisdiction that uses or defines the extensions.  The use of extensions is what allows the FHIR specification to retain a core level of simplicity for everyone.","Modifier extensions allow for extensions that *cannot* be safely ignored to be clearly distinguished from the vast majority of extensions which can be safely ignored.  This promotes interoperability by eliminating the need for implementers to prohibit the presence of extensions. For further information, see the [definition of modifier extensions](http://hl7.org/fhir/R5/extensibility.html#modifierExtension).","","","","","","","",,,,,"",,,,"BackboneElement.modifierExtension",0,*,"","ele-1:All FHIR elements must have a @value or children {hasValue() or (children().count() > id.count())}
ext-1:Must have either extensions or value[x], not both {extension.exists() != value.exists()}","N/A"
"PackagedProductDefinition.legalStatusOfSupply.code","PackagedProductDefinition.legalStatusOfSupply.code","","","",0,1,"","","Y","CodeableConcept {[]} {[]}
","The actual status of supply. In what situation this package type may be supplied for use","The actual status of supply. Conveys in what situation this package type may be supplied for use.","","","","","","","","","",,"example","The prescription supply types appropriate to a medicinal product","http://hl7.org/fhir/ValueSet/legal-status-of-supply|5.0.0","",,,,"PackagedProductDefinition.legalStatusOfSupply.code",0,1,"","ele-1:All FHIR elements must have a @value or children {hasValue() or (children().count() > id.count())}
","Marketing Authorization.Legal Status of Supply (for a package)"
"PackagedProductDefinition.legalStatusOfSupply.jurisdiction","PackagedProductDefinition.legalStatusOfSupply.jurisdiction","","","",0,1,"","","Y","CodeableConcept {[]} {[]}
","The place where the legal status of supply applies","The place where the legal status of supply applies. When not specified, this indicates it is unknown in this context.","","","","","","","","","",,"example","Jurisdiction codes","http://hl7.org/fhir/ValueSet/jurisdiction|5.0.0","",,,,"PackagedProductDefinition.legalStatusOfSupply.jurisdiction",0,1,"","ele-1:All FHIR elements must have a @value or children {hasValue() or (children().count() > id.count())}
","n/a"
"PackagedProductDefinition.marketingStatus","PackagedProductDefinition.marketingStatus","","","",0,*,"","","Y","MarketingStatus {[]} {[]}
","Allows specifying that an item is on the market for sale, or that it is not available, and the dates and locations associated","Allows specifying that an item is on the market for sale, or that it is not available, and the dates and locations associated.","","","","","","","","","",,,,,"",,,,"PackagedProductDefinition.marketingStatus",0,*,"","ele-1:All FHIR elements must have a @value or children {hasValue() or (children().count() > id.count())}
","Packaged Medicinal Product.Marketing Status"
"PackagedProductDefinition.marketingStatus.id","PackagedProductDefinition.marketingStatus.id","","","",0,1,"","","","id {[]} {[]}
","Unique id for inter-element referencing","Unique id for the element within a resource (for internal references). This may be any string value that does not contain spaces.","","","","","","","","","",,,,,"",,,,"Element.id",0,1,"ele-1
","","n/a"
"PackagedProductDefinition.marketingStatus.extension","PackagedProductDefinition.marketingStatus.extension","","extensions
user content","",0,*,"","","","Extension {[]} {[]}
","Additional content defined by implementations","May be used to represent additional information that is not part of the basic definition of the element. To make the use of extensions safe and managable, there is a strict set of governance applied to the definition and use of extensions. Though any implementer can define an extension, there is a set of requirements that SHALL be met as part of the definition of the extension.","There can be no stigma associated with the use of extensions by any application, project, or standard - regardless of the institution or jurisdiction that uses or defines the extensions.  The use of extensions is what allows the FHIR specification to retain a core level of simplicity for everyone.","","","","","","","","",,,,,"","value:url}
","Extensions are always sliced by (at least) url",,"open","Element.extension",0,*,"","ele-1:All FHIR elements must have a @value or children {hasValue() or (children().count() > id.count())}
ext-1:Must have either extensions or value[x], not both {extension.exists() != value.exists()}","n/a"
"PackagedProductDefinition.marketingStatus.modifierExtension","PackagedProductDefinition.marketingStatus.modifierExtension","","extensions
user contentmodifiers","",0,*,"","Y","Y","Extension {[]} {[]}
","Extensions that cannot be ignored even if unrecognized","May be used to represent additional information that is not part of the basic definition of the element and that modifies the understanding of the element in which it is contained and/or the understanding of the containing element's descendants. Usually modifier elements provide negation or qualification. To make the use of extensions safe and managable, there is a strict set of governance applied to the definition and use of extensions. Though any implementer can define an extension, there is a set of requirements that SHALL be met as part of the definition of the extension. Applications processing a resource are required to check for modifier extensions.

Modifier extensions SHALL NOT change the meaning of any elements on Resource or DomainResource (including cannot change the meaning of modifierExtension itself).","There can be no stigma associated with the use of extensions by any application, project, or standard - regardless of the institution or jurisdiction that uses or defines the extensions.  The use of extensions is what allows the FHIR specification to retain a core level of simplicity for everyone.","Modifier extensions allow for extensions that *cannot* be safely ignored to be clearly distinguished from the vast majority of extensions which can be safely ignored.  This promotes interoperability by eliminating the need for implementers to prohibit the presence of extensions. For further information, see the [definition of modifier extensions](http://hl7.org/fhir/R5/extensibility.html#modifierExtension).","","","","","","","",,,,,"",,,,"BackboneType.modifierExtension",0,*,"","ele-1:All FHIR elements must have a @value or children {hasValue() or (children().count() > id.count())}
ext-1:Must have either extensions or value[x], not both {extension.exists() != value.exists()}","N/A"
"PackagedProductDefinition.marketingStatus.country","PackagedProductDefinition.marketingStatus.country","","","",0,1,"","","Y","CodeableConcept {[]} {[]}
","The country in which the marketing authorization has been granted shall be specified It should be specified using the ISO 3166 ‑ 1 alpha-2 code elements","The country in which the marketing authorization has been granted shall be specified It should be specified using the ISO 3166 ‑ 1 alpha-2 code elements.","","","","","","<valueCodeableConcept xmlns=""http://hl7.org/fhir"">
  <coding>
    <system value=""urn:iso:std:iso:3166""/>
    <code value=""CH""/>
  </coding>
</valueCodeableConcept>","","","",,,,,"",,,,"MarketingStatus.country",0,1,"","ele-1:All FHIR elements must have a @value or children {hasValue() or (children().count() > id.count())}
"
"PackagedProductDefinition.marketingStatus.jurisdiction","PackagedProductDefinition.marketingStatus.jurisdiction","","","",0,1,"","","Y","CodeableConcept {[]} {[]}
","Where a Medicines Regulatory Agency has granted a marketing authorization for which specific provisions within a jurisdiction apply, the jurisdiction can be specified using an appropriate controlled terminology The controlled term and the controlled term identifier shall be specified","Where a Medicines Regulatory Agency has granted a marketing authorization for which specific provisions within a jurisdiction apply, the jurisdiction can be specified using an appropriate controlled terminology The controlled term and the controlled term identifier shall be specified.","","","","","","","","","",,,,,"",,,,"MarketingStatus.jurisdiction",0,1,"","ele-1:All FHIR elements must have a @value or children {hasValue() or (children().count() > id.count())}
"
"PackagedProductDefinition.marketingStatus.status","PackagedProductDefinition.marketingStatus.status","","","",1,1,"","","Y","CodeableConcept {[]} {[]}
","This attribute provides information on the status of the marketing of the medicinal product See ISO/TS 20443 for more information and examples","This attribute provides information on the status of the marketing of the medicinal product See ISO/TS 20443 for more information and examples.","","","","","","","","","",,"required","","http://fhir.ch/ig/ch-epl/ValueSet/ch-SMC-marketing-status","",,,,"MarketingStatus.status",1,1,"","ele-1:All FHIR elements must have a @value or children {hasValue() or (children().count() > id.count())}
"
"PackagedProductDefinition.marketingStatus.status.id","PackagedProductDefinition.marketingStatus.status.id","","","",0,1,"","","","id {[]} {[]}
","Unique id for inter-element referencing","Unique id for the element within a resource (for internal references). This may be any string value that does not contain spaces.","","","","","","","","","",,,,,"",,,,"Element.id",0,1,"ele-1
","","n/a"
"PackagedProductDefinition.marketingStatus.status.extension","PackagedProductDefinition.marketingStatus.status.extension","","extensions
user content","",0,*,"","","","Extension {[]} {[]}
","Additional content defined by implementations","May be used to represent additional information that is not part of the basic definition of the element. To make the use of extensions safe and managable, there is a strict set of governance applied to the definition and use of extensions. Though any implementer can define an extension, there is a set of requirements that SHALL be met as part of the definition of the extension.","There can be no stigma associated with the use of extensions by any application, project, or standard - regardless of the institution or jurisdiction that uses or defines the extensions.  The use of extensions is what allows the FHIR specification to retain a core level of simplicity for everyone.","","","","","","","","",,,,,"","value:url}
","Extensions are always sliced by (at least) url",,"open","Element.extension",0,*,"","ele-1:All FHIR elements must have a @value or children {hasValue() or (children().count() > id.count())}
ext-1:Must have either extensions or value[x], not both {extension.exists() != value.exists()}","n/a"
"PackagedProductDefinition.marketingStatus.status.coding","PackagedProductDefinition.marketingStatus.status.coding","","","",0,1,"","","Y","Coding {[]} {[]}
","Code defined by a terminology system","A reference to a code defined by a terminology system.","Codes may be defined very casually in enumerations, or code lists, up to very formal definitions such as SNOMED CT - see the HL7 v3 Core Principles for more information.  Ordering of codings is undefined and SHALL NOT be used to infer meaning. Generally, at most only one of the coding values will be labeled as UserSelected = true.","Allows for alternative encodings within a code system, and translations to other code systems.","","","","","","","",,,,,"","value:system}
","",,"open","CodeableConcept.coding",0,*,"","ele-1:All FHIR elements must have a @value or children {hasValue() or (children().count() > id.count())}
","union(., ./translation)"
"PackagedProductDefinition.marketingStatus.status.coding:SMC","PackagedProductDefinition.marketingStatus.status.coding","SMC","","",0,1,"","","Y","Coding {[]} {[]}
","Code defined by a terminology system","A reference to a code defined by a terminology system.","Codes may be defined very casually in enumerations, or code lists, up to very formal definitions such as SNOMED CT - see the HL7 v3 Core Principles for more information.  Ordering of codings is undefined and SHALL NOT be used to infer meaning. Generally, at most only one of the coding values will be labeled as UserSelected = true.","Allows for alternative encodings within a code system, and translations to other code systems.","","","","","","","",,,,,"",,,,"CodeableConcept.coding",0,*,"","ele-1:All FHIR elements must have a @value or children {hasValue() or (children().count() > id.count())}
","union(., ./translation)"
"PackagedProductDefinition.marketingStatus.status.coding:SMC.id","PackagedProductDefinition.marketingStatus.status.coding.id","","","",0,1,"","","","id {[]} {[]}
","Unique id for inter-element referencing","Unique id for the element within a resource (for internal references). This may be any string value that does not contain spaces.","","","","","","","","","",,,,,"",,,,"Element.id",0,1,"ele-1
","","n/a"
"PackagedProductDefinition.marketingStatus.status.coding:SMC.extension","PackagedProductDefinition.marketingStatus.status.coding.extension","","extensions
user content","",0,*,"","","","Extension {[]} {[]}
","Additional content defined by implementations","May be used to represent additional information that is not part of the basic definition of the element. To make the use of extensions safe and managable, there is a strict set of governance applied to the definition and use of extensions. Though any implementer can define an extension, there is a set of requirements that SHALL be met as part of the definition of the extension.","There can be no stigma associated with the use of extensions by any application, project, or standard - regardless of the institution or jurisdiction that uses or defines the extensions.  The use of extensions is what allows the FHIR specification to retain a core level of simplicity for everyone.","","","","","","","","",,,,,"","value:url}
","Extensions are always sliced by (at least) url",,"open","Element.extension",0,*,"","ele-1:All FHIR elements must have a @value or children {hasValue() or (children().count() > id.count())}
ext-1:Must have either extensions or value[x], not both {extension.exists() != value.exists()}","n/a"
"PackagedProductDefinition.marketingStatus.status.coding:SMC.system","PackagedProductDefinition.marketingStatus.status.coding.system","","","",1,1,"","","Y","uri {[]} {[]}
","Identity of the terminology system","The identification of the code system that defines the meaning of the symbol in the code.","The URI may be an OID (urn:oid:...) or a UUID (urn:uuid:...).  OIDs and UUIDs SHALL be references to the HL7 OID registry. Otherwise, the URI should come from HL7's list of FHIR defined special URIs or it should be an absolute reference to some definition that establishes the system clearly and unambiguously.","Need to be unambiguous about the source of the definition of the symbol.","","","","<valueUri xmlns=""http://hl7.org/fhir"" value=""http://fhir.ch/ig/ch-epl/CodeSystem/ch-SMC-marketing-status""/>","","","",,,,,"",,,,"Coding.system",0,1,"","ele-1:All FHIR elements must have a @value or children {hasValue() or (children().count() > id.count())}
","./codeSystem"
"PackagedProductDefinition.marketingStatus.status.coding:SMC.version","PackagedProductDefinition.marketingStatus.status.coding.version","","","",0,1,"","","Y","string {[]} {[]}
","Version of the system - if relevant","The version of the code system which was used when choosing this code. Note that a well-maintained code system does not need the version reported, because the meaning of codes is consistent across versions. However this cannot consistently be assured, and when the meaning is not guaranteed to be consistent, the version SHOULD be exchanged.","Where the terminology does not clearly define what string should be used to identify code system versions, the recommendation is to use the date (expressed in FHIR date format) on which that version was officially published as the version date.","","","","","","","","",,,,,"",,,,"Coding.version",0,1,"","ele-1:All FHIR elements must have a @value or children {hasValue() or (children().count() > id.count())}
","./codeSystemVersion"
"PackagedProductDefinition.marketingStatus.status.coding:SMC.code","PackagedProductDefinition.marketingStatus.status.coding.code","","","",1,1,"","","Y","code {[]} {[]}
","Symbol in syntax defined by the system","A symbol in syntax defined by the system. The symbol may be a predefined code or an expression in a syntax defined by the coding system (e.g. post-coordination).","","Need to refer to a particular code in the system.","","","","","","","",,,,,"",,,,"Coding.code",0,1,"cod-1
","ele-1:All FHIR elements must have a @value or children {hasValue() or (children().count() > id.count())}
","./code"
"PackagedProductDefinition.marketingStatus.status.coding:SMC.display","PackagedProductDefinition.marketingStatus.status.coding.display","","","",0,1,"","","Y","string {[]} {[]}
","Representation defined by the system","A representation of the meaning of the code in the system, following the rules of the system.","","Need to be able to carry a human-readable meaning of the code for readers that do not know  the system.","","","","","","","",,,,,"",,,,"Coding.display",0,1,"cod-1
","ele-1:All FHIR elements must have a @value or children {hasValue() or (children().count() > id.count())}
","CV.displayName"
"PackagedProductDefinition.marketingStatus.status.coding:SMC.userSelected","PackagedProductDefinition.marketingStatus.status.coding.userSelected","","","",0,1,"","","Y","boolean {[]} {[]}
","If this coding was chosen directly by the user","Indicates that this coding was chosen by a user directly - e.g. off a pick list of available items (codes or displays).","Amongst a set of alternatives, a directly chosen code is the most appropriate starting point for new translations. There is some ambiguity about what exactly 'directly chosen' implies, and trading partner agreement may be needed to clarify the use of this element and its consequences more completely.","This has been identified as a clinical safety criterium - that this exact system/code pair was chosen explicitly, rather than inferred by the system based on some rules or language processing.","","","","","","","",,,,,"",,,,"Coding.userSelected",0,1,"","ele-1:All FHIR elements must have a @value or children {hasValue() or (children().count() > id.count())}
","CD.codingRationale"
"PackagedProductDefinition.marketingStatus.status.text","PackagedProductDefinition.marketingStatus.status.text","","","",0,1,"","","Y","string {[]} {[]}
","Plain text representation of the concept","A human language representation of the concept as seen/selected/uttered by the user who entered the data and/or which represents the intended meaning of the user.","Very often the text is the same as a displayName of one of the codings.","The codes from the terminologies do not always capture the correct meaning with all the nuances of the human using them, or sometimes there is no appropriate code at all. In these cases, the text is used to capture the full meaning of the source.","","","","","","","",,,,,"",,,,"CodeableConcept.text",0,1,"","ele-1:All FHIR elements must have a @value or children {hasValue() or (children().count() > id.count())}
","./originalText[mediaType/code=""text/plain""]/data"
"PackagedProductDefinition.marketingStatus.dateRange","PackagedProductDefinition.marketingStatus.dateRange","","","",0,1,"","","Y","Period {[]} {[]}
","The date when the Medicinal Product is placed on the market by the Marketing Authorization Holder (or where applicable, the manufacturer/distributor) in a country and/or jurisdiction shall be provided A complete date consisting of day, month and year shall be specified using the ISO 8601 date format NOTE “Placed on the market” refers to the release of the Medicinal Product into the distribution chain","The date when the Medicinal Product is placed on the market by the Marketing Authorization Holder (or where applicable, the manufacturer/distributor) in a country and/or jurisdiction shall be provided A complete date consisting of day, month and year shall be specified using the ISO 8601 date format NOTE “Placed on the market” refers to the release of the Medicinal Product into the distribution chain.","","","","","","","","","",,,,,"",,,,"MarketingStatus.dateRange",0,1,"","ele-1:All FHIR elements must have a @value or children {hasValue() or (children().count() > id.count())}
"
"PackagedProductDefinition.marketingStatus.restoreDate","PackagedProductDefinition.marketingStatus.restoreDate","","","",0,1,"","","Y","dateTime {[]} {[]}
","The date when the Medicinal Product is placed on the market by the Marketing Authorization Holder (or where applicable, the manufacturer/distributor) in a country and/or jurisdiction shall be provided A complete date consisting of day, month and year shall be specified using the ISO 8601 date format NOTE “Placed on the market” refers to the release of the Medicinal Product into the distribution chain","The date when the Medicinal Product is placed on the market by the Marketing Authorization Holder (or where applicable, the manufacturer/distributor) in a country and/or jurisdiction shall be provided A complete date consisting of day, month and year shall be specified using the ISO 8601 date format NOTE “Placed on the market” refers to the release of the Medicinal Product into the distribution chain.","","","","","","","","","",,,,,"",,,,"MarketingStatus.restoreDate",0,1,"","ele-1:All FHIR elements must have a @value or children {hasValue() or (children().count() > id.count())}
"
"PackagedProductDefinition.copackagedIndicator","PackagedProductDefinition.copackagedIndicator","","","",0,1,"","","Y","boolean {[]} {[]}
","Identifies if the drug product is supplied with another item such as a diluent or adjuvant","Identifies if the package contains different items, such as when a drug product is supplied with another item e.g. a diluent or adjuvant.","","","","If this value is not present, there is no statement being made about whether this is co-packaged or not. No inference can be made","","","","","",,,,,"",,,,"PackagedProductDefinition.copackagedIndicator",0,1,"","ele-1:All FHIR elements must have a @value or children {hasValue() or (children().count() > id.count())}
","n/a"
"PackagedProductDefinition.manufacturer","PackagedProductDefinition.manufacturer","","","",0,*,"","","Y","Reference {[]} {[CanonicalType[http://hl7.org/fhir/StructureDefinition/Organization|5.0.0]]}
","Manufacturer of this package type (multiple means these are all possible manufacturers)","Manufacturer of this package type. When there are multiple it means these are all possible manufacturers.","","","","","","","","","",,,,,"",,,,"PackagedProductDefinition.manufacturer",0,*,"","ele-1:All FHIR elements must have a @value or children {hasValue() or (children().count() > id.count())}
","Packaged Medicinal Product.Manufacturer / Establishment (Organisation)"
"PackagedProductDefinition.attachedDocument","PackagedProductDefinition.attachedDocument","","","",0,*,"","","Y","Reference {[]} {[CanonicalType[http://hl7.org/fhir/StructureDefinition/DocumentReference|5.0.0]]}
","Additional information or supporting documentation about the packaged product","Additional information or supporting documentation about the packaged product.","","","","","","","","","",,,,,"",,,,"PackagedProductDefinition.attachedDocument",0,*,"","ele-1:All FHIR elements must have a @value or children {hasValue() or (children().count() > id.count())}
","n/a"
"PackagedProductDefinition.packaging","PackagedProductDefinition.packaging","","","",0,1,"","","Y","BackboneElement {[]} {[]}
","A packaging item, as a container for medically related items, possibly with other packaging items within, or a packaging component, such as bottle cap","A packaging item, as a container for medically related items, possibly with other packaging items within, or a packaging component, such as bottle cap (which is not a device or a medication manufactured item).","","","","","","","","","",,,,,"",,,,"PackagedProductDefinition.packaging",0,1,"","ele-1:All FHIR elements must have a @value or children {hasValue() or (children().count() > id.count())}
","Packaged Medicinal Product.Package Item (Container), Package Item (Container).Package (Component)"
"PackagedProductDefinition.packaging.id","PackagedProductDefinition.packaging.id","","","",0,1,"","","","string {[]} {[]}
","Unique id for inter-element referencing","Unique id for the element within a resource (for internal references). This may be any string value that does not contain spaces.","","","","","","","","","",,,,,"",,,,"Element.id",0,1,"ele-1
","","n/a"
"PackagedProductDefinition.packaging.extension","PackagedProductDefinition.packaging.extension","","extensions
user content","",0,*,"","","","Extension {[]} {[]}
","Additional content defined by implementations","May be used to represent additional information that is not part of the basic definition of the element. To make the use of extensions safe and managable, there is a strict set of governance applied to the definition and use of extensions. Though any implementer can define an extension, there is a set of requirements that SHALL be met as part of the definition of the extension.","There can be no stigma associated with the use of extensions by any application, project, or standard - regardless of the institution or jurisdiction that uses or defines the extensions.  The use of extensions is what allows the FHIR specification to retain a core level of simplicity for everyone.","","","","","","","","",,,,,"",,,,"Element.extension",0,*,"","ele-1:All FHIR elements must have a @value or children {hasValue() or (children().count() > id.count())}
ext-1:Must have either extensions or value[x], not both {extension.exists() != value.exists()}","n/a"
"PackagedProductDefinition.packaging.modifierExtension","PackagedProductDefinition.packaging.modifierExtension","","extensions
user contentmodifiers","",0,*,"","Y","Y","Extension {[]} {[]}
","Extensions that cannot be ignored even if unrecognized","May be used to represent additional information that is not part of the basic definition of the element and that modifies the understanding of the element in which it is contained and/or the understanding of the containing element's descendants. Usually modifier elements provide negation or qualification. To make the use of extensions safe and managable, there is a strict set of governance applied to the definition and use of extensions. Though any implementer can define an extension, there is a set of requirements that SHALL be met as part of the definition of the extension. Applications processing a resource are required to check for modifier extensions.

Modifier extensions SHALL NOT change the meaning of any elements on Resource or DomainResource (including cannot change the meaning of modifierExtension itself).","There can be no stigma associated with the use of extensions by any application, project, or standard - regardless of the institution or jurisdiction that uses or defines the extensions.  The use of extensions is what allows the FHIR specification to retain a core level of simplicity for everyone.","Modifier extensions allow for extensions that *cannot* be safely ignored to be clearly distinguished from the vast majority of extensions which can be safely ignored.  This promotes interoperability by eliminating the need for implementers to prohibit the presence of extensions. For further information, see the [definition of modifier extensions](http://hl7.org/fhir/R5/extensibility.html#modifierExtension).","","","","","","","",,,,,"",,,,"BackboneElement.modifierExtension",0,*,"","ele-1:All FHIR elements must have a @value or children {hasValue() or (children().count() > id.count())}
ext-1:Must have either extensions or value[x], not both {extension.exists() != value.exists()}","N/A"
"PackagedProductDefinition.packaging.identifier","PackagedProductDefinition.packaging.identifier","","","",0,*,"","","Y","Identifier {[]} {[]}
","An identifier that is specific to this particular part of the packaging. Including possibly a Data Carrier Identifier","A business identifier that is specific to this particular part of the packaging, often assigned by the manufacturer. Including possibly Data Carrier Identifier (a GS1 barcode).","","","","","","","","","",,,,,"",,,,"PackagedProductDefinition.packaging.identifier",0,*,"","ele-1:All FHIR elements must have a @value or children {hasValue() or (children().count() > id.count())}
","Package Item (Container).Data Carrier Identifier"
"PackagedProductDefinition.packaging.type","PackagedProductDefinition.packaging.type","","","",0,1,"","","Y","CodeableConcept {[]} {[]}
","The physical type of the container of the items","The physical type of the container of the items.","","","","","","","","","",,"required","","http://fhir.ch/ig/ch-epl/ValueSet/edqm-packaging","",,,,"PackagedProductDefinition.packaging.type",0,1,"","ele-1:All FHIR elements must have a @value or children {hasValue() or (children().count() > id.count())}
","Package Item (Container).Package Item (Container) Type"
"PackagedProductDefinition.packaging.type.id","PackagedProductDefinition.packaging.type.id","","","",0,1,"","","","id {[]} {[]}
","Unique id for inter-element referencing","Unique id for the element within a resource (for internal references). This may be any string value that does not contain spaces.","","","","","","","","","",,,,,"",,,,"Element.id",0,1,"ele-1
","","n/a"
"PackagedProductDefinition.packaging.type.extension","PackagedProductDefinition.packaging.type.extension","","extensions
user content","",0,*,"","","","Extension {[]} {[]}
","Additional content defined by implementations","May be used to represent additional information that is not part of the basic definition of the element. To make the use of extensions safe and managable, there is a strict set of governance applied to the definition and use of extensions. Though any implementer can define an extension, there is a set of requirements that SHALL be met as part of the definition of the extension.","There can be no stigma associated with the use of extensions by any application, project, or standard - regardless of the institution or jurisdiction that uses or defines the extensions.  The use of extensions is what allows the FHIR specification to retain a core level of simplicity for everyone.","","","","","","","","",,,,,"","value:url}
","Extensions are always sliced by (at least) url",,"open","Element.extension",0,*,"","ele-1:All FHIR elements must have a @value or children {hasValue() or (children().count() > id.count())}
ext-1:Must have either extensions or value[x], not both {extension.exists() != value.exists()}","n/a"
"PackagedProductDefinition.packaging.type.coding","PackagedProductDefinition.packaging.type.coding","","","",1,*,"","","Y","Coding {[]} {[]}
","Code defined by a terminology system","A reference to a code defined by a terminology system.","Codes may be defined very casually in enumerations, or code lists, up to very formal definitions such as SNOMED CT - see the HL7 v3 Core Principles for more information.  Ordering of codings is undefined and SHALL NOT be used to infer meaning. Generally, at most only one of the coding values will be labeled as UserSelected = true.","Allows for alternative encodings within a code system, and translations to other code systems.","","","","","","","",,,,,"","value:system}
","",,"open","CodeableConcept.coding",0,*,"","ele-1:All FHIR elements must have a @value or children {hasValue() or (children().count() > id.count())}
","union(., ./translation)"
"PackagedProductDefinition.packaging.type.coding:SMC","PackagedProductDefinition.packaging.type.coding","SMC","","",0,1,"","","Y","Coding {[]} {[]}
","Code defined by a terminology system","A reference to a code defined by a terminology system.","Codes may be defined very casually in enumerations, or code lists, up to very formal definitions such as SNOMED CT - see the HL7 v3 Core Principles for more information.  Ordering of codings is undefined and SHALL NOT be used to infer meaning. Generally, at most only one of the coding values will be labeled as UserSelected = true.","Allows for alternative encodings within a code system, and translations to other code systems.","","","","","","","",,,,,"",,,,"CodeableConcept.coding",0,*,"","ele-1:All FHIR elements must have a @value or children {hasValue() or (children().count() > id.count())}
","union(., ./translation)"
"PackagedProductDefinition.packaging.type.coding:SMC.id","PackagedProductDefinition.packaging.type.coding.id","","","",0,1,"","","","id {[]} {[]}
","Unique id for inter-element referencing","Unique id for the element within a resource (for internal references). This may be any string value that does not contain spaces.","","","","","","","","","",,,,,"",,,,"Element.id",0,1,"ele-1
","","n/a"
"PackagedProductDefinition.packaging.type.coding:SMC.extension","PackagedProductDefinition.packaging.type.coding.extension","","extensions
user content","",0,*,"","","","Extension {[]} {[]}
","Additional content defined by implementations","May be used to represent additional information that is not part of the basic definition of the element. To make the use of extensions safe and managable, there is a strict set of governance applied to the definition and use of extensions. Though any implementer can define an extension, there is a set of requirements that SHALL be met as part of the definition of the extension.","There can be no stigma associated with the use of extensions by any application, project, or standard - regardless of the institution or jurisdiction that uses or defines the extensions.  The use of extensions is what allows the FHIR specification to retain a core level of simplicity for everyone.","","","","","","","","",,,,,"","value:url}
","Extensions are always sliced by (at least) url",,"open","Element.extension",0,*,"","ele-1:All FHIR elements must have a @value or children {hasValue() or (children().count() > id.count())}
ext-1:Must have either extensions or value[x], not both {extension.exists() != value.exists()}","n/a"
"PackagedProductDefinition.packaging.type.coding:SMC.system","PackagedProductDefinition.packaging.type.coding.system","","","",1,1,"","","Y","uri {[]} {[]}
","Identity of the terminology system","The identification of the code system that defines the meaning of the symbol in the code.","The URI may be an OID (urn:oid:...) or a UUID (urn:uuid:...).  OIDs and UUIDs SHALL be references to the HL7 OID registry. Otherwise, the URI should come from HL7's list of FHIR defined special URIs or it should be an absolute reference to some definition that establishes the system clearly and unambiguously.","Need to be unambiguous about the source of the definition of the symbol.","","","","<valueUri xmlns=""http://hl7.org/fhir"" value=""http://standardterms.edqm.eu""/>","","","",,,,,"",,,,"Coding.system",0,1,"","ele-1:All FHIR elements must have a @value or children {hasValue() or (children().count() > id.count())}
","./codeSystem"
"PackagedProductDefinition.packaging.type.coding:SMC.version","PackagedProductDefinition.packaging.type.coding.version","","","",0,1,"","","Y","string {[]} {[]}
","Version of the system - if relevant","The version of the code system which was used when choosing this code. Note that a well-maintained code system does not need the version reported, because the meaning of codes is consistent across versions. However this cannot consistently be assured, and when the meaning is not guaranteed to be consistent, the version SHOULD be exchanged.","Where the terminology does not clearly define what string should be used to identify code system versions, the recommendation is to use the date (expressed in FHIR date format) on which that version was officially published as the version date.","","","","","","","","",,,,,"",,,,"Coding.version",0,1,"","ele-1:All FHIR elements must have a @value or children {hasValue() or (children().count() > id.count())}
","./codeSystemVersion"
"PackagedProductDefinition.packaging.type.coding:SMC.code","PackagedProductDefinition.packaging.type.coding.code","","","",1,1,"","","Y","code {[]} {[]}
","Symbol in syntax defined by the system","A symbol in syntax defined by the system. The symbol may be a predefined code or an expression in a syntax defined by the coding system (e.g. post-coordination).","","Need to refer to a particular code in the system.","","","","","","","",,,,,"",,,,"Coding.code",0,1,"cod-1
","ele-1:All FHIR elements must have a @value or children {hasValue() or (children().count() > id.count())}
","./code"
"PackagedProductDefinition.packaging.type.coding:SMC.display","PackagedProductDefinition.packaging.type.coding.display","","","",0,1,"","","Y","string {[]} {[]}
","Representation defined by the system","A representation of the meaning of the code in the system, following the rules of the system.","","Need to be able to carry a human-readable meaning of the code for readers that do not know  the system.","","","","","","","",,,,,"",,,,"Coding.display",0,1,"cod-1
","ele-1:All FHIR elements must have a @value or children {hasValue() or (children().count() > id.count())}
","CV.displayName"
"PackagedProductDefinition.packaging.type.coding:SMC.userSelected","PackagedProductDefinition.packaging.type.coding.userSelected","","","",0,1,"","","Y","boolean {[]} {[]}
","If this coding was chosen directly by the user","Indicates that this coding was chosen by a user directly - e.g. off a pick list of available items (codes or displays).","Amongst a set of alternatives, a directly chosen code is the most appropriate starting point for new translations. There is some ambiguity about what exactly 'directly chosen' implies, and trading partner agreement may be needed to clarify the use of this element and its consequences more completely.","This has been identified as a clinical safety criterium - that this exact system/code pair was chosen explicitly, rather than inferred by the system based on some rules or language processing.","","","","","","","",,,,,"",,,,"Coding.userSelected",0,1,"","ele-1:All FHIR elements must have a @value or children {hasValue() or (children().count() > id.count())}
","CD.codingRationale"
"PackagedProductDefinition.packaging.type.text","PackagedProductDefinition.packaging.type.text","","","",0,1,"","","Y","string {[]} {[]}
","Plain text representation of the concept","A human language representation of the concept as seen/selected/uttered by the user who entered the data and/or which represents the intended meaning of the user.","Very often the text is the same as a displayName of one of the codings.","The codes from the terminologies do not always capture the correct meaning with all the nuances of the human using them, or sometimes there is no appropriate code at all. In these cases, the text is used to capture the full meaning of the source.","","","","","","","",,,,,"",,,,"CodeableConcept.text",0,1,"","ele-1:All FHIR elements must have a @value or children {hasValue() or (children().count() > id.count())}
","./originalText[mediaType/code=""text/plain""]/data"
"PackagedProductDefinition.packaging.componentPart","PackagedProductDefinition.packaging.componentPart","","","",0,1,"","","Y","boolean {[]} {[]}
","Is this a part of the packaging (e.g. a cap or bottle stopper), rather than the packaging itself (e.g. a bottle or vial)","Is this a part of the packaging (e.g. a cap or bottle stopper), rather than the packaging itself (e.g. a bottle or vial). The latter type are designed be a container, but the former are not.","","","","If absent, it cannot be assumed that the item is packaging (a container) or a part of the packaging - it is just 'packaging'. Systems can sometimes infer this from the packaging.type (e.g. bottles are containers, bottle caps are not), or from the fact that a container will usually have other items within it (though it is possible that these exist but are not mentioned). Often the distinction is not critical - and can easily be understood by humans - but if that is necessary for machine processing it is recommended that this attribute is given a value.","","","","","",,,,,"",,,,"PackagedProductDefinition.packaging.componentPart",0,1,"","ele-1:All FHIR elements must have a @value or children {hasValue() or (children().count() > id.count())}
","Whether this packaging item corresponds to an Package Item (Container), if false, or a Package (Component), when true"
"PackagedProductDefinition.packaging.quantity","PackagedProductDefinition.packaging.quantity","","","",0,1,"","","Y","integer {[]} {[]}
","The quantity of this level of packaging in the package that contains it (with the outermost level being 1).","The quantity of packaging items contained at this layer of the package. This does not relate to the number of contained items but relates solely to the number of packaging items. When looking at the outermost layer it is always 1. If there are two boxes within, at the next layer it would be 2.","","","","","","","","","",,,,,"",,,,"PackagedProductDefinition.packaging.quantity",0,1,"","ele-1:All FHIR elements must have a @value or children {hasValue() or (children().count() > id.count())}
","Package Item (Container).Package Item (Container) Quantity"
"PackagedProductDefinition.packaging.material","PackagedProductDefinition.packaging.material","","","",0,*,"","","Y","CodeableConcept {[]} {[]}
","Material type of the package item","Material type of the package item.","","","","","","","","","",,"example","A material used in the construction of packages and their components.","http://hl7.org/fhir/ValueSet/package-material|5.0.0","",,,,"PackagedProductDefinition.packaging.material",0,*,"","ele-1:All FHIR elements must have a @value or children {hasValue() or (children().count() > id.count())}
","Package Item (Container).Material"
"PackagedProductDefinition.packaging.alternateMaterial","PackagedProductDefinition.packaging.alternateMaterial","","","",0,*,"","","Y","CodeableConcept {[]} {[]}
","A possible alternate material for this part of the packaging, that is allowed to be used instead of the usual material","A possible alternate material for this part of the packaging, that is allowed to be used instead of the usual material (e.g. different types of plastic for a blister sleeve).","","","","","","","","","",,"example","A material used in the construction of packages and their components.","http://hl7.org/fhir/ValueSet/package-material|5.0.0","",,,,"PackagedProductDefinition.packaging.alternateMaterial",0,*,"","ele-1:All FHIR elements must have a @value or children {hasValue() or (children().count() > id.count())}
","Package Item (Container).Alternate Material"
"PackagedProductDefinition.packaging.shelfLifeStorage","PackagedProductDefinition.packaging.shelfLifeStorage","","","",0,*,"","","Y","ProductShelfLife {[]} {[]}
","Shelf Life and storage information","Shelf Life and storage information.","","","","","","","","","",,,,,"",,,,"PackagedProductDefinition.packaging.shelfLifeStorage",0,*,"","ele-1:All FHIR elements must have a @value or children {hasValue() or (children().count() > id.count())}
","Package Item (Container).Shelf Life / Storage"
"PackagedProductDefinition.packaging.manufacturer","PackagedProductDefinition.packaging.manufacturer","","","",0,*,"","","Y","Reference {[]} {[CanonicalType[http://hl7.org/fhir/StructureDefinition/Organization|5.0.0]]}
","Manufacturer of this packaging item (multiple means these are all potential manufacturers)","Manufacturer of this packaging item. When there are multiple values each one is a potential manufacturer of this packaging item.","","","","","","","","","",,,,,"",,,,"PackagedProductDefinition.packaging.manufacturer",0,*,"","ele-1:All FHIR elements must have a @value or children {hasValue() or (children().count() > id.count())}
","Package Item (Container).Manufacturer / Establishment (Organisation)"
"PackagedProductDefinition.packaging.property","PackagedProductDefinition.packaging.property","","","",0,*,"","","Y","BackboneElement {[]} {[]}
","General characteristics of this item","General characteristics of this item.","","","","","","","","","",,,,,"",,,,"PackagedProductDefinition.packaging.property",0,*,"","ele-1:All FHIR elements must have a @value or children {hasValue() or (children().count() > id.count())}
","Package Item (Container).Physical Characteristics"
"PackagedProductDefinition.packaging.property.id","PackagedProductDefinition.packaging.property.id","","","",0,1,"","","","string {[]} {[]}
","Unique id for inter-element referencing","Unique id for the element within a resource (for internal references). This may be any string value that does not contain spaces.","","","","","","","","","",,,,,"",,,,"Element.id",0,1,"ele-1
","","n/a"
"PackagedProductDefinition.packaging.property.extension","PackagedProductDefinition.packaging.property.extension","","extensions
user content","",0,*,"","","","Extension {[]} {[]}
","Additional content defined by implementations","May be used to represent additional information that is not part of the basic definition of the element. To make the use of extensions safe and managable, there is a strict set of governance applied to the definition and use of extensions. Though any implementer can define an extension, there is a set of requirements that SHALL be met as part of the definition of the extension.","There can be no stigma associated with the use of extensions by any application, project, or standard - regardless of the institution or jurisdiction that uses or defines the extensions.  The use of extensions is what allows the FHIR specification to retain a core level of simplicity for everyone.","","","","","","","","",,,,,"",,,,"Element.extension",0,*,"","ele-1:All FHIR elements must have a @value or children {hasValue() or (children().count() > id.count())}
ext-1:Must have either extensions or value[x], not both {extension.exists() != value.exists()}","n/a"
"PackagedProductDefinition.packaging.property.modifierExtension","PackagedProductDefinition.packaging.property.modifierExtension","","extensions
user contentmodifiers","",0,*,"","Y","Y","Extension {[]} {[]}
","Extensions that cannot be ignored even if unrecognized","May be used to represent additional information that is not part of the basic definition of the element and that modifies the understanding of the element in which it is contained and/or the understanding of the containing element's descendants. Usually modifier elements provide negation or qualification. To make the use of extensions safe and managable, there is a strict set of governance applied to the definition and use of extensions. Though any implementer can define an extension, there is a set of requirements that SHALL be met as part of the definition of the extension. Applications processing a resource are required to check for modifier extensions.

Modifier extensions SHALL NOT change the meaning of any elements on Resource or DomainResource (including cannot change the meaning of modifierExtension itself).","There can be no stigma associated with the use of extensions by any application, project, or standard - regardless of the institution or jurisdiction that uses or defines the extensions.  The use of extensions is what allows the FHIR specification to retain a core level of simplicity for everyone.","Modifier extensions allow for extensions that *cannot* be safely ignored to be clearly distinguished from the vast majority of extensions which can be safely ignored.  This promotes interoperability by eliminating the need for implementers to prohibit the presence of extensions. For further information, see the [definition of modifier extensions](http://hl7.org/fhir/R5/extensibility.html#modifierExtension).","","","","","","","",,,,,"",,,,"BackboneElement.modifierExtension",0,*,"","ele-1:All FHIR elements must have a @value or children {hasValue() or (children().count() > id.count())}
ext-1:Must have either extensions or value[x], not both {extension.exists() != value.exists()}","N/A"
"PackagedProductDefinition.packaging.property.type","PackagedProductDefinition.packaging.property.type","","","",1,1,"","","Y","CodeableConcept {[]} {[]}
","A code expressing the type of characteristic","A code expressing the type of characteristic.","","","","","","","","","",,"example","This value set includes all observable entity codes from SNOMED CT - provided as an exemplar value set.","http://hl7.org/fhir/ValueSet/product-characteristic-codes|5.0.0","",,,,"PackagedProductDefinition.packaging.property.type",1,1,"","ele-1:All FHIR elements must have a @value or children {hasValue() or (children().count() > id.count())}
","Physical Characteristics, all attributes"
"PackagedProductDefinition.packaging.property.value[x]","PackagedProductDefinition.packaging.property.value[x]","","","",1,1,"","","Y","CodeableConcept {[]} {[]}
Quantity {[]} {[]}date {[]} {[]}boolean {[]} {[]}Attachment {[]} {[]}","A value for the characteristic","A value for the characteristic.","","","","","","","","","",,,,,"",,,,"PackagedProductDefinition.packaging.property.value[x]",0,1,"","ele-1:All FHIR elements must have a @value or children {hasValue() or (children().count() > id.count())}
","Physical Characteristics, attribute's value"
"PackagedProductDefinition.packaging.containedItem","PackagedProductDefinition.packaging.containedItem","","","",0,*,"","","Y","BackboneElement {[]} {[]}
","The item(s) within the packaging","The item(s) within the packaging.","","","","","","","","","",,,,,"",,,,"PackagedProductDefinition.packaging.containedItem",0,*,"","ele-1:All FHIR elements must have a @value or children {hasValue() or (children().count() > id.count())}
","Package Item (Container).Manufactured Item, Package Item (Container).Device"
"PackagedProductDefinition.packaging.containedItem.id","PackagedProductDefinition.packaging.containedItem.id","","","",0,1,"","","","string {[]} {[]}
","Unique id for inter-element referencing","Unique id for the element within a resource (for internal references). This may be any string value that does not contain spaces.","","","","","","","","","",,,,,"",,,,"Element.id",0,1,"ele-1
","","n/a"
"PackagedProductDefinition.packaging.containedItem.extension","PackagedProductDefinition.packaging.containedItem.extension","","extensions
user content","",0,*,"","","","Extension {[]} {[]}
","Additional content defined by implementations","May be used to represent additional information that is not part of the basic definition of the element. To make the use of extensions safe and managable, there is a strict set of governance applied to the definition and use of extensions. Though any implementer can define an extension, there is a set of requirements that SHALL be met as part of the definition of the extension.","There can be no stigma associated with the use of extensions by any application, project, or standard - regardless of the institution or jurisdiction that uses or defines the extensions.  The use of extensions is what allows the FHIR specification to retain a core level of simplicity for everyone.","","","","","","","","",,,,,"",,,,"Element.extension",0,*,"","ele-1:All FHIR elements must have a @value or children {hasValue() or (children().count() > id.count())}
ext-1:Must have either extensions or value[x], not both {extension.exists() != value.exists()}","n/a"
"PackagedProductDefinition.packaging.containedItem.modifierExtension","PackagedProductDefinition.packaging.containedItem.modifierExtension","","extensions
user contentmodifiers","",0,*,"","Y","Y","Extension {[]} {[]}
","Extensions that cannot be ignored even if unrecognized","May be used to represent additional information that is not part of the basic definition of the element and that modifies the understanding of the element in which it is contained and/or the understanding of the containing element's descendants. Usually modifier elements provide negation or qualification. To make the use of extensions safe and managable, there is a strict set of governance applied to the definition and use of extensions. Though any implementer can define an extension, there is a set of requirements that SHALL be met as part of the definition of the extension. Applications processing a resource are required to check for modifier extensions.

Modifier extensions SHALL NOT change the meaning of any elements on Resource or DomainResource (including cannot change the meaning of modifierExtension itself).","There can be no stigma associated with the use of extensions by any application, project, or standard - regardless of the institution or jurisdiction that uses or defines the extensions.  The use of extensions is what allows the FHIR specification to retain a core level of simplicity for everyone.","Modifier extensions allow for extensions that *cannot* be safely ignored to be clearly distinguished from the vast majority of extensions which can be safely ignored.  This promotes interoperability by eliminating the need for implementers to prohibit the presence of extensions. For further information, see the [definition of modifier extensions](http://hl7.org/fhir/R5/extensibility.html#modifierExtension).","","","","","","","",,,,,"",,,,"BackboneElement.modifierExtension",0,*,"","ele-1:All FHIR elements must have a @value or children {hasValue() or (children().count() > id.count())}
ext-1:Must have either extensions or value[x], not both {extension.exists() != value.exists()}","N/A"
"PackagedProductDefinition.packaging.containedItem.item","PackagedProductDefinition.packaging.containedItem.item","","","",1,1,"","","Y","CodeableReference {[]} {[CanonicalType[http://fhir.ch/ig/ch-epl/StructureDefinition/ch-idmp-manufactureditemdefinition], CanonicalType[http://fhir.ch/ig/ch-epl/StructureDefinition/ch-idmp-packagedproductdefinition]]}
","The actual item(s) of medication, as manufactured, or a device, or other medically related item (food, biologicals, raw materials, medical fluids, gases etc.), as contained in the package","The actual item(s) of medication, as manufactured, or a device (typically, but not necessarily, a co-packaged one), or other medically related item (such as food, biologicals, raw materials, medical fluids, gases etc.), as contained in the package. This also allows another whole packaged product to be included, which is solely for the case where a package of other entire packages is wanted - such as a wholesale or distribution pack (for layers within one package, use PackagedProductDefinition.packaging.packaging).","","","","","","","","","",,,,,"",,,,"PackagedProductDefinition.packaging.containedItem.item",1,1,"","ele-1:All FHIR elements must have a @value or children {hasValue() or (children().count() > id.count())}
","(the link to) Package Item (Container).Manufactured Item, Package Item (Container).Device"
"PackagedProductDefinition.packaging.containedItem.amount","PackagedProductDefinition.packaging.containedItem.amount","","","",1,1,"","","Y","Quantity {[]} {[]}
","The number of this type of item within this packaging or for continuous items such as liquids it is the quantity (for example 25ml). See also PackagedProductDefinition.containedItemQuantity (especially the long definition)","The number of this type of item within this packaging or for continuous items such as liquids it is the quantity (for example 25ml). See also PackagedProductDefinition.containedItemQuantity (especially the long definition).","","","","","","","","","",,,,,"",,,,"PackagedProductDefinition.packaging.containedItem.amount",0,1,"","ele-1:All FHIR elements must have a @value or children {hasValue() or (children().count() > id.count())}
","Manufactured Item.Manufactured Item Quantity"
"PackagedProductDefinition.packaging.containedItem.amount.id","PackagedProductDefinition.packaging.containedItem.amount.id","","","",0,1,"","","","id {[]} {[]}
","Unique id for inter-element referencing","Unique id for the element within a resource (for internal references). This may be any string value that does not contain spaces.","","","","","","","","","",,,,,"",,,,"Element.id",0,1,"ele-1
","","n/a"
"PackagedProductDefinition.packaging.containedItem.amount.extension","PackagedProductDefinition.packaging.containedItem.amount.extension","","extensions
user content","",0,*,"","","","Extension {[]} {[]}
","Additional content defined by implementations","May be used to represent additional information that is not part of the basic definition of the element. To make the use of extensions safe and managable, there is a strict set of governance applied to the definition and use of extensions. Though any implementer can define an extension, there is a set of requirements that SHALL be met as part of the definition of the extension.","There can be no stigma associated with the use of extensions by any application, project, or standard - regardless of the institution or jurisdiction that uses or defines the extensions.  The use of extensions is what allows the FHIR specification to retain a core level of simplicity for everyone.","","","","","","","","",,,,,"","value:url}
","Extensions are always sliced by (at least) url",,"open","Element.extension",0,*,"","ele-1:All FHIR elements must have a @value or children {hasValue() or (children().count() > id.count())}
ext-1:Must have either extensions or value[x], not both {extension.exists() != value.exists()}","n/a"
"PackagedProductDefinition.packaging.containedItem.amount.value","PackagedProductDefinition.packaging.containedItem.amount.value","","","",1,1,"","","Y","decimal {[]} {[]}
","Numerical value (with implicit precision)","The value of the measured amount. The value includes an implicit precision in the presentation of the value.","The implicit precision in the value should always be honored. Monetary values have their own rules for handling precision (refer to standard accounting text books).","Precision is handled implicitly in almost all cases of measurement.","","","","","","","",,,,,"",,,,"Quantity.value",0,1,"","ele-1:All FHIR elements must have a @value or children {hasValue() or (children().count() > id.count())}
","PQ.value, CO.value, MO.value, IVL.high or IVL.low depending on the value"
"PackagedProductDefinition.packaging.containedItem.amount.comparator","PackagedProductDefinition.packaging.containedItem.amount.comparator","","","",0,1,"","Y","Y","code {[]} {[]}
","< | <= | >= | > | ad - how to understand the value","How the value should be understood and represented - whether the actual value is greater or less than the stated value due to measurement issues; e.g. if the comparator is ""<"" , then the real value is < stated value.","","Need a framework for handling measures where the value is <5ug/L or >400mg/L due to the limitations of measuring methodology.","","If there is no comparator, then there is no modification of the value","","","","","",,"required","How the Quantity should be understood and represented.","http://hl7.org/fhir/ValueSet/quantity-comparator|5.0.0","",,,,"Quantity.comparator",0,1,"","ele-1:All FHIR elements must have a @value or children {hasValue() or (children().count() > id.count())}
","IVL properties"
"PackagedProductDefinition.packaging.containedItem.amount.unit","PackagedProductDefinition.packaging.containedItem.amount.unit","","","",1,1,"","","Y","string {[]} {[]}
","Unit representation","A human-readable form of the unit.","","There are many representations for units of measure and in many contexts, particular representations are fixed and required. I.e. mcg for micrograms.","","","","","","","",,,,,"",,,,"Quantity.unit",0,1,"","ele-1:All FHIR elements must have a @value or children {hasValue() or (children().count() > id.count())}
","PQ.unit"
"PackagedProductDefinition.packaging.containedItem.amount.system","PackagedProductDefinition.packaging.containedItem.amount.system","","","",1,1,"","","Y","uri {[]} {[]}
","System that defines coded unit form","The identification of the system that provides the coded form of the unit.","","Need to know the system that defines the coded form of the unit.","","","","","","","",,,,,"",,,,"Quantity.system",0,1,"qty-3
","ele-1:All FHIR elements must have a @value or children {hasValue() or (children().count() > id.count())}
","CO.codeSystem, PQ.translation.codeSystem"
"PackagedProductDefinition.packaging.containedItem.amount.code","PackagedProductDefinition.packaging.containedItem.amount.code","","","",1,1,"","","Y","code {[]} {[]}
","Coded form of the unit","A computer processable form of the unit in some unit representation system.","The preferred system is UCUM, but SNOMED CT can also be used (for customary units) or ISO 4217 for currency.  The context of use may additionally require a code from a particular system.","Need a computable form of the unit that is fixed across all forms. UCUM provides this for quantities, but SNOMED CT provides many units of interest.","","","","","","","",,,,,"",,,,"Quantity.code",0,1,"qty-3
","ele-1:All FHIR elements must have a @value or children {hasValue() or (children().count() > id.count())}
","PQ.code, MO.currency, PQ.translation.code"
"PackagedProductDefinition.packaging.packaging","PackagedProductDefinition.packaging.packaging","","","",0,*,"","","Y","null {[]} {[]}
","Allows containers (and parts of containers) within containers, still as a part of single packaged product","Allows containers (and parts of containers) within containers, still as a part of a single packaged product. See also PackagedProductDefinition.packaging.containedItem.item(PackagedProductDefinition).","","","","","","","","","",,,,,"",,,,"PackagedProductDefinition.packaging.packaging",0,*,"","ele-1:All FHIR elements must have a @value or children {hasValue() or (children().count() > id.count())}
","(link from Package Item (Container) to itself)"
"PackagedProductDefinition.characteristic","PackagedProductDefinition.characteristic","","","",0,*,"","","Y","null {[]} {[]}
","Allows the key features to be recorded, such as ""hospital pack"", ""nurse prescribable""","Allows the key features to be recorded, such as ""hospital pack"", ""nurse prescribable"", ""calendar pack"".","","","","","","","","","",,,,,"",,,,"PackagedProductDefinition.characteristic",0,*,"","ele-1:All FHIR elements must have a @value or children {hasValue() or (children().count() > id.count())}
","n/a"
