{"resourceType":"CodeSystem","id":"2.16.756.5.30.1.127.3.10.17","text":{"status":"generated","div":"<div xmlns=\"http://www.w3.org/1999/xhtml\"><p>This case-sensitive code system <code>urn:oid:2.16.756.5.30.1.127.3.10.17</code> defines the following code:</p><table class=\"codes\"><tr><td style=\"white-space:nowrap\"><b>Code</b></td></tr><tr><td style=\"white-space:nowrap\">BirthNameRequested<a name=\"2.16.756.5.30.1.127.3.10.17-BirthNameRequested\"> </a></td></tr></table></div>"},"url":"urn:oid:2.16.756.5.30.1.127.3.10.17","version":"4.0.0-ballot","name":"ChEhealthCodesystemPqdMoreAttriburesRequested","title":"CH Codesystem PDQ More Attributes Requested","status":"active","experimental":false,"date":"2024-05-16T20:09:20+00:00","publisher":"eHealth Suisse","contact":[{"name":"eHealth Suisse","telecom":[{"system":"url","value":"https://www.e-health-suisse.ch"}]}],"description":"Codes for indicating which additional attributes are requested to lower the results number.","jurisdiction":[{"coding":[{"system":"urn:iso:std:iso:3166","code":"CH"}]}],"copyright":"CC0-1.0","caseSensitive":true,"content":"complete","count":1,"concept":[{"code":"BirthNameRequested","display":"BirthNameRequested"}]}