{
  "resourceType" : "ValueSet",
  "id" : "ActSubstanceAdminSubstitutionCode",
  "text" : {
    "status" : "extensions",
    "div" : "<div xmlns=\"http://www.w3.org/1999/xhtml\"><p>This value set includes codes based on the following rules:</p><ul><li>Include codes from <a href=\"http://terminology.hl7.org/5.4.0/CodeSystem-v3-substanceAdminSubstitution.html\"><code>http://terminology.hl7.org/CodeSystem/v3-substanceAdminSubstitution</code></a> where concept  is-a  <a href=\"http://terminology.hl7.org/5.4.0/CodeSystem-v3-substanceAdminSubstitution.html#v3-substanceAdminSubstitution-_ActSubstanceAdminSubstitutionCode\">_ActSubstanceAdminSubstitutionCode</a></li></ul><p>This value set excludes codes based on the following rules:</p><ul><li>Exclude these codes as defined in <a href=\"http://terminology.hl7.org/5.4.0/CodeSystem-v3-substanceAdminSubstitution.html\"><code>http://terminology.hl7.org/CodeSystem/v3-substanceAdminSubstitution</code></a><table class=\"none\"><tr><td style=\"white-space:nowrap\"><b>Code</b></td><td><b>Display</b></td><td><b>Definition</b></td></tr><tr><td><a href=\"http://terminology.hl7.org/5.4.0/CodeSystem-v3-substanceAdminSubstitution.html#v3-substanceAdminSubstitution-_ActSubstanceAdminSubstitutionCode\">_ActSubstanceAdminSubstitutionCode</a></td><td style=\"color: #cccccc\">ActSubstanceAdminSubstitutionCode</td><td>**Description:** Substitution occurred or is permitted with another product that may potentially have different ingredients, but having the same biological and therapeutic effects.</td></tr><tr><td><a href=\"http://terminology.hl7.org/5.4.0/CodeSystem-v3-substanceAdminSubstitution.html#v3-substanceAdminSubstitution-N\">N</a></td><td style=\"color: #cccccc\">none</td><td>No substitution occurred or is permitted.</td></tr></table></li></ul></div>"
  },
  "url" : "http://fhir.ch/ig/ch-emed/ValueSet/ActSubstanceAdminSubstitutionCode",
  "version" : "4.0.0",
  "name" : "ActSubstanceAdminSubstitutionCode",
  "title" : "ActSubstanceAdminSubstitutionCode",
  "status" : "active",
  "experimental" : false,
  "date" : "2023-12-19T15:44:04+01:00",
  "publisher" : "HL7 Switzerland",
  "contact" : [{
    "name" : "HL7 Switzerland",
    "telecom" : [{
      "system" : "url",
      "value" : "https://www.hl7.ch/"
    }]
  },
  {
    "name" : "HL7 Switzerland",
    "telecom" : [{
      "system" : "url",
      "value" : "https://www.hl7.ch/",
      "use" : "work"
    }]
  }],
  "description" : "ActSubstanceAdminSubstitutionCode",
  "jurisdiction" : [{
    "coding" : [{
      "system" : "urn:iso:std:iso:3166",
      "code" : "CH"
    }]
  }],
  "copyright" : "CC0-1.0",
  "compose" : {
    "include" : [{
      "system" : "http://terminology.hl7.org/CodeSystem/v3-substanceAdminSubstitution",
      "filter" : [{
        "property" : "concept",
        "op" : "is-a",
        "value" : "_ActSubstanceAdminSubstitutionCode"
      }]
    }],
    "exclude" : [{
      "system" : "http://terminology.hl7.org/CodeSystem/v3-substanceAdminSubstitution",
      "concept" : [{
        "code" : "_ActSubstanceAdminSubstitutionCode"
      },
      {
        "code" : "N"
      }]
    }]
  }
}