{
  "resourceType" : "Observation",
  "id" : "UC1-FetalPosition-20250205",
  "language" : "de-CH",
  "text" : {
    "status" : "generated",
    "div" : "<div xmlns=\"http://www.w3.org/1999/xhtml\" xml:lang=\"de-CH\" lang=\"de-CH\"><p class=\"res-header-id\"><b>Generated Narrative: Observation UC1-FetalPosition-20250205</b></p><a name=\"UC1-FetalPosition-20250205\"> </a><a name=\"hcUC1-FetalPosition-20250205\"> </a><a name=\"UC1-FetalPosition-20250205-en-US\"> </a><div style=\"display: inline-block; background-color: #d9e0e7; padding: 6px; margin: 4px; border: 1px solid #8da1b4; border-radius: 5px; line-height: 60%\"><p style=\"margin-bottom: 0px\">Language: de-CH</p></div><p><b>status</b>: Final</p><p><b>code</b>: <span title=\"Codes:{http://snomed.info/sct 364607000}\">Position of fetus (observable entity)</span></p><p><b>subject</b>: <a href=\"Patient-UC1-Child.html\">Anonymous Patient Female, DoB Unknown ( Patient internal identifier: A)</a></p><p><b>encounter</b>: <a href=\"Encounter-UC1-EncounterChild20250205.html\">Encounter: status = finished; class = ambulatory (ActCode#AMB); period = 2025-02-05 --&gt; 2025-02-05</a></p><p><b>effective</b>: 2025-02-05</p><p><b>performer</b>: <a href=\"PractitionerRole-UC1-PetraSectionataAtFrauenzimmer.html\">PractitionerRole Arzt / Ärztin</a></p><p><b>value</b>: <span title=\"Codes:{http://snomed.info/sct 70028003}\">Schädellage</span></p></div>"
  },
  "status" : "final",
  "code" : {
    "coding" : [{
      "system" : "http://snomed.info/sct",
      "code" : "364607000",
      "display" : "Position of fetus (observable entity)"
    }]
  },
  "subject" : {
    "reference" : "Patient/UC1-Child"
  },
  "encounter" : {
    "reference" : "Encounter/UC1-EncounterChild20250205"
  },
  "effectiveDateTime" : "2025-02-05",
  "performer" : [{
    "reference" : "PractitionerRole/UC1-PetraSectionataAtFrauenzimmer"
  }],
  "valueCodeableConcept" : {
    "coding" : [{
      "system" : "http://snomed.info/sct",
      "code" : "70028003",
      "display" : "Vertex presentation (finding)"
    }],
    "text" : "Schädellage"
  }
}