<?xml version="1.0" encoding="UTF-8"?><ValueSet xmlns="http://hl7.org/fhir"><id value="ch-elm-results-mea-org"/><text><status value="generated"/><div xmlns="http://www.w3.org/1999/xhtml"><p class="res-header-id"><b>Generated Narrative: ValueSet ch-elm-results-mea-org</b></p><a name="ch-elm-results-mea-org"> </a><a name="hcch-elm-results-mea-org"> </a><a name="ch-elm-results-mea-org-en-US"> </a><ul><li>Include these codes as defined in <a href="http://www.snomed.org/"><code>http://snomed.info/sct</code></a><table class="none"><tr><td style="white-space:nowrap"><b>Code</b></td><td><b>Display</b></td></tr><tr><td><a href="http://snomed.info/id/426558008">426558008</a></td><td>Measles virus genotype A (organism)</td></tr><tr><td><a href="http://snomed.info/id/427290009">427290009</a></td><td>Measles virus genotype D8 (organism)</td></tr><tr><td><a href="http://snomed.info/id/52584002">52584002</a></td><td>Measles virus (organism)</td></tr><tr><td><a href="http://snomed.info/id/427073007">427073007</a></td><td>Measles virus genotype B3 (organism)</td></tr></table></li></ul></div></text><url value="http://fhir.ch/ig/ch-elm/ValueSet/ch-elm-results-mea-org"/><version value="1.7.0"/><name value="ChElmResultsMeaOrg"/><title value="CH ELM Results Mea Org"/><status value="active"/><experimental value="false"/><date value="2024-11-28T14:09:02+00:00"/><publisher value="Federal Office of Public Health FOPH"/><contact><name value="Federal Office of Public Health FOPH"/><telecom><system value="url"/><value value="https://www.bag.admin.ch/bag/en/home/das-bag/kontakt-standort.html"/></telecom></contact><description value="The &quot;CH ELM Results Mea Org&quot; organism group provides a curated set of codes representing specific organisms. Each code within this group has been selected to ensure precise representation and consistency in relation to the primary LOINC codes. Clients utilizing the &quot;CH ELM Results Mea Org&quot; group should refer to the provided codes to accurately and uniformly capture and report organism-related information."/><jurisdiction><coding><system value="urn:iso:std:iso:3166"/><code value="CHE"/></coding></jurisdiction><copyright value="CC0-1.0"/><compose><include><system value="http://snomed.info/sct"/><concept><code value="426558008"/><display value="Measles virus genotype A (organism)"/></concept><concept><code value="427290009"/><display value="Measles virus genotype D8 (organism)"/></concept><concept><code value="52584002"/><display value="Measles virus (organism)"/></concept><concept><code value="427073007"/><display value="Measles virus genotype B3 (organism)"/></concept></include></compose></ValueSet>