<?xml version="1.0" encoding="UTF-8"?><ValueSet xmlns="http://hl7.org/fhir"><id value="ch-rad-order-view-type"/><text><status value="generated"/><div xmlns="http://www.w3.org/1999/xhtml"><ul><li>Include these codes as defined in <a href="http://terminology.hl7.org/5.5.0/CodeSystem-RadLex.html"><code>http://radlex.org</code></a><table class="none"><tr><td style="white-space:nowrap"><b>Code</b></td><td><b>Display</b></td></tr><tr><td>RID10424</td><td>Right lateral decubitus position</td></tr><tr><td>RID10425</td><td>Left lateral decubitus position</td></tr><tr><td>RID10439</td><td>Lateral decubitus position</td></tr><tr><td>RID10446</td><td>Radial deviation position</td></tr><tr><td>RID10447</td><td>Ulnar deviation position</td></tr><tr><td>RID10451</td><td>Open mouth position</td></tr><tr><td>RID10455</td><td>Upright position</td></tr><tr><td>RID10509</td><td>Implant displaced</td></tr><tr><td>RID10521</td><td>Frontal projection</td></tr><tr><td>RID10534</td><td>Radiography grid</td></tr><tr><td>RID10579</td><td>axial plane</td></tr><tr><td>RID28651</td><td>Magnification</td></tr><tr><td>RID39542</td><td>transrectal</td></tr><tr><td>RID39543</td><td>transvaginal</td></tr><tr><td>RID43583</td><td>AP view</td></tr><tr><td>RID43584</td><td>apical lordotic view</td></tr><tr><td>RID43586</td><td>cone view</td></tr><tr><td>RID43591</td><td>lateral view</td></tr><tr><td>RID43593</td><td>left oblique view</td></tr><tr><td>RID43594</td><td>PA view</td></tr><tr><td>RID43596</td><td>right oblique view</td></tr><tr><td>RID43597</td><td>Spot view</td></tr><tr><td>RID43600</td><td>Arcein view</td></tr><tr><td>RID43605</td><td>Broden view</td></tr><tr><td>RID43616</td><td>Danelius miller view</td></tr><tr><td>RID43618</td><td>Ferguson view</td></tr><tr><td>RID43621</td><td>Friedman view</td></tr><tr><td>RID43625</td><td>Grashey view</td></tr><tr><td>RID43630</td><td>Holmblad view</td></tr><tr><td>RID43637</td><td>Judet view</td></tr><tr><td>RID43653</td><td>Mayer view</td></tr><tr><td>RID43654</td><td>Merchant view</td></tr><tr><td>RID43665</td><td>Norgaard view</td></tr><tr><td>RID43667</td><td>original Law view</td></tr><tr><td>RID43671</td><td>Caldwell view</td></tr><tr><td>RID43681</td><td>Stenvers view</td></tr><tr><td>RID43682</td><td>Stryker notch view</td></tr><tr><td>RID43686</td><td>Towne view</td></tr><tr><td>RID43689</td><td>Occipitomental view</td></tr><tr><td>RID43690</td><td>West point view</td></tr><tr><td>RID45659</td><td>babygram</td></tr><tr><td>RID45661</td><td>oblique view</td></tr><tr><td>RID45663</td><td>swimmers view</td></tr><tr><td>RID45779</td><td>supine view</td></tr><tr><td>RID45780</td><td>Left lateral view</td></tr><tr><td>RID45781</td><td>Right lateral view</td></tr><tr><td>RID45782</td><td>cross table lateral view</td></tr><tr><td>RID45783</td><td>carpal tunnel view</td></tr><tr><td>RID45785</td><td>Transthoracic view</td></tr><tr><td>RID45786</td><td>Sunrise view</td></tr><tr><td>RID45787</td><td>Tunnel view</td></tr><tr><td>RID45788</td><td>Inlet view</td></tr><tr><td>RID45789</td><td>Outlet view</td></tr><tr><td>RID45790</td><td>Axillary view</td></tr><tr><td>RID45791</td><td>Submentovertical view</td></tr><tr><td>RID45795</td><td>Obliques view</td></tr><tr><td>RID45802</td><td>Runoff</td></tr><tr><td>RID49830</td><td>Panoramic</td></tr><tr><td>RID50070</td><td>posteroanterior 45-degree flexion view</td></tr><tr><td>RID50077</td><td>External rotation view</td></tr><tr><td>RID50079</td><td>Internal rotation view</td></tr><tr><td>RID50087</td><td>10 degree caudal angle view</td></tr><tr><td>RID50088</td><td>30 degree caudal angle view</td></tr><tr><td>RID50090</td><td>10 degree cephalic angle view</td></tr><tr><td>RID50091</td><td>20 degree cephalic angle view</td></tr><tr><td>RID50092</td><td>Posteroanterior 30 degree flexion view</td></tr><tr><td>RID50093</td><td>45 degree cephalic angle view</td></tr><tr><td>RID50094</td><td>90 degree abduction view</td></tr><tr><td>RID50095</td><td>Bora view</td></tr><tr><td>RID50096</td><td>Brewerton view</td></tr><tr><td>RID50097</td><td>Garth view</td></tr><tr><td>RID50098</td><td>Harris view</td></tr><tr><td>RID50099</td><td>Rosenberg view</td></tr><tr><td>RID50100</td><td>Von Rosen view</td></tr><tr><td>RID50102</td><td>Waters upright view</td></tr><tr><td>RID50103</td><td>Zanca view</td></tr><tr><td>RID50104</td><td>Endorectal view</td></tr><tr><td>RID50106</td><td>Left anterior oblique view</td></tr><tr><td>RID50107</td><td>Lateral frog leg view</td></tr><tr><td>RID50109</td><td>Lateral spot view</td></tr><tr><td>RID50111</td><td>Laurin view</td></tr><tr><td>RID50113</td><td>Left posterior oblique view</td></tr><tr><td>RID50114</td><td>Mediolateral oblique view</td></tr><tr><td>RID50115</td><td>Mortise view</td></tr><tr><td>RID50116</td><td>Odontoid view</td></tr><tr><td>RID50118</td><td>Posteroanterior prone view</td></tr><tr><td>RID50119</td><td>radio head capitallar view</td></tr><tr><td>RID50120</td><td>Right anterior oblique view</td></tr><tr><td>RID50121</td><td>Right posterior oblique view</td></tr><tr><td>RID50122</td><td>Scaphoid view</td></tr><tr><td>RID50123</td><td>Serendipity view</td></tr><tr><td>RID50124</td><td>Tangential view</td></tr><tr><td>RID50125</td><td>True anteroposterior view</td></tr><tr><td>RID50126</td><td>True lateral view</td></tr><tr><td>RID50127</td><td>Velpeau view</td></tr><tr><td>RID50128</td><td>Laterally exaggerated craniocaudal view</td></tr><tr><td>RID50129</td><td>Y view</td></tr><tr><td>RID50172</td><td>closed mouth position</td></tr><tr><td>RID50328</td><td>air gap breast view</td></tr><tr><td>RID50329</td><td>rolled breast view</td></tr><tr><td>RID50367</td><td>sunrise 20 degrees view</td></tr><tr><td>RID50368</td><td>sunrise 40 degrees view</td></tr><tr><td>RID50369</td><td>sunrise 60 degrees view</td></tr><tr><td>RID50370</td><td>Merchant 30 degrees view</td></tr><tr><td>RID50371</td><td>Merchant 45 degrees view</td></tr><tr><td>RID50372</td><td>Merchant 60 degrees view</td></tr><tr><td>RID50373</td><td>Trans-scapular view</td></tr><tr><td>RID50386</td><td>Oblique upright view</td></tr><tr><td>RID50534</td><td>Bitewing view</td></tr><tr><td>RID50535</td><td>Jones view</td></tr><tr><td>RID50628</td><td>Max abduction</td></tr><tr><td>RID50629</td><td>Oblique prone</td></tr><tr><td>RID50635</td><td>Oblique crosstable</td></tr><tr><td>RID5818</td><td>anterior</td></tr><tr><td>RID6427</td><td>Transabdominal</td></tr></table></li></ul></div></text><url value="http://fhir.ch/ig/ch-rad-order/ValueSet/ch-rad-order-view-type"/><version value="2.0.0-ballot"/><name value="ChRadOrderViewType"/><title value="View Type"/><status value="active"/><date value="2024-05-17T11:21:51+00:00"/><publisher value="HL7 Switzerland"/><contact><name value="Juerg P. Bleuer"/><telecom><system value="url"/><value value="https://www.hl7.ch"/></telecom></contact><description value="Definition for View Type Value Set in the context of CH RAD-Order."/><jurisdiction><coding><system value="urn:iso:std:iso:3166"/><code value="CH"/></coding></jurisdiction><copyright value="CC0-1.0"/><compose><include><system value="http://radlex.org"/><concept><code value="RID10424"/><display value="Right lateral decubitus position"/></concept><concept><code value="RID10425"/><display value="Left lateral decubitus position"/></concept><concept><code value="RID10439"/><display value="Lateral decubitus position"/></concept><concept><code value="RID10446"/><display value="Radial deviation position"/></concept><concept><code value="RID10447"/><display value="Ulnar deviation position"/></concept><concept><code value="RID10451"/><display value="Open mouth position"/></concept><concept><code value="RID10455"/><display value="Upright position"/></concept><concept><code value="RID10509"/><display value="Implant displaced"/></concept><concept><code value="RID10521"/><display value="Frontal projection"/></concept><concept><code value="RID10534"/><display value="Radiography grid"/></concept><concept><code value="RID10579"/><display value="axial plane"/></concept><concept><code value="RID28651"/><display value="Magnification"/></concept><concept><code value="RID39542"/><display value="transrectal"/></concept><concept><code value="RID39543"/><display value="transvaginal"/></concept><concept><code value="RID43583"/><display value="AP view"/></concept><concept><code value="RID43584"/><display value="apical lordotic view"/></concept><concept><code value="RID43586"/><display value="cone view"/></concept><concept><code value="RID43591"/><display value="lateral view"/></concept><concept><code value="RID43593"/><display value="left oblique view"/></concept><concept><code value="RID43594"/><display value="PA view"/></concept><concept><code value="RID43596"/><display value="right oblique view"/></concept><concept><code value="RID43597"/><display value="Spot view"/></concept><concept><code value="RID43600"/><display value="Arcein view"/></concept><concept><code value="RID43605"/><display value="Broden view"/></concept><concept><code value="RID43616"/><display value="Danelius miller view"/></concept><concept><code value="RID43618"/><display value="Ferguson view"/></concept><concept><code value="RID43621"/><display value="Friedman view"/></concept><concept><code value="RID43625"/><display value="Grashey view"/></concept><concept><code value="RID43630"/><display value="Holmblad view"/></concept><concept><code value="RID43637"/><display value="Judet view"/></concept><concept><code value="RID43653"/><display value="Mayer view"/></concept><concept><code value="RID43654"/><display value="Merchant view"/></concept><concept><code value="RID43665"/><display value="Norgaard view"/></concept><concept><code value="RID43667"/><display value="original Law view"/></concept><concept><code value="RID43671"/><display value="Caldwell view"/></concept><concept><code value="RID43681"/><display value="Stenvers view"/></concept><concept><code value="RID43682"/><display value="Stryker notch view"/></concept><concept><code value="RID43686"/><display value="Towne view"/></concept><concept><code value="RID43689"/><display value="Occipitomental view"/></concept><concept><code value="RID43690"/><display value="West point view"/></concept><concept><code value="RID45659"/><display value="babygram"/></concept><concept><code value="RID45661"/><display value="oblique view"/></concept><concept><code value="RID45663"/><display value="swimmers view"/></concept><concept><code value="RID45779"/><display value="supine view"/></concept><concept><code value="RID45780"/><display value="Left lateral view"/></concept><concept><code value="RID45781"/><display value="Right lateral view"/></concept><concept><code value="RID45782"/><display value="cross table lateral view"/></concept><concept><code value="RID45783"/><display value="carpal tunnel view"/></concept><concept><code value="RID45785"/><display value="Transthoracic view"/></concept><concept><code value="RID45786"/><display value="Sunrise view"/></concept><concept><code value="RID45787"/><display value="Tunnel view"/></concept><concept><code value="RID45788"/><display value="Inlet view"/></concept><concept><code value="RID45789"/><display value="Outlet view"/></concept><concept><code value="RID45790"/><display value="Axillary view"/></concept><concept><code value="RID45791"/><display value="Submentovertical view"/></concept><concept><code value="RID45795"/><display value="Obliques view"/></concept><concept><code value="RID45802"/><display value="Runoff"/></concept><concept><code value="RID49830"/><display value="Panoramic"/></concept><concept><code value="RID50070"/><display value="posteroanterior 45-degree flexion view"/></concept><concept><code value="RID50077"/><display value="External rotation view"/></concept><concept><code value="RID50079"/><display value="Internal rotation view"/></concept><concept><code value="RID50087"/><display value="10 degree caudal angle view"/></concept><concept><code value="RID50088"/><display value="30 degree caudal angle view"/></concept><concept><code value="RID50090"/><display value="10 degree cephalic angle view"/></concept><concept><code value="RID50091"/><display value="20 degree cephalic angle view"/></concept><concept><code value="RID50092"/><display value="Posteroanterior 30 degree flexion view"/></concept><concept><code value="RID50093"/><display value="45 degree cephalic angle view"/></concept><concept><code value="RID50094"/><display value="90 degree abduction view"/></concept><concept><code value="RID50095"/><display value="Bora view"/></concept><concept><code value="RID50096"/><display value="Brewerton view"/></concept><concept><code value="RID50097"/><display value="Garth view"/></concept><concept><code value="RID50098"/><display value="Harris view"/></concept><concept><code value="RID50099"/><display value="Rosenberg view"/></concept><concept><code value="RID50100"/><display value="Von Rosen view"/></concept><concept><code value="RID50102"/><display value="Waters upright view"/></concept><concept><code value="RID50103"/><display value="Zanca view"/></concept><concept><code value="RID50104"/><display value="Endorectal view"/></concept><concept><code value="RID50106"/><display value="Left anterior oblique view"/></concept><concept><code value="RID50107"/><display value="Lateral frog leg view"/></concept><concept><code value="RID50109"/><display value="Lateral spot view"/></concept><concept><code value="RID50111"/><display value="Laurin view"/></concept><concept><code value="RID50113"/><display value="Left posterior oblique view"/></concept><concept><code value="RID50114"/><display value="Mediolateral oblique view"/></concept><concept><code value="RID50115"/><display value="Mortise view"/></concept><concept><code value="RID50116"/><display value="Odontoid view"/></concept><concept><code value="RID50118"/><display value="Posteroanterior prone view"/></concept><concept><code value="RID50119"/><display value="radio head capitallar view"/></concept><concept><code value="RID50120"/><display value="Right anterior oblique view"/></concept><concept><code value="RID50121"/><display value="Right posterior oblique view"/></concept><concept><code value="RID50122"/><display value="Scaphoid view"/></concept><concept><code value="RID50123"/><display value="Serendipity view"/></concept><concept><code value="RID50124"/><display value="Tangential view"/></concept><concept><code value="RID50125"/><display value="True anteroposterior view"/></concept><concept><code value="RID50126"/><display value="True lateral view"/></concept><concept><code value="RID50127"/><display value="Velpeau view"/></concept><concept><code value="RID50128"/><display value="Laterally exaggerated craniocaudal view"/></concept><concept><code value="RID50129"/><display value="Y view"/></concept><concept><code value="RID50172"/><display value="closed mouth position"/></concept><concept><code value="RID50328"/><display value="air gap breast view"/></concept><concept><code value="RID50329"/><display value="rolled breast view"/></concept><concept><code value="RID50367"/><display value="sunrise 20 degrees view"/></concept><concept><code value="RID50368"/><display value="sunrise 40 degrees view"/></concept><concept><code value="RID50369"/><display value="sunrise 60 degrees view"/></concept><concept><code value="RID50370"/><display value="Merchant 30 degrees view"/></concept><concept><code value="RID50371"/><display value="Merchant 45 degrees view"/></concept><concept><code value="RID50372"/><display value="Merchant 60 degrees view"/></concept><concept><code value="RID50373"/><display value="Trans-scapular view"/></concept><concept><code value="RID50386"/><display value="Oblique upright view"/></concept><concept><code value="RID50534"/><display value="Bitewing view"/></concept><concept><code value="RID50535"/><display value="Jones view"/></concept><concept><code value="RID50628"/><display value="Max abduction"/></concept><concept><code value="RID50629"/><display value="Oblique prone"/></concept><concept><code value="RID50635"/><display value="Oblique crosstable"/></concept><concept><code value="RID5818"/><display value="anterior"/></concept><concept><code value="RID6427"/><display value="Transabdominal"/></concept></include></compose></ValueSet>