{
  "resourceType" : "DocumentReference",
  "id" : "DocumentReferenceAttachment",
  "meta" : {
    "profile" : ["http://fhir.ch/ig/ch-orf/StructureDefinition/ch-orf-documentreference"]
  },
  "text" : {
    "status" : "generated",
    "div" : "<div xmlns=\"http://www.w3.org/1999/xhtml\"><p class=\"res-header-id\"><b>Generated Narrative: DocumentReference DocumentReferenceAttachment</b></p><a name=\"DocumentReferenceAttachment\"> </a><a name=\"hcDocumentReferenceAttachment\"> </a><a name=\"DocumentReferenceAttachment-en-US\"> </a><p><b>status</b>: Current</p><p><b>description</b>: Befund Thorax-Rx vom 1.2.23; Example of Attachment Attachment</p><blockquote><p><b>content</b></p><h3>Attachments</h3><table class=\"grid\"><tr><td style=\"display: none\">-</td><td><b>ContentType</b></td><td><b>Data</b></td><td><b>Title</b></td></tr><tr><td style=\"display: none\">*</td><td>application/pdf</td><td><code>VGVzdCBCZWZ1bmQgTm9uIERpY29t</code></td><td>Befund_Rx_Thorax_S_Ufferer_20190401.pdf</td></tr></table></blockquote></div>"
  },
  "status" : "current",
  "description" : "Befund Thorax-Rx vom 1.2.23; Example of Attachment Attachment",
  "content" : [{
    "attachment" : {
      "contentType" : "application/pdf",
      "data" : "VGVzdCBCZWZ1bmQgTm9uIERpY29t",
      "title" : "Befund_Rx_Thorax_S_Ufferer_20190401.pdf"
    }
  }]
}