{
  "resourceType" : "PractitionerRole",
  "id" : "DAtaentererHappyDoctors",
  "meta" : {
    "profile" : ["http://fhir.ch/ig/ch-core/StructureDefinition/ch-core-practitionerrole"]
  },
  "text" : {
    "status" : "generated",
    "div" : "<div xmlns=\"http://www.w3.org/1999/xhtml\"><p class=\"res-header-id\"><b>Generated Narrative: PractitionerRole DAtaentererHappyDoctors</b></p><a name=\"DAtaentererHappyDoctors\"> </a><a name=\"hcDAtaentererHappyDoctors\"> </a><a name=\"DAtaentererHappyDoctors-en-US\"> </a><p><b>practitioner</b>: <a href=\"Practitioner-DAtaenterer.html\">Practitioner Doris Ataenterer </a></p><p><b>organization</b>: <a href=\"Organization-HappyDoctors.html\">Organization Praxis Happy Docotors</a></p></div>"
  },
  "practitioner" : {
    "reference" : "Practitioner/DAtaenterer"
  },
  "organization" : {
    "reference" : "Organization/HappyDoctors"
  }
}