<?xml version="1.0" encoding="UTF-8"?>

<Bundle xmlns="http://hl7.org/fhir">
  <id value="C-D6-P-C1"/>
  <meta>
    <profile value="http://fhir.ch/ig/ch-vacd/StructureDefinition/ch-vacd-document-immunization-administration"/>
  </meta>
  <identifier>
    <system value="urn:ietf:rfc:3986"/>
    <value value="urn:uuid:5ceb9787-7ec4-4dd7-9989-ae6a865f7aa0"/>
  </identifier>
  <type value="document"/>
  <timestamp value="2021-10-06T00:00:00.390+02:00"/>
  <entry>
    <fullUrl value="http://test.fhir.ch/r4/Composition/C-D6-P-C1-Composition"/>
    <resource>
      <Composition>
        <id value="C-D6-P-C1-Composition"/>
        <meta>
          <profile value="http://fhir.ch/ig/ch-vacd/StructureDefinition/ch-vacd-composition-immunization-administration"/>
        </meta>
        <language value="en-US"/>
        <text>
          <status value="generated"/><div xmlns="http://www.w3.org/1999/xhtml" xml:lang="en-US" lang="en-US"><h3>Immunization Administration</h3><p><b>Id: </b>C-D6-P-C1-Composition</p><p><b>Identifier: </b><span>urn:ietf:rfc:3986#urn:uuid:73d0abee-843e-437f-9f52-aeeff8ba758d</span></p><p><b>Status: </b>Final</p><p><b>Code: </b><span>Immunization record (http://snomed.info/sct#41000179103)</span></p><p><b>Patient: </b><a href="Patient-TC-patient.html">Patient/TC-patient</a> Wegmueller Monika</p><p><b>Date: </b>October 6, 2021</p><p><b>Authors:</b></p><table><tr><td><p><a href="Patient-TC-patient.html">Patient/TC-patient</a> Wegmueller Monika</p></td></tr></table><p><b>Confidentiality: </b>null<span> Normal (qualifier value) (http://snomed.info/sct#17621005)</span></p><p><b>Sections:</b></p><table><tr><td>Previous illnesses</td></tr></table></div>
        </text>
        <extension id="versionNumber" url="http://fhir.ch/ig/ch-core/StructureDefinition/ch-ext-epr-versionnumber">
          <valueUnsignedInt value="1"/>
        </extension>
        <identifier>
          <system value="urn:ietf:rfc:3986"/>
          <value value="urn:uuid:73d0abee-843e-437f-9f52-aeeff8ba758d"/>
        </identifier>
        <status value="final"/>
        <type>
          <coding>
            <system value="http://snomed.info/sct"/>
            <code value="41000179103"/>
            <display value="Immunization record"/>
          </coding>
        </type>
        <subject>
          <reference value="Patient/TC-patient"/>
        </subject>
        <date value="2021-10-06T00:00:00.390+02:00"/>
        <author>
          <reference value="Patient/TC-patient"/>
        </author>
        <title value="Immunization Administration"/>
        <confidentiality value="N">
          <extension url="http://fhir.ch/ig/ch-core/StructureDefinition/ch-ext-epr-confidentialitycode">
            <valueCodeableConcept>
              <coding>
                <system value="http://snomed.info/sct"/>
                <code value="17621005"/>
                <display value="Normal (qualifier value)"/>
              </coding>
            </valueCodeableConcept>
          </extension>
        </confidentiality>
        <custodian>
          <reference value="Organization/TC-ORG1"/>
        </custodian>
        <section id="pastillnesses">
          <title value="Previous illnesses"/>
          <code>
            <coding>
              <system value="http://loinc.org"/>
              <code value="11348-0"/>
              <display value="Hx of Past illness"/>
            </coding>
          </code>
          <text>
            <status value="generated"/><div xmlns="http://www.w3.org/1999/xhtml" xml:lang="en-US" lang="en-US"><p><b>Code: </b><span>Hx of Past illness (http://loinc.org#11348-0)</span></p><p><b>Entries:</b></p><table><tr><td><a href="Condition-TCC05-UNDILL1.html">Condition/TCC05-UNDILL1</a></td></tr></table></div>
          </text>
          <entry>
            <reference value="Condition/TCC05-UNDILL1"/>
          </entry>
        </section>
      </Composition>
    </resource>
  </entry>
  <entry>
    <fullUrl value="http://test.fhir.ch/r4/Patient/TC-patient"/>
    <resource>
      <Patient>
        <id value="TC-patient"/>
        <meta>
          <profile value="http://fhir.ch/ig/ch-core/StructureDefinition/ch-core-patient-epr"/>
        </meta>
        <text>
          <status value="generated"/><div xmlns="http://www.w3.org/1999/xhtml"><p><b>Generated Narrative</b></p><div style="display: inline-block; background-color: #d9e0e7; padding: 6px; margin: 4px; border: 1px solid #8da1b4; border-radius: 5px; line-height: 60%"><p style="margin-bottom: 0px">Resource "TC-patient" </p><p style="margin-bottom: 0px">Profile: <a href="http://fhir.ch/ig/ch-core/2.1.0/StructureDefinition-ch-core-patient-epr.html">CH Core Patient EPR</a></p></div><p><b>identifier</b>: Medical record number: 12345678</p><p><b>name</b>: Monika Wegmueller </p><p><b>telecom</b>: ph: tel:+41.32.685.12.34(HOME)</p><p><b>gender</b>: female</p><p><b>birthDate</b>: 1967-02-10</p><p><b>address</b>: Leidensweg 10 Specimendorf 9876 CH </p></div>
        </text>
        <identifier>
          <type>
            <coding>
              <system value="http://terminology.hl7.org/CodeSystem/v2-0203"/>
              <code value="MR"/>
            </coding>
          </type>
          <system value="urn:oid:1.2.3.4"/>
          <value value="12345678"/>
        </identifier>
        <name>
          <family value="Wegmueller"/>
          <given value="Monika"/>
        </name>
        <telecom>
          <system value="phone"/>
          <value value="tel:+41.32.685.12.34"/>
          <use value="home"/>
        </telecom>
        <gender value="female"/>
        <birthDate value="1967-02-10"/>
        <address>
          <type value="both"/>
          <line value="Leidensweg 10"/>
          <city value="Specimendorf"/>
          <postalCode value="9876"/>
          <country value="CH"/>
        </address>
      </Patient>
    </resource>
  </entry>
  <entry>
    <fullUrl value="http://test.fhir.ch/r4/Organization/TC-ORG1"/>
    <resource>
      <Organization>
        <id value="TC-ORG1"/>
        <meta>
          <profile value="http://fhir.ch/ig/ch-core/StructureDefinition/ch-core-organization-epr"/>
        </meta>
        <text>
          <status value="generated"/><div xmlns="http://www.w3.org/1999/xhtml"><p><b>Generated Narrative</b></p><div style="display: inline-block; background-color: #d9e0e7; padding: 6px; margin: 4px; border: 1px solid #8da1b4; border-radius: 5px; line-height: 60%"><p style="margin-bottom: 0px">Resource "TC-ORG1" </p><p style="margin-bottom: 0px">Profile: <a href="http://fhir.ch/ig/ch-core/2.1.0/StructureDefinition-ch-core-organization-epr.html">CH Core Organization EPR</a></p></div><p><b>identifier</b>: id: 7601888888884</p><p><b>name</b>: Gruppenpraxis CH</p><p><b>telecom</b>: ph: tel:+41.32.234.55.66(WORK), fax: fax:+41.32.234.55.67(WORK), <a href="mailto:mailto:bereit@gruppenpraxis.ch">mailto:bereit@gruppenpraxis.ch</a>, <a href="http://www.gruppenpraxis.ch">http://www.gruppenpraxis.ch</a></p><p><b>address</b>: Doktorgasse 2 Musterhausen ZH 8888 CH </p></div>
        </text>
        <identifier>
          <system value="urn:oid:2.51.1.3"/>
          <value value="7601888888884"/>
        </identifier>
        <name value="Gruppenpraxis CH"/>
        <telecom>
          <system value="phone"/>
          <value value="tel:+41.32.234.55.66"/>
          <use value="work"/>
        </telecom>
        <telecom>
          <system value="fax"/>
          <value value="fax:+41.32.234.55.67"/>
          <use value="work"/>
        </telecom>
        <telecom>
          <system value="email"/>
          <value value="mailto:bereit@gruppenpraxis.ch"/>
          <use value="work"/>
        </telecom>
        <telecom>
          <system value="url"/>
          <value value="http://www.gruppenpraxis.ch"/>
          <use value="work"/>
        </telecom>
        <address>
          <line value="Doktorgasse 2"/>
          <city value="Musterhausen"/>
          <state value="ZH"/>
          <postalCode value="8888"/>
          <country value="CH"/>
        </address>
      </Organization>
    </resource>
  </entry>
  <entry>
    <fullUrl value="http://test.fhir.ch/r4/Condition/TCC05-UNDILL1"/>
    <resource>
      <Condition>
        <id value="TCC05-UNDILL1"/>
        <meta>
          <profile value="http://fhir.ch/ig/ch-vacd/StructureDefinition/ch-vacd-pastillnesses"/>
        </meta>
        <text>
          <status value="generated"/><div xmlns="http://www.w3.org/1999/xhtml"><p><b>Generated Narrative</b></p><div style="display: inline-block; background-color: #d9e0e7; padding: 6px; margin: 4px; border: 1px solid #8da1b4; border-radius: 5px; line-height: 60%"><p style="margin-bottom: 0px">Resource "TCC05-UNDILL1" </p><p style="margin-bottom: 0px">Profile: <a href="StructureDefinition-ch-vacd-pastillnesses.html">CH VACD Past Illness</a></p></div><p><b>identifier</b>: id: b594b7fb-4fb1-466d-b7bc-66216338a727</p><p><b>clinicalStatus</b>: Resolved <span style="background: LightGoldenRodYellow; margin: 4px; border: 1px solid khaki"> (<a href="http://terminology.hl7.org/3.1.0/CodeSystem-condition-clinical.html">Condition Clinical Status Codes</a>#resolved)</span></p><p><b>verificationStatus</b>: Unconfirmed <span style="background: LightGoldenRodYellow; margin: 4px; border: 1px solid khaki"> (<a href="http://terminology.hl7.org/3.1.0/CodeSystem-condition-ver-status.html">ConditionVerificationStatus</a>#unconfirmed)</span></p><p><b>code</b>: Measles (disorder) <span style="background: LightGoldenRodYellow; margin: 4px; border: 1px solid khaki"> (<a href="https://browser.ihtsdotools.org/">SNOMED CT</a>#14189004)</span></p><p><b>subject</b>: <a href="#Patient_TC-patient">See above (Patient/TC-patient)</a></p><p><b>onset</b>: 2015-07-30</p><p><b>recordedDate</b>: 2015-07-30</p><p><b>recorder</b>: <a href="#Patient_TC-patient">See above (Patient/TC-patient)</a></p></div>
        </text>
        <identifier>
          <system value="urn:oid:2.16.756.5.30.1.402.1.3.1.1.2"/>
          <value value="b594b7fb-4fb1-466d-b7bc-66216338a727"/>
        </identifier>
        <clinicalStatus>
          <coding>
            <system value="http://terminology.hl7.org/CodeSystem/condition-clinical"/>
            <code value="resolved"/>
            <display value="Resolved"/>
          </coding>
        </clinicalStatus>
        <verificationStatus>
          <coding>
            <system value="http://terminology.hl7.org/CodeSystem/condition-ver-status"/>
            <code value="unconfirmed"/>
            <display value="Unconfirmed"/>
          </coding>
        </verificationStatus>
        <code>
          <coding>
            <system value="http://snomed.info/sct"/>
            <code value="14189004"/>
            <display value="Measles (disorder)"/>
          </coding>
        </code>
        <subject>
          <reference value="Patient/TC-patient"/>
        </subject>
        <onsetDateTime value="2015-07-30"/>
        <recordedDate value="2015-07-30"/>
        <recorder>
          <reference value="Patient/TC-patient"/>
        </recorder>
      </Condition>
    </resource>
  </entry>
</Bundle>