<?xml version="1.0" encoding="UTF-8"?>

<Immunization xmlns="http://hl7.org/fhir">
  <id value="7-9-Immunization"/>
  <meta>
    <profile value="http://fhir.ch/ig/ch-vacd/StructureDefinition/ch-vacd-immunization"/>
  </meta>
  <text>
    <status value="generated"/><div xmlns="http://www.w3.org/1999/xhtml"><p><b>Generated Narrative</b></p><div style="display: inline-block; background-color: #d9e0e7; padding: 6px; margin: 4px; border: 1px solid #8da1b4; border-radius: 5px; line-height: 60%"><p style="margin-bottom: 0px">Resource "7-9-Immunization" </p><p style="margin-bottom: 0px">Profile: <a href="StructureDefinition-ch-vacd-immunization.html">CH VACD Immunization</a></p></div><p><b>identifier</b>: id: 34567</p><p><b>status</b>: completed</p><p><b>vaccineCode</b>: Boostrix <span style="background: LightGoldenRodYellow; margin: 4px; border: 1px solid khaki"> (<a href="CodeSystem-ch-vacd-swissmedic-cs.html">Swiss Medic Authorized Vaccines Codesystem</a>#637)</span></p><p><b>patient</b>: <a href="Patient-3-2-Patient.html">Patient/3-2-Patient</a> " WEGMUELLER"</p><p><b>occurrence</b>: 2015-11-01 12:00:00+0100</p><p><b>recorded</b>: 2015-11-01 12:00:00+0100</p><p><b>lotNumber</b>: 12345</p><h3>Performers</h3><table class="grid"><tr><td>-</td><td><b>Actor</b></td></tr><tr><td>*</td><td><a href="PractitionerRole-6-5-PractitionerRole.html">PractitionerRole/6-5-PractitionerRole</a></td></tr></table><p><b>reasonCode</b>: Immunization <span style="background: LightGoldenRodYellow; margin: 4px; border: 1px solid khaki"> (<a href="http://terminology.hl7.org/3.1.0/CodeSystem-v3-ActCode.html">ActCode</a>#IMMUNIZ)</span></p><h3>ProtocolApplieds</h3><table class="grid"><tr><td>-</td><td><b>TargetDisease</b></td><td><b>DoseNumber[x]</b></td></tr><tr><td>*</td><td>Diphtheria caused by Corynebacterium diphtheriae (disorder) <span style="background: LightGoldenRodYellow; margin: 4px; border: 1px solid khaki"> (<a href="https://browser.ihtsdotools.org/">SNOMED CT</a>#397430003)</span>, Tetanus (disorder) <span style="background: LightGoldenRodYellow; margin: 4px; border: 1px solid khaki"> (<a href="https://browser.ihtsdotools.org/">SNOMED CT</a>#76902006)</span>, Pertussis (disorder) <span style="background: LightGoldenRodYellow; margin: 4px; border: 1px solid khaki"> (<a href="https://browser.ihtsdotools.org/">SNOMED CT</a>#27836007)</span></td><td>1</td></tr></table></div>
  </text>
  <identifier>
    <system value="urn:oid:2.16.756.5.30.1.147.1.3.1"/>
    <value value="34567"/>
  </identifier>
  <status value="completed"/>
  <vaccineCode>
    <coding>
      <system value="http://fhir.ch/ig/ch-vacd/CodeSystem/ch-vacd-swissmedic-cs"/>
      <code value="637"/>
      <display value="Boostrix"/>
    </coding>
  </vaccineCode>
  <patient>
    <reference value="Patient/3-2-Patient"/>
  </patient>
  <occurrenceDateTime value="2015-11-01T00:00:00+01:00"/>
  <recorded value="2015-11-01T00:00:00+01:00"/>
  <lotNumber value="12345"/>
  <performer>
    <actor>
      <reference value="PractitionerRole/6-5-PractitionerRole"/>
    </actor>
  </performer>
  <reasonCode>
    <coding>
      <system value="http://terminology.hl7.org/CodeSystem/v3-ActCode"/>
      <code value="IMMUNIZ"/>
      <display value="Immunization"/>
    </coding>
  </reasonCode>
  <protocolApplied>
    <targetDisease>
      <coding>
        <system value="http://snomed.info/sct"/>
        <code value="397430003"/>
        <display value="Diphtheria caused by Corynebacterium diphtheriae (disorder)"/>
      </coding>
    </targetDisease>
    <targetDisease>
      <coding>
        <system value="http://snomed.info/sct"/>
        <code value="76902006"/>
        <display value="Tetanus (disorder)"/>
      </coding>
    </targetDisease>
    <targetDisease>
      <coding>
        <system value="http://snomed.info/sct"/>
        <code value="27836007"/>
        <display value="Pertussis (disorder)"/>
      </coding>
    </targetDisease>
    <doseNumberPositiveInt value="1"/>
  </protocolApplied>
</Immunization>