<?xml version="1.0" encoding="UTF-8"?>

<Patient xmlns="http://hl7.org/fhir">
  <id value="TC-patient2"/>
  <meta>
    <profile value="http://fhir.ch/ig/ch-core/StructureDefinition/ch-core-patient-epr"/>
  </meta>
  <text>
    <status value="generated"/><div xmlns="http://www.w3.org/1999/xhtml"><p><b>Lea Knecht </b> female, DoB: 1992-05-14 ( Medical record number: 987654)</p></div>
  </text>
  <identifier>
    <type>
      <coding>
        <system value="http://terminology.hl7.org/CodeSystem/v2-0203"/>
        <code value="MR"/>
      </coding>
    </type>
    <system value="urn:oid:1.2.3.4"/>
    <value value="987654"/>
  </identifier>
  <name>
    <family value="Knecht"/>
    <given value="Lea"/>
  </name>
  <telecom>
    <system value="phone"/>
    <value value="tel:+41.32.685.45.67"/>
    <use value="home"/>
  </telecom>
  <gender value="female"/>
  <birthDate value="1992-05-14"/>
  <address>
    <type value="both"/>
    <line value="Mustergasse 99"/>
    <city value="Specimendorf"/>
    <postalCode value="9876"/>
    <country value="CH"/>
  </address>
</Patient>