{"resourceType":"NamingSystem","id":"epr-spid","text":{"status":"generated","div":"<div xmlns=\"http://www.w3.org/1999/xhtml\"><h3>Summary</h3><table class=\"grid\"><tr><td>Defining URL</td><td>http://fhir.ch/ig/ch-core/NamingSystem/epr-spid</td></tr><tr><td>Version</td><td>4.0.0</td></tr><tr><td>Name</td><td>EPR_SPID</td></tr><tr><td>Status</td><td>active</td></tr><tr><td>Definition</td><td><div><p>EPR-SPID: The Central Compensation Office (ZAS; CCO) assigns and manages the new patient identification number according to the EPRA (EPR-SPID), which is only linked internally in the CCO with the AHV number. It maintains the UPI identification database (Unique Personal Identifier Database), which the EPR communities may access. The law regulates how the the EPR-SPID can be used. SR 816.111 states (Art. 10 para. 3 EPDV) that communities must ensure that the EPR-SPID number cannot be not stored in document repositories or document registries.</p>\n</div></td></tr><tr><td>Publisher</td><td>HL7 Switzerland</td></tr><tr><td>Copyright</td><td><div><p>CC0-1.0</p>\n</div></td></tr></table><h3>Identifiers</h3><table class=\"grid\"><tr><td><b>Type</b></td><td><b>Value</b></td><td><b>Comment</b></td></tr><tr><td>OID</td><td>2.16.756.5.30.1.127.3.10.3</td><td>This is the official identifier</td></tr></table></div>"},"extension":[{"url":"http://hl7.org/fhir/5.0/StructureDefinition/extension-NamingSystem.url","valueUri":"http://fhir.ch/ig/ch-core/NamingSystem/epr-spid"},{"url":"http://hl7.org/fhir/5.0/StructureDefinition/extension-NamingSystem.version","valueString":"4.0.0"}],"name":"EPR_SPID","status":"active","kind":"identifier","date":"2018-11-28","publisher":"HL7 Switzerland","contact":[{"name":"HL7 Switzerland","telecom":[{"system":"url","value":"https://www.hl7.ch/"}]},{"name":"HL7 Switzerland","telecom":[{"system":"url","value":"https://www.hl7.ch/","use":"work"}]}],"responsible":"Ministry of Health / Switzerland","type":{"coding":[{"system":"http://terminology.hl7.org/CodeSystem/v2-0203","code":"NI","display":"National unique individual identifier"}],"text":"IHI"},"description":"EPR-SPID: The Central Compensation Office (ZAS; CCO) assigns and manages the new patient identification number according to the EPRA (EPR-SPID), which is only linked internally in the CCO with the AHV number. It maintains the UPI identification database (Unique Personal Identifier Database), which the EPR communities may access. The law regulates how the the EPR-SPID can be used. SR 816.111 states (Art. 10 para. 3 EPDV) that communities must ensure that the EPR-SPID number cannot be not stored in document repositories or document registries.","jurisdiction":[{"coding":[{"system":"urn:iso:std:iso:3166","code":"CH"}]}],"uniqueId":[{"type":"oid","value":"2.16.756.5.30.1.127.3.10.3","comment":"This is the official identifier"}]}