<?xml version="1.0" encoding="UTF-8"?><CapabilityStatement xmlns="http://hl7.org/fhir"><id value="CH.PIXm.Consumer"/><text><status value="extensions"/><div xmlns="http://www.w3.org/1999/xhtml"><h2 id="title">PIXm Patient Identifier Cross-Reference Consumer (client)</h2><ul><li>Implementation Guide Version: 4.0.1-ballot </li><li>FHIR Version: 4.0.1 </li><li>Supported Formats: <code>application/fhir+xml</code>, <code>application/fhir+json</code></li><li>Supported Patch Formats: </li><li>Published on: 2020-07-07 </li><li>Published by: eHealth Suisse </li></ul><blockquote class="impl-note"><p><strong>Note to Implementers: FHIR Capabilities</strong></p><p>Any FHIR capability may be 'allowed' by the system unless explicitly marked as &quot;SHALL NOT&quot;. A few items are marked as MAY in the Implementation Guide to highlight their potential relevance to the use case.</p></blockquote><h2 id="rest">FHIR RESTful Capabilities</h2><div class="panel panel-default"><div class="panel-heading"><h3 id="mode1" class="panel-title">Mode: <code>client</code></h3></div><div class="panel-body"><div><p>PIXm client queries the Patient Identifier Crossreference Manager for the MPI-PID and EPR-SPID [ITI-83].</p>
</div><div class="lead"><em>Security</em></div><blockquote><div><p>TLS SHALL be used together with IUA basic access token</p>
</div></blockquote><div class="lead"><em>Summary of System-wide Interactions</em></div></div></div><h3 id="resourcesCap1">Capabilities by Resource/Profile</h3><h4 id="resourcesSummary1">Summary</h4><p>The summary table lists the resources that are part of this configuration, and for each resource it lists:</p><ul><li>The relevant profiles (if any)</li><li>The interactions supported by each resource (<b><span class="bg-info">R</span></b>ead, <b><span class="bg-info">S</span></b>earch, <b><span class="bg-info">U</span></b>pdate, and <b><span class="bg-info">C</span></b>reate, are always shown, while <b><span class="bg-info">VR</span></b>ead, <b><span class="bg-info">P</span></b>atch, <b><span class="bg-info">D</span></b>elete, <b><span class="bg-info">H</span></b>istory on <b><span class="bg-info">I</span></b>nstance, or <b><span class="bg-info">H</span></b>istory on <b><span class="bg-info">T</span></b>ype are only present if at least one of the resources has support for them.</li><li><span>The required, recommended, and some optional search parameters (if any). </span></li><li>The linked resources enabled for <code>_include</code></li><li>The other resources enabled for <code>_revinclude</code></li><li>The operations on the resource (if any)</li></ul><div class="table-responsive"><table class="table table-condensed table-hover"><thead><tr><th><b>Resource Type</b></th><th><b>Profile</b></th><th class="text-center"><b title="GET a resource (read interaction)">R</b></th><th class="text-center"><b title="GET all set of resources of the type (search interaction)">S</b></th><th class="text-center"><b title="PUT a new resource version (update interaction)">U</b></th><th class="text-center"><b title="POST a new resource (create interaction)">C</b></th><th><b title="Required and recommended search parameters">Searches</b></th><th><code><b>_include</b></code></th><th><code><b>_revinclude</b></code></th><th><b>Operations</b></th></tr></thead><tbody><tr><td><a href="#Patient1-1">Patient</a></td><td> </td><td></td><td class="text-center"></td><td class="text-center"></td><td class="text-center"></td><td></td><td/><td/><td/></tr></tbody></table></div><hr/><div class="panel panel-default"><div class="panel-heading"><h4 id="Patient1-1" class="panel-title"><span style="float: right;">Resource Conformance: supported </span>Patient</h4></div><div class="panel-body"><div class="container"><div class="row"><div class="col-lg-4"><span class="lead">Core FHIR Resource</span><br/><a href="http://hl7.org/fhir/R4/patient.html">Patient</a></div><div class="col-lg-4"><span class="lead">Reference Policy</span><br/></div><div class="col-lg-4"><span class="lead">Interaction summary</span><br/><ul/></div></div><p/><p/><div class="row"><div class="col-12"><span class="lead">Extended Operations</span><table class="table table-condensed table-hover"><thead><tr><th>Conformance</th><th>Operation</th><th>Documentation</th></tr></thead><tbody><tr><td><b>SHALL</b></td><td><a href="OperationDefinition-CH.PIXm.html">$$ihe-pix</a></td><td><div/></td></tr></tbody></table></div></div></div></div></div></div></text><url value="http://fhir.ch/ig/ch-epr-fhir/CapabilityStatement/CH.PIXm.Consumer"/><version value="4.0.1-ballot"/><name value="CH_PIXm_Consumer"/><title value="PIXm Patient Identifier Cross-Reference Consumer (client)"/><status value="draft"/><date value="2020-07-07"/><publisher value="eHealth Suisse"/><contact><name value="eHealth Suisse"/><telecom><system value="url"/><value value="https://www.e-health-suisse.ch"/></telecom></contact><description value="The Patient Identifier Cross-reference Consumer Actor CapabilityStatement expresses the requirements that can be utilized while being compliant. - using FHIR R4 - using json or xml encoding - query the $ihe-pix operation"/><jurisdiction><coding><system value="urn:iso:std:iso:3166"/><code value="CH"/></coding></jurisdiction><copyright value="CC0-1.0"/><kind value="requirements"/><fhirVersion value="4.0.1"/><format value="application/fhir+xml"/><format value="application/fhir+json"/><rest><mode value="client"/><documentation value="PIXm client queries the Patient Identifier Crossreference Manager for the MPI-PID and EPR-SPID [ITI-83]."/><security><cors value="false"/><description value="TLS SHALL be used together with IUA basic access token"/></security><resource><type value="Patient"/><operation><name value="$ihe-pix"/><definition value="http://fhir.ch/ig/ch-epr-fhir/OperationDefinition/CH.PIXm"/></operation></resource></rest></CapabilityStatement>