<?xml version="1.0" encoding="UTF-8"?>

<NamingSystem xmlns="http://hl7.org/fhir">
  <id value="ahvn13-navs13"/>
  <text>
    <status value="additional"/><div xmlns="http://www.w3.org/1999/xhtml">
      <p>
        <b>name</b>: AHVN13_NAVS13
      </p>
      <p>
        <b>status</b>: ACTIVE
      </p>
      <p>
        <b>kind</b>: IDENTIFIER
      </p>
      <p>
        <b>date</b>: Nov 27, 2018
      </p>
      <p>
        <b>publisher</b>: HL7 Switzerland on behalf of Central Compensation Office CCO (CCO)
      </p>
      <p>
        <b>contact</b>: 
      </p>
      <p>
        <b>responsible</b>: The Federal Department of Finance (FDF) / Central Compensation Office CCO
      </p>
      <p>
        <b>type</b>: IHI 
        <span style="background: LightGoldenRodYellow">(Details : {http://terminology.hl7.org/CodeSystem/v2-0203 code 'NI' = 'National unique individual identifier', given as 'National unique individual identifier'})</span>
      </p>
      <p>
        <b>description</b>: The AHVN13 / NAVS13 - (abbreviation for new thirteen-digit Social Security number) - is an administrative identifier for natural persons in Switzerland. It is issued, announced and administered by the [Central Compensation Office](https://www.zas.admin.ch/zas/de/home/partenaires-et-institutions-/navs13.html). It is available to all organisations and communities for which there is a legal basis.
      </p>
      <p>
        <b>jurisdiction</b>: Switzerland 
        <span style="background: LightGoldenRodYellow">(Details : {urn:iso:std:iso:3166 code 'CH' = 'Switzerland)</span>
      </p>
      <h3>UniqueIds</h3>
      <table class="grid">
        <tr>
          <td>-</td>
          <td>
            <b>Type</b>
          </td>
          <td>
            <b>Value</b>
          </td>
          <td>
            <b>Comment</b>
          </td>
        </tr>
        <tr>
          <td>*</td>
          <td>OID</td>
          <td>2.16.756.5.32</td>
          <td>This is the official identifier</td>
        </tr>
      </table>
    </div>
  </text>
  <name value="AHVN13_NAVS13"/>
  <status value="active"/>
  <kind value="identifier"/>
  <date value="2018-11-27"/>
  <publisher value="HL7 Switzerland"/>
  <contact>
    <name value="HL7 Switzerland"/>
    <telecom>
      <system value="url"/>
      <value value="https://www.hl7.ch/"/>
    </telecom>
  </contact>
  <responsible value="The Federal Department of Finance (FDF) / Central Compensation Office CCO"/>
  <type>
    <coding>
      <system value="http://terminology.hl7.org/CodeSystem/v2-0203"/>
      <code value="NI"/>
      <display value="National unique individual identifier"/>
    </coding>
    <text value="IHI"/>
  </type>
  <description value="The AHVN13 / NAVS13 - (abbreviation for new thirteen-digit Social Security number) - is an administrative identifier for natural persons in Switzerland. It is issued, announced and administered by the [Central Compensation Office](https://www.zas.admin.ch/zas/de/home/partenaires-et-institutions-/navs13.html). It is available to all organisations and communities for which there is a legal basis."/>
  <jurisdiction>
    <coding>
      <system value="urn:iso:std:iso:3166"/>
      <code value="CH"/>
    </coding>
  </jurisdiction>
  <uniqueId>
    <type value="oid"/>
    <value value="2.16.756.5.32"/>
    <comment value="This is the official identifier"/>
  </uniqueId>
</NamingSystem>