<?xml version="1.0" encoding="UTF-8"?>

<AllergyIntolerance xmlns="http://hl7.org/fhir">
  <id value="27da84cc-526a-4098-afb5-f08c7836d893"/>
  <meta>
    <profile value="http://fhir.ch/ig/ch-ips/StructureDefinition/ch-ips-allergyintolerance"/>
  </meta>
  <text>
    <status value="generated"/><div xmlns="http://www.w3.org/1999/xhtml"><p class="res-header-id"><b>Generated Narrative: AllergyIntolerance 27da84cc-526a-4098-afb5-f08c7836d893</b></p><a name="27da84cc-526a-4098-afb5-f08c7836d893"> </a><a name="hc27da84cc-526a-4098-afb5-f08c7836d893"> </a><a name="27da84cc-526a-4098-afb5-f08c7836d893-en-US"> </a><p><b>clinicalStatus</b>: <span title="Codes:{http://terminology.hl7.org/CodeSystem/allergyintolerance-clinical active}">Active</span></p><p><b>verificationStatus</b>: <span title="Codes:{http://terminology.hl7.org/CodeSystem/allergyintolerance-verification confirmed}">Confirmed</span></p><p><b>code</b>: <span title="Codes:{http://snomed.info/sct 716186003}">No known allergy (situation)</span></p><p><b>patient</b>: <a href="Bundle-UC1-SwissIpsDocument2.html#urn-uuid-8383926c-ece1-4384-94bc-b4250b4cb71b">Monika Wegmüller</a></p><p><b>recordedDate</b>: 2024-04-26</p><p><b>recorder</b>: <a href="Bundle-UC1-SwissIpsDocument2.html#urn-uuid-869a4dd9-3a4a-4838-ad1e-42453d341147">Martina Meier @ Spital</a></p></div>
  </text>
  <clinicalStatus>
    <coding>
      <system value="http://terminology.hl7.org/CodeSystem/allergyintolerance-clinical"/>
      <code value="active"/>
      <display value="Active"/>
    </coding>
  </clinicalStatus>
  <verificationStatus>
    <coding>
      <system value="http://terminology.hl7.org/CodeSystem/allergyintolerance-verification"/>
      <code value="confirmed"/>
      <display value="Confirmed"/>
    </coding>
  </verificationStatus>
  <code>
    <coding>
      <system value="http://snomed.info/sct"/>
      <code value="716186003"/>
      <display value="No known allergy (situation)"/>
    </coding>
  </code>
  <patient>
    <reference value="urn:uuid:8383926c-ece1-4384-94bc-b4250b4cb71b"/>
    <type value="Patient"/>
    <display value="Monika Wegmüller"/>
  </patient>
  <recordedDate value="2024-04-26"/>
  <recorder>
    <reference value="urn:uuid:869a4dd9-3a4a-4838-ad1e-42453d341147"/>
    <type value="PractitionerRole"/>
    <display value="Martina Meier @ Spital"/>
  </recorder>
</AllergyIntolerance>