{
  "resourceType" : "DocumentReference",
  "id" : "example",
  "meta" : {
    "profile" : ["http://fhir.ch/ig/ch-lab-order/StructureDefinition/ch-lab-document-reference"]
  },
  "text" : {
    "status" : "generated",
    "div" : "<div xmlns=\"http://www.w3.org/1999/xhtml\"><p><b>Generated Narrative: DocumentReference </b><a name=\"example\"> </a><a name=\"hcexample\"> </a></p><div style=\"display: inline-block; background-color: #d9e0e7; padding: 6px; margin: 4px; border: 1px solid #8da1b4; border-radius: 5px; line-height: 60%\"><p style=\"margin-bottom: 0px\">ResourceDocumentReference &quot;example&quot; </p><p style=\"margin-bottom: 0px\">Profile: <a href=\"StructureDefinition-ch-lab-document-reference.html\">CH Core DocumentReference</a></p></div><p><b>masterIdentifier</b>: <a href=\"http://terminology.hl7.org/5.4.0/NamingSystem-uri.html\" title=\"As defined by RFC 3986 (http://www.ietf.org/rfc/rfc3986.txt)(with many schemes defined in many RFCs). For OIDs and UUIDs, use the URN form (urn:oid:(note: lowercase) and urn:uuid:). See http://www.ietf.org/rfc/rfc3001.txt and http://www.ietf.org/rfc/rfc4122.txt \r\n\r\nThis oid is used as an identifier II.root to indicate the the extension is an absolute URI (technically, an IRI). Typically, this is used for OIDs and GUIDs. Note that when this OID is used with OIDs and GUIDs, the II.extension should start with urn:oid or urn:uuid: \r\n\r\nNote that this OID is created to aid with interconversion between CDA and FHIR - FHIR uses urn:ietf:rfc:3986 as equivalent to this OID. URIs as identifiers appear more commonly in FHIR.\r\n\r\nThis OID may also be used in CD.codeSystem.\">Uniform Resource Identifier (URI)</a>/urn:oid:1.3.6.1.4.1.21367.2005.3.7</p><p><b>identifier</b>: <a href=\"http://terminology.hl7.org/5.4.0/NamingSystem-uri.html\" title=\"As defined by RFC 3986 (http://www.ietf.org/rfc/rfc3986.txt)(with many schemes defined in many RFCs). For OIDs and UUIDs, use the URN form (urn:oid:(note: lowercase) and urn:uuid:). See http://www.ietf.org/rfc/rfc3001.txt and http://www.ietf.org/rfc/rfc4122.txt \r\n\r\nThis oid is used as an identifier II.root to indicate the the extension is an absolute URI (technically, an IRI). Typically, this is used for OIDs and GUIDs. Note that when this OID is used with OIDs and GUIDs, the II.extension should start with urn:oid or urn:uuid: \r\n\r\nNote that this OID is created to aid with interconversion between CDA and FHIR - FHIR uses urn:ietf:rfc:3986 as equivalent to this OID. URIs as identifiers appear more commonly in FHIR.\r\n\r\nThis OID may also be used in CD.codeSystem.\">Uniform Resource Identifier (URI)</a>/urn:oid:1.3.6.1.4.1.21367.2005.3.7.1234</p><p><b>status</b>: current</p><p><b>docStatus</b>: preliminary</p><p><b>type</b>: History and physical report (record artifact) <span style=\"background: LightGoldenRodYellow; margin: 4px; border: 1px solid khaki\"> (<a href=\"https://browser.ihtsdotools.org/\">SNOMED CT</a>#371529009)</span></p><p><b>category</b>: Referral note (record artifact) <span style=\"background: LightGoldenRodYellow; margin: 4px; border: 1px solid khaki\"> (<a href=\"https://browser.ihtsdotools.org/\">SNOMED CT</a>#721927009)</span></p><p><b>subject</b>: <a href=\"Patient-HansGuggindieluft.html\">Patient/HansGuggindieluft</a> &quot; GUGGINDIELUFT&quot;</p><p><b>date</b>: Dec 23, 2005, 10:43:41\u202fPM</p><p><b>author</b>: <a href=\"PractitionerRole-MarcMustermannGruppenpraxis.html\">PractitionerRole/MarcMustermannGruppenpraxis</a></p><p><b>authenticator</b>: <a href=\"Organization-Gruppenpraxis.html\">Organization/Gruppenpraxis</a> &quot;Gruppenpraxis Olten&quot;</p><p><b>custodian</b>: <a href=\"Organization-Gruppenpraxis.html\">Organization/Gruppenpraxis</a> &quot;Gruppenpraxis Olten&quot;</p><h3>RelatesTos</h3><table class=\"grid\"><tr><td style=\"display: none\">-</td><td><b>Code</b></td><td><b>Target</b></td></tr><tr><td style=\"display: none\">*</td><td>appends</td><td><a href=\"DocumentReference-example.html\">DocumentReference/example</a></td></tr></table><p><b>description</b>: Physical</p><p><b>securityLabel</b>: normal <span style=\"background: LightGoldenRodYellow; margin: 4px; border: 1px solid khaki\"> (<a href=\"http://terminology.hl7.org/5.4.0/CodeSystem-v3-Confidentiality.html\">Confidentiality</a>#N)</span></p><blockquote><p><b>content</b></p><h3>Attachments</h3><table class=\"grid\"><tr><td style=\"display: none\">-</td><td><b>ContentType</b></td><td><b>Language</b></td><td><b>Url</b></td><td><b>Size</b></td><td><b>Hash</b></td><td><b>Title</b></td><td><b>Creation</b></td></tr><tr><td style=\"display: none\">*</td><td>application/fhir+xml</td><td>en-US</td><td><a href=\"http://example.org/xds/mhd/Binary/07a6483f-732b-461e-86b6-edb665c45510\">http://example.org/xds/mhd/Binary/07a6483f-732b-461e-86b6-edb665c45510</a></td><td>3654</td><td>(base64 data - 20 bytes)</td><td>Physical</td><td>2005-12-24 09:35:00+1100</td></tr></table></blockquote></div>"
  },
  "masterIdentifier" : {
    "system" : "urn:ietf:rfc:3986",
    "value" : "urn:oid:1.3.6.1.4.1.21367.2005.3.7"
  },
  "identifier" : [{
    "system" : "urn:ietf:rfc:3986",
    "value" : "urn:oid:1.3.6.1.4.1.21367.2005.3.7.1234"
  }],
  "status" : "current",
  "docStatus" : "preliminary",
  "type" : {
    "coding" : [{
      "system" : "http://snomed.info/sct",
      "code" : "371529009",
      "display" : "History and physical report (record artifact)"
    }]
  },
  "category" : [{
    "coding" : [{
      "system" : "http://snomed.info/sct",
      "code" : "721927009",
      "display" : "Referral note (record artifact)"
    }]
  }],
  "subject" : {
    "reference" : "Patient/HansGuggindieluft"
  },
  "date" : "2005-12-24T09:43:41+11:00",
  "author" : [{
    "reference" : "PractitionerRole/MarcMustermannGruppenpraxis"
  }],
  "authenticator" : {
    "reference" : "Organization/Gruppenpraxis"
  },
  "custodian" : {
    "reference" : "Organization/Gruppenpraxis"
  },
  "relatesTo" : [{
    "code" : "appends",
    "target" : {
      "reference" : "DocumentReference/example"
    }
  }],
  "description" : "Physical",
  "securityLabel" : [{
    "coding" : [{
      "system" : "http://terminology.hl7.org/CodeSystem/v3-Confidentiality",
      "code" : "N",
      "display" : "normal"
    }]
  }],
  "content" : [{
    "attachment" : {
      "contentType" : "application/fhir+xml",
      "language" : "en-US",
      "url" : "http://example.org/xds/mhd/Binary/07a6483f-732b-461e-86b6-edb665c45510",
      "size" : 3654,
      "hash" : "2jmj7l5rSw0yVb/vlWAYkK/YBwk=",
      "title" : "Physical",
      "creation" : "2005-12-24T09:35:00+11:00"
    }
  }]
}