{
  "resourceType" : "Practitioner",
  "id" : "ResponseReceiverSabineMeier",
  "text" : {
    "status" : "generated",
    "div" : "<div xmlns=\"http://www.w3.org/1999/xhtml\"><p><b>Generated Narrative: Practitioner </b><a name=\"ResponseReceiverSabineMeier\"> </a><a name=\"hcResponseReceiverSabineMeier\"> </a></p><div style=\"display: inline-block; background-color: #d9e0e7; padding: 6px; margin: 4px; border: 1px solid #8da1b4; border-radius: 5px; line-height: 60%\"><p style=\"margin-bottom: 0px\">ResourcePractitioner &quot;ResponseReceiverSabineMeier&quot; </p></div><p><b>name</b>: Sabine Meier (Official)</p><p><b>telecom</b>: ph: 044 333 22 11(WORK), <a href=\"mailto:sabine.meier@gruppenpraxis.ch\">sabine.meier@gruppenpraxis.ch</a></p></div>"
  },
  "name" : [{
    "use" : "official",
    "family" : "Meier",
    "given" : ["Sabine"],
    "prefix" : ["Dr. med."],
    "_prefix" : [{
      "extension" : [{
        "url" : "http://hl7.org/fhir/StructureDefinition/iso21090-EN-qualifier",
        "valueCode" : "AC"
      }]
    }]
  }],
  "telecom" : [{
    "system" : "phone",
    "value" : "044 333 22 11",
    "use" : "work"
  },
  {
    "system" : "email",
    "value" : "sabine.meier@gruppenpraxis.ch",
    "use" : "work"
  }]
}