{
  "resourceType" : "ValueSet",
  "id" : "reasons-for-order",
  "meta" : {
    "lastUpdated" : "2020-03-10T13:30:00Z"
  },
  "language" : "en-US",
  "text" : {
    "status" : "generated",
    "div" : "<div xmlns=\"http://www.w3.org/1999/xhtml\" xml:lang=\"en-US\" lang=\"en-US\"><ul><li>Include codes from<a href=\"http://www.snomed.org/\"><code>http://snomed.info/sct</code></a> where concept  is-a 138875005 (SNOMED CT Concept)</li></ul></div>"
  },
  "url" : "http://fhir.ch/ig/ch-lab-order/ValueSet/reasons-for-order",
  "version" : "2.0.0",
  "name" : "ReasonsForOrder",
  "title" : "All Valid Reasons for Ordering a Lab Service",
  "status" : "active",
  "experimental" : false,
  "date" : "2019-12-20",
  "publisher" : "HL7 Switzerland",
  "contact" : [{
    "name" : "HL7 Switzerland",
    "telecom" : [{
      "system" : "url",
      "value" : "https://www.hl7.ch"
    }]
  },
  {
    "name" : "Marcel Hanselmann",
    "telecom" : [{
      "system" : "email",
      "value" : "laborprojektgruppe@gmail.com",
      "use" : "work"
    }]
  }],
  "description" : "Broadest value set that may be referenced by ObservationDefinition.validCodedValueSet",
  "jurisdiction" : [{
    "coding" : [{
      "system" : "urn:iso:std:iso:3166",
      "code" : "CH"
    }]
  }],
  "immutable" : false,
  "copyright" : "This value set includes content from SNOMED CT, which is copyright © 2002+ International Health Terminology Standards Development Organisation (IHTSDO), and distributed by agreement between IHTSDO and HL7. Implementer use of SNOMED CT is not covered by this agreement",
  "compose" : {
    "include" : [{
      "system" : "http://snomed.info/sct",
      "filter" : [{
        "property" : "concept",
        "op" : "is-a",
        "value" : "138875005"
      }]
    }]
  }
}