<?xml version="1.0" encoding="UTF-8"?><CodeSystem xmlns="http://hl7.org/fhir"><id value="ech-11"/><text><status value="generated"/><div xmlns="http://www.w3.org/1999/xhtml"><p>This case-sensitive code system <code>http://fhir.ch/ig/ch-core/CodeSystem/ech-11</code> defines the following codes:</p><table class="codes"><tr><td style="white-space:nowrap"><b>Code</b></td><td><b>Display</b></td><td><b>Definition</b></td></tr><tr><td style="white-space:nowrap">officialName<a name="ech-11-officialName"> </a></td><td>Amtlicher Name (zwingend), BFS-211</td><td>The official name corresponds to the name in the Swiss civil status register. For foreign persons without civil status event in Switzerland, this name corresponds to the name in the foreign passport or on the identity card.</td></tr><tr><td style="white-space:nowrap">originalName<a name="ech-11-originalName"> </a></td><td>Ledigname, BFS-212</td><td>Name in accordance with official documents, which a person maintained immediately before his first marriage or establishment of a registered partnership or, based on a decision to change the name, acquired as a new maiden name.</td></tr><tr><td style="white-space:nowrap">allianceName<a name="ech-11-allianceName"> </a></td><td>Allianzname, BFS-213</td><td>The alliance name indicates the association of two persons who are married or living in a registered partnership. An already used alliance name can be used after dissolution of the marriage or partnership if the official name was not changed at the time of dissolution. The partner's maiden name or the partner's own maidne gname is appended to the official name with a hyphen. On request, the alliance name can be entered in the passport or on the ID card.</td></tr><tr><td style="white-space:nowrap">nameOnForeignPassport<a name="ech-11-nameOnForeignPassport"> </a></td><td>Name im ausländischen Pass, BFS-214</td><td>This name corresponds to the entry in the passport according to the machine-readable zone (MRZ) of the passport.</td></tr><tr><td style="white-space:nowrap">aliasName<a name="ech-11-aliasName"> </a></td><td>Aliasname, BFS-215</td><td>Name (e.g. artist's or order's name) that may be used on the basis of an approved request. The alias name can consist of one or more parts (e.g. also of alias first name and alias name).</td></tr><tr><td style="white-space:nowrap">otherName<a name="ech-11-otherName"> </a></td><td>Andere amtliche Name, BFS-216</td><td>Other official names according to Swiss civil status documents or foreign documents which are neither surnames nor first names.</td></tr><tr><td style="white-space:nowrap">declaredForeignName<a name="ech-11-declaredForeignName"> </a></td><td>Name gemäss Deklaration, BFS-217</td><td/></tr><tr><td style="white-space:nowrap">officialFirstName<a name="ech-11-officialFirstName"> </a></td><td>Amtliche Vornamen (zwingend), BFS-221</td><td>First names as per birth certificate or civil register/Infostar in the order listed or as per foreign identity documents.</td></tr><tr><td style="white-space:nowrap">callName<a name="ech-11-callName"> </a></td><td>Rufname, BFS-222</td><td>A person has the right to choose a call name from the list of his official first names. The call name can consist of one or more first names.</td></tr><tr><td style="white-space:nowrap">firstNameOnForeignPassport<a name="ech-11-firstNameOnForeignPassport"> </a></td><td>Vornamen im ausländischen Pass, BFS-223</td><td>First names for persons of foreign nationality. To use in conjunction with the name in the foreign passport as defined under 214</td></tr><tr><td style="white-space:nowrap">declaredForeignFirstName<a name="ech-11-declaredForeignFirstName"> </a></td><td>Vorname(n) gemäss Deklaration, BFS-224</td><td>For persons of foreign nationality who do not possess official documents (mainly in the field of asylum).</td></tr><tr><td style="white-space:nowrap">contactData<a name="ech-11-contactData"> </a></td><td>Zustelladresse, BFS-61</td><td>Information on how the person can be contacted, at least with the contact address, and possibly further contact information such as identification of the person if the contact address is not the registered resident.</td></tr></table></div></text><url value="http://fhir.ch/ig/ch-core/CodeSystem/ech-11"/><version value="3.0.0"/><name value="ECH11CodeSystem"/><title value="eCH-011 Types"/><status value="active"/><experimental value="false"/><date value="2018-11-12"/><publisher value="HL7 Switzerland"/><contact><name value="HL7 Switzerland"/><telecom><system value="url"/><value value="https://www.hl7.ch/"/></telecom></contact><contact><name value="HL7 Switzerland"/><telecom><system value="url"/><value value="https://www.hl7.ch/"/><use value="work"/></telecom></contact><description value="eCH-011 defines different Types like Names, contactAdress etc. They are further described from the [BFS](https://www.bfs.admin.ch/bfs/de/home/register/personenregister/registerharmonisierung/nomenklaturen.assetdetail.349276.html) in 'Amtlicher Katalog der Merkmale' (Official catalogue of characteristics), Copyright BFS, Neuchâtel 2014, ISBN 978-3-303-00504-0"/><jurisdiction><coding><system value="urn:iso:std:iso:3166"/><code value="CH"/></coding></jurisdiction><copyright value="CC0-1.0"/><caseSensitive value="true"/><compositional value="false"/><versionNeeded value="true"/><content value="complete"/><concept><code value="officialName"/><display value="Amtlicher Name (zwingend), BFS-211"/><definition value="The official name corresponds to the name in the Swiss civil status register. For foreign persons without civil status event in Switzerland, this name corresponds to the name in the foreign passport or on the identity card."/></concept><concept><code value="originalName"/><display value="Ledigname, BFS-212"/><definition value="Name in accordance with official documents, which a person maintained immediately before his first marriage or establishment of a registered partnership or, based on a decision to change the name, acquired as a new maiden name."/></concept><concept><code value="allianceName"/><display value="Allianzname, BFS-213"/><definition value="The alliance name indicates the association of two persons who are married or living in a registered partnership. An already used alliance name can be used after dissolution of the marriage or partnership if the official name was not changed at the time of dissolution. The partner's maiden name or the partner's own maidne gname is appended to the official name with a hyphen. On request, the alliance name can be entered in the passport or on the ID card."/></concept><concept><code value="nameOnForeignPassport"/><display value="Name im ausländischen Pass, BFS-214"/><definition value="This name corresponds to the entry in the passport according to the machine-readable zone (MRZ) of the passport."/></concept><concept><code value="aliasName"/><display value="Aliasname, BFS-215"/><definition value="Name (e.g. artist's or order's name) that may be used on the basis of an approved request. The alias name can consist of one or more parts (e.g. also of alias first name and alias name)."/></concept><concept><code value="otherName"/><display value="Andere amtliche Name, BFS-216"/><definition value="Other official names according to Swiss civil status documents or foreign documents which are neither surnames nor first names."/></concept><concept><code value="declaredForeignName"/><display value="Name gemäss Deklaration, BFS-217"/></concept><concept><code value="officialFirstName"/><display value="Amtliche Vornamen (zwingend), BFS-221"/><definition value="First names as per birth certificate or civil register/Infostar in the order listed or as per foreign identity documents."/></concept><concept><code value="callName"/><display value="Rufname, BFS-222"/><definition value="A person has the right to choose a call name from the list of his official first names. The call name can consist of one or more first names."/></concept><concept><code value="firstNameOnForeignPassport"/><display value="Vornamen im ausländischen Pass, BFS-223"/><definition value="First names for persons of foreign nationality. To use in conjunction with the name in the foreign passport as defined under 214"/></concept><concept><code value="declaredForeignFirstName"/><display value="Vorname(n) gemäss Deklaration, BFS-224"/><definition value="For persons of foreign nationality who do not possess official documents (mainly in the field of asylum)."/></concept><concept><code value="contactData"/><display value="Zustelladresse, BFS-61"/><definition value="Information on how the person can be contacted, at least with the contact address, and possibly further contact information such as identification of the person if the contact address is not the registered resident."/></concept></CodeSystem>