<?xml version="1.0" encoding="UTF-8"?><ValueSet xmlns="http://hl7.org/fhir"><id value="DocumentEntry.eventCodeList"/><meta><source value="https://art-decor.org/fhir/ValueSet/2.16.756.5.30.1.127.3.10.1.8--20220626134421"/><profile value="http://hl7.org/fhir/StructureDefinition/shareablevalueset"/></meta><text><status value="extensions"/><div xmlns="http://www.w3.org/1999/xhtml"><p class="res-header-id"><b>Generated Narrative: ValueSet DocumentEntry.eventCodeList</b></p><a name="DocumentEntry.eventCodeList"> </a><a name="hcDocumentEntry.eventCodeList"> </a><a name="DocumentEntry.eventCodeList-en-US"> </a><div style="display: inline-block; background-color: #d9e0e7; padding: 6px; margin: 4px; border: 1px solid #8da1b4; border-radius: 5px; line-height: 60%"><p style="margin-bottom: 0px"/><p style="margin-bottom: 0px">Information Source: <a href="https://art-decor.org/fhir/ValueSet/2.16.756.5.30.1.127.3.10.1.8--20220626134421">https://art-decor.org/fhir/ValueSet/2.16.756.5.30.1.127.3.10.1.8--20220626134421</a></p><p style="margin-bottom: 0px">Profile: <a href="http://hl7.org/fhir/R4/shareablevalueset.html">Shareable ValueSet</a></p></div><ul><li>Include these codes as defined in <a href="http://dicom.nema.org/resources/ontology/DCM"><code>http://dicom.nema.org/resources/ontology/DCM</code></a><table class="none"><tr><td style="white-space:nowrap"><b>Code</b></td><td><b>Display</b></td><td><b>Definition</b></td></tr><tr><td><a href="http://hl7.org/fhir/R4/codesystem-dicom-dcim.html#dicom-dcim-OPTENF">OPTENF</a></td><td>Ophthalmic Tomography En Face</td><td/></tr><tr><td><a href="http://hl7.org/fhir/R4/codesystem-dicom-dcim.html#dicom-dcim-OPTBSV">OPTBSV</a></td><td>Ophthalmic Tomography B-scan Volume Analysis</td><td/></tr><tr><td><a href="http://hl7.org/fhir/R4/codesystem-dicom-dcim.html#dicom-dcim-OPV">OPV</a></td><td>Ophthalmic Visual Field</td><td>Modality device that measures visual fields and perform visual perimetry</td></tr><tr><td><a href="http://hl7.org/fhir/R4/codesystem-dicom-dcim.html#dicom-dcim-DX">DX</a></td><td>Digital Radiography</td><td>Digital Radiography device</td></tr><tr><td><a href="http://hl7.org/fhir/R4/codesystem-dicom-dcim.html#dicom-dcim-OPT">OPT</a></td><td>Ophthalmic Tomography</td><td>Tomography of the eye acquired by a modality that is based on light and optical principles. Tomography based on other principles, such as ultrasound, is excluded</td></tr><tr><td><a href="http://hl7.org/fhir/R4/codesystem-dicom-dcim.html#dicom-dcim-BMD">BMD</a></td><td>Bone Mineral Densitometry</td><td>Bone Mineral Densitometry by X-Ray (modality), including dual-energy X-Ray absorptiometry (DXA) and morphometric X-Ray absorptiometry (MXA)</td></tr><tr><td><a href="http://hl7.org/fhir/R4/codesystem-dicom-dcim.html#dicom-dcim-MG">MG</a></td><td>Mammography</td><td>Mammography device</td></tr><tr><td><a href="http://hl7.org/fhir/R4/codesystem-dicom-dcim.html#dicom-dcim-SM">SM</a></td><td>Slide Microscopy</td><td>Slide Microscopy</td></tr><tr><td><a href="http://hl7.org/fhir/R4/codesystem-dicom-dcim.html#dicom-dcim-US">US</a></td><td>Ultrasound</td><td>Ultrasound device</td></tr><tr><td><a href="http://hl7.org/fhir/R4/codesystem-dicom-dcim.html#dicom-dcim-OP">OP</a></td><td>Ophthalmic Photography</td><td>Ophthalmic photography modality</td></tr><tr><td><a href="http://hl7.org/fhir/R4/codesystem-dicom-dcim.html#dicom-dcim-IVOCT">IVOCT</a></td><td>Intravascular Optical Coherence Tomography</td><td>An acquisition device, process or method that performs intravascular optical coherence tomography</td></tr><tr><td><a href="http://hl7.org/fhir/R4/codesystem-dicom-dcim.html#dicom-dcim-MR">MR</a></td><td>Magnetic Resonance</td><td>Magnetic Resonance device</td></tr><tr><td><a href="http://hl7.org/fhir/R4/codesystem-dicom-dcim.html#dicom-dcim-ECG">ECG</a></td><td>Electrocardiography</td><td>Electrocardiography device</td></tr><tr><td><a href="http://hl7.org/fhir/R4/codesystem-dicom-dcim.html#dicom-dcim-GM">GM</a></td><td>General Microscopy</td><td>General Microscopy device</td></tr><tr><td><a href="http://hl7.org/fhir/R4/codesystem-dicom-dcim.html#dicom-dcim-IO">IO</a></td><td>Intra-oral Radiography</td><td>Intra-oral Radiography device</td></tr><tr><td><a href="http://hl7.org/fhir/R4/codesystem-dicom-dcim.html#dicom-dcim-XA">XA</a></td><td>X-Ray Angiography</td><td>X-Ray Angiography device</td></tr><tr><td><a href="http://hl7.org/fhir/R4/codesystem-dicom-dcim.html#dicom-dcim-XC">XC</a></td><td>External-camera Photography</td><td>External-camera Photography device</td></tr><tr><td><a href="http://hl7.org/fhir/R4/codesystem-dicom-dcim.html#dicom-dcim-VA">VA</a></td><td>Visual Acuity</td><td>Visual Acuity device</td></tr><tr><td><a href="http://hl7.org/fhir/R4/codesystem-dicom-dcim.html#dicom-dcim-IVUS">IVUS</a></td><td>Intravascular Ultrasound</td><td>Intravascular Ultrasound device</td></tr><tr><td><a href="http://hl7.org/fhir/R4/codesystem-dicom-dcim.html#dicom-dcim-CR">CR</a></td><td>Computed Radiography</td><td>Computed Radiography device</td></tr><tr><td><a href="http://hl7.org/fhir/R4/codesystem-dicom-dcim.html#dicom-dcim-ES">ES</a></td><td>Endoscopy</td><td>Endoscopy device</td></tr><tr><td><a href="http://hl7.org/fhir/R4/codesystem-dicom-dcim.html#dicom-dcim-AR">AR</a></td><td>Autorefraction</td><td>Autorefraction device</td></tr><tr><td><a href="http://hl7.org/fhir/R4/codesystem-dicom-dcim.html#dicom-dcim-CT">CT</a></td><td>Computed Tomography</td><td>Computed Tomography device</td></tr><tr><td><a href="http://hl7.org/fhir/R4/codesystem-dicom-dcim.html#dicom-dcim-OSS">OSS</a></td><td>Optical Surface Scanner</td><td>An acquisition device, process or method that performs optical surface scanning</td></tr><tr><td><a href="http://hl7.org/fhir/R4/codesystem-dicom-dcim.html#dicom-dcim-LEN">LEN</a></td><td>Lensometry</td><td>Lensometry device</td></tr><tr><td><a href="http://hl7.org/fhir/R4/codesystem-dicom-dcim.html#dicom-dcim-RG">RG</a></td><td>Radiographic imaging</td><td>Radiographic imaging (conventional film/screen)</td></tr><tr><td><a href="http://hl7.org/fhir/R4/codesystem-dicom-dcim.html#dicom-dcim-RF">RF</a></td><td>Radiofluoroscopy</td><td>Radiofluoroscopy device</td></tr><tr><td><a href="http://hl7.org/fhir/R4/codesystem-dicom-dcim.html#dicom-dcim-KER">KER</a></td><td>Keratometry</td><td>Keratometry device</td></tr><tr><td><a href="http://hl7.org/fhir/R4/codesystem-dicom-dcim.html#dicom-dcim-HD">HD</a></td><td>Hemodynamic Waveform</td><td>Hemodynamic Waveform acquisition device</td></tr><tr><td><a href="http://hl7.org/fhir/R4/codesystem-dicom-dcim.html#dicom-dcim-OAM">OAM</a></td><td>Ophthalmic Axial Measurements</td><td>Measurements of the axial length of the eye, which are done by various devices</td></tr><tr><td><a href="http://hl7.org/fhir/R4/codesystem-dicom-dcim.html#dicom-dcim-NM">NM</a></td><td>Nuclear Medicine</td><td>Nuclear Medicine device</td></tr><tr><td><a href="http://hl7.org/fhir/R4/codesystem-dicom-dcim.html#dicom-dcim-OCT">OCT</a></td><td>Optical Coherence Tomography</td><td>Modality device that uses an interferometric, non-invasive optical tomographic technique to image 2D slices and 3D volumes of tissue using visible and near visible frequencies</td></tr><tr><td><a href="http://hl7.org/fhir/R4/codesystem-dicom-dcim.html#dicom-dcim-BDUS">BDUS</a></td><td>Ultrasound Bone Densitometry</td><td>Ultrasound Bone Densitometry (modality)</td></tr><tr><td><a href="http://hl7.org/fhir/R4/codesystem-dicom-dcim.html#dicom-dcim-PT">PT</a></td><td>Positron emission tomography</td><td>Positron emission tomography (PET) device</td></tr><tr><td><a href="http://hl7.org/fhir/R4/codesystem-dicom-dcim.html#dicom-dcim-EPS">EPS</a></td><td>Cardiac Electrophysiology</td><td>Cardiac Electrophysiology device</td></tr><tr><td><a href="http://hl7.org/fhir/R4/codesystem-dicom-dcim.html#dicom-dcim-PX">PX</a></td><td>Panoramic X-Ray</td><td>Panoramic X-Ray device</td></tr><tr><td><a href="http://hl7.org/fhir/R4/codesystem-dicom-dcim.html#dicom-dcim-SRF">SRF</a></td><td>Subjective Refraction</td><td>Subjective Refraction device</td></tr><tr><td><a href="http://hl7.org/fhir/R4/codesystem-dicom-dcim.html#dicom-dcim-OPM">OPM</a></td><td>Ophthalmic Mapping</td><td>Modality device that measures corneal topography, corneal or retinal thickness, and other similar parameters that are typically displayed as maps</td></tr><tr><td><a href="http://hl7.org/fhir/R4/codesystem-dicom-dcim.html#dicom-dcim-OPR">OPR</a></td><td>Ophthalmic Refraction</td><td>Modality device that measures the refractive characteristics of the eye</td></tr></table></li></ul><p><b>Additional Language Displays</b></p><table class="codes"><tr><td><b>Code</b></td><td><b>Deutsch (Schweiz) (German (Switzerland), de)</b></td><td><b>English (United States) (English (United States), en)</b></td><td><b>French (Switzerland) (fr)</b></td><td><b>Italian (Switzerland) (it)</b></td><td><b>rm</b></td></tr><tr><td>OPTENF</td><td>Ophthalmische Tomographie En Face</td><td>Ophthalmic Tomography En Face</td><td>Tomographie ophtalmique en face</td><td>Tomografia oftalmica En Face</td><td>Ophthalmische Tomographie En Face</td></tr><tr><td>OPTBSV</td><td>Ophthalmologische Tomographie B-Scan Volumenanalyse</td><td>Ophthalmic Tomography B-scan Volume Analysis</td><td>Analyse du volume de la tomographie ophtalmique B-scan</td><td>Analisi del volume della scansione B della tomografia oftalmica</td><td>Ophthalmologische Tomographie B-Scan Volumenanalyse</td></tr><tr><td>OPV</td><td>Gesichtsfeld der Augen</td><td>Ophthalmic Visual Field</td><td>Champ visuel ophtalmique</td><td>Perimetria computerizzata</td><td>Gesichtsfeld der Augen</td></tr><tr><td>DX</td><td>Digitales Röntgen</td><td>Digital Radiography</td><td>Radiologie numérique</td><td>Radiografia digitale</td><td>Digitales Röntgen</td></tr><tr><td>OPT</td><td>Augentomografie</td><td>Ophthalmic Tomography</td><td>Tomographie ophtalmique</td><td>Tomografia ottica computerizzata</td><td>Augentomografie</td></tr><tr><td>BMD</td><td>Knochenmineraldensitometrie</td><td>Bone Mineral Densitometry</td><td>Densitométrie minérale osseuse</td><td>Mineralometria ossea computerizzata</td><td>Knochenmineraldensitometrie</td></tr><tr><td>MG</td><td>Mammografie</td><td>Mammography</td><td>Mammographie</td><td>Mammografia</td><td>Mammografie</td></tr><tr><td>SM</td><td>Objektträger Mikroskopie</td><td>Slide Microscopy</td><td>Microscopie avec lamelles</td><td>Microscopia a vetrini</td><td>Objektträger Mikroskopie</td></tr><tr><td>US</td><td>Ultraschall</td><td>Ultrasound</td><td>Ultrason</td><td>Ecografia</td><td>Ultraschall</td></tr><tr><td>OP</td><td>Augenfotografie</td><td>Ophthalmic Photography</td><td>Photographie ophtalmique</td><td>Fotografia oftalmica</td><td>Augenfotografie</td></tr><tr><td>IVOCT</td><td>Intravaskuläre optische Kohärenztomografie</td><td>Intravascular Optical Coherence Tomography</td><td>Tomographie en cohérence optique intravasculaire</td><td>Tomografia intravascolare a coerenza ottica</td><td>Intravaskuläre optische Kohärenztomografie</td></tr><tr><td>MR</td><td>Magnetresonanz</td><td>Magnetic Resonance</td><td>Résonance magnétique</td><td>Risonanza magnetica</td><td>Magnetresonanz</td></tr><tr><td>ECG</td><td>Elektrokardiografie</td><td>Electrocardiography</td><td>Électrocardiographie</td><td>Elettrocardiografia</td><td>Elektrokardiografie</td></tr><tr><td>GM</td><td>Allgemeine Mikroskopie</td><td>General Microscopy</td><td>Microscopie générale</td><td>Microscopia generale</td><td>Allgemeine Mikroskopie</td></tr><tr><td>IO</td><td>Intraorales Röntgen</td><td>Intra-oral Radiography</td><td>Radiographie intra-orale</td><td>Radiografia intraorale</td><td>Intraorales Röntgen</td></tr><tr><td>XA</td><td>Röntgen-Angiografie</td><td>X-Ray Angiography</td><td>Angiographie par rayons X</td><td>Angiografia a raggi X</td><td>Röntgen-Angiografie</td></tr><tr><td>XC</td><td>Fotografie mit externer Kamera</td><td>External-camera Photography</td><td>Photographie par appareil externe</td><td>Fotografia con fotocamera esterna</td><td>Fotografie mit externer Kamera</td></tr><tr><td>VA</td><td>Sehschärfe</td><td>Visual Acuity</td><td>Acuité visuelle</td><td>Acutezza visiva</td><td>Sehschärfe</td></tr><tr><td>IVUS</td><td>Intravaskulärer Ultraschall</td><td>Intravascular Ultrasound</td><td>Ultrason intravasculaire</td><td>Ecografia intravascolare</td><td>Intravaskulärer Ultraschall</td></tr><tr><td>CR</td><td>Computerradiografie</td><td>Computed Radiography</td><td>Radiographie numérique</td><td>Radiografia computerizzata</td><td>Computerradiografie</td></tr><tr><td>ES</td><td>Endoskopie</td><td>Endoscopy</td><td>Endoscopie</td><td>Endoscopia</td><td>Endoskopie</td></tr><tr><td>AR</td><td>Autorefraktion</td><td>Autorefraction</td><td>Autoréfraction</td><td>Autorifrazione</td><td>Autorefraktion</td></tr><tr><td>CT</td><td>Computertomografie</td><td>Computed Tomography</td><td>Tomographie numérique</td><td>Tomografia computerizzata</td><td>Computertomografie</td></tr><tr><td>OSS</td><td>Optischer Oberflächenscanner</td><td>Optical Surface Scanner</td><td>Scanneur optique de surface</td><td>Scanner ottico per superfici</td><td>Optischer Oberflächenscanner</td></tr><tr><td>LEN</td><td>Linsenmessung</td><td>Lensometry</td><td>Lensométrie</td><td>Focometria</td><td>Linsenmessung</td></tr><tr><td>RG</td><td>Röntgenbildgebung</td><td>Radiographic imaging</td><td>Imagerie radiographique</td><td>Imaging radiografico</td><td>Röntgenbildgebung</td></tr><tr><td>RF</td><td>Radio-Fluoroskopie</td><td>Radiofluoroscopy</td><td>Radio-fluoroscopie</td><td>Radiofluoroscopia</td><td>Radio-Fluoroskopie</td></tr><tr><td>KER</td><td>Keratometrie</td><td>Keratometry</td><td>Kératométrie</td><td>Cheratometria</td><td>Keratometrie</td></tr><tr><td>HD</td><td>Hämodynamische Druckkurve</td><td>Hemodynamic Waveform</td><td>Courbe hémodynamique</td><td>Monitoraggio emodinamico</td><td>Hämodynamische Druckkurve</td></tr><tr><td>OAM</td><td>Augenachsenmessungen</td><td>Ophthalmic Axial Measurements</td><td>Mesures axiales ophtalmiques</td><td>Misurazioni oftalmiche assiali</td><td>Augenachsenmessungen</td></tr><tr><td>NM</td><td>Nuklearmedizin</td><td>Nuclear Medicine</td><td>Médecine nucléaire</td><td>Medicina nucleare</td><td>Nuklearmedizin</td></tr><tr><td>OCT</td><td>Optische Kohärenztomografie</td><td>Optical Coherence Tomography</td><td>Tomographie en cohérence optique</td><td>Tomografia a coerenza ottica</td><td>Optische Kohärenztomografie</td></tr><tr><td>BDUS</td><td>Ultraschall-Knochendichtemessung</td><td>Ultrasound Bone Densitometry</td><td>Densitométrie osseuse par ultrasons</td><td>Densitometria ossea a ultrasuoni</td><td>Ultraschall-Knochendichtemessun</td></tr><tr><td>PT</td><td>Positronen-Emissions-Tomografie</td><td>Positron emission tomography</td><td>Tomographie par émission de positons</td><td>Tomografia a emissione di positroni</td><td>Positronen-Emissions-Tomografie</td></tr><tr><td>EPS</td><td>Herz-Elektrophysiologie</td><td>Cardiac Electrophysiology</td><td>Électrophysiologie cardiaque</td><td>Elettrofisiologia cardiaca</td><td>Herz-Elektrophysiologie</td></tr><tr><td>PX</td><td>Panoramaröntgen</td><td>Panoramic X-Ray</td><td>Radiographie panoramique</td><td>Radiografia panoramica</td><td>Panoramaröntgen</td></tr><tr><td>SRF</td><td>Subjektive Refraktion</td><td>Subjective Refraction</td><td>Réfraction subjective</td><td>Rifrazione soggettiva</td><td>Subjektive Refraktion</td></tr><tr><td>OPM</td><td>Augenkartierung</td><td>Ophthalmic Mapping</td><td>Cartographie ophtalmique</td><td>Mappatura oftalmica</td><td>Augenkartierung</td></tr><tr><td>OPR</td><td>Augenrefraktion</td><td>Ophthalmic Refraction</td><td>Réfraction ophtalmique</td><td>Rifrazione oggettiva</td><td>Augenrefraktion</td></tr></table></div></text><extension url="http://hl7.org/fhir/StructureDefinition/resource-effectivePeriod"><valuePeriod><start value="2022-06-26T13:44:21+02:00"/></valuePeriod></extension><url value="http://fhir.ch/ig/ch-term/ValueSet/DocumentEntry.eventCodeList"/><identifier><use value="official"/><system value="urn:ietf:rfc:3986"/><value value="urn:oid:2.16.756.5.30.1.127.3.10.1.8"/></identifier><version value="3.1.0"/><name value="DocumentEntryEventCodeList"/><title value="DocumentEntry.eventCodeList"/><status value="active"/><experimental value="false"/><date value="2024-12-17T13:29:11+00:00"/><publisher value="HL7 Switzerland"/><contact><name value="HL7 Switzerland"/><telecom><system value="url"/><value value="https://www.hl7.ch/"/></telecom></contact><contact><name value="HL7 Switzerland"/><telecom><system value="url"/><value value="https://www.hl7.ch/"/><use value="work"/></telecom></contact><description value="DocumentEntry.eventCodeList"/><jurisdiction><coding><system value="urn:iso:std:iso:3166"/><code value="CH"/></coding></jurisdiction><immutable value="false"/><copyright value="CC0-1.0"/><compose><include><system value="http://dicom.nema.org/resources/ontology/DCM"/><concept><code value="OPTENF"/><display value="Ophthalmic Tomography En Face"/><designation><language value="de-CH"/><value value="Ophthalmische Tomographie En Face"/></designation><designation><language value="fr-CH"/><value value="Tomographie ophtalmique en face"/></designation><designation><language value="it-CH"/><value value="Tomografia oftalmica En Face"/></designation><designation><language value="rm-CH"/><value value="Ophthalmische Tomographie En Face"/></designation><designation><language value="en-US"/><value value="Ophthalmic Tomography En Face"/></designation></concept><concept><code value="OPTBSV"/><display value="Ophthalmic Tomography B-scan Volume Analysis"/><designation><language value="de-CH"/><value value="Ophthalmologische Tomographie B-Scan Volumenanalyse"/></designation><designation><language value="fr-CH"/><value value="Analyse du volume de la tomographie ophtalmique B-scan"/></designation><designation><language value="it-CH"/><value value="Analisi del volume della scansione B della tomografia oftalmica"/></designation><designation><language value="rm-CH"/><value value="Ophthalmologische Tomographie B-Scan Volumenanalyse"/></designation><designation><language value="en-US"/><value value="Ophthalmic Tomography B-scan Volume Analysis"/></designation></concept><concept><code value="OPV"/><display value="Ophthalmic Visual Field"/><designation><language value="de-CH"/><value value="Gesichtsfeld der Augen"/></designation><designation><language value="fr-CH"/><value value="Champ visuel ophtalmique"/></designation><designation><language value="it-CH"/><value value="Perimetria computerizzata"/></designation><designation><language value="rm-CH"/><value value="Gesichtsfeld der Augen"/></designation><designation><language value="en-US"/><value value="Ophthalmic Visual Field"/></designation></concept><concept><code value="DX"/><display value="Digital Radiography"/><designation><language value="de-CH"/><value value="Digitales Röntgen"/></designation><designation><language value="fr-CH"/><value value="Radiologie numérique"/></designation><designation><language value="it-CH"/><value value="Radiografia digitale"/></designation><designation><language value="rm-CH"/><value value="Digitales Röntgen"/></designation><designation><language value="en-US"/><value value="Digital Radiography"/></designation></concept><concept><code value="OPT"/><display value="Ophthalmic Tomography"/><designation><language value="de-CH"/><value value="Augentomografie"/></designation><designation><language value="fr-CH"/><value value="Tomographie ophtalmique"/></designation><designation><language value="it-CH"/><value value="Tomografia ottica computerizzata"/></designation><designation><language value="rm-CH"/><value value="Augentomografie"/></designation><designation><language value="en-US"/><value value="Ophthalmic Tomography"/></designation></concept><concept><code value="BMD"/><display value="Bone Mineral Densitometry"/><designation><language value="de-CH"/><value value="Knochenmineraldensitometrie"/></designation><designation><language value="fr-CH"/><value value="Densitométrie minérale osseuse"/></designation><designation><language value="it-CH"/><value value="Mineralometria ossea computerizzata"/></designation><designation><language value="rm-CH"/><value value="Knochenmineraldensitometrie"/></designation><designation><language value="en-US"/><value value="Bone Mineral Densitometry"/></designation></concept><concept><code value="MG"/><display value="Mammography"/><designation><language value="de-CH"/><value value="Mammografie"/></designation><designation><language value="fr-CH"/><value value="Mammographie"/></designation><designation><language value="it-CH"/><value value="Mammografia"/></designation><designation><language value="rm-CH"/><value value="Mammografie"/></designation><designation><language value="en-US"/><value value="Mammography"/></designation></concept><concept><code value="SM"/><display value="Slide Microscopy"/><designation><language value="de-CH"/><value value="Objektträger Mikroskopie"/></designation><designation><language value="fr-CH"/><value value="Microscopie avec lamelles"/></designation><designation><language value="it-CH"/><value value="Microscopia a vetrini"/></designation><designation><language value="rm-CH"/><value value="Objektträger Mikroskopie"/></designation><designation><language value="en-US"/><value value="Slide Microscopy"/></designation></concept><concept><code value="US"/><display value="Ultrasound"/><designation><language value="de-CH"/><value value="Ultraschall"/></designation><designation><language value="fr-CH"/><value value="Ultrason"/></designation><designation><language value="it-CH"/><value value="Ecografia"/></designation><designation><language value="rm-CH"/><value value="Ultraschall"/></designation><designation><language value="en-US"/><value value="Ultrasound"/></designation></concept><concept><code value="OP"/><display value="Ophthalmic Photography"/><designation><language value="de-CH"/><value value="Augenfotografie"/></designation><designation><language value="fr-CH"/><value value="Photographie ophtalmique"/></designation><designation><language value="it-CH"/><value value="Fotografia oftalmica"/></designation><designation><language value="rm-CH"/><value value="Augenfotografie"/></designation><designation><language value="en-US"/><value value="Ophthalmic Photography"/></designation></concept><concept><code value="IVOCT"/><display value="Intravascular Optical Coherence Tomography"/><designation><language value="de-CH"/><value value="Intravaskuläre optische Kohärenztomografie"/></designation><designation><language value="fr-CH"/><value value="Tomographie en cohérence optique intravasculaire"/></designation><designation><language value="it-CH"/><value value="Tomografia intravascolare a coerenza ottica"/></designation><designation><language value="rm-CH"/><value value="Intravaskuläre optische Kohärenztomografie"/></designation><designation><language value="en-US"/><value value="Intravascular Optical Coherence Tomography"/></designation></concept><concept><code value="MR"/><display value="Magnetic Resonance"/><designation><language value="de-CH"/><value value="Magnetresonanz"/></designation><designation><language value="fr-CH"/><value value="Résonance magnétique"/></designation><designation><language value="it-CH"/><value value="Risonanza magnetica"/></designation><designation><language value="rm-CH"/><value value="Magnetresonanz"/></designation><designation><language value="en-US"/><value value="Magnetic Resonance"/></designation></concept><concept><code value="ECG"/><display value="Electrocardiography"/><designation><language value="de-CH"/><value value="Elektrokardiografie"/></designation><designation><language value="fr-CH"/><value value="Électrocardiographie"/></designation><designation><language value="it-CH"/><value value="Elettrocardiografia"/></designation><designation><language value="rm-CH"/><value value="Elektrokardiografie"/></designation><designation><language value="en-US"/><value value="Electrocardiography"/></designation></concept><concept><code value="GM"/><display value="General Microscopy"/><designation><language value="de-CH"/><value value="Allgemeine Mikroskopie"/></designation><designation><language value="fr-CH"/><value value="Microscopie générale"/></designation><designation><language value="it-CH"/><value value="Microscopia generale"/></designation><designation><language value="rm-CH"/><value value="Allgemeine Mikroskopie"/></designation><designation><language value="en-US"/><value value="General Microscopy"/></designation></concept><concept><code value="IO"/><display value="Intra-oral Radiography"/><designation><language value="de-CH"/><value value="Intraorales Röntgen"/></designation><designation><language value="fr-CH"/><value value="Radiographie intra-orale"/></designation><designation><language value="it-CH"/><value value="Radiografia intraorale"/></designation><designation><language value="rm-CH"/><value value="Intraorales Röntgen"/></designation><designation><language value="en-US"/><value value="Intra-oral Radiography"/></designation></concept><concept><code value="XA"/><display value="X-Ray Angiography"/><designation><language value="de-CH"/><value value="Röntgen-Angiografie"/></designation><designation><language value="fr-CH"/><value value="Angiographie par rayons X"/></designation><designation><language value="it-CH"/><value value="Angiografia a raggi X"/></designation><designation><language value="rm-CH"/><value value="Röntgen-Angiografie"/></designation><designation><language value="en-US"/><value value="X-Ray Angiography"/></designation></concept><concept><code value="XC"/><display value="External-camera Photography"/><designation><language value="de-CH"/><value value="Fotografie mit externer Kamera"/></designation><designation><language value="fr-CH"/><value value="Photographie par appareil externe"/></designation><designation><language value="it-CH"/><value value="Fotografia con fotocamera esterna"/></designation><designation><language value="rm-CH"/><value value="Fotografie mit externer Kamera"/></designation><designation><language value="en-US"/><value value="External-camera Photography"/></designation></concept><concept><code value="VA"/><display value="Visual Acuity"/><designation><language value="de-CH"/><value value="Sehschärfe"/></designation><designation><language value="fr-CH"/><value value="Acuité visuelle"/></designation><designation><language value="it-CH"/><value value="Acutezza visiva"/></designation><designation><language value="rm-CH"/><value value="Sehschärfe"/></designation><designation><language value="en-US"/><value value="Visual Acuity"/></designation></concept><concept><code value="IVUS"/><display value="Intravascular Ultrasound"/><designation><language value="de-CH"/><value value="Intravaskulärer Ultraschall"/></designation><designation><language value="fr-CH"/><value value="Ultrason intravasculaire"/></designation><designation><language value="it-CH"/><value value="Ecografia intravascolare"/></designation><designation><language value="rm-CH"/><value value="Intravaskulärer Ultraschall"/></designation><designation><language value="en-US"/><value value="Intravascular Ultrasound"/></designation></concept><concept><code value="CR"/><display value="Computed Radiography"/><designation><language value="de-CH"/><value value="Computerradiografie"/></designation><designation><language value="fr-CH"/><value value="Radiographie numérique"/></designation><designation><language value="it-CH"/><value value="Radiografia computerizzata"/></designation><designation><language value="rm-CH"/><value value="Computerradiografie"/></designation><designation><language value="en-US"/><value value="Computed Radiography"/></designation></concept><concept><code value="ES"/><display value="Endoscopy"/><designation><language value="de-CH"/><value value="Endoskopie"/></designation><designation><language value="fr-CH"/><value value="Endoscopie"/></designation><designation><language value="it-CH"/><value value="Endoscopia"/></designation><designation><language value="rm-CH"/><value value="Endoskopie"/></designation><designation><language value="en-US"/><value value="Endoscopy"/></designation></concept><concept><code value="AR"/><display value="Autorefraction"/><designation><language value="de-CH"/><value value="Autorefraktion"/></designation><designation><language value="fr-CH"/><value value="Autoréfraction"/></designation><designation><language value="it-CH"/><value value="Autorifrazione"/></designation><designation><language value="rm-CH"/><value value="Autorefraktion"/></designation><designation><language value="en-US"/><value value="Autorefraction"/></designation></concept><concept><code value="CT"/><display value="Computed Tomography"/><designation><language value="de-CH"/><value value="Computertomografie"/></designation><designation><language value="fr-CH"/><value value="Tomographie numérique"/></designation><designation><language value="it-CH"/><value value="Tomografia computerizzata"/></designation><designation><language value="rm-CH"/><value value="Computertomografie"/></designation><designation><language value="en-US"/><value value="Computed Tomography"/></designation></concept><concept><code value="OSS"/><display value="Optical Surface Scanner"/><designation><language value="de-CH"/><value value="Optischer Oberflächenscanner"/></designation><designation><language value="fr-CH"/><value value="Scanneur optique de surface"/></designation><designation><language value="it-CH"/><value value="Scanner ottico per superfici"/></designation><designation><language value="rm-CH"/><value value="Optischer Oberflächenscanner"/></designation><designation><language value="en-US"/><value value="Optical Surface Scanner"/></designation></concept><concept><code value="LEN"/><display value="Lensometry"/><designation><language value="de-CH"/><value value="Linsenmessung"/></designation><designation><language value="fr-CH"/><value value="Lensométrie"/></designation><designation><language value="it-CH"/><value value="Focometria"/></designation><designation><language value="rm-CH"/><value value="Linsenmessung"/></designation><designation><language value="en-US"/><value value="Lensometry"/></designation></concept><concept><code value="RG"/><display value="Radiographic imaging"/><designation><language value="de-CH"/><value value="Röntgenbildgebung"/></designation><designation><language value="fr-CH"/><value value="Imagerie radiographique"/></designation><designation><language value="it-CH"/><value value="Imaging radiografico"/></designation><designation><language value="rm-CH"/><value value="Röntgenbildgebung"/></designation><designation><language value="en-US"/><value value="Radiographic imaging"/></designation></concept><concept><code value="RF"/><display value="Radiofluoroscopy"/><designation><language value="de-CH"/><value value="Radio-Fluoroskopie"/></designation><designation><language value="fr-CH"/><value value="Radio-fluoroscopie"/></designation><designation><language value="it-CH"/><value value="Radiofluoroscopia"/></designation><designation><language value="rm-CH"/><value value="Radio-Fluoroskopie"/></designation><designation><language value="en-US"/><value value="Radiofluoroscopy"/></designation></concept><concept><code value="KER"/><display value="Keratometry"/><designation><language value="de-CH"/><value value="Keratometrie"/></designation><designation><language value="fr-CH"/><value value="Kératométrie"/></designation><designation><language value="it-CH"/><value value="Cheratometria"/></designation><designation><language value="rm-CH"/><value value="Keratometrie"/></designation><designation><language value="en-US"/><value value="Keratometry"/></designation></concept><concept><code value="HD"/><display value="Hemodynamic Waveform"/><designation><language value="de-CH"/><value value="Hämodynamische Druckkurve"/></designation><designation><language value="fr-CH"/><value value="Courbe hémodynamique"/></designation><designation><language value="it-CH"/><value value="Monitoraggio emodinamico"/></designation><designation><language value="rm-CH"/><value value="Hämodynamische Druckkurve"/></designation><designation><language value="en-US"/><value value="Hemodynamic Waveform"/></designation></concept><concept><code value="OAM"/><display value="Ophthalmic Axial Measurements"/><designation><language value="de-CH"/><value value="Augenachsenmessungen"/></designation><designation><language value="fr-CH"/><value value="Mesures axiales ophtalmiques"/></designation><designation><language value="it-CH"/><value value="Misurazioni oftalmiche assiali"/></designation><designation><language value="rm-CH"/><value value="Augenachsenmessungen"/></designation><designation><language value="en-US"/><value value="Ophthalmic Axial Measurements"/></designation></concept><concept><code value="NM"/><display value="Nuclear Medicine"/><designation><language value="de-CH"/><value value="Nuklearmedizin"/></designation><designation><language value="fr-CH"/><value value="Médecine nucléaire"/></designation><designation><language value="it-CH"/><value value="Medicina nucleare"/></designation><designation><language value="rm-CH"/><value value="Nuklearmedizin"/></designation><designation><language value="en-US"/><value value="Nuclear Medicine"/></designation></concept><concept><code value="OCT"/><display value="Optical Coherence Tomography"/><designation><language value="de-CH"/><value value="Optische Kohärenztomografie"/></designation><designation><language value="fr-CH"/><value value="Tomographie en cohérence optique"/></designation><designation><language value="it-CH"/><value value="Tomografia a coerenza ottica"/></designation><designation><language value="rm-CH"/><value value="Optische Kohärenztomografie"/></designation><designation><language value="en-US"/><value value="Optical Coherence Tomography"/></designation></concept><concept><code value="BDUS"/><display value="Ultrasound Bone Densitometry"/><designation><language value="de-CH"/><value value="Ultraschall-Knochendichtemessung"/></designation><designation><language value="fr-CH"/><value value="Densitométrie osseuse par ultrasons"/></designation><designation><language value="it-CH"/><value value="Densitometria ossea a ultrasuoni"/></designation><designation><language value="rm-CH"/><value value="Ultraschall-Knochendichtemessun"/></designation><designation><language value="en-US"/><value value="Ultrasound Bone Densitometry"/></designation></concept><concept><code value="PT"/><display value="Positron emission tomography"/><designation><language value="de-CH"/><value value="Positronen-Emissions-Tomografie"/></designation><designation><language value="fr-CH"/><value value="Tomographie par émission de positons"/></designation><designation><language value="it-CH"/><value value="Tomografia a emissione di positroni"/></designation><designation><language value="rm-CH"/><value value="Positronen-Emissions-Tomografie"/></designation><designation><language value="en-US"/><value value="Positron emission tomography"/></designation></concept><concept><code value="EPS"/><display value="Cardiac Electrophysiology"/><designation><language value="de-CH"/><value value="Herz-Elektrophysiologie"/></designation><designation><language value="fr-CH"/><value value="Électrophysiologie cardiaque"/></designation><designation><language value="it-CH"/><value value="Elettrofisiologia cardiaca"/></designation><designation><language value="rm-CH"/><value value="Herz-Elektrophysiologie"/></designation><designation><language value="en-US"/><value value="Cardiac Electrophysiology"/></designation></concept><concept><code value="PX"/><display value="Panoramic X-Ray"/><designation><language value="de-CH"/><value value="Panoramaröntgen"/></designation><designation><language value="fr-CH"/><value value="Radiographie panoramique"/></designation><designation><language value="it-CH"/><value value="Radiografia panoramica"/></designation><designation><language value="rm-CH"/><value value="Panoramaröntgen"/></designation><designation><language value="en-US"/><value value="Panoramic X-Ray"/></designation></concept><concept><code value="SRF"/><display value="Subjective Refraction"/><designation><language value="de-CH"/><value value="Subjektive Refraktion"/></designation><designation><language value="fr-CH"/><value value="Réfraction subjective"/></designation><designation><language value="it-CH"/><value value="Rifrazione soggettiva"/></designation><designation><language value="rm-CH"/><value value="Subjektive Refraktion"/></designation><designation><language value="en-US"/><value value="Subjective Refraction"/></designation></concept><concept><code value="OPM"/><display value="Ophthalmic Mapping"/><designation><language value="de-CH"/><value value="Augenkartierung"/></designation><designation><language value="fr-CH"/><value value="Cartographie ophtalmique"/></designation><designation><language value="it-CH"/><value value="Mappatura oftalmica"/></designation><designation><language value="rm-CH"/><value value="Augenkartierung"/></designation><designation><language value="en-US"/><value value="Ophthalmic Mapping"/></designation></concept><concept><code value="OPR"/><display value="Ophthalmic Refraction"/><designation><language value="de-CH"/><value value="Augenrefraktion"/></designation><designation><language value="fr-CH"/><value value="Réfraction ophtalmique"/></designation><designation><language value="it-CH"/><value value="Rifrazione oggettiva"/></designation><designation><language value="rm-CH"/><value value="Augenrefraktion"/></designation><designation><language value="en-US"/><value value="Ophthalmic Refraction"/></designation></concept></include></compose></ValueSet>