<?xml version="1.0" encoding="UTF-8"?>

<ValueSet xmlns="http://hl7.org/fhir">
  <id value="AccessAuditTrailEventType"/>
  <meta>
    <profile value="http://hl7.org/fhir/StructureDefinition/shareablevalueset"/>
  </meta>
  <text>
    <status value="generated"/><div xmlns="http://www.w3.org/1999/xhtml"><ul><li>Include these codes as defined in <a href="https://build.fhir.org/ig/hl7ch/ch-epr-term//CodeSystem-2.16.756.5.30.1.127.3.10.7.html"><code>urn:oid:2.16.756.5.30.1.127.3.10.7</code></a><table class="none"><tr><td style="white-space:nowrap"><b>Code</b></td><td><b>Display</b></td></tr><tr><td><a href="https://build.fhir.org/ig/hl7ch/ch-epr-term//CodeSystem-2.16.756.5.30.1.127.3.10.7.html#2.16.756.5.30.1.127.3.10.7-ATC_LOG_READ">ATC_LOG_READ</a></td><td>Accessing the Patient Audit Record Repository</td><td/></tr></table></li></ul></div>
  </text>
  <url value="http://fhir.ch/ig/ch-atc/ValueSet/AccessAuditTrailEventType"/>
  <version value="3.1.0"/>
  <name value="AccessAuditTrailEventType"/>
  <title value="AccessAuditTrailEventType"/>
  <status value="draft"/>
  <experimental value="false"/>
  <date value="2018-05-28T00:00:00+02:00"/>
  <publisher value="eHealth Suisse"/>
  <contact>
    <name value="eHealth Suisse"/>
    <telecom>
      <system value="url"/>
      <value value="https://www.e-health-suisse.ch/"/>
    </telecom>
  </contact>
  <contact>
    <name value="Oliver Egger"/>
    <telecom>
      <system value="email"/>
      <value value="oliver.egger@ahdis.ch"/>
    </telecom>
  </contact>
  <description value="Implementation Guide for CH ATC see Audit Trail Consumption"/>
  <jurisdiction>
    <coding>
      <system value="urn:iso:std:iso:3166"/>
      <code value="CH"/>
    </coding>
  </jurisdiction>
  <immutable value="false"/>
  <compose>
    <include>
      <system value="urn:oid:2.16.756.5.30.1.127.3.10.7"/>
      <concept>
        <code value="ATC_LOG_READ"/>
      </concept>
    </include>
  </compose>
</ValueSet>