<?xml version="1.0" encoding="UTF-8"?>

<Composition xmlns="http://hl7.org/fhir">
  <id value="RDA03-Composition-b"/>
  <meta>
    <profile value="http://fhir.ch/ig/ch-vacd/StructureDefinition/ch-vacd-composition-vaccination-record"/>
  </meta>
  <language value="en-US"/>
  <text>
    <status value="generated"/><div xmlns="http://www.w3.org/1999/xhtml" xml:lang="en-US" lang="en-US"><h3>Vaccination Record</h3><p><b>Id: </b>RDA03-Composition</p><p><b>Identifier: </b><span>urn:ietf:rfc:3986#urn:uuid:8c845f76-eadc-4472-9d89-ad5e313a7b19</span></p><p><b>Status: </b>Final</p><p><b>Code: </b><span>Immunization record (http://snomed.info/sct#41000179103)</span></p><p><b>Patient: </b><a href="Patient-TC-patient.html">Patient/TC-patient</a> Wegmueller Monika</p><p><b>Date: </b>September 5, 2021</p><p><b>Authors:</b></p><table><tr><td><p><a href="Patient-TC-patient.html">Patient/TC-patient</a> Wegmueller Monika</p></td></tr></table><p><b>Confidentiality: </b>null<span> Normal (qualifier value) (http://snomed.info/sct#17621005)</span></p><p><b>Sections:</b></p><table><tr><td>Immunization Administration</td></tr><tr><td>Comments</td></tr></table></div>
  </text>
  <identifier>
    <system value="urn:ietf:rfc:3986"/>
    <value value="urn:uuid:8c845f76-eadc-4472-9d89-ad5e313a7b19"/>
  </identifier>
  <status value="final"/>
  <type>
    <coding>
      <system value="http://snomed.info/sct"/>
      <code value="41000179103"/>
      <display value="Immunization record"/>
    </coding>
  </type>
  <category>
    <coding>
      <system value="urn:oid:2.16.756.5.30.1.127.3.10.10"/>
      <code value="urn:che:epr:ch-vacd:vaccination-record:2022"/>
    </coding>
  </category>
  <subject>
    <reference value="Patient/TC-patient"/>
  </subject>
  <date value="2021-09-05T00:00:00.390+02:00"/>
  <author>
    <reference value="Device/TC-Device-Aggregator"/>
  </author>
  <title value="Vaccination Record"/>
  <confidentiality value="N">
    <extension url="http://fhir.ch/ig/ch-core/StructureDefinition/ch-ext-epr-confidentialitycode">
      <valueCodeableConcept>
        <coding>
          <system value="http://snomed.info/sct"/>
          <code value="17621005"/>
          <display value="Normal (qualifier value)"/>
        </coding>
      </valueCodeableConcept>
    </extension>
  </confidentiality>
  <custodian>
    <reference value="Organization/TC-ORG1"/>
  </custodian>
  <section id="administration">
    <title value="Immunization Administration"/>
    <code>
      <coding>
        <system value="http://loinc.org"/>
        <code value="11369-6"/>
        <display value="Hx of Immunization"/>
      </coding>
    </code>
    <text>
      <status value="generated"/><div xmlns="http://www.w3.org/1999/xhtml" xml:lang="en-US" lang="en-US"><p><b>Code: </b><span>Hx of Immunization (http://loinc.org#11369-6)</span></p><p><b>Entries:</b></p><table><tr><td><a href="Immunization-TCA01-IMMUN1-patient.html">Immunization/TCA01-IMMUN1-patient</a></td></tr><tr><td><a href="Immunization-TCA01-IMMUN2-HCP1-ORG1-ROLE.html">Immunization/TCA01-IMMUN2-HCP1-ORG1-ROLE</a></td></tr><tr><td><a href="Immunization-TCA01-IMMUN3-HCP2-ORG2-ROLE.html">Immunization/TCA01-IMMUN3-HCP2-ORG2-ROLE</a></td></tr><tr><td><a href="Immunization-TCA02-IMMUN4-HCP2-ORG2-ROLE.html">Immunization/TCA02-IMMUN4-HCP2-ORG2-ROLE</a></td></tr><tr><td><a href="Immunization-TCA03-IMMUN5-patient.html">Immunization/TCA03-IMMUN5-patient</a></td></tr></table></div>
    </text>
    <entry>
      <reference value="Immunization/TCA01-IMMUN1-patient"/>
    </entry>
    <entry>
      <reference value="Immunization/TCA01-IMMUN2-HCP1-ORG1-ROLE"/>
    </entry>
    <entry>
      <reference value="Immunization/TCA01-IMMUN3-HCP2-ORG2-ROLE"/>
    </entry>
    <entry>
      <reference value="Immunization/TCA02-IMMUN4-HCP2-ORG2-ROLE"/>
    </entry>
    <entry>
      <reference value="Immunization/TCA03-IMMUN5-patient"/>
    </entry>
  </section>
  <section id="Annotation">
    <title value="Comments"/>
    <code>
      <coding>
        <system value="http://loinc.org"/>
        <code value="48767-8"/>
        <display value="Annotation comment Imp"/>
      </coding>
    </code>
    <text>
      <status value="generated"/><div xmlns="http://www.w3.org/1999/xhtml" xml:lang="en-US" lang="en-US"><p><b>Code: </b><span>Annotation comment [Interpretation] Narrative (http://loinc.org#48767-8)</span></p></div>
    </text>
  </section>
</Composition>