<?xml version="1.0" encoding="UTF-8"?>

<Composition xmlns="http://hl7.org/fhir">
  <id value="UC1-Composition"/>
  <language value="de-CH"/>
  <text>
    <status value="generated"/><div xmlns="http://www.w3.org/1999/xhtml" xml:lang="de-CH" lang="de-CH"><p class="res-header-id"><b>Generated Narrative: Composition UC1-Composition</b></p><a name="UC1-Composition"> </a><a name="hcUC1-Composition"> </a><div style="display: inline-block; background-color: #d9e0e7; padding: 6px; margin: 4px; border: 1px solid #8da1b4; border-radius: 5px; line-height: 60%"><p style="margin-bottom: 0px">Language: de-CH</p></div><p><b>identifier</b>: <a href="http://terminology.hl7.org/5.3.0/NamingSystem-uri.html" title="As defined by RFC 3986 (http://www.ietf.org/rfc/rfc3986.txt)(with many schemes defined in many RFCs). For OIDs and UUIDs, use the URN form (urn:oid:(note: lowercase) and urn:uuid:). See http://www.ietf.org/rfc/rfc3001.txt and http://www.ietf.org/rfc/rfc4122.txt 

This oid is used as an identifier II.root to indicate the the extension is an absolute URI (technically, an IRI). Typically, this is used for OIDs and GUIDs. Note that when this OID is used with OIDs and GUIDs, the II.extension should start with urn:oid or urn:uuid: 

Note that this OID is created to aid with interconversion between CDA and FHIR - FHIR uses urn:ietf:rfc:3986 as equivalent to this OID. URIs as identifiers appear more commonly in FHIR.

This OID may also be used in CD.codeSystem.">Uniform Resource Identifier (URI)</a>/urn:uuid:7afc1e97-67f8-49a8-91f5-46af596d0609</p><p><b>status</b>: Final</p><p><b>type</b>: <span title="Codes:{http://snomed.info/sct 736377005}">Maternity care plan (record artifact)</span></p><p><b>date</b>: 2025-02-05 10:34:00+0100</p><p><b>author</b>: <a href="PractitionerRole-UC1-PetraSectionataAtFrauenzimmer.html">PractitionerRole Arzt/Ärztin</a></p><p><b>title</b>: Schwangerschaftspass</p><p><b>confidentiality</b>: normal</p></div>
  </text>
  <identifier>
    <system value="urn:ietf:rfc:3986"/>
    <value value="urn:uuid:7afc1e97-67f8-49a8-91f5-46af596d0609"/>
  </identifier>
  <status value="final"/>
  <type>
    <coding>
      <system value="http://snomed.info/sct"/>
      <code value="736377005"/>
      <display value="Maternity care plan (record artifact)"/>
    </coding>
  </type>
  <subject>
    <reference value="Patient/UC1-KatrinKinderlieb"/>
  </subject>
  <date value="2025-02-05T10:34:00+01:00"/>
  <author>
    <reference value="PractitionerRole/UC1-PetraSectionataAtFrauenzimmer"/>
  </author>
  <title value="Schwangerschaftspass"/>
  <confidentiality value="N">
    <extension url="http://fhir.ch/ig/ch-core/StructureDefinition/ch-ext-epr-confidentialitycode">
      <valueCodeableConcept>
        <coding>
          <system value="http://snomed.info/sct"/>
          <code value="17621005"/>
          <display value="Normal (qualifier value)"/>
        </coding>
      </valueCodeableConcept>
    </extension>
  </confidentiality>
  <section>
    <title value="Stammdaten"/>
    <code>
      <coding>
        <system value="http://loinc.org"/>
        <code value="86638-4"/>
        <display value="Patient demographic and administrative information panel [FPAR]"/>
      </coding>
    </code>
    <section>
      <title value="Versicherung"/>
      <code>
        <coding>
          <system value="http://loinc.org"/>
          <code value="35525-5"/>
          <display value="Clinical trial protocol Financing and insurance section"/>
        </coding>
      </code>
      <text>
        <status value="additional"/><div xmlns="http://www.w3.org/1999/xhtml"><p><b>Grundversicherung:</b> Sanitas</p><p><b>Zusatzversicherung:</b> Helsana</p></div>
      </text>
      <entry>
        <reference value="Coverage/UC1-BasicInsurance"/>
      </entry>
      <entry>
        <reference value="Coverage/UC1-SupplementaryInsurance"/>
      </entry>
    </section>
    <section>
      <title value="Elternteil"/>
      <code>
        <coding>
          <system value="http://loinc.org"/>
          <code value="54136-7"/>
          <display value="Relationship to patient Family member"/>
        </coding>
      </code>
      <text>
        <status value="additional"/><div xmlns="http://www.w3.org/1999/xhtml"><p><b>Biologischer Vater:</b> Pierre Kinderlieb</p></div>
      </text>
      <entry>
        <reference value="RelatedPerson/UC1-RelatedPerson-BiologicalFather"/>
      </entry>
    </section>
    <section>
      <title value="Behandelnde Leistungserbringende"/>
      <code>
        <coding>
          <system value="http://loinc.org"/>
          <code value="85847-2"/>
          <display value="Patient Care team information"/>
        </coding>
      </code>
      <text>
        <status value="additional"/><div xmlns="http://www.w3.org/1999/xhtml"><p><b>Gynäkologin:</b> Petra Sectionata, Frauenzimmer</p><p><b>Hausärztin/Hausarzt:</b> keine</p></div>
      </text>
      <entry>
        <reference value="PractitionerRole/UC1-PetraSectionataAtFrauenzimmer"/>
      </entry>
    </section>
  </section>
  <section>
    <title value="Serologische- &amp; Laboruntersuchungen"/>
    <code>
      <coding>
        <system value="http://loinc.org"/>
        <code value="26436-6"/>
        <display value="Laboratory studies (set)"/>
      </coding>
    </code>
    <section>
      <title value="Blutbank-Untersuchungen"/>
      <code>
        <coding>
          <system value="http://loinc.org"/>
          <code value="18717-9"/>
          <display value="Blood bank studies (set)"/>
        </coding>
      </code>
      <text>
        <status value="generated"/><div xmlns="http://www.w3.org/1999/xhtml"><ul><li>Blutgruppe: AB Rh+, 05.02.2025</li><li>Fetaler RhD: Rh+, 05.02.2025</li></ul></div>
      </text>
      <entry>
        <reference value="Observation/UC1-BloodGroup-20250205"/>
      </entry>
      <entry>
        <reference value="Observation/UC1-FetalRhD-20250205"/>
      </entry>
    </section>
    <section>
      <title value="Klinische Chemie"/>
      <code>
        <coding>
          <system value="http://loinc.org"/>
          <code value="18719-5"/>
          <display value="Chemistry studies (set)"/>
        </coding>
      </code>
      <text>
        <status value="generated"/><div xmlns="http://www.w3.org/1999/xhtml"><ul><li>Kreatinin: 1.2 mg/dl (hoch), 05.02.2025</li><li>Harnsäure: 6.3 mg/dl (hoch), 05.02.2025</li><li>GFR: 54 ml/min, 05.02.2025</li><li>GGT: 43 U/l, 05.02.2025</li><li>GOT/AST/ASAT: 43 U/l, 05.02.2025</li><li>ALAT: 98 U/l, 05.02.2025</li><li>AP: 109 U/l, 05.02.2025</li><li>Glucose: 8.1 mmol/l, 05.02.2025</li></ul></div>
      </text>
      <entry>
        <reference value="Observation/UC1-Creatinine-20250205"/>
      </entry>
      <entry>
        <reference value="Observation/UC1-Urate-20250205"/>
      </entry>
      <entry>
        <reference value="Observation/UC1-GFR-20250205"/>
      </entry>
      <entry>
        <reference value="Observation/UC1-GGT-20250205"/>
      </entry>
      <entry>
        <reference value="Observation/UC1-AST-20250205"/>
      </entry>
      <entry>
        <reference value="Observation/UC1-ALAT-20250205"/>
      </entry>
      <entry>
        <reference value="Observation/UC1-AP-20250205"/>
      </entry>
      <entry>
        <reference value="Observation/UC1-GlucoseLab-20250205"/>
      </entry>
    </section>
    <section>
      <title value="Hämatologie"/>
      <code>
        <coding>
          <system value="http://loinc.org"/>
          <code value="18723-7"/>
          <display value="Hematology studies (set)"/>
        </coding>
      </code>
      <text>
        <status value="generated"/><div xmlns="http://www.w3.org/1999/xhtml"><ul><li>Hkt: 46 %, 05.02.2025</li><li>Thrombozyten: 130, 05.02.2025</li></ul></div>
      </text>
      <entry>
        <reference value="Observation/UC1-Hematocrit-20250205"/>
      </entry>
      <entry>
        <reference value="Observation/UC1-Platelets-20250205"/>
      </entry>
    </section>
  </section>
  <section>
    <title value="Schwangerschaftsverlauf"/>
    <code>
      <coding>
        <system value="http://loinc.org"/>
        <code value="57059-8"/>
        <display value="Pregnancy visit summary note Narrative"/>
      </coding>
    </code>
    <text>
      <status value="generated"/><div xmlns="http://www.w3.org/1999/xhtml"><b>Untersuchung vom 05.02.2025</b><ul><li>SSW: 37</li><li>Gewicht: 82.0 kg</li><li>Gewichtszunahme: 12.5 kg</li><li>Blutdruck: 160/100 mmHg</li><li>Urin: Zucker positiv, Nitrit positiv</li><li>Bauchumfang: 101 cm</li><li>Fundusstand: Rb/0</li><li>Vaginalbefund: bland</li><li>Kindsbewegung: normal</li><li>Herztöne: 162 /min</li><li>Kindslage: Schädellage</li></ul><b>Untersuchung vom 23.01.2025</b><ul><li>SSW: 35</li><li>Gewicht: 80.6 kg</li><li>Gewichtszunahme: 11.1 kg</li><li>Blutdruck: 120/80 mmHg</li></ul></div>
    </text>
    <entry>
      <reference value="Encounter/UC1-EncounterMother20250205"/>
    </entry>
    <entry>
      <reference value="Encounter/UC1-EncounterMother20250123"/>
    </entry>
    <entry>
      <reference value="Encounter/UC1-EncounterChild20250205"/>
    </entry>
    <entry>
      <reference value="Encounter/UC1-EncounterChild20250123"/>
    </entry>
    <entry>
      <reference value="Observation/UC1-GestationalAgeInDays-20250205"/>
    </entry>
    <entry>
      <reference value="Observation/UC1-GestationalAgeInDays-20250123"/>
    </entry>
    <entry>
      <reference value="Observation/UC1-BodyWeight-20250205"/>
    </entry>
    <entry>
      <reference value="Observation/UC1-BodyWeight-20250123"/>
    </entry>
    <entry>
      <reference value="Observation/UC1-WeightGain-20250205"/>
    </entry>
    <entry>
      <reference value="Observation/UC1-WeightGain-20250123"/>
    </entry>
    <entry>
      <reference value="Observation/UC1-BloodPressure-20250205"/>
    </entry>
    <entry>
      <reference value="Observation/UC1-UrineFinding-20250205"/>
    </entry>
    <entry>
      <reference value="Observation/UC1-AbdominalCircumference-20250205"/>
    </entry>
    <entry>
      <reference value="Observation/UC1-FundusHeight-20250205"/>
    </entry>
    <entry>
      <reference value="Observation/UC1-VaginaFeature-20250205"/>
    </entry>
    <entry>
      <reference value="Observation/UC1-BloodPressure-20250123"/>
    </entry>
    <entry>
      <reference value="Observation/UC1-FetalMovement-20250205"/>
    </entry>
    <entry>
      <reference value="Observation/UC1-FetalHeartFeature-20250205"/>
    </entry>
    <entry>
      <reference value="Observation/UC1-FetalPosition-20250205"/>
    </entry>
  </section>
</Composition>