<?xml version="1.0" encoding="UTF-8"?>

<Observation xmlns="http://hl7.org/fhir">
  <id value="UC1-BloodGroup-20250205"/>
  <language value="de-CH"/>
  <text>
    <status value="generated"/><div xmlns="http://www.w3.org/1999/xhtml" xml:lang="de-CH" lang="de-CH"><p class="res-header-id"><b>Generated Narrative: Observation UC1-BloodGroup-20250205</b></p><a name="UC1-BloodGroup-20250205"> </a><a name="hcUC1-BloodGroup-20250205"> </a><div style="display: inline-block; background-color: #d9e0e7; padding: 6px; margin: 4px; border: 1px solid #8da1b4; border-radius: 5px; line-height: 60%"><p style="margin-bottom: 0px">Language: de-CH</p></div><p><b>status</b>: Final</p><p><b>category</b>: <span title="Codes:{http://terminology.hl7.org/CodeSystem/observation-category laboratory}">Laboratory</span></p><p><b>code</b>: <span title="Codes:{http://snomed.info/sct 365636006}">Finding of blood group (finding)</span></p><p><b>subject</b>: <a href="Patient-UC1-KatrinKinderlieb.html">Katrin Emily Kinderlieb Female, DoB: 1986-01-18 ( urn:oid:2.16.756.5.30.1.123.100.1.1.1#80756015090002647590)</a></p><p><b>effective</b>: 2025-02-05</p><p><b>performer</b>: <a href="Organization-UC1-LaborPipette.html">Organization Labor Pipette</a></p><p><b>value</b>: <span title="Codes:{http://snomed.info/sct 278151004}">Blood group AB Rh(D) positive (finding)</span></p></div>
  </text>
  <status value="final"/>
  <category>
    <coding>
      <system value="http://terminology.hl7.org/CodeSystem/observation-category"/>
      <code value="laboratory"/>
      <display value="Laboratory"/>
    </coding>
  </category>
  <code>
    <coding>
      <system value="http://snomed.info/sct"/>
      <code value="365636006"/>
      <display value="Finding of blood group (finding)"/>
    </coding>
  </code>
  <subject>
    <reference value="Patient/UC1-KatrinKinderlieb"/>
  </subject>
  <effectiveDateTime value="2025-02-05"/>
  <performer>
    <reference value="Organization/UC1-LaborPipette"/>
  </performer>
  <valueCodeableConcept>
    <coding>
      <system value="http://snomed.info/sct"/>
      <code value="278151004"/>
      <display value="Blood group AB Rh(D) positive (finding)"/>
    </coding>
  </valueCodeableConcept>
</Observation>