<?xml version="1.0" encoding="UTF-8"?>

<Observation xmlns="http://hl7.org/fhir">
  <id value="bbd6f1bc-1d87-4c90-a313-98bea06c3dfb"/>
  <language value="de-CH"/>
  <text>
    <status value="generated"/><div xmlns="http://www.w3.org/1999/xhtml" xml:lang="de-CH" lang="de-CH"><p class="res-header-id"><b>Generated Narrative: Observation bbd6f1bc-1d87-4c90-a313-98bea06c3dfb</b></p><a name="bbd6f1bc-1d87-4c90-a313-98bea06c3dfb"> </a><a name="hcbbd6f1bc-1d87-4c90-a313-98bea06c3dfb"> </a><div style="display: inline-block; background-color: #d9e0e7; padding: 6px; margin: 4px; border: 1px solid #8da1b4; border-radius: 5px; line-height: 60%"><p style="margin-bottom: 0px">Language: de-CH</p></div><p><b>status</b>: Final</p><p><b>code</b>: <span title="Codes:{http://loinc.org 72516-8}">Glucose [Moles/volume] in Blood by Automated test strip</span></p><p><b>subject</b>: <a href="Bundle-UC2-Document.html#urn-uuid-76c2c5aa-3d7f-438d-b23d-56ce827695fd">Fabienne Babyglück</a></p><p><b>encounter</b>: <a href="Bundle-UC2-Document.html#urn-uuid-8e89c502-964f-4234-9728-540d881b0380">Untersuchung Mutter, 26.03.2025</a></p><p><b>effective</b>: 2025-03-26</p><p><b>performer</b>: <a href="Bundle-UC2-Document.html#urn-uuid-89029102-999c-4b69-a836-e4dbfbd55527">Tanja Allesgut @ Geburtsklinik</a></p><p><b>value</b>: 4.7 millimole per liter<span style="background: LightGoldenRodYellow"> (Details: UCUM  codemmol/L = 'mmol/L')</span></p></div>
  </text>
  <status value="final"/>
  <code>
    <coding>
      <system value="http://loinc.org"/>
      <code value="72516-8"/>
      <display value="Glucose [Moles/volume] in Blood by Automated test strip"/>
    </coding>
  </code>
  <subject>
    <reference value="urn:uuid:76c2c5aa-3d7f-438d-b23d-56ce827695fd"/>
    <display value="Fabienne Babyglück"/>
  </subject>
  <encounter>
    <reference value="urn:uuid:8e89c502-964f-4234-9728-540d881b0380"/>
    <display value="Untersuchung Mutter, 26.03.2025"/>
  </encounter>
  <effectiveDateTime value="2025-03-26"/>
  <performer>
    <reference value="urn:uuid:89029102-999c-4b69-a836-e4dbfbd55527"/>
    <display value="Tanja Allesgut @ Geburtsklinik"/>
  </performer>
  <valueQuantity>
    <value value="4.7"/>
    <unit value="millimole per liter"/>
    <system value="http://unitsofmeasure.org"/>
    <code value="mmol/L"/>
  </valueQuantity>
</Observation>