<?xml version="1.0" encoding="UTF-8"?>

<Practitioner xmlns="http://hl7.org/fhir">
  <id value="FamilienHausarzt"/>
  <meta>
    <profile value="http://fhir.ch/ig/ch-core/StructureDefinition/ch-core-practitioner-epr"/>
  </meta>
  <text>
    <status value="generated"/><div xmlns="http://www.w3.org/1999/xhtml"><p><b>Generated Narrative: Practitioner</b><a name="FamilienHausarzt"> </a></p><div style="display: inline-block; background-color: #d9e0e7; padding: 6px; margin: 4px; border: 1px solid #8da1b4; border-radius: 5px; line-height: 60%"><p style="margin-bottom: 0px">Resource Practitioner &quot;FamilienHausarzt&quot; </p><p style="margin-bottom: 0px">Profile: <a href="file:///home/michaela/github/ch-core/output/StructureDefinition-ch-core-practitioner-epr.html">CH Core Practitioner EPR</a></p></div><p><b>identifier</b>: id: 7601000234438</p><p><b>name</b>: Familien Hausarzt </p><p><b>address</b>: Krankenstrasse 2 Zürich 8005 CH </p></div>
  </text>
  <identifier>
    <system value="urn:oid:2.51.1.3"/>
    <value value="7601000234438"/>
  </identifier>
  <name>
    <family value="Hausarzt"/>
    <given value="Familien"/>
  </name>
  <address>
    <line value="Krankenstrasse 2"/>
    <city value="Zürich"/>
    <postalCode value="8005"/>
    <country value="CH"/>
  </address>
</Practitioner>