{"resourceType":"CapabilityStatement","id":"IHE.MHD.DocumentResponder","text":{"status":"additional","div":"<div xmlns=\"http://www.w3.org/1999/xhtml\">\n\tThis CapabilityStatement describes the Document Responder actor in the  \n    IHE <a href=\"http://wiki.ihe.net/index.php/Mobile_access_to_Health_Documents_(MHD)\">Mobile access to Health Documents (MHD) Rev. 3.1</a> Profile. \n\tThe IHE MHD Profile text is Normative, this conformance resource is Informative.\n        </div>"},"url":"http://ihe.net/fhir/CapabilityStatement/IHE.MHD.DocumentResponder","version":"0.1.2","name":"IHE_MHD_DocumentResponder","title":"IHE ITI Mobile access to Health Documents (MHD) - Document Responder (server)","status":"active","experimental":false,"date":"2019-07-05","publisher":"eHealth Suisse","contact":[{"name":"eHealth Suisse","telecom":[{"system":"url","value":"https://www.e-health-suisse.ch"}]}],"description":"This CapabilityStatement describes the Document Responder actor in the IHE Mobile access to Health Documents (MHD) Rev. 3.1 Profile. See http://wiki.ihe.net/index.php/Mobile_access_to_Health_Documents_(MHD). The IHE MHD Profile text is Normative, this conformance resource is Informative.","jurisdiction":[{"coding":[{"system":"urn:iso:std:iso:3166","code":"CH"}]}],"copyright":"IHE http://www.ihe.net/Governance/#Intellectual_Property","kind":"requirements","fhirVersion":"4.0.0","format":["application/fhir+xml","application/fhir+json"],"rest":[{"mode":"server","resource":[{"type":"DocumentReference","profile":"http://ihe.net/fhir/StructureDefinition/IHE.MHD.Query.Minimal.DocumentReference","interaction":[{"code":"read"},{"code":"search-type"}],"searchParam":[{"name":"_id","definition":"http://hl7.org/fhir/SearchParameter/Resource-id","type":"token","documentation":"Logical id of this artifact"},{"name":"_lastUpdated","definition":"http://hl7.org/fhir/SearchParameter/Resource-lastUpdated","type":"date","documentation":"When the resource version last changed"},{"name":"author","definition":"http://hl7.org/fhir/SearchParameter/DocumentReference-author","type":"reference","documentation":"Who and/or what authored the document"},{"name":"category","definition":"http://hl7.org/fhir/SearchParameter/DocumentReference-category","type":"token","documentation":"Categorization of document"},{"name":"event","definition":"http://hl7.org/fhir/SearchParameter/DocumentReference-event","type":"token","documentation":"Main clinical acts documented"},{"name":"facility","definition":"http://hl7.org/fhir/SearchParameter/DocumentReference-facility","type":"token","documentation":"Kind of facility where patient was seen"},{"name":"format","definition":"http://hl7.org/fhir/SearchParameter/DocumentReference-format","type":"token","documentation":"Format/content rules for the document"},{"name":"date","definition":"http://hl7.org/fhir/SearchParameter/DocumentReference-date","type":"date","documentation":"When this document reference was created"},{"name":"identifier","definition":"http://hl7.org/fhir/SearchParameter/clinical-identifier","type":"token","documentation":"The identifier for this DocumentReference"},{"name":"patient","definition":"http://hl7.org/fhir/SearchParameter/clinical-patient","type":"reference","documentation":"Who/what is the subject of the document"},{"name":"period","definition":"http://hl7.org/fhir/SearchParameter/DocumentReference-period","type":"date","documentation":"Time of service that is being documented"},{"name":"related","definition":"http://hl7.org/fhir/SearchParameter/DocumentReference-related","type":"reference","documentation":"Related Resource"},{"name":"security-label","definition":"http://hl7.org/fhir/SearchParameter/DocumentReference-security-label","type":"token","documentation":"Document security-tags"},{"name":"setting","definition":"http://hl7.org/fhir/SearchParameter/DocumentReference-setting","type":"token","documentation":"Additional details about where the content was created (e.g. clinical specialty)"},{"name":"status","definition":"http://hl7.org/fhir/SearchParameter/DocumentReference-status","type":"token","documentation":"current | superseded | entered-in-error"},{"name":"type","definition":"http://hl7.org/fhir/SearchParameter/clinical-type","type":"token","documentation":"Kind of document (LOINC if possible)"}]},{"type":"DocumentManifest","profile":"http://ihe.net/fhir/StructureDefinition/IHE.MHD.Minimal.DocumentManifest","interaction":[{"code":"read"},{"code":"search-type"}],"searchParam":[{"name":"_lastUpdated","definition":"http://hl7.org/fhir/SearchParameter/Resource-lastUpdated","type":"date","documentation":"When the resource version last changed"},{"name":"author","definition":"http://hl7.org/fhir/SearchParameter/DocumentManifest-author","type":"reference","documentation":"Who and/or what authored the manifest"},{"name":"created","definition":"http://hl7.org/fhir/SearchParameter/DocumentManifest-created","type":"date","documentation":"When this document manifest created"},{"name":"patient","definition":"http://hl7.org/fhir/SearchParameter/clinical-patient","type":"reference","documentation":"The subject of the set of documents"},{"name":"recipient","definition":"http://hl7.org/fhir/SearchParameter/DocumentManifest-recipient","type":"reference","documentation":"Intended to get notified about this set of documents"},{"name":"source","definition":"http://hl7.org/fhir/SearchParameter/DocumentManifest-source","type":"uri","documentation":"The source system/application/software"},{"name":"status","definition":"http://hl7.org/fhir/SearchParameter/DocumentManifest-status","type":"token","documentation":"current | superseded | entered-in-error"},{"name":"type","definition":"http://hl7.org/fhir/SearchParameter/clinical-type","type":"token","documentation":"Kind of document set"}]},{"type":"List","profile":"http://ihe.net/fhir/StructureDefinition/IHE.MHD.List","interaction":[{"code":"read"}]},{"type":"Binary","interaction":[{"code":"read"}]}],"interaction":[{"code":"search-system"}]}]}