{
  "resourceType": "CodeSystem",
  "id": "nkrs-diagnosticmethodsused",
  "text": {
    "status": "generated",
    "div": "<div xmlns=\"http://www.w3.org/1999/xhtml\"><h2>NKRS - Diagnostic Methods Used</h2><div><p>The data item records all diagnostic methods used.           <strong>Diagnostic method(s) used (Variable number: 2.8)</strong> in         'NATIONAL CANCER DATA DICTIONARY, V 1.1, Part A, BASIC VARIABLES for Adults, Adolescents, and Children' see           <a href=\"https://www.nkrs.ch\">Nationale Krebsregistrierungsstelle</a> &gt; Partner im Gesundheitswesen &gt;         <a href=\"https://www.nicer.org/assets/files/krebsregistrierung/datadictionary_e-g-f-i.zip\">Information, Grundlagen und Datenstruktur zum KRG</a>.</p>\n</div><p>This code system http://fhir.ch/ig/ch-crl/CodeSystem/nkrs-diagnosticmethodsused defines the following codes:</p><table class=\"codes\"><tr><td style=\"white-space:nowrap\"><b>Code</b></td><td><b>Display</b></td><td><b>Definition</b></td></tr><tr><td style=\"white-space:nowrap\">0<a name=\"nkrs-diagnosticmethodsused-0\"> </a></td><td>Death certificate notification</td><td/></tr><tr><td style=\"white-space:nowrap\">1<a name=\"nkrs-diagnosticmethodsused-1\"> </a></td><td>Clinical examination undefined</td><td/></tr><tr><td style=\"white-space:nowrap\">2<a name=\"nkrs-diagnosticmethodsused-2\"> </a></td><td>Clinical examination defined</td><td/></tr><tr><td style=\"white-space:nowrap\">3<a name=\"nkrs-diagnosticmethodsused-3\"> </a></td><td>Tumour clinically palpable</td><td/></tr><tr><td style=\"white-space:nowrap\">4<a name=\"nkrs-diagnosticmethodsused-4\"> </a></td><td>Radiodiagnostic of tumour (Xray)</td><td/></tr><tr><td style=\"white-space:nowrap\">5<a name=\"nkrs-diagnosticmethodsused-5\"> </a></td><td>Echography of tumour (ultrasound, sonography)</td><td/></tr><tr><td style=\"white-space:nowrap\">6<a name=\"nkrs-diagnosticmethodsused-6\"> </a></td><td>Scintigraphy of tumour (e.g. MIBG)</td><td/></tr><tr><td style=\"white-space:nowrap\">7<a name=\"nkrs-diagnosticmethodsused-7\"> </a></td><td>CT scan of tumour</td><td/></tr><tr><td style=\"white-space:nowrap\">8<a name=\"nkrs-diagnosticmethodsused-8\"> </a></td><td>MRI scan of tumour</td><td/></tr><tr><td style=\"white-space:nowrap\">9<a name=\"nkrs-diagnosticmethodsused-9\"> </a></td><td>Specific imaging of tumour (e.g. PET/CT, SPECT, fluorescent optical imaging)</td><td/></tr><tr><td style=\"white-space:nowrap\">10<a name=\"nkrs-diagnosticmethodsused-10\"> </a></td><td>Imaging to determine spread of disease (metastases)</td><td/></tr><tr><td style=\"white-space:nowrap\">11<a name=\"nkrs-diagnosticmethodsused-11\"> </a></td><td>Endoscopy</td><td/></tr><tr><td style=\"white-space:nowrap\">12<a name=\"nkrs-diagnosticmethodsused-12\"> </a></td><td>Imaging NOS</td><td/></tr><tr><td style=\"white-space:nowrap\">13<a name=\"nkrs-diagnosticmethodsused-13\"> </a></td><td>Specific markers ( biochemical or immunological)</td><td/></tr><tr><td style=\"white-space:nowrap\">14<a name=\"nkrs-diagnosticmethodsused-14\"> </a></td><td>Cytogenetic analysis (karyotype)</td><td/></tr><tr><td style=\"white-space:nowrap\">15<a name=\"nkrs-diagnosticmethodsused-15\"> </a></td><td>Molecular markers (FISH, SNP, MLPA, PCR, DNA sequence etc.)</td><td/></tr><tr><td style=\"white-space:nowrap\">16<a name=\"nkrs-diagnosticmethodsused-16\"> </a></td><td>Cytology NOS / Blood smear / peripheral blood</td><td/></tr><tr><td style=\"white-space:nowrap\">17<a name=\"nkrs-diagnosticmethodsused-17\"> </a></td><td>Cytology of tumour (e.g. fine needle aspirate/ PAP)</td><td/></tr><tr><td style=\"white-space:nowrap\">18<a name=\"nkrs-diagnosticmethodsused-18\"> </a></td><td>Bone marrow aspirate</td><td/></tr><tr><td style=\"white-space:nowrap\">19<a name=\"nkrs-diagnosticmethodsused-19\"> </a></td><td>Bone marrow biopsy</td><td/></tr><tr><td style=\"white-space:nowrap\">20<a name=\"nkrs-diagnosticmethodsused-20\"> </a></td><td>Biopsy unspecified</td><td/></tr><tr><td style=\"white-space:nowrap\">21<a name=\"nkrs-diagnosticmethodsused-21\"> </a></td><td>Biopsy locoregional</td><td/></tr><tr><td style=\"white-space:nowrap\">22<a name=\"nkrs-diagnosticmethodsused-22\"> </a></td><td>Biopsy of metastasis</td><td/></tr><tr><td style=\"white-space:nowrap\">23<a name=\"nkrs-diagnosticmethodsused-23\"> </a></td><td>Biopsy of primary tumour</td><td/></tr><tr><td style=\"white-space:nowrap\">24<a name=\"nkrs-diagnosticmethodsused-24\"> </a></td><td>Biopsy and resection (z.B. melanoma)</td><td/></tr><tr><td style=\"white-space:nowrap\">25<a name=\"nkrs-diagnosticmethodsused-25\"> </a></td><td>Surgical tissue from operation (e.g. neuroendocrine tumours)</td><td/></tr><tr><td style=\"white-space:nowrap\">26<a name=\"nkrs-diagnosticmethodsused-26\"> </a></td><td>Autopsy with histological confirmation</td><td/></tr></table></div>"
  },
  "url": "http://fhir.ch/ig/ch-crl/CodeSystem/nkrs-diagnosticmethodsused",
  "version": "0.2.1",
  "name": "NkrsDiagnosticMethodsUsed",
  "title": "NKRS - Diagnostic Methods Used",
  "status": "draft",
  "date": "2019-11-08T00:00:00+01:00",
  "publisher": "NKRS - Nationale Krebsregistrierungsstelle",
  "contact": [
    {
      "name": "Foundation National Institute for Cancer Epidemiology and Registration (NICER)",
      "telecom": [
        {
          "system": "url",
          "value": "https://www.nicer.org/"
        }
      ]
    }
  ],
  "description": "The data item records all diagnostic methods used.           **Diagnostic method(s) used (Variable number: 2.8)** in         \\'NATIONAL CANCER DATA DICTIONARY, V 1.1, Part A, BASIC VARIABLES for Adults, Adolescents, and Children\\' see           [Nationale Krebsregistrierungsstelle](https://www.nkrs.ch) > Partner im Gesundheitswesen >         [Information, Grundlagen und Datenstruktur zum KRG](https://www.nicer.org/assets/files/krebsregistrierung/datadictionary_e-g-f-i.zip).",
  "caseSensitive": true,
  "valueSet": "http://fhir.ch/ig/ch-crl/ValueSet/nkrs-diagnosticmethodsused",
  "content": "complete",
  "concept": [
    {
      "code": "0",
      "display": "Death certificate notification"
    },
    {
      "code": "1",
      "display": "Clinical examination undefined"
    },
    {
      "code": "2",
      "display": "Clinical examination defined"
    },
    {
      "code": "3",
      "display": "Tumour clinically palpable"
    },
    {
      "code": "4",
      "display": "Radiodiagnostic of tumour (Xray)"
    },
    {
      "code": "5",
      "display": "Echography of tumour (ultrasound, sonography)"
    },
    {
      "code": "6",
      "display": "Scintigraphy of tumour (e.g. MIBG)"
    },
    {
      "code": "7",
      "display": "CT scan of tumour"
    },
    {
      "code": "8",
      "display": "MRI scan of tumour"
    },
    {
      "code": "9",
      "display": "Specific imaging of tumour (e.g. PET/CT, SPECT, fluorescent optical imaging)"
    },
    {
      "code": "10",
      "display": "Imaging to determine spread of disease (metastases)"
    },
    {
      "code": "11",
      "display": "Endoscopy"
    },
    {
      "code": "12",
      "display": "Imaging NOS"
    },
    {
      "code": "13",
      "display": "Specific markers ( biochemical or immunological)"
    },
    {
      "code": "14",
      "display": "Cytogenetic analysis (karyotype)"
    },
    {
      "code": "15",
      "display": "Molecular markers (FISH, SNP, MLPA, PCR, DNA sequence etc.)"
    },
    {
      "code": "16",
      "display": "Cytology NOS / Blood smear / peripheral blood"
    },
    {
      "code": "17",
      "display": "Cytology of tumour (e.g. fine needle aspirate/ PAP)"
    },
    {
      "code": "18",
      "display": "Bone marrow aspirate"
    },
    {
      "code": "19",
      "display": "Bone marrow biopsy"
    },
    {
      "code": "20",
      "display": "Biopsy unspecified"
    },
    {
      "code": "21",
      "display": "Biopsy locoregional"
    },
    {
      "code": "22",
      "display": "Biopsy of metastasis"
    },
    {
      "code": "23",
      "display": "Biopsy of primary tumour"
    },
    {
      "code": "24",
      "display": "Biopsy and resection (z.B. melanoma)"
    },
    {
      "code": "25",
      "display": "Surgical tissue from operation (e.g. neuroendocrine tumours)"
    },
    {
      "code": "26",
      "display": "Autopsy with histological confirmation"
    }
  ]
}