{
  "resourceType" : "Composition",
  "id" : "2-2-Composition",
  "meta" : {
    "profile" : ["http://fhir.ch/ig/ch-emed/StructureDefinition/ch-emed-composition-pharmaceuticaladvice"]
  },
  "language" : "de-CH",
  "text" : {
    "status" : "generated",
    "div" : "<div xmlns=\"http://www.w3.org/1999/xhtml\" xml:lang=\"de-CH\" lang=\"de-CH\"><p class=\"res-header-id\"><b>Generated Narrative: Composition 2-2-Composition</b></p><a name=\"2-2-Composition\"> </a><a name=\"hc2-2-Composition\"> </a><a name=\"2-2-Composition-en-US\"> </a><div style=\"display: inline-block; background-color: #d9e0e7; padding: 6px; margin: 4px; border: 1px solid #8da1b4; border-radius: 5px; line-height: 60%\"><p style=\"margin-bottom: 0px\">Language: de-CH</p><p style=\"margin-bottom: 0px\">Profile: <a href=\"StructureDefinition-ch-emed-composition-pharmaceuticaladvice.html\">CH EMED Pharmaceutical Advice Composition</a></p></div><p><b>identifier</b>: <a href=\"http://terminology.hl7.org/6.3.0/NamingSystem-uri.html\" title=\"As defined by RFC 3986 (http://www.ietf.org/rfc/rfc3986.txt)(with many schemes defined in many RFCs). For OIDs and UUIDs, use the URN form (urn:oid:(note: lowercase) and urn:uuid:). See http://www.ietf.org/rfc/rfc3001.txt and http://www.ietf.org/rfc/rfc4122.txt \r\n\r\nThis oid is used as an identifier II.root to indicate the the extension is an absolute URI (technically, an IRI). Typically, this is used for OIDs and GUIDs. Note that when this OID is used with OIDs and GUIDs, the II.extension should start with urn:oid or urn:uuid: \r\n\r\nNote that this OID is created to aid with interconversion between CDA and FHIR - FHIR uses urn:ietf:rfc:3986 as equivalent to this OID. URIs as identifiers appear more commonly in FHIR.\r\n\r\nThis OID may also be used in CD.codeSystem.\">Uniform Resource Identifier (URI)</a>/urn:uuid:e68055ce-1540-4b26-b72d-d9c3e595416a</p><p><b>status</b>: Final</p><p><b>type</b>: <span title=\"Codes:{http://loinc.org 61356-2}, {http://snomed.info/sct 419891008}\">Medication pharmaceutical advice.extended Document</span></p><p><b>date</b>: 2012-02-04 14:00:00+0100</p><p><b>author</b>: <a href=\"PractitionerRole-FamilienHausarztAtHausarzt.html\">PractitionerRole</a></p><p><b>title</b>: Kommentar zur Medikation</p><p><b>confidentiality</b>: normal</p></div>"
  },
  "identifier" : {
    "system" : "urn:ietf:rfc:3986",
    "value" : "urn:uuid:e68055ce-1540-4b26-b72d-d9c3e595416a"
  },
  "status" : "final",
  "type" : {
    "coding" : [{
      "system" : "http://loinc.org",
      "code" : "61356-2",
      "display" : "Medication pharmaceutical advice.extended Document"
    },
    {
      "system" : "http://snomed.info/sct",
      "code" : "419891008",
      "display" : "Record artifact (record artifact)"
    }]
  },
  "subject" : {
    "reference" : "Patient/MonikaWegmueller"
  },
  "date" : "2012-02-04T14:00:00+01:00",
  "author" : [{
    "reference" : "PractitionerRole/FamilienHausarztAtHausarzt"
  }],
  "title" : "Kommentar zur Medikation",
  "confidentiality" : "N",
  "_confidentiality" : {
    "extension" : [{
      "url" : "http://fhir.ch/ig/ch-core/StructureDefinition/ch-ext-epr-confidentialitycode",
      "valueCodeableConcept" : {
        "coding" : [{
          "system" : "http://snomed.info/sct",
          "code" : "17621005",
          "display" : "Normal (qualifier value)"
        }]
      }
    }]
  },
  "section" : [{
    "title" : "Hinweise zur Medikation",
    "code" : {
      "coding" : [{
        "system" : "http://loinc.org",
        "code" : "61357-0",
        "display" : "Medication pharmaceutical advice.brief Document"
      }]
    },
    "text" : {
      "status" : "generated",
      "div" : "<div xmlns=\"http://www.w3.org/1999/xhtml\"><table><thead><tr><th>Präpartename</th><th>Wirkstoffname</th><th>Galenische Form</th><th>Dosis pro Einheit</th><th>Dos.Morgen</th><th>Dos.Mittag</th><th>Dos.Abend</th><th>Dos.Nacht</th><th>Verabreichungsweg</th><th>Anwendungsdauer</th><th>Behandlungsgrund</th><th>Kommentar</th></tr></thead><tbody><tr id=\"padv.1\"><td id=\"padv.1.brandedmedication\">Triatec</td><td id=\"padv.1.ingredient\">Ramipril</td><td id=\"padv.1.packageform\">Tbl</td><td id=\"padv.1.dosequantity\">2.5 mg</td><td id=\"padv.1.dosagemorning\">0.5</td><td id=\"padv.1.dosagelunch\">0</td><td id=\"padv.1.dosageevening\">0</td><td id=\"padv.1.dosagenight\">0</td><td id=\"padv.1.routecode\">oral</td><td id=\"padv.1.datefromto\"/><td id=\"padv.1.reason\">Bluthochdruck</td><td id=\"padv.1.note\">Abgesetzt aufgrund UAW trockener Husten</td></tr></tbody></table></div>"
    },
    "entry" : [{
      "reference" : "Observation/2-2-ObsPharmaceuticalAdvice"
    }]
  }]
}