{
  "resourceType" : "MedicationStatement",
  "id" : "2-1-MedStatTriatec",
  "meta" : {
    "profile" : ["http://fhir.ch/ig/ch-emed/StructureDefinition/ch-emed-medicationstatement-list"]
  },
  "text" : {
    "status" : "extensions",
    "div" : "<div xmlns=\"http://www.w3.org/1999/xhtml\"><p class=\"res-header-id\"><b>Generated Narrative: MedicationStatement 2-1-MedStatTriatec</b></p><a name=\"2-1-MedStatTriatec\"> </a><a name=\"hc2-1-MedStatTriatec\"> </a><a name=\"2-1-MedStatTriatec-en-US\"> </a><div style=\"display: inline-block; background-color: #d9e0e7; padding: 6px; margin: 4px; border: 1px solid #8da1b4; border-radius: 5px; line-height: 60%\"><p style=\"margin-bottom: 0px\"/><p style=\"margin-bottom: 0px\">Profile: <a href=\"StructureDefinition-ch-emed-medicationstatement-list.html\">CH EMED MedicationStatement (LIST)</a></p></div><blockquote><p><b>CH EMED Extension Treatment Plan</b></p><ul><li>id: <a href=\"http://terminology.hl7.org/6.3.0/NamingSystem-uri.html\" title=\"As defined by RFC 3986 (http://www.ietf.org/rfc/rfc3986.txt)(with many schemes defined in many RFCs). For OIDs and UUIDs, use the URN form (urn:oid:(note: lowercase) and urn:uuid:). See http://www.ietf.org/rfc/rfc3001.txt and http://www.ietf.org/rfc/rfc4122.txt \r\n\r\nThis oid is used as an identifier II.root to indicate the the extension is an absolute URI (technically, an IRI). Typically, this is used for OIDs and GUIDs. Note that when this OID is used with OIDs and GUIDs, the II.extension should start with urn:oid or urn:uuid: \r\n\r\nNote that this OID is created to aid with interconversion between CDA and FHIR - FHIR uses urn:ietf:rfc:3986 as equivalent to this OID. URIs as identifiers appear more commonly in FHIR.\r\n\r\nThis OID may also be used in CD.codeSystem.\">Uniform Resource Identifier (URI)</a>/urn:uuid:7aa20b27-eac0-4fef-a7b9-b10196718b9f</li><li>externalDocumentId: <a href=\"http://terminology.hl7.org/6.3.0/NamingSystem-uri.html\" title=\"As defined by RFC 3986 (http://www.ietf.org/rfc/rfc3986.txt)(with many schemes defined in many RFCs). For OIDs and UUIDs, use the URN form (urn:oid:(note: lowercase) and urn:uuid:). See http://www.ietf.org/rfc/rfc3001.txt and http://www.ietf.org/rfc/rfc4122.txt \r\n\r\nThis oid is used as an identifier II.root to indicate the the extension is an absolute URI (technically, an IRI). Typically, this is used for OIDs and GUIDs. Note that when this OID is used with OIDs and GUIDs, the II.extension should start with urn:oid or urn:uuid: \r\n\r\nNote that this OID is created to aid with interconversion between CDA and FHIR - FHIR uses urn:ietf:rfc:3986 as equivalent to this OID. URIs as identifiers appear more commonly in FHIR.\r\n\r\nThis OID may also be used in CD.codeSystem.\">Uniform Resource Identifier (URI)</a>/urn:uuid:7aa20b27-eac0-4fef-a7b9-b10196718b9f</li></ul></blockquote><p><b>identifier</b>: <a href=\"http://terminology.hl7.org/6.3.0/NamingSystem-uri.html\" title=\"As defined by RFC 3986 (http://www.ietf.org/rfc/rfc3986.txt)(with many schemes defined in many RFCs). For OIDs and UUIDs, use the URN form (urn:oid:(note: lowercase) and urn:uuid:). See http://www.ietf.org/rfc/rfc3001.txt and http://www.ietf.org/rfc/rfc4122.txt \r\n\r\nThis oid is used as an identifier II.root to indicate the the extension is an absolute URI (technically, an IRI). Typically, this is used for OIDs and GUIDs. Note that when this OID is used with OIDs and GUIDs, the II.extension should start with urn:oid or urn:uuid: \r\n\r\nNote that this OID is created to aid with interconversion between CDA and FHIR - FHIR uses urn:ietf:rfc:3986 as equivalent to this OID. URIs as identifiers appear more commonly in FHIR.\r\n\r\nThis OID may also be used in CD.codeSystem.\">Uniform Resource Identifier (URI)</a>/urn:uuid:7aa20b27-eac0-4fef-a7b9-b10196718b9f</p><p><b>status</b>: Active</p><p><b>medication</b>: <a href=\"#hc2-1-MedStatTriatec/Triatec\">Medication TRIATEC Tabl 2.5 mg 20 Stk</a></p><p><b>subject</b>: <a href=\"Patient-MonikaWegmueller.html\">Monika Wegmüller  Female, DoB: 1943-05-15 ( Medical record number)</a></p><p><b>dateAsserted</b>: 2011-11-29 11:00:00+0100</p><p><b>informationSource</b>: <a href=\"PractitionerRole-FamilienHausarztAtHausarzt.html\">PractitionerRole</a></p><p><b>reasonCode</b>: <span title=\"Codes:\">Bluthochdruck</span></p><blockquote><p><b>dosage</b></p><p><b>patientInstruction</b>: -</p><p><b>timing</b>: Morning, Once</p><p><b>route</b>: <span title=\"Codes:{urn:oid:0.4.0.127.0.16.1.1.2.1 20053000}\">zum Einnehmen</span></p><h3>DoseAndRates</h3><table class=\"grid\"><tr><td style=\"display: none\">-</td><td><b>Dose[x]</b></td></tr><tr><td style=\"display: none\">*</td><td>0.5 Tablet (unit of presentation)<span style=\"background: LightGoldenRodYellow\"> (Details: SNOMED CT  code732936001 = 'Tablet (unit of presentation)')</span></td></tr></table></blockquote><hr/><blockquote><p class=\"res-header-id\"><b>Generated Narrative: Medication #Triatec</b></p><a name=\"2-1-MedStatTriatec/Triatec\"> </a><a name=\"hc2-1-MedStatTriatec/Triatec\"> </a><a name=\"2-1-MedStatTriatec/Triatec-en-US\"> </a><div style=\"display: inline-block; background-color: #d9e0e7; padding: 6px; margin: 4px; border: 1px solid #8da1b4; border-radius: 5px; line-height: 60%\"><p style=\"margin-bottom: 0px\"/><p style=\"margin-bottom: 0px\">Profile: <a href=\"StructureDefinition-ch-emed-medication.html\">CH EMED Medication</a></p></div><p><b>code</b>: <span title=\"Codes:{urn:oid:2.51.1.1 7680538751228}\">TRIATEC Tabl 2.5 mg</span></p><p><b>form</b>: <span title=\"Codes:{urn:oid:0.4.0.127.0.16.1.1.2.1 10219000}\">Tablette</span></p><p><b>amount</b>: 20 Tablet (unit of presentation)<span style=\"background: LightGoldenRodYellow\"> (Details: SNOMED CT  code732936001 = 'Tablet (unit of presentation)')</span>/1 Package - unit of product usage (qualifier value)<span style=\"background: LightGoldenRodYellow\"> (Details: SNOMED CT  code1681000175101 = 'Package - unit of product usage')</span></p><h3>Ingredients</h3><table class=\"grid\"><tr><td style=\"display: none\">-</td><td><b>Item[x]</b></td><td><b>Strength</b></td></tr><tr><td style=\"display: none\">*</td><td><span title=\"Codes:{http://snomed.info/sct 386872004}\">Ramipril</span></td><td>2.5 milligram<span style=\"background: LightGoldenRodYellow\"> (Details: UCUM  codemg = 'mg')</span>/1 Tablet (unit of presentation)<span style=\"background: LightGoldenRodYellow\"> (Details: SNOMED CT  code732936001 = 'Tablet (unit of presentation)')</span></td></tr></table></blockquote></div>"
  },
  "contained" : [{
    "resourceType" : "Medication",
    "id" : "Triatec",
    "meta" : {
      "profile" : ["http://fhir.ch/ig/ch-emed/StructureDefinition/ch-emed-medication"]
    },
    "code" : {
      "coding" : [{
        "system" : "urn:oid:2.51.1.1",
        "code" : "7680538751228",
        "display" : "TRIATEC Tabl 2.5 mg 20 Stk"
      }],
      "text" : "TRIATEC Tabl 2.5 mg"
    },
    "form" : {
      "coding" : [{
        "system" : "urn:oid:0.4.0.127.0.16.1.1.2.1",
        "code" : "10219000",
        "display" : "Tablet"
      }],
      "text" : "Tablette"
    },
    "amount" : {
      "numerator" : {
        "value" : 20,
        "unit" : "Tablet (unit of presentation)",
        "system" : "http://snomed.info/sct",
        "code" : "732936001"
      },
      "denominator" : {
        "value" : 1,
        "unit" : "Package - unit of product usage (qualifier value)",
        "system" : "http://snomed.info/sct",
        "code" : "1681000175101"
      }
    },
    "ingredient" : [{
      "itemCodeableConcept" : {
        "coding" : [{
          "system" : "http://snomed.info/sct",
          "code" : "386872004",
          "display" : "Ramipril (substance)"
        }],
        "text" : "Ramipril"
      },
      "strength" : {
        "numerator" : {
          "value" : 2.5,
          "unit" : "milligram",
          "system" : "http://unitsofmeasure.org",
          "code" : "mg"
        },
        "denominator" : {
          "value" : 1,
          "unit" : "Tablet (unit of presentation)",
          "system" : "http://snomed.info/sct",
          "code" : "732936001"
        }
      }
    }]
  }],
  "extension" : [{
    "extension" : [{
      "url" : "id",
      "valueIdentifier" : {
        "system" : "urn:ietf:rfc:3986",
        "value" : "urn:uuid:7aa20b27-eac0-4fef-a7b9-b10196718b9f"
      }
    },
    {
      "url" : "externalDocumentId",
      "valueIdentifier" : {
        "system" : "urn:ietf:rfc:3986",
        "value" : "urn:uuid:7aa20b27-eac0-4fef-a7b9-b10196718b9f"
      }
    }],
    "url" : "http://fhir.ch/ig/ch-emed/StructureDefinition/ch-emed-ext-treatmentplan"
  }],
  "identifier" : [{
    "system" : "urn:ietf:rfc:3986",
    "value" : "urn:uuid:7aa20b27-eac0-4fef-a7b9-b10196718b9f"
  }],
  "status" : "active",
  "medicationReference" : {
    "reference" : "#Triatec"
  },
  "subject" : {
    "reference" : "Patient/MonikaWegmueller"
  },
  "dateAsserted" : "2011-11-29T11:00:00+01:00",
  "informationSource" : {
    "reference" : "PractitionerRole/FamilienHausarztAtHausarzt"
  },
  "reasonCode" : [{
    "text" : "Bluthochdruck"
  }],
  "dosage" : [{
    "patientInstruction" : "-",
    "timing" : {
      "repeat" : {
        "boundsPeriod" : {
          "start" : "2011-11-29"
        },
        "when" : ["MORN"]
      }
    },
    "route" : {
      "coding" : [{
        "system" : "urn:oid:0.4.0.127.0.16.1.1.2.1",
        "code" : "20053000",
        "display" : "Oral use"
      }],
      "text" : "zum Einnehmen"
    },
    "doseAndRate" : [{
      "doseQuantity" : {
        "value" : 0.5,
        "unit" : "Tablet (unit of presentation)",
        "system" : "http://snomed.info/sct",
        "code" : "732936001"
      }
    }]
  }]
}