<?xml version="1.0" encoding="UTF-8"?>

<Observation xmlns="http://hl7.org/fhir">
  <id value="2-2-ObsPharmaceuticalAdvice"/>
  <meta>
    <profile value="http://fhir.ch/ig/ch-emed/StructureDefinition/ch-emed-observation"/>
  </meta>
  <text>
    <status value="extensions"/><div xmlns="http://www.w3.org/1999/xhtml"><p class="res-header-id"><b>Generated Narrative: Observation 2-2-ObsPharmaceuticalAdvice</b></p><a name="2-2-ObsPharmaceuticalAdvice"> </a><a name="hc2-2-ObsPharmaceuticalAdvice"> </a><a name="2-2-ObsPharmaceuticalAdvice-en-US"> </a><div style="display: inline-block; background-color: #d9e0e7; padding: 6px; margin: 4px; border: 1px solid #8da1b4; border-radius: 5px; line-height: 60%"><p style="margin-bottom: 0px"/><p style="margin-bottom: 0px">Profile: <a href="StructureDefinition-ch-emed-observation.html">CH EMED Observation (PADV)</a></p></div><blockquote><p><b>CH EMED Extension Treatment Plan</b></p><ul><li>id: <a href="http://terminology.hl7.org/6.3.0/NamingSystem-uri.html" title="As defined by RFC 3986 (http://www.ietf.org/rfc/rfc3986.txt)(with many schemes defined in many RFCs). For OIDs and UUIDs, use the URN form (urn:oid:(note: lowercase) and urn:uuid:). See http://www.ietf.org/rfc/rfc3001.txt and http://www.ietf.org/rfc/rfc4122.txt 

This oid is used as an identifier II.root to indicate the the extension is an absolute URI (technically, an IRI). Typically, this is used for OIDs and GUIDs. Note that when this OID is used with OIDs and GUIDs, the II.extension should start with urn:oid or urn:uuid: 

Note that this OID is created to aid with interconversion between CDA and FHIR - FHIR uses urn:ietf:rfc:3986 as equivalent to this OID. URIs as identifiers appear more commonly in FHIR.

This OID may also be used in CD.codeSystem.">Uniform Resource Identifier (URI)</a>/urn:uuid:7aa20b27-eac0-4fef-a7b9-b10196718b9f</li><li>externalDocumentId: <a href="http://terminology.hl7.org/6.3.0/NamingSystem-uri.html" title="As defined by RFC 3986 (http://www.ietf.org/rfc/rfc3986.txt)(with many schemes defined in many RFCs). For OIDs and UUIDs, use the URN form (urn:oid:(note: lowercase) and urn:uuid:). See http://www.ietf.org/rfc/rfc3001.txt and http://www.ietf.org/rfc/rfc4122.txt 

This oid is used as an identifier II.root to indicate the the extension is an absolute URI (technically, an IRI). Typically, this is used for OIDs and GUIDs. Note that when this OID is used with OIDs and GUIDs, the II.extension should start with urn:oid or urn:uuid: 

Note that this OID is created to aid with interconversion between CDA and FHIR - FHIR uses urn:ietf:rfc:3986 as equivalent to this OID. URIs as identifiers appear more commonly in FHIR.

This OID may also be used in CD.codeSystem.">Uniform Resource Identifier (URI)</a>/urn:uuid:7aa20b27-eac0-4fef-a7b9-b10196718b9f</li></ul></blockquote><p><b>identifier</b>: <a href="http://terminology.hl7.org/6.3.0/NamingSystem-uri.html" title="As defined by RFC 3986 (http://www.ietf.org/rfc/rfc3986.txt)(with many schemes defined in many RFCs). For OIDs and UUIDs, use the URN form (urn:oid:(note: lowercase) and urn:uuid:). See http://www.ietf.org/rfc/rfc3001.txt and http://www.ietf.org/rfc/rfc4122.txt 

This oid is used as an identifier II.root to indicate the the extension is an absolute URI (technically, an IRI). Typically, this is used for OIDs and GUIDs. Note that when this OID is used with OIDs and GUIDs, the II.extension should start with urn:oid or urn:uuid: 

Note that this OID is created to aid with interconversion between CDA and FHIR - FHIR uses urn:ietf:rfc:3986 as equivalent to this OID. URIs as identifiers appear more commonly in FHIR.

This OID may also be used in CD.codeSystem.">Uniform Resource Identifier (URI)</a>/urn:uuid:e68055ce-1540-4b26-b72d-d9c3e595416a</p><p><b>status</b>: Final</p><p><b>code</b>: <span title="Codes:{urn:oid:1.3.6.1.4.1.19376.1.9.2.1 CANCEL}">CANCEL</span></p><p><b>subject</b>: <a href="Patient-MonikaWegmueller.html">Monika Wegmüller  Female, DoB: 1943-05-15 ( Medical record number)</a></p><p><b>effective</b>: 2012-02-04 14:00:00+0100</p><p><b>issued</b>: 2012-02-04 14:00:00+0100</p><p><b>performer</b>: <a href="PractitionerRole-FamilienHausarztAtHausarzt.html">PractitionerRole</a></p><p><b>note</b>: Abgesetzt aufgrund UAW trockener Husten</p></div>
  </text>
  <extension url="http://fhir.ch/ig/ch-emed/StructureDefinition/ch-emed-ext-treatmentplan">
    <extension url="id">
      <valueIdentifier>
        <system value="urn:ietf:rfc:3986"/>
        <value value="urn:uuid:7aa20b27-eac0-4fef-a7b9-b10196718b9f"/>
      </valueIdentifier>
    </extension>
    <extension url="externalDocumentId">
      <valueIdentifier>
        <system value="urn:ietf:rfc:3986"/>
        <value value="urn:uuid:7aa20b27-eac0-4fef-a7b9-b10196718b9f"/>
      </valueIdentifier>
    </extension>
  </extension>
  <identifier>
    <system value="urn:ietf:rfc:3986"/>
    <value value="urn:uuid:e68055ce-1540-4b26-b72d-d9c3e595416a"/>
  </identifier>
  <status value="final"/>
  <code>
    <coding>
      <system value="urn:oid:1.3.6.1.4.1.19376.1.9.2.1"/>
      <code value="CANCEL"/>
    </coding>
  </code>
  <subject>
    <reference value="Patient/MonikaWegmueller"/>
  </subject>
  <effectiveDateTime value="2012-02-04T14:00:00+01:00"/>
  <issued value="2012-02-04T14:00:00+01:00"/>
  <performer>
    <reference value="PractitionerRole/FamilienHausarztAtHausarzt"/>
  </performer>
  <note>
    <text value="Abgesetzt aufgrund UAW trockener Husten"/>
  </note>
</Observation>