{
  "resourceType" : "ClinicalUseDefinition",
  "id" : "IND-10061091",
  "meta" : {
    "profile" : ["http://fhir.ch/ig/ch-epl/StructureDefinition/ch-idmp-clinicalusedefinition-indication"]
  },
  "text" : {
    "status" : "generated",
    "div" : "<div xmlns=\"http://www.w3.org/1999/xhtml\"><p class=\"res-header-id\"><b>Generated Narrative: ClinicalUseDefinition IND-10061091</b></p><a name=\"IND-10061091\"> </a><a name=\"hcIND-10061091\"> </a><div style=\"display: inline-block; background-color: #d9e0e7; padding: 6px; margin: 4px; border: 1px solid #8da1b4; border-radius: 5px; line-height: 60%\"><p style=\"margin-bottom: 0px\"/><p style=\"margin-bottom: 0px\">Profile: <a href=\"StructureDefinition-ch-idmp-clinicalusedefinition-indication.html\">CH IDMP ClinicalUseDefinition Indication</a></p></div><p><b>type</b>: Indication</p><p><b>subject</b>: <a href=\"MedicinalProductDefinition-Cuprior-150mg-Filmcoatedtablet.html\">MedicinalProductDefinition: extension = Film-coated tablet,CUPRIOR wird vergütet zur Behandlung der Kupferspeicherkrankheit (Morbus Wilson) bei Erwachsenen, Jugendlichen und Kindern im Alter von 5 Jahren oder älter, die eine Behandlung mit D-Penicillamin nicht vertragen. Die Behandlung muss von Gastroenterologen oder Hepatologen mit Erfahrung bei der Behandlung von Patienten mit Morbus Wilson initiiert und überwacht werden.; identifier = http://fhir.ch/ig/ch-epl/sid/mpid#Medical Product Identifier#CH-7640109110007-6771901; indication = Cuprior wird angewendet zur Behandlung von Morbus Wilson bei Erwachsenen, Jugendlichen und Kindern im Alter von 5 Jahren oder älter mit Unverträglichkeit gegenüber einer D-Penicillamin-Therapie.; legalStatusOfSupply = Medicinal product subject to medical or veterinary prescription (B); additionalMonitoringIndicator = No Warning; pediatricUseIndicator = Authorised for the treatment in children; classification = gilteritinib,NA KAS art. 12 para. 5 TPLO,Synthetic,Originator product,07. STOFFWECHSEL</a></p><blockquote><p><b>indication</b></p><h3>DiseaseSymptomProcedures</h3><table class=\"grid\"><tr><td style=\"display: none\">-</td><td><b>Concept</b></td></tr><tr><td style=\"display: none\">*</td><td><span title=\"Codes:{https://www.meddra.org 10061091}\">Wilson's disease</span></td></tr></table><h3>IntendedEffects</h3><table class=\"grid\"><tr><td style=\"display: none\">-</td><td><b>Concept</b></td></tr><tr><td style=\"display: none\">*</td><td><span title=\"Codes:{http://spor.ema.europa.eu/v1/lists/200000003186 200000003194}\">therapeutic</span></td></tr></table></blockquote></div>"
  },
  "type" : "indication",
  "subject" : [{
    "reference" : "MedicinalProductDefinition/Cuprior-150mg-Filmcoatedtablet"
  }],
  "indication" : {
    "diseaseSymptomProcedure" : {
      "concept" : {
        "coding" : [{
          "system" : "https://www.meddra.org",
          "code" : "10061091",
          "display" : "Wilson's disease"
        }]
      }
    },
    "intendedEffect" : {
      "concept" : {
        "coding" : [{
          "system" : "http://spor.ema.europa.eu/v1/lists/200000003186",
          "code" : "200000003194",
          "display" : "therapeutic"
        }]
      }
    }
  }
}