{
  "resourceType" : "ManufacturedItemDefinition",
  "id" : "MI-Nirmatrelvir-150mg",
  "meta" : {
    "profile" : ["http://fhir.ch/ig/ch-epl/StructureDefinition/ch-idmp-manufactureditemdefinition"]
  },
  "text" : {
    "status" : "generated",
    "div" : "<div xmlns=\"http://www.w3.org/1999/xhtml\"><p class=\"res-header-id\"><b>Generated Narrative: ManufacturedItemDefinition MI-Nirmatrelvir-150mg</b></p><a name=\"MI-Nirmatrelvir-150mg\"> </a><a name=\"hcMI-Nirmatrelvir-150mg\"> </a><a name=\"MI-Nirmatrelvir-150mg-en-US\"> </a><div style=\"display: inline-block; background-color: #d9e0e7; padding: 6px; margin: 4px; border: 1px solid #8da1b4; border-radius: 5px; line-height: 60%\"><p style=\"margin-bottom: 0px\"/><p style=\"margin-bottom: 0px\">Profile: <a href=\"StructureDefinition-ch-idmp-manufactureditemdefinition.html\">CH IDMP ManufacturedItemDefinition</a></p></div><p><b>status</b>: Active</p><p><b>manufacturedDoseForm</b>: <span title=\"Codes:{http://standardterms.edqm.eu 10221000}\">Film-coated tablet</span></p><p><b>unitOfPresentation</b>: <span title=\"Codes:{http://standardterms.edqm.eu 15054000}\">Tablet</span></p></div>"
  },
  "status" : "active",
  "manufacturedDoseForm" : {
    "coding" : [{
      "system" : "http://standardterms.edqm.eu",
      "code" : "10221000",
      "display" : "Film-coated tablet"
    }]
  },
  "unitOfPresentation" : {
    "coding" : [{
      "system" : "http://standardterms.edqm.eu",
      "code" : "15054000",
      "display" : "Tablet"
    }]
  }
}