{
  "resourceType" : "ConceptMap",
  "id" : "ch-elm-expecting-specimen-specification-to-results-completion-vs",
  "text" : {
    "status" : "generated",
    "div" : "<div xmlns=\"http://www.w3.org/1999/xhtml\"><p class=\"res-header-id\"><b>Generated Narrative: ConceptMap ch-elm-expecting-specimen-specification-to-results-completion-vs</b></p><a name=\"ch-elm-expecting-specimen-specification-to-results-completion-vs\"> </a><a name=\"hcch-elm-expecting-specimen-specification-to-results-completion-vs\"> </a><a name=\"ch-elm-expecting-specimen-specification-to-results-completion-vs-en-US\"> </a><p>Mapping from <a href=\"ValueSet-ch-elm-expecting-specimen-specification.html\">CH ELM Expecting Specimen Specification</a> to <a href=\"ValueSet-ch-elm-results-completion-vs.html\">CH ELM Results Completion Vs</a></p><br/><p><b>Group 1 </b>Mapping from <a href=\"http://terminology.hl7.org/6.1.0/CodeSystem-v3-loinc.html\">Logical Observation Identifiers, Names and Codes (LOINC)</a> to <a href=\"CodeSystem-ch-elm-results-completion-vs.html\">CH ELM Results Completion Vs</a></p><table class=\"grid\"><tr><td><b>Source Code</b></td><td><b>Relationship</b></td><td><b>Target Code</b></td></tr><tr><td>16134-9 (Neisseria meningitidis [Presence] in Specimen by Organism specific culture)</td><td><a href=\"http://hl7.org/fhir/R5/codesystem-concept-map-relationship.html#relatedto\" title=\"relatedto\">is related to</a></td><td>http://fhir.ch/ig/ch-elm/ValueSet/ch-elm-results-sterile-spec</td></tr><tr><td>21613-5 (Chlamydia trachomatis DNA [Presence] in Specimen by NAA with probe detection)</td><td><a href=\"http://hl7.org/fhir/R5/codesystem-concept-map-relationship.html#relatedto\" title=\"relatedto\">is related to</a></td><td>http://fhir.ch/ig/ch-elm/ValueSet/ch-elm-results-geni-spec</td></tr><tr><td>29907-3 (Haemophilus influenzae B DNA [Presence] in Specimen by NAA with probe detection)</td><td><a href=\"http://hl7.org/fhir/R5/codesystem-concept-map-relationship.html#relatedto\" title=\"relatedto\">is related to</a></td><td>http://fhir.ch/ig/ch-elm/ValueSet/ch-elm-results-sterile-spec</td></tr><tr><td>31777-6 (Chlamydia trachomatis Ag [Presence] in Specimen)</td><td><a href=\"http://hl7.org/fhir/R5/codesystem-concept-map-relationship.html#relatedto\" title=\"relatedto\">is related to</a></td><td>http://fhir.ch/ig/ch-elm/ValueSet/ch-elm-results-geni-spec</td></tr><tr><td>31912-9 (Neisseria meningitidis Ag [Presence] in Specimen)</td><td><a href=\"http://hl7.org/fhir/R5/codesystem-concept-map-relationship.html#relatedto\" title=\"relatedto\">is related to</a></td><td>http://fhir.ch/ig/ch-elm/ValueSet/ch-elm-results-sterile-spec</td></tr><tr><td>31969-9 (Streptococcus pneumoniae Ag [Presence] in Specimen)</td><td><a href=\"http://hl7.org/fhir/R5/codesystem-concept-map-relationship.html#relatedto\" title=\"relatedto\">is related to</a></td><td>http://fhir.ch/ig/ch-elm/ValueSet/ch-elm-results-sterile-spec</td></tr><tr><td>38353-9 (Streptococcus sp identified in Specimen by Organism specific culture)</td><td><a href=\"http://hl7.org/fhir/R5/codesystem-concept-map-relationship.html#relatedto\" title=\"relatedto\">is related to</a></td><td>http://fhir.ch/ig/ch-elm/ValueSet/ch-elm-results-sterile-spec</td></tr><tr><td>43304-5 (Chlamydia trachomatis rRNA [Presence] in Specimen by NAA with probe detection)</td><td><a href=\"http://hl7.org/fhir/R5/codesystem-concept-map-relationship.html#relatedto\" title=\"relatedto\">is related to</a></td><td>http://fhir.ch/ig/ch-elm/ValueSet/ch-elm-results-geni-spec</td></tr><tr><td>49671-1 (Neisseria meningitidis DNA [Presence] in Specimen by NAA with probe detection)</td><td><a href=\"http://hl7.org/fhir/R5/codesystem-concept-map-relationship.html#relatedto\" title=\"relatedto\">is related to</a></td><td>http://fhir.ch/ig/ch-elm/ValueSet/ch-elm-results-sterile-spec</td></tr><tr><td>49672-9 (Streptococcus pneumoniae DNA [Presence] in Specimen by NAA with probe detection)</td><td><a href=\"http://hl7.org/fhir/R5/codesystem-concept-map-relationship.html#relatedto\" title=\"relatedto\">is related to</a></td><td>http://fhir.ch/ig/ch-elm/ValueSet/ch-elm-results-sterile-spec</td></tr><tr><td>58473-0 (Haemophilus influenzae serotype DNA [Identifier] in Specimen by NAA with probe detection)</td><td><a href=\"http://hl7.org/fhir/R5/codesystem-concept-map-relationship.html#relatedto\" title=\"relatedto\">is related to</a></td><td>http://fhir.ch/ig/ch-elm/ValueSet/ch-elm-results-sterile-spec</td></tr><tr><td>61366-1 (Haemophilus influenzae DNA [Presence] in Specimen by NAA with probe detection)</td><td><a href=\"http://hl7.org/fhir/R5/codesystem-concept-map-relationship.html#relatedto\" title=\"relatedto\">is related to</a></td><td>http://fhir.ch/ig/ch-elm/ValueSet/ch-elm-results-sterile-spec</td></tr><tr><td>61369-5 (Listeria monocytogenes DNA [Presence] in Specimen by NAA with probe detection)</td><td><a href=\"http://hl7.org/fhir/R5/codesystem-concept-map-relationship.html#relatedto\" title=\"relatedto\">is related to</a></td><td>http://fhir.ch/ig/ch-elm/ValueSet/ch-elm-results-sterile-spec</td></tr><tr><td>6349-5 (Chlamydia trachomatis [Presence] in Specimen by Organism specific culture)</td><td><a href=\"http://hl7.org/fhir/R5/codesystem-concept-map-relationship.html#relatedto\" title=\"relatedto\">is related to</a></td><td>http://fhir.ch/ig/ch-elm/ValueSet/ch-elm-results-geni-spec</td></tr><tr><td>6600-1 (Haemophilus sp identified in Specimen by Organism specific culture)</td><td><a href=\"http://hl7.org/fhir/R5/codesystem-concept-map-relationship.html#relatedto\" title=\"relatedto\">is related to</a></td><td>http://fhir.ch/ig/ch-elm/ValueSet/ch-elm-results-sterile-spec</td></tr><tr><td>6609-2 (Listeria sp identified in Specimen by Organism specific culture)</td><td><a href=\"http://hl7.org/fhir/R5/codesystem-concept-map-relationship.html#relatedto\" title=\"relatedto\">is related to</a></td><td>http://fhir.ch/ig/ch-elm/ValueSet/ch-elm-results-sterile-spec</td></tr><tr><td>69410-9 (Haemophilus influenzae [Identifier] in Specimen by Organism specific culture)</td><td><a href=\"http://hl7.org/fhir/R5/codesystem-concept-map-relationship.html#relatedto\" title=\"relatedto\">is related to</a></td><td>http://fhir.ch/ig/ch-elm/ValueSet/ch-elm-results-sterile-spec</td></tr></table></div>"
  },
  "url" : "http://fhir.ch/ig/ch-elm/ConceptMap/ch-elm-expecting-specimen-specification-to-results-completion-vs",
  "version" : "1.9.1",
  "name" : "ChElmExpectingSpecimenSpecificationToResultsCompletionVs",
  "title" : "CH ELM Expecting Specimen Specification To Results Completion Vs",
  "status" : "active",
  "experimental" : false,
  "date" : "2025-03-26T07:47:08+00:00",
  "publisher" : "Federal Office of Public Health FOPH",
  "contact" : [{
    "name" : "Federal Office of Public Health FOPH",
    "telecom" : [{
      "system" : "url",
      "value" : "https://www.bag.admin.ch/bag/en/home/das-bag/kontakt-standort.html"
    }]
  }],
  "description" : "This CH ELM concept map shows which leading codes have to be completed by an additional code to specify the specimen. The target code shows the URL of the value set containing the permitted codes for the specimen specification.",
  "jurisdiction" : [{
    "coding" : [{
      "system" : "urn:iso:std:iso:3166",
      "code" : "CH"
    }]
  }],
  "copyright" : "CC0-1.0",
  "sourceCanonical" : "http://fhir.ch/ig/ch-elm/ValueSet/ch-elm-expecting-specimen-specification",
  "targetCanonical" : "http://fhir.ch/ig/ch-elm/ValueSet/ch-elm-results-completion-vs",
  "group" : [{
    "source" : "http://loinc.org",
    "target" : "http://fhir.ch/ig/ch-elm/CodeSystem/ch-elm-results-completion-vs",
    "element" : [{
      "code" : "16134-9",
      "display" : "Neisseria meningitidis [Presence] in Specimen by Organism specific culture",
      "target" : [{
        "code" : "http://fhir.ch/ig/ch-elm/ValueSet/ch-elm-results-sterile-spec",
        "equivalence" : "relatedto"
      }]
    },
    {
      "code" : "21613-5",
      "display" : "Chlamydia trachomatis DNA [Presence] in Specimen by NAA with probe detection",
      "target" : [{
        "code" : "http://fhir.ch/ig/ch-elm/ValueSet/ch-elm-results-geni-spec",
        "equivalence" : "relatedto"
      }]
    },
    {
      "code" : "29907-3",
      "display" : "Haemophilus influenzae B DNA [Presence] in Specimen by NAA with probe detection",
      "target" : [{
        "code" : "http://fhir.ch/ig/ch-elm/ValueSet/ch-elm-results-sterile-spec",
        "equivalence" : "relatedto"
      }]
    },
    {
      "code" : "31777-6",
      "display" : "Chlamydia trachomatis Ag [Presence] in Specimen",
      "target" : [{
        "code" : "http://fhir.ch/ig/ch-elm/ValueSet/ch-elm-results-geni-spec",
        "equivalence" : "relatedto"
      }]
    },
    {
      "code" : "31912-9",
      "display" : "Neisseria meningitidis Ag [Presence] in Specimen",
      "target" : [{
        "code" : "http://fhir.ch/ig/ch-elm/ValueSet/ch-elm-results-sterile-spec",
        "equivalence" : "relatedto"
      }]
    },
    {
      "code" : "31969-9",
      "display" : "Streptococcus pneumoniae Ag [Presence] in Specimen",
      "target" : [{
        "code" : "http://fhir.ch/ig/ch-elm/ValueSet/ch-elm-results-sterile-spec",
        "equivalence" : "relatedto"
      }]
    },
    {
      "code" : "38353-9",
      "display" : "Streptococcus sp identified in Specimen by Organism specific culture",
      "target" : [{
        "code" : "http://fhir.ch/ig/ch-elm/ValueSet/ch-elm-results-sterile-spec",
        "equivalence" : "relatedto"
      }]
    },
    {
      "code" : "43304-5",
      "display" : "Chlamydia trachomatis rRNA [Presence] in Specimen by NAA with probe detection",
      "target" : [{
        "code" : "http://fhir.ch/ig/ch-elm/ValueSet/ch-elm-results-geni-spec",
        "equivalence" : "relatedto"
      }]
    },
    {
      "code" : "49671-1",
      "display" : "Neisseria meningitidis DNA [Presence] in Specimen by NAA with probe detection",
      "target" : [{
        "code" : "http://fhir.ch/ig/ch-elm/ValueSet/ch-elm-results-sterile-spec",
        "equivalence" : "relatedto"
      }]
    },
    {
      "code" : "49672-9",
      "display" : "Streptococcus pneumoniae DNA [Presence] in Specimen by NAA with probe detection",
      "target" : [{
        "code" : "http://fhir.ch/ig/ch-elm/ValueSet/ch-elm-results-sterile-spec",
        "equivalence" : "relatedto"
      }]
    },
    {
      "code" : "58473-0",
      "display" : "Haemophilus influenzae serotype DNA [Identifier] in Specimen by NAA with probe detection",
      "target" : [{
        "code" : "http://fhir.ch/ig/ch-elm/ValueSet/ch-elm-results-sterile-spec",
        "equivalence" : "relatedto"
      }]
    },
    {
      "code" : "61366-1",
      "display" : "Haemophilus influenzae DNA [Presence] in Specimen by NAA with probe detection",
      "target" : [{
        "code" : "http://fhir.ch/ig/ch-elm/ValueSet/ch-elm-results-sterile-spec",
        "equivalence" : "relatedto"
      }]
    },
    {
      "code" : "61369-5",
      "display" : "Listeria monocytogenes DNA [Presence] in Specimen by NAA with probe detection",
      "target" : [{
        "code" : "http://fhir.ch/ig/ch-elm/ValueSet/ch-elm-results-sterile-spec",
        "equivalence" : "relatedto"
      }]
    },
    {
      "code" : "6349-5",
      "display" : "Chlamydia trachomatis [Presence] in Specimen by Organism specific culture",
      "target" : [{
        "code" : "http://fhir.ch/ig/ch-elm/ValueSet/ch-elm-results-geni-spec",
        "equivalence" : "relatedto"
      }]
    },
    {
      "code" : "6600-1",
      "display" : "Haemophilus sp identified in Specimen by Organism specific culture",
      "target" : [{
        "code" : "http://fhir.ch/ig/ch-elm/ValueSet/ch-elm-results-sterile-spec",
        "equivalence" : "relatedto"
      }]
    },
    {
      "code" : "6609-2",
      "display" : "Listeria sp identified in Specimen by Organism specific culture",
      "target" : [{
        "code" : "http://fhir.ch/ig/ch-elm/ValueSet/ch-elm-results-sterile-spec",
        "equivalence" : "relatedto"
      }]
    },
    {
      "code" : "69410-9",
      "display" : "Haemophilus influenzae [Identifier] in Specimen by Organism specific culture",
      "target" : [{
        "code" : "http://fhir.ch/ig/ch-elm/ValueSet/ch-elm-results-sterile-spec",
        "equivalence" : "relatedto"
      }]
    }]
  }]
}