{
  "resourceType" : "ValueSet",
  "id" : "ch-elm-results-shi-org",
  "text" : {
    "status" : "generated",
    "div" : "<div xmlns=\"http://www.w3.org/1999/xhtml\"><p class=\"res-header-id\"><b>Generated Narrative: ValueSet ch-elm-results-shi-org</b></p><a name=\"ch-elm-results-shi-org\"> </a><a name=\"hcch-elm-results-shi-org\"> </a><a name=\"ch-elm-results-shi-org-en-US\"> </a><ul><li>Include these codes as defined in <a href=\"http://www.snomed.org/\"><code>http://snomed.info/sct</code></a><table class=\"none\"><tr><td style=\"white-space:nowrap\"><b>Code</b></td><td><b>Display</b></td></tr><tr><td><a href=\"http://snomed.info/id/125020009\">125020009</a></td><td>Shigella flexneri, serovar X (organism)</td></tr><tr><td><a href=\"http://snomed.info/id/85729005\">85729005</a></td><td>Shigella flexneri (organism)</td></tr><tr><td><a href=\"http://snomed.info/id/43612004\">43612004</a></td><td>Shigella dysenteriae (organism)</td></tr><tr><td><a href=\"http://snomed.info/id/55462008\">55462008</a></td><td>Shigella boydii (organism)</td></tr><tr><td><a href=\"http://snomed.info/id/77352002\">77352002</a></td><td>Genus Shigella (organism)</td></tr><tr><td><a href=\"http://snomed.info/id/4298009\">4298009</a></td><td>Shigella sonnei (organism)</td></tr><tr><td><a href=\"http://snomed.info/id/125021008\">125021008</a></td><td>Shigella flexneri, serovar Y (organism)</td></tr></table></li></ul></div>"
  },
  "url" : "http://fhir.ch/ig/ch-elm/ValueSet/ch-elm-results-shi-org",
  "version" : "1.9.1",
  "name" : "ChElmResultsShiOrg",
  "title" : "CH ELM Results Shi Org",
  "status" : "active",
  "experimental" : false,
  "date" : "2025-03-26T07:47:08+00:00",
  "publisher" : "Federal Office of Public Health FOPH",
  "contact" : [{
    "name" : "Federal Office of Public Health FOPH",
    "telecom" : [{
      "system" : "url",
      "value" : "https://www.bag.admin.ch/bag/en/home/das-bag/kontakt-standort.html"
    }]
  }],
  "description" : "The \"CH ELM Results Shi Org\" organism group provides a curated set of codes representing specific organisms. Each code within this group has been selected to ensure precise representation and consistency in relation to the primary LOINC codes. Clients utilizing the \"CH ELM Results Shi Org\" group should refer to the provided codes to accurately and uniformly capture and report organism-related information.",
  "jurisdiction" : [{
    "coding" : [{
      "system" : "urn:iso:std:iso:3166",
      "code" : "CH"
    }]
  }],
  "copyright" : "CC0-1.0",
  "compose" : {
    "include" : [{
      "system" : "http://snomed.info/sct",
      "concept" : [{
        "code" : "125020009",
        "display" : "Shigella flexneri, serovar X (organism)"
      },
      {
        "code" : "85729005",
        "display" : "Shigella flexneri (organism)"
      },
      {
        "code" : "43612004",
        "display" : "Shigella dysenteriae (organism)"
      },
      {
        "code" : "55462008",
        "display" : "Shigella boydii (organism)"
      },
      {
        "code" : "77352002",
        "display" : "Genus Shigella (organism)"
      },
      {
        "code" : "4298009",
        "display" : "Shigella sonnei (organism)"
      },
      {
        "code" : "125021008",
        "display" : "Shigella flexneri, serovar Y (organism)"
      }]
    }]
  }
}