{
  "resourceType" : "ValueSet",
  "id" : "ch-elm-results-component-gene-cpe",
  "text" : {
    "status" : "generated",
    "div" : "<div xmlns=\"http://www.w3.org/1999/xhtml\"><p class=\"res-header-id\"><b>Generated Narrative: ValueSet ch-elm-results-component-gene-cpe</b></p><a name=\"ch-elm-results-component-gene-cpe\"> </a><a name=\"hcch-elm-results-component-gene-cpe\"> </a><a name=\"ch-elm-results-component-gene-cpe-en-US\"> </a><p>This value set includes codes based on the following rules:</p><ul/></div>"
  },
  "url" : "http://fhir.ch/ig/ch-elm/ValueSet/ch-elm-results-component-gene-cpe",
  "version" : "1.9.1",
  "name" : "ChElmResultsComponentGeneCpe",
  "title" : "CH ELM Results Component Gene CPE",
  "status" : "active",
  "experimental" : false,
  "date" : "2025-03-26T07:47:08+00:00",
  "publisher" : "Federal Office of Public Health FOPH",
  "contact" : [{
    "name" : "Federal Office of Public Health FOPH",
    "telecom" : [{
      "system" : "url",
      "value" : "https://www.bag.admin.ch/bag/en/home/das-bag/kontakt-standort.html"
    }]
  }],
  "description" : "The \"CH ELM Results Component Gene CPE\" provides a curated set of codes representing specific genes.",
  "jurisdiction" : [{
    "coding" : [{
      "system" : "urn:iso:std:iso:3166",
      "code" : "CH"
    }]
  }],
  "copyright" : "CC0-1.0"
}