<?xml version="1.0" encoding="UTF-8"?>

<NamingSystem xmlns="http://hl7.org/fhir">
  <id value="uidb"/>
  <text>
    <status value="generated"/><div xmlns="http://www.w3.org/1999/xhtml"><h3>Summary</h3><table class="grid"><tr><td>Defining URL</td><td>http://fhir.ch/ig/ch-core/NamingSystem/uidb</td></tr><tr><td>Version</td><td>3.0.0</td></tr><tr><td>Name</td><td>UIDB</td></tr><tr><td>Status</td><td>active</td></tr><tr><td>Definition</td><td><div><p>Unique IDentification Business (UIDB) number (in French, numéro d'IDentification suisse des Enterprises (IDE)) (in German, Schweizer Unternehmens-IDentifikationsnummer (UID)) (in Italian, numero d'IDentificazione svizzero delle Imprese (IDI))   Organizations Covered By System: All Companies/organizations registered in the public Swiss Registers such as the Swiss Register of Commerce, the Value Added Tax (VAT) register, the Social security agencies Registers, Cantons registers, etc., and publish in the UID Register.</p>
</div></td></tr><tr><td>Publisher</td><td>HL7 Switzerland</td></tr></table><h3>Identifiers</h3><table class="grid"><tr><td><b>Type</b></td><td><b>Value</b></td><td><b>Comment</b></td></tr><tr><td>OID</td><td>2.16.756.5.35</td><td>This is the official identifier</td></tr></table></div>
  </text>
  <name value="UIDB"/>
  <status value="active"/>
  <kind value="identifier"/>
  <date value="2019-10-24"/>
  <publisher value="HL7 Switzerland"/>
  <contact>
    <name value="HL7 Switzerland"/>
    <telecom>
      <system value="url"/>
      <value value="https://www.hl7.ch/"/>
    </telecom>
  </contact>
  <responsible value="Swiss Federal Statistical Office (FSO)"/>
  <description value="Unique IDentification Business (UIDB) number (in French, numéro d'IDentification suisse des Enterprises (IDE)) (in German, Schweizer Unternehmens-IDentifikationsnummer (UID)) (in Italian, numero d'IDentificazione svizzero delle Imprese (IDI))   Organizations Covered By System: All Companies/organizations registered in the public Swiss Registers such as the Swiss Register of Commerce, the Value Added Tax (VAT) register, the Social security agencies Registers, Cantons registers, etc., and publish in the UID Register."/>
  <jurisdiction>
    <coding>
      <system value="urn:iso:std:iso:3166"/>
      <code value="CH"/>
    </coding>
  </jurisdiction>
  <uniqueId>
    <type value="oid"/>
    <value value="2.16.756.5.35"/>
    <comment value="This is the official identifier"/>
  </uniqueId>
</NamingSystem>