<?xml version="1.0" encoding="UTF-8"?>

<Patient xmlns="http://hl7.org/fhir">
  <id value="KlebsiellaKeller"/>
  <meta>
    <profile value="http://fhir.ch/ig/ch-core/StructureDefinition/ch-core-patient"/>
  </meta>
  <text>
    <status value="additional"/><div xmlns="http://www.w3.org/1999/xhtml"><p><b>id</b>: KlebsiellaKeller</p><p><b>meta</b>:</p><p><b>identifier</b>: 012/08.111114</p><p><b>name</b>: Klebsiella Keller</p><p><b>gender</b>: FEMALE</p><p><b>birthDate</b>: Dec 12, 1975</p><p><b>maritalStatus</b>: verheiratet <span style="background: LightGoldenRodYellow">(Details : {http://fhir.ch/ig/ch-core/CodeSystem/ech-11-maritalstatus code '2' = '2', given as 'verheiratet'})</span></p><h3>Communications</h3><table class="grid"><tr><td>-</td><td><b>Language</b></td><td><b>Preferred</b></td></tr><tr><td>*</td><td>Deutsch (Schweiz) <span style="background: LightGoldenRodYellow">(Details : {urn:oid:2.16.840.1.113883.6.316 code 'de-CH' = 'German (Region=Schweiz))</span></td><td>true</td></tr></table></div>
  </text>
  <extension url="http://hl7.org/fhir/StructureDefinition/patient-birthPlace">
    <valueAddress>
      <city value="Aarau"/>
      <country value="Schweiz"/>
    </valueAddress>
  </extension>
  <extension url="http://fhir.ch/ig/ch-core/StructureDefinition/ch-core-patient-ech-11-placeoforigin">
    <valueAddress>
      <city value="Lenzburg"/>
      <state value="AG"/>
    </valueAddress>
  </extension>
  <extension url="http://hl7.org/fhir/StructureDefinition/patient-religion">
    <valueCodeableConcept>
      <coding>
        <system value="http://terminology.hl7.org/CodeSystem/v3-ReligiousAffiliation"/>
        <code value="1025"/>
        <display value="Jehovah&#39;s Witnesses"/>
      </coding>
    </valueCodeableConcept>
  </extension>
  <identifier>
    <type>
      <coding>
        <system value="http://terminology.hl7.org/CodeSystem/v2-0203"/>
        <code value="MR"/>
      </coding>
    </type>
    <system value="urn:oid:2.16.756.5.30.999999.1"/>
    <value value="012/08.111114"/>
  </identifier>
  <name>
    <family value="Klebsiella"/>
    <given value="Keller"/>
  </name>
  <telecom>
    <system value="phone"/>
    <value value="+41 64 123 45 67"/>
    <use value="home"/>
  </telecom>
  <telecom>
    <system value="email"/>
    <value value="klebsiella.keller@example.ch"/>
  </telecom>
  <gender value="female"/>
  <birthDate value="1975-12-12"/>
  <maritalStatus>
    <coding>
      <system value="http://fhir.ch/ig/ch-core/CodeSystem/ech-11-maritalstatus"/>
      <code value="2"/>
      <display value="verheiratet"/>
    </coding>
  </maritalStatus>
  <communication>
    <language>
      <coding>
        <system value="urn:oid:2.16.840.1.113883.6.316"/>
        <code value="de-CH"/>
      </coding>
      <text value="Deutsch (Schweiz)"/>
    </language>
    <preferred value="true"/>
  </communication>
</Patient>