{
  "resourceType": "Medication",
  "id": "2-7-Norvasc",
  "meta": {
    "profile": [
      "http://fhir.ch/ig/ch-emed/StructureDefinition/ch-emed-medication-medicationstatement"
    ]
  },
  "text": {
    "status": "generated",
    "div": "<div xmlns=\"http://www.w3.org/1999/xhtml\"><p><b>Generated Narrative</b></p><p><b>id</b>: 2-7-Norvasc</p><p><b>meta</b>: </p><p><b>code</b>: <span title=\"Codes: {urn:oid:2.51.1.1 7680500440334}\">NORVASC Tabl 10 mg</span></p><p><b>form</b>: <span title=\"Codes: {urn:oid:0.4.0.127.0.16.1.1.2.1 10219000}\">Tablet</span></p><p><b>amount</b>: 20/1</p><h3>Ingredients</h3><table class=\"grid\"><tr><td>-</td><td><b>Item[x]</b></td><td><b>Strength</b></td></tr><tr><td>*</td><td><span title=\"Codes: {http://snomed.info/sct 386864001}\">Amlodipine</span></td><td>10 mg/1</td></tr></table></div>"
  },
  "code": {
    "coding": [
      {
        "system": "urn:oid:2.51.1.1",
        "code": "7680500440334",
        "display": "NORVASC Tabl 10 mg"
      }
    ],
    "text": "NORVASC Tabl 10 mg"
  },
  "form": {
    "coding": [
      {
        "system": "urn:oid:0.4.0.127.0.16.1.1.2.1",
        "code": "10219000",
        "display": "Tablet"
      }
    ]
  },
  "amount": {
    "numerator": {
      "value": 20
    },
    "denominator": {
      "value": 1
    }
  },
  "ingredient": [
    {
      "itemCodeableConcept": {
        "coding": [
          {
            "system": "http://snomed.info/sct",
            "code": "386864001",
            "display": "Amlodipine (substance)"
          }
        ],
        "text": "Amlodipine"
      },
      "strength": {
        "numerator": {
          "value": 10,
          "unit": "mg"
        },
        "denominator": {
          "value": 1
        }
      }
    }
  ]
}