<?xml version="1.0" encoding="UTF-8"?><CodeSystem xmlns="http://hl7.org/fhir"><id value="bfs-medstats-27-dischargedecision"/><text><status value="generated"/><div xmlns="http://www.w3.org/1999/xhtml"><p>This case-sensitive code system <code>http://fhir.ch/ig/ch-core/CodeSystem/bfs-medstats-27-dischargedecision</code> defines the following codes:</p><table class="codes"><tr><td style="white-space:nowrap"><b>Code</b></td><td><b>Display</b></td></tr><tr><td style="white-space:nowrap">1<a name="bfs-medstats-27-dischargedecision-1"> </a></td><td>auf Initiative des Behandelnden</td></tr><tr><td style="white-space:nowrap">2<a name="bfs-medstats-27-dischargedecision-2"> </a></td><td>auf Initiative des Patienten (gegen Ansicht des Behandelnden)</td></tr><tr><td style="white-space:nowrap">3<a name="bfs-medstats-27-dischargedecision-3"> </a></td><td>auf Initiative einer Drittperson</td></tr><tr><td style="white-space:nowrap">4<a name="bfs-medstats-27-dischargedecision-4"> </a></td><td>interner Übertritt</td></tr><tr><td style="white-space:nowrap">5<a name="bfs-medstats-27-dischargedecision-5"> </a></td><td>gestorben</td></tr><tr><td style="white-space:nowrap">8<a name="bfs-medstats-27-dischargedecision-8"> </a></td><td>anderes</td></tr><tr><td style="white-space:nowrap">9<a name="bfs-medstats-27-dischargedecision-9"> </a></td><td>unbekannt</td></tr></table></div></text><url value="http://fhir.ch/ig/ch-core/CodeSystem/bfs-medstats-27-dischargedecision"/><version value="4.0.0"/><name value="BfsMedstats27Dischargedecision"/><title value="BFS Medizinische Statistik - 27 1.5.V02 - Entscheid für Austritt / Décision de sortie / Décisione dell’uscita"/><status value="active"/><experimental value="false"/><date value="2019-01-01"/><publisher value="HL7 Switzerland"/><contact><name value="HL7 Switzerland"/><telecom><system value="url"/><value value="https://www.hl7.ch/"/></telecom></contact><contact><name value="HL7 Switzerland"/><telecom><system value="url"/><value value="https://www.hl7.ch/"/><use value="work"/></telecom></contact><description value="BFS defines variables for medical statistic (german, french, italian) see [BFS](https://www.bfs.admin.ch/bfs/de/home/statistiken/kataloge-datenbanken/publikationen.assetdetail.7066232.html). Wer hat den Klinikaustritt veranlasst?"/><jurisdiction><coding><system value="urn:iso:std:iso:3166"/><code value="CH"/></coding></jurisdiction><copyright value="CC0-1.0"/><caseSensitive value="true"/><compositional value="false"/><content value="complete"/><concept><code value="1"/><display value="auf Initiative des Behandelnden"/></concept><concept><code value="2"/><display value="auf Initiative des Patienten (gegen Ansicht des Behandelnden)"/></concept><concept><code value="3"/><display value="auf Initiative einer Drittperson"/></concept><concept><code value="4"/><display value="interner Übertritt"/></concept><concept><code value="5"/><display value="gestorben"/></concept><concept><code value="8"/><display value="anderes"/></concept><concept><code value="9"/><display value="unbekannt"/></concept></CodeSystem>