<?xml version="1.0" encoding="UTF-8"?>

<AuditEvent xmlns="http://hl7.org/fhir">
  <id value="ChAuditEventIti90ReadExample"/>
  <meta>
    <profile value="http://fhir.ch/ig/ch-epr-fhir/StructureDefinition/ChAuditEventIti90Read"/>
  </meta>
  <text>
    <status value="generated"/><div xmlns="http://www.w3.org/1999/xhtml"><p class="res-header-id"><b>Generated Narrative: AuditEvent ChAuditEventIti90ReadExample</b></p><a name="ChAuditEventIti90ReadExample"> </a><a name="hcChAuditEventIti90ReadExample"> </a><a name="ChAuditEventIti90ReadExample-en-US"> </a><p><b>type</b>: <a href="http://terminology.hl7.org/5.5.0/CodeSystem-audit-event-type.html#audit-event-type-rest">Audit Event ID rest</a>: Restful Operation</p><p><b>subtype</b>: unknown ITI-90: Find Matching Care Services, <a href="http://hl7.org/fhir/R4/codesystem-restful-interaction.html#restful-interaction-read">FHIR Restful Interactions read</a>: read</p><p><b>recorded</b>: 2024-10-28 09:43:56+0000</p><p><b>outcome</b>: Success</p><blockquote><p><b>agent</b></p><p><b>type</b>: <span title="Codes:{http://dicom.nema.org/resources/ontology/DCM 110152}">Destination Role ID</span></p><p><b>who</b>: Community A</p><p><b>requestor</b>: false</p><h3>Networks</h3><table class="grid"><tr><td style="display: none">-</td><td><b>Address</b></td><td><b>Type</b></td></tr><tr><td style="display: none">*</td><td>https://example.org/fhir/</td><td>URI</td></tr></table></blockquote><blockquote><p><b>agent</b></p><p><b>type</b>: <span title="Codes:{http://dicom.nema.org/resources/ontology/DCM 110153}">Source Role ID</span></p><p><b>who</b>: My e-Health App</p><p><b>requestor</b>: false</p><h3>Networks</h3><table class="grid"><tr><td style="display: none">-</td><td><b>Address</b></td><td><b>Type</b></td></tr><tr><td style="display: none">*</td><td>192.168.1.1</td><td>IP Address</td></tr></table></blockquote><blockquote><p><b>agent</b></p><p><b>type</b>: <span title="Codes:{http://terminology.hl7.org/CodeSystem/v3-ParticipationType RESP}">responsible party</span></p><p><b>role</b>: <span title="Codes:{urn:oid:2.16.756.5.30.1.127.3.10.6 HCP}">Healthcare professional</span></p><p><b>altId</b>: 2000000090092</p><p><b>name</b>: Martina Musterarzt</p><p><b>requestor</b>: true</p><p><b>purposeOfUse</b>: <span title="Codes:{urn:oid:2.16.756.5.30.1.127.3.10.5 NORM}">Normal Access</span></p></blockquote><h3>Sources</h3><table class="grid"><tr><td style="display: none">-</td><td><b>Site</b></td><td><b>Observer</b></td></tr><tr><td style="display: none">*</td><td>2.16.756.1.2.3</td><td>My e-Health App</td></tr></table><blockquote><p><b>entity</b></p><p><b>what</b>: Identifier: <a href="http://terminology.hl7.org/3.1.0/NamingSystem-uri.html" title="As defined by RFC 3986 (http://www.ietf.org/rfc/rfc3986.txt)(with many schemes defined in many RFCs). For OIDs and UUIDs, use the URN form (urn:oid:(note: lowercase) and urn:uuid:). See http://www.ietf.org/rfc/rfc3001.txt and http://www.ietf.org/rfc/rfc4122.txt 

This oid is used as an identifier II.root to indicate the the extension is an absolute URI (technically, an IRI). Typically, this is used for OIDs and GUIDs. Note that when this OID is used with OIDs and GUIDs, the II.extension should start with urn:oid or urn:uuid: 

Note that this OID is created to aid with interconversion between CDA and FHIR - FHIR uses urn:ietf:rfc:3986 as equivalent to this OID. URIs as identifiers appear more commonly in FHIR.

This OID may also be used in CD.codeSystem.">URI</a>/urn:oid:2.16.10.89.203</p><p><b>type</b>: <a href="http://terminology.hl7.org/5.5.0/CodeSystem-audit-entity-type.html#audit-entity-type-2">Audit event entity type 2</a>: System Object</p><p><b>role</b>: <a href="http://terminology.hl7.org/5.5.0/CodeSystem-object-role.html#object-role-4">AuditEventEntityRole 4</a>: Domain Resource</p></blockquote><blockquote><p><b>entity</b></p><p><b>what</b>: Identifier: 00-0af7651916cd43dd8448eb211c80319c-b7ad6b7169203331-00</p><p><b>type</b>: <a href="http://terminology.hl7.org/5.5.0/CodeSystem-audit-entity-type.html#audit-entity-type-4">Audit event entity type 4</a>: Other</p><p><b>role</b>: <a href="http://terminology.hl7.org/5.5.0/CodeSystem-object-role.html#object-role-26">AuditEventEntityRole 26</a>: Processing Element</p></blockquote></div>
  </text>
  <type>
    <system value="http://terminology.hl7.org/CodeSystem/audit-event-type"/>
    <code value="rest"/>
    <display value="Restful Operation"/>
  </type>
  <subtype>
    <system value="urn:ihe:event-type-code"/>
    <code value="ITI-90"/>
    <display value="Find Matching Care Services"/>
  </subtype>
  <subtype>
    <system value="http://hl7.org/fhir/restful-interaction"/>
    <code value="read"/>
    <display value="read"/>
  </subtype>
  <recorded value="2024-10-28T09:43:56Z"/>
  <outcome value="0"/>
  <agent>
    <type>
      <coding>
        <system value="http://dicom.nema.org/resources/ontology/DCM"/>
        <code value="110152"/>
        <display value="Destination Role ID"/>
      </coding>
    </type>
    <who>
      <display value="Community A"/>
    </who>
    <requestor value="false"/>
    <network>
      <address value="https://example.org/fhir/"/>
      <type value="5"/>
    </network>
  </agent>
  <agent>
    <type>
      <coding>
        <system value="http://dicom.nema.org/resources/ontology/DCM"/>
        <code value="110153"/>
        <display value="Source Role ID"/>
      </coding>
    </type>
    <who>
      <display value="My e-Health App"/>
    </who>
    <requestor value="false"/>
    <network>
      <address value="192.168.1.1"/>
      <type value="2"/>
    </network>
  </agent>
  <agent>
    <type>
      <coding>
        <system value="http://terminology.hl7.org/CodeSystem/v3-ParticipationType"/>
        <code value="RESP"/>
        <display value="responsible party"/>
      </coding>
    </type>
    <role>
      <coding>
        <system value="urn:oid:2.16.756.5.30.1.127.3.10.6"/>
        <code value="HCP"/>
      </coding>
    </role>
    <altId value="2000000090092"/>
    <name value="Martina Musterarzt"/>
    <requestor value="true"/>
    <purposeOfUse>
      <coding>
        <system value="urn:oid:2.16.756.5.30.1.127.3.10.5"/>
        <code value="NORM"/>
        <display value="Normal Access"/>
      </coding>
    </purposeOfUse>
  </agent>
  <source>
    <site value="2.16.756.1.2.3"/>
    <observer>
      <display value="My e-Health App"/>
    </observer>
  </source>
  <entity>
    <what>
      <type value="Organization"/>
      <identifier>
        <system value="urn:ietf:rfc:3986"/>
        <value value="urn:oid:2.16.10.89.203"/>
      </identifier>
    </what>
    <type>
      <system value="http://terminology.hl7.org/CodeSystem/audit-entity-type"/>
      <code value="2"/>
      <display value="System Object"/>
    </type>
    <role>
      <system value="http://terminology.hl7.org/CodeSystem/object-role"/>
      <code value="4"/>
      <display value="Domain Resource"/>
    </role>
  </entity>
  <entity>
    <what>
      <identifier>
        <value value="00-0af7651916cd43dd8448eb211c80319c-b7ad6b7169203331-00"/>
      </identifier>
    </what>
    <type>
      <system value="http://terminology.hl7.org/CodeSystem/audit-entity-type"/>
      <code value="4"/>
      <display value="Other"/>
    </type>
    <role>
      <system value="http://terminology.hl7.org/CodeSystem/object-role"/>
      <code value="26"/>
      <display value="Processing Element"/>
    </role>
  </entity>
</AuditEvent>