<?xml version="1.0" encoding="UTF-8"?>

<CodeSystem xmlns="http://hl7.org/fhir">
  <id value="2.16.756.5.30.1.127.3.10.17"/>
  <text>
    <status value="generated"/><div xmlns="http://www.w3.org/1999/xhtml"><p>This case-sensitive code system <code>urn:oid:2.16.756.5.30.1.127.3.10.17</code> defines the following code:</p><table class="codes"><tr><td style="white-space:nowrap"><b>Code</b></td></tr><tr><td style="white-space:nowrap">BirthNameRequested<a name="2.16.756.5.30.1.127.3.10.17-BirthNameRequested"> </a></td></tr></table></div>
  </text>
  <url value="urn:oid:2.16.756.5.30.1.127.3.10.17"/>
  <version value="4.0.0-ballot"/>
  <name value="ChEhealthCodesystemPqdMoreAttriburesRequested"/>
  <title value="CH Codesystem PDQ More Attributes Requested"/>
  <status value="active"/>
  <experimental value="false"/>
  <date value="2024-05-16T20:14:33+00:00"/>
  <publisher value="eHealth Suisse"/>
  <contact>
    <name value="eHealth Suisse"/>
    <telecom>
      <system value="url"/>
      <value value="https://www.e-health-suisse.ch"/>
    </telecom>
  </contact>
  <description value="Codes for indicating which additional attributes are requested to lower the results number."/>
  <jurisdiction>
    <coding>
      <system value="urn:iso:std:iso:3166"/>
      <code value="CH"/>
    </coding>
  </jurisdiction>
  <copyright value="CC0-1.0"/>
  <caseSensitive value="true"/>
  <content value="complete"/>
  <count value="1"/>
  <concept>
    <code value="BirthNameRequested"/>
    <display value="BirthNameRequested"/>
  </concept>
</CodeSystem>