<?xml version="1.0" encoding="UTF-8"?>

<Practitioner xmlns="http://hl7.org/fhir">
  <id value="DrPeterPan"/>
  <meta>
    <profile value="http://fhir.ch/ig/ch-epr-fhir/StructureDefinition/CH.mCSD.Practitioner"/>
  </meta>
  <text>
    <status value="generated"/><div xmlns="http://www.w3.org/1999/xhtml"><p class="res-header-id"><b>Generated Narrative: Practitioner DrPeterPan</b></p><a name="DrPeterPan"> </a><a name="hcDrPeterPan"> </a><a name="DrPeterPan-en-US"> </a><div style="display: inline-block; background-color: #d9e0e7; padding: 6px; margin: 4px; border: 1px solid #8da1b4; border-radius: 5px; line-height: 60%"><p style="margin-bottom: 0px"/><p style="margin-bottom: 0px">Profile: <a href="StructureDefinition-CH.mCSD.Practitioner.html">CH mCSD Practitioner</a></p></div><p><b>identifier</b>: <a href="https://www.gs1.org/standards/id-keys/gln" title="Global Location Number">GLN</a>/7601000102737, <a href="NamingSystem-Ldap.html" title="NamingSystem for Lightweight Directory Access Protocol (LDAP); [https://www.ietf.org/rfc/rfc4514.html](https://www.ietf.org/rfc/rfc4514.html).">LDAP</a>/uid=CommunityA:00000003002,OU=HCProfessional,DC=HPD,O=BAG,C=ch</p><p><b>active</b>: true</p><p><b>name</b>: Peter Pan</p><p><b>telecom</b>: <a href="mailto:peter.pan@email.com">peter.pan@email.com</a>, fax: +41 32 001 00 05, <a href="tel:+41790010006">+41 79 001 00 06</a>, <a href="tel:+41320010004">+41 32 001 00 04</a>, +41 79 001 00 07</p><p><b>gender</b>: Male</p><blockquote><p><b>qualification</b></p><p><b>code</b>: <span title="Codes:{http://snomed.info/sct 309343006}">Physician</span></p></blockquote><blockquote><p><b>qualification</b></p><p><b>code</b>: <span title="Codes:{urn:oid:2.16.756.5.30.1.127.3.5 1051}">General internal medicine</span></p></blockquote><p><b>communication</b>: <span title="Codes:{urn:ietf:bcp:47 de}">German</span>, <span title="Codes:{urn:ietf:bcp:47 fr}">French</span>, <span title="Codes:{urn:ietf:bcp:47 en}">English</span>, <span title="Codes:{urn:ietf:bcp:47 it}">Italian</span></p></div>
  </text>
  <identifier>
    <system value="urn:oid:2.51.1.3"/>
    <value value="7601000102737"/>
  </identifier>
  <identifier>
    <system value="urn:ietf:rfc:4514"/>
    <value value="uid=CommunityA:00000003002,OU=HCProfessional,DC=HPD,O=BAG,C=ch"/>
  </identifier>
  <active value="true"/>
  <name>
    <text value="Peter Pan"/>
    <family value="Pan"/>
    <given value="Peter"/>
    <prefix value="Dr."/>
  </name>
  <telecom>
    <system value="email"/>
    <value value="peter.pan@email.com"/>
  </telecom>
  <telecom>
    <system value="fax"/>
    <value value="+41 32 001 00 05"/>
  </telecom>
  <telecom>
    <system value="phone"/>
    <value value="+41 79 001 00 06"/>
    <use value="mobile"/>
  </telecom>
  <telecom>
    <system value="phone"/>
    <value value="+41 32 001 00 04"/>
  </telecom>
  <telecom>
    <system value="pager"/>
    <value value="+41 79 001 00 07"/>
  </telecom>
  <gender value="male"/>
  <qualification>
    <code>
      <coding>
        <system value="http://snomed.info/sct"/>
        <code value="309343006"/>
        <display value="Physician"/>
      </coding>
    </code>
  </qualification>
  <qualification>
    <code>
      <coding>
        <system value="urn:oid:2.16.756.5.30.1.127.3.5"/>
        <code value="1051"/>
        <display value="General internal medicine"/>
      </coding>
    </code>
  </qualification>
  <communication>
    <coding>
      <system value="urn:ietf:bcp:47"/>
      <code value="de"/>
    </coding>
  </communication>
  <communication>
    <coding>
      <system value="urn:ietf:bcp:47"/>
      <code value="fr"/>
    </coding>
  </communication>
  <communication>
    <coding>
      <system value="urn:ietf:bcp:47"/>
      <code value="en"/>
    </coding>
  </communication>
  <communication>
    <coding>
      <system value="urn:ietf:bcp:47"/>
      <code value="it"/>
    </coding>
  </communication>
</Practitioner>