<?xml version="1.0" encoding="UTF-8"?>

<Organization xmlns="http://hl7.org/fhir">
  <id value="Radiologieinstitut"/>
  <meta>
    <profile value="http://fhir.ch/ig/ch-core/StructureDefinition/ch-core-organization"/>
    <profile value="http://fhir.ch/ig/ch-core/StructureDefinition/ch-core-organization-epr"/>
  </meta>
  <text>
    <status value="generated"/><div xmlns="http://www.w3.org/1999/xhtml"><p><b>Generated Narrative: Organization</b><a name="Radiologieinstitut"> </a><a name="hcRadiologieinstitut"> </a></p><div style="display: inline-block; background-color: #d9e0e7; padding: 6px; margin: 4px; border: 1px solid #8da1b4; border-radius: 5px; line-height: 60%"><p style="margin-bottom: 0px">ResourceOrganization &quot;Radiologieinstitut&quot; </p><p style="margin-bottom: 0px">Profiles: <a href="StructureDefinition-ch-core-organization.html">CH Core Organization</a>, <a href="StructureDefinition-ch-core-organization-epr.html">CH Core Organization EPR</a></p></div><p><b>identifier</b>: <a href="https://www.gs1.org/standards/id-keys/gln" title="Global Location Number">GLN</a>/7601000618627</p><p><b>type</b>: Diagnostic institution <span style="background: LightGoldenRodYellow; margin: 4px; border: 1px solid khaki"> (<a href="https://browser.ihtsdotools.org/">SNOWMED CT</a>#722171005)</span></p><p><b>name</b>: RoDiag Radiologieinstitut</p><p><b>address</b>: Röntgenstr. 1 Musterhausen 8888 CH (work)</p></div>
  </text>
  <identifier>
    <system value="urn:oid:2.51.1.3"/>
    <value value="7601000618627"/>
  </identifier>
  <type>
    <coding>
      <system value="http://snomed.info/sct"/>
      <code value="722171005"/>
      <display value="Diagnostic institution"/>
    </coding>
  </type>
  <name value="RoDiag Radiologieinstitut"/>
  <address>
    <use value="work"/>
    <line value="Röntgenstr."/>
    <line value="1"/>
    <city value="Musterhausen"/>
    <postalCode value="8888"/>
    <country value="CH"/>
  </address>
</Organization>