{"resourceType":"ValueSet","id":"ch-vacd-targetdiseasesandillnessesundergoneforimmunization-vs","meta":{"profile":["http://hl7.org/fhir/StructureDefinition/shareablevalueset"]},"text":{"status":"generated","div":"<div xmlns=\"http://www.w3.org/1999/xhtml\"><ul><li>Include these codes as defined in <a href=\"http://www.snomed.org/\"><code>http://snomed.info/sct</code></a><table class=\"none\"><tr><td style=\"white-space:nowrap\"><b>Code</b></td><td><b>Display</b></td></tr><tr><td><a href=\"http://snomed.info/id/38907003\">38907003</a></td><td>Varicella (disorder)</td></tr><tr><td><a href=\"http://snomed.info/id/14189004\">14189004</a></td><td>Measles (disorder)</td></tr><tr><td><a href=\"http://snomed.info/id/36989005\">36989005</a></td><td>Mumps (disorder)</td></tr><tr><td><a href=\"http://snomed.info/id/36653000\">36653000</a></td><td>Rubella (disorder)</td></tr><tr><td><a href=\"http://snomed.info/id/40468003\">40468003</a></td><td>Viral hepatitis, type A (disorder)</td></tr><tr><td><a href=\"http://snomed.info/id/66071002\">66071002</a></td><td>Viral hepatitis type B (disorder)</td></tr><tr><td><a href=\"http://snomed.info/id/16901001\">16901001</a></td><td>Central European encephalitis (disorder)</td></tr><tr><td><a href=\"http://snomed.info/id/16541001\">16541001</a></td><td>Yellow fever (disorder)</td></tr><tr><td><a href=\"http://snomed.info/id/76902006\">76902006</a></td><td>Tetanus (disorder)</td></tr><tr><td><a href=\"http://snomed.info/id/63650001\">63650001</a></td><td>Cholera (disorder)</td></tr><tr><td><a href=\"http://snomed.info/id/27836007\">27836007</a></td><td>Pertussis (disorder)</td></tr><tr><td><a href=\"http://snomed.info/id/398102009\">398102009</a></td><td>Acute poliomyelitis (disorder)</td></tr><tr><td><a href=\"http://snomed.info/id/18624000\">18624000</a></td><td>Disease caused by Rotavirus (disorder)</td></tr><tr><td><a href=\"http://snomed.info/id/14168008\">14168008</a></td><td>Rabies (disorder)</td></tr><tr><td><a href=\"http://snomed.info/id/56717001\">56717001</a></td><td>Tuberculosis (disorder)</td></tr><tr><td><a href=\"http://snomed.info/id/4834000\">4834000</a></td><td>Typhoid fever (disorder)</td></tr><tr><td><a href=\"http://snomed.info/id/709410003\">709410003</a></td><td>Haemophilus influenzae type b infection (disorder)</td></tr><tr><td><a href=\"http://snomed.info/id/397430003\">397430003</a></td><td>Diphtheria caused by Corynebacterium diphtheriae (disorder)</td></tr><tr><td><a href=\"http://snomed.info/id/840539006\">840539006</a></td><td>Disease caused by Severe acute respiratory syndrome coronavirus 2 (disorder)</td></tr><tr><td><a href=\"http://snomed.info/id/52947006\">52947006</a></td><td>Japanese encephalitis virus disease (disorder)</td></tr><tr><td><a href=\"http://snomed.info/id/719865001\">719865001</a></td><td>Influenza caused by pandemic influenza virus (disorder)</td></tr><tr><td><a href=\"http://snomed.info/id/719590007\">719590007</a></td><td>Influenza caused by seasonal influenza virus (disorder)</td></tr><tr><td><a href=\"http://snomed.info/id/67924001\">67924001</a></td><td>Smallpox (disorder)</td></tr><tr><td><a href=\"http://snomed.info/id/240532009\">240532009</a></td><td>Human papillomavirus infection (disorder)</td></tr><tr><td><a href=\"http://snomed.info/id/4740000\">4740000</a></td><td>Herpes zoster (disorder)</td></tr><tr><td><a href=\"http://snomed.info/id/23511006\">23511006</a></td><td>Meningococcal infectious disease (disorder)</td></tr><tr><td><a href=\"http://snomed.info/id/16814004\">16814004</a></td><td>Pneumococcal infectious disease (disorder)</td></tr></table></li></ul><p><b>Additional Language Displays</b></p><table class=\"codes\"><tr><td><b>Code</b></td><td><b>Deutsch (Schweiz) (German (Switzerland), de)</b></td><td><b>English (United States) (English (United States), en)</b></td><td><b>French (Switzerland) (fr)</b></td><td><b>Italian (Switzerland) (it)</b></td><td><b>rm</b></td></tr><tr><td>38907003</td><td>Windpocken</td><td>Varicella</td><td>varicella</td><td>varicella</td><td>Windpocken</td></tr><tr><td>14189004</td><td>Masern</td><td>Measles</td><td>rougeole</td><td>morbillo</td><td>Masern</td></tr><tr><td>36989005</td><td>Mumps</td><td>Mumps</td><td>oreillons</td><td>parotite</td><td>Mumps</td></tr><tr><td>36653000</td><td>Röteln</td><td>Rubella</td><td>rubéole</td><td>rosolia</td><td>Röteln</td></tr><tr><td>40468003</td><td>Virale Hepatitis, Typ A</td><td>Viral hepatitis, type A</td><td>hépatite virale de type A</td><td>epatite virale tipo A</td><td>Virale Hepatitis, Typ A</td></tr><tr><td>66071002</td><td>Virale Hepatitis, Typ B</td><td>Viral hepatitis type B</td><td>hépatite virale de type B</td><td>epatite virale tipo B</td><td>Virale Hepatitis, Typ B</td></tr><tr><td>16901001</td><td>Frühsommer-Meningoenzephalitis (FSME)</td><td>Central European tick-borne encephalitis</td><td>encéphalite à tiques d'Europe centrale</td><td>meningoencefalite verno-estiva</td><td>Frühsommer-Meningoenzephalitis (FSME)</td></tr><tr><td>16541001</td><td>Gelbfieber</td><td>Yellow fever</td><td>fièvre jaune</td><td>febbre gialla</td><td>Gelbfieber</td></tr><tr><td>76902006</td><td>Starrkrampf</td><td>Tetanus</td><td>tétanos</td><td>tetano</td><td>Starrkrampf</td></tr><tr><td>63650001</td><td>Cholera</td><td>Cholera</td><td>choléra</td><td>colera</td><td>Cholera</td></tr><tr><td>27836007</td><td>Keuchhusten</td><td>Pertussis</td><td>coqueluche</td><td>pertosse</td><td>Keuchhusten</td></tr><tr><td>398102009</td><td>Akute Poliomyelitis</td><td>Acute poliomyelitis</td><td>poliomyélite aiguë</td><td>poliomielite acuta</td><td>Akute Poliomyelitis</td></tr><tr><td>18624000</td><td>Rotaviren-Erkrankung</td><td>Rotavirus disease</td><td>infection à rotavirus</td><td>malattia da rotavirus</td><td>Rotaviren-Erkrankung</td></tr><tr><td>14168008</td><td>Tollwut</td><td>Rabies</td><td>rage</td><td>rabbia</td><td>Tollwut</td></tr><tr><td>56717001</td><td>Tuberkulose</td><td>Tuberculosis</td><td>tuberculose</td><td>tubercolosi</td><td>Tuberkulose</td></tr><tr><td>4834000</td><td>Typhus</td><td>Typhoid fever</td><td>fièvre typhoïde</td><td>febbre tifoidea</td><td>Typhus</td></tr><tr><td>709410003</td><td>Infektion mit Haemophilus influenzae Typ B</td><td>Haemophilus influenzae type b infection</td><td>infection à Haemophilus influenzae de type b</td><td>infezione da Haemophilus influenzae di tipo b</td><td>Infektion mit Haemophilus influenzae Typ B</td></tr><tr><td>397430003</td><td>Diphtherie</td><td>Diphtheria</td><td>diphtérie</td><td>difterite</td><td>Diphtherie</td></tr><tr><td>840539006</td><td>COVID-19</td><td>COVID-19</td><td>COVID-19</td><td>COVID-19</td><td>COVID-19</td></tr><tr><td>52947006</td><td>Japanische Enzephalitis</td><td>Japanese encephalitis</td><td>encéphalite japonaise</td><td>encefalite giapponese</td><td>Japanische Enzephalitis</td></tr><tr><td>719865001</td><td>Pandemische Influenza</td><td>Influenza caused by pandemic influenza virus</td><td>grippe pandémique</td><td>influenza pandemica</td><td>Pandemische Influenza</td></tr><tr><td>719590007</td><td>Saisonale Influenza</td><td>Influenza caused by seasonal influenza virus</td><td>grippe saisonnière</td><td>influenza stagionale</td><td>Saisonale Influenza</td></tr><tr><td>67924001</td><td>Pocken</td><td>Smallpox</td><td>variole</td><td>vaiolo</td><td>Pocken</td></tr><tr><td>240532009</td><td>HPV-Erkrankung (Humanes Papillomavirus)</td><td>HPV (Human papillomavirus) disease</td><td>infection par les HPV (papillomavirus humains)</td><td>patologia causata da HPV (virus del papilloma umano)</td><td>HPV-Erkrankung (Humanes Papillomavirus)</td></tr><tr><td>4740000</td><td>Herpes zoster</td><td>Herpes zoster</td><td>zona</td><td>herpes zoster</td><td>Herpes zoster</td></tr><tr><td>23511006</td><td>Meningokokken-Erkrankung</td><td>Meningococcal disease</td><td>infection à méningocoques</td><td>malattia da meningococchi</td><td>Meningokokken-Erkrankung</td></tr><tr><td>16814004</td><td>Pneumokokken-Erkrankung</td><td>Pneumococcal disease</td><td>infection à pneumocoques</td><td>malattia da pneumococchi</td><td>Pneumokokken-Erkrankung</td></tr></table></div>"},"extension":[{"url":"http://hl7.org/fhir/StructureDefinition/resource-effectivePeriod","valuePeriod":{"start":"2018-04-19T00:00:00+01:00"}}],"url":"http://fhir.ch/ig/ch-vacd/ValueSet/ch-vacd-targetdiseasesandillnessesundergoneforimmunization-vs","identifier":[{"use":"official","system":"http://art-decor.org/ns/oids/vs","value":"2.16.756.5.30.1.1.11.75"}],"version":"2.1.0","name":"TargetDiseasesAndIllnessesUndergoneForImmunization","title":"Target disease and illnesses undergone for immunization","status":"active","experimental":false,"date":"2022-07-07T11:59:50+02:00","publisher":"HL7 Switzerland","contact":[{"name":"HL7 Switzerland","telecom":[{"system":"url","value":"https://www.hl7.ch/"}]}],"description":"This valueset contains all entries defining target deseases or illnesses undergone for immunization reasons.","jurisdiction":[{"coding":[{"system":"urn:iso:std:iso:3166","code":"CHE"}]}],"copyright":"This artefact includes content from SNOMED Clinical Terms® (SNOMED CT®) which is copyright of the International Health Terminology Standards Development Organisation (IHTSDO). Implementers of these artefacts must have the appropriate SNOMED CT Affiliate license - for more information contact http://www.snomed.org/snomed-ct/getsnomed-ct or info@snomed.org.","compose":{"include":[{"system":"http://snomed.info/sct","concept":[{"code":"38907003","display":"Varicella (disorder)","designation":[{"language":"de-CH","value":"Windpocken"},{"language":"fr-CH","value":"varicella"},{"language":"it-CH","value":"varicella"},{"language":"rm-CH","value":"Windpocken"},{"language":"en-US","value":"Varicella"}]},{"code":"14189004","display":"Measles (disorder)","designation":[{"language":"de-CH","value":"Masern"},{"language":"fr-CH","value":"rougeole"},{"language":"it-CH","value":"morbillo"},{"language":"rm-CH","value":"Masern"},{"language":"en-US","value":"Measles"}]},{"code":"36989005","display":"Mumps (disorder)","designation":[{"language":"de-CH","value":"Mumps"},{"language":"fr-CH","value":"oreillons"},{"language":"it-CH","value":"parotite"},{"language":"rm-CH","value":"Mumps"},{"language":"en-US","value":"Mumps"}]},{"code":"36653000","display":"Rubella (disorder)","designation":[{"language":"de-CH","value":"Röteln"},{"language":"fr-CH","value":"rubéole"},{"language":"it-CH","value":"rosolia"},{"language":"rm-CH","value":"Röteln"},{"language":"en-US","value":"Rubella"}]},{"code":"40468003","display":"Viral hepatitis, type A (disorder)","designation":[{"language":"de-CH","value":"Virale Hepatitis, Typ A"},{"language":"fr-CH","value":"hépatite virale de type A"},{"language":"it-CH","value":"epatite virale tipo A"},{"language":"rm-CH","value":"Virale Hepatitis, Typ A"},{"language":"en-US","value":"Viral hepatitis, type A"}]},{"code":"66071002","display":"Viral hepatitis type B (disorder)","designation":[{"language":"de-CH","value":"Virale Hepatitis, Typ B"},{"language":"fr-CH","value":"hépatite virale de type B"},{"language":"it-CH","value":"epatite virale tipo B"},{"language":"rm-CH","value":"Virale Hepatitis, Typ B"},{"language":"en-US","value":"Viral hepatitis type B"}]},{"code":"16901001","display":"Central European encephalitis (disorder)","designation":[{"language":"de-CH","value":"Frühsommer-Meningoenzephalitis (FSME)"},{"language":"fr-CH","value":"encéphalite à tiques d'Europe centrale"},{"language":"it-CH","value":"meningoencefalite verno-estiva"},{"language":"rm-CH","value":"Frühsommer-Meningoenzephalitis (FSME)"},{"language":"en-US","value":"Central European tick-borne encephalitis"}]},{"code":"16541001","display":"Yellow fever (disorder)","designation":[{"language":"de-CH","value":"Gelbfieber"},{"language":"fr-CH","value":"fièvre jaune"},{"language":"it-CH","value":"febbre gialla"},{"language":"rm-CH","value":"Gelbfieber"},{"language":"en-US","value":"Yellow fever"}]},{"code":"76902006","display":"Tetanus (disorder)","designation":[{"language":"de-CH","value":"Starrkrampf"},{"language":"fr-CH","value":"tétanos"},{"language":"it-CH","value":"tetano"},{"language":"rm-CH","value":"Starrkrampf"},{"language":"en-US","value":"Tetanus"}]},{"code":"63650001","display":"Cholera (disorder)","designation":[{"language":"de-CH","value":"Cholera"},{"language":"fr-CH","value":"choléra"},{"language":"it-CH","value":"colera"},{"language":"rm-CH","value":"Cholera"},{"language":"en-US","value":"Cholera"}]},{"code":"27836007","display":"Pertussis (disorder)","designation":[{"language":"de-CH","value":"Keuchhusten"},{"language":"fr-CH","value":"coqueluche"},{"language":"it-CH","value":"pertosse"},{"language":"rm-CH","value":"Keuchhusten"},{"language":"en-US","value":"Pertussis"}]},{"code":"398102009","display":"Acute poliomyelitis (disorder)","designation":[{"language":"de-CH","value":"Akute Poliomyelitis"},{"language":"fr-CH","value":"poliomyélite aiguë"},{"language":"it-CH","value":"poliomielite acuta"},{"language":"rm-CH","value":"Akute Poliomyelitis"},{"language":"en-US","value":"Acute poliomyelitis"}]},{"code":"18624000","display":"Disease caused by Rotavirus (disorder)","designation":[{"language":"de-CH","value":"Rotaviren-Erkrankung"},{"language":"fr-CH","value":"infection à rotavirus"},{"language":"it-CH","value":"malattia da rotavirus"},{"language":"rm-CH","value":"Rotaviren-Erkrankung"},{"language":"en-US","value":"Rotavirus disease"}]},{"code":"14168008","display":"Rabies (disorder)","designation":[{"language":"de-CH","value":"Tollwut"},{"language":"fr-CH","value":"rage"},{"language":"it-CH","value":"rabbia"},{"language":"rm-CH","value":"Tollwut"},{"language":"en-US","value":"Rabies"}]},{"code":"56717001","display":"Tuberculosis (disorder)","designation":[{"language":"de-CH","value":"Tuberkulose"},{"language":"fr-CH","value":"tuberculose"},{"language":"it-CH","value":"tubercolosi"},{"language":"rm-CH","value":"Tuberkulose"},{"language":"en-US","value":"Tuberculosis"}]},{"code":"4834000","display":"Typhoid fever (disorder)","designation":[{"language":"de-CH","value":"Typhus"},{"language":"fr-CH","value":"fièvre typhoïde"},{"language":"it-CH","value":"febbre tifoidea"},{"language":"rm-CH","value":"Typhus"},{"language":"en-US","value":"Typhoid fever"}]},{"code":"709410003","display":"Haemophilus influenzae type b infection (disorder)","designation":[{"language":"de-CH","value":"Infektion mit Haemophilus influenzae Typ B"},{"language":"fr-CH","value":"infection à Haemophilus influenzae de type b"},{"language":"it-CH","value":"infezione da Haemophilus influenzae di tipo b"},{"language":"rm-CH","value":"Infektion mit Haemophilus influenzae Typ B"},{"language":"en-US","value":"Haemophilus influenzae type b infection"}]},{"code":"397430003","display":"Diphtheria caused by Corynebacterium diphtheriae (disorder)","designation":[{"language":"de-CH","value":"Diphtherie"},{"language":"fr-CH","value":"diphtérie"},{"language":"it-CH","value":"difterite"},{"language":"rm-CH","value":"Diphtherie"},{"language":"en-US","value":"Diphtheria"}]},{"code":"840539006","display":"Disease caused by Severe acute respiratory syndrome coronavirus 2 (disorder)","designation":[{"language":"de-CH","value":"COVID-19"},{"language":"fr-CH","value":"COVID-19"},{"language":"it-CH","value":"COVID-19"},{"language":"rm-CH","value":"COVID-19"},{"language":"en-US","value":"COVID-19"}]},{"code":"52947006","display":"Japanese encephalitis virus disease (disorder)","designation":[{"language":"de-CH","value":"Japanische Enzephalitis"},{"language":"fr-CH","value":"encéphalite japonaise"},{"language":"it-CH","value":"encefalite giapponese"},{"language":"rm-CH","value":"Japanische Enzephalitis"},{"language":"en-US","value":"Japanese encephalitis"}]},{"code":"719865001","display":"Influenza caused by pandemic influenza virus (disorder)","designation":[{"language":"de-CH","value":"Pandemische Influenza"},{"language":"fr-CH","value":"grippe pandémique"},{"language":"it-CH","value":"influenza pandemica"},{"language":"rm-CH","value":"Pandemische Influenza"},{"language":"en-US","value":"Influenza caused by pandemic influenza virus"}]},{"code":"719590007","display":"Influenza caused by seasonal influenza virus (disorder)","designation":[{"language":"de-CH","value":"Saisonale Influenza"},{"language":"fr-CH","value":"grippe saisonnière"},{"language":"it-CH","value":"influenza stagionale"},{"language":"rm-CH","value":"Saisonale Influenza"},{"language":"en-US","value":"Influenza caused by seasonal influenza virus"}]},{"code":"67924001","display":"Smallpox (disorder)","designation":[{"language":"de-CH","value":"Pocken"},{"language":"fr-CH","value":"variole"},{"language":"it-CH","value":"vaiolo"},{"language":"rm-CH","value":"Pocken"},{"language":"en-US","value":"Smallpox"}]},{"code":"240532009","display":"Human papillomavirus infection (disorder)","designation":[{"language":"de-CH","value":"HPV-Erkrankung (Humanes Papillomavirus)"},{"language":"fr-CH","value":"infection par les HPV (papillomavirus humains)"},{"language":"it-CH","value":"patologia causata da HPV (virus del papilloma umano)"},{"language":"rm-CH","value":"HPV-Erkrankung (Humanes Papillomavirus)"},{"language":"en-US","value":"HPV (Human papillomavirus) disease"}]},{"code":"4740000","display":"Herpes zoster (disorder)","designation":[{"language":"de-CH","value":"Herpes zoster"},{"language":"fr-CH","value":"zona"},{"language":"it-CH","value":"herpes zoster"},{"language":"rm-CH","value":"Herpes zoster"},{"language":"en-US","value":"Herpes zoster"}]},{"code":"23511006","display":"Meningococcal infectious disease (disorder)","designation":[{"language":"de-CH","value":"Meningokokken-Erkrankung"},{"language":"fr-CH","value":"infection à méningocoques"},{"language":"it-CH","value":"malattia da meningococchi"},{"language":"rm-CH","value":"Meningokokken-Erkrankung"},{"language":"en-US","value":"Meningococcal disease"}]},{"code":"16814004","display":"Pneumococcal infectious disease (disorder)","designation":[{"language":"de-CH","value":"Pneumokokken-Erkrankung"},{"language":"fr-CH","value":"infection à pneumocoques"},{"language":"it-CH","value":"malattia da pneumococchi"},{"language":"rm-CH","value":"Pneumokokken-Erkrankung"},{"language":"en-US","value":"Pneumococcal disease"}]}]}]}}