Source File	Size	loadResources	load	generateSnapshots	load-configure	scan	loadDepInfo	loadInfo	checkR4R4B	generateNarratives	validate	loadLists	checkConformanceResources	checkConformanceResources2	checkConformanceResources3	generateLogicalMaps	validateExpressions	scanForUsageStats	checkURLsUnique	processProvenanceDetails	generate1	generate2	generateLogicals	makeDependencies	generateExampleZip	generateValidationPack	scanProfilesForR5	scanExamplesForR5
/fsh-generated/resources/ImplementationGuide-ch.fhir.ig.ch-ems.json	72734	-	0	0	0	0	0	0	7	11	0	0	0	0	0	0	0	2	0	0	139	176	0	0	0	12	0	1
fsh-generated/resources/AllergyIntolerance-1-Baumpollen.json	641	1	0	0	0	0	0	0	0	481	0	0	0	0	0	0	0	0	0	0	3	5	0	0	0	0	0	0
fsh-generated/resources/AllergyIntolerance-1-Medikamente.json	647	1	0	0	0	0	0	0	0	2	0	0	0	0	0	0	0	0	0	0	3	3	0	0	0	0	0	0
fsh-generated/resources/AllergyIntolerance-AllergyIntoleranceGrassPollen.json	667	1	0	0	0	0	0	0	0	1	0	0	0	0	0	0	0	0	0	0	5	4	0	0	0	0	0	0
fsh-generated/resources/Bundle-1-Einsatzprotokoll.json	64924	8	10	0	0	0	0	0	3	0	0	0	0	0	0	0	0	0	0	0	51	100	0	0	0	0	0	1
fsh-generated/resources/Bundle-1b-Einsatzprotokoll.json	66668	8	9	0	0	0	0	0	3	0	0	0	0	0	0	0	0	1	0	0	46	98	0	0	0	0	0	0
fsh-generated/resources/Bundle-2-Einsatzprotokoll.json	40131	5	5	0	0	0	0	0	3	0	0	0	0	0	0	0	0	1	0	0	33	56	0	0	0	0	0	0
fsh-generated/resources/Bundle-2b-Einsatzprotokoll.json	41800	4	5	0	1	0	0	0	2	0	0	0	0	0	0	0	0	0	0	0	29	74	0	0	0	0	0	1
fsh-generated/resources/CodeSystem-IVR.json	62831	7	0	0	0	0	0	0	5	23	0	0	0	0	1	0	0	2	0	0	79	77	0	0	0	5	0	0
fsh-generated/resources/Composition-1-Einsatzprotokoll-Composition.json	11521	3	0	0	0	0	0	0	0	1	0	0	0	0	0	0	0	0	0	0	11	25	0	0	0	0	0	0
fsh-generated/resources/Composition-1b-Einsatzprotokoll-Composition.json	11775	1	0	0	0	0	0	0	1	0	0	0	0	0	0	0	0	0	0	0	11	24	0	0	0	0	0	0
fsh-generated/resources/Composition-2-Einsatzprotokoll-Composition.json	10260	2	0	0	0	0	0	0	0	0	0	0	0	0	0	0	0	0	0	0	9	19	0	0	0	0	0	0
fsh-generated/resources/Composition-2b-Einsatzprotokoll-Composition.json	10433	1	0	0	0	0	0	0	1	0	0	0	0	0	0	0	0	0	0	0	13	19	0	0	0	0	0	1
fsh-generated/resources/ConceptMap-EmsAdministrative2Fhir.json	4986	2	0	0	0	0	0	0	0	0	0	0	0	0	0	0	0	0	0	0	8	16	0	0	0	1	0	0
fsh-generated/resources/ConceptMap-EmsAnamnesis2Fhir.json	19012	2	0	0	0	0	0	0	0	0	0	0	0	0	0	0	0	0	0	0	19	24	0	0	0	1	0	0
fsh-generated/resources/ConceptMap-EmsAnnotation2Fhir.json	1933	0	0	0	0	0	0	0	1	0	0	0	0	0	1	0	0	0	0	0	5	12	0	0	0	0	0	0
fsh-generated/resources/ConceptMap-EmsDiagnosis2Fhir.json	8832	2	0	0	0	0	0	0	0	0	0	0	0	0	0	0	0	0	0	0	14	15	0	0	0	0	0	0
fsh-generated/resources/ConceptMap-EmsEventOfDeath2Fhir.json	3315	0	0	0	0	0	0	0	0	0	0	0	0	0	0	0	0	0	0	0	6	13	0	0	0	0	0	0
fsh-generated/resources/ConceptMap-EmsFindings2Fhir.json	43821	4	0	0	0	0	0	0	1	1	0	0	0	0	1	0	0	1	0	0	40	28	0	0	0	2	0	0
fsh-generated/resources/ConceptMap-EmsHandover2Fhir.json	14879	1	0	0	0	0	0	0	0	0	0	0	0	0	0	0	0	0	0	0	16	17	0	0	0	0	0	0
fsh-generated/resources/ConceptMap-EmsMission2Fhir.json	52916	4	0	0	0	0	0	0	1	0	0	0	0	0	0	0	0	0	0	0	47	30	0	0	0	2	0	0
fsh-generated/resources/ConceptMap-EmsPatient2Fhir.json	17673	2	0	0	0	0	0	0	0	0	0	0	0	0	1	0	0	0	0	0	18	17	0	0	0	1	0	0
fsh-generated/resources/ConceptMap-EmsPretreatment2Fhir.json	3997	1	0	0	0	0	0	0	0	0	0	0	0	0	0	0	0	0	0	0	7	11	0	0	0	1	0	0
fsh-generated/resources/ConceptMap-EmsProcedures2Fhir.json	21919	2	0	0	0	0	0	0	1	1	0	0	0	0	0	0	0	0	0	0	22	19	0	0	0	1	0	0
fsh-generated/resources/ConceptMap-EmsTransport2Fhir.json	1923	1	0	0	0	0	0	0	0	0	0	0	0	0	1	0	0	0	0	0	5	11	0	0	0	0	0	0
fsh-generated/resources/Coverage-1-CoverageThomasMueller.json	454	1	0	0	0	0	0	0	0	0	0	0	0	0	0	0	0	0	0	0	2	4	0	0	0	0	0	0
fsh-generated/resources/Device-Device.json	508	0	0	0	0	0	0	0	0	2	0	0	0	0	0	0	0	0	0	0	2	2	0	0	0	0	0	0
fsh-generated/resources/Encounter-1-Einsatz.json	4258	1	0	0	0	0	0	0	0	0	0	0	0	0	0	0	0	0	0	0	5	9	0	0	0	0	0	0
fsh-generated/resources/Encounter-2-Einsatz.json	2044	1	0	0	0	0	0	0	0	0	0	0	0	0	0	0	0	0	0	0	4	6	0	0	0	0	0	0
fsh-generated/resources/Encounter-EncounterExample.json	5997	0	0	0	0	0	0	0	1	0	0	0	0	0	0	0	0	0	0	0	6	9	0	0	0	0	0	0
fsh-generated/resources/Location-1-Einsatzort.json	464	1	0	0	0	0	0	0	0	0	0	0	0	0	0	0	0	0	0	0	2	2	0	0	0	0	0	0
fsh-generated/resources/Location-1-Rettungswagen.json	295	0	0	0	0	0	0	0	0	0	0	0	0	0	0	0	0	0	0	0	2	2	0	0	0	0	0	0
fsh-generated/resources/Location-1-Zielort.json	551	1	0	0	0	0	0	0	0	0	0	0	0	0	0	0	0	0	0	0	2	2	0	0	0	0	0	0
fsh-generated/resources/Location-2-Einsatzort.json	438	0	0	0	0	0	0	0	0	0	0	0	0	0	0	0	0	0	0	0	2	1	0	0	0	0	0	0
fsh-generated/resources/Location-LocationAmbulance.json	681	1	0	0	0	0	0	0	0	0	0	0	0	0	0	0	0	0	0	0	2	2	0	0	0	0	0	0
fsh-generated/resources/MedicationAdministration-1-Infusion.json	2794	1	0	0	0	0	0	0	0	3	0	0	0	0	0	0	0	0	0	0	8	6	0	0	0	0	0	0
fsh-generated/resources/MedicationAdministration-1-Spray.json	2808	0	0	0	0	0	0	0	0	1	0	0	0	0	0	0	0	0	0	0	7	5	0	0	0	0	0	0
fsh-generated/resources/MedicationAdministration-MedAdminFentanyl.json	2788	1	0	0	0	0	0	0	0	2	0	0	0	0	0	0	0	0	0	0	7	5	0	0	0	0	0	0
fsh-generated/resources/MedicationStatement-1-AspirinCardio.json	947	1	0	0	0	0	0	0	0	2	0	0	0	0	0	0	0	0	0	0	4	4	0	0	0	0	0	0
fsh-generated/resources/MedicationStatement-MedStatTriatec.json	1275	1	0	0	0	0	0	0	0	2	0	0	0	0	0	0	0	1	0	0	5	4	0	0	0	0	0	0
fsh-generated/resources/Observation-1-Alarm.json	454	0	0	0	0	0	0	0	0	0	0	0	0	0	0	0	0	0	0	0	2	4	0	0	0	0	0	0
fsh-generated/resources/Observation-1-Anamnese.json	624	1	0	0	0	0	0	0	1	0	0	0	0	0	0	0	0	0	0	0	2	4	0	0	0	0	0	0
fsh-generated/resources/Observation-1-ArrivalAtTarget.json	483	1	0	0	0	0	0	0	0	0	0	0	0	0	0	0	0	0	0	0	2	3	0	0	0	0	0	0
fsh-generated/resources/Observation-1-ArrivalOnScene.json	484	0	0	0	0	0	0	0	0	0	0	0	0	0	0	0	0	0	0	0	2	4	0	0	0	0	0	0
fsh-generated/resources/Observation-1-ArrivalPatient.json	484	1	0	0	0	0	0	0	0	0	0	0	0	0	0	0	0	0	0	0	2	3	0	0	0	0	0	0
fsh-generated/resources/Observation-1-Blutdruck.json	1894	1	0	0	0	0	0	0	0	0	0	0	0	0	0	0	0	0	0	0	4	4	0	0	0	0	0	0
fsh-generated/resources/Observation-1-DepartureFromScene.json	493	0	0	0	0	0	0	0	0	0	0	0	0	0	0	0	0	0	0	0	2	3	0	0	0	0	0	0
fsh-generated/resources/Observation-1-Diagnose.json	833	1	0	0	0	0	0	0	0	0	0	0	0	0	0	0	0	0	0	0	2	5	0	0	0	0	0	0
fsh-generated/resources/Observation-1-Disposition.json	466	0	0	0	0	0	0	0	0	0	0	0	0	0	0	0	0	0	0	0	2	3	0	0	0	0	0	0
fsh-generated/resources/Observation-1-GCSBefund.json	2572	1	0	0	0	0	0	0	0	0	0	0	0	0	0	0	0	0	0	0	4	4	0	0	0	0	0	0
fsh-generated/resources/Observation-1-GCSUebergabe.json	2575	1	0	0	0	0	0	0	0	0	0	0	0	0	0	0	0	0	0	0	4	4	0	0	0	0	0	0
fsh-generated/resources/Observation-1-NACAUebergabe.json	627	0	0	0	0	0	0	0	0	0	0	0	0	0	0	0	0	0	0	0	3	4	0	0	0	0	0	0
fsh-generated/resources/Observation-1-Rollout.json	454	1	0	0	0	0	0	0	0	0	0	0	0	0	0	0	0	0	0	0	2	3	0	0	0	0	0	0
fsh-generated/resources/Observation-1-Symptome.json	489	1	0	0	0	0	0	0	0	0	0	0	0	0	0	0	0	0	0	0	2	4	0	0	0	0	0	0
fsh-generated/resources/Observation-1-ZustandUebergabe.json	596	0	0	0	0	0	0	0	0	0	0	0	0	0	0	0	0	0	0	0	2	3	0	0	0	0	0	0
fsh-generated/resources/Observation-1b-DepartureFromTarget.json	493	1	0	0	0	0	0	0	0	0	0	0	0	0	0	0	0	0	0	0	2	4	0	0	0	0	0	0
fsh-generated/resources/Observation-1b-OperationalReadiness.json	488	0	0	0	0	0	0	0	0	0	0	0	0	0	0	0	0	0	0	0	2	3	0	0	0	0	0	0
fsh-generated/resources/Observation-2-AVPUBefund.json	707	1	0	0	0	0	0	0	1	0	0	0	0	0	0	0	0	0	0	0	2	3	0	0	0	0	0	0
fsh-generated/resources/Observation-2-AirwaysBefund.json	688	1	0	0	0	0	0	0	0	0	0	0	0	0	0	0	0	0	0	0	2	4	0	0	0	0	0	0
fsh-generated/resources/Observation-2-Alarm.json	457	0	0	0	0	0	0	0	0	0	0	0	0	0	0	0	0	0	0	0	1	3	0	0	0	0	0	0
fsh-generated/resources/Observation-2-ArrivalAtTarget.json	486	1	0	0	0	0	0	0	0	0	0	0	0	0	0	0	0	0	0	0	2	3	0	0	0	0	0	0
fsh-generated/resources/Observation-2-ArrivalOnScene.json	487	1	0	0	0	0	0	0	0	0	0	0	0	0	0	0	0	0	0	0	2	4	0	0	0	0	0	0
fsh-generated/resources/Observation-2-ArrivalPatient.json	487	0	0	0	0	0	0	0	0	0	0	0	0	0	0	0	0	0	0	0	2	3	0	0	0	0	0	0
fsh-generated/resources/Observation-2-DepartureFromScene.json	496	1	0	0	0	0	0	0	0	0	0	0	0	0	0	0	0	0	0	0	2	3	0	0	0	0	0	0
fsh-generated/resources/Observation-2-Diagnose.json	778	0	0	0	0	0	0	0	0	0	0	0	0	0	0	0	0	0	0	0	2	4	0	0	0	0	0	0
fsh-generated/resources/Observation-2-Disposition.json	469	1	0	0	0	0	0	0	0	0	0	0	0	0	0	0	0	0	0	0	2	4	0	0	0	0	0	0
fsh-generated/resources/Observation-2-GCSBefund.json	2570	1	0	0	0	0	0	0	0	0	0	0	0	0	0	0	0	0	0	0	3	4	0	0	0	0	0	0
fsh-generated/resources/Observation-2-GCSUebergabe.json	2595	1	0	0	0	0	0	0	0	0	0	0	0	0	0	0	0	0	0	0	4	4	0	0	0	0	0	0
fsh-generated/resources/Observation-2-NACAUebergabe.json	630	0	0	0	0	0	0	0	0	0	0	0	0	0	0	0	0	0	0	0	2	3	0	0	0	0	0	0
fsh-generated/resources/Observation-2-Rollout.json	457	1	0	0	0	0	0	0	0	0	0	0	0	0	0	0	0	0	0	0	1	4	0	0	0	0	0	0
fsh-generated/resources/Observation-2-ZustandUebergabe.json	599	0	0	0	0	0	0	0	1	0	0	0	0	0	0	0	0	0	0	0	2	4	0	0	0	0	0	0
fsh-generated/resources/Observation-2b-DepartureFromTarget.json	496	1	0	0	0	0	0	0	0	0	0	0	0	0	0	0	0	0	0	0	3	3	0	0	0	0	0	0
fsh-generated/resources/Observation-2b-OperationalReadiness.json	491	1	0	0	0	0	0	0	0	0	0	0	0	0	0	0	0	0	0	0	2	3	0	0	0	0	0	1
fsh-generated/resources/Observation-CardiacArrestBefund.json	473	0	0	0	0	0	0	0	0	0	0	0	0	0	0	0	0	0	0	0	2	3	0	0	0	0	0	0
fsh-generated/resources/Observation-ObservationBloodPressure.json	1827	1	0	0	0	0	0	0	0	0	0	0	0	0	0	0	0	0	0	0	3	4	0	0	0	0	0	0
fsh-generated/resources/Observation-ObservationBloodPressure12080.json	1695	1	0	0	0	0	0	0	0	0	0	0	0	0	0	0	0	0	0	0	3	4	0	0	0	0	0	0
fsh-generated/resources/Observation-ObservationBreathingDyspnea.json	670	0	0	0	0	0	0	0	0	0	0	0	0	0	0	0	0	0	0	0	2	4	0	0	0	0	0	0
fsh-generated/resources/Observation-ObservationDeathManner.json	608	1	0	0	0	0	0	0	0	0	0	0	0	0	0	0	0	0	0	0	3	4	0	0	0	0	0	0
fsh-generated/resources/Observation-ObservationHeartRateBradycardia.json	1300	0	0	0	0	0	0	0	0	0	0	0	0	0	0	0	0	0	0	0	3	4	0	0	0	0	0	0
fsh-generated/resources/Observation-ObservationHeartRateTachycardia.json	1440	1	0	0	0	0	0	0	0	0	0	0	0	0	0	0	0	0	0	0	3	4	0	0	0	0	0	0
fsh-generated/resources/Observation-ObservationPupilShapeRound.json	679	1	0	0	0	0	0	0	0	0	0	0	0	0	0	0	0	0	0	0	3	4	0	0	0	0	0	0
fsh-generated/resources/Observation-ObservationPupilSizeNormal.json	658	1	0	0	0	0	0	1	0	0	0	0	0	0	0	0	0	0	0	0	2	3	0	0	0	0	0	0
fsh-generated/resources/Observation-ObservationSecondDegreeBurn.json	683	0	0	0	0	0	0	0	0	0	0	0	0	0	0	0	0	0	0	0	2	5	0	0	0	0	0	0
fsh-generated/resources/Observation-ObservationSecondDegreeFrostbite.json	699	1	0	0	0	0	1	0	0	0	0	0	0	0	0	0	0	0	0	0	2	3	0	0	0	0	0	0
fsh-generated/resources/Observation-StatusPrioUebergabe.json	659	1	0	0	0	0	0	0	0	0	0	0	0	0	0	0	0	0	0	0	2	4	0	0	0	0	0	0
fsh-generated/resources/Observation-StrokeBefund.json	2239	0	0	0	0	0	0	0	1	0	0	0	0	0	0	0	0	0	0	0	3	4	0	0	0	0	0	0
fsh-generated/resources/Organization-1-InformationRecipientUSZ.json	352	1	0	0	0	0	0	0	0	0	0	0	0	0	0	0	0	0	0	0	3	2	0	0	0	0	0	0
fsh-generated/resources/Organization-1-Rettungsdienst.json	222	0	0	0	0	0	0	0	0	0	0	0	0	0	0	0	0	0	0	0	1	2	0	0	0	0	0	0
fsh-generated/resources/Organization-1-TeamRettungsdienst.json	394	1	0	0	0	0	0	0	0	0	0	0	0	0	0	0	0	0	0	0	2	1	0	0	0	0	0	0
fsh-generated/resources/Patient-1-ThomasMueller.json	2758	0	0	0	0	0	0	0	0	0	0	0	0	0	0	0	0	0	0	0	3	3	0	0	0	0	0	0
fsh-generated/resources/Patient-2-PatientUnbekannt.json	355	0	0	0	0	0	0	0	0	0	0	0	0	0	0	0	0	0	0	0	2	1	0	0	0	0	0	0
fsh-generated/resources/Patient-PatientExample.json	2790	1	0	0	0	0	0	0	0	0	0	0	0	0	0	0	0	0	0	0	3	3	0	0	0	0	0	0
fsh-generated/resources/Practitioner-1-InformationRecipientSpitalarzt.json	284	0	0	0	0	0	0	0	0	0	0	0	0	0	0	0	0	0	0	0	3	1	0	0	0	0	0	0
fsh-generated/resources/Practitioner-1-NotarztPierreUrgentiste.json	587	1	0	0	0	0	0	0	0	0	0	0	0	0	0	0	0	0	0	0	2	2	0	0	0	0	0	0
fsh-generated/resources/Practitioner-1-SaniPetraMuster.json	553	0	0	0	0	0	0	0	0	0	0	0	0	0	0	0	0	0	0	0	2	2	0	0	0	0	0	0
fsh-generated/resources/Practitioner-1-TeamMemberHansTransportsanitaeter.json	673	1	0	0	0	0	0	0	0	0	0	0	0	0	0	0	0	0	0	0	2	4	0	0	0	0	0	0
fsh-generated/resources/Practitioner-1-TeamMemberPetraMuster.json	645	0	0	0	0	0	0	0	0	0	0	0	0	0	0	0	0	0	0	0	2	2	0	0	0	0	0	0
fsh-generated/resources/Practitioner-1-TeamMemberPierreUrgentiste.json	676	1	0	0	0	0	0	0	0	0	0	0	0	0	0	0	0	0	0	0	2	3	0	0	0	0	0	0
fsh-generated/resources/Practitioner-SaniInAusbildung.json	479	0	0	0	0	0	0	0	0	0	0	0	0	0	0	0	0	0	0	0	1	1	0	0	0	0	0	0
fsh-generated/resources/PractitionerRole-1-NotarztPierreUrgentiste-PR.json	394	1	0	0	0	0	0	0	0	0	0	0	0	0	0	0	0	0	0	0	2	3	0	0	0	0	0	0
fsh-generated/resources/PractitionerRole-1-SaniPetraMuster-PR.json	368	0	0	0	0	0	0	0	0	0	0	0	0	0	0	0	0	0	0	0	2	2	0	0	0	0	0	0
fsh-generated/resources/Procedure-1-Transport.json	830	1	0	0	0	0	0	0	0	0	0	0	0	0	0	0	0	0	0	0	2	3	0	0	0	0	0	0
fsh-generated/resources/Procedure-ProcedureAirwaysIntubation.json	606	0	0	0	0	0	0	0	0	0	0	0	0	0	0	0	0	0	0	0	2	4	0	0	0	0	0	0
fsh-generated/resources/Procedure-ProcedureBreathingVentilated.json	617	1	0	0	0	0	0	0	0	0	0	0	0	0	0	0	0	0	0	0	2	3	0	0	0	0	0	0
fsh-generated/resources/Procedure-ProcedurePrecautionsInfectionMask.json	643	0	0	0	0	0	0	0	0	0	0	0	0	0	0	0	0	0	0	0	2	3	0	0	0	0	0	0
fsh-generated/resources/Procedure-ProcedureTransportation.json	1066	1	0	0	0	0	0	0	0	0	0	0	0	0	0	0	0	1	0	0	3	7	0	0	0	0	0	0
fsh-generated/resources/Procedure-ProcedureWoundTreatment.json	624	1	0	0	0	0	0	0	1	0	0	0	0	0	0	0	0	0	0	0	2	3	0	0	0	0	0	0
fsh-generated/resources/Procedure-Vorbehandlung.json	979	0	0	0	0	0	0	0	0	0	0	0	0	0	0	0	0	0	0	0	3	4	0	0	0	0	0	0
fsh-generated/resources/ServiceRequest-1-AufbietendeOrganisation.json	635	1	0	0	0	0	0	0	0	0	0	0	0	0	0	0	0	0	0	0	2	4	0	0	0	0	0	0
fsh-generated/resources/ServiceRequest-2-AufbietendeOrganisation.json	550	0	0	0	0	0	0	0	0	0	0	0	0	0	0	0	0	0	0	0	2	4	0	0	0	0	0	0
fsh-generated/resources/StructureDefinition-ch-ems-allergyintolerance.json	2561	1	0	93	1	0	0	0	0	14	0	0	0	0	0	0	0	1	0	0	102	437	0	0	0	5	1	1
fsh-generated/resources/StructureDefinition-ch-ems-codeableconcept.json	1158	1	0	2	0	0	0	0	0	4	0	0	0	0	0	0	0	0	0	0	28	103	0	0	0	1	0	0
fsh-generated/resources/StructureDefinition-ch-ems-coding.json	982	1	0	2	0	0	0	0	0	4	0	0	0	0	1	0	0	0	0	0	26	95	0	0	0	1	0	0
fsh-generated/resources/StructureDefinition-ch-ems-composition.json	49344	4	0	279	0	0	0	0	0	176	0	0	1	0	0	0	0	15	0	0	1462	1450	0	0	0	47	0	7
fsh-generated/resources/StructureDefinition-ch-ems-coverage.json	2239	1	0	18	0	0	0	0	0	14	0	0	0	0	0	0	0	2	0	0	97	171	0	0	0	4	0	1
fsh-generated/resources/StructureDefinition-ch-ems-device.json	1752	1	0	18	0	0	0	0	0	10	0	0	1	0	1	0	0	1	0	0	97	168	0	0	0	4	1	0
fsh-generated/resources/StructureDefinition-ch-ems-document.json	9420	1	0	163	0	0	0	0	1	74	0	0	0	0	0	0	0	12	0	0	736	732	0	0	0	29	0	5
fsh-generated/resources/StructureDefinition-ch-ems-encounter.json	9996	1	0	29	0	0	0	0	0	38	0	0	1	0	1	0	0	4	0	0	281	459	0	0	0	11	0	2
fsh-generated/resources/StructureDefinition-ch-ems-ext-disinfection.json	1631	0	0	5	0	0	0	0	0	5	0	0	0	0	0	0	0	0	0	0	20	78	0	0	0	1	0	0
fsh-generated/resources/StructureDefinition-ch-ems-ext-emergencydoctorsystem.json	1764	0	0	3	0	0	0	0	0	5	0	0	0	0	0	0	0	0	0	0	21	86	0	0	0	1	1	0
fsh-generated/resources/StructureDefinition-ch-ems-ext-identification.json	3214	1	0	3	0	0	0	0	0	6	0	0	0	0	0	0	0	1	0	0	47	99	0	0	0	2	0	0
fsh-generated/resources/StructureDefinition-ch-ems-ext-laterality.json	1631	0	0	3	0	0	0	0	0	4	0	0	0	0	1	0	0	0	0	0	20	80	0	0	0	0	0	0
fsh-generated/resources/StructureDefinition-ch-ems-ext-owner.json	1581	1	0	2	0	0	0	0	0	3	0	0	0	0	0	0	0	0	0	0	20	80	0	0	0	1	0	0
fsh-generated/resources/StructureDefinition-ch-ems-ext-performer.json	1609	0	0	3	0	0	0	0	0	4	0	0	0	0	0	0	0	0	0	0	20	81	0	0	0	1	0	1
fsh-generated/resources/StructureDefinition-ch-ems-ext-personrole.json	1627	0	0	1	0	0	0	0	0	3	0	0	0	0	0	0	0	1	0	0	20	77	0	0	0	0	0	0
fsh-generated/resources/StructureDefinition-ch-ems-ext-teamrole.json	1601	1	0	2	0	0	0	0	0	3	0	0	0	0	0	0	0	0	0	0	20	79	0	0	0	1	0	0
fsh-generated/resources/StructureDefinition-ch-ems-ext-urgencyadequate.json	1666	0	0	2	0	0	0	0	0	3	0	0	0	0	0	0	0	0	0	0	22	77	0	0	0	1	0	0
fsh-generated/resources/StructureDefinition-ch-ems-ext-valuablespatient.json	1634	0	0	2	0	0	0	0	0	3	0	0	0	0	1	0	0	0	0	0	21	79	0	0	0	0	0	0
fsh-generated/resources/StructureDefinition-ch-ems-ext-violence.json	4156	1	0	3	0	0	0	0	0	8	0	0	0	0	0	0	0	1	0	0	59	107	0	0	0	2	0	0
fsh-generated/resources/StructureDefinition-ch-ems-location-ambulance.json	1955	1	0	18	0	0	0	0	0	13	0	0	0	0	0	0	0	2	0	0	118	166	0	0	0	5	0	1
fsh-generated/resources/StructureDefinition-ch-ems-location-locationdestination.json	3073	0	0	32	0	0	0	0	0	48	0	0	0	0	1	0	0	4	0	0	186	275	0	0	0	7	0	2
fsh-generated/resources/StructureDefinition-ch-ems-medication.json	1896	1	0	61	0	0	0	0	0	14	0	0	0	0	0	0	0	1	0	0	82	121	0	0	0	3	0	0
fsh-generated/resources/StructureDefinition-ch-ems-medicationadministration.json	3727	0	0	15	0	0	0	0	0	16	0	0	1	0	0	0	0	1	0	0	126	162	0	0	0	5	0	1
fsh-generated/resources/StructureDefinition-ch-ems-medicationstatement.json	3757	1	0	13	0	0	0	0	0	21	0	0	0	0	1	0	0	3	0	0	166	164	0	0	0	7	0	1
fsh-generated/resources/StructureDefinition-ch-ems-observation-airways.json	1613	0	0	22	0	0	0	0	0	14	0	0	0	0	0	0	0	1	0	0	117	178	0	0	0	5	0	1
fsh-generated/resources/StructureDefinition-ch-ems-observation-anamnesisevent.json	1857	0	0	13	0	0	0	0	0	13	0	0	0	0	0	0	0	2	0	0	121	140	0	0	0	6	0	1
fsh-generated/resources/StructureDefinition-ch-ems-observation-anamnesissymptom.json	1875	1	0	13	0	0	0	0	0	15	0	0	0	0	1	0	0	2	0	0	122	146	0	0	0	5	0	1
fsh-generated/resources/StructureDefinition-ch-ems-observation-avpu.json	1645	0	0	12	0	0	0	0	0	25	0	0	0	0	0	0	0	2	0	0	115	129	0	0	0	5	0	0
fsh-generated/resources/StructureDefinition-ch-ems-observation-bloodpressure.json	2866	1	0	14	0	0	0	0	0	15	0	0	0	0	0	0	0	2	0	0	127	160	0	0	0	5	0	1
fsh-generated/resources/StructureDefinition-ch-ems-observation-breathing.json	1633	1	0	12	0	0	0	0	0	12	0	0	0	0	0	0	0	1	0	0	114	119	0	0	0	5	0	0
fsh-generated/resources/StructureDefinition-ch-ems-observation-cardiacarrest.json	1337	1	0	12	0	0	0	0	0	13	0	0	0	0	0	0	0	2	0	0	113	124	0	0	0	5	0	1
fsh-generated/resources/StructureDefinition-ch-ems-observation-coldexposure.json	1631	0	0	13	0	0	0	0	0	13	0	0	0	0	1	0	0	2	0	0	115	118	0	0	0	5	0	0
fsh-generated/resources/StructureDefinition-ch-ems-observation-conditionchange.json	1657	1	0	14	0	0	0	0	0	12	0	0	0	0	0	0	0	1	0	0	125	141	0	0	0	5	1	1
fsh-generated/resources/StructureDefinition-ch-ems-observation-deathmanner.json	1595	1	0	15	0	0	0	0	0	14	0	0	1	0	0	0	0	2	0	0	113	130	0	0	0	5	0	0
fsh-generated/resources/StructureDefinition-ch-ems-observation-diagnosis.json	2825	1	0	19	0	0	0	0	0	16	0	0	0	0	0	0	0	2	0	0	143	157	0	0	0	6	0	1
fsh-generated/resources/StructureDefinition-ch-ems-observation-gcs.json	6376	1	0	34	0	0	0	0	0	29	0	0	0	0	1	0	0	3	0	0	261	209	0	0	0	9	0	0
fsh-generated/resources/StructureDefinition-ch-ems-observation-heartrate.json	3502	1	0	15	0	0	0	0	0	16	0	0	0	0	0	0	0	2	0	0	127	126	0	0	0	5	0	1
fsh-generated/resources/StructureDefinition-ch-ems-observation-heatexposure.json	1621	0	0	14	0	0	0	0	0	13	0	0	0	0	0	0	0	1	0	0	113	116	0	0	0	5	0	0
fsh-generated/resources/StructureDefinition-ch-ems-observation-missiontimestatus.json	1635	1	0	13	0	0	0	0	0	12	0	0	0	0	0	0	0	2	0	0	109	123	0	0	0	5	0	0
fsh-generated/resources/StructureDefinition-ch-ems-observation-naca.json	1584	1	0	13	0	0	0	0	0	13	0	0	0	0	1	0	0	2	0	0	114	116	0	0	0	5	0	1
fsh-generated/resources/StructureDefinition-ch-ems-observation-pupilshape.json	1599	0	0	13	0	0	0	0	0	13	0	0	0	0	0	0	0	1	0	0	114	115	0	0	0	5	0	0
fsh-generated/resources/StructureDefinition-ch-ems-observation-pupilsize.json	1599	1	0	14	0	0	0	0	0	16	0	0	0	0	0	0	0	2	0	0	113	115	0	0	0	5	0	1
fsh-generated/resources/StructureDefinition-ch-ems-observation-statuspriority.json	1644	1	0	13	0	0	0	0	0	13	0	0	1	0	0	0	0	2	0	0	114	116	0	0	0	5	0	0
fsh-generated/resources/StructureDefinition-ch-ems-observation-stroke-fast.json	6244	1	0	21	0	0	0	0	0	24	0	0	0	0	1	0	0	2	0	0	209	165	0	0	0	7	0	1
fsh-generated/resources/StructureDefinition-ch-ems-observation.json	1952	1	0	1	0	0	0	0	0	10	0	0	0	0	0	0	0	1	0	0	114	111	0	0	0	5	0	0
fsh-generated/resources/StructureDefinition-ch-ems-organization.json	1773	0	0	16	0	0	0	0	0	9	0	0	0	0	0	0	0	3	0	0	117	119	0	0	0	4	0	1
fsh-generated/resources/StructureDefinition-ch-ems-patient.json	5736	1	0	39	0	0	0	0	1	24	0	0	0	0	0	0	0	5	0	0	343	418	0	0	0	14	0	1
fsh-generated/resources/StructureDefinition-ch-ems-practitioner.json	3135	1	0	19	0	0	0	0	0	12	0	0	1	0	1	0	0	3	0	0	164	261	0	0	0	6	0	1
fsh-generated/resources/StructureDefinition-ch-ems-practitionerrole.json	2801	1	0	11	0	0	0	0	0	6	0	0	0	0	0	0	0	2	0	0	82	124	0	0	0	3	0	0
fsh-generated/resources/StructureDefinition-ch-ems-procedure-airways.json	1540	1	0	20	0	0	0	0	0	6	0	0	0	0	0	0	0	1	0	0	99	154	0	0	0	4	0	0
fsh-generated/resources/StructureDefinition-ch-ems-procedure-breathing.json	1551	0	0	12	0	0	0	0	0	7	0	0	0	0	0	0	0	1	0	0	99	155	0	0	0	4	0	1
fsh-generated/resources/StructureDefinition-ch-ems-procedure-precautionsinfection.json	1652	1	0	12	0	0	0	0	0	8	0	0	0	0	1	0	0	2	0	0	99	156	0	0	0	4	1	0
fsh-generated/resources/StructureDefinition-ch-ems-procedure-pretreatment.json	2338	1	0	11	0	0	0	0	0	7	0	0	0	0	0	0	0	1	0	0	105	135	0	0	0	4	0	0
fsh-generated/resources/StructureDefinition-ch-ems-procedure-transportation.json	2205	0	0	11	0	0	0	0	0	11	0	0	0	0	0	0	0	2	0	0	101	113	0	0	0	4	0	1
fsh-generated/resources/StructureDefinition-ch-ems-procedure-woundtreatment.json	1578	1	0	10	0	0	0	0	0	11	0	0	0	0	0	0	0	1	0	0	100	118	0	0	0	4	0	0
fsh-generated/resources/StructureDefinition-ch-ems-procedure.json	1763	1	0	1	0	0	0	0	0	10	0	0	0	0	1	0	0	2	0	0	97	96	0	0	0	4	0	0
fsh-generated/resources/StructureDefinition-ch-ems-quantity.json	1137	1	0	3	0	0	0	0	0	4	0	0	0	0	0	0	0	0	0	0	26	50	0	0	0	1	0	0
fsh-generated/resources/StructureDefinition-ch-ems-servicerequest.json	2984	0	0	11	0	0	0	0	0	106	0	0	0	0	0	0	0	2	0	0	121	116	0	0	0	4	0	1
fsh-generated/resources/StructureDefinition-logicalmodel-ems-protocol.json	88152	4	0	147	0	0	0	0	0	88	0	0	1	0	0	0	0	12	0	0	961	586	0	1	0	31	0	2
fsh-generated/resources/ValueSet-IVR-VS-InfectPersPrecaution.json	5844	1	0	0	1	0	0	0	0	673	0	0	0	0	1	0	0	0	0	0	10	37	0	0	0	1	0	0
fsh-generated/resources/ValueSet-IVR-VS-NACA.json	5684	1	0	0	0	0	0	0	1	4	0	0	0	0	0	0	0	0	0	0	9	35	0	0	0	0	0	0
fsh-generated/resources/ValueSet-IVR-VS-actRecovAid.json	6428	0	0	0	0	0	0	0	0	4	0	0	0	0	0	0	0	0	0	0	10	29	0	0	0	1	0	0
fsh-generated/resources/ValueSet-IVR-VS-actRespiOwner.json	2984	0	0	0	0	0	0	0	1	2	0	0	0	0	0	0	0	1	0	0	7	27	0	0	0	0	0	0
fsh-generated/resources/ValueSet-IVR-VS-ambulanceType.json	2753	1	0	0	0	0	0	0	0	2	0	0	0	0	1	0	0	0	0	0	6	20	0	0	0	0	0	0
fsh-generated/resources/ValueSet-IVR-VS-bedding.json	5749	0	0	0	0	0	0	0	1	3	0	0	0	0	0	0	0	0	0	0	10	22	0	0	0	0	0	0
fsh-generated/resources/ValueSet-IVR-VS-coldExposure.json	2498	0	0	0	0	0	0	0	0	2	0	0	0	0	0	0	0	0	0	0	8	18	0	0	0	0	0	0
fsh-generated/resources/ValueSet-IVR-VS-deathManner.json	1910	1	0	0	0	0	0	0	0	1	0	0	0	0	0	0	0	0	0	0	5	18	0	0	0	1	0	0
fsh-generated/resources/ValueSet-IVR-VS-diagType.json	2374	0	0	0	0	0	0	0	0	2	0	0	0	0	1	0	0	0	0	0	6	19	0	0	0	0	0	0
fsh-generated/resources/ValueSet-IVR-VS-emergDoctSystem.json	2009	0	0	0	0	0	0	0	0	2	0	0	0	0	0	0	0	0	0	0	7	19	0	0	0	0	0	0
fsh-generated/resources/ValueSet-IVR-VS-event.json	6572	1	0	0	0	0	0	0	1	2	0	0	0	0	0	0	0	0	0	0	9	22	0	0	0	0	0	0
fsh-generated/resources/ValueSet-IVR-VS-eyeForm.json	1311	0	0	0	0	0	0	0	0	2	0	0	0	0	1	0	0	0	0	0	5	19	0	0	0	0	0	0
fsh-generated/resources/ValueSet-IVR-VS-findingsAirway.json	4269	0	0	0	0	0	0	0	0	2	0	0	0	0	0	0	0	0	0	0	7	20	0	0	0	0	0	1
fsh-generated/resources/ValueSet-IVR-VS-formation.json	5095	1	0	0	0	0	0	0	1	2	0	0	0	0	0	0	0	0	0	0	9	20	0	0	0	1	0	0
fsh-generated/resources/ValueSet-IVR-VS-gcs-augenoeffnung.json	2452	0	0	0	0	0	0	0	0	2	0	0	0	0	0	0	0	0	0	0	8	20	0	0	0	0	0	0
fsh-generated/resources/ValueSet-IVR-VS-gcsMotoric.json	3648	0	0	0	0	0	0	0	0	2	0	0	0	0	1	0	0	0	0	0	7	19	0	0	0	0	0	0
fsh-generated/resources/ValueSet-IVR-VS-gcsVerbal.json	3103	1	0	0	0	0	0	0	0	1	0	0	0	0	0	0	0	1	0	0	7	19	0	0	0	0	0	0
fsh-generated/resources/ValueSet-IVR-VS-heatExposure.json	1958	0	0	0	0	0	0	0	0	2	0	0	0	0	0	0	0	0	0	0	7	18	0	0	0	0	0	0
fsh-generated/resources/ValueSet-IVR-VS-hospitalPriority.json	1770	0	0	0	0	0	0	0	1	2	0	0	0	0	0	0	0	0	0	0	5	16	0	0	0	0	0	0
fsh-generated/resources/ValueSet-IVR-VS-idMedium.json	3901	0	0	0	0	0	0	0	0	2	0	0	0	0	1	0	0	0	0	0	7	18	0	0	0	1	0	0
fsh-generated/resources/ValueSet-IVR-VS-idSource.json	2879	1	0	0	0	0	0	0	0	2	0	0	0	0	0	0	0	0	0	0	7	18	0	0	0	0	0	0
fsh-generated/resources/ValueSet-IVR-VS-intensity.json	2318	0	0	0	0	0	0	0	0	2	0	0	0	0	0	0	0	0	0	0	29	19	0	0	0	0	0	0
fsh-generated/resources/ValueSet-IVR-VS-laterality.json	733	0	0	0	0	0	0	0	1	1	0	0	0	0	1	0	0	0	0	0	5	15	0	0	0	0	0	0
fsh-generated/resources/ValueSet-IVR-VS-locationType.json	6225	1	0	0	0	0	0	0	0	2	0	0	0	0	0	0	0	0	0	0	8	14	0	0	0	1	0	0
fsh-generated/resources/ValueSet-IVR-VS-missionTimeRole.json	11366	0	0	0	0	0	0	0	0	3	0	0	0	0	0	0	0	0	0	0	16	16	0	0	0	1	0	0
fsh-generated/resources/ValueSet-IVR-VS-missionType.json	1911	1	0	0	0	0	0	0	1	2	0	0	0	0	0	0	0	0	0	0	10	14	0	0	0	0	0	0
fsh-generated/resources/ValueSet-IVR-VS-offender.json	2887	0	0	0	0	0	0	0	0	2	0	0	0	0	1	0	0	0	0	0	6	16	0	0	0	0	0	0
fsh-generated/resources/ValueSet-IVR-VS-personRole.json	3364	0	0	0	0	0	0	0	0	2	0	0	0	0	0	0	0	0	0	0	8	13	0	0	0	0	0	0
fsh-generated/resources/ValueSet-IVR-VS-preTreatType.json	3687	1	0	0	0	0	0	0	0	2	0	0	0	0	0	0	0	0	0	0	8	12	0	0	0	1	0	0
fsh-generated/resources/ValueSet-IVR-VS-preTreatment.json	2494	0	0	0	0	0	0	0	0	2	0	0	0	0	0	0	0	1	0	0	6	17	0	0	0	0	0	0
fsh-generated/resources/ValueSet-IVR-VS-pressureMethod.json	1374	0	0	0	0	0	0	0	1	1	0	0	0	0	1	0	0	0	0	0	6	14	0	0	0	0	0	0
fsh-generated/resources/ValueSet-IVR-VS-procAirType.json	2954	1	0	0	0	0	0	0	0	1	0	0	0	0	0	0	0	0	0	0	6	12	0	0	0	1	0	0
fsh-generated/resources/ValueSet-IVR-VS-pulesResult.json	1795	0	0	0	0	0	0	0	0	2	0	0	0	0	0	0	0	0	0	0	6	11	0	0	0	0	0	0
fsh-generated/resources/ValueSet-IVR-VS-pulseMethod.json	2414	0	0	0	0	0	0	0	0	1	0	0	0	0	0	0	0	0	0	0	6	16	0	0	0	0	0	0
fsh-generated/resources/ValueSet-IVR-VS-respirationObservation.json	7784	1	0	0	0	0	0	0	1	3	0	0	0	0	1	0	0	0	0	0	10	16	0	0	0	0	0	0
fsh-generated/resources/ValueSet-IVR-VS-result.json	1801	0	0	0	0	0	0	0	0	2	0	0	0	0	0	0	0	0	0	0	6	12	0	0	0	1	0	0
fsh-generated/resources/ValueSet-IVR-VS-size.json	2196	0	0	0	0	0	0	0	0	1	0	0	0	0	0	0	0	0	0	0	6	11	0	0	0	0	0	0
fsh-generated/resources/ValueSet-IVR-VS-symptom.json	12972	1	0	0	0	0	0	0	1	4	0	0	0	0	0	0	0	0	0	0	15	19	0	0	0	1	0	0
fsh-generated/resources/ValueSet-IVR-VS-teamRole.json	7582	0	0	0	0	0	0	0	0	3	0	0	0	0	1	0	0	1	0	0	13	19	0	0	0	0	0	0
fsh-generated/resources/ValueSet-IVR-VS-transDisinfection.json	2165	1	0	0	0	0	0	0	0	1	0	0	0	0	0	0	0	0	0	0	6	15	0	0	0	0	0	0
fsh-generated/resources/ValueSet-IVR-VS-transReason.json	8058	0	0	0	0	0	0	0	1	3	0	0	0	0	0	0	0	0	0	0	12	19	0	0	0	1	0	0
fsh-generated/resources/ValueSet-IVR-VS-urgency-adequate.json	2521	0	0	0	0	0	0	0	0	2	0	0	0	0	1	0	0	0	0	0	6	16	0	0	0	0	0	0
fsh-generated/resources/ValueSet-IVR-VS-urgency.json	1403	0	0	0	0	0	0	0	0	1	0	0	0	0	0	0	0	0	0	0	6	11	0	0	0	0	0	0
fsh-generated/resources/ValueSet-IVR-VS-valType.json	4611	1	0	0	0	0	0	0	0	2	0	0	0	0	0	0	0	0	0	0	8	13	0	0	0	1	0	0
fsh-generated/resources/ValueSet-IVR-VS-ventilation.json	886	0	0	0	0	0	0	0	0	1	0	0	0	0	0	0	0	0	0	0	4	11	0	0	0	0	0	0
fsh-generated/resources/ValueSet-IVR-VS-vigilanzAvpu.json	2661	0	0	0	0	0	0	0	1	2	0	0	0	0	1	0	0	0	0	0	6	10	0	0	0	0	0	0
fsh-generated/resources/ValueSet-IVR-VS-violenceForm.json	6847	1	0	0	0	0	0	0	0	2	0	0	0	0	0	0	0	0	0	0	10	19	0	0	0	0	0	0
fsh-generated/resources/ValueSet-IVR-VS-violenceResult.json	3552	0	0	0	0	0	0	0	0	2	0	0	0	0	0	0	0	0	0	0	8	14	0	0	0	1	0	0
fsh-generated/resources/ValueSet-IVR-VS-woundTreat.json	1846	0	0	0	0	0	0	0	0	1	0	0	0	0	0	0	0	0	0	0	4	16	0	0	0	0	0	0
fsh-generated/resources/ValueSet-IVR-VS-yesNoUnknown.json	745	1	0	0	0	0	0	0	0	1	0	0	0	0	1	0	0	0	0	0	5	15	0	1	0	0	0	0
/input/includes/logo.html	378	-	-	-	0	0	0	0	0	0	0	0	0	0	0	0	0	0	0	0	0	0	0	0	0	0	0	0
/input/includes/fhirlogo.html	145	-	-	-	0	0	0	0	0	0	0	0	0	0	0	0	0	0	0	0	0	0	0	0	0	0	0	0
/input/includes/img.html	233	-	-	-	0	0	0	0	0	0	0	0	0	0	0	0	0	0	0	0	0	0	0	0	0	0	0	0
/fsh-generated/includes/menu.xml	3484	-	-	-	0	0	0	0	0	0	0	0	0	0	0	0	0	0	0	0	0	1	0	0	0	0	0	0
/fsh-generated/includes/fsh-link-references.md	13701	-	-	-	0	0	0	0	0	0	0	0	0	0	0	0	0	0	0	0	0	0	0	0	0	0	0	0
/input/data/features.yml	156	-	-	-	0	0	0	0	0	0	0	0	0	0	0	0	0	0	0	0	0	0	0	0	0	0	0	0
/input/pagecontent/profiles.md	314	-	-	-	0	0	0	0	0	0	0	0	0	0	0	0	0	0	0	0	0	0	0	0	0	0	0	0
/input/pagecontent/index-german.md	4262	-	-	-	0	0	0	0	0	0	0	0	0	0	0	0	0	0	0	0	0	1	0	0	0	0	0	0
/input/pagecontent/usecase-french.md	25955	-	-	-	0	0	0	0	0	0	0	0	0	0	0	0	0	0	0	0	0	0	0	0	0	0	0	0
/input/pagecontent/extensions.md	37	-	-	-	0	0	0	0	0	0	0	0	0	0	0	0	0	0	0	0	0	0	0	0	0	0	0	0
/input/pagecontent/terminology.md	123	-	-	-	0	0	0	0	0	0	0	0	0	0	0	0	0	0	0	0	0	1	0	0	0	0	0	0
/input/pagecontent/document.md	1564	-	-	-	0	0	0	0	0	0	0	0	0	0	0	0	0	0	0	0	0	0	0	0	0	0	0	0
/input/pagecontent/logicalmodel.md	349	-	-	-	0	0	0	0	0	0	0	0	0	0	0	0	0	0	0	0	0	0	0	0	0	0	0	0
/input/pagecontent/changelog.md	7033	-	-	-	0	0	0	0	0	0	0	0	0	0	0	0	0	0	0	0	0	0	0	0	0	0	0	0
/input/pagecontent/usecase-german.md	23229	-	-	-	0	0	0	0	0	0	0	0	0	0	0	0	0	0	0	0	0	1	0	0	0	0	0	0
/input/pagecontent/index.md	4413	-	-	-	0	0	0	0	0	0	0	0	0	0	0	0	0	0	0	0	0	0	0	0	0	0	0	0
/input/pagecontent/index-french.md	4282	-	-	-	0	0	0	0	0	0	0	0	0	0	0	0	0	0	0	0	0	0	0	0	0	0	0	0
/template/config	0	-	-	-	0	0	0	0	0	0	0	0	0	0	0	0	0	0	0	0	0	0	0	0	0	0	0	0
/template/config/_config.yml	140	-	-	-	0	0	0	0	0	0	0	0	0	0	0	0	0	0	0	0	0	0	0	0	0	0	0	0
/input/images	0	-	-	-	0	0	0	0	0	0	0	0	0	0	0	0	0	0	0	0	0	0	0	0	0	0	0	0
/input/images/hl7-logo.png	3724	-	-	-	0	0	0	0	0	0	0	0	0	0	0	0	0	0	0	0	0	0	0	0	0	0	0	0
/input/images/document.png	188373	-	-	-	0	0	0	0	0	0	0	0	0	0	0	0	0	0	0	0	0	0	0	0	0	0	0	0
/input/images/logo-ivr.jpg	238659	-	-	-	0	0	0	0	0	0	0	0	0	0	0	0	0	0	0	0	0	0	0	0	0	0	0	0
/input/images/fhir-logo-www.png	4518	-	-	-	0	0	0	0	0	0	0	0	0	0	0	0	0	0	0	0	0	1	0	0	0	0	0	0
/input/images/prozess-fr.jpg	182031	-	-	-	0	0	0	0	0	0	0	0	0	0	0	0	0	0	0	0	0	0	0	0	0	0	0	0
/input/images/prozess-de.jpg	118655	-	-	-	0	0	0	0	0	0	0	0	0	0	0	0	0	0	0	0	0	0	0	0	0	0	0	0
/temp/pages/_includes/artifacts.xml	88632	-	-	-	-	-	-	-	-	-	-	-	-	-	-	-	-	-	-	-	-	0	0	0	0	0	0	0
