URL,Version,Status,OIDs,Name,Title,Description,Uses,Used,Sources
http://fhir.ch/ig/ch-allergyintolerance/ValueSet/CHAllergyIntoleranceReactionManifestationValueSet,3.4.0,active,,CHAllergyIntoleranceReactionManifestationValueSet,CH AllergyIntolerance Reaction Manifestation,"CH AllergyIntolerance reaction manifestation value set, including codes values according to the Allergy Reaction (GPS) - IPS value set from SNOMED Clinical Terms®  for the documentation of manifestation of allergy or intolerance reactions","StructureDefinition/ch-ems-allergyintolerance","SCT"
http://fhir.ch/ig/ch-allergyintolerance/ValueSet/CHAllergyIntoleranceReactionSubstanceValueSet,3.4.0,active,,CHAllergyIntoleranceReactionSubstanceValueSet,CH AllergyIntolerance Reaction Substance,"CH AllergyIntolerance reation substance value set. This value set includes codes from SNOMED Clinical Terms® substances for the documentation of substancies of allergy or intolerance reactions","StructureDefinition/ch-ems-allergyintolerance","SCT"
http://fhir.ch/ig/ch-allergyintolerance/ValueSet/CHAllergyIntoleranceValueSet,3.4.0,active,,CHAllergyIntoleranceValueSet,CH AllergyIntolerance,"CH AllergyIntolerance coding value set. This value set includes codes values  from SNOMED Clinical Terms® for no known [xy] allergies AND findings AND substances for the documentation of allergy or intolerance","StructureDefinition/ch-ems-allergyintolerance,StructureDefinition/logicalmodel-ems-protocol","SCT"
http://fhir.ch/ig/ch-core/ValueSet/bfs-medstats-17-admitsource,3.4.0,active,,BfsMedstats17Admitsource,BFS Medizinische Statistik - 17 1.2.V02 - Aufenthaltsort vor dem Eintritt / Séjour avant l’admission / Luogo di soggiorno prima dell’ammissione,"BFS defines variables for medical statistic (german, french, italian) see [BFS](https://www.bfs.admin.ch/bfs/de/home/statistiken/kataloge-datenbanken/publikationen.assetdetail.7066232.html). Unmittelbarer Aufenthaltsort vor dem Eintritt. Wo befand sich BFS der Patient / die Patientin?","StructureDefinition/ch-ems-encounter","ch.fhir.ig.ch-term"
http://fhir.ch/ig/ch-core/ValueSet/bfs-medstats-29-dischargeencounter,3.4.0,active,,BfsMedstats29Dischargeencounter,BFS Medizinische Statistik - 29 1.5.V04 - Behandlung nach Austritt / Prise en charge après la sortie / Trattamento dopo l’uscita,"BFS defines variables for medical statistic (german, french, italian) see [BFS](https://www.bfs.admin.ch/bfs/de/home/statistiken/kataloge-datenbanken/publikationen.assetdetail.7066232.html). Behandlung, Pflege, Rehabilitation nach dem Spitalaufenthalt. Es geht darum, den Behandlungserfolg resp. den Abhängigkeitsgrad bei Austritt anzugeben. Nur die am besten zutreffende Kategorie auswählen.","StructureDefinition/ch-ems-encounter","ch.fhir.ig.ch-term"
http://fhir.ch/ig/ch-core/ValueSet/ch-core-encounter-participation-type,3.4.0,active,,ChCoreEncounterParticipationType,ChCoreEncounterParticipationType,"This value set defines a set of codes that can be used to indicate how an individual participates in an encounter. In Switzerland the primary care physician is added to the extensible base ValueSet.","StructureDefinition/ch-ems-encounter","THO (V3)"
http://fhir.ch/ig/ch-core/ValueSet/ch-core-maritalstatus,3.4.0,active,,ChCoreMaritalStatus,ChCoreMaritalStatus,"MaritalStatus combined by fhir and eCH-11. See [maritalData - Zivilstandsangaben eCH-11](https://www.bfs.admin.ch/bfs/de/home/statistiken/kataloge-datenbanken/publikationen.assetdetail.349276.html) and/or [BFS Amtlicher Katalog der Merkmale](https://www.bfs.admin.ch/bfs/de/home/statistiken/kataloge-datenbanken/publikationen.assetdetail.349276.html).","StructureDefinition/ch-ems-patient","ch.fhir.ig.ch-term"
http://fhir.ch/ig/ch-core/ValueSet/ech-10-linetype,3.4.0,active,,ECH10AddressLine,eCH-010 Address Line Type,"eCH-010 defines different address lines (addressLine1,2 and street)","StructureDefinition/ch-ems-location-locationdestination,StructureDefinition/ch-ems-patient","ch.fhir.ig.ch-term"
http://fhir.ch/ig/ch-core/ValueSet/ech-7-cantonabbreviation,3.4.0,active,,ECH007CantonAbbreviation,eCH-0007 Canton Abbreviation,"eCH-0007: Each municipality has a unique cantonal affiliation, which can be defined by the cantonal abbreviation commonly used in Switzerland.","StructureDefinition/ch-ems-location-locationdestination,StructureDefinition/ch-ems-patient","ch.fhir.ig.ch-term"
http://fhir.ch/ig/ch-ems/ValueSet/IVR-VS-InfectPersPrecaution,2.0.0-ballot,draft,,Ech0207InfectPersPrecaution,IVR Infection Transport Precaution Personnel,"List of precautions to be taken by staff when transporting infected persons.","StructureDefinition/ch-ems-procedure-precautionsinfection,StructureDefinition/logicalmodel-ems-protocol","SCT,Internal"
http://fhir.ch/ig/ch-ems/ValueSet/IVR-VS-NACA,2.0.0-ballot,draft,,NACA,IVR NACA,"List of NACA score states.","StructureDefinition/ch-ems-observation-naca,StructureDefinition/logicalmodel-ems-protocol","Internal"
http://fhir.ch/ig/ch-ems/ValueSet/IVR-VS-actRecovAid,2.0.0-ballot,draft,,ActRecovAid,IVR Recovery Aid,"List of tools used during the rescue and transportation of the patient.","StructureDefinition/ch-ems-procedure-transportation,StructureDefinition/logicalmodel-ems-protocol","SCT,Internal"
http://fhir.ch/ig/ch-ems/ValueSet/IVR-VS-actRespiOwner,2.0.0-ballot,draft,,ActRespiOwner,IVR Owner,"List of owners of tools.","StructureDefinition/ch-ems-ext-owner,StructureDefinition/logicalmodel-ems-protocol","SCT,Internal"
http://fhir.ch/ig/ch-ems/ValueSet/IVR-VS-ambulanceType,2.0.0-ballot,draft,,IVRVSambulanceType,IVR Ambulance Type,"List of possible rescue devices.","StructureDefinition/logicalmodel-ems-protocol,StructureDefinition/ch-ems-location-ambulance","SCT"
http://fhir.ch/ig/ch-ems/ValueSet/IVR-VS-bedding,2.0.0-ballot,draft,,ECH0207bedding,IVR Transport Bedding,"List of possible positions of the patient during the mission.","StructureDefinition/ch-ems-procedure-transportation,StructureDefinition/logicalmodel-ems-protocol","SCT,Internal"
http://fhir.ch/ig/ch-ems/ValueSet/IVR-VS-coldExposure,2.0.0-ballot,draft,,IVRVScoldExposure,IVR Cold Exposure,"List of possible degrees of frostbite.","StructureDefinition/ch-ems-observation-coldexposure,StructureDefinition/logicalmodel-ems-protocol","Internal"
http://fhir.ch/ig/ch-ems/ValueSet/IVR-VS-deathManner,2.0.0-ballot,draft,,IVRVSdeathManner,IVR Death Manner,"List of possible causes of death.","StructureDefinition/logicalmodel-ems-protocol,StructureDefinition/ch-ems-observation-deathmanner","SCT"
http://fhir.ch/ig/ch-ems/ValueSet/IVR-VS-diagType,2.0.0-ballot,draft,,IVRVSdiagType,IVR Diagnosis Type,"List of types of diagnosis.","StructureDefinition/ch-ems-observation-diagnosis,StructureDefinition/logicalmodel-ems-protocol","SCT"
http://fhir.ch/ig/ch-ems/ValueSet/IVR-VS-emergDoctSystem,2.0.0-ballot,draft,,EmergDoctSystem,IVR Emergency Doctor System,"List of types of emergency doctor systems.","StructureDefinition/logicalmodel-ems-protocol,StructureDefinition/ch-ems-ext-emergencydoctorsystem","Internal"
http://fhir.ch/ig/ch-ems/ValueSet/IVR-VS-event,2.0.0-ballot,draft,,IVRVSevent,IVR Event,"List of types of emergency events.","StructureDefinition/logicalmodel-ems-protocol,StructureDefinition/ch-ems-observation-anamnesisevent","SCT,Internal"
http://fhir.ch/ig/ch-ems/ValueSet/IVR-VS-eyeForm,2.0.0-ballot,draft,,IVRVSeyeForm,IVR Eye Form,"List of shapes of the pupils.","StructureDefinition/ch-ems-observation-pupilshape,StructureDefinition/logicalmodel-ems-protocol","SCT"
http://fhir.ch/ig/ch-ems/ValueSet/IVR-VS-findingsAirway,2.0.0-ballot,draft,,IVRVSfindingsAirway,IVR Findings Airway,"List of findings on the condition of the airways.","StructureDefinition/ch-ems-observation-airways,StructureDefinition/logicalmodel-ems-protocol","SCT"
http://fhir.ch/ig/ch-ems/ValueSet/IVR-VS-formation,2.0.0-ballot,draft,,IVRVSformation,IVR Formation,"List of the formation of rescue personnel.","StructureDefinition/ch-ems-practitioner,StructureDefinition/logicalmodel-ems-protocol","SCT,Internal"
http://fhir.ch/ig/ch-ems/ValueSet/IVR-VS-gcs-augenoeffnung,2.0.0-ballot,draft,,GcsAugenoeffnung,IVR GCS Eye Opening,"List of GCS observations of the eye opening.","StructureDefinition/ch-ems-observation-gcs,StructureDefinition/logicalmodel-ems-protocol","SCT,Internal"
http://fhir.ch/ig/ch-ems/ValueSet/IVR-VS-gcsMotoric,2.0.0-ballot,draft,,GcsMotoric,IVR GCS Motoric Response,"List of GCS observations of the motoric response.","StructureDefinition/ch-ems-observation-gcs,StructureDefinition/logicalmodel-ems-protocol","SCT,Internal"
http://fhir.ch/ig/ch-ems/ValueSet/IVR-VS-gcsVerbal,2.0.0-ballot,draft,,GcsVerbal,IVR GCS Verbal Response,"List of GCS observations of the verbal response.","StructureDefinition/ch-ems-observation-gcs,StructureDefinition/logicalmodel-ems-protocol","SCT,Internal"
http://fhir.ch/ig/ch-ems/ValueSet/IVR-VS-heatExposure,2.0.0-ballot,draft,,IVRVSheatExposure,IVR Heat Exposure,"List of degrees of burning.","StructureDefinition/ch-ems-observation-heatexposure,StructureDefinition/logicalmodel-ems-protocol","Internal"
http://fhir.ch/ig/ch-ems/ValueSet/IVR-VS-hospitalPriority,2.0.0-ballot,draft,,IVRVShospitalPriority,IVR Hospital Priority,"List of priorities for hospital admission.","StructureDefinition/ch-ems-observation-statuspriority,StructureDefinition/logicalmodel-ems-protocol","SCT"
http://fhir.ch/ig/ch-ems/ValueSet/IVR-VS-idMedium,2.0.0-ballot,draft,,IVRVSidMedium,IVR Identification Medium,"List of identification medium.","StructureDefinition/ch-ems-patient,StructureDefinition/logicalmodel-ems-protocol,StructureDefinition/ch-ems-ext-identification","Internal"
http://fhir.ch/ig/ch-ems/ValueSet/IVR-VS-idSource,2.0.0-ballot,draft,,IVRVSidSource,IVR Identification Source,"List of persons who identified the patient.","StructureDefinition/ch-ems-patient,StructureDefinition/logicalmodel-ems-protocol,StructureDefinition/ch-ems-ext-identification","SCT,Internal"
http://fhir.ch/ig/ch-ems/ValueSet/IVR-VS-intensity,2.0.0-ballot,draft,,IVRVSintensity,IVR Intensity,"List of pulse strengths.","StructureDefinition/logicalmodel-ems-protocol,StructureDefinition/ch-ems-observation-heartrate","SCT,Internal"
http://fhir.ch/ig/ch-ems/ValueSet/IVR-VS-laterality,2.0.0-ballot,draft,,IVRVSlaterality,IVR Laterality,"List of laterality codes","StructureDefinition/ch-ems-ext-laterality,StructureDefinition/logicalmodel-ems-protocol","SCT"
http://fhir.ch/ig/ch-ems/ValueSet/IVR-VS-locationType,2.0.0-ballot,draft,,IVRVSlocationType,IVR Location Type,"List of types of event locations.","StructureDefinition/ch-ems-location-locationdestination,StructureDefinition/logicalmodel-ems-protocol","SCT,Internal"
http://fhir.ch/ig/ch-ems/ValueSet/IVR-VS-missionTimeRole,2.0.0-ballot,draft,,IVRVSmissionTimeRole,IVR Mission Time Role,"List of defined status times.","StructureDefinition/logicalmodel-ems-protocol,StructureDefinition/ch-ems-observation-missiontimestatus","Internal"
http://fhir.ch/ig/ch-ems/ValueSet/IVR-VS-missionType,2.0.0-ballot,draft,,MissionType,IVR Mission Type,"List of types of the missions.","StructureDefinition/ch-ems-encounter,StructureDefinition/logicalmodel-ems-protocol","Internal"
http://fhir.ch/ig/ch-ems/ValueSet/IVR-VS-offender,2.0.0-ballot,draft,,IVRVSoffender,IVR Offender,"List of types of attackers on the rescue staff.","StructureDefinition/ch-ems-ext-violence,StructureDefinition/ch-ems-encounter,StructureDefinition/logicalmodel-ems-protocol","SCT,Internal"
http://fhir.ch/ig/ch-ems/ValueSet/IVR-VS-personRole,2.0.0-ballot,draft,,Ech0207personRole,IVR Person Role,"List of roles of other persons involved in the event or in connection with the patient.","StructureDefinition/ch-ems-ext-personrole,StructureDefinition/logicalmodel-ems-protocol","SCT,Internal"
http://fhir.ch/ig/ch-ems/ValueSet/IVR-VS-preTreatType,2.0.0-ballot,draft,,PreTreatType,IVR Pretreatment Type,"List of types of pretreatment.","StructureDefinition/ch-ems-procedure-pretreatment,StructureDefinition/logicalmodel-ems-protocol","SCT"
http://fhir.ch/ig/ch-ems/ValueSet/IVR-VS-preTreatment,2.0.0-ballot,draft,,PreTreatmen,IVR Pretreatment,"List of types of persons who performed pretreatment.","StructureDefinition/ch-ems-ext-performer,StructureDefinition/logicalmodel-ems-protocol","SCT,Internal"
http://fhir.ch/ig/ch-ems/ValueSet/IVR-VS-pressureMethod,2.0.0-ballot,draft,,IVRVSpressureMethod,IVR Blood Pressure Method,"List of methods for measuring the blood pressure.","StructureDefinition/ch-ems-observation-bloodpressure,StructureDefinition/logicalmodel-ems-protocol","SCT"
http://fhir.ch/ig/ch-ems/ValueSet/IVR-VS-procAirType,2.0.0-ballot,draft,,IVRVSprocAirType,IVR Procedure Airway Type,"List of procedures for securing the airway.","StructureDefinition/ch-ems-procedure-airways,StructureDefinition/logicalmodel-ems-protocol","SCT"
http://fhir.ch/ig/ch-ems/ValueSet/IVR-VS-pulesResult,2.0.0-ballot,draft,,IVRVSpulesResult,IVR Pulse Result,"List of pulse findings.","StructureDefinition/logicalmodel-ems-protocol,StructureDefinition/ch-ems-observation-heartrate","SCT"
http://fhir.ch/ig/ch-ems/ValueSet/IVR-VS-pulseMethod,2.0.0-ballot,draft,,IVRVSPulseMethod,IVR Pulse Method,"List of methods for assessing heart function.","StructureDefinition/logicalmodel-ems-protocol,StructureDefinition/ch-ems-observation-heartrate","SCT,Internal"
http://fhir.ch/ig/ch-ems/ValueSet/IVR-VS-respirationObservation,2.0.0-ballot,draft,,IVRVSrespirationObservation,IVR Respiration Observation,"List of findings in the assessment of breathing.","StructureDefinition/ch-ems-observation-breathing,StructureDefinition/logicalmodel-ems-protocol","SCT,Internal"
http://fhir.ch/ig/ch-ems/ValueSet/IVR-VS-result,2.0.0-ballot,draft,,IVRVSresult,IVR Result,"List of effects of procedures on the patient.","StructureDefinition/ch-ems-observation-conditionchange,StructureDefinition/logicalmodel-ems-protocol","SCT"
http://fhir.ch/ig/ch-ems/ValueSet/IVR-VS-size,2.0.0-ballot,draft,,IVRVSsize,IVR Size,"List of the size of an object compared to normal.","StructureDefinition/logicalmodel-ems-protocol,StructureDefinition/ch-ems-observation-pupilsize","SCT"
http://fhir.ch/ig/ch-ems/ValueSet/IVR-VS-symptom,2.0.0-ballot,draft,,IVRVSsymptom,IVR Symptom,"List of symptoms of a patient.","StructureDefinition/ch-ems-observation-anamnesissymptom,StructureDefinition/logicalmodel-ems-protocol","SCT,Internal"
http://fhir.ch/ig/ch-ems/ValueSet/IVR-VS-teamRole,2.0.0-ballot,draft,,IVRVSteamRole,IVR Team Role,"List of the crew member's role.","StructureDefinition/ch-ems-ext-teamrole,StructureDefinition/logicalmodel-ems-protocol,StructureDefinition/ch-ems-practitionerrole","SCT,Internal"
http://fhir.ch/ig/ch-ems/ValueSet/IVR-VS-transDisinfection,2.0.0-ballot,draft,,Ech0207transDisinfection,IVR Transport Unit Disinfection,"List of methods for cleaning and disinfecting the rescue device.","StructureDefinition/ch-ems-ext-disinfection,StructureDefinition/logicalmodel-ems-protocol","SCT,Internal"
http://fhir.ch/ig/ch-ems/ValueSet/IVR-VS-transReason,2.0.0-ballot,draft,,IVRVStransReason,IVR Transport Reason,"List of triggers for a mission.","StructureDefinition/ch-ems-encounter,StructureDefinition/logicalmodel-ems-protocol","Internal"
http://fhir.ch/ig/ch-ems/ValueSet/IVR-VS-urgency,2.0.0-ballot,draft,,Urgency,IVR Urgency,"List of the mission's priorities.","StructureDefinition/ch-ems-encounter,StructureDefinition/logicalmodel-ems-protocol","Internal"
http://fhir.ch/ig/ch-ems/ValueSet/IVR-VS-urgency-adequate,2.0.0-ballot,draft,,IVRVSurg_adequate,IVR Urgency Adequate,"List of assessments of the priority of the mission set by the emergency call center.","StructureDefinition/ch-ems-ext-urgencyadequate,StructureDefinition/logicalmodel-ems-protocol","SCT,Internal"
http://fhir.ch/ig/ch-ems/ValueSet/IVR-VS-valType,2.0.0-ballot,draft,,IVRVSvalTxpe,IVR Valuables Type,"List of types of the patient's valuables.","StructureDefinition/ch-ems-ext-valuablespatient,StructureDefinition/logicalmodel-ems-protocol","SCT,Internal"
http://fhir.ch/ig/ch-ems/ValueSet/IVR-VS-ventilation,2.0.0-ballot,draft,,IVRVSventilation,IVR Ventilation,"List of types of artificial respiration.","StructureDefinition/logicalmodel-ems-protocol,StructureDefinition/ch-ems-procedure-breathing","SCT"
http://fhir.ch/ig/ch-ems/ValueSet/IVR-VS-vigilanzAvpu,2.0.0-ballot,draft,,Vigilanzavpu,IVR Vigilanz (AVPU),"List of the states of vigilance of a patient (AVPU).","StructureDefinition/ch-ems-observation-avpu,StructureDefinition/logicalmodel-ems-protocol","Internal"
http://fhir.ch/ig/ch-ems/ValueSet/IVR-VS-violenceForm,2.0.0-ballot,draft,,IVRVSviolenceForm,IVR Violence Form,"List of types of violence against ambulance personnel.","StructureDefinition/ch-ems-ext-violence,StructureDefinition/ch-ems-encounter,StructureDefinition/logicalmodel-ems-protocol","SCT,Internal"
http://fhir.ch/ig/ch-ems/ValueSet/IVR-VS-violenceResult,2.0.0-ballot,draft,,IVRVSviolenceResult,IVR Violence Result,"List of the consequences of violence against emergency service personnel.","StructureDefinition/ch-ems-ext-violence,StructureDefinition/ch-ems-encounter,StructureDefinition/logicalmodel-ems-protocol","SCT,Internal"
http://fhir.ch/ig/ch-ems/ValueSet/IVR-VS-woundTreat,2.0.0-ballot,draft,,IVRVSwoundTreat,IVR Wound Treatment,"List of wound treatment types.","StructureDefinition/ch-ems-procedure-woundtreatment,StructureDefinition/logicalmodel-ems-protocol","SCT"
http://fhir.ch/ig/ch-ems/ValueSet/IVR-VS-yesNoUnknown,2.0.0-ballot,draft,,IVRVSyesNoUnknown,IVR Yes/No/Unknown,"List of answers (yes/no/unknown).","StructureDefinition/logicalmodel-ems-protocol,StructureDefinition/ch-ems-observation-stroke-fast","SCT"
http://fhir.ch/ig/ch-term/ValueSet/ActivePharmaceuticalIngredient,3.4.0,active,"2.16.756.5.30.1.1.11.82",ActivePharmaceuticalIngredient,ActivePharmaceuticalIngredient,"ActivePharmaceuticalIngredient","StructureDefinition/ch-ems-medication,StructureDefinition/logicalmodel-ems-protocol","SCT"
http://fhir.ch/ig/ch-term/ValueSet/DocumentEntry.healthcareFacilityTypeCode,3.4.0,active,"2.16.756.5.30.1.127.3.10.1.11",DocumentEntryHealthcareFacilityTypeCode,DocumentEntry.healthcareFacilityTypeCode,"Type of healthcare facility as per Annex 3; EPRO-FDHA.       This code describes the type of healthcare facility in which the document was compiled during the treatment process. In conjunction with the authorisation control, the patient can use this information to assign all documents from a specific type of healthcare facility to a specific confidentiality level in their rights and attributes, for example.","StructureDefinition/ch-ems-organization","SCT"
http://fhir.ch/ig/ch-term/ValueSet/HCProfessional.hcSpecialisation,3.4.0,active,"2.16.756.5.30.1.127.3.10.8.2",HCProfessionalHcSpecialisation,HCProfessional.hcSpecialisation,"HCProfessional.hcSpecialisation","StructureDefinition/ch-ems-practitionerrole","ch.fhir.ig.ch-term"
http://fhir.ch/ig/ch-term/ValueSet/bfs-country-codes,3.4.0,active,,BfsCountryCodes,BFS Verzeichnis der Staaten und Gebiete,"BFS defines the valid country codes in Switzerland","StructureDefinition/ch-ems-location-locationdestination,StructureDefinition/ch-ems-patient","hl7.terminology.r4"
http://fhir.ch/ig/ch-term/ValueSet/edqm-administrationmethod,3.4.0,active,,AdministrationMethodEDQM,EDQM - Administration Method,"ValueSet Administration method from EDQM, AME, see https://standardterms.edqm.eu/#","StructureDefinition/logicalmodel-ems-protocol,StructureDefinition/ch-ems-medicationadministration,StructureDefinition/ch-ems-medicationstatement","ch.fhir.ig.ch-term"
http://fhir.ch/ig/ch-term/ValueSet/edqm-pharmaceuticaldoseform,3.4.0,active,"2.16.756.5.30.1.1.11.3",PharmaceuticalDoseFormEDQM,EDQM - Pharmaceutical Dose Form,"Valueset Pharmaceutical Dose Form from EDQM, PDF, export20.5.2021, see https://standardterms.edqm.eu/#","StructureDefinition/ch-ems-medication,StructureDefinition/logicalmodel-ems-protocol","ch.fhir.ig.ch-term"
http://fhir.ch/ig/ch-term/ValueSet/edqm-routeofadministration,3.4.0,active,"2.16.756.5.30.1.1.11.2",RouteOfAdministrationEDQM,EDQM - RouteOfAdministration,"Valueset RouteOfAdministration from EDQM, ROA, export 1.6.2021, see https://standardterms.edqm.eu/\#","StructureDefinition/logicalmodel-ems-protocol,StructureDefinition/ch-ems-medicationadministration,StructureDefinition/ch-ems-medicationstatement","ch.fhir.ig.ch-term"
http://fhir.ch/ig/ch-term/ValueSet/mainguarantor,3.4.0,active,,MainGuarantor,Main Guarantor,"Codes for the different types of a main guarantor.","StructureDefinition/ch-ems-coverage","ch.fhir.ig.ch-term"
http://fhir.ch/ig/ch-term/ValueSet/servicerequest-category,3.4.0,active,,VSServiceRequestCategory,ServiceRequest Category,"Codes for the category of service request used to define the requested service.","StructureDefinition/ch-ems-servicerequest","ch.fhir.ig.ch-term"
http://hl7.org/fhir/ValueSet/additional-instruction-codes,4.0.1,draft,"2.16.840.1.113883.4.642.3.95",SNOMEDCTAdditionalDosageInstructions,SNOMED CT Additional Dosage Instructions,"This value set includes all SNOMED CT Additional Dosage Instructions.","StructureDefinition/ch-ems-medicationstatement","SCT"
http://hl7.org/fhir/ValueSet/address-type,4.0.1,active,"2.16.840.1.113883.4.642.3.69",AddressType,AddressType,"The type of an address (physical / postal).","StructureDefinition/ch-ems-location-locationdestination,StructureDefinition/ch-ems-patient,StructureDefinition/logicalmodel-ems-protocol","hl7.fhir.r4.core"
http://hl7.org/fhir/ValueSet/address-use,4.0.1,active,"2.16.840.1.113883.4.642.3.67",AddressUse,AddressUse,"The use of an address.","StructureDefinition/ch-ems-location-locationdestination,StructureDefinition/ch-ems-patient,StructureDefinition/logicalmodel-ems-protocol","hl7.fhir.r4.core"
http://hl7.org/fhir/ValueSet/administrative-gender,4.0.1,active,"2.16.840.1.113883.4.642.3.1",AdministrativeGender,AdministrativeGender,"The gender of a person used for administrative purposes.","StructureDefinition/ch-ems-patient,StructureDefinition/ch-ems-practitioner,StructureDefinition/logicalmodel-ems-protocol","hl7.fhir.r4.core"
http://hl7.org/fhir/ValueSet/allergy-intolerance-category,4.0.1,draft,"2.16.840.1.113883.4.642.3.133",AllergyIntoleranceCategory,AllergyIntoleranceCategory,"Category of an identified substance associated with allergies or intolerances.","StructureDefinition/ch-ems-allergyintolerance","hl7.fhir.r4.core"
http://hl7.org/fhir/ValueSet/allergy-intolerance-criticality,4.0.1,draft,"2.16.840.1.113883.4.642.3.129",AllergyIntoleranceCriticality,AllergyIntoleranceCriticality,"Estimate of the potential clinical harm, or seriousness, of a reaction to an identified substance.","StructureDefinition/ch-ems-allergyintolerance","hl7.fhir.r4.core"
http://hl7.org/fhir/ValueSet/allergy-intolerance-type,4.0.1,draft,"2.16.840.1.113883.4.642.3.131",AllergyIntoleranceType,AllergyIntoleranceType,"Identification of the underlying physiological mechanism for a Reaction Risk.","StructureDefinition/ch-ems-allergyintolerance,StructureDefinition/logicalmodel-ems-protocol","hl7.fhir.r4.core"
http://hl7.org/fhir/ValueSet/allergyintolerance-clinical,4.0.1,draft,"2.16.840.1.113883.4.642.3.1372",AllergyIntoleranceClinicalStatusCodes,AllergyIntolerance Clinical Status Codes,"Preferred value set for AllergyIntolerance Clinical Status.","StructureDefinition/ch-ems-allergyintolerance","THO"
http://hl7.org/fhir/ValueSet/allergyintolerance-verification,4.0.1,draft,"2.16.840.1.113883.4.642.3.1370",AllergyIntoleranceVerificationStatusCodes,AllergyIntolerance Verification Status Codes,"Preferred value set for AllergyIntolerance Verification Status.","StructureDefinition/ch-ems-allergyintolerance","THO"
http://hl7.org/fhir/ValueSet/approach-site-codes,4.0.1,draft,"2.16.840.1.113883.4.642.3.346",SNOMEDCTAnatomicalStructureForAdministrationSiteCodes,SNOMED CT Anatomical Structure for Administration Site Codes,"This value set includes Anatomical Structure codes from SNOMED CT - provided as an exemplar.","StructureDefinition/ch-ems-medicationadministration,StructureDefinition/ch-ems-medicationstatement","SCT"
http://hl7.org/fhir/ValueSet/body-site,4.0.1,draft,"2.16.840.1.113883.4.642.3.141",SNOMEDCTBodyStructures,SNOMED CT Body Structures,"This value set includes all codes from [SNOMED CT](http://snomed.info/sct) where concept is-a 442083009 (Anatomical or acquired body site (body structure)).","StructureDefinition/ch-ems-observation-airways,StructureDefinition/ch-ems-procedure-precautionsinfection,StructureDefinition/ch-ems-observation-avpu,StructureDefinition/ch-ems-procedure-transportation,StructureDefinition/ch-ems-servicerequest,StructureDefinition/ch-ems-observation-diagnosis,StructureDefinition/ch-ems-observation-coldexposure,StructureDefinition/ch-ems-procedure-airways,StructureDefinition/ch-ems-observation-missiontimestatus,StructureDefinition/ch-ems-observation-stroke-fast,StructureDefinition/ch-ems-observation-deathmanner,StructureDefinition/ch-ems-observation-pupilshape,StructureDefinition/ch-ems-observation-conditionchange,StructureDefinition/ch-ems-observation-naca,StructureDefinition/ch-ems-observation-gcs,StructureDefinition/ch-ems-procedure,StructureDefinition/ch-ems-observation-pupilsize,StructureDefinition/ch-ems-procedure-woundtreatment,StructureDefinition/ch-ems-observation-bloodpressure,StructureDefinition/ch-ems-observation-heartrate,StructureDefinition/ch-ems-procedure-breathing,StructureDefinition/ch-ems-observation,StructureDefinition/ch-ems-observation-anamnesissymptom,StructureDefinition/ch-ems-observation-statuspriority,StructureDefinition/ch-ems-observation-heatexposure,StructureDefinition/ch-ems-observation-breathing,StructureDefinition/ch-ems-procedure-pretreatment,StructureDefinition/logicalmodel-ems-protocol,StructureDefinition/ch-ems-observation-cardiacarrest,StructureDefinition/ch-ems-observation-anamnesisevent","SCT"
http://hl7.org/fhir/ValueSet/bundle-type,4.0.1,active,"2.16.840.1.113883.4.642.3.620",BundleType,BundleType,"Indicates the purpose of a bundle - how it is intended to be used.","StructureDefinition/ch-ems-document","hl7.fhir.r4.core"
http://hl7.org/fhir/ValueSet/composition-attestation-mode,4.0.1,draft,"2.16.840.1.113883.4.642.3.238",CompositionAttestationMode,CompositionAttestationMode,"The way in which a person authenticated a composition.","StructureDefinition/ch-ems-composition","hl7.fhir.r4.core"
http://hl7.org/fhir/ValueSet/composition-status,4.0.1,draft,"2.16.840.1.113883.4.642.3.241",CompositionStatus,CompositionStatus,"The workflow/clinical status of the composition.","StructureDefinition/ch-ems-composition","hl7.fhir.r4.core"
http://hl7.org/fhir/ValueSet/condition-code,4.0.1,draft,"2.16.840.1.113883.4.642.3.161",Condition/Problem/DiagnosisCodes,Condition/Problem/Diagnosis Codes,"Example value set for Condition/Problem/Diagnosis codes.","StructureDefinition/ch-ems-procedure-precautionsinfection,StructureDefinition/ch-ems-procedure-transportation,StructureDefinition/ch-ems-procedure-pretreatment,StructureDefinition/ch-ems-procedure-woundtreatment,StructureDefinition/ch-ems-procedure,StructureDefinition/ch-ems-procedure-airways,StructureDefinition/ch-ems-medicationstatement,StructureDefinition/ch-ems-procedure-breathing","SCT"
http://hl7.org/fhir/ValueSet/contact-point-system,4.0.1,active,"2.16.840.1.113883.4.642.3.71",ContactPointSystem,ContactPointSystem,"Telecommunications form for contact point.","StructureDefinition/ch-ems-location-locationdestination,StructureDefinition/ch-ems-patient,StructureDefinition/ch-ems-practitioner,StructureDefinition/ch-ems-organization,StructureDefinition/ch-ems-location-ambulance","hl7.fhir.r4.core"
http://hl7.org/fhir/ValueSet/contact-point-use,4.0.1,active,"2.16.840.1.113883.4.642.3.73",ContactPointUse,ContactPointUse,"Use of contact point.","StructureDefinition/ch-ems-location-locationdestination,StructureDefinition/ch-ems-patient,StructureDefinition/ch-ems-practitioner,StructureDefinition/ch-ems-organization,StructureDefinition/ch-ems-location-ambulance","hl7.fhir.r4.core"
http://hl7.org/fhir/ValueSet/contactentity-type,4.0.1,draft,"2.16.840.1.113883.4.642.3.416",ContactEntityType,Contact entity type,"This example value set defines a set of codes that can be used to indicate the purpose for which you would contact a contact party.","StructureDefinition/ch-ems-organization","THO"
http://hl7.org/fhir/ValueSet/coverage-class,4.0.1,draft,"2.16.840.1.113883.4.642.3.1009",CoverageClassCodes,Coverage Class Codes,"This value set includes Coverage Class codes.","StructureDefinition/ch-ems-coverage","THO"
http://hl7.org/fhir/ValueSet/coverage-copay-type,4.0.1,draft,"2.16.840.1.113883.4.642.3.527",CoverageCopayTypeCodes,Coverage Copay Type Codes,"This value set includes sample Coverage Copayment Type codes.","StructureDefinition/ch-ems-coverage","THO"
http://hl7.org/fhir/ValueSet/coverage-financial-exception,4.0.1,draft,"2.16.840.1.113883.4.642.3.1328",ExampleCoverageFinancialExceptionCodes,Example Coverage Financial Exception Codes,"This value set includes Example Coverage Financial Exception Codes.","StructureDefinition/ch-ems-coverage","THO"
http://hl7.org/fhir/ValueSet/data-absent-reason,4.0.1,active,"2.16.840.1.113883.4.642.3.5",DataAbsentReason,DataAbsentReason,"Used to specify why the normally expected content of the data element is missing.","StructureDefinition/ch-ems-observation-airways,StructureDefinition/ch-ems-observation-avpu,StructureDefinition/ch-ems-observation-diagnosis,StructureDefinition/ch-ems-observation-coldexposure,StructureDefinition/ch-ems-observation-bloodpressure,StructureDefinition/ch-ems-observation-heartrate,StructureDefinition/ch-ems-observation-stroke-fast,StructureDefinition/ch-ems-observation-missiontimestatus,StructureDefinition/ch-ems-observation-deathmanner,StructureDefinition/ch-ems-observation-pupilshape,StructureDefinition/ch-ems-observation,StructureDefinition/ch-ems-observation-anamnesissymptom,StructureDefinition/ch-ems-observation-statuspriority,StructureDefinition/ch-ems-observation-conditionchange,StructureDefinition/ch-ems-observation-breathing,StructureDefinition/ch-ems-observation-heatexposure,StructureDefinition/ch-ems-observation-naca,StructureDefinition/ch-ems-observation-gcs,StructureDefinition/ch-ems-observation-pupilsize,StructureDefinition/ch-ems-observation-cardiacarrest,StructureDefinition/ch-ems-observation-anamnesisevent","THO"
http://hl7.org/fhir/ValueSet/days-of-week,4.0.1,active,"2.16.840.1.113883.4.642.3.512",DaysOfWeek,DaysOfWeek,"The days of the week.","StructureDefinition/ch-ems-location-locationdestination,StructureDefinition/ch-ems-practitionerrole,StructureDefinition/ch-ems-medicationstatement,StructureDefinition/ch-ems-location-ambulance","hl7.fhir.r4.core"
http://hl7.org/fhir/ValueSet/device-action,4.0.1,draft,"2.16.840.1.113883.4.642.3.425",ProcedureDeviceActionCodes,Procedure Device Action Codes,"Example codes indicating the change that happened to the device during the procedure.  Note that these are in no way complete and might not even be appropriate for some uses.","StructureDefinition/ch-ems-procedure-precautionsinfection,StructureDefinition/ch-ems-procedure-transportation,StructureDefinition/ch-ems-procedure-pretreatment,StructureDefinition/ch-ems-procedure-woundtreatment,StructureDefinition/ch-ems-procedure,StructureDefinition/ch-ems-procedure-airways,StructureDefinition/ch-ems-procedure-breathing","SCT"
http://hl7.org/fhir/ValueSet/device-kind,4.0.1,draft,"2.16.840.1.113883.4.642.3.208",FHIRDeviceTypes,FHIR Device Types,"Codes used to identify medical devices. Includes concepts from SNOMED CT (http://www.snomed.org/) where concept is-a 49062001 (Device)  and is provided as a suggestive example.","StructureDefinition/ch-ems-procedure-precautionsinfection,StructureDefinition/ch-ems-procedure-pretreatment,StructureDefinition/ch-ems-procedure-woundtreatment,StructureDefinition/ch-ems-procedure,StructureDefinition/ch-ems-procedure-airways,StructureDefinition/ch-ems-procedure-breathing","SCT"
http://hl7.org/fhir/ValueSet/device-nametype,4.0.1,draft,"2.16.840.1.113883.4.642.3.1083",DeviceNameType,DeviceNameType,"The type of name the device is referred by.","StructureDefinition/ch-ems-device","hl7.fhir.r4.core"
http://hl7.org/fhir/ValueSet/device-status,4.0.1,draft,"2.16.840.1.113883.4.642.3.209",FHIRDeviceStatus,FHIRDeviceStatus,"The availability status of the device.","StructureDefinition/ch-ems-device","hl7.fhir.r4.core"
http://hl7.org/fhir/ValueSet/device-status-reason,4.0.1,draft,"2.16.840.1.113883.4.642.3.1081",FHIRDeviceStatusReason,FHIRDeviceStatusReason,"The availability status reason of the device.","StructureDefinition/ch-ems-device","THO"
http://hl7.org/fhir/ValueSet/device-type,4.0.1,draft,"2.16.840.1.113883.4.642.3.1376",DeviceType,Device Type,"Codes used to identify medical devices. Includes concepts from SNOMED CT (http://www.snomed.org/) where concept is-a 49062001 (Device)  and is provided as a suggestive example.","StructureDefinition/ch-ems-device","SCT"
http://hl7.org/fhir/ValueSet/diagnosis-role,4.0.1,draft,"2.16.840.1.113883.4.642.3.49",DiagnosisRole,DiagnosisRole,"This value set defines a set of codes that can be used to express the role of a diagnosis on the Encounter or EpisodeOfCare record.","StructureDefinition/ch-ems-encounter","THO"
http://hl7.org/fhir/ValueSet/doc-section-codes,4.0.1,draft,"2.16.840.1.113883.4.642.3.237",DocumentSectionCodes,Document Section Codes,"Document section codes (LOINC codes used in CCDA sections).","StructureDefinition/ch-ems-composition","LOINC"
http://hl7.org/fhir/ValueSet/doc-typecodes,4.0.1,draft,"2.16.840.1.113883.4.642.3.240",FHIRDocumentTypeCodes,FHIR Document Type Codes,"FHIR Document Codes - all LOINC codes where scale type = 'DOC'.","StructureDefinition/ch-ems-composition","LOINC"
http://hl7.org/fhir/ValueSet/document-classcodes,4.0.1,active,"2.16.840.1.113883.3.88.12.80.46",DocumentClassValueSet,Document Class Value Set,"This is the code specifying the high-level kind of document (e.g. Prescription, Discharge Summary, Report, etc.). Note: Class code for documents comes from LOINC, and is based upon one of the following:The type of service described by the document. It is described at a very high level in Section 7.3 of the LOINC Manual. The type study performed. It was determined by identifying modalities for study reports. The section of the chart where the document is placed. It was determined from the SETs created for Claims Attachment requests.","StructureDefinition/ch-ems-composition","LOINC"
http://hl7.org/fhir/ValueSet/document-relationship-type,4.0.1,draft,"2.16.840.1.113883.4.642.3.244",DocumentRelationshipType,DocumentRelationshipType,"The type of relationship between documents.","StructureDefinition/ch-ems-composition","hl7.fhir.r4.core"
http://hl7.org/fhir/ValueSet/dose-rate-type,4.0.1,draft,"2.16.840.1.113883.4.642.3.981",DoseAndRateType,DoseAndRateType,"The kind of dose or rate specified.","StructureDefinition/ch-ems-medicationstatement","THO"
http://hl7.org/fhir/ValueSet/encounter-diet,4.0.1,draft,"2.16.840.1.113883.4.642.3.255",Diet,Diet,"This value set defines a set of codes that can be used to indicate dietary preferences or restrictions a patient may have.","StructureDefinition/ch-ems-encounter","THO"
http://hl7.org/fhir/ValueSet/encounter-location-status,4.0.1,draft,"2.16.840.1.113883.4.642.3.262",EncounterLocationStatus,EncounterLocationStatus,"The status of the location.","StructureDefinition/ch-ems-encounter","hl7.fhir.r4.core"
http://hl7.org/fhir/ValueSet/encounter-special-arrangements,4.0.1,draft,"2.16.840.1.113883.4.642.3.253",SpecialArrangements,Special arrangements,"This value set defines a set of codes that can be used to indicate the kinds of special arrangements in place for a patients visit.","StructureDefinition/ch-ems-encounter","THO"
http://hl7.org/fhir/ValueSet/encounter-special-courtesy,4.0.1,draft,"2.16.840.1.113883.4.642.3.252",SpecialCourtesy,Special courtesy,"This value set defines a set of codes that can be used to indicate special courtesies provided to the patient.","StructureDefinition/ch-ems-encounter","THO (V3)"
http://hl7.org/fhir/ValueSet/encounter-status,4.0.1,draft,"2.16.840.1.113883.4.642.3.246",EncounterStatus,EncounterStatus,"Current state of the encounter.","StructureDefinition/ch-ems-encounter","hl7.fhir.r4.core"
http://hl7.org/fhir/ValueSet/encounter-type,4.0.1,draft,"2.16.840.1.113883.4.642.3.248",EncounterType,Encounter type,"This example value set defines a set of codes that can be used to indicate the type of encounter: a specific code indicating type of service provided.","StructureDefinition/ch-ems-encounter","THO"
http://hl7.org/fhir/ValueSet/event-status,4.0.1,draft,"2.16.840.1.113883.4.642.3.109",EventStatus,EventStatus,"Codes identifying the lifecycle stage of an event.","StructureDefinition/ch-ems-procedure-precautionsinfection,StructureDefinition/ch-ems-procedure-transportation,StructureDefinition/ch-ems-procedure-pretreatment,StructureDefinition/ch-ems-procedure-woundtreatment,StructureDefinition/ch-ems-procedure,StructureDefinition/ch-ems-procedure-airways,StructureDefinition/ch-ems-procedure-breathing","hl7.fhir.r4.core"
http://hl7.org/fhir/ValueSet/event-timing,4.0.1,active,"2.16.840.1.113883.4.642.3.75",EventTiming,EventTiming,"Real world event relating to the schedule.","StructureDefinition/ch-ems-medicationstatement","THO (V3),hl7.fhir.r4.core"
http://hl7.org/fhir/ValueSet/fm-status,4.0.1,draft,"2.16.840.1.113883.4.642.3.592",FinancialResourceStatusCodes,Financial Resource Status Codes,"This value set includes Status codes.","StructureDefinition/ch-ems-coverage","hl7.fhir.r4.core"
http://hl7.org/fhir/ValueSet/http-verb,4.0.1,active,"2.16.840.1.113883.4.642.3.624",HTTPVerb,HTTPVerb,"HTTP verbs (in the HTTP command line). See [HTTP rfc](https://tools.ietf.org/html/rfc7231) for details.","StructureDefinition/ch-ems-document","hl7.fhir.r4.core"
http://hl7.org/fhir/ValueSet/identifier-type,4.0.1,active,"2.16.840.1.113883.4.642.3.45",Identifier Type Codes,IdentifierType,"A coded type for an identifier that can be used to determine which identifier to use for a specific purpose.","StructureDefinition/ch-ems-patient,StructureDefinition/ch-ems-practitioner,StructureDefinition/ch-ems-encounter,StructureDefinition/ch-ems-document","THO (V2)"
http://hl7.org/fhir/ValueSet/identifier-use,4.0.1,active,"2.16.840.1.113883.4.642.3.57",IdentifierUse,IdentifierUse,"Identifies the purpose for this identifier, if known .","StructureDefinition/ch-ems-patient,StructureDefinition/ch-ems-practitioner,StructureDefinition/ch-ems-encounter,StructureDefinition/ch-ems-document","hl7.fhir.r4.core"
http://hl7.org/fhir/ValueSet/languages,4.0.1,draft,"2.16.840.1.113883.4.642.3.20",CommonLanguages,Common Languages,"This value set includes common codes from BCP-47 (http://tools.ietf.org/html/bcp47)","StructureDefinition/ch-ems-location-locationdestination,StructureDefinition/ch-ems-observation-airways,StructureDefinition/ch-ems-procedure-precautionsinfection,StructureDefinition/ch-ems-observation-avpu,StructureDefinition/ch-ems-procedure-transportation,StructureDefinition/ch-ems-practitioner,StructureDefinition/ch-ems-servicerequest,StructureDefinition/ch-ems-observation-diagnosis,StructureDefinition/ch-ems-observation-coldexposure,StructureDefinition/ch-ems-procedure-airways,StructureDefinition/ch-ems-medicationadministration,StructureDefinition/ch-ems-medicationstatement,StructureDefinition/ch-ems-observation-missiontimestatus,StructureDefinition/ch-ems-observation-stroke-fast,StructureDefinition/ch-ems-observation-deathmanner,StructureDefinition/ch-ems-observation-pupilshape,StructureDefinition/ch-ems-observation-conditionchange,StructureDefinition/ch-ems-organization,StructureDefinition/ch-ems-observation-naca,StructureDefinition/ch-ems-observation-gcs,StructureDefinition/ch-ems-encounter,StructureDefinition/ch-ems-coverage,StructureDefinition/ch-ems-procedure,StructureDefinition/ch-ems-document,StructureDefinition/ch-ems-practitionerrole,StructureDefinition/ch-ems-observation-pupilsize,StructureDefinition/ch-ems-medication,StructureDefinition/ch-ems-composition,StructureDefinition/ch-ems-procedure-woundtreatment,StructureDefinition/ch-ems-observation-bloodpressure,StructureDefinition/ch-ems-observation-heartrate,StructureDefinition/ch-ems-procedure-breathing,StructureDefinition/ch-ems-observation,StructureDefinition/ch-ems-device,StructureDefinition/ch-ems-patient,StructureDefinition/ch-ems-observation-anamnesissymptom,StructureDefinition/ch-ems-allergyintolerance,StructureDefinition/ch-ems-observation-statuspriority,StructureDefinition/ch-ems-observation-heatexposure,StructureDefinition/ch-ems-observation-breathing,StructureDefinition/ch-ems-procedure-pretreatment,StructureDefinition/ch-ems-location-ambulance,StructureDefinition/ch-ems-observation-cardiacarrest,StructureDefinition/ch-ems-observation-anamnesisevent","hl7.fhir.uv.xver-r5.r4"
http://hl7.org/fhir/ValueSet/link-type,4.0.1,active,"2.16.840.1.113883.4.642.3.423",LinkType,LinkType,"The type of link between this patient resource and another patient resource.","StructureDefinition/ch-ems-patient","hl7.fhir.r4.core"
http://hl7.org/fhir/ValueSet/list-empty-reason,4.0.1,draft,"2.16.840.1.113883.4.642.3.322",ListEmptyReasons,List Empty Reasons,"General reasons for a list to be empty. Reasons are either related to a summary list (i.e. problem or medication list) or to a workflow related list (i.e. consultation list).","StructureDefinition/ch-ems-composition","THO"
http://hl7.org/fhir/ValueSet/list-mode,4.0.1,draft,"2.16.840.1.113883.4.642.3.318",ListMode,ListMode,"The processing mode that applies to this list.","StructureDefinition/ch-ems-composition","hl7.fhir.r4.core"
http://hl7.org/fhir/ValueSet/list-order,4.0.1,draft,"2.16.840.1.113883.4.642.3.324",ListOrderCodes,List Order Codes,"Base values for the order of the items in a list resource.","StructureDefinition/ch-ems-composition","THO"
http://hl7.org/fhir/ValueSet/location-mode,4.0.1,draft,"2.16.840.1.113883.4.642.3.330",LocationMode,LocationMode,"Indicates whether a resource instance represents a specific location or a class of locations.","StructureDefinition/ch-ems-location-locationdestination,StructureDefinition/ch-ems-location-ambulance","hl7.fhir.r4.core"
http://hl7.org/fhir/ValueSet/location-physical-type,4.0.1,draft,"2.16.840.1.113883.4.642.3.328",LocationType,Location type,"This example value set defines a set of codes that can be used to indicate the physical form of the Location.","StructureDefinition/ch-ems-encounter","THO"
http://hl7.org/fhir/ValueSet/location-status,4.0.1,draft,"2.16.840.1.113883.4.642.3.332",LocationStatus,LocationStatus,"Indicates whether the location is still in use.","StructureDefinition/ch-ems-location-locationdestination,StructureDefinition/ch-ems-location-ambulance","hl7.fhir.r4.core"
http://hl7.org/fhir/ValueSet/med-admin-perform-function,4.0.1,draft,"2.16.840.1.113883.4.642.3.349",MedicationAdministration Performer Function Codes,Medication administration  performer  function  codes,"MedicationAdministration Performer Function Codes","StructureDefinition/ch-ems-medicationadministration","THO"
http://hl7.org/fhir/ValueSet/medication-admin-category,4.0.1,draft,"2.16.840.1.113883.4.642.3.347",MedicationAdministration Category Codes,Medication administration  category  codes,"MedicationAdministration Category Codes","StructureDefinition/ch-ems-medicationadministration","THO"
http://hl7.org/fhir/ValueSet/medication-admin-status,4.0.1,draft,"2.16.840.1.113883.4.642.3.340",MedicationAdministration Status Codes,Medication administration  status  codes,"MedicationAdministration Status Codes","StructureDefinition/ch-ems-medicationadministration","THO"
http://hl7.org/fhir/ValueSet/medication-as-needed-reason,4.0.1,draft,"2.16.840.1.113883.4.642.3.96",SNOMEDCTMedicationAsNeededReasonCodes,SNOMED CT Medication As Needed Reason Codes,"This value set includes all clinical findings from SNOMED CT - provided as an exemplar value set.","StructureDefinition/ch-ems-servicerequest,StructureDefinition/ch-ems-medicationstatement","SCT"
http://hl7.org/fhir/ValueSet/medication-codes,4.0.1,draft,"2.16.840.1.113883.4.642.3.375",SNOMEDCTMedicationCodes,SNOMED CT Medication Codes,"This value set includes all drug or medicament substance codes and all pharmaceutical/biologic products from SNOMED CT - provided as an exemplar value set.","StructureDefinition/ch-ems-medication","SCT"
http://hl7.org/fhir/ValueSet/medication-statement-category,4.0.1,draft,"2.16.840.1.113883.4.642.3.370",Medication usage category codes,Medication usage category codes,"Medication Status Codes","StructureDefinition/ch-ems-medicationstatement","THO"
http://hl7.org/fhir/ValueSet/medication-statement-status,4.0.1,draft,"2.16.840.1.113883.4.642.3.367",Medication Status Codes,Medication  status  codes,"Medication Status Codes","StructureDefinition/ch-ems-medicationstatement","hl7.fhir.r4.core"
http://hl7.org/fhir/ValueSet/medication-status,4.0.1,draft,"2.16.840.1.113883.4.642.3.376",Medication Status Codes,Medication  status  codes,"Medication Status Codes","StructureDefinition/ch-ems-medication","hl7.fhir.r4.core"
http://hl7.org/fhir/ValueSet/name-use,4.0.1,active,"2.16.840.1.113883.4.642.3.65",NameUse,NameUse,"The use of a human name.","StructureDefinition/ch-ems-patient,StructureDefinition/ch-ems-practitioner,StructureDefinition/logicalmodel-ems-protocol","hl7.fhir.r4.core"
http://hl7.org/fhir/ValueSet/observation-category,4.0.1,draft,"2.16.840.1.113883.4.642.3.403",ObservationCategoryCodes,Observation Category Codes,"Observation Category codes.","StructureDefinition/ch-ems-observation-airways,StructureDefinition/ch-ems-observation-avpu,StructureDefinition/ch-ems-observation-diagnosis,StructureDefinition/ch-ems-observation-coldexposure,StructureDefinition/ch-ems-observation-bloodpressure,StructureDefinition/ch-ems-observation-heartrate,StructureDefinition/ch-ems-observation-stroke-fast,StructureDefinition/ch-ems-observation-missiontimestatus,StructureDefinition/ch-ems-observation-deathmanner,StructureDefinition/ch-ems-observation-pupilshape,StructureDefinition/ch-ems-observation,StructureDefinition/ch-ems-observation-anamnesissymptom,StructureDefinition/ch-ems-observation-statuspriority,StructureDefinition/ch-ems-observation-conditionchange,StructureDefinition/ch-ems-observation-breathing,StructureDefinition/ch-ems-observation-heatexposure,StructureDefinition/ch-ems-observation-naca,StructureDefinition/ch-ems-observation-gcs,StructureDefinition/ch-ems-observation-pupilsize,StructureDefinition/ch-ems-observation-cardiacarrest,StructureDefinition/ch-ems-observation-anamnesisevent","THO"
http://hl7.org/fhir/ValueSet/observation-codes,4.0.1,draft,"2.16.840.1.113883.4.642.3.396",LOINCCodes,LOINC Codes,"This value set includes all LOINC codes","StructureDefinition/ch-ems-observation-airways,StructureDefinition/ch-ems-observation-avpu,StructureDefinition/ch-ems-observation-diagnosis,StructureDefinition/ch-ems-observation-coldexposure,StructureDefinition/ch-ems-observation-bloodpressure,StructureDefinition/ch-ems-observation-heartrate,StructureDefinition/ch-ems-observation-stroke-fast,StructureDefinition/ch-ems-observation-missiontimestatus,StructureDefinition/ch-ems-observation-deathmanner,StructureDefinition/ch-ems-observation-pupilshape,StructureDefinition/ch-ems-observation,StructureDefinition/ch-ems-observation-anamnesissymptom,StructureDefinition/ch-ems-observation-statuspriority,StructureDefinition/ch-ems-observation-conditionchange,StructureDefinition/ch-ems-observation-breathing,StructureDefinition/ch-ems-observation-heatexposure,StructureDefinition/ch-ems-observation-naca,StructureDefinition/ch-ems-observation-gcs,StructureDefinition/ch-ems-observation-pupilsize,StructureDefinition/ch-ems-observation-cardiacarrest,StructureDefinition/ch-ems-observation-anamnesisevent","LOINC"
http://hl7.org/fhir/ValueSet/observation-interpretation,4.0.1,active,"2.16.840.1.113883.4.642.3.399",ObservationInterpretationCodes,Observation Interpretation Codes,"A categorical assessment, providing a rough qualitative interpretation of the observation value,    such as “normal”/ “abnormal”,”low” / “high”, “better” / “worse”, “susceptible” / “resistant”, “expected”/ “not expected”.    The value set is intended to be for ANY use where coded representation of an interpretation is needed.             Notes:          This is being communicated in v2.x in OBX-8 (Observation Interpretation), in v3 in ObservationInterpretation (CWE) in R1 (Representative Realm) and in FHIR in    Observation.interpretation. Historically these values come from the laboratory domain, and these codes are extensively    used. The value set binding is extensible, so codes outside the value set that are needed for interpretation concepts    (i.e. particular meanings) that are not included in the value set can be used, and these new codes may also be added to    the value set and published in a future version.","StructureDefinition/ch-ems-observation-airways,StructureDefinition/ch-ems-observation-avpu,StructureDefinition/ch-ems-observation-diagnosis,StructureDefinition/ch-ems-observation-coldexposure,StructureDefinition/ch-ems-observation-bloodpressure,StructureDefinition/ch-ems-observation-heartrate,StructureDefinition/ch-ems-observation-stroke-fast,StructureDefinition/ch-ems-observation-missiontimestatus,StructureDefinition/ch-ems-observation-deathmanner,StructureDefinition/ch-ems-observation-pupilshape,StructureDefinition/ch-ems-observation,StructureDefinition/ch-ems-observation-anamnesissymptom,StructureDefinition/ch-ems-observation-statuspriority,StructureDefinition/ch-ems-observation-conditionchange,StructureDefinition/ch-ems-observation-breathing,StructureDefinition/ch-ems-observation-heatexposure,StructureDefinition/ch-ems-observation-naca,StructureDefinition/ch-ems-observation-gcs,StructureDefinition/ch-ems-observation-pupilsize,StructureDefinition/ch-ems-observation-cardiacarrest,StructureDefinition/ch-ems-observation-anamnesisevent","THO (V3)"
http://hl7.org/fhir/ValueSet/observation-methods,4.0.1,draft,"2.16.840.1.113883.4.642.3.395",ObservationMethods,Observation Methods,"Observation Method codes from [SNOMED CT](http://snomed.info/sct) where concept is-a 272394005 (Technique (qualifier value)) or is-a 129264002 (Action (qualifier value)) or is-a 386053000 (Evaluation procedure(procedure))","StructureDefinition/ch-ems-observation-airways,StructureDefinition/ch-ems-observation-avpu,StructureDefinition/ch-ems-observation-diagnosis,StructureDefinition/ch-ems-observation-coldexposure,StructureDefinition/ch-ems-observation-stroke-fast,StructureDefinition/ch-ems-observation-missiontimestatus,StructureDefinition/ch-ems-observation-deathmanner,StructureDefinition/ch-ems-observation-pupilshape,StructureDefinition/ch-ems-observation,StructureDefinition/ch-ems-observation-anamnesissymptom,StructureDefinition/ch-ems-observation-statuspriority,StructureDefinition/ch-ems-observation-conditionchange,StructureDefinition/ch-ems-observation-breathing,StructureDefinition/ch-ems-observation-heatexposure,StructureDefinition/ch-ems-observation-naca,StructureDefinition/ch-ems-observation-gcs,StructureDefinition/ch-ems-observation-pupilsize,StructureDefinition/ch-ems-observation-cardiacarrest,StructureDefinition/ch-ems-observation-anamnesisevent","SCT"
http://hl7.org/fhir/ValueSet/observation-status,4.0.1,active,"2.16.840.1.113883.4.642.3.400",ObservationStatus,ObservationStatus,"Codes providing the status of an observation.","StructureDefinition/ch-ems-observation-airways,StructureDefinition/ch-ems-observation-avpu,StructureDefinition/ch-ems-observation-diagnosis,StructureDefinition/ch-ems-observation-coldexposure,StructureDefinition/ch-ems-observation-bloodpressure,StructureDefinition/ch-ems-observation-heartrate,StructureDefinition/ch-ems-observation-stroke-fast,StructureDefinition/ch-ems-observation-missiontimestatus,StructureDefinition/ch-ems-observation-deathmanner,StructureDefinition/ch-ems-observation-pupilshape,StructureDefinition/ch-ems-observation,StructureDefinition/ch-ems-observation-anamnesissymptom,StructureDefinition/ch-ems-observation-statuspriority,StructureDefinition/ch-ems-observation-conditionchange,StructureDefinition/ch-ems-observation-breathing,StructureDefinition/ch-ems-observation-heatexposure,StructureDefinition/ch-ems-observation-naca,StructureDefinition/ch-ems-observation-gcs,StructureDefinition/ch-ems-observation-pupilsize,StructureDefinition/ch-ems-observation-cardiacarrest,StructureDefinition/ch-ems-observation-anamnesisevent","hl7.fhir.r4.core"
http://hl7.org/fhir/ValueSet/participant-role,4.0.1,draft,"2.16.840.1.113883.4.642.3.152",ParticipantRoles,Participant Roles,"Roles of participants that may be included in a care team.  Defined as: Is a Person, Healthcare professional (occupation) or Healthcare related organization (qualifier value).","StructureDefinition/ch-ems-servicerequest","SCT"
http://hl7.org/fhir/ValueSet/patient-contactrelationship,4.0.1,active,"2.16.840.1.113883.4.642.3.1130",PatientContactRelationship,Patient Contact Relationship ,"The nature of the relationship between the patient and the contact person.","StructureDefinition/ch-ems-patient","THO (V2)"
http://hl7.org/fhir/ValueSet/performer-role,4.0.1,draft,"2.16.840.1.113883.4.642.3.433",ProcedurePerformerRoleCodes,Procedure Performer Role Codes,"This example value set defines the set of codes that can be used to indicate a role of a procedure performer.","StructureDefinition/ch-ems-procedure-precautionsinfection,StructureDefinition/ch-ems-procedure-transportation,StructureDefinition/ch-ems-procedure-pretreatment,StructureDefinition/ch-ems-procedure-woundtreatment,StructureDefinition/ch-ems-procedure,StructureDefinition/ch-ems-procedure-airways,StructureDefinition/ch-ems-procedure-breathing","SCT"
http://hl7.org/fhir/ValueSet/procedure-category,4.0.1,draft,"2.16.840.1.113883.4.642.3.430",ProcedureCategoryCodes(SNOMEDCT),Procedure Category Codes (SNOMED CT),"Procedure Category code: A selection of relevant SNOMED CT codes.","StructureDefinition/ch-ems-procedure-precautionsinfection,StructureDefinition/ch-ems-procedure-transportation,StructureDefinition/ch-ems-procedure-pretreatment,StructureDefinition/ch-ems-procedure-woundtreatment,StructureDefinition/ch-ems-procedure,StructureDefinition/ch-ems-procedure-airways,StructureDefinition/ch-ems-procedure-breathing","SCT"
http://hl7.org/fhir/ValueSet/procedure-code,4.0.1,draft,"2.16.840.1.113883.4.642.3.427",ProcedureCodes(SNOMEDCT),Procedure Codes (SNOMED CT),"Procedure Code: All SNOMED CT procedure codes.","StructureDefinition/ch-ems-procedure,StructureDefinition/ch-ems-servicerequest","SCT"
http://hl7.org/fhir/ValueSet/procedure-followup,4.0.1,draft,"2.16.840.1.113883.4.642.3.429",ProcedureFollowUpCodes(SNOMEDCT),Procedure Follow up Codes (SNOMED CT),"Procedure follow up codes: A selection of SNOMED CT codes relevant to procedure follow up.","StructureDefinition/ch-ems-procedure-precautionsinfection,StructureDefinition/ch-ems-procedure-transportation,StructureDefinition/ch-ems-procedure-pretreatment,StructureDefinition/ch-ems-procedure-woundtreatment,StructureDefinition/ch-ems-procedure,StructureDefinition/ch-ems-procedure-airways,StructureDefinition/ch-ems-procedure-breathing","SCT"
http://hl7.org/fhir/ValueSet/procedure-not-performed-reason,4.0.1,active,"2.16.840.1.113883.4.642.3.431",ProcedureNotPerformedReason(SNOMED-CT),Procedure Not Performed Reason (SNOMED-CT),"Situation codes describing the reason that a procedure, which might otherwise be expected, was not performed, or a procedure that was started and was not completed. Consists of SNOMED CT codes, children of procedure contraindicated (183932001), procedure discontinued (416406003), procedure not done (416237000), procedure not indicated (428119001), procedure not offered (416064006), procedure not wanted (416432009), procedure refused (183944003), and procedure stopped (394908001).","StructureDefinition/ch-ems-procedure-precautionsinfection,StructureDefinition/ch-ems-procedure-transportation,StructureDefinition/ch-ems-procedure-pretreatment,StructureDefinition/ch-ems-procedure-woundtreatment,StructureDefinition/ch-ems-procedure,StructureDefinition/ch-ems-procedure-airways,StructureDefinition/ch-ems-procedure-breathing","SCT"
http://hl7.org/fhir/ValueSet/procedure-outcome,4.0.1,draft,"2.16.840.1.113883.4.642.3.428",ProcedureOutcomeCodes(SNOMEDCT),Procedure Outcome Codes (SNOMED CT),"Procedure Outcome code: A selection of relevant SNOMED CT codes.","StructureDefinition/ch-ems-procedure-precautionsinfection,StructureDefinition/ch-ems-procedure-transportation,StructureDefinition/ch-ems-procedure-pretreatment,StructureDefinition/ch-ems-procedure-woundtreatment,StructureDefinition/ch-ems-procedure,StructureDefinition/ch-ems-procedure-airways,StructureDefinition/ch-ems-procedure-breathing","SCT"
http://hl7.org/fhir/ValueSet/procedure-reason,4.0.1,draft,"2.16.840.1.113883.4.642.3.432",ProcedureReasonCodes,Procedure Reason Codes,"This example value set defines the set of codes that can be used to indicate a reason for a procedure.","StructureDefinition/ch-ems-procedure-precautionsinfection,StructureDefinition/ch-ems-procedure-transportation,StructureDefinition/ch-ems-procedure-pretreatment,StructureDefinition/ch-ems-procedure-woundtreatment,StructureDefinition/ch-ems-procedure,StructureDefinition/ch-ems-servicerequest,StructureDefinition/ch-ems-procedure-airways,StructureDefinition/ch-ems-procedure-breathing","SCT"
http://hl7.org/fhir/ValueSet/quantity-comparator,4.0.1,active,"2.16.840.1.113883.4.642.3.59",QuantityComparator,QuantityComparator,"How the Quantity should be understood and represented.","StructureDefinition/ch-ems-quantity","hl7.fhir.r4.core"
http://hl7.org/fhir/ValueSet/reaction-event-severity,4.0.1,draft,"2.16.840.1.113883.4.642.3.135",AllergyIntoleranceSeverity,AllergyIntoleranceSeverity,"Clinical assessment of the severity of a reaction event as a whole, potentially considering multiple different manifestations.","StructureDefinition/ch-ems-allergyintolerance","hl7.fhir.r4.core"
http://hl7.org/fhir/ValueSet/reason-medication-given-codes,4.0.1,draft,"2.16.840.1.113883.4.642.3.344",ReasonMedicationGivenCodes,Reason Medication Given Codes,"This value set is provided as an example. The value set to instantiate this attribute should be drawn from a robust terminology code system that consists of or contains concepts to support the medication process.","StructureDefinition/ch-ems-medicationadministration","THO"
http://hl7.org/fhir/ValueSet/reason-medication-not-given-codes,4.0.1,draft,"2.16.840.1.113883.4.642.3.342",SNOMEDCTReasonMedicationNotGivenCodes,SNOMED CT Reason Medication Not Given Codes,"This value set includes all medication refused, medication not administered, and non-administration of necessary drug or medicine codes from SNOMED CT - provided as an exemplar value set.","StructureDefinition/ch-ems-medicationadministration","SCT"
http://hl7.org/fhir/ValueSet/reason-medication-status-codes,4.0.1,draft,"2.16.840.1.113883.4.642.3.369",SNOMEDCTDrugTherapyStatusCodes,SNOMED CT Drug Therapy Status codes ,"This value set includes some taken and not taken reason codes from SNOMED CT - provided as an exemplar","StructureDefinition/ch-ems-medicationstatement","SCT"
http://hl7.org/fhir/ValueSet/referencerange-appliesto,4.0.1,draft,"2.16.840.1.113883.4.642.3.407",ObservationReferenceRangeAppliesToCodes,Observation Reference Range Applies To Codes,"This value set defines a set of codes that can be used to indicate the particular target population the reference range applies to.","StructureDefinition/ch-ems-observation-airways,StructureDefinition/ch-ems-observation-avpu,StructureDefinition/ch-ems-observation-diagnosis,StructureDefinition/ch-ems-observation-coldexposure,StructureDefinition/ch-ems-observation-bloodpressure,StructureDefinition/ch-ems-observation-heartrate,StructureDefinition/ch-ems-observation-stroke-fast,StructureDefinition/ch-ems-observation-missiontimestatus,StructureDefinition/ch-ems-observation-deathmanner,StructureDefinition/ch-ems-observation-pupilshape,StructureDefinition/ch-ems-observation,StructureDefinition/ch-ems-observation-anamnesissymptom,StructureDefinition/ch-ems-observation-statuspriority,StructureDefinition/ch-ems-observation-conditionchange,StructureDefinition/ch-ems-observation-breathing,StructureDefinition/ch-ems-observation-heatexposure,StructureDefinition/ch-ems-observation-naca,StructureDefinition/ch-ems-observation-gcs,StructureDefinition/ch-ems-observation-pupilsize,StructureDefinition/ch-ems-observation-cardiacarrest,StructureDefinition/ch-ems-observation-anamnesisevent","SCT"
http://hl7.org/fhir/ValueSet/referencerange-meaning,4.0.1,draft,"2.16.840.1.113883.4.642.3.397",ObservationReferenceRangeMeaningCodes,Observation Reference Range Meaning Codes,"This value set defines a set of codes that can be used to indicate the meaning/use of a reference range for a particular target population.","StructureDefinition/ch-ems-observation-airways,StructureDefinition/ch-ems-observation-avpu,StructureDefinition/ch-ems-observation-diagnosis,StructureDefinition/ch-ems-observation-coldexposure,StructureDefinition/ch-ems-observation-bloodpressure,StructureDefinition/ch-ems-observation-heartrate,StructureDefinition/ch-ems-observation-stroke-fast,StructureDefinition/ch-ems-observation-missiontimestatus,StructureDefinition/ch-ems-observation-deathmanner,StructureDefinition/ch-ems-observation-pupilshape,StructureDefinition/ch-ems-observation,StructureDefinition/ch-ems-observation-anamnesissymptom,StructureDefinition/ch-ems-observation-statuspriority,StructureDefinition/ch-ems-observation-conditionchange,StructureDefinition/ch-ems-observation-breathing,StructureDefinition/ch-ems-observation-heatexposure,StructureDefinition/ch-ems-observation-naca,StructureDefinition/ch-ems-observation-gcs,StructureDefinition/ch-ems-observation-pupilsize,StructureDefinition/ch-ems-observation-cardiacarrest,StructureDefinition/ch-ems-observation-anamnesisevent","THO"
http://hl7.org/fhir/ValueSet/request-intent,4.0.1,draft,"2.16.840.1.113883.4.642.3.113",RequestIntent,RequestIntent,"Codes indicating the degree of authority/intentionality associated with a request.","StructureDefinition/ch-ems-servicerequest","hl7.fhir.r4.core"
http://hl7.org/fhir/ValueSet/request-priority,4.0.1,draft,"2.16.840.1.113883.4.642.3.115",RequestPriority,Request priority,"The clinical priority of a diagnostic order.","StructureDefinition/ch-ems-servicerequest","hl7.fhir.r4.core"
http://hl7.org/fhir/ValueSet/request-status,4.0.1,draft,"2.16.840.1.113883.4.642.3.111",RequestStatus,RequestStatus,"Codes identifying the lifecycle stage of a request.","StructureDefinition/ch-ems-servicerequest","hl7.fhir.r4.core"
http://hl7.org/fhir/ValueSet/resource-types,4.0.1,active,"2.16.840.1.113883.4.642.3.27",ResourceType,ResourceType,"One of the resource types defined as part of this version of FHIR.","StructureDefinition/ch-ems-observation-airways,StructureDefinition/ch-ems-procedure-precautionsinfection,StructureDefinition/ch-ems-observation-avpu,StructureDefinition/ch-ems-procedure-transportation,StructureDefinition/ch-ems-practitioner,StructureDefinition/ch-ems-servicerequest,StructureDefinition/ch-ems-observation-diagnosis,StructureDefinition/ch-ems-observation-coldexposure,StructureDefinition/ch-ems-procedure-airways,StructureDefinition/ch-ems-medicationadministration,StructureDefinition/ch-ems-medicationstatement,StructureDefinition/ch-ems-observation-missiontimestatus,StructureDefinition/ch-ems-observation-stroke-fast,StructureDefinition/ch-ems-observation-deathmanner,StructureDefinition/ch-ems-observation-pupilshape,StructureDefinition/ch-ems-observation-conditionchange,StructureDefinition/ch-ems-observation-naca,StructureDefinition/ch-ems-observation-gcs,StructureDefinition/ch-ems-encounter,StructureDefinition/ch-ems-coverage,StructureDefinition/ch-ems-procedure,StructureDefinition/ch-ems-practitionerrole,StructureDefinition/ch-ems-observation-pupilsize,StructureDefinition/ch-ems-composition,StructureDefinition/ch-ems-procedure-woundtreatment,StructureDefinition/ch-ems-observation-bloodpressure,StructureDefinition/ch-ems-observation-heartrate,StructureDefinition/ch-ems-procedure-breathing,StructureDefinition/ch-ems-observation,StructureDefinition/ch-ems-observation-anamnesissymptom,StructureDefinition/ch-ems-allergyintolerance,StructureDefinition/ch-ems-observation-statuspriority,StructureDefinition/ch-ems-observation-heatexposure,StructureDefinition/ch-ems-observation-breathing,StructureDefinition/ch-ems-procedure-pretreatment,StructureDefinition/ch-ems-observation-cardiacarrest,StructureDefinition/ch-ems-observation-anamnesisevent","hl7.fhir.r4.core"
http://hl7.org/fhir/ValueSet/route-codes,4.0.1,draft,"2.16.840.1.113883.4.642.3.98",SNOMEDCTRouteCodes,SNOMED CT Route Codes,"This value set includes all Route codes from SNOMED CT - provided as an exemplar.","StructureDefinition/ch-ems-allergyintolerance","SCT"
http://hl7.org/fhir/ValueSet/search-entry-mode,4.0.1,active,"2.16.840.1.113883.4.642.3.622",SearchEntryMode,SearchEntryMode,"Why an entry is in the result set - whether it's included as a match or because of an _include requirement, or to convey information or warning information about the search process.","StructureDefinition/ch-ems-document","hl7.fhir.r4.core"
http://hl7.org/fhir/ValueSet/servicerequest-orderdetail,4.0.1,draft,"2.16.840.1.113883.4.642.3.435",ServiceRequestOrderDetailsCodes,Service Request Order Details Codes,"An example value set of Codified order entry details concepts.  These concepts only make sense in the context of what is being ordered.  This example is for a patient ventilation order","StructureDefinition/ch-ems-servicerequest","SCT"
http://hl7.org/fhir/ValueSet/subscriber-relationship,4.0.1,draft,"2.16.840.1.113883.4.642.3.1385",SubscriberRelationshipCodes,SubscriberPolicyholder Relationship Codes,"This value set includes codes for the relationship between the Subscriber and the Beneficiary (insured/covered party/patient).","StructureDefinition/ch-ems-coverage","THO"
http://hl7.org/fhir/ValueSet/timing-abbreviation,4.0.1,draft,"2.16.840.1.113883.4.642.3.78",TimingAbbreviation,TimingAbbreviation,"Code for a known / defined timing pattern.","StructureDefinition/ch-ems-medicationstatement","THO (V3)"
http://hl7.org/fhir/ValueSet/udi-entry-type,4.0.1,draft,"2.16.840.1.113883.4.642.3.211",UDIEntryType,UDIEntryType,"Codes to identify how UDI data was entered.","StructureDefinition/ch-ems-device","hl7.fhir.r4.core"
http://hl7.org/fhir/ValueSet/units-of-time,4.0.1,active,"2.16.840.1.113883.4.642.3.77",UnitsOfTime,UnitsOfTime,"A unit of time (units from UCUM).","StructureDefinition/ch-ems-medicationstatement","UCUM"
http://terminology.hl7.org/ValueSet/v2-0092,2.9,active,,v2.0092,v2 RE-ADMISSION INDICATOR,"FHIR Value set/code system definition for HL7 v2 table 0092 ( RE-ADMISSION INDICATOR)","StructureDefinition/ch-ems-encounter","THO (V2)"
http://terminology.hl7.org/ValueSet/v2-0116,2.9,active,,v2.0116,v2 BED STATUS,"FHIR Value set/code system definition for HL7 v2 table 0116 ( BED STATUS)","StructureDefinition/ch-ems-location-locationdestination,StructureDefinition/ch-ems-location-ambulance","THO (V2)"
http://terminology.hl7.org/ValueSet/v3-ActCode,3.0.0,active,,ActCode,v3 Code System ActCode,"A code specifying the particular kind of Act that the Act-instance represents within its class.  Constraints:  The kind of Act (e.g. physical examination, serum potassium, inpatient encounter, charge financial transaction, etc.) is specified with a code from one of several, typically external, coding systems.  The coding system will depend on the class of Act, such as LOINC for observations, etc. Conceptually, the Act.code must be a specialization of the Act.classCode. This is why the structure of ActClass domain should be reflected in the superstructure of the ActCode domain and then individual codes or externally referenced vocabularies subordinated under these domains that reflect the ActClass structure. Act.classCode and Act.code are not modifiers of each other but the Act.code concept should really imply the Act.classCode concept. For a negative example, it is not appropriate to use an Act.code ""potassium"" together with and Act.classCode for ""laboratory observation"" to somehow mean ""potassium laboratory observation"" and then use the same Act.code for ""potassium"" together with Act.classCode for ""medication"" to mean ""substitution of potassium"". This mutually modifying use of Act.code and Act.classCode is not permitted.","StructureDefinition/ch-ems-composition","THO (V3)"
http://terminology.hl7.org/ValueSet/v3-ActEncounterCode,3.0.0,active,"2.16.840.1.113883.1.11.13955",ActEncounterCode,ActEncounterCode,"Domain provides codes that qualify the ActEncounterClass (ENC)","StructureDefinition/ch-ems-encounter","THO (V3)"
http://terminology.hl7.org/ValueSet/v3-ConfidentialityClassification,2014-03-26,active,"2.16.840.1.113883.1.11.10228",v3.ConfidentialityClassification,V3 Value SetConfidentialityClassification," Set of codes used to value Act.Confidentiality and Role.Confidentiality attribute in accordance with the definition for concept domain ""Confidentiality"".","StructureDefinition/ch-ems-composition","THO (V3)"
http://terminology.hl7.org/ValueSet/v3-ServiceDeliveryLocationRoleType,3.0.0,active,"2.16.840.1.113883.1.11.17660",ServiceDeliveryLocationRoleType,ServiceDeliveryLocationRoleType,"A role of a place that further classifies the setting (e.g., accident site, road side, work site, community location) in which services are delivered.","StructureDefinition/ch-ems-location-locationdestination,StructureDefinition/ch-ems-servicerequest,StructureDefinition/ch-ems-location-ambulance","THO (V3)"
