{"resourceType":"ValueSet","id":"ch-rad-order-imaging-region","text":{"status":"generated","div":"<div xmlns=\"http://www.w3.org/1999/xhtml\"><ul><li>Include these codes as defined in <a href=\"http://terminology.hl7.org/5.5.0/CodeSystem-RadLex.html\"><code>http://radlex.org</code></a><table class=\"none\"><tr><td style=\"white-space:nowrap\"><b>Code</b></td><td><b>Display</b></td></tr><tr><td>RID56</td><td>Abdomen</td></tr><tr><td>RID28749</td><td>breast</td></tr><tr><td>RID1243</td><td>Thorax</td></tr><tr><td>RID13202</td><td>limb of body</td></tr><tr><td>RID9080</td><td>head</td></tr><tr><td>RID2638</td><td>Lower extremity</td></tr><tr><td>RID7488</td><td>neck</td></tr><tr><td>RID2507</td><td>Pelvis</td></tr><tr><td>RID1850</td><td>Upper extremity</td></tr><tr><td>RID39569</td><td>whole body</td></tr><tr><td>RID35962</td><td>umbilical artery</td></tr><tr><td>RID34558</td><td>Umbilical Cord</td></tr><tr><td>RID50043</td><td>set of umbilical vessels</td></tr><tr><td>RID665</td><td>middle cerebral artery</td></tr><tr><td>RID6062</td><td>Body region</td></tr></table></li></ul></div>"},"url":"http://fhir.ch/ig/ch-rad-order/ValueSet/ch-rad-order-imaging-region","version":"2.0.0-ballot","name":"ChRadOrderImagingRegion","title":"Imaging Region","status":"active","date":"2024-05-17T11:21:51+00:00","publisher":"HL7 Switzerland","contact":[{"name":"Juerg P. Bleuer","telecom":[{"system":"url","value":"https://www.hl7.ch"}]}],"description":"Definition for Imaging Region Value Set in the context of CH RAD-Order.","jurisdiction":[{"coding":[{"system":"urn:iso:std:iso:3166","code":"CH"}]}],"copyright":"CC0-1.0","compose":{"include":[{"system":"http://radlex.org","concept":[{"code":"RID56","display":"Abdomen"},{"code":"RID28749","display":"breast"},{"code":"RID1243","display":"Thorax"},{"code":"RID13202","display":"limb of body"},{"code":"RID9080","display":"head"},{"code":"RID2638","display":"Lower extremity"},{"code":"RID7488","display":"neck"},{"code":"RID2507","display":"Pelvis"},{"code":"RID1850","display":"Upper extremity"},{"code":"RID39569","display":"whole body"},{"code":"RID35962","display":"umbilical artery"},{"code":"RID34558","display":"Umbilical Cord"},{"code":"RID50043","display":"set of umbilical vessels"},{"code":"RID665","display":"middle cerebral artery"},{"code":"RID6062","display":"Body region"}]}]}}