URL,Version,Status,OIDs,Name,Title,Descriptino,Uses,Used,Sources
http://fhir.ch/ig/ch-emed-epr/ValueSet/ch-emed-epr-amount-quantity-unit-code,1.0.0,draft,,CHEMEDEPRAmountQuantityUnitCode,Amount Quantity Unit Codes,"Unit Codes for amount quantity units.  These are all unit codes about amount quantities, excluding time units.","StructureDefinition/ch-emed-epr-amount-quantity","UCUM,SCT"
http://fhir.ch/ig/ch-emed-epr/ValueSet/ch-emed-epr-event-timing,1.0.0,draft,,CHEMEDEPREventTiming,Event Timings,"Event Timings for ambulatory use.",,"hl7.fhir.r4.core"
http://fhir.ch/ig/ch-emed-epr/ValueSet/ch-emed-epr-route-of-administration,1.0.0,draft,,CHEMEDEPRRouteOfAdministration,Route of Administration,"Valueset RouteOfAdministration filtered for ambulatory care use.  This value set is a subset of the mandatory value set ([EDQM - RouteOfAdministration](http://fhir.ch/ig/ch-emed/ValueSet-edqm-routeofadministration.html)) that contains only values compatible with ambulatory care. We recommend implementers to focus on supporting this value set instead of the complete one.",,"ch.fhir.ig.ch-emed"
http://fhir.ch/ig/ch-emed-epr/ValueSet/ch-emed-epr-substance-admin-substitution-code,1.0.0,draft,,CHEMEDEprActSubstanceAdminSubstitutionCode,Substance Administration Substitution Codes,"Codes in use to allow or deny medication substitution.",,"THO (V3)"
http://fhir.ch/ig/ch-emed-epr/ValueSet/ch-emed-epr-time-quantity-unit-code,1.0.0,draft,,CHEMEDEPRTimeQuantityUnitCode,Time Quantity Unit Codes,"Unit Codes for time quantity units.  These are all unit codes about time quantities, excluding amount units.","StructureDefinition/ch-emed-epr-time-quantity","UCUM"
http://fhir.ch/ig/ch-epr-term/ValueSet/HCProfessional.hcProfession,2.0.10,active,"2.16.756.5.30.1.127.3.10.8.1",HCProfessionalHcProfession,HCProfessional.hcProfession,"HCProfessional.hcProfession","StructureDefinition/ch-emed-epr-practitionerrole","ch.fhir.ig.ch-epr-term,SCT"
http://terminology.hl7.org/ValueSet/v3-ActSubstanceAdminSubstitutionCode,3.0.0,active,"2.16.840.1.113883.1.11.16621",ActSubstanceAdminSubstitutionCode,ActSubstanceAdminSubstitutionCode,"***No description***","StructureDefinition/ch-emed-epr-medicationstatement-list,StructureDefinition/ch-emed-epr-medicationrequest,StructureDefinition/ch-emed-epr-medicationrequest-changed,StructureDefinition/ch-emed-epr-medicationstatement-treatmentplan,StructureDefinition/ch-emed-epr-medicationrequest-list,StructureDefinition/ch-emed-epr-medicationstatement-changed","THO (V3)"
