{"resourceType":"CodeSystem","id":"ihe-pharmaceuticaladvicestatuslist","meta":{"source":"http://art-decor.org/fhir/ValueSet/2.16.756.5.30.1.1.11.4--20200106135719"},"text":{"status":"generated","div":"<div xmlns=\"http://www.w3.org/1999/xhtml\"><p>This code system urn:oid:1.3.6.1.4.1.19376.1.9.2.1 defines the following codes:</p><table class=\"codes\"><tr><td style=\"white-space:nowrap\"><b>Code</b></td><td><b>Display</b></td></tr><tr><td style=\"white-space:nowrap\">OK<a name=\"ihe-pharmaceuticaladvicestatuslist-OK\"> </a></td><td>OK</td></tr><tr><td style=\"white-space:nowrap\">CHANGE<a name=\"ihe-pharmaceuticaladvicestatuslist-CHANGE\"> </a></td><td>CHANGE</td></tr><tr><td style=\"white-space:nowrap\">REFUSE<a name=\"ihe-pharmaceuticaladvicestatuslist-REFUSE\"> </a></td><td>REFUSE</td></tr><tr><td style=\"white-space:nowrap\">CANCEL<a name=\"ihe-pharmaceuticaladvicestatuslist-CANCEL\"> </a></td><td>CANCEL</td></tr><tr><td style=\"white-space:nowrap\">SUSPEND<a name=\"ihe-pharmaceuticaladvicestatuslist-SUSPEND\"> </a></td><td>SUSPEND</td></tr><tr><td style=\"white-space:nowrap\">COMMENT<a name=\"ihe-pharmaceuticaladvicestatuslist-COMMENT\"> </a></td><td>COMMENT</td></tr></table></div>"},"url":"urn:oid:1.3.6.1.4.1.19376.1.9.2.1","identifier":[{"use":"official","system":"http://art-decor.org/ns/oids/vs","value":"2.16.756.5.30.1.1.11.4"}],"version":"0.2.0","name":"IHEPharmaceuticalAdviceStatusList","title":"IHE Pharmaceutical Advice Status List","status":"active","experimental":false,"date":"2021-02-12T16:01:26+01:00","publisher":"eHealth Suisse","contact":[{"name":"eHealth Suisse","telecom":[{"system":"url","value":"https://www.e-health-suisse.ch/startseite.html"}]}],"description":"IHE Pharmaceutical Advice Status List","jurisdiction":[{"coding":[{"system":"urn:iso:std:iso:3166","code":"CH"}]}],"copyright":"CC-BY-SA-4.0","content":"complete","concept":[{"code":"OK","display":"OK"},{"code":"CHANGE","display":"CHANGE"},{"code":"REFUSE","display":"REFUSE"},{"code":"CANCEL","display":"CANCEL"},{"code":"SUSPEND","display":"SUSPEND"},{"code":"COMMENT","display":"COMMENT"}]}