<?xml version="1.0" encoding="UTF-8"?><ValueSet xmlns="http://hl7.org/fhir"><id value="ch-vacd-recommendation-forecast-status-vs"/><text><status value="extensions"/><div xmlns="http://www.w3.org/1999/xhtml"><ul><li>Include these codes as defined in <a href="CodeSystem-ch-vacd-recommendation-forecast-status-cs.html"><code>http://fhir.ch/ig/ch-vacd/CodeSystem/ch-vacd-recommendation-forecast-status-cs</code></a><table class="none"><tr><td style="white-space:nowrap"><b>Code</b></td><td><b>Display</b></td><td><b>Definition</b></td></tr><tr><td><a href="CodeSystem-ch-vacd-recommendation-forecast-status-cs.html#ch-vacd-recommendation-forecast-status-cs-due">due</a></td><td>Due</td><td>The patient is due for their next vaccination.</td></tr><tr><td><a href="CodeSystem-ch-vacd-recommendation-forecast-status-cs.html#ch-vacd-recommendation-forecast-status-cs-overdue">overdue</a></td><td>Overdue</td><td>The patient is considered overdue for their next vaccination.</td></tr><tr><td><a href="CodeSystem-ch-vacd-recommendation-forecast-status-cs.html#ch-vacd-recommendation-forecast-status-cs-immune">immune</a></td><td>Immune</td><td>The patient is immune to the target disease and further immunization against the disease is not likely to provide benefit.</td></tr><tr><td><a href="CodeSystem-ch-vacd-recommendation-forecast-status-cs.html#ch-vacd-recommendation-forecast-status-cs-consultadvise">consultadvise</a></td><td>Consult Advice</td><td>The patient may be contraindicated but get health care advice.</td></tr><tr><td><a href="CodeSystem-ch-vacd-recommendation-forecast-status-cs.html#ch-vacd-recommendation-forecast-status-cs-indicated">indicated</a></td><td>Indicated</td><td>The patient is indicated for further doses.</td></tr><tr><td><a href="CodeSystem-ch-vacd-recommendation-forecast-status-cs.html#ch-vacd-recommendation-forecast-status-cs-contraindicated">contraindicated</a></td><td>Contraindicated</td><td>The patient is contraindicated for further doses.</td></tr><tr><td><a href="CodeSystem-ch-vacd-recommendation-forecast-status-cs.html#ch-vacd-recommendation-forecast-status-cs-complete">complete</a></td><td>Complete</td><td>The patient is fully protected and no further doses are recommended.</td></tr><tr><td><a href="CodeSystem-ch-vacd-recommendation-forecast-status-cs.html#ch-vacd-recommendation-forecast-status-cs-notrelevant">notrelevant</a></td><td>NotRelevant</td><td>There is no relevance for this patient.</td></tr></table></li></ul><p><b>Additional Language Displays</b></p><table class="codes"><tr><td><b>Code</b></td><td><b>Deutsch (Schweiz) (German (Switzerland), de)</b></td><td><b>English (United States) (English (United States), en)</b></td><td><b>French (Switzerland) (fr)</b></td><td><b>Italian (Switzerland) (it)</b></td><td><b>rm</b></td></tr><tr><td>due</td><td>The patient is due for their next vaccination.</td><td>The patient is due for their next vaccination.</td><td>The patient is due for their next vaccination.</td><td>The patient is due for their next vaccination.</td><td>The patient is due for their next vaccination.</td></tr><tr><td>overdue</td><td>The patient is considered overdue for their next vaccination.</td><td>The patient is considered overdue for their next vaccination.</td><td>The patient is considered overdue for their next vaccination.</td><td>The patient is considered overdue for their next vaccination.</td><td>The patient is considered overdue for their next vaccination.</td></tr><tr><td>immune</td><td>The patient is immune to the target disease and further immunization against the disease is not likely to provide benefit.</td><td>The patient is immune to the target disease and further immunization against the disease is not likely to provide benefit.</td><td>The patient is immune to the target disease and further immunization against the disease is not likely to provide benefit.</td><td>The patient is immune to the target disease and further immunization against the disease is not likely to provide benefit.</td><td>The patient is immune to the target disease and further immunization against the disease is not likely to provide benefit.</td></tr><tr><td>consultadvise</td><td>The patient may be contraindicated but get health care advice.</td><td>The patient may be contraindicated but get health care advice.</td><td>The patient may be contraindicated but get health care advice.</td><td>The patient may be contraindicated but get health care advice.</td><td>The patient may be contraindicated but get health care advice.</td></tr><tr><td>indicated</td><td>The patient is indicated for further doses.</td><td>The patient is indicated for further doses.</td><td>The patient is indicated for further doses.</td><td>The patient is indicated for further doses.</td><td>The patient is indicated for further doses.</td></tr><tr><td>contraindicated</td><td>The patient is contraindicated for further doses.</td><td>The patient is contraindicated for further doses.</td><td>The patient is contraindicated for further doses.</td><td>The patient is contraindicated for further doses.</td><td>The patient is contraindicated for further doses.</td></tr><tr><td>complete</td><td>The patient is fully protected and no further doses are recommended.</td><td>The patient is fully protected and no further doses are recommended.</td><td>The patient is fully protected and no further doses are recommended.</td><td>The patient is fully protected and no further doses are recommended.</td><td>The patient is fully protected and no further doses are recommended.</td></tr><tr><td>notrelevant</td><td>There is no relevance for this patient.</td><td>There is no relevance for this patient.</td><td>There is no relevance for this patient.</td><td>There is no relevance for this patient.</td><td>There is no relevance for this patient.</td></tr></table></div></text><url value="http://fhir.ch/ig/ch-vacd/ValueSet/ch-vacd-recommendation-forecast-status-vs"/><version value="3.0.0"/><name value="SwissRecommendationForecastStatus"/><title value="CH VACD Swiss Recommendation Forecast Status"/><status value="active"/><experimental value="false"/><date value="2024-05-16T11:02:13+00:00"/><publisher value="HL7 Switzerland"/><contact><name value="HL7 Switzerland"/><telecom><system value="url"/><value value="https://www.hl7.ch/"/></telecom></contact><contact><name value="HL7 Switzerland"/><telecom><system value="url"/><value value="https://www.hl7.ch/"/><use value="work"/></telecom></contact><description value="Immunization recommendation forecast status values."/><jurisdiction><coding><system value="urn:iso:std:iso:3166"/><code value="CH"/></coding></jurisdiction><copyright value="CC0-1.0"/><compose><include><system value="http://fhir.ch/ig/ch-vacd/CodeSystem/ch-vacd-recommendation-forecast-status-cs"/><concept><code value="due"/><display value="Due"/><designation><language value="de-CH"/><value value="The patient is due for their next vaccination."/></designation><designation><language value="fr-CH"/><value value="The patient is due for their next vaccination."/></designation><designation><language value="it-CH"/><value value="The patient is due for their next vaccination."/></designation><designation><language value="rm-CH"/><value value="The patient is due for their next vaccination."/></designation><designation><language value="en-US"/><value value="The patient is due for their next vaccination."/></designation></concept><concept><code value="overdue"/><display value="Overdue"/><designation><language value="de-CH"/><value value="The patient is considered overdue for their next vaccination."/></designation><designation><language value="fr-CH"/><value value="The patient is considered overdue for their next vaccination."/></designation><designation><language value="it-CH"/><value value="The patient is considered overdue for their next vaccination."/></designation><designation><language value="rm-CH"/><value value="The patient is considered overdue for their next vaccination."/></designation><designation><language value="en-US"/><value value="The patient is considered overdue for their next vaccination."/></designation></concept><concept><code value="immune"/><display value="Immune"/><designation><language value="de-CH"/><value value="The patient is immune to the target disease and further immunization against the disease is not likely to provide benefit."/></designation><designation><language value="fr-CH"/><value value="The patient is immune to the target disease and further immunization against the disease is not likely to provide benefit."/></designation><designation><language value="it-CH"/><value value="The patient is immune to the target disease and further immunization against the disease is not likely to provide benefit."/></designation><designation><language value="rm-CH"/><value value="The patient is immune to the target disease and further immunization against the disease is not likely to provide benefit."/></designation><designation><language value="en-US"/><value value="The patient is immune to the target disease and further immunization against the disease is not likely to provide benefit."/></designation></concept><concept><code value="consultadvise"/><display value="Consult Advice"/><designation><language value="de-CH"/><value value="The patient may be contraindicated but get health care advice."/></designation><designation><language value="fr-CH"/><value value="The patient may be contraindicated but get health care advice."/></designation><designation><language value="it-CH"/><value value="The patient may be contraindicated but get health care advice."/></designation><designation><language value="rm-CH"/><value value="The patient may be contraindicated but get health care advice."/></designation><designation><language value="en-US"/><value value="The patient may be contraindicated but get health care advice."/></designation></concept><concept><code value="indicated"/><display value="Indicated"/><designation><language value="de-CH"/><value value="The patient is indicated for further doses."/></designation><designation><language value="fr-CH"/><value value="The patient is indicated for further doses."/></designation><designation><language value="it-CH"/><value value="The patient is indicated for further doses."/></designation><designation><language value="rm-CH"/><value value="The patient is indicated for further doses."/></designation><designation><language value="en-US"/><value value="The patient is indicated for further doses."/></designation></concept><concept><code value="contraindicated"/><display value="Contraindicated"/><designation><language value="de-CH"/><value value="The patient is contraindicated for further doses."/></designation><designation><language value="fr-CH"/><value value="The patient is contraindicated for further doses."/></designation><designation><language value="it-CH"/><value value="The patient is contraindicated for further doses."/></designation><designation><language value="rm-CH"/><value value="The patient is contraindicated for further doses."/></designation><designation><language value="en-US"/><value value="The patient is contraindicated for further doses."/></designation></concept><concept><code value="complete"/><display value="Complete"/><designation><language value="de-CH"/><value value="The patient is fully protected and no further doses are recommended."/></designation><designation><language value="fr-CH"/><value value="The patient is fully protected and no further doses are recommended."/></designation><designation><language value="it-CH"/><value value="The patient is fully protected and no further doses are recommended."/></designation><designation><language value="rm-CH"/><value value="The patient is fully protected and no further doses are recommended."/></designation><designation><language value="en-US"/><value value="The patient is fully protected and no further doses are recommended."/></designation></concept><concept><code value="notrelevant"/><display value="NotRelevant"/><designation><language value="de-CH"/><value value="There is no relevance for this patient."/></designation><designation><language value="fr-CH"/><value value="There is no relevance for this patient."/></designation><designation><language value="it-CH"/><value value="There is no relevance for this patient."/></designation><designation><language value="rm-CH"/><value value="There is no relevance for this patient."/></designation><designation><language value="en-US"/><value value="There is no relevance for this patient."/></designation></concept></include></compose></ValueSet>