<?xml version="1.0" encoding="UTF-8"?>

<PractitionerRole xmlns="http://hl7.org/fhir">
  <id value="CopyReceiverSabineMeierPraxisSeeblick"/>
  <meta>
    <profile value="http://fhir.ch/ig/ch-core/StructureDefinition/ch-core-practitionerrole"/>
  </meta>
  <text>
    <status value="generated"/><div xmlns="http://www.w3.org/1999/xhtml"><p><b>Generated Narrative</b></p><div style="display: inline-block; background-color: #d9e0e7; padding: 6px; margin: 4px; border: 1px solid #8da1b4; border-radius: 5px; line-height: 60%"><p style="margin-bottom: 0px">Resource "CopyReceiverSabineMeierPraxisSeeblick" </p><p style="margin-bottom: 0px">Profile: <a href="http://fhir.ch/ig/ch-core/StructureDefinition-ch-core-practitionerrole.html">CH Core Practitioner Role Profile</a></p></div><p><b>practitioner</b>: <a href="Practitioner-CopyReceiverSabineMeier.html">Practitioner/CopyReceiverSabineMeier</a> " MEIER"</p><p><b>organization</b>: <a href="Organization-CopyReceiverPraxisSeeblick.html">Organization/CopyReceiverPraxisSeeblick</a> "Praxis Seeblick"</p></div>
  </text>
  <practitioner>
    <reference value="Practitioner/CopyReceiverSabineMeier"/>
  </practitioner>
  <organization>
    <reference value="Organization/CopyReceiverPraxisSeeblick"/>
  </organization>
</PractitionerRole>