{"resourceType":"ValueSet","id":"ch-elm-results-sterile-spec","text":{"status":"generated","div":"<div xmlns=\"http://www.w3.org/1999/xhtml\"><p class=\"res-header-id\"><b>Generated Narrative: ValueSet ch-elm-results-sterile-spec</b></p><a name=\"ch-elm-results-sterile-spec\"> </a><a name=\"hcch-elm-results-sterile-spec\"> </a><ul><li>Include these codes as defined in <a href=\"http://www.snomed.org/\"><code>http://snomed.info/sct</code></a><span title=\"Version is not explicity stated. No matching Code System found\"> version Not Stated (use latest from terminology server)</span><table class=\"none\"><tr><td style=\"white-space:nowrap\"><b>Code</b></td><td><b>Display</b></td></tr><tr><td><a href=\"http://snomed.info/id/258415003\">258415003</a></td><td>Biopsy specimen (specimen)</td></tr><tr><td><a href=\"http://snomed.info/id/119359002\">119359002</a></td><td>Bone marrow specimen (specimen)</td></tr><tr><td><a href=\"http://snomed.info/id/119378002\">119378002</a></td><td>Endocardial specimen (specimen)</td></tr><tr><td><a href=\"http://snomed.info/id/122571007\">122571007</a></td><td>Pericardial fluid specimen (specimen)</td></tr><tr><td><a href=\"http://snomed.info/id/309066003\">309066003</a></td><td>Skin biopsy specimen (specimen)</td></tr><tr><td><a href=\"http://snomed.info/id/119297000\">119297000</a></td><td>Blood specimen (specimen)</td></tr><tr><td><a href=\"http://snomed.info/id/122736005\">122736005</a></td><td>Tissue specimen from placenta (specimen)</td></tr><tr><td><a href=\"http://snomed.info/id/258589002\">258589002</a></td><td>Lymph node specimen (specimen)</td></tr><tr><td><a href=\"http://snomed.info/id/258542004\">258542004</a></td><td>Heart valve specimen (specimen)</td></tr><tr><td><a href=\"http://snomed.info/id/258450006\">258450006</a></td><td>Cerebrospinal fluid specimen (specimen)</td></tr><tr><td><a href=\"http://snomed.info/id/258454002\">258454002</a></td><td>Dialysate specimen (specimen)</td></tr><tr><td><a href=\"http://snomed.info/id/168139001\">168139001</a></td><td>Peritoneal fluid specimen (specimen)</td></tr><tr><td><a href=\"http://snomed.info/id/119396006\">119396006</a></td><td>Specimen from endometrium (specimen)</td></tr><tr><td><a href=\"http://snomed.info/id/119373006\">119373006</a></td><td>Amniotic fluid specimen (specimen)</td></tr><tr><td><a href=\"http://snomed.info/id/119371008\">119371008</a></td><td>Specimen from abscess (specimen)</td></tr><tr><td><a href=\"http://snomed.info/id/119398007\">119398007</a></td><td>Specimen from brain (specimen)</td></tr><tr><td><a href=\"http://snomed.info/id/430268003\">430268003</a></td><td>Specimen from bone (specimen)</td></tr><tr><td><a href=\"http://snomed.info/id/119364003\">119364003</a></td><td>Serum specimen (specimen)</td></tr><tr><td><a href=\"http://snomed.info/id/119386002\">119386002</a></td><td>Specimen from prostate (specimen)</td></tr><tr><td><a href=\"http://snomed.info/id/122592007\">122592007</a></td><td>Acellular blood (serum or plasma) specimen (specimen)</td></tr><tr><td><a href=\"http://snomed.info/id/119361006\">119361006</a></td><td>Plasma specimen (specimen)</td></tr><tr><td><a href=\"http://snomed.info/id/119300005\">119300005</a></td><td>Specimen from blood product (specimen)</td></tr><tr><td><a href=\"http://snomed.info/id/122556008\">122556008</a></td><td>Cord blood specimen (specimen)</td></tr><tr><td><a href=\"http://snomed.info/id/418564007\">418564007</a></td><td>Pleural fluid specimen (specimen)</td></tr><tr><td><a href=\"http://snomed.info/id/119332005\">119332005</a></td><td>Synovial fluid specimen (specimen)</td></tr><tr><td><a href=\"http://snomed.info/id/258580003\">258580003</a></td><td>Whole blood specimen (specimen)</td></tr></table></li></ul></div>"},"url":"http://fhir.ch/ig/ch-elm/ValueSet/ch-elm-results-sterile-spec","version":"1.13.0","name":"ChElmResultsSterileSpec","title":"CH ELM Results Sterile Spec","status":"active","experimental":false,"date":"2025-11-25T09:47:06+00:00","publisher":"Federal Office of Public Health FOPH","contact":[{"name":"Federal Office of Public Health FOPH","telecom":[{"system":"url","value":"https://www.bag.admin.ch/bag/en/home/das-bag/kontakt-standort.html"}]}],"description":"The \"CH ELM Results Sterile Spec\" material group provides a curated set of codes representing specific materials. Each code within this group is selected to ensure consistency and accuracy for medical coding related to the primary LOINC codes. Clients using the \"CH ELM Results Sterile Spec\" group should refer to the provided codes to ensure they capture and report material information correctly and consistently.","jurisdiction":[{"coding":[{"system":"urn:iso:std:iso:3166","code":"CH"}]}],"copyright":"CC0-1.0","compose":{"include":[{"system":"http://snomed.info/sct","concept":[{"code":"258415003","display":"Biopsy specimen (specimen)"},{"code":"119359002","display":"Bone marrow specimen (specimen)"},{"code":"119378002","display":"Endocardial specimen (specimen)"},{"code":"122571007","display":"Pericardial fluid specimen (specimen)"},{"code":"309066003","display":"Skin biopsy specimen (specimen)"},{"code":"119297000","display":"Blood specimen (specimen)"},{"code":"122736005","display":"Tissue specimen from placenta (specimen)"},{"code":"258589002","display":"Lymph node specimen (specimen)"},{"code":"258542004","display":"Heart valve specimen (specimen)"},{"code":"258450006","display":"Cerebrospinal fluid specimen (specimen)"},{"code":"258454002","display":"Dialysate specimen (specimen)"},{"code":"168139001","display":"Peritoneal fluid specimen (specimen)"},{"code":"119396006","display":"Specimen from endometrium (specimen)"},{"code":"119373006","display":"Amniotic fluid specimen (specimen)"},{"code":"119371008","display":"Specimen from abscess (specimen)"},{"code":"119398007","display":"Specimen from brain (specimen)"},{"code":"430268003","display":"Specimen from bone (specimen)"},{"code":"119364003","display":"Serum specimen (specimen)"},{"code":"119386002","display":"Specimen from prostate (specimen)"},{"code":"122592007","display":"Acellular blood (serum or plasma) specimen (specimen)"},{"code":"119361006","display":"Plasma specimen (specimen)"},{"code":"119300005","display":"Specimen from blood product (specimen)"},{"code":"122556008","display":"Cord blood specimen (specimen)"},{"code":"418564007","display":"Pleural fluid specimen (specimen)"},{"code":"119332005","display":"Synovial fluid specimen (specimen)"},{"code":"258580003","display":"Whole blood specimen (specimen)"}]}]}}