{"resourceType":"ValueSet","id":"ch-elm-results-mea-org","text":{"status":"generated","div":"<div xmlns=\"http://www.w3.org/1999/xhtml\"><p class=\"res-header-id\"><b>Generated Narrative: ValueSet ch-elm-results-mea-org</b></p><a name=\"ch-elm-results-mea-org\"> </a><a name=\"hcch-elm-results-mea-org\"> </a><ul><li>Include these codes as defined in <a href=\"http://www.snomed.org/\"><code>http://snomed.info/sct</code></a><span title=\"Version is not explicity stated. No matching Code System found\"> version Not Stated (use latest from terminology server)</span><table class=\"none\"><tr><td style=\"white-space:nowrap\"><b>Code</b></td><td><b>Display</b></td></tr><tr><td><a href=\"http://snomed.info/id/426558008\">426558008</a></td><td>Measles virus genotype A (organism)</td></tr><tr><td><a href=\"http://snomed.info/id/427290009\">427290009</a></td><td>Measles virus genotype D8 (organism)</td></tr><tr><td><a href=\"http://snomed.info/id/52584002\">52584002</a></td><td>Measles virus (organism)</td></tr><tr><td><a href=\"http://snomed.info/id/427073007\">427073007</a></td><td>Measles virus genotype B3 (organism)</td></tr></table></li></ul></div>"},"url":"http://fhir.ch/ig/ch-elm/ValueSet/ch-elm-results-mea-org","version":"1.13.0","name":"ChElmResultsMeaOrg","title":"CH ELM Results Mea Org","status":"active","experimental":false,"date":"2025-11-25T09:47:06+00:00","publisher":"Federal Office of Public Health FOPH","contact":[{"name":"Federal Office of Public Health FOPH","telecom":[{"system":"url","value":"https://www.bag.admin.ch/bag/en/home/das-bag/kontakt-standort.html"}]}],"description":"The \"CH ELM Results Mea Org\" organism group provides a curated set of codes representing specific organisms. Each code within this group has been selected to ensure precise representation and consistency in relation to the primary LOINC codes. Clients utilizing the \"CH ELM Results Mea Org\" group should refer to the provided codes to accurately and uniformly capture and report organism-related information.","jurisdiction":[{"coding":[{"system":"urn:iso:std:iso:3166","code":"CH"}]}],"copyright":"CC0-1.0","compose":{"include":[{"system":"http://snomed.info/sct","concept":[{"code":"426558008","display":"Measles virus genotype A (organism)"},{"code":"427290009","display":"Measles virus genotype D8 (organism)"},{"code":"52584002","display":"Measles virus (organism)"},{"code":"427073007","display":"Measles virus genotype B3 (organism)"}]}]}}