{"resourceType":"ValueSet","id":"ch-elm-results-lis-org","text":{"status":"generated","div":"<div xmlns=\"http://www.w3.org/1999/xhtml\"><p class=\"res-header-id\"><b>Generated Narrative: ValueSet ch-elm-results-lis-org</b></p><a name=\"ch-elm-results-lis-org\"> </a><a name=\"hcch-elm-results-lis-org\"> </a><ul><li>Include these codes as defined in <a href=\"http://www.snomed.org/\"><code>http://snomed.info/sct</code></a><span title=\"Version is not explicity stated. No matching Code System found\"> version Not Stated (use latest from terminology server)</span><table class=\"none\"><tr><td style=\"white-space:nowrap\"><b>Code</b></td><td><b>Display</b></td></tr><tr><td><a href=\"http://snomed.info/id/450542001\">450542001</a></td><td>Listeria monocytogenes serotype 3c (organism)</td></tr><tr><td><a href=\"http://snomed.info/id/258381003\">258381003</a></td><td>Group 4 (qualifier value)</td></tr><tr><td><a href=\"http://snomed.info/id/450536000\">450536000</a></td><td>Listeria monocytogenes serotype 1/2a (organism)</td></tr><tr><td><a href=\"http://snomed.info/id/450547007\">450547007</a></td><td>Listeria monocytogenes serotype 4e (organism)</td></tr><tr><td><a href=\"http://snomed.info/id/36094007\">36094007</a></td><td>Listeria monocytogenes (organism)</td></tr><tr><td><a href=\"http://snomed.info/id/450541008\">450541008</a></td><td>Listeria monocytogenes serotype 3b (organism)</td></tr><tr><td><a href=\"http://snomed.info/id/450539007\">450539007</a></td><td>Listeria monocytogenes serotype 4b (organism)</td></tr><tr><td><a href=\"http://snomed.info/id/450548002\">450548002</a></td><td>Listeria monocytogenes serotype 7 (organism)</td></tr><tr><td><a href=\"http://snomed.info/id/450540009\">450540009</a></td><td>Listeria monocytogenes serotype 3a (organism)</td></tr><tr><td><a href=\"http://snomed.info/id/258366009\">258366009</a></td><td>Group 1 (qualifier value)</td></tr><tr><td><a href=\"http://snomed.info/id/450538004\">450538004</a></td><td>Listeria monocytogenes serotype 1/2c (organism)</td></tr><tr><td><a href=\"http://snomed.info/id/450537009\">450537009</a></td><td>Listeria monocytogenes serotype 1/2b (organism)</td></tr><tr><td><a href=\"http://snomed.info/id/450546003\">450546003</a></td><td>Listeria monocytogenes serotype 4d (organism)</td></tr><tr><td><a href=\"http://snomed.info/id/258370001\">258370001</a></td><td>Group 2 (qualifier value)</td></tr><tr><td><a href=\"http://snomed.info/id/258374005\">258374005</a></td><td>Group 3 (qualifier value)</td></tr></table></li></ul></div>"},"url":"http://fhir.ch/ig/ch-elm/ValueSet/ch-elm-results-lis-org","version":"1.13.0","name":"ChElmResultsLisOrg","title":"CH ELM Results Lis Org","status":"active","experimental":false,"date":"2025-11-25T09:47:06+00:00","publisher":"Federal Office of Public Health FOPH","contact":[{"name":"Federal Office of Public Health FOPH","telecom":[{"system":"url","value":"https://www.bag.admin.ch/bag/en/home/das-bag/kontakt-standort.html"}]}],"description":"The \"CH ELM Results Lis Org\" organism group provides a curated set of codes representing specific organisms. Each code within this group has been selected to ensure precise representation and consistency in relation to the primary LOINC codes. Clients utilizing the \"CH ELM Results Lis Org\" group should refer to the provided codes to accurately and uniformly capture and report organism-related information.","jurisdiction":[{"coding":[{"system":"urn:iso:std:iso:3166","code":"CH"}]}],"copyright":"CC0-1.0","compose":{"include":[{"system":"http://snomed.info/sct","concept":[{"code":"450542001","display":"Listeria monocytogenes serotype 3c (organism)"},{"code":"258381003","display":"Group 4 (qualifier value)"},{"code":"450536000","display":"Listeria monocytogenes serotype 1/2a (organism)"},{"code":"450547007","display":"Listeria monocytogenes serotype 4e (organism)"},{"code":"36094007","display":"Listeria monocytogenes (organism)"},{"code":"450541008","display":"Listeria monocytogenes serotype 3b (organism)"},{"code":"450539007","display":"Listeria monocytogenes serotype 4b (organism)"},{"code":"450548002","display":"Listeria monocytogenes serotype 7 (organism)"},{"code":"450540009","display":"Listeria monocytogenes serotype 3a (organism)"},{"code":"258366009","display":"Group 1 (qualifier value)"},{"code":"450538004","display":"Listeria monocytogenes serotype 1/2c (organism)"},{"code":"450537009","display":"Listeria monocytogenes serotype 1/2b (organism)"},{"code":"450546003","display":"Listeria monocytogenes serotype 4d (organism)"},{"code":"258370001","display":"Group 2 (qualifier value)"},{"code":"258374005","display":"Group 3 (qualifier value)"}]}]}}