{"resourceType":"ValueSet","id":"ch-elm-interpretation-codes-vs","text":{"status":"generated","div":"<div xmlns=\"http://www.w3.org/1999/xhtml\"><p class=\"res-header-id\"><b>Generated Narrative: ValueSet ch-elm-interpretation-codes-vs</b></p><a name=\"ch-elm-interpretation-codes-vs\"> </a><a name=\"hcch-elm-interpretation-codes-vs\"> </a><ul><li>Include these codes as defined in <a href=\"CodeSystem-ch-elm-interpretation-codes-vs.html\"><code>http://fhir.ch/ig/ch-elm/CodeSystem/ch-elm-interpretation-codes-vs</code></a><span title=\"Version is not explicitly stated, which means it is fixed to the version provided in this specification\"> version &#x1F4E6;1.13.0</span><table class=\"none\"><tr><td style=\"white-space:nowrap\"><b>Code</b></td><td><b>Display</b></td></tr><tr><td><a href=\"CodeSystem-ch-elm-interpretation-codes-vs.html#ch-elm-interpretation-codes-vs-http.58.47.47fhir.46ch.47ig.47ch-elm.47ValueSet.47ch-elm-interpretation-codes-avidity\">http://fhir.ch/ig/ch-elm/ValueSet/ch-elm-interpretation-codes-avidity</a></td><td/></tr><tr><td><a href=\"CodeSystem-ch-elm-interpretation-codes-vs.html#ch-elm-interpretation-codes-vs-http.58.47.47fhir.46ch.47ig.47ch-elm.47ValueSet.47ch-elm-interpretation-codes-pos\">http://fhir.ch/ig/ch-elm/ValueSet/ch-elm-interpretation-codes-pos</a></td><td/></tr><tr><td><a href=\"CodeSystem-ch-elm-interpretation-codes-vs.html#ch-elm-interpretation-codes-vs-http.58.47.47fhir.46ch.47ig.47ch-elm.47ValueSet.47ch-elm-interpretation-codes-pos-neg\">http://fhir.ch/ig/ch-elm/ValueSet/ch-elm-interpretation-codes-pos-neg</a></td><td/></tr><tr><td><a href=\"CodeSystem-ch-elm-interpretation-codes-vs.html#ch-elm-interpretation-codes-vs-http.58.47.47fhir.46ch.47ig.47ch-elm.47ValueSet.47ch-elm-interpretation-codes-res\">http://fhir.ch/ig/ch-elm/ValueSet/ch-elm-interpretation-codes-res</a></td><td/></tr><tr><td><a href=\"CodeSystem-ch-elm-interpretation-codes-vs.html#ch-elm-interpretation-codes-vs-http.58.47.47fhir.46ch.47ig.47ch-elm.47ValueSet.47ch-elm-interpretation-codes-res-sus\">http://fhir.ch/ig/ch-elm/ValueSet/ch-elm-interpretation-codes-res-sus</a></td><td/></tr><tr><td><a href=\"CodeSystem-ch-elm-interpretation-codes-vs.html#ch-elm-interpretation-codes-vs-http.58.47.47fhir.46ch.47ig.47ch-elm.47ValueSet.47ch-elm-interpretation-codes-sero\">http://fhir.ch/ig/ch-elm/ValueSet/ch-elm-interpretation-codes-sero</a></td><td/></tr><tr><td><a href=\"CodeSystem-ch-elm-interpretation-codes-vs.html#ch-elm-interpretation-codes-vs-http.58.47.47fhir.46ch.47ig.47ch-elm.47ValueSet.47ch-elm-interpretation-codes-titer\">http://fhir.ch/ig/ch-elm/ValueSet/ch-elm-interpretation-codes-titer</a></td><td/></tr></table></li></ul></div>"},"url":"http://fhir.ch/ig/ch-elm/ValueSet/ch-elm-interpretation-codes-vs","version":"1.13.0","name":"ChElmInterpretationCodesVs","title":"CH ELM Interpretation Codes Vs","status":"active","experimental":false,"date":"2025-11-25T09:47:06+00:00","publisher":"Federal Office of Public Health FOPH","contact":[{"name":"Federal Office of Public Health FOPH","telecom":[{"system":"url","value":"https://www.bag.admin.ch/bag/en/home/das-bag/kontakt-standort.html"}]}],"description":"This CH ELM value set includes the value set URLs as interpretation codes to map in the concept maps the leading codes.","jurisdiction":[{"coding":[{"system":"urn:iso:std:iso:3166","code":"CH"}]}],"copyright":"CC0-1.0","compose":{"include":[{"system":"http://fhir.ch/ig/ch-elm/CodeSystem/ch-elm-interpretation-codes-vs","concept":[{"code":"http://fhir.ch/ig/ch-elm/ValueSet/ch-elm-interpretation-codes-avidity"},{"code":"http://fhir.ch/ig/ch-elm/ValueSet/ch-elm-interpretation-codes-pos"},{"code":"http://fhir.ch/ig/ch-elm/ValueSet/ch-elm-interpretation-codes-pos-neg"},{"code":"http://fhir.ch/ig/ch-elm/ValueSet/ch-elm-interpretation-codes-res"},{"code":"http://fhir.ch/ig/ch-elm/ValueSet/ch-elm-interpretation-codes-res-sus"},{"code":"http://fhir.ch/ig/ch-elm/ValueSet/ch-elm-interpretation-codes-sero"},{"code":"http://fhir.ch/ig/ch-elm/ValueSet/ch-elm-interpretation-codes-titer"}]}]}}