{"resourceType":"CodeSystem","id":"ch-elm-interpretation-codes-vs","text":{"status":"generated","div":"<div xmlns=\"http://www.w3.org/1999/xhtml\"><p class=\"res-header-id\"><b>Generated Narrative: CodeSystem ch-elm-interpretation-codes-vs</b></p><a name=\"ch-elm-interpretation-codes-vs\"> </a><a name=\"hcch-elm-interpretation-codes-vs\"> </a><a name=\"ch-elm-interpretation-codes-vs-en-US\"> </a><p>This case-insensitive code system <code>http://fhir.ch/ig/ch-elm/CodeSystem/ch-elm-interpretation-codes-vs</code> defines the following codes:</p><table class=\"codes\"><tr><td style=\"white-space:nowrap\"><b>Code</b></td></tr><tr><td style=\"white-space:nowrap\">http://fhir.ch/ig/ch-elm/ValueSet/ch-elm-interpretation-codes-avidity<a name=\"ch-elm-interpretation-codes-vs-http.58.47.47fhir.46ch.47ig.47ch-elm.47ValueSet.47ch-elm-interpretation-codes-avidity\"> </a></td></tr><tr><td style=\"white-space:nowrap\">http://fhir.ch/ig/ch-elm/ValueSet/ch-elm-interpretation-codes-pos<a name=\"ch-elm-interpretation-codes-vs-http.58.47.47fhir.46ch.47ig.47ch-elm.47ValueSet.47ch-elm-interpretation-codes-pos\"> </a></td></tr><tr><td style=\"white-space:nowrap\">http://fhir.ch/ig/ch-elm/ValueSet/ch-elm-interpretation-codes-pos-neg<a name=\"ch-elm-interpretation-codes-vs-http.58.47.47fhir.46ch.47ig.47ch-elm.47ValueSet.47ch-elm-interpretation-codes-pos-neg\"> </a></td></tr><tr><td style=\"white-space:nowrap\">http://fhir.ch/ig/ch-elm/ValueSet/ch-elm-interpretation-codes-res-sus<a name=\"ch-elm-interpretation-codes-vs-http.58.47.47fhir.46ch.47ig.47ch-elm.47ValueSet.47ch-elm-interpretation-codes-res-sus\"> </a></td></tr><tr><td style=\"white-space:nowrap\">http://fhir.ch/ig/ch-elm/ValueSet/ch-elm-interpretation-codes-sero<a name=\"ch-elm-interpretation-codes-vs-http.58.47.47fhir.46ch.47ig.47ch-elm.47ValueSet.47ch-elm-interpretation-codes-sero\"> </a></td></tr><tr><td style=\"white-space:nowrap\">http://fhir.ch/ig/ch-elm/ValueSet/ch-elm-interpretation-codes-titer<a name=\"ch-elm-interpretation-codes-vs-http.58.47.47fhir.46ch.47ig.47ch-elm.47ValueSet.47ch-elm-interpretation-codes-titer\"> </a></td></tr></table></div>"},"url":"http://fhir.ch/ig/ch-elm/CodeSystem/ch-elm-interpretation-codes-vs","version":"1.6.0","name":"ChElmInterpretationCodesVs","title":"CH ELM Interpretation Codes Vs","status":"active","experimental":false,"date":"2024-10-31T11:08:34+00:00","publisher":"Federal Office of Public Health FOPH","contact":[{"name":"Federal Office of Public Health FOPH","telecom":[{"system":"url","value":"https://www.bag.admin.ch/bag/en/home/das-bag/kontakt-standort.html"}]}],"description":"The codes contained in this code system represent URLs of value sets that can be used as target codes in ConceptMaps. These value sets define the codes that are permitted to indicate the observation interpretation in relation to the leading code.","jurisdiction":[{"coding":[{"system":"urn:iso:std:iso:3166","code":"CHE"}]}],"copyright":"CC0-1.0","caseSensitive":false,"content":"complete","concept":[{"code":"http://fhir.ch/ig/ch-elm/ValueSet/ch-elm-interpretation-codes-avidity"},{"code":"http://fhir.ch/ig/ch-elm/ValueSet/ch-elm-interpretation-codes-pos"},{"code":"http://fhir.ch/ig/ch-elm/ValueSet/ch-elm-interpretation-codes-pos-neg"},{"code":"http://fhir.ch/ig/ch-elm/ValueSet/ch-elm-interpretation-codes-res-sus"},{"code":"http://fhir.ch/ig/ch-elm/ValueSet/ch-elm-interpretation-codes-sero"},{"code":"http://fhir.ch/ig/ch-elm/ValueSet/ch-elm-interpretation-codes-titer"}]}