<?xml version="1.0" encoding="UTF-8"?>

<CodeSystem xmlns="http://hl7.org/fhir">
  <id value="ech-11-religion"/>
  <text>
    <status value="generated"/><div xmlns="http://www.w3.org/1999/xhtml"><h2>eCH-011 Religion</h2><div><p>eCH-011 defines different religion Types. See https://www.ech.ch/vechweb/page?p=dossier&amp;documentNumber=eCH-0011&amp;documentVersion=8.13.3.5  3.3.4.1 religion, BFS-711</p>
</div><p>This code system http://fhir.ch/ig/ch-core/CodeSystem/ech-11-religion defines the following codes:</p><table class="codes"><tr><td style="white-space:nowrap"><b>Code</b></td><td><b>Display</b></td><td><b>Definition</b></td></tr><tr><td style="white-space:nowrap">111<a name="ech-11-religion-111"> </a></td><td>evangelisch-reformierte (protestantische) Kirche</td><td/></tr><tr><td style="white-space:nowrap">121<a name="ech-11-religion-121"> </a></td><td>römisch-katholische Kirche</td><td/></tr><tr><td style="white-space:nowrap">122<a name="ech-11-religion-122"> </a></td><td>christkatholische / altkatholische Kirche</td><td>valid in ZH, BE, LU, SO, BS, BL, SH, SG, AG, NE, GE</td></tr><tr><td style="white-space:nowrap">211<a name="ech-11-religion-211"> </a></td><td>israelitische Gemeinschaft / jüdische Glaubensgemeinschaft</td><td>valid in BE, FR, BS, SG, VD</td></tr><tr><td style="white-space:nowrap">211201<a name="ech-11-religion-211201"> </a></td><td>Israelitische Cultusgemeinde</td><td>valid in ZH</td></tr><tr><td style="white-space:nowrap">211301<a name="ech-11-religion-211301"> </a></td><td>Jüdisch Liberale Gemeinde</td><td>valid in ZH</td></tr><tr><td style="white-space:nowrap">000<a name="ech-11-religion-000"> </a></td><td>Unbekannt</td><td/></tr></table></div>
  </text>
  <url value="http://fhir.ch/ig/ch-core/CodeSystem/ech-11-religion"/>
  <version value="0.1.0"/>
  <name value="ECH11religion"/>
  <title value="eCH-011 Religion"/>
  <status value="draft"/>
  <experimental value="true"/>
  <date value="2018-12-04T00:00:00+01:00"/>
  <publisher value="HL7 Switzerland"/>
  <contact>
    <name value="HL7 Switzerland"/>
    <telecom>
      <system value="url"/>
      <value value="https://www.hl7.ch/"/>
    </telecom>
  </contact>
  <description value="eCH-011 defines different religion Types. See https://www.ech.ch/vechweb/page?p=dossier&amp;documentNumber=eCH-0011&amp;documentVersion=8.13.3.5  3.3.4.1 religion, BFS-711"/>
  <jurisdiction>
    <coding>
      <system value="urn:iso:std:iso:3166"/>
      <code value="CH"/>
    </coding>
  </jurisdiction>
  <caseSensitive value="true"/>
  <compositional value="false"/>
  <versionNeeded value="true"/>
  <content value="complete"/>
  <concept>
    <code value="111"/>
    <display value="evangelisch-reformierte (protestantische) Kirche"/>
  </concept>
  <concept>
    <code value="121"/>
    <display value="ro&#x308;misch-katholische Kirche"/>
  </concept>
  <concept>
    <code value="122"/>
    <display value="christkatholische / altkatholische Kirche"/>
    <definition value="valid in ZH, BE, LU, SO, BS, BL, SH, SG, AG, NE, GE"/>
  </concept>
  <concept>
    <code value="211"/>
    <display value="israelitische Gemeinschaft / ju&#x308;dische Glaubensgemeinschaft"/>
    <definition value="valid in BE, FR, BS, SG, VD"/>
  </concept>
  <concept>
    <code value="211201"/>
    <display value="Israelitische Cultusgemeinde"/>
    <definition value="valid in ZH"/>
  </concept>
  <concept>
    <code value="211301"/>
    <display value="Ju&#x308;disch Liberale Gemeinde"/>
    <definition value="valid in ZH"/>
  </concept>
  <concept>
    <code value="000"/>
    <display value="Unbekannt"/>
  </concept>
</CodeSystem>