<?xml version="1.0" encoding="UTF-8"?>

<Bundle xmlns="http://hl7.org/fhir">
  <id value="53Doc-InfluenzaHxNy"/>
  <identifier>
    <system value="urn:ietf:rfc:3986"/>
    <value value="urn:uuid:6401332d-6012-443f-9690-9331adb23aab"/>
  </identifier>
  <type value="document"/>
  <timestamp value="2024-09-05T12:00:00+02:00"/>
  <entry>
    <fullUrl value="urn:uuid:2801554a-62f5-4feb-a74c-0b26196f3fee"/>
    <resource>
      <Composition>
        <id value="2801554a-62f5-4feb-a74c-0b26196f3fee"/>
        <language value="de-CH"/>
        <identifier>
          <system value="urn:ietf:rfc:3986"/>
          <value value="urn:uuid:6401332d-6012-443f-9690-9331adb23aab"/>
        </identifier>
        <status value="final"/>
        <type>
          <coding>
            <system value="http://snomed.info/sct"/>
            <version value="http://snomed.info/sct/2011000195101"/>
            <code value="4241000179101"/>
            <display value="Laborbericht"/>
          </coding>
          <coding>
            <system value="http://loinc.org"/>
            <code value="11502-2"/>
            <display value="Laboratory report"/>
          </coding>
        </type>
        <subject>
          <reference value="urn:uuid:3edbb8ab-60da-4474-b836-c32d88aac763"/>
        </subject>
        <date value="2024-09-05T12:00:00+02:00"/>
        <author>
          <reference value="urn:uuid:00dbbd23-a6b0-48ea-a0cf-c052c6550f85"/>
        </author>
        <title value="Laborbericht vom 2.9.2024"/>
        <section>
          <title value="Analyseergebnisse der mikrobiologischen Untersuchung"/>
          <code>
            <coding>
              <system value="http://loinc.org"/>
              <code value="18725-2"/>
              <display value="Microbiology studies (set)"/>
            </coding>
          </code>
          <entry>
            <reference value="urn:uuid:658a48a7-b2e3-489b-b1d9-3dc81c65ca05"/>
          </entry>
        </section>
      </Composition>
    </resource>
  </entry>
  <entry>
    <fullUrl value="urn:uuid:3edbb8ab-60da-4474-b836-c32d88aac763"/>
    <resource>
      <Patient>
        <id value="3edbb8ab-60da-4474-b836-c32d88aac763"/>
        <identifier>
          <system value="urn:oid:2.16.756.5.32"/>
          <value value="7561234567897"/>
        </identifier>
        <name>
          <family value="Dupont"/>
          <given value="Antoine"/>
        </name>
        <gender value="female"/>
        <birthDate value="1981-02-07"/>
        <address>
          <use value="home"/>
          <line value="rue de la r�publique 10">
            <extension url="http://hl7.org/fhir/StructureDefinition/iso21090-ADXP-streetName">
              <valueString value="rue de la r�publique"/>
            </extension>
            <extension url="http://hl7.org/fhir/StructureDefinition/iso21090-ADXP-houseNumber">
              <valueString value="10"/>
            </extension>
          </line>
          <city value="Carouge"/>
          <state value="GE"/>
          <postalCode value="1227"/>
          <country value="CH">
            <extension url="http://hl7.org/fhir/StructureDefinition/iso21090-SC-coding">
              <valueCoding>
                <system value="urn:iso:std:iso:3166"/>
                <code value="CH"/>
              </valueCoding>
            </extension>
          </country>
        </address>
      </Patient>
    </resource>
  </entry>
  <entry>
    <fullUrl value="urn:uuid:00dbbd23-a6b0-48ea-a0cf-c052c6550f85"/>
    <resource>
      <Organization>
        <id value="00dbbd23-a6b0-48ea-a0cf-c052c6550f85"/>
        <identifier>
          <system value="urn:oid:2.51.1.3"/>
          <value value="7601002331470"/>
        </identifier>
        <name value="SanLab"/>
      </Organization>
    </resource>
  </entry>
  <entry>
    <fullUrl value="urn:uuid:658a48a7-b2e3-489b-b1d9-3dc81c65ca05"/>
    <resource>
      <Observation>
        <id value="658a48a7-b2e3-489b-b1d9-3dc81c65ca05"/>
        <status value="final"/>
        <category>
          <coding>
            <system value="http://terminology.hl7.org/CodeSystem/observation-category"/>
            <code value="laboratory"/>
            <display value="Laboratory"/>
          </coding>
        </category>
        <code>
          <coding>
            <system value="http://loinc.org"/>
            <code value="59423-4"/>
          </coding>
        </code>
        <subject>
          <reference value="urn:uuid:3edbb8ab-60da-4474-b836-c32d88aac763"/>
        </subject>
        <effectiveDateTime value="2024-08-28T14:20:00+02:00"/>
        <performer>
          <reference value="urn:uuid:00dbbd23-a6b0-48ea-a0cf-c052c6550f85"/>
        </performer>
        <valueCodeableConcept>
          <coding>
            <system value="http://snomed.info/sct"/>
            <code value="700349009"/>
          </coding>
        </valueCodeableConcept>
        <interpretation>
          <coding>
            <system value="http://terminology.hl7.org/CodeSystem/v3-ObservationInterpretation"/>
            <code value="POS"/>
            <display value="Positive"/>
          </coding>
        </interpretation>
        <specimen>
          <reference value="urn:uuid:32e05a43-37f2-457c-8eab-d7193372ac7b"/>
        </specimen>
      </Observation>
    </resource>
  </entry>
  <entry>
    <fullUrl value="urn:uuid:8cb886ad-dd5d-457d-bd0c-2ef10d215dc4"/>
    <resource>
      <Practitioner>
        <id value="8cb886ad-dd5d-457d-bd0c-2ef10d215dc4"/>
        <identifier>
          <system value="urn:oid:2.51.1.3"/>
          <value value="7601000000514"/>
        </identifier>
        <name>
          <family value="Hauser"/>
          <given value="Peter"/>
        </name>
        <telecom>
          <system value="phone"/>
          <value value="+41 79 222 33 44"/>
        </telecom>
        <telecom>
          <system value="email"/>
          <value value="peter.hauser@hauserpraxis.ch"/>
        </telecom>
      </Practitioner>
    </resource>
  </entry>
  <entry>
    <fullUrl value="urn:uuid:3a348e7b-879c-4ca7-a12f-adb301501607"/>
    <resource>
      <Organization>
        <id value="3a348e7b-879c-4ca7-a12f-adb301501607"/>
        <identifier>
          <system value="urn:oid:2.16.756.5.45"/>
          <value value="A74966168"/>
        </identifier>
        <name value="Praxis Dr. Hauser"/>
        <address>
          <line value="Hauptstrasse 10">
            <extension url="http://hl7.org/fhir/StructureDefinition/iso21090-ADXP-streetName">
              <valueString value="Hauptstrasse"/>
            </extension>
            <extension url="http://hl7.org/fhir/StructureDefinition/iso21090-ADXP-houseNumber">
              <valueString value="10"/>
            </extension>
          </line>
          <city value="Solothurn"/>
          <postalCode value="4500"/>
        </address>
      </Organization>
    </resource>
  </entry>
  <entry>
    <fullUrl value="urn:uuid:396b6222-02da-46a7-ae79-a52948d686ef"/>
    <resource>
      <PractitionerRole>
        <id value="396b6222-02da-46a7-ae79-a52948d686ef"/>
        <practitioner>
          <reference value="urn:uuid:8cb886ad-dd5d-457d-bd0c-2ef10d215dc4"/>
        </practitioner>
        <organization>
          <reference value="urn:uuid:3a348e7b-879c-4ca7-a12f-adb301501607"/>
        </organization>
      </PractitionerRole>
    </resource>
  </entry>
  <entry>
    <fullUrl value="urn:uuid:32e05a43-37f2-457c-8eab-d7193372ac7b"/>
    <resource>
      <Specimen>
        <id value="32e05a43-37f2-457c-8eab-d7193372ac7b"/>
        <type>
          <text value="Material declared by Observation.code or non-mandatory"/>
        </type>
        <subject>
          <reference value="urn:uuid:3edbb8ab-60da-4474-b836-c32d88aac763"/>
        </subject>
        <collection>
          <collectedDateTime value="2024-08-26T14:20:00+02:00"/>
        </collection>
      </Specimen>
    </resource>
  </entry>
  <entry>
    <fullUrl value="urn:uuid:864cc197-d700-4564-a461-a71309187f86"/>
    <resource>
      <ServiceRequest>
        <id value="864cc197-d700-4564-a461-a71309187f86"/>
        <identifier>
          <value value="26500923622"/>
        </identifier>
        <status value="completed"/>
        <intent value="order"/>
        <code>
          <coding>
            <system value="http://loinc.org"/>
            <code value="59423-4"/>
          </coding>
        </code>
        <subject>
          <reference value="urn:uuid:3edbb8ab-60da-4474-b836-c32d88aac763"/>
        </subject>
        <requester>
          <reference value="urn:uuid:396b6222-02da-46a7-ae79-a52948d686ef"/>
        </requester>
        <specimen>
          <reference value="urn:uuid:32e05a43-37f2-457c-8eab-d7193372ac7b"/>
        </specimen>
      </ServiceRequest>
    </resource>
  </entry>
  <entry>
    <fullUrl value="urn:uuid:1d0b1c13-86e6-423b-a5c2-9e9fb091c575"/>
    <resource>
      <DiagnosticReport>
        <id value="1d0b1c13-86e6-423b-a5c2-9e9fb091c575"/>
        <extension url="http://hl7.org/fhir/5.0/StructureDefinition/extension-DiagnosticReport.composition">
          <valueReference>
            <reference value="urn:uuid:2801554a-62f5-4feb-a74c-0b26196f3fee"/>
          </valueReference>
        </extension>
        <identifier>
          <system value="urn:ietf:rfc:3986"/>
          <value value="urn:uuid:6401332d-6012-443f-9690-9331adb23aab"/>
        </identifier>
        <basedOn>
          <reference value="urn:uuid:864cc197-d700-4564-a461-a71309187f86"/>
        </basedOn>
        <status value="final"/>
        <code>
          <coding>
            <system value="http://loinc.org"/>
            <code value="11502-2"/>
            <display value="Laboratory report"/>
          </coding>
        </code>
        <subject>
          <reference value="urn:uuid:3edbb8ab-60da-4474-b836-c32d88aac763"/>
        </subject>
        <performer>
          <reference value="urn:uuid:00dbbd23-a6b0-48ea-a0cf-c052c6550f85"/>
        </performer>
        <specimen>
          <reference value="urn:uuid:32e05a43-37f2-457c-8eab-d7193372ac7b"/>
        </specimen>
        <result>
          <reference value="urn:uuid:658a48a7-b2e3-489b-b1d9-3dc81c65ca05"/>
        </result>
      </DiagnosticReport>
    </resource>
  </entry>
</Bundle>