<?xml version="1.0" encoding="UTF-8"?>

<CodeSystem xmlns="http://hl7.org/fhir">
  <id value="ch-elm-results-completion-vs"/>
  <text>
    <status value="generated"/><div xmlns="http://www.w3.org/1999/xhtml"><p class="res-header-id"><b>Generated Narrative: CodeSystem ch-elm-results-completion-vs</b></p><a name="ch-elm-results-completion-vs"> </a><a name="hcch-elm-results-completion-vs"> </a><a name="ch-elm-results-completion-vs-en-US"> </a><p>This case-insensitive code system <code>http://fhir.ch/ig/ch-elm/CodeSystem/ch-elm-results-completion-vs</code> defines the following codes:</p><table class="codes"><tr><td style="white-space:nowrap"><b>Code</b></td></tr><tr><td style="white-space:nowrap">http://fhir.ch/ig/ch-elm/ValueSet/ch-elm-results-bot-spec<a name="ch-elm-results-completion-vs-http.58.47.47fhir.46ch.47ig.47ch-elm.47ValueSet.47ch-elm-results-bot-spec"> </a></td></tr><tr><td style="white-space:nowrap">http://fhir.ch/ig/ch-elm/ValueSet/ch-elm-results-complete-spec<a name="ch-elm-results-completion-vs-http.58.47.47fhir.46ch.47ig.47ch-elm.47ValueSet.47ch-elm-results-complete-spec"> </a></td></tr><tr><td style="white-space:nowrap">http://fhir.ch/ig/ch-elm/ValueSet/ch-elm-results-diph-spec<a name="ch-elm-results-completion-vs-http.58.47.47fhir.46ch.47ig.47ch-elm.47ValueSet.47ch-elm-results-diph-spec"> </a></td></tr><tr><td style="white-space:nowrap">http://fhir.ch/ig/ch-elm/ValueSet/ch-elm-results-geni-spec<a name="ch-elm-results-completion-vs-http.58.47.47fhir.46ch.47ig.47ch-elm.47ValueSet.47ch-elm-results-geni-spec"> </a></td></tr><tr><td style="white-space:nowrap">http://fhir.ch/ig/ch-elm/ValueSet/ch-elm-results-sterile-spec<a name="ch-elm-results-completion-vs-http.58.47.47fhir.46ch.47ig.47ch-elm.47ValueSet.47ch-elm-results-sterile-spec"> </a></td></tr><tr><td style="white-space:nowrap">http://fhir.ch/ig/ch-elm/ValueSet/ch-elm-results-tub-spec<a name="ch-elm-results-completion-vs-http.58.47.47fhir.46ch.47ig.47ch-elm.47ValueSet.47ch-elm-results-tub-spec"> </a></td></tr><tr><td style="white-space:nowrap">http://fhir.ch/ig/ch-elm/ValueSet/ch-elm-results-bot-org<a name="ch-elm-results-completion-vs-http.58.47.47fhir.46ch.47ig.47ch-elm.47ValueSet.47ch-elm-results-bot-org"> </a></td></tr><tr><td style="white-space:nowrap">http://fhir.ch/ig/ch-elm/ValueSet/ch-elm-results-bru-org<a name="ch-elm-results-completion-vs-http.58.47.47fhir.46ch.47ig.47ch-elm.47ValueSet.47ch-elm-results-bru-org"> </a></td></tr><tr><td style="white-space:nowrap">http://fhir.ch/ig/ch-elm/ValueSet/ch-elm-results-camp-diar-org<a name="ch-elm-results-completion-vs-http.58.47.47fhir.46ch.47ig.47ch-elm.47ValueSet.47ch-elm-results-camp-diar-org"> </a></td></tr><tr><td style="white-space:nowrap">http://fhir.ch/ig/ch-elm/ValueSet/ch-elm-results-camp-org<a name="ch-elm-results-completion-vs-http.58.47.47fhir.46ch.47ig.47ch-elm.47ValueSet.47ch-elm-results-camp-org"> </a></td></tr><tr><td style="white-space:nowrap">http://fhir.ch/ig/ch-elm/ValueSet/ch-elm-results-chol-org<a name="ch-elm-results-completion-vs-http.58.47.47fhir.46ch.47ig.47ch-elm.47ValueSet.47ch-elm-results-chol-org"> </a></td></tr><tr><td style="white-space:nowrap">http://fhir.ch/ig/ch-elm/ValueSet/ch-elm-results-cjd-org<a name="ch-elm-results-completion-vs-http.58.47.47fhir.46ch.47ig.47ch-elm.47ValueSet.47ch-elm-results-cjd-org"> </a></td></tr><tr><td style="white-space:nowrap">http://fhir.ch/ig/ch-elm/ValueSet/ch-elm-results-cpe-org<a name="ch-elm-results-completion-vs-http.58.47.47fhir.46ch.47ig.47ch-elm.47ValueSet.47ch-elm-results-cpe-org"> </a></td></tr><tr><td style="white-space:nowrap">http://fhir.ch/ig/ch-elm/ValueSet/ch-elm-results-diph-org<a name="ch-elm-results-completion-vs-http.58.47.47fhir.46ch.47ig.47ch-elm.47ValueSet.47ch-elm-results-diph-org"> </a></td></tr><tr><td style="white-space:nowrap">http://fhir.ch/ig/ch-elm/ValueSet/ch-elm-results-ebol-org<a name="ch-elm-results-completion-vs-http.58.47.47fhir.46ch.47ig.47ch-elm.47ValueSet.47ch-elm-results-ebol-org"> </a></td></tr><tr><td style="white-space:nowrap">http://fhir.ch/ig/ch-elm/ValueSet/ch-elm-results-ehec-org<a name="ch-elm-results-completion-vs-http.58.47.47fhir.46ch.47ig.47ch-elm.47ValueSet.47ch-elm-results-ehec-org"> </a></td></tr><tr><td style="white-space:nowrap">http://fhir.ch/ig/ch-elm/ValueSet/ch-elm-results-ehec-tox-org<a name="ch-elm-results-completion-vs-http.58.47.47fhir.46ch.47ig.47ch-elm.47ValueSet.47ch-elm-results-ehec-tox-org"> </a></td></tr><tr><td style="white-space:nowrap">http://fhir.ch/ig/ch-elm/ValueSet/ch-elm-results-haem-org<a name="ch-elm-results-completion-vs-http.58.47.47fhir.46ch.47ig.47ch-elm.47ValueSet.47ch-elm-results-haem-org"> </a></td></tr><tr><td style="white-space:nowrap">http://fhir.ch/ig/ch-elm/ValueSet/ch-elm-results-hanta-org<a name="ch-elm-results-completion-vs-http.58.47.47fhir.46ch.47ig.47ch-elm.47ValueSet.47ch-elm-results-hanta-org"> </a></td></tr><tr><td style="white-space:nowrap">http://fhir.ch/ig/ch-elm/ValueSet/ch-elm-results-hiv-org<a name="ch-elm-results-completion-vs-http.58.47.47fhir.46ch.47ig.47ch-elm.47ValueSet.47ch-elm-results-hiv-org"> </a></td></tr><tr><td style="white-space:nowrap">http://fhir.ch/ig/ch-elm/ValueSet/ch-elm-results-inf-org<a name="ch-elm-results-completion-vs-http.58.47.47fhir.46ch.47ig.47ch-elm.47ValueSet.47ch-elm-results-inf-org"> </a></td></tr><tr><td style="white-space:nowrap">http://fhir.ch/ig/ch-elm/ValueSet/ch-elm-results-influenza-hxny-org<a name="ch-elm-results-completion-vs-http.58.47.47fhir.46ch.47ig.47ch-elm.47ValueSet.47ch-elm-results-influenza-hxny-org"> </a></td></tr><tr><td style="white-space:nowrap">http://fhir.ch/ig/ch-elm/ValueSet/ch-elm-results-leg-org<a name="ch-elm-results-completion-vs-http.58.47.47fhir.46ch.47ig.47ch-elm.47ValueSet.47ch-elm-results-leg-org"> </a></td></tr><tr><td style="white-space:nowrap">http://fhir.ch/ig/ch-elm/ValueSet/ch-elm-results-lis-org<a name="ch-elm-results-completion-vs-http.58.47.47fhir.46ch.47ig.47ch-elm.47ValueSet.47ch-elm-results-lis-org"> </a></td></tr><tr><td style="white-space:nowrap">http://fhir.ch/ig/ch-elm/ValueSet/ch-elm-results-mal-org<a name="ch-elm-results-completion-vs-http.58.47.47fhir.46ch.47ig.47ch-elm.47ValueSet.47ch-elm-results-mal-org"> </a></td></tr><tr><td style="white-space:nowrap">http://fhir.ch/ig/ch-elm/ValueSet/ch-elm-results-maldi-tof-org<a name="ch-elm-results-completion-vs-http.58.47.47fhir.46ch.47ig.47ch-elm.47ValueSet.47ch-elm-results-maldi-tof-org"> </a></td></tr><tr><td style="white-space:nowrap">http://fhir.ch/ig/ch-elm/ValueSet/ch-elm-results-mea-org<a name="ch-elm-results-completion-vs-http.58.47.47fhir.46ch.47ig.47ch-elm.47ValueSet.47ch-elm-results-mea-org"> </a></td></tr><tr><td style="white-space:nowrap">http://fhir.ch/ig/ch-elm/ValueSet/ch-elm-results-men-org<a name="ch-elm-results-completion-vs-http.58.47.47fhir.46ch.47ig.47ch-elm.47ValueSet.47ch-elm-results-men-org"> </a></td></tr><tr><td style="white-space:nowrap">http://fhir.ch/ig/ch-elm/ValueSet/ch-elm-results-mpx-ctng<a name="ch-elm-results-completion-vs-http.58.47.47fhir.46ch.47ig.47ch-elm.47ValueSet.47ch-elm-results-mpx-ctng"> </a></td></tr><tr><td style="white-space:nowrap">http://fhir.ch/ig/ch-elm/ValueSet/ch-elm-results-mpx-sash<a name="ch-elm-results-completion-vs-http.58.47.47fhir.46ch.47ig.47ch-elm.47ValueSet.47ch-elm-results-mpx-sash"> </a></td></tr><tr><td style="white-space:nowrap">http://fhir.ch/ig/ch-elm/ValueSet/ch-elm-results-mpx-sashec<a name="ch-elm-results-completion-vs-http.58.47.47fhir.46ch.47ig.47ch-elm.47ValueSet.47ch-elm-results-mpx-sashec"> </a></td></tr><tr><td style="white-space:nowrap">http://fhir.ch/ig/ch-elm/ValueSet/ch-elm-results-pneu-org<a name="ch-elm-results-completion-vs-http.58.47.47fhir.46ch.47ig.47ch-elm.47ValueSet.47ch-elm-results-pneu-org"> </a></td></tr><tr><td style="white-space:nowrap">http://fhir.ch/ig/ch-elm/ValueSet/ch-elm-results-sal-org<a name="ch-elm-results-completion-vs-http.58.47.47fhir.46ch.47ig.47ch-elm.47ValueSet.47ch-elm-results-sal-org"> </a></td></tr><tr><td style="white-space:nowrap">http://fhir.ch/ig/ch-elm/ValueSet/ch-elm-results-sal-org-complete<a name="ch-elm-results-completion-vs-http.58.47.47fhir.46ch.47ig.47ch-elm.47ValueSet.47ch-elm-results-sal-org-complete"> </a></td></tr><tr><td style="white-space:nowrap">http://fhir.ch/ig/ch-elm/ValueSet/ch-elm-results-shi-org<a name="ch-elm-results-completion-vs-http.58.47.47fhir.46ch.47ig.47ch-elm.47ValueSet.47ch-elm-results-shi-org"> </a></td></tr><tr><td style="white-space:nowrap">http://fhir.ch/ig/ch-elm/ValueSet/ch-elm-results-tub-gen-org<a name="ch-elm-results-completion-vs-http.58.47.47fhir.46ch.47ig.47ch-elm.47ValueSet.47ch-elm-results-tub-gen-org"> </a></td></tr><tr><td style="white-space:nowrap">http://fhir.ch/ig/ch-elm/ValueSet/ch-elm-results-tub-org<a name="ch-elm-results-completion-vs-http.58.47.47fhir.46ch.47ig.47ch-elm.47ValueSet.47ch-elm-results-tub-org"> </a></td></tr><tr><td style="white-space:nowrap">http://fhir.ch/ig/ch-elm/ValueSet/ch-elm-results-tul-org<a name="ch-elm-results-completion-vs-http.58.47.47fhir.46ch.47ig.47ch-elm.47ValueSet.47ch-elm-results-tul-org"> </a></td></tr><tr><td style="white-space:nowrap">http://fhir.ch/ig/ch-elm/ValueSet/ch-elm-results-virus-cult-org<a name="ch-elm-results-completion-vs-http.58.47.47fhir.46ch.47ig.47ch-elm.47ValueSet.47ch-elm-results-virus-cult-org"> </a></td></tr></table></div>
  </text>
  <url value="http://fhir.ch/ig/ch-elm/CodeSystem/ch-elm-results-completion-vs"/>
  <version value="1.7.0"/>
  <name value="ChElmResultsCompletionVs"/>
  <title value="CH ELM Results Completion Vs"/>
  <status value="active"/>
  <experimental value="false"/>
  <date value="2024-11-28T14:09:02+00:00"/>
  <publisher value="Federal Office of Public Health FOPH"/>
  <contact>
    <name value="Federal Office of Public Health FOPH"/>
    <telecom>
      <system value="url"/>
      <value value="https://www.bag.admin.ch/bag/en/home/das-bag/kontakt-standort.html"/>
    </telecom>
  </contact>
  <description value="The codes contained in this code system represent URLs of value sets that can be used as target codes in ConceptMaps. These value sets define the codes that are permitted for specifying the organism or specimen in relation to the leading code."/>
  <jurisdiction>
    <coding>
      <system value="urn:iso:std:iso:3166"/>
      <code value="CHE"/>
    </coding>
  </jurisdiction>
  <copyright value="CC0-1.0"/>
  <caseSensitive value="false"/>
  <content value="complete"/>
  <concept>
    <code value="http://fhir.ch/ig/ch-elm/ValueSet/ch-elm-results-bot-spec"/>
  </concept>
  <concept>
    <code value="http://fhir.ch/ig/ch-elm/ValueSet/ch-elm-results-complete-spec"/>
  </concept>
  <concept>
    <code value="http://fhir.ch/ig/ch-elm/ValueSet/ch-elm-results-diph-spec"/>
  </concept>
  <concept>
    <code value="http://fhir.ch/ig/ch-elm/ValueSet/ch-elm-results-geni-spec"/>
  </concept>
  <concept>
    <code value="http://fhir.ch/ig/ch-elm/ValueSet/ch-elm-results-sterile-spec"/>
  </concept>
  <concept>
    <code value="http://fhir.ch/ig/ch-elm/ValueSet/ch-elm-results-tub-spec"/>
  </concept>
  <concept>
    <code value="http://fhir.ch/ig/ch-elm/ValueSet/ch-elm-results-bot-org"/>
  </concept>
  <concept>
    <code value="http://fhir.ch/ig/ch-elm/ValueSet/ch-elm-results-bru-org"/>
  </concept>
  <concept>
    <code value="http://fhir.ch/ig/ch-elm/ValueSet/ch-elm-results-camp-diar-org"/>
  </concept>
  <concept>
    <code value="http://fhir.ch/ig/ch-elm/ValueSet/ch-elm-results-camp-org"/>
  </concept>
  <concept>
    <code value="http://fhir.ch/ig/ch-elm/ValueSet/ch-elm-results-chol-org"/>
  </concept>
  <concept>
    <code value="http://fhir.ch/ig/ch-elm/ValueSet/ch-elm-results-cjd-org"/>
  </concept>
  <concept>
    <code value="http://fhir.ch/ig/ch-elm/ValueSet/ch-elm-results-cpe-org"/>
  </concept>
  <concept>
    <code value="http://fhir.ch/ig/ch-elm/ValueSet/ch-elm-results-diph-org"/>
  </concept>
  <concept>
    <code value="http://fhir.ch/ig/ch-elm/ValueSet/ch-elm-results-ebol-org"/>
  </concept>
  <concept>
    <code value="http://fhir.ch/ig/ch-elm/ValueSet/ch-elm-results-ehec-org"/>
  </concept>
  <concept>
    <code value="http://fhir.ch/ig/ch-elm/ValueSet/ch-elm-results-ehec-tox-org"/>
  </concept>
  <concept>
    <code value="http://fhir.ch/ig/ch-elm/ValueSet/ch-elm-results-haem-org"/>
  </concept>
  <concept>
    <code value="http://fhir.ch/ig/ch-elm/ValueSet/ch-elm-results-hanta-org"/>
  </concept>
  <concept>
    <code value="http://fhir.ch/ig/ch-elm/ValueSet/ch-elm-results-hiv-org"/>
  </concept>
  <concept>
    <code value="http://fhir.ch/ig/ch-elm/ValueSet/ch-elm-results-inf-org"/>
  </concept>
  <concept>
    <code value="http://fhir.ch/ig/ch-elm/ValueSet/ch-elm-results-influenza-hxny-org"/>
  </concept>
  <concept>
    <code value="http://fhir.ch/ig/ch-elm/ValueSet/ch-elm-results-leg-org"/>
  </concept>
  <concept>
    <code value="http://fhir.ch/ig/ch-elm/ValueSet/ch-elm-results-lis-org"/>
  </concept>
  <concept>
    <code value="http://fhir.ch/ig/ch-elm/ValueSet/ch-elm-results-mal-org"/>
  </concept>
  <concept>
    <code value="http://fhir.ch/ig/ch-elm/ValueSet/ch-elm-results-maldi-tof-org"/>
  </concept>
  <concept>
    <code value="http://fhir.ch/ig/ch-elm/ValueSet/ch-elm-results-mea-org"/>
  </concept>
  <concept>
    <code value="http://fhir.ch/ig/ch-elm/ValueSet/ch-elm-results-men-org"/>
  </concept>
  <concept>
    <code value="http://fhir.ch/ig/ch-elm/ValueSet/ch-elm-results-mpx-ctng"/>
  </concept>
  <concept>
    <code value="http://fhir.ch/ig/ch-elm/ValueSet/ch-elm-results-mpx-sash"/>
  </concept>
  <concept>
    <code value="http://fhir.ch/ig/ch-elm/ValueSet/ch-elm-results-mpx-sashec"/>
  </concept>
  <concept>
    <code value="http://fhir.ch/ig/ch-elm/ValueSet/ch-elm-results-pneu-org"/>
  </concept>
  <concept>
    <code value="http://fhir.ch/ig/ch-elm/ValueSet/ch-elm-results-sal-org"/>
  </concept>
  <concept>
    <code value="http://fhir.ch/ig/ch-elm/ValueSet/ch-elm-results-sal-org-complete"/>
  </concept>
  <concept>
    <code value="http://fhir.ch/ig/ch-elm/ValueSet/ch-elm-results-shi-org"/>
  </concept>
  <concept>
    <code value="http://fhir.ch/ig/ch-elm/ValueSet/ch-elm-results-tub-gen-org"/>
  </concept>
  <concept>
    <code value="http://fhir.ch/ig/ch-elm/ValueSet/ch-elm-results-tub-org"/>
  </concept>
  <concept>
    <code value="http://fhir.ch/ig/ch-elm/ValueSet/ch-elm-results-tul-org"/>
  </concept>
  <concept>
    <code value="http://fhir.ch/ig/ch-elm/ValueSet/ch-elm-results-virus-cult-org"/>
  </concept>
</CodeSystem>