<?xml version="1.0" encoding="UTF-8"?>

<ValueSet xmlns="http://hl7.org/fhir">
  <id value="ch-elm-results-completion-vs"/>
  <text>
    <status value="generated"/><div xmlns="http://www.w3.org/1999/xhtml"><p class="res-header-id"><b>Generated Narrative: ValueSet ch-elm-results-completion-vs</b></p><a name="ch-elm-results-completion-vs"> </a><a name="hcch-elm-results-completion-vs"> </a><a name="ch-elm-results-completion-vs-en-US"> </a><ul><li>Include these codes as defined in <a href="CodeSystem-ch-elm-results-completion-vs.html"><code>http://fhir.ch/ig/ch-elm/CodeSystem/ch-elm-results-completion-vs</code></a><table class="none"><tr><td style="white-space:nowrap"><b>Code</b></td><td><b>Display</b></td></tr><tr><td><a href="CodeSystem-ch-elm-results-completion-vs.html#ch-elm-results-completion-vs-http.58.47.47fhir.46ch.47ig.47ch-elm.47ValueSet.47ch-elm-results-bot-spec">http://fhir.ch/ig/ch-elm/ValueSet/ch-elm-results-bot-spec</a></td><td/></tr><tr><td><a href="CodeSystem-ch-elm-results-completion-vs.html#ch-elm-results-completion-vs-http.58.47.47fhir.46ch.47ig.47ch-elm.47ValueSet.47ch-elm-results-complete-spec">http://fhir.ch/ig/ch-elm/ValueSet/ch-elm-results-complete-spec</a></td><td/></tr><tr><td><a href="CodeSystem-ch-elm-results-completion-vs.html#ch-elm-results-completion-vs-http.58.47.47fhir.46ch.47ig.47ch-elm.47ValueSet.47ch-elm-results-diph-spec">http://fhir.ch/ig/ch-elm/ValueSet/ch-elm-results-diph-spec</a></td><td/></tr><tr><td><a href="CodeSystem-ch-elm-results-completion-vs.html#ch-elm-results-completion-vs-http.58.47.47fhir.46ch.47ig.47ch-elm.47ValueSet.47ch-elm-results-geni-spec">http://fhir.ch/ig/ch-elm/ValueSet/ch-elm-results-geni-spec</a></td><td/></tr><tr><td><a href="CodeSystem-ch-elm-results-completion-vs.html#ch-elm-results-completion-vs-http.58.47.47fhir.46ch.47ig.47ch-elm.47ValueSet.47ch-elm-results-sterile-spec">http://fhir.ch/ig/ch-elm/ValueSet/ch-elm-results-sterile-spec</a></td><td/></tr><tr><td><a href="CodeSystem-ch-elm-results-completion-vs.html#ch-elm-results-completion-vs-http.58.47.47fhir.46ch.47ig.47ch-elm.47ValueSet.47ch-elm-results-tub-spec">http://fhir.ch/ig/ch-elm/ValueSet/ch-elm-results-tub-spec</a></td><td/></tr><tr><td><a href="CodeSystem-ch-elm-results-completion-vs.html#ch-elm-results-completion-vs-http.58.47.47fhir.46ch.47ig.47ch-elm.47ValueSet.47ch-elm-results-bot-org">http://fhir.ch/ig/ch-elm/ValueSet/ch-elm-results-bot-org</a></td><td/></tr><tr><td><a href="CodeSystem-ch-elm-results-completion-vs.html#ch-elm-results-completion-vs-http.58.47.47fhir.46ch.47ig.47ch-elm.47ValueSet.47ch-elm-results-bru-org">http://fhir.ch/ig/ch-elm/ValueSet/ch-elm-results-bru-org</a></td><td/></tr><tr><td><a href="CodeSystem-ch-elm-results-completion-vs.html#ch-elm-results-completion-vs-http.58.47.47fhir.46ch.47ig.47ch-elm.47ValueSet.47ch-elm-results-camp-diar-org">http://fhir.ch/ig/ch-elm/ValueSet/ch-elm-results-camp-diar-org</a></td><td/></tr><tr><td><a href="CodeSystem-ch-elm-results-completion-vs.html#ch-elm-results-completion-vs-http.58.47.47fhir.46ch.47ig.47ch-elm.47ValueSet.47ch-elm-results-camp-org">http://fhir.ch/ig/ch-elm/ValueSet/ch-elm-results-camp-org</a></td><td/></tr><tr><td><a href="CodeSystem-ch-elm-results-completion-vs.html#ch-elm-results-completion-vs-http.58.47.47fhir.46ch.47ig.47ch-elm.47ValueSet.47ch-elm-results-chol-org">http://fhir.ch/ig/ch-elm/ValueSet/ch-elm-results-chol-org</a></td><td/></tr><tr><td><a href="CodeSystem-ch-elm-results-completion-vs.html#ch-elm-results-completion-vs-http.58.47.47fhir.46ch.47ig.47ch-elm.47ValueSet.47ch-elm-results-cjd-org">http://fhir.ch/ig/ch-elm/ValueSet/ch-elm-results-cjd-org</a></td><td/></tr><tr><td><a href="CodeSystem-ch-elm-results-completion-vs.html#ch-elm-results-completion-vs-http.58.47.47fhir.46ch.47ig.47ch-elm.47ValueSet.47ch-elm-results-cpe-org">http://fhir.ch/ig/ch-elm/ValueSet/ch-elm-results-cpe-org</a></td><td/></tr><tr><td><a href="CodeSystem-ch-elm-results-completion-vs.html#ch-elm-results-completion-vs-http.58.47.47fhir.46ch.47ig.47ch-elm.47ValueSet.47ch-elm-results-diph-org">http://fhir.ch/ig/ch-elm/ValueSet/ch-elm-results-diph-org</a></td><td/></tr><tr><td><a href="CodeSystem-ch-elm-results-completion-vs.html#ch-elm-results-completion-vs-http.58.47.47fhir.46ch.47ig.47ch-elm.47ValueSet.47ch-elm-results-ebol-org">http://fhir.ch/ig/ch-elm/ValueSet/ch-elm-results-ebol-org</a></td><td/></tr><tr><td><a href="CodeSystem-ch-elm-results-completion-vs.html#ch-elm-results-completion-vs-http.58.47.47fhir.46ch.47ig.47ch-elm.47ValueSet.47ch-elm-results-ehec-org">http://fhir.ch/ig/ch-elm/ValueSet/ch-elm-results-ehec-org</a></td><td/></tr><tr><td><a href="CodeSystem-ch-elm-results-completion-vs.html#ch-elm-results-completion-vs-http.58.47.47fhir.46ch.47ig.47ch-elm.47ValueSet.47ch-elm-results-ehec-tox-org">http://fhir.ch/ig/ch-elm/ValueSet/ch-elm-results-ehec-tox-org</a></td><td/></tr><tr><td><a href="CodeSystem-ch-elm-results-completion-vs.html#ch-elm-results-completion-vs-http.58.47.47fhir.46ch.47ig.47ch-elm.47ValueSet.47ch-elm-results-haem-org">http://fhir.ch/ig/ch-elm/ValueSet/ch-elm-results-haem-org</a></td><td/></tr><tr><td><a href="CodeSystem-ch-elm-results-completion-vs.html#ch-elm-results-completion-vs-http.58.47.47fhir.46ch.47ig.47ch-elm.47ValueSet.47ch-elm-results-hanta-org">http://fhir.ch/ig/ch-elm/ValueSet/ch-elm-results-hanta-org</a></td><td/></tr><tr><td><a href="CodeSystem-ch-elm-results-completion-vs.html#ch-elm-results-completion-vs-http.58.47.47fhir.46ch.47ig.47ch-elm.47ValueSet.47ch-elm-results-hiv-org">http://fhir.ch/ig/ch-elm/ValueSet/ch-elm-results-hiv-org</a></td><td/></tr><tr><td><a href="CodeSystem-ch-elm-results-completion-vs.html#ch-elm-results-completion-vs-http.58.47.47fhir.46ch.47ig.47ch-elm.47ValueSet.47ch-elm-results-inf-org">http://fhir.ch/ig/ch-elm/ValueSet/ch-elm-results-inf-org</a></td><td/></tr><tr><td><a href="CodeSystem-ch-elm-results-completion-vs.html#ch-elm-results-completion-vs-http.58.47.47fhir.46ch.47ig.47ch-elm.47ValueSet.47ch-elm-results-influenza-hxny-org">http://fhir.ch/ig/ch-elm/ValueSet/ch-elm-results-influenza-hxny-org</a></td><td/></tr><tr><td><a href="CodeSystem-ch-elm-results-completion-vs.html#ch-elm-results-completion-vs-http.58.47.47fhir.46ch.47ig.47ch-elm.47ValueSet.47ch-elm-results-leg-org">http://fhir.ch/ig/ch-elm/ValueSet/ch-elm-results-leg-org</a></td><td/></tr><tr><td><a href="CodeSystem-ch-elm-results-completion-vs.html#ch-elm-results-completion-vs-http.58.47.47fhir.46ch.47ig.47ch-elm.47ValueSet.47ch-elm-results-lis-org">http://fhir.ch/ig/ch-elm/ValueSet/ch-elm-results-lis-org</a></td><td/></tr><tr><td><a href="CodeSystem-ch-elm-results-completion-vs.html#ch-elm-results-completion-vs-http.58.47.47fhir.46ch.47ig.47ch-elm.47ValueSet.47ch-elm-results-mal-org">http://fhir.ch/ig/ch-elm/ValueSet/ch-elm-results-mal-org</a></td><td/></tr><tr><td><a href="CodeSystem-ch-elm-results-completion-vs.html#ch-elm-results-completion-vs-http.58.47.47fhir.46ch.47ig.47ch-elm.47ValueSet.47ch-elm-results-maldi-tof-org">http://fhir.ch/ig/ch-elm/ValueSet/ch-elm-results-maldi-tof-org</a></td><td/></tr><tr><td><a href="CodeSystem-ch-elm-results-completion-vs.html#ch-elm-results-completion-vs-http.58.47.47fhir.46ch.47ig.47ch-elm.47ValueSet.47ch-elm-results-mea-org">http://fhir.ch/ig/ch-elm/ValueSet/ch-elm-results-mea-org</a></td><td/></tr><tr><td><a href="CodeSystem-ch-elm-results-completion-vs.html#ch-elm-results-completion-vs-http.58.47.47fhir.46ch.47ig.47ch-elm.47ValueSet.47ch-elm-results-men-org">http://fhir.ch/ig/ch-elm/ValueSet/ch-elm-results-men-org</a></td><td/></tr><tr><td><a href="CodeSystem-ch-elm-results-completion-vs.html#ch-elm-results-completion-vs-http.58.47.47fhir.46ch.47ig.47ch-elm.47ValueSet.47ch-elm-results-mpx-ctng">http://fhir.ch/ig/ch-elm/ValueSet/ch-elm-results-mpx-ctng</a></td><td/></tr><tr><td><a href="CodeSystem-ch-elm-results-completion-vs.html#ch-elm-results-completion-vs-http.58.47.47fhir.46ch.47ig.47ch-elm.47ValueSet.47ch-elm-results-mpx-sash">http://fhir.ch/ig/ch-elm/ValueSet/ch-elm-results-mpx-sash</a></td><td/></tr><tr><td><a href="CodeSystem-ch-elm-results-completion-vs.html#ch-elm-results-completion-vs-http.58.47.47fhir.46ch.47ig.47ch-elm.47ValueSet.47ch-elm-results-mpx-sashec">http://fhir.ch/ig/ch-elm/ValueSet/ch-elm-results-mpx-sashec</a></td><td/></tr><tr><td><a href="CodeSystem-ch-elm-results-completion-vs.html#ch-elm-results-completion-vs-http.58.47.47fhir.46ch.47ig.47ch-elm.47ValueSet.47ch-elm-results-pneu-org">http://fhir.ch/ig/ch-elm/ValueSet/ch-elm-results-pneu-org</a></td><td/></tr><tr><td><a href="CodeSystem-ch-elm-results-completion-vs.html#ch-elm-results-completion-vs-http.58.47.47fhir.46ch.47ig.47ch-elm.47ValueSet.47ch-elm-results-sal-org">http://fhir.ch/ig/ch-elm/ValueSet/ch-elm-results-sal-org</a></td><td/></tr><tr><td><a href="CodeSystem-ch-elm-results-completion-vs.html#ch-elm-results-completion-vs-http.58.47.47fhir.46ch.47ig.47ch-elm.47ValueSet.47ch-elm-results-sal-org-complete">http://fhir.ch/ig/ch-elm/ValueSet/ch-elm-results-sal-org-complete</a></td><td/></tr><tr><td><a href="CodeSystem-ch-elm-results-completion-vs.html#ch-elm-results-completion-vs-http.58.47.47fhir.46ch.47ig.47ch-elm.47ValueSet.47ch-elm-results-shi-org">http://fhir.ch/ig/ch-elm/ValueSet/ch-elm-results-shi-org</a></td><td/></tr><tr><td><a href="CodeSystem-ch-elm-results-completion-vs.html#ch-elm-results-completion-vs-http.58.47.47fhir.46ch.47ig.47ch-elm.47ValueSet.47ch-elm-results-tub-gen-org">http://fhir.ch/ig/ch-elm/ValueSet/ch-elm-results-tub-gen-org</a></td><td/></tr><tr><td><a href="CodeSystem-ch-elm-results-completion-vs.html#ch-elm-results-completion-vs-http.58.47.47fhir.46ch.47ig.47ch-elm.47ValueSet.47ch-elm-results-tub-org">http://fhir.ch/ig/ch-elm/ValueSet/ch-elm-results-tub-org</a></td><td/></tr><tr><td><a href="CodeSystem-ch-elm-results-completion-vs.html#ch-elm-results-completion-vs-http.58.47.47fhir.46ch.47ig.47ch-elm.47ValueSet.47ch-elm-results-tul-org">http://fhir.ch/ig/ch-elm/ValueSet/ch-elm-results-tul-org</a></td><td/></tr><tr><td><a href="CodeSystem-ch-elm-results-completion-vs.html#ch-elm-results-completion-vs-http.58.47.47fhir.46ch.47ig.47ch-elm.47ValueSet.47ch-elm-results-virus-cult-org">http://fhir.ch/ig/ch-elm/ValueSet/ch-elm-results-virus-cult-org</a></td><td/></tr></table></li></ul></div>
  </text>
  <url value="http://fhir.ch/ig/ch-elm/ValueSet/ch-elm-results-completion-vs"/>
  <version value="1.7.0"/>
  <name value="ChElmResultsCompletionVs"/>
  <title value="CH ELM Results Completion Vs"/>
  <status value="active"/>
  <experimental value="false"/>
  <date value="2024-11-28T14:09:02+00:00"/>
  <publisher value="Federal Office of Public Health FOPH"/>
  <contact>
    <name value="Federal Office of Public Health FOPH"/>
    <telecom>
      <system value="url"/>
      <value value="https://www.bag.admin.ch/bag/en/home/das-bag/kontakt-standort.html"/>
    </telecom>
  </contact>
  <description value="This CH ELM value set includes the value set URLs as codes to map in the concept maps the leading codes, which must be completed with additional codes."/>
  <jurisdiction>
    <coding>
      <system value="urn:iso:std:iso:3166"/>
      <code value="CHE"/>
    </coding>
  </jurisdiction>
  <copyright value="CC0-1.0"/>
  <compose>
    <include>
      <system value="http://fhir.ch/ig/ch-elm/CodeSystem/ch-elm-results-completion-vs"/>
      <concept>
        <code value="http://fhir.ch/ig/ch-elm/ValueSet/ch-elm-results-bot-spec"/>
      </concept>
      <concept>
        <code value="http://fhir.ch/ig/ch-elm/ValueSet/ch-elm-results-complete-spec"/>
      </concept>
      <concept>
        <code value="http://fhir.ch/ig/ch-elm/ValueSet/ch-elm-results-diph-spec"/>
      </concept>
      <concept>
        <code value="http://fhir.ch/ig/ch-elm/ValueSet/ch-elm-results-geni-spec"/>
      </concept>
      <concept>
        <code value="http://fhir.ch/ig/ch-elm/ValueSet/ch-elm-results-sterile-spec"/>
      </concept>
      <concept>
        <code value="http://fhir.ch/ig/ch-elm/ValueSet/ch-elm-results-tub-spec"/>
      </concept>
      <concept>
        <code value="http://fhir.ch/ig/ch-elm/ValueSet/ch-elm-results-bot-org"/>
      </concept>
      <concept>
        <code value="http://fhir.ch/ig/ch-elm/ValueSet/ch-elm-results-bru-org"/>
      </concept>
      <concept>
        <code value="http://fhir.ch/ig/ch-elm/ValueSet/ch-elm-results-camp-diar-org"/>
      </concept>
      <concept>
        <code value="http://fhir.ch/ig/ch-elm/ValueSet/ch-elm-results-camp-org"/>
      </concept>
      <concept>
        <code value="http://fhir.ch/ig/ch-elm/ValueSet/ch-elm-results-chol-org"/>
      </concept>
      <concept>
        <code value="http://fhir.ch/ig/ch-elm/ValueSet/ch-elm-results-cjd-org"/>
      </concept>
      <concept>
        <code value="http://fhir.ch/ig/ch-elm/ValueSet/ch-elm-results-cpe-org"/>
      </concept>
      <concept>
        <code value="http://fhir.ch/ig/ch-elm/ValueSet/ch-elm-results-diph-org"/>
      </concept>
      <concept>
        <code value="http://fhir.ch/ig/ch-elm/ValueSet/ch-elm-results-ebol-org"/>
      </concept>
      <concept>
        <code value="http://fhir.ch/ig/ch-elm/ValueSet/ch-elm-results-ehec-org"/>
      </concept>
      <concept>
        <code value="http://fhir.ch/ig/ch-elm/ValueSet/ch-elm-results-ehec-tox-org"/>
      </concept>
      <concept>
        <code value="http://fhir.ch/ig/ch-elm/ValueSet/ch-elm-results-haem-org"/>
      </concept>
      <concept>
        <code value="http://fhir.ch/ig/ch-elm/ValueSet/ch-elm-results-hanta-org"/>
      </concept>
      <concept>
        <code value="http://fhir.ch/ig/ch-elm/ValueSet/ch-elm-results-hiv-org"/>
      </concept>
      <concept>
        <code value="http://fhir.ch/ig/ch-elm/ValueSet/ch-elm-results-inf-org"/>
      </concept>
      <concept>
        <code value="http://fhir.ch/ig/ch-elm/ValueSet/ch-elm-results-influenza-hxny-org"/>
      </concept>
      <concept>
        <code value="http://fhir.ch/ig/ch-elm/ValueSet/ch-elm-results-leg-org"/>
      </concept>
      <concept>
        <code value="http://fhir.ch/ig/ch-elm/ValueSet/ch-elm-results-lis-org"/>
      </concept>
      <concept>
        <code value="http://fhir.ch/ig/ch-elm/ValueSet/ch-elm-results-mal-org"/>
      </concept>
      <concept>
        <code value="http://fhir.ch/ig/ch-elm/ValueSet/ch-elm-results-maldi-tof-org"/>
      </concept>
      <concept>
        <code value="http://fhir.ch/ig/ch-elm/ValueSet/ch-elm-results-mea-org"/>
      </concept>
      <concept>
        <code value="http://fhir.ch/ig/ch-elm/ValueSet/ch-elm-results-men-org"/>
      </concept>
      <concept>
        <code value="http://fhir.ch/ig/ch-elm/ValueSet/ch-elm-results-mpx-ctng"/>
      </concept>
      <concept>
        <code value="http://fhir.ch/ig/ch-elm/ValueSet/ch-elm-results-mpx-sash"/>
      </concept>
      <concept>
        <code value="http://fhir.ch/ig/ch-elm/ValueSet/ch-elm-results-mpx-sashec"/>
      </concept>
      <concept>
        <code value="http://fhir.ch/ig/ch-elm/ValueSet/ch-elm-results-pneu-org"/>
      </concept>
      <concept>
        <code value="http://fhir.ch/ig/ch-elm/ValueSet/ch-elm-results-sal-org"/>
      </concept>
      <concept>
        <code value="http://fhir.ch/ig/ch-elm/ValueSet/ch-elm-results-sal-org-complete"/>
      </concept>
      <concept>
        <code value="http://fhir.ch/ig/ch-elm/ValueSet/ch-elm-results-shi-org"/>
      </concept>
      <concept>
        <code value="http://fhir.ch/ig/ch-elm/ValueSet/ch-elm-results-tub-gen-org"/>
      </concept>
      <concept>
        <code value="http://fhir.ch/ig/ch-elm/ValueSet/ch-elm-results-tub-org"/>
      </concept>
      <concept>
        <code value="http://fhir.ch/ig/ch-elm/ValueSet/ch-elm-results-tul-org"/>
      </concept>
      <concept>
        <code value="http://fhir.ch/ig/ch-elm/ValueSet/ch-elm-results-virus-cult-org"/>
      </concept>
    </include>
  </compose>
</ValueSet>