{"resourceType":"ConceptMap","id":"ch-vacd-vaccines-sm-sct-cm","text":{"status":"extensions","div":"<div xmlns=\"http://www.w3.org/1999/xhtml\"><p>Mapping from <a href=\"ValueSet-ch-vacd-vaccines-vs.html\">Swissmedic code for vaccine code</a> to <a href=\"ValueSet-ch-vacd-vaccines-snomedct-vs.html\">Snomed CT for vaccine code</a></p><p>DRAFT. Published on 2023-06-29 17:17:43+0200 by HL7 Switzerland (HL7 Switzerland: <a href=\"https://www.hl7.ch/\">https://www.hl7.ch/</a>). This artefact includes content from SNOMED Clinical Terms® (SNOMED CT®) which is copyright of the International Health Terminology Standards Development Organisation (IHTSDO). Implementers of these artefacts must have the appropriate SNOMED CT Affiliate license - for more information contact http://www.snomed.org/snomed-ct/getsnomed-ct or info@snomed.org.</p><div><p>Mappings from vaccine code to vaccine code</p>\n</div><br/><p><b>Group 1</b>Mapping from <a href=\"CodeSystem-ch-vacd-swissmedic-cs.html\">Swiss Medic Authorized Vaccines Codesystem</a> to <a href=\"http://hl7.org/fhir/R4/codesystem-snomedct.html\">SNOMED CT (all versions)</a></p><table class=\"grid\"><tr><td colspan=\"2\"><b>Source Concept Details</b></td><td><b>Relationship</b></td><td colspan=\"2\"><b>Target Concept Details</b></td><td colspan=\"2\"><b>Properties</b></td></tr><tr><td colspan=\"2\"><b>Codes</b> from <a href=\"CodeSystem-ch-vacd-swissmedic-cs.html\" title=\"http://fhir.ch/ig/ch-vacd/CodeSystem/ch-vacd-swissmedic-cs\">Swiss Medic Authorized Vaccines Codesystem</a></td><td/><td colspan=\"2\"><b>Codes</b> from <a href=\"http://hl7.org/fhir/R4/codesystem-snomedct.html\" title=\"http://snomed.info/sct\">SNOMED CT (all versions)</a></td></tr><tr><td style=\"border-right-width: 0px\">683</td><td style=\"border-left-width: 0px\">FSME-Immun 0.25 ml Junior</td><td><a href=\"http://hl7.org/fhir/R4/codesystem-concept-map-equivalence.html#equivalent\" title=\"equivalent\">is equivalent to</a></td><td style=\"border-right-width: 0px\">87171900</td><td style=\"border-left-width: 0px\">Vaccine product containing only Tick-borne encephalitis virus antigen (medicinal product)</td></tr><tr><td style=\"border-right-width: 0px\">450</td><td style=\"border-left-width: 0px\">FSME-Immun CC</td><td><a href=\"http://hl7.org/fhir/R4/codesystem-concept-map-equivalence.html#equivalent\" title=\"equivalent\">is equivalent to</a></td><td style=\"border-right-width: 0px\">87171900</td><td style=\"border-left-width: 0px\">Vaccine product containing only Tick-borne encephalitis virus antigen (medicinal product)</td></tr><tr><td style=\"border-right-width: 0px\">656</td><td style=\"border-left-width: 0px\">NeisVac-C</td><td><a href=\"http://hl7.org/fhir/R4/codesystem-concept-map-equivalence.html#equivalent\" title=\"equivalent\">is equivalent to</a></td><td style=\"border-right-width: 0px\">871866001</td><td style=\"border-left-width: 0px\">Vaccine product containing only Neisseria meningitidis serogroup C antigen (medicinal product)</td></tr><tr><td style=\"border-right-width: 0px\">627</td><td style=\"border-left-width: 0px\">Encepur N</td><td><a href=\"http://hl7.org/fhir/R4/codesystem-concept-map-equivalence.html#equivalent\" title=\"equivalent\">is equivalent to</a></td><td style=\"border-right-width: 0px\">87171900</td><td style=\"border-left-width: 0px\">Vaccine product containing only Tick-borne encephalitis virus antigen (medicinal product)</td></tr><tr><td style=\"border-right-width: 0px\">628</td><td style=\"border-left-width: 0px\">Encepur N Kinder / Enfants</td><td><a href=\"http://hl7.org/fhir/R4/codesystem-concept-map-equivalence.html#equivalent\" title=\"equivalent\">is equivalent to</a></td><td style=\"border-right-width: 0px\">87171900</td><td style=\"border-left-width: 0px\">Vaccine product containing only Tick-borne encephalitis virus antigen (medicinal product)</td></tr><tr><td style=\"border-right-width: 0px\">572</td><td style=\"border-left-width: 0px\">Epaxal</td><td><a href=\"http://hl7.org/fhir/R4/codesystem-concept-map-equivalence.html#equivalent\" title=\"equivalent\">is equivalent to</a></td><td style=\"border-right-width: 0px\">871751006</td><td style=\"border-left-width: 0px\">Vaccine product containing only Hepatitis A virus antigen (medicinal product)</td></tr><tr><td style=\"border-right-width: 0px\">544</td><td style=\"border-left-width: 0px\">Heprecomb</td><td><a href=\"http://hl7.org/fhir/R4/codesystem-concept-map-equivalence.html#equivalent\" title=\"equivalent\">is equivalent to</a></td><td style=\"border-right-width: 0px\">871822003</td><td style=\"border-left-width: 0px\">Vaccine product containing only Hepatitis B virus antigen (medicinal product)</td></tr><tr><td style=\"border-right-width: 0px\">642</td><td style=\"border-left-width: 0px\">Heprecomb Kinder</td><td><a href=\"http://hl7.org/fhir/R4/codesystem-concept-map-equivalence.html#equivalent\" title=\"equivalent\">is equivalent to</a></td><td style=\"border-right-width: 0px\">871822003</td><td style=\"border-left-width: 0px\">Vaccine product containing only Hepatitis B virus antigen (medicinal product)</td></tr><tr><td style=\"border-right-width: 0px\">657</td><td style=\"border-left-width: 0px\">Menjugate</td><td><a href=\"http://hl7.org/fhir/R4/codesystem-concept-map-equivalence.html#equivalent\" title=\"equivalent\">is equivalent to</a></td><td style=\"border-right-width: 0px\">871866001</td><td style=\"border-left-width: 0px\">Vaccine product containing only Neisseria meningitidis serogroup C antigen (medicinal product)</td></tr><tr><td style=\"border-right-width: 0px\">533</td><td style=\"border-left-width: 0px\">Moraten</td><td><a href=\"http://hl7.org/fhir/R4/codesystem-concept-map-equivalence.html#equivalent\" title=\"equivalent\">is equivalent to</a></td><td style=\"border-right-width: 0px\">871765008</td><td style=\"border-left-width: 0px\">Vaccine product containing only Measles morbillivirus antigen (medicinal product)</td></tr><tr><td style=\"border-right-width: 0px\">555</td><td style=\"border-left-width: 0px\">Orochol</td><td><a href=\"http://hl7.org/fhir/R4/codesystem-concept-map-equivalence.html#equivalent\" title=\"equivalent\">is equivalent to</a></td><td style=\"border-right-width: 0px\">991000221105</td><td style=\"border-left-width: 0px\">Vaccine product containing only Vibrio cholerae antigen (medicinal product)</td></tr><tr><td style=\"border-right-width: 0px\">685</td><td style=\"border-left-width: 0px\">Rabipur</td><td><a href=\"http://hl7.org/fhir/R4/codesystem-concept-map-equivalence.html#equivalent\" title=\"equivalent\">is equivalent to</a></td><td style=\"border-right-width: 0px\">871726005</td><td style=\"border-left-width: 0px\">Vaccine product containing only Rabies lyssavirus antigen (medicinal product)</td></tr><tr><td style=\"border-right-width: 0px\">702</td><td style=\"border-left-width: 0px\">Td-pur</td><td><a href=\"http://hl7.org/fhir/R4/codesystem-concept-map-equivalence.html#equivalent\" title=\"equivalent\">is equivalent to</a></td><td style=\"border-right-width: 0px\">871826000</td><td style=\"border-left-width: 0px\">Vaccine product containing only Clostridium tetani and Corynebacterium diphtheriae antigens (medicinal product)</td></tr><tr><td style=\"border-right-width: 0px\">686</td><td style=\"border-left-width: 0px\">Td-Virelon</td><td><a href=\"http://hl7.org/fhir/R4/codesystem-concept-map-equivalence.html#equivalent\" title=\"equivalent\">is equivalent to</a></td><td style=\"border-right-width: 0px\">871837004</td><td style=\"border-left-width: 0px\">Vaccine product containing only Clostridium tetani and Corynebacterium diphtheriae and Human poliovirus antigens (medicinal product)</td></tr><tr><td style=\"border-right-width: 0px\">467</td><td style=\"border-left-width: 0px\">Vivotif</td><td><a href=\"http://hl7.org/fhir/R4/codesystem-concept-map-equivalence.html#equivalent\" title=\"equivalent\">is equivalent to</a></td><td style=\"border-right-width: 0px\">961000221100</td><td style=\"border-left-width: 0px\">Vaccine product containing only Salmonella enterica subspecies enterica serovar Typhi antigen (medicinal product)</td></tr><tr><td style=\"border-right-width: 0px\">637</td><td style=\"border-left-width: 0px\">Boostrix</td><td><a href=\"http://hl7.org/fhir/R4/codesystem-concept-map-equivalence.html#equivalent\" title=\"equivalent\">is equivalent to</a></td><td style=\"border-right-width: 0px\">871875004</td><td style=\"border-left-width: 0px\">Vaccine product containing only Bordetella pertussis and Clostridium tetani and Corynebacterium diphtheriae antigens (medicinal product)</td></tr><tr><td style=\"border-right-width: 0px\">681</td><td style=\"border-left-width: 0px\">Boostrix Polio</td><td><a href=\"http://hl7.org/fhir/R4/codesystem-concept-map-equivalence.html#equivalent\" title=\"equivalent\">is equivalent to</a></td><td style=\"border-right-width: 0px\">871878002</td><td style=\"border-left-width: 0px\">Vaccine product containing only Bordetella pertussis and Clostridium tetani and Corynebacterium diphtheriae and Human poliovirus antigens (medicinal product)</td></tr><tr><td style=\"border-right-width: 0px\">567</td><td style=\"border-left-width: 0px\">Ditanrix</td><td><a href=\"http://hl7.org/fhir/R4/codesystem-concept-map-equivalence.html#equivalent\" title=\"equivalent\">is equivalent to</a></td><td style=\"border-right-width: 0px\">871826000</td><td style=\"border-left-width: 0px\">Vaccine product containing only Clostridium tetani and Corynebacterium diphtheriae antigens (medicinal product)</td></tr><tr><td style=\"border-right-width: 0px\">551</td><td style=\"border-left-width: 0px\">Engerix-B 10</td><td><a href=\"http://hl7.org/fhir/R4/codesystem-concept-map-equivalence.html#equivalent\" title=\"equivalent\">is equivalent to</a></td><td style=\"border-right-width: 0px\">871822003</td><td style=\"border-left-width: 0px\">Vaccine product containing only Hepatitis B virus antigen (medicinal product)</td></tr><tr><td style=\"border-right-width: 0px\">534</td><td style=\"border-left-width: 0px\">Engerix-B 20</td><td><a href=\"http://hl7.org/fhir/R4/codesystem-concept-map-equivalence.html#equivalent\" title=\"equivalent\">is equivalent to</a></td><td style=\"border-right-width: 0px\">871822003</td><td style=\"border-left-width: 0px\">Vaccine product containing only Hepatitis B virus antigen (medicinal product)</td></tr><tr><td style=\"border-right-width: 0px\">558</td><td style=\"border-left-width: 0px\">Havrix 1440</td><td><a href=\"http://hl7.org/fhir/R4/codesystem-concept-map-equivalence.html#equivalent\" title=\"equivalent\">is equivalent to</a></td><td style=\"border-right-width: 0px\">871751006</td><td style=\"border-left-width: 0px\">Vaccine product containing only Hepatitis A virus antigen (medicinal product)</td></tr><tr><td style=\"border-right-width: 0px\">599</td><td style=\"border-left-width: 0px\">Havrix 720</td><td><a href=\"http://hl7.org/fhir/R4/codesystem-concept-map-equivalence.html#equivalent\" title=\"equivalent\">is equivalent to</a></td><td style=\"border-right-width: 0px\">871751006</td><td style=\"border-left-width: 0px\">Vaccine product containing only Hepatitis A virus antigen (medicinal product)</td></tr><tr><td style=\"border-right-width: 0px\">603</td><td style=\"border-left-width: 0px\">Hiberix</td><td><a href=\"http://hl7.org/fhir/R4/codesystem-concept-map-equivalence.html#equivalent\" title=\"equivalent\">is equivalent to</a></td><td style=\"border-right-width: 0px\">871764007</td><td style=\"border-left-width: 0px\">Vaccine product containing only Haemophilus influenzae type B antigen (medicinal product)</td></tr><tr><td style=\"border-right-width: 0px\">638</td><td style=\"border-left-width: 0px\">Infanrix DTPa-IPV</td><td><a href=\"http://hl7.org/fhir/R4/codesystem-concept-map-equivalence.html#equivalent\" title=\"equivalent\">is equivalent to</a></td><td style=\"border-right-width: 0px\">871878002</td><td style=\"border-left-width: 0px\">Vaccine product containing only Bordetella pertussis and Clostridium tetani and Corynebacterium diphtheriae and Human poliovirus antigens (medicinal product)</td></tr><tr><td style=\"border-right-width: 0px\">619</td><td style=\"border-left-width: 0px\">Infanrix DTPa-IPV+Hib</td><td><a href=\"http://hl7.org/fhir/R4/codesystem-concept-map-equivalence.html#equivalent\" title=\"equivalent\">is equivalent to</a></td><td style=\"border-right-width: 0px\">871887006</td><td style=\"border-left-width: 0px\">Vaccine product containing only Bordetella pertussis and Clostridium tetani and Corynebacterium diphtheriae and Haemophilus influenzae type B and Human poliovirus antigens (medicinal product)</td></tr><tr><td style=\"border-right-width: 0px\">640</td><td style=\"border-left-width: 0px\">Infanrix hexa</td><td><a href=\"http://hl7.org/fhir/R4/codesystem-concept-map-equivalence.html#equivalent\" title=\"equivalent\">is equivalent to</a></td><td style=\"border-right-width: 0px\">871895005</td><td style=\"border-left-width: 0px\">Vaccine product containing only Bordetella pertussis and Clostridium tetani and Corynebacterium diphtheriae and Haemophilus influenzae type B and Hepatitis B virus and Human poliovirus antigens (medicinal product)</td></tr><tr><td style=\"border-right-width: 0px\">669</td><td style=\"border-left-width: 0px\">Poliorix</td><td><a href=\"http://hl7.org/fhir/R4/codesystem-concept-map-equivalence.html#equivalent\" title=\"equivalent\">is equivalent to</a></td><td style=\"border-right-width: 0px\">871739009</td><td style=\"border-left-width: 0px\">Vaccine product containing only Human poliovirus antigen (medicinal product)</td></tr><tr><td style=\"border-right-width: 0px\">615</td><td style=\"border-left-width: 0px\">Priorix</td><td><a href=\"http://hl7.org/fhir/R4/codesystem-concept-map-equivalence.html#equivalent\" title=\"equivalent\">is equivalent to</a></td><td style=\"border-right-width: 0px\">871831003</td><td style=\"border-left-width: 0px\">Vaccine product containing only Measles morbillivirus and Mumps orthorubulavirus and Rubella virus antigens (medicinal product)</td></tr><tr><td style=\"border-right-width: 0px\">592</td><td style=\"border-left-width: 0px\">Twinrix 720/20</td><td><a href=\"http://hl7.org/fhir/R4/codesystem-concept-map-equivalence.html#equivalent\" title=\"equivalent\">is equivalent to</a></td><td style=\"border-right-width: 0px\">871803007</td><td style=\"border-left-width: 0px\">Vaccine product containing only Hepatitis A and Hepatitis B virus antigens (medicinal product)</td></tr><tr><td style=\"border-right-width: 0px\">528</td><td style=\"border-left-width: 0px\">Gen H-B-Vax 10</td><td><a href=\"http://hl7.org/fhir/R4/codesystem-concept-map-equivalence.html#equivalent\" title=\"equivalent\">is equivalent to</a></td><td style=\"border-right-width: 0px\">871822003</td><td style=\"border-left-width: 0px\">Vaccine product containing only Hepatitis B virus antigen (medicinal product)</td></tr><tr><td style=\"border-right-width: 0px\">545</td><td style=\"border-left-width: 0px\">HBVAXPRO 40</td><td><a href=\"http://hl7.org/fhir/R4/codesystem-concept-map-equivalence.html#equivalent\" title=\"equivalent\">is equivalent to</a></td><td style=\"border-right-width: 0px\">871822003</td><td style=\"border-left-width: 0px\">Vaccine product containing only Hepatitis B virus antigen (medicinal product)</td></tr><tr><td style=\"border-right-width: 0px\">610</td><td style=\"border-left-width: 0px\">Gen H-B-Vax 5</td><td><a href=\"http://hl7.org/fhir/R4/codesystem-concept-map-equivalence.html#equivalent\" title=\"equivalent\">is equivalent to</a></td><td style=\"border-right-width: 0px\">871822003</td><td style=\"border-left-width: 0px\">Vaccine product containing only Hepatitis B virus antigen (medicinal product)</td></tr><tr><td style=\"border-right-width: 0px\">663</td><td style=\"border-left-width: 0px\">HBVAXPRO 10</td><td><a href=\"http://hl7.org/fhir/R4/codesystem-concept-map-equivalence.html#equivalent\" title=\"equivalent\">is equivalent to</a></td><td style=\"border-right-width: 0px\">871822003</td><td style=\"border-left-width: 0px\">Vaccine product containing only Hepatitis B virus antigen (medicinal product)</td></tr><tr><td style=\"border-right-width: 0px\">268</td><td style=\"border-left-width: 0px\">MMR-II</td><td><a href=\"http://hl7.org/fhir/R4/codesystem-concept-map-equivalence.html#equivalent\" title=\"equivalent\">is equivalent to</a></td><td style=\"border-right-width: 0px\">871831003</td><td style=\"border-left-width: 0px\">Vaccine product containing only Measles morbillivirus and Mumps orthorubulavirus and Rubella virus antigens (medicinal product)</td></tr><tr><td style=\"border-right-width: 0px\">247</td><td style=\"border-left-width: 0px\">Mumpsvax</td><td><a href=\"http://hl7.org/fhir/R4/codesystem-concept-map-equivalence.html#equivalent\" title=\"equivalent\">is equivalent to</a></td><td style=\"border-right-width: 0px\">871737006</td><td style=\"border-left-width: 0px\">Vaccine product containing only Mumps orthorubulavirus antigen (medicinal product)</td></tr><tr><td style=\"border-right-width: 0px\">613</td><td style=\"border-left-width: 0px\">Pentavac</td><td><a href=\"http://hl7.org/fhir/R4/codesystem-concept-map-equivalence.html#equivalent\" title=\"equivalent\">is equivalent to</a></td><td style=\"border-right-width: 0px\">871887006</td><td style=\"border-left-width: 0px\">Vaccine product containing only Bordetella pertussis and Clostridium tetani and Corynebacterium diphtheriae and Haemophilus influenzae type B and Human poliovirus antigens (medicinal product)</td></tr><tr><td style=\"border-right-width: 0px\">509</td><td style=\"border-left-width: 0px\">Pneumovax-23</td><td><a href=\"http://hl7.org/fhir/R4/codesystem-concept-map-equivalence.html#equivalent\" title=\"equivalent\">is equivalent to</a></td><td style=\"border-right-width: 0px\">1052328007</td><td style=\"border-left-width: 0px\">Vaccine product containing only Streptococcus pneumoniae Danish serotype 4, 6B, 9V, 14, 18C, 19F, and 23F capsular polysaccharide antigens conjugated (medicinal product)</td></tr><tr><td style=\"border-right-width: 0px\">646</td><td style=\"border-left-width: 0px\">Revaxis</td><td><a href=\"http://hl7.org/fhir/R4/codesystem-concept-map-equivalence.html#equivalent\" title=\"equivalent\">is equivalent to</a></td><td style=\"border-right-width: 0px\">871837004</td><td style=\"border-left-width: 0px\">Vaccine product containing only Clostridium tetani and Corynebacterium diphtheriae and Human poliovirus antigens (medicinal product)</td></tr><tr><td style=\"border-right-width: 0px\">520</td><td style=\"border-left-width: 0px\">Stamaril</td><td><a href=\"http://hl7.org/fhir/R4/codesystem-concept-map-equivalence.html#equivalent\" title=\"equivalent\">is equivalent to</a></td><td style=\"border-right-width: 0px\">871717007</td><td style=\"border-left-width: 0px\">Vaccine product containing only Yellow fever virus antigen (medicinal product)</td></tr><tr><td style=\"border-right-width: 0px\">612</td><td style=\"border-left-width: 0px\">Tetravac</td><td><a href=\"http://hl7.org/fhir/R4/codesystem-concept-map-equivalence.html#equivalent\" title=\"equivalent\">is equivalent to</a></td><td style=\"border-right-width: 0px\">871878002</td><td style=\"border-left-width: 0px\">Vaccine product containing only Bordetella pertussis and Clostridium tetani and Corynebacterium diphtheriae and Human poliovirus antigens (medicinal product)</td></tr><tr><td style=\"border-right-width: 0px\">417</td><td style=\"border-left-width: 0px\">Tollwut Impfstoff Mérieux</td><td><a href=\"http://hl7.org/fhir/R4/codesystem-concept-map-equivalence.html#equivalent\" title=\"equivalent\">is equivalent to</a></td><td style=\"border-right-width: 0px\">871726005</td><td style=\"border-left-width: 0px\">Vaccine product containing only Rabies lyssavirus antigen (medicinal product)</td></tr><tr><td style=\"border-right-width: 0px\">654</td><td style=\"border-left-width: 0px\">Meningitec</td><td><a href=\"http://hl7.org/fhir/R4/codesystem-concept-map-equivalence.html#equivalent\" title=\"equivalent\">is equivalent to</a></td><td style=\"border-right-width: 0px\">871866001</td><td style=\"border-left-width: 0px\">Vaccine product containing only Neisseria meningitidis serogroup C antigen (medicinal product)</td></tr><tr><td style=\"border-right-width: 0px\">643</td><td style=\"border-left-width: 0px\">Prevenar-7</td><td><a href=\"http://hl7.org/fhir/R4/codesystem-concept-map-equivalence.html#equivalent\" title=\"equivalent\">is equivalent to</a></td><td style=\"border-right-width: 0px\">1052328007</td><td style=\"border-left-width: 0px\">Vaccine product containing only Streptococcus pneumoniae Danish serotype 4, 6B, 9V, 14, 18C, 19F, and 23F capsular polysaccharide antigens conjugated (medicinal product)</td></tr><tr><td style=\"border-right-width: 0px\">644</td><td style=\"border-left-width: 0px\">Hexavac</td><td><a href=\"http://hl7.org/fhir/R4/codesystem-concept-map-equivalence.html#equivalent\" title=\"equivalent\">is equivalent to</a></td><td style=\"border-right-width: 0px\">871895005</td><td style=\"border-left-width: 0px\">Vaccine product containing only Bordetella pertussis and Clostridium tetani and Corynebacterium diphtheriae and Haemophilus influenzae type B and Hepatitis B virus and Human poliovirus antigens (medicinal product)</td></tr><tr><td style=\"border-right-width: 0px\">711</td><td style=\"border-left-width: 0px\">DiTe pediatric adsorbed</td><td><a href=\"http://hl7.org/fhir/R4/codesystem-concept-map-equivalence.html#equivalent\" title=\"equivalent\">is equivalent to</a></td><td style=\"border-right-width: 0px\">871826000</td><td style=\"border-left-width: 0px\">Vaccine product containing only Clostridium tetani and Corynebacterium diphtheriae antigens (medicinal product)</td></tr><tr><td style=\"border-right-width: 0px\">711-01</td><td style=\"border-left-width: 0px\">Diphtherie- und Tetanus-Adsorbatimpfstoff für Kinder unter 8 Jahren</td><td><a href=\"http://hl7.org/fhir/R4/codesystem-concept-map-equivalence.html#equivalent\" title=\"equivalent\">is equivalent to</a></td><td style=\"border-right-width: 0px\">871826000</td><td style=\"border-left-width: 0px\">Vaccine product containing only Clostridium tetani and Corynebacterium diphtheriae antigens (medicinal product)</td></tr><tr><td style=\"border-right-width: 0px\">711-02</td><td style=\"border-left-width: 0px\">Diphtherie- und Tetanus-Adsorbatimpfstoff für Erwachsene und Kinder ab 7 Jahren</td><td><a href=\"http://hl7.org/fhir/R4/codesystem-concept-map-equivalence.html#equivalent\" title=\"equivalent\">is equivalent to</a></td><td style=\"border-right-width: 0px\">871826000</td><td style=\"border-left-width: 0px\">Vaccine product containing only Clostridium tetani and Corynebacterium diphtheriae antigens (medicinal product)</td></tr><tr><td style=\"border-right-width: 0px\">704</td><td style=\"border-left-width: 0px\">Dukoral</td><td><a href=\"http://hl7.org/fhir/R4/codesystem-concept-map-equivalence.html#equivalent\" title=\"equivalent\">is equivalent to</a></td><td style=\"border-right-width: 0px\">991000221105</td><td style=\"border-left-width: 0px\">Vaccine product containing only Vibrio cholerae antigen (medicinal product)</td></tr><tr><td style=\"border-right-width: 0px\">483</td><td style=\"border-left-width: 0px\">Rimevax</td><td><a href=\"http://hl7.org/fhir/R4/codesystem-concept-map-equivalence.html#equivalent\" title=\"equivalent\">is equivalent to</a></td><td style=\"border-right-width: 0px\">871765008</td><td style=\"border-left-width: 0px\">Vaccine product containing only Measles morbillivirus antigen (medicinal product)</td></tr><tr><td style=\"border-right-width: 0px\">707</td><td style=\"border-left-width: 0px\">Tetanol pur</td><td><a href=\"http://hl7.org/fhir/R4/codesystem-concept-map-equivalence.html#equivalent\" title=\"equivalent\">is equivalent to</a></td><td style=\"border-right-width: 0px\">871742003</td><td style=\"border-left-width: 0px\">Vaccine product containing only Clostridium tetani antigen (medicinal product)</td></tr><tr><td style=\"border-right-width: 0px\">57735</td><td style=\"border-left-width: 0px\">Gardasil</td><td><a href=\"http://hl7.org/fhir/R4/codesystem-concept-map-equivalence.html#equivalent\" title=\"equivalent\">is equivalent to</a></td><td style=\"border-right-width: 0px\">2001000221108</td><td style=\"border-left-width: 0px\">Vaccine product containing only Human papillomavirus 6, 11, 16 and 18 antigens (medicinal product)</td></tr><tr><td style=\"border-right-width: 0px\">709</td><td style=\"border-left-width: 0px\">Zostavax</td><td><a href=\"http://hl7.org/fhir/R4/codesystem-concept-map-equivalence.html#equivalent\" title=\"equivalent\">is equivalent to</a></td><td style=\"border-right-width: 0px\">1156183006</td><td style=\"border-left-width: 0px\">Vaccine product containing only Human alphaherpesvirus 3 recombinant surface glycoprotein E antigen (medicinal product)</td></tr><tr><td style=\"border-right-width: 0px\">58158</td><td style=\"border-left-width: 0px\">Priorix-Tetra</td><td><a href=\"http://hl7.org/fhir/R4/codesystem-concept-map-equivalence.html#equivalent\" title=\"equivalent\">is equivalent to</a></td><td style=\"border-right-width: 0px\">871908002</td><td style=\"border-left-width: 0px\">Vaccine product containing only Human alphaherpesvirus 3 and Measles morbillivirus and Mumps orthorubulavirus and Rubella virus antigens (medicinal product)</td></tr><tr><td style=\"border-right-width: 0px\">60150</td><td style=\"border-left-width: 0px\">Rotarix</td><td><a href=\"http://hl7.org/fhir/R4/codesystem-concept-map-equivalence.html#equivalent\" title=\"equivalent\">is equivalent to</a></td><td style=\"border-right-width: 0px\">871761004</td><td style=\"border-left-width: 0px\">Vaccine product containing only Rotavirus antigen (medicinal product)</td></tr><tr><td style=\"border-right-width: 0px\">703</td><td style=\"border-left-width: 0px\">MMRVaxPro</td><td><a href=\"http://hl7.org/fhir/R4/codesystem-concept-map-equivalence.html#equivalent\" title=\"equivalent\">is equivalent to</a></td><td style=\"border-right-width: 0px\">871831003</td><td style=\"border-left-width: 0px\">Vaccine product containing only Measles morbillivirus and Mumps orthorubulavirus and Rubella virus antigens (medicinal product)</td></tr><tr><td style=\"border-right-width: 0px\">58506</td><td style=\"border-left-width: 0px\">Measles vaccine live</td><td><a href=\"http://hl7.org/fhir/R4/codesystem-concept-map-equivalence.html#equivalent\" title=\"equivalent\">is equivalent to</a></td><td style=\"border-right-width: 0px\">871765008</td><td style=\"border-left-width: 0px\">Vaccine product containing only Measles morbillivirus antigen (medicinal product)</td></tr><tr><td style=\"border-right-width: 0px\">57814</td><td style=\"border-left-width: 0px\">Cervarix</td><td><a href=\"http://hl7.org/fhir/R4/codesystem-concept-map-equivalence.html#equivalent\" title=\"equivalent\">is equivalent to</a></td><td style=\"border-right-width: 0px\">2001000221108</td><td style=\"border-left-width: 0px\">Vaccine product containing only Human papillomavirus 6, 11, 16 and 18 antigens (medicinal product)</td></tr><tr><td style=\"border-right-width: 0px\">60129</td><td style=\"border-left-width: 0px\">Prevenar 13</td><td><a href=\"http://hl7.org/fhir/R4/codesystem-concept-map-equivalence.html#equivalent\" title=\"equivalent\">is equivalent to</a></td><td style=\"border-right-width: 0px\">1052328007</td><td style=\"border-left-width: 0px\">Vaccine product containing only Streptococcus pneumoniae Danish serotype 4, 6B, 9V, 14, 18C, 19F, and 23F capsular polysaccharide antigens conjugated (medicinal product)</td></tr><tr><td style=\"border-right-width: 0px\">59147</td><td style=\"border-left-width: 0px\">Ixiaro</td><td><a href=\"http://hl7.org/fhir/R4/codesystem-concept-map-equivalence.html#equivalent\" title=\"equivalent\">is equivalent to</a></td><td style=\"border-right-width: 0px\">871724008</td><td style=\"border-left-width: 0px\">Vaccine product containing only Japanese encephalitis virus antigen (medicinal product)</td></tr><tr><td style=\"border-right-width: 0px\">62502</td><td style=\"border-left-width: 0px\">Menveo</td><td><a href=\"http://hl7.org/fhir/R4/codesystem-concept-map-equivalence.html#equivalent\" title=\"equivalent\">is equivalent to</a></td><td style=\"border-right-width: 0px\">871866001</td><td style=\"border-left-width: 0px\">Vaccine product containing only Neisseria meningitidis serogroup C antigen (medicinal product)</td></tr><tr><td style=\"border-right-width: 0px\">600</td><td style=\"border-left-width: 0px\">DiTe Anatoxal Erwachsene / Adultes</td><td><a href=\"http://hl7.org/fhir/R4/codesystem-concept-map-equivalence.html#equivalent\" title=\"equivalent\">is equivalent to</a></td><td style=\"border-right-width: 0px\">871826000</td><td style=\"border-left-width: 0px\">Vaccine product containing only Clostridium tetani and Corynebacterium diphtheriae antigens (medicinal product)</td></tr><tr><td style=\"border-right-width: 0px\">690</td><td style=\"border-left-width: 0px\">DiTe Anatoxal N Erwachsene / Adultes</td><td><a href=\"http://hl7.org/fhir/R4/codesystem-concept-map-equivalence.html#equivalent\" title=\"equivalent\">is equivalent to</a></td><td style=\"border-right-width: 0px\">871826000</td><td style=\"border-left-width: 0px\">Vaccine product containing only Clostridium tetani and Corynebacterium diphtheriae antigens (medicinal product)</td></tr><tr><td style=\"border-right-width: 0px\">689</td><td style=\"border-left-width: 0px\">Te Anatoxal N</td><td><a href=\"http://hl7.org/fhir/R4/codesystem-concept-map-equivalence.html#equivalent\" title=\"equivalent\">is equivalent to</a></td><td style=\"border-right-width: 0px\">871742003</td><td style=\"border-left-width: 0px\">Vaccine product containing only Clostridium tetani antigen (medicinal product)</td></tr><tr><td style=\"border-right-width: 0px\">699</td><td style=\"border-left-width: 0px\">ProQuad</td><td><a href=\"http://hl7.org/fhir/R4/codesystem-concept-map-equivalence.html#equivalent\" title=\"equivalent\">is equivalent to</a></td><td style=\"border-right-width: 0px\">871908002</td><td style=\"border-left-width: 0px\">Vaccine product containing only Human alphaherpesvirus 3 and Measles morbillivirus and Mumps orthorubulavirus and Rubella virus antigens (medicinal product)</td></tr><tr><td style=\"border-right-width: 0px\">65387</td><td style=\"border-left-width: 0px\">Gardasil 9</td><td><a href=\"http://hl7.org/fhir/R4/codesystem-concept-map-equivalence.html#equivalent\" title=\"equivalent\">is equivalent to</a></td><td style=\"border-right-width: 0px\">2001000221108</td><td style=\"border-left-width: 0px\">Vaccine product containing only Human papillomavirus 6, 11, 16 and 18 antigens (medicinal product)</td></tr><tr><td style=\"border-right-width: 0px\">66940</td><td style=\"border-left-width: 0px\">Vaxelis</td><td><a href=\"http://hl7.org/fhir/R4/codesystem-concept-map-equivalence.html#equivalent\" title=\"equivalent\">is equivalent to</a></td><td style=\"border-right-width: 0px\">871895005</td><td style=\"border-left-width: 0px\">Vaccine product containing only Bordetella pertussis and Clostridium tetani and Corynebacterium diphtheriae and Haemophilus influenzae type B and Hepatitis B virus and Human poliovirus antigens (medicinal product)</td></tr><tr><td style=\"border-right-width: 0px\">68267</td><td style=\"border-left-width: 0px\">Spikevax (COVID-19 Vaccine, Moderna)</td><td><a href=\"http://hl7.org/fhir/R4/codesystem-concept-map-equivalence.html#equivalent\" title=\"equivalent\">is equivalent to</a></td><td style=\"border-right-width: 0px\">1119349007</td><td style=\"border-left-width: 0px\">Vaccine product containing only Severe acute respiratory syndrome coronavirus 2 messenger ribonucleic acid (medicinal product)</td></tr><tr><td style=\"border-right-width: 0px\">68225</td><td style=\"border-left-width: 0px\">Comirnaty (COVID-19 Vaccine, Pfizer)</td><td><a href=\"http://hl7.org/fhir/R4/codesystem-concept-map-equivalence.html#equivalent\" title=\"equivalent\">is equivalent to</a></td><td style=\"border-right-width: 0px\">1119349007</td><td style=\"border-left-width: 0px\">Vaccine product containing only Severe acute respiratory syndrome coronavirus 2 messenger ribonucleic acid (medicinal product)</td></tr><tr><td style=\"border-right-width: 0px\">68235</td><td style=\"border-left-width: 0px\">COVID-19 Vaccine Janssen</td><td><a href=\"http://hl7.org/fhir/R4/codesystem-concept-map-equivalence.html#equivalent\" title=\"equivalent\">is equivalent to</a></td><td style=\"border-right-width: 0px\">1119349007</td><td style=\"border-left-width: 0px\">Vaccine product containing only Severe acute respiratory syndrome coronavirus 2 messenger ribonucleic acid (medicinal product)</td></tr><tr><td style=\"border-right-width: 0px\">67987</td><td style=\"border-left-width: 0px\">Shingrix</td><td><a href=\"http://hl7.org/fhir/R4/codesystem-concept-map-equivalence.html#equivalent\" title=\"equivalent\">is equivalent to</a></td><td style=\"border-right-width: 0px\">1156183006</td><td style=\"border-left-width: 0px\">Vaccine product containing only Human alphaherpesvirus 3 recombinant surface glycoprotein E antigen (medicinal product)</td></tr><tr><td style=\"border-right-width: 0px; border-bottom-style: none\">68473</td><td style=\"border-left-width: 0px; border-bottom-style: none\">Nuvaxovid 5 ml</td><td><a href=\"http://hl7.org/fhir/R4/codesystem-concept-map-equivalence.html#equivalent\" title=\"equivalent\">is equivalent to</a></td><td style=\"border-right-width: 0px\">1119349007</td><td style=\"border-left-width: 0px\">Vaccine product containing only Severe acute respiratory syndrome coronavirus 2 messenger ribonucleic acid (medicinal product)</td></tr><tr><td style=\"border-right-width: 0px; border-top-style: none\"/><td style=\"border-top-style: none; border-left-width: 0px\"/><td><a href=\"http://hl7.org/fhir/R4/codesystem-concept-map-equivalence.html#equivalent\" title=\"equivalent\">is equivalent to</a></td><td style=\"border-right-width: 0px\">1119349007</td><td style=\"border-left-width: 0px\">Vaccine product containing only Severe acute respiratory syndrome coronavirus 2 messenger ribonucleic acid (medicinal product)</td></tr><tr><td style=\"border-right-width: 0px\">68710-01</td><td style=\"border-left-width: 0px\">Comirnaty® 30 Mikrogramm/Dosis</td><td><a href=\"http://hl7.org/fhir/R4/codesystem-concept-map-equivalence.html#equivalent\" title=\"equivalent\">is equivalent to</a></td><td style=\"border-right-width: 0px\">1119349007</td><td style=\"border-left-width: 0px\">Vaccine product containing only Severe acute respiratory syndrome coronavirus 2 messenger ribonucleic acid (medicinal product)</td></tr><tr><td style=\"border-right-width: 0px\">68710-02</td><td style=\"border-left-width: 0px\">Comirnaty® 10 Mikrogramm/Dosis</td><td><a href=\"http://hl7.org/fhir/R4/codesystem-concept-map-equivalence.html#equivalent\" title=\"equivalent\">is equivalent to</a></td><td style=\"border-right-width: 0px\">1119349007</td><td style=\"border-left-width: 0px\">Vaccine product containing only Severe acute respiratory syndrome coronavirus 2 messenger ribonucleic acid (medicinal product)</td></tr><tr><td style=\"border-right-width: 0px\">69009</td><td style=\"border-left-width: 0px\">Spikevax Bivalent Original / Omicron</td><td><a href=\"http://hl7.org/fhir/R4/codesystem-concept-map-equivalence.html#equivalent\" title=\"equivalent\">is equivalent to</a></td><td style=\"border-right-width: 0px\">1119349007</td><td style=\"border-left-width: 0px\">Vaccine product containing only Severe acute respiratory syndrome coronavirus 2 messenger ribonucleic acid (medicinal product)</td></tr><tr><td style=\"border-right-width: 0px\">68110</td><td style=\"border-left-width: 0px\">Adacel-Polio 0.5 ml</td><td><a href=\"http://hl7.org/fhir/R4/codesystem-concept-map-equivalence.html#equivalent\" title=\"equivalent\">is equivalent to</a></td><td style=\"border-right-width: 0px\">871878002</td><td style=\"border-left-width: 0px\">Vaccine product containing only Bordetella pertussis and Clostridium tetani and Corynebacterium diphtheriae and Human poliovirus antigens (medicinal product)</td></tr><tr><td style=\"border-right-width: 0px\">68317</td><td style=\"border-left-width: 0px\">Adacel 0.5 ml</td><td><a href=\"http://hl7.org/fhir/R4/codesystem-concept-map-equivalence.html#equivalent\" title=\"equivalent\">is equivalent to</a></td><td style=\"border-right-width: 0px\">871875004</td><td style=\"border-left-width: 0px\">Vaccine product containing only Bordetella pertussis and Clostridium tetani and Corynebacterium diphtheriae antigens (medicinal product)</td></tr><tr><td style=\"border-right-width: 0px\">69123</td><td style=\"border-left-width: 0px\">Spikevax Bivalent Original / Omicron 10 mg/ml, Fertigspritze</td><td><a href=\"http://hl7.org/fhir/R4/codesystem-concept-map-equivalence.html#equivalent\" title=\"equivalent\">is equivalent to</a></td><td style=\"border-right-width: 0px\">1119349007</td><td style=\"border-left-width: 0px\">Vaccine product containing only Severe acute respiratory syndrome coronavirus 2 messenger ribonucleic acid (medicinal product)</td></tr><tr><td style=\"border-right-width: 0px\">69010</td><td style=\"border-left-width: 0px\">Spikevax, Fertigspritze</td><td><a href=\"http://hl7.org/fhir/R4/codesystem-concept-map-equivalence.html#equivalent\" title=\"equivalent\">is equivalent to</a></td><td style=\"border-right-width: 0px\">1119349007</td><td style=\"border-left-width: 0px\">Vaccine product containing only Severe acute respiratory syndrome coronavirus 2 messenger ribonucleic acid (medicinal product)</td></tr><tr><td style=\"border-right-width: 0px\">69047</td><td style=\"border-left-width: 0px\">Comirnaty® Original/Omicron BA.1 15/15 µg pro Dosis</td><td><a href=\"http://hl7.org/fhir/R4/codesystem-concept-map-equivalence.html#equivalent\" title=\"equivalent\">is equivalent to</a></td><td style=\"border-right-width: 0px\">1119349007</td><td style=\"border-left-width: 0px\">Vaccine product containing only Severe acute respiratory syndrome coronavirus 2 messenger ribonucleic acid (medicinal product)</td></tr><tr><td style=\"border-right-width: 0px\">69127</td><td style=\"border-left-width: 0px\">Comirnaty Original/Omicron BA. 4-5 0.225 mg</td><td><a href=\"http://hl7.org/fhir/R4/codesystem-concept-map-equivalence.html#equivalent\" title=\"equivalent\">is equivalent to</a></td><td style=\"border-right-width: 0px\">1119349007</td><td style=\"border-left-width: 0px\">Vaccine product containing only Severe acute respiratory syndrome coronavirus 2 messenger ribonucleic acid (medicinal product)</td></tr><tr><td style=\"border-right-width: 0px\">69189</td><td style=\"border-left-width: 0px\">Spikevax Bivalent Original / Omicron BA.4-5, dispersion for injection</td><td><a href=\"http://hl7.org/fhir/R4/codesystem-concept-map-equivalence.html#equivalent\" title=\"equivalent\">is equivalent to</a></td><td style=\"border-right-width: 0px\">1119349007</td><td style=\"border-left-width: 0px\">Vaccine product containing only Severe acute respiratory syndrome coronavirus 2 messenger ribonucleic acid (medicinal product)</td></tr><tr><td style=\"border-right-width: 0px\">69211</td><td style=\"border-left-width: 0px\">Spikevax Bivalent Original / Omicron BA.4-5, Fertigspritze</td><td><a href=\"http://hl7.org/fhir/R4/codesystem-concept-map-equivalence.html#equivalent\" title=\"equivalent\">is equivalent to</a></td><td style=\"border-right-width: 0px\">1119349007</td><td style=\"border-left-width: 0px\">Vaccine product containing only Severe acute respiratory syndrome coronavirus 2 messenger ribonucleic acid (medicinal product)</td></tr><tr><td style=\"border-right-width: 0px\">68752</td><td style=\"border-left-width: 0px\">Vaxneuvance, Injektionssuspension</td><td><a href=\"http://hl7.org/fhir/R4/codesystem-concept-map-equivalence.html#equivalent\" title=\"equivalent\">is equivalent to</a></td><td style=\"border-right-width: 0px\">1252708008</td><td style=\"border-left-width: 0px\">Vaccine product containing only Streptococcus pneumoniae Danish serotype 1, 3, 4, 5, 6A, 6B, 7F, 9V, 14, 18C, 19A, 19F, 22F, 23F, and 33F capsular polysaccharide conjugated antigens (medicinal product)</td></tr></table><hr/><p><b>Group 2</b>Mapping from <a href=\"CodeSystem-ch-vacd-myvaccines-cs.html\">Old Swiss Vaccines Codesystem</a> to <a href=\"http://hl7.org/fhir/R4/codesystem-snomedct.html\">SNOMED CT (all versions)</a></p><table class=\"grid\"><tr><td><b>Source Code</b></td><td><b>Relationship</b></td><td><b>Target Code</b></td></tr><tr><td>17 (Poliomyelitis Impfstoff Berna)</td><td><a href=\"http://hl7.org/fhir/R4/codesystem-concept-map-equivalence.html#equivalent\" title=\"equivalent\">is equivalent to</a></td><td>871739009 (Vaccine product containing only Human poliovirus antigen (medicinal product))</td></tr><tr><td>25 (Vivotif L)</td><td><a href=\"http://hl7.org/fhir/R4/codesystem-concept-map-equivalence.html#equivalent\" title=\"equivalent\">is equivalent to</a></td><td>961000221100 (Vaccine product containing only Salmonella enterica subspecies enterica serovar Typhi antigen (medicinal product))</td></tr><tr><td>35 (Infanrix DTPa)</td><td><a href=\"http://hl7.org/fhir/R4/codesystem-concept-map-equivalence.html#equivalent\" title=\"equivalent\">is equivalent to</a></td><td>871875004 (Vaccine product containing only Bordetella pertussis and Clostridium tetani and Corynebacterium diphtheriae antigens (medicinal product))</td></tr><tr><td>47 (Attenuvax)</td><td><a href=\"http://hl7.org/fhir/R4/codesystem-concept-map-equivalence.html#equivalent\" title=\"equivalent\">is equivalent to</a></td><td>871765008 (Vaccine product containing only Measles morbillivirus antigen (medicinal product))</td></tr><tr><td>53 (HBVAXPRO 5)</td><td><a href=\"http://hl7.org/fhir/R4/codesystem-concept-map-equivalence.html#equivalent\" title=\"equivalent\">is equivalent to</a></td><td>871822003 (Vaccine product containing only Hepatitis B virus antigen (medicinal product))</td></tr><tr><td>55 (Meningokokken-Impfstoff A+C Mérieux)</td><td><a href=\"http://hl7.org/fhir/R4/codesystem-concept-map-equivalence.html#equivalent\" title=\"equivalent\">is equivalent to</a></td><td>871866001 (Vaccine product containing only Neisseria meningitidis serogroup C antigen (medicinal product))</td></tr><tr><td>74 (Twinrix 360/10)</td><td><a href=\"http://hl7.org/fhir/R4/codesystem-concept-map-equivalence.html#equivalent\" title=\"equivalent\">is equivalent to</a></td><td>871803007 (Vaccine product containing only Hepatitis A and Hepatitis B virus antigens (medicinal product))</td></tr><tr><td>75 (Pluserix)</td><td><a href=\"http://hl7.org/fhir/R4/codesystem-concept-map-equivalence.html#equivalent\" title=\"equivalent\">is equivalent to</a></td><td>871831003 (Vaccine product containing only Measles morbillivirus and Mumps orthorubulavirus and Rubella virus antigens (medicinal product))</td></tr><tr><td>76 (Acel Immune)</td><td><a href=\"http://hl7.org/fhir/R4/codesystem-concept-map-equivalence.html#equivalent\" title=\"equivalent\">is equivalent to</a></td><td>871875004 (Vaccine product containing only Bordetella pertussis and Clostridium tetani and Corynebacterium diphtheriae antigens (medicinal product))</td></tr><tr><td>78 (Act-Hib)</td><td><a href=\"http://hl7.org/fhir/R4/codesystem-concept-map-equivalence.html#equivalent\" title=\"equivalent\">is equivalent to</a></td><td>871764007 (Vaccine product containing only Haemophilus influenzae type B antigen (medicinal product))</td></tr><tr><td>79 (Anatoxal DiTePer)</td><td><a href=\"http://hl7.org/fhir/R4/codesystem-concept-map-equivalence.html#equivalent\" title=\"equivalent\">is equivalent to</a></td><td>871875004 (Vaccine product containing only Bordetella pertussis and Clostridium tetani and Corynebacterium diphtheriae antigens (medicinal product))</td></tr><tr><td>80 (Anatoxal DiTe Erwachsene)</td><td><a href=\"http://hl7.org/fhir/R4/codesystem-concept-map-equivalence.html#equivalent\" title=\"equivalent\">is equivalent to</a></td><td>871826000 (Vaccine product containing only Clostridium tetani and Corynebacterium diphtheriae antigens (medicinal product))</td></tr><tr><td>81 (Anatoxal DiTe N Erwachsene)</td><td><a href=\"http://hl7.org/fhir/R4/codesystem-concept-map-equivalence.html#equivalent\" title=\"equivalent\">is equivalent to</a></td><td>871826000 (Vaccine product containing only Clostridium tetani and Corynebacterium diphtheriae antigens (medicinal product))</td></tr><tr><td>83 (Anatoxal Te)</td><td><a href=\"http://hl7.org/fhir/R4/codesystem-concept-map-equivalence.html#equivalent\" title=\"equivalent\">is equivalent to</a></td><td>871742003 (Vaccine product containing only Clostridium tetani antigen (medicinal product))</td></tr><tr><td>84 (Anatoxal Te N)</td><td><a href=\"http://hl7.org/fhir/R4/codesystem-concept-map-equivalence.html#equivalent\" title=\"equivalent\">is equivalent to</a></td><td>871742003 (Vaccine product containing only Clostridium tetani antigen (medicinal product))</td></tr><tr><td>86 (Arilvax)</td><td><a href=\"http://hl7.org/fhir/R4/codesystem-concept-map-equivalence.html#equivalent\" title=\"equivalent\">is equivalent to</a></td><td>871717007 (Vaccine product containing only Yellow fever virus antigen (medicinal product))</td></tr><tr><td>92 (HibTiter)</td><td><a href=\"http://hl7.org/fhir/R4/codesystem-concept-map-equivalence.html#equivalent\" title=\"equivalent\">is equivalent to</a></td><td>871764007 (Vaccine product containing only Haemophilus influenzae type B antigen (medicinal product))</td></tr><tr><td>94 (Lyssavac Berna)</td><td><a href=\"http://hl7.org/fhir/R4/codesystem-concept-map-equivalence.html#equivalent\" title=\"equivalent\">is equivalent to</a></td><td>871726005 (Vaccine product containing only Rabies lyssavirus antigen (medicinal product))</td></tr><tr><td>97 (Mumaten)</td><td><a href=\"http://hl7.org/fhir/R4/codesystem-concept-map-equivalence.html#equivalent\" title=\"equivalent\">is equivalent to</a></td><td>871737006 (Vaccine product containing only Mumps orthorubulavirus antigen (medicinal product))</td></tr><tr><td>98 (Pedvax)</td><td><a href=\"http://hl7.org/fhir/R4/codesystem-concept-map-equivalence.html#equivalent\" title=\"equivalent\">is equivalent to</a></td><td>871764007 (Vaccine product containing only Haemophilus influenzae type B antigen (medicinal product))</td></tr><tr><td>99 (Pentacoq)</td><td><a href=\"http://hl7.org/fhir/R4/codesystem-concept-map-equivalence.html#equivalent\" title=\"equivalent\">is equivalent to</a></td><td>871887006 (Vaccine product containing only Bordetella pertussis and Clostridium tetani and Corynebacterium diphtheriae and Haemophilus influenzae type B and Human poliovirus antigens (medicinal product))</td></tr><tr><td>100 (Pnu-Immune)</td><td><a href=\"http://hl7.org/fhir/R4/codesystem-concept-map-equivalence.html#equivalent\" title=\"equivalent\">is equivalent to</a></td><td>1052328007 (Vaccine product containing only Streptococcus pneumoniae Danish serotype 4, 6B, 9V, 14, 18C, 19F, and 23F capsular polysaccharide antigens conjugated (medicinal product))</td></tr><tr><td>101 (Polio Salk)</td><td><a href=\"http://hl7.org/fhir/R4/codesystem-concept-map-equivalence.html#equivalent\" title=\"equivalent\">is equivalent to</a></td><td>871739009 (Vaccine product containing only Human poliovirus antigen (medicinal product))</td></tr><tr><td>102 (Polio Sabin)</td><td><a href=\"http://hl7.org/fhir/R4/codesystem-concept-map-equivalence.html#equivalent\" title=\"equivalent\">is equivalent to</a></td><td>871739009 (Vaccine product containing only Human poliovirus antigen (medicinal product))</td></tr><tr><td>103 (Poloral)</td><td><a href=\"http://hl7.org/fhir/R4/codesystem-concept-map-equivalence.html#equivalent\" title=\"equivalent\">is equivalent to</a></td><td>871739009 (Vaccine product containing only Human poliovirus antigen (medicinal product))</td></tr><tr><td>106 (Tetracoq)</td><td><a href=\"http://hl7.org/fhir/R4/codesystem-concept-map-equivalence.html#equivalent\" title=\"equivalent\">is equivalent to</a></td><td>871878002 (Vaccine product containing only Bordetella pertussis and Clostridium tetani and Corynebacterium diphtheriae and Human poliovirus antigens (medicinal product))</td></tr><tr><td>110 (Vaqta)</td><td><a href=\"http://hl7.org/fhir/R4/codesystem-concept-map-equivalence.html#equivalent\" title=\"equivalent\">is equivalent to</a></td><td>871751006 (Vaccine product containing only Hepatitis A virus antigen (medicinal product))</td></tr><tr><td>115 (Havrix 360)</td><td><a href=\"http://hl7.org/fhir/R4/codesystem-concept-map-equivalence.html#equivalent\" title=\"equivalent\">is equivalent to</a></td><td>871751006 (Vaccine product containing only Hepatitis A virus antigen (medicinal product))</td></tr><tr><td>118 (Hevac B)</td><td><a href=\"http://hl7.org/fhir/R4/codesystem-concept-map-equivalence.html#equivalent\" title=\"equivalent\">is equivalent to</a></td><td>871822003 (Vaccine product containing only Hepatitis B virus antigen (medicinal product))</td></tr><tr><td>119 (MMR-I)</td><td><a href=\"http://hl7.org/fhir/R4/codesystem-concept-map-equivalence.html#equivalent\" title=\"equivalent\">is equivalent to</a></td><td>871831003 (Vaccine product containing only Measles morbillivirus and Mumps orthorubulavirus and Rubella virus antigens (medicinal product))</td></tr><tr><td>120 (Moruman)</td><td><a href=\"http://hl7.org/fhir/R4/codesystem-concept-map-equivalence.html#equivalent\" title=\"equivalent\">is equivalent to</a></td><td>871765008 (Vaccine product containing only Measles morbillivirus antigen (medicinal product))</td></tr><tr><td>123 (Trimovax)</td><td><a href=\"http://hl7.org/fhir/R4/codesystem-concept-map-equivalence.html#equivalent\" title=\"equivalent\">is equivalent to</a></td><td>871831003 (Vaccine product containing only Measles morbillivirus and Mumps orthorubulavirus and Rubella virus antigens (medicinal product))</td></tr><tr><td>126 (Ditanrix pediatric)</td><td><a href=\"http://hl7.org/fhir/R4/codesystem-concept-map-equivalence.html#equivalent\" title=\"equivalent\">is equivalent to</a></td><td>871826000 (Vaccine product containing only Clostridium tetani and Corynebacterium diphtheriae antigens (medicinal product))</td></tr><tr><td>128 (FSME-Immun Injekt)</td><td><a href=\"http://hl7.org/fhir/R4/codesystem-concept-map-equivalence.html#equivalent\" title=\"equivalent\">is equivalent to</a></td><td>87171900 (Vaccine product containing only Tick-borne encephalitis virus antigen (medicinal product))</td></tr><tr><td>133 (ProHibit)</td><td><a href=\"http://hl7.org/fhir/R4/codesystem-concept-map-equivalence.html#equivalent\" title=\"equivalent\">is equivalent to</a></td><td>871764007 (Vaccine product containing only Haemophilus influenzae type B antigen (medicinal product))</td></tr><tr><td>134 (Anatoxal DiTe Kinder)</td><td><a href=\"http://hl7.org/fhir/R4/codesystem-concept-map-equivalence.html#equivalent\" title=\"equivalent\">is equivalent to</a></td><td>871826000 (Vaccine product containing only Clostridium tetani and Corynebacterium diphtheriae antigens (medicinal product))</td></tr><tr><td>138 (K1, K2, K3)</td><td><a href=\"http://hl7.org/fhir/R4/codesystem-concept-map-equivalence.html#equivalent\" title=\"equivalent\">is equivalent to</a></td><td>871739009 (Vaccine product containing only Human poliovirus antigen (medicinal product))</td></tr><tr><td>139 (Koprowski)</td><td><a href=\"http://hl7.org/fhir/R4/codesystem-concept-map-equivalence.html#equivalent\" title=\"equivalent\">is equivalent to</a></td><td>871739009 (Vaccine product containing only Human poliovirus antigen (medicinal product))</td></tr><tr><td>143 (TAB oral)</td><td><a href=\"http://hl7.org/fhir/R4/codesystem-concept-map-equivalence.html#equivalent\" title=\"equivalent\">is equivalent to</a></td><td>961000221100 (Vaccine product containing only Salmonella enterica subspecies enterica serovar Typhi antigen (medicinal product))</td></tr><tr><td>147 (Polio Koprowski (K1-K3))</td><td><a href=\"http://hl7.org/fhir/R4/codesystem-concept-map-equivalence.html#equivalent\" title=\"equivalent\">is equivalent to</a></td><td>871739009 (Vaccine product containing only Human poliovirus antigen (medicinal product))</td></tr><tr><td>148 (Polio Lilly)</td><td><a href=\"http://hl7.org/fhir/R4/codesystem-concept-map-equivalence.html#equivalent\" title=\"equivalent\">is equivalent to</a></td><td>871739009 (Vaccine product containing only Human poliovirus antigen (medicinal product))</td></tr><tr><td>154 (DiTe Anatoxal Kinder / Enfants)</td><td><a href=\"http://hl7.org/fhir/R4/codesystem-concept-map-equivalence.html#equivalent\" title=\"equivalent\">is equivalent to</a></td><td>871826000 (Vaccine product containing only Clostridium tetani and Corynebacterium diphtheriae antigens (medicinal product))</td></tr><tr><td>155 (DiTePer Anatoxal)</td><td><a href=\"http://hl7.org/fhir/R4/codesystem-concept-map-equivalence.html#equivalent\" title=\"equivalent\">is equivalent to</a></td><td>871875004 (Vaccine product containing only Bordetella pertussis and Clostridium tetani and Corynebacterium diphtheriae antigens (medicinal product))</td></tr><tr><td>162 (HBVAX DNA 5)</td><td><a href=\"http://hl7.org/fhir/R4/codesystem-concept-map-equivalence.html#equivalent\" title=\"equivalent\">is equivalent to</a></td><td>871822003 (Vaccine product containing only Hepatitis B virus antigen (medicinal product))</td></tr><tr><td>163 (HBVAX DNA 10)</td><td><a href=\"http://hl7.org/fhir/R4/codesystem-concept-map-equivalence.html#equivalent\" title=\"equivalent\">is equivalent to</a></td><td>871822003 (Vaccine product containing only Hepatitis B virus antigen (medicinal product))</td></tr><tr><td>164 (HBVAX DNA 40)</td><td><a href=\"http://hl7.org/fhir/R4/codesystem-concept-map-equivalence.html#equivalent\" title=\"equivalent\">is equivalent to</a></td><td>871822003 (Vaccine product containing only Hepatitis B virus antigen (medicinal product))</td></tr><tr><td>165 (Havrix junior)</td><td><a href=\"http://hl7.org/fhir/R4/codesystem-concept-map-equivalence.html#equivalent\" title=\"equivalent\">is equivalent to</a></td><td>871751006 (Vaccine product containing only Hepatitis A virus antigen (medicinal product))</td></tr><tr><td>166 (Infanrix)</td><td><a href=\"http://hl7.org/fhir/R4/codesystem-concept-map-equivalence.html#equivalent\" title=\"equivalent\">is equivalent to</a></td><td>871875004 (Vaccine product containing only Bordetella pertussis and Clostridium tetani and Corynebacterium diphtheriae antigens (medicinal product))</td></tr><tr><td>168 (Tanrix)</td><td><a href=\"http://hl7.org/fhir/R4/codesystem-concept-map-equivalence.html#equivalent\" title=\"equivalent\">is equivalent to</a></td><td>871742003 (Vaccine product containing only Clostridium tetani antigen (medicinal product))</td></tr><tr><td>170 (Engerix-B 40)</td><td><a href=\"http://hl7.org/fhir/R4/codesystem-concept-map-equivalence.html#equivalent\" title=\"equivalent\">is equivalent to</a></td><td>871822003 (Vaccine product containing only Hepatitis B virus antigen (medicinal product))</td></tr><tr><td>172 (Hepavax)</td><td><a href=\"http://hl7.org/fhir/R4/codesystem-concept-map-equivalence.html#equivalent\" title=\"equivalent\">is equivalent to</a></td><td>871822003 (Vaccine product containing only Hepatitis B virus antigen (medicinal product))</td></tr><tr><td>16 (Orochol E)</td><td><a href=\"http://hl7.org/fhir/R4/codesystem-concept-map-equivalence.html#equivalent\" title=\"equivalent\">is equivalent to</a></td><td>991000221105 (Vaccine product containing only Vibrio cholerae antigen (medicinal product))</td></tr></table></div>"},"url":"http://fhir.ch/ig/ch-vacd/ConceptMap/ch-vacd-vaccines-sm-sct-cm","version":"4.0.0-ballot","name":"VaccineCodeSMToVaccineCodeSCT","title":"SwissMedic VaccineCode To Snomed CT VaccineCode","status":"draft","experimental":false,"date":"2023-06-29T17:17:43+02:00","publisher":"HL7 Switzerland","contact":[{"name":"HL7 Switzerland","telecom":[{"system":"url","value":"https://www.hl7.ch/"}]}],"description":"Mappings from vaccine code to vaccine code","jurisdiction":[{"coding":[{"system":"urn:iso:std:iso:3166","code":"CHE"}]}],"copyright":"This artefact includes content from SNOMED Clinical Terms® (SNOMED CT®) which is copyright of the International Health Terminology Standards Development Organisation (IHTSDO). Implementers of these artefacts must have the appropriate SNOMED CT Affiliate license - for more information contact http://www.snomed.org/snomed-ct/getsnomed-ct or info@snomed.org.","sourceUri":"http://fhir.ch/ig/ch-vacd/ValueSet/ch-vacd-vaccines-vs","targetUri":"http://fhir.ch/ig/ch-vacd/ValueSet/ch-vacd-vaccines-snomedct-vs","group":[{"source":"http://fhir.ch/ig/ch-vacd/CodeSystem/ch-vacd-swissmedic-cs","target":"http://snomed.info/sct","element":[{"code":"683","display":"FSME-Immun 0.25 ml Junior","target":[{"code":"87171900","display":"Vaccine product containing only Tick-borne encephalitis virus antigen (medicinal product)","equivalence":"equivalent"}]},{"code":"450","display":"FSME-Immun CC","target":[{"code":"87171900","display":"Vaccine product containing only Tick-borne encephalitis virus antigen (medicinal product)","equivalence":"equivalent"}]},{"code":"656","display":"NeisVac-C","target":[{"code":"871866001","display":"Vaccine product containing only Neisseria meningitidis serogroup C antigen (medicinal product)","equivalence":"equivalent"}]},{"code":"627","display":"Encepur N","target":[{"code":"87171900","display":"Vaccine product containing only Tick-borne encephalitis virus antigen (medicinal product)","equivalence":"equivalent"}]},{"code":"628","display":"Encepur N Kinder / Enfants","target":[{"code":"87171900","display":"Vaccine product containing only Tick-borne encephalitis virus antigen (medicinal product)","equivalence":"equivalent"}]},{"code":"572","display":"Epaxal","target":[{"code":"871751006","display":"Vaccine product containing only Hepatitis A virus antigen (medicinal product)","equivalence":"equivalent"}]},{"code":"544","display":"Heprecomb","target":[{"code":"871822003","display":"Vaccine product containing only Hepatitis B virus antigen (medicinal product)","equivalence":"equivalent"}]},{"code":"642","display":"Heprecomb Kinder","target":[{"code":"871822003","display":"Vaccine product containing only Hepatitis B virus antigen (medicinal product)","equivalence":"equivalent"}]},{"code":"657","display":"Menjugate","target":[{"code":"871866001","display":"Vaccine product containing only Neisseria meningitidis serogroup C antigen (medicinal product)","equivalence":"equivalent"}]},{"code":"533","display":"Moraten","target":[{"code":"871765008","display":"Vaccine product containing only Measles morbillivirus antigen (medicinal product)","equivalence":"equivalent"}]},{"code":"555","display":"Orochol","target":[{"code":"991000221105","display":"Vaccine product containing only Vibrio cholerae antigen (medicinal product)","equivalence":"equivalent"}]},{"code":"685","display":"Rabipur","target":[{"code":"871726005","display":"Vaccine product containing only Rabies lyssavirus antigen (medicinal product)","equivalence":"equivalent"}]},{"code":"702","display":"Td-pur","target":[{"code":"871826000","display":"Vaccine product containing only Clostridium tetani and Corynebacterium diphtheriae antigens (medicinal product)","equivalence":"equivalent"}]},{"code":"686","display":"Td-Virelon","target":[{"code":"871837004","display":"Vaccine product containing only Clostridium tetani and Corynebacterium diphtheriae and Human poliovirus antigens (medicinal product)","equivalence":"equivalent"}]},{"code":"467","display":"Vivotif","target":[{"code":"961000221100","display":"Vaccine product containing only Salmonella enterica subspecies enterica serovar Typhi antigen (medicinal product)","equivalence":"equivalent"}]},{"code":"637","display":"Boostrix","target":[{"code":"871875004","display":"Vaccine product containing only Bordetella pertussis and Clostridium tetani and Corynebacterium diphtheriae antigens (medicinal product)","equivalence":"equivalent"}]},{"code":"681","display":"Boostrix Polio","target":[{"code":"871878002","display":"Vaccine product containing only Bordetella pertussis and Clostridium tetani and Corynebacterium diphtheriae and Human poliovirus antigens (medicinal product)","equivalence":"equivalent"}]},{"code":"567","display":"Ditanrix","target":[{"code":"871826000","display":"Vaccine product containing only Clostridium tetani and Corynebacterium diphtheriae antigens (medicinal product)","equivalence":"equivalent"}]},{"code":"551","display":"Engerix-B 10","target":[{"code":"871822003","display":"Vaccine product containing only Hepatitis B virus antigen (medicinal product)","equivalence":"equivalent"}]},{"code":"534","display":"Engerix-B 20","target":[{"code":"871822003","display":"Vaccine product containing only Hepatitis B virus antigen (medicinal product)","equivalence":"equivalent"}]},{"code":"558","display":"Havrix 1440","target":[{"code":"871751006","display":"Vaccine product containing only Hepatitis A virus antigen (medicinal product)","equivalence":"equivalent"}]},{"code":"599","display":"Havrix 720","target":[{"code":"871751006","display":"Vaccine product containing only Hepatitis A virus antigen (medicinal product)","equivalence":"equivalent"}]},{"code":"603","display":"Hiberix","target":[{"code":"871764007","display":"Vaccine product containing only Haemophilus influenzae type B antigen (medicinal product)","equivalence":"equivalent"}]},{"code":"638","display":"Infanrix DTPa-IPV","target":[{"code":"871878002","display":"Vaccine product containing only Bordetella pertussis and Clostridium tetani and Corynebacterium diphtheriae and Human poliovirus antigens (medicinal product)","equivalence":"equivalent"}]},{"code":"619","display":"Infanrix DTPa-IPV+Hib","target":[{"code":"871887006","display":"Vaccine product containing only Bordetella pertussis and Clostridium tetani and Corynebacterium diphtheriae and Haemophilus influenzae type B and Human poliovirus antigens (medicinal product)","equivalence":"equivalent"}]},{"code":"640","display":"Infanrix hexa","target":[{"code":"871895005","display":"Vaccine product containing only Bordetella pertussis and Clostridium tetani and Corynebacterium diphtheriae and Haemophilus influenzae type B and Hepatitis B virus and Human poliovirus antigens (medicinal product)","equivalence":"equivalent"}]},{"code":"669","display":"Poliorix","target":[{"code":"871739009","display":"Vaccine product containing only Human poliovirus antigen (medicinal product)","equivalence":"equivalent"}]},{"code":"615","display":"Priorix","target":[{"code":"871831003","display":"Vaccine product containing only Measles morbillivirus and Mumps orthorubulavirus and Rubella virus antigens (medicinal product)","equivalence":"equivalent"}]},{"code":"592","display":"Twinrix 720/20","target":[{"code":"871803007","display":"Vaccine product containing only Hepatitis A and Hepatitis B virus antigens (medicinal product)","equivalence":"equivalent"}]},{"code":"528","display":"Gen H-B-Vax 10","target":[{"code":"871822003","display":"Vaccine product containing only Hepatitis B virus antigen (medicinal product)","equivalence":"equivalent"}]},{"code":"545","display":"HBVAXPRO 40","target":[{"code":"871822003","display":"Vaccine product containing only Hepatitis B virus antigen (medicinal product)","equivalence":"equivalent"}]},{"code":"610","display":"Gen H-B-Vax 5","target":[{"code":"871822003","display":"Vaccine product containing only Hepatitis B virus antigen (medicinal product)","equivalence":"equivalent"}]},{"code":"663","display":"HBVAXPRO 10","target":[{"code":"871822003","display":"Vaccine product containing only Hepatitis B virus antigen (medicinal product)","equivalence":"equivalent"}]},{"code":"268","display":"MMR-II","target":[{"code":"871831003","display":"Vaccine product containing only Measles morbillivirus and Mumps orthorubulavirus and Rubella virus antigens (medicinal product)","equivalence":"equivalent"}]},{"code":"247","display":"Mumpsvax","target":[{"code":"871737006","display":"Vaccine product containing only Mumps orthorubulavirus antigen (medicinal product)","equivalence":"equivalent"}]},{"code":"613","display":"Pentavac","target":[{"code":"871887006","display":"Vaccine product containing only Bordetella pertussis and Clostridium tetani and Corynebacterium diphtheriae and Haemophilus influenzae type B and Human poliovirus antigens (medicinal product)","equivalence":"equivalent"}]},{"code":"509","display":"Pneumovax-23","target":[{"code":"1052328007","display":"Vaccine product containing only Streptococcus pneumoniae Danish serotype 4, 6B, 9V, 14, 18C, 19F, and 23F capsular polysaccharide antigens conjugated (medicinal product)","equivalence":"equivalent"}]},{"code":"646","display":"Revaxis","target":[{"code":"871837004","display":"Vaccine product containing only Clostridium tetani and Corynebacterium diphtheriae and Human poliovirus antigens (medicinal product)","equivalence":"equivalent"}]},{"code":"520","display":"Stamaril","target":[{"code":"871717007","display":"Vaccine product containing only Yellow fever virus antigen (medicinal product)","equivalence":"equivalent"}]},{"code":"612","display":"Tetravac","target":[{"code":"871878002","display":"Vaccine product containing only Bordetella pertussis and Clostridium tetani and Corynebacterium diphtheriae and Human poliovirus antigens (medicinal product)","equivalence":"equivalent"}]},{"code":"417","display":"Tollwut Impfstoff Mérieux","target":[{"code":"871726005","display":"Vaccine product containing only Rabies lyssavirus antigen (medicinal product)","equivalence":"equivalent"}]},{"code":"654","display":"Meningitec","target":[{"code":"871866001","display":"Vaccine product containing only Neisseria meningitidis serogroup C antigen (medicinal product)","equivalence":"equivalent"}]},{"code":"643","display":"Prevenar-7","target":[{"code":"1052328007","display":"Vaccine product containing only Streptococcus pneumoniae Danish serotype 4, 6B, 9V, 14, 18C, 19F, and 23F capsular polysaccharide antigens conjugated (medicinal product)","equivalence":"equivalent"}]},{"code":"644","display":"Hexavac","target":[{"code":"871895005","display":"Vaccine product containing only Bordetella pertussis and Clostridium tetani and Corynebacterium diphtheriae and Haemophilus influenzae type B and Hepatitis B virus and Human poliovirus antigens (medicinal product)","equivalence":"equivalent"}]},{"code":"711","display":"DiTe pediatric adsorbed","target":[{"code":"871826000","display":"Vaccine product containing only Clostridium tetani and Corynebacterium diphtheriae antigens (medicinal product)","equivalence":"equivalent"}]},{"code":"711-01","display":"Diphtherie- und Tetanus-Adsorbatimpfstoff für Kinder unter 8 Jahren","target":[{"code":"871826000","display":"Vaccine product containing only Clostridium tetani and Corynebacterium diphtheriae antigens (medicinal product)","equivalence":"equivalent"}]},{"code":"711-02","display":"Diphtherie- und Tetanus-Adsorbatimpfstoff für Erwachsene und Kinder ab 7 Jahren","target":[{"code":"871826000","display":"Vaccine product containing only Clostridium tetani and Corynebacterium diphtheriae antigens (medicinal product)","equivalence":"equivalent"}]},{"code":"704","display":"Dukoral","target":[{"code":"991000221105","display":"Vaccine product containing only Vibrio cholerae antigen (medicinal product)","equivalence":"equivalent"}]},{"code":"483","display":"Rimevax","target":[{"code":"871765008","display":"Vaccine product containing only Measles morbillivirus antigen (medicinal product)","equivalence":"equivalent"}]},{"code":"707","display":"Tetanol pur","target":[{"code":"871742003","display":"Vaccine product containing only Clostridium tetani antigen (medicinal product)","equivalence":"equivalent"}]},{"code":"57735","display":"Gardasil","target":[{"code":"2001000221108","display":"Vaccine product containing only Human papillomavirus 6, 11, 16 and 18 antigens (medicinal product)","equivalence":"equivalent"}]},{"code":"709","display":"Zostavax","target":[{"code":"1156183006","display":"Vaccine product containing only Human alphaherpesvirus 3 recombinant surface glycoprotein E antigen (medicinal product)","equivalence":"equivalent"}]},{"code":"58158","display":"Priorix-Tetra","target":[{"code":"871908002","display":"Vaccine product containing only Human alphaherpesvirus 3 and Measles morbillivirus and Mumps orthorubulavirus and Rubella virus antigens (medicinal product)","equivalence":"equivalent"}]},{"code":"60150","display":"Rotarix","target":[{"code":"871761004","display":"Vaccine product containing only Rotavirus antigen (medicinal product)","equivalence":"equivalent"}]},{"code":"703","display":"MMRVaxPro","target":[{"code":"871831003","display":"Vaccine product containing only Measles morbillivirus and Mumps orthorubulavirus and Rubella virus antigens (medicinal product)","equivalence":"equivalent"}]},{"code":"58506","display":"Measles vaccine live","target":[{"code":"871765008","display":"Vaccine product containing only Measles morbillivirus antigen (medicinal product)","equivalence":"equivalent"}]},{"code":"57814","display":"Cervarix","target":[{"code":"2001000221108","display":"Vaccine product containing only Human papillomavirus 6, 11, 16 and 18 antigens (medicinal product)","equivalence":"equivalent"}]},{"code":"60129","display":"Prevenar 13","target":[{"code":"1052328007","display":"Vaccine product containing only Streptococcus pneumoniae Danish serotype 4, 6B, 9V, 14, 18C, 19F, and 23F capsular polysaccharide antigens conjugated (medicinal product)","equivalence":"equivalent"}]},{"code":"59147","display":"Ixiaro","target":[{"code":"871724008","display":"Vaccine product containing only Japanese encephalitis virus antigen (medicinal product)","equivalence":"equivalent"}]},{"code":"62502","display":"Menveo","target":[{"code":"871866001","display":"Vaccine product containing only Neisseria meningitidis serogroup C antigen (medicinal product)","equivalence":"equivalent"}]},{"code":"600","display":"DiTe Anatoxal Erwachsene / Adultes","target":[{"code":"871826000","display":"Vaccine product containing only Clostridium tetani and Corynebacterium diphtheriae antigens (medicinal product)","equivalence":"equivalent"}]},{"code":"690","display":"DiTe Anatoxal N Erwachsene / Adultes","target":[{"code":"871826000","display":"Vaccine product containing only Clostridium tetani and Corynebacterium diphtheriae antigens (medicinal product)","equivalence":"equivalent"}]},{"code":"689","display":"Te Anatoxal N","target":[{"code":"871742003","display":"Vaccine product containing only Clostridium tetani antigen (medicinal product)","equivalence":"equivalent"}]},{"code":"699","display":"ProQuad","target":[{"code":"871908002","display":"Vaccine product containing only Human alphaherpesvirus 3 and Measles morbillivirus and Mumps orthorubulavirus and Rubella virus antigens (medicinal product)","equivalence":"equivalent"}]},{"code":"65387","display":"Gardasil 9","target":[{"code":"2001000221108","display":"Vaccine product containing only Human papillomavirus 6, 11, 16 and 18 antigens (medicinal product)","equivalence":"equivalent"}]},{"code":"66940","display":"Vaxelis","target":[{"code":"871895005","display":"Vaccine product containing only Bordetella pertussis and Clostridium tetani and Corynebacterium diphtheriae and Haemophilus influenzae type B and Hepatitis B virus and Human poliovirus antigens (medicinal product)","equivalence":"equivalent"}]},{"code":"68267","display":"Spikevax (COVID-19 Vaccine, Moderna)","target":[{"code":"1119349007","display":"Vaccine product containing only Severe acute respiratory syndrome coronavirus 2 messenger ribonucleic acid (medicinal product)","equivalence":"equivalent"}]},{"code":"68225","display":"Comirnaty (COVID-19 Vaccine, Pfizer)","target":[{"code":"1119349007","display":"Vaccine product containing only Severe acute respiratory syndrome coronavirus 2 messenger ribonucleic acid (medicinal product)","equivalence":"equivalent"}]},{"code":"68235","display":"COVID-19 Vaccine Janssen","target":[{"code":"1119349007","display":"Vaccine product containing only Severe acute respiratory syndrome coronavirus 2 messenger ribonucleic acid (medicinal product)","equivalence":"equivalent"}]},{"code":"67987","display":"Shingrix","target":[{"code":"1156183006","display":"Vaccine product containing only Human alphaherpesvirus 3 recombinant surface glycoprotein E antigen (medicinal product)","equivalence":"equivalent"}]},{"code":"68473","display":"Nuvaxovid 5 ml","target":[{"code":"1119349007","display":"Vaccine product containing only Severe acute respiratory syndrome coronavirus 2 messenger ribonucleic acid (medicinal product)","equivalence":"equivalent"},{"code":"1119349007","display":"Vaccine product containing only Severe acute respiratory syndrome coronavirus 2 messenger ribonucleic acid (medicinal product)","equivalence":"equivalent"}]},{"code":"68710-01","display":"Comirnaty® 30 Mikrogramm/Dosis","target":[{"code":"1119349007","display":"Vaccine product containing only Severe acute respiratory syndrome coronavirus 2 messenger ribonucleic acid (medicinal product)","equivalence":"equivalent"}]},{"code":"68710-02","display":"Comirnaty® 10 Mikrogramm/Dosis","target":[{"code":"1119349007","display":"Vaccine product containing only Severe acute respiratory syndrome coronavirus 2 messenger ribonucleic acid (medicinal product)","equivalence":"equivalent"}]},{"code":"69009","display":"Spikevax Bivalent Original / Omicron","target":[{"code":"1119349007","display":"Vaccine product containing only Severe acute respiratory syndrome coronavirus 2 messenger ribonucleic acid (medicinal product)","equivalence":"equivalent"}]},{"code":"68110","display":"Adacel-Polio 0.5 ml","target":[{"code":"871878002","display":"Vaccine product containing only Bordetella pertussis and Clostridium tetani and Corynebacterium diphtheriae and Human poliovirus antigens (medicinal product)","equivalence":"equivalent"}]},{"code":"68317","display":"Adacel 0.5 ml","target":[{"code":"871875004","display":"Vaccine product containing only Bordetella pertussis and Clostridium tetani and Corynebacterium diphtheriae antigens (medicinal product)","equivalence":"equivalent"}]},{"code":"69123","display":"Spikevax Bivalent Original / Omicron 10 mg/ml, Fertigspritze","target":[{"code":"1119349007","display":"Vaccine product containing only Severe acute respiratory syndrome coronavirus 2 messenger ribonucleic acid (medicinal product)","equivalence":"equivalent"}]},{"code":"69010","display":"Spikevax, Fertigspritze","target":[{"code":"1119349007","display":"Vaccine product containing only Severe acute respiratory syndrome coronavirus 2 messenger ribonucleic acid (medicinal product)","equivalence":"equivalent"}]},{"code":"69047","display":"Comirnaty® Original/Omicron BA.1 15/15 µg pro Dosis","target":[{"code":"1119349007","display":"Vaccine product containing only Severe acute respiratory syndrome coronavirus 2 messenger ribonucleic acid (medicinal product)","equivalence":"equivalent"}]},{"code":"69127","display":"Comirnaty Original/Omicron BA. 4-5 0.225 mg","target":[{"code":"1119349007","display":"Vaccine product containing only Severe acute respiratory syndrome coronavirus 2 messenger ribonucleic acid (medicinal product)","equivalence":"equivalent"}]},{"code":"69189","display":"Spikevax Bivalent Original / Omicron BA.4-5, dispersion for injection","target":[{"code":"1119349007","display":"Vaccine product containing only Severe acute respiratory syndrome coronavirus 2 messenger ribonucleic acid (medicinal product)","equivalence":"equivalent"}]},{"code":"69211","display":"Spikevax Bivalent Original / Omicron BA.4-5, Fertigspritze","target":[{"code":"1119349007","display":"Vaccine product containing only Severe acute respiratory syndrome coronavirus 2 messenger ribonucleic acid (medicinal product)","equivalence":"equivalent"}]},{"code":"68752","display":"Vaxneuvance, Injektionssuspension","target":[{"code":"1252708008","display":"Vaccine product containing only Streptococcus pneumoniae Danish serotype 1, 3, 4, 5, 6A, 6B, 7F, 9V, 14, 18C, 19A, 19F, 22F, 23F, and 33F capsular polysaccharide conjugated antigens (medicinal product)","equivalence":"equivalent"}]}]},{"source":"http://fhir.ch/ig/ch-vacd/CodeSystem/ch-vacd-myvaccines-cs","target":"http://snomed.info/sct","element":[{"code":"17","display":"Poliomyelitis Impfstoff Berna","target":[{"code":"871739009","display":"Vaccine product containing only Human poliovirus antigen (medicinal product)","equivalence":"equivalent"}]},{"code":"25","display":"Vivotif L","target":[{"code":"961000221100","display":"Vaccine product containing only Salmonella enterica subspecies enterica serovar Typhi antigen (medicinal product)","equivalence":"equivalent"}]},{"code":"35","display":"Infanrix DTPa","target":[{"code":"871875004","display":"Vaccine product containing only Bordetella pertussis and Clostridium tetani and Corynebacterium diphtheriae antigens (medicinal product)","equivalence":"equivalent"}]},{"code":"47","display":"Attenuvax","target":[{"code":"871765008","display":"Vaccine product containing only Measles morbillivirus antigen (medicinal product)","equivalence":"equivalent"}]},{"code":"53","display":"HBVAXPRO 5","target":[{"code":"871822003","display":"Vaccine product containing only Hepatitis B virus antigen (medicinal product)","equivalence":"equivalent"}]},{"code":"55","display":"Meningokokken-Impfstoff A+C Mérieux","target":[{"code":"871866001","display":"Vaccine product containing only Neisseria meningitidis serogroup C antigen (medicinal product)","equivalence":"equivalent"}]},{"code":"74","display":"Twinrix 360/10","target":[{"code":"871803007","display":"Vaccine product containing only Hepatitis A and Hepatitis B virus antigens (medicinal product)","equivalence":"equivalent"}]},{"code":"75","display":"Pluserix","target":[{"code":"871831003","display":"Vaccine product containing only Measles morbillivirus and Mumps orthorubulavirus and Rubella virus antigens (medicinal product)","equivalence":"equivalent"}]},{"code":"76","display":"Acel Immune","target":[{"code":"871875004","display":"Vaccine product containing only Bordetella pertussis and Clostridium tetani and Corynebacterium diphtheriae antigens (medicinal product)","equivalence":"equivalent"}]},{"code":"78","display":"Act-Hib","target":[{"code":"871764007","display":"Vaccine product containing only Haemophilus influenzae type B antigen (medicinal product)","equivalence":"equivalent"}]},{"code":"79","display":"Anatoxal DiTePer","target":[{"code":"871875004","display":"Vaccine product containing only Bordetella pertussis and Clostridium tetani and Corynebacterium diphtheriae antigens (medicinal product)","equivalence":"equivalent"}]},{"code":"80","display":"Anatoxal DiTe Erwachsene","target":[{"code":"871826000","display":"Vaccine product containing only Clostridium tetani and Corynebacterium diphtheriae antigens (medicinal product)","equivalence":"equivalent"}]},{"code":"81","display":"Anatoxal DiTe N Erwachsene","target":[{"code":"871826000","display":"Vaccine product containing only Clostridium tetani and Corynebacterium diphtheriae antigens (medicinal product)","equivalence":"equivalent"}]},{"code":"83","display":"Anatoxal Te","target":[{"code":"871742003","display":"Vaccine product containing only Clostridium tetani antigen (medicinal product)","equivalence":"equivalent"}]},{"code":"84","display":"Anatoxal Te N","target":[{"code":"871742003","display":"Vaccine product containing only Clostridium tetani antigen (medicinal product)","equivalence":"equivalent"}]},{"code":"86","display":"Arilvax","target":[{"code":"871717007","display":"Vaccine product containing only Yellow fever virus antigen (medicinal product)","equivalence":"equivalent"}]},{"code":"92","display":"HibTiter","target":[{"code":"871764007","display":"Vaccine product containing only Haemophilus influenzae type B antigen (medicinal product)","equivalence":"equivalent"}]},{"code":"94","display":"Lyssavac Berna","target":[{"code":"871726005","display":"Vaccine product containing only Rabies lyssavirus antigen (medicinal product)","equivalence":"equivalent"}]},{"code":"97","display":"Mumaten","target":[{"code":"871737006","display":"Vaccine product containing only Mumps orthorubulavirus antigen (medicinal product)","equivalence":"equivalent"}]},{"code":"98","display":"Pedvax","target":[{"code":"871764007","display":"Vaccine product containing only Haemophilus influenzae type B antigen (medicinal product)","equivalence":"equivalent"}]},{"code":"99","display":"Pentacoq","target":[{"code":"871887006","display":"Vaccine product containing only Bordetella pertussis and Clostridium tetani and Corynebacterium diphtheriae and Haemophilus influenzae type B and Human poliovirus antigens (medicinal product)","equivalence":"equivalent"}]},{"code":"100","display":"Pnu-Immune","target":[{"code":"1052328007","display":"Vaccine product containing only Streptococcus pneumoniae Danish serotype 4, 6B, 9V, 14, 18C, 19F, and 23F capsular polysaccharide antigens conjugated (medicinal product)","equivalence":"equivalent"}]},{"code":"101","display":"Polio Salk","target":[{"code":"871739009","display":"Vaccine product containing only Human poliovirus antigen (medicinal product)","equivalence":"equivalent"}]},{"code":"102","display":"Polio Sabin","target":[{"code":"871739009","display":"Vaccine product containing only Human poliovirus antigen (medicinal product)","equivalence":"equivalent"}]},{"code":"103","display":"Poloral","target":[{"code":"871739009","display":"Vaccine product containing only Human poliovirus antigen (medicinal product)","equivalence":"equivalent"}]},{"code":"106","display":"Tetracoq","target":[{"code":"871878002","display":"Vaccine product containing only Bordetella pertussis and Clostridium tetani and Corynebacterium diphtheriae and Human poliovirus antigens (medicinal product)","equivalence":"equivalent"}]},{"code":"110","display":"Vaqta","target":[{"code":"871751006","display":"Vaccine product containing only Hepatitis A virus antigen (medicinal product)","equivalence":"equivalent"}]},{"code":"115","display":"Havrix 360","target":[{"code":"871751006","display":"Vaccine product containing only Hepatitis A virus antigen (medicinal product)","equivalence":"equivalent"}]},{"code":"118","display":"Hevac B","target":[{"code":"871822003","display":"Vaccine product containing only Hepatitis B virus antigen (medicinal product)","equivalence":"equivalent"}]},{"code":"119","display":"MMR-I","target":[{"code":"871831003","display":"Vaccine product containing only Measles morbillivirus and Mumps orthorubulavirus and Rubella virus antigens (medicinal product)","equivalence":"equivalent"}]},{"code":"120","display":"Moruman","target":[{"code":"871765008","display":"Vaccine product containing only Measles morbillivirus antigen (medicinal product)","equivalence":"equivalent"}]},{"code":"123","display":"Trimovax","target":[{"code":"871831003","display":"Vaccine product containing only Measles morbillivirus and Mumps orthorubulavirus and Rubella virus antigens (medicinal product)","equivalence":"equivalent"}]},{"code":"126","display":"Ditanrix pediatric","target":[{"code":"871826000","display":"Vaccine product containing only Clostridium tetani and Corynebacterium diphtheriae antigens (medicinal product)","equivalence":"equivalent"}]},{"code":"128","display":"FSME-Immun Injekt","target":[{"code":"87171900","display":"Vaccine product containing only Tick-borne encephalitis virus antigen (medicinal product)","equivalence":"equivalent"}]},{"code":"133","display":"ProHibit","target":[{"code":"871764007","display":"Vaccine product containing only Haemophilus influenzae type B antigen (medicinal product)","equivalence":"equivalent"}]},{"code":"134","display":"Anatoxal DiTe Kinder","target":[{"code":"871826000","display":"Vaccine product containing only Clostridium tetani and Corynebacterium diphtheriae antigens (medicinal product)","equivalence":"equivalent"}]},{"code":"138","display":"K1, K2, K3","target":[{"code":"871739009","display":"Vaccine product containing only Human poliovirus antigen (medicinal product)","equivalence":"equivalent"}]},{"code":"139","display":"Koprowski","target":[{"code":"871739009","display":"Vaccine product containing only Human poliovirus antigen (medicinal product)","equivalence":"equivalent"}]},{"code":"143","display":"TAB oral","target":[{"code":"961000221100","display":"Vaccine product containing only Salmonella enterica subspecies enterica serovar Typhi antigen (medicinal product)","equivalence":"equivalent"}]},{"code":"147","display":"Polio Koprowski (K1-K3)","target":[{"code":"871739009","display":"Vaccine product containing only Human poliovirus antigen (medicinal product)","equivalence":"equivalent"}]},{"code":"148","display":"Polio Lilly","target":[{"code":"871739009","display":"Vaccine product containing only Human poliovirus antigen (medicinal product)","equivalence":"equivalent"}]},{"code":"154","display":"DiTe Anatoxal Kinder / Enfants","target":[{"code":"871826000","display":"Vaccine product containing only Clostridium tetani and Corynebacterium diphtheriae antigens (medicinal product)","equivalence":"equivalent"}]},{"code":"155","display":"DiTePer Anatoxal","target":[{"code":"871875004","display":"Vaccine product containing only Bordetella pertussis and Clostridium tetani and Corynebacterium diphtheriae antigens (medicinal product)","equivalence":"equivalent"}]},{"code":"162","display":"HBVAX DNA 5","target":[{"code":"871822003","display":"Vaccine product containing only Hepatitis B virus antigen (medicinal product)","equivalence":"equivalent"}]},{"code":"163","display":"HBVAX DNA 10","target":[{"code":"871822003","display":"Vaccine product containing only Hepatitis B virus antigen (medicinal product)","equivalence":"equivalent"}]},{"code":"164","display":"HBVAX DNA 40","target":[{"code":"871822003","display":"Vaccine product containing only Hepatitis B virus antigen (medicinal product)","equivalence":"equivalent"}]},{"code":"165","display":"Havrix junior","target":[{"code":"871751006","display":"Vaccine product containing only Hepatitis A virus antigen (medicinal product)","equivalence":"equivalent"}]},{"code":"166","display":"Infanrix","target":[{"code":"871875004","display":"Vaccine product containing only Bordetella pertussis and Clostridium tetani and Corynebacterium diphtheriae antigens (medicinal product)","equivalence":"equivalent"}]},{"code":"168","display":"Tanrix","target":[{"code":"871742003","display":"Vaccine product containing only Clostridium tetani antigen (medicinal product)","equivalence":"equivalent"}]},{"code":"170","display":"Engerix-B 40","target":[{"code":"871822003","display":"Vaccine product containing only Hepatitis B virus antigen (medicinal product)","equivalence":"equivalent"}]},{"code":"172","display":"Hepavax","target":[{"code":"871822003","display":"Vaccine product containing only Hepatitis B virus antigen (medicinal product)","equivalence":"equivalent"}]},{"code":"16","display":"Orochol E","target":[{"code":"991000221105","display":"Vaccine product containing only Vibrio cholerae antigen (medicinal product)","equivalence":"equivalent"}]}]}]}