<?xml version="1.0" encoding="UTF-8"?><CapabilityStatement xmlns="http://hl7.org/fhir"><id value="CH.mCSD.CareServicesSelectiveSupplier"/><text><status value="extensions"/><div xmlns="http://www.w3.org/1999/xhtml"><h2 id="title">mCSD Care Services Selective Supplier (server)</h2><ul><li>Implementation Guide Version: 3.0.0</li><li>FHIR Version: 4.0.1</li><li>Supported Formats: <code>application/fhir+xml</code>, <code>application/fhir+json</code></li><li>Supported Patch Formats: </li><li>Published on: Tue May 09 00:00:00 CEST 2023</li><li>Published by: eHealth Suisse</li></ul><blockquote class="impl-note"><p><strong>Note to Implementers: FHIR Capabilities</strong></p><p>Any FHIR capability may be 'allowed' by the system unless explicitly marked as &quot;SHALL NOT&quot;. A few items are marked as MAY in the Implementation Guide to highlight their potential relevance to the use case.</p></blockquote><h2 id="rest">FHIR RESTful Capabilities</h2><div class="panel panel-default"><div class="panel-heading"><h3 id="mode1" class="panel-title">Mode: <code>server</code></h3></div><div class="panel-body"><div><p>IHE ITI mCSD ITI-90 endpoint</p>
</div><div class="lead"><em>Summary of System-wide Interactions</em></div></div></div><h3 id="resourcesCap1">Capabilities by Resource/Profile</h3><h4 id="resourcesSummary1">Summary</h4><p>The summary table lists the resources that are part of this configuration, and for each resource it lists:</p><ul><li>The relevant profiles (if any)</li><li>The interactions supported by each resource (<b><span class="bg-info">R</span></b>ead, <b><span class="bg-info">S</span></b>earch, <b><span class="bg-info">U</span></b>pdate, and <b><span class="bg-info">C</span></b>reate, are always shown, while <b><span class="bg-info">VR</span></b>ead, <b><span class="bg-info">P</span></b>atch, <b><span class="bg-info">D</span></b>elete, <b><span class="bg-info">H</span></b>istory on <b><span class="bg-info">I</span></b>nstance, or <b><span class="bg-info">H</span></b>istory on <b><span class="bg-info">T</span></b>ype are only present if at least one of the resources has support for them.</li><li><span>The required, recommended, and some optional search parameters (if any). </span></li><li>The linked resources enabled for <code>_include</code></li><li>The other resources enabled for <code>_revinclude</code></li><li>The operations on the resource (if any)</li></ul><div class="table-responsive"><table class="table table-condensed table-hover"><thead><tr><th><b>Resource Type</b></th><th><b>Profile</b></th><th class="text-center"><b title="GET a resource (read interaction)">R</b></th><th class="text-center"><b title="GET all set of resources of the type (search interaction)">S</b></th><th class="text-center"><b title="PUT a new resource version (update interaction)">U</b></th><th class="text-center"><b title="POST a new resource (create interaction)">C</b></th><th><b title="Required and recommended search parameters">Searches</b></th><th><code><b>_include</b></code></th><th><code><b>_revinclude</b></code></th><th><b>Operations</b></th></tr></thead><tbody><tr><td><a href="#Organization1-1">Organization</a></td><td><a href="StructureDefinition-CH.mCSD.Organization.html">http://fhir.ch/ig/ch-epr-mhealth/StructureDefinition/CH.mCSD.Organization</a></td><td>y</td><td class="text-center">y</td><td class="text-center"></td><td class="text-center"></td><td>active, identifier, name, name:contains, name:exact, partof, type</td><td><code>Organization.endpoint</code></td><td><code>Location:organization</code>, <code>OrganizationAffiliation:participating-organization</code>, <code>OrganizationAffiliation:primary-organization</code></td><td/></tr><tr><td><a href="#Practitioner1-2">Practitioner</a></td><td><a href="StructureDefinition-CH.mCSD.Practitioner.html">http://fhir.ch/ig/ch-epr-mhealth/StructureDefinition/CH.mCSD.Practitioner</a></td><td>y</td><td class="text-center">y</td><td class="text-center"></td><td class="text-center"></td><td>active, identifier, name, name:contains, name:exact, given, given:contains, given:exact, family, family:contains, family:exact</td><td/><td/><td/></tr><tr><td><a href="#PractitionerRole1-3">PractitionerRole</a></td><td><a href="StructureDefinition-CH.mCSD.PractitionerRole.html">http://fhir.ch/ig/ch-epr-mhealth/StructureDefinition/CH.mCSD.PractitionerRole</a></td><td>y</td><td class="text-center">y</td><td class="text-center"></td><td class="text-center"></td><td>active, location, organization, role, service, specialty</td><td><code>PractitionerRole:practitioner</code></td><td/><td/></tr></tbody></table></div><hr/><div class="panel panel-default"><div class="panel-heading"><h4 id="Organization1-1" class="panel-title"><span style="float: right;">Resource Conformance: supported</span>Organization</h4></div><div class="panel-body"><div class="container"><div class="row"><div class="col-lg-6"><span class="lead">Base System Profile</span><br/><a href="StructureDefinition-CH.mCSD.Organization.html">http://fhir.ch/ig/ch-epr-mhealth/StructureDefinition/CH.mCSD.Organization</a></div><div class="col-lg-3"><span class="lead">Profile Conformance</span><br/><b>SHALL</b></div><div class="col-lg-3"><span class="lead">Reference Policy</span><br/></div></div><p/><div class="row"><div class="col-lg-6"><span class="lead">Interaction summary</span><br/><ul><li>Supports <code>read</code>, <code>search-type</code>.</li></ul></div></div><p/><div class="row"><div class="col-lg-7"><span class="lead">Search Parameters</span><table class="table table-condensed table-hover"><thead><tr><th>Conformance</th><th>Parameter</th><th>Type</th><th>Documentation</th></tr></thead><tbody><tr><td><b>SHALL</b></td><td>active</td><td><code>token</code></td><td><div/></td></tr><tr><td><b>SHALL</b></td><td>identifier</td><td><code>token</code></td><td><div/></td></tr><tr><td><b>SHALL</b></td><td>name</td><td><code>string</code></td><td><div/></td></tr><tr><td><b>SHALL</b></td><td>name:contains</td><td><code>string</code></td><td><div/></td></tr><tr><td><b>SHALL</b></td><td>name:exact</td><td><code>string</code></td><td><div/></td></tr><tr><td><b>SHALL</b></td><td>partof</td><td><code>reference</code></td><td><div/></td></tr><tr><td><b>SHALL</b></td><td>type</td><td><code>token</code></td><td><div/></td></tr></tbody></table></div><div class="col-lg-5"> </div></div></div></div></div><div class="panel panel-default"><div class="panel-heading"><h4 id="Practitioner1-2" class="panel-title"><span style="float: right;">Resource Conformance: supported</span>Practitioner</h4></div><div class="panel-body"><div class="container"><div class="row"><div class="col-lg-6"><span class="lead">Base System Profile</span><br/><a href="StructureDefinition-CH.mCSD.Practitioner.html">http://fhir.ch/ig/ch-epr-mhealth/StructureDefinition/CH.mCSD.Practitioner</a></div><div class="col-lg-3"><span class="lead">Profile Conformance</span><br/><b>SHALL</b></div><div class="col-lg-3"><span class="lead">Reference Policy</span><br/></div></div><p/><div class="row"><div class="col-lg-6"><span class="lead">Interaction summary</span><br/><ul><li>Supports <code>read</code>, <code>search-type</code>.</li></ul></div></div><p/><div class="row"><div class="col-lg-7"><span class="lead">Search Parameters</span><table class="table table-condensed table-hover"><thead><tr><th>Conformance</th><th>Parameter</th><th>Type</th><th>Documentation</th></tr></thead><tbody><tr><td><b>SHALL</b></td><td>active</td><td><code>token</code></td><td><div/></td></tr><tr><td><b>SHALL</b></td><td>identifier</td><td><code>token</code></td><td><div/></td></tr><tr><td><b>SHALL</b></td><td>name</td><td><code>string</code></td><td><div/></td></tr><tr><td><b>SHALL</b></td><td>name:contains</td><td><code>string</code></td><td><div/></td></tr><tr><td><b>SHALL</b></td><td>name:exact</td><td><code>string</code></td><td><div/></td></tr><tr><td><b>SHALL</b></td><td>given</td><td><code>string</code></td><td><div/></td></tr><tr><td><b>SHALL</b></td><td>given:contains</td><td><code>string</code></td><td><div/></td></tr><tr><td><b>SHALL</b></td><td>given:exact</td><td><code>string</code></td><td><div/></td></tr><tr><td><b>SHALL</b></td><td>family</td><td><code>string</code></td><td><div/></td></tr><tr><td><b>SHALL</b></td><td>family:contains</td><td><code>string</code></td><td><div/></td></tr><tr><td><b>SHALL</b></td><td>family:exact</td><td><code>string</code></td><td><div/></td></tr></tbody></table></div><div class="col-lg-5"> </div></div></div></div></div><div class="panel panel-default"><div class="panel-heading"><h4 id="PractitionerRole1-3" class="panel-title"><span style="float: right;">Resource Conformance: supported</span>PractitionerRole</h4></div><div class="panel-body"><div class="container"><div class="row"><div class="col-lg-6"><span class="lead">Base System Profile</span><br/><a href="StructureDefinition-CH.mCSD.PractitionerRole.html">http://fhir.ch/ig/ch-epr-mhealth/StructureDefinition/CH.mCSD.PractitionerRole</a></div><div class="col-lg-3"><span class="lead">Profile Conformance</span><br/><b>SHALL</b></div><div class="col-lg-3"><span class="lead">Reference Policy</span><br/></div></div><p/><div class="row"><div class="col-lg-6"><span class="lead">Interaction summary</span><br/><ul><li>Supports <code>read</code>, <code>search-type</code>.</li></ul></div></div><p/><div class="row"><div class="col-lg-7"><span class="lead">Search Parameters</span><table class="table table-condensed table-hover"><thead><tr><th>Conformance</th><th>Parameter</th><th>Type</th><th>Documentation</th></tr></thead><tbody><tr><td><b>SHALL</b></td><td>active</td><td><code>token</code></td><td><div/></td></tr><tr><td><b>SHALL</b></td><td>location</td><td><code>reference</code></td><td><div/></td></tr><tr><td><b>SHALL</b></td><td>organization</td><td><code>reference</code></td><td><div/></td></tr><tr><td><b>SHALL</b></td><td>role</td><td><code>token</code></td><td><div/></td></tr><tr><td><b>SHALL</b></td><td>service</td><td><code>reference</code></td><td><div/></td></tr><tr><td><b>SHALL</b></td><td>specialty</td><td><code>token</code></td><td><div/></td></tr></tbody></table></div><div class="col-lg-5"> </div></div></div></div></div></div></text><url value="http://fhir.ch/ig/ch-epr-mhealth/CapabilityStatement/CH.mCSD.CareServicesSelectiveSupplier"/><version value="3.0.0"/><name value="CH_mCSD_Care_Services_Selective_Supplier"/><title value="mCSD Care Services Selective Supplier (server)"/><status value="active"/><experimental value="false"/><date value="2023-05-09"/><publisher value="eHealth Suisse"/><contact><name value="eHealth Suisse"/><telecom><system value="url"/><value value="https://www.e-health-suisse.ch"/></telecom></contact><description value="CapabilityStatement for Server Actor in the IHE IT Infrastructure Technical Framework Supplement IHE mCSD."/><jurisdiction><coding><system value="urn:iso:std:iso:3166"/><code value="CH"/></coding></jurisdiction><copyright value="CC0-1.0"/><kind value="requirements"/><fhirVersion value="4.0.1"/><format value="application/fhir+xml"/><format value="application/fhir+json"/><rest><mode value="server"/><documentation value="IHE ITI mCSD ITI-90 endpoint"/><resource><type value="Organization"/><profile value="http://fhir.ch/ig/ch-epr-mhealth/StructureDefinition/CH.mCSD.Organization"/><interaction><code value="read"/></interaction><interaction><code value="search-type"/></interaction><versioning value="no-version"/><searchInclude value="Organization.endpoint"/><searchRevInclude value="Location:organization"/><searchRevInclude value="OrganizationAffiliation:participating-organization"/><searchRevInclude value="OrganizationAffiliation:primary-organization"/><searchParam><name value="active"/><type value="token"/></searchParam><searchParam><name value="identifier"/><type value="token"/></searchParam><searchParam><name value="name"/><type value="string"/></searchParam><searchParam><name value="name:contains"/><type value="string"/></searchParam><searchParam><name value="name:exact"/><type value="string"/></searchParam><searchParam><name value="partof"/><type value="reference"/></searchParam><searchParam><name value="type"/><type value="token"/></searchParam></resource><resource><type value="Practitioner"/><profile value="http://fhir.ch/ig/ch-epr-mhealth/StructureDefinition/CH.mCSD.Practitioner"/><interaction><code value="read"/></interaction><interaction><code value="search-type"/></interaction><versioning value="no-version"/><searchParam><name value="active"/><type value="token"/></searchParam><searchParam><name value="identifier"/><type value="token"/></searchParam><searchParam><name value="name"/><type value="string"/></searchParam><searchParam><name value="name:contains"/><type value="string"/></searchParam><searchParam><name value="name:exact"/><type value="string"/></searchParam><searchParam><name value="given"/><type value="string"/></searchParam><searchParam><name value="given:contains"/><type value="string"/></searchParam><searchParam><name value="given:exact"/><type value="string"/></searchParam><searchParam><name value="family"/><type value="string"/></searchParam><searchParam><name value="family:contains"/><type value="string"/></searchParam><searchParam><name value="family:exact"/><type value="string"/></searchParam></resource><resource><type value="PractitionerRole"/><profile value="http://fhir.ch/ig/ch-epr-mhealth/StructureDefinition/CH.mCSD.PractitionerRole"/><interaction><code value="read"/></interaction><interaction><code value="search-type"/></interaction><versioning value="no-version"/><searchInclude value="PractitionerRole:practitioner"/><searchParam><name value="active"/><type value="token"/></searchParam><searchParam><name value="location"/><type value="reference"/></searchParam><searchParam><name value="organization"/><type value="reference"/></searchParam><searchParam><name value="role"/><type value="token"/></searchParam><searchParam><name value="service"/><type value="reference"/></searchParam><searchParam><name value="specialty"/><type value="token"/></searchParam></resource><searchParam><name value="_id"/><type value="token"/></searchParam><searchParam><name value="_lastUpdated"/><type value="token"/><documentation value="The values for this shall support these prefixes: ge and le"/></searchParam></rest></CapabilityStatement>