<?xml version="1.0" encoding="UTF-8"?>

<Observation xmlns="http://hl7.org/fhir">
  <id value="db5ef7b0-e946-4260-a604-128b8887a41b"/>
  <meta>
    <profile value="http://hl7.org/fhir/StructureDefinition/bodyweight"/>
  </meta>
  <text>
    <status value="generated"/><div xmlns="http://www.w3.org/1999/xhtml"><p class="res-header-id"><b>Generated Narrative: Observation db5ef7b0-e946-4260-a604-128b8887a41b</b></p><a name="db5ef7b0-e946-4260-a604-128b8887a41b"> </a><a name="hcdb5ef7b0-e946-4260-a604-128b8887a41b"> </a><a name="db5ef7b0-e946-4260-a604-128b8887a41b-en-US"> </a><div style="display: inline-block; background-color: #d9e0e7; padding: 6px; margin: 4px; border: 1px solid #8da1b4; border-radius: 5px; line-height: 60%"><p style="margin-bottom: 0px"/><p style="margin-bottom: 0px">Profile: <a href="http://hl7.org/fhir/R4/bodyweight.html">Observation Body Weight Profile</a></p></div><p><b>status</b>: Final</p><p><b>category</b>: <span title="Codes:{http://terminology.hl7.org/CodeSystem/observation-category vital-signs}">Vital Signs</span></p><p><b>code</b>: <span title="Codes:{http://loinc.org 29463-7}">Body weight</span></p><p><b>subject</b>: <a href="Bundle-UC1-SwissIpsDocument2.html#urn-uuid-8383926c-ece1-4384-94bc-b4250b4cb71b">Monika Wegmüller</a></p><p><b>effective</b>: 2024-04-27 14:05:00+0200</p><p><b>performer</b>: <a href="Bundle-UC1-SwissIpsDocument2.html#urn-uuid-a27376ce-fa12-458d-a2dc-f90e63de126b">Spital</a></p><p><b>value</b>: 65 kilogram<span style="background: LightGoldenRodYellow"> (Details: UCUM  codekg = 'kg')</span></p></div>
  </text>
  <status value="final"/>
  <category>
    <coding>
      <system value="http://terminology.hl7.org/CodeSystem/observation-category"/>
      <code value="vital-signs"/>
      <display value="Vital Signs"/>
    </coding>
  </category>
  <code>
    <coding>
      <system value="http://loinc.org"/>
      <code value="29463-7"/>
      <display value="Body weight"/>
    </coding>
  </code>
  <subject>
    <reference value="urn:uuid:8383926c-ece1-4384-94bc-b4250b4cb71b"/>
    <type value="Patient"/>
    <display value="Monika Wegmüller"/>
  </subject>
  <effectiveDateTime value="2024-04-27T14:05:00+02:00"/>
  <performer>
    <reference value="urn:uuid:a27376ce-fa12-458d-a2dc-f90e63de126b"/>
    <type value="Organization"/>
    <display value="Spital"/>
  </performer>
  <valueQuantity>
    <value value="65"/>
    <unit value="kilogram"/>
    <system value="http://unitsofmeasure.org"/>
    <code value="kg"/>
  </valueQuantity>
</Observation>