{
  "resourceType" : "CodeSystem",
  "id" : "43092cd5-eba1-40d9-a1f0-d4989d155969-6",
  "url" : "http://hl7.org/fhir/comparison/CodeSystem/43092cd5-eba1-40d9-a1f0-d4989d155969-6",
  "name" : "IntersectionBfsMedstats17AdmittypeAndBfsMedstats17Admittype",
  "title" : "Intersection of BFS Medizinische Statistik - 18 1.2.V03 - Eintrittsart / Mode d’admission / Genere di ricovero And BFS Medizinische Statistik - 18 1.2.V03 - Eintrittsart / Mode d’admission / Genere di ricovero",
  "status" : "active",
  "date" : "2022-07-06T14:59:14+02:00",
  "jurisdiction" : [{
    "coding" : [{
      "system" : "urn:iso:std:iso:3166",
      "code" : "CH"
    }]
  }],
  "concept" : [{
    "code" : "1",
    "display" : "Notfall (Behandlung innerhalb von 12 Std. unabdingbar)"
  },
  {
    "code" : "2",
    "display" : "angemeldet, geplant"
  },
  {
    "code" : "3",
    "display" : "Geburt (Kind in dieser Klinik geboren)"
  },
  {
    "code" : "4",
    "display" : "interner Übertritt"
  },
  {
    "code" : "5",
    "display" : "Verlegung innerhalb 24 Std"
  },
  {
    "code" : "8",
    "display" : "andere"
  },
  {
    "code" : "9",
    "display" : "unbekannt"
  }]
}