{
  "resourceType": "Practitioner",
  "id": "4-3-Practitioner",
  "meta": {
    "profile": [
      "http://fhir.ch/ig/ch-core/StructureDefinition/ch-core-practitioner"
    ]
  },
  "text": {
    "status": "generated",
    "div": "<div xmlns=\"http://www.w3.org/1999/xhtml\"><p><b>Generated Narrative</b></p><p><b>identifier</b>: id: 2000000000031</p><p><b>active</b>: true</p><p><b>name</b>: Max Muster </p><p><b>address</b>: Mustergasse 99 Beispielen SG 9876 CH </p></div>"
  },
  "identifier": [
    {
      "system": "urn:oid:2.51.1.3",
      "value": "2000000000031"
    }
  ],
  "active": true,
  "name": [
    {
      "family": "Muster",
      "given": [
        "Max"
      ]
    }
  ],
  "address": [
    {
      "line": [
        "Mustergasse 99"
      ],
      "city": "Beispielen",
      "state": "SG",
      "postalCode": "9876",
      "country": "CH"
    }
  ]
}