URL,Version,Status,OIDs,Name,Title,Descriptino,Uses,Used,Sources
http://fhir.ch/ig/ch-epr-ppqm/ValueSet/PpqmActorIdentifierType,2.0.0,active,,PpqmActorIdentifierType,PPQm Actor Identifier Type,"Actor Identifier Types for PPQm","StructureDefinition/PpqmConsent","Other"
http://fhir.ch/ig/ch-epr-ppqm/ValueSet/PpqmConsentIdentifierType,2.0.0,active,,PpqmConsentIdentifierType,PPQm Consent Identifier Type,"Value Set for PPQm Consent Identifier Types",,"Internal"
http://fhir.ch/ig/ch-epr-ppqm/ValueSet/PpqmFeedRequestHttpMethod,2.0.0,active,,PpqmFeedRequestHttpMethod,PPQm Feed Request HTTP Method,"HTTP methods allowed in PPQm Feed requests","StructureDefinition/PpqmFeedRequestBundle","hl7.fhir.r4.core"
http://fhir.ch/ig/ch-epr-ppqm/ValueSet/PpqmPolicySetTemplateId,2.0.0,active,,PpqmPolicySetTemplateId,PPQm Policy Set Template ID,"IDs of policy set templates","StructureDefinition/PpqmConsent","Internal"
http://fhir.ch/ig/ch-epr-ppqm/ValueSet/PpqmReferencedPolicySet,2.0.0,active,,PpqmReferencedPolicySet,PPQm Referenced Policy Set,"IDs of basis policy sets that may be referenced from templates.  Note that this value set intentionally does not contain IDs of all policy sets contained in the official stack, see [documentation](https://github.com/ehealthsuisse/ch-epr-adr-ppq/blob/main/docs/Policies.md)","StructureDefinition/PpqmConsent","Other"
http://fhir.ch/ig/ch-epr-term/ValueSet/EprPurposeOfUse,2.0.10,active,"2.16.756.5.30.1.127.3.10.15.2",EprPurposeOfUse,EprPurposeOfUse,"Purpose Of Use as per Annex 5 EPRO-FDHA, Extension 1.","StructureDefinition/PpqmConsent","ch.fhir.ig.ch-epr-term"
http://fhir.ch/ig/ch-epr-term/ValueSet/EprRole,2.0.10,active,"2.16.756.5.30.1.127.3.10.15.1",EprRole,EprRole,"Role codes as per Annex 5 EPRO-FDHA, version July 2019","StructureDefinition/PpqmConsent","ch.fhir.ig.ch-epr-term"
