{
  "resourceType" : "CodeSystem",
  "id" : "bfs-medstats-18-admittype",
  "text" : {
    "status" : "generated",
    "div" : "<div xmlns=\"http://www.w3.org/1999/xhtml\"><p>This code system <code>http://fhir.ch/ig/ch-core/CodeSystem/bfs-medstats-18-admittype</code> defines the following codes:</p><table class=\"codes\"><tr><td style=\"white-space:nowrap\"><b>Code</b></td><td><b>Display</b></td></tr><tr><td style=\"white-space:nowrap\">1<a name=\"bfs-medstats-18-admittype-1\"> </a></td><td>Notfall (Behandlung innerhalb von 12 Std. unabdingbar)</td></tr><tr><td style=\"white-space:nowrap\">2<a name=\"bfs-medstats-18-admittype-2\"> </a></td><td>angemeldet, geplant</td></tr><tr><td style=\"white-space:nowrap\">3<a name=\"bfs-medstats-18-admittype-3\"> </a></td><td>Geburt (Kind in dieser Klinik geboren)</td></tr><tr><td style=\"white-space:nowrap\">4<a name=\"bfs-medstats-18-admittype-4\"> </a></td><td>interner Übertritt</td></tr><tr><td style=\"white-space:nowrap\">5<a name=\"bfs-medstats-18-admittype-5\"> </a></td><td>Verlegung innerhalb 24 Std</td></tr><tr><td style=\"white-space:nowrap\">8<a name=\"bfs-medstats-18-admittype-8\"> </a></td><td>andere</td></tr><tr><td style=\"white-space:nowrap\">9<a name=\"bfs-medstats-18-admittype-9\"> </a></td><td>unbekannt</td></tr></table></div>"
  },
  "url" : "http://fhir.ch/ig/ch-core/CodeSystem/bfs-medstats-18-admittype",
  "version" : "3.0.0",
  "name" : "BfsMedstats17Admittype",
  "title" : "BFS Medizinische Statistik - 18 1.2.V03 - Eintrittsart / Mode d’admission / Genere di ricovero",
  "status" : "active",
  "experimental" : false,
  "date" : "2019-01-01",
  "publisher" : "HL7 Switzerland",
  "contact" : [{
    "name" : "HL7 Switzerland",
    "telecom" : [{
      "system" : "url",
      "value" : "https://www.hl7.ch/"
    }]
  }],
  "description" : "BFS defines variables for medical statistic (german, french, italian) see [BFS](https://www.bfs.admin.ch/bfs/de/home/statistiken/kataloge-datenbanken/publikationen.assetdetail.7066232.html). Beschreibung der Umstände des Eintritts. Wie wurde der BFS Patient / die Patientin aufgenommen?",
  "jurisdiction" : [{
    "coding" : [{
      "system" : "urn:iso:std:iso:3166",
      "code" : "CH"
    }]
  }],
  "copyright" : "CC-BY-SA-4.0",
  "caseSensitive" : true,
  "compositional" : false,
  "content" : "complete",
  "concept" : [{
    "code" : "1",
    "display" : "Notfall (Behandlung innerhalb von 12 Std. unabdingbar)"
  },
  {
    "code" : "2",
    "display" : "angemeldet, geplant"
  },
  {
    "code" : "3",
    "display" : "Geburt (Kind in dieser Klinik geboren)"
  },
  {
    "code" : "4",
    "display" : "interner Übertritt"
  },
  {
    "code" : "5",
    "display" : "Verlegung innerhalb 24 Std"
  },
  {
    "code" : "8",
    "display" : "andere"
  },
  {
    "code" : "9",
    "display" : "unbekannt"
  }]
}