{
  "resourceType" : "Consent",
  "id" : "PatientHasEpr",
  "meta" : {
    "profile" : ["http://fhir.ch/ig/ch-core/StructureDefinition/ch-core-epr-consent"]
  },
  "text" : {
    "status" : "generated",
    "div" : "<div xmlns=\"http://www.w3.org/1999/xhtml\"><p><b>Generated Narrative: Consent</b><a name=\"PatientHasEpr\"> </a></p><div style=\"display: inline-block; background-color: #d9e0e7; padding: 6px; margin: 4px; border: 1px solid #8da1b4; border-radius: 5px; line-height: 60%\"><p style=\"margin-bottom: 0px\">Resource Consent &quot;PatientHasEpr&quot; </p><p style=\"margin-bottom: 0px\">Profile: <a href=\"StructureDefinition-ch-core-epr-consent.html\">CH Core EPR-Consent</a></p></div><p><b>status</b>: active</p><p><b>scope</b>: Privacy Consent <span style=\"background: LightGoldenRodYellow; margin: 4px; border: 1px solid khaki\"> (<a href=\"http://terminology.hl7.org/5.0.0/CodeSystem-consentscope.html\">Consent Scope Codes</a>#patient-privacy)</span></p><p><b>category</b>: information disclosure <span style=\"background: LightGoldenRodYellow; margin: 4px; border: 1px solid khaki\"> (<a href=\"http://terminology.hl7.org/5.0.0/CodeSystem-v3-ActCode.html\">ActCode</a>#IDSCL)</span></p><p><b>patient</b>: <a href=\"Patient-FranzMuster.html\">Patient/FranzMuster: Franz Muster</a> &quot; MUSTER&quot;</p><p><b>dateTime</b>: 2020-12-28</p><p><b>organization</b>: <span>: Stammgemeinschaft XYZ</span></p><h3>Policies</h3><table class=\"grid\"><tr><td>-</td><td><b>Authority</b></td></tr><tr><td>*</td><td><a href=\"https://www.admin.ch/opc/de/classified-compilation/20111795/index.html\">https://www.admin.ch/opc/de/classified-compilation/20111795/index.html</a></td></tr></table><p><b>policyRule</b>: CH EPR Consent <span style=\"background: LightGoldenRodYellow; margin: 4px; border: 1px solid khaki\"> (<a href=\"http://terminology.hl7.org/5.0.0/CodeSystem-consentpolicycodes.html\">Consent PolicyRule Codes</a>#ch-epr)</span></p></div>"
  },
  "status" : "active",
  "scope" : {
    "coding" : [{
      "system" : "http://terminology.hl7.org/CodeSystem/consentscope",
      "code" : "patient-privacy",
      "display" : "Privacy Consent"
    }]
  },
  "category" : [{
    "coding" : [{
      "system" : "http://terminology.hl7.org/CodeSystem/v3-ActCode",
      "code" : "IDSCL",
      "display" : "information disclosure"
    }]
  }],
  "patient" : {
    "reference" : "Patient/FranzMuster",
    "display" : "Franz Muster"
  },
  "dateTime" : "2020-12-28",
  "organization" : [{
    "display" : "Stammgemeinschaft XYZ"
  }],
  "policy" : [{
    "authority" : "https://www.admin.ch/opc/de/classified-compilation/20111795/index.html"
  }],
  "policyRule" : {
    "coding" : [{
      "system" : "http://terminology.hl7.org/CodeSystem/consentpolicycodes",
      "code" : "ch-epr"
    }]
  }
}