{
  "resourceType" : "ValueSet",
  "id" : "ch-elm-results-complete-spec",
  "text" : {
    "status" : "generated",
    "div" : "<div xmlns=\"http://www.w3.org/1999/xhtml\"><p class=\"res-header-id\"><b>Generated Narrative: ValueSet ch-elm-results-complete-spec</b></p><a name=\"ch-elm-results-complete-spec\"> </a><a name=\"hcch-elm-results-complete-spec\"> </a><a name=\"ch-elm-results-complete-spec-en-US\"> </a><ul><li>Include these codes as defined in <a href=\"http://www.snomed.org/\"><code>http://snomed.info/sct</code></a><table class=\"none\"><tr><td style=\"white-space:nowrap\"><b>Code</b></td><td><b>Display</b></td></tr><tr><td><a href=\"http://snomed.info/id/122592007\">122592007</a></td><td>Acellular blood (serum or plasma) specimen (specimen)</td></tr><tr><td><a href=\"http://snomed.info/id/119396006\">119396006</a></td><td>Specimen from endometrium (specimen)</td></tr><tr><td><a href=\"http://snomed.info/id/119341000\">119341000</a></td><td>Bile specimen (specimen)</td></tr><tr><td><a href=\"http://snomed.info/id/258603007\">258603007</a></td><td>Specimen from respiratory system (specimen)</td></tr><tr><td><a href=\"http://snomed.info/id/309051001\">309051001</a></td><td>Body fluid specimen (specimen)</td></tr><tr><td><a href=\"http://snomed.info/id/119401005\">119401005</a></td><td>Specimen from conjunctiva (specimen)</td></tr><tr><td><a href=\"http://snomed.info/id/119378002\">119378002</a></td><td>Endocardial specimen (specimen)</td></tr><tr><td><a href=\"http://snomed.info/id/119347001\">119347001</a></td><td>Seminal fluid specimen (specimen)</td></tr><tr><td><a href=\"http://snomed.info/id/119339001\">119339001</a></td><td>Stool specimen (specimen)</td></tr><tr><td><a href=\"http://snomed.info/id/258580003\">258580003</a></td><td>Whole blood specimen (specimen)</td></tr><tr><td><a href=\"http://snomed.info/id/119389009\">119389009</a></td><td>Specimen from throat (specimen)</td></tr><tr><td><a href=\"http://snomed.info/id/258527002\">258527002</a></td><td>Anal swab (specimen)</td></tr><tr><td><a href=\"http://snomed.info/id/119386002\">119386002</a></td><td>Specimen from prostate (specimen)</td></tr><tr><td><a href=\"http://snomed.info/id/258454002\">258454002</a></td><td>Dialysate specimen (specimen)</td></tr><tr><td><a href=\"http://snomed.info/id/430268003\">430268003</a></td><td>Specimen from bone (specimen)</td></tr><tr><td><a href=\"http://snomed.info/id/119395005\">119395005</a></td><td>Specimen from uterine cervix (specimen)</td></tr><tr><td><a href=\"http://snomed.info/id/309066003\">309066003</a></td><td>Skin biopsy specimen (specimen)</td></tr><tr><td><a href=\"http://snomed.info/id/122575003\">122575003</a></td><td>Urine specimen (specimen)</td></tr><tr><td><a href=\"http://snomed.info/id/258465007\">258465007</a></td><td>Lacrimal fluid specimen (specimen)</td></tr><tr><td><a href=\"http://snomed.info/id/119359002\">119359002</a></td><td>Bone marrow specimen (specimen)</td></tr><tr><td><a href=\"http://snomed.info/id/257261003\">257261003</a></td><td>Swab (specimen)</td></tr><tr><td><a href=\"http://snomed.info/id/119361006\">119361006</a></td><td>Plasma specimen (specimen)</td></tr><tr><td><a href=\"http://snomed.info/id/119368000\">119368000</a></td><td>Specimen from cyst (specimen)</td></tr><tr><td><a href=\"http://snomed.info/id/258500001\">258500001</a></td><td>Nasopharyngeal swab (specimen)</td></tr><tr><td><a href=\"http://snomed.info/id/168139001\">168139001</a></td><td>Peritoneal fluid specimen (specimen)</td></tr><tr><td><a href=\"http://snomed.info/id/119300005\">119300005</a></td><td>Specimen from blood product (specimen)</td></tr><tr><td><a href=\"http://snomed.info/id/258604001\">258604001</a></td><td>Upper respiratory specimen</td></tr><tr><td><a href=\"http://snomed.info/id/119393003\">119393003</a></td><td>Specimen from urethra (specimen)</td></tr><tr><td><a href=\"http://snomed.info/id/119364003\">119364003</a></td><td>Serum specimen (specimen)</td></tr><tr><td><a href=\"http://snomed.info/id/418564007\">418564007</a></td><td>Pleural fluid specimen (specimen)</td></tr><tr><td><a href=\"http://snomed.info/id/119303007\">119303007</a></td><td>Microbial isolate specimen (specimen)</td></tr><tr><td><a href=\"http://snomed.info/id/119369008\">119369008</a></td><td>Specimen from ulcer (specimen)</td></tr><tr><td><a href=\"http://snomed.info/id/119391001\">119391001</a></td><td>Specimen from bronchus (specimen)</td></tr><tr><td><a href=\"http://snomed.info/id/119323008\">119323008</a></td><td>Pus specimen (specimen)</td></tr><tr><td><a href=\"http://snomed.info/id/258606004\">258606004</a></td><td>Lower respiratory tract specimen</td></tr><tr><td><a href=\"http://snomed.info/id/399492000\">399492000</a></td><td>Tissue specimen from lung (specimen)</td></tr><tr><td><a href=\"http://snomed.info/id/119332005\">119332005</a></td><td>Synovial fluid specimen (specimen)</td></tr><tr><td><a href=\"http://snomed.info/id/258589002\">258589002</a></td><td>Lymph node specimen (specimen)</td></tr><tr><td><a href=\"http://snomed.info/id/119295008\">119295008</a></td><td>Specimen obtained by aspiration (specimen)</td></tr><tr><td><a href=\"http://snomed.info/id/447154002\">447154002</a></td><td>Specimen from nose (specimen)</td></tr><tr><td><a href=\"http://snomed.info/id/119399004\">119399004</a></td><td>Specimen from eye (specimen)</td></tr><tr><td><a href=\"http://snomed.info/id/119297000\">119297000</a></td><td>Blood specimen (specimen)</td></tr><tr><td><a href=\"http://snomed.info/id/119394009\">119394009</a></td><td>Specimen from vagina (specimen)</td></tr><tr><td><a href=\"http://snomed.info/id/122736005\">122736005</a></td><td>Tissue specimen from placenta (specimen)</td></tr><tr><td><a href=\"http://snomed.info/id/119344008\">119344008</a></td><td>Specimen from genital system (specimen)</td></tr><tr><td><a href=\"http://snomed.info/id/119376003\">119376003</a></td><td>Tissue specimen (specimen)</td></tr><tr><td><a href=\"http://snomed.info/id/119343002\">119343002</a></td><td>Pancreatic fluid specimen (specimen)</td></tr><tr><td><a href=\"http://snomed.info/id/472904006\">472904006</a></td><td>Swab from abdomen (specimen)</td></tr><tr><td><a href=\"http://snomed.info/id/122643008\">122643008</a></td><td>Tissue specimen from large intestine (specimen)</td></tr><tr><td><a href=\"http://snomed.info/id/119324002\">119324002</a></td><td>Specimen of unknown material (specimen)</td></tr><tr><td><a href=\"http://snomed.info/id/122571007\">122571007</a></td><td>Pericardial fluid specimen (specimen)</td></tr><tr><td><a href=\"http://snomed.info/id/309165001\">309165001</a></td><td>Ear specimen (specimen)</td></tr><tr><td><a href=\"http://snomed.info/id/258459007\">258459007</a></td><td>Gastric fluid specimen (specimen)</td></tr><tr><td><a href=\"http://snomed.info/id/608969007\">608969007</a></td><td>Specimen from skin (specimen)</td></tr><tr><td><a href=\"http://snomed.info/id/122556008\">122556008</a></td><td>Cord blood specimen (specimen)</td></tr><tr><td><a href=\"http://snomed.info/id/258450006\">258450006</a></td><td>Cerebrospinal fluid specimen (specimen)</td></tr><tr><td><a href=\"http://snomed.info/id/258415003\">258415003</a></td><td>Biopsy specimen (specimen)</td></tr><tr><td><a href=\"http://snomed.info/id/445447003\">445447003</a></td><td>Specimen from trachea obtained by aspiration (specimen)</td></tr><tr><td><a href=\"http://snomed.info/id/119398007\">119398007</a></td><td>Specimen from brain (specimen)</td></tr><tr><td><a href=\"http://snomed.info/id/119342007\">119342007</a></td><td>Saliva specimen (specimen)</td></tr><tr><td><a href=\"http://snomed.info/id/119365002\">119365002</a></td><td>Specimen from wound (specimen)</td></tr><tr><td><a href=\"http://snomed.info/id/119334006\">119334006</a></td><td>Sputum specimen (specimen)</td></tr><tr><td><a href=\"http://snomed.info/id/119373006\">119373006</a></td><td>Amniotic fluid specimen (specimen)</td></tr><tr><td><a href=\"http://snomed.info/id/119371008\">119371008</a></td><td>Specimen from abscess (specimen)</td></tr></table></li></ul></div>"
  },
  "url" : "http://fhir.ch/ig/ch-elm/ValueSet/ch-elm-results-complete-spec",
  "version" : "1.6.0",
  "name" : "ChElmResultsCompleteSpec",
  "title" : "CH ELM Results Complete Spec",
  "status" : "active",
  "experimental" : false,
  "date" : "2024-10-31T11:08:34+00:00",
  "publisher" : "Federal Office of Public Health FOPH",
  "contact" : [{
    "name" : "Federal Office of Public Health FOPH",
    "telecom" : [{
      "system" : "url",
      "value" : "https://www.bag.admin.ch/bag/en/home/das-bag/kontakt-standort.html"
    }]
  }],
  "description" : "The \"CH ELM Results Complete Spec\" material group provides a curated set of codes representing specific materials. Each code within this group is selected to ensure consistency and accuracy for medical coding related to the primary LOINC codes. Clients using the \"CH ELM Results Complete Spec\" group should refer to the provided codes to ensure they capture and report material information correctly and consistently.",
  "jurisdiction" : [{
    "coding" : [{
      "system" : "urn:iso:std:iso:3166",
      "code" : "CHE"
    }]
  }],
  "copyright" : "CC0-1.0",
  "compose" : {
    "include" : [{
      "system" : "http://snomed.info/sct",
      "concept" : [{
        "code" : "122592007",
        "display" : "Acellular blood (serum or plasma) specimen (specimen)"
      },
      {
        "code" : "119396006",
        "display" : "Specimen from endometrium (specimen)"
      },
      {
        "code" : "119341000",
        "display" : "Bile specimen (specimen)"
      },
      {
        "code" : "258603007",
        "display" : "Specimen from respiratory system (specimen)"
      },
      {
        "code" : "309051001",
        "display" : "Body fluid specimen (specimen)"
      },
      {
        "code" : "119401005",
        "display" : "Specimen from conjunctiva (specimen)"
      },
      {
        "code" : "119378002",
        "display" : "Endocardial specimen (specimen)"
      },
      {
        "code" : "119347001",
        "display" : "Seminal fluid specimen (specimen)"
      },
      {
        "code" : "119339001",
        "display" : "Stool specimen (specimen)"
      },
      {
        "code" : "258580003",
        "display" : "Whole blood specimen (specimen)"
      },
      {
        "code" : "119389009",
        "display" : "Specimen from throat (specimen)"
      },
      {
        "code" : "258527002",
        "display" : "Anal swab (specimen)"
      },
      {
        "code" : "119386002",
        "display" : "Specimen from prostate (specimen)"
      },
      {
        "code" : "258454002",
        "display" : "Dialysate specimen (specimen)"
      },
      {
        "code" : "430268003",
        "display" : "Specimen from bone (specimen)"
      },
      {
        "code" : "119395005",
        "display" : "Specimen from uterine cervix (specimen)"
      },
      {
        "code" : "309066003",
        "display" : "Skin biopsy specimen (specimen)"
      },
      {
        "code" : "122575003",
        "display" : "Urine specimen (specimen)"
      },
      {
        "code" : "258465007",
        "display" : "Lacrimal fluid specimen (specimen)"
      },
      {
        "code" : "119359002",
        "display" : "Bone marrow specimen (specimen)"
      },
      {
        "code" : "257261003",
        "display" : "Swab (specimen)"
      },
      {
        "code" : "119361006",
        "display" : "Plasma specimen (specimen)"
      },
      {
        "code" : "119368000",
        "display" : "Specimen from cyst (specimen)"
      },
      {
        "code" : "258500001",
        "display" : "Nasopharyngeal swab (specimen)"
      },
      {
        "code" : "168139001",
        "display" : "Peritoneal fluid specimen (specimen)"
      },
      {
        "code" : "119300005",
        "display" : "Specimen from blood product (specimen)"
      },
      {
        "code" : "258604001",
        "display" : "Upper respiratory specimen"
      },
      {
        "code" : "119393003",
        "display" : "Specimen from urethra (specimen)"
      },
      {
        "code" : "119364003",
        "display" : "Serum specimen (specimen)"
      },
      {
        "code" : "418564007",
        "display" : "Pleural fluid specimen (specimen)"
      },
      {
        "code" : "119303007",
        "display" : "Microbial isolate specimen (specimen)"
      },
      {
        "code" : "119369008",
        "display" : "Specimen from ulcer (specimen)"
      },
      {
        "code" : "119391001",
        "display" : "Specimen from bronchus (specimen)"
      },
      {
        "code" : "119323008",
        "display" : "Pus specimen (specimen)"
      },
      {
        "code" : "258606004",
        "display" : "Lower respiratory tract specimen"
      },
      {
        "code" : "399492000",
        "display" : "Tissue specimen from lung (specimen)"
      },
      {
        "code" : "119332005",
        "display" : "Synovial fluid specimen (specimen)"
      },
      {
        "code" : "258589002",
        "display" : "Lymph node specimen (specimen)"
      },
      {
        "code" : "119295008",
        "display" : "Specimen obtained by aspiration (specimen)"
      },
      {
        "code" : "447154002",
        "display" : "Specimen from nose (specimen)"
      },
      {
        "code" : "119399004",
        "display" : "Specimen from eye (specimen)"
      },
      {
        "code" : "119297000",
        "display" : "Blood specimen (specimen)"
      },
      {
        "code" : "119394009",
        "display" : "Specimen from vagina (specimen)"
      },
      {
        "code" : "122736005",
        "display" : "Tissue specimen from placenta (specimen)"
      },
      {
        "code" : "119344008",
        "display" : "Specimen from genital system (specimen)"
      },
      {
        "code" : "119376003",
        "display" : "Tissue specimen (specimen)"
      },
      {
        "code" : "119343002",
        "display" : "Pancreatic fluid specimen (specimen)"
      },
      {
        "code" : "472904006",
        "display" : "Swab from abdomen (specimen)"
      },
      {
        "code" : "122643008",
        "display" : "Tissue specimen from large intestine (specimen)"
      },
      {
        "code" : "119324002",
        "display" : "Specimen of unknown material (specimen)"
      },
      {
        "code" : "122571007",
        "display" : "Pericardial fluid specimen (specimen)"
      },
      {
        "code" : "309165001",
        "display" : "Ear specimen (specimen)"
      },
      {
        "code" : "258459007",
        "display" : "Gastric fluid specimen (specimen)"
      },
      {
        "code" : "608969007",
        "display" : "Specimen from skin (specimen)"
      },
      {
        "code" : "122556008",
        "display" : "Cord blood specimen (specimen)"
      },
      {
        "code" : "258450006",
        "display" : "Cerebrospinal fluid specimen (specimen)"
      },
      {
        "code" : "258415003",
        "display" : "Biopsy specimen (specimen)"
      },
      {
        "code" : "445447003",
        "display" : "Specimen from trachea obtained by aspiration (specimen)"
      },
      {
        "code" : "119398007",
        "display" : "Specimen from brain (specimen)"
      },
      {
        "code" : "119342007",
        "display" : "Saliva specimen (specimen)"
      },
      {
        "code" : "119365002",
        "display" : "Specimen from wound (specimen)"
      },
      {
        "code" : "119334006",
        "display" : "Sputum specimen (specimen)"
      },
      {
        "code" : "119373006",
        "display" : "Amniotic fluid specimen (specimen)"
      },
      {
        "code" : "119371008",
        "display" : "Specimen from abscess (specimen)"
      }]
    }]
  }
}