{"resourceType":"StructureDefinition","id":"ch-emed-dosage-structured-normal","text":{"status":"extensions","div":"<div xmlns=\"http://www.w3.org/1999/xhtml\"><table border=\"0\" cellpadding=\"0\" cellspacing=\"0\" style=\"border: 0px #F0F0F0 solid; font-size: 11px; font-family: verdana; vertical-align: top;\"><tr style=\"border: 1px #F0F0F0 solid; font-size: 11px; font-family: verdana; vertical-align: top\"><th style=\"vertical-align: top; text-align : left; background-color: white; border: 0px #F0F0F0 solid; padding:0px 4px 0px 4px\" class=\"hierarchy\"><a href=\"http://hl7.org/fhir/R4/formats.html#table\" title=\"The logical name of the element\">Name</a></th><th style=\"vertical-align: top; text-align : left; background-color: white; border: 0px #F0F0F0 solid; padding:0px 4px 0px 4px\" class=\"hierarchy\"><a href=\"http://hl7.org/fhir/R4/formats.html#table\" title=\"Information about the use of the element\">Flags</a></th><th style=\"vertical-align: top; text-align : left; background-color: white; border: 0px #F0F0F0 solid; padding:0px 4px 0px 4px\" class=\"hierarchy\"><a href=\"http://hl7.org/fhir/R4/formats.html#table\" title=\"Minimum and Maximum # of times the the element can appear in the instance\">Card.</a></th><th style=\"width: 100px\" class=\"hierarchy\"><a href=\"http://hl7.org/fhir/R4/formats.html#table\" title=\"Reference to the type of the element\">Type</a></th><th style=\"vertical-align: top; text-align : left; background-color: white; border: 0px #F0F0F0 solid; padding:0px 4px 0px 4px\" class=\"hierarchy\"><a href=\"http://hl7.org/fhir/R4/formats.html#table\" title=\"Additional information about the element\">Description &amp; Constraints</a><span style=\"float: right\"><a href=\"http://hl7.org/fhir/R4/formats.html#table\" title=\"Legend for this format\"><img src=\"http://hl7.org/fhir/R4/help16.png\" alt=\"doco\" style=\"background-color: inherit\"/></a></span></th></tr><tr style=\"border: 0px #F0F0F0 solid; padding:0px; vertical-align: top; background-color: white\"><td style=\"vertical-align: top; text-align : left; background-color: white; border: 0px #F0F0F0 solid; padding:0px 4px 0px 4px; white-space: nowrap; background-image: url(tbl_bck1.png)\" class=\"hierarchy\"><img src=\"tbl_spacer.png\" alt=\".\" style=\"background-color: inherit\" class=\"hierarchy\"/><img src=\"icon_element.gif\" alt=\".\" style=\"background-color: white; background-color: inherit\" title=\"Element\" class=\"hierarchy\"/> <a href=\"StructureDefinition-ch-emed-dosage-structured-normal-definitions.html#Dosage\">Dosage</a><a name=\"Dosage\"> </a></td><td style=\"vertical-align: top; text-align : left; background-color: white; border: 0px #F0F0F0 solid; padding:0px 4px 0px 4px\" class=\"hierarchy\"/><td style=\"vertical-align: top; text-align : left; background-color: white; border: 0px #F0F0F0 solid; padding:0px 4px 0px 4px\" class=\"hierarchy\"><span style=\"opacity: 0.5\">0</span><span style=\"opacity: 0.5\">..</span><span style=\"opacity: 0.5\">*</span></td><td style=\"vertical-align: top; text-align : left; background-color: white; border: 0px #F0F0F0 solid; padding:0px 4px 0px 4px\" class=\"hierarchy\"><a href=\"StructureDefinition-ch-emed-dosage-structured.html\">CHEMEDDosageStructured</a></td><td style=\"vertical-align: top; text-align : left; background-color: white; border: 0px #F0F0F0 solid; padding:0px 4px 0px 4px\" class=\"hierarchy\">CH EMED Dosage Normal dosing</td></tr>\r\n<tr style=\"border: 0px #F0F0F0 solid; padding:0px; vertical-align: top; background-color: #F7F7F7\"><td style=\"vertical-align: top; text-align : left; background-color: #F7F7F7; border: 0px #F0F0F0 solid; padding:0px 4px 0px 4px; white-space: nowrap; background-image: url(tbl_bck00.png)\" class=\"hierarchy\"><img src=\"tbl_spacer.png\" alt=\".\" style=\"background-color: inherit\" class=\"hierarchy\"/><img src=\"tbl_vjoin_end.png\" alt=\".\" style=\"background-color: inherit\" class=\"hierarchy\"/><img src=\"icon_element.gif\" alt=\".\" style=\"background-color: #F7F7F7; background-color: inherit\" title=\"Element\" class=\"hierarchy\"/> <span style=\"text-decoration:line-through\">sequence</span><a name=\"Dosage.sequence\"> </a></td><td style=\"vertical-align: top; text-align : left; background-color: #F7F7F7; border: 0px #F0F0F0 solid; padding:0px 4px 0px 4px\" class=\"hierarchy\"/><td style=\"vertical-align: top; text-align : left; background-color: #F7F7F7; border: 0px #F0F0F0 solid; padding:0px 4px 0px 4px\" class=\"hierarchy\"><span style=\"text-decoration:line-through\"/><span style=\"text-decoration:line-through\">0</span><span style=\"text-decoration:line-through\">..</span><span style=\"text-decoration:line-through\">0</span></td><td style=\"vertical-align: top; text-align : left; background-color: #F7F7F7; border: 0px #F0F0F0 solid; padding:0px 4px 0px 4px\" class=\"hierarchy\"/><td style=\"vertical-align: top; text-align : left; background-color: #F7F7F7; border: 0px #F0F0F0 solid; padding:0px 4px 0px 4px\" class=\"hierarchy\"/></tr>\r\n<tr><td colspan=\"5\" class=\"hierarchy\"><br/><a href=\"http://hl7.org/fhir/R4/formats.html#table\" title=\"Legend for this format\"><img src=\"http://hl7.org/fhir/R4/help16.png\" alt=\"doco\" style=\"background-color: inherit\"/> Documentation for this format</a></td></tr></table></div>"},"url":"http://fhir.ch/ig/ch-emed/StructureDefinition/ch-emed-dosage-structured-normal","version":"1.0.0","name":"CHEMEDDosageStructuredNormal","title":"CH EMED Dosage Structured Profile Normal Dosing","status":"active","experimental":false,"date":"2021-06-14T15:29:34+02:00","publisher":"eHealth Suisse","contact":[{"name":"eHealth Suisse","telecom":[{"system":"url","value":"https://www.e-health-suisse.ch/startseite.html"}]}],"description":"Normal dosing (IHE PHARM 1.3.6.1.4.1.19376.1.5.3.1.4.7.1)","jurisdiction":[{"coding":[{"system":"urn:iso:std:iso:3166","code":"CH"}]}],"copyright":"CC-BY-SA-4.0","fhirVersion":"4.0.1","mapping":[{"identity":"cda","uri":"http://hl7.org/v3/cda","name":"CDA (R2)"},{"identity":"rim","uri":"http://hl7.org/v3","name":"RIM Mapping"},{"identity":"v2","uri":"http://hl7.org/v2","name":"HL7 v2 Mapping"}],"kind":"complex-type","abstract":false,"type":"Dosage","baseDefinition":"http://fhir.ch/ig/ch-emed/StructureDefinition/ch-emed-dosage-structured","derivation":"constraint","snapshot":{"element":[{"id":"Dosage","path":"Dosage","short":"CH EMED Dosage Normal dosing","definition":"Indicates how the medication is/was taken or should be taken by the patient.","min":0,"max":"*","base":{"path":"Dosage","min":0,"max":"*"},"constraint":[{"key":"ele-1","severity":"error","human":"All FHIR elements must have a @value or children","expression":"hasValue() or (children().count() > id.count())","xpath":"@value|f:*|h:div","source":"http://hl7.org/fhir/StructureDefinition/Element"}],"isModifier":false,"mapping":[{"identity":"rim","map":"n/a"},{"identity":"rim","map":".outboundRelationship[typeCode=COMP].target[classCode=SBADM, moodCode=INT]"}]},{"id":"Dosage.id","path":"Dosage.id","representation":["xmlAttr"],"short":"Unique id for inter-element referencing","definition":"Unique id for the element within a resource (for internal references). This may be any string value that does not contain spaces.","min":0,"max":"1","base":{"path":"Element.id","min":0,"max":"1"},"type":[{"extension":[{"url":"http://hl7.org/fhir/StructureDefinition/structuredefinition-fhir-type","valueUrl":"string"}],"code":"http://hl7.org/fhirpath/System.String"}],"isModifier":false,"isSummary":false,"mapping":[{"identity":"rim","map":"n/a"}]},{"id":"Dosage.extension","path":"Dosage.extension","slicing":{"discriminator":[{"type":"value","path":"url"}],"description":"Extensions are always sliced by (at least) url","rules":"open"},"short":"Extension","definition":"An Extension","min":0,"max":"*","base":{"path":"Element.extension","min":0,"max":"*"},"type":[{"code":"Extension"}],"constraint":[{"key":"ele-1","severity":"error","human":"All FHIR elements must have a @value or children","expression":"hasValue() or (children().count() > id.count())","xpath":"@value|f:*|h:div","source":"http://hl7.org/fhir/StructureDefinition/Element"},{"key":"ext-1","severity":"error","human":"Must have either extensions or value[x], not both","expression":"extension.exists() != value.exists()","xpath":"exists(f:extension)!=exists(f:*[starts-with(local-name(.), \"value\")])","source":"http://hl7.org/fhir/StructureDefinition/Extension"}],"isModifier":false,"isSummary":false},{"id":"Dosage.modifierExtension","path":"Dosage.modifierExtension","short":"Extensions that cannot be ignored even if unrecognized","definition":"May be used to represent additional information that is not part of the basic definition of the element and that modifies the understanding of the element in which it is contained and/or the understanding of the containing element's descendants. Usually modifier elements provide negation or qualification. To make the use of extensions safe and manageable, there is a strict set of governance applied to the definition and use of extensions. Though any implementer can define an extension, there is a set of requirements that SHALL be met as part of the definition of the extension. Applications processing a resource are required to check for modifier extensions.\n\nModifier extensions SHALL NOT change the meaning of any elements on Resource or DomainResource (including cannot change the meaning of modifierExtension itself).","comment":"There can be no stigma associated with the use of extensions by any application, project, or standard - regardless of the institution or jurisdiction that uses or defines the extensions.  The use of extensions is what allows the FHIR specification to retain a core level of simplicity for everyone.","requirements":"Modifier extensions allow for extensions that *cannot* be safely ignored to be clearly distinguished from the vast majority of extensions which can be safely ignored.  This promotes interoperability by eliminating the need for implementers to prohibit the presence of extensions. For further information, see the [definition of modifier extensions](http://hl7.org/fhir/R4/extensibility.html#modifierExtension).","alias":["extensions","user content","modifiers"],"min":0,"max":"*","base":{"path":"BackboneElement.modifierExtension","min":0,"max":"*"},"type":[{"code":"Extension"}],"constraint":[{"key":"ele-1","severity":"error","human":"All FHIR elements must have a @value or children","expression":"hasValue() or (children().count() > id.count())","xpath":"@value|f:*|h:div","source":"http://hl7.org/fhir/StructureDefinition/Element"},{"key":"ext-1","severity":"error","human":"Must have either extensions or value[x], not both","expression":"extension.exists() != value.exists()","xpath":"exists(f:extension)!=exists(f:*[starts-with(local-name(.), \"value\")])","source":"http://hl7.org/fhir/StructureDefinition/Extension"}],"isModifier":true,"isModifierReason":"Modifier extensions are expected to modify the meaning or interpretation of the element that contains them","isSummary":true,"mapping":[{"identity":"rim","map":"N/A"}]},{"id":"Dosage.sequence","path":"Dosage.sequence","short":"The order of the dosage instructions","definition":"Indicates the order in which the dosage instructions should be applied or interpreted.","requirements":"If the sequence number of multiple Dosages is the same, then it is implied that the instructions are to be treated as concurrent.  If the sequence number is different, then the Dosages are intended to be sequential.","min":0,"max":"0","base":{"path":"Dosage.sequence","min":0,"max":"1"},"type":[{"code":"integer"}],"constraint":[{"key":"ele-1","severity":"error","human":"All FHIR elements must have a @value or children","expression":"hasValue() or (children().count() > id.count())","xpath":"@value|f:*|h:div","source":"http://hl7.org/fhir/StructureDefinition/Element"}],"isModifier":false,"isSummary":true,"mapping":[{"identity":"v2","map":"TQ1-1"},{"identity":"rim","map":".text"},{"identity":"cda","map":".entryRelationship.sequenceNumber"}]},{"id":"Dosage.text","path":"Dosage.text","short":"Free text dosage instructions e.g. SIG","definition":"Free text dosage instructions e.g. SIG.","requirements":"Free text dosage instructions can be used for cases where the instructions are too complex to code.  The content of this attribute does not include the name or description of the medication. When coded instructions are present, the free text instructions may still be present for display to humans taking or administering the medication. It is expected that the text instructions will always be populated.  If the dosage.timing attribute is also populated, then the dosage.text should reflect the same information as the timing.  Additional information about administration or preparation of the medication should be included as text.","min":0,"max":"0","base":{"path":"Dosage.text","min":0,"max":"1"},"type":[{"code":"string"}],"constraint":[{"key":"ele-1","severity":"error","human":"All FHIR elements must have a @value or children","expression":"hasValue() or (children().count() > id.count())","xpath":"@value|f:*|h:div","source":"http://hl7.org/fhir/StructureDefinition/Element"}],"isModifier":false,"isSummary":true,"mapping":[{"identity":"v2","map":"RXO-6; RXE-21"},{"identity":"rim","map":".text"}]},{"id":"Dosage.additionalInstruction","path":"Dosage.additionalInstruction","short":"Supplemental instruction or warnings to the patient - e.g. \"with meals\", \"may cause drowsiness\"","definition":"Supplemental instructions to the patient on how to take the medication  (e.g. \"with meals\" or\"take half to one hour before food\") or warnings for the patient about the medication (e.g. \"may cause drowsiness\" or \"avoid exposure of skin to direct sunlight or sunlamps\").","comment":"Information about administration or preparation of the medication (e.g. \"infuse as rapidly as possibly via intraperitoneal port\" or \"immediately following drug x\") should be populated in dosage.text.","requirements":"Additional instruction is intended to be coded, but where no code exists, the element could include text.  For example, \"Swallow with plenty of water\" which might or might not be coded.","min":0,"max":"*","base":{"path":"Dosage.additionalInstruction","min":0,"max":"*"},"type":[{"code":"CodeableConcept"}],"constraint":[{"key":"ele-1","severity":"error","human":"All FHIR elements must have a @value or children","expression":"hasValue() or (children().count() > id.count())","xpath":"@value|f:*|h:div","source":"http://hl7.org/fhir/StructureDefinition/Element"}],"isModifier":false,"isSummary":true,"binding":{"extension":[{"url":"http://hl7.org/fhir/StructureDefinition/elementdefinition-bindingName","valueString":"AdditionalInstruction"}],"strength":"example","description":"A coded concept identifying additional instructions such as \"take with water\" or \"avoid operating heavy machinery\".","valueSet":"http://hl7.org/fhir/ValueSet/additional-instruction-codes"},"mapping":[{"identity":"v2","map":"RXO-7"},{"identity":"rim","map":".text"}]},{"id":"Dosage.patientInstruction","path":"Dosage.patientInstruction","short":"Patient or consumer oriented instructions","definition":"Instructions in terms that are understood by the patient or consumer.","min":0,"max":"1","base":{"path":"Dosage.patientInstruction","min":0,"max":"1"},"type":[{"code":"string"}],"constraint":[{"key":"ele-1","severity":"error","human":"All FHIR elements must have a @value or children","expression":"hasValue() or (children().count() > id.count())","xpath":"@value|f:*|h:div","source":"http://hl7.org/fhir/StructureDefinition/Element"}],"isModifier":false,"isSummary":true,"mapping":[{"identity":"v2","map":"RXO-7"},{"identity":"rim","map":".text"}]},{"id":"Dosage.timing","path":"Dosage.timing","short":"When medication should be administered","definition":"When medication should be administered.","comment":"This attribute might not always be populated while the Dosage.text is expected to be populated.  If both are populated, then the Dosage.text should reflect the content of the Dosage.timing.","requirements":"The timing schedule for giving the medication to the patient. This  data type allows many different expressions. For example: \"Every 8 hours\"; \"Three times a day\"; \"1/2 an hour before breakfast for 10 days from 23-Dec 2011:\"; \"15 Oct 2013, 17 Oct 2013 and 1 Nov 2013\".  Sometimes, a rate can imply duration when expressed as total volume / duration (e.g.  500mL/2 hours implies a duration of 2 hours).  However, when rate doesn't imply duration (e.g. 250mL/hour), then the timing.repeat.duration is needed to convey the infuse over time period.","min":0,"max":"1","base":{"path":"Dosage.timing","min":0,"max":"1"},"type":[{"code":"Timing"}],"constraint":[{"key":"ele-1","severity":"error","human":"All FHIR elements must have a @value or children","expression":"hasValue() or (children().count() > id.count())","xpath":"@value|f:*|h:div","source":"http://hl7.org/fhir/StructureDefinition/Element"}],"isModifier":false,"isSummary":true,"mapping":[{"identity":"rim","map":".effectiveTime"},{"identity":"cda","map":".effectiveTime"}]},{"id":"Dosage.timing.id","path":"Dosage.timing.id","representation":["xmlAttr"],"short":"Unique id for inter-element referencing","definition":"Unique id for the element within a resource (for internal references). This may be any string value that does not contain spaces.","min":0,"max":"1","base":{"path":"Element.id","min":0,"max":"1"},"type":[{"extension":[{"url":"http://hl7.org/fhir/StructureDefinition/structuredefinition-fhir-type","valueUrl":"string"}],"code":"http://hl7.org/fhirpath/System.String"}],"isModifier":false,"isSummary":false,"mapping":[{"identity":"rim","map":"n/a"}]},{"id":"Dosage.timing.extension","path":"Dosage.timing.extension","slicing":{"discriminator":[{"type":"value","path":"url"}],"description":"Extensions are always sliced by (at least) url","rules":"open"},"short":"Additional content defined by implementations","definition":"May be used to represent additional information that is not part of the basic definition of the element. To make the use of extensions safe and manageable, there is a strict set of governance  applied to the definition and use of extensions. Though any implementer can define an extension, there is a set of requirements that SHALL be met as part of the definition of the extension.","comment":"There can be no stigma associated with the use of extensions by any application, project, or standard - regardless of the institution or jurisdiction that uses or defines the extensions.  The use of extensions is what allows the FHIR specification to retain a core level of simplicity for everyone.","alias":["extensions","user content"],"min":0,"max":"*","base":{"path":"Element.extension","min":0,"max":"*"},"type":[{"code":"Extension"}],"constraint":[{"key":"ele-1","severity":"error","human":"All FHIR elements must have a @value or children","expression":"hasValue() or (children().count() > id.count())","xpath":"@value|f:*|h:div","source":"http://hl7.org/fhir/StructureDefinition/Element"},{"key":"ext-1","severity":"error","human":"Must have either extensions or value[x], not both","expression":"extension.exists() != value.exists()","xpath":"exists(f:extension)!=exists(f:*[starts-with(local-name(.), \"value\")])","source":"http://hl7.org/fhir/StructureDefinition/Extension"}],"isModifier":false,"isSummary":false,"mapping":[{"identity":"rim","map":"n/a"}]},{"id":"Dosage.timing.modifierExtension","path":"Dosage.timing.modifierExtension","short":"Extensions that cannot be ignored even if unrecognized","definition":"May be used to represent additional information that is not part of the basic definition of the element and that modifies the understanding of the element in which it is contained and/or the understanding of the containing element's descendants. Usually modifier elements provide negation or qualification. To make the use of extensions safe and manageable, there is a strict set of governance applied to the definition and use of extensions. Though any implementer can define an extension, there is a set of requirements that SHALL be met as part of the definition of the extension. Applications processing a resource are required to check for modifier extensions.\n\nModifier extensions SHALL NOT change the meaning of any elements on Resource or DomainResource (including cannot change the meaning of modifierExtension itself).","comment":"There can be no stigma associated with the use of extensions by any application, project, or standard - regardless of the institution or jurisdiction that uses or defines the extensions.  The use of extensions is what allows the FHIR specification to retain a core level of simplicity for everyone.","requirements":"Modifier extensions allow for extensions that *cannot* be safely ignored to be clearly distinguished from the vast majority of extensions which can be safely ignored.  This promotes interoperability by eliminating the need for implementers to prohibit the presence of extensions. For further information, see the [definition of modifier extensions](http://hl7.org/fhir/R4/extensibility.html#modifierExtension).","alias":["extensions","user content","modifiers"],"min":0,"max":"*","base":{"path":"BackboneElement.modifierExtension","min":0,"max":"*"},"type":[{"code":"Extension"}],"constraint":[{"key":"ele-1","severity":"error","human":"All FHIR elements must have a @value or children","expression":"hasValue() or (children().count() > id.count())","xpath":"@value|f:*|h:div","source":"http://hl7.org/fhir/StructureDefinition/Element"},{"key":"ext-1","severity":"error","human":"Must have either extensions or value[x], not both","expression":"extension.exists() != value.exists()","xpath":"exists(f:extension)!=exists(f:*[starts-with(local-name(.), \"value\")])","source":"http://hl7.org/fhir/StructureDefinition/Extension"}],"isModifier":true,"isModifierReason":"Modifier extensions are expected to modify the meaning or interpretation of the element that contains them","isSummary":true,"mapping":[{"identity":"rim","map":"N/A"}]},{"id":"Dosage.timing.event","path":"Dosage.timing.event","short":"When the event occurs","definition":"Identifies specific times when the event occurs.","requirements":"In a Medication Administration Record, for instance, you need to take a general specification, and turn it into a precise specification.","min":0,"max":"*","base":{"path":"Timing.event","min":0,"max":"*"},"type":[{"code":"dateTime"}],"constraint":[{"key":"ele-1","severity":"error","human":"All FHIR elements must have a @value or children","expression":"hasValue() or (children().count() > id.count())","xpath":"@value|f:*|h:div","source":"http://hl7.org/fhir/StructureDefinition/Element"}],"isModifier":false,"isSummary":true,"mapping":[{"identity":"rim","map":"QLIST<TS>"}]},{"id":"Dosage.timing.repeat","path":"Dosage.timing.repeat","short":"When the event is to occur","definition":"A set of rules that describe when the event is scheduled.","requirements":"Many timing schedules are determined by regular repetitions.","min":0,"max":"1","base":{"path":"Timing.repeat","min":0,"max":"1"},"type":[{"code":"Element"}],"constraint":[{"key":"ele-1","severity":"error","human":"All FHIR elements must have a @value or children","expression":"hasValue() or (children().count() > id.count())","xpath":"@value|f:*|h:div","source":"http://hl7.org/fhir/StructureDefinition/Element"},{"key":"tim-1","severity":"error","human":"if there's a duration, there needs to be duration units","expression":"duration.empty() or durationUnit.exists()","xpath":"not(exists(f:duration)) or exists(f:durationUnit)","source":"http://hl7.org/fhir/StructureDefinition/Dosage"},{"key":"tim-2","severity":"error","human":"if there's a period, there needs to be period units","expression":"period.empty() or periodUnit.exists()","xpath":"not(exists(f:period)) or exists(f:periodUnit)","source":"http://hl7.org/fhir/StructureDefinition/Dosage"},{"key":"tim-4","severity":"error","human":"duration SHALL be a non-negative value","expression":"duration.exists() implies duration >= 0","xpath":"f:duration/@value >= 0 or not(f:duration/@value)","source":"http://hl7.org/fhir/StructureDefinition/Dosage"},{"key":"tim-5","severity":"error","human":"period SHALL be a non-negative value","expression":"period.exists() implies period >= 0","xpath":"f:period/@value >= 0 or not(f:period/@value)","source":"http://hl7.org/fhir/StructureDefinition/Dosage"},{"key":"tim-6","severity":"error","human":"If there's a periodMax, there must be a period","expression":"periodMax.empty() or period.exists()","xpath":"not(exists(f:periodMax)) or exists(f:period)","source":"http://hl7.org/fhir/StructureDefinition/Dosage"},{"key":"tim-7","severity":"error","human":"If there's a durationMax, there must be a duration","expression":"durationMax.empty() or duration.exists()","xpath":"not(exists(f:durationMax)) or exists(f:duration)","source":"http://hl7.org/fhir/StructureDefinition/Dosage"},{"key":"tim-8","severity":"error","human":"If there's a countMax, there must be a count","expression":"countMax.empty() or count.exists()","xpath":"not(exists(f:countMax)) or exists(f:count)","source":"http://hl7.org/fhir/StructureDefinition/Dosage"},{"key":"tim-9","severity":"error","human":"If there's an offset, there must be a when (and not C, CM, CD, CV)","expression":"offset.empty() or (when.exists() and ((when in ('C' | 'CM' | 'CD' | 'CV')).not()))","xpath":"not(exists(f:offset)) or exists(f:when)","source":"http://hl7.org/fhir/StructureDefinition/Dosage"},{"key":"tim-10","severity":"error","human":"If there's a timeOfDay, there cannot be a when, or vice versa","expression":"timeOfDay.empty() or when.empty()","xpath":"not(exists(f:timeOfDay)) or not(exists(f:when))","source":"http://hl7.org/fhir/StructureDefinition/Dosage"}],"isModifier":false,"isSummary":true,"mapping":[{"identity":"rim","map":"Implies PIVL or EIVL"}]},{"id":"Dosage.timing.repeat.id","path":"Dosage.timing.repeat.id","representation":["xmlAttr"],"short":"Unique id for inter-element referencing","definition":"Unique id for the element within a resource (for internal references). This may be any string value that does not contain spaces.","min":0,"max":"1","base":{"path":"Element.id","min":0,"max":"1"},"type":[{"extension":[{"url":"http://hl7.org/fhir/StructureDefinition/structuredefinition-fhir-type","valueUrl":"string"}],"code":"http://hl7.org/fhirpath/System.String"}],"isModifier":false,"isSummary":false,"mapping":[{"identity":"rim","map":"n/a"}]},{"id":"Dosage.timing.repeat.extension","path":"Dosage.timing.repeat.extension","slicing":{"discriminator":[{"type":"value","path":"url"}],"description":"Extensions are always sliced by (at least) url","rules":"open"},"short":"Additional content defined by implementations","definition":"May be used to represent additional information that is not part of the basic definition of the element. To make the use of extensions safe and manageable, there is a strict set of governance  applied to the definition and use of extensions. Though any implementer can define an extension, there is a set of requirements that SHALL be met as part of the definition of the extension.","comment":"There can be no stigma associated with the use of extensions by any application, project, or standard - regardless of the institution or jurisdiction that uses or defines the extensions.  The use of extensions is what allows the FHIR specification to retain a core level of simplicity for everyone.","alias":["extensions","user content"],"min":0,"max":"*","base":{"path":"Element.extension","min":0,"max":"*"},"type":[{"code":"Extension"}],"constraint":[{"key":"ele-1","severity":"error","human":"All FHIR elements must have a @value or children","expression":"hasValue() or (children().count() > id.count())","xpath":"@value|f:*|h:div","source":"http://hl7.org/fhir/StructureDefinition/Element"},{"key":"ext-1","severity":"error","human":"Must have either extensions or value[x], not both","expression":"extension.exists() != value.exists()","xpath":"exists(f:extension)!=exists(f:*[starts-with(local-name(.), \"value\")])","source":"http://hl7.org/fhir/StructureDefinition/Extension"}],"isModifier":false,"isSummary":false,"mapping":[{"identity":"rim","map":"n/a"}]},{"id":"Dosage.timing.repeat.bounds[x]","path":"Dosage.timing.repeat.bounds[x]","short":"Length/Range of lengths, or (Start and/or end) limits","definition":"Either a duration for the length of the timing schedule, a range of possible length, or outer bounds for start and/or end limits of the timing schedule.","min":0,"max":"1","base":{"path":"Timing.repeat.bounds[x]","min":0,"max":"1"},"type":[{"code":"Duration"},{"code":"Range"},{"code":"Period"}],"constraint":[{"key":"ele-1","severity":"error","human":"All FHIR elements must have a @value or children","expression":"hasValue() or (children().count() > id.count())","xpath":"@value|f:*|h:div","source":"http://hl7.org/fhir/StructureDefinition/Element"}],"mustSupport":true,"isModifier":false,"isSummary":true,"mapping":[{"identity":"rim","map":"IVL(TS) used in a QSI"},{"identity":"cda","map":".low/.high"}]},{"id":"Dosage.timing.repeat.count","path":"Dosage.timing.repeat.count","short":"Number of times to repeat","definition":"A total count of the desired number of repetitions across the duration of the entire timing specification. If countMax is present, this element indicates the lower bound of the allowed range of count values.","comment":"If you have both bounds and count, then this should be understood as within the bounds period, until count times happens.","requirements":"Repetitions may be limited by end time or total occurrences.","min":0,"max":"1","base":{"path":"Timing.repeat.count","min":0,"max":"1"},"type":[{"code":"positiveInt"}],"constraint":[{"key":"ele-1","severity":"error","human":"All FHIR elements must have a @value or children","expression":"hasValue() or (children().count() > id.count())","xpath":"@value|f:*|h:div","source":"http://hl7.org/fhir/StructureDefinition/Element"}],"isModifier":false,"isSummary":true,"mapping":[{"identity":"rim","map":"PIVL.count"}]},{"id":"Dosage.timing.repeat.countMax","path":"Dosage.timing.repeat.countMax","short":"Maximum number of times to repeat","definition":"If present, indicates that the count is a range - so to perform the action between [count] and [countMax] times.","min":0,"max":"1","base":{"path":"Timing.repeat.countMax","min":0,"max":"1"},"type":[{"code":"positiveInt"}],"constraint":[{"key":"ele-1","severity":"error","human":"All FHIR elements must have a @value or children","expression":"hasValue() or (children().count() > id.count())","xpath":"@value|f:*|h:div","source":"http://hl7.org/fhir/StructureDefinition/Element"}],"isModifier":false,"isSummary":true,"mapping":[{"identity":"rim","map":"PIVL.count"}]},{"id":"Dosage.timing.repeat.duration","path":"Dosage.timing.repeat.duration","short":"How long when it happens","definition":"How long this thing happens for when it happens. If durationMax is present, this element indicates the lower bound of the allowed range of the duration.","comment":"For some events the duration is part of the definition of the event (e.g. IV infusions, where the duration is implicit in the specified quantity and rate). For others, it's part of the timing specification (e.g. exercise).","requirements":"Some activities are not instantaneous and need to be maintained for a period of time.","min":0,"max":"1","base":{"path":"Timing.repeat.duration","min":0,"max":"1"},"type":[{"code":"decimal"}],"constraint":[{"key":"ele-1","severity":"error","human":"All FHIR elements must have a @value or children","expression":"hasValue() or (children().count() > id.count())","xpath":"@value|f:*|h:div","source":"http://hl7.org/fhir/StructureDefinition/Element"}],"isModifier":false,"isSummary":true,"mapping":[{"identity":"rim","map":"PIVL.phase"}]},{"id":"Dosage.timing.repeat.durationMax","path":"Dosage.timing.repeat.durationMax","short":"How long when it happens (Max)","definition":"If present, indicates that the duration is a range - so to perform the action between [duration] and [durationMax] time length.","comment":"For some events the duration is part of the definition of the event (e.g. IV infusions, where the duration is implicit in the specified quantity and rate). For others, it's part of the timing specification (e.g. exercise).","requirements":"Some activities are not instantaneous and need to be maintained for a period of time.","min":0,"max":"1","base":{"path":"Timing.repeat.durationMax","min":0,"max":"1"},"type":[{"code":"decimal"}],"constraint":[{"key":"ele-1","severity":"error","human":"All FHIR elements must have a @value or children","expression":"hasValue() or (children().count() > id.count())","xpath":"@value|f:*|h:div","source":"http://hl7.org/fhir/StructureDefinition/Element"}],"isModifier":false,"isSummary":true,"mapping":[{"identity":"rim","map":"PIVL.phase"}]},{"id":"Dosage.timing.repeat.durationUnit","path":"Dosage.timing.repeat.durationUnit","short":"s | min | h | d | wk | mo | a - unit of time (UCUM)","definition":"The units of time for the duration, in UCUM units.","min":0,"max":"1","base":{"path":"Timing.repeat.durationUnit","min":0,"max":"1"},"type":[{"code":"code"}],"constraint":[{"key":"ele-1","severity":"error","human":"All FHIR elements must have a @value or children","expression":"hasValue() or (children().count() > id.count())","xpath":"@value|f:*|h:div","source":"http://hl7.org/fhir/StructureDefinition/Element"}],"isModifier":false,"isSummary":true,"binding":{"extension":[{"url":"http://hl7.org/fhir/StructureDefinition/elementdefinition-bindingName","valueString":"UnitsOfTime"}],"strength":"required","description":"A unit of time (units from UCUM).","valueSet":"http://hl7.org/fhir/ValueSet/units-of-time|4.0.1"},"mapping":[{"identity":"rim","map":"PIVL.phase.unit"}]},{"id":"Dosage.timing.repeat.frequency","path":"Dosage.timing.repeat.frequency","short":"Event occurs frequency times per period","definition":"The number of times to repeat the action within the specified period. If frequencyMax is present, this element indicates the lower bound of the allowed range of the frequency.","min":0,"max":"1","base":{"path":"Timing.repeat.frequency","min":0,"max":"1"},"type":[{"code":"positiveInt"}],"meaningWhenMissing":"If no frequency is stated, the assumption is that the event occurs once per period, but systems SHOULD always be specific about this","constraint":[{"key":"ele-1","severity":"error","human":"All FHIR elements must have a @value or children","expression":"hasValue() or (children().count() > id.count())","xpath":"@value|f:*|h:div","source":"http://hl7.org/fhir/StructureDefinition/Element"}],"isModifier":false,"isSummary":true,"mapping":[{"identity":"rim","map":"PIVL.phase"}]},{"id":"Dosage.timing.repeat.frequencyMax","path":"Dosage.timing.repeat.frequencyMax","short":"Event occurs up to frequencyMax times per period","definition":"If present, indicates that the frequency is a range - so to repeat between [frequency] and [frequencyMax] times within the period or period range.","min":0,"max":"1","base":{"path":"Timing.repeat.frequencyMax","min":0,"max":"1"},"type":[{"code":"positiveInt"}],"constraint":[{"key":"ele-1","severity":"error","human":"All FHIR elements must have a @value or children","expression":"hasValue() or (children().count() > id.count())","xpath":"@value|f:*|h:div","source":"http://hl7.org/fhir/StructureDefinition/Element"}],"isModifier":false,"isSummary":true,"mapping":[{"identity":"rim","map":"PIVL.phase"}]},{"id":"Dosage.timing.repeat.period","path":"Dosage.timing.repeat.period","short":"Event occurs frequency times per period","definition":"Indicates the duration of time over which repetitions are to occur; e.g. to express \"3 times per day\", 3 would be the frequency and \"1 day\" would be the period. If periodMax is present, this element indicates the lower bound of the allowed range of the period length.","min":0,"max":"1","base":{"path":"Timing.repeat.period","min":0,"max":"1"},"type":[{"code":"decimal"}],"constraint":[{"key":"ele-1","severity":"error","human":"All FHIR elements must have a @value or children","expression":"hasValue() or (children().count() > id.count())","xpath":"@value|f:*|h:div","source":"http://hl7.org/fhir/StructureDefinition/Element"}],"isModifier":false,"isSummary":true,"mapping":[{"identity":"rim","map":"PIVL.phase"}]},{"id":"Dosage.timing.repeat.periodMax","path":"Dosage.timing.repeat.periodMax","short":"Upper limit of period (3-4 hours)","definition":"If present, indicates that the period is a range from [period] to [periodMax], allowing expressing concepts such as \"do this once every 3-5 days.","min":0,"max":"1","base":{"path":"Timing.repeat.periodMax","min":0,"max":"1"},"type":[{"code":"decimal"}],"constraint":[{"key":"ele-1","severity":"error","human":"All FHIR elements must have a @value or children","expression":"hasValue() or (children().count() > id.count())","xpath":"@value|f:*|h:div","source":"http://hl7.org/fhir/StructureDefinition/Element"}],"isModifier":false,"isSummary":true,"mapping":[{"identity":"rim","map":"PIVL.phase"}]},{"id":"Dosage.timing.repeat.periodUnit","path":"Dosage.timing.repeat.periodUnit","short":"s | min | h | d | wk | mo | a - unit of time (UCUM)","definition":"The units of time for the period in UCUM units.","min":0,"max":"1","base":{"path":"Timing.repeat.periodUnit","min":0,"max":"1"},"type":[{"code":"code"}],"constraint":[{"key":"ele-1","severity":"error","human":"All FHIR elements must have a @value or children","expression":"hasValue() or (children().count() > id.count())","xpath":"@value|f:*|h:div","source":"http://hl7.org/fhir/StructureDefinition/Element"}],"isModifier":false,"isSummary":true,"binding":{"extension":[{"url":"http://hl7.org/fhir/StructureDefinition/elementdefinition-bindingName","valueString":"UnitsOfTime"}],"strength":"required","description":"A unit of time (units from UCUM).","valueSet":"http://hl7.org/fhir/ValueSet/units-of-time|4.0.1"},"mapping":[{"identity":"rim","map":"PIVL.phase.unit"}]},{"id":"Dosage.timing.repeat.dayOfWeek","path":"Dosage.timing.repeat.dayOfWeek","short":"mon | tue | wed | thu | fri | sat | sun","definition":"If one or more days of week is provided, then the action happens only on the specified day(s).","comment":"If no days are specified, the action is assumed to happen every day as otherwise specified. The elements frequency and period cannot be used as well as dayOfWeek.","min":0,"max":"*","base":{"path":"Timing.repeat.dayOfWeek","min":0,"max":"*"},"type":[{"code":"code"}],"constraint":[{"key":"ele-1","severity":"error","human":"All FHIR elements must have a @value or children","expression":"hasValue() or (children().count() > id.count())","xpath":"@value|f:*|h:div","source":"http://hl7.org/fhir/StructureDefinition/Element"}],"isModifier":false,"isSummary":true,"binding":{"extension":[{"url":"http://hl7.org/fhir/StructureDefinition/elementdefinition-bindingName","valueString":"DayOfWeek"}],"strength":"required","valueSet":"http://hl7.org/fhir/ValueSet/days-of-week|4.0.1"},"mapping":[{"identity":"rim","map":"n/a"}]},{"id":"Dosage.timing.repeat.timeOfDay","path":"Dosage.timing.repeat.timeOfDay","short":"Time of day for action","definition":"Specified time of day for action to take place.","comment":"When time of day is specified, it is inferred that the action happens every day (as filtered by dayofWeek) on the specified times. The elements when, frequency and period cannot be used as well as timeOfDay.","min":0,"max":"*","base":{"path":"Timing.repeat.timeOfDay","min":0,"max":"*"},"type":[{"code":"time"}],"constraint":[{"key":"ele-1","severity":"error","human":"All FHIR elements must have a @value or children","expression":"hasValue() or (children().count() > id.count())","xpath":"@value|f:*|h:div","source":"http://hl7.org/fhir/StructureDefinition/Element"}],"isModifier":false,"isSummary":true,"mapping":[{"identity":"rim","map":"n/a"}]},{"id":"Dosage.timing.repeat.when","path":"Dosage.timing.repeat.when","short":"Code for time period of occurrence","definition":"An approximate time period during the day, potentially linked to an event of daily living that indicates when the action should occur.","comment":"When more than one event is listed, the event is tied to the union of the specified events.","requirements":"Timings are frequently determined by occurrences such as waking, eating and sleep.","min":0,"max":"*","base":{"path":"Timing.repeat.when","min":0,"max":"*"},"type":[{"code":"code"}],"constraint":[{"key":"ele-1","severity":"error","human":"All FHIR elements must have a @value or children","expression":"hasValue() or (children().count() > id.count())","xpath":"@value|f:*|h:div","source":"http://hl7.org/fhir/StructureDefinition/Element"}],"mustSupport":true,"isModifier":false,"isSummary":true,"binding":{"extension":[{"url":"http://hl7.org/fhir/StructureDefinition/elementdefinition-bindingName","valueString":"EventTiming"}],"strength":"required","description":"Real world event relating to the schedule.","valueSet":"http://hl7.org/fhir/ValueSet/event-timing|4.0.1"},"mapping":[{"identity":"rim","map":"EIVL.event"},{"identity":"cda","map":".event"}]},{"id":"Dosage.timing.repeat.offset","path":"Dosage.timing.repeat.offset","short":"Minutes from event (before or after)","definition":"The number of minutes from the event. If the event code does not indicate whether the minutes is before or after the event, then the offset is assumed to be after the event.","min":0,"max":"1","base":{"path":"Timing.repeat.offset","min":0,"max":"1"},"type":[{"code":"unsignedInt"}],"constraint":[{"key":"ele-1","severity":"error","human":"All FHIR elements must have a @value or children","expression":"hasValue() or (children().count() > id.count())","xpath":"@value|f:*|h:div","source":"http://hl7.org/fhir/StructureDefinition/Element"}],"isModifier":false,"isSummary":true,"mapping":[{"identity":"rim","map":"EIVL.offset"}]},{"id":"Dosage.timing.code","path":"Dosage.timing.code","short":"BID | TID | QID | AM | PM | QD | QOD | +","definition":"A code for the timing schedule (or just text in code.text). Some codes such as BID are ubiquitous, but many institutions define their own additional codes. If a code is provided, the code is understood to be a complete statement of whatever is specified in the structured timing data, and either the code or the data may be used to interpret the Timing, with the exception that .repeat.bounds still applies over the code (and is not contained in the code).","comment":"BID etc. are defined as 'at institutionally specified times'. For example, an institution may choose that BID is \"always at 7am and 6pm\".  If it is inappropriate for this choice to be made, the code BID should not be used. Instead, a distinct organization-specific code should be used in place of the HL7-defined BID code and/or a structured representation should be used (in this case, specifying the two event times).","min":0,"max":"1","base":{"path":"Timing.code","min":0,"max":"1"},"type":[{"code":"CodeableConcept"}],"constraint":[{"key":"ele-1","severity":"error","human":"All FHIR elements must have a @value or children","expression":"hasValue() or (children().count() > id.count())","xpath":"@value|f:*|h:div","source":"http://hl7.org/fhir/StructureDefinition/Element"}],"isModifier":false,"isSummary":true,"binding":{"extension":[{"url":"http://hl7.org/fhir/StructureDefinition/elementdefinition-bindingName","valueString":"TimingAbbreviation"}],"strength":"preferred","description":"Code for a known / defined timing pattern.","valueSet":"http://hl7.org/fhir/ValueSet/timing-abbreviation"},"mapping":[{"identity":"rim","map":"QSC.code"}]},{"id":"Dosage.asNeeded[x]","path":"Dosage.asNeeded[x]","short":"Take \"as needed\" (for x)","definition":"Indicates whether the Medication is only taken when needed within a specific dosing schedule (Boolean option), or it indicates the precondition for taking the Medication (CodeableConcept).","comment":"Can express \"as needed\" without a reason by setting the Boolean = True.  In this case the CodeableConcept is not populated.  Or you can express \"as needed\" with a reason by including the CodeableConcept.  In this case the Boolean is assumed to be True.  If you set the Boolean to False, then the dose is given according to the schedule and is not \"prn\" or \"as needed\".","min":0,"max":"1","base":{"path":"Dosage.asNeeded[x]","min":0,"max":"1"},"type":[{"code":"boolean"},{"code":"CodeableConcept"}],"constraint":[{"key":"ele-1","severity":"error","human":"All FHIR elements must have a @value or children","expression":"hasValue() or (children().count() > id.count())","xpath":"@value|f:*|h:div","source":"http://hl7.org/fhir/StructureDefinition/Element"}],"isModifier":false,"isSummary":true,"binding":{"extension":[{"url":"http://hl7.org/fhir/StructureDefinition/elementdefinition-bindingName","valueString":"MedicationAsNeededReason"}],"strength":"example","description":"A coded concept identifying the precondition that should be met or evaluated prior to consuming or administering a medication dose.  For example \"pain\", \"30 minutes prior to sexual intercourse\", \"on flare-up\" etc.","valueSet":"http://hl7.org/fhir/ValueSet/medication-as-needed-reason"},"mapping":[{"identity":"v2","map":"TQ1-9"},{"identity":"rim","map":".outboundRelationship[typeCode=PRCN].target[classCode=OBS, moodCode=EVN, code=\"as needed\"].value=boolean or codable concept"}]},{"id":"Dosage.site","path":"Dosage.site","short":"Body site to administer to","definition":"Body site to administer to.","comment":"If the use case requires attributes from the BodySite resource (e.g. to identify and track separately) then use the standard extension [bodySite](http://hl7.org/fhir/R4/extension-bodysite.html).  May be a summary code, or a reference to a very precise definition of the location, or both.","requirements":"A coded specification of the anatomic site where the medication first enters the body.","min":0,"max":"1","base":{"path":"Dosage.site","min":0,"max":"1"},"type":[{"code":"CodeableConcept"}],"constraint":[{"key":"ele-1","severity":"error","human":"All FHIR elements must have a @value or children","expression":"hasValue() or (children().count() > id.count())","xpath":"@value|f:*|h:div","source":"http://hl7.org/fhir/StructureDefinition/Element"}],"isModifier":false,"isSummary":true,"binding":{"extension":[{"url":"http://hl7.org/fhir/StructureDefinition/elementdefinition-bindingName","valueString":"MedicationAdministrationSite"}],"strength":"example","description":"A coded concept describing the site location the medicine enters into or onto the body.","valueSet":"http://hl7.org/fhir/ValueSet/approach-site-codes"},"mapping":[{"identity":"v2","map":"RXR-2"},{"identity":"rim","map":".approachSiteCode"}]},{"id":"Dosage.route","path":"Dosage.route","short":"Route of administration","definition":"How drug should enter body.","requirements":"A code specifying the route or physiological path of administration of a therapeutic agent into or onto a patient's body.","min":0,"max":"1","base":{"path":"Dosage.route","min":0,"max":"1"},"type":[{"code":"CodeableConcept"}],"constraint":[{"key":"ele-1","severity":"error","human":"All FHIR elements must have a @value or children","expression":"hasValue() or (children().count() > id.count())","xpath":"@value|f:*|h:div","source":"http://hl7.org/fhir/StructureDefinition/Element"}],"isModifier":false,"isSummary":true,"binding":{"strength":"required","valueSet":"http://fhir.ch/ig/ch-emed/ValueSet/edqm-routeofadministration"},"mapping":[{"identity":"v2","map":"RXR-1"},{"identity":"rim","map":".routeCode"}]},{"id":"Dosage.route.id","path":"Dosage.route.id","representation":["xmlAttr"],"short":"Unique id for inter-element referencing","definition":"Unique id for the element within a resource (for internal references). This may be any string value that does not contain spaces.","min":0,"max":"1","base":{"path":"Element.id","min":0,"max":"1"},"type":[{"extension":[{"url":"http://hl7.org/fhir/StructureDefinition/structuredefinition-fhir-type","valueUrl":"string"}],"code":"http://hl7.org/fhirpath/System.String"}],"isModifier":false,"isSummary":false,"mapping":[{"identity":"rim","map":"n/a"}]},{"id":"Dosage.route.extension","path":"Dosage.route.extension","slicing":{"discriminator":[{"type":"value","path":"url"}],"description":"Extensions are always sliced by (at least) url","rules":"open"},"short":"Additional content defined by implementations","definition":"May be used to represent additional information that is not part of the basic definition of the element. To make the use of extensions safe and manageable, there is a strict set of governance  applied to the definition and use of extensions. Though any implementer can define an extension, there is a set of requirements that SHALL be met as part of the definition of the extension.","comment":"There can be no stigma associated with the use of extensions by any application, project, or standard - regardless of the institution or jurisdiction that uses or defines the extensions.  The use of extensions is what allows the FHIR specification to retain a core level of simplicity for everyone.","alias":["extensions","user content"],"min":0,"max":"*","base":{"path":"Element.extension","min":0,"max":"*"},"type":[{"code":"Extension"}],"constraint":[{"key":"ele-1","severity":"error","human":"All FHIR elements must have a @value or children","expression":"hasValue() or (children().count() > id.count())","xpath":"@value|f:*|h:div","source":"http://hl7.org/fhir/StructureDefinition/Element"},{"key":"ext-1","severity":"error","human":"Must have either extensions or value[x], not both","expression":"extension.exists() != value.exists()","xpath":"exists(f:extension)!=exists(f:*[starts-with(local-name(.), \"value\")])","source":"http://hl7.org/fhir/StructureDefinition/Extension"}],"isModifier":false,"isSummary":false,"mapping":[{"identity":"rim","map":"n/a"}]},{"id":"Dosage.route.coding","path":"Dosage.route.coding","short":"Code defined by a terminology system","definition":"A reference to a code defined by a terminology system.","comment":"Codes may be defined very casually in enumerations, or code lists, up to very formal definitions such as SNOMED CT - see the HL7 v3 Core Principles for more information.  Ordering of codings is undefined and SHALL NOT be used to infer meaning. Generally, at most only one of the coding values will be labeled as UserSelected = true.","requirements":"Allows for alternative encodings within a code system, and translations to other code systems.","min":1,"max":"*","base":{"path":"CodeableConcept.coding","min":0,"max":"*"},"type":[{"code":"Coding"}],"constraint":[{"key":"ele-1","severity":"error","human":"All FHIR elements must have a @value or children","expression":"hasValue() or (children().count() > id.count())","xpath":"@value|f:*|h:div","source":"http://hl7.org/fhir/StructureDefinition/Element"}],"mustSupport":true,"isModifier":false,"isSummary":true,"mapping":[{"identity":"v2","map":"C*E.1-8, C*E.10-22"},{"identity":"rim","map":"union(., ./translation)"},{"identity":"orim","map":"fhir:CodeableConcept.coding rdfs:subPropertyOf dt:CD.coding"},{"identity":"cda","map":".routeCode"}]},{"id":"Dosage.route.coding.id","path":"Dosage.route.coding.id","representation":["xmlAttr"],"short":"Unique id for inter-element referencing","definition":"Unique id for the element within a resource (for internal references). This may be any string value that does not contain spaces.","min":0,"max":"1","base":{"path":"Element.id","min":0,"max":"1"},"type":[{"extension":[{"url":"http://hl7.org/fhir/StructureDefinition/structuredefinition-fhir-type","valueUrl":"string"}],"code":"http://hl7.org/fhirpath/System.String"}],"isModifier":false,"isSummary":false,"mapping":[{"identity":"rim","map":"n/a"}]},{"id":"Dosage.route.coding.extension","path":"Dosage.route.coding.extension","slicing":{"discriminator":[{"type":"value","path":"url"}],"description":"Extensions are always sliced by (at least) url","rules":"open"},"short":"Additional content defined by implementations","definition":"May be used to represent additional information that is not part of the basic definition of the element. To make the use of extensions safe and manageable, there is a strict set of governance  applied to the definition and use of extensions. Though any implementer can define an extension, there is a set of requirements that SHALL be met as part of the definition of the extension.","comment":"There can be no stigma associated with the use of extensions by any application, project, or standard - regardless of the institution or jurisdiction that uses or defines the extensions.  The use of extensions is what allows the FHIR specification to retain a core level of simplicity for everyone.","alias":["extensions","user content"],"min":0,"max":"*","base":{"path":"Element.extension","min":0,"max":"*"},"type":[{"code":"Extension"}],"constraint":[{"key":"ele-1","severity":"error","human":"All FHIR elements must have a @value or children","expression":"hasValue() or (children().count() > id.count())","xpath":"@value|f:*|h:div","source":"http://hl7.org/fhir/StructureDefinition/Element"},{"key":"ext-1","severity":"error","human":"Must have either extensions or value[x], not both","expression":"extension.exists() != value.exists()","xpath":"exists(f:extension)!=exists(f:*[starts-with(local-name(.), \"value\")])","source":"http://hl7.org/fhir/StructureDefinition/Extension"}],"isModifier":false,"isSummary":false,"mapping":[{"identity":"rim","map":"n/a"}]},{"id":"Dosage.route.coding.system","path":"Dosage.route.coding.system","short":"Identity of the terminology system","definition":"The identification of the code system that defines the meaning of the symbol in the code.","comment":"The URI may be an OID (urn:oid:...) or a UUID (urn:uuid:...).  OIDs and UUIDs SHALL be references to the HL7 OID registry. Otherwise, the URI should come from HL7's list of FHIR defined special URIs or it should reference to some definition that establishes the system clearly and unambiguously.","requirements":"Need to be unambiguous about the source of the definition of the symbol.","min":1,"max":"1","base":{"path":"Coding.system","min":0,"max":"1"},"type":[{"code":"uri"}],"constraint":[{"key":"ele-1","severity":"error","human":"All FHIR elements must have a @value or children","expression":"hasValue() or (children().count() > id.count())","xpath":"@value|f:*|h:div","source":"http://hl7.org/fhir/StructureDefinition/Element"}],"isModifier":false,"isSummary":true,"mapping":[{"identity":"v2","map":"C*E.3"},{"identity":"rim","map":"./codeSystem"},{"identity":"orim","map":"fhir:Coding.system rdfs:subPropertyOf dt:CDCoding.codeSystem"}]},{"id":"Dosage.route.coding.version","path":"Dosage.route.coding.version","short":"Version of the system - if relevant","definition":"The version of the code system which was used when choosing this code. Note that a well-maintained code system does not need the version reported, because the meaning of codes is consistent across versions. However this cannot consistently be assured, and when the meaning is not guaranteed to be consistent, the version SHOULD be exchanged.","comment":"Where the terminology does not clearly define what string should be used to identify code system versions, the recommendation is to use the date (expressed in FHIR date format) on which that version was officially published as the version date.","min":0,"max":"1","base":{"path":"Coding.version","min":0,"max":"1"},"type":[{"code":"string"}],"constraint":[{"key":"ele-1","severity":"error","human":"All FHIR elements must have a @value or children","expression":"hasValue() or (children().count() > id.count())","xpath":"@value|f:*|h:div","source":"http://hl7.org/fhir/StructureDefinition/Element"}],"isModifier":false,"isSummary":true,"mapping":[{"identity":"v2","map":"C*E.7"},{"identity":"rim","map":"./codeSystemVersion"},{"identity":"orim","map":"fhir:Coding.version rdfs:subPropertyOf dt:CDCoding.codeSystemVersion"}]},{"id":"Dosage.route.coding.code","path":"Dosage.route.coding.code","short":"Symbol in syntax defined by the system","definition":"A symbol in syntax defined by the system. The symbol may be a predefined code or an expression in a syntax defined by the coding system (e.g. post-coordination).","requirements":"Need to refer to a particular code in the system.","min":1,"max":"1","base":{"path":"Coding.code","min":0,"max":"1"},"type":[{"code":"code"}],"constraint":[{"key":"ele-1","severity":"error","human":"All FHIR elements must have a @value or children","expression":"hasValue() or (children().count() > id.count())","xpath":"@value|f:*|h:div","source":"http://hl7.org/fhir/StructureDefinition/Element"}],"isModifier":false,"isSummary":true,"mapping":[{"identity":"v2","map":"C*E.1"},{"identity":"rim","map":"./code"},{"identity":"orim","map":"fhir:Coding.code rdfs:subPropertyOf dt:CDCoding.code"}]},{"id":"Dosage.route.coding.display","extension":[{"url":"http://hl7.org/fhir/StructureDefinition/elementdefinition-translatable","valueBoolean":true}],"path":"Dosage.route.coding.display","short":"Representation defined by the system","definition":"A representation of the meaning of the code in the system, following the rules of the system.","requirements":"Need to be able to carry a human-readable meaning of the code for readers that do not know  the system.","min":1,"max":"1","base":{"path":"Coding.display","min":0,"max":"1"},"type":[{"code":"string"}],"constraint":[{"key":"ele-1","severity":"error","human":"All FHIR elements must have a @value or children","expression":"hasValue() or (children().count() > id.count())","xpath":"@value|f:*|h:div","source":"http://hl7.org/fhir/StructureDefinition/Element"}],"isModifier":false,"isSummary":true,"mapping":[{"identity":"v2","map":"C*E.2 - but note this is not well followed"},{"identity":"rim","map":"CV.displayName"},{"identity":"orim","map":"fhir:Coding.display rdfs:subPropertyOf dt:CDCoding.displayName"}]},{"id":"Dosage.route.coding.userSelected","path":"Dosage.route.coding.userSelected","short":"If this coding was chosen directly by the user","definition":"Indicates that this coding was chosen by a user directly - e.g. off a pick list of available items (codes or displays).","comment":"Amongst a set of alternatives, a directly chosen code is the most appropriate starting point for new translations. There is some ambiguity about what exactly 'directly chosen' implies, and trading partner agreement may be needed to clarify the use of this element and its consequences more completely.","requirements":"This has been identified as a clinical safety criterium - that this exact system/code pair was chosen explicitly, rather than inferred by the system based on some rules or language processing.","min":0,"max":"1","base":{"path":"Coding.userSelected","min":0,"max":"1"},"type":[{"code":"boolean"}],"constraint":[{"key":"ele-1","severity":"error","human":"All FHIR elements must have a @value or children","expression":"hasValue() or (children().count() > id.count())","xpath":"@value|f:*|h:div","source":"http://hl7.org/fhir/StructureDefinition/Element"}],"isModifier":false,"isSummary":true,"mapping":[{"identity":"v2","map":"Sometimes implied by being first"},{"identity":"rim","map":"CD.codingRationale"},{"identity":"orim","map":"fhir:Coding.userSelected fhir:mapsTo dt:CDCoding.codingRationale. fhir:Coding.userSelected fhir:hasMap fhir:Coding.userSelected.map. fhir:Coding.userSelected.map a fhir:Map;   fhir:target dt:CDCoding.codingRationale. fhir:Coding.userSelected\\#true a [     fhir:source \"true\";     fhir:target dt:CDCoding.codingRationale\\#O   ]"}]},{"id":"Dosage.route.text","extension":[{"url":"http://hl7.org/fhir/StructureDefinition/elementdefinition-translatable","valueBoolean":true}],"path":"Dosage.route.text","short":"Plain text representation of the concept","definition":"A human language representation of the concept as seen/selected/uttered by the user who entered the data and/or which represents the intended meaning of the user.","comment":"Very often the text is the same as a displayName of one of the codings.","requirements":"The codes from the terminologies do not always capture the correct meaning with all the nuances of the human using them, or sometimes there is no appropriate code at all. In these cases, the text is used to capture the full meaning of the source.","min":0,"max":"1","base":{"path":"CodeableConcept.text","min":0,"max":"1"},"type":[{"code":"string"}],"constraint":[{"key":"ele-1","severity":"error","human":"All FHIR elements must have a @value or children","expression":"hasValue() or (children().count() > id.count())","xpath":"@value|f:*|h:div","source":"http://hl7.org/fhir/StructureDefinition/Element"}],"isModifier":false,"isSummary":true,"mapping":[{"identity":"v2","map":"C*E.9. But note many systems use C*E.2 for this"},{"identity":"rim","map":"./originalText[mediaType/code=\"text/plain\"]/data"},{"identity":"orim","map":"fhir:CodeableConcept.text rdfs:subPropertyOf dt:CD.originalText"}]},{"id":"Dosage.method","path":"Dosage.method","short":"Technique for administering medication","definition":"Technique for administering medication.","comment":"Terminologies used often pre-coordinate this term with the route and or form of administration.","requirements":"A coded value indicating the method by which the medication is introduced into or onto the body. Most commonly used for injections.  For examples, Slow Push; Deep IV.","min":0,"max":"1","base":{"path":"Dosage.method","min":0,"max":"1"},"type":[{"code":"CodeableConcept"}],"constraint":[{"key":"ele-1","severity":"error","human":"All FHIR elements must have a @value or children","expression":"hasValue() or (children().count() > id.count())","xpath":"@value|f:*|h:div","source":"http://hl7.org/fhir/StructureDefinition/Element"}],"isModifier":false,"isSummary":true,"binding":{"extension":[{"url":"http://hl7.org/fhir/StructureDefinition/elementdefinition-bindingName","valueString":"MedicationAdministrationMethod"}],"strength":"example","description":"A coded concept describing the technique by which the medicine is administered.","valueSet":"http://hl7.org/fhir/ValueSet/administration-method-codes"},"mapping":[{"identity":"v2","map":"RXR-4"},{"identity":"rim","map":".doseQuantity"}]},{"id":"Dosage.doseAndRate","path":"Dosage.doseAndRate","short":"Amount of medication administered","definition":"The amount of medication administered.","min":0,"max":"1","base":{"path":"Dosage.doseAndRate","min":0,"max":"*"},"type":[{"code":"Element"}],"constraint":[{"key":"ele-1","severity":"error","human":"All FHIR elements must have a @value or children","expression":"hasValue() or (children().count() > id.count())","xpath":"@value|f:*|h:div","source":"http://hl7.org/fhir/StructureDefinition/Element"}],"isModifier":false,"isSummary":true,"mapping":[{"identity":"v2","map":"TQ1-2"}]},{"id":"Dosage.doseAndRate.id","path":"Dosage.doseAndRate.id","representation":["xmlAttr"],"short":"Unique id for inter-element referencing","definition":"Unique id for the element within a resource (for internal references). This may be any string value that does not contain spaces.","min":0,"max":"1","base":{"path":"Element.id","min":0,"max":"1"},"type":[{"extension":[{"url":"http://hl7.org/fhir/StructureDefinition/structuredefinition-fhir-type","valueUrl":"string"}],"code":"http://hl7.org/fhirpath/System.String"}],"isModifier":false,"isSummary":false,"mapping":[{"identity":"rim","map":"n/a"}]},{"id":"Dosage.doseAndRate.extension","path":"Dosage.doseAndRate.extension","slicing":{"discriminator":[{"type":"value","path":"url"}],"description":"Extensions are always sliced by (at least) url","rules":"open"},"short":"Additional content defined by implementations","definition":"May be used to represent additional information that is not part of the basic definition of the element. To make the use of extensions safe and manageable, there is a strict set of governance  applied to the definition and use of extensions. Though any implementer can define an extension, there is a set of requirements that SHALL be met as part of the definition of the extension.","comment":"There can be no stigma associated with the use of extensions by any application, project, or standard - regardless of the institution or jurisdiction that uses or defines the extensions.  The use of extensions is what allows the FHIR specification to retain a core level of simplicity for everyone.","alias":["extensions","user content"],"min":0,"max":"*","base":{"path":"Element.extension","min":0,"max":"*"},"type":[{"code":"Extension"}],"constraint":[{"key":"ele-1","severity":"error","human":"All FHIR elements must have a @value or children","expression":"hasValue() or (children().count() > id.count())","xpath":"@value|f:*|h:div","source":"http://hl7.org/fhir/StructureDefinition/Element"},{"key":"ext-1","severity":"error","human":"Must have either extensions or value[x], not both","expression":"extension.exists() != value.exists()","xpath":"exists(f:extension)!=exists(f:*[starts-with(local-name(.), \"value\")])","source":"http://hl7.org/fhir/StructureDefinition/Extension"}],"isModifier":false,"isSummary":false,"mapping":[{"identity":"rim","map":"n/a"}]},{"id":"Dosage.doseAndRate.type","path":"Dosage.doseAndRate.type","short":"The kind of dose or rate specified","definition":"The kind of dose or rate specified, for example, ordered or calculated.","requirements":"If the type is not populated, assume to be \"ordered\".","min":0,"max":"1","base":{"path":"Dosage.doseAndRate.type","min":0,"max":"1"},"type":[{"code":"CodeableConcept"}],"constraint":[{"key":"ele-1","severity":"error","human":"All FHIR elements must have a @value or children","expression":"hasValue() or (children().count() > id.count())","xpath":"@value|f:*|h:div","source":"http://hl7.org/fhir/StructureDefinition/Element"}],"isModifier":false,"isSummary":true,"binding":{"extension":[{"url":"http://hl7.org/fhir/StructureDefinition/elementdefinition-bindingName","valueString":"DoseAndRateType"}],"strength":"example","description":"The kind of dose or rate specified.","valueSet":"http://hl7.org/fhir/ValueSet/dose-rate-type"},"mapping":[{"identity":"v2","map":"RXO-21; RXE-23"}]},{"id":"Dosage.doseAndRate.dose[x]","path":"Dosage.doseAndRate.dose[x]","short":"Amount of medication per dose","definition":"Amount of medication per dose.","comment":"Note that this specifies the quantity of the specified medication, not the quantity for each active ingredient(s). Each ingredient amount can be communicated in the Medication resource. For example, if one wants to communicate that a tablet was 375 mg, where the dose was one tablet, you can use the Medication resource to document that the tablet was comprised of 375 mg of drug XYZ. Alternatively if the dose was 375 mg, then you may only need to use the Medication resource to indicate this was a tablet. If the example were an IV such as dopamine and you wanted to communicate that 400mg of dopamine was mixed in 500 ml of some IV solution, then this would all be communicated in the Medication resource. If the administration is not intended to be instantaneous (rate is present or timing has a duration), this can be specified to convey the total amount to be administered over the period of time as indicated by the schedule e.g. 500 ml in dose, with timing used to convey that this should be done over 4 hours.","requirements":"The amount of therapeutic or other substance given at one administration event.","min":0,"max":"1","base":{"path":"Dosage.doseAndRate.dose[x]","min":0,"max":"1"},"type":[{"code":"Range","profile":["http://fhir.ch/ig/ch-emed/StructureDefinition/ch-emed-range"]},{"code":"Quantity","profile":["http://fhir.ch/ig/ch-emed/StructureDefinition/ch-emed-quantity"]}],"constraint":[{"key":"ele-1","severity":"error","human":"All FHIR elements must have a @value or children","expression":"hasValue() or (children().count() > id.count())","xpath":"@value|f:*|h:div","source":"http://hl7.org/fhir/StructureDefinition/Element"}],"mustSupport":true,"isModifier":false,"isSummary":true,"mapping":[{"identity":"v2","map":"RXO-2, RXE-3"},{"identity":"rim","map":".doseQuantity"},{"identity":"cda","map":".doseQuantity"}]},{"id":"Dosage.doseAndRate.rate[x]","path":"Dosage.doseAndRate.rate[x]","short":"Amount of medication per unit of time","definition":"Amount of medication per unit of time.","comment":"It is possible to supply both a rate and a doseQuantity to provide full details about how the medication is to be administered and supplied. If the rate is intended to change over time, depending on local rules/regulations, each change should be captured as a new version of the MedicationRequest with an updated rate, or captured with a new MedicationRequest with the new rate.\r\rIt is possible to specify a rate over time (for example, 100 ml/hour) using either the rateRatio and rateQuantity.  The rateQuantity approach requires systems to have the capability to parse UCUM grammer where ml/hour is included rather than a specific ratio where the time is specified as the denominator.  Where a rate such as 500ml over 2 hours is specified, the use of rateRatio may be more semantically correct than specifying using a rateQuantity of 250 mg/hour.","requirements":"Identifies the speed with which the medication was or will be introduced into the patient. Typically the rate for an infusion e.g. 100 ml per 1 hour or 100 ml/hr.  May also be expressed as a rate per unit of time e.g. 500 ml per 2 hours.   Other examples: 200 mcg/min or 200 mcg/1 minute; 1 liter/8 hours.  Sometimes, a rate can imply duration when expressed as total volume / duration (e.g.  500mL/2 hours implies a duration of 2 hours).  However, when rate doesn't imply duration (e.g. 250mL/hour), then the timing.repeat.duration is needed to convey the infuse over time period.","min":0,"max":"1","base":{"path":"Dosage.doseAndRate.rate[x]","min":0,"max":"1"},"type":[{"code":"Ratio"},{"code":"Range"},{"code":"Quantity","profile":["http://hl7.org/fhir/StructureDefinition/SimpleQuantity"]}],"constraint":[{"key":"ele-1","severity":"error","human":"All FHIR elements must have a @value or children","expression":"hasValue() or (children().count() > id.count())","xpath":"@value|f:*|h:div","source":"http://hl7.org/fhir/StructureDefinition/Element"}],"isModifier":false,"isSummary":true,"mapping":[{"identity":"v2","map":"RXE22, RXE23, RXE-24"},{"identity":"rim","map":".rateQuantity"}]},{"id":"Dosage.maxDosePerPeriod","path":"Dosage.maxDosePerPeriod","short":"Upper limit on medication per unit of time","definition":"Upper limit on medication per unit of time.","comment":"This is intended for use as an adjunct to the dosage when there is an upper cap.  For example \"2 tablets every 4 hours to a maximum of 8/day\".","requirements":"The maximum total quantity of a therapeutic substance that may be administered to a subject over the period of time.  For example, 1000mg in 24 hours.","min":0,"max":"1","base":{"path":"Dosage.maxDosePerPeriod","min":0,"max":"1"},"type":[{"code":"Ratio"}],"constraint":[{"key":"ele-1","severity":"error","human":"All FHIR elements must have a @value or children","expression":"hasValue() or (children().count() > id.count())","xpath":"@value|f:*|h:div","source":"http://hl7.org/fhir/StructureDefinition/Element"}],"isModifier":false,"isSummary":true,"mapping":[{"identity":"v2","map":"RXO-23, RXE-19"},{"identity":"rim","map":".maxDoseQuantity"}]},{"id":"Dosage.maxDosePerAdministration","path":"Dosage.maxDosePerAdministration","short":"Upper limit on medication per administration","definition":"Upper limit on medication per administration.","comment":"This is intended for use as an adjunct to the dosage when there is an upper cap.  For example, a body surface area related dose with a maximum amount, such as 1.5 mg/m2 (maximum 2 mg) IV over 5 – 10 minutes would have doseQuantity of 1.5 mg/m2 and maxDosePerAdministration of 2 mg.","requirements":"The maximum total quantity of a therapeutic substance that may be administered to a subject per administration.","min":0,"max":"1","base":{"path":"Dosage.maxDosePerAdministration","min":0,"max":"1"},"type":[{"code":"Quantity","profile":["http://hl7.org/fhir/StructureDefinition/SimpleQuantity"]}],"constraint":[{"key":"ele-1","severity":"error","human":"All FHIR elements must have a @value or children","expression":"hasValue() or (children().count() > id.count())","xpath":"@value|f:*|h:div","source":"http://hl7.org/fhir/StructureDefinition/Element"}],"isModifier":false,"isSummary":true,"mapping":[{"identity":"rim","map":"not supported"}]},{"id":"Dosage.maxDosePerLifetime","path":"Dosage.maxDosePerLifetime","short":"Upper limit on medication per lifetime of the patient","definition":"Upper limit on medication per lifetime of the patient.","requirements":"The maximum total quantity of a therapeutic substance that may be administered per lifetime of the subject.","min":0,"max":"1","base":{"path":"Dosage.maxDosePerLifetime","min":0,"max":"1"},"type":[{"code":"Quantity","profile":["http://hl7.org/fhir/StructureDefinition/SimpleQuantity"]}],"constraint":[{"key":"ele-1","severity":"error","human":"All FHIR elements must have a @value or children","expression":"hasValue() or (children().count() > id.count())","xpath":"@value|f:*|h:div","source":"http://hl7.org/fhir/StructureDefinition/Element"}],"isModifier":false,"isSummary":true,"mapping":[{"identity":"rim","map":"not supported"}]}]},"differential":{"element":[{"id":"Dosage","path":"Dosage","short":"CH EMED Dosage Normal dosing"},{"id":"Dosage.sequence","path":"Dosage.sequence","short":"The order of the dosage instructions","max":"0"}]}}