<?xml version="1.0" encoding="UTF-8"?>

<MedicationRequest xmlns="http://hl7.org/fhir">
  <id value="2-6-MedReqNorvasc"/>
  <meta>
    <profile value="http://fhir.ch/ig/ch-core/StructureDefinition/ch-core-medicationrequest"/>
  </meta>
  <text>
    <status value="generated"/><div xmlns="http://www.w3.org/1999/xhtml"><p class="res-header-id"><b>Generated Narrative: MedicationRequest 2-6-MedReqNorvasc</b></p><a name="2-6-MedReqNorvasc"> </a><a name="hc2-6-MedReqNorvasc"> </a><a name="2-6-MedReqNorvasc-en-US"> </a><div style="display: inline-block; background-color: #d9e0e7; padding: 6px; margin: 4px; border: 1px solid #8da1b4; border-radius: 5px; line-height: 60%"><p style="margin-bottom: 0px"/><p style="margin-bottom: 0px">Profile: <a href="StructureDefinition-ch-core-medicationrequest.html">CH Core MedicationRequest</a></p></div><p><b>identifier</b>: <a href="http://terminology.hl7.org/6.3.0/NamingSystem-uri.html" title="As defined by RFC 3986 (http://www.ietf.org/rfc/rfc3986.txt)(with many schemes defined in many RFCs). For OIDs and UUIDs, use the URN form (urn:oid:(note: lowercase) and urn:uuid:). See http://www.ietf.org/rfc/rfc3001.txt and http://www.ietf.org/rfc/rfc4122.txt 

This oid is used as an identifier II.root to indicate the the extension is an absolute URI (technically, an IRI). Typically, this is used for OIDs and GUIDs. Note that when this OID is used with OIDs and GUIDs, the II.extension should start with urn:oid or urn:uuid: 

Note that this OID is created to aid with interconversion between CDA and FHIR - FHIR uses urn:ietf:rfc:3986 as equivalent to this OID. URIs as identifiers appear more commonly in FHIR.

This OID may also be used in CD.codeSystem.">Uniform Resource Identifier (URI)</a>/urn:uuid:d41d72ba-2100-11e6-b67b-9e71128cae77</p><p><b>status</b>: Active</p><p><b>intent</b>: Order</p><p><b>medication</b>: <a href="#hc2-6-MedReqNorvasc/Norvasc">Medication NORVASC Tabl 10 mg</a></p><p><b>subject</b>: <a href="Patient-ElisabethBroennimannByBFH.html">Elisabeth Brönnimann-Bertholet  Female, DoB: 1937-05-03 ( urn:oid:2.16.756.5.30.1.123.100.1.1.1#80756015090002647590)</a></p><p><b>authoredOn</b>: 2012-02-04 14:00:00+0100</p><p><b>requester</b>: <a href="PractitionerRole-HPWengerRole.html">PractitionerRole Physician</a></p><p><b>reasonCode</b>: <span title="Codes:">Behandlungsgrund</span></p><blockquote><p><b>dosageInstruction</b></p><p><b>patientInstruction</b>: Instruktion für die Patientin</p><p><b>timing</b>: Morning, Evening, Once</p><p><b>route</b>: <span title="Codes:{urn:oid:0.4.0.127.0.16.1.1.2.1 20053000}">zum Einnehmen</span></p><h3>DoseAndRates</h3><table class="grid"><tr><td style="display: none">-</td><td><b>Dose[x]</b></td></tr><tr><td style="display: none">*</td><td>1 Tablet (unit of presentation)<span style="background: LightGoldenRodYellow"> (Details: SNOMED CT  code732936001 = 'Tablet (unit of presentation)')</span></td></tr></table></blockquote><h3>DispenseRequests</h3><table class="grid"><tr><td style="display: none">-</td><td><b>ValidityPeriod</b></td></tr><tr><td style="display: none">*</td><td>2012-02-04 --&gt; 2012-05-03</td></tr></table><h3>Substitutions</h3><table class="grid"><tr><td style="display: none">-</td><td><b>Allowed[x]</b></td></tr><tr><td style="display: none">*</td><td><span title="Codes:{http://terminology.hl7.org/CodeSystem/v3-substanceAdminSubstitution E}">equivalent</span></td></tr></table><hr/><blockquote><p class="res-header-id"><b>Generated Narrative: Medication #Norvasc</b></p><a name="2-6-MedReqNorvasc/Norvasc"> </a><a name="hc2-6-MedReqNorvasc/Norvasc"> </a><a name="2-6-MedReqNorvasc/Norvasc-en-US"> </a><div style="display: inline-block; background-color: #d9e0e7; padding: 6px; margin: 4px; border: 1px solid #8da1b4; border-radius: 5px; line-height: 60%"><p style="margin-bottom: 0px"/><p style="margin-bottom: 0px">Profile: <a href="StructureDefinition-ch-core-medication.html">CH Core Medication</a></p></div><p><b>code</b>: <span title="Codes:{urn:oid:2.51.1.1 7680500440334}">NORVASC Tabl 10 mg</span></p><p><b>form</b>: <span title="Codes:{urn:oid:0.4.0.127.0.16.1.1.2.1 10219000}">Tablette</span></p><p><b>amount</b>: 20 Tablet (unit of presentation)<span style="background: LightGoldenRodYellow"> (Details: SNOMED CT  code732936001 = 'Tablet (unit of presentation)')</span>/1 Package - unit of product usage (qualifier value)<span style="background: LightGoldenRodYellow"> (Details: SNOMED CT  code1681000175101 = 'Package - unit of product usage')</span></p><h3>Ingredients</h3><table class="grid"><tr><td style="display: none">-</td><td><b>Item[x]</b></td><td><b>Strength</b></td></tr><tr><td style="display: none">*</td><td><span title="Codes:{http://snomed.info/sct 386864001}">Amlodipine</span></td><td>10 milligram<span style="background: LightGoldenRodYellow"> (Details: UCUM  codemg = 'mg')</span>/1 Tablet (unit of presentation)<span style="background: LightGoldenRodYellow"> (Details: SNOMED CT  code732936001 = 'Tablet (unit of presentation)')</span></td></tr></table></blockquote></div>
  </text>
  <contained>
    <Medication>
      <id value="Norvasc"/>
      <meta>
        <profile value="http://fhir.ch/ig/ch-core/StructureDefinition/ch-core-medication"/>
      </meta>
      <code>
        <coding>
          <system value="urn:oid:2.51.1.1"/>
          <code value="7680500440334"/>
          <display value="NORVASC Tabl 10 mg"/>
        </coding>
        <text value="NORVASC Tabl 10 mg"/>
      </code>
      <form>
        <coding>
          <system value="urn:oid:0.4.0.127.0.16.1.1.2.1"/>
          <code value="10219000"/>
          <display value="Tablet"/>
        </coding>
        <text value="Tablette"/>
      </form>
      <amount>
        <numerator>
          <value value="20"/>
          <unit value="Tablet (unit of presentation)"/>
          <system value="http://snomed.info/sct"/>
          <code value="732936001"/>
        </numerator>
        <denominator>
          <value value="1"/>
          <unit value="Package - unit of product usage (qualifier value)"/>
          <system value="http://snomed.info/sct"/>
          <code value="1681000175101"/>
        </denominator>
      </amount>
      <ingredient>
        <itemCodeableConcept>
          <coding>
            <system value="http://snomed.info/sct"/>
            <code value="386864001"/>
            <display value="Amlodipine (substance)"/>
          </coding>
          <text value="Amlodipine"/>
        </itemCodeableConcept>
        <strength>
          <numerator>
            <value value="10"/>
            <unit value="milligram"/>
            <system value="http://unitsofmeasure.org"/>
            <code value="mg"/>
          </numerator>
          <denominator>
            <value value="1"/>
            <unit value="Tablet (unit of presentation)"/>
            <system value="http://snomed.info/sct"/>
            <code value="732936001"/>
          </denominator>
        </strength>
      </ingredient>
    </Medication>
  </contained>
  <identifier>
    <system value="urn:ietf:rfc:3986"/>
    <value value="urn:uuid:d41d72ba-2100-11e6-b67b-9e71128cae77"/>
  </identifier>
  <status value="active"/>
  <intent value="order"/>
  <medicationReference>
    <reference value="#Norvasc"/>
  </medicationReference>
  <subject>
    <reference value="Patient/ElisabethBroennimannByBFH"/>
  </subject>
  <authoredOn value="2012-02-04T14:00:00+01:00"/>
  <requester>
    <reference value="PractitionerRole/HPWengerRole"/>
  </requester>
  <reasonCode>
    <text value="Behandlungsgrund"/>
  </reasonCode>
  <dosageInstruction>
    <patientInstruction value="Instruktion für die Patientin"/>
    <timing>
      <repeat>
        <boundsPeriod>
          <start value="2012-02-04"/>
        </boundsPeriod>
        <when value="MORN"/>
        <when value="EVE"/>
      </repeat>
    </timing>
    <route>
      <coding>
        <system value="urn:oid:0.4.0.127.0.16.1.1.2.1"/>
        <code value="20053000"/>
        <display value="Oral use"/>
      </coding>
      <text value="zum Einnehmen"/>
    </route>
    <doseAndRate>
      <doseQuantity>
        <value value="1"/>
        <unit value="Tablet (unit of presentation)"/>
        <system value="http://snomed.info/sct"/>
        <code value="732936001"/>
      </doseQuantity>
    </doseAndRate>
  </dosageInstruction>
  <dispenseRequest>
    <validityPeriod>
      <start value="2012-02-04"/>
      <end value="2012-05-03"/>
    </validityPeriod>
  </dispenseRequest>
  <substitution>
    <allowedCodeableConcept>
      <coding>
        <system value="http://terminology.hl7.org/CodeSystem/v3-substanceAdminSubstitution"/>
        <code value="E"/>
        <display value="equivalent"/>
      </coding>
    </allowedCodeableConcept>
  </substitution>
</MedicationRequest>