<?xml version="1.0" encoding="UTF-8"?>

<Composition xmlns="http://hl7.org/fhir">
  <id value="RDB05-Composition"/>
  <meta>
    <profile value="http://fhir.ch/ig/ch-vacd/StructureDefinition/ch-vacd-composition-vaccination-record"/>
  </meta>
  <language value="en-US"/>
  <text>
    <status value="generated"/><div xmlns="http://www.w3.org/1999/xhtml" xml:lang="en-US" lang="en-US"><h3>Vaccination Record</h3><p><b>Id: </b>RDB05-Composition</p><p><b>Identifier: </b><span>urn:ietf:rfc:3986#urn:uuid:f9a26a92-662e-4601-b1ae-183c8f19d3e2</span></p><p><b>Status: </b>Final</p><p><b>Code: </b><span>Immunization record (http://snomed.info/sct#41000179103)</span></p><p><b>Patient: </b><a href="Patient-TC-patient2.html">Patient/TC-patient2</a> Knecht Lea</p><p><b>Date: </b>October 28, 2021</p><p><b>Authors:</b></p><table><tr><td><p><a href="Patient-TC-patient2.html">Patient/TC-patient2</a> Knecht Lea</p></td></tr></table><p><b>Confidentiality: </b>null<span> Normal (qualifier value) (http://snomed.info/sct#17621005)</span></p><p><b>Sections:</b></p><table><tr><td>Immunization Administration</td></tr><tr><td>Medical Problems</td></tr><tr><td>Pregnancy</td></tr></table></div>
  </text>
  <identifier>
    <system value="urn:ietf:rfc:3986"/>
    <value value="urn:uuid:f9a26a92-662e-4601-b1ae-183c8f19d3e2"/>
  </identifier>
  <status value="final"/>
  <type>
    <coding>
      <system value="http://snomed.info/sct"/>
      <code value="41000179103"/>
      <display value="Immunization record"/>
    </coding>
  </type>
  <category>
    <coding>
      <system value="urn:oid:2.16.756.5.30.1.127.3.10.10"/>
      <code value="urn:che:epr:ch-vacd:vaccination-record:2022"/>
    </coding>
  </category>
  <subject>
    <reference value="Patient/TC-patient2"/>
  </subject>
  <date value="2021-10-28T14:00:00.390+02:00"/>
  <author>
    <reference value="Patient/TC-patient2"/>
  </author>
  <title value="Vaccination Record"/>
  <confidentiality value="N">
    <extension url="http://fhir.ch/ig/ch-core/StructureDefinition/ch-ext-epr-confidentialitycode">
      <valueCodeableConcept>
        <coding>
          <system value="http://snomed.info/sct"/>
          <code value="17621005"/>
          <display value="Normal (qualifier value)"/>
        </coding>
      </valueCodeableConcept>
    </extension>
  </confidentiality>
  <custodian>
    <reference value="Organization/TC-ORG1"/>
  </custodian>
  <section id="administration">
    <title value="Immunization Administration"/>
    <code>
      <coding>
        <system value="http://loinc.org"/>
        <code value="11369-6"/>
        <display value="Hx of Immunization"/>
      </coding>
    </code>
    <text>
      <status value="generated"/><div xmlns="http://www.w3.org/1999/xhtml" xml:lang="en-US" lang="en-US"><p><b>Code: </b><span>Hx of Immunization (http://loinc.org#11369-6)</span></p><p><b>Entries:</b></p><table><tr><td><a href="Immunization-TCB01-IMMUN1.html">Immunization/TCB01-IMMUN1</a></td></tr><tr><td><a href="Immunization-TCB01-IMMUN2.html">Immunization/TCB01-IMMUN2</a></td></tr></table></div>
    </text>
    <entry>
      <reference value="Immunization/TCB05-IMMUN1"/>
    </entry>
    <entry>
      <reference value="Immunization/TCB05-IMMUN2"/>
    </entry>
  </section>
  <section id="medicalproblems">
    <title value="Medical Problems"/>
    <code>
      <coding>
        <system value="http://loinc.org"/>
        <code value="11450-4"/>
        <display value="Problem list Reported"/>
      </coding>
    </code>
    <text>
      <status value="generated"/><div xmlns="http://www.w3.org/1999/xhtml" xml:lang="en-US" lang="en-US"><p><b>Code: </b><span>Problem list Reported (http://loinc.org#11450-4)</span></p><p><b>Entries:</b></p><table><tr><td><a href="Condition-TCB05-EXPRISK2.html">Condition/TCB05-EXPRISK2</a></td></tr></table></div>
    </text>
    <entry>
      <reference value="Condition/TCB05-EXPRISK2"/>
    </entry>
  </section>
</Composition>