<?xml version="1.0" encoding="UTF-8"?>

<Composition xmlns="http://hl7.org/fhir">
  <id value="RDD01-Composition"/>
  <meta>
    <profile value="http://fhir.ch/ig/ch-vacd/StructureDefinition/ch-vacd-composition-vaccination-record"/>
  </meta>
  <language value="en-US"/>
  <text>
    <status value="generated"/><div xmlns="http://www.w3.org/1999/xhtml" xml:lang="en-US" lang="en-US"><h3>Vaccination Record</h3><p><b>Id: </b>RDD01-Composition</p><p><b>Identifier: </b><span>urn:ietf:rfc:3986#urn:uuid:07335736-7c2e-4fb4-8203-0b331862b7b6</span></p><p><b>Status: </b>Final</p><p><b>Code: </b><span>Immunization record (http://snomed.info/sct#41000179103)</span></p><p><b>Patient: </b><a href="Patient-TC-patient.html">Patient/TC-patient</a> Wegmueller Monika</p><p><b>Date: </b>October 6, 2021</p><p><b>Authors:</b></p><table><tr><td><p><a href="Patient-TC-patient.html">Patient/TC-patient</a> Wegmueller Monika</p></td></tr></table><p><b>Confidentiality: </b>null<span> Normal (qualifier value) (http://snomed.info/sct#17621005)</span></p><p><b>Sections:</b></p><table><tr><td>Immunization Administration</td></tr></table></div>
  </text>
  <extension id="versionNumber" url="http://fhir.ch/ig/ch-core/StructureDefinition/ch-ext-epr-versionnumber">
    <valueUnsignedInt value="1"/>
  </extension>
  <identifier>
    <system value="urn:ietf:rfc:3986"/>
    <value value="urn:uuid:07335736-7c2e-4fb4-8203-0b331862b7b6"/>
  </identifier>
  <status value="final"/>
  <type>
    <coding>
      <system value="http://snomed.info/sct"/>
      <code value="41000179103"/>
      <display value="Immunization record"/>
    </coding>
  </type>
  <subject>
    <reference value="Patient/TC-patient"/>
  </subject>
  <date value="2021-10-06T00:00:00.390+02:00"/>
  <author>
    <reference value="Patient/TC-patient"/>
  </author>
  <title value="Vaccination Record"/>
  <confidentiality value="N">
    <extension url="http://fhir.ch/ig/ch-core/StructureDefinition/ch-ext-epr-confidentialitycode">
      <valueCodeableConcept>
        <coding>
          <system value="http://snomed.info/sct"/>
          <code value="17621005"/>
          <display value="Normal (qualifier value)"/>
        </coding>
      </valueCodeableConcept>
    </extension>
  </confidentiality>
  <custodian>
    <reference value="Organization/TC-ORG1"/>
  </custodian>
  <section id="administration">
    <title value="Immunization Administration"/>
    <code>
      <coding>
        <system value="http://loinc.org"/>
        <code value="11369-6"/>
        <display value="Hx of Immunization"/>
      </coding>
    </code>
    <text>
      <status value="generated"/><div xmlns="http://www.w3.org/1999/xhtml" xml:lang="en-US" lang="en-US"><p><b>Code: </b><span>Hx of Immunization (http://loinc.org#11369-6)</span></p><p><b>Entries:</b></p><table><tr><td><a href="Immunization-TCD01-IMMUN1.html">Immunization/TCD01-IMMUN1</a></td></tr><tr><td><a href="Immunization-TCD01-IMMUN2-2.html">Immunization/TCD01-IMMUN2-2</a></td></tr><tr><td><a href="Immunization-TCD01-IMMUN3-2.html">Immunization/TCD01-IMMUN3-2</a></td></tr><tr><td><a href="Immunization-TCD01-IMMUN4.html">Immunization/TCD01-IMMUN4</a></td></tr><tr><td><a href="Immunization-TCD01-IMMUN5.html">Immunization/TCD01-IMMUN5</a></td></tr></table></div>
    </text>
    <entry>
      <reference value="Immunization/TCD01-IMMUN1"/>
    </entry>
    <entry>
      <reference value="Immunization/TCD01-IMMUN2-2"/>
    </entry>
    <entry>
      <reference value="Immunization/TCD01-IMMUN3-2"/>
    </entry>
    <entry>
      <reference value="Immunization/TCD01-IMMUN4"/>
    </entry>
    <entry>
      <reference value="Immunization/TCD01-IMMUN5"/>
    </entry>
  </section>
</Composition>