<?xml version="1.0" encoding="UTF-8"?>

<ConceptMap xmlns="http://hl7.org/fhir">
  <id value="ch-vacd-vaccines-sm-sct-cm"/>
  <text>
    <status value="extensions"/><div xmlns="http://www.w3.org/1999/xhtml"><h2>VaccineCodeSMToVaccineCodeSCT (http://fhir.ch/ig/ch-vacd/ConceptMap/ch-vacd-vaccines-sm-sct-cm)</h2><p>Mapping from <a href="ValueSet-ch-vacd-vaccines-vs.html">http://fhir.ch/ig/ch-vacd/ValueSet/ch-vacd-vaccines-vs</a> to <a href="ValueSet-ch-vacd-vaccines-snomedct-vs.html">http://fhir.ch/ig/ch-vacd/ValueSet/ch-vacd-vaccines-snomedct-vs</a></p><p>DRAFT. Published on 2022-12-21 13:48:44+0100 by HL7 Switzerland (HL7 Switzerland: <a href="https://www.hl7.ch/">https://www.hl7.ch/</a>). This artefact includes content from SNOMED Clinical Terms® (SNOMED CT®) which is copyright of the International Health Terminology Standards Development Organisation (IHTSDO). Implementers of these artefacts must have the appropriate SNOMED CT Affiliate license - for more information contact http://www.snomed.org/snomed-ct/getsnomed-ct or info@snomed.org.</p><div><p>Mappings from vaccine code to vaccine code</p>
</div><br/><p><b>Group 1</b>Mapping from <a href="CodeSystem-ch-vacd-swissmedic-cs.html">Swiss Medic Authorized Vaccines Codesystem</a> to <a href="http://hl7.org/fhir/R4/codesystem-snomedct.html">SNOMED CT (all versions)</a></p><table class="grid"><tr><td colspan="2"><b>Source Concept Details</b></td><td><b>Relationship</b></td><td colspan="2"><b>Target Concept Details</b></td></tr><tr><td colspan="2"><b>Codes</b> from <a href="CodeSystem-ch-vacd-swissmedic-cs.html" title="http://fhir.ch/ig/ch-vacd/CodeSystem/ch-vacd-swissmedic-cs">Swiss Medic Authorized Vaccines Codesystem</a></td><td/><td colspan="2"><b>Codes</b> from <a href="http://hl7.org/fhir/R4/codesystem-snomedct.html" title="http://snomed.info/sct">SNOMED CT (all versions)</a></td></tr><tr><td style="border-right-width: 0px">683</td><td style="border-left-width: 0px">FSME-Immun 0.25 ml Junior</td><td><a href="http://hl7.org/fhir/R4/codesystem-concept-map-equivalence.html#equivalent" title="equivalent">is equivalent to</a></td><td style="border-right-width: 0px">87171900</td><td style="border-left-width: 0px">Vaccine product containing only Tick-borne encephalitis virus antigen (medicinal product)</td></tr><tr><td style="border-right-width: 0px">450</td><td style="border-left-width: 0px">FSME-Immun CC</td><td><a href="http://hl7.org/fhir/R4/codesystem-concept-map-equivalence.html#equivalent" title="equivalent">is equivalent to</a></td><td style="border-right-width: 0px">87171900</td><td style="border-left-width: 0px">Vaccine product containing only Tick-borne encephalitis virus antigen (medicinal product)</td></tr><tr><td style="border-right-width: 0px">656</td><td style="border-left-width: 0px">NeisVac-C</td><td><a href="http://hl7.org/fhir/R4/codesystem-concept-map-equivalence.html#equivalent" title="equivalent">is equivalent to</a></td><td style="border-right-width: 0px">871866001</td><td style="border-left-width: 0px">Vaccine product containing only Neisseria meningitidis serogroup C antigen (medicinal product)</td></tr><tr><td style="border-right-width: 0px">627</td><td style="border-left-width: 0px">Encepur N</td><td><a href="http://hl7.org/fhir/R4/codesystem-concept-map-equivalence.html#equivalent" title="equivalent">is equivalent to</a></td><td style="border-right-width: 0px">87171900</td><td style="border-left-width: 0px">Vaccine product containing only Tick-borne encephalitis virus antigen (medicinal product)</td></tr><tr><td style="border-right-width: 0px">628</td><td style="border-left-width: 0px">Encepur N Kinder / Enfants</td><td><a href="http://hl7.org/fhir/R4/codesystem-concept-map-equivalence.html#equivalent" title="equivalent">is equivalent to</a></td><td style="border-right-width: 0px">87171900</td><td style="border-left-width: 0px">Vaccine product containing only Tick-borne encephalitis virus antigen (medicinal product)</td></tr><tr><td style="border-right-width: 0px">572</td><td style="border-left-width: 0px">Epaxal</td><td><a href="http://hl7.org/fhir/R4/codesystem-concept-map-equivalence.html#equivalent" title="equivalent">is equivalent to</a></td><td style="border-right-width: 0px">871751006</td><td style="border-left-width: 0px">Vaccine product containing only Hepatitis A virus antigen (medicinal product)</td></tr><tr><td style="border-right-width: 0px">544</td><td style="border-left-width: 0px">Heprecomb</td><td><a href="http://hl7.org/fhir/R4/codesystem-concept-map-equivalence.html#equivalent" title="equivalent">is equivalent to</a></td><td style="border-right-width: 0px">871822003</td><td style="border-left-width: 0px">Vaccine product containing only Hepatitis B virus antigen (medicinal product)</td></tr><tr><td style="border-right-width: 0px">642</td><td style="border-left-width: 0px">Heprecomb Kinder</td><td><a href="http://hl7.org/fhir/R4/codesystem-concept-map-equivalence.html#equivalent" title="equivalent">is equivalent to</a></td><td style="border-right-width: 0px">871822003</td><td style="border-left-width: 0px">Vaccine product containing only Hepatitis B virus antigen (medicinal product)</td></tr><tr><td style="border-right-width: 0px">657</td><td style="border-left-width: 0px">Menjugate</td><td><a href="http://hl7.org/fhir/R4/codesystem-concept-map-equivalence.html#equivalent" title="equivalent">is equivalent to</a></td><td style="border-right-width: 0px">871866001</td><td style="border-left-width: 0px">Vaccine product containing only Neisseria meningitidis serogroup C antigen (medicinal product)</td></tr><tr><td style="border-right-width: 0px">533</td><td style="border-left-width: 0px">Moraten</td><td><a href="http://hl7.org/fhir/R4/codesystem-concept-map-equivalence.html#equivalent" title="equivalent">is equivalent to</a></td><td style="border-right-width: 0px">871765008</td><td style="border-left-width: 0px">Vaccine product containing only Measles morbillivirus antigen (medicinal product)</td></tr><tr><td style="border-right-width: 0px">555</td><td style="border-left-width: 0px">Orochol</td><td><a href="http://hl7.org/fhir/R4/codesystem-concept-map-equivalence.html#equivalent" title="equivalent">is equivalent to</a></td><td style="border-right-width: 0px">991000221105</td><td style="border-left-width: 0px">Vaccine product containing only Vibrio cholerae antigen (medicinal product)</td></tr><tr><td style="border-right-width: 0px">685</td><td style="border-left-width: 0px">Rabipur</td><td><a href="http://hl7.org/fhir/R4/codesystem-concept-map-equivalence.html#equivalent" title="equivalent">is equivalent to</a></td><td style="border-right-width: 0px">871726005</td><td style="border-left-width: 0px">Vaccine product containing only Rabies lyssavirus antigen (medicinal product)</td></tr><tr><td style="border-right-width: 0px">702</td><td style="border-left-width: 0px">Td-pur</td><td><a href="http://hl7.org/fhir/R4/codesystem-concept-map-equivalence.html#equivalent" title="equivalent">is equivalent to</a></td><td style="border-right-width: 0px">871826000</td><td style="border-left-width: 0px">Vaccine product containing only Clostridium tetani and Corynebacterium diphtheriae antigens (medicinal product)</td></tr><tr><td style="border-right-width: 0px">686</td><td style="border-left-width: 0px">Td-Virelon</td><td><a href="http://hl7.org/fhir/R4/codesystem-concept-map-equivalence.html#equivalent" title="equivalent">is equivalent to</a></td><td style="border-right-width: 0px">871837004</td><td style="border-left-width: 0px">Vaccine product containing only Clostridium tetani and Corynebacterium diphtheriae and Human poliovirus antigens (medicinal product)</td></tr><tr><td style="border-right-width: 0px">467</td><td style="border-left-width: 0px">Vivotif</td><td><a href="http://hl7.org/fhir/R4/codesystem-concept-map-equivalence.html#equivalent" title="equivalent">is equivalent to</a></td><td style="border-right-width: 0px">961000221100</td><td style="border-left-width: 0px">Vaccine product containing only Salmonella enterica subspecies enterica serovar Typhi antigen (medicinal product)</td></tr><tr><td style="border-right-width: 0px">637</td><td style="border-left-width: 0px">Boostrix</td><td><a href="http://hl7.org/fhir/R4/codesystem-concept-map-equivalence.html#equivalent" title="equivalent">is equivalent to</a></td><td style="border-right-width: 0px">871875004</td><td style="border-left-width: 0px">Vaccine product containing only Bordetella pertussis and Clostridium tetani and Corynebacterium diphtheriae antigens (medicinal product)</td></tr><tr><td style="border-right-width: 0px">681</td><td style="border-left-width: 0px">Boostrix Polio</td><td><a href="http://hl7.org/fhir/R4/codesystem-concept-map-equivalence.html#equivalent" title="equivalent">is equivalent to</a></td><td style="border-right-width: 0px">871878002</td><td style="border-left-width: 0px">Vaccine product containing only Bordetella pertussis and Clostridium tetani and Corynebacterium diphtheriae and Human poliovirus antigens (medicinal product)</td></tr><tr><td style="border-right-width: 0px">567</td><td style="border-left-width: 0px">Ditanrix</td><td><a href="http://hl7.org/fhir/R4/codesystem-concept-map-equivalence.html#equivalent" title="equivalent">is equivalent to</a></td><td style="border-right-width: 0px">871826000</td><td style="border-left-width: 0px">Vaccine product containing only Clostridium tetani and Corynebacterium diphtheriae antigens (medicinal product)</td></tr><tr><td style="border-right-width: 0px">551</td><td style="border-left-width: 0px">Engerix-B 10</td><td><a href="http://hl7.org/fhir/R4/codesystem-concept-map-equivalence.html#equivalent" title="equivalent">is equivalent to</a></td><td style="border-right-width: 0px">871822003</td><td style="border-left-width: 0px">Vaccine product containing only Hepatitis B virus antigen (medicinal product)</td></tr><tr><td style="border-right-width: 0px">534</td><td style="border-left-width: 0px">Engerix-B 20</td><td><a href="http://hl7.org/fhir/R4/codesystem-concept-map-equivalence.html#equivalent" title="equivalent">is equivalent to</a></td><td style="border-right-width: 0px">871822003</td><td style="border-left-width: 0px">Vaccine product containing only Hepatitis B virus antigen (medicinal product)</td></tr><tr><td style="border-right-width: 0px">558</td><td style="border-left-width: 0px">Havrix 1440</td><td><a href="http://hl7.org/fhir/R4/codesystem-concept-map-equivalence.html#equivalent" title="equivalent">is equivalent to</a></td><td style="border-right-width: 0px">871751006</td><td style="border-left-width: 0px">Vaccine product containing only Hepatitis A virus antigen (medicinal product)</td></tr><tr><td style="border-right-width: 0px">599</td><td style="border-left-width: 0px">Havrix 720</td><td><a href="http://hl7.org/fhir/R4/codesystem-concept-map-equivalence.html#equivalent" title="equivalent">is equivalent to</a></td><td style="border-right-width: 0px">871751006</td><td style="border-left-width: 0px">Vaccine product containing only Hepatitis A virus antigen (medicinal product)</td></tr><tr><td style="border-right-width: 0px">603</td><td style="border-left-width: 0px">Hiberix</td><td><a href="http://hl7.org/fhir/R4/codesystem-concept-map-equivalence.html#equivalent" title="equivalent">is equivalent to</a></td><td style="border-right-width: 0px">871764007</td><td style="border-left-width: 0px">Vaccine product containing only Haemophilus influenzae type B antigen (medicinal product)</td></tr><tr><td style="border-right-width: 0px">638</td><td style="border-left-width: 0px">Infanrix DTPa-IPV</td><td><a href="http://hl7.org/fhir/R4/codesystem-concept-map-equivalence.html#equivalent" title="equivalent">is equivalent to</a></td><td style="border-right-width: 0px">871878002</td><td style="border-left-width: 0px">Vaccine product containing only Bordetella pertussis and Clostridium tetani and Corynebacterium diphtheriae and Human poliovirus antigens (medicinal product)</td></tr><tr><td style="border-right-width: 0px">619</td><td style="border-left-width: 0px">Infanrix DTPa-IPV+Hib</td><td><a href="http://hl7.org/fhir/R4/codesystem-concept-map-equivalence.html#equivalent" title="equivalent">is equivalent to</a></td><td style="border-right-width: 0px">871887006</td><td style="border-left-width: 0px">Vaccine product containing only Bordetella pertussis and Clostridium tetani and Corynebacterium diphtheriae and Haemophilus influenzae type B and Human poliovirus antigens (medicinal product)</td></tr><tr><td style="border-right-width: 0px">640</td><td style="border-left-width: 0px">Infanrix hexa</td><td><a href="http://hl7.org/fhir/R4/codesystem-concept-map-equivalence.html#equivalent" title="equivalent">is equivalent to</a></td><td style="border-right-width: 0px">871895005</td><td style="border-left-width: 0px">Vaccine product containing only Bordetella pertussis and Clostridium tetani and Corynebacterium diphtheriae and Haemophilus influenzae type B and Hepatitis B virus and Human poliovirus antigens (medicinal product)</td></tr><tr><td style="border-right-width: 0px">669</td><td style="border-left-width: 0px">Poliorix</td><td><a href="http://hl7.org/fhir/R4/codesystem-concept-map-equivalence.html#equivalent" title="equivalent">is equivalent to</a></td><td style="border-right-width: 0px">871739009</td><td style="border-left-width: 0px">Vaccine product containing only Human poliovirus antigen (medicinal product)</td></tr><tr><td style="border-right-width: 0px">615</td><td style="border-left-width: 0px">Priorix</td><td><a href="http://hl7.org/fhir/R4/codesystem-concept-map-equivalence.html#equivalent" title="equivalent">is equivalent to</a></td><td style="border-right-width: 0px">871831003</td><td style="border-left-width: 0px">Vaccine product containing only Measles morbillivirus and Mumps orthorubulavirus and Rubella virus antigens (medicinal product)</td></tr><tr><td style="border-right-width: 0px">592</td><td style="border-left-width: 0px">Twinrix 720/20</td><td><a href="http://hl7.org/fhir/R4/codesystem-concept-map-equivalence.html#equivalent" title="equivalent">is equivalent to</a></td><td style="border-right-width: 0px">871803007</td><td style="border-left-width: 0px">Vaccine product containing only Hepatitis A and Hepatitis B virus antigens (medicinal product)</td></tr><tr><td style="border-right-width: 0px">528</td><td style="border-left-width: 0px">Gen H-B-Vax 10</td><td><a href="http://hl7.org/fhir/R4/codesystem-concept-map-equivalence.html#equivalent" title="equivalent">is equivalent to</a></td><td style="border-right-width: 0px">871822003</td><td style="border-left-width: 0px">Vaccine product containing only Hepatitis B virus antigen (medicinal product)</td></tr><tr><td style="border-right-width: 0px">545</td><td style="border-left-width: 0px">HBVAXPRO 40</td><td><a href="http://hl7.org/fhir/R4/codesystem-concept-map-equivalence.html#equivalent" title="equivalent">is equivalent to</a></td><td style="border-right-width: 0px">871822003</td><td style="border-left-width: 0px">Vaccine product containing only Hepatitis B virus antigen (medicinal product)</td></tr><tr><td style="border-right-width: 0px">610</td><td style="border-left-width: 0px">Gen H-B-Vax 5</td><td><a href="http://hl7.org/fhir/R4/codesystem-concept-map-equivalence.html#equivalent" title="equivalent">is equivalent to</a></td><td style="border-right-width: 0px">871822003</td><td style="border-left-width: 0px">Vaccine product containing only Hepatitis B virus antigen (medicinal product)</td></tr><tr><td style="border-right-width: 0px">663</td><td style="border-left-width: 0px">HBVAXPRO 10</td><td><a href="http://hl7.org/fhir/R4/codesystem-concept-map-equivalence.html#equivalent" title="equivalent">is equivalent to</a></td><td style="border-right-width: 0px">871822003</td><td style="border-left-width: 0px">Vaccine product containing only Hepatitis B virus antigen (medicinal product)</td></tr><tr><td style="border-right-width: 0px">268</td><td style="border-left-width: 0px">MMR-II</td><td><a href="http://hl7.org/fhir/R4/codesystem-concept-map-equivalence.html#equivalent" title="equivalent">is equivalent to</a></td><td style="border-right-width: 0px">871831003</td><td style="border-left-width: 0px">Vaccine product containing only Measles morbillivirus and Mumps orthorubulavirus and Rubella virus antigens (medicinal product)</td></tr><tr><td style="border-right-width: 0px">247</td><td style="border-left-width: 0px">Mumpsvax</td><td><a href="http://hl7.org/fhir/R4/codesystem-concept-map-equivalence.html#equivalent" title="equivalent">is equivalent to</a></td><td style="border-right-width: 0px">871737006</td><td style="border-left-width: 0px">Vaccine product containing only Mumps orthorubulavirus antigen (medicinal product)</td></tr><tr><td style="border-right-width: 0px">613</td><td style="border-left-width: 0px">Pentavac</td><td><a href="http://hl7.org/fhir/R4/codesystem-concept-map-equivalence.html#equivalent" title="equivalent">is equivalent to</a></td><td style="border-right-width: 0px">871887006</td><td style="border-left-width: 0px">Vaccine product containing only Bordetella pertussis and Clostridium tetani and Corynebacterium diphtheriae and Haemophilus influenzae type B and Human poliovirus antigens (medicinal product)</td></tr><tr><td style="border-right-width: 0px">509</td><td style="border-left-width: 0px">Pneumovax-23</td><td><a href="http://hl7.org/fhir/R4/codesystem-concept-map-equivalence.html#equivalent" title="equivalent">is equivalent to</a></td><td style="border-right-width: 0px">1052328007</td><td style="border-left-width: 0px">Vaccine product containing only Streptococcus pneumoniae Danish serotype 4, 6B, 9V, 14, 18C, 19F, and 23F capsular polysaccharide antigens conjugated (medicinal product)</td></tr><tr><td style="border-right-width: 0px">646</td><td style="border-left-width: 0px">Revaxis</td><td><a href="http://hl7.org/fhir/R4/codesystem-concept-map-equivalence.html#equivalent" title="equivalent">is equivalent to</a></td><td style="border-right-width: 0px">871837004</td><td style="border-left-width: 0px">Vaccine product containing only Clostridium tetani and Corynebacterium diphtheriae and Human poliovirus antigens (medicinal product)</td></tr><tr><td style="border-right-width: 0px">520</td><td style="border-left-width: 0px">Stamaril</td><td><a href="http://hl7.org/fhir/R4/codesystem-concept-map-equivalence.html#equivalent" title="equivalent">is equivalent to</a></td><td style="border-right-width: 0px">871717007</td><td style="border-left-width: 0px">Vaccine product containing only Yellow fever virus antigen (medicinal product)</td></tr><tr><td style="border-right-width: 0px">612</td><td style="border-left-width: 0px">Tetravac</td><td><a href="http://hl7.org/fhir/R4/codesystem-concept-map-equivalence.html#equivalent" title="equivalent">is equivalent to</a></td><td style="border-right-width: 0px">871878002</td><td style="border-left-width: 0px">Vaccine product containing only Bordetella pertussis and Clostridium tetani and Corynebacterium diphtheriae and Human poliovirus antigens (medicinal product)</td></tr><tr><td style="border-right-width: 0px">417</td><td style="border-left-width: 0px">Tollwut Impfstoff Mérieux</td><td><a href="http://hl7.org/fhir/R4/codesystem-concept-map-equivalence.html#equivalent" title="equivalent">is equivalent to</a></td><td style="border-right-width: 0px">871726005</td><td style="border-left-width: 0px">Vaccine product containing only Rabies lyssavirus antigen (medicinal product)</td></tr><tr><td style="border-right-width: 0px">654</td><td style="border-left-width: 0px">Meningitec</td><td><a href="http://hl7.org/fhir/R4/codesystem-concept-map-equivalence.html#equivalent" title="equivalent">is equivalent to</a></td><td style="border-right-width: 0px">871866001</td><td style="border-left-width: 0px">Vaccine product containing only Neisseria meningitidis serogroup C antigen (medicinal product)</td></tr><tr><td style="border-right-width: 0px">643</td><td style="border-left-width: 0px">Prevenar-7</td><td><a href="http://hl7.org/fhir/R4/codesystem-concept-map-equivalence.html#equivalent" title="equivalent">is equivalent to</a></td><td style="border-right-width: 0px">1052328007</td><td style="border-left-width: 0px">Vaccine product containing only Streptococcus pneumoniae Danish serotype 4, 6B, 9V, 14, 18C, 19F, and 23F capsular polysaccharide antigens conjugated (medicinal product)</td></tr><tr><td style="border-right-width: 0px">644</td><td style="border-left-width: 0px">Hexavac</td><td><a href="http://hl7.org/fhir/R4/codesystem-concept-map-equivalence.html#equivalent" title="equivalent">is equivalent to</a></td><td style="border-right-width: 0px">871895005</td><td style="border-left-width: 0px">Vaccine product containing only Bordetella pertussis and Clostridium tetani and Corynebacterium diphtheriae and Haemophilus influenzae type B and Hepatitis B virus and Human poliovirus antigens (medicinal product)</td></tr><tr><td style="border-right-width: 0px">711</td><td style="border-left-width: 0px">DiTe pediatric adsorbed</td><td><a href="http://hl7.org/fhir/R4/codesystem-concept-map-equivalence.html#equivalent" title="equivalent">is equivalent to</a></td><td style="border-right-width: 0px">871826000</td><td style="border-left-width: 0px">Vaccine product containing only Clostridium tetani and Corynebacterium diphtheriae antigens (medicinal product)</td></tr><tr><td style="border-right-width: 0px">711-01</td><td style="border-left-width: 0px">Diphtherie- und Tetanus-Adsorbatimpfstoff für Kinder unter 8 Jahren</td><td><a href="http://hl7.org/fhir/R4/codesystem-concept-map-equivalence.html#equivalent" title="equivalent">is equivalent to</a></td><td style="border-right-width: 0px">871826000</td><td style="border-left-width: 0px">Vaccine product containing only Clostridium tetani and Corynebacterium diphtheriae antigens (medicinal product)</td></tr><tr><td style="border-right-width: 0px">711-02</td><td style="border-left-width: 0px">Diphtherie- und Tetanus-Adsorbatimpfstoff für Erwachsene und Kinder ab 7 Jahren, Injektionssuspension, Emergent BioSolutions Berna GmbH</td><td><a href="http://hl7.org/fhir/R4/codesystem-concept-map-equivalence.html#equivalent" title="equivalent">is equivalent to</a></td><td style="border-right-width: 0px">871826000</td><td style="border-left-width: 0px">Vaccine product containing only Clostridium tetani and Corynebacterium diphtheriae antigens (medicinal product)</td></tr><tr><td style="border-right-width: 0px">704</td><td style="border-left-width: 0px">Dukoral</td><td><a href="http://hl7.org/fhir/R4/codesystem-concept-map-equivalence.html#equivalent" title="equivalent">is equivalent to</a></td><td style="border-right-width: 0px">991000221105</td><td style="border-left-width: 0px">Vaccine product containing only Vibrio cholerae antigen (medicinal product)</td></tr><tr><td style="border-right-width: 0px">483</td><td style="border-left-width: 0px">Rimevax</td><td><a href="http://hl7.org/fhir/R4/codesystem-concept-map-equivalence.html#equivalent" title="equivalent">is equivalent to</a></td><td style="border-right-width: 0px">871765008</td><td style="border-left-width: 0px">Vaccine product containing only Measles morbillivirus antigen (medicinal product)</td></tr><tr><td style="border-right-width: 0px">707</td><td style="border-left-width: 0px">Tetanol pur</td><td><a href="http://hl7.org/fhir/R4/codesystem-concept-map-equivalence.html#equivalent" title="equivalent">is equivalent to</a></td><td style="border-right-width: 0px">871742003</td><td style="border-left-width: 0px">Vaccine product containing only Clostridium tetani antigen (medicinal product)</td></tr><tr><td style="border-right-width: 0px">57735</td><td style="border-left-width: 0px">Gardasil</td><td><a href="http://hl7.org/fhir/R4/codesystem-concept-map-equivalence.html#equivalent" title="equivalent">is equivalent to</a></td><td style="border-right-width: 0px">2001000221108</td><td style="border-left-width: 0px">Vaccine product containing only Human papillomavirus 6, 11, 16 and 18 antigens (medicinal product)</td></tr><tr><td style="border-right-width: 0px">709</td><td style="border-left-width: 0px">Zostavax</td><td><a href="http://hl7.org/fhir/R4/codesystem-concept-map-equivalence.html#equivalent" title="equivalent">is equivalent to</a></td><td style="border-right-width: 0px">1156183006</td><td style="border-left-width: 0px">Vaccine product containing only Human alphaherpesvirus 3 recombinant surface glycoprotein E antigen (medicinal product)</td></tr><tr><td style="border-right-width: 0px">58158</td><td style="border-left-width: 0px">Priorix-Tetra</td><td><a href="http://hl7.org/fhir/R4/codesystem-concept-map-equivalence.html#equivalent" title="equivalent">is equivalent to</a></td><td style="border-right-width: 0px">871908002</td><td style="border-left-width: 0px">Vaccine product containing only Human alphaherpesvirus 3 and Measles morbillivirus and Mumps orthorubulavirus and Rubella virus antigens (medicinal product)</td></tr><tr><td style="border-right-width: 0px">60150</td><td style="border-left-width: 0px">Rotarix</td><td><a href="http://hl7.org/fhir/R4/codesystem-concept-map-equivalence.html#equivalent" title="equivalent">is equivalent to</a></td><td style="border-right-width: 0px">871761004</td><td style="border-left-width: 0px">Vaccine product containing only Rotavirus antigen (medicinal product)</td></tr><tr><td style="border-right-width: 0px">703</td><td style="border-left-width: 0px">MMRVaxPro</td><td><a href="http://hl7.org/fhir/R4/codesystem-concept-map-equivalence.html#equivalent" title="equivalent">is equivalent to</a></td><td style="border-right-width: 0px">871831003</td><td style="border-left-width: 0px">Vaccine product containing only Measles morbillivirus and Mumps orthorubulavirus and Rubella virus antigens (medicinal product)</td></tr><tr><td style="border-right-width: 0px">58506</td><td style="border-left-width: 0px">Measles vaccine live</td><td><a href="http://hl7.org/fhir/R4/codesystem-concept-map-equivalence.html#equivalent" title="equivalent">is equivalent to</a></td><td style="border-right-width: 0px">871765008</td><td style="border-left-width: 0px">Vaccine product containing only Measles morbillivirus antigen (medicinal product)</td></tr><tr><td style="border-right-width: 0px">57814</td><td style="border-left-width: 0px">Cervarix</td><td><a href="http://hl7.org/fhir/R4/codesystem-concept-map-equivalence.html#equivalent" title="equivalent">is equivalent to</a></td><td style="border-right-width: 0px">2001000221108</td><td style="border-left-width: 0px">Vaccine product containing only Human papillomavirus 6, 11, 16 and 18 antigens (medicinal product)</td></tr><tr><td style="border-right-width: 0px">60129</td><td style="border-left-width: 0px">Prevenar-13</td><td><a href="http://hl7.org/fhir/R4/codesystem-concept-map-equivalence.html#equivalent" title="equivalent">is equivalent to</a></td><td style="border-right-width: 0px">1052328007</td><td style="border-left-width: 0px">Vaccine product containing only Streptococcus pneumoniae Danish serotype 4, 6B, 9V, 14, 18C, 19F, and 23F capsular polysaccharide antigens conjugated (medicinal product)</td></tr><tr><td style="border-right-width: 0px">59147</td><td style="border-left-width: 0px">Ixiaro</td><td><a href="http://hl7.org/fhir/R4/codesystem-concept-map-equivalence.html#equivalent" title="equivalent">is equivalent to</a></td><td style="border-right-width: 0px">871724008</td><td style="border-left-width: 0px">Vaccine product containing only Japanese encephalitis virus antigen (medicinal product)</td></tr><tr><td style="border-right-width: 0px">62502</td><td style="border-left-width: 0px">Menveo</td><td><a href="http://hl7.org/fhir/R4/codesystem-concept-map-equivalence.html#equivalent" title="equivalent">is equivalent to</a></td><td style="border-right-width: 0px">871866001</td><td style="border-left-width: 0px">Vaccine product containing only Neisseria meningitidis serogroup C antigen (medicinal product)</td></tr><tr><td style="border-right-width: 0px">600</td><td style="border-left-width: 0px">DiTe Anatoxal Erwachsene / Adultes</td><td><a href="http://hl7.org/fhir/R4/codesystem-concept-map-equivalence.html#equivalent" title="equivalent">is equivalent to</a></td><td style="border-right-width: 0px">871826000</td><td style="border-left-width: 0px">Vaccine product containing only Clostridium tetani and Corynebacterium diphtheriae antigens (medicinal product)</td></tr><tr><td style="border-right-width: 0px">690</td><td style="border-left-width: 0px">DiTe Anatoxal N Erwachsene / Adultes</td><td><a href="http://hl7.org/fhir/R4/codesystem-concept-map-equivalence.html#equivalent" title="equivalent">is equivalent to</a></td><td style="border-right-width: 0px">871826000</td><td style="border-left-width: 0px">Vaccine product containing only Clostridium tetani and Corynebacterium diphtheriae antigens (medicinal product)</td></tr><tr><td style="border-right-width: 0px">689</td><td style="border-left-width: 0px">Te Anatoxal N</td><td><a href="http://hl7.org/fhir/R4/codesystem-concept-map-equivalence.html#equivalent" title="equivalent">is equivalent to</a></td><td style="border-right-width: 0px">871742003</td><td style="border-left-width: 0px">Vaccine product containing only Clostridium tetani antigen (medicinal product)</td></tr><tr><td style="border-right-width: 0px">699</td><td style="border-left-width: 0px">ProQuad</td><td><a href="http://hl7.org/fhir/R4/codesystem-concept-map-equivalence.html#equivalent" title="equivalent">is equivalent to</a></td><td style="border-right-width: 0px">871908002</td><td style="border-left-width: 0px">Vaccine product containing only Human alphaherpesvirus 3 and Measles morbillivirus and Mumps orthorubulavirus and Rubella virus antigens (medicinal product)</td></tr><tr><td style="border-right-width: 0px">65387</td><td style="border-left-width: 0px">Gardasil 9</td><td><a href="http://hl7.org/fhir/R4/codesystem-concept-map-equivalence.html#equivalent" title="equivalent">is equivalent to</a></td><td style="border-right-width: 0px">2001000221108</td><td style="border-left-width: 0px">Vaccine product containing only Human papillomavirus 6, 11, 16 and 18 antigens (medicinal product)</td></tr><tr><td style="border-right-width: 0px">66940</td><td style="border-left-width: 0px">Vaxelis</td><td><a href="http://hl7.org/fhir/R4/codesystem-concept-map-equivalence.html#equivalent" title="equivalent">is equivalent to</a></td><td style="border-right-width: 0px">871895005</td><td style="border-left-width: 0px">Vaccine product containing only Bordetella pertussis and Clostridium tetani and Corynebacterium diphtheriae and Haemophilus influenzae type B and Hepatitis B virus and Human poliovirus antigens (medicinal product)</td></tr><tr><td style="border-right-width: 0px">68267</td><td style="border-left-width: 0px">Spikevax (COVID-19 Vaccine, Moderna)</td><td><a href="http://hl7.org/fhir/R4/codesystem-concept-map-equivalence.html#equivalent" title="equivalent">is equivalent to</a></td><td style="border-right-width: 0px">1119349007</td><td style="border-left-width: 0px">Vaccine product containing only Severe acute respiratory syndrome coronavirus 2 messenger ribonucleic acid (medicinal product)</td></tr><tr><td style="border-right-width: 0px">68225</td><td style="border-left-width: 0px">Comirnaty (COVID-19 Vaccine, Pfizer)</td><td><a href="http://hl7.org/fhir/R4/codesystem-concept-map-equivalence.html#equivalent" title="equivalent">is equivalent to</a></td><td style="border-right-width: 0px">1119349007</td><td style="border-left-width: 0px">Vaccine product containing only Severe acute respiratory syndrome coronavirus 2 messenger ribonucleic acid (medicinal product)</td></tr><tr><td style="border-right-width: 0px">68235</td><td style="border-left-width: 0px">COVID-19 Vaccine Janssen</td><td><a href="http://hl7.org/fhir/R4/codesystem-concept-map-equivalence.html#equivalent" title="equivalent">is equivalent to</a></td><td style="border-right-width: 0px">1119349007</td><td style="border-left-width: 0px">Vaccine product containing only Severe acute respiratory syndrome coronavirus 2 messenger ribonucleic acid (medicinal product)</td></tr><tr><td style="border-right-width: 0px">67987</td><td style="border-left-width: 0px">Shingrix</td><td><a href="http://hl7.org/fhir/R4/codesystem-concept-map-equivalence.html#equivalent" title="equivalent">is equivalent to</a></td><td style="border-right-width: 0px">1156183006</td><td style="border-left-width: 0px">Vaccine product containing only Human alphaherpesvirus 3 recombinant surface glycoprotein E antigen (medicinal product)</td></tr><tr><td style="border-right-width: 0px; border-bottom-style: none">68473</td><td style="border-left-width: 0px; border-bottom-style: none">Nuvaxovid 5 ml, Injektionsdispersion</td><td><a href="http://hl7.org/fhir/R4/codesystem-concept-map-equivalence.html#equivalent" title="equivalent">is equivalent to</a></td><td style="border-right-width: 0px">1119349007</td><td style="border-left-width: 0px">Vaccine product containing only Severe acute respiratory syndrome coronavirus 2 messenger ribonucleic acid (medicinal product)</td></tr><tr><td style="border-right-width: 0px; border-top-style: none"/><td style="border-top-style: none; border-left-width: 0px"/><td><a href="http://hl7.org/fhir/R4/codesystem-concept-map-equivalence.html#equivalent" title="equivalent">is equivalent to</a></td><td style="border-right-width: 0px">1119349007</td><td style="border-left-width: 0px">Vaccine product containing only Severe acute respiratory syndrome coronavirus 2 messenger ribonucleic acid (medicinal product)</td></tr><tr><td style="border-right-width: 0px">68710-01</td><td style="border-left-width: 0px">Comirnaty® 30 Mikrogramm/Dosis</td><td><a href="http://hl7.org/fhir/R4/codesystem-concept-map-equivalence.html#equivalent" title="equivalent">is equivalent to</a></td><td style="border-right-width: 0px">1119349007</td><td style="border-left-width: 0px">Vaccine product containing only Severe acute respiratory syndrome coronavirus 2 messenger ribonucleic acid (medicinal product)</td></tr><tr><td style="border-right-width: 0px">68710-02</td><td style="border-left-width: 0px">Comirnaty® 10 Mikrogramm/Dosis</td><td><a href="http://hl7.org/fhir/R4/codesystem-concept-map-equivalence.html#equivalent" title="equivalent">is equivalent to</a></td><td style="border-right-width: 0px">1119349007</td><td style="border-left-width: 0px">Vaccine product containing only Severe acute respiratory syndrome coronavirus 2 messenger ribonucleic acid (medicinal product)</td></tr><tr><td style="border-right-width: 0px">69009</td><td style="border-left-width: 0px">Spikevax Bivalent Original / Omicron</td><td><a href="http://hl7.org/fhir/R4/codesystem-concept-map-equivalence.html#equivalent" title="equivalent">is equivalent to</a></td><td style="border-right-width: 0px">1119349007</td><td style="border-left-width: 0px">Vaccine product containing only Severe acute respiratory syndrome coronavirus 2 messenger ribonucleic acid (medicinal product)</td></tr><tr><td style="border-right-width: 0px">68110</td><td style="border-left-width: 0px">Adacel-Polio 0.5 ml</td><td><a href="http://hl7.org/fhir/R4/codesystem-concept-map-equivalence.html#equivalent" title="equivalent">is equivalent to</a></td><td style="border-right-width: 0px">871878002</td><td style="border-left-width: 0px">Vaccine product containing only Bordetella pertussis and Clostridium tetani and Corynebacterium diphtheriae and Human poliovirus antigens (medicinal product)</td></tr><tr><td style="border-right-width: 0px">68317</td><td style="border-left-width: 0px">Adacel 0.5 ml</td><td><a href="http://hl7.org/fhir/R4/codesystem-concept-map-equivalence.html#equivalent" title="equivalent">is equivalent to</a></td><td style="border-right-width: 0px">871875004</td><td style="border-left-width: 0px">Vaccine product containing only Bordetella pertussis and Clostridium tetani and Corynebacterium diphtheriae antigens (medicinal product)</td></tr></table><hr/><p><b>Group 2</b>Mapping from <a href="CodeSystem-ch-vacd-myvaccines-cs.html">Old Swiss Vaccines Codesystem</a> to <a href="http://hl7.org/fhir/R4/codesystem-snomedct.html">SNOMED CT (all versions)</a></p><table class="grid"><tr><td><b>Source Code</b></td><td><b>Relationship</b></td><td><b>Target Code</b></td></tr><tr><td>17 (Poliomyelitis Impfstoff Berna)</td><td><a href="http://hl7.org/fhir/R4/codesystem-concept-map-equivalence.html#equivalent" title="equivalent">is equivalent to</a></td><td>871739009 (Vaccine product containing only Human poliovirus antigen (medicinal product))</td></tr><tr><td>25 (Vivotif L)</td><td><a href="http://hl7.org/fhir/R4/codesystem-concept-map-equivalence.html#equivalent" title="equivalent">is equivalent to</a></td><td>961000221100 (Vaccine product containing only Salmonella enterica subspecies enterica serovar Typhi antigen (medicinal product))</td></tr><tr><td>35 (Infanrix DTPa)</td><td><a href="http://hl7.org/fhir/R4/codesystem-concept-map-equivalence.html#equivalent" title="equivalent">is equivalent to</a></td><td>871875004 (Vaccine product containing only Bordetella pertussis and Clostridium tetani and Corynebacterium diphtheriae antigens (medicinal product))</td></tr><tr><td>47 (Attenuvax)</td><td><a href="http://hl7.org/fhir/R4/codesystem-concept-map-equivalence.html#equivalent" title="equivalent">is equivalent to</a></td><td>871765008 (Vaccine product containing only Measles morbillivirus antigen (medicinal product))</td></tr><tr><td>53 (HBVAXPRO 5)</td><td><a href="http://hl7.org/fhir/R4/codesystem-concept-map-equivalence.html#equivalent" title="equivalent">is equivalent to</a></td><td>871822003 (Vaccine product containing only Hepatitis B virus antigen (medicinal product))</td></tr><tr><td>55 (Meningokokken-Impfstoff A+C Mérieux)</td><td><a href="http://hl7.org/fhir/R4/codesystem-concept-map-equivalence.html#equivalent" title="equivalent">is equivalent to</a></td><td>871866001 (Vaccine product containing only Neisseria meningitidis serogroup C antigen (medicinal product))</td></tr><tr><td>74 (Twinrix 360/10)</td><td><a href="http://hl7.org/fhir/R4/codesystem-concept-map-equivalence.html#equivalent" title="equivalent">is equivalent to</a></td><td>871803007 (Vaccine product containing only Hepatitis A and Hepatitis B virus antigens (medicinal product))</td></tr><tr><td>75 (Pluserix)</td><td><a href="http://hl7.org/fhir/R4/codesystem-concept-map-equivalence.html#equivalent" title="equivalent">is equivalent to</a></td><td>871831003 (Vaccine product containing only Measles morbillivirus and Mumps orthorubulavirus and Rubella virus antigens (medicinal product))</td></tr><tr><td>76 (Acel Immune)</td><td><a href="http://hl7.org/fhir/R4/codesystem-concept-map-equivalence.html#equivalent" title="equivalent">is equivalent to</a></td><td>871875004 (Vaccine product containing only Bordetella pertussis and Clostridium tetani and Corynebacterium diphtheriae antigens (medicinal product))</td></tr><tr><td>78 (Act-Hib)</td><td><a href="http://hl7.org/fhir/R4/codesystem-concept-map-equivalence.html#equivalent" title="equivalent">is equivalent to</a></td><td>871764007 (Vaccine product containing only Haemophilus influenzae type B antigen (medicinal product))</td></tr><tr><td>79 (Anatoxal DiTePer)</td><td><a href="http://hl7.org/fhir/R4/codesystem-concept-map-equivalence.html#equivalent" title="equivalent">is equivalent to</a></td><td>871875004 (Vaccine product containing only Bordetella pertussis and Clostridium tetani and Corynebacterium diphtheriae antigens (medicinal product))</td></tr><tr><td>80 (Anatoxal DiTe Erwachsene)</td><td><a href="http://hl7.org/fhir/R4/codesystem-concept-map-equivalence.html#equivalent" title="equivalent">is equivalent to</a></td><td>871826000 (Vaccine product containing only Clostridium tetani and Corynebacterium diphtheriae antigens (medicinal product))</td></tr><tr><td>81 (Anatoxal DiTe N Erwachsene)</td><td><a href="http://hl7.org/fhir/R4/codesystem-concept-map-equivalence.html#equivalent" title="equivalent">is equivalent to</a></td><td>871826000 (Vaccine product containing only Clostridium tetani and Corynebacterium diphtheriae antigens (medicinal product))</td></tr><tr><td>83 (Anatoxal Te)</td><td><a href="http://hl7.org/fhir/R4/codesystem-concept-map-equivalence.html#equivalent" title="equivalent">is equivalent to</a></td><td>871742003 (Vaccine product containing only Clostridium tetani antigen (medicinal product))</td></tr><tr><td>84 (Anatoxal Te N)</td><td><a href="http://hl7.org/fhir/R4/codesystem-concept-map-equivalence.html#equivalent" title="equivalent">is equivalent to</a></td><td>871742003 (Vaccine product containing only Clostridium tetani antigen (medicinal product))</td></tr><tr><td>86 (Arilvax)</td><td><a href="http://hl7.org/fhir/R4/codesystem-concept-map-equivalence.html#equivalent" title="equivalent">is equivalent to</a></td><td>871717007 (Vaccine product containing only Yellow fever virus antigen (medicinal product))</td></tr><tr><td>92 (HibTiter)</td><td><a href="http://hl7.org/fhir/R4/codesystem-concept-map-equivalence.html#equivalent" title="equivalent">is equivalent to</a></td><td>871764007 (Vaccine product containing only Haemophilus influenzae type B antigen (medicinal product))</td></tr><tr><td>94 (Lyssavac Berna)</td><td><a href="http://hl7.org/fhir/R4/codesystem-concept-map-equivalence.html#equivalent" title="equivalent">is equivalent to</a></td><td>871726005 (Vaccine product containing only Rabies lyssavirus antigen (medicinal product))</td></tr><tr><td>97 (Mumaten)</td><td><a href="http://hl7.org/fhir/R4/codesystem-concept-map-equivalence.html#equivalent" title="equivalent">is equivalent to</a></td><td>871737006 (Vaccine product containing only Mumps orthorubulavirus antigen (medicinal product))</td></tr><tr><td>98 (Pedvax)</td><td><a href="http://hl7.org/fhir/R4/codesystem-concept-map-equivalence.html#equivalent" title="equivalent">is equivalent to</a></td><td>871764007 (Vaccine product containing only Haemophilus influenzae type B antigen (medicinal product))</td></tr><tr><td>99 (Pentacoq)</td><td><a href="http://hl7.org/fhir/R4/codesystem-concept-map-equivalence.html#equivalent" title="equivalent">is equivalent to</a></td><td>871887006 (Vaccine product containing only Bordetella pertussis and Clostridium tetani and Corynebacterium diphtheriae and Haemophilus influenzae type B and Human poliovirus antigens (medicinal product))</td></tr><tr><td>100 (Pnu-Immune)</td><td><a href="http://hl7.org/fhir/R4/codesystem-concept-map-equivalence.html#equivalent" title="equivalent">is equivalent to</a></td><td>1052328007 (Vaccine product containing only Streptococcus pneumoniae Danish serotype 4, 6B, 9V, 14, 18C, 19F, and 23F capsular polysaccharide antigens conjugated (medicinal product))</td></tr><tr><td>101 (Polio Salk)</td><td><a href="http://hl7.org/fhir/R4/codesystem-concept-map-equivalence.html#equivalent" title="equivalent">is equivalent to</a></td><td>871739009 (Vaccine product containing only Human poliovirus antigen (medicinal product))</td></tr><tr><td>102 (Polio Sabin)</td><td><a href="http://hl7.org/fhir/R4/codesystem-concept-map-equivalence.html#equivalent" title="equivalent">is equivalent to</a></td><td>871739009 (Vaccine product containing only Human poliovirus antigen (medicinal product))</td></tr><tr><td>103 (Poloral)</td><td><a href="http://hl7.org/fhir/R4/codesystem-concept-map-equivalence.html#equivalent" title="equivalent">is equivalent to</a></td><td>871739009 (Vaccine product containing only Human poliovirus antigen (medicinal product))</td></tr><tr><td>106 (Tetracoq)</td><td><a href="http://hl7.org/fhir/R4/codesystem-concept-map-equivalence.html#equivalent" title="equivalent">is equivalent to</a></td><td>871878002 (Vaccine product containing only Bordetella pertussis and Clostridium tetani and Corynebacterium diphtheriae and Human poliovirus antigens (medicinal product))</td></tr><tr><td>110 (Vaqta)</td><td><a href="http://hl7.org/fhir/R4/codesystem-concept-map-equivalence.html#equivalent" title="equivalent">is equivalent to</a></td><td>871751006 (Vaccine product containing only Hepatitis A virus antigen (medicinal product))</td></tr><tr><td>115 (Havrix 360)</td><td><a href="http://hl7.org/fhir/R4/codesystem-concept-map-equivalence.html#equivalent" title="equivalent">is equivalent to</a></td><td>871751006 (Vaccine product containing only Hepatitis A virus antigen (medicinal product))</td></tr><tr><td>118 (Hevac B)</td><td><a href="http://hl7.org/fhir/R4/codesystem-concept-map-equivalence.html#equivalent" title="equivalent">is equivalent to</a></td><td>871822003 (Vaccine product containing only Hepatitis B virus antigen (medicinal product))</td></tr><tr><td>119 (MMR-I)</td><td><a href="http://hl7.org/fhir/R4/codesystem-concept-map-equivalence.html#equivalent" title="equivalent">is equivalent to</a></td><td>871831003 (Vaccine product containing only Measles morbillivirus and Mumps orthorubulavirus and Rubella virus antigens (medicinal product))</td></tr><tr><td>120 (Moruman)</td><td><a href="http://hl7.org/fhir/R4/codesystem-concept-map-equivalence.html#equivalent" title="equivalent">is equivalent to</a></td><td>871765008 (Vaccine product containing only Measles morbillivirus antigen (medicinal product))</td></tr><tr><td>123 (Trimovax)</td><td><a href="http://hl7.org/fhir/R4/codesystem-concept-map-equivalence.html#equivalent" title="equivalent">is equivalent to</a></td><td>871831003 (Vaccine product containing only Measles morbillivirus and Mumps orthorubulavirus and Rubella virus antigens (medicinal product))</td></tr><tr><td>126 (Ditanrix pediatric)</td><td><a href="http://hl7.org/fhir/R4/codesystem-concept-map-equivalence.html#equivalent" title="equivalent">is equivalent to</a></td><td>871826000 (Vaccine product containing only Clostridium tetani and Corynebacterium diphtheriae antigens (medicinal product))</td></tr><tr><td>128 (FSME-Immun Injekt)</td><td><a href="http://hl7.org/fhir/R4/codesystem-concept-map-equivalence.html#equivalent" title="equivalent">is equivalent to</a></td><td>87171900 (Vaccine product containing only Tick-borne encephalitis virus antigen (medicinal product))</td></tr><tr><td>133 (ProHibit)</td><td><a href="http://hl7.org/fhir/R4/codesystem-concept-map-equivalence.html#equivalent" title="equivalent">is equivalent to</a></td><td>871764007 (Vaccine product containing only Haemophilus influenzae type B antigen (medicinal product))</td></tr><tr><td>134 (Anatoxal DiTe Kinder)</td><td><a href="http://hl7.org/fhir/R4/codesystem-concept-map-equivalence.html#equivalent" title="equivalent">is equivalent to</a></td><td>871826000 (Vaccine product containing only Clostridium tetani and Corynebacterium diphtheriae antigens (medicinal product))</td></tr><tr><td>138 (K1, K2, K3)</td><td><a href="http://hl7.org/fhir/R4/codesystem-concept-map-equivalence.html#equivalent" title="equivalent">is equivalent to</a></td><td>871739009 (Vaccine product containing only Human poliovirus antigen (medicinal product))</td></tr><tr><td>139 (Koprowski)</td><td><a href="http://hl7.org/fhir/R4/codesystem-concept-map-equivalence.html#equivalent" title="equivalent">is equivalent to</a></td><td>871739009 (Vaccine product containing only Human poliovirus antigen (medicinal product))</td></tr><tr><td>143 (TAB oral)</td><td><a href="http://hl7.org/fhir/R4/codesystem-concept-map-equivalence.html#equivalent" title="equivalent">is equivalent to</a></td><td>961000221100 (Vaccine product containing only Salmonella enterica subspecies enterica serovar Typhi antigen (medicinal product))</td></tr><tr><td>147 (Polio Koprowski (K1-K3))</td><td><a href="http://hl7.org/fhir/R4/codesystem-concept-map-equivalence.html#equivalent" title="equivalent">is equivalent to</a></td><td>871739009 (Vaccine product containing only Human poliovirus antigen (medicinal product))</td></tr><tr><td>148 (Polio Lilly)</td><td><a href="http://hl7.org/fhir/R4/codesystem-concept-map-equivalence.html#equivalent" title="equivalent">is equivalent to</a></td><td>871739009 (Vaccine product containing only Human poliovirus antigen (medicinal product))</td></tr><tr><td>154 (DiTe Anatoxal Kinder / Enfants)</td><td><a href="http://hl7.org/fhir/R4/codesystem-concept-map-equivalence.html#equivalent" title="equivalent">is equivalent to</a></td><td>871826000 (Vaccine product containing only Clostridium tetani and Corynebacterium diphtheriae antigens (medicinal product))</td></tr><tr><td>155 (DiTePer Anatoxal)</td><td><a href="http://hl7.org/fhir/R4/codesystem-concept-map-equivalence.html#equivalent" title="equivalent">is equivalent to</a></td><td>871875004 (Vaccine product containing only Bordetella pertussis and Clostridium tetani and Corynebacterium diphtheriae antigens (medicinal product))</td></tr><tr><td>162 (HBVAX DNA 5)</td><td><a href="http://hl7.org/fhir/R4/codesystem-concept-map-equivalence.html#equivalent" title="equivalent">is equivalent to</a></td><td>871822003 (Vaccine product containing only Hepatitis B virus antigen (medicinal product))</td></tr><tr><td>163 (HBVAX DNA 10)</td><td><a href="http://hl7.org/fhir/R4/codesystem-concept-map-equivalence.html#equivalent" title="equivalent">is equivalent to</a></td><td>871822003 (Vaccine product containing only Hepatitis B virus antigen (medicinal product))</td></tr><tr><td>164 (HBVAX DNA 40)</td><td><a href="http://hl7.org/fhir/R4/codesystem-concept-map-equivalence.html#equivalent" title="equivalent">is equivalent to</a></td><td>871822003 (Vaccine product containing only Hepatitis B virus antigen (medicinal product))</td></tr><tr><td>165 (Havrix junior)</td><td><a href="http://hl7.org/fhir/R4/codesystem-concept-map-equivalence.html#equivalent" title="equivalent">is equivalent to</a></td><td>871751006 (Vaccine product containing only Hepatitis A virus antigen (medicinal product))</td></tr><tr><td>166 (Infanrix)</td><td><a href="http://hl7.org/fhir/R4/codesystem-concept-map-equivalence.html#equivalent" title="equivalent">is equivalent to</a></td><td>871875004 (Vaccine product containing only Bordetella pertussis and Clostridium tetani and Corynebacterium diphtheriae antigens (medicinal product))</td></tr><tr><td>168 (Tanrix)</td><td><a href="http://hl7.org/fhir/R4/codesystem-concept-map-equivalence.html#equivalent" title="equivalent">is equivalent to</a></td><td>871742003 (Vaccine product containing only Clostridium tetani antigen (medicinal product))</td></tr><tr><td>170 (Engerix-B 40)</td><td><a href="http://hl7.org/fhir/R4/codesystem-concept-map-equivalence.html#equivalent" title="equivalent">is equivalent to</a></td><td>871822003 (Vaccine product containing only Hepatitis B virus antigen (medicinal product))</td></tr><tr><td>172 (Hepavax)</td><td><a href="http://hl7.org/fhir/R4/codesystem-concept-map-equivalence.html#equivalent" title="equivalent">is equivalent to</a></td><td>871822003 (Vaccine product containing only Hepatitis B virus antigen (medicinal product))</td></tr><tr><td>16 (Orochol E)</td><td><a href="http://hl7.org/fhir/R4/codesystem-concept-map-equivalence.html#equivalent" title="equivalent">is equivalent to</a></td><td>991000221105 (Vaccine product containing only Vibrio cholerae antigen (medicinal product))</td></tr></table></div>
  </text>
  <url value="http://fhir.ch/ig/ch-vacd/ConceptMap/ch-vacd-vaccines-sm-sct-cm"/>
  <version value="3.0.0"/>
  <name value="VaccineCodeSMToVaccineCodeSCT"/>
  <title value="SwissMedic VaccineCode To Snomed CT VaccineCode"/>
  <status value="draft"/>
  <date value="2022-12-21T13:48:44+01:00"/>
  <publisher value="HL7 Switzerland"/>
  <contact>
    <name value="HL7 Switzerland"/>
    <telecom>
      <system value="url"/>
      <value value="https://www.hl7.ch/"/>
    </telecom>
  </contact>
  <description value="Mappings from vaccine code to vaccine code"/>
  <jurisdiction>
    <coding>
      <system value="urn:iso:std:iso:3166"/>
      <code value="CHE"/>
    </coding>
  </jurisdiction>
  <copyright value="This artefact includes content from SNOMED Clinical Terms® (SNOMED CT®) which is copyright of the International Health Terminology Standards Development Organisation (IHTSDO). Implementers of these artefacts must have the appropriate SNOMED CT Affiliate license - for more information contact http://www.snomed.org/snomed-ct/getsnomed-ct or info@snomed.org."/>
  <sourceUri value="http://fhir.ch/ig/ch-vacd/ValueSet/ch-vacd-vaccines-vs"/>
  <targetUri value="http://fhir.ch/ig/ch-vacd/ValueSet/ch-vacd-vaccines-snomedct-vs"/>
  <group>
    <source value="http://fhir.ch/ig/ch-vacd/CodeSystem/ch-vacd-swissmedic-cs"/>
    <target value="http://snomed.info/sct"/>
    <element>
      <code value="683"/>
      <display value="FSME-Immun 0.25 ml Junior"/>
      <target>
        <code value="87171900"/>
        <display value="Vaccine product containing only Tick-borne encephalitis virus antigen (medicinal product)"/>
        <equivalence value="equivalent"/>
      </target>
    </element>
    <element>
      <code value="450"/>
      <display value="FSME-Immun CC"/>
      <target>
        <code value="87171900"/>
        <display value="Vaccine product containing only Tick-borne encephalitis virus antigen (medicinal product)"/>
        <equivalence value="equivalent"/>
      </target>
    </element>
    <element>
      <code value="656"/>
      <display value="NeisVac-C"/>
      <target>
        <code value="871866001"/>
        <display value="Vaccine product containing only Neisseria meningitidis serogroup C antigen (medicinal product)"/>
        <equivalence value="equivalent"/>
      </target>
    </element>
    <element>
      <code value="627"/>
      <display value="Encepur N"/>
      <target>
        <code value="87171900"/>
        <display value="Vaccine product containing only Tick-borne encephalitis virus antigen (medicinal product)"/>
        <equivalence value="equivalent"/>
      </target>
    </element>
    <element>
      <code value="628"/>
      <display value="Encepur N Kinder / Enfants"/>
      <target>
        <code value="87171900"/>
        <display value="Vaccine product containing only Tick-borne encephalitis virus antigen (medicinal product)"/>
        <equivalence value="equivalent"/>
      </target>
    </element>
    <element>
      <code value="572"/>
      <display value="Epaxal"/>
      <target>
        <code value="871751006"/>
        <display value="Vaccine product containing only Hepatitis A virus antigen (medicinal product)"/>
        <equivalence value="equivalent"/>
      </target>
    </element>
    <element>
      <code value="544"/>
      <display value="Heprecomb"/>
      <target>
        <code value="871822003"/>
        <display value="Vaccine product containing only Hepatitis B virus antigen (medicinal product)"/>
        <equivalence value="equivalent"/>
      </target>
    </element>
    <element>
      <code value="642"/>
      <display value="Heprecomb Kinder"/>
      <target>
        <code value="871822003"/>
        <display value="Vaccine product containing only Hepatitis B virus antigen (medicinal product)"/>
        <equivalence value="equivalent"/>
      </target>
    </element>
    <element>
      <code value="657"/>
      <display value="Menjugate"/>
      <target>
        <code value="871866001"/>
        <display value="Vaccine product containing only Neisseria meningitidis serogroup C antigen (medicinal product)"/>
        <equivalence value="equivalent"/>
      </target>
    </element>
    <element>
      <code value="533"/>
      <display value="Moraten"/>
      <target>
        <code value="871765008"/>
        <display value="Vaccine product containing only Measles morbillivirus antigen (medicinal product)"/>
        <equivalence value="equivalent"/>
      </target>
    </element>
    <element>
      <code value="555"/>
      <display value="Orochol"/>
      <target>
        <code value="991000221105"/>
        <display value="Vaccine product containing only Vibrio cholerae antigen (medicinal product)"/>
        <equivalence value="equivalent"/>
      </target>
    </element>
    <element>
      <code value="685"/>
      <display value="Rabipur"/>
      <target>
        <code value="871726005"/>
        <display value="Vaccine product containing only Rabies lyssavirus antigen (medicinal product)"/>
        <equivalence value="equivalent"/>
      </target>
    </element>
    <element>
      <code value="702"/>
      <display value="Td-pur"/>
      <target>
        <code value="871826000"/>
        <display value="Vaccine product containing only Clostridium tetani and Corynebacterium diphtheriae antigens (medicinal product)"/>
        <equivalence value="equivalent"/>
      </target>
    </element>
    <element>
      <code value="686"/>
      <display value="Td-Virelon"/>
      <target>
        <code value="871837004"/>
        <display value="Vaccine product containing only Clostridium tetani and Corynebacterium diphtheriae and Human poliovirus antigens (medicinal product)"/>
        <equivalence value="equivalent"/>
      </target>
    </element>
    <element>
      <code value="467"/>
      <display value="Vivotif"/>
      <target>
        <code value="961000221100"/>
        <display value="Vaccine product containing only Salmonella enterica subspecies enterica serovar Typhi antigen (medicinal product)"/>
        <equivalence value="equivalent"/>
      </target>
    </element>
    <element>
      <code value="637"/>
      <display value="Boostrix"/>
      <target>
        <code value="871875004"/>
        <display value="Vaccine product containing only Bordetella pertussis and Clostridium tetani and Corynebacterium diphtheriae antigens (medicinal product)"/>
        <equivalence value="equivalent"/>
      </target>
    </element>
    <element>
      <code value="681"/>
      <display value="Boostrix Polio"/>
      <target>
        <code value="871878002"/>
        <display value="Vaccine product containing only Bordetella pertussis and Clostridium tetani and Corynebacterium diphtheriae and Human poliovirus antigens (medicinal product)"/>
        <equivalence value="equivalent"/>
      </target>
    </element>
    <element>
      <code value="567"/>
      <display value="Ditanrix"/>
      <target>
        <code value="871826000"/>
        <display value="Vaccine product containing only Clostridium tetani and Corynebacterium diphtheriae antigens (medicinal product)"/>
        <equivalence value="equivalent"/>
      </target>
    </element>
    <element>
      <code value="551"/>
      <display value="Engerix-B 10"/>
      <target>
        <code value="871822003"/>
        <display value="Vaccine product containing only Hepatitis B virus antigen (medicinal product)"/>
        <equivalence value="equivalent"/>
      </target>
    </element>
    <element>
      <code value="534"/>
      <display value="Engerix-B 20"/>
      <target>
        <code value="871822003"/>
        <display value="Vaccine product containing only Hepatitis B virus antigen (medicinal product)"/>
        <equivalence value="equivalent"/>
      </target>
    </element>
    <element>
      <code value="558"/>
      <display value="Havrix 1440"/>
      <target>
        <code value="871751006"/>
        <display value="Vaccine product containing only Hepatitis A virus antigen (medicinal product)"/>
        <equivalence value="equivalent"/>
      </target>
    </element>
    <element>
      <code value="599"/>
      <display value="Havrix 720"/>
      <target>
        <code value="871751006"/>
        <display value="Vaccine product containing only Hepatitis A virus antigen (medicinal product)"/>
        <equivalence value="equivalent"/>
      </target>
    </element>
    <element>
      <code value="603"/>
      <display value="Hiberix"/>
      <target>
        <code value="871764007"/>
        <display value="Vaccine product containing only Haemophilus influenzae type B antigen (medicinal product)"/>
        <equivalence value="equivalent"/>
      </target>
    </element>
    <element>
      <code value="638"/>
      <display value="Infanrix DTPa-IPV"/>
      <target>
        <code value="871878002"/>
        <display value="Vaccine product containing only Bordetella pertussis and Clostridium tetani and Corynebacterium diphtheriae and Human poliovirus antigens (medicinal product)"/>
        <equivalence value="equivalent"/>
      </target>
    </element>
    <element>
      <code value="619"/>
      <display value="Infanrix DTPa-IPV+Hib"/>
      <target>
        <code value="871887006"/>
        <display value="Vaccine product containing only Bordetella pertussis and Clostridium tetani and Corynebacterium diphtheriae and Haemophilus influenzae type B and Human poliovirus antigens (medicinal product)"/>
        <equivalence value="equivalent"/>
      </target>
    </element>
    <element>
      <code value="640"/>
      <display value="Infanrix hexa"/>
      <target>
        <code value="871895005"/>
        <display value="Vaccine product containing only Bordetella pertussis and Clostridium tetani and Corynebacterium diphtheriae and Haemophilus influenzae type B and Hepatitis B virus and Human poliovirus antigens (medicinal product)"/>
        <equivalence value="equivalent"/>
      </target>
    </element>
    <element>
      <code value="669"/>
      <display value="Poliorix"/>
      <target>
        <code value="871739009"/>
        <display value="Vaccine product containing only Human poliovirus antigen (medicinal product)"/>
        <equivalence value="equivalent"/>
      </target>
    </element>
    <element>
      <code value="615"/>
      <display value="Priorix"/>
      <target>
        <code value="871831003"/>
        <display value="Vaccine product containing only Measles morbillivirus and Mumps orthorubulavirus and Rubella virus antigens (medicinal product)"/>
        <equivalence value="equivalent"/>
      </target>
    </element>
    <element>
      <code value="592"/>
      <display value="Twinrix 720/20"/>
      <target>
        <code value="871803007"/>
        <display value="Vaccine product containing only Hepatitis A and Hepatitis B virus antigens (medicinal product)"/>
        <equivalence value="equivalent"/>
      </target>
    </element>
    <element>
      <code value="528"/>
      <display value="Gen H-B-Vax 10"/>
      <target>
        <code value="871822003"/>
        <display value="Vaccine product containing only Hepatitis B virus antigen (medicinal product)"/>
        <equivalence value="equivalent"/>
      </target>
    </element>
    <element>
      <code value="545"/>
      <display value="HBVAXPRO 40"/>
      <target>
        <code value="871822003"/>
        <display value="Vaccine product containing only Hepatitis B virus antigen (medicinal product)"/>
        <equivalence value="equivalent"/>
      </target>
    </element>
    <element>
      <code value="610"/>
      <display value="Gen H-B-Vax 5"/>
      <target>
        <code value="871822003"/>
        <display value="Vaccine product containing only Hepatitis B virus antigen (medicinal product)"/>
        <equivalence value="equivalent"/>
      </target>
    </element>
    <element>
      <code value="663"/>
      <display value="HBVAXPRO 10"/>
      <target>
        <code value="871822003"/>
        <display value="Vaccine product containing only Hepatitis B virus antigen (medicinal product)"/>
        <equivalence value="equivalent"/>
      </target>
    </element>
    <element>
      <code value="268"/>
      <display value="MMR-II"/>
      <target>
        <code value="871831003"/>
        <display value="Vaccine product containing only Measles morbillivirus and Mumps orthorubulavirus and Rubella virus antigens (medicinal product)"/>
        <equivalence value="equivalent"/>
      </target>
    </element>
    <element>
      <code value="247"/>
      <display value="Mumpsvax"/>
      <target>
        <code value="871737006"/>
        <display value="Vaccine product containing only Mumps orthorubulavirus antigen (medicinal product)"/>
        <equivalence value="equivalent"/>
      </target>
    </element>
    <element>
      <code value="613"/>
      <display value="Pentavac"/>
      <target>
        <code value="871887006"/>
        <display value="Vaccine product containing only Bordetella pertussis and Clostridium tetani and Corynebacterium diphtheriae and Haemophilus influenzae type B and Human poliovirus antigens (medicinal product)"/>
        <equivalence value="equivalent"/>
      </target>
    </element>
    <element>
      <code value="509"/>
      <display value="Pneumovax-23"/>
      <target>
        <code value="1052328007"/>
        <display value="Vaccine product containing only Streptococcus pneumoniae Danish serotype 4, 6B, 9V, 14, 18C, 19F, and 23F capsular polysaccharide antigens conjugated (medicinal product)"/>
        <equivalence value="equivalent"/>
      </target>
    </element>
    <element>
      <code value="646"/>
      <display value="Revaxis"/>
      <target>
        <code value="871837004"/>
        <display value="Vaccine product containing only Clostridium tetani and Corynebacterium diphtheriae and Human poliovirus antigens (medicinal product)"/>
        <equivalence value="equivalent"/>
      </target>
    </element>
    <element>
      <code value="520"/>
      <display value="Stamaril"/>
      <target>
        <code value="871717007"/>
        <display value="Vaccine product containing only Yellow fever virus antigen (medicinal product)"/>
        <equivalence value="equivalent"/>
      </target>
    </element>
    <element>
      <code value="612"/>
      <display value="Tetravac"/>
      <target>
        <code value="871878002"/>
        <display value="Vaccine product containing only Bordetella pertussis and Clostridium tetani and Corynebacterium diphtheriae and Human poliovirus antigens (medicinal product)"/>
        <equivalence value="equivalent"/>
      </target>
    </element>
    <element>
      <code value="417"/>
      <display value="Tollwut Impfstoff Mérieux"/>
      <target>
        <code value="871726005"/>
        <display value="Vaccine product containing only Rabies lyssavirus antigen (medicinal product)"/>
        <equivalence value="equivalent"/>
      </target>
    </element>
    <element>
      <code value="654"/>
      <display value="Meningitec"/>
      <target>
        <code value="871866001"/>
        <display value="Vaccine product containing only Neisseria meningitidis serogroup C antigen (medicinal product)"/>
        <equivalence value="equivalent"/>
      </target>
    </element>
    <element>
      <code value="643"/>
      <display value="Prevenar-7"/>
      <target>
        <code value="1052328007"/>
        <display value="Vaccine product containing only Streptococcus pneumoniae Danish serotype 4, 6B, 9V, 14, 18C, 19F, and 23F capsular polysaccharide antigens conjugated (medicinal product)"/>
        <equivalence value="equivalent"/>
      </target>
    </element>
    <element>
      <code value="644"/>
      <display value="Hexavac"/>
      <target>
        <code value="871895005"/>
        <display value="Vaccine product containing only Bordetella pertussis and Clostridium tetani and Corynebacterium diphtheriae and Haemophilus influenzae type B and Hepatitis B virus and Human poliovirus antigens (medicinal product)"/>
        <equivalence value="equivalent"/>
      </target>
    </element>
    <element>
      <code value="711"/>
      <display value="DiTe pediatric adsorbed"/>
      <target>
        <code value="871826000"/>
        <display value="Vaccine product containing only Clostridium tetani and Corynebacterium diphtheriae antigens (medicinal product)"/>
        <equivalence value="equivalent"/>
      </target>
    </element>
    <element>
      <code value="711-01"/>
      <display value="Diphtherie- und Tetanus-Adsorbatimpfstoff für Kinder unter 8 Jahren"/>
      <target>
        <code value="871826000"/>
        <display value="Vaccine product containing only Clostridium tetani and Corynebacterium diphtheriae antigens (medicinal product)"/>
        <equivalence value="equivalent"/>
      </target>
    </element>
    <element>
      <code value="711-02"/>
      <display value="Diphtherie- und Tetanus-Adsorbatimpfstoff für Erwachsene und Kinder ab 7 Jahren, Injektionssuspension, Emergent BioSolutions Berna GmbH"/>
      <target>
        <code value="871826000"/>
        <display value="Vaccine product containing only Clostridium tetani and Corynebacterium diphtheriae antigens (medicinal product)"/>
        <equivalence value="equivalent"/>
      </target>
    </element>
    <element>
      <code value="704"/>
      <display value="Dukoral"/>
      <target>
        <code value="991000221105"/>
        <display value="Vaccine product containing only Vibrio cholerae antigen (medicinal product)"/>
        <equivalence value="equivalent"/>
      </target>
    </element>
    <element>
      <code value="483"/>
      <display value="Rimevax"/>
      <target>
        <code value="871765008"/>
        <display value="Vaccine product containing only Measles morbillivirus antigen (medicinal product)"/>
        <equivalence value="equivalent"/>
      </target>
    </element>
    <element>
      <code value="707"/>
      <display value="Tetanol pur"/>
      <target>
        <code value="871742003"/>
        <display value="Vaccine product containing only Clostridium tetani antigen (medicinal product)"/>
        <equivalence value="equivalent"/>
      </target>
    </element>
    <element>
      <code value="57735"/>
      <display value="Gardasil"/>
      <target>
        <code value="2001000221108"/>
        <display value="Vaccine product containing only Human papillomavirus 6, 11, 16 and 18 antigens (medicinal product)"/>
        <equivalence value="equivalent"/>
      </target>
    </element>
    <element>
      <code value="709"/>
      <display value="Zostavax"/>
      <target>
        <code value="1156183006"/>
        <display value="Vaccine product containing only Human alphaherpesvirus 3 recombinant surface glycoprotein E antigen (medicinal product)"/>
        <equivalence value="equivalent"/>
      </target>
    </element>
    <element>
      <code value="58158"/>
      <display value="Priorix-Tetra"/>
      <target>
        <code value="871908002"/>
        <display value="Vaccine product containing only Human alphaherpesvirus 3 and Measles morbillivirus and Mumps orthorubulavirus and Rubella virus antigens (medicinal product)"/>
        <equivalence value="equivalent"/>
      </target>
    </element>
    <element>
      <code value="60150"/>
      <display value="Rotarix"/>
      <target>
        <code value="871761004"/>
        <display value="Vaccine product containing only Rotavirus antigen (medicinal product)"/>
        <equivalence value="equivalent"/>
      </target>
    </element>
    <element>
      <code value="703"/>
      <display value="MMRVaxPro"/>
      <target>
        <code value="871831003"/>
        <display value="Vaccine product containing only Measles morbillivirus and Mumps orthorubulavirus and Rubella virus antigens (medicinal product)"/>
        <equivalence value="equivalent"/>
      </target>
    </element>
    <element>
      <code value="58506"/>
      <display value="Measles vaccine live"/>
      <target>
        <code value="871765008"/>
        <display value="Vaccine product containing only Measles morbillivirus antigen (medicinal product)"/>
        <equivalence value="equivalent"/>
      </target>
    </element>
    <element>
      <code value="57814"/>
      <display value="Cervarix"/>
      <target>
        <code value="2001000221108"/>
        <display value="Vaccine product containing only Human papillomavirus 6, 11, 16 and 18 antigens (medicinal product)"/>
        <equivalence value="equivalent"/>
      </target>
    </element>
    <element>
      <code value="60129"/>
      <display value="Prevenar-13"/>
      <target>
        <code value="1052328007"/>
        <display value="Vaccine product containing only Streptococcus pneumoniae Danish serotype 4, 6B, 9V, 14, 18C, 19F, and 23F capsular polysaccharide antigens conjugated (medicinal product)"/>
        <equivalence value="equivalent"/>
      </target>
    </element>
    <element>
      <code value="59147"/>
      <display value="Ixiaro"/>
      <target>
        <code value="871724008"/>
        <display value="Vaccine product containing only Japanese encephalitis virus antigen (medicinal product)"/>
        <equivalence value="equivalent"/>
      </target>
    </element>
    <element>
      <code value="62502"/>
      <display value="Menveo"/>
      <target>
        <code value="871866001"/>
        <display value="Vaccine product containing only Neisseria meningitidis serogroup C antigen (medicinal product)"/>
        <equivalence value="equivalent"/>
      </target>
    </element>
    <element>
      <code value="600"/>
      <display value="DiTe Anatoxal Erwachsene / Adultes"/>
      <target>
        <code value="871826000"/>
        <display value="Vaccine product containing only Clostridium tetani and Corynebacterium diphtheriae antigens (medicinal product)"/>
        <equivalence value="equivalent"/>
      </target>
    </element>
    <element>
      <code value="690"/>
      <display value="DiTe Anatoxal N Erwachsene / Adultes"/>
      <target>
        <code value="871826000"/>
        <display value="Vaccine product containing only Clostridium tetani and Corynebacterium diphtheriae antigens (medicinal product)"/>
        <equivalence value="equivalent"/>
      </target>
    </element>
    <element>
      <code value="689"/>
      <display value="Te Anatoxal N"/>
      <target>
        <code value="871742003"/>
        <display value="Vaccine product containing only Clostridium tetani antigen (medicinal product)"/>
        <equivalence value="equivalent"/>
      </target>
    </element>
    <element>
      <code value="699"/>
      <display value="ProQuad"/>
      <target>
        <code value="871908002"/>
        <display value="Vaccine product containing only Human alphaherpesvirus 3 and Measles morbillivirus and Mumps orthorubulavirus and Rubella virus antigens (medicinal product)"/>
        <equivalence value="equivalent"/>
      </target>
    </element>
    <element>
      <code value="65387"/>
      <display value="Gardasil 9"/>
      <target>
        <code value="2001000221108"/>
        <display value="Vaccine product containing only Human papillomavirus 6, 11, 16 and 18 antigens (medicinal product)"/>
        <equivalence value="equivalent"/>
      </target>
    </element>
    <element>
      <code value="66940"/>
      <display value="Vaxelis"/>
      <target>
        <code value="871895005"/>
        <display value="Vaccine product containing only Bordetella pertussis and Clostridium tetani and Corynebacterium diphtheriae and Haemophilus influenzae type B and Hepatitis B virus and Human poliovirus antigens (medicinal product)"/>
        <equivalence value="equivalent"/>
      </target>
    </element>
    <element>
      <code value="68267"/>
      <display value="Spikevax (COVID-19 Vaccine, Moderna)"/>
      <target>
        <code value="1119349007"/>
        <display value="Vaccine product containing only Severe acute respiratory syndrome coronavirus 2 messenger ribonucleic acid (medicinal product)"/>
        <equivalence value="equivalent"/>
      </target>
    </element>
    <element>
      <code value="68225"/>
      <display value="Comirnaty (COVID-19 Vaccine, Pfizer)"/>
      <target>
        <code value="1119349007"/>
        <display value="Vaccine product containing only Severe acute respiratory syndrome coronavirus 2 messenger ribonucleic acid (medicinal product)"/>
        <equivalence value="equivalent"/>
      </target>
    </element>
    <element>
      <code value="68235"/>
      <display value="COVID-19 Vaccine Janssen"/>
      <target>
        <code value="1119349007"/>
        <display value="Vaccine product containing only Severe acute respiratory syndrome coronavirus 2 messenger ribonucleic acid (medicinal product)"/>
        <equivalence value="equivalent"/>
      </target>
    </element>
    <element>
      <code value="67987"/>
      <display value="Shingrix"/>
      <target>
        <code value="1156183006"/>
        <display value="Vaccine product containing only Human alphaherpesvirus 3 recombinant surface glycoprotein E antigen (medicinal product)"/>
        <equivalence value="equivalent"/>
      </target>
    </element>
    <element>
      <code value="68473"/>
      <display value="Nuvaxovid 5 ml, Injektionsdispersion"/>
      <target>
        <code value="1119349007"/>
        <display value="Vaccine product containing only Severe acute respiratory syndrome coronavirus 2 messenger ribonucleic acid (medicinal product)"/>
        <equivalence value="equivalent"/>
      </target>
      <target>
        <code value="1119349007"/>
        <display value="Vaccine product containing only Severe acute respiratory syndrome coronavirus 2 messenger ribonucleic acid (medicinal product)"/>
        <equivalence value="equivalent"/>
      </target>
    </element>
    <element>
      <code value="68710-01"/>
      <display value="Comirnaty® 30 Mikrogramm/Dosis"/>
      <target>
        <code value="1119349007"/>
        <display value="Vaccine product containing only Severe acute respiratory syndrome coronavirus 2 messenger ribonucleic acid (medicinal product)"/>
        <equivalence value="equivalent"/>
      </target>
    </element>
    <element>
      <code value="68710-02"/>
      <display value="Comirnaty® 10 Mikrogramm/Dosis"/>
      <target>
        <code value="1119349007"/>
        <display value="Vaccine product containing only Severe acute respiratory syndrome coronavirus 2 messenger ribonucleic acid (medicinal product)"/>
        <equivalence value="equivalent"/>
      </target>
    </element>
    <element>
      <code value="69009"/>
      <display value="Spikevax Bivalent Original / Omicron"/>
      <target>
        <code value="1119349007"/>
        <display value="Vaccine product containing only Severe acute respiratory syndrome coronavirus 2 messenger ribonucleic acid (medicinal product)"/>
        <equivalence value="equivalent"/>
      </target>
    </element>
    <element>
      <code value="68110"/>
      <display value="Adacel-Polio 0.5 ml"/>
      <target>
        <code value="871878002"/>
        <display value="Vaccine product containing only Bordetella pertussis and Clostridium tetani and Corynebacterium diphtheriae and Human poliovirus antigens (medicinal product)"/>
        <equivalence value="equivalent"/>
      </target>
    </element>
    <element>
      <code value="68317"/>
      <display value="Adacel 0.5 ml"/>
      <target>
        <code value="871875004"/>
        <display value="Vaccine product containing only Bordetella pertussis and Clostridium tetani and Corynebacterium diphtheriae antigens (medicinal product)"/>
        <equivalence value="equivalent"/>
      </target>
    </element>
  </group>
  <group>
    <source value="http://fhir.ch/ig/ch-vacd/CodeSystem/ch-vacd-myvaccines-cs"/>
    <target value="http://snomed.info/sct"/>
    <element>
      <code value="17"/>
      <display value="Poliomyelitis Impfstoff Berna"/>
      <target>
        <code value="871739009"/>
        <display value="Vaccine product containing only Human poliovirus antigen (medicinal product)"/>
        <equivalence value="equivalent"/>
      </target>
    </element>
    <element>
      <code value="25"/>
      <display value="Vivotif L"/>
      <target>
        <code value="961000221100"/>
        <display value="Vaccine product containing only Salmonella enterica subspecies enterica serovar Typhi antigen (medicinal product)"/>
        <equivalence value="equivalent"/>
      </target>
    </element>
    <element>
      <code value="35"/>
      <display value="Infanrix DTPa"/>
      <target>
        <code value="871875004"/>
        <display value="Vaccine product containing only Bordetella pertussis and Clostridium tetani and Corynebacterium diphtheriae antigens (medicinal product)"/>
        <equivalence value="equivalent"/>
      </target>
    </element>
    <element>
      <code value="47"/>
      <display value="Attenuvax"/>
      <target>
        <code value="871765008"/>
        <display value="Vaccine product containing only Measles morbillivirus antigen (medicinal product)"/>
        <equivalence value="equivalent"/>
      </target>
    </element>
    <element>
      <code value="53"/>
      <display value="HBVAXPRO 5"/>
      <target>
        <code value="871822003"/>
        <display value="Vaccine product containing only Hepatitis B virus antigen (medicinal product)"/>
        <equivalence value="equivalent"/>
      </target>
    </element>
    <element>
      <code value="55"/>
      <display value="Meningokokken-Impfstoff A+C Mérieux"/>
      <target>
        <code value="871866001"/>
        <display value="Vaccine product containing only Neisseria meningitidis serogroup C antigen (medicinal product)"/>
        <equivalence value="equivalent"/>
      </target>
    </element>
    <element>
      <code value="74"/>
      <display value="Twinrix 360/10"/>
      <target>
        <code value="871803007"/>
        <display value="Vaccine product containing only Hepatitis A and Hepatitis B virus antigens (medicinal product)"/>
        <equivalence value="equivalent"/>
      </target>
    </element>
    <element>
      <code value="75"/>
      <display value="Pluserix"/>
      <target>
        <code value="871831003"/>
        <display value="Vaccine product containing only Measles morbillivirus and Mumps orthorubulavirus and Rubella virus antigens (medicinal product)"/>
        <equivalence value="equivalent"/>
      </target>
    </element>
    <element>
      <code value="76"/>
      <display value="Acel Immune"/>
      <target>
        <code value="871875004"/>
        <display value="Vaccine product containing only Bordetella pertussis and Clostridium tetani and Corynebacterium diphtheriae antigens (medicinal product)"/>
        <equivalence value="equivalent"/>
      </target>
    </element>
    <element>
      <code value="78"/>
      <display value="Act-Hib"/>
      <target>
        <code value="871764007"/>
        <display value="Vaccine product containing only Haemophilus influenzae type B antigen (medicinal product)"/>
        <equivalence value="equivalent"/>
      </target>
    </element>
    <element>
      <code value="79"/>
      <display value="Anatoxal DiTePer"/>
      <target>
        <code value="871875004"/>
        <display value="Vaccine product containing only Bordetella pertussis and Clostridium tetani and Corynebacterium diphtheriae antigens (medicinal product)"/>
        <equivalence value="equivalent"/>
      </target>
    </element>
    <element>
      <code value="80"/>
      <display value="Anatoxal DiTe Erwachsene"/>
      <target>
        <code value="871826000"/>
        <display value="Vaccine product containing only Clostridium tetani and Corynebacterium diphtheriae antigens (medicinal product)"/>
        <equivalence value="equivalent"/>
      </target>
    </element>
    <element>
      <code value="81"/>
      <display value="Anatoxal DiTe N Erwachsene"/>
      <target>
        <code value="871826000"/>
        <display value="Vaccine product containing only Clostridium tetani and Corynebacterium diphtheriae antigens (medicinal product)"/>
        <equivalence value="equivalent"/>
      </target>
    </element>
    <element>
      <code value="83"/>
      <display value="Anatoxal Te"/>
      <target>
        <code value="871742003"/>
        <display value="Vaccine product containing only Clostridium tetani antigen (medicinal product)"/>
        <equivalence value="equivalent"/>
      </target>
    </element>
    <element>
      <code value="84"/>
      <display value="Anatoxal Te N"/>
      <target>
        <code value="871742003"/>
        <display value="Vaccine product containing only Clostridium tetani antigen (medicinal product)"/>
        <equivalence value="equivalent"/>
      </target>
    </element>
    <element>
      <code value="86"/>
      <display value="Arilvax"/>
      <target>
        <code value="871717007"/>
        <display value="Vaccine product containing only Yellow fever virus antigen (medicinal product)"/>
        <equivalence value="equivalent"/>
      </target>
    </element>
    <element>
      <code value="92"/>
      <display value="HibTiter"/>
      <target>
        <code value="871764007"/>
        <display value="Vaccine product containing only Haemophilus influenzae type B antigen (medicinal product)"/>
        <equivalence value="equivalent"/>
      </target>
    </element>
    <element>
      <code value="94"/>
      <display value="Lyssavac Berna"/>
      <target>
        <code value="871726005"/>
        <display value="Vaccine product containing only Rabies lyssavirus antigen (medicinal product)"/>
        <equivalence value="equivalent"/>
      </target>
    </element>
    <element>
      <code value="97"/>
      <display value="Mumaten"/>
      <target>
        <code value="871737006"/>
        <display value="Vaccine product containing only Mumps orthorubulavirus antigen (medicinal product)"/>
        <equivalence value="equivalent"/>
      </target>
    </element>
    <element>
      <code value="98"/>
      <display value="Pedvax"/>
      <target>
        <code value="871764007"/>
        <display value="Vaccine product containing only Haemophilus influenzae type B antigen (medicinal product)"/>
        <equivalence value="equivalent"/>
      </target>
    </element>
    <element>
      <code value="99"/>
      <display value="Pentacoq"/>
      <target>
        <code value="871887006"/>
        <display value="Vaccine product containing only Bordetella pertussis and Clostridium tetani and Corynebacterium diphtheriae and Haemophilus influenzae type B and Human poliovirus antigens (medicinal product)"/>
        <equivalence value="equivalent"/>
      </target>
    </element>
    <element>
      <code value="100"/>
      <display value="Pnu-Immune"/>
      <target>
        <code value="1052328007"/>
        <display value="Vaccine product containing only Streptococcus pneumoniae Danish serotype 4, 6B, 9V, 14, 18C, 19F, and 23F capsular polysaccharide antigens conjugated (medicinal product)"/>
        <equivalence value="equivalent"/>
      </target>
    </element>
    <element>
      <code value="101"/>
      <display value="Polio Salk"/>
      <target>
        <code value="871739009"/>
        <display value="Vaccine product containing only Human poliovirus antigen (medicinal product)"/>
        <equivalence value="equivalent"/>
      </target>
    </element>
    <element>
      <code value="102"/>
      <display value="Polio Sabin"/>
      <target>
        <code value="871739009"/>
        <display value="Vaccine product containing only Human poliovirus antigen (medicinal product)"/>
        <equivalence value="equivalent"/>
      </target>
    </element>
    <element>
      <code value="103"/>
      <display value="Poloral"/>
      <target>
        <code value="871739009"/>
        <display value="Vaccine product containing only Human poliovirus antigen (medicinal product)"/>
        <equivalence value="equivalent"/>
      </target>
    </element>
    <element>
      <code value="106"/>
      <display value="Tetracoq"/>
      <target>
        <code value="871878002"/>
        <display value="Vaccine product containing only Bordetella pertussis and Clostridium tetani and Corynebacterium diphtheriae and Human poliovirus antigens (medicinal product)"/>
        <equivalence value="equivalent"/>
      </target>
    </element>
    <element>
      <code value="110"/>
      <display value="Vaqta"/>
      <target>
        <code value="871751006"/>
        <display value="Vaccine product containing only Hepatitis A virus antigen (medicinal product)"/>
        <equivalence value="equivalent"/>
      </target>
    </element>
    <element>
      <code value="115"/>
      <display value="Havrix 360"/>
      <target>
        <code value="871751006"/>
        <display value="Vaccine product containing only Hepatitis A virus antigen (medicinal product)"/>
        <equivalence value="equivalent"/>
      </target>
    </element>
    <element>
      <code value="118"/>
      <display value="Hevac B"/>
      <target>
        <code value="871822003"/>
        <display value="Vaccine product containing only Hepatitis B virus antigen (medicinal product)"/>
        <equivalence value="equivalent"/>
      </target>
    </element>
    <element>
      <code value="119"/>
      <display value="MMR-I"/>
      <target>
        <code value="871831003"/>
        <display value="Vaccine product containing only Measles morbillivirus and Mumps orthorubulavirus and Rubella virus antigens (medicinal product)"/>
        <equivalence value="equivalent"/>
      </target>
    </element>
    <element>
      <code value="120"/>
      <display value="Moruman"/>
      <target>
        <code value="871765008"/>
        <display value="Vaccine product containing only Measles morbillivirus antigen (medicinal product)"/>
        <equivalence value="equivalent"/>
      </target>
    </element>
    <element>
      <code value="123"/>
      <display value="Trimovax"/>
      <target>
        <code value="871831003"/>
        <display value="Vaccine product containing only Measles morbillivirus and Mumps orthorubulavirus and Rubella virus antigens (medicinal product)"/>
        <equivalence value="equivalent"/>
      </target>
    </element>
    <element>
      <code value="126"/>
      <display value="Ditanrix pediatric"/>
      <target>
        <code value="871826000"/>
        <display value="Vaccine product containing only Clostridium tetani and Corynebacterium diphtheriae antigens (medicinal product)"/>
        <equivalence value="equivalent"/>
      </target>
    </element>
    <element>
      <code value="128"/>
      <display value="FSME-Immun Injekt"/>
      <target>
        <code value="87171900"/>
        <display value="Vaccine product containing only Tick-borne encephalitis virus antigen (medicinal product)"/>
        <equivalence value="equivalent"/>
      </target>
    </element>
    <element>
      <code value="133"/>
      <display value="ProHibit"/>
      <target>
        <code value="871764007"/>
        <display value="Vaccine product containing only Haemophilus influenzae type B antigen (medicinal product)"/>
        <equivalence value="equivalent"/>
      </target>
    </element>
    <element>
      <code value="134"/>
      <display value="Anatoxal DiTe Kinder"/>
      <target>
        <code value="871826000"/>
        <display value="Vaccine product containing only Clostridium tetani and Corynebacterium diphtheriae antigens (medicinal product)"/>
        <equivalence value="equivalent"/>
      </target>
    </element>
    <element>
      <code value="138"/>
      <display value="K1, K2, K3"/>
      <target>
        <code value="871739009"/>
        <display value="Vaccine product containing only Human poliovirus antigen (medicinal product)"/>
        <equivalence value="equivalent"/>
      </target>
    </element>
    <element>
      <code value="139"/>
      <display value="Koprowski"/>
      <target>
        <code value="871739009"/>
        <display value="Vaccine product containing only Human poliovirus antigen (medicinal product)"/>
        <equivalence value="equivalent"/>
      </target>
    </element>
    <element>
      <code value="143"/>
      <display value="TAB oral"/>
      <target>
        <code value="961000221100"/>
        <display value="Vaccine product containing only Salmonella enterica subspecies enterica serovar Typhi antigen (medicinal product)"/>
        <equivalence value="equivalent"/>
      </target>
    </element>
    <element>
      <code value="147"/>
      <display value="Polio Koprowski (K1-K3)"/>
      <target>
        <code value="871739009"/>
        <display value="Vaccine product containing only Human poliovirus antigen (medicinal product)"/>
        <equivalence value="equivalent"/>
      </target>
    </element>
    <element>
      <code value="148"/>
      <display value="Polio Lilly"/>
      <target>
        <code value="871739009"/>
        <display value="Vaccine product containing only Human poliovirus antigen (medicinal product)"/>
        <equivalence value="equivalent"/>
      </target>
    </element>
    <element>
      <code value="154"/>
      <display value="DiTe Anatoxal Kinder / Enfants"/>
      <target>
        <code value="871826000"/>
        <display value="Vaccine product containing only Clostridium tetani and Corynebacterium diphtheriae antigens (medicinal product)"/>
        <equivalence value="equivalent"/>
      </target>
    </element>
    <element>
      <code value="155"/>
      <display value="DiTePer Anatoxal"/>
      <target>
        <code value="871875004"/>
        <display value="Vaccine product containing only Bordetella pertussis and Clostridium tetani and Corynebacterium diphtheriae antigens (medicinal product)"/>
        <equivalence value="equivalent"/>
      </target>
    </element>
    <element>
      <code value="162"/>
      <display value="HBVAX DNA 5"/>
      <target>
        <code value="871822003"/>
        <display value="Vaccine product containing only Hepatitis B virus antigen (medicinal product)"/>
        <equivalence value="equivalent"/>
      </target>
    </element>
    <element>
      <code value="163"/>
      <display value="HBVAX DNA 10"/>
      <target>
        <code value="871822003"/>
        <display value="Vaccine product containing only Hepatitis B virus antigen (medicinal product)"/>
        <equivalence value="equivalent"/>
      </target>
    </element>
    <element>
      <code value="164"/>
      <display value="HBVAX DNA 40"/>
      <target>
        <code value="871822003"/>
        <display value="Vaccine product containing only Hepatitis B virus antigen (medicinal product)"/>
        <equivalence value="equivalent"/>
      </target>
    </element>
    <element>
      <code value="165"/>
      <display value="Havrix junior"/>
      <target>
        <code value="871751006"/>
        <display value="Vaccine product containing only Hepatitis A virus antigen (medicinal product)"/>
        <equivalence value="equivalent"/>
      </target>
    </element>
    <element>
      <code value="166"/>
      <display value="Infanrix"/>
      <target>
        <code value="871875004"/>
        <display value="Vaccine product containing only Bordetella pertussis and Clostridium tetani and Corynebacterium diphtheriae antigens (medicinal product)"/>
        <equivalence value="equivalent"/>
      </target>
    </element>
    <element>
      <code value="168"/>
      <display value="Tanrix"/>
      <target>
        <code value="871742003"/>
        <display value="Vaccine product containing only Clostridium tetani antigen (medicinal product)"/>
        <equivalence value="equivalent"/>
      </target>
    </element>
    <element>
      <code value="170"/>
      <display value="Engerix-B 40"/>
      <target>
        <code value="871822003"/>
        <display value="Vaccine product containing only Hepatitis B virus antigen (medicinal product)"/>
        <equivalence value="equivalent"/>
      </target>
    </element>
    <element>
      <code value="172"/>
      <display value="Hepavax"/>
      <target>
        <code value="871822003"/>
        <display value="Vaccine product containing only Hepatitis B virus antigen (medicinal product)"/>
        <equivalence value="equivalent"/>
      </target>
    </element>
    <element>
      <code value="16"/>
      <display value="Orochol E"/>
      <target>
        <code value="991000221105"/>
        <display value="Vaccine product containing only Vibrio cholerae antigen (medicinal product)"/>
        <equivalence value="equivalent"/>
      </target>
    </element>
  </group>
</ConceptMap>