<?xml version="1.0" encoding="UTF-8"?>

<Condition xmlns="http://hl7.org/fhir">
  <id value="TCD03-EXPRISK1"/>
  <meta>
    <profile value="http://fhir.ch/ig/ch-vacd/StructureDefinition/ch-vacd-medical-problems"/>
  </meta>
  <language value="de-CH"/>
  <text>
    <status value="generated"/><div xmlns="http://www.w3.org/1999/xhtml" xml:lang="de-CH" lang="de-CH"><p class="res-header-id"><b>Generated Narrative: Condition TCD03-EXPRISK1</b></p><a name="TCD03-EXPRISK1"> </a><a name="hcTCD03-EXPRISK1"> </a><a name="TCD03-EXPRISK1-en-US"> </a><div style="display: inline-block; background-color: #d9e0e7; padding: 6px; margin: 4px; border: 1px solid #8da1b4; border-radius: 5px; line-height: 60%"><p style="margin-bottom: 0px">Language: de-CH</p><p style="margin-bottom: 0px">Profile: <a href="StructureDefinition-ch-vacd-medical-problems.html">CH VACD Medical Problems</a></p></div><p><b>identifier</b>: <code>urn:oid:2.16.756.5.30.1.402.1.3.1.1.2</code>/85b0d0dc-200b-4f8c-9583-900802e88783</p><p><b>clinicalStatus</b>: <span title="Codes:{http://terminology.hl7.org/CodeSystem/condition-clinical active}">Active</span></p><p><b>verificationStatus</b>: <span title="Codes:{http://terminology.hl7.org/CodeSystem/condition-ver-status confirmed}">Confirmed</span></p><p><b>category</b>: <span title="Codes:{http://terminology.hl7.org/CodeSystem/condition-category problem-list-item}">Problem List Item</span></p><p><b>code</b>: <span title="Codes:{http://snomed.info/sct 265940000}">Beschäftigt im Veterinärwesen</span></p><p><b>subject</b>: <a href="Patient-TC-patient.html">Monika Wegmueller  Female, DoB: 1967-02-10 ( Medical record number)</a></p><p><b>onset</b>: 2021-10-01</p><p><b>recordedDate</b>: 2021-10-20</p><p><b>recorder</b>: <a href="PractitionerRole-TC-HCP1-ORG1-ROLE-author.html">PractitionerRole</a></p></div>
  </text>
  <identifier>
    <system value="urn:oid:2.16.756.5.30.1.402.1.3.1.1.2"/>
    <value value="85b0d0dc-200b-4f8c-9583-900802e88783"/>
  </identifier>
  <clinicalStatus>
    <coding>
      <system value="http://terminology.hl7.org/CodeSystem/condition-clinical"/>
      <code value="active"/>
      <display value="Active"/>
    </coding>
  </clinicalStatus>
  <verificationStatus>
    <coding>
      <system value="http://terminology.hl7.org/CodeSystem/condition-ver-status"/>
      <code value="confirmed"/>
      <display value="Confirmed"/>
    </coding>
  </verificationStatus>
  <category>
    <coding>
      <system value="http://terminology.hl7.org/CodeSystem/condition-category"/>
      <code value="problem-list-item"/>
      <display value="Problem List Item"/>
    </coding>
  </category>
  <code>
    <coding>
      <system value="http://snomed.info/sct"/>
      <code value="265940000"/>
      <display value="Beschäftigt im Veterinärwesen"/>
    </coding>
  </code>
  <subject>
    <reference value="Patient/TC-patient"/>
  </subject>
  <onsetDateTime value="2021-10-01"/>
  <recordedDate value="2021-10-20"/>
  <recorder>
    <reference value="PractitionerRole/TC-HCP1-ORG1-ROLE-author"/>
  </recorder>
</Condition>