{
  "resourceType" : "Composition",
  "id" : "RDF03-Composition-b",
  "meta" : {
    "profile" : ["http://fhir.ch/ig/ch-vacd/StructureDefinition/ch-vacd-composition-vaccination-record"]
  },
  "language" : "en-US",
  "text" : {
    "status" : "generated",
    "div" : "<div xmlns=\"http://www.w3.org/1999/xhtml\" xml:lang=\"en-US\" lang=\"en-US\"><h3>Vaccination Record</h3><p><b>Id: </b>RDC01-Composition</p><p><b>Identifier: </b><span>urn:ietf:rfc:3986#urn:uuid:fbee3bad-383c-47ce-b6b5-d6c76af58862</span></p><p><b>Status: </b>Final</p><p><b>Code: </b><span>Immunization record (http://snomed.info/sct#41000179103)</span></p><p><b>Patient: </b><a href=\"Patient-TC-patient.html\">Patient/TC-patient</a> Wegmueller Monika</p><p><b>Date: </b>December 8, 2021</p><p><b>Authors:</b></p><table><tr><td><p><a href=\"Patient-TC-patient.html\">Patient/TC-patient</a> Wegmueller Monika</p></td></tr></table><p><b>Confidentiality: </b>null<span> Normal (qualifier value) (http://snomed.info/sct#17621005)</span></p><p><b>Sections:</b></p><table><tr><td>Immunization Administration</td></tr></table></div>"
  },
  "identifier" : {
    "system" : "urn:ietf:rfc:3986",
    "value" : "urn:uuid:fbee3bad-383c-47ce-b6b5-d6c76af58862"
  },
  "status" : "final",
  "type" : {
    "coding" : [{
      "system" : "http://snomed.info/sct",
      "code" : "41000179103",
      "display" : "Immunization record"
    }]
  },
  "category" : [{
    "coding" : [{
      "system" : "urn:oid:2.16.756.5.30.1.127.3.10.10",
      "code" : "urn:che:epr:ch-vacd:vaccination-record:2022"
    }]
  }],
  "subject" : {
    "reference" : "Patient/TC-patient"
  },
  "date" : "2022-08-22T10:00:00.390+02:00",
  "author" : [{
    "reference" : "Patient/TC-patient"
  }],
  "title" : "Vaccination Record",
  "confidentiality" : "N",
  "_confidentiality" : {
    "extension" : [{
      "url" : "http://fhir.ch/ig/ch-core/StructureDefinition/ch-ext-epr-confidentialitycode",
      "valueCodeableConcept" : {
        "coding" : [{
          "system" : "http://snomed.info/sct",
          "code" : "17621005",
          "display" : "Normal (qualifier value)"
        }]
      }
    }]
  },
  "custodian" : {
    "reference" : "Organization/TC-ORG1"
  },
  "section" : [{
    "id" : "pastillnesses",
    "title" : "Previous illnesses",
    "code" : {
      "coding" : [{
        "system" : "http://loinc.org",
        "code" : "11348-0",
        "display" : "Hx of Past illness"
      }]
    },
    "text" : {
      "status" : "generated",
      "div" : "<div xmlns=\"http://www.w3.org/1999/xhtml\" xml:lang=\"en-US\" lang=\"en-US\"><p><b>Code: </b><span>Hx of Past illness (http://loinc.org#11348-0)</span></p><p><b>Entries:</b></p><table><tr><td><a href=\"Condition-TCF03-UNDILL3.html\">Condition/TCF03-UNDILL3</a></td></tr></table></div>"
    },
    "entry" : [{
      "reference" : "Condition/TCF03-UNDILL3"
    }]
  }]
}