{
  "resourceType" : "Composition",
  "id" : "C-D1-P-C1-Composition",
  "meta" : {
    "profile" : ["http://fhir.ch/ig/ch-vacd/StructureDefinition/ch-vacd-composition-immunization-administration"]
  },
  "language" : "en-US",
  "text" : {
    "status" : "generated",
    "div" : "<div xmlns=\"http://www.w3.org/1999/xhtml\" xml:lang=\"en-US\" lang=\"en-US\"><h3>Immunization Administration</h3><p><b>Id: </b>C-D1-P-C1-Composition</p><p><b>Identifier: </b><span>urn:ietf:rfc:3986#urn:uuid:fc215e64-c4f4-4e39-b751-f967b84cf106</span></p><p><b>Status: </b>Final</p><p><b>Code: </b><span>Immunization record (http://snomed.info/sct#41000179103)</span></p><p><b>Patient: </b><a href=\"Patient-TC-patient.html\">Patient/TC-patient</a> Wegmueller Monika</p><p><b>Date: </b>June 15, 2021</p><p><b>Authors:</b></p><table><tr><td><p><a href=\"Patient-TC-patient.html\">Patient/TC-patient</a> Wegmueller Monika</p></td></tr></table><p><b>Confidentiality: </b>null<span> Normal (qualifier value) (http://snomed.info/sct#17621005)</span></p><p><b>Sections:</b></p><table><tr><td>Immunization Administration</td></tr><tr><td>Comments</td></tr></table></div>"
  },
  "identifier" : {
    "system" : "urn:ietf:rfc:3986",
    "value" : "urn:uuid:fc215e64-c4f4-4e39-b751-f967b84cf106"
  },
  "status" : "final",
  "type" : {
    "coding" : [{
      "system" : "http://snomed.info/sct",
      "code" : "41000179103",
      "display" : "Immunization record"
    }]
  },
  "category" : [{
    "coding" : [{
      "system" : "urn:oid:2.16.756.5.30.1.127.3.10.10",
      "code" : "urn:che:epr:ch-vacd:immunization-administration:2022"
    }]
  }],
  "subject" : {
    "reference" : "Patient/TC-patient"
  },
  "date" : "2021-06-15T00:00:00.390+02:00",
  "author" : [{
    "reference" : "Patient/TC-patient"
  }],
  "title" : "Immunization Administration",
  "confidentiality" : "N",
  "_confidentiality" : {
    "extension" : [{
      "url" : "http://fhir.ch/ig/ch-core/StructureDefinition/ch-ext-epr-confidentialitycode",
      "valueCodeableConcept" : {
        "coding" : [{
          "system" : "http://snomed.info/sct",
          "code" : "17621005",
          "display" : "Normal (qualifier value)"
        }]
      }
    }]
  },
  "custodian" : {
    "reference" : "Organization/TC-ORG1"
  },
  "relatesTo" : [{
    "code" : "replaces",
    "targetReference" : {
      "type" : "Composition",
      "identifier" : {
        "system" : "urn:ietf:rfc:3986",
        "value" : "urn:uuid:b505b90a-f241-41ca-859a-b55a6103e753"
      }
    }
  }],
  "section" : [{
    "id" : "administration",
    "title" : "Immunization Administration",
    "code" : {
      "coding" : [{
        "system" : "http://loinc.org",
        "code" : "11369-6",
        "display" : "Hx of Immunization"
      }]
    },
    "text" : {
      "status" : "generated",
      "div" : "<div xmlns=\"http://www.w3.org/1999/xhtml\" xml:lang=\"en-US\" lang=\"en-US\"><p><b>Code: </b><span>Hx of Immunization (http://loinc.org#11369-6)</span></p><p><b>Entries:</b></p><table><tr><td><a href=\"Immunization-TCC01-IMMUN1-patient.html\">Immunization/TCC01-IMMUN1-patient</a></td></tr></table></div>"
    },
    "entry" : [{
      "reference" : "Immunization/TCC01-IMMUN1-patient"
    }]
  },
  {
    "id" : "Annotation",
    "title" : "Comments",
    "code" : {
      "coding" : [{
        "system" : "http://loinc.org",
        "code" : "48767-8",
        "display" : "Annotation comment Imp"
      }]
    },
    "text" : {
      "status" : "generated",
      "div" : "<div xmlns=\"http://www.w3.org/1999/xhtml\" xml:lang=\"en-US\" lang=\"en-US\"><p><b>Code: </b><span>Annotation comment [Interpretation] Narrative (http://loinc.org#48767-8)</span></p></div>"
    }
  }]
}