{
  "resourceType" : "Immunization",
  "id" : "7-8-Immunization",
  "meta" : {
    "profile" : ["http://fhir.ch/ig/ch-vacd/StructureDefinition/ch-vacd-immunization"]
  },
  "text" : {
    "status" : "generated",
    "div" : "<div xmlns=\"http://www.w3.org/1999/xhtml\"><p class=\"res-header-id\"><b>Generated Narrative: Immunization 7-8-Immunization</b></p><a name=\"7-8-Immunization\"> </a><a name=\"hc7-8-Immunization\"> </a><a name=\"7-8-Immunization-en-US\"> </a><p><b>identifier</b>: <code>urn:oid:2.16.756.5.30.1.147.1.3.1</code>/23456</p><p><b>status</b>: Completed</p><p><b>vaccineCode</b>: <span title=\"Codes:{http://fhir.ch/ig/ch-vacd/CodeSystem/ch-vacd-swissmedic-cs 637}\">Boostrix</span></p><p><b>patient</b>: <a href=\"Patient-3-2-Patient.html\">Monika Wegmueller  Female, DoB: 1967-03-10 ( Medical record number)</a></p><p><b>occurrence</b>: 2014-08-12 00:00:00+0200</p><p><b>recorded</b>: 2014-08-12 00:00:00+0200</p><p><b>lotNumber</b>: 12345</p><h3>Performers</h3><table class=\"grid\"><tr><td style=\"display: none\">-</td><td><b>Actor</b></td></tr><tr><td style=\"display: none\">*</td><td><a href=\"PractitionerRole-6-5-PractitionerRole.html\">PractitionerRole</a></td></tr></table><p><b>reasonCode</b>: <span title=\"Codes:{http://terminology.hl7.org/CodeSystem/v3-ActCode IMMUNIZ}\">Immunization</span></p><blockquote><p><b>protocolApplied</b></p><p><b>targetDisease</b>: <span title=\"Codes:{http://snomed.info/sct 397430003}\">Diphtheria caused by Corynebacterium diphtheriae (disorder)</span>, <span title=\"Codes:{http://snomed.info/sct 76902006}\">Tetanus (disorder)</span>, <span title=\"Codes:{http://snomed.info/sct 27836007}\">Pertussis (disorder)</span></p><p><b>doseNumber</b>: 1</p></blockquote></div>"
  },
  "identifier" : [{
    "system" : "urn:oid:2.16.756.5.30.1.147.1.3.1",
    "value" : "23456"
  }],
  "status" : "completed",
  "vaccineCode" : {
    "coding" : [{
      "system" : "http://fhir.ch/ig/ch-vacd/CodeSystem/ch-vacd-swissmedic-cs",
      "code" : "637",
      "display" : "Boostrix"
    }]
  },
  "patient" : {
    "reference" : "Patient/3-2-Patient"
  },
  "occurrenceDateTime" : "2014-08-12T00:00:00+02:00",
  "recorded" : "2014-08-12T00:00:00+02:00",
  "lotNumber" : "12345",
  "performer" : [{
    "actor" : {
      "reference" : "PractitionerRole/6-5-PractitionerRole"
    }
  }],
  "reasonCode" : [{
    "coding" : [{
      "system" : "http://terminology.hl7.org/CodeSystem/v3-ActCode",
      "code" : "IMMUNIZ",
      "display" : "Immunization"
    }]
  }],
  "protocolApplied" : [{
    "targetDisease" : [{
      "coding" : [{
        "system" : "http://snomed.info/sct",
        "code" : "397430003",
        "display" : "Diphtheria caused by Corynebacterium diphtheriae (disorder)"
      }]
    },
    {
      "coding" : [{
        "system" : "http://snomed.info/sct",
        "code" : "76902006",
        "display" : "Tetanus (disorder)"
      }]
    },
    {
      "coding" : [{
        "system" : "http://snomed.info/sct",
        "code" : "27836007",
        "display" : "Pertussis (disorder)"
      }]
    }],
    "doseNumberPositiveInt" : 1
  }]
}