{
  "resourceType" : "Practitioner",
  "id" : "4-3-Practitioner",
  "meta" : {
    "profile" : ["http://fhir.ch/ig/ch-core/StructureDefinition/ch-core-practitioner"]
  },
  "text" : {
    "status" : "generated",
    "div" : "<div xmlns=\"http://www.w3.org/1999/xhtml\"><p class=\"res-header-id\"><b>Generated Narrative: Practitioner 4-3-Practitioner</b></p><a name=\"4-3-Practitioner\"> </a><a name=\"hc4-3-Practitioner\"> </a><a name=\"4-3-Practitioner-en-US\"> </a><p><b>identifier</b>: <a href=\"https://www.gs1.org/standards/id-keys/gln\" title=\"Global Location Number\">GLN</a>/7601000000316</p><p><b>active</b>: true</p><p><b>name</b>: Max Muster </p><p><b>address</b>: Mustergasse 99 Beispielen SG 9876 CH </p></div>"
  },
  "identifier" : [{
    "system" : "urn:oid:2.51.1.3",
    "value" : "7601000000316"
  }],
  "active" : true,
  "name" : [{
    "family" : "Muster",
    "given" : ["Max"]
  }],
  "address" : [{
    "line" : ["Mustergasse 99"],
    "city" : "Beispielen",
    "state" : "SG",
    "postalCode" : "9876",
    "country" : "CH"
  }]
}