{
  "resourceType" : "Practitioner",
  "id" : "TC-HCP3-C1",
  "meta" : {
    "profile" : ["http://fhir.ch/ig/ch-core/StructureDefinition/ch-core-practitioner-epr"]
  },
  "text" : {
    "status" : "generated",
    "div" : "<div xmlns=\"http://www.w3.org/1999/xhtml\"><p class=\"res-header-id\"><b>Generated Narrative: Practitioner TC-HCP3-C1</b></p><a name=\"TC-HCP3-C1\"> </a><a name=\"hcTC-HCP3-C1\"> </a><a name=\"TC-HCP3-C1-en-US\"> </a><p><b>identifier</b>: <a href=\"https://www.gs1.org/standards/id-keys/gln\" title=\"Global Location Number\">GLN</a>/7601077777777</p><p><b>active</b>: true</p><p><b>name</b>: Macht Gesund </p><p><b>telecom</b>: ph: tel:+41.11.222.55.66(Work), fax: fax:+41.11.222.55.67(Work), <a href=\"mailto:mailto:macht.gesund@gruppenpraxis.ch\">mailto:macht.gesund@gruppenpraxis.ch</a>, <a href=\"http://www.gruppenpraxis.ch\">http://www.gruppenpraxis.ch</a></p><p><b>address</b>: Doktorgasse 2 Musterhausen 8888 CH </p></div>"
  },
  "identifier" : [{
    "system" : "urn:oid:2.51.1.3",
    "value" : "7601077777777"
  }],
  "active" : true,
  "name" : [{
    "family" : "Gesund",
    "given" : ["Macht"],
    "prefix" : ["Dr. med."]
  }],
  "telecom" : [{
    "system" : "phone",
    "value" : "tel:+41.11.222.55.66",
    "use" : "work"
  },
  {
    "system" : "fax",
    "value" : "fax:+41.11.222.55.67",
    "use" : "work"
  },
  {
    "system" : "email",
    "value" : "mailto:macht.gesund@gruppenpraxis.ch",
    "use" : "work"
  },
  {
    "system" : "url",
    "value" : "http://www.gruppenpraxis.ch",
    "use" : "work"
  }],
  "address" : [{
    "type" : "physical",
    "line" : ["Doktorgasse 2"],
    "city" : "Musterhausen",
    "postalCode" : "8888",
    "country" : "CH"
  }]
}