{
  "resourceType" : "ValueSet",
  "id" : "ch-vacd-entry-conflict-vs",
  "meta" : {
    "profile" : ["http://hl7.org/fhir/StructureDefinition/shareablevalueset"]
  },
  "text" : {
    "status" : "generated",
    "div" : "<div xmlns=\"http://www.w3.org/1999/xhtml\"><p class=\"res-header-id\"><b>Generated Narrative: ValueSet ch-vacd-entry-conflict-vs</b></p><a name=\"ch-vacd-entry-conflict-vs\"> </a><a name=\"hcch-vacd-entry-conflict-vs\"> </a><a name=\"ch-vacd-entry-conflict-vs-en-US\"> </a><ul><li>Include these codes as defined in <a href=\"CodeSystem-ch-vacd-entry-conflict-cs.html\"><code>http://fhir.ch/ig/ch-vacd/CodeSystem/ch-vacd-entry-conflict-cs</code></a><table class=\"none\"><tr><td style=\"white-space:nowrap\"><b>Code</b></td><td><b>Display</b></td></tr><tr><td><a href=\"CodeSystem-ch-vacd-entry-conflict-cs.html#ch-vacd-entry-conflict-cs-duplicate\">duplicate</a></td><td>duplicate</td></tr></table></li></ul><p><b>Additional Language Displays</b></p><table class=\"codes\"><tr><td><b>Code</b></td><td><b>Deutsch (Schweiz) (German (Switzerland), de)</b></td><td><b>English (United States) (English (United States), en)</b></td><td><b>French (Switzerland) (fr)</b></td><td><b>Italian (Switzerland) (it)</b></td><td><b>rm</b></td></tr><tr><td>duplicate</td><td>Duplikat</td><td>duplicate</td><td>doublon</td><td>duplicato</td><td>duplicat</td></tr></table></div>"
  },
  "extension" : [{
    "url" : "http://hl7.org/fhir/StructureDefinition/resource-effectivePeriod",
    "valuePeriod" : {
      "start" : "2021-01-24T00:00:00+01:00"
    }
  }],
  "url" : "http://fhir.ch/ig/ch-vacd/ValueSet/ch-vacd-entry-conflict-vs",
  "version" : "5.0.0",
  "name" : "CHVACDEntryConflictCode",
  "title" : "Entry Conflict Codes",
  "status" : "active",
  "experimental" : false,
  "date" : "2024-12-18T07:28:09+00:00",
  "publisher" : "HL7 Switzerland",
  "contact" : [{
    "name" : "HL7 Switzerland",
    "telecom" : [{
      "system" : "url",
      "value" : "https://www.hl7.ch/"
    }]
  }],
  "description" : "The codes for declaring document entry conflicts",
  "jurisdiction" : [{
    "coding" : [{
      "system" : "urn:iso:std:iso:3166",
      "code" : "CHE"
    }]
  }],
  "immutable" : true,
  "copyright" : "CC0-1.0",
  "compose" : {
    "include" : [{
      "system" : "http://fhir.ch/ig/ch-vacd/CodeSystem/ch-vacd-entry-conflict-cs",
      "concept" : [{
        "code" : "duplicate",
        "display" : "duplicate",
        "designation" : [{
          "language" : "de-CH",
          "value" : "Duplikat"
        },
        {
          "language" : "fr-CH",
          "value" : "doublon"
        },
        {
          "language" : "it-CH",
          "value" : "duplicato"
        },
        {
          "language" : "rm-CH",
          "value" : "duplicat"
        },
        {
          "language" : "en-US",
          "value" : "duplicate"
        }]
      }]
    }]
  }
}