{
  "resourceType" : "Observation",
  "id" : "Imaging",
  "meta" : {
    "profile" : ["http://fhir.ch/ig/ch-etoc/StructureDefinition/ch-etoc-radiology-observation"]
  },
  "text" : {
    "status" : "generated",
    "div" : "<div xmlns=\"http://www.w3.org/1999/xhtml\"><p class=\"res-header-id\"><b>Generated Narrative: Observation Imaging</b></p><a name=\"Imaging\"> </a><a name=\"hcImaging\"> </a><a name=\"Imaging-en-US\"> </a><p><b>status</b>: Final</p><p><b>code</b>: <span title=\"Codes:{http://loinc.org 75490-3}\">Thorax ap / seitl. vom 12.05.23: unauffällig</span></p><p><b>subject</b>: <a href=\"Patient-SUfferer.html\">Susanna Ufferer (official) Female, DoB: 1970-03-14</a></p></div>"
  },
  "status" : "final",
  "code" : {
    "coding" : [{
      "system" : "http://loinc.org",
      "code" : "75490-3",
      "display" : "Radiology Note"
    }],
    "text" : "Thorax ap / seitl. vom 12.05.23: unauffällig"
  },
  "subject" : {
    "reference" : "Patient/SUfferer"
  }
}