{
  "resourceType" : "PractitionerRole",
  "id" : "DAtaentererHappyDoctors",
  "meta" : {
    "profile" : ["http://fhir.ch/ig/ch-core/StructureDefinition/ch-core-practitionerrole"]
  },
  "text" : {
    "status" : "generated",
    "div" : "<div xmlns=\"http://www.w3.org/1999/xhtml\"><p><b>Generated Narrative: PractitionerRole</b><a name=\"DAtaentererHappyDoctors\"> </a></p><div style=\"display: inline-block; background-color: #d9e0e7; padding: 6px; margin: 4px; border: 1px solid #8da1b4; border-radius: 5px; line-height: 60%\"><p style=\"margin-bottom: 0px\">Resource PractitionerRole &quot;DAtaentererHappyDoctors&quot; </p><p style=\"margin-bottom: 0px\">Profile: <a href=\"http://fhir.ch/ig/ch-core/4.0.0-ballot/StructureDefinition-ch-core-practitionerrole.html\">CH Core PractitionerRole</a></p></div><p><b>practitioner</b>: <a href=\"Practitioner-DAtaenterer.html\">Practitioner/DAtaenterer</a> &quot; ATAENTERER&quot;</p><p><b>organization</b>: <a href=\"Organization-HappyDoctors.html\">Organization/HappyDoctors</a> &quot;Praxis Happy Docotors&quot;</p></div>"
  },
  "practitioner" : {
    "reference" : "Practitioner/DAtaenterer"
  },
  "organization" : {
    "reference" : "Organization/HappyDoctors"
  }
}