{
  "resourceType" : "ActivityDefinition",
  "id" : "procedure-crp-highsens-SI",
  "meta" : {
    "profile" : ["http://hl7.org/fhir/uv/order-catalog/StructureDefinition/LabProcedureDefinition"]
  },
  "language" : "en-US",
  "text" : {
    "status" : "generated",
    "div" : "<div xmlns=\"http://www.w3.org/1999/xhtml\" xml:lang=\"en-US\" lang=\"en-US\"><p><b>Generated Narrative: ActivityDefinition </b><a name=\"procedure-crp-highsens-SI\"> </a><a name=\"hcprocedure-crp-highsens-SI\"> </a></p><div style=\"display: inline-block; background-color: #d9e0e7; padding: 6px; margin: 4px; border: 1px solid #8da1b4; border-radius: 5px; line-height: 60%\"><p style=\"margin-bottom: 0px\">ResourceActivityDefinition &quot;procedure-crp-highsens-SI&quot;  (Language&quot;en-US&quot;) </p><p style=\"margin-bottom: 0px\">Profile: <a href=\"http://hl7.org/fhir/uv/order-catalog/2020Sep/StructureDefinition-LabProcedureDefinition.html\">Laboratory Procedure Definition</a></p></div><p><b>url</b>: <code>http://fhir.ch/ig/ch-lab-order/lab-compendium/ActivityDefinition/procedure-crp-highsens-SI</code></p><p><b>identifier</b>: CRP_test\u00a0(use:\u00a0official)</p><p><b>version</b>: 2.0.0</p><p><b>name</b>: CRPMeasurementProcedure</p><p><b>title</b>: Procedure - CRP measurement on in vitro blood serum - SI-Units</p><p><b>status</b>: active</p><p><b>experimental</b>: true</p><p><b>date</b>: 2020-01-24 14:00:00+0200</p><p><b>publisher</b>: HL7 Switzerland</p><p><b>contact</b>: HL7 Switzerland: <a href=\"https://www.hl7.ch\">https://www.hl7.ch</a>, Marcel Hanselmann: <a href=\"mailto:laborprojektgruppe@gmail.com\">laborprojektgruppe@gmail.com</a></p><p><b>description</b>: C reactive protein [Moles/volume] in Serum or Plasma by High sensitivity method</p><p><b>jurisdiction</b>: Switzerland <span style=\"background: LightGoldenRodYellow; margin: 4px; border: 1px solid khaki\"> (<a href=\"http://terminology.hl7.org/5.4.0/CodeSystem-ISO3166Part1.html\">ISO 3166-1 Codes for the representation of names of countries and their subdivisions — Part 1: Country code</a>#CH)</span></p><p><b>purpose</b>: This _ActivityDefinition_ specifies the input specimens and observations needed to perform potassium level test on serum, and the output observation.                  It is referenced by any _PlanDefinition_ representing a lab service focusing on this test.</p><p><b>copyright</b>: CC0-1.0</p><p><b>effectivePeriod</b>: 2022-04-01 --&gt; 2023-12-25</p><p><b>topic</b>: Chemistry studies (set) <span style=\"background: LightGoldenRodYellow; margin: 4px; border: 1px solid khaki\"> (<a href=\"https://loinc.org/\">LOINC</a>#18719-5)</span>, Serum chemistry test (procedure) <span style=\"background: LightGoldenRodYellow; margin: 4px; border: 1px solid khaki\"> (<a href=\"https://browser.ihtsdotools.org/\">SNOMED CT</a>#275711006)</span>, Measurement of C-reactive protein using high sensitivity technique (procedure) <span style=\"background: LightGoldenRodYellow; margin: 4px; border: 1px solid khaki\"> (<a href=\"https://browser.ihtsdotools.org/\">SNOMED CT</a>#711357009)</span></p><p><b>kind</b>: ServiceRequest</p><p><b>code</b>: C reactive protein [Moles/volume] in Serum or Plasma by High sensitivity method <span style=\"background: LightGoldenRodYellow; margin: 4px; border: 1px solid khaki\"> (<a href=\"https://loinc.org/\">LOINC</a>#76486-0)</span></p><p><b>priority</b>: routine</p><p><b>timing</b>: 30 minutes<span style=\"background: LightGoldenRodYellow\"> (Details: UCUM  codemn = 'mn')</span></p><p><b>specimenRequirement</b>: <a href=\"SpecimenDefinition-single-test-serum-venous.html\">SpecimenDefinition/single-test-serum-venous</a></p><p><b>observationResultRequirement</b>: <a href=\"ObservationDefinition-observation-serum-potassium.html\">ObservationDefinition/observation-serum-potassium</a></p></div>"
  },
  "url" : "http://fhir.ch/ig/ch-lab-order/lab-compendium/ActivityDefinition/procedure-crp-highsens-SI",
  "identifier" : [{
    "use" : "official",
    "value" : "CRP_test"
  }],
  "version" : "2.0.0",
  "name" : "CRPMeasurementProcedure",
  "title" : "Procedure - CRP measurement on in vitro blood serum - SI-Units",
  "status" : "active",
  "experimental" : true,
  "date" : "2020-01-24T14:00:00+02:00",
  "publisher" : "HL7 Switzerland",
  "contact" : [{
    "name" : "HL7 Switzerland",
    "telecom" : [{
      "system" : "url",
      "value" : "https://www.hl7.ch"
    }]
  },
  {
    "name" : "Marcel Hanselmann",
    "telecom" : [{
      "system" : "email",
      "value" : "laborprojektgruppe@gmail.com",
      "use" : "work"
    }]
  }],
  "description" : "C reactive protein [Moles/volume] in Serum or Plasma by High sensitivity method",
  "jurisdiction" : [{
    "coding" : [{
      "system" : "urn:iso:std:iso:3166",
      "code" : "CH"
    }]
  }],
  "purpose" : "This _ActivityDefinition_ specifies the input specimens and observations needed to perform potassium level test on serum, and the output observation.                  It is referenced by any _PlanDefinition_ representing a lab service focusing on this test.",
  "copyright" : "CC0-1.0",
  "effectivePeriod" : {
    "start" : "2022-04-01",
    "end" : "2023-12-25"
  },
  "topic" : [{
    "coding" : [{
      "system" : "http://loinc.org",
      "code" : "18719-5",
      "display" : "Chemistry studies (set)"
    }]
  },
  {
    "coding" : [{
      "system" : "http://snomed.info/sct",
      "code" : "275711006",
      "display" : "Serum chemistry test (procedure)"
    }]
  },
  {
    "coding" : [{
      "system" : "http://snomed.info/sct",
      "code" : "711357009",
      "display" : "Measurement of C-reactive protein using high sensitivity technique (procedure)"
    }]
  }],
  "kind" : "ServiceRequest",
  "code" : {
    "coding" : [{
      "system" : "http://loinc.org",
      "code" : "76486-0",
      "display" : "C reactive protein [Moles/volume] in Serum or Plasma by High sensitivity method"
    }]
  },
  "priority" : "routine",
  "timingDuration" : {
    "value" : 30,
    "unit" : "minutes",
    "system" : "http://unitsofmeasure.org",
    "code" : "mn"
  },
  "specimenRequirement" : [{
    "reference" : "SpecimenDefinition/single-test-serum-venous"
  }],
  "observationResultRequirement" : [{
    "reference" : "ObservationDefinition/observation-serum-potassium"
  }]
}