{
  "resourceType": "CodeSystem",
  "id": "ServiceRequest.categories",
  "text": {
    "status": "generated",
    "div": "<div xmlns=\"http://www.w3.org/1999/xhtml\"><p>This code system http://build.fhir.org/ig/hl7ch/ch-lab-order/CodeSystem/ServiceRequest.categories defines the following codes:</p><table class=\"codes\"><tr><td style=\"white-space:nowrap\"><b>Code</b></td><td><b>Display</b></td><td><b>Definition</b></td></tr><tr><td style=\"white-space:nowrap\">RequestForLabExam<a name=\"ServiceRequest.categories-RequestForLabExam\"> </a></td><td>Anforderung von Laboruntersuchungen</td><td>Electronic ordering of laboratory tests and/or panels</td></tr><tr><td style=\"white-space:nowrap\">RequestForAdditionalExam<a name=\"ServiceRequest.categories-RequestForAdditionalExam\"> </a></td><td>Nachverordnung von weiteren Laboruntersuchungen bei derselben Probe</td><td>Electronic ordering of additional laboratory tests for referenced specimen</td></tr><tr><td style=\"white-space:nowrap\">RequestForPrecedentReport<a name=\"ServiceRequest.categories-RequestForPrecedentReport\"> </a></td><td>Anforderung vorangehender Laborberichte</td><td>Electronic ordering of laboratory diagnositic reports</td></tr><tr><td style=\"white-space:nowrap\">RequestForPrecedentReportAndImages<a name=\"ServiceRequest.categories-RequestForPrecedentReportAndImages\"> </a></td><td>Anforderung vorangehender Bilddokumente</td><td>Electronic ordering of laboratory images</td></tr><tr><td style=\"white-space:nowrap\">RequestFor2ndOpinion<a name=\"ServiceRequest.categories-RequestFor2ndOpinion\"> </a></td><td>Anforderung einer Zweitmeinung</td><td>Electronic ordering of 2nd opinion</td></tr><tr><td style=\"white-space:nowrap\">ProposalForAdditionalExam<a name=\"ServiceRequest.categories-ProposalForAdditionalExam\"> </a></td><td>Vorschlag für weitere Untersuchungen</td><td>Electronic proposal for additional exam</td></tr></table></div>"
  },
  "url": "http://build.fhir.org/ig/hl7ch/ch-lab-order/CodeSystem/ServiceRequest.categories",
  "version": "1.0.0",
  "name": "ChLabOrderServiceRequestCategories",
  "title": "Service Request Categories for Questionnaires",
  "status": "active",
  "date": "2021-06-01T10:21:46+00:00",
  "publisher": "HL7 Switzerland",
  "contact": [
    {
      "name": "Marcel Hanselmann",
      "telecom": [
        {
          "system": "url",
          "value": "https://www.hl7.ch"
        }
      ]
    }
  ],
  "description": "ch-lab-order defines 10 different Kinds of Service Request",
  "jurisdiction": [
    {
      "coding": [
        {
          "system": "urn:iso:std:iso:3166",
          "code": "CH"
        }
      ]
    }
  ],
  "copyright": "CC-BY-SA-4.0",
  "caseSensitive": true,
  "content": "complete",
  "count": 6,
  "concept": [
    {
      "code": "RequestForLabExam",
      "display": "Anforderung von Laboruntersuchungen",
      "definition": "Electronic ordering of laboratory tests and/or panels"
    },
    {
      "code": "RequestForAdditionalExam",
      "display": "Nachverordnung von weiteren Laboruntersuchungen bei derselben Probe",
      "definition": "Electronic ordering of additional laboratory tests for referenced specimen"
    },
    {
      "code": "RequestForPrecedentReport",
      "display": "Anforderung vorangehender Laborberichte",
      "definition": "Electronic ordering of laboratory diagnositic reports"
    },
    {
      "code": "RequestForPrecedentReportAndImages",
      "display": "Anforderung vorangehender Bilddokumente",
      "definition": "Electronic ordering of laboratory images"
    },
    {
      "code": "RequestFor2ndOpinion",
      "display": "Anforderung einer Zweitmeinung",
      "definition": "Electronic ordering of 2nd opinion"
    },
    {
      "code": "ProposalForAdditionalExam",
      "display": "Vorschlag für weitere Untersuchungen",
      "definition": "Electronic proposal for additional exam"
    }
  ]
}