{
  "resourceType" : "PlanDefinition",
  "id" : "chloride-serum",
  "meta" : {
    "profile" : ["http://hl7.org/fhir/uv/order-catalog/StructureDefinition/LabServiceDefinition"]
  },
  "language" : "en-US",
  "text" : {
    "status" : "extensions",
    "div" : "<div xmlns=\"http://www.w3.org/1999/xhtml\" xml:lang=\"en-US\" lang=\"en-US\"><p><b>Generated Narrative: PlanDefinition </b><a name=\"chloride-serum\"> </a><a name=\"hcchloride-serum\"> </a></p><div style=\"display: inline-block; background-color: #d9e0e7; padding: 6px; margin: 4px; border: 1px solid #8da1b4; border-radius: 5px; line-height: 60%\"><p style=\"margin-bottom: 0px\">ResourcePlanDefinition &quot;chloride-serum&quot;  (Language&quot;en-US&quot;) </p><p style=\"margin-bottom: 0px\">Profile: <a href=\"http://hl7.org/fhir/uv/order-catalog/2020Sep/StructureDefinition-LabServiceDefinition.html\">Laboratory Service Definition</a></p></div><p><b>Reference to a catalog</b>: <a href=\"Composition-Gantenbein-Catalog-Header.html\">Composition/Gantenbein-Catalog-Header</a></p><p><b>Healthcare Service Billing Code</b>: Chlorid <span style=\"background: LightGoldenRodYellow; margin: 4px; border: 1px solid khaki\"> (laboratory_analyses#1229.00)</span></p><blockquote><p><b>Billing summary for the plan definition</b></p><blockquote><p><b>url</b></p><code>textualSummary</code></blockquote><p><b>value</b>: no notable particularity for billing</p><blockquote><p><b>url</b></p><code>reimbursabilitySummary</code></blockquote><p><b>value</b>: normal</p></blockquote><p><b>Schedule summary for the plan definition</b>: Set up: Mon-Sat (Day shift or Night shift), Sun (Day shift); Report available: 1 day</p><p><b>Limitation summary for the plan definition</b>: No specific limitation for this test</p><p><b>Summary of regulations applicable to the laboratory service</b>: CLIA Law &amp; Regulations apply</p><p><b>url</b>: <code>http://fhir.ch/ig/ch-lab-order/lab-compendium/PlanDefinition/chloride-serum</code></p><p><b>identifier</b>: Cl_serum_test\u00a0(use:\u00a0official)</p><p><b>version</b>: 2.0.0</p><p><b>name</b>: ChlorideSerumMeasurement</p><p><b>title</b>: Chloride measurement on in vitro blood serum</p><p><b>type</b>: unitary measurement performed on an in vitro biologic specimen <span style=\"background: LightGoldenRodYellow; margin: 4px; border: 1px solid khaki\"> (<a href=\"http://hl7.org/fhir/uv/order-catalog/2020Sep/CodeSystem-laboratory-service-definition-type.html\">Code system for types of laboratory service definitions</a>#test)</span></p><p><b>status</b>: active</p><p><b>experimental</b>: true</p><p><b>date</b>: 2023-06-05 20:00:00+0200</p><p><b>publisher</b>: HL7 Switzerland</p><p><b>contact</b>: HL7 Switzerland: <a href=\"https://www.hl7.ch\">https://www.hl7.ch</a>, Marcel Hanselmann: <a href=\"mailto:laborprojektgruppe@gmail.com\">laborprojektgruppe@gmail.com</a></p><p><b>description</b>: Chloride measurement on serum specimen</p><h3>UseContexts</h3><table class=\"grid\"><tr><td style=\"display: none\">-</td><td><b>Code</b></td><td><b>Value[x]</b></td></tr><tr><td style=\"display: none\">*</td><td>Workflow Task (Details: UsageContextType code task  = ' Workflow Task ', stated as ' null ')</td><td>laboratory test order entry task <span style=\"background: LightGoldenRodYellow; margin: 4px; border: 1px solid khaki\"> (<a href=\"http://terminology.hl7.org/5.4.0/CodeSystem-v3-ActCode.html\">ActCode</a>#LABOE)</span></td></tr></table><p><b>jurisdiction</b>: Switzerland <span style=\"background: LightGoldenRodYellow; margin: 4px; border: 1px solid khaki\"> (<a href=\"http://terminology.hl7.org/5.4.0/CodeSystem-ISO3166Part1.html\">ISO 3166-1 Codes for the representation of names of countries and their subdivisions — Part 1: Country code</a>#CH)</span></p><p><b>copyright</b>: CC0-1.0</p><p><b>topic</b>: Chemistry studies (set) <span style=\"background: LightGoldenRodYellow; margin: 4px; border: 1px solid khaki\"> (<a href=\"https://loinc.org/\">LOINC</a>#18719-5)</span>, Blood chemistry <span style=\"background: LightGoldenRodYellow; margin: 4px; border: 1px solid khaki\"> (<a href=\"https://browser.ihtsdotools.org/\">SNOMED CT</a>#166312007)</span></p><blockquote><p><b>relatedArtifact</b></p><p><b>type</b>: documentation</p><p><b>citation</b>: Chloride is an essential mineral required by humans that is found mainly in body fluids. It is an important, negatively charged ion in the blood, and a major electrolyte that helps to conduct electrical impulses. Electrolytes including chloride are located in the blood, lymph, and intra- and extra-cellular fluid. Chloride helps to regulate osmolarity by offsetting the positively charged sodium and potassium ions in the serum. It combines with hydrogen to form hydrochloric acid in the digestive tract which breaks down proteins, absorbs metallic minerals, and activates intrinsic factor. Chloride is absorbed both actively and passively in order to help maintain extracellular fluid volume. There is a continuous exchange of chloride and bicarbonate that occurs between the red blood cells and the plasma that controls the pH and excretion of carbon dioxide, a waste product of respiration.[https://traceminerals.com/chloride-the-forgotten-essential-mineral/]\n</p><p><b>url</b>: <a href=\"https://en.wikipedia.org/wiki/Chloride\">https://en.wikipedia.org/wiki/Chloride</a></p><blockquote><p><b>document</b></p></blockquote></blockquote><h3>Actions</h3><table class=\"grid\"><tr><td style=\"display: none\">-</td><td><b>Extension</b></td><td><b>Code</b></td><td><b>Timing[x]</b></td><td><b>Definition[x]</b></td></tr><tr><td style=\"display: none\">*</td><td/><td>Chloride, Serum <span style=\"background: LightGoldenRodYellow; margin: 4px; border: 1px solid khaki\"> (#733; <a href=\"https://loinc.org/\">LOINC</a>#2075-0 &quot;Chloride [Moles/volume] in Serum or Plasma&quot;)</span></td><td>30 minutes<span style=\"background: LightGoldenRodYellow\"> (Details: UCUM  codemn = 'mn')</span></td><td><a href=\"ActivityDefinition-procedure-chloride-serum.html\">Procedure - chloride measurement on in vitro blood serum</a></td></tr></table></div>"
  },
  "extension" : [{
    "url" : "http://hl7.org/fhir/uv/order-catalog/StructureDefinition/CatalogReference",
    "valueReference" : {
      "reference" : "Composition/Gantenbein-Catalog-Header"
    }
  },
  {
    "url" : "http://hl7.org/fhir/uv/order-catalog/StructureDefinition/ServiceBillingCode",
    "valueCodeableConcept" : {
      "coding" : [{
        "system" : "https://medcodesearch.ch/de/AL/laboratory_analyses",
        "code" : "1229.00",
        "display" : "Chlorid"
      }]
    }
  },
  {
    "extension" : [{
      "url" : "textualSummary",
      "valueMarkdown" : "no notable particularity for billing"
    },
    {
      "url" : "reimbursabilitySummary",
      "valueCode" : "normal"
    }],
    "url" : "http://hl7.org/fhir/uv/order-catalog/StructureDefinition/BillingSummary"
  },
  {
    "url" : "http://hl7.org/fhir/uv/order-catalog/StructureDefinition/ScheduleSummary",
    "valueString" : "Set up: Mon-Sat (Day shift or Night shift), Sun (Day shift); Report available: 1 day"
  },
  {
    "url" : "http://hl7.org/fhir/uv/order-catalog/StructureDefinition/LimitationSummary",
    "valueString" : "No specific limitation for this test"
  },
  {
    "url" : "http://hl7.org/fhir/uv/order-catalog/StructureDefinition/RegulatorySummary",
    "valueString" : "CLIA Law & Regulations apply"
  }],
  "url" : "http://fhir.ch/ig/ch-lab-order/lab-compendium/PlanDefinition/chloride-serum",
  "identifier" : [{
    "use" : "official",
    "value" : "Cl_serum_test"
  }],
  "version" : "2.0.0",
  "name" : "ChlorideSerumMeasurement",
  "title" : "Chloride measurement on in vitro blood serum",
  "_title" : {
    "extension" : [{
      "extension" : [{
        "url" : "lang",
        "valueCode" : "de-CH"
      },
      {
        "url" : "content",
        "valueString" : "Konzentration Chlorid Serum"
      }],
      "url" : "http://hl7.org/fhir/StructureDefinition/translation"
    }]
  },
  "type" : {
    "coding" : [{
      "system" : "http://hl7.org/fhir/uv/order-catalog/CodeSystem/laboratory-service-definition-type",
      "code" : "test",
      "display" : "unitary measurement performed on an in vitro biologic specimen"
    }]
  },
  "status" : "active",
  "experimental" : true,
  "date" : "2023-06-05T20:00:00+02:00",
  "publisher" : "HL7 Switzerland",
  "contact" : [{
    "name" : "HL7 Switzerland",
    "telecom" : [{
      "system" : "url",
      "value" : "https://www.hl7.ch"
    }]
  },
  {
    "name" : "Marcel Hanselmann",
    "telecom" : [{
      "system" : "email",
      "value" : "laborprojektgruppe@gmail.com",
      "use" : "work"
    }]
  }],
  "description" : "Chloride measurement on serum specimen",
  "useContext" : [{
    "code" : {
      "system" : "http://terminology.hl7.org/CodeSystem/usage-context-type",
      "code" : "task"
    },
    "valueCodeableConcept" : {
      "coding" : [{
        "system" : "http://terminology.hl7.org/CodeSystem/v3-ActCode",
        "code" : "LABOE"
      }]
    }
  }],
  "jurisdiction" : [{
    "coding" : [{
      "system" : "urn:iso:std:iso:3166",
      "code" : "CH"
    }]
  }],
  "copyright" : "CC0-1.0",
  "topic" : [{
    "coding" : [{
      "system" : "http://loinc.org",
      "code" : "18719-5",
      "display" : "Chemistry studies (set)"
    }]
  },
  {
    "coding" : [{
      "system" : "http://snomed.info/sct",
      "code" : "166312007",
      "display" : "Blood chemistry"
    }]
  }],
  "relatedArtifact" : [{
    "type" : "documentation",
    "citation" : "Chloride is an essential mineral required by humans that is found mainly in body fluids. It is an important, negatively charged ion in the blood, and a major electrolyte that helps to conduct electrical impulses. Electrolytes including chloride are located in the blood, lymph, and intra- and extra-cellular fluid. Chloride helps to regulate osmolarity by offsetting the positively charged sodium and potassium ions in the serum. It combines with hydrogen to form hydrochloric acid in the digestive tract which breaks down proteins, absorbs metallic minerals, and activates intrinsic factor. Chloride is absorbed both actively and passively in order to help maintain extracellular fluid volume. There is a continuous exchange of chloride and bicarbonate that occurs between the red blood cells and the plasma that controls the pH and excretion of carbon dioxide, a waste product of respiration.[https://traceminerals.com/chloride-the-forgotten-essential-mineral/]\n",
    "url" : "https://en.wikipedia.org/wiki/Chloride",
    "document" : {
      "url" : "https://en.wikipedia.org/wiki/Chloride"
    }
  }],
  "action" : [{
    "extension" : [{
      "extension" : [{
        "extension" : [{
          "url" : "Material",
          "valueReference" : {
            "reference" : "SpecimenDefinition/single-test-serum-capillary",
            "display" : "example-specimen-capillary-serum-single-test"
          }
        }],
        "url" : "ExclusiveGroup"
      }],
      "url" : "http://hl7.org/fhir/uv/order-catalog/StructureDefinition/SpecimenRequested"
    }],
    "code" : [{
      "coding" : [{
        "system" : "https://testdirectory.questdiagnostics.com/",
        "code" : "733",
        "display" : "Chloride, Serum"
      },
      {
        "system" : "http://loinc.org",
        "code" : "2075-0",
        "display" : "Chloride [Moles/volume] in Serum or Plasma"
      }]
    }],
    "timingDuration" : {
      "value" : 30,
      "unit" : "minutes",
      "system" : "http://unitsofmeasure.org",
      "code" : "mn"
    },
    "definitionCanonical" : "http://fhir.ch/ig/ch-lab-order/lab-compendium/ActivityDefinition/procedure-chloride-serum"
  }]
}