{
  "resourceType": "Practitioner",
  "id": "EvaErlenmeyer",
  "meta": {
    "profile": [
      "http://fhir.ch/ig/ch-core/StructureDefinition/ch-core-practitioner"
    ]
  },
  "text": {
    "status": "generated",
    "div": "<div xmlns=\"http://www.w3.org/1999/xhtml\"><p><b>Generated Narrative</b></p><div style=\"display: inline-block; background-color: #d9e0e7; padding: 6px; margin: 4px; border: 1px solid #8da1b4; border-radius: 5px; line-height: 60%\"><p style=\"margin-bottom: 0px\">Resource \"EvaErlenmeyer\" </p><p style=\"margin-bottom: 0px\">Profile: <a href=\"http://fhir.ch/ig/ch-core/StructureDefinition-ch-core-practitioner.html\">CH Core Practitioner Profile</a></p></div><p><b>identifier</b>: id: 7601000050710, id: A123315</p><p><b>name</b>: Eva Erlenmeyer (OFFICIAL)</p><p><b>telecom</b>: ph: 033 444 55 66(WORK), <a href=\"mailto:eva.erlenmeyer@labor-pipette.ch\">eva.erlenmeyer@labor-pipette.ch</a></p></div>"
  },
  "identifier": [
    {
      "system": "urn:oid:2.51.1.3",
      "value": "7601000050710"
    },
    {
      "system": "urn:oid:2.16.756.5.30.1.123.100.2.1.1",
      "value": "A123315"
    }
  ],
  "name": [
    {
      "use": "official",
      "family": "Erlenmeyer",
      "given": [
        "Eva"
      ],
      "prefix": [
        "Dr. med."
      ],
      "_prefix": [
        {
          "extension": [
            {
              "url": "http://hl7.org/fhir/StructureDefinition/iso21090-EN-qualifier",
              "valueCode": "AC"
            }
          ]
        }
      ]
    }
  ],
  "telecom": [
    {
      "system": "phone",
      "value": "033 444 55 66",
      "use": "work"
    },
    {
      "system": "email",
      "value": "eva.erlenmeyer@labor-pipette.ch",
      "use": "work"
    }
  ]
}