{
  "resourceType" : "Specimen",
  "id" : "Urine-biol-monit",
  "text" : {
    "status" : "generated",
    "div" : "<div xmlns=\"http://www.w3.org/1999/xhtml\"><p class=\"res-header-id\"><b>Generated Narrative: Specimen Urine-biol-monit</b></p><a name=\"Urine-biol-monit\"> </a><a name=\"hcUrine-biol-monit\"> </a><a name=\"Urine-biol-monit-en-US\"> </a><p><b>identifier</b>: 11111-15394-75465</p><p><b>accessionIdentifier</b>: 22222-bc987-dd888</p><p><b>status</b>: Available</p><p><b>type</b>: <span title=\"Codes:{http://snomed.info/sct 122575003}\">Urine sample</span></p><p><b>subject</b>: <a href=\"Patient-BeatBorer.html\">Beat Borer  Male, DoB: 1986-06-06 ( urn:oid:2.16.756.5.30.1.123.100.1.1.1#80756011110123400007)</a></p><p><b>receivedTime</b>: 2023-12-01 16:40:17+0000</p><p><b>request</b>: <a href=\"ServiceRequest-5-biol-monit-ServiceRequestHeavyMetalsUrine.html\">ServiceRequest Heavy metals panel - Urine</a></p><h3>Collections</h3><table class=\"grid\"><tr><td style=\"display: none\">-</td><td><b>Collector</b></td><td><b>Collected[x]</b></td></tr><tr><td style=\"display: none\">*</td><td><a href=\"Practitioner-PauloPorcellini.html\">Practitioner Paulo Porcellini (official)</a></td><td>2023-12-01 06:40:17+0000</td></tr></table><h3>Containers</h3><table class=\"grid\"><tr><td style=\"display: none\">-</td><td><b>Identifier</b></td><td><b>Description</b></td><td><b>Type</b></td></tr><tr><td style=\"display: none\">*</td><td>4e88a-bc987-dd888-12345-urin</td><td>Uriswab™ : Urine Collection System</td><td><span title=\"Codes:{http://snomed.info/sct 706054001}\">Urine specimen container (physical object)</span></td></tr></table></div>"
  },
  "identifier" : [{
    "value" : "11111-15394-75465"
  }],
  "accessionIdentifier" : {
    "value" : "22222-bc987-dd888"
  },
  "status" : "available",
  "type" : {
    "coding" : [{
      "system" : "http://snomed.info/sct",
      "code" : "122575003",
      "display" : "Urine sample"
    }]
  },
  "subject" : {
    "reference" : "Patient/BeatBorer"
  },
  "receivedTime" : "2023-12-01T16:40:17Z",
  "request" : [{
    "reference" : "ServiceRequest/5-biol-monit-ServiceRequestHeavyMetalsUrine"
  }],
  "collection" : {
    "collector" : {
      "reference" : "Practitioner/PauloPorcellini"
    },
    "collectedDateTime" : "2023-12-01T06:40:17Z"
  },
  "container" : [{
    "identifier" : [{
      "value" : "4e88a-bc987-dd888-12345-urin"
    }],
    "description" : "Uriswab™ : Urine Collection System",
    "type" : {
      "coding" : [{
        "system" : "http://snomed.info/sct",
        "code" : "706054001",
        "display" : "Urine specimen container (physical object)"
      }]
    }
  }]
}