{
  "resourceType" : "Specimen",
  "id" : "Cervix-swab",
  "text" : {
    "status" : "generated",
    "div" : "<div xmlns=\"http://www.w3.org/1999/xhtml\"><p><b>Generated Narrative: Specimen</b><a name=\"Cervix-swab\"> </a></p><div style=\"display: inline-block; background-color: #d9e0e7; padding: 6px; margin: 4px; border: 1px solid #8da1b4; border-radius: 5px; line-height: 60%\"><p style=\"margin-bottom: 0px\">Resource Specimen &quot;Cervix-swab&quot; </p></div><p><b>identifier</b>: id:\u00a048736-12345-12345</p><p><b>accessionIdentifier</b>: id:\u00a04e88a-12345-aa222</p><p><b>status</b>: available</p><p><b>type</b>: Combined specimen of cytologic material from endocervix, ectocervix, and vaginal fornix (specimen) <span style=\"background: LightGoldenRodYellow; margin: 4px; border: 1px solid khaki\"> (<a href=\"https://browser.ihtsdotools.org/\">SNOMED CT</a>#430387006)</span></p><p><b>subject</b>: <a href=\"Patient-MarinaRubella.html\">Patient/MarinaRubella</a> &quot; RUBELLA&quot;</p><h3>Collections</h3><table class=\"grid\"><tr><td>-</td><td><b>Collector</b></td><td><b>Collected[x]</b></td></tr><tr><td>*</td><td><a href=\"Practitioner-PeterPap.html\">Practitioner/PeterPap</a> &quot; PAP&quot;</td><td>2015-08-16 06:40:17+0000</td></tr></table><h3>Containers</h3><table class=\"grid\"><tr><td>-</td><td><b>Type</b></td></tr><tr><td>*</td><td>General specimen container (physical object) <span style=\"background: LightGoldenRodYellow; margin: 4px; border: 1px solid khaki\"> (<a href=\"https://browser.ihtsdotools.org/\">SNOMED CT</a>#706053007)</span></td></tr></table></div>"
  },
  "identifier" : [{
    "value" : "48736-12345-12345"
  }],
  "accessionIdentifier" : {
    "value" : "4e88a-12345-aa222"
  },
  "status" : "available",
  "type" : {
    "coding" : [{
      "system" : "http://snomed.info/sct",
      "code" : "430387006",
      "display" : "Combined specimen of cytologic material from endocervix, ectocervix, and vaginal fornix (specimen)"
    }]
  },
  "subject" : {
    "reference" : "Patient/MarinaRubella"
  },
  "collection" : {
    "collector" : {
      "reference" : "Practitioner/PeterPap"
    },
    "collectedDateTime" : "2015-08-16T06:40:17Z"
  },
  "container" : [{
    "type" : {
      "coding" : [{
        "system" : "http://snomed.info/sct",
        "code" : "706053007",
        "display" : "General specimen container (physical object)"
      }]
    }
  }]
}