{
  "resourceType" : "Specimen",
  "id" : "Urine-4-sepsis",
  "text" : {
    "status" : "generated",
    "div" : "<div xmlns=\"http://www.w3.org/1999/xhtml\"><p class=\"res-header-id\"><b>Generated Narrative: Specimen Urine-4-sepsis</b></p><a name=\"Urine-4-sepsis\"> </a><a name=\"hcUrine-4-sepsis\"> </a><a name=\"Urine-4-sepsis-en-US\"> </a><p><b>identifier</b>: 11111-15394-75465</p><p><b>accessionIdentifier</b>: 22222-bc987-dd888</p><p><b>status</b>: Available</p><p><b>type</b>: <span title=\"Codes:{http://snomed.info/sct 122575003}\">Urine sample</span></p><p><b>subject</b>: <a href=\"Patient-SaraSpeckmann.html\">Sara Speckmann  Female, DoB: 1975-12-12 ( urn:oid:2.16.756.5.30.1.123.100.1.1.1#80756011110123400006)</a></p><p><b>receivedTime</b>: 2023-12-01 16:40:17+0000</p><p><b>request</b>: <a href=\"ServiceRequest-4-sepsis-ServiceRequest.html\">ServiceRequest: identifier = Placer Identifier: Y274589; status = active; intent = original-order; priority = urgent; reasonCode = Sepsis screening</a></p><h3>Collections</h3><table class=\"grid\"><tr><td style=\"display: none\">-</td><td><b>Collector</b></td><td><b>Collected[x]</b></td></tr><tr><td style=\"display: none\">*</td><td><a href=\"Practitioner-HansHauser.html\">Practitioner Hans Hauser (official)</a></td><td>2023-12-01 06:40:17+0000</td></tr></table><h3>Containers</h3><table class=\"grid\"><tr><td style=\"display: none\">-</td><td><b>Identifier</b></td><td><b>Description</b></td><td><b>Type</b></td></tr><tr><td style=\"display: none\">*</td><td>659e1c5b-5c5a-4829-b7fa-fb7da2276e0d-urin</td><td>Uriswab™ : Urine Collection System</td><td><span title=\"Codes:{http://snomed.info/sct 706054001}\">Urine specimen container (physical object)</span></td></tr></table></div>"
  },
  "identifier" : [{
    "value" : "11111-15394-75465"
  }],
  "accessionIdentifier" : {
    "value" : "22222-bc987-dd888"
  },
  "status" : "available",
  "type" : {
    "coding" : [{
      "system" : "http://snomed.info/sct",
      "code" : "122575003",
      "display" : "Urine sample"
    }]
  },
  "subject" : {
    "reference" : "Patient/SaraSpeckmann"
  },
  "receivedTime" : "2023-12-01T16:40:17Z",
  "request" : [{
    "reference" : "ServiceRequest/4-sepsis-ServiceRequest"
  }],
  "collection" : {
    "collector" : {
      "reference" : "Practitioner/HansHauser"
    },
    "collectedDateTime" : "2023-12-01T06:40:17Z"
  },
  "container" : [{
    "identifier" : [{
      "value" : "659e1c5b-5c5a-4829-b7fa-fb7da2276e0d-urin"
    }],
    "description" : "Uriswab™ : Urine Collection System",
    "type" : {
      "coding" : [{
        "system" : "http://snomed.info/sct",
        "code" : "706054001",
        "display" : "Urine specimen container (physical object)"
      }]
    }
  }]
}