{
  "resourceType": "ValueSet",
  "id": "DocumentEntry.classCode",
  "meta": {
    "source": "http://art-decor.org/fhir/ValueSet/2.16.756.5.30.1.127.3.10.1.3--20200622100530",
    "profile": [
      "http://hl7.org/fhir/StructureDefinition/shareablevalueset"
    ]
  },
  "text": {
    "status": "generated",
    "div": "<div xmlns=\"http://www.w3.org/1999/xhtml\"><ul><li>Include these codes as defined in <a href=\"http://www.snomed.org/\"><code>http://snomed.info/sct</code></a><table class=\"none\"><tr><td style=\"white-space:nowrap\"><b>Code</b></td><td><b>Display</b></td><td><b>Deutsch (Schweiz) (German (Switzerland), de)</b></td><td><b>French (Switzerland) (fr)</b></td><td><b>Italian (Switzerland) (it)</b></td><td><b>English (United States) (English (United States), en)</b></td></tr><tr><td><a href=\"http://snomed.info/id/721963009\">721963009</a></td><td>Order (record artifact)</td><td>Untersuchungsauftrag</td><td>Mandat d’analyse</td><td>Prescrizione di analisi</td><td>Order</td></tr></table></li></ul></div>"
  },
  "extension": [
    {
      "url": "http://hl7.org/fhir/StructureDefinition/resource-effectivePeriod",
      "valuePeriod": {
        "start": "2020-06-22T10:05:30+02:00"
      }
    }
  ],
  "url": "http://fhir.ch/ig/ch-lab-order/ValueSet/DocumentEntry.classCode",
  "identifier": [
    {
      "use": "official",
      "system": "http://art-decor.org/ns/oids/vs",
      "value": "2.16.756.5.30.1.127.3.10.1.3"
    }
  ],
  "version": "1.0.0",
  "name": "DocumentEntryClassCode",
  "title": "DocumentEntry.classCode",
  "status": "active",
  "experimental": false,
  "date": "2020-07-08T16:30:23+02:00",
  "publisher": "HL7 Switzerland",
  "contact": [
    {
      "name": "Marcel Hanselmann",
      "telecom": [
        {
          "system": "url",
          "value": "https://www.hl7.ch"
        }
      ]
    }
  ],
  "description": "Document class as per EPRO-FDHA Annex 3",
  "jurisdiction": [
    {
      "coding": [
        {
          "system": "urn:iso:std:iso:3166",
          "code": "CH"
        }
      ]
    }
  ],
  "immutable": false,
  "copyright": "This artefact includes content from SNOMED Clinical Terms® (SNOMED CT®) which is copyright of the International Health Terminology Standards Development Organisation (IHTSDO). Implementers of these artefacts must have the appropriate SNOMED CT Affiliate license - for more information contact http://www.snomed.org/snomed-ct/getsnomed-ct or info@snomed.org.",
  "compose": {
    "include": [
      {
        "system": "http://snomed.info/sct",
        "concept": [
          {
            "code": "721963009",
            "display": "Order (record artifact)",
            "designation": [
              {
                "language": "de-CH",
                "value": "Untersuchungsauftrag"
              },
              {
                "language": "fr-CH",
                "value": "Mandat d’analyse"
              },
              {
                "language": "it-CH",
                "value": "Prescrizione di analisi"
              },
              {
                "language": "en-US",
                "value": "Order"
              }
            ]
          }
        ]
      }
    ]
  }
}