<?xml version="1.0" encoding="UTF-8"?>

<Condition xmlns="http://hl7.org/fhir">
  <id value="TCB02-UNDILL1-2"/>
  <meta>
    <profile value="http://fhir.ch/ig/ch-vacd/StructureDefinition/ch-vacd-pastillnesses"/>
  </meta>
  <text>
    <status value="extensions"/><div xmlns="http://www.w3.org/1999/xhtml"><p><b>Generated Narrative: Condition</b><a name="TCB02-UNDILL1-2"> </a></p><div style="display: inline-block; background-color: #d9e0e7; padding: 6px; margin: 4px; border: 1px solid #8da1b4; border-radius: 5px; line-height: 60%"><p style="margin-bottom: 0px">Resource Condition &quot;TCB02-UNDILL1-2&quot; </p><p style="margin-bottom: 0px">Profile: <a href="StructureDefinition-ch-vacd-pastillnesses.html">CH VACD Past Illness</a></p></div><blockquote><p><b>CH VACD Extension Merging Conflict Entry Reference</b></p><blockquote><p><b>url</b></p><code>entry</code></blockquote><p><b>value</b>: <a href="Condition-TCD02-UNDILL1-2.html">Condition/TCD02-UNDILL1-2</a></p><blockquote><p><b>url</b></p><code>conflict</code></blockquote><p><b>value</b>: duplicate</p></blockquote><p><b>identifier</b>: id: 5f727b7b-87ae-464f-85ac-1a45d23f0897</p><p><b>clinicalStatus</b>: Resolved <span style="background: LightGoldenRodYellow; margin: 4px; border: 1px solid khaki"> (<a href="http://terminology.hl7.org/5.4.0/CodeSystem-condition-clinical.html">Condition Clinical Status Codes</a>#resolved)</span></p><p><b>verificationStatus</b>: Confirmed <span style="background: LightGoldenRodYellow; margin: 4px; border: 1px solid khaki"> (<a href="http://terminology.hl7.org/5.4.0/CodeSystem-condition-ver-status.html">ConditionVerificationStatus</a>#confirmed)</span></p><p><b>code</b>: Varicella (disorder) <span style="background: LightGoldenRodYellow; margin: 4px; border: 1px solid khaki"> (<a href="https://browser.ihtsdotools.org/">SNOMED CT</a>#38907003)</span></p><p><b>subject</b>: <a href="Patient-TC-patient.html">Patient/TC-patient</a> &quot; WEGMUELLER&quot;</p><p><b>onset</b>: 2015-05-30</p><p><b>recordedDate</b>: 2015-05-30</p><p><b>recorder</b>: <a href="PractitionerRole-TC-HCP1-ORG1-ROLE-author.html">PractitionerRole/TC-HCP1-ORG1-ROLE-author</a></p></div>
  </text>
  <extension url="http://fhir.ch/ig/ch-vacd/StructureDefinition/ch-vacd-ext-merging-conflict-entry-reference">
    <extension url="entry">
      <valueReference>
        <reference value="Condition/TCD02-UNDILL1-2"/>
      </valueReference>
    </extension>
    <extension url="conflict">
      <valueCode value="duplicate"/>
    </extension>
  </extension>
  <identifier>
    <system value="urn:oid:2.16.756.5.30.1.402.1.3.1.1.2"/>
    <value value="5f727b7b-87ae-464f-85ac-1a45d23f0897"/>
  </identifier>
  <clinicalStatus>
    <coding>
      <system value="http://terminology.hl7.org/CodeSystem/condition-clinical"/>
      <code value="resolved"/>
      <display value="Resolved"/>
    </coding>
  </clinicalStatus>
  <verificationStatus>
    <coding>
      <system value="http://terminology.hl7.org/CodeSystem/condition-ver-status"/>
      <code value="confirmed"/>
      <display value="Confirmed"/>
    </coding>
  </verificationStatus>
  <code>
    <coding>
      <system value="http://snomed.info/sct"/>
      <code value="38907003"/>
      <display value="Varicella (disorder)"/>
    </coding>
  </code>
  <subject>
    <reference value="Patient/TC-patient"/>
  </subject>
  <onsetDateTime value="2015-05-30"/>
  <recordedDate value="2015-05-30"/>
  <recorder>
    <reference value="PractitionerRole/TC-HCP1-ORG1-ROLE-author"/>
  </recorder>
</Condition>