<?xml version="1.0" encoding="UTF-8"?><ValueSet xmlns="http://hl7.org/fhir"><id value="bfs-medstats-21-encountertype"/><text><status value="generated"/><div xmlns="http://www.w3.org/1999/xhtml"><ul><li>Include these codes as defined in <a href="CodeSystem-bfs-medstats-21-encountertype.html"><code>http://fhir.ch/ig/ch-core/CodeSystem/bfs-medstats-21-encountertype</code></a><table class="none"><tr><td style="white-space:nowrap"><b>Code</b></td><td><b>Display</b></td><td><b>Deutsch (Schweiz) (German (Switzerland), de)</b></td><td><b>French (Switzerland) (fr)</b></td><td><b>Italian (Switzerland) (it)</b></td></tr><tr><td><a href="CodeSystem-bfs-medstats-21-encountertype.html#bfs-medstats-21-encountertype-1">1</a></td><td>allgemein</td><td>allgemein</td><td>Chambre commune</td><td>comune</td></tr><tr><td><a href="CodeSystem-bfs-medstats-21-encountertype.html#bfs-medstats-21-encountertype-2">2</a></td><td>halbprivat</td><td>halbprivat</td><td>Semi-privé</td><td>semiprivata</td></tr><tr><td><a href="CodeSystem-bfs-medstats-21-encountertype.html#bfs-medstats-21-encountertype-3">3</a></td><td>privat</td><td>privat</td><td>Privé</td><td>privata</td></tr><tr><td><a href="CodeSystem-bfs-medstats-21-encountertype.html#bfs-medstats-21-encountertype-9">9</a></td><td>unbekannt</td><td>unbekannt</td><td>Inconnu</td><td>sconosciuto</td></tr></table></li></ul></div></text><url value="http://fhir.ch/ig/ch-core/ValueSet/bfs-medstats-21-encountertype"/><version value="4.0.0-ballot"/><name value="BfsMedstats21Encountertype"/><title value="BFS Medizinische Statistik - 21 1.3.V02 - Klasse / Classe / Classe"/><status value="active"/><experimental value="false"/><date value="2019-01-01"/><publisher value="HL7 Switzerland"/><contact><name value="HL7 Switzerland"/><telecom><system value="url"/><value value="https://www.hl7.ch/"/></telecom></contact><contact><name value="HL7 Switzerland"/><telecom><system value="url"/><value value="https://www.hl7.ch/"/><use value="work"/></telecom></contact><description value="BFS defines variables for medical statistic (german, french, italian) see [BFS](https://www.bfs.admin.ch/bfs/de/home/statistiken/kataloge-datenbanken/publikationen.assetdetail.7066232.html). Im Rahmen des Spitalaufenthaltes belegte Liegeklasse, nicht BFS die Versicherungskategorie. Bei Wechsel der Klasse ist die im Wesentlichen beanspruchte Klasse anzugeben."/><jurisdiction><coding><system value="urn:iso:std:iso:3166"/><code value="CH"/></coding></jurisdiction><copyright value="CC0-1.0"/><compose><include><system value="http://fhir.ch/ig/ch-core/CodeSystem/bfs-medstats-21-encountertype"/><concept><code value="1"/><display value="allgemein"/><designation><language value="de-CH"/><value value="allgemein"/></designation><designation><language value="fr-CH"/><value value="Chambre commune"/></designation><designation><language value="it-CH"/><value value="comune"/></designation></concept><concept><code value="2"/><display value="halbprivat"/><designation><language value="de-CH"/><value value="halbprivat"/></designation><designation><language value="fr-CH"/><value value="Semi-privé"/></designation><designation><language value="it-CH"/><value value="semiprivata"/></designation></concept><concept><code value="3"/><display value="privat"/><designation><language value="de-CH"/><value value="privat"/></designation><designation><language value="fr-CH"/><value value="Privé"/></designation><designation><language value="it-CH"/><value value="privata"/></designation></concept><concept><code value="9"/><display value="unbekannt"/><designation><language value="de-CH"/><value value="unbekannt"/></designation><designation><language value="fr-CH"/><value value="Inconnu"/></designation><designation><language value="it-CH"/><value value="sconosciuto"/></designation></concept></include></compose></ValueSet>