{
  "package": "ch.fhir.ig.ch-epr-term",
  "version": "2.0.6",
  "fhirVersion": "4.0.1",
  "jurisdiction": "CH",
  "extensions": [],
  "profiles": {},
  "usage": {
    "http://hl7.org/fhir/StructureDefinition/resource-effectivePeriod": [
      "CodeSystem",
      "ValueSet"
    ],
    "http://hl7.org/fhir/StructureDefinition/valueset-concept-comments": [
      "ValueSet.compose.include.concept"
    ],
    "http://hl7.org/fhir/tools/StructureDefinition/ig-parameter": [
      "ImplementationGuide.definition"
    ],
    "http://hl7.org/fhir/tools/StructureDefinition/resource-information": [
      "ImplementationGuide.definition.resource"
    ]
  }
}