URL,Version,Status,OIDs,Name,Title,Descriptino,Used
http://fhir.ch/ig/ch-emed/CodeSystem/event-timing,4.0.1,active,,EventTiming,EventTiming,"Translations of concepts for event-timing",
http://fhir.ch/ig/ch-emed/CodeSystem/v3-TimingEvent,4.0.1,active,,TimingEvent,TimingEvent,"Translations of concepts for v3-TimingEvent",
urn:oid:0.4.0.127.0.16.1.1.2.1,4.0.1,active,"0.4.0.127.0.16.1.1.2.1",EdqmStandardTerms,EDQM - Standard Terms,"EDQM - Standard Terms used in Switzerland (aggregations of codes of ValueSets RouteOfAdministration, Dose Form, see original codes system defined in https://standardterms.edqm.eu/#)",
urn:oid:1.3.6.1.4.1.19376.1.9.2.1,4.0.1,active,"1.3.6.1.4.1.19376.1.9.2.1",IHEPharmaceuticalAdviceStatusList,IHE Pharmaceutical Advice Status List,"IHE Pharmaceutical Advice Status List",
