<?xml version="1.0" encoding="UTF-8"?>

<ValueSet xmlns="http://hl7.org/fhir">
  <id value="AccessAuditTrailEventType"/>
  <meta>
    <profile value="http://hl7.org/fhir/StructureDefinition/shareablevalueset"/>
  </meta>
  <text>
    <status value="generated"/><div xmlns="http://www.w3.org/1999/xhtml"><h2>AccessAuditTrailEventType</h2><div><p>ImplementationGuide for CH:ATC see Audit Trail Consumption</p>
</div><p>This value set includes codes from the following code systems:</p><ul><li>Include these codes as defined in <a href="CodeSystem-EprAuditTrailConsumptionEventType.html"><code>urn:oid:2.16.756.5.30.1.127.3.10.7</code></a><table class="none"><tr><td style="white-space:nowrap"><b>Code</b></td><td><b>Display</b></td></tr><tr><td><a href="CodeSystem-EprAuditTrailConsumptionEventType.html#EprAuditTrailConsumptionEventType-ATC_LOG_READ">ATC_LOG_READ</a></td><td>Accessing the Patient Audit Record Repository</td><td/></tr></table></li></ul></div>
  </text>
  <url value="http://fhir.ch/ig/ch-atc/ValueSet/AccessAuditTrailEventType"/>
  <version value="1.2.0"/>
  <name value="AccessAuditTrailEventType"/>
  <title value="AccessAuditTrailEventType"/>
  <status value="draft"/>
  <experimental value="false"/>
  <date value="2018-05-28T00:00:00+02:00"/>
  <publisher value="Federal Office of Public Health (FOPH)"/>
  <contact>
    <name value="FOPH"/>
    <telecom>
      <system value="url"/>
      <value value="https://www.bag.admin.ch/bag/en/home.html"/>
    </telecom>
  </contact>
  <contact>
    <name value="Oliver Egger"/>
    <telecom>
      <system value="email"/>
      <value value="oliver.egger@ahdis.ch"/>
    </telecom>
  </contact>
  <description value="ImplementationGuide for CH:ATC see Audit Trail Consumption"/>
  <immutable value="false"/>
  <compose>
    <include>
      <system value="urn:oid:2.16.756.5.30.1.127.3.10.7"/>
      <concept>
        <code value="ATC_LOG_READ"/>
      </concept>
    </include>
  </compose>
</ValueSet>