{
  "resourceType" : "Practitioner",
  "id" : "mCSD-Peer-to-peer-Practitioner-DrGmork",
  "meta" : {
    "profile" : ["http://fhir.ch/ig/ch-epr-fhir/StructureDefinition/CH.mCSD.Practitioner"]
  },
  "text" : {
    "status" : "generated",
    "div" : "<div xmlns=\"http://www.w3.org/1999/xhtml\"><p class=\"res-header-id\"><b>Generated Narrative: Practitioner mCSD-Peer-to-peer-Practitioner-DrGmork</b></p><a name=\"mCSD-Peer-to-peer-Practitioner-DrGmork\"> </a><a name=\"hcmCSD-Peer-to-peer-Practitioner-DrGmork\"> </a><a name=\"mCSD-Peer-to-peer-Practitioner-DrGmork-en-US\"> </a><div style=\"display: inline-block; background-color: #d9e0e7; padding: 6px; margin: 4px; border: 1px solid #8da1b4; border-radius: 5px; line-height: 60%\"><p style=\"margin-bottom: 0px\"/><p style=\"margin-bottom: 0px\">Profile: <a href=\"StructureDefinition-CH.mCSD.Practitioner.html\">CH mCSD Practitioner</a></p></div><p><b>identifier</b>: <a href=\"https://www.gs1.org/standards/id-keys/gln\" title=\"Global Location Number\">GLN</a>/7601000394385, <a href=\"NamingSystem-Ldap.html\" title=\"NamingSystem for Lightweight Directory Access Protocol (LDAP); [https://www.ietf.org/rfc/rfc4514.html](https://www.ietf.org/rfc/rfc4514.html).\">LDAP</a>/uid=CommunityA:00000004002,OU=HCProfessional,DC=HPD,O=BAG,C=ch</p><p><b>active</b>: true</p><p><b>name</b>: Gisi Gmork</p><p><b>telecom</b>: <a href=\"mailto:gGmork@email.com\">gGmork@email.com</a>, <a href=\"tel:+41320010099\">+41 32 001 00 99</a></p><p><b>gender</b>: Male</p><blockquote><p><b>qualification</b></p><p><b>code</b>: <span title=\"Codes:{http://snomed.info/sct 309343006}\">Physician</span></p></blockquote><blockquote><p><b>qualification</b></p><p><b>code</b>: <span title=\"Codes:{urn:oid:2.16.756.5.30.1.127.3.5 1051}\">General internal medicine</span></p></blockquote><p><b>communication</b>: <span title=\"Codes:{urn:ietf:bcp:47 fr}\">French</span>, <span title=\"Codes:{urn:ietf:bcp:47 en}\">English</span>, <span title=\"Codes:{urn:ietf:bcp:47 it}\">Italian</span></p></div>"
  },
  "identifier" : [{
    "system" : "urn:oid:2.51.1.3",
    "value" : "7601000394385"
  },
  {
    "system" : "urn:ietf:rfc:4514",
    "value" : "uid=CommunityA:00000004002,OU=HCProfessional,DC=HPD,O=BAG,C=ch"
  }],
  "active" : true,
  "name" : [{
    "text" : "Gisi Gmork",
    "family" : "Gmork",
    "given" : ["Gisi"],
    "prefix" : ["Dr."]
  }],
  "telecom" : [{
    "system" : "email",
    "value" : "gGmork@email.com"
  },
  {
    "system" : "phone",
    "value" : "+41 32 001 00 99"
  }],
  "gender" : "male",
  "qualification" : [{
    "code" : {
      "coding" : [{
        "system" : "http://snomed.info/sct",
        "code" : "309343006",
        "display" : "Physician"
      }]
    }
  },
  {
    "code" : {
      "coding" : [{
        "system" : "urn:oid:2.16.756.5.30.1.127.3.5",
        "code" : "1051",
        "display" : "General internal medicine"
      }]
    }
  }],
  "communication" : [{
    "coding" : [{
      "system" : "urn:ietf:bcp:47",
      "code" : "fr"
    }]
  },
  {
    "coding" : [{
      "system" : "urn:ietf:bcp:47",
      "code" : "en"
    }]
  },
  {
    "coding" : [{
      "system" : "urn:ietf:bcp:47",
      "code" : "it"
    }]
  }]
}