{
  "resourceType": "CodeSystem",
  "id": "2.16.756.5.30.1.127.3.10.12",
  "meta": {
    "source": "http://art-decor.org/fhir/ValueSet/2.16.756.5.30.1.127.3.10.1.13--20191103112828"
  },
  "text": {
    "status": "generated",
    "div": "<div xmlns=\"http://www.w3.org/1999/xhtml\"><h2>ch-ehealth-codesystem-language</h2><div><p>Document language as per Annex 3  EPRO-FDHA. Defines the language in which the document was written.</p>\n</div><p>This code system urn:oid:2.16.756.5.30.1.127.3.10.12 defines the following codes:</p><table class=\"codes\"><tr><td style=\"white-space:nowrap\"><b>Code</b></td><td><b>Display</b></td><td><b>Definition</b></td></tr><tr><td style=\"white-space:nowrap\">OTHER<a name=\"2.16.756.5.30.1.127.3.10.12-OTHER\"> </a></td><td>Other language</td><td/></tr></table></div>"
  },
  "extension": [
    {
      "url": "http://hl7.org/fhir/StructureDefinition/resource-effectivePeriod",
      "valuePeriod": {
        "start": "2019-11-03T11:28:28+01:00"
      }
    }
  ],
  "url": "urn:oid:2.16.756.5.30.1.127.3.10.12",
  "identifier": [
    {
      "use": "official",
      "system": "http://art-decor.org/ns/oids/vs",
      "value": "2.16.756.5.30.1.127.3.10.1.13"
    }
  ],
  "version": "2.0.1",
  "name": "ChEhealthCodesystemLanguage",
  "title": "ch-ehealth-codesystem-language",
  "status": "active",
  "experimental": false,
  "date": "2019-11-15T10:02:59+01:00",
  "publisher": "eHealth Suisse",
  "contact": [
    {
      "name": "eHealth Suisse",
      "telecom": [
        {
          "system": "url",
          "value": "www.e-health-suisse.ch"
        }
      ]
    }
  ],
  "description": "Document language as per Annex 3  EPRO-FDHA. Defines the language in which the document was written.\n    ",
  "content": "complete",
  "concept": [
    {
      "code": "OTHER",
      "display": "Other language",
      "designation": [
        {
          "language": "de-CH",
          "value": "Andere Sprache"
        },
        {
          "language": "fr-CH",
          "value": "Autre langue"
        },
        {
          "language": "it-CH",
          "value": "Altra lingua"
        },
        {
          "language": "en-US",
          "value": "Other language"
        },
        {
          "language": "rm-CH",
          "value": "TODO"
        }
      ]
    }
  ]
}