{"resourceType":"CodeSystem","id":"nkrs-msuffixofpt","text":{"status":"generated","div":"<div xmlns=\"http://www.w3.org/1999/xhtml\"><p>This code system http://fhir.ch/ig/ch-crl/CodeSystem/nkrs-msuffixofpt defines the following codes:</p><table class=\"codes\"><tr><td style=\"white-space:nowrap\"><b>Code</b></td><td><b>Display</b></td></tr><tr><td style=\"white-space:nowrap\">m<a name=\"nkrs-msuffixofpt-m\"> </a></td><td>Unspecified multiplicity</td></tr></table></div>"},"url":"http://fhir.ch/ig/ch-crl/CodeSystem/nkrs-msuffixofpt","version":"0.9.0","name":"NkrsmSuffixOfpT","title":"NKRS - m-Suffix of pT","status":"active","date":"2022-02-04T14:14:21+01:00","publisher":"Bundesamt für Gesundheit BAG","contact":[{"name":"Bundesamt für Gesundheit BAG","telecom":[{"system":"url","value":"https://www.bag.admin.ch/"}]}],"description":"The data item records the unspecified multiplicity of multiple primary tumours at a single site. \r\n\r\n**m-Suffix of pT (Variable number: 4.9)** \r\nin \\'NATIONAL CANCER DATA DICTIONARY, V 1.1, Part A, BASIC VARIABLES for Adults, Adolescents, and Children (23.12.2019)\\'\r\n([EN](https://www.nacr.ch/assets/files/uploads/a-datadictionary-basicvariables-v1.1.pdf), \r\n[DE](https://www.nkrs.ch/assets/files/uploads/a-datenstruktur-variablen-der-basisdaten-v1.1.pdf), \r\n[FR](https://www.onec.ch/assets/files/uploads/a-dict-des-donnees-variables-de-base-v1.1.pdf), \r\n[IT](https://www.snrt.ch/assets/files/uploads/a-dati-oncologici-variabili-di-base-v1.1.pdf))","jurisdiction":[{"coding":[{"system":"urn:iso:std:iso:3166","code":"CH"}]}],"copyright":"CC-BY-SA-4.0","caseSensitive":true,"valueSet":"http://fhir.ch/ig/ch-crl/ValueSet/nkrs-msuffixofpt","content":"complete","count":1,"concept":[{"code":"m","display":"Unspecified multiplicity"}]}