{"resourceType":"ValueSet","id":"ech-46-phonecategory","text":{"status":"generated","div":"<div xmlns=\"http://www.w3.org/1999/xhtml\"><p class=\"res-header-id\"><b>Generated Narrative: ValueSet ech-46-phonecategory</b></p><a name=\"ech-46-phonecategory\"> </a><a name=\"hcech-46-phonecategory\"> </a><a name=\"ech-46-phonecategory-en-US\"> </a><ul><li>Include all codes defined in <a href=\"CodeSystem-ech-46-phonecategory.html\"><code>http://fhir.ch/ig/ch-core/CodeSystem/ech-46-phonecategory</code></a></li></ul></div>"},"url":"http://fhir.ch/ig/ch-core/ValueSet/ech-46-phonecategory","version":"3.1.0","name":"ECH46PhoneCategory","title":"eCH-0046 Phone Category","status":"active","experimental":false,"date":"2023-03-10","publisher":"HL7 Switzerland","contact":[{"name":"HL7 Switzerland","telecom":[{"system":"url","value":"https://www.hl7.ch/"}]},{"name":"HL7 Switzerland","telecom":[{"system":"url","value":"https://www.hl7.ch/","use":"work"}]}],"description":"eCH-0046 defines these types of phone categories","jurisdiction":[{"coding":[{"system":"urn:iso:std:iso:3166","code":"CH"}]}],"copyright":"CC0-1.0","compose":{"include":[{"system":"http://fhir.ch/ig/ch-core/CodeSystem/ech-46-phonecategory"}]}}