{
  "resourceType" : "StructureDefinition",
  "id" : "ch-ext-elm-status",
  "text" : {
    "status" : "extensions",
    "div" : "<div xmlns=\"http://www.w3.org/1999/xhtml\">Placeholder</div>"
  },
  "url" : "http://fhir.ch/ig/ch-elm/StructureDefinition/ch-ext-elm-status",
  "version" : "1.0.0-trialuse",
  "name" : "ChExtElmStatus",
  "title" : "Status of the processing of the document",
  "status" : "draft",
  "date" : "2023-09-13T14:45:41+02:00",
  "publisher" : "Federal Office of Public Health FOPH",
  "contact" : [{
    "name" : "Federal Office of Public Health FOPH",
    "telecom" : [{
      "system" : "url",
      "value" : "https://www.bag.admin.ch/bag/en/home/das-bag/kontakt-standort.html"
    }]
  }],
  "description" : "Extension to define the status of the processing of the document",
  "jurisdiction" : [{
    "coding" : [{
      "system" : "urn:iso:std:iso:3166",
      "code" : "CHE"
    }]
  }],
  "copyright" : "CC0-1.0",
  "fhirVersion" : "4.0.1",
  "mapping" : [{
    "identity" : "rim",
    "uri" : "http://hl7.org/v3",
    "name" : "RIM Mapping"
  }],
  "kind" : "complex-type",
  "abstract" : false,
  "context" : [{
    "type" : "element",
    "expression" : "DocumentReference"
  }],
  "type" : "Extension",
  "baseDefinition" : "http://hl7.org/fhir/StructureDefinition/Extension",
  "derivation" : "constraint",
  "snapshot" : {
    "element" : [{
      "id" : "Extension",
      "path" : "Extension",
      "short" : "Status of the processing of the document",
      "definition" : "Extension to define the status of the processing of the document",
      "min" : 0,
      "max" : "*",
      "base" : {
        "path" : "Extension",
        "min" : 0,
        "max" : "*"
      },
      "condition" : ["ele-1"],
      "constraint" : [{
        "key" : "ele-1",
        "severity" : "error",
        "human" : "All FHIR elements must have a @value or children",
        "expression" : "hasValue() or (children().count() > id.count())",
        "xpath" : "@value|f:*|h:div",
        "source" : "http://hl7.org/fhir/StructureDefinition/Element"
      },
      {
        "key" : "ext-1",
        "severity" : "error",
        "human" : "Must have either extensions or value[x], not both",
        "expression" : "extension.exists() != value.exists()",
        "xpath" : "exists(f:extension)!=exists(f:*[starts-with(local-name(.), 'value')])",
        "source" : "http://hl7.org/fhir/StructureDefinition/Extension"
      }],
      "isModifier" : false
    },
    {
      "id" : "Extension.id",
      "path" : "Extension.id",
      "representation" : ["xmlAttr"],
      "short" : "Unique id for inter-element referencing",
      "definition" : "Unique id for the element within a resource (for internal references). This may be any string value that does not contain spaces.",
      "min" : 0,
      "max" : "1",
      "base" : {
        "path" : "Element.id",
        "min" : 0,
        "max" : "1"
      },
      "type" : [{
        "extension" : [{
          "url" : "http://hl7.org/fhir/StructureDefinition/structuredefinition-fhir-type",
          "valueUrl" : "string"
        }],
        "code" : "http://hl7.org/fhirpath/System.String"
      }],
      "isModifier" : false,
      "isSummary" : false,
      "mapping" : [{
        "identity" : "rim",
        "map" : "n/a"
      }]
    },
    {
      "id" : "Extension.extension",
      "path" : "Extension.extension",
      "slicing" : {
        "discriminator" : [{
          "type" : "value",
          "path" : "url"
        }],
        "description" : "Extensions are always sliced by (at least) url",
        "rules" : "open"
      },
      "short" : "Extension",
      "definition" : "An Extension",
      "min" : 1,
      "max" : "*",
      "base" : {
        "path" : "Element.extension",
        "min" : 0,
        "max" : "*"
      },
      "type" : [{
        "code" : "Extension"
      }],
      "constraint" : [{
        "key" : "ele-1",
        "severity" : "error",
        "human" : "All FHIR elements must have a @value or children",
        "expression" : "hasValue() or (children().count() > id.count())",
        "xpath" : "@value|f:*|h:div",
        "source" : "http://hl7.org/fhir/StructureDefinition/Element"
      },
      {
        "key" : "ext-1",
        "severity" : "error",
        "human" : "Must have either extensions or value[x], not both",
        "expression" : "extension.exists() != value.exists()",
        "xpath" : "exists(f:extension)!=exists(f:*[starts-with(local-name(.), \"value\")])",
        "source" : "http://hl7.org/fhir/StructureDefinition/Extension"
      }],
      "isModifier" : false,
      "isSummary" : false
    },
    {
      "id" : "Extension.extension:status",
      "path" : "Extension.extension",
      "sliceName" : "status",
      "short" : "Status of the processing of the document",
      "definition" : "An Extension",
      "min" : 1,
      "max" : "1",
      "base" : {
        "path" : "Element.extension",
        "min" : 0,
        "max" : "*"
      },
      "type" : [{
        "code" : "Extension"
      }],
      "constraint" : [{
        "key" : "ele-1",
        "severity" : "error",
        "human" : "All FHIR elements must have a @value or children",
        "expression" : "hasValue() or (children().count() > id.count())",
        "xpath" : "@value|f:*|h:div",
        "source" : "http://hl7.org/fhir/StructureDefinition/Element"
      },
      {
        "key" : "ext-1",
        "severity" : "error",
        "human" : "Must have either extensions or value[x], not both",
        "expression" : "extension.exists() != value.exists()",
        "xpath" : "exists(f:extension)!=exists(f:*[starts-with(local-name(.), \"value\")])",
        "source" : "http://hl7.org/fhir/StructureDefinition/Extension"
      }],
      "isModifier" : false,
      "isSummary" : false
    },
    {
      "id" : "Extension.extension:status.id",
      "path" : "Extension.extension.id",
      "representation" : ["xmlAttr"],
      "short" : "Unique id for inter-element referencing",
      "definition" : "Unique id for the element within a resource (for internal references). This may be any string value that does not contain spaces.",
      "min" : 0,
      "max" : "1",
      "base" : {
        "path" : "Element.id",
        "min" : 0,
        "max" : "1"
      },
      "type" : [{
        "extension" : [{
          "url" : "http://hl7.org/fhir/StructureDefinition/structuredefinition-fhir-type",
          "valueUrl" : "string"
        }],
        "code" : "http://hl7.org/fhirpath/System.String"
      }],
      "isModifier" : false,
      "isSummary" : false,
      "mapping" : [{
        "identity" : "rim",
        "map" : "n/a"
      }]
    },
    {
      "id" : "Extension.extension:status.extension",
      "path" : "Extension.extension.extension",
      "slicing" : {
        "discriminator" : [{
          "type" : "value",
          "path" : "url"
        }],
        "description" : "Extensions are always sliced by (at least) url",
        "rules" : "open"
      },
      "short" : "Extension",
      "definition" : "An Extension",
      "min" : 0,
      "max" : "0",
      "base" : {
        "path" : "Element.extension",
        "min" : 0,
        "max" : "*"
      },
      "type" : [{
        "code" : "Extension"
      }],
      "constraint" : [{
        "key" : "ele-1",
        "severity" : "error",
        "human" : "All FHIR elements must have a @value or children",
        "expression" : "hasValue() or (children().count() > id.count())",
        "xpath" : "@value|f:*|h:div",
        "source" : "http://hl7.org/fhir/StructureDefinition/Element"
      },
      {
        "key" : "ext-1",
        "severity" : "error",
        "human" : "Must have either extensions or value[x], not both",
        "expression" : "extension.exists() != value.exists()",
        "xpath" : "exists(f:extension)!=exists(f:*[starts-with(local-name(.), \"value\")])",
        "source" : "http://hl7.org/fhir/StructureDefinition/Extension"
      }],
      "isModifier" : false,
      "isSummary" : false
    },
    {
      "id" : "Extension.extension:status.url",
      "path" : "Extension.extension.url",
      "representation" : ["xmlAttr"],
      "short" : "identifies the meaning of the extension",
      "definition" : "Source of the definition for the extension code - a logical name or a URL.",
      "comment" : "The definition may point directly to a computable or human-readable definition of the extensibility codes, or it may be a logical URI as declared in some other specification. The definition SHALL be a URI for the Structure Definition defining the extension.",
      "min" : 1,
      "max" : "1",
      "base" : {
        "path" : "Extension.url",
        "min" : 1,
        "max" : "1"
      },
      "type" : [{
        "extension" : [{
          "url" : "http://hl7.org/fhir/StructureDefinition/structuredefinition-fhir-type",
          "valueUrl" : "uri"
        }],
        "code" : "http://hl7.org/fhirpath/System.String"
      }],
      "fixedUri" : "status",
      "isModifier" : false,
      "isSummary" : false,
      "mapping" : [{
        "identity" : "rim",
        "map" : "N/A"
      }]
    },
    {
      "id" : "Extension.extension:status.value[x]",
      "path" : "Extension.extension.value[x]",
      "slicing" : {
        "discriminator" : [{
          "type" : "type",
          "path" : "$this"
        }],
        "ordered" : false,
        "rules" : "closed"
      },
      "short" : "Value of extension",
      "definition" : "Value of extension - must be one of a constrained set of the data types (see [Extensibility](http://hl7.org/fhir/R4/extensibility.html) for a list).",
      "min" : 1,
      "max" : "1",
      "base" : {
        "path" : "Extension.value[x]",
        "min" : 0,
        "max" : "1"
      },
      "type" : [{
        "code" : "code"
      }],
      "constraint" : [{
        "key" : "ele-1",
        "severity" : "error",
        "human" : "All FHIR elements must have a @value or children",
        "expression" : "hasValue() or (children().count() > id.count())",
        "xpath" : "@value|f:*|h:div",
        "source" : "http://hl7.org/fhir/StructureDefinition/Element"
      }],
      "isModifier" : false,
      "isSummary" : false,
      "mapping" : [{
        "identity" : "rim",
        "map" : "N/A"
      }]
    },
    {
      "id" : "Extension.extension:status.value[x]:valueCode",
      "path" : "Extension.extension.value[x]",
      "sliceName" : "valueCode",
      "short" : "Code to indicate the status of the processing of the document",
      "definition" : "Value of extension - must be one of a constrained set of the data types (see [Extensibility](http://hl7.org/fhir/R4/extensibility.html) for a list).",
      "min" : 1,
      "max" : "1",
      "base" : {
        "path" : "Extension.value[x]",
        "min" : 0,
        "max" : "1"
      },
      "type" : [{
        "code" : "code"
      }],
      "constraint" : [{
        "key" : "ele-1",
        "severity" : "error",
        "human" : "All FHIR elements must have a @value or children",
        "expression" : "hasValue() or (children().count() > id.count())",
        "xpath" : "@value|f:*|h:div",
        "source" : "http://hl7.org/fhir/StructureDefinition/Element"
      }],
      "isModifier" : false,
      "isSummary" : false,
      "binding" : {
        "strength" : "required",
        "valueSet" : "http://fhir.ch/ig/ch-elm/ValueSet/ch-elm-status"
      },
      "mapping" : [{
        "identity" : "rim",
        "map" : "N/A"
      }]
    },
    {
      "id" : "Extension.extension:outcome",
      "path" : "Extension.extension",
      "sliceName" : "outcome",
      "short" : "Timestamp of the authorship/data input",
      "definition" : "An Extension",
      "min" : 0,
      "max" : "1",
      "base" : {
        "path" : "Element.extension",
        "min" : 0,
        "max" : "*"
      },
      "type" : [{
        "code" : "Extension"
      }],
      "constraint" : [{
        "key" : "ele-1",
        "severity" : "error",
        "human" : "All FHIR elements must have a @value or children",
        "expression" : "hasValue() or (children().count() > id.count())",
        "xpath" : "@value|f:*|h:div",
        "source" : "http://hl7.org/fhir/StructureDefinition/Element"
      },
      {
        "key" : "ext-1",
        "severity" : "error",
        "human" : "Must have either extensions or value[x], not both",
        "expression" : "extension.exists() != value.exists()",
        "xpath" : "exists(f:extension)!=exists(f:*[starts-with(local-name(.), \"value\")])",
        "source" : "http://hl7.org/fhir/StructureDefinition/Extension"
      }],
      "isModifier" : false,
      "isSummary" : false
    },
    {
      "id" : "Extension.extension:outcome.id",
      "path" : "Extension.extension.id",
      "representation" : ["xmlAttr"],
      "short" : "Unique id for inter-element referencing",
      "definition" : "Unique id for the element within a resource (for internal references). This may be any string value that does not contain spaces.",
      "min" : 0,
      "max" : "1",
      "base" : {
        "path" : "Element.id",
        "min" : 0,
        "max" : "1"
      },
      "type" : [{
        "extension" : [{
          "url" : "http://hl7.org/fhir/StructureDefinition/structuredefinition-fhir-type",
          "valueUrl" : "string"
        }],
        "code" : "http://hl7.org/fhirpath/System.String"
      }],
      "isModifier" : false,
      "isSummary" : false,
      "mapping" : [{
        "identity" : "rim",
        "map" : "n/a"
      }]
    },
    {
      "id" : "Extension.extension:outcome.extension",
      "path" : "Extension.extension.extension",
      "slicing" : {
        "discriminator" : [{
          "type" : "value",
          "path" : "url"
        }],
        "description" : "Extensions are always sliced by (at least) url",
        "rules" : "open"
      },
      "short" : "Extension",
      "definition" : "An Extension",
      "min" : 0,
      "max" : "0",
      "base" : {
        "path" : "Element.extension",
        "min" : 0,
        "max" : "*"
      },
      "type" : [{
        "code" : "Extension"
      }],
      "constraint" : [{
        "key" : "ele-1",
        "severity" : "error",
        "human" : "All FHIR elements must have a @value or children",
        "expression" : "hasValue() or (children().count() > id.count())",
        "xpath" : "@value|f:*|h:div",
        "source" : "http://hl7.org/fhir/StructureDefinition/Element"
      },
      {
        "key" : "ext-1",
        "severity" : "error",
        "human" : "Must have either extensions or value[x], not both",
        "expression" : "extension.exists() != value.exists()",
        "xpath" : "exists(f:extension)!=exists(f:*[starts-with(local-name(.), \"value\")])",
        "source" : "http://hl7.org/fhir/StructureDefinition/Extension"
      }],
      "isModifier" : false,
      "isSummary" : false
    },
    {
      "id" : "Extension.extension:outcome.url",
      "path" : "Extension.extension.url",
      "representation" : ["xmlAttr"],
      "short" : "identifies the meaning of the extension",
      "definition" : "Source of the definition for the extension code - a logical name or a URL.",
      "comment" : "The definition may point directly to a computable or human-readable definition of the extensibility codes, or it may be a logical URI as declared in some other specification. The definition SHALL be a URI for the Structure Definition defining the extension.",
      "min" : 1,
      "max" : "1",
      "base" : {
        "path" : "Extension.url",
        "min" : 1,
        "max" : "1"
      },
      "type" : [{
        "extension" : [{
          "url" : "http://hl7.org/fhir/StructureDefinition/structuredefinition-fhir-type",
          "valueUrl" : "uri"
        }],
        "code" : "http://hl7.org/fhirpath/System.String"
      }],
      "fixedUri" : "outcome",
      "isModifier" : false,
      "isSummary" : false,
      "mapping" : [{
        "identity" : "rim",
        "map" : "N/A"
      }]
    },
    {
      "id" : "Extension.extension:outcome.value[x]",
      "path" : "Extension.extension.value[x]",
      "slicing" : {
        "discriminator" : [{
          "type" : "type",
          "path" : "$this"
        }],
        "ordered" : false,
        "rules" : "closed"
      },
      "short" : "Value of extension",
      "definition" : "Value of extension - must be one of a constrained set of the data types (see [Extensibility](http://hl7.org/fhir/R4/extensibility.html) for a list).",
      "min" : 1,
      "max" : "1",
      "base" : {
        "path" : "Extension.value[x]",
        "min" : 0,
        "max" : "1"
      },
      "type" : [{
        "code" : "Reference"
      }],
      "constraint" : [{
        "key" : "ele-1",
        "severity" : "error",
        "human" : "All FHIR elements must have a @value or children",
        "expression" : "hasValue() or (children().count() > id.count())",
        "xpath" : "@value|f:*|h:div",
        "source" : "http://hl7.org/fhir/StructureDefinition/Element"
      }],
      "isModifier" : false,
      "isSummary" : false,
      "mapping" : [{
        "identity" : "rim",
        "map" : "N/A"
      }]
    },
    {
      "id" : "Extension.extension:outcome.value[x]:valueReference",
      "path" : "Extension.extension.value[x]",
      "sliceName" : "valueReference",
      "short" : "reference to contained OperationOutcome if processing failed",
      "definition" : "Value of extension - must be one of a constrained set of the data types (see [Extensibility](http://hl7.org/fhir/R4/extensibility.html) for a list).",
      "min" : 1,
      "max" : "1",
      "base" : {
        "path" : "Extension.value[x]",
        "min" : 0,
        "max" : "1"
      },
      "type" : [{
        "code" : "Reference",
        "targetProfile" : ["http://hl7.org/fhir/StructureDefinition/OperationOutcome"],
        "aggregation" : ["contained"]
      }],
      "constraint" : [{
        "key" : "ele-1",
        "severity" : "error",
        "human" : "All FHIR elements must have a @value or children",
        "expression" : "hasValue() or (children().count() > id.count())",
        "xpath" : "@value|f:*|h:div",
        "source" : "http://hl7.org/fhir/StructureDefinition/Element"
      }],
      "isModifier" : false,
      "isSummary" : false,
      "mapping" : [{
        "identity" : "rim",
        "map" : "N/A"
      }]
    },
    {
      "id" : "Extension.url",
      "path" : "Extension.url",
      "representation" : ["xmlAttr"],
      "short" : "identifies the meaning of the extension",
      "definition" : "Source of the definition for the extension code - a logical name or a URL.",
      "comment" : "The definition may point directly to a computable or human-readable definition of the extensibility codes, or it may be a logical URI as declared in some other specification. The definition SHALL be a URI for the Structure Definition defining the extension.",
      "min" : 1,
      "max" : "1",
      "base" : {
        "path" : "Extension.url",
        "min" : 1,
        "max" : "1"
      },
      "type" : [{
        "extension" : [{
          "url" : "http://hl7.org/fhir/StructureDefinition/structuredefinition-fhir-type",
          "valueUrl" : "uri"
        }],
        "code" : "http://hl7.org/fhirpath/System.String"
      }],
      "fixedUri" : "http://fhir.ch/ig/ch-elm/StructureDefinition/ch-ext-elm-status",
      "isModifier" : false,
      "isSummary" : false,
      "mapping" : [{
        "identity" : "rim",
        "map" : "N/A"
      }]
    },
    {
      "id" : "Extension.value[x]",
      "path" : "Extension.value[x]",
      "short" : "Value of extension",
      "definition" : "Value of extension - must be one of a constrained set of the data types (see [Extensibility](http://hl7.org/fhir/R4/extensibility.html) for a list).",
      "min" : 0,
      "max" : "0",
      "base" : {
        "path" : "Extension.value[x]",
        "min" : 0,
        "max" : "1"
      },
      "type" : [{
        "code" : "base64Binary"
      },
      {
        "code" : "boolean"
      },
      {
        "code" : "canonical"
      },
      {
        "code" : "code"
      },
      {
        "code" : "date"
      },
      {
        "code" : "dateTime"
      },
      {
        "code" : "decimal"
      },
      {
        "code" : "id"
      },
      {
        "code" : "instant"
      },
      {
        "code" : "integer"
      },
      {
        "code" : "markdown"
      },
      {
        "code" : "oid"
      },
      {
        "code" : "positiveInt"
      },
      {
        "code" : "string"
      },
      {
        "code" : "time"
      },
      {
        "code" : "unsignedInt"
      },
      {
        "code" : "uri"
      },
      {
        "code" : "url"
      },
      {
        "code" : "uuid"
      },
      {
        "code" : "Address"
      },
      {
        "code" : "Age"
      },
      {
        "code" : "Annotation"
      },
      {
        "code" : "Attachment"
      },
      {
        "code" : "CodeableConcept"
      },
      {
        "code" : "Coding"
      },
      {
        "code" : "ContactPoint"
      },
      {
        "code" : "Count"
      },
      {
        "code" : "Distance"
      },
      {
        "code" : "Duration"
      },
      {
        "code" : "HumanName"
      },
      {
        "code" : "Identifier"
      },
      {
        "code" : "Money"
      },
      {
        "code" : "Period"
      },
      {
        "code" : "Quantity"
      },
      {
        "code" : "Range"
      },
      {
        "code" : "Ratio"
      },
      {
        "code" : "Reference"
      },
      {
        "code" : "SampledData"
      },
      {
        "code" : "Signature"
      },
      {
        "code" : "Timing"
      },
      {
        "code" : "ContactDetail"
      },
      {
        "code" : "Contributor"
      },
      {
        "code" : "DataRequirement"
      },
      {
        "code" : "Expression"
      },
      {
        "code" : "ParameterDefinition"
      },
      {
        "code" : "RelatedArtifact"
      },
      {
        "code" : "TriggerDefinition"
      },
      {
        "code" : "UsageContext"
      },
      {
        "code" : "Dosage"
      },
      {
        "code" : "Meta"
      }],
      "constraint" : [{
        "key" : "ele-1",
        "severity" : "error",
        "human" : "All FHIR elements must have a @value or children",
        "expression" : "hasValue() or (children().count() > id.count())",
        "xpath" : "@value|f:*|h:div",
        "source" : "http://hl7.org/fhir/StructureDefinition/Element"
      }],
      "isModifier" : false,
      "isSummary" : false,
      "mapping" : [{
        "identity" : "rim",
        "map" : "N/A"
      }]
    }]
  },
  "differential" : {
    "element" : [{
      "id" : "Extension",
      "path" : "Extension",
      "short" : "Status of the processing of the document",
      "definition" : "Extension to define the status of the processing of the document"
    },
    {
      "id" : "Extension.extension",
      "path" : "Extension.extension",
      "min" : 1
    },
    {
      "id" : "Extension.extension:status",
      "path" : "Extension.extension",
      "sliceName" : "status",
      "short" : "Status of the processing of the document",
      "min" : 1,
      "max" : "1"
    },
    {
      "id" : "Extension.extension:status.extension",
      "path" : "Extension.extension.extension",
      "max" : "0"
    },
    {
      "id" : "Extension.extension:status.url",
      "path" : "Extension.extension.url",
      "fixedUri" : "status"
    },
    {
      "id" : "Extension.extension:status.value[x]",
      "path" : "Extension.extension.value[x]",
      "slicing" : {
        "discriminator" : [{
          "type" : "type",
          "path" : "$this"
        }],
        "ordered" : false,
        "rules" : "open"
      },
      "min" : 1
    },
    {
      "id" : "Extension.extension:status.value[x]:valueCode",
      "path" : "Extension.extension.value[x]",
      "sliceName" : "valueCode",
      "short" : "Code to indicate the status of the processing of the document",
      "min" : 1,
      "max" : "1",
      "type" : [{
        "code" : "code"
      }],
      "binding" : {
        "strength" : "required",
        "valueSet" : "http://fhir.ch/ig/ch-elm/ValueSet/ch-elm-status"
      }
    },
    {
      "id" : "Extension.extension:outcome",
      "path" : "Extension.extension",
      "sliceName" : "outcome",
      "short" : "Timestamp of the authorship/data input",
      "min" : 0,
      "max" : "1"
    },
    {
      "id" : "Extension.extension:outcome.extension",
      "path" : "Extension.extension.extension",
      "max" : "0"
    },
    {
      "id" : "Extension.extension:outcome.url",
      "path" : "Extension.extension.url",
      "fixedUri" : "outcome"
    },
    {
      "id" : "Extension.extension:outcome.value[x]",
      "path" : "Extension.extension.value[x]",
      "slicing" : {
        "discriminator" : [{
          "type" : "type",
          "path" : "$this"
        }],
        "ordered" : false,
        "rules" : "open"
      },
      "min" : 1
    },
    {
      "id" : "Extension.extension:outcome.value[x]:valueReference",
      "path" : "Extension.extension.value[x]",
      "sliceName" : "valueReference",
      "short" : "reference to contained OperationOutcome if processing failed",
      "min" : 1,
      "max" : "1",
      "type" : [{
        "code" : "Reference",
        "targetProfile" : ["http://hl7.org/fhir/StructureDefinition/OperationOutcome"],
        "aggregation" : ["contained"]
      }]
    },
    {
      "id" : "Extension.url",
      "path" : "Extension.url",
      "fixedUri" : "http://fhir.ch/ig/ch-elm/StructureDefinition/ch-ext-elm-status"
    },
    {
      "id" : "Extension.value[x]",
      "path" : "Extension.value[x]",
      "max" : "0"
    }]
  }
}