<?xml version="1.0" encoding="UTF-8"?>

<QuestionnaireResponse xmlns="http://hl7.org/fhir">
  <id value="qr-order-referral-form"/>
  <meta>
    <profile value="http://fhir.ch/ig/ch-orf/StructureDefinition/ch-orf-questionnaireresponse"/>
  </meta>
  <text>
    <status value="generated"/><div xmlns="http://www.w3.org/1999/xhtml"><p><b>Generated Narrative</b></p><p><b>questionnaire</b>: <a href="http://fhir.ch/ig/ch-orf/Questionnaire/order-referral-form">http://fhir.ch/ig/ch-orf/Questionnaire/order-referral-form</a></p><p><b>status</b>: completed</p><blockquote><p><b>item</b></p><p><b>linkId</b>: order</p><p><b>text</b>: Auftrag</p><blockquote><p><b>item</b></p><p><b>linkId</b>: order.title</p><p><b>text</b>: Titel</p><h3>Answers</h3><table class="grid"><tr><td>-</td></tr><tr><td>*</td></tr></table></blockquote><blockquote><p><b>item</b></p><p><b>linkId</b>: order.type</p><p><b>text</b>: Typ</p><h3>Answers</h3><table class="grid"><tr><td>-</td></tr><tr><td>*</td></tr></table></blockquote><blockquote><p><b>item</b></p><p><b>linkId</b>: order.category</p><p><b>text</b>: Kategorie</p><h3>Answers</h3><table class="grid"><tr><td>-</td></tr><tr><td>*</td></tr></table></blockquote><blockquote><p><b>item</b></p><p><b>linkId</b>: order.placerOrderIdentifier</p><p><b>text</b>: Auftragsnummer des Auftraggebers</p><h3>Answers</h3><table class="grid"><tr><td>-</td></tr><tr><td>*</td></tr></table></blockquote><blockquote><p><b>item</b></p><p><b>linkId</b>: order.placerOrderIdentifierDomain</p><p><b>text</b>: Identifier Domain der Auftragsnummer des Auftraggebers</p><h3>Answers</h3><table class="grid"><tr><td>-</td></tr><tr><td>*</td></tr></table></blockquote><blockquote><p><b>item</b></p><p><b>linkId</b>: order.fillerOrderIdentifier</p><p><b>text</b>: Auftragsnummer des Auftragsempfängers</p><h3>Answers</h3><table class="grid"><tr><td>-</td></tr><tr><td>*</td></tr></table></blockquote><blockquote><p><b>item</b></p><p><b>linkId</b>: order.fillerOrderIdentifierDomain</p><p><b>text</b>: Identifier Domain der Auftragsnummer des Auftragsempfängers</p><h3>Answers</h3><table class="grid"><tr><td>-</td></tr><tr><td>*</td></tr></table></blockquote><blockquote><p><b>item</b></p><p><b>linkId</b>: order.precedentDocumentIdentifier</p><p><b>text</b>: Identifier des Vorgängerdokuments</p><h3>Answers</h3><table class="grid"><tr><td>-</td></tr><tr><td>*</td></tr></table></blockquote><blockquote><p><b>item</b></p><p><b>linkId</b>: order.notificationContactDocument</p><p><b>text</b>: Dringender Benachrichtigungskontakt für dieses Dokument</p><h3>Items</h3><table class="grid"><tr><td>-</td></tr><tr><td>*</td></tr></table></blockquote><blockquote><p><b>item</b></p><p><b>linkId</b>: order.notificationContactDocumentResponse</p><p><b>text</b>: Dringender Benachrichtigungskontakt für die Antwort auf dieses Dokument</p><h3>Items</h3><table class="grid"><tr><td>-</td></tr><tr><td>*</td></tr></table></blockquote><blockquote><p><b>item</b></p><p><b>linkId</b>: order.priority</p><p><b>text</b>: Auftragspriorität</p><h3>Answers</h3><table class="grid"><tr><td>-</td></tr><tr><td>*</td></tr></table></blockquote></blockquote><blockquote><p><b>item</b></p><p><b>linkId</b>: receiver</p><p><b>text</b>: Empfänger</p><blockquote><p><b>item</b></p><p><b>linkId</b>: receiver.practitioner</p><p><b>text</b>: Empfangende Person</p><h3>Items</h3><table class="grid"><tr><td>-</td></tr><tr><td>*</td></tr><tr><td>*</td></tr><tr><td>*</td></tr><tr><td>*</td></tr><tr><td>*</td></tr><tr><td>*</td></tr></table></blockquote><blockquote><p><b>item</b></p><p><b>linkId</b>: receiver.organization</p><p><b>text</b>: Empfangende Organisation</p><h3>Items</h3><table class="grid"><tr><td>-</td></tr><tr><td>*</td></tr><tr><td>*</td></tr><tr><td>*</td></tr><tr><td>*</td></tr><tr><td>*</td></tr></table></blockquote></blockquote><blockquote><p><b>item</b></p><p><b>linkId</b>: patient</p><p><b>text</b>: Patient</p><blockquote><p><b>item</b></p><p><b>linkId</b>: patient.familyName</p><p><b>text</b>: Name</p><h3>Answers</h3><table class="grid"><tr><td>-</td></tr><tr><td>*</td></tr></table></blockquote><blockquote><p><b>item</b></p><p><b>linkId</b>: patient.maidenName</p><p><b>text</b>: Ledigname</p><h3>Answers</h3><table class="grid"><tr><td>-</td></tr><tr><td>*</td></tr></table></blockquote><blockquote><p><b>item</b></p><p><b>linkId</b>: patient.givenName</p><p><b>text</b>: Vorname</p><h3>Answers</h3><table class="grid"><tr><td>-</td></tr><tr><td>*</td></tr></table></blockquote><blockquote><p><b>item</b></p><p><b>linkId</b>: patient.localPid</p><p><b>text</b>: Lokale Patienten-ID</p><h3>Answers</h3><table class="grid"><tr><td>-</td></tr><tr><td>*</td></tr></table></blockquote><blockquote><p><b>item</b></p><p><b>linkId</b>: patient.localPidDomain</p><p><b>text</b>: Lokale Patienten-ID Domain</p><h3>Answers</h3><table class="grid"><tr><td>-</td></tr><tr><td>*</td></tr></table></blockquote><blockquote><p><b>item</b></p><p><b>linkId</b>: patient.birthDate</p><p><b>text</b>: Geburtsdatum</p><h3>Answers</h3><table class="grid"><tr><td>-</td></tr><tr><td>*</td></tr></table></blockquote><blockquote><p><b>item</b></p><p><b>linkId</b>: patient.gender</p><p><b>text</b>: Geschlecht</p><h3>Answers</h3><table class="grid"><tr><td>-</td></tr><tr><td>*</td></tr></table></blockquote><blockquote><p><b>item</b></p><p><b>linkId</b>: patient.phone</p><p><b>text</b>: Telefon</p><h3>Answers</h3><table class="grid"><tr><td>-</td></tr><tr><td>*</td></tr></table></blockquote><blockquote><p><b>item</b></p><p><b>linkId</b>: patient.email</p><p><b>text</b>: E-Mail</p><h3>Answers</h3><table class="grid"><tr><td>-</td></tr><tr><td>*</td></tr></table></blockquote><blockquote><p><b>item</b></p><p><b>linkId</b>: patient.streetAddressLine</p><p><b>text</b>: Strasse, Hausnummer, Postfach etc.</p><h3>Answers</h3><table class="grid"><tr><td>-</td></tr><tr><td>*</td></tr><tr><td>*</td></tr></table></blockquote><blockquote><p><b>item</b></p><p><b>linkId</b>: patient.postalCode</p><p><b>text</b>: PLZ</p><h3>Answers</h3><table class="grid"><tr><td>-</td></tr><tr><td>*</td></tr></table></blockquote><blockquote><p><b>item</b></p><p><b>linkId</b>: patient.city</p><p><b>text</b>: Ort</p><h3>Answers</h3><table class="grid"><tr><td>-</td></tr><tr><td>*</td></tr></table></blockquote><blockquote><p><b>item</b></p><p><b>linkId</b>: patient.country</p><p><b>text</b>: Land</p><h3>Answers</h3><table class="grid"><tr><td>-</td></tr><tr><td>*</td></tr></table></blockquote><blockquote><p><b>item</b></p><p><b>linkId</b>: patient.contactperson</p><p><b>text</b>: Kontaktperson</p><h3>Items</h3><table class="grid"><tr><td>-</td></tr><tr><td>*</td></tr><tr><td>*</td></tr><tr><td>*</td></tr><tr><td>*</td></tr><tr><td>*</td></tr></table></blockquote></blockquote><blockquote><p><b>item</b></p><p><b>linkId</b>: requestedEncounter</p><p><b>text</b>: Patientenaufnahme</p><blockquote><p><b>item</b></p><p><b>linkId</b>: requestedEncounter.class</p><p><b>text</b>: Voraussichtlich: Ambulant / Stationär / Notfall</p><h3>Answers</h3><table class="grid"><tr><td>-</td></tr><tr><td>*</td></tr></table></blockquote><blockquote><p><b>item</b></p><p><b>linkId</b>: requestedEncounter.desiredAccommodation</p><p><b>text</b>: Zimmerkategorie</p><h3>Answers</h3><table class="grid"><tr><td>-</td></tr><tr><td>*</td></tr></table></blockquote></blockquote><blockquote><p><b>item</b></p><p><b>linkId</b>: coverage</p><p><b>text</b>: Kostenträger</p><blockquote><p><b>item</b></p><p><b>linkId</b>: coverage.kvg</p><p><b>text</b>: Krankenkasse (nach KVG)</p><h3>Items</h3><table class="grid"><tr><td>-</td></tr><tr><td>*</td></tr><tr><td>*</td></tr></table></blockquote></blockquote><blockquote><p><b>item</b></p><p><b>linkId</b>: sender</p><p><b>text</b>: Absender</p><blockquote><p><b>item</b></p><p><b>linkId</b>: sender.author</p><p><b>text</b>: Verantwortlicher</p><h3>Items</h3><table class="grid"><tr><td>-</td></tr><tr><td>*</td></tr><tr><td>*</td></tr></table></blockquote><blockquote><p><b>item</b></p><p><b>linkId</b>: sender.dataenterer</p><p><b>text</b>: Erfasser</p><h3>Items</h3><table class="grid"><tr><td>-</td></tr><tr><td>*</td></tr></table></blockquote></blockquote><blockquote><p><b>item</b></p><p><b>linkId</b>: receiverCopies</p><p><b>text</b>: Kopieempfänger</p><blockquote><p><b>item</b></p><p><b>linkId</b>: receiverCopy</p><p><b>text</b>: Kopieempfangende Organisation oder Person</p><h3>Items</h3><table class="grid"><tr><td>-</td></tr><tr><td>*</td></tr><tr><td>*</td></tr><tr><td>*</td></tr><tr><td>*</td></tr><tr><td>*</td></tr><tr><td>*</td></tr></table></blockquote><blockquote><p><b>item</b></p><p><b>linkId</b>: receiverCopy</p><p><b>text</b>: Kopieempfangende Organisation oder Person</p><h3>Items</h3><table class="grid"><tr><td>-</td></tr><tr><td>*</td></tr><tr><td>*</td></tr><tr><td>*</td></tr><tr><td>*</td></tr><tr><td>*</td></tr><tr><td>*</td></tr><tr><td>*</td></tr><tr><td>*</td></tr></table></blockquote></blockquote><blockquote><p><b>item</b></p><p><b>linkId</b>: note</p><p><b>text</b>: Bemerkungen</p><blockquote><p><b>item</b></p><p><b>linkId</b>: note.text</p><p><b>text</b>: Kommentar</p><h3>Answers</h3><table class="grid"><tr><td>-</td></tr><tr><td>*</td></tr></table></blockquote></blockquote></div>
  </text>
  <questionnaire value="http://fhir.ch/ig/ch-orf/Questionnaire/order-referral-form"/>
  <status value="completed"/>
  <item>
    <linkId value="order"/>
    <text value="Auftrag"/>
    <item>
      <linkId value="order.title"/>
      <text value="Titel"/>
      <answer>
        <valueString value="Order-Referral-Form"/>
      </answer>
    </item>
    <item>
      <linkId value="order.type"/>
      <text value="Typ"/>
      <answer>
        <valueCoding>
          <system value="http://snomed.info/sct"/>
          <code value="419891008"/>
          <display value="Record artifact (record artifact)"/>
        </valueCoding>
      </answer>
    </item>
    <item>
      <linkId value="order.category"/>
      <text value="Kategorie"/>
      <answer>
        <valueCoding>
          <system value="http://snomed.info/sct"/>
          <code value="721963009"/>
          <display value="Order (record artifact)"/>
        </valueCoding>
      </answer>
    </item>
    <item>
      <linkId value="order.placerOrderIdentifier"/>
      <text value="Auftragsnummer des Auftraggebers"/>
      <answer>
        <valueString value="123"/>
      </answer>
    </item>
    <item>
      <linkId value="order.placerOrderIdentifierDomain"/>
      <text value="Identifier Domain der Auftragsnummer des Auftraggebers"/>
      <answer>
        <valueString value="urn:oid:2.999.1.3.4.5.6.7"/>
      </answer>
    </item>
    <item>
      <linkId value="order.fillerOrderIdentifier"/>
      <text value="Auftragsnummer des Auftragsempf&#xE4;ngers"/>
      <answer>
        <valueString value="456"/>
      </answer>
    </item>
    <item>
      <linkId value="order.fillerOrderIdentifierDomain"/>
      <text value="Identifier Domain der Auftragsnummer des Auftragsempf&#xE4;ngers"/>
      <answer>
        <valueString value="urn:oid:2.999.7.8.9.10.11"/>
      </answer>
    </item>
    <item>
      <linkId value="order.precedentDocumentIdentifier"/>
      <text value="Identifier des Vorg&#xE4;ngerdokuments"/>
      <answer>
        <valueString value="1622f2fb-6ba3-4532-9aed-35b158def187"/>
      </answer>
    </item>
    <item>
      <linkId value="order.notificationContactDocument"/>
      <text value="Dringender Benachrichtigungskontakt f&#xFC;r dieses Dokument"/>
      <item>
        <linkId value="order.notificationContactDocument.practitioner"/>
        <text value="Zu benachrichtigende Person"/>
        <item>
          <linkId value="order.notificationContactDocument.practitioner.title"/>
          <text value="Titel"/>
          <answer>
            <valueString value="Dr. med."/>
          </answer>
        </item>
        <item>
          <linkId value="order.notificationContactDocument.practitioner.familyName"/>
          <text value="Name"/>
          <answer>
            <valueString value="R&#xF6;ntgen"/>
          </answer>
        </item>
        <item>
          <linkId value="order.notificationContactDocument.practitioner.givenName"/>
          <text value="Vorname"/>
          <answer>
            <valueString value="Hans"/>
          </answer>
        </item>
        <item>
          <linkId value="order.notificationContactDocument.practitioner.phone"/>
          <text value="Telefon"/>
          <answer>
            <valueString value="044 412 00 99"/>
          </answer>
        </item>
        <item>
          <linkId value="order.notificationContactDocument.practitioner.email"/>
          <text value="E-Mail"/>
          <answer>
            <valueString value="hans.roentgen@kantonsspital.ch"/>
          </answer>
        </item>
      </item>
    </item>
    <item>
      <linkId value="order.notificationContactDocumentResponse"/>
      <text value="Dringender Benachrichtigungskontakt f&#xFC;r die Antwort auf dieses Dokument"/>
      <item>
        <linkId value="order.notificationContactDocumentResponse.practitioner"/>
        <text value="Zu benachrichtigende Person"/>
        <item>
          <linkId value="order.notificationContactDocumentResponse.practitioner.title"/>
          <text value="Titel"/>
          <answer>
            <valueString value="Dr. med."/>
          </answer>
        </item>
        <item>
          <linkId value="order.notificationContactDocumentResponse.practitioner.familyName"/>
          <text value="Name"/>
          <answer>
            <valueString value="Meier"/>
          </answer>
        </item>
        <item>
          <linkId value="order.notificationContactDocumentResponse.practitioner.givenName"/>
          <text value="Vorname"/>
          <answer>
            <valueString value="Sabine"/>
          </answer>
        </item>
        <item>
          <linkId value="order.notificationContactDocumentResponse.practitioner.phone"/>
          <text value="Telefon"/>
          <answer>
            <valueString value="044 333 22 11"/>
          </answer>
        </item>
        <item>
          <linkId value="order.notificationContactDocumentResponse.practitioner.email"/>
          <text value="E-Mail"/>
          <answer>
            <valueString value="sabine.meier@praxisseeblick.ch"/>
          </answer>
        </item>
      </item>
    </item>
    <item>
      <linkId value="order.priority"/>
      <text value="Auftragspriorit&#xE4;t"/>
      <answer>
        <valueCoding>
          <system value="http://hl7.org/fhir/request-priority"/>
          <code value="routine"/>
        </valueCoding>
      </answer>
    </item>
  </item>
  <item>
    <linkId value="receiver"/>
    <text value="Empf&#xE4;nger"/>
    <item>
      <linkId value="receiver.practitioner"/>
      <text value="Empfangende Person"/>
      <item>
        <linkId value="receiver.practitioner.title"/>
        <text value="Titel"/>
        <answer>
          <valueString value="Dr. med."/>
        </answer>
      </item>
      <item>
        <linkId value="receiver.practitioner.familyName"/>
        <text value="Name"/>
        <answer>
          <valueString value="R&#xF6;ntgen"/>
        </answer>
      </item>
      <item>
        <linkId value="receiver.practitioner.givenName"/>
        <text value="Vorname"/>
        <answer>
          <valueString value="Hans"/>
        </answer>
      </item>
      <item>
        <linkId value="receiver.practitioner.gln"/>
        <text value="GLN"/>
        <answer>
          <valueString value="7601000066878"/>
        </answer>
      </item>
      <item>
        <linkId value="receiver.practitioner.phone"/>
        <text value="Telefon"/>
        <answer>
          <valueString value="044 412 00 99"/>
        </answer>
      </item>
      <item>
        <linkId value="receiver.practitioner.email"/>
        <text value="E-Mail"/>
        <answer>
          <valueString value="hans.roentgen@kantonsspital.ch"/>
        </answer>
      </item>
    </item>
    <item>
      <linkId value="receiver.organization"/>
      <text value="Empfangende Organisation"/>
      <item>
        <linkId value="receiver.organization.name"/>
        <text value="Name der Organisation"/>
        <answer>
          <valueString value="Kantonsspital"/>
        </answer>
      </item>
      <item>
        <linkId value="receiver.organization.streetAddressLine"/>
        <text value="Strasse, Hausnummer, Postfach etc."/>
        <answer>
          <valueString value="Kantonsstrasse 14"/>
        </answer>
        <answer>
          <valueString value="Postfach 14"/>
        </answer>
      </item>
      <item>
        <linkId value="receiver.organization.postalCode"/>
        <text value="PLZ"/>
        <answer>
          <valueString value="8000"/>
        </answer>
      </item>
      <item>
        <linkId value="receiver.organization.city"/>
        <text value="Ort"/>
        <answer>
          <valueString value="Z&#xFC;rich"/>
        </answer>
      </item>
      <item>
        <linkId value="receiver.organization.country"/>
        <text value="Land"/>
        <answer>
          <valueString value="Schweiz"/>
        </answer>
      </item>
    </item>
  </item>
  <item>
    <linkId value="patient"/>
    <text value="Patient"/>
    <item>
      <linkId value="patient.familyName"/>
      <text value="Name"/>
      <answer>
        <valueString value="Musterfrau"/>
      </answer>
    </item>
    <item>
      <linkId value="patient.maidenName"/>
      <text value="Ledigname"/>
      <answer>
        <valueString value="Ledigname"/>
      </answer>
    </item>
    <item>
      <linkId value="patient.givenName"/>
      <text value="Vorname"/>
      <answer>
        <valueString value="Erika"/>
      </answer>
    </item>
    <item>
      <linkId value="patient.localPid"/>
      <text value="Lokale Patienten-ID"/>
      <answer>
        <valueString value="11.22.33.4567"/>
      </answer>
    </item>
    <item>
      <linkId value="patient.localPidDomain"/>
      <text value="Lokale Patienten-ID Domain"/>
      <answer>
        <valueString value="urn:oid:2.999.1.2.3.4"/>
      </answer>
    </item>
    <item>
      <linkId value="patient.birthDate"/>
      <text value="Geburtsdatum"/>
      <answer>
        <valueDate value="1970-03-14"/>
      </answer>
    </item>
    <item>
      <linkId value="patient.gender"/>
      <text value="Geschlecht"/>
      <answer>
        <valueCoding>
          <system value="http://hl7.org/fhir/administrative-gender"/>
          <code value="female"/>
        </valueCoding>
      </answer>
    </item>
    <item>
      <linkId value="patient.phone"/>
      <text value="Telefon"/>
      <answer>
        <valueString value="079 979 79 79"/>
      </answer>
    </item>
    <item>
      <linkId value="patient.email"/>
      <text value="E-Mail"/>
      <answer>
        <valueString value="erika@musterfrau.ch"/>
      </answer>
    </item>
    <item>
      <linkId value="patient.streetAddressLine"/>
      <text value="Strasse, Hausnummer, Postfach etc."/>
      <answer>
        <valueString value="Musterweg"/>
      </answer>
      <answer>
        <valueString value="6a"/>
      </answer>
    </item>
    <item>
      <linkId value="patient.postalCode"/>
      <text value="PLZ"/>
      <answer>
        <valueString value="8000"/>
      </answer>
    </item>
    <item>
      <linkId value="patient.city"/>
      <text value="Ort"/>
      <answer>
        <valueString value="Z&#xFC;rich"/>
      </answer>
    </item>
    <item>
      <linkId value="patient.country"/>
      <text value="Land"/>
      <answer>
        <valueString value="Schweiz"/>
      </answer>
    </item>
    <item>
      <linkId value="patient.contactperson"/>
      <text value="Kontaktperson"/>
      <item>
        <linkId value="patient.contactperson.relationship"/>
        <text value="Beziehung"/>
        <answer>
          <valueString value="Guter Freund"/>
        </answer>
      </item>
      <item>
        <linkId value="patient.contactperson.familyName"/>
        <text value="Name"/>
        <answer>
          <valueString value="Freund"/>
        </answer>
      </item>
      <item>
        <linkId value="patient.contactperson.givenName"/>
        <text value="Vorname"/>
        <answer>
          <valueString value="Max"/>
        </answer>
      </item>
      <item>
        <linkId value="patient.contactperson.phone"/>
        <text value="Telefon"/>
        <answer>
          <valueString value="079 111 22 33"/>
        </answer>
      </item>
      <item>
        <linkId value="patient.contactperson.email"/>
        <text value="E-Mail"/>
        <answer>
          <valueString value="max@freund.ch"/>
        </answer>
      </item>
    </item>
  </item>
  <item>
    <linkId value="requestedEncounter"/>
    <text value="Patientenaufnahme"/>
    <item>
      <linkId value="requestedEncounter.class"/>
      <text value="Voraussichtlich: Ambulant / Station&#xE4;r / Notfall"/>
      <answer>
        <valueCoding>
          <system value="http://terminology.hl7.org/CodeSystem/v3-ActCode"/>
          <code value="EMER"/>
          <display value="Notfall"/>
        </valueCoding>
      </answer>
    </item>
    <item>
      <linkId value="requestedEncounter.desiredAccommodation"/>
      <text value="Zimmerkategorie"/>
      <answer>
        <valueCoding>
          <system value="http://terminology.hl7.org/CodeSystem/v3-ActCode"/>
          <code value="SP"/>
          <display value="Zweierzimmer"/>
        </valueCoding>
      </answer>
    </item>
  </item>
  <item>
    <linkId value="coverage"/>
    <text value="Kostentr&#xE4;ger"/>
    <item>
      <linkId value="coverage.kvg"/>
      <text value="Krankenkasse (nach KVG)"/>
      <item>
        <linkId value="coverage.kvg.name"/>
        <text value="Name der Versicherung"/>
        <answer>
          <valueString value="Sanitas"/>
        </answer>
      </item>
      <item>
        <linkId value="coverage.kvg.insuranceCardNumber"/>
        <text value="Kennnummer der Versichertenkarte"/>
        <answer>
          <valueString value="80756015090002647590"/>
        </answer>
      </item>
    </item>
  </item>
  <item>
    <linkId value="sender"/>
    <text value="Absender"/>
    <item>
      <linkId value="sender.author"/>
      <text value="Verantwortlicher"/>
      <item>
        <linkId value="sender.author.practitioner"/>
        <text value="Verantwortliche Person"/>
        <item>
          <linkId value="sender.author.practitioner.title"/>
          <text value="Titel"/>
          <answer>
            <valueString value="Dr. med."/>
          </answer>
        </item>
        <item>
          <linkId value="sender.author.practitioner.familyName"/>
          <text value="Name"/>
          <answer>
            <valueString value="Meier"/>
          </answer>
        </item>
        <item>
          <linkId value="sender.author.practitioner.givenName"/>
          <text value="Vorname"/>
          <answer>
            <valueString value="Sabine"/>
          </answer>
        </item>
        <item>
          <linkId value="sender.author.practitioner.gln"/>
          <text value="GLN"/>
          <answer>
            <valueString value="7601000034321"/>
          </answer>
        </item>
        <item>
          <linkId value="sender.author.practitioner.phone"/>
          <text value="Telefon"/>
          <answer>
            <valueString value="044 333 22 11"/>
          </answer>
        </item>
        <item>
          <linkId value="sender.author.practitioner.email"/>
          <text value="E-Mail"/>
          <answer>
            <valueString value="sabine.meier@praxisseeblick.ch"/>
          </answer>
        </item>
      </item>
      <item>
        <linkId value="sender.author.organization"/>
        <text value="Verantwortliche Organisation"/>
        <item>
          <linkId value="sender.author.organization.name"/>
          <text value="Name der Organisation"/>
          <answer>
            <valueString value="Praxis Seeblick"/>
          </answer>
        </item>
        <item>
          <linkId value="sender.author.organization.streetAddressLine"/>
          <text value="Strasse, Hausnummer, Postfach etc."/>
          <answer>
            <valueString value="Seestrasse 133"/>
          </answer>
          <answer>
            <valueString value="Haus C"/>
          </answer>
        </item>
        <item>
          <linkId value="sender.author.organization.postalCode"/>
          <text value="PLZ"/>
          <answer>
            <valueString value="8000"/>
          </answer>
        </item>
        <item>
          <linkId value="sender.author.organization.city"/>
          <text value="Ort"/>
          <answer>
            <valueString value="Z&#xFC;rich"/>
          </answer>
        </item>
        <item>
          <linkId value="sender.author.organization.country"/>
          <text value="Land"/>
          <answer>
            <valueString value="Schweiz"/>
          </answer>
        </item>
      </item>
    </item>
    <item>
      <linkId value="sender.dataenterer"/>
      <text value="Erfasser"/>
      <item>
        <linkId value="sender.dataenterer.practitioner"/>
        <text value="Erfassende Person"/>
        <item>
          <linkId value="sender.dataenterer.practitioner.familyName"/>
          <text value="Name"/>
          <answer>
            <valueString value="Boss"/>
          </answer>
        </item>
        <item>
          <linkId value="sender.dataenterer.practitioner.givenName"/>
          <text value="Vorname"/>
          <answer>
            <valueString value="Stabilo"/>
          </answer>
        </item>
        <item>
          <linkId value="sender.dataenterer.practitioner.phone"/>
          <text value="Telefon"/>
          <answer>
            <valueString value="044 333 22 12"/>
          </answer>
        </item>
        <item>
          <linkId value="sender.dataenterer.practitioner.email"/>
          <text value="E-Mail"/>
          <answer>
            <valueString value="stabilo.boss@praxisseeblick.ch"/>
          </answer>
        </item>
      </item>
    </item>
  </item>
  <item>
    <linkId value="receiverCopies"/>
    <text value="Kopieempf&#xE4;nger"/>
    <item>
      <linkId value="receiverCopy"/>
      <text value="Kopieempfangende Organisation oder Person"/>
      <item>
        <linkId value="receiverCopy.organization.name"/>
        <text value="Name der Organisation"/>
        <answer>
          <valueString value="Praxis Seeblick"/>
        </answer>
      </item>
      <item>
        <linkId value="receiverCopy.title"/>
        <text value="Titel"/>
        <answer>
          <valueString value="Dr. med."/>
        </answer>
      </item>
      <item>
        <linkId value="receiverCopy.familyName"/>
        <text value="Name"/>
        <answer>
          <valueString value="Meier"/>
        </answer>
      </item>
      <item>
        <linkId value="receiverCopy.givenName"/>
        <text value="Vorname"/>
        <answer>
          <valueString value="Sabine"/>
        </answer>
      </item>
      <item>
        <linkId value="receiverCopy.phone"/>
        <text value="Telefon"/>
        <answer>
          <valueString value="044 333 22 11"/>
        </answer>
      </item>
      <item>
        <linkId value="receiverCopy.email"/>
        <text value="E-Mail"/>
        <answer>
          <valueString value="sabine.meier@praxisseeblick.ch"/>
        </answer>
      </item>
    </item>
    <item>
      <linkId value="receiverCopy"/>
      <text value="Kopieempfangende Organisation oder Person"/>
      <item>
        <linkId value="receiverCopy.familyName"/>
        <text value="Name"/>
        <answer>
          <valueString value="Musterfrau"/>
        </answer>
      </item>
      <item>
        <linkId value="receiverCopy.givenName"/>
        <text value="Vorname"/>
        <answer>
          <valueString value="Erika"/>
        </answer>
      </item>
      <item>
        <linkId value="receiverCopy.phone"/>
        <text value="Telefon"/>
        <answer>
          <valueString value="079 979 79 79"/>
        </answer>
      </item>
      <item>
        <linkId value="receiverCopy.email"/>
        <text value="E-Mail"/>
        <answer>
          <valueString value="erika@musterfrau.ch"/>
        </answer>
      </item>
      <item>
        <linkId value="receiverCopy.streetAddressLine"/>
        <text value="Strasse, Hausnummer, Postfach etc."/>
        <answer>
          <valueString value="Musterweg"/>
        </answer>
        <answer>
          <valueString value="6a"/>
        </answer>
      </item>
      <item>
        <linkId value="receiverCopy.postalCode"/>
        <text value="PLZ"/>
        <answer>
          <valueString value="8000"/>
        </answer>
      </item>
      <item>
        <linkId value="receiverCopy.city"/>
        <text value="Ort"/>
        <answer>
          <valueString value="Z&#xFC;rich"/>
        </answer>
      </item>
      <item>
        <linkId value="receiverCopy.country"/>
        <text value="Land"/>
        <answer>
          <valueString value="Schweiz"/>
        </answer>
      </item>
    </item>
  </item>
  <item>
    <linkId value="note"/>
    <text value="Bemerkungen"/>
    <item>
      <linkId value="note.text"/>
      <text value="Kommentar"/>
      <answer>
        <valueString value="Bemerkung/Kommentar"/>
      </answer>
    </item>
  </item>
</QuestionnaireResponse>