{
  "resourceType" : "MedicationStatement",
  "id" : "Diclofenac",
  "text" : {
    "status" : "generated",
    "div" : "<div xmlns=\"http://www.w3.org/1999/xhtml\"><p class=\"res-header-id\"><b>Generated Narrative: MedicationStatement Diclofenac</b></p><a name=\"Diclofenac\"> </a><a name=\"hcDiclofenac\"> </a><a name=\"Diclofenac-en-US\"> </a><p><b>status</b>: Active</p><p><b>medication</b>: <a href=\"Medication-Voltaren.html\">Medication Product containing only diclofenac (medicinal product)</a></p><p><b>subject</b>: <a href=\"Patient-HansGuggindieluft.html\">HansGuggindieluft</a></p><p><b>effective</b>: 2023-11-11</p><p><b>dateAsserted</b>: 2023-11-11</p><p><b>informationSource</b>: <a href=\"Patient-HansGuggindieluft.html\">HansGuggindieluft</a></p><p><b>note</b>: Patient takes it every day in the morning back pain</p><h3>Dosages</h3><table class=\"grid\"><tr><td style=\"display: none\">-</td><td><b>Sequence</b></td><td><b>Text</b></td></tr><tr><td style=\"display: none\">*</td><td>1</td><td>1 tablet per day</td></tr></table></div>"
  },
  "status" : "active",
  "medicationReference" : {
    "reference" : "Medication/Voltaren"
  },
  "subject" : {
    "reference" : "Patient/HansGuggindieluft",
    "display" : "HansGuggindieluft"
  },
  "effectiveDateTime" : "2023-11-11",
  "dateAsserted" : "2023-11-11",
  "informationSource" : {
    "reference" : "Patient/HansGuggindieluft",
    "display" : "HansGuggindieluft"
  },
  "note" : [{
    "text" : "Patient takes it every day in the morning back pain"
  }],
  "dosage" : [{
    "sequence" : 1,
    "text" : "1 tablet per day"
  }]
}