{
  "resourceType" : "Observation",
  "id" : "ObservationHb",
  "meta" : {
    "profile" : ["http://fhir.ch/ig/ch-lab-order/StructureDefinition/ch-lab-observation-r4-r5"]
  },
  "text" : {
    "status" : "generated",
    "div" : "<div xmlns=\"http://www.w3.org/1999/xhtml\"><p class=\"res-header-id\"><b>Generated Narrative: Observation ObservationHb</b></p><a name=\"ObservationHb\"> </a><a name=\"hcObservationHb\"> </a><a name=\"ObservationHb-en-US\"> </a><div style=\"display: inline-block; background-color: #d9e0e7; padding: 6px; margin: 4px; border: 1px solid #8da1b4; border-radius: 5px; line-height: 60%\"><p style=\"margin-bottom: 0px\"/><p style=\"margin-bottom: 0px\">Profile: <a href=\"StructureDefinition-ch-lab-observation-r4-r5.html\">My Observation Profile</a></p></div><p><b>basedOn</b>: <a href=\"ServiceRequest-4-sepsis-ServiceRequestHbHt.html\">ServiceRequest Hemoglobin and Hematocrit panel - Blood</a></p><p><b>status</b>: Final</p><p><b>code</b>: <span title=\"Codes:{http://loinc.org 718-7}\">Hemoglobin [Mass/volume] in Blood</span></p><p><b>subject</b>: <a href=\"Patient-SaraSpeckmann.html\">Sara Speckmann  Female, DoB: 1975-12-12 ( urn:oid:2.16.756.5.30.1.123.100.1.1.1#80756011110123400006)</a></p><p><b>effective</b>: 2025-04-08</p><p><b>performer</b>: <a href=\"PractitionerRole-EvaErlenmeyerLaborPipette.html\">E. Erlenmeyer, Labor Pipette</a></p><p><b>value</b>: 107 g/L<span style=\"background: LightGoldenRodYellow\"> (Details: UCUM  codeg/L = 'g/L')</span></p></div>"
  },
  "basedOn" : [{
    "reference" : "ServiceRequest/4-sepsis-ServiceRequestHbHt"
  }],
  "status" : "final",
  "code" : {
    "coding" : [{
      "system" : "http://loinc.org",
      "code" : "718-7",
      "display" : "Hemoglobin [Mass/volume] in Blood"
    }]
  },
  "subject" : {
    "reference" : "Patient/SaraSpeckmann"
  },
  "effectiveDateTime" : "2025-04-08",
  "performer" : [{
    "reference" : "PractitionerRole/EvaErlenmeyerLaborPipette",
    "display" : "E. Erlenmeyer, Labor Pipette"
  }],
  "valueQuantity" : {
    "value" : 107,
    "unit" : "g/L",
    "system" : "http://unitsofmeasure.org",
    "code" : "g/L"
  }
}