{
  "resourceType" : "Organization",
  "id" : "GruppenpraxisOlten",
  "meta" : {
    "profile" : ["http://fhir.ch/ig/ch-core/StructureDefinition/ch-core-organization-epr"]
  },
  "text" : {
    "status" : "generated",
    "div" : "<div xmlns=\"http://www.w3.org/1999/xhtml\"><p class=\"res-header-id\"><b>Generated Narrative: Organization GruppenpraxisOlten</b></p><a name=\"GruppenpraxisOlten\"> </a><a name=\"hcGruppenpraxisOlten\"> </a><a name=\"GruppenpraxisOlten-en-US\"> </a><div style=\"display: inline-block; background-color: #d9e0e7; padding: 6px; margin: 4px; border: 1px solid #8da1b4; border-radius: 5px; line-height: 60%\"><p style=\"margin-bottom: 0px\"/><p style=\"margin-bottom: 0px\">Profile: <a href=\"http://fhir.ch/ig/ch-core/6.0.0-ballot/StructureDefinition-ch-core-organization-epr.html\">CH Core Organization EPR</a></p></div><p><b>identifier</b>: <a href=\"https://www.gs1.org/standards/id-keys/gln\" title=\"Global Location Number\">GLN</a>/7601000241115</p><p><b>name</b>: Gruppenpraxis Olten</p><p><b>telecom</b>: <a href=\"tel:+41555556677\">+41555556677</a>, <a href=\"mailto:info@gruppenpraxisolten.ch\">info@gruppenpraxisolten.ch</a>, <a href=\"http://www.gruppenpraxisolten.ch\">http://www.gruppenpraxisolten.ch</a></p><p><b>address</b>: Gerbergasse 12 Olten 4600 CH </p></div>"
  },
  "identifier" : [{
    "system" : "urn:oid:2.51.1.3",
    "value" : "7601000241115"
  }],
  "name" : "Gruppenpraxis Olten",
  "telecom" : [{
    "system" : "phone",
    "value" : "+41555556677",
    "use" : "work"
  },
  {
    "system" : "email",
    "value" : "info@gruppenpraxisolten.ch",
    "use" : "work"
  },
  {
    "system" : "url",
    "value" : "http://www.gruppenpraxisolten.ch",
    "use" : "work"
  }],
  "address" : [{
    "line" : ["Gerbergasse 12"],
    "city" : "Olten",
    "postalCode" : "4600",
    "country" : "CH"
  }]
}