{
  "resourceType" : "Patient",
  "id" : "FranzMuster",
  "meta" : {
    "profile" : ["http://fhir.ch/ig/ch-core/StructureDefinition/ch-core-patient"]
  },
  "text" : {
    "status" : "additional",
    "div" : "<div xmlns=\"http://www.w3.org/1999/xhtml\"><p><b>id</b>: FranzMuster</p><p><b>meta</b>:</p><p><b>identifier</b>: 80756011110123400008</p><p><b>name</b>: Franz Muster</p><p><b>gender</b>: MALE</p><p><b>birthDate</b>: Jan 27, 1995</p><p><b>maritalStatus</b>: in eingetragener Partnerschaft <span style=\"background: LightGoldenRodYellow\">(Details : {$ech-11-maritalstatus code '6' = '6', given as 'in eingetragener Partnerschaft'})</span></p><h3>Communications</h3><table class=\"grid\"><tr><td>-</td><td><b>Language</b></td><td><b>Preferred</b></td></tr><tr><td>*</td><td>Deutsch (Schweiz) <span style=\"background: LightGoldenRodYellow\">(Details : {urn:ietf:bcp:47 code 'de-CH' = 'German (Region=Schweiz))</span></td><td>true</td></tr></table></div>"
  },
  "extension" : [{
    "url" : "http://hl7.org/fhir/StructureDefinition/patient-birthPlace",
    "valueAddress" : {
      "city" : "Paris",
      "country" : "Frankreich"
    }
  },
  {
    "url" : "http://fhir.ch/ig/ch-core/StructureDefinition/ch-core-patient-ech-11-placeoforigin",
    "valueAddress" : {
      "city" : "Köniz",
      "state" : "BE"
    }
  },
  {
    "url" : "http://hl7.org/fhir/StructureDefinition/patient-religion",
    "valueCodeableConcept" : {
      "coding" : [{
        "system" : "http://terminology.hl7.org/CodeSystem/v3-ReligiousAffiliation",
        "code" : "1077",
        "display" : "Protestant"
      }]
    }
  }],
  "identifier" : [{
    "system" : "urn:oid:2.16.756.5.30.1.123.100.1.1.1",
    "value" : "80756011110123400000"
  }],
  "name" : [{
    "family" : "Muster",
    "given" : ["Franz"]
  }],
  "telecom" : [{
    "system" : "phone",
    "value" : "+41 32 321 61 11",
    "use" : "home"
  },
  {
    "system" : "email",
    "value" : "franz.muster@example.ch"
  }],
  "gender" : "male",
  "birthDate" : "1995-01-27",
  "maritalStatus" : {
    "coding" : [{
      "system" : "http://fhir.ch/ig/ch-core/CodeSystem/ech-11-maritalstatus",
      "code" : "6",
      "display" : "in eingetragener Partnerschaft"
    }]
  },
  "communication" : [{
    "language" : {
      "coding" : [{
        "system" : "urn:ietf:bcp:47",
        "code" : "de-CH"
      }],
      "text" : "Deutsch (Schweiz)"
    },
    "preferred" : true
  }]
}