{
  "resourceType" : "PlanDefinition",
  "id" : "LabServiceCreatinineClearance",
  "meta" : {
    "profile" : ["http://hl7.org/fhir/uv/order-catalog/StructureDefinition/LabServiceDefinition"]
  },
  "language" : "de-CH",
  "text" : {
    "status" : "extensions",
    "div" : "<div xmlns=\"http://www.w3.org/1999/xhtml\" xml:lang=\"de-CH\" lang=\"de-CH\">\n<div>\n    <table class=\"grid dict\">\n        \n        <tr>\n            <th scope=\"row\"><b>Id: </b></th>\n            <td style=\"padding-left: 4px;\">LabServiceCreatinineClearance</td>\n        </tr>\n        \n\n        \n        <tr>\n            <th scope=\"row\"><b>Url: </b></th>\n            <td style=\"padding-left: 4px;\"><a href=\"PlanDefinition-LabServiceCreatinineClearance.html\">Renal Insufficiendy Panel</a></td>\n        </tr>\n        \n\n        \n        <tr>\n            <th scope=\"row\"><b>Version: </b></th>\n            <td style=\"padding-left: 4px;\">3.0.0-ballot</td>\n        </tr>\n        \n\n        \n\n        \n        <tr>\n            <th scope=\"row\"><b>Title: </b></th>\n            <td style=\"padding-left: 4px;\">Renal Insufficiendy Panel</td>\n        </tr>\n        \n\n        \n\n        \n        <tr>\n            <th scope=\"row\"><b>Status: </b></th>\n            <td style=\"padding-left: 4px;\">draft</td>\n        </tr>\n        \n\n        \n\n        \n        <tr>\n            <th scope=\"row\"><b>Type: </b></th>\n            <td style=\"padding-left: 4px;\">\n                \n                    \n                        \n                        <p style=\"margin-bottom: 5px;\">\n                            <b>system: </b> <span><a href=\"http://hl7.org/fhir/uv/order-catalog/2020Sep/CodeSystem-laboratory-service-definition-type.html\">http://hl7.org/fhir/uv/order-catalog/CodeSystem/laboratory-service-definition-type</a></span>\n                        </p>\n                        \n                        \n                        <p style=\"margin-bottom: 5px;\">\n                            <b>code: </b> <span>panel</span>\n                        </p>\n                        \n                        \n                    \n                \n                \n            </td>\n        </tr>\n        \n\n        \n\n        \n        <tr>\n            <th scope=\"row\"><b>Date: </b></th>\n            <td style=\"padding-left: 4px;\">2020-02-12 19:00:00+0100</td>\n        </tr>\n        \n\n        \n        <tr>\n            <th scope=\"row\"><b>Publisher: </b></th>\n            <td style=\"padding-left: 4px;\">HL7 Switzerland</td>\n        </tr>\n        \n\n        \n        <tr>\n            <th scope=\"row\"><b>Description: </b></th>\n            <td style=\"padding-left: 4px;\"><div><p>This creatinin clearance panel is using the procedures from the\nserum creatinine test as well as the procedure from the 24h urine creatinine panel.</p>\n</div></td>\n        </tr>\n        \n\n        \n\n        \n\n        \n        <tr>\n            <th scope=\"row\"><b>Use Context: </b></th>\n            <td style=\"padding-left: 4px;\">\n                <table class=\"grid-dict\">\n                    <tr>\n                        <th><b>code</b></th>\n                        <th><b>value</b></th>\n                    </tr>\n                    \n                        <tr>\n                            <td>task</td>\n                            <td>this panel is orderable</td>\n                        </tr>\n                    \n                </table>\n            </td>\n        </tr>\n        \n\n        \n        <tr>\n            <th scope=\"row\"><b>Jurisdiction: </b></th>\n            <td style=\"padding-left: 4px;\">CH</td>\n        </tr>\n        \n\n        \n            <tr>\n                <th scope=\"row\"><b>Topic: </b></th>\n                <td style=\"padding-left: 4px;\">18719-5</td>\n            </tr>\n        \n\n        \n\n        \n\n        \n        <tr>\n            <th scope=\"row\"><b>Copyright: </b></th>\n            <td style=\"padding-left: 4px;\"><div><p>CC0-1.0</p>\n</div></td>\n        </tr>\n        \n\n        \n\n        \n\n        \n\n        \n\n        \n        <tr>\n            <th scope=\"row\"><b>Actions: </b></th>\n            <td style=\"padding-left: 4px;\">\n                <table class=\"grid-dict\">\n                    \n                    <tr>\n                        <td>\n                            \n                            <b> :</b> \n                            \n                            <br/>\n                            \n                            \n                            \n                            <b>Then:</b>\n                            <table class=\"grid-dict\">\n                                \n                                <tr>\n                                    <td>\n                                        \n                                        <b> :</b>\n                                        \n                                        \n                                        <br/>\n                                        \n                                        \n                                        \n                                        \n                                        <b>Then:</b> <i>Definition:</i> <a href=\"ActivityDefinition-procedure-serum-creatinine.html\">Procedure - serum creatinine - venous blood</a><br/>\n                                        \n                                        \n                                        \n                                    </td>\n                                </tr>\n                                \n                                <tr>\n                                    <td>\n                                        \n                                        <b> :</b>\n                                        \n                                        \n                                        <br/>\n                                        \n                                        \n                                        \n                                        \n                                        <b>Then:</b> <i>Definition:</i> <a href=\"ActivityDefinition-procedure-urine24h-creatinine.html\">Procedure - urine creatinine - 24H urine</a><br/>\n                                        \n                                        \n                                        \n                                    </td>\n                                </tr>\n                                \n                            </table>\n                            \n                        </td>\n                    </tr>\n                    \n                </table>\n            </td>\n        </tr>\n        \n    </table>\n</div>\n</div>"
  },
  "extension" : [{
    "url" : "http://hl7.org/fhir/uv/order-catalog/StructureDefinition/CatalogReference",
    "valueReference" : {
      "reference" : "Composition/example-lab-compendium-header"
    }
  },
  {
    "extension" : [{
      "url" : "textualSummary",
      "valueMarkdown" : "no notable particularity for billing"
    },
    {
      "url" : "reimbursabilitySummary",
      "valueCode" : "normal"
    }],
    "url" : "http://hl7.org/fhir/uv/order-catalog/StructureDefinition/BillingSummary"
  },
  {
    "url" : "http://hl7.org/fhir/uv/order-catalog/StructureDefinition/ScheduleSummary",
    "valueString" : "Daily ; report on D0"
  }],
  "url" : "http://fhir.ch/ig/ch-lab-order/PlanDefinition/LabServiceCreatinineClearance",
  "version" : "3.0.0-ballot",
  "name" : "RenalInsufficiencyPanel",
  "title" : "Renal Insufficiendy Panel",
  "type" : {
    "coding" : [{
      "system" : "http://hl7.org/fhir/uv/order-catalog/CodeSystem/laboratory-service-definition-type",
      "code" : "panel"
    }]
  },
  "status" : "draft",
  "experimental" : false,
  "date" : "2020-02-12T19:00:00+01:00",
  "publisher" : "HL7 Switzerland",
  "contact" : [{
    "name" : "HL7 Switzerland",
    "telecom" : [{
      "system" : "url",
      "value" : "https://www.hl7.ch"
    }]
  },
  {
    "name" : "Marcel Hanselmann",
    "telecom" : [{
      "system" : "email",
      "value" : "laborprojektgruppe@gmail.com",
      "use" : "work"
    }]
  }],
  "description" : "This creatinin clearance panel is using the procedures from the \n    serum creatinine test as well as the procedure from the 24h urine creatinine panel.",
  "useContext" : [{
    "code" : {
      "system" : "http://terminology.hl7.org/CodeSystem/usage-context-type",
      "code" : "task"
    },
    "valueCodeableConcept" : {
      "coding" : [{
        "system" : "http://terminology.hl7.org/CodeSystem/v3-ActCode",
        "code" : "LABOE",
        "display" : "laboratory test order entry task"
      }],
      "text" : "this panel is orderable"
    }
  }],
  "jurisdiction" : [{
    "coding" : [{
      "system" : "urn:iso:std:iso:3166",
      "code" : "CH"
    }]
  }],
  "copyright" : "CC0-1.0",
  "topic" : [{
    "coding" : [{
      "system" : "http://loinc.org",
      "code" : "18719-5",
      "display" : "Chemistry studies (set)"
    }]
  },
  {
    "coding" : [{
      "system" : "http://snomed.info/sct",
      "code" : "444275009",
      "display" : "Measurement of creatinine concentration in serum or plasma specimen with calculation of glomerular filtration rate"
    }]
  },
  {
    "coding" : [{
      "system" : "http://snomed.info/sct",
      "code" : "250745003",
      "display" : "Albumin/creatinine ratio measurement (procedure)"
    }]
  }],
  "action" : [{
    "extension" : [{
      "extension" : [{
        "extension" : [{
          "url" : "Material",
          "valueReference" : {
            "reference" : "SpecimenDefinition/example-specimen-venous-serum-single-test",
            "display" : "example-specimen-venous-serum-single-test"
          }
        }],
        "url" : "ExclusiveGroup"
      },
      {
        "extension" : [{
          "url" : "Material",
          "valueReference" : {
            "reference" : "SpecimenDefinition/example-specimen-capillary-serum-single-test",
            "display" : "example-specimen-capillary-serum-single-test"
          }
        }],
        "url" : "ExclusiveGroup"
      }],
      "url" : "http://hl7.org/fhir/uv/order-catalog/StructureDefinition/SpecimenRequested"
    },
    {
      "extension" : [{
        "extension" : [{
          "url" : "Material",
          "valueReference" : {
            "reference" : "SpecimenDefinition/example-specimen-urine-24h",
            "display" : "example-specimen-urine-24h"
          }
        }],
        "url" : "ExclusiveGroup"
      }],
      "url" : "http://hl7.org/fhir/uv/order-catalog/StructureDefinition/SpecimenRequested"
    }],
    "code" : [{
      "coding" : [{
        "system" : "http://loinc.org",
        "code" : "34555-3",
        "display" : "Creatinine 24H renal clearance panel"
      }]
    }],
    "timingDuration" : {
      "value" : 2,
      "unit" : "hours",
      "system" : "http://unitsofmeasure.org",
      "code" : "h"
    },
    "groupingBehavior" : "logical-group",
    "selectionBehavior" : "all",
    "definitionCanonical" : "http://fhir.ch/ig/ch-lab-order/ActivityDefinition/procedure-urine24h-creatinine-clearance",
    "action" : [{
      "definitionCanonical" : "http://fhir.ch/ig/ch-lab-order/ActivityDefinition/procedure-serum-creatinine"
    },
    {
      "definitionCanonical" : "http://fhir.ch/ig/ch-lab-order/ActivityDefinition/procedure-urine24h-creatinine"
    }]
  }]
}