{
  "resourceType" : "ServiceRequest",
  "id" : "4-sepsis-ServiceRequestCRP",
  "meta" : {
    "profile" : ["http://fhir.ch/ig/ch-lab-order/StructureDefinition/ch-lab-order-SR"]
  },
  "text" : {
    "status" : "generated",
    "div" : "<div xmlns=\"http://www.w3.org/1999/xhtml\"><p class=\"res-header-id\"><b>Generated Narrative: ServiceRequest 4-sepsis-ServiceRequestCRP</b></p><a name=\"4-sepsis-ServiceRequestCRP\"> </a><a name=\"hc4-sepsis-ServiceRequestCRP\"> </a><a name=\"4-sepsis-ServiceRequestCRP-en-US\"> </a><div style=\"display: inline-block; background-color: #d9e0e7; padding: 6px; margin: 4px; border: 1px solid #8da1b4; border-radius: 5px; line-height: 60%\"><p style=\"margin-bottom: 0px\"/><p style=\"margin-bottom: 0px\">Profile: <a href=\"StructureDefinition-ch-lab-order-SR.html\">CH LAB-Order-SR</a></p></div><p><b>identifier</b>: Placer Identifier/Y274589</p><p><b>basedOn</b>: <a href=\"ServiceRequest-4-sepsis-ServiceRequest.html\">ServiceRequest: identifier = Placer Identifier: Y274589; status = active; intent = original-order; priority = urgent; reasonCode = Sepsis screening</a></p><p><b>status</b>: Active</p><p><b>intent</b>: Original Order</p><p><b>priority</b>: Urgent</p><p><b>code</b>: <span title=\"Codes:{http://loinc.org 1988-5}\">C reactive protein [Mass/Volume] in Serum or Plasma</span></p><p><b>subject</b>: <a href=\"Patient-SaraSpeckmann.html\">Sara Speckmann  Female, DoB: 1975-12-12 ( urn:oid:2.16.756.5.30.1.123.100.1.1.1#80756011110123400006)</a></p><p><b>requester</b>: <a href=\"PractitionerRole-HansHauserKantonsspital.html\">PractitionerRole</a></p><p><b>reasonCode</b>: <span title=\"Codes:{http://snomed.info/sct 870441004}\">Screening for sepsis (procedure)</span></p><p><b>specimen</b>: <a href=\"Specimen-Serum-4-sepsis.html\">Specimen: identifier = 11111-15394-75465; accessionIdentifier = 22222-bc987-dd888; status = available; type = Serum specimen (specimen); receivedTime = 2023-12-01 16:40:17+0000</a></p></div>"
  },
  "identifier" : [{
    "type" : {
      "coding" : [{
        "system" : "http://terminology.hl7.org/CodeSystem/v2-0203",
        "code" : "PLAC",
        "display" : "Placer Identifier"
      }]
    },
    "system" : "urn:oid:2.16.756.5.30.1.123.100.2.1.1",
    "value" : "Y274589"
  }],
  "basedOn" : [{
    "reference" : "ServiceRequest/4-sepsis-ServiceRequest"
  }],
  "status" : "active",
  "intent" : "original-order",
  "priority" : "urgent",
  "code" : {
    "coding" : [{
      "system" : "http://loinc.org",
      "code" : "1988-5",
      "display" : "C reactive protein [Mass/Volume] in Serum or Plasma"
    }]
  },
  "subject" : {
    "reference" : "Patient/SaraSpeckmann"
  },
  "requester" : {
    "reference" : "PractitionerRole/HansHauserKantonsspital"
  },
  "reasonCode" : [{
    "coding" : [{
      "system" : "http://snomed.info/sct",
      "code" : "870441004"
    }],
    "text" : "Screening for sepsis (procedure)"
  }],
  "specimen" : [{
    "reference" : "Specimen/Serum-4-sepsis"
  }]
}