{
  "resourceType" : "Specimen",
  "id" : "Serum-1-tvt",
  "text" : {
    "status" : "generated",
    "div" : "<div xmlns=\"http://www.w3.org/1999/xhtml\"><p class=\"res-header-id\"><b>Generated Narrative: Specimen Serum-1-tvt</b></p><a name=\"Serum-1-tvt\"> </a><a name=\"hcSerum-1-tvt\"> </a><a name=\"Serum-1-tvt-en-US\"> </a><p><b>identifier</b>: 48736-12345-75465</p><p><b>accessionIdentifier</b>: 4e88a-12345-dd888</p><p><b>status</b>: Available</p><p><b>type</b>: <span title=\"Codes:{http://snomed.info/sct 119364003}\">Serum specimen (specimen)</span></p><p><b>subject</b>: <a href=\"Patient-TobiasTimmermann.html\">Tobias Timmermann  Male, DoB: 1984-01-01 ( urn:oid:2.16.756.5.30.1.123.100.1.1.1#80756011110123400003)</a></p><h3>Collections</h3><table class=\"grid\"><tr><td style=\"display: none\">-</td><td><b>Collector</b></td><td><b>Collected[x]</b></td><td><b>BodySite</b></td><td><b>FastingStatus[x]</b></td></tr><tr><td style=\"display: none\">*</td><td><a href=\"Practitioner-MarcMustermann.html\">Practitioner Marc Mustermann (official)</a></td><td>2015-08-16 06:40:17+0000</td><td><span title=\"Codes:{http://snomed.info/sct 49852007}\">Structure of median cubital vein (body structure)</span></td><td><span title=\"Codes:{http://terminology.hl7.org/CodeSystem/v2-0916 F}\">Patient was fasting prior to the procedure.</span></td></tr></table><h3>Containers</h3><table class=\"grid\"><tr><td style=\"display: none\">-</td><td><b>Type</b></td></tr><tr><td style=\"display: none\">*</td><td><span title=\"Codes:{http://snomed.info/sct 706053007}\">General specimen container (physical object)</span></td></tr></table></div>"
  },
  "identifier" : [{
    "value" : "48736-12345-75465"
  }],
  "accessionIdentifier" : {
    "value" : "4e88a-12345-dd888"
  },
  "status" : "available",
  "type" : {
    "coding" : [{
      "system" : "http://snomed.info/sct",
      "code" : "119364003",
      "display" : "Serum specimen (specimen)"
    }]
  },
  "subject" : {
    "reference" : "Patient/TobiasTimmermann"
  },
  "collection" : {
    "collector" : {
      "reference" : "Practitioner/MarcMustermann"
    },
    "collectedDateTime" : "2015-08-16T06:40:17Z",
    "bodySite" : {
      "coding" : [{
        "system" : "http://snomed.info/sct",
        "code" : "49852007",
        "display" : "Structure of median cubital vein (body structure)"
      }]
    },
    "fastingStatusCodeableConcept" : {
      "coding" : [{
        "system" : "http://terminology.hl7.org/CodeSystem/v2-0916",
        "code" : "F",
        "display" : "Patient was fasting prior to the procedure."
      }]
    }
  },
  "container" : [{
    "type" : {
      "coding" : [{
        "system" : "http://snomed.info/sct",
        "code" : "706053007",
        "display" : "General specimen container (physical object)"
      }]
    }
  }]
}