<?xml version="1.0" encoding="UTF-8"?>

<Organization xmlns="http://hl7.org/fhir">
  <id value="GruppenpraxisCH"/>
  <meta>
    <profile value="http://fhir.ch/ig/ch-epr-fhir/StructureDefinition/ch-pdqm-provider-organization"/>
  </meta>
  <text>
    <status value="generated"/><div xmlns="http://www.w3.org/1999/xhtml"><p class="res-header-id"><b>Generated Narrative: Organization GruppenpraxisCH</b></p><a name="GruppenpraxisCH"> </a><a name="hcGruppenpraxisCH"> </a><a name="GruppenpraxisCH-en-US"> </a><p><b>identifier</b>: <a href="https://www.gs1.org/standards/id-keys/gln" title="Global Location Number">GLN</a>/7601000201041</p><p><b>name</b>: PDQm Provider Organization Gruppenpraxis</p><p><b>telecom</b>: <a href="tel:+41322345566">+41322345566</a>, fax: +41322346677(Work), <a href="mailto:bereit@gruppenpraxis.ch">bereit@gruppenpraxis.ch</a>, <a href="http://www.gruppenpraxis.ch">http://www.gruppenpraxis.ch</a></p><p><b>address</b>: Doktorgasse 2 Musterhausen 8888 CH (work)</p><h3>Contacts</h3><table class="grid"><tr><td style="display: none">-</td><td><b>Name</b></td></tr><tr><td style="display: none">*</td><td>Allzeit Bereit (Official)</td></tr></table></div>
  </text>
  <identifier>
    <system value="urn:oid:2.51.1.3"/>
    <value value="7601000201041"/>
  </identifier>
  <name value="PDQm Provider Organization Gruppenpraxis"/>
  <telecom>
    <system value="phone"/>
    <value value="+41322345566"/>
    <use value="work"/>
  </telecom>
  <telecom>
    <system value="fax"/>
    <value value="+41322346677"/>
    <use value="work"/>
  </telecom>
  <telecom>
    <system value="email"/>
    <value value="bereit@gruppenpraxis.ch"/>
    <use value="work"/>
  </telecom>
  <telecom>
    <system value="url"/>
    <value value="http://www.gruppenpraxis.ch"/>
    <use value="work"/>
  </telecom>
  <address>
    <use value="work"/>
    <line value="Doktorgasse"/>
    <line value="2"/>
    <city value="Musterhausen"/>
    <postalCode value="8888"/>
    <country value="CH"/>
  </address>
  <contact>
    <name>
      <use value="official"/>
      <family value="Bereit"/>
      <given value="Allzeit"/>
      <prefix value="Dr. med."/>
      <suffix value="Facharzt für Allgemeine Medizin"/>
    </name>
  </contact>
</Organization>