<?xml version="1.0" encoding="UTF-8"?><ConceptMap xmlns="http://hl7.org/fhir"><id value="ch-vacd-vaccines-sct-targetdiseases-cm"/><text><status value="extensions"/><div xmlns="http://www.w3.org/1999/xhtml"><p>Mapping from <a href="ValueSet-ch-vacd-vaccines-snomedct-vs.html">Snomed CT for vaccine code</a> to <a href="ValueSet-ch-vacd-targetdiseasesandillnessesundergoneforimmunization-vs.html">Target disease and illnesses undergone for immunization</a></p><p>ACTIVE. Published on 2023-12-20 09:30:51+0100 by HL7 Switzerland (HL7 Switzerland: <a href="https://www.hl7.ch/">https://www.hl7.ch/</a>). This artefact includes content from SNOMED Clinical Terms® (SNOMED CT®) which is copyright of the International Health Terminology Standards Development Organisation (IHTSDO). Implementers of these artefacts must have the appropriate SNOMED CT Affiliate license - for more information contact http://www.snomed.org/snomed-ct/getsnomed-ct or info@snomed.org.</p><div><p>Mappings from SnomedCT vaccine code to target disease according to the correcsponding valuesets</p>
</div><br/><p><b>Group 1</b>Mapping from <a href="http://hl7.org/fhir/R4/codesystem-snomedct.html">SNOMED CT (all versions)</a> to <a href="http://hl7.org/fhir/R4/codesystem-snomedct.html">SNOMED CT (all versions)</a></p><table class="grid"><tr><td colspan="2"><b>Source Concept Details</b></td><td><b>Relationship</b></td><td colspan="2"><b>Target Concept Details</b></td><td colspan="2"><b>Properties</b></td></tr><tr><td colspan="2"><b>Codes</b> from <a href="http://hl7.org/fhir/R4/codesystem-snomedct.html" title="http://snomed.info/sct">SNOMED CT (all versions)</a></td><td/><td colspan="2"><b>Codes</b> from <a href="http://hl7.org/fhir/R4/codesystem-snomedct.html" title="http://snomed.info/sct">SNOMED CT (all versions)</a></td></tr><tr><td style="border-right-width: 0px">871717007</td><td style="border-left-width: 0px">Vaccine product containing only Yellow fever virus antigen (medicinal product)</td><td><a href="http://hl7.org/fhir/R4/codesystem-concept-map-equivalence.html#related-to" title="related-to">is related to</a></td><td style="border-right-width: 0px">16541001</td><td style="border-left-width: 0px">Yellow fever (disorder)</td></tr><tr><td style="border-right-width: 0px">871719005</td><td style="border-left-width: 0px">Vaccine product containing only Tick-borne encephalitis virus antigen (medicinal product)</td><td><a href="http://hl7.org/fhir/R4/codesystem-concept-map-equivalence.html#related-to" title="related-to">is related to</a></td><td style="border-right-width: 0px">712986001</td><td style="border-left-width: 0px">Central European encephalitis (disorder)</td></tr><tr><td style="border-right-width: 0px">871724008</td><td style="border-left-width: 0px">Vaccine product containing only Japanese encephalitis virus antigen (medicinal product)</td><td><a href="http://hl7.org/fhir/R4/codesystem-concept-map-equivalence.html#related-to" title="related-to">is related to</a></td><td style="border-right-width: 0px">52947006</td><td style="border-left-width: 0px">Japanese encephalitis virus disease (disorder)</td></tr><tr><td style="border-right-width: 0px">871726005</td><td style="border-left-width: 0px">Vaccine product containing only Rabies lyssavirus antigen (medicinal product)</td><td><a href="http://hl7.org/fhir/R4/codesystem-concept-map-equivalence.html#related-to" title="related-to">is related to</a></td><td style="border-right-width: 0px">14168008</td><td style="border-left-width: 0px">Rabies (disorder)</td></tr><tr><td style="border-right-width: 0px">871737006</td><td style="border-left-width: 0px">Vaccine product containing only Mumps orthorubulavirus antigen (medicinal product)</td><td><a href="http://hl7.org/fhir/R4/codesystem-concept-map-equivalence.html#related-to" title="related-to">is related to</a></td><td style="border-right-width: 0px">36989005</td><td style="border-left-width: 0px">Mumps (disorder)</td></tr><tr><td style="border-right-width: 0px">871739009</td><td style="border-left-width: 0px">Vaccine product containing only Human poliovirus antigen (medicinal product)</td><td><a href="http://hl7.org/fhir/R4/codesystem-concept-map-equivalence.html#related-to" title="related-to">is related to</a></td><td style="border-right-width: 0px">398102009</td><td style="border-left-width: 0px">Acute poliomyelitis (disorder)</td></tr><tr><td style="border-right-width: 0px">871742003</td><td style="border-left-width: 0px">Vaccine product containing only Clostridium tetani antigen (medicinal product)</td><td><a href="http://hl7.org/fhir/R4/codesystem-concept-map-equivalence.html#related-to" title="related-to">is related to</a></td><td style="border-right-width: 0px">76902006</td><td style="border-left-width: 0px">Tetanus (disorder)</td></tr><tr><td style="border-right-width: 0px">871751006</td><td style="border-left-width: 0px">Vaccine product containing only Hepatitis A virus antigen (medicinal product)</td><td><a href="http://hl7.org/fhir/R4/codesystem-concept-map-equivalence.html#related-to" title="related-to">is related to</a></td><td style="border-right-width: 0px">40468003</td><td style="border-left-width: 0px">Viral hepatitis, type A (disorder)</td></tr><tr><td style="border-right-width: 0px">871761004</td><td style="border-left-width: 0px">Vaccine product containing only Rotavirus antigen (medicinal product)</td><td><a href="http://hl7.org/fhir/R4/codesystem-concept-map-equivalence.html#related-to" title="related-to">is related to</a></td><td style="border-right-width: 0px">18624000</td><td style="border-left-width: 0px">Disease caused by Rotavirus (disorder)</td></tr><tr><td style="border-right-width: 0px">871764007</td><td style="border-left-width: 0px">Vaccine product containing only Haemophilus influenzae type B antigen (medicinal product)</td><td><a href="http://hl7.org/fhir/R4/codesystem-concept-map-equivalence.html#related-to" title="related-to">is related to</a></td><td style="border-right-width: 0px">709410003</td><td style="border-left-width: 0px">Haemophilus influenzae type b infection (disorder)</td></tr><tr><td style="border-right-width: 0px">871765008</td><td style="border-left-width: 0px">Vaccine product containing only Measles morbillivirus antigen (medicinal product)</td><td><a href="http://hl7.org/fhir/R4/codesystem-concept-map-equivalence.html#related-to" title="related-to">is related to</a></td><td style="border-right-width: 0px">14189004</td><td style="border-left-width: 0px">Measles (disorder)</td></tr><tr><td style="border-right-width: 0px; border-bottom-style: none">871803007</td><td style="border-left-width: 0px; border-bottom-style: none">Vaccine product containing only Hepatitis A and Hepatitis B virus antigens (medicinal product)</td><td><a href="http://hl7.org/fhir/R4/codesystem-concept-map-equivalence.html#related-to" title="related-to">is related to</a></td><td style="border-right-width: 0px">66071002</td><td style="border-left-width: 0px">Viral hepatitis type B (disorder)</td></tr><tr><td style="border-right-width: 0px; border-top-style: none"/><td style="border-top-style: none; border-left-width: 0px"/><td><a href="http://hl7.org/fhir/R4/codesystem-concept-map-equivalence.html#related-to" title="related-to">is related to</a></td><td style="border-right-width: 0px">40468003</td><td style="border-left-width: 0px">Viral hepatitis, type A (disorder)</td></tr><tr><td style="border-right-width: 0px">871822003</td><td style="border-left-width: 0px">Vaccine product containing only Hepatitis B virus antigen (medicinal product)</td><td><a href="http://hl7.org/fhir/R4/codesystem-concept-map-equivalence.html#related-to" title="related-to">is related to</a></td><td style="border-right-width: 0px">66071002</td><td style="border-left-width: 0px">Viral hepatitis type B (disorder)</td></tr><tr><td style="border-right-width: 0px; border-bottom-style: none">871826000</td><td style="border-left-width: 0px; border-bottom-style: none">Vaccine product containing only Clostridium tetani and Corynebacterium diphtheriae antigens (medicinal product)</td><td><a href="http://hl7.org/fhir/R4/codesystem-concept-map-equivalence.html#related-to" title="related-to">is related to</a></td><td style="border-right-width: 0px">76902006</td><td style="border-left-width: 0px">Tetanus (disorder)</td></tr><tr><td style="border-right-width: 0px; border-top-style: none"/><td style="border-top-style: none; border-left-width: 0px"/><td><a href="http://hl7.org/fhir/R4/codesystem-concept-map-equivalence.html#related-to" title="related-to">is related to</a></td><td style="border-right-width: 0px">397430003</td><td style="border-left-width: 0px">Diphtheria caused by Corynebacterium diphtheriae (disorder)</td></tr><tr><td style="border-right-width: 0px; border-bottom-style: none">871831003</td><td style="border-left-width: 0px; border-bottom-style: none">Vaccine product containing only Measles morbillivirus and Mumps orthorubulavirus and Rubella virus antigens (medicinal product)</td><td><a href="http://hl7.org/fhir/R4/codesystem-concept-map-equivalence.html#related-to" title="related-to">is related to</a></td><td style="border-right-width: 0px">36653000</td><td style="border-left-width: 0px">Rubella (disorder)</td></tr><tr><td style="border-right-width: 0px; border-top-style: none; border-bottom-style: none"/><td style="border-left-width: 0px; border-top-style: none; border-bottom-style: none"/><td><a href="http://hl7.org/fhir/R4/codesystem-concept-map-equivalence.html#related-to" title="related-to">is related to</a></td><td style="border-right-width: 0px">14189004</td><td style="border-left-width: 0px">Measles (disorder)</td></tr><tr><td style="border-right-width: 0px; border-top-style: none"/><td style="border-top-style: none; border-left-width: 0px"/><td><a href="http://hl7.org/fhir/R4/codesystem-concept-map-equivalence.html#related-to" title="related-to">is related to</a></td><td style="border-right-width: 0px">36989005</td><td style="border-left-width: 0px">Mumps (disorder)</td></tr><tr><td style="border-right-width: 0px; border-bottom-style: none">871837004</td><td style="border-left-width: 0px; border-bottom-style: none">Vaccine product containing only Clostridium tetani and Corynebacterium diphtheriae and Human poliovirus antigens (medicinal product)</td><td><a href="http://hl7.org/fhir/R4/codesystem-concept-map-equivalence.html#related-to" title="related-to">is related to</a></td><td style="border-right-width: 0px">398102009</td><td style="border-left-width: 0px">Acute poliomyelitis (disorder)</td></tr><tr><td style="border-right-width: 0px; border-top-style: none; border-bottom-style: none"/><td style="border-left-width: 0px; border-top-style: none; border-bottom-style: none"/><td><a href="http://hl7.org/fhir/R4/codesystem-concept-map-equivalence.html#related-to" title="related-to">is related to</a></td><td style="border-right-width: 0px">76902006</td><td style="border-left-width: 0px">Tetanus (disorder)</td></tr><tr><td style="border-right-width: 0px; border-top-style: none"/><td style="border-top-style: none; border-left-width: 0px"/><td><a href="http://hl7.org/fhir/R4/codesystem-concept-map-equivalence.html#related-to" title="related-to">is related to</a></td><td style="border-right-width: 0px">397430003</td><td style="border-left-width: 0px">Diphtheria caused by Corynebacterium diphtheriae (disorder)</td></tr><tr><td style="border-right-width: 0px">871866001</td><td style="border-left-width: 0px">Vaccine product containing only Neisseria meningitidis serogroup C antigen (medicinal product)</td><td><a href="http://hl7.org/fhir/R4/codesystem-concept-map-equivalence.html#related-to" title="related-to">is related to</a></td><td style="border-right-width: 0px">23511006</td><td style="border-left-width: 0px">Meningococcal infectious disease (disorder)</td></tr><tr><td style="border-right-width: 0px">871873006</td><td style="border-left-width: 0px">Vaccine product containing only Neisseria meningitidis serogroup A, C, W135 and Y antigens (medicinal product)</td><td><a href="http://hl7.org/fhir/R4/codesystem-concept-map-equivalence.html#related-to" title="related-to">is related to</a></td><td style="border-right-width: 0px">23511006</td><td style="border-left-width: 0px">Meningococcal infectious disease (disorder)</td></tr><tr><td style="border-right-width: 0px; border-bottom-style: none">871875004</td><td style="border-left-width: 0px; border-bottom-style: none">Vaccine product containing only Bordetella pertussis and Clostridium tetani and Corynebacterium diphtheriae antigens (medicinal product)</td><td><a href="http://hl7.org/fhir/R4/codesystem-concept-map-equivalence.html#related-to" title="related-to">is related to</a></td><td style="border-right-width: 0px">76902006</td><td style="border-left-width: 0px">Tetanus (disorder)</td></tr><tr><td style="border-right-width: 0px; border-top-style: none; border-bottom-style: none"/><td style="border-left-width: 0px; border-top-style: none; border-bottom-style: none"/><td><a href="http://hl7.org/fhir/R4/codesystem-concept-map-equivalence.html#related-to" title="related-to">is related to</a></td><td style="border-right-width: 0px">27836007</td><td style="border-left-width: 0px">Pertussis (disorder)</td></tr><tr><td style="border-right-width: 0px; border-top-style: none"/><td style="border-top-style: none; border-left-width: 0px"/><td><a href="http://hl7.org/fhir/R4/codesystem-concept-map-equivalence.html#related-to" title="related-to">is related to</a></td><td style="border-right-width: 0px">397430003</td><td style="border-left-width: 0px">Diphtheria caused by Corynebacterium diphtheriae (disorder)</td></tr><tr><td style="border-right-width: 0px; border-bottom-style: none">871878002</td><td style="border-left-width: 0px; border-bottom-style: none">Vaccine product containing only Bordetella pertussis and Clostridium tetani and Corynebacterium diphtheriae and Human poliovirus antigens (medicinal product)</td><td><a href="http://hl7.org/fhir/R4/codesystem-concept-map-equivalence.html#related-to" title="related-to">is related to</a></td><td style="border-right-width: 0px">398102009</td><td style="border-left-width: 0px">Acute poliomyelitis (disorder)</td></tr><tr><td style="border-right-width: 0px; border-top-style: none; border-bottom-style: none"/><td style="border-left-width: 0px; border-top-style: none; border-bottom-style: none"/><td><a href="http://hl7.org/fhir/R4/codesystem-concept-map-equivalence.html#related-to" title="related-to">is related to</a></td><td style="border-right-width: 0px">76902006</td><td style="border-left-width: 0px">Tetanus (disorder)</td></tr><tr><td style="border-right-width: 0px; border-top-style: none; border-bottom-style: none"/><td style="border-left-width: 0px; border-top-style: none; border-bottom-style: none"/><td><a href="http://hl7.org/fhir/R4/codesystem-concept-map-equivalence.html#related-to" title="related-to">is related to</a></td><td style="border-right-width: 0px">27836007</td><td style="border-left-width: 0px">Pertussis (disorder)</td></tr><tr><td style="border-right-width: 0px; border-top-style: none"/><td style="border-top-style: none; border-left-width: 0px"/><td><a href="http://hl7.org/fhir/R4/codesystem-concept-map-equivalence.html#related-to" title="related-to">is related to</a></td><td style="border-right-width: 0px">397430003</td><td style="border-left-width: 0px">Diphtheria caused by Corynebacterium diphtheriae (disorder)</td></tr><tr><td style="border-right-width: 0px; border-bottom-style: none">871887006</td><td style="border-left-width: 0px; border-bottom-style: none">Vaccine product containing only Bordetella pertussis and Clostridium tetani and Corynebacterium diphtheriae and Haemophilus influenzae type B and Human poliovirus antigens (medicinal product)</td><td><a href="http://hl7.org/fhir/R4/codesystem-concept-map-equivalence.html#related-to" title="related-to">is related to</a></td><td style="border-right-width: 0px">709410003</td><td style="border-left-width: 0px">Haemophilus influenzae type b infection (disorder)</td></tr><tr><td style="border-right-width: 0px; border-top-style: none; border-bottom-style: none"/><td style="border-left-width: 0px; border-top-style: none; border-bottom-style: none"/><td><a href="http://hl7.org/fhir/R4/codesystem-concept-map-equivalence.html#related-to" title="related-to">is related to</a></td><td style="border-right-width: 0px">398102009</td><td style="border-left-width: 0px">Acute poliomyelitis (disorder)</td></tr><tr><td style="border-right-width: 0px; border-top-style: none; border-bottom-style: none"/><td style="border-left-width: 0px; border-top-style: none; border-bottom-style: none"/><td><a href="http://hl7.org/fhir/R4/codesystem-concept-map-equivalence.html#related-to" title="related-to">is related to</a></td><td style="border-right-width: 0px">76902006</td><td style="border-left-width: 0px">Tetanus (disorder)</td></tr><tr><td style="border-right-width: 0px; border-top-style: none; border-bottom-style: none"/><td style="border-left-width: 0px; border-top-style: none; border-bottom-style: none"/><td><a href="http://hl7.org/fhir/R4/codesystem-concept-map-equivalence.html#related-to" title="related-to">is related to</a></td><td style="border-right-width: 0px">27836007</td><td style="border-left-width: 0px">Pertussis (disorder)</td></tr><tr><td style="border-right-width: 0px; border-top-style: none"/><td style="border-top-style: none; border-left-width: 0px"/><td><a href="http://hl7.org/fhir/R4/codesystem-concept-map-equivalence.html#related-to" title="related-to">is related to</a></td><td style="border-right-width: 0px">397430003</td><td style="border-left-width: 0px">Diphtheria caused by Corynebacterium diphtheriae (disorder)</td></tr><tr><td style="border-right-width: 0px; border-bottom-style: none">871895005</td><td style="border-left-width: 0px; border-bottom-style: none">Vaccine product containing only Bordetella pertussis and Clostridium tetani and Corynebacterium diphtheriae and Haemophilus influenzae type B and Hepatitis B virus and Human poliovirus antigens (medicinal product)</td><td><a href="http://hl7.org/fhir/R4/codesystem-concept-map-equivalence.html#related-to" title="related-to">is related to</a></td><td style="border-right-width: 0px">709410003</td><td style="border-left-width: 0px">Haemophilus influenzae type b infection (disorder)</td></tr><tr><td style="border-right-width: 0px; border-top-style: none; border-bottom-style: none"/><td style="border-left-width: 0px; border-top-style: none; border-bottom-style: none"/><td><a href="http://hl7.org/fhir/R4/codesystem-concept-map-equivalence.html#related-to" title="related-to">is related to</a></td><td style="border-right-width: 0px">66071002</td><td style="border-left-width: 0px">Viral hepatitis type B (disorder)</td></tr><tr><td style="border-right-width: 0px; border-top-style: none; border-bottom-style: none"/><td style="border-left-width: 0px; border-top-style: none; border-bottom-style: none"/><td><a href="http://hl7.org/fhir/R4/codesystem-concept-map-equivalence.html#related-to" title="related-to">is related to</a></td><td style="border-right-width: 0px">398102009</td><td style="border-left-width: 0px">Acute poliomyelitis (disorder)</td></tr><tr><td style="border-right-width: 0px; border-top-style: none; border-bottom-style: none"/><td style="border-left-width: 0px; border-top-style: none; border-bottom-style: none"/><td><a href="http://hl7.org/fhir/R4/codesystem-concept-map-equivalence.html#related-to" title="related-to">is related to</a></td><td style="border-right-width: 0px">76902006</td><td style="border-left-width: 0px">Tetanus (disorder)</td></tr><tr><td style="border-right-width: 0px; border-top-style: none; border-bottom-style: none"/><td style="border-left-width: 0px; border-top-style: none; border-bottom-style: none"/><td><a href="http://hl7.org/fhir/R4/codesystem-concept-map-equivalence.html#related-to" title="related-to">is related to</a></td><td style="border-right-width: 0px">27836007</td><td style="border-left-width: 0px">Pertussis (disorder)</td></tr><tr><td style="border-right-width: 0px; border-top-style: none"/><td style="border-top-style: none; border-left-width: 0px"/><td><a href="http://hl7.org/fhir/R4/codesystem-concept-map-equivalence.html#related-to" title="related-to">is related to</a></td><td style="border-right-width: 0px">397430003</td><td style="border-left-width: 0px">Diphtheria caused by Corynebacterium diphtheriae (disorder)</td></tr><tr><td style="border-right-width: 0px; border-bottom-style: none">871908002</td><td style="border-left-width: 0px; border-bottom-style: none">Vaccine product containing only Human alphaherpesvirus 3 and Measles morbillivirus and Mumps orthorubulavirus and Rubella virus antigens (medicinal product)</td><td><a href="http://hl7.org/fhir/R4/codesystem-concept-map-equivalence.html#related-to" title="related-to">is related to</a></td><td style="border-right-width: 0px">38907003</td><td style="border-left-width: 0px">Varicella (disorder)</td></tr><tr><td style="border-right-width: 0px; border-top-style: none; border-bottom-style: none"/><td style="border-left-width: 0px; border-top-style: none; border-bottom-style: none"/><td><a href="http://hl7.org/fhir/R4/codesystem-concept-map-equivalence.html#related-to" title="related-to">is related to</a></td><td style="border-right-width: 0px">36653000</td><td style="border-left-width: 0px">Rubella (disorder)</td></tr><tr><td style="border-right-width: 0px; border-top-style: none; border-bottom-style: none"/><td style="border-left-width: 0px; border-top-style: none; border-bottom-style: none"/><td><a href="http://hl7.org/fhir/R4/codesystem-concept-map-equivalence.html#related-to" title="related-to">is related to</a></td><td style="border-right-width: 0px">14189004</td><td style="border-left-width: 0px">Measles (disorder)</td></tr><tr><td style="border-right-width: 0px; border-top-style: none"/><td style="border-top-style: none; border-left-width: 0px"/><td><a href="http://hl7.org/fhir/R4/codesystem-concept-map-equivalence.html#related-to" title="related-to">is related to</a></td><td style="border-right-width: 0px">36989005</td><td style="border-left-width: 0px">Mumps (disorder)</td></tr><tr><td style="border-right-width: 0px; border-bottom-style: none">871919004</td><td style="border-left-width: 0px; border-bottom-style: none">Vaccine product containing only live attenuated Human alphaherpesvirus 3 antigen (medicinal product)</td><td><a href="http://hl7.org/fhir/R4/codesystem-concept-map-equivalence.html#related-to" title="related-to">is related to</a></td><td style="border-right-width: 0px">38907003</td><td style="border-left-width: 0px">Varicella (disorder)</td></tr><tr><td style="border-right-width: 0px; border-top-style: none"/><td style="border-top-style: none; border-left-width: 0px"/><td><a href="http://hl7.org/fhir/R4/codesystem-concept-map-equivalence.html#related-to" title="related-to">is related to</a></td><td style="border-right-width: 0px">4740000</td><td style="border-left-width: 0px">Herpes zoster (disorder)</td></tr><tr><td style="border-right-width: 0px">1052328007</td><td style="border-left-width: 0px">Vaccine product containing only Streptococcus pneumoniae Danish serotype 4, 6B, 9V, 14, 18C, 19F, and 23F capsular polysaccharide antigens conjugated (medicinal product)</td><td><a href="http://hl7.org/fhir/R4/codesystem-concept-map-equivalence.html#related-to" title="related-to">is related to</a></td><td style="border-right-width: 0px">16814004</td><td style="border-left-width: 0px">Pneumococcal infectious disease (disorder)</td></tr><tr><td style="border-right-width: 0px">1119254000</td><td style="border-left-width: 0px">Vaccine product containing only Streptococcus pneumoniae Danish serotype 1, 3, 4, 5, 6A, 6B, 7F, 9V, 14, 18C, 19A, 19F, and 23F capsular polysaccharide antigens (medicinal product)</td><td><a href="http://hl7.org/fhir/R4/codesystem-concept-map-equivalence.html#related-to" title="related-to">is related to</a></td><td style="border-right-width: 0px">16814004</td><td style="border-left-width: 0px">Pneumococcal infectious disease (disorder)</td></tr><tr><td style="border-right-width: 0px">1119349007</td><td style="border-left-width: 0px">Vaccine product containing only Severe acute respiratory syndrome coronavirus 2 messenger ribonucleic acid (medicinal product)</td><td><a href="http://hl7.org/fhir/R4/codesystem-concept-map-equivalence.html#related-to" title="related-to">is related to</a></td><td style="border-right-width: 0px">840539006</td><td style="border-left-width: 0px">Disease caused by Severe acute respiratory syndrome coronavirus 2 (disorder)</td></tr><tr><td style="border-right-width: 0px">1156183006</td><td style="border-left-width: 0px">Vaccine product containing only Human alphaherpesvirus 3 recombinant surface glycoprotein E antigen (medicinal product)</td><td><a href="http://hl7.org/fhir/R4/codesystem-concept-map-equivalence.html#related-to" title="related-to">is related to</a></td><td style="border-right-width: 0px">4740000</td><td style="border-left-width: 0px">Herpes zoster (disorder)</td></tr><tr><td style="border-right-width: 0px">961000221100</td><td style="border-left-width: 0px">Vaccine product containing only Salmonella enterica subspecies enterica serovar Typhi antigen (medicinal product)</td><td><a href="http://hl7.org/fhir/R4/codesystem-concept-map-equivalence.html#related-to" title="related-to">is related to</a></td><td style="border-right-width: 0px">4834000</td><td style="border-left-width: 0px">Typhoid fever (disorder)</td></tr><tr><td style="border-right-width: 0px">981000221107</td><td style="border-left-width: 0px">Streptococcus pneumoniae Danish serotype 1, 2, 3, 4, 5, 6B, 7F, 8, 9N, 9V, 10A, 11A, 12F, 14, 15B, 17F, 18C, 19A, 19F, 20, 22F, 23F, and 33F capsular polysaccharide antigens only vaccine product</td><td><a href="http://hl7.org/fhir/R4/codesystem-concept-map-equivalence.html#related-to" title="related-to">is related to</a></td><td style="border-right-width: 0px">16814004</td><td style="border-left-width: 0px">Pneumococcal infectious disease (disorder)</td></tr><tr><td style="border-right-width: 0px">991000221105</td><td style="border-left-width: 0px">Vaccine product containing only Vibrio cholerae antigen (medicinal product)</td><td><a href="http://hl7.org/fhir/R4/codesystem-concept-map-equivalence.html#related-to" title="related-to">is related to</a></td><td style="border-right-width: 0px">63650001</td><td style="border-left-width: 0px">Cholera (disorder)</td></tr><tr><td style="border-right-width: 0px; border-bottom-style: none">1181000221105</td><td style="border-left-width: 0px; border-bottom-style: none">Vaccine product containing only Influenza virus antigen (medicinal product)</td><td><a href="http://hl7.org/fhir/R4/codesystem-concept-map-equivalence.html#related-to" title="related-to">is related to</a></td><td style="border-right-width: 0px">719590007</td><td style="border-left-width: 0px">Influenza caused by seasonal influenza virus (disorder)</td></tr><tr><td style="border-right-width: 0px; border-top-style: none"/><td style="border-top-style: none; border-left-width: 0px"/><td><a href="http://hl7.org/fhir/R4/codesystem-concept-map-equivalence.html#related-to" title="related-to">is related to</a></td><td style="border-right-width: 0px">719865001</td><td style="border-left-width: 0px">Influenza caused by pandemic influenza virus (disorder)</td></tr><tr><td style="border-right-width: 0px; border-bottom-style: none">1861000221106</td><td style="border-left-width: 0px; border-bottom-style: none">Vaccine product containing only live attenuated Mycobacterium bovis antigen (medicinal product)</td><td><a href="http://hl7.org/fhir/R4/codesystem-concept-map-equivalence.html#related-to" title="related-to">is related to</a></td><td style="border-right-width: 0px">56717001</td><td style="border-left-width: 0px">Tuberculosis (disorder)</td></tr><tr><td style="border-right-width: 0px; border-top-style: none"/><td style="border-top-style: none; border-left-width: 0px"/><td><a href="http://hl7.org/fhir/R4/codesystem-concept-map-equivalence.html#related-to" title="related-to">is related to</a></td><td style="border-right-width: 0px">240532009</td><td style="border-left-width: 0px">Human papillomavirus infection (disorder)</td></tr><tr><td style="border-right-width: 0px">2001000221108</td><td style="border-left-width: 0px">Vaccine product containing only Human papillomavirus 6, 11, 16 and 18 antigens (medicinal product)</td><td><a href="http://hl7.org/fhir/R4/codesystem-concept-map-equivalence.html#related-to" title="related-to">is related to</a></td><td style="border-right-width: 0px">240532009</td><td style="border-left-width: 0px">Human papillomavirus infection (disorder)</td></tr><tr><td style="border-right-width: 0px">29061000087103</td><td style="border-left-width: 0px">Vaccine product containing only recombinant non-replicating viral vector encoding Severe acute respiratory syndrome coronavirus 2 spike protein (medicinal product)</td><td><a href="http://hl7.org/fhir/R4/codesystem-concept-map-equivalence.html#related-to" title="related-to">is related to</a></td><td style="border-right-width: 0px">840539006</td><td style="border-left-width: 0px">Disease caused by Severe acute respiratory syndrome coronavirus 2 (disorder)</td></tr><tr><td style="border-right-width: 0px">1162643001</td><td style="border-left-width: 0px">Vaccine product containing only severe acute respiratory syndrome coronavirus 2 recombinant spike protein antigen (medicinal product)</td><td><a href="http://hl7.org/fhir/R4/codesystem-concept-map-equivalence.html#related-to" title="related-to">is related to</a></td><td style="border-right-width: 0px">840539006</td><td style="border-left-width: 0px">Disease caused by Severe acute respiratory syndrome coronavirus 2 (disorder)</td></tr></table></div></text><url value="http://fhir.ch/ig/ch-vacd/ConceptMap/ch-vacd-vaccines-sct-targetdiseases-cm"/><version value="4.0.0"/><name value="SnomedCTVaccineCodeToTargetDiseaseMapping"/><title value="Snomed CT VaccineCode To TargetDisease Mapping"/><status value="active"/><experimental value="false"/><date value="2023-12-20T09:30:51+01:00"/><publisher value="HL7 Switzerland"/><contact><name value="HL7 Switzerland"/><telecom><system value="url"/><value value="https://www.hl7.ch/"/></telecom></contact><description value="Mappings from SnomedCT vaccine code to target disease according to the correcsponding valuesets"/><jurisdiction><coding><system value="urn:iso:std:iso:3166"/><code value="CHE"/></coding></jurisdiction><copyright value="This artefact includes content from SNOMED Clinical Terms® (SNOMED CT®) which is copyright of the International Health Terminology Standards Development Organisation (IHTSDO). Implementers of these artefacts must have the appropriate SNOMED CT Affiliate license - for more information contact http://www.snomed.org/snomed-ct/getsnomed-ct or info@snomed.org."/><sourceUri value="http://fhir.ch/ig/ch-vacd/ValueSet/ch-vacd-vaccines-snomedct-vs"/><targetUri value="http://fhir.ch/ig/ch-vacd/ValueSet/ch-vacd-targetdiseasesandillnessesundergoneforimmunization-vs"/><group><source value="http://snomed.info/sct"/><target value="http://snomed.info/sct"/><element><code value="871717007"/><display value="Vaccine product containing only Yellow fever virus antigen (medicinal product)"/><target><modifierExtension url="http://hl7.org/fhir/1.0/StructureDefinition/extension-ConceptMap.element.target.equivalence"><valueCode value="relatedto"/></modifierExtension><code value="16541001"/><display value="Yellow fever (disorder)"/><equivalence value="relatedto"/></target></element><element><code value="871719005"/><display value="Vaccine product containing only Tick-borne encephalitis virus antigen (medicinal product)"/><target><modifierExtension url="http://hl7.org/fhir/1.0/StructureDefinition/extension-ConceptMap.element.target.equivalence"><valueCode value="relatedto"/></modifierExtension><code value="712986001"/><display value="Central European encephalitis (disorder)"/><equivalence value="relatedto"/></target></element><element><code value="871724008"/><display value="Vaccine product containing only Japanese encephalitis virus antigen (medicinal product)"/><target><modifierExtension url="http://hl7.org/fhir/1.0/StructureDefinition/extension-ConceptMap.element.target.equivalence"><valueCode value="relatedto"/></modifierExtension><code value="52947006"/><display value="Japanese encephalitis virus disease (disorder)"/><equivalence value="relatedto"/></target></element><element><code value="871726005"/><display value="Vaccine product containing only Rabies lyssavirus antigen (medicinal product)"/><target><modifierExtension url="http://hl7.org/fhir/1.0/StructureDefinition/extension-ConceptMap.element.target.equivalence"><valueCode value="relatedto"/></modifierExtension><code value="14168008"/><display value="Rabies (disorder)"/><equivalence value="relatedto"/></target></element><element><code value="871737006"/><display value="Vaccine product containing only Mumps orthorubulavirus antigen (medicinal product)"/><target><modifierExtension url="http://hl7.org/fhir/1.0/StructureDefinition/extension-ConceptMap.element.target.equivalence"><valueCode value="relatedto"/></modifierExtension><code value="36989005"/><display value="Mumps (disorder)"/><equivalence value="relatedto"/></target></element><element><code value="871739009"/><display value="Vaccine product containing only Human poliovirus antigen (medicinal product)"/><target><modifierExtension url="http://hl7.org/fhir/1.0/StructureDefinition/extension-ConceptMap.element.target.equivalence"><valueCode value="relatedto"/></modifierExtension><code value="398102009"/><display value="Acute poliomyelitis (disorder)"/><equivalence value="relatedto"/></target></element><element><code value="871742003"/><display value="Vaccine product containing only Clostridium tetani antigen (medicinal product)"/><target><modifierExtension url="http://hl7.org/fhir/1.0/StructureDefinition/extension-ConceptMap.element.target.equivalence"><valueCode value="relatedto"/></modifierExtension><code value="76902006"/><display value="Tetanus (disorder)"/><equivalence value="relatedto"/></target></element><element><code value="871751006"/><display value="Vaccine product containing only Hepatitis A virus antigen (medicinal product)"/><target><modifierExtension url="http://hl7.org/fhir/1.0/StructureDefinition/extension-ConceptMap.element.target.equivalence"><valueCode value="relatedto"/></modifierExtension><code value="40468003"/><display value="Viral hepatitis, type A (disorder)"/><equivalence value="relatedto"/></target></element><element><code value="871761004"/><display value="Vaccine product containing only Rotavirus antigen (medicinal product)"/><target><modifierExtension url="http://hl7.org/fhir/1.0/StructureDefinition/extension-ConceptMap.element.target.equivalence"><valueCode value="relatedto"/></modifierExtension><code value="18624000"/><display value="Disease caused by Rotavirus (disorder)"/><equivalence value="relatedto"/></target></element><element><code value="871764007"/><display value="Vaccine product containing only Haemophilus influenzae type B antigen (medicinal product)"/><target><modifierExtension url="http://hl7.org/fhir/1.0/StructureDefinition/extension-ConceptMap.element.target.equivalence"><valueCode value="relatedto"/></modifierExtension><code value="709410003"/><display value="Haemophilus influenzae type b infection (disorder)"/><equivalence value="relatedto"/></target></element><element><code value="871765008"/><display value="Vaccine product containing only Measles morbillivirus antigen (medicinal product)"/><target><modifierExtension url="http://hl7.org/fhir/1.0/StructureDefinition/extension-ConceptMap.element.target.equivalence"><valueCode value="relatedto"/></modifierExtension><code value="14189004"/><display value="Measles (disorder)"/><equivalence value="relatedto"/></target></element><element><code value="871803007"/><display value="Vaccine product containing only Hepatitis A and Hepatitis B virus antigens (medicinal product)"/><target><modifierExtension url="http://hl7.org/fhir/1.0/StructureDefinition/extension-ConceptMap.element.target.equivalence"><valueCode value="relatedto"/></modifierExtension><code value="66071002"/><display value="Viral hepatitis type B (disorder)"/><equivalence value="relatedto"/></target><target><modifierExtension url="http://hl7.org/fhir/1.0/StructureDefinition/extension-ConceptMap.element.target.equivalence"><valueCode value="relatedto"/></modifierExtension><code value="40468003"/><display value="Viral hepatitis, type A (disorder)"/><equivalence value="relatedto"/></target></element><element><code value="871822003"/><display value="Vaccine product containing only Hepatitis B virus antigen (medicinal product)"/><target><modifierExtension url="http://hl7.org/fhir/1.0/StructureDefinition/extension-ConceptMap.element.target.equivalence"><valueCode value="relatedto"/></modifierExtension><code value="66071002"/><display value="Viral hepatitis type B (disorder)"/><equivalence value="relatedto"/></target></element><element><code value="871826000"/><display value="Vaccine product containing only Clostridium tetani and Corynebacterium diphtheriae antigens (medicinal product)"/><target><modifierExtension url="http://hl7.org/fhir/1.0/StructureDefinition/extension-ConceptMap.element.target.equivalence"><valueCode value="relatedto"/></modifierExtension><code value="76902006"/><display value="Tetanus (disorder)"/><equivalence value="relatedto"/></target><target><modifierExtension url="http://hl7.org/fhir/1.0/StructureDefinition/extension-ConceptMap.element.target.equivalence"><valueCode value="relatedto"/></modifierExtension><code value="397430003"/><display value="Diphtheria caused by Corynebacterium diphtheriae (disorder)"/><equivalence value="relatedto"/></target></element><element><code value="871831003"/><display value="Vaccine product containing only Measles morbillivirus and Mumps orthorubulavirus and Rubella virus antigens (medicinal product)"/><target><modifierExtension url="http://hl7.org/fhir/1.0/StructureDefinition/extension-ConceptMap.element.target.equivalence"><valueCode value="relatedto"/></modifierExtension><code value="36653000"/><display value="Rubella (disorder)"/><equivalence value="relatedto"/></target><target><modifierExtension url="http://hl7.org/fhir/1.0/StructureDefinition/extension-ConceptMap.element.target.equivalence"><valueCode value="relatedto"/></modifierExtension><code value="14189004"/><display value="Measles (disorder)"/><equivalence value="relatedto"/></target><target><modifierExtension url="http://hl7.org/fhir/1.0/StructureDefinition/extension-ConceptMap.element.target.equivalence"><valueCode value="relatedto"/></modifierExtension><code value="36989005"/><display value="Mumps (disorder)"/><equivalence value="relatedto"/></target></element><element><code value="871837004"/><display value="Vaccine product containing only Clostridium tetani and Corynebacterium diphtheriae and Human poliovirus antigens (medicinal product)"/><target><modifierExtension url="http://hl7.org/fhir/1.0/StructureDefinition/extension-ConceptMap.element.target.equivalence"><valueCode value="relatedto"/></modifierExtension><code value="398102009"/><display value="Acute poliomyelitis (disorder)"/><equivalence value="relatedto"/></target><target><modifierExtension url="http://hl7.org/fhir/1.0/StructureDefinition/extension-ConceptMap.element.target.equivalence"><valueCode value="relatedto"/></modifierExtension><code value="76902006"/><display value="Tetanus (disorder)"/><equivalence value="relatedto"/></target><target><modifierExtension url="http://hl7.org/fhir/1.0/StructureDefinition/extension-ConceptMap.element.target.equivalence"><valueCode value="relatedto"/></modifierExtension><code value="397430003"/><display value="Diphtheria caused by Corynebacterium diphtheriae (disorder)"/><equivalence value="relatedto"/></target></element><element><code value="871866001"/><display value="Vaccine product containing only Neisseria meningitidis serogroup C antigen (medicinal product)"/><target><modifierExtension url="http://hl7.org/fhir/1.0/StructureDefinition/extension-ConceptMap.element.target.equivalence"><valueCode value="relatedto"/></modifierExtension><code value="23511006"/><display value="Meningococcal infectious disease (disorder)"/><equivalence value="relatedto"/></target></element><element><code value="871873006"/><display value="Vaccine product containing only Neisseria meningitidis serogroup A, C, W135 and Y antigens (medicinal product)"/><target><modifierExtension url="http://hl7.org/fhir/1.0/StructureDefinition/extension-ConceptMap.element.target.equivalence"><valueCode value="relatedto"/></modifierExtension><code value="23511006"/><display value="Meningococcal infectious disease (disorder)"/><equivalence value="relatedto"/></target></element><element><code value="871875004"/><display value="Vaccine product containing only Bordetella pertussis and Clostridium tetani and Corynebacterium diphtheriae antigens (medicinal product)"/><target><modifierExtension url="http://hl7.org/fhir/1.0/StructureDefinition/extension-ConceptMap.element.target.equivalence"><valueCode value="relatedto"/></modifierExtension><code value="76902006"/><display value="Tetanus (disorder)"/><equivalence value="relatedto"/></target><target><modifierExtension url="http://hl7.org/fhir/1.0/StructureDefinition/extension-ConceptMap.element.target.equivalence"><valueCode value="relatedto"/></modifierExtension><code value="27836007"/><display value="Pertussis (disorder)"/><equivalence value="relatedto"/></target><target><modifierExtension url="http://hl7.org/fhir/1.0/StructureDefinition/extension-ConceptMap.element.target.equivalence"><valueCode value="relatedto"/></modifierExtension><code value="397430003"/><display value="Diphtheria caused by Corynebacterium diphtheriae (disorder)"/><equivalence value="relatedto"/></target></element><element><code value="871878002"/><display value="Vaccine product containing only Bordetella pertussis and Clostridium tetani and Corynebacterium diphtheriae and Human poliovirus antigens (medicinal product)"/><target><modifierExtension url="http://hl7.org/fhir/1.0/StructureDefinition/extension-ConceptMap.element.target.equivalence"><valueCode value="relatedto"/></modifierExtension><code value="398102009"/><display value="Acute poliomyelitis (disorder)"/><equivalence value="relatedto"/></target><target><modifierExtension url="http://hl7.org/fhir/1.0/StructureDefinition/extension-ConceptMap.element.target.equivalence"><valueCode value="relatedto"/></modifierExtension><code value="76902006"/><display value="Tetanus (disorder)"/><equivalence value="relatedto"/></target><target><modifierExtension url="http://hl7.org/fhir/1.0/StructureDefinition/extension-ConceptMap.element.target.equivalence"><valueCode value="relatedto"/></modifierExtension><code value="27836007"/><display value="Pertussis (disorder)"/><equivalence value="relatedto"/></target><target><modifierExtension url="http://hl7.org/fhir/1.0/StructureDefinition/extension-ConceptMap.element.target.equivalence"><valueCode value="relatedto"/></modifierExtension><code value="397430003"/><display value="Diphtheria caused by Corynebacterium diphtheriae (disorder)"/><equivalence value="relatedto"/></target></element><element><code value="871887006"/><display value="Vaccine product containing only Bordetella pertussis and Clostridium tetani and Corynebacterium diphtheriae and Haemophilus influenzae type B and Human poliovirus antigens (medicinal product)"/><target><modifierExtension url="http://hl7.org/fhir/1.0/StructureDefinition/extension-ConceptMap.element.target.equivalence"><valueCode value="relatedto"/></modifierExtension><code value="709410003"/><display value="Haemophilus influenzae type b infection (disorder)"/><equivalence value="relatedto"/></target><target><modifierExtension url="http://hl7.org/fhir/1.0/StructureDefinition/extension-ConceptMap.element.target.equivalence"><valueCode value="relatedto"/></modifierExtension><code value="398102009"/><display value="Acute poliomyelitis (disorder)"/><equivalence value="relatedto"/></target><target><modifierExtension url="http://hl7.org/fhir/1.0/StructureDefinition/extension-ConceptMap.element.target.equivalence"><valueCode value="relatedto"/></modifierExtension><code value="76902006"/><display value="Tetanus (disorder)"/><equivalence value="relatedto"/></target><target><modifierExtension url="http://hl7.org/fhir/1.0/StructureDefinition/extension-ConceptMap.element.target.equivalence"><valueCode value="relatedto"/></modifierExtension><code value="27836007"/><display value="Pertussis (disorder)"/><equivalence value="relatedto"/></target><target><modifierExtension url="http://hl7.org/fhir/1.0/StructureDefinition/extension-ConceptMap.element.target.equivalence"><valueCode value="relatedto"/></modifierExtension><code value="397430003"/><display value="Diphtheria caused by Corynebacterium diphtheriae (disorder)"/><equivalence value="relatedto"/></target></element><element><code value="871895005"/><display value="Vaccine product containing only Bordetella pertussis and Clostridium tetani and Corynebacterium diphtheriae and Haemophilus influenzae type B and Hepatitis B virus and Human poliovirus antigens (medicinal product)"/><target><modifierExtension url="http://hl7.org/fhir/1.0/StructureDefinition/extension-ConceptMap.element.target.equivalence"><valueCode value="relatedto"/></modifierExtension><code value="709410003"/><display value="Haemophilus influenzae type b infection (disorder)"/><equivalence value="relatedto"/></target><target><modifierExtension url="http://hl7.org/fhir/1.0/StructureDefinition/extension-ConceptMap.element.target.equivalence"><valueCode value="relatedto"/></modifierExtension><code value="66071002"/><display value="Viral hepatitis type B (disorder)"/><equivalence value="relatedto"/></target><target><modifierExtension url="http://hl7.org/fhir/1.0/StructureDefinition/extension-ConceptMap.element.target.equivalence"><valueCode value="relatedto"/></modifierExtension><code value="398102009"/><display value="Acute poliomyelitis (disorder)"/><equivalence value="relatedto"/></target><target><modifierExtension url="http://hl7.org/fhir/1.0/StructureDefinition/extension-ConceptMap.element.target.equivalence"><valueCode value="relatedto"/></modifierExtension><code value="76902006"/><display value="Tetanus (disorder)"/><equivalence value="relatedto"/></target><target><modifierExtension url="http://hl7.org/fhir/1.0/StructureDefinition/extension-ConceptMap.element.target.equivalence"><valueCode value="relatedto"/></modifierExtension><code value="27836007"/><display value="Pertussis (disorder)"/><equivalence value="relatedto"/></target><target><modifierExtension url="http://hl7.org/fhir/1.0/StructureDefinition/extension-ConceptMap.element.target.equivalence"><valueCode value="relatedto"/></modifierExtension><code value="397430003"/><display value="Diphtheria caused by Corynebacterium diphtheriae (disorder)"/><equivalence value="relatedto"/></target></element><element><code value="871908002"/><display value="Vaccine product containing only Human alphaherpesvirus 3 and Measles morbillivirus and Mumps orthorubulavirus and Rubella virus antigens (medicinal product)"/><target><modifierExtension url="http://hl7.org/fhir/1.0/StructureDefinition/extension-ConceptMap.element.target.equivalence"><valueCode value="relatedto"/></modifierExtension><code value="38907003"/><display value="Varicella (disorder)"/><equivalence value="relatedto"/></target><target><modifierExtension url="http://hl7.org/fhir/1.0/StructureDefinition/extension-ConceptMap.element.target.equivalence"><valueCode value="relatedto"/></modifierExtension><code value="36653000"/><display value="Rubella (disorder)"/><equivalence value="relatedto"/></target><target><modifierExtension url="http://hl7.org/fhir/1.0/StructureDefinition/extension-ConceptMap.element.target.equivalence"><valueCode value="relatedto"/></modifierExtension><code value="14189004"/><display value="Measles (disorder)"/><equivalence value="relatedto"/></target><target><modifierExtension url="http://hl7.org/fhir/1.0/StructureDefinition/extension-ConceptMap.element.target.equivalence"><valueCode value="relatedto"/></modifierExtension><code value="36989005"/><display value="Mumps (disorder)"/><equivalence value="relatedto"/></target></element><element><code value="871919004"/><display value="Vaccine product containing only live attenuated Human alphaherpesvirus 3 antigen (medicinal product)"/><target><modifierExtension url="http://hl7.org/fhir/1.0/StructureDefinition/extension-ConceptMap.element.target.equivalence"><valueCode value="relatedto"/></modifierExtension><code value="38907003"/><display value="Varicella (disorder)"/><equivalence value="relatedto"/></target><target><modifierExtension url="http://hl7.org/fhir/1.0/StructureDefinition/extension-ConceptMap.element.target.equivalence"><valueCode value="relatedto"/></modifierExtension><code value="4740000"/><display value="Herpes zoster (disorder)"/><equivalence value="relatedto"/></target></element><element><code value="1052328007"/><display value="Vaccine product containing only Streptococcus pneumoniae Danish serotype 4, 6B, 9V, 14, 18C, 19F, and 23F capsular polysaccharide antigens conjugated (medicinal product)"/><target><modifierExtension url="http://hl7.org/fhir/1.0/StructureDefinition/extension-ConceptMap.element.target.equivalence"><valueCode value="relatedto"/></modifierExtension><code value="16814004"/><display value="Pneumococcal infectious disease (disorder)"/><equivalence value="relatedto"/></target></element><element><code value="1119254000"/><display value="Vaccine product containing only Streptococcus pneumoniae Danish serotype 1, 3, 4, 5, 6A, 6B, 7F, 9V, 14, 18C, 19A, 19F, and 23F capsular polysaccharide antigens (medicinal product)"/><target><modifierExtension url="http://hl7.org/fhir/1.0/StructureDefinition/extension-ConceptMap.element.target.equivalence"><valueCode value="relatedto"/></modifierExtension><code value="16814004"/><display value="Pneumococcal infectious disease (disorder)"/><equivalence value="relatedto"/></target></element><element><code value="1119349007"/><display value="Vaccine product containing only Severe acute respiratory syndrome coronavirus 2 messenger ribonucleic acid (medicinal product)"/><target><modifierExtension url="http://hl7.org/fhir/1.0/StructureDefinition/extension-ConceptMap.element.target.equivalence"><valueCode value="relatedto"/></modifierExtension><code value="840539006"/><display value="Disease caused by Severe acute respiratory syndrome coronavirus 2 (disorder)"/><equivalence value="relatedto"/></target></element><element><code value="1156183006"/><display value="Vaccine product containing only Human alphaherpesvirus 3 recombinant surface glycoprotein E antigen (medicinal product)"/><target><modifierExtension url="http://hl7.org/fhir/1.0/StructureDefinition/extension-ConceptMap.element.target.equivalence"><valueCode value="relatedto"/></modifierExtension><code value="4740000"/><display value="Herpes zoster (disorder)"/><equivalence value="relatedto"/></target></element><element><code value="961000221100"/><display value="Vaccine product containing only Salmonella enterica subspecies enterica serovar Typhi antigen (medicinal product)"/><target><modifierExtension url="http://hl7.org/fhir/1.0/StructureDefinition/extension-ConceptMap.element.target.equivalence"><valueCode value="relatedto"/></modifierExtension><code value="4834000"/><display value="Typhoid fever (disorder)"/><equivalence value="relatedto"/></target></element><element><code value="981000221107"/><display value="Streptococcus pneumoniae Danish serotype 1, 2, 3, 4, 5, 6B, 7F, 8, 9N, 9V, 10A, 11A, 12F, 14, 15B, 17F, 18C, 19A, 19F, 20, 22F, 23F, and 33F capsular polysaccharide antigens only vaccine product"/><target><modifierExtension url="http://hl7.org/fhir/1.0/StructureDefinition/extension-ConceptMap.element.target.equivalence"><valueCode value="relatedto"/></modifierExtension><code value="16814004"/><display value="Pneumococcal infectious disease (disorder)"/><equivalence value="relatedto"/></target></element><element><code value="991000221105"/><display value="Vaccine product containing only Vibrio cholerae antigen (medicinal product)"/><target><modifierExtension url="http://hl7.org/fhir/1.0/StructureDefinition/extension-ConceptMap.element.target.equivalence"><valueCode value="relatedto"/></modifierExtension><code value="63650001"/><display value="Cholera (disorder)"/><equivalence value="relatedto"/></target></element><element><code value="1181000221105"/><display value="Vaccine product containing only Influenza virus antigen (medicinal product)"/><target><modifierExtension url="http://hl7.org/fhir/1.0/StructureDefinition/extension-ConceptMap.element.target.equivalence"><valueCode value="relatedto"/></modifierExtension><code value="719590007"/><display value="Influenza caused by seasonal influenza virus (disorder)"/><equivalence value="relatedto"/></target><target><modifierExtension url="http://hl7.org/fhir/1.0/StructureDefinition/extension-ConceptMap.element.target.equivalence"><valueCode value="relatedto"/></modifierExtension><code value="719865001"/><display value="Influenza caused by pandemic influenza virus (disorder)"/><equivalence value="relatedto"/></target></element><element><code value="1861000221106"/><display value="Vaccine product containing only live attenuated Mycobacterium bovis antigen (medicinal product)"/><target><modifierExtension url="http://hl7.org/fhir/1.0/StructureDefinition/extension-ConceptMap.element.target.equivalence"><valueCode value="relatedto"/></modifierExtension><code value="56717001"/><display value="Tuberculosis (disorder)"/><equivalence value="relatedto"/></target><target><modifierExtension url="http://hl7.org/fhir/1.0/StructureDefinition/extension-ConceptMap.element.target.equivalence"><valueCode value="relatedto"/></modifierExtension><code value="240532009"/><display value="Human papillomavirus infection (disorder)"/><equivalence value="relatedto"/></target></element><element><code value="2001000221108"/><display value="Vaccine product containing only Human papillomavirus 6, 11, 16 and 18 antigens (medicinal product)"/><target><modifierExtension url="http://hl7.org/fhir/1.0/StructureDefinition/extension-ConceptMap.element.target.equivalence"><valueCode value="relatedto"/></modifierExtension><code value="240532009"/><display value="Human papillomavirus infection (disorder)"/><equivalence value="relatedto"/></target></element><element><code value="29061000087103"/><display value="Vaccine product containing only recombinant non-replicating viral vector encoding Severe acute respiratory syndrome coronavirus 2 spike protein (medicinal product)"/><target><modifierExtension url="http://hl7.org/fhir/1.0/StructureDefinition/extension-ConceptMap.element.target.equivalence"><valueCode value="relatedto"/></modifierExtension><code value="840539006"/><display value="Disease caused by Severe acute respiratory syndrome coronavirus 2 (disorder)"/><equivalence value="relatedto"/></target></element><element><code value="1162643001"/><display value="Vaccine product containing only severe acute respiratory syndrome coronavirus 2 recombinant spike protein antigen (medicinal product)"/><target><modifierExtension url="http://hl7.org/fhir/1.0/StructureDefinition/extension-ConceptMap.element.target.equivalence"><valueCode value="relatedto"/></modifierExtension><code value="840539006"/><display value="Disease caused by Severe acute respiratory syndrome coronavirus 2 (disorder)"/><equivalence value="relatedto"/></target></element></group></ConceptMap>