<?xml version="1.0" encoding="UTF-8"?><ValueSet xmlns="http://hl7.org/fhir"><id value="ch-vacd-ch-vaccination-plan-immunizations-vs"/><meta><profile value="http://hl7.org/fhir/StructureDefinition/shareablevalueset"/></meta><text><status value="generated"/><div xmlns="http://www.w3.org/1999/xhtml"><ul><li>Include these codes as defined in <a href="http://www.snomed.org/"><code>http://snomed.info/sct</code></a><table class="none"><tr><td style="white-space:nowrap"><b>Code</b></td><td><b>Display</b></td></tr><tr><td><a href="http://snomed.info/id/42284007">42284007</a></td><td>Administration of vaccine product containing only live attenuated Mycobacterium bovis antigen (procedure)</td></tr><tr><td><a href="http://snomed.info/id/76668005">76668005</a></td><td>Administration of vaccine product containing only Corynebacterium diphtheriae antigen (procedure)</td></tr><tr><td><a href="http://snomed.info/id/127787002">127787002</a></td><td>Administration of vaccine product containing only Haemophilus influenzae type B antigen (procedure)</td></tr><tr><td><a href="http://snomed.info/id/243789007">243789007</a></td><td>Administration of vaccine product containing only Hepatitis A virus antigen (procedure)</td></tr><tr><td><a href="http://snomed.info/id/16584000">16584000</a></td><td>Administration of vaccine product containing only Hepatitis B virus antigen (procedure)</td></tr><tr><td><a href="http://snomed.info/id/86198006">86198006</a></td><td>Administration of vaccine product containing only Influenza virus antigen (procedure)</td></tr><tr><td><a href="http://snomed.info/id/314759000">314759000</a></td><td>Administration of vaccine product containing only Japanese encephalitis virus antigen (procedure)</td></tr><tr><td><a href="http://snomed.info/id/47435007">47435007</a></td><td>Administration of vaccine product containing only Measles morbillivirus antigen (procedure)</td></tr><tr><td><a href="http://snomed.info/id/719596001">719596001</a></td><td>Administration of vaccine product containing only Neisseria meningitidis serogroup C antigen (procedure)</td></tr><tr><td><a href="http://snomed.info/id/314417000">314417000</a></td><td>Administration of vaccine product containing only Neisseria meningitidis serogroup A and C antigens (procedure)</td></tr><tr><td><a href="http://snomed.info/id/871874000">871874000</a></td><td>Administration of vaccine product containing only Neisseria meningitidis serogroup A, C, W135 and Y antigens (procedure)</td></tr><tr><td><a href="http://snomed.info/id/50583002">50583002</a></td><td>Administration of vaccine product containing only Mumps orthorubulavirus antigen (procedure)</td></tr><tr><td><a href="http://snomed.info/id/761841000">761841000</a></td><td>Administration of vaccine product containing only Human papillomavirus antigen (procedure)</td></tr><tr><td><a href="http://snomed.info/id/39343008">39343008</a></td><td>Administration of vaccine product containing only Bordetella pertussis antigen (procedure)</td></tr><tr><td><a href="http://snomed.info/id/1119368005">1119368005</a></td><td>Administration of vaccine product containing only Streptococcus pneumoniae Danish serotype 4, 6B, 9V, 14, 18C, 19F, and 23F capsular polysaccharide antigens conjugated (procedure)</td></tr><tr><td><a href="http://snomed.info/id/1119366009">1119366009</a></td><td>Administration of vaccine product containing only Streptococcus pneumoniae Danish serotype 1, 3, 4, 5, 6A, 6B, 7F, 9V, 14, 18C, 19A, 19F, and 23F capsular polysaccharide antigens (procedure)</td></tr><tr><td><a href="http://snomed.info/id/1119367000">1119367000</a></td><td>Administration of vaccine product containing only Streptococcus pneumoniae Danish serotype 1, 2, 3, 4, 5, 6B, 7F, 8, 9N, 9V, 10A, 11A, 12F, 14, 15B, 17F, 18C, 19A, 19F, 20, 22F, 23F, and 33F capsular polysaccharide antigens (procedure)</td></tr><tr><td><a href="http://snomed.info/id/72093006">72093006</a></td><td>Administration of vaccine product containing only Human poliovirus antigen (procedure)</td></tr><tr><td><a href="http://snomed.info/id/34631000">34631000</a></td><td>Administration of vaccine product containing only Rabies lyssavirus antigen (procedure)</td></tr><tr><td><a href="http://snomed.info/id/82314000">82314000</a></td><td>Administration of vaccine product containing only Rubella virus antigen (procedure)</td></tr><tr><td><a href="http://snomed.info/id/127786006">127786006</a></td><td>Administration of vaccine product containing only Clostridium tetani antigen (procedure)</td></tr><tr><td><a href="http://snomed.info/id/281658005">281658005</a></td><td>Administration of vaccine product containing only Tick-borne encephalitis virus antigen (procedure)</td></tr><tr><td><a href="http://snomed.info/id/15483003">15483003</a></td><td>Administration of vaccine product containing only Salmonella enterica subspecies enterica serovar Typhi antigen (procedure)</td></tr><tr><td><a href="http://snomed.info/id/737081007">737081007</a></td><td>Administration of vaccine product containing only Human alphaherpesvirus 3 antigen for chickenpox (procedure)</td></tr><tr><td><a href="http://snomed.info/id/722215002">722215002</a></td><td>Administration of vaccine product containing only Human alphaherpesvirus 3 antigen for shingles (procedure)</td></tr><tr><td><a href="http://snomed.info/id/67308009">67308009</a></td><td>Administration of vaccine product containing only Yellow fever virus antigen (procedure)</td></tr><tr><td><a href="http://snomed.info/id/1157107003">1157107003</a></td><td>Administration of vaccine product containing only recombinant non-replicating viral vector encoding Severe acute respiratory syndrome coronavirus 2 spike protein (procedure)</td></tr><tr><td><a href="http://snomed.info/id/1119350007">1119350007</a></td><td>Administration of vaccine product containing only Severe acute respiratory syndrome coronavirus 2 messenger ribonucleic acid (procedure)</td></tr><tr><td><a href="http://snomed.info/id/1209198003">1209198003</a></td><td>Administration of vaccine product containing only Human papillomavirus 6, 11, 16, 18, 31, 33, 45, 52 and 58 antigen (procedure)</td></tr><tr><td><a href="http://snomed.info/id/1162645008">1162645008</a></td><td>Administration of vaccine product containing only severe acute respiratory syndrome coronavirus 2 recombinant spike protein antigen (procedure)</td></tr></table></li></ul><p><b>Additional Language Displays</b></p><table class="codes"><tr><td><b>Code</b></td><td><b>Deutsch (Schweiz) (German (Switzerland), de)</b></td><td><b>English (United States) (English (United States), en)</b></td><td><b>French (Switzerland) (fr)</b></td><td><b>Italian (Switzerland) (it)</b></td><td><b>rm</b></td></tr><tr><td>42284007</td><td>BCG-Impfung</td><td>BCG vaccination</td><td>vaccination par le BCG</td><td>vaccinazione contro la tubercolosi</td><td>vaccinaziun cunter tuberculosa</td></tr><tr><td>76668005</td><td>Diphterie-Impfung</td><td>Diphtheria vaccination</td><td>vaccination contre la diphtérie</td><td>vaccinazione contro la difterite</td><td>vaccinaziun cunter difteria</td></tr><tr><td>127787002</td><td>Impfung gegen Haemophilus influenzae Typ B</td><td>Haemophilus influenzae type b vaccination</td><td>vaccination contre l'Haemophilus influenzae de type B</td><td>vaccinazione contro l'Haemophilus influenzae di tipo b</td><td>vaccinaziun cunter hemofilus influenza tip B</td></tr><tr><td>243789007</td><td>Hepatitis-A-Impfung</td><td>Hepatitis A vaccination</td><td>vaccination contre l'hépatite A</td><td>vaccinazione contro l'epatite A</td><td>vaccinaziun cunter hepatitis A</td></tr><tr><td>16584000</td><td>Hepatitis-B-Impfung</td><td>Hepatitis B vaccination</td><td>vaccination contre l'hépatite B</td><td>vaccinazione contro l'epatite B</td><td>vaccinaziun cunter hepatitis B</td></tr><tr><td>86198006</td><td>Grippeimpfung</td><td>Influenza vaccination</td><td>vaccination contre l'influenza</td><td>vaccinazione contro l'influenza</td><td>vaccinaziun cunter la grippa</td></tr><tr><td>314759000</td><td>Impfung gegen Japanische Enzephalitis</td><td>Japanese encephalitis vaccination</td><td>vaccination contre l'encéphalite japonaise</td><td>Jvaccinazione contro l'encefalite giapponese</td><td>vaccinaziun cunter l'encefalitis giapunaisa</td></tr><tr><td>47435007</td><td>Masernimpfung</td><td>Measles vaccination</td><td>vaccination antirougeoleuse</td><td>vaccinazione contro il morbillo</td><td>vaccinaziun cunter il virustgel</td></tr><tr><td>719596001</td><td>Meningitis-C-Impfung</td><td>Meningitis C vaccination</td><td>vaccination contre la méningite C</td><td>vaccinazione contro la meningite C</td><td>vaccinaziun cunter meninghitis C</td></tr><tr><td>314417000</td><td>Meningitis-A-und-C-Impfung</td><td>Meningitis A and C vaccination</td><td>vaccination contre les méningites A et C</td><td>vaccinazione contro la meningite A e C</td><td>vaccinaziun cunter meninghitis A e C</td></tr><tr><td>871874000</td><td>Meningitis-A, C-, W135- und Y-Impfung</td><td>Meningitis A, C, W135 and Y vaccination</td><td>vaccination contre les méningites A, C, W135 et Y</td><td>vaccinazione contro la meningite A, C, W135 e Y</td><td>vaccinaziun cunter meninghitis A, C, W135 ed Y</td></tr><tr><td>50583002</td><td>Mumpsimpfung</td><td>Mumps vaccination</td><td>vaccination contre les oreillons</td><td>vaccinazione contro la parotite</td><td>vaccinaziun cunter il glandun</td></tr><tr><td>761841000</td><td>Impfung gegen humane Papillomaviren</td><td>Human papillomavirus vaccination</td><td>vaccination contre le papillomavirus humain</td><td>vaccinazione contro il virus del papilloma umano</td><td>vaccinaziun cunter ils papillomavirus umans</td></tr><tr><td>39343008</td><td>Pertussis-Impfung</td><td>Pertussis vaccination</td><td>vaccination contre la coqueluche</td><td>vaccinazione contro la pertosse</td><td>vaccinaziun cunter la tuss chanina</td></tr><tr><td>1119368005</td><td>7-valente Pneumokokken-Konjugatimpfung</td><td>Pneumococcal 7-valent conjugate vaccination</td><td>vaccination antipneumococcique conjugué 7-valent</td><td>vaccinazione con vaccino coniugato eptavalente contro gli pneumococchi</td><td>vaccinaziun cunter pneumococcus cun vaccin fusiunà valenza 7</td></tr><tr><td>1119366009</td><td>13-valente Pneumokokken-Konjugatimpfung</td><td>Pneumococcal 13-valent conjugate vaccination</td><td>vaccination antipneumococcique conjugué 13-valent</td><td>vaccinazione con vaccino coniugato 13-valente contro gli pneumococchi</td><td>vaccinaziun cunter pneumococcus cun vaccin fusiunà valenza 13</td></tr><tr><td>1119367000</td><td>23-valente Pneumokokken-Konjugatimpfung</td><td>Pneumococcal 23-valent conjugate vaccination</td><td>vaccination antipneumococcique conjugué 23- valent</td><td>vaccinazione con vaccino coniugato 23-valente contro gli pneumococchi</td><td>vaccinaziun cunter pneumococcus cun vaccin fusiunà valenza 23</td></tr><tr><td>72093006</td><td>Polio-Impfung</td><td>Poliomyelitis vaccination</td><td>vaccination contre la poliomyélite</td><td>vaccinazione contro la poliomielite</td><td>vaccinaziun cunter poliomielitica</td></tr><tr><td>34631000</td><td>Tollwut-Impfung</td><td>Rabies vaccination</td><td>vaccination contre la rage</td><td>vaccinazione contro la rabbia</td><td>vaccinaziun cunter la frenesia</td></tr><tr><td>82314000</td><td>Röteln-Impfung</td><td>Rubella vaccination</td><td>vaccination contre la rubéole</td><td>vaccinazione contro la rosolia</td><td>vaccinaziun cunter la rubella</td></tr><tr><td>127786006</td><td>Tetanus-Impfung</td><td>Tetanus vaccination</td><td>vaccination contre le tétanos</td><td>vaccinazione contro il tetano</td><td>vaccinaziun cunter tetanus</td></tr><tr><td>281658005</td><td>FSME-Impfung</td><td>Tick-borne encephalitis vaccination</td><td>vaccination contre l'encéphalite à tiques</td><td>vaccinazione contro la meningoencefalite da zecche</td><td>vaccinaziun cunter la meningoencefalitis da zeccas</td></tr><tr><td>15483003</td><td>Typhus-Impfung</td><td>Typhoid vaccination</td><td>vaccination antityphoïdique</td><td>vaccinazione contro la febbre tifoidea</td><td>vaccinaziun cunter tifus</td></tr><tr><td>737081007</td><td>Varizellen-Zoster-Impfung gegen Windpocken</td><td>Varicella-zoster vaccination for chickenpox</td><td>vaccination varicelle-zona contre la varicelle</td><td>vaccinazione contro il virus varicella-zoster: solo varicella</td><td>vaccinaziun cunter la virola selvadia</td></tr><tr><td>722215002</td><td>Varizellen-Zoster-Impfung gegen Gürtelrose</td><td>Varicella-zoster vaccination for shingles</td><td>vaccination varicelle-zona contre le zona</td><td>vaccinazione contro il virus varicella-zoster: solo herpes zoster</td><td>vaccinaziun cunter herpes zoster</td></tr><tr><td>67308009</td><td>Gelbfieber-Impfung</td><td>Yellow fever vaccination</td><td>vaccination contre la fièvre jaune</td><td>vaccinazione contro la febbre gialla</td><td>vaccinaziun cunter la fevra melna</td></tr><tr><td>1157107003</td><td>Nicht replizierende virale Vektorimpfung gegen COVID-19</td><td>COVID-19 non-replicating viral vector vaccination</td><td>administration d'un vaccin à vecteur viral recombinant non réplicatif contre le COVID-19</td><td>vaccinazione con vaccino a vettore virale non replicante anti-COVID-19</td><td>vaccinaziun cunter COVID-19 cun vaccin vectorial viral betg replitgant</td></tr><tr><td>1119350007</td><td>mRNA-Impfung gegen COVID-19</td><td>COVID-19 mRNA vaccination</td><td>administration d'un vaccin à ARNm du SARS-CoV-2</td><td>vaccinazione con vaccino a mRNA anti-COVID-19</td><td>vaccinaziun cunter COVID-19 cun vaccin mRNA</td></tr><tr><td>1209198003</td><td>Impfung gegen die humanen Papillomaviren 6, 11, 16, 18, 31, 33, 45, 52 und 58</td><td>Human papillomavirus 6, 11, 16, 18, 31, 33, 45, 52 and 58 vaccination</td><td>vaccination contre le papillomavirus humain 6, 11, 16, 18, 31, 33, 45, 52 and 58</td><td>vaccinazione contro i papillomavirus umani 6, 11, 16, 18, 31, 33, 45, 52 e 58</td><td>vaccinaziun cunter ils papillomavirus umans 6, 11, 16, 18, 31, 33, 45, 52 e 58</td></tr><tr><td>1162645008</td><td>Impfung gegen Covid-19 mit rekombinanten Spike-Protein-Antigenen</td><td>COVID-19 recombinant spike protein antigen vaccination</td><td>vaccination antigénique à protéine Spike recombinante contre le COVID-19</td><td>vaccinazione con vaccino antigenico anti-COVID-19 con proteina spike ricombinante</td><td>vaccinaziun cunter COVID-19 cun antigens dal protein spike recumbinant</td></tr></table></div></text><extension url="http://hl7.org/fhir/StructureDefinition/resource-effectivePeriod"><valuePeriod><start value="2020-06-26T00:00:00+01:00"/></valuePeriod></extension><url value="http://fhir.ch/ig/ch-vacd/ValueSet/ch-vacd-ch-vaccination-plan-immunizations-vs"/><identifier><use value="official"/><system value="http://art-decor.org/ns/oids/vs"/><value value="2.16.756.5.30.1.1.11.71"/></identifier><version value="4.0.0"/><name value="SwissVaccinationPlanImmunizations"/><title value="Swiss Vaccination Plan Immunizations"/><status value="active"/><experimental value="false"/><date value="2023-12-20T09:30:51+01:00"/><publisher value="HL7 Switzerland"/><contact><name value="HL7 Switzerland"/><telecom><system value="url"/><value value="https://www.hl7.ch/"/></telecom></contact><description value="Immunization procedures for recommendations according to the vaccination plan."/><jurisdiction><coding><system value="urn:iso:std:iso:3166"/><code value="CHE"/></coding></jurisdiction><copyright value="CC0-1.0"/><compose><include><system value="http://snomed.info/sct"/><concept><code value="42284007"/><display value="Administration of vaccine product containing only live attenuated Mycobacterium bovis antigen (procedure)"/><designation><language value="de-CH"/><value value="BCG-Impfung"/></designation><designation><language value="fr-CH"/><value value="vaccination par le BCG"/></designation><designation><language value="it-CH"/><value value="vaccinazione contro la tubercolosi"/></designation><designation><language value="rm-CH"/><value value="vaccinaziun cunter tuberculosa"/></designation><designation><language value="en-US"/><value value="BCG vaccination"/></designation></concept><concept><code value="76668005"/><display value="Administration of vaccine product containing only Corynebacterium diphtheriae antigen (procedure)"/><designation><language value="de-CH"/><value value="Diphterie-Impfung"/></designation><designation><language value="fr-CH"/><value value="vaccination contre la diphtérie"/></designation><designation><language value="it-CH"/><value value="vaccinazione contro la difterite"/></designation><designation><language value="rm-CH"/><value value="vaccinaziun cunter difteria"/></designation><designation><language value="en-US"/><value value="Diphtheria vaccination"/></designation></concept><concept><code value="127787002"/><display value="Administration of vaccine product containing only Haemophilus influenzae type B antigen (procedure)"/><designation><language value="de-CH"/><value value="Impfung gegen Haemophilus influenzae Typ B"/></designation><designation><language value="fr-CH"/><value value="vaccination contre l'Haemophilus influenzae de type B"/></designation><designation><language value="it-CH"/><value value="vaccinazione contro l'Haemophilus influenzae di tipo b"/></designation><designation><language value="rm-CH"/><value value="vaccinaziun cunter hemofilus influenza tip B"/></designation><designation><language value="en-US"/><value value="Haemophilus influenzae type b vaccination"/></designation></concept><concept><code value="243789007"/><display value="Administration of vaccine product containing only Hepatitis A virus antigen (procedure)"/><designation><language value="de-CH"/><value value="Hepatitis-A-Impfung"/></designation><designation><language value="fr-CH"/><value value="vaccination contre l'hépatite A"/></designation><designation><language value="it-CH"/><value value="vaccinazione contro l'epatite A"/></designation><designation><language value="rm-CH"/><value value="vaccinaziun cunter hepatitis A"/></designation><designation><language value="en-US"/><value value="Hepatitis A vaccination"/></designation></concept><concept><code value="16584000"/><display value="Administration of vaccine product containing only Hepatitis B virus antigen (procedure)"/><designation><language value="de-CH"/><value value="Hepatitis-B-Impfung"/></designation><designation><language value="fr-CH"/><value value="vaccination contre l'hépatite B"/></designation><designation><language value="it-CH"/><value value="vaccinazione contro l'epatite B"/></designation><designation><language value="rm-CH"/><value value="vaccinaziun cunter hepatitis B"/></designation><designation><language value="en-US"/><value value="Hepatitis B vaccination"/></designation></concept><concept><code value="86198006"/><display value="Administration of vaccine product containing only Influenza virus antigen (procedure)"/><designation><language value="de-CH"/><value value="Grippeimpfung"/></designation><designation><language value="fr-CH"/><value value="vaccination contre l'influenza"/></designation><designation><language value="it-CH"/><value value="vaccinazione contro l'influenza"/></designation><designation><language value="rm-CH"/><value value="vaccinaziun cunter la grippa"/></designation><designation><language value="en-US"/><value value="Influenza vaccination"/></designation></concept><concept><code value="314759000"/><display value="Administration of vaccine product containing only Japanese encephalitis virus antigen (procedure)"/><designation><language value="de-CH"/><value value="Impfung gegen Japanische Enzephalitis"/></designation><designation><language value="fr-CH"/><value value="vaccination contre l'encéphalite japonaise"/></designation><designation><language value="it-CH"/><value value="Jvaccinazione contro l'encefalite giapponese"/></designation><designation><language value="rm-CH"/><value value="vaccinaziun cunter l'encefalitis giapunaisa"/></designation><designation><language value="en-US"/><value value="Japanese encephalitis vaccination"/></designation></concept><concept><code value="47435007"/><display value="Administration of vaccine product containing only Measles morbillivirus antigen (procedure)"/><designation><language value="de-CH"/><value value="Masernimpfung"/></designation><designation><language value="fr-CH"/><value value="vaccination antirougeoleuse"/></designation><designation><language value="it-CH"/><value value="vaccinazione contro il morbillo"/></designation><designation><language value="rm-CH"/><value value="vaccinaziun cunter il virustgel"/></designation><designation><language value="en-US"/><value value="Measles vaccination"/></designation></concept><concept><code value="719596001"/><display value="Administration of vaccine product containing only Neisseria meningitidis serogroup C antigen (procedure)"/><designation><language value="de-CH"/><value value="Meningitis-C-Impfung"/></designation><designation><language value="fr-CH"/><value value="vaccination contre la méningite C"/></designation><designation><language value="it-CH"/><value value="vaccinazione contro la meningite C"/></designation><designation><language value="rm-CH"/><value value="vaccinaziun cunter meninghitis C"/></designation><designation><language value="en-US"/><value value="Meningitis C vaccination"/></designation></concept><concept><code value="314417000"/><display value="Administration of vaccine product containing only Neisseria meningitidis serogroup A and C antigens (procedure)"/><designation><language value="de-CH"/><value value="Meningitis-A-und-C-Impfung"/></designation><designation><language value="fr-CH"/><value value="vaccination contre les méningites A et C"/></designation><designation><language value="it-CH"/><value value="vaccinazione contro la meningite A e C"/></designation><designation><language value="rm-CH"/><value value="vaccinaziun cunter meninghitis A e C"/></designation><designation><language value="en-US"/><value value="Meningitis A and C vaccination"/></designation></concept><concept><code value="871874000"/><display value="Administration of vaccine product containing only Neisseria meningitidis serogroup A, C, W135 and Y antigens (procedure)"/><designation><language value="de-CH"/><value value="Meningitis-A, C-, W135- und Y-Impfung"/></designation><designation><language value="fr-CH"/><value value="vaccination contre les méningites A, C, W135 et Y"/></designation><designation><language value="it-CH"/><value value="vaccinazione contro la meningite A, C, W135 e Y"/></designation><designation><language value="rm-CH"/><value value="vaccinaziun cunter meninghitis A, C, W135 ed Y"/></designation><designation><language value="en-US"/><value value="Meningitis A, C, W135 and Y vaccination"/></designation></concept><concept><code value="50583002"/><display value="Administration of vaccine product containing only Mumps orthorubulavirus antigen (procedure)"/><designation><language value="de-CH"/><value value="Mumpsimpfung"/></designation><designation><language value="fr-CH"/><value value="vaccination contre les oreillons"/></designation><designation><language value="it-CH"/><value value="vaccinazione contro la parotite"/></designation><designation><language value="rm-CH"/><value value="vaccinaziun cunter il glandun"/></designation><designation><language value="en-US"/><value value="Mumps vaccination"/></designation></concept><concept><code value="761841000"/><display value="Administration of vaccine product containing only Human papillomavirus antigen (procedure)"/><designation><language value="de-CH"/><value value="Impfung gegen humane Papillomaviren"/></designation><designation><language value="fr-CH"/><value value="vaccination contre le papillomavirus humain"/></designation><designation><language value="it-CH"/><value value="vaccinazione contro il virus del papilloma umano"/></designation><designation><language value="rm-CH"/><value value="vaccinaziun cunter ils papillomavirus umans"/></designation><designation><language value="en-US"/><value value="Human papillomavirus vaccination"/></designation></concept><concept><code value="39343008"/><display value="Administration of vaccine product containing only Bordetella pertussis antigen (procedure)"/><designation><language value="de-CH"/><value value="Pertussis-Impfung"/></designation><designation><language value="fr-CH"/><value value="vaccination contre la coqueluche"/></designation><designation><language value="it-CH"/><value value="vaccinazione contro la pertosse"/></designation><designation><language value="rm-CH"/><value value="vaccinaziun cunter la tuss chanina"/></designation><designation><language value="en-US"/><value value="Pertussis vaccination"/></designation></concept><concept><code value="1119368005"/><display value="Administration of vaccine product containing only Streptococcus pneumoniae Danish serotype 4, 6B, 9V, 14, 18C, 19F, and 23F capsular polysaccharide antigens conjugated (procedure)"/><designation><language value="de-CH"/><value value="7-valente Pneumokokken-Konjugatimpfung"/></designation><designation><language value="fr-CH"/><value value="vaccination antipneumococcique conjugué 7-valent"/></designation><designation><language value="it-CH"/><value value="vaccinazione con vaccino coniugato eptavalente contro gli pneumococchi"/></designation><designation><language value="rm-CH"/><value value="vaccinaziun cunter pneumococcus cun vaccin fusiunà valenza 7"/></designation><designation><language value="en-US"/><value value="Pneumococcal 7-valent conjugate vaccination"/></designation></concept><concept><code value="1119366009"/><display value="Administration of vaccine product containing only Streptococcus pneumoniae Danish serotype 1, 3, 4, 5, 6A, 6B, 7F, 9V, 14, 18C, 19A, 19F, and 23F capsular polysaccharide antigens (procedure)"/><designation><language value="de-CH"/><value value="13-valente Pneumokokken-Konjugatimpfung"/></designation><designation><language value="fr-CH"/><value value="vaccination antipneumococcique conjugué 13-valent"/></designation><designation><language value="it-CH"/><value value="vaccinazione con vaccino coniugato 13-valente contro gli pneumococchi"/></designation><designation><language value="rm-CH"/><value value="vaccinaziun cunter pneumococcus cun vaccin fusiunà valenza 13"/></designation><designation><language value="en-US"/><value value="Pneumococcal 13-valent conjugate vaccination"/></designation></concept><concept><code value="1119367000"/><display value="Administration of vaccine product containing only Streptococcus pneumoniae Danish serotype 1, 2, 3, 4, 5, 6B, 7F, 8, 9N, 9V, 10A, 11A, 12F, 14, 15B, 17F, 18C, 19A, 19F, 20, 22F, 23F, and 33F capsular polysaccharide antigens (procedure)"/><designation><language value="de-CH"/><value value="23-valente Pneumokokken-Konjugatimpfung"/></designation><designation><language value="fr-CH"/><value value="vaccination antipneumococcique conjugué 23- valent"/></designation><designation><language value="it-CH"/><value value="vaccinazione con vaccino coniugato 23-valente contro gli pneumococchi"/></designation><designation><language value="rm-CH"/><value value="vaccinaziun cunter pneumococcus cun vaccin fusiunà valenza 23"/></designation><designation><language value="en-US"/><value value="Pneumococcal 23-valent conjugate vaccination"/></designation></concept><concept><code value="72093006"/><display value="Administration of vaccine product containing only Human poliovirus antigen (procedure)"/><designation><language value="de-CH"/><value value="Polio-Impfung"/></designation><designation><language value="fr-CH"/><value value="vaccination contre la poliomyélite"/></designation><designation><language value="it-CH"/><value value="vaccinazione contro la poliomielite"/></designation><designation><language value="rm-CH"/><value value="vaccinaziun cunter poliomielitica"/></designation><designation><language value="en-US"/><value value="Poliomyelitis vaccination"/></designation></concept><concept><code value="34631000"/><display value="Administration of vaccine product containing only Rabies lyssavirus antigen (procedure)"/><designation><language value="de-CH"/><value value="Tollwut-Impfung"/></designation><designation><language value="fr-CH"/><value value="vaccination contre la rage"/></designation><designation><language value="it-CH"/><value value="vaccinazione contro la rabbia"/></designation><designation><language value="rm-CH"/><value value="vaccinaziun cunter la frenesia"/></designation><designation><language value="en-US"/><value value="Rabies vaccination"/></designation></concept><concept><code value="82314000"/><display value="Administration of vaccine product containing only Rubella virus antigen (procedure)"/><designation><language value="de-CH"/><value value="Röteln-Impfung"/></designation><designation><language value="fr-CH"/><value value="vaccination contre la rubéole"/></designation><designation><language value="it-CH"/><value value="vaccinazione contro la rosolia"/></designation><designation><language value="rm-CH"/><value value="vaccinaziun cunter la rubella"/></designation><designation><language value="en-US"/><value value="Rubella vaccination"/></designation></concept><concept><code value="127786006"/><display value="Administration of vaccine product containing only Clostridium tetani antigen (procedure)"/><designation><language value="de-CH"/><value value="Tetanus-Impfung"/></designation><designation><language value="fr-CH"/><value value="vaccination contre le tétanos"/></designation><designation><language value="it-CH"/><value value="vaccinazione contro il tetano"/></designation><designation><language value="rm-CH"/><value value="vaccinaziun cunter tetanus"/></designation><designation><language value="en-US"/><value value="Tetanus vaccination"/></designation></concept><concept><code value="281658005"/><display value="Administration of vaccine product containing only Tick-borne encephalitis virus antigen (procedure)"/><designation><language value="de-CH"/><value value="FSME-Impfung"/></designation><designation><language value="fr-CH"/><value value="vaccination contre l'encéphalite à tiques"/></designation><designation><language value="it-CH"/><value value="vaccinazione contro la meningoencefalite da zecche"/></designation><designation><language value="rm-CH"/><value value="vaccinaziun cunter la meningoencefalitis da zeccas"/></designation><designation><language value="en-US"/><value value="Tick-borne encephalitis vaccination"/></designation></concept><concept><code value="15483003"/><display value="Administration of vaccine product containing only Salmonella enterica subspecies enterica serovar Typhi antigen (procedure)"/><designation><language value="de-CH"/><value value="Typhus-Impfung"/></designation><designation><language value="fr-CH"/><value value="vaccination antityphoïdique"/></designation><designation><language value="it-CH"/><value value="vaccinazione contro la febbre tifoidea"/></designation><designation><language value="rm-CH"/><value value="vaccinaziun cunter tifus"/></designation><designation><language value="en-US"/><value value="Typhoid vaccination"/></designation></concept><concept><code value="737081007"/><display value="Administration of vaccine product containing only Human alphaherpesvirus 3 antigen for chickenpox (procedure)"/><designation><language value="de-CH"/><value value="Varizellen-Zoster-Impfung gegen Windpocken"/></designation><designation><language value="fr-CH"/><value value="vaccination varicelle-zona contre la varicelle"/></designation><designation><language value="it-CH"/><value value="vaccinazione contro il virus varicella-zoster: solo varicella"/></designation><designation><language value="rm-CH"/><value value="vaccinaziun cunter la virola selvadia"/></designation><designation><language value="en-US"/><value value="Varicella-zoster vaccination for chickenpox"/></designation></concept><concept><code value="722215002"/><display value="Administration of vaccine product containing only Human alphaherpesvirus 3 antigen for shingles (procedure)"/><designation><language value="de-CH"/><value value="Varizellen-Zoster-Impfung gegen Gürtelrose"/></designation><designation><language value="fr-CH"/><value value="vaccination varicelle-zona contre le zona"/></designation><designation><language value="it-CH"/><value value="vaccinazione contro il virus varicella-zoster: solo herpes zoster"/></designation><designation><language value="rm-CH"/><value value="vaccinaziun cunter herpes zoster"/></designation><designation><language value="en-US"/><value value="Varicella-zoster vaccination for shingles"/></designation></concept><concept><code value="67308009"/><display value="Administration of vaccine product containing only Yellow fever virus antigen (procedure)"/><designation><language value="de-CH"/><value value="Gelbfieber-Impfung"/></designation><designation><language value="fr-CH"/><value value="vaccination contre la fièvre jaune"/></designation><designation><language value="it-CH"/><value value="vaccinazione contro la febbre gialla"/></designation><designation><language value="rm-CH"/><value value="vaccinaziun cunter la fevra melna"/></designation><designation><language value="en-US"/><value value="Yellow fever vaccination"/></designation></concept><concept><code value="1157107003"/><display value="Administration of vaccine product containing only recombinant non-replicating viral vector encoding Severe acute respiratory syndrome coronavirus 2 spike protein (procedure)"/><designation><language value="de-CH"/><value value="Nicht replizierende virale Vektorimpfung gegen COVID-19"/></designation><designation><language value="fr-CH"/><value value="administration d'un vaccin à vecteur viral recombinant non réplicatif contre le COVID-19"/></designation><designation><language value="it-CH"/><value value="vaccinazione con vaccino a vettore virale non replicante anti-COVID-19"/></designation><designation><language value="rm-CH"/><value value="vaccinaziun cunter COVID-19 cun vaccin vectorial viral betg replitgant"/></designation><designation><language value="en-US"/><value value="COVID-19 non-replicating viral vector vaccination"/></designation></concept><concept><code value="1119350007"/><display value="Administration of vaccine product containing only Severe acute respiratory syndrome coronavirus 2 messenger ribonucleic acid (procedure)"/><designation><language value="de-CH"/><value value="mRNA-Impfung gegen COVID-19"/></designation><designation><language value="fr-CH"/><value value="administration d'un vaccin à ARNm du SARS-CoV-2"/></designation><designation><language value="it-CH"/><value value="vaccinazione con vaccino a mRNA anti-COVID-19"/></designation><designation><language value="rm-CH"/><value value="vaccinaziun cunter COVID-19 cun vaccin mRNA"/></designation><designation><language value="en-US"/><value value="COVID-19 mRNA vaccination"/></designation></concept><concept><code value="1209198003"/><display value="Administration of vaccine product containing only Human papillomavirus 6, 11, 16, 18, 31, 33, 45, 52 and 58 antigen (procedure)"/><designation><language value="de-CH"/><value value="Impfung gegen die humanen Papillomaviren 6, 11, 16, 18, 31, 33, 45, 52 und 58"/></designation><designation><language value="fr-CH"/><value value="vaccination contre le papillomavirus humain 6, 11, 16, 18, 31, 33, 45, 52 and 58"/></designation><designation><language value="it-CH"/><value value="vaccinazione contro i papillomavirus umani 6, 11, 16, 18, 31, 33, 45, 52 e 58"/></designation><designation><language value="rm-CH"/><value value="vaccinaziun cunter ils papillomavirus umans 6, 11, 16, 18, 31, 33, 45, 52 e 58"/></designation><designation><language value="en-US"/><value value="Human papillomavirus 6, 11, 16, 18, 31, 33, 45, 52 and 58 vaccination"/></designation></concept><concept><code value="1162645008"/><display value="Administration of vaccine product containing only severe acute respiratory syndrome coronavirus 2 recombinant spike protein antigen (procedure)"/><designation><language value="de-CH"/><value value="Impfung gegen Covid-19 mit rekombinanten Spike-Protein-Antigenen"/></designation><designation><language value="fr-CH"/><value value="vaccination antigénique à protéine Spike recombinante contre le COVID-19"/></designation><designation><language value="it-CH"/><value value="vaccinazione con vaccino antigenico anti-COVID-19 con proteina spike ricombinante"/></designation><designation><language value="rm-CH"/><value value="vaccinaziun cunter COVID-19 cun antigens dal protein spike recumbinant"/></designation><designation><language value="en-US"/><value value="COVID-19 recombinant spike protein antigen vaccination"/></designation></concept></include></compose></ValueSet>